sheet,column,key,원본값,배포본값,차이유형,손상측,정본권고,근거
특성,pH작업_상세,(열스키마),(열없음),(열존재: 서윤),신규,없음,배포본(신규열 채택),배포본(서윤)에만 존재하는 신규 작업열. build_input_v5.py 는 이 열을 읽지 않음(grep: GHS조사/S11/pH작업 무참조)
독성코드,tox_signal_word,EyeIrritation6pack_PID1062,Warning,warning,변경,없음,배포본,"_run_tox 상위출처값=['warning'](chunk_0.json,pchunk_0.json,unique_products.json) | 파이프라인소비=아니오(build_input_v5.py 미참조 → X/y/group_key 무영향)"
독성코드,tox_signal_word,EyeIrritation6pack_PID404,Warning (경고),,소실,없음,원본(값 보유),파이프라인소비=아니오(build_input_v5.py 미참조 → X/y/group_key 무영향)
독성코드,tox_signal_word,EyeIrritation6pack_PID406,Danger (위험),,소실,없음,원본(값 보유),파이프라인소비=아니오(build_input_v5.py 미참조 → X/y/group_key 무영향)
독성코드,tox_signal_word,EyeIrritation6pack_PID408,Warning (경고),,소실,없음,원본(값 보유),파이프라인소비=아니오(build_input_v5.py 미참조 → X/y/group_key 무영향)
독성코드,tox_signal_word,EyeIrritation6pack_PID42,Danger (위험),,소실,없음,원본(값 보유),파이프라인소비=아니오(build_input_v5.py 미참조 → X/y/group_key 무영향)
독성코드,tox_signal_word,EyeIrritation6pack_PID639,Warning,,소실,없음,원본(값 보유),파이프라인소비=아니오(build_input_v5.py 미참조 → X/y/group_key 무영향)
독성코드,tox_signal_word,EyeIrritation6pack_PID643,Warning,,소실,없음,원본(값 보유),파이프라인소비=아니오(build_input_v5.py 미참조 → X/y/group_key 무영향)
독성코드,tox_signal_word,EyeIrritation6pack_PID75,Danger,,소실,없음,원본(값 보유),파이프라인소비=아니오(build_input_v5.py 미참조 → X/y/group_key 무영향)
독성코드,tox_signal_word,EyeIrritation6pack_PID756,Warning,,소실,없음,원본(값 보유),파이프라인소비=아니오(build_input_v5.py 미참조 → X/y/group_key 무영향)
독성코드,tox_signal_word,EyeIrritation6pack_PID760,Warning,,소실,없음,원본(값 보유),파이프라인소비=아니오(build_input_v5.py 미참조 → X/y/group_key 무영향)
독성코드,tox_signal_word,EyeIrritation6pack_PID765,Danger,,소실,없음,원본(값 보유),파이프라인소비=아니오(build_input_v5.py 미참조 → X/y/group_key 무영향)
독성코드,tox_signal_word,EyeIrritation6pack_PID865,Warning,warning,변경,없음,배포본,"_run_tox 상위출처값=['warning'](chunk_2.json,pchunk_6.json,unique_products.json) | 파이프라인소비=아니오(build_input_v5.py 미참조 → X/y/group_key 무영향)"
독성코드,tox_signal_word,MIX1028,Warning,warning,변경,없음,배포본,"_run_tox 상위출처값=['warning'](chunk_3.json,pchunk_8.json,unique_products.json) | 파이프라인소비=아니오(build_input_v5.py 미참조 → X/y/group_key 무영향)"
독성코드,tox_signal_word,MIX1029,Warning,,소실,없음,원본(값 보유),파이프라인소비=아니오(build_input_v5.py 미참조 → X/y/group_key 무영향)
독성코드,tox_signal_word,MIX1058,Warning,,소실,없음,원본(값 보유),파이프라인소비=아니오(build_input_v5.py 미참조 → X/y/group_key 무영향)
독성코드,tox_signal_word,MIX143,Warning,,소실,없음,원본(값 보유),파이프라인소비=아니오(build_input_v5.py 미참조 → X/y/group_key 무영향)
독성코드,tox_signal_word,MIX171,Warning,,소실,없음,원본(값 보유),파이프라인소비=아니오(build_input_v5.py 미참조 → X/y/group_key 무영향)
독성코드,tox_signal_word,MIX195,Warning,,소실,없음,원본(값 보유),파이프라인소비=아니오(build_input_v5.py 미참조 → X/y/group_key 무영향)
독성코드,tox_signal_word,MIX26,Danger,,소실,없음,원본(값 보유),파이프라인소비=아니오(build_input_v5.py 미참조 → X/y/group_key 무영향)
독성코드,tox_signal_word,MIX303,Danger,,소실,없음,원본(값 보유),파이프라인소비=아니오(build_input_v5.py 미참조 → X/y/group_key 무영향)
독성코드,tox_signal_word,MIX310,Warning,,소실,없음,원본(값 보유),파이프라인소비=아니오(build_input_v5.py 미참조 → X/y/group_key 무영향)
독성코드,tox_signal_word,MIX315,Warning,,소실,없음,원본(값 보유),파이프라인소비=아니오(build_input_v5.py 미참조 → X/y/group_key 무영향)
독성코드,tox_signal_word,MIX338,Danger,danger,변경,없음,배포본,"_run_tox 상위출처값=['danger'](chunk_1.json,pchunk_5.json,unique_products.json) | 파이프라인소비=아니오(build_input_v5.py 미참조 → X/y/group_key 무영향)"
독성코드,tox_signal_word,MIX38,Danger,,소실,없음,원본(값 보유),파이프라인소비=아니오(build_input_v5.py 미참조 → X/y/group_key 무영향)
독성코드,tox_signal_word,MIX388,Danger,,소실,없음,원본(값 보유),파이프라인소비=아니오(build_input_v5.py 미참조 → X/y/group_key 무영향)
독성코드,tox_signal_word,MIX440,Warning,warning,변경,없음,배포본,"_run_tox 상위출처값=['warning'](chunk_2.json,pchunk_6.json,unique_products.json) | 파이프라인소비=아니오(build_input_v5.py 미참조 → X/y/group_key 무영향)"
독성코드,tox_signal_word,MIX472,Warning,,소실,없음,원본(값 보유),파이프라인소비=아니오(build_input_v5.py 미참조 → X/y/group_key 무영향)
독성코드,tox_signal_word,MIX48,Warning,,소실,없음,원본(값 보유),파이프라인소비=아니오(build_input_v5.py 미참조 → X/y/group_key 무영향)
독성코드,tox_signal_word,MIX511,Warning,,소실,없음,원본(값 보유),파이프라인소비=아니오(build_input_v5.py 미참조 → X/y/group_key 무영향)
독성코드,tox_signal_word,MIX629,Warning,warning,변경,없음,배포본,"_run_tox 상위출처값=['warning'](chunk_3.json,pchunk_9.json,unique_products.json) | 파이프라인소비=아니오(build_input_v5.py 미참조 → X/y/group_key 무영향)"
독성코드,tox_signal_word,MIX630,Warning,,소실,없음,원본(값 보유),파이프라인소비=아니오(build_input_v5.py 미참조 → X/y/group_key 무영향)
독성코드,tox_signal_word,MIX689,Warning,,소실,없음,원본(값 보유),파이프라인소비=아니오(build_input_v5.py 미참조 → X/y/group_key 무영향)
독성코드,tox_signal_word,MIX692,Danger,,소실,없음,확인 불가(양쪽 모두 상위출처와 불일치),"_run_tox 상위출처값=['danger'](chunk_1.json,pchunk_4.json,unique_products.json) | 파이프라인소비=아니오(build_input_v5.py 미참조 → X/y/group_key 무영향)"
독성코드,tox_signal_word,MIX759,Warning,warning,변경,없음,확인 불가,파이프라인소비=아니오(build_input_v5.py 미참조 → X/y/group_key 무영향)
독성코드,tox_signal_word,MIX77,Warning,,소실,없음,원본(값 보유),파이프라인소비=아니오(build_input_v5.py 미참조 → X/y/group_key 무영향)
독성코드,tox_signal_word,MIX784,Warning,,소실,없음,원본(값 보유),파이프라인소비=아니오(build_input_v5.py 미참조 → X/y/group_key 무영향)
독성코드,tox_signal_word,MIX811,Warning,,소실,없음,원본(값 보유),파이프라인소비=아니오(build_input_v5.py 미참조 → X/y/group_key 무영향)
독성코드,tox_signal_word,MIX836,Danger,,소실,없음,원본(값 보유),파이프라인소비=아니오(build_input_v5.py 미참조 → X/y/group_key 무영향)
독성코드,tox_signal_word,MIX838,Warning,,소실,없음,원본(값 보유),파이프라인소비=아니오(build_input_v5.py 미참조 → X/y/group_key 무영향)
독성코드,tox_signal_word,MIX839,Danger,,소실,없음,원본(값 보유),파이프라인소비=아니오(build_input_v5.py 미참조 → X/y/group_key 무영향)
독성코드,tox_signal_word,MIX85,Warning,,소실,없음,원본(값 보유),파이프라인소비=아니오(build_input_v5.py 미참조 → X/y/group_key 무영향)
독성코드,tox_signal_word,MIX986,Danger,danger,변경,없음,배포본,"_run_tox 상위출처값=['danger'](chunk_4.json,pchunk_13.json,unique_products.json) | 파이프라인소비=아니오(build_input_v5.py 미참조 → X/y/group_key 무영향)"
독성코드,tox_h_statements,EyeIrritation6pack_PID1062,H317 ;; H400 ;; H410,H302 ;; H315 ;; H319 ;; H335,변경,없음,배포본,"_run_tox 상위출처값=['H302 ;; H315 ;; H319 ;; H335'](chunk_0.json,pchunk_0.json,unique_products.json) | 파이프라인소비=아니오(build_input_v5.py 미참조 → X/y/group_key 무영향)"
독성코드,tox_h_statements,EyeIrritation6pack_PID404,"H ;; 4 ;; 0 ;; 0 ;; , ;;   ;; H ;; 4 ;; 1 ;; 0 ;;   ;; ( ;; 일 ;; 부 ;;   ;; 통 ;; 보 ;;   ;; H ;; 4 ;; 1 ;; 1 ;;   ;; 병 ;; 기 ;; )",,손상패턴,원본,원본(문자분리 복원 후) — 배포본은 결측,파이프라인소비=아니오(build_input_v5.py 미참조 → X/y/group_key 무영향)
독성코드,tox_h_statements,EyeIrritation6pack_PID406,"H ;; 3 ;; 0 ;; 1 ;; , ;;   ;; H ;; 3 ;; 1 ;; 0 ;; , ;;   ;; H ;; 3 ;; 1 ;; 7 ;; , ;;   ;; H ;; 3 ;; 3 ;; 0 ;; , ;;   ;; H ;; 4 ;; 0 ;; 0 ;; , ;;   ;; H ;; 4 ;; 1 ;; 0",,손상패턴,원본,원본(문자분리 복원 후) — 배포본은 결측,파이프라인소비=아니오(build_input_v5.py 미참조 → X/y/group_key 무영향)
독성코드,tox_h_statements,EyeIrritation6pack_PID408,"H ;; 4 ;; 0 ;; 0 ;; , ;;   ;; H ;; 4 ;; 1 ;; 0",,손상패턴,원본,원본(문자분리 복원 후) — 배포본은 결측,파이프라인소비=아니오(build_input_v5.py 미참조 → X/y/group_key 무영향)
독성코드,tox_h_statements,EyeIrritation6pack_PID42,"H ;; 3 ;; 1 ;; 7 ;; , ;;   ;; H ;; 3 ;; 7 ;; 0 ;; , ;;   ;; H ;; 3 ;; 7 ;; 3 ;; , ;;   ;; H ;; 4 ;; 0 ;; 0 ;; , ;;   ;; H ;; 4 ;; 1 ;; 0",,손상패턴,원본,원본(문자분리 복원 후) — 배포본은 결측,파이프라인소비=아니오(build_input_v5.py 미참조 → X/y/group_key 무영향)
독성코드,tox_h_statements,EyeIrritation6pack_PID639,"H ;; 4 ;; 0 ;; 0 ;; , ;;   ;; H ;; 4 ;; 1 ;; 0",,손상패턴,원본,원본(문자분리 복원 후) — 배포본은 결측,파이프라인소비=아니오(build_input_v5.py 미참조 → X/y/group_key 무영향)
독성코드,tox_h_statements,EyeIrritation6pack_PID643,"H ;; 3 ;; 6 ;; 1 ;; f ;; d ;; , ;;   ;; H ;; 3 ;; 6 ;; 2 ;; , ;;   ;; H ;; 3 ;; 7 ;; 3",,손상패턴,원본,원본(문자분리 복원 후) — 배포본은 결측,파이프라인소비=아니오(build_input_v5.py 미참조 → X/y/group_key 무영향)
독성코드,tox_h_statements,EyeIrritation6pack_PID75,"H ;; 3 ;; 0 ;; 2 ;; ( ;; 1 ;; 0 ;; 0 ;; % ;; ) ;; , ;;   ;; H ;; 3 ;; 3 ;; 1 ;; ( ;; 1 ;; 7 ;; . ;; 4 ;; % ;; ) ;; , ;;   ;; H ;; 4 ;; 0 ;; 0 ;; ( ;; 1 ;; 0 ;; 0 ;; % ;; ) ;; , ;;   ;; H ;; 4 ;; 1 ;; 0 ;; ( ;; 1 ;; 0 ;; 0 ;; % ;; )",,손상패턴,원본,원본(문자분리 복원 후) — 배포본은 결측,파이프라인소비=아니오(build_input_v5.py 미참조 → X/y/group_key 무영향)
독성코드,tox_h_statements,EyeIrritation6pack_PID756,"H ;; 3 ;; 1 ;; 9 ;; ( ;; 9 ;; 8 ;; . ;; 9 ;; % ;; ) ;; , ;;   ;; H ;; 3 ;; 3 ;; 2 ;; ( ;; 1 ;; 0 ;; 0 ;; % ;; ) ;; , ;;   ;; H ;; 4 ;; 0 ;; 0 ;; ( ;; 1 ;; 0 ;; 0 ;; % ;; ) ;; , ;;   ;; H ;; 4 ;; 1 ;; 0 ;; ( ;; 5 ;; 7 ;; . ;; 3 ;; % ;; )",,손상패턴,원본,원본(문자분리 복원 후) — 배포본은 결측,파이프라인소비=아니오(build_input_v5.py 미참조 → X/y/group_key 무영향)
독성코드,tox_h_statements,EyeIrritation6pack_PID760,"H ;; 3 ;; 0 ;; 2 ;; ( ;; 7 ;; 4 ;; . ;; 8 ;; % ;; ) ;; , ;;   ;; H ;; 3 ;; 1 ;; 5 ;; ( ;; 2 ;; 0 ;; . ;; 8 ;; % ;; ) ;; , ;;   ;; H ;; 3 ;; 1 ;; 7 ;; ( ;; 8 ;; 3 ;; . ;; 2 ;; % ;; ) ;; , ;;   ;; H ;; 3 ;; 1 ;; 9 ;; ( ;; 1 ;; 0 ;; 0 ;; % ;; ) ;; , ;;   ;; H ;; 3 ;; 3 ;; 2 ;; ( ;; 1 ;; 0 ;; 0 ;; % ;; ) ;; , ;;   ;; H ;; 3 ;; 3 ;; 5 ;; ( ;; 1 ;; 0 ;; 0 ;; % ;; ) ;; , ;;   ;; H ;; 3 ;; 6 ;; 1 ;; ( ;; 1 ;; 6 ;; . ;; 4 ;; % ;; ) ;; , ;;   ;; H ;; 3 ;; 6 ;; 1 ;; d ;; ( ;; 5 ;; 8 ;; . ;; 4 ;; % ;; ) ;; , ;;   ;; H ;; 4 ;; 0 ;; 0 ;; ( ;; 7 ;; 4 ;; . ;; 8 ;; % ;; ) ;; , ;;   ;; H ;; 4 ;; 1 ;; 0 ;; ( ;; 2 ;; 8 ;; . ;; 8 ;; % ;; ) ;; , ;;   ;; H ;; 4 ;; 1 ;; 2 ;; ( ;; 8 ;; 1 ;; . ;; 9 ;; % ;; )",,손상패턴,원본,원본(문자분리 복원 후) — 배포본은 결측,파이프라인소비=아니오(build_input_v5.py 미참조 → X/y/group_key 무영향)
독성코드,tox_h_statements,EyeIrritation6pack_PID765,H303 ;; H315 ;; H319 ;; H332 ;; H351 ;; H371 ;; H373,,소실,없음,원본(값 보유),파이프라인소비=아니오(build_input_v5.py 미참조 → X/y/group_key 무영향)
독성코드,tox_h_statements,EyeIrritation6pack_PID865,H351 ;; H400 ;; H410 ;; H411,,소실,없음,원본(값 보유),파이프라인소비=아니오(build_input_v5.py 미참조 → X/y/group_key 무영향)
독성코드,tox_h_statements,MIX1029,H315,,소실,없음,원본(값 보유),파이프라인소비=아니오(build_input_v5.py 미참조 → X/y/group_key 무영향)
독성코드,tox_h_statements,MIX1058,H ;; 3 ;; 1 ;; 7 ;; ; ;;   ;; H ;; 3 ;; 1 ;; 9,,손상패턴,원본,원본(문자분리 복원 후) — 배포본은 결측,파이프라인소비=아니오(build_input_v5.py 미참조 → X/y/group_key 무영향)
독성코드,tox_h_statements,MIX143,H373 ;; H335,,소실,없음,원본(값 보유),파이프라인소비=아니오(build_input_v5.py 미참조 → X/y/group_key 무영향)
독성코드,tox_h_statements,MIX171,H320,,소실,없음,원본(값 보유),파이프라인소비=아니오(build_input_v5.py 미참조 → X/y/group_key 무영향)
독성코드,tox_h_statements,MIX195,H400 ;; H410,,소실,없음,원본(값 보유),파이프라인소비=아니오(build_input_v5.py 미참조 → X/y/group_key 무영향)
독성코드,tox_h_statements,MIX26,"H ;; 3 ;; 1 ;; 7 ;; , ;;   ;; H ;; 3 ;; 7 ;; 0 ;; , ;;   ;; H ;; 3 ;; 7 ;; 3 ;; , ;;   ;; H ;; 4 ;; 0 ;; 0 ;; , ;;   ;; H ;; 4 ;; 1 ;; 0",,손상패턴,원본,원본(문자분리 복원 후) — 배포본은 결측,파이프라인소비=아니오(build_input_v5.py 미참조 → X/y/group_key 무영향)
독성코드,tox_h_statements,MIX303,"H ;; 3 ;; 0 ;; 2 ;; , ;;   ;; H ;; 3 ;; 1 ;; 8 ;; , ;;   ;; H ;; 4 ;; 0 ;; 0 ;; , ;;   ;; H ;; 4 ;; 1 ;; 0",,손상패턴,원본,원본(문자분리 복원 후) — 배포본은 결측,파이프라인소비=아니오(build_input_v5.py 미참조 → X/y/group_key 무영향)
독성코드,tox_h_statements,MIX310,"H ;; 4 ;; 0 ;; 0 ;; , ;;   ;; H ;; 4 ;; 1 ;; 0",,손상패턴,원본,원본(문자분리 복원 후) — 배포본은 결측,파이프라인소비=아니오(build_input_v5.py 미참조 → X/y/group_key 무영향)
독성코드,tox_h_statements,MIX315,"H ;; 4 ;; 0 ;; 0 ;; , ;;   ;; H ;; 4 ;; 1 ;; 0",,손상패턴,원본,원본(문자분리 복원 후) — 배포본은 결측,파이프라인소비=아니오(build_input_v5.py 미참조 → X/y/group_key 무영향)
독성코드,tox_h_statements,MIX38,H302 ;; H331 ;; H400 ;; H410,,소실,없음,원본(값 보유),파이프라인소비=아니오(build_input_v5.py 미참조 → X/y/group_key 무영향)
독성코드,tox_h_statements,MIX388,H303 ;; H314 ;; H317 ;; H401,,소실,없음,원본(값 보유),파이프라인소비=아니오(build_input_v5.py 미참조 → X/y/group_key 무영향)
독성코드,tox_h_statements,MIX440,H351 ;; H400 ;; H410 ;; H411,,소실,없음,원본(값 보유),파이프라인소비=아니오(build_input_v5.py 미참조 → X/y/group_key 무영향)
독성코드,tox_h_statements,MIX472,H302 ;; H333 ;; H315 ;; H320 ;; H361 ;; H411,,소실,없음,원본(값 보유),파이프라인소비=아니오(build_input_v5.py 미참조 → X/y/group_key 무영향)
독성코드,tox_h_statements,MIX48,H ;; 3 ;; 6 ;; 1 ;; f ;; d ;; : ;;   ;; S ;; u ;; s ;; p ;; e ;; c ;; t ;; e ;; d ;;   ;; o ;; f ;;   ;; d ;; a ;; m ;; a ;; g ;; i ;; n ;; g ;;   ;; f ;; e ;; r ;; t ;; i ;; l ;; i ;; t ;; y ;; ; ;;   ;; S ;; u ;; s ;; p ;; e ;; c ;; t ;; e ;; d ;;   ;; o ;; f ;;   ;; d ;; a ;; m ;; a ;; g ;; i ;; n ;; g ;;   ;; t ;; h ;; e ;;   ;; u ;; n ;; b ;; o ;; r ;; n ;;   ;; c ;; h ;; i ;; l ;; d ;;   ;; / ;;   ;; H ;; 3 ;; 6 ;; 2 ;; : ;;   ;; M ;; a ;; y ;;   ;; c ;; a ;; u ;; s ;; e ;;   ;; h ;; a ;; r ;; m ;;   ;; t ;; o ;;   ;; b ;; r ;; e ;; a ;; s ;; t ;; - ;; f ;; e ;; d ;;   ;; c ;; h ;; i ;; l ;; d ;; r ;; e ;; n ;;   ;; / ;;   ;; H ;; 3 ;; 7 ;; 3 ;; : ;;   ;; M ;; a ;; y ;;   ;; c ;; a ;; u ;; s ;; e ;; s ;;   ;; d ;; a ;; m ;; a ;; g ;; e ;;   ;; t ;; o ;;   ;; o ;; r ;; g ;; a ;; n ;; s ;;   ;; t ;; h ;; r ;; o ;; u ;; g ;; h ;;   ;; p ;; r ;; o ;; l ;; o ;; n ;; g ;; e ;; d ;;   ;; o ;; r ;;   ;; r ;; e ;; p ;; e ;; a ;; t ;; e ;; d ;;   ;; e ;; x ;; p ;; o ;; s ;; u ;; r ;; e ;;   ;; / ;;   ;; H ;; 4 ;; 0 ;; 0 ;; : ;;   ;; V ;; e ;; r ;; y ;;   ;; t ;; o ;; x ;; i ;; c ;;   ;; t ;; o ;;   ;; a ;; q ;; u ;; a ;; t ;; i ;; c ;;   ;; l ;; i ;; f ;; e ;;   ;; ( ;; 8 ;; 2 ;; . ;; 6 ;; % ;; ) ;;   ;; / ;;   ;; H ;; 4 ;; 1 ;; 0 ;; : ;;   ;; V ;; e ;; r ;; y ;;   ;; t ;; o ;; x ;; i ;; c ;;   ;; t ;; o ;;   ;; a ;; q ;; u ;; a ;; t ;; i ;; c ;;   ;; l ;; i ;; f ;; e ;;   ;; w ;; i ;; t ;; h ;;   ;; l ;; o ;; n ;; g ;;   ;; l ;; a ;; s ;; t ;; i ;; n ;; g ;;   ;; e ;; f ;; f ;; e ;; c ;; t ;; s ;;   ;; ( ;; 6 ;; 0 ;; . ;; 5 ;; % ;; ),,손상패턴,원본,원본(문자분리 복원 후) — 배포본은 결측,파이프라인소비=아니오(build_input_v5.py 미참조 → X/y/group_key 무영향)
독성코드,tox_h_statements,MIX511,H332 ;; H317 ;; H335 ;; H351 ;; H400 ;; H410,,소실,없음,원본(값 보유),파이프라인소비=아니오(build_input_v5.py 미참조 → X/y/group_key 무영향)
독성코드,tox_h_statements,MIX629,H302 ;; H317 ;; H319 ;; H332 ;; H351,,소실,없음,원본(값 보유),파이프라인소비=아니오(build_input_v5.py 미참조 → X/y/group_key 무영향)
독성코드,tox_h_statements,MIX630,H302 ;; H317 ;; H319 ;; H332 ;; H351,,소실,없음,원본(값 보유),파이프라인소비=아니오(build_input_v5.py 미참조 → X/y/group_key 무영향)
독성코드,tox_h_statements,MIX689,"H ;; 4 ;; 0 ;; 0 ;; , ;;   ;; H ;; 4 ;; 1 ;; 0",,손상패턴,원본,원본(문자분리 복원 후) — 배포본은 결측,파이프라인소비=아니오(build_input_v5.py 미참조 → X/y/group_key 무영향)
독성코드,tox_h_statements,MIX692,"H ;; 3 ;; 1 ;; 8 ;; , ;;   ;; H ;; 4 ;; 1 ;; 1",,손상패턴,원본,원본(문자분리 복원 후) — 배포본은 결측,"_run_tox 상위출처값=['H318 ;; H411'](chunk_1.json,pchunk_4.json,unique_products.json) | 파이프라인소비=아니오(build_input_v5.py 미참조 → X/y/group_key 무영향)"
독성코드,tox_h_statements,MIX759,H302 ;; H317 ;; H319 ;; H332 ;; H351,,소실,없음,원본(값 보유),파이프라인소비=아니오(build_input_v5.py 미참조 → X/y/group_key 무영향)
독성코드,tox_h_statements,MIX77,H315 ;; H335 ;; H361 ;; H302+H332 ;; H373 ;; H400 ;; H410,,소실,없음,원본(값 보유),파이프라인소비=아니오(build_input_v5.py 미참조 → X/y/group_key 무영향)
독성코드,tox_h_statements,MIX784,"H ;; 3 ;; 1 ;; 5 ;; , ;;   ;; H ;; 3 ;; 1 ;; 9",,손상패턴,원본,원본(문자분리 복원 후) — 배포본은 결측,파이프라인소비=아니오(build_input_v5.py 미참조 → X/y/group_key 무영향)
독성코드,tox_h_statements,MIX811,H315 ;; H400 ;; H410,,소실,없음,원본(값 보유),파이프라인소비=아니오(build_input_v5.py 미참조 → X/y/group_key 무영향)
독성코드,tox_h_statements,MIX836,"H ;; 2 ;; 7 ;; 2 ;; , ;;   ;; H ;; 3 ;; 0 ;; 2 ;; , ;;   ;; H ;; 3 ;; 1 ;; 4 ;; , ;;   ;; H ;; 3 ;; 1 ;; 5 ;; , ;;   ;; H ;; 3 ;; 1 ;; 7 ;; , ;;   ;; H ;; 3 ;; 1 ;; 9 ;; , ;;   ;; H ;; 3 ;; 3 ;; 4 ;; , ;;   ;; H ;; 3 ;; 3 ;; 5 ;; , ;;   ;; H ;; 4 ;; 0 ;; 0",,손상패턴,원본,원본(문자분리 복원 후) — 배포본은 결측,파이프라인소비=아니오(build_input_v5.py 미참조 → X/y/group_key 무영향)
독성코드,tox_h_statements,MIX838,"H ;; 4 ;; 0 ;; 0 ;; , ;;   ;; H ;; 4 ;; 1 ;; 0",,손상패턴,원본,원본(문자분리 복원 후) — 배포본은 결측,파이프라인소비=아니오(build_input_v5.py 미참조 → X/y/group_key 무영향)
독성코드,tox_h_statements,MIX839,"H ;; 3 ;; 1 ;; 5 ;; , ;;   ;; H ;; 3 ;; 1 ;; 8",,손상패턴,원본,원본(문자분리 복원 후) — 배포본은 결측,파이프라인소비=아니오(build_input_v5.py 미참조 → X/y/group_key 무영향)
독성코드,tox_h_statements,MIX986,H226 ;; H304 ;; H315 ;; H317 ;; H411,H317 ;; H315 ;; H318,변경,없음,배포본,"_run_tox 상위출처값=['H317 ;; H315 ;; H318'](chunk_4.json,pchunk_13.json,unique_products.json) | 파이프라인소비=아니오(build_input_v5.py 미참조 → X/y/group_key 무영향)"
독성코드,cat_eye_ghs,EyeIrritation6pack_PID228,Not classified,2B,변경,없음,배포본,"_run_tox 상위출처값=['2B'](chunk_0.json,pchunk_1.json,rchunk_1.json) | input_dataset_v5 y_eye=2B(src=ntp_measured) | 파이프라인소비=아니오(build_input_v5.py 미참조 → X/y/group_key 무영향)"
독성코드,cat_eye_ghs,EyeIrritation6pack_PID75,Not classified (PubChem 집계자료 기준 눈 관련 H코드 없음),2B,변경,없음,배포본,"_run_tox 상위출처값=['2B'](chunk_2.json,pchunk_5.json,unique_products.json) | input_dataset_v5 y_eye=2B(src=ntp_measured) | 파이프라인소비=아니오(build_input_v5.py 미참조 → X/y/group_key 무영향)"
독성코드,cat_eye_ghs,EyeIrritation6pack_PID756,"2 (H319, Causes serious eye irritation, 98.9%)",2B,변경,없음,배포본,"_run_tox 상위출처값=['2B'](chunk_2.json,pchunk_5.json,unique_products.json) | input_dataset_v5 y_eye=2B(src=ntp_measured) | 파이프라인소비=아니오(build_input_v5.py 미참조 → X/y/group_key 무영향)"
독성코드,cat_eye_ghs,EyeIrritation6pack_PID760,"2 (H319, 100%)",1,변경,없음,배포본,"_run_tox 상위출처값=['1'](chunk_2.json,pchunk_5.json,unique_products.json) | input_dataset_v5 y_eye=1(src=ntp_measured) | 파이프라인소비=아니오(build_input_v5.py 미참조 → X/y/group_key 무영향)"
독성코드,cat_eye_ghs,EyeIrritation6pack_PID765,2A,2B,변경,없음,배포본,"_run_tox 상위출처값=['2B'](chunk_2.json,pchunk_5.json,rchunk_3.json) | input_dataset_v5 y_eye=2B(src=ntp_measured) | 파이프라인소비=아니오(build_input_v5.py 미참조 → X/y/group_key 무영향)"
독성코드,cat_eye_ghs,MIX1015,Not classified,,소실,없음,원본(값 보유),input_dataset_v5 y_eye=NC(src=phase1_sds) | 파이프라인소비=아니오(build_input_v5.py 미참조 → X/y/group_key 무영향)
독성코드,cat_eye_ghs,MIX1056,Not classified,,소실,없음,원본(값 보유),input_dataset_v5 y_eye=NC(src=phase1_sds) | 파이프라인소비=아니오(build_input_v5.py 미참조 → X/y/group_key 무영향)
독성코드,cat_eye_ghs,MIX1058,2A,,소실,없음,원본(값 보유),input_dataset_v5 y_eye=2A(src=sds_2nd) | 파이프라인소비=아니오(build_input_v5.py 미참조 → X/y/group_key 무영향)
독성코드,cat_eye_ghs,MIX167,Not classified,,소실,없음,원본,"_run_tox 상위출처값=['Not classified'](chunk_1.json,pchunk_2.json,rchunk_1.json) | input_dataset_v5 y_eye=NC(src=sds_2nd) | 파이프라인소비=아니오(build_input_v5.py 미참조 → X/y/group_key 무영향)"
독성코드,cat_eye_ghs,MIX168,Not classified,,소실,없음,원본,"_run_tox 상위출처값=['Not classified'](chunk_1.json,pchunk_2.json,rchunk_1.json) | input_dataset_v5 y_eye=NC(src=sds_2nd) | 파이프라인소비=아니오(build_input_v5.py 미참조 → X/y/group_key 무영향)"
독성코드,cat_eye_ghs,MIX171,2B,,소실,없음,원본,"_run_tox 상위출처값=['2B'](chunk_1.json,pchunk_2.json,rchunk_1.json) | input_dataset_v5 y_eye=2B(src=sds_2nd) | 파이프라인소비=아니오(build_input_v5.py 미참조 → X/y/group_key 무영향)"
독성코드,cat_eye_ghs,MIX26,Not classified,,소실,없음,원본,"_run_tox 상위출처값=['Not classified'](chunk_1.json,pchunk_3.json,unique_products.json) | input_dataset_v5 y_eye=None(src=None) | 파이프라인소비=아니오(build_input_v5.py 미참조 → X/y/group_key 무영향)"
독성코드,cat_eye_ghs,MIX303,1,,소실,없음,원본,"_run_tox 상위출처값=['1'](chunk_1.json,pchunk_4.json,unique_products.json) | input_dataset_v5 y_eye=1(src=sds_2nd) | 파이프라인소비=아니오(build_input_v5.py 미참조 → X/y/group_key 무영향)"
독성코드,cat_eye_ghs,MIX310,Not classified,,소실,없음,확인 불가(양쪽 모두 상위출처와 불일치),"_run_tox 상위출처값=['2B'](chunk_1.json,pchunk_4.json,unique_products.json) | input_dataset_v5 y_eye=None(src=None) | 파이프라인소비=아니오(build_input_v5.py 미참조 → X/y/group_key 무영향)"
독성코드,cat_eye_ghs,MIX315,Not classified,,소실,없음,원본,"_run_tox 상위출처값=['Not classified'](chunk_1.json,pchunk_5.json,unique_products.json) | input_dataset_v5 y_eye=None(src=None) | 파이프라인소비=아니오(build_input_v5.py 미참조 → X/y/group_key 무영향)"
독성코드,cat_eye_ghs,MIX38,Not classified,,소실,없음,확인 불가(양쪽 모두 상위출처와 불일치),"_run_tox 상위출처값=['2B'](chunk_2.json,pchunk_5.json,unique_products.json) | input_dataset_v5 y_eye=2A(src=sds_2nd) | 파이프라인소비=아니오(build_input_v5.py 미참조 → X/y/group_key 무영향)"
독성코드,cat_eye_ghs,MIX388,1,,소실,없음,원본(값 보유),input_dataset_v5 y_eye=1(src=sds_2nd_sec11) | 파이프라인소비=아니오(build_input_v5.py 미참조 → X/y/group_key 무영향)
독성코드,cat_eye_ghs,MIX472,2A,,소실,없음,확인 불가(양쪽 모두 상위출처와 불일치),"_run_tox 상위출처값=['2B'](chunk_2.json,pchunk_7.json,unique_products.json) | input_dataset_v5 y_eye=2B(src=sds_2nd) | 파이프라인소비=아니오(build_input_v5.py 미참조 → X/y/group_key 무영향)"
독성코드,cat_eye_ghs,MIX48,Not classified,,소실,없음,원본,"_run_tox 상위출처값=['Not classified'](chunk_1.json,pchunk_4.json,unique_products.json) | input_dataset_v5 y_eye=NC(src=sds_2nd_sec11) | 파이프라인소비=아니오(build_input_v5.py 미참조 → X/y/group_key 무영향)"
독성코드,cat_eye_ghs,MIX511,Not classified,,소실,없음,확인 불가(양쪽 모두 상위출처와 불일치),"_run_tox 상위출처값=['2B'](chunk_1.json,pchunk_2.json,rchunk_1.json) | input_dataset_v5 y_eye=NC(src=sds_2nd_sec11) | 파이프라인소비=아니오(build_input_v5.py 미참조 → X/y/group_key 무영향)"
독성코드,cat_eye_ghs,MIX629,2A,,소실,없음,원본(값 보유),input_dataset_v5 y_eye=NC(src=sds_v1) | 파이프라인소비=아니오(build_input_v5.py 미참조 → X/y/group_key 무영향)
독성코드,cat_eye_ghs,MIX630,2A,,소실,없음,원본(값 보유),input_dataset_v5 y_eye=NC(src=sds_v1) | 파이프라인소비=아니오(build_input_v5.py 미참조 → X/y/group_key 무영향)
독성코드,cat_eye_ghs,MIX692,1,,소실,없음,확인 불가(양쪽 모두 상위출처와 불일치),"_run_tox 상위출처값=['2B'](chunk_1.json,pchunk_4.json,unique_products.json) | input_dataset_v5 y_eye=1(src=sds_2nd) | 파이프라인소비=아니오(build_input_v5.py 미참조 → X/y/group_key 무영향)"
독성코드,cat_eye_ghs,MIX759,2A,,소실,없음,확인 불가(양쪽 모두 상위출처와 불일치),"_run_tox 상위출처값=['Not classified'](chunk_1.json,pchunk_3.json,rchunk_1.json) | input_dataset_v5 y_eye=NC(src=sds_v1) | 파이프라인소비=아니오(build_input_v5.py 미참조 → X/y/group_key 무영향)"
독성코드,cat_eye_ghs,MIX77,Not classified,,소실,없음,확인 불가(양쪽 모두 상위출처와 불일치),"_run_tox 상위출처값=['2B'](chunk_0.json,pchunk_1.json,rchunk_0.json) | input_dataset_v5 y_eye=None(src=None) | 파이프라인소비=아니오(build_input_v5.py 미참조 → X/y/group_key 무영향)"
독성코드,cat_eye_ghs,MIX784,2,,소실,없음,원본(값 보유),input_dataset_v5 y_eye=2A(src=sds_2nd) | 파이프라인소비=아니오(build_input_v5.py 미참조 → X/y/group_key 무영향)
독성코드,cat_eye_ghs,MIX836,1,,소실,없음,원본(값 보유),input_dataset_v5 y_eye=2A(src=sds_2nd) | 파이프라인소비=아니오(build_input_v5.py 미참조 → X/y/group_key 무영향)
독성코드,cat_eye_ghs,MIX839,1,,소실,없음,원본(값 보유),input_dataset_v5 y_eye=1(src=sds_2nd) | 파이프라인소비=아니오(build_input_v5.py 미참조 → X/y/group_key 무영향)
독성코드,cat_eye_ghs,MIX85,2B,,소실,없음,원본,"_run_tox 상위출처값=['2B'](chunk_0.json,pchunk_1.json,tox_batch1_1.json) | input_dataset_v5 y_eye=None(src=None) | 파이프라인소비=아니오(build_input_v5.py 미참조 → X/y/group_key 무영향)"
독성코드,cat_eye_ghs,MIX859,Not classified,,소실,없음,원본(값 보유),input_dataset_v5 y_eye=NC(src=phase1_sds) | 파이프라인소비=아니오(build_input_v5.py 미참조 → X/y/group_key 무영향)
독성코드,cat_eye_ghs,MIX976,Not classified,,소실,없음,원본(값 보유),input_dataset_v5 y_eye=NC(src=phase1_sds) | 파이프라인소비=아니오(build_input_v5.py 미참조 → X/y/group_key 무영향)
독성코드,cat_eye_ghs,MIX986,2A,1,변경,없음,배포본,"_run_tox 상위출처값=['1'](chunk_4.json,pchunk_13.json,unique_products.json) | input_dataset_v5 y_eye=1(src=sds_v1) | 파이프라인소비=아니오(build_input_v5.py 미참조 → X/y/group_key 무영향)"
독성코드,cat_skin_ghs,EyeIrritation6pack_PID228,Not classified,,소실,없음,원본(값 보유),input_dataset_v5 y_skin=None(src=None) | 파이프라인소비=아니오(build_input_v5.py 미참조 → X/y/group_key 무영향)
독성코드,cat_skin_ghs,EyeIrritation6pack_PID404,Not classified,,소실,없음,원본(값 보유),input_dataset_v5 y_skin=None(src=None) | 파이프라인소비=아니오(build_input_v5.py 미참조 → X/y/group_key 무영향)
독성코드,cat_skin_ghs,EyeIrritation6pack_PID406,Not classified,,소실,없음,원본(값 보유),input_dataset_v5 y_skin=None(src=None) | 파이프라인소비=아니오(build_input_v5.py 미참조 → X/y/group_key 무영향)
독성코드,cat_skin_ghs,EyeIrritation6pack_PID408,Not classified,,소실,없음,원본(값 보유),input_dataset_v5 y_skin=None(src=None) | 파이프라인소비=아니오(build_input_v5.py 미참조 → X/y/group_key 무영향)
독성코드,cat_skin_ghs,EyeIrritation6pack_PID42,Not classified,,소실,없음,원본(값 보유),input_dataset_v5 y_skin=None(src=None) | 파이프라인소비=아니오(build_input_v5.py 미참조 → X/y/group_key 무영향)
독성코드,cat_skin_ghs,EyeIrritation6pack_PID748,Not classified,,소실,없음,원본(값 보유),input_dataset_v5 y_skin=NC(src=sds_2nd_sec11) | 파이프라인소비=아니오(build_input_v5.py 미참조 → X/y/group_key 무영향)
독성코드,cat_skin_ghs,EyeIrritation6pack_PID75,Not classified,,소실,없음,원본(값 보유),input_dataset_v5 y_skin=3(src=sds_2nd) | 파이프라인소비=아니오(build_input_v5.py 미참조 → X/y/group_key 무영향)
독성코드,cat_skin_ghs,EyeIrritation6pack_PID756,Not classified,,소실,없음,원본(값 보유),input_dataset_v5 y_skin=None(src=None) | 파이프라인소비=아니오(build_input_v5.py 미참조 → X/y/group_key 무영향)
독성코드,cat_skin_ghs,EyeIrritation6pack_PID760,"2/피부감작1 (H315 20.8% 피부자극, H317 83.2% 피부감작)",,소실,없음,원본(값 보유),input_dataset_v5 y_skin=2(src=sds_2nd) | 파이프라인소비=아니오(build_input_v5.py 미참조 → X/y/group_key 무영향)
독성코드,cat_skin_ghs,EyeIrritation6pack_PID765,2,,소실,없음,원본(값 보유),input_dataset_v5 y_skin=2(src=sds_2nd) | 파이프라인소비=아니오(build_input_v5.py 미참조 → X/y/group_key 무영향)
독성코드,cat_skin_ghs,MIX1015,Not classified,,소실,없음,원본(값 보유),input_dataset_v5 y_skin=NC(src=phase1_sds) | 파이프라인소비=아니오(build_input_v5.py 미참조 → X/y/group_key 무영향)
독성코드,cat_skin_ghs,MIX1029,2,,소실,없음,원본(값 보유),input_dataset_v5 y_skin=2(src=sds_2nd) | 파이프라인소비=아니오(build_input_v5.py 미참조 → X/y/group_key 무영향)
독성코드,cat_skin_ghs,MIX1056,Not classified,,소실,없음,원본(값 보유),input_dataset_v5 y_skin=NC(src=phase1_sds) | 파이프라인소비=아니오(build_input_v5.py 미참조 → X/y/group_key 무영향)
독성코드,cat_skin_ghs,MIX1058,Not classified,,소실,없음,원본(값 보유),input_dataset_v5 y_skin=None(src=None) | 파이프라인소비=아니오(build_input_v5.py 미참조 → X/y/group_key 무영향)
독성코드,cat_skin_ghs,MIX303,Not classified,2B,변경,없음,확인 불가,input_dataset_v5 y_skin=2B(src=ntp_measured) | 파이프라인소비=아니오(build_input_v5.py 미참조 → X/y/group_key 무영향)
독성코드,cat_skin_ghs,MIX338,2,1,변경,없음,원본,"_run_tox 상위출처값=['2'](chunk_1.json,pchunk_5.json,unique_products.json) | input_dataset_v5 y_skin=1(src=ntp_measured) | 파이프라인소비=아니오(build_input_v5.py 미참조 → X/y/group_key 무영향)"
독성코드,cat_skin_ghs,MIX388,1,2B,변경,없음,배포본,"_run_tox 상위출처값=['2B'](chunk_3.json,pchunk_9.json,unique_products.json) | input_dataset_v5 y_skin=2B(src=ntp_measured) | 파이프라인소비=아니오(build_input_v5.py 미참조 → X/y/group_key 무영향)"
독성코드,cat_skin_ghs,MIX472,2,Not classified,변경,없음,확인 불가,input_dataset_v5 y_skin=NC(src=ntp_measured) | 파이프라인소비=아니오(build_input_v5.py 미참조 → X/y/group_key 무영향)
독성코드,cat_skin_ghs,MIX629,Not classified,,소실,없음,원본(값 보유),input_dataset_v5 y_skin=NC(src=sds_v1) | 파이프라인소비=아니오(build_input_v5.py 미참조 → X/y/group_key 무영향)
독성코드,cat_skin_ghs,MIX630,Not classified,,소실,없음,원본(값 보유),input_dataset_v5 y_skin=NC(src=sds_v1) | 파이프라인소비=아니오(build_input_v5.py 미참조 → X/y/group_key 무영향)
독성코드,cat_skin_ghs,MIX759,Not classified,,소실,없음,원본(값 보유),input_dataset_v5 y_skin=NC(src=sds_v1) | 파이프라인소비=아니오(build_input_v5.py 미참조 → X/y/group_key 무영향)
독성코드,cat_skin_ghs,MIX77,2,Not classified,변경,없음,확인 불가,input_dataset_v5 y_skin=NC(src=ntp_measured) | 파이프라인소비=아니오(build_input_v5.py 미참조 → X/y/group_key 무영향)
독성코드,cat_skin_ghs,MIX784,2,,소실,없음,원본(값 보유),input_dataset_v5 y_skin=2(src=sds_2nd) | 파이프라인소비=아니오(build_input_v5.py 미참조 → X/y/group_key 무영향)
독성코드,cat_skin_ghs,MIX811,2,,소실,없음,원본(값 보유),input_dataset_v5 y_skin=NC(src=sds_v1) | 파이프라인소비=아니오(build_input_v5.py 미참조 → X/y/group_key 무영향)
독성코드,cat_skin_ghs,MIX839,2,1,변경,없음,배포본,"_run_tox 상위출처값=['1'](chunk_4.json,pchunk_11.json,unique_products.json) | input_dataset_v5 y_skin=1(src=ntp_measured) | 파이프라인소비=아니오(build_input_v5.py 미참조 → X/y/group_key 무영향)"
독성코드,cat_skin_ghs,MIX859,Not classified,,소실,없음,원본(값 보유),input_dataset_v5 y_skin=NC(src=phase1_sds) | 파이프라인소비=아니오(build_input_v5.py 미참조 → X/y/group_key 무영향)
독성코드,cat_skin_ghs,MIX976,Not classified,,소실,없음,원본(값 보유),input_dataset_v5 y_skin=NC(src=phase1_sds) | 파이프라인소비=아니오(build_input_v5.py 미참조 → X/y/group_key 무영향)
독성코드,cat_sens_ghs,EyeIrritation6pack_PID1062,1,,소실,없음,원본(값 보유),input_dataset_v5 y_sens=None(src=None) | 파이프라인소비=아니오(build_input_v5.py 미참조 → X/y/group_key 무영향)
독성코드,cat_sens_ghs,EyeIrritation6pack_PID228,Not classified,,소실,없음,원본(값 보유),input_dataset_v5 y_sens=None(src=None) | 파이프라인소비=아니오(build_input_v5.py 미참조 → X/y/group_key 무영향)
독성코드,cat_sens_ghs,EyeIrritation6pack_PID404,Not classified,,소실,없음,원본(값 보유),input_dataset_v5 y_sens=None(src=None) | 파이프라인소비=아니오(build_input_v5.py 미참조 → X/y/group_key 무영향)
독성코드,cat_sens_ghs,EyeIrritation6pack_PID406,1,,소실,없음,원본(값 보유),input_dataset_v5 y_sens=1(src=sds_2nd) | 파이프라인소비=아니오(build_input_v5.py 미참조 → X/y/group_key 무영향)
독성코드,cat_sens_ghs,EyeIrritation6pack_PID408,Not classified,,소실,없음,원본(값 보유),input_dataset_v5 y_sens=None(src=None) | 파이프라인소비=아니오(build_input_v5.py 미참조 → X/y/group_key 무영향)
독성코드,cat_sens_ghs,EyeIrritation6pack_PID42,1,,소실,없음,원본(값 보유),input_dataset_v5 y_sens=1(src=sds_2nd) | 파이프라인소비=아니오(build_input_v5.py 미참조 → X/y/group_key 무영향)
독성코드,cat_sens_ghs,EyeIrritation6pack_PID748,Not classified,,소실,없음,원본(값 보유),input_dataset_v5 y_sens=NC(src=sds_2nd_sec11) | 파이프라인소비=아니오(build_input_v5.py 미참조 → X/y/group_key 무영향)
독성코드,cat_sens_ghs,EyeIrritation6pack_PID75,Not classified,,소실,없음,원본(값 보유),input_dataset_v5 y_sens=None(src=None) | 파이프라인소비=아니오(build_input_v5.py 미참조 → X/y/group_key 무영향)
독성코드,cat_sens_ghs,EyeIrritation6pack_PID756,Not classified,,소실,없음,원본(값 보유),input_dataset_v5 y_sens=None(src=None) | 파이프라인소비=아니오(build_input_v5.py 미참조 → X/y/group_key 무영향)
독성코드,cat_sens_ghs,EyeIrritation6pack_PID760,"1 (H317, 피부감작, 83.2%)",,소실,없음,원본(값 보유),input_dataset_v5 y_sens=1(src=sds_2nd) | 파이프라인소비=아니오(build_input_v5.py 미참조 → X/y/group_key 무영향)
독성코드,cat_sens_ghs,MIX1015,Not classified,,소실,없음,원본(값 보유),input_dataset_v5 y_sens=NC(src=phase1_sds) | 파이프라인소비=아니오(build_input_v5.py 미참조 → X/y/group_key 무영향)
독성코드,cat_sens_ghs,MIX1056,Not classified,,소실,없음,원본(값 보유),input_dataset_v5 y_sens=NC(src=phase1_sds) | 파이프라인소비=아니오(build_input_v5.py 미참조 → X/y/group_key 무영향)
독성코드,cat_sens_ghs,MIX1058,1,,소실,없음,원본(값 보유),input_dataset_v5 y_sens=1(src=sds_2nd) | 파이프라인소비=아니오(build_input_v5.py 미참조 → X/y/group_key 무영향)
독성코드,cat_sens_ghs,MIX167,Not classified,,소실,없음,원본(값 보유),input_dataset_v5 y_sens=NC(src=sds_2nd) | 파이프라인소비=아니오(build_input_v5.py 미참조 → X/y/group_key 무영향)
독성코드,cat_sens_ghs,MIX168,Not classified,,소실,없음,원본(값 보유),input_dataset_v5 y_sens=NC(src=sds_2nd) | 파이프라인소비=아니오(build_input_v5.py 미참조 → X/y/group_key 무영향)
독성코드,cat_sens_ghs,MIX26,1,,소실,없음,원본(값 보유),input_dataset_v5 y_sens=1(src=sds_2nd) | 파이프라인소비=아니오(build_input_v5.py 미참조 → X/y/group_key 무영향)
독성코드,cat_sens_ghs,MIX303,Not classified,,소실,없음,원본(값 보유),input_dataset_v5 y_sens=None(src=None) | 파이프라인소비=아니오(build_input_v5.py 미참조 → X/y/group_key 무영향)
독성코드,cat_sens_ghs,MIX310,Not classified,,소실,없음,원본(값 보유),input_dataset_v5 y_sens=None(src=None) | 파이프라인소비=아니오(build_input_v5.py 미참조 → X/y/group_key 무영향)
독성코드,cat_sens_ghs,MIX315,Not classified,,소실,없음,원본(값 보유),input_dataset_v5 y_sens=None(src=None) | 파이프라인소비=아니오(build_input_v5.py 미참조 → X/y/group_key 무영향)
독성코드,cat_sens_ghs,MIX38,Not classified,,소실,없음,원본(값 보유),input_dataset_v5 y_sens=None(src=None) | 파이프라인소비=아니오(build_input_v5.py 미참조 → X/y/group_key 무영향)
독성코드,cat_sens_ghs,MIX388,1,,소실,없음,원본(값 보유),input_dataset_v5 y_sens=1(src=sds_2nd) | 파이프라인소비=아니오(build_input_v5.py 미참조 → X/y/group_key 무영향)
독성코드,cat_sens_ghs,MIX48,Not classified,,소실,없음,원본(값 보유),input_dataset_v5 y_sens=None(src=None) | 파이프라인소비=아니오(build_input_v5.py 미참조 → X/y/group_key 무영향)
독성코드,cat_sens_ghs,MIX511,1,,소실,없음,원본(값 보유),input_dataset_v5 y_sens=1(src=sds_2nd) | 파이프라인소비=아니오(build_input_v5.py 미참조 → X/y/group_key 무영향)
독성코드,cat_sens_ghs,MIX629,1B,,소실,없음,원본(값 보유),input_dataset_v5 y_sens=NC(src=sds_v1) | 파이프라인소비=아니오(build_input_v5.py 미참조 → X/y/group_key 무영향)
독성코드,cat_sens_ghs,MIX630,1B,,소실,없음,원본(값 보유),input_dataset_v5 y_sens=NC(src=sds_v1) | 파이프라인소비=아니오(build_input_v5.py 미참조 → X/y/group_key 무영향)
독성코드,cat_sens_ghs,MIX759,1B,,소실,없음,원본(값 보유),input_dataset_v5 y_sens=NC(src=sds_v1) | 파이프라인소비=아니오(build_input_v5.py 미참조 → X/y/group_key 무영향)
독성코드,cat_sens_ghs,MIX77,Not classified,,소실,없음,원본(값 보유),input_dataset_v5 y_sens=None(src=None) | 파이프라인소비=아니오(build_input_v5.py 미참조 → X/y/group_key 무영향)
독성코드,cat_sens_ghs,MIX836,1,,소실,없음,원본(값 보유),input_dataset_v5 y_sens=1(src=sds_2nd) | 파이프라인소비=아니오(build_input_v5.py 미참조 → X/y/group_key 무영향)
독성코드,cat_sens_ghs,MIX859,Not classified,,소실,없음,원본(값 보유),input_dataset_v5 y_sens=NC(src=phase1_sds) | 파이프라인소비=아니오(build_input_v5.py 미참조 → X/y/group_key 무영향)
독성코드,cat_sens_ghs,MIX976,Not classified,,소실,없음,원본(값 보유),input_dataset_v5 y_sens=NC(src=phase1_sds) | 파이프라인소비=아니오(build_input_v5.py 미참조 → X/y/group_key 무영향)
독성코드,검증여부,EyeIrritation6pack_PID1062,검증완료,재검토필요,변경,없음,확인 불가,파이프라인소비=예
독성코드,검증여부,EyeIrritation6pack_PID228,정보없음,재검토필요,변경,없음,확인 불가,파이프라인소비=예
독성코드,검증여부,EyeIrritation6pack_PID404,검증완료,재검토필요,변경,없음,확인 불가,파이프라인소비=예
독성코드,검증여부,EyeIrritation6pack_PID406,검증완료,재검토필요,변경,없음,확인 불가,파이프라인소비=예
독성코드,검증여부,EyeIrritation6pack_PID408,검증완료,재검토필요,변경,없음,확인 불가,파이프라인소비=예
독성코드,검증여부,EyeIrritation6pack_PID42,검증완료,재검토필요,변경,없음,확인 불가,파이프라인소비=예
독성코드,검증여부,EyeIrritation6pack_PID639,검증완료,재검토필요,변경,없음,확인 불가,파이프라인소비=예
독성코드,검증여부,EyeIrritation6pack_PID643,검증완료,재검토필요,변경,없음,확인 불가,파이프라인소비=예
독성코드,검증여부,EyeIrritation6pack_PID748,정보없음,재검토필요,변경,없음,확인 불가,파이프라인소비=예
독성코드,검증여부,EyeIrritation6pack_PID75,검증완료,재검토필요,변경,없음,확인 불가,파이프라인소비=예
독성코드,검증여부,EyeIrritation6pack_PID756,검증완료,재검토필요,변경,없음,확인 불가,파이프라인소비=예
독성코드,검증여부,EyeIrritation6pack_PID760,검증완료,재검토필요,변경,없음,확인 불가,파이프라인소비=예
독성코드,검증여부,EyeIrritation6pack_PID765,검증완료,재검토필요,변경,없음,확인 불가,파이프라인소비=예
독성코드,검증여부,EyeIrritation6pack_PID865,검증완료,재검토필요,변경,없음,확인 불가,파이프라인소비=예
독성코드,검증여부,MIX1015,정보없음,재검토필요,변경,없음,확인 불가,파이프라인소비=예
독성코드,검증여부,MIX1028,검증완료,재검토필요,변경,없음,확인 불가,파이프라인소비=예
독성코드,검증여부,MIX1029,검증완료,재검토필요,변경,없음,확인 불가,파이프라인소비=예
독성코드,검증여부,MIX1056,정보없음,재검토필요,변경,없음,확인 불가,파이프라인소비=예
독성코드,검증여부,MIX1058,검증완료,재검토필요,변경,없음,확인 불가,파이프라인소비=예
독성코드,검증여부,MIX143,검증완료,재검토필요,변경,없음,확인 불가,파이프라인소비=예
독성코드,검증여부,MIX167,정보없음,재검토필요,변경,없음,확인 불가,파이프라인소비=예
독성코드,검증여부,MIX168,정보없음,재검토필요,변경,없음,확인 불가,파이프라인소비=예
독성코드,검증여부,MIX171,검증완료,재검토필요,변경,없음,확인 불가,파이프라인소비=예
독성코드,검증여부,MIX195,검증완료,재검토필요,변경,없음,확인 불가,파이프라인소비=예
독성코드,검증여부,MIX26,검증완료,재검토필요,변경,없음,확인 불가,파이프라인소비=예
독성코드,검증여부,MIX303,검증완료,재검토필요,변경,없음,확인 불가,파이프라인소비=예
독성코드,검증여부,MIX310,검증완료,재검토필요,변경,없음,확인 불가,파이프라인소비=예
독성코드,검증여부,MIX315,검증완료,재검토필요,변경,없음,확인 불가,파이프라인소비=예
독성코드,검증여부,MIX338,검증완료,재검토필요,변경,없음,확인 불가,파이프라인소비=예
독성코드,검증여부,MIX38,검증완료,재검토필요,변경,없음,확인 불가,파이프라인소비=예
독성코드,검증여부,MIX388,검증완료,재검토필요,변경,없음,확인 불가,파이프라인소비=예
독성코드,검증여부,MIX440,검증완료,재검토필요,변경,없음,확인 불가,파이프라인소비=예
독성코드,검증여부,MIX472,검증완료,재검토필요,변경,없음,확인 불가,파이프라인소비=예
독성코드,검증여부,MIX48,검증완료,재검토필요,변경,없음,확인 불가,파이프라인소비=예
독성코드,검증여부,MIX511,검증완료,재검토필요,변경,없음,확인 불가,파이프라인소비=예
독성코드,검증여부,MIX629,검증완료,재검토필요,변경,없음,확인 불가,파이프라인소비=예
독성코드,검증여부,MIX630,검증완료,재검토필요,변경,없음,확인 불가,파이프라인소비=예
독성코드,검증여부,MIX689,검증완료,재검토필요,변경,없음,확인 불가,파이프라인소비=예
독성코드,검증여부,MIX692,검증완료,재검토필요,변경,없음,확인 불가,파이프라인소비=예
독성코드,검증여부,MIX759,검증완료,재검토필요,변경,없음,확인 불가,파이프라인소비=예
독성코드,검증여부,MIX77,검증완료,재검토필요,변경,없음,확인 불가,파이프라인소비=예
독성코드,검증여부,MIX784,검증완료,재검토필요,변경,없음,확인 불가,파이프라인소비=예
독성코드,검증여부,MIX811,검증완료,재검토필요,변경,없음,확인 불가,파이프라인소비=예
독성코드,검증여부,MIX836,검증완료,재검토필요,변경,없음,확인 불가,파이프라인소비=예
독성코드,검증여부,MIX838,검증완료,재검토필요,변경,없음,확인 불가,파이프라인소비=예
독성코드,검증여부,MIX839,검증완료,재검토필요,변경,없음,확인 불가,파이프라인소비=예
독성코드,검증여부,MIX85,검증완료,재검토필요,변경,없음,확인 불가,파이프라인소비=예
독성코드,검증여부,MIX859,정보없음,재검토필요,변경,없음,확인 불가,파이프라인소비=예
독성코드,검증여부,MIX976,정보없음,재검토필요,변경,없음,확인 불가,파이프라인소비=예
독성코드,검증여부,MIX986,검증완료,재검토필요,변경,없음,확인 불가,파이프라인소비=예
독성코드,검증근거,Cancer_PID_12,"[구조화DB신규조회 재시도·미해결: PubChem 성분 참고값(제품은 다성분 혼합물, 개별성분 기준, 제품 SDS 아님)] AZT+Lamivudine 2제 병용조합(연구/독성평가용); 제품명 자체가 두 성분명을 그대로 나열한 것으로 브랜드 제품이 아니나, 혼합물 전체에 대한 GHS는 개별성분 데이터만으로 확정 불가 | 원문: PubChem CID 35370 (Zidovudine (AZT)) GHS Classification: Danger / H341 (54.5%): Suspected of causing genetic defects [Warning Germ cell mutagenicity] / H350 (53.5%): May cause cancer [Danger Carcinogenicity] / H351 (45.5",추출정보 공란 + 출처 접근 실패(링크불가·403/404·로그인·못찾음),변경,없음,확인 불가,파이프라인소비=아니오(build_input_v5.py 미참조 → X/y/group_key 무영향)
독성코드,검증근거,Cancer_PID_13,"[구조화DB신규조회 재시도·미해결: PubChem 성분 참고값(제품은 다성분 혼합물, 개별성분 기준, 제품 SDS 아님)] AZT+Lamivudine+Nelfinavir mesylate 3제 병용조합(연구용); 3성분 전체를 다루는 SDS 없음, 대표성분(AZT) PubChem 자료만 참고 | 원문: PubChem CID 35370 (Zidovudine (AZT)) GHS Classification: Danger / H341 (54.5%): Suspected of causing genetic defects [Warning Germ cell mutagenicity] / H350 (53.5%): May cause cancer [Danger Carcinogenicity] / H351 (45.5",추출정보 공란 + 출처 접근 실패(링크불가·403/404·로그인·못찾음),변경,없음,확인 불가,파이프라인소비=아니오(build_input_v5.py 미참조 → X/y/group_key 무영향)
독성코드,검증근거,Cancer_PID_14,"[2차재시도(우회) 재시도·미해결: PubChem 성분 참고값(3성분 개별조회: Zidovudine/Lamivudine/Nevirapine)] 제품은 AZT+Lamivudine+Nevirapine 3제 병용이나 통합 SDS 없음. PubChem 개별조회: Zidovudine(Danger, H350 발암성 등 다수), Lamivudine(Warning, H315/H319/H335/H361/H373), Nevirapine(Warning, H302/H412). 성분 순물질 참고값만 확보, 제품(3제 합제) 자체 SDS 미확보로 제품값 확정 불가 | 원문: H350 (53.5%): May cause cancer [Danger Carcinogenicity]","[웹조사 2차조사·미해결] (시도 출처: https://file.medchemexpress.com/batch_PDF/HY-B0250/Lamivudine-SDS-MedChemExpress.pdf) 제품은 AZT+Lamivudine+Nevirapine 3제 병용이나 SDS는 Lamivudine 단일물질만 다룸. 눈/피부/감작성은 이 SDS에서 별도 분류되지 않음(성분 불일치로 판단 재검토 필요) | 원문: Product name: Lamivudine / Signal word Warning / H361 Suspected of damaging fertility or the unborn child (section2: only Reproductive tox Cat.2 listed, no eye/skin/sens category)",변경,없음,확인 불가,파이프라인소비=아니오(build_input_v5.py 미참조 → X/y/group_key 무영향)
독성코드,검증근거,Cancer_PID_141,"[구조화DB신규조회 재시도·미해결: PubChem 성분 참고값(제품은 다성분 혼합물, 개별성분 기준, 제품 SDS 아님)] Beta-nitrostyrene+Styrene 2성분 혼합물(연구용); 제품명=성분명이나 2물질 혼합이라 단일 순물질 예외 미적용, 대표성분(beta-nitrostyrene) 참고 | 원문: PubChem CID 7626 (beta-Nitrostyrene) GHS Classification: Danger / H301 (95%): Toxic if swallowed [Danger Acute toxicity, oral] / H315 (100%): Causes skin irritation [Warning Skin corrosion/irritation] / H319 (100%): Caus",추출정보 공란 + 출처 접근 실패(링크불가·403/404·로그인·못찾음),변경,없음,확인 불가,파이프라인소비=아니오(build_input_v5.py 미참조 → X/y/group_key 무영향)
독성코드,검증근거,Cancer_PID_15,"[구조화DB신규조회 재시도·미해결: PubChem 성분 참고값(제품은 다성분 혼합물, 개별성분 기준, 제품 SDS 아님)] AZT+ddC(Zalcitabine) 2제 병용조합(연구용); 대표성분(AZT) PubChem 자료만 참고 | 원문: PubChem CID 35370 (Zidovudine (AZT)) GHS Classification: Danger / H341 (54.5%): Suspected of causing genetic defects [Warning Germ cell mutagenicity] / H350 (53.5%): May cause cancer [Danger Carcinogenicity] / H351 (45.5",추출정보 공란 + 출처 접근 실패(링크불가·403/404·로그인·못찾음),변경,없음,확인 불가,파이프라인소비=아니오(build_input_v5.py 미참조 → X/y/group_key 무영향)
독성코드,검증근거,Cancer_PID_159,"[구조화DB신규조회 재시도·미해결: PubChem 성분 참고값(제품은 다성분 혼합물, 개별성분 기준, 제품 SDS 아님)] 기술등급 이성질체 혼합물(Bis(2-chloro-1-methylethyl)ether ~70% + 2-Chloro-1-methylethyl(2-chloropropyl)ether ~30%); 대표성분(비스(2-클로로이소프로필)에테르) PubChem 참고 | 원문: PubChem CID 38307 (Bis(2-chloroisopropyl) ether) GHS Classification: Danger / H301 (100%): Toxic if swallowed [Danger Acute toxicity, oral] / H341 (100%): Suspected of causing genetic defects [Warning Germ cell mutagenic",추출정보 공란 + 출처 접근 실패(링크불가·403/404·로그인·못찾음),변경,없음,확인 불가,파이프라인소비=아니오(build_input_v5.py 미참조 → X/y/group_key 무영향)
독성코드,검증근거,Cancer_PID_16,"[구조화DB신규조회 재시도·미해결: PubChem 성분 참고값(제품은 다성분 혼합물, 개별성분 기준, 제품 SDS 아님)] AZT+ddI(Didanosine) 2제 병용조합(AIDS Initiative 연구용); 대표성분(AZT) PubChem 자료만 참고 | 원문: PubChem CID 35370 (Zidovudine (AZT)) GHS Classification: Danger / H341 (54.5%): Suspected of causing genetic defects [Warning Germ cell mutagenicity] / H350 (53.5%): May cause cancer [Danger Carcinogenicity] / H351 (45.5",추출정보 공란 + 출처 접근 실패(링크불가·403/404·로그인·못찾음),변경,없음,확인 불가,파이프라인소비=아니오(build_input_v5.py 미참조 → X/y/group_key 무영향)
독성코드,검증근거,Cancer_PID_957,"[구조화DB신규조회 재시도·미해결: PubChem 성분 참고값(제품은 다성분 혼합물, 개별성분 기준, 제품 SDS 아님)] 실제 상업 제품이 아닌 TEF(독성등가환산) 연구용 PCB126/PCB153 2성분 혼합물; 개별 PCB 성분의 PubChem GHS만 참고 가능, 제품 자체 SDS 개념 없음 | 원문: PubChem CID 63090 (PCB 126 (3,3',4,4',5-Pentachlorobiphenyl)) GHS Classification: Warning / H373 (94%): May causes damage to organs through prolonged or repeated exposure [Warning Specific target organ toxicity, repeated",추출정보 공란 + 출처 접근 실패(링크불가·403/404·로그인·못찾음),변경,없음,확인 불가,파이프라인소비=아니오(build_input_v5.py 미참조 → X/y/group_key 무영향)
독성코드,검증근거,Cancer_PID_99,"[2차재시도(우회) 재시도·미해결: PubChem 성분 참고값(Aspirin/Caffeine 추가조회, Phenacetin은 기존 확인값 사용)] 3성분 혼합제품(Aspirin+Phenacetin+Caffeine)의 통합 SDS 없음. PubChem 참고값: Aspirin(Danger 다수, H302/H315/H319/H335/H360 등), Caffeine(Warning, H301/H302/H332/H360), Phenacetin(기존 확인: Warning/H302, 눈/피부 Not classified). 3성분 순물질 참고값만 확보, 제품 자체 확정 불가 | 원문: H302 (95.6%): Harmful if swallowed [Warning Acute toxicity, oral]",[웹조사 2차조사·미해결] (시도 출처: https://www.elementalmicroanalysis.com/documents/product/sds/PHENACETIN_20240312_EN.pdf) 제품은 Aspirin+Phenacetin+Caffeine 3성분 혼합이나 SDS는 Phenacetin 단일성분(100%)만 다룸. Aspirin/Caffeine 정보 없어 3성분 제품 대표 불가 | 원문: PHENACETIN CAS-No 62-44-2 100% / Signal word (CLP): Warning / H302 - Harmful if swallowed. Skin corrosion/irritation: Not classified. Serious eye damage/eye irritation: Not classified,변경,없음,확인 불가,파이프라인소비=아니오(build_input_v5.py 미참조 → X/y/group_key 무영향)
독성코드,검증근거,EyeIrritation6pack_PID100,"[구조화DB신규조회 재시도·미해결: PubChem 성분 참고값(제품 SDS 아님)] Atlantis Herbicide(Bayer)는 다성분 제형(mefenpyr-diethyl/mesosulfuron-methyl/iodosulfuron 등); 제품 SDS 미확보, 주요 활성성분(mesosulfuron-methyl) PubChem 참고값 | 원문: PubChem CID 11409499 (Mesosulfuron-methyl) GHS Classification: Warning / H400: Very toxic to aquatic life [Warning Hazardous to the aquatic environment, acute hazard] / H410: Very toxic to aquatic life with long lasting ",추출정보 공란 + 출처 접근 실패(링크불가·403/404·로그인·못찾음),변경,없음,확인 불가,파이프라인소비=아니오(build_input_v5.py 미참조 → X/y/group_key 무영향)
독성코드,검증근거,EyeIrritation6pack_PID1005,"[2차재시도(우회) 재시도·미해결: PubChem 성분 참고값(주요 방부제 성분 BIT 조회)] Troysan 680(4성분 방부제 블렌드)의 완제품 SDS는 여전히 못 찾음. 주요 성분 중 하나인 1,2-Benzisothiazolin-3-one(BIT)의 PubChem 참고값만 확보(Danger, 눈손상1/피부자극2/감작1). 나머지 성분(석유증류물, DMDM hydantoin, HMF)은 미조회. 제품 자체 확정 불가 | 원문: H318: Causes serious eye damage [Danger Serious eye damage/eye irritation]","[웹조사 2차조사·미해결] (시도 출처: https://www.crcindustries.com/media/msdsen/msds_en-1003169.pdf) 힌트 SDS는 무관한 제품(2-26 Multi-Purpose Precision Lubricant, 광유계 윤활제)임을 실제 접속으로 재확인. Troysan 680과 성분 완전 불일치 | 원문: Product identifier: 2-26® Multi-Purpose Precision Lubricant - 5 gal / Signal word Danger / Skin corrosion/irritation: temporary irritation; not expected to cause skin sensitization",변경,없음,확인 불가,파이프라인소비=아니오(build_input_v5.py 미참조 → X/y/group_key 무영향)
독성코드,검증근거,EyeIrritation6pack_PID1007,"[구조화DB신규조회 재시도·미해결: PubChem 성분 참고값(제품 SDS 아님)] Troysan V48(Troy Chemical); EPA 라벨상 활성성분 Diuron 48% 확인되었으나 Section 11 GHS 정보 없음, PubChem 성분(Diuron) 참고값으로 대체 | 원문: PubChem CID 3120 (Diuron) GHS Classification: Danger / H350: May cause cancer [Danger Carcinogenicity] / H373: May causes damage to organs through prolonged or repeated exposure [Warning Specific target organ toxicity, r",추출정보 공란 + 출처 접근 실패(링크불가·403/404·로그인·못찾음),변경,없음,확인 불가,파이프라인소비=아니오(build_input_v5.py 미참조 → X/y/group_key 무영향)
독성코드,검증근거,EyeIrritation6pack_PID1011,"[구조화DB신규조회 재시도·미해결: PubChem 성분 참고값(제품 SDS 아님)] Tundra Max 제품/SDS 특정 실패(Tundra 계열은 대개 Bifenthrin 단일성분이라 ingredient_names의 Chlorpyrifos 병용과 불일치); 대표성분(Chlorpyrifos) PubChem 참고값 | 원문: PubChem CID 2730 (Chlorpyrifos) GHS Classification: Danger / H301: Toxic if swallowed [Danger Acute toxicity, oral] / H400: Very toxic to aquatic life [Warning Hazardous to the aquatic environment, acute hazard] / H410: ",추출정보 공란 + 출처 접근 실패(링크불가·403/404·로그인·못찾음),변경,없음,확인 불가,파이프라인소비=아니오(build_input_v5.py 미참조 → X/y/group_key 무영향)
독성코드,검증근거,EyeIrritation6pack_PID1012,"[2차재시도(우회) 재시도·미해결: curl(UA 추가) 재시도 실패(403 재확인) → PubChem 성분(Imidacloprid) 참고값] ensystex.com URL을 curl -A ""Mozilla/5.0""로 재시도했으나 동일하게 403 Forbidden 반환됨(재확인). Imidacloprid 기술원제 PubChem 참고값은 Danger/H301,H302,H370,H373,H400,H410으로, 기존 추출정보(Warning/H302,H320,H332,H402, 완제품 WP 기준)와 신호어가 다름(원제 순물질이 더 심각한 등급). 완제품 자체 SDS는 여전히 미확보 | 원문: H301: Toxic if swallowed [Danger Acute toxicity, oral]",[웹조사 2차조사·미해결] 유일한 힌트 URL(ensystex.com)이 403으로 차단되어 실제 문서 내용을 확인할 수 없음 | 원문: 접속 실패 (HTTP 403 Forbidden) - WebFetch 및 curl(브라우저 UA) 재시도 모두 동일하게 실패,변경,없음,확인 불가,파이프라인소비=아니오(build_input_v5.py 미참조 → X/y/group_key 무영향)
독성코드,검증근거,EyeIrritation6pack_PID1013,"[구조화DB신규조회 재시도·미해결: PubChem 성분 참고값(제품 SDS 아님)] UBI 4389; ingredient_names 필드 손상(무역통계 텍스트 혼입), pomerix 농약DB로 실제 성분(Diflubenzuron+lambda-Cyhalothrin) 확인, 제품 SDS는 못 찾음; 대표성분(Diflubenzuron) PubChem 참고값 | 원문: PubChem CID 37123 (Diflubenzuron) GHS Classification: Warning / H312 (29.4%): Harmful in contact with skin [Warning Acute toxicity, dermal] / H373 (13.5%): May causes damage to organs through prolonged or repeated exposu",추출정보 공란 + 출처 접근 실패(링크불가·403/404·로그인·못찾음),변경,없음,확인 불가,파이프라인소비=아니오(build_input_v5.py 미참조 → X/y/group_key 무영향)
독성코드,검증근거,EyeIrritation6pack_PID1018,"[구조화DB신규조회 재시도·미해결: PubChem 성분 참고값(제품 SDS 아님)] Unicorn Fungicide(Sulphur Mills); 제조사 구형(비-GHS) MSDS만 확인되어 GHS 신호어/H코드 부재, 성분(Tebuconazole) PubChem GHS 참고값으로 보완 | 원문: PubChem CID 86102 (Tebuconazole) GHS Classification: Warning / H302: Harmful if swallowed [Warning Acute toxicity, oral] / H361d ***: Suspected of damaging the unborn child [Warning Reproductive toxicity] / H400: Very to",추출값은 있으나 출처 전무,변경,없음,확인 불가,파이프라인소비=아니오(build_input_v5.py 미참조 → X/y/group_key 무영향)
독성코드,검증근거,EyeIrritation6pack_PID102,"[구조화DB신규조회 재시도·미해결: PubChem 성분 참고값(제품 SDS 아님)] Averthor Granular Ant Bait; ingredient_names 필드 손상, EPA 등록정보(pomerix)로 실제 유효성분 Abamectin 확인(제품명은 'Abathor'로 표기된 문서와 매칭); PubChem 성분(Abamectin) 참고값 | 원문: PubChem CID 9920327 (Abamectin) GHS Classification: Danger / H300: Fatal if swallowed [Danger Acute toxicity, oral] / H330: Fatal if inhaled [Danger Acute toxicity, inhalation] / H361d: Suspected of damaging the unborn c",추출값은 있으나 출처 전무,변경,없음,확인 불가,파이프라인소비=아니오(build_input_v5.py 미참조 → X/y/group_key 무영향)
독성코드,검증근거,EyeIrritation6pack_PID1020,"[구조화DB신규조회 재시도·미해결: PubChem 성분 참고값(제품 SDS 아님)] UP-End Herbicide; ingredient_names에 타 제품 성분 혼입 확인됨, EPA라벨/SDS상 실제 단일 유효성분은 Pendimethalin 38.7%; PubChem 성분(Pendimethalin) 참고값 | 원문: PubChem CID 38479 (Pendimethalin) GHS Classification: Warning / H361d: Suspected of damaging the unborn child [Warning Reproductive toxicity] / H400: Very toxic to aquatic life [Warning Hazardous to the aquatic environme",추출값은 있으나 출처 전무,변경,없음,확인 불가,파이프라인소비=아니오(build_input_v5.py 미참조 → X/y/group_key 무영향)
독성코드,검증근거,EyeIrritation6pack_PID1021,"[구조화DB신규조회 재시도·미해결: PubChem 성분 참고값(제품 SDS 아님)] UPI Glyphosphate; 제품명과 정확히 일치하는 SDS 못 찾음, 유효성분 계열(Glyphosate) PubChem 참고값 | 원문: PubChem CID 3496 (Glyphosate) GHS Classification: Danger / H318: Causes serious eye damage [Danger Serious eye damage/eye irritation] / H411: Toxic to aquatic life with long lasting effects [Hazardous to the aquatic envi","추출정보 공란 + 미분류 메모: 다중 검색엔진, EPA PPLS, Health Canada PMRA, k",변경,없음,확인 불가,파이프라인소비=아니오(build_input_v5.py 미참조 → X/y/group_key 무영향)
독성코드,검증근거,EyeIrritation6pack_PID1023,"[구조화DB신규조회 재시도·미해결: PubChem 성분 참고값(제품 SDS 아님)] US-LON-A; 제품 SDS 못 찾음(제조사 불명, 성분조합 비정상적), 성분 중 하나(Trichloroisocyanuric acid) PubChem 참고값 | 원문: PubChem CID 6909 (Trichloroisocyanuric acid (TCCA)) GHS Classification: Danger / H272: May intensify fire; oxidizer [Danger Oxidizing liquids; Oxidizing solids] / H302: Harmful if swallowed [Warning Acute toxicity, oral]","추출정보 공란 + 미분류 메모: 제품 SDS를 찾지 못함 (검색엔진 결과 무관, 제조사 불명); 성분 조",변경,없음,확인 불가,파이프라인소비=아니오(build_input_v5.py 미참조 → X/y/group_key 무영향)
독성코드,검증근거,EyeIrritation6pack_PID1024,"[2차재시도(우회) 재시도·미해결: PubChem 성분(Metconazole) 참고값] 힌트 SDS는 부형제(Glycerine) 단일성분이었음(기존 확인). 실제 유효성분 Metconazole의 PubChem 참고값(Warning/Danger 혼재, H302/H314/H318/H361/H411)을 확보. 제품(V-10116 3.7 FS, 38-43% 제형) 자체 SDS는 미확보 | 원문: H361d ***: Suspected of damaging the unborn child [Warning Reproductive toxicity]","[로컬PDF검증 2차조사·미해결] PDF는 Glycerin(CAS 56-81-5) 단일성분 SDS로, V-10116 3.7 FS(주성분 Metconazole)의 부형제(용매) 성분 SDS일 뿐 제품 자체와 무관. 제품 자체의 GHS 분류 확인 불가. | 원문: Product name: Glycerin ... CAS-No.: 56-81-5 ... 2.1 Classification of the substance or mixture Not a hazardous substance or mixture. 2.2 GHS Label elements, including precautionary statements Not a hazardous substance or",변경,없음,확인 불가,파이프라인소비=아니오(build_input_v5.py 미참조 → X/y/group_key 무영향)
독성코드,검증근거,EyeIrritation6pack_PID1026,"[구조화DB신규조회 재시도·미해결: PubChem 성분 참고값(제품 SDS 아님)] V-10141 2.8 EC Insecticide; 제조사/코드 특정 불가로 SDS 못 찾음, 대표성분(Deltamethrin) PubChem 참고값 | 원문: PubChem CID 40585 (Deltamethrin) GHS Classification: Danger / H301: Toxic if swallowed [Danger Acute toxicity, oral] / H331: Toxic if inhaled [Danger Acute toxicity, inhalation] / H400: Very toxic to aquatic life [Warnin",추출정보 공란 + 출처 접근 실패(링크불가·403/404·로그인·못찾음),변경,없음,확인 불가,파이프라인소비=아니오(build_input_v5.py 미참조 → X/y/group_key 무영향)
독성코드,검증근거,EyeIrritation6pack_PID1028,"[구조화DB신규조회 재시도·미해결: PubChem 성분 참고값(제품 SDS 아님)] V-10276 0.088 SL; 제조사/코드 특정 불가로 SDS 못 찾음, 대표성분(Bifenthrin) PubChem 참고값 | 원문: PubChem CID 6442842 (Bifenthrin) GHS Classification: Danger / H300: Fatal if swallowed [Danger Acute toxicity, oral] / H317: May cause an allergic skin reaction [Warning Sensitization, Skin] / H331: Toxic if inhaled [Dan",추출정보 공란 + 출처 접근 실패(링크불가·403/404·로그인·못찾음),변경,없음,확인 불가,파이프라인소비=아니오(build_input_v5.py 미참조 → X/y/group_key 무영향)
독성코드,검증근거,EyeIrritation6pack_PID1029,"[구조화DB신규조회 재시도·미해결: PubChem 성분 참고값(제품 SDS 아님)] V-10336 Herbicide; 제조사/코드 특정 불가로 SDS 못 찾음, 대표성분(Potassium salt of glyphosate → Glyphosate) PubChem 참고값 | 원문: PubChem CID 3496 (Glyphosate) GHS Classification: Danger / H318: Causes serious eye damage [Danger Serious eye damage/eye irritation] / H411: Toxic to aquatic life with long lasting effects [Hazardous to the aquatic envi",추출정보 공란 + 출처 접근 실패(링크불가·403/404·로그인·못찾음),변경,없음,확인 불가,파이프라인소비=아니오(build_input_v5.py 미참조 → X/y/group_key 무영향)
독성코드,검증근거,EyeIrritation6pack_PID1032,"[2차재시도(우회) 재시도·미해결: PubChem 성분(Bifenthrin) 참고값] 힌트 로컬 PDF는 무관 제품(TCC Materials 콘크리트 보수재)이었음이 재확인됨. 실제 유효성분 Bifenthrin 기술원제 PubChem 참고값(Danger, H300/H311/H317/H331/H351/H370/H372/H400/H410)만 확보. 시트의 cat_eye_ghs='2B'는 Bifenthrin 기술원제 자료에서 뒷받침되지 않음(눈 관련 코드 없음). 제품(VCP-01, 10% 제형) 자체 SDS는 미확보 | 원문: H300: Fatal if swallowed [Danger Acute toxicity, oral]","[로컬PDF검증 2차조사·미해결] PDF는 TCC Materials의 콘크리트/시멘트 보수재 'VCP'(실리카·포틀랜드시멘트·탄산칼슘 함유)로, 살충제 VCP-01(Bifenthrin 함유)과 전혀 다른 제품. 성분도 무관하여 제품 자체 분류 확인 불가. | 원문: Product ID: VCP / Product Name: Repair Materials ... SILICA, CRYSTALLINE ... PORTLAND CEMENT SILICATE ... CALCIUM CARBONATE ... Signal Word Danger / H350 - May cause cancer / H317 - May cause an allergic skin reaction / ",변경,없음,확인 불가,파이프라인소비=아니오(build_input_v5.py 미참조 → X/y/group_key 무영향)
독성코드,검증근거,EyeIrritation6pack_PID1033,"[구조화DB신규조회 재시도·미해결: PubChem 성분 참고값(제품 SDS 아님)] Velocity SG Herbicide(Valent); ingredient_names에 타 제품(Bromoxynil/Pyrasulfotole 등) 성분 혼입 의심, 실제 제품 단일활성성분은 Bispyribac-sodium; PubChem 성분 참고값 | 원문: PubChem CID 23682789 (Bispyribac-sodium) GHS Classification: Warning / H317 (44.6%): May cause an allergic skin reaction [Warning Sensitization, Skin] / H319 (56.2%): Causes serious eye irritation [Warning Serious eye da",추출값은 있으나 출처 전무,변경,없음,확인 불가,파이프라인소비=아니오(build_input_v5.py 미참조 → X/y/group_key 무영향)
독성코드,검증근거,EyeIrritation6pack_PID1034,"[구조화DB신규조회 재시도·미해결: PubChem 성분 참고값(제품 SDS 아님)] Veriguard OD(Lanxess); EPA라벨 기준 실제 조성은 O-Phenylphenol+Dazomet, ingredient_names의 Didecyldimethylammonium chloride는 미확인; PubChem 성분(2-Phenylphenol) 참고값 | 원문: PubChem CID 7017 (2-Phenylphenol (OPP)) GHS Classification: Danger / H314: Causes severe skin burns and eye damage [Danger Skin corrosion/irritation] / H317: May cause an allergic skin reaction [Warning Sensitization, Sk",추출값은 있으나 출처 전무 ; 메모에 출처 접근 실패 흔적이 남아 있음 — 값의 근거 재확인 필요,변경,없음,확인 불가,파이프라인소비=아니오(build_input_v5.py 미참조 → X/y/group_key 무영향)
독성코드,검증근거,EyeIrritation6pack_PID1037,"[구조화DB신규조회 재시도·미해결: PubChem 성분 참고값(제품 SDS 아님)] Viper WP(Martin's/Control Solutions); 실제 활성성분은 Cypermethrin 40%, Naphthalene은 불활성성분 추정; 전체 SDS 미확보, PubChem 성분(Cypermethrin) 참고값 | 원문: PubChem CID 2912 (Cypermethrin) GHS Classification: Warning / H302: Harmful if swallowed [Warning Acute toxicity, oral] / H332: Harmful if inhaled [Warning Acute toxicity, inhalation] / H335: May cause respiratory irrita",추출값은 있으나 출처 전무 ; 메모에 출처 접근 실패 흔적이 남아 있음 — 값의 근거 재확인 필요,변경,없음,확인 불가,파이프라인소비=아니오(build_input_v5.py 미참조 → X/y/group_key 무영향)
독성코드,검증근거,EyeIrritation6pack_PID1038,"[구조화DB신규조회 재시도·미해결: PubChem 성분 참고값(제품 SDS 아님)] Vitacon 100 Pro FS Fungicide; 동일 EPA등록번호 후속브랜드(Rancona V 100 Pro FS) SDS로 성분/함량 일치 확인(Carboxin 35.52%+Ipconazole 2.22%)했으나 제품 자체 SDS 아님; PubChem 성분(Carboxin) 참고값 | 원문: PubChem CID 21307 (Carboxin) GHS Classification: Warning / H317: May cause an allergic skin reaction [Warning Sensitization, Skin] / H373: May causes damage to organs through prolonged or repeated exposure [Warning Speci",추출값은 있으나 출처 전무,변경,없음,확인 불가,파이프라인소비=아니오(build_input_v5.py 미참조 → X/y/group_key 무영향)
독성코드,검증근거,EyeIrritation6pack_PID104,"[구조화DB신규조회 재시도·미해결: PubChem 성분 참고값(제품 SDS 아님)] Axial BIA Herbicide(Syngenta); 전용 SDS 미확보로 동일활성성분(Pinoxaden) 'Axial XL Herbicide' 미국 SDS로 대체 확인했으나 제품 자체 문서 아님; PubChem 성분(Pinoxaden) 참고값 | 원문: PubChem CID 210326 (Pinoxaden) GHS Classification: Warning / H302: Harmful if swallowed [Warning Acute toxicity, oral] / H317: May cause an allergic skin reaction [Warning Sensitization, Skin] / H319: Causes serious eye ",추출값은 있으나 출처 전무,변경,없음,확인 불가,파이프라인소비=아니오(build_input_v5.py 미참조 → X/y/group_key 무영향)
독성코드,검증근거,EyeIrritation6pack_PID1042,"[구조화DB신규조회 재시도·미해결: PubChem 성분 참고값(제품 SDS 아님)] VOLIAM Xpress Insecticide(Syngenta); 전용 SDS 미확보로 동일 성분조합의 'Besiege Insecticide' SDS로 대체 확인, 제품 자체 문서 아님; PubChem 성분(Chlorantraniliprole) 참고값 | 원문: PubChem CID 11271640 (Chlorantraniliprole) GHS Classification: Warning / H319 (39.4%): Causes serious eye irritation [Warning Serious eye damage/eye irritation] / H335 (39.4%): May cause respiratory irritation [Warning S",추출값은 있으나 출처 전무,변경,없음,확인 불가,파이프라인소비=아니오(build_input_v5.py 미참조 → X/y/group_key 무영향)
독성코드,검증근거,EyeIrritation6pack_PID1043,"[구조화DB신규조회 재시도·미해결: PubChem 성분 참고값(제품 SDS 아님)] Waterborne Milltreat 111 Concentrate; 목재보존제 브랜드로 추정되나 SDS 못 찾음; 성분 중 하나(Tebuconazole) PubChem 참고값 | 원문: PubChem CID 86102 (Tebuconazole) GHS Classification: Warning / H302: Harmful if swallowed [Warning Acute toxicity, oral] / H361d ***: Suspected of damaging the unborn child [Warning Reproductive toxicity] / H400: Very to",추출정보 공란 + 출처 접근 실패(링크불가·403/404·로그인·못찾음),변경,없음,확인 불가,파이프라인소비=아니오(build_input_v5.py 미참조 → X/y/group_key 무영향)
독성코드,검증근거,EyeIrritation6pack_PID1044,"[2차재시도(우회) 재시도·미해결: PubChem 성분 참고값(MCPA/Clopyralid/Fluroxypyr-meptyl 3종 조회)] 로컬 힌트 PDF는 무관 제품(용접용 Anti-Spatter 스프레이, Methylene Chloride)이었음이 재확인됨. 실제 제초제 3개 유효성분(MCPA에스터, Clopyralid-올아민, Fluroxypyr-메틸)의 PubChem 참고값을 대신 확보: MCPA(Danger,H302/H312/H315/H318 등), Clopyralid(Danger,H318/H410/H411), Fluroxypyr-meptyl(Warning,H400/H410). 기존 시트값(H315/H319/H335/H336/H351)은 무관 제품 유래로 폐기. 제품(Weld Herbicide) 자체 SDS는 미확보 | 원문: H318: Causes serious eye damage [Danger Serious eye damage/eye irritation]","[로컬PDF검증 2차조사·미해결] PDF는 Welding Chemicals Inc.의 용접용 'Anti-Spatter' 스프레이(Methylene Chloride>90% 단일 용제)로, 제초제 Weld Herbicide(Clopyralid/Fluroxypyr 함유)와 전혀 다른 제품. H코드(H315/H319/H335/H336/H351)가 기존 시트값과 우연히 일치하지만 제품 자체가 다르므로 신뢰할 수 없음. | 원문: Product Identifier: AS-SB-A SOLVENT-BASED ANTI-SPATTER ... Methylene Chloride 75-09-02 >90% ... Signal Word(s): Warning H315 Causes skin irritation. H319 Causes serious eye irritation. H335 May cause respiratory irritati",변경,없음,확인 불가,파이프라인소비=아니오(build_input_v5.py 미참조 → X/y/group_key 무영향)
독성코드,검증근거,EyeIrritation6pack_PID1045,"[구조화DB신규조회 재시도·미해결: PubChem 성분 참고값(제품 SDS 아님)] Willowed Ethofumesate(Willowood/FBN 제네릭 추정); SDS 못 찾음, 대표성분(Ethofumesate) PubChem 참고값 | 원문: PubChem CID 33360 (Ethofumesate) GHS Classification: Warning / H400: Very toxic to aquatic life [Warning Hazardous to the aquatic environment, acute hazard] / H410: Very toxic to aquatic life with long lasting effects [W",추출정보 공란 + 출처 접근 실패(링크불가·403/404·로그인·못찾음),변경,없음,확인 불가,파이프라인소비=아니오(build_input_v5.py 미참조 → X/y/group_key 무영향)
독성코드,검증근거,EyeIrritation6pack_PID1048,"[구조화DB신규조회 재시도·미해결: PubChem 성분 참고값(제품 SDS 아님)] Wolman E(상표가 여러 회사에 분산되어 제품 특정 실패); SDS 못 찾음, 성분 중 하나(Propiconazole) PubChem 참고값 | 원문: PubChem CID 43234 (Propiconazole) GHS Classification: Danger / H302: Harmful if swallowed [Warning Acute toxicity, oral] / H317: May cause an allergic skin reaction [Warning Sensitization, Skin] / H360D: May damage the u",추출정보 공란 + 출처 접근 실패(링크불가·403/404·로그인·못찾음),변경,없음,확인 불가,파이프라인소비=아니오(build_input_v5.py 미참조 → X/y/group_key 무영향)
독성코드,검증근거,EyeIrritation6pack_PID105,"[구조화DB신규조회 재시도·미해결: PubChem 성분 참고값(제품 SDS 아님)] Axial Star Herbicide(Syngenta); ingredient_names 중 'skin Carcinogen'은 데이터 오류로 판단, 실제 성분은 Pinoxaden/Fluroxypyr-meptyl; SDS Section3와 일치하는 대체문서 확인됐으나 제품 자체 SDS 아님; PubChem 성분(Pinoxaden) 참고값 | 원문: PubChem CID 210326 (Pinoxaden) GHS Classification: Warning / H302: Harmful if swallowed [Warning Acute toxicity, oral] / H317: May cause an allergic skin reaction [Warning Sensitization, Skin] / H319: Causes serious eye ",추출값은 있으나 출처 전무 ; 눈 구분 충돌 참조=2B vs H코드유도=2A,변경,없음,확인 불가,파이프라인소비=아니오(build_input_v5.py 미참조 → X/y/group_key 무영향)
독성코드,검증근거,EyeIrritation6pack_PID1050,"[구조화DB신규조회 재시도·미해결: PubChem 성분 참고값(제품 SDS 아님)] WRC-13927-32-0; 제품코드 자체는 미확인, CAS 일치하는 Syngenta SCIMITAR CS SDS로 대체 매칭했으나 제품 자체 문서 아님; PubChem 성분(lambda-Cyhalothrin) 참고값 | 원문: PubChem CID 6440557 (lambda-Cyhalothrin) GHS Classification: Danger / H301: Toxic if swallowed [Danger Acute toxicity, oral] / H312: Harmful in contact with skin [Warning Acute toxicity, dermal] / H330: Fatal if inhaled ",추출값은 있으나 출처 전무,변경,없음,확인 불가,파이프라인소비=아니오(build_input_v5.py 미참조 → X/y/group_key 무영향)
독성코드,검증근거,EyeIrritation6pack_PID1052,"[구조화DB신규조회 재시도·미해결: PubChem 성분 참고값(제품 SDS 아님)] XDE-007 50% Concentrate; 제품 자체 SDS 못 찾음, 활성성분(Noviflumuron) 기술물질 GHS만 확인, 제품(50% 농축물)과 직접 매칭 불가; PubChem 성분 참고값 | 원문: PubChem CID 9828359 (Noviflumuron) GHS Classification: Warning / H361 (90%): Suspected of damaging fertility or the unborn child [Warning Reproductive toxicity] / H362 (90%): May cause harm to breast-fed children [Reprod",추출정보 공란 + 출처 접근 실패(링크불가·403/404·로그인·못찾음),변경,없음,확인 불가,파이프라인소비=아니오(build_input_v5.py 미참조 → X/y/group_key 무영향)
독성코드,검증근거,EyeIrritation6pack_PID1053,"[구조화DB신규조회 재시도·미해결: PubChem 성분 참고값(제품 SDS 아님)] XDE-175; ingredient_names는 '2,4-D'처럼 보이나 CAS 확인 결과 실제로는 2,4-DB 디메틸아민염; PubChem 성분(2,4-DB) 참고값 | 원문: PubChem CID 1489 (2,4-DB) GHS Classification: Warning / H302: Harmful if swallowed [Warning Acute toxicity, oral] / H411: Toxic to aquatic life with long lasting effects [Hazardous to the aquatic environment, long-term h",추출정보 공란 + 출처 접근 실패(링크불가·403/404·로그인·못찾음),변경,없음,확인 불가,파이프라인소비=아니오(build_input_v5.py 미참조 → X/y/group_key 무영향)
독성코드,검증근거,EyeIrritation6pack_PID1055,"[2차재시도(우회) 재시도·미해결: PubChem 성분 참고값(Acetochlor/Clopyralid/Flumetsulam 3종; 퀴녹살린다이옥사이드 유도체 성분명은 특정불가로 미조회)] XDE-PRDX 힌트 PDF는 4성분 중 1개(Conoidin A, 무관 성분)만의 SDS였음이 재확인됨. 확인 가능한 3개 활성성분(Acetochlor/Clopyralid/Flumetsulam)의 PubChem 참고값을 확보했으며, 나머지 1개 성분명(2,3-Bis(bromomethyl)quinoxaline-1,4-dioxide)은 통상 농약 성분명과 달라 정확한 화합물 특정을 못해 미조회. 제품 자체 SDS는 여전히 미확보 | 원문: H317: May cause an allergic skin reaction [Warning Sensitization, Skin]","[로컬PDF검증 2차조사·미해결] PDF는 Cayman Chemical 'Conoidin A'(CAS 18080-67-6) 연구시약용 단일물질 SDS로, XDE-PRDX 4성분(퀴녹살린다이옥사이드 유도체/아세토클로르/클로피랄리드/플루메추람) 중 1개만의 정보. 나머지 주요 활성성분에 대한 정보가 없어 제품 자체 분류 확인 불가. | 원문: Trade name: Conoidin A ... CAS Number: 18080-67-6 ... Classification of the substance or mixture Aquatic Chronic 4 H413 May cause long lasting harmful effects to aquatic life. ... Signal word None",변경,없음,확인 불가,파이프라인소비=아니오(build_input_v5.py 미참조 → X/y/group_key 무영향)
독성코드,검증근거,EyeIrritation6pack_PID1056,"[구조화DB신규조회 재시도·미해결: PubChem 성분 참고값(제품 SDS 아님)] Xemium Fungicide(BASF); 완제품 SDS 못 찾음, 성분별 기술물질 GHS만 확인; PubChem 성분(Pyraclostrobin) 참고값 | 원문: PubChem CID 6422843 (Pyraclostrobin) GHS Classification: Danger / H302: Harmful if swallowed [Warning Acute toxicity, oral] / H315: Causes skin irritation [Warning Skin corrosion/irritation] / H331: Toxic if inhaled [Dan",추출정보 공란 + 출처 접근 실패(링크불가·403/404·로그인·못찾음),변경,없음,확인 불가,파이프라인소비=아니오(build_input_v5.py 미참조 → X/y/group_key 무영향)
독성코드,검증근거,EyeIrritation6pack_PID1061,"[2차재시도(우회) 재시도·미해결: curl(UA 추가) 재시도 실패(로그인 페이지 재확인) → PubChem 성분(Zoxamide+Mancozeb) 참고값] targetmol.com URL을 curl -A ""Mozilla/5.0""로 재시도했으나 여전히 로그인 페이지(HTML)만 반환되어 접근 불가 재확인됨. 실제 유효성분 Zoxamide(Warning,H317/H400/H410)+Mancozeb(Danger/Warning 혼재,H317/H320/H335/H351/H360D/H373/H400/H410) PubChem 참고값 확보. 8:1 블렌드 완제품 자체 SDS는 미확보 | 원문: H360D: May damage the unborn child [Danger Reproductive toxicity]",[웹조사 2차조사·미해결] 유일한 힌트 URL(targetmol.com)이 412로 차단되어 실제 문서 내용을 확인할 수 없음 | 원문: 접속 실패 (HTTP 412 Precondition Failed) - WebFetch 및 curl 재시도 모두 동일하게 실패,변경,없음,확인 불가,파이프라인소비=아니오(build_input_v5.py 미참조 → X/y/group_key 무영향)
독성코드,검증근거,EyeIrritation6pack_PID1062,"[2차재시도(우회): PubChem 성분(=제품 순물질 95-100%) 참고값] 제품명 자체가 'Zoxamide(95_100%)'로 기술원제(순물질)에 해당함. 로컬 힌트 PDF는 명칭 혼동(Zoxamide↔Oxamide, CAS 471-46-5)으로 완전히 다른 물질이었음이 재확인됨. PubChem에서 정확한 Zoxamide(CAS 156052-68-5, CID 122087)의 ECHA 집계 GHS 분류를 확인: Signal Warning, H317(피부감작1)+H400/H410(수생독성)이 다수 알림에서 일치. H319(눈자극)는 소수 알림에서만 확인되어 cat_eye는 확정 보류(null). 기존 시트값(H302/H315/H319/H335, 피부2, 눈2B)은 Oxamide 오염 값으로 판단, 본 값으로 대체함 | 원문: H317: May cause an allergic skin reaction [Warning Sensitization, Skin]","[로컬PDF검증 2차조사·미해결] PDF는 'Oxamide'(CAS 471-46-5, C2H4N2O2)로, 살균제 Zoxamide(CAS 156052-68-5)와는 이름만 유사한 전혀 다른 화학물질. 기존 시트의 신호어·H코드가 이 Oxamide PDF와 정확히 일치하는 점은 이전 작업자가 동일한 명칭 혼동(Zoxamide↔Oxamide)에 빠졌을 가능성을 시사하며, 실제 Zoxamide 제품 분류로는 확인되지 않음. | 원문: Chemical Safety Data Sheet MSDS / SDS Oxamide ... CAS : 471-46-5 ... Signal word Warning Hazard statement(s) H302 Harmful if swallowed H315 Causes skin irritation H319 Causes serious eye irritation H335 May cause respira",변경,없음,확인 불가,파이프라인소비=아니오(build_input_v5.py 미참조 → X/y/group_key 무영향)
독성코드,검증근거,EyeIrritation6pack_PID110,"[2차재시도(우회) 재시도·미해결: PubChem 성분(Glutaraldehyde) 참고값 추가확보(BAC는 기존 확인값 사용)] 힌트 SDS(Carl Roth)는 BAC 단일성분만 다룸(기존 확인: Warning,H315/H319/H335, 피부2/눈2A). 2번째 성분 Glutaraldehyde의 PubChem 참고값(Danger, H301/H302/H314/H317/H318/H330/H331/H334/H370/H372/H400/H411)을 추가 확보한 결과 Glutaraldehyde가 더 심각(피부부식1/눈손상1/감작1/호흡기감작). 완제품(Bactron K-139, 2성분 배합) 자체 SDS는 여전히 미확보, 두 성분 순물질값 병기만 가능 | 원문: H314: Causes severe skin burns and eye damage [Danger Skin corrosion/irritation]","[웹조사 2차조사·미해결] (시도 출처: https://www.carlroth.com/downloads/sdb/en/2/SDB_2999_IE_EN.pdf) 접속은 성공했으나 2성분 완제품(Bactron K-139: BAC+Glutaraldehyde) 중 BAC 단일성분 자료만 확인됨. Glutaraldehyde(5%) 정보가 전혀 없어 완제품 대표 불가(memo와 동일 결론) | 원문: 물질명: Alkylbenzyl dimethyl ammonium chloride / Signal word: Warning / H315, H319, H335 / Skin Category 2, Eye Category 2A",변경,없음,확인 불가,파이프라인소비=아니오(build_input_v5.py 미참조 → X/y/group_key 무영향)
독성코드,검증근거,EyeIrritation6pack_PID116,"[2차재시도(우회) 재시도·미해결: 재시도불필요(구형 pre-GHS 문서, GHS Section2 자체 없음 확인됨 - 이전 조사결과 유지)] PDF(BASF 'Amdro Pro fire ant bait', hydramethylnon, 2000년)는 GHS 시행 이전 구형 MSDS로 Section2 신호어/H코드 자체가 없음. 제품명도 'BAS 320 I'로 명시되지 않아 동일제품 여부도 불확실. 사유가 '구형 문서/GHS 섹션 없음'에 해당하여 새로운 시도는 불필요로 판단, 이전 결론 유지 | 원문: NFPA 704 HAZARD CODES HEALTH: N/R FLAMMABLE: N/R INSTABILITY: N/R","[로컬PDF검증 2차조사·미해결] PDF(BASF 'Amdro Pro fire ant bait', hydramethylnon 0.73%, 2000년 작성)는 GHS 시행 이전 구형 MSDS로 Section2 GHS 신호어/H코드 자체가 없음(NFPA N/R). 제품명도 'BAS 320 I'로 명시되지 않아 동일제품 여부도 완전히 확인되지 않음 - GHS 구분 결론 불가. | 원문: Product No.: 579604 Amdro® Pro fire ant bait ... NFPA 704 HAZARD CODES HEALTH: N/R FLAMMABLE: N/R INSTABILITY: N/R ... Rabbit, Eye Irritation - Not irritating / Rabbit, Skin Irritation - Mildly irritating / Guinea pig, D",변경,없음,확인 불가,파이프라인소비=아니오(build_input_v5.py 미참조 → X/y/group_key 무영향)
독성코드,검증근거,EyeIrritation6pack_PID118,"[2차재시도(우회) 재시도·미해결: PubChem 성분(Pyraclostrobin) 참고값] 로컬 힌트 PDF는 담체/안정제 프리믹스(Lucantin Yellow, BHT/Propyl Gallate 등)로 주활성성분 Pyraclostrobin 분류가 없었음이 재확인됨. Pyraclostrobin 기술원제 PubChem 참고값(Danger, H302/H315/H331/H335/H361d/H370/H373/H400/H410) 확보. 시트의 cat_sens_ghs=1(H317)은 Pyraclostrobin 자체에서는 뒷받침되지 않음(다른 부형제 유래 가능성). 완제품(BAS 500 F 제조용 원제) 자체 SDS는 미확보 | 원문: H331: Toxic if inhaled [Danger Acute toxicity, inhalation]","[로컬PDF검증 2차조사·미해결] PDF는 'Lucantin Yellow 10% NXT'(BASF, 사료용 카로티노이드 착색 첨가제) SDS로, BAS 500 F(Pyraclostrobin 제조용 원제)의 담체/안정제 프리믹스 성분으로 추정됨. 성분(BHT/Propyl Gallate/Ascorbyl palmitate/Phytate/Ethyl apo-carotenoate)은 ingredient_names와 일치하나 주활성성분 Pyraclostrobin 자체 분류가 전혀 없어 완제품(BAS 500 F) 분류를 대표하지 못함. | 원문: Product: Lucantin® Yellow 10% NXT ... 2.1. Classification ... Eye Dam./Irrit. 2 H319 Causes serious eye irritation. Skin Sens. 1 H317 May cause an allergic skin reaction. Aquatic Chronic 2 H411 ... S",변경,없음,확인 불가,파이프라인소비=아니오(build_input_v5.py 미참조 → X/y/group_key 무영향)
독성코드,검증근거,EyeIrritation6pack_PID119,"[구조화DB신규조회 재시도·미해결: PubChem 성분 참고값(제품 SDS 아님)] BAS 510 02 F Turf Fungicide; 'BAS 510 F' 개발코드는 Boscalid 관련 자료로만 확인, Bentazone-sodium과의 병용 여부 불명(성분 불일치 가능성); PubChem 성분(Boscalid) 참고값 | 원문: PubChem CID 213013 (Boscalid) GHS Classification: ",추출정보 공란 + 성분 불일치(다른 제품 SDS 의심),변경,없음,확인 불가,파이프라인소비=아니오(build_input_v5.py 미참조 → X/y/group_key 무영향)
독성코드,검증근거,EyeIrritation6pack_PID124,"[2차재시도(우회) 재시도·미해결: 재시도불필요(스페인어 구형 SDS, GHS H코드 번호 자체 없음) + PubChem 보완조회(Topramezone, GHS 데이터 없음 확인)] 동일 유효성분·농도의 BASF 'CONVEY' SDS(볼리비아)로 제품 동일성은 확인되나 구형 스페인어 SDS라 GHS 신호어/H코드 번호가 없음. PubChem에 Topramezone(CID 11302979)의 GHS Classification 데이터 자체가 없음(PUGVIEW.NotFound)을 추가로 확인하여, 대체 소스로도 값 확정이 불가함을 재확인 | 원문: Producto: CONVEY - BAS 670 01 H / Topramezone 336 g/l / Eye Irrit. Serios daños al ojo/irritación en los ojos","[웹조사 2차조사·미해결] (시도 출처: https://download.basf.com/p1/8a8081c57fd4b609017fe080f75f7e80/es/Hoja_de_Seguridad_-_Convey%C2%AE) 접속은 성공했고 제품 동일성(Topramezone 336g/L)은 확인되나, 이 스페인어 구형 SDS에는 GHS 신호어와 H-statement 코드 번호가 명시되어 있지 않아 값 확정 불가(memo의 주장과 일치) | 원문: Producto: CONVEY - BAS 670 01 H / Topramezone 336 g/l / Eye Irrit. Serios daños al ojo/irritación en los ojos (신호어·H코드 번호 명시 없는 구형식 SDS)",변경,없음,확인 불가,파이프라인소비=아니오(build_input_v5.py 미참조 → X/y/group_key 무영향)
독성코드,검증근거,EyeIrritation6pack_PID126,"[2차재시도(우회) 재시도·미해결: PubChem 성분(Pyraclostrobin) 참고값] 로컬 힌트 PDF는 EPA Fact Sheet(Fluxapyroxad, BASF 실험명 BAS 700 F)로 실제 제품 성분(Pyraclostrobin)과 불일치임이 재확인됨. Pyraclostrobin 기술원제 PubChem 참고값(Danger, H302/H315/H331/H335/H361d/H370/H373/H400/H410)만 확보, 완제품(BAS 703 01 F) 자체 SDS는 미확보 | 원문: H302: Harmful if swallowed [Warning Acute toxicity, oral]","[로컬PDF검증 2차조사·미해결] PDF는 SDS가 아니라 EPA Pesticide Fact Sheet(Fluxapyroxad, BASF 실험명 'BAS 700 F')이며 GHS Section2 분류(신호어/H코드) 자체가 없음. 활성성분도 Pyraclostrobin이 아닌 Fluxapyroxad로 제품 성분과 불일치. | 원문: Name of Chemical: Fluxapyroxad ... Company Experimental Name BAS 700 F ... Technical fluxapyroxad is of low acute toxicity by the oral, dermal and inhalation routes and is not irritating to the eyes and skin.",변경,없음,확인 불가,파이프라인소비=아니오(build_input_v5.py 미참조 → X/y/group_key 무영향)
독성코드,검증근거,EyeIrritation6pack_PID127,"[2차재시도(우회) 재시도·미해결: PubChem 성분 참고값(Pyraclostrobin+Fluxapyroxad 2종 조회)] 힌트 SDS(alco-chem 'Slide' 액체비누)는 무관 제품임이 재확인됨. 실제 2개 유효성분 Pyraclostrobin(Danger,H302/H315/H331/H335/H361d/H370/H373/H400/H410)+Fluxapyroxad(Warning,H351/H362/H400/H410)의 PubChem 참고값 확보. 종자처리제(Seed Treatment) 완제품(Potassium Salts of Fatty Acids 포함) 자체 SDS는 미확보 | 원문: H351: Suspected of causing cancer [Warning Carcinogenicity]","[웹조사 2차조사·미해결] (시도 출처: https://www.alco-chem.com/uploads/7/1/2/5/71257601/slide_0397-5_sds.pdf) 힌트 SDS가 무관한 제품(Slide 액체비누)임을 실제 접속으로 재확인. Pyraclostrobin/Fluxapyroxad 성분 전혀 없음(memo와 동일 결론) | 원문: Product Name: Slide / GHS Signal Word: Warning / Serious Eye Damage/Eye Irritation Category 2A / Skin Corrosion/Irritation Category 3 / H226,H302,H316,H319,H336",변경,없음,확인 불가,파이프라인소비=아니오(build_input_v5.py 미참조 → X/y/group_key 무영향)
독성코드,검증근거,EyeIrritation6pack_PID131,"[구조화DB신규조회 재시도·미해결: PubChem 성분 참고값(제품 SDS 아님)] Bayocide Pour On Insecticide; SDS 못 찾음, 대표성분(Permethrin) PubChem 참고값 | 원문: PubChem CID 40326 (Permethrin) GHS Classification: Warning / H302: Harmful if swallowed [Warning Acute toxicity, oral] / H317: May cause an allergic skin reaction [Warning Sensitization, Skin] / H332: Harmful if inhaled ",추출정보 공란 + 출처 접근 실패(링크불가·403/404·로그인·못찾음),변경,없음,확인 불가,파이프라인소비=아니오(build_input_v5.py 미참조 → X/y/group_key 무영향)
독성코드,검증근거,EyeIrritation6pack_PID134,"[구조화DB신규조회 재시도·미해결: PubChem 성분 참고값(제품 SDS 아님)] Bellacide 325 8-month; SDS 못 찾음, 성분정보(Terbutylazine)도 브랜드와 통상 불일치 가능성; PubChem 성분 참고값 | 원문: PubChem CID 22206 (Terbutylazine) GHS Classification: Warning / H302: Harmful if swallowed [Warning Acute toxicity, oral] / H373: May causes damage to organs through prolonged or repeated exposure [Warning Specific targe",추출정보 공란 + 성분 불일치(다른 제품 SDS 의심),변경,없음,확인 불가,파이프라인소비=아니오(build_input_v5.py 미참조 → X/y/group_key 무영향)
독성코드,검증근거,EyeIrritation6pack_PID142,"[구조화DB신규조회 재시도·미해결: PubChem 성분 참고값(제품 SDS 아님)] Betamix(Bayer); SDS 못 찾음, 대표성분(Desmedipham) PubChem 참고값 | 원문: PubChem CID 24743 (Desmedipham) GHS Classification: Warning / H361d: Suspected of damaging the unborn child [Warning Reproductive toxicity] / H400: Very toxic to aquatic life [Warning Hazardous to the aquatic environment",추출정보 공란 + 출처 접근 실패(링크불가·403/404·로그인·못찾음),변경,없음,확인 불가,파이프라인소비=아니오(build_input_v5.py 미참조 → X/y/group_key 무영향)
독성코드,검증근거,EyeIrritation6pack_PID144,"[구조화DB신규조회 재시도·미해결: PubChem 성분 참고값(제품 SDS 아님)] Bifenthrin 0.069 Insecticide with X-X-X Fertilizer; 비료+살충제 범용 혼합제품, 제조사 특정 불가로 SDS 못 찾음; PubChem 성분(Bifenthrin) 참고값 | 원문: PubChem CID 6442842 (Bifenthrin) GHS Classification: Danger / H300: Fatal if swallowed [Danger Acute toxicity, oral] / H317: May cause an allergic skin reaction [Warning Sensitization, Skin] / H331: Toxic if inhaled [Dan",추출정보 공란 + 출처 접근 실패(링크불가·403/404·로그인·못찾음),변경,없음,확인 불가,파이프라인소비=아니오(build_input_v5.py 미참조 → X/y/group_key 무영향)
독성코드,검증근거,EyeIrritation6pack_PID146,"[구조화DB신규조회 재시도·미해결: PubChem 성분 참고값(제품 SDS 아님)] Bifenthrin 0.073 Insecticide with X-X-X Fertilizer; EPA등록정보(pomerix, Reg 70506-126)만 확인, GHS Section11 자료 없음; PubChem 성분(Bifenthrin) 참고값 | 원문: PubChem CID 6442842 (Bifenthrin) GHS Classification: Danger / H300: Fatal if swallowed [Danger Acute toxicity, oral] / H317: May cause an allergic skin reaction [Warning Sensitization, Skin] / H331: Toxic if inhaled [Dan",추출정보 공란 + 미분류 메모: 정식 SDS 못찾음(검색엔진 접근 제한); EPA 등록정보(pomerix,변경,없음,확인 불가,파이프라인소비=아니오(build_input_v5.py 미참조 → X/y/group_key 무영향)
독성코드,검증근거,EyeIrritation6pack_PID147,"[구조화DB신규조회 재시도·미해결: PubChem 성분 참고값(제품 SDS 아님)] Bifenthrin 0.073 RU Insecticide with X-X-X Fertilizer; EPA등록정보(pomerix, Reg 70506-127)만 확인, GHS Section11 자료 없음; PubChem 성분(Bifenthrin) 참고값 | 원문: PubChem CID 6442842 (Bifenthrin) GHS Classification: Danger / H300: Fatal if swallowed [Danger Acute toxicity, oral] / H317: May cause an allergic skin reaction [Warning Sensitization, Skin] / H331: Toxic if inhaled [Dan",추출정보 공란 + 미분류 메모: 정식 SDS 못찾음(검색엔진 접근 제한); EPA 등록정보(pomerix,변경,없음,확인 불가,파이프라인소비=아니오(build_input_v5.py 미참조 → X/y/group_key 무영향)
독성코드,검증근거,EyeIrritation6pack_PID149,"[2차재시도(우회) 재시도·미해결: PubChem 성분(Bifenthrin) 참고값(row49와 동일 성분)] 힌트 SDS(Batallion LFC, 17.15%)는 실제 제품(0.086% 초저농도 비료혼합)과 농도가 약 200배 차이나 그대로 적용 부적절임이 재확인됨. Bifenthrin 기술원제 PubChem 참고값(Danger, H300/H311/H317/H331/H351/H370/H372/H400/H410)만 확보. 저농도 완제품 자체 GHS 분류는 확정 불가 | 원문: H351: Suspected of causing cancer [Warning Carcinogenicity]","[웹조사 2차조사·미해결] (시도 출처: https://assets.greenbook.net/01-36-00-26-02-2021-Ms_2687.pdf) 제품명·EPA등록번호·활성성분 농도(17.15% vs 대상제품 0.086%)가 모두 다른 별개 제품(Batallion LFC)으로 확인됨. 제조사 주소만 일치. 농도차가 커 H코드/독성구분을 그대로 적용하기 부적절(memo와 동일 결론) | 원문: PRODUCT NAME: A110.04 [ABN: Batallion LFC], Bifenthrin 17.15% / DANGER, H301/H370/H372/H351/H400+H410 / EYE IRRITATION (rabbit): minimally irritating; SKIN SENSITIZATION: Not a contact sensitizer",변경,없음,확인 불가,파이프라인소비=아니오(build_input_v5.py 미참조 → X/y/group_key 무영향)
독성코드,검증근거,EyeIrritation6pack_PID151,"[구조화DB신규조회 재시도·미해결: PubChem 성분 참고값(제품 SDS 아님) - 대표성분 Bifenthrin, CID 6442842] 대표성분 Bifenthrin(CID 6442842) PubChem GHS: 신호어=Danger,Warning, H코드=[H300, H317, H331, H351, H372, H400, H410, H311, H370]. 성분 기준 추정 분류 - 눈:Not classified (해당 성분 GHS자료에 눈자극 코드 없음) / 피부:Not classified / 감작:피부감작 1 (H317). 시트 기존 cat_eye_ghs='2B' (성분자료상 근거 불일치 또는 확인불가). 제품(Bifenthrin 8% ME)은 성분과 다른 상품명이라 이 값은 제품 SDS가 아닌 성분 참고값임. | 원문: Signal: Danger / GHS Hazard Statements: H300: Fatal if swallowed [Danger Acute toxicity, or",추출정보 공란 + 미분류 메모: 정식 SDS 못찾음(검색엔진 접근 제한); EPA 등록정보(pomerix,변경,없음,확인 불가,파이프라인소비=아니오(build_input_v5.py 미참조 → X/y/group_key 무영향)
독성코드,검증근거,EyeIrritation6pack_PID154,"[구조화DB신규조회 재시도·미해결: PubChem 성분 참고값(제품 SDS 아님) - 대표성분 Bifenthrin, CID 6442842] 대표성분 Bifenthrin(CID 6442842) PubChem GHS: 신호어=Danger,Warning, H코드=[H300, H317, H331, H351, H372, H400, H410, H311, H370]. 성분 기준 추정 분류 - 눈:Not classified (해당 성분 GHS자료에 눈자극 코드 없음) / 피부:Not classified / 감작:피부감작 1 (H317). 시트 기존 cat_eye_ghs='2B' (성분자료상 근거 불일치 또는 확인불가). 제품(Biflex 5T)은 성분과 다른 상품명이라 이 값은 제품 SDS가 아닌 성분 참고값임. | 원문: Signal: Danger / GHS Hazard Statements: H300: Fatal if swallowed [Danger Acute toxicity, oral] / G",추출정보 공란 + 출처 접근 실패(링크불가·403/404·로그인·못찾음),변경,없음,확인 불가,파이프라인소비=아니오(build_input_v5.py 미참조 → X/y/group_key 무영향)
독성코드,검증근거,EyeIrritation6pack_PID155,"[구조화DB신규조회 재시도·미해결: PubChem 성분 참고값(제품 SDS 아님) - 대표성분 Bifenthrin, CID 6442842] 대표성분 Bifenthrin(CID 6442842) PubChem GHS: 신호어=Danger,Warning, H코드=[H300, H317, H331, H351, H372, H400, H410, H311, H370]. 성분 기준 추정 분류 - 눈:Not classified (해당 성분 GHS자료에 눈자극 코드 없음) / 피부:Not classified / 감작:피부감작 1 (H317). 시트 기존 cat_eye_ghs='2B' (성분자료상 근거 불일치 또는 확인불가). 제품(Biflex SFR)은 성분과 다른 상품명이라 이 값은 제품 SDS가 아닌 성분 참고값임. | 원문: Signal: Danger / GHS Hazard Statements: H300: Fatal if swallowed [Danger Acute toxicity, oral] / ",추출정보 공란 + 출처 접근 실패(링크불가·403/404·로그인·못찾음),변경,없음,확인 불가,파이프라인소비=아니오(build_input_v5.py 미참조 → X/y/group_key 무영향)
독성코드,검증근거,EyeIrritation6pack_PID168,"[2차재시도(우회) 재시도·미해결: PubChem 성분(Spinosad, Spinosyn A&D) 참고값] 로컬 힌트 PDF는 액상 스프레이 제품(0.001%)으로 대상 Dust 제형과 다름이 재확인됨. Spinosad(Spinosyn A/D) 기술물질 PubChem 참고값(Warning/Danger 혼재, H317/H318/H331/H360/H370/H400/H410) 확보. Dust 제형 완제품 자체 GHS는 미확보 | 원문: H318: Causes serious eye damage [Danger Serious eye damage/eye irritation]","[로컬PDF검증 2차조사·미해결] PDF는 'Bonide Captain Jack's Deadbug Brew Ready to Use'(스피노사드 0.001% 액상 스프레이)로, 대상 제품(Bonide Spinosad Dust, 분말형)과 제형·농도가 다른 별개 제품. GHS-US 분류가 'Not classified'로 명시되어 있으나 이는 이 액상제품 자체에 대한 것으로 Dust 제형에 그대로 적용할 수 없음. | 원문: Product name: Bonide Captain Jack's Deadbug Brew Ready to Use ... Classification (GHS-US) Not classified ... Name: Spinosad A & D ... 0.001%",변경,없음,확인 불가,파이프라인소비=아니오(build_input_v5.py 미참조 → X/y/group_key 무영향)
독성코드,검증근거,EyeIrritation6pack_PID18,"[구조화DB신규조회 재시도·미해결: PubChem 성분 참고값(제품 SDS 아님) - 대표성분 1,2-Benzisothiazol-3(2H)-one, CID 17520] 대표성분 1,2-Benzisothiazol-3(2H)-one(CID 17520) PubChem GHS: 신호어=Danger, H코드=[H302, H315, H317, H318, H330, H400, H410, H411, H371]. 성분 기준 추정 분류 - 눈:1 (H318 Causes serious eye damage) / 피부:2 (H315 피부자극) / 감작:피부감작 1 (H317). 시트 기존 cat_eye_ghs=1 (성분자료와 일치). 제품(464-TEN/CANGUARD BIT 20 PRESERVATIVE)은 성분과 다른 상품명이라 이 값은 제품 SDS가 아닌 성분 참고값임. | 원문: Signal: Danger / GHS Hazard Statements: H302: Harmful if swallowed [",추출정보 공란 + 출처 접근 실패(링크불가·403/404·로그인·못찾음),변경,없음,확인 불가,파이프라인소비=아니오(build_input_v5.py 미참조 → X/y/group_key 무영향)
독성코드,검증근거,EyeIrritation6pack_PID195,"[2차재시도(우회) 재시도·미해결: PubChem 성분(Captan) 참고값 재확인(기존 Sigma-Aldrich SDS 값과 대체로 일치)] PubChem 집계자료도 Captan 기술원제 기준(Danger, H315/H317/H318/H330/H331/H351/H400/H410)으로 기존 Sigma-Aldrich SDS 값과 대체로 일치함을 재확인. 다만 완제품(Captan 80 WDG)의 부형제 성분(Maleic acid disodium salt/Silica/Phenol/Toluene)에 대한 정보는 여전히 없어 완제품 자체 확정은 불가 | 원문: H318: Causes serious eye damage [Danger Serious eye damage/eye irritation]","[로컬PDF검증 2차조사·미해결] PDF는 Sigma-Aldrich Captan 기술원제(90-100%, CAS 133-06-2) 단독 SDS로, 완제품 Captan 80 WDG(Captan 80%에 Maleic acid disodium salt/Silica/Phenol/Toluene 등 부형제 포함)의 완제품 자체 분류가 아님. 기존 시트값(Danger/H331,H318,H317,H351,H400)이 이 기술원제 SDS와 정확히 일치하지만, 이는 원료 성분 분류이므로 완제품 눈구분(2A vs 1) 등 최종 확인은 불가. | 원문: Product name: Captan ... CAS-No.: 133-06-2 ... GHS Classification ... Serious eye damage (Category 1), H318 ... Signal word Danger Hazard statement(s) H317 May cause an allergic skin reaction. H318 C",변경,없음,확인 불가,파이프라인소비=아니오(build_input_v5.py 미참조 → X/y/group_key 무영향)
독성코드,검증근거,EyeIrritation6pack_PID197,"[구조화DB신규조회 재시도·미해결: PubChem 성분 참고값(제품 SDS 아님) - 대표성분 Bifenthrin, CID 6442842] 대표성분 Bifenthrin(CID 6442842) PubChem GHS: 신호어=Danger,Warning, H코드=[H300, H317, H331, H351, H372, H400, H410, H311, H370]. 성분 기준 추정 분류 - 눈:Not classified (해당 성분 GHS자료에 눈자극 코드 없음) / 피부:Not classified / 감작:피부감작 1 (H317). 시트 기존 cat_eye_ghs='2B' (성분자료상 근거 불일치 또는 확인불가). 제품(Capture 1.15G)은 성분과 다른 상품명이라 이 값은 제품 SDS가 아닌 성분 참고값임. | 원문: Signal: Danger / GHS Hazard Statements: H300: Fatal if swallowed [Danger Acute toxicity, oral]",추출정보 공란 + 출처 접근 실패(링크불가·403/404·로그인·못찾음),변경,없음,확인 불가,파이프라인소비=아니오(build_input_v5.py 미참조 → X/y/group_key 무영향)
독성코드,검증근거,EyeIrritation6pack_PID205,"[구조화DB신규조회 재시도·미해결: PubChem 성분 참고값(제품 SDS 아님) - 대표성분 Isopropanol, CID 3776] 대표성분 Isopropanol(CID 3776) PubChem GHS: 신호어=Danger, H코드=[H225, H319, H336, H318, H373, H400, H410, H335, H361, H370, H372, H303, H305, H313]. 성분 기준 추정 분류 - 눈:1 (H318 Causes serious eye damage) / 피부:Not classified / 감작:Not classified. 시트 기존 cat_eye_ghs='2A' (성분자료와 일치). 제품(Cavicide 1)은 성분과 다른 상품명이라 이 값은 제품 SDS가 아닌 성분 참고값임. | 원문: Signal: Danger / GHS Hazard Statements: H225: Highly Flammable liquid and vapor [Danger Flammab",추출정보 공란 + 출처 접근 실패(링크불가·403/404·로그인·못찾음),변경,없음,확인 불가,파이프라인소비=아니오(build_input_v5.py 미참조 → X/y/group_key 무영향)
독성코드,검증근거,EyeIrritation6pack_PID213,"[구조화DB신규조회 재시도·미해결: PubChem 성분 참고값(제품 SDS 아님) - 대표성분 Thiencarbazone-methyl, CID 11205153] 대표성분 Thiencarbazone-methyl(CID 11205153) PubChem GHS: 신호어=Warning, H코드=[H400, H410]. 성분 기준 추정 분류 - 눈:Not classified (해당 성분 GHS자료에 눈자극 코드 없음) / 피부:Not classified / 감작:Not classified. 시트 기존 cat_eye_ghs='2B' (성분자료상 근거 불일치 또는 확인불가). 제품(Celsius WG)은 성분과 다른 상품명이라 이 값은 제품 SDS가 아닌 성분 참고값임. | 원문: Signal: Warning / GHS Hazard Statements: H400: Very toxic to aquatic life [Warning Hazardous to the aquatic environment, ",추출정보 공란 + 출처 접근 실패(링크불가·403/404·로그인·못찾음),변경,없음,확인 불가,파이프라인소비=아니오(build_input_v5.py 미참조 → X/y/group_key 무영향)
독성코드,검증근거,EyeIrritation6pack_PID214,"[구조화DB신규조회 재시도·미해결: PubChem 성분 참고값(제품 SDS 아님) - 대표성분 Fipronil, CID 3352] 대표성분 Fipronil(CID 3352) PubChem GHS: 신호어=Danger, H코드=[H301, H311, H331, H372, H400, H410, H330, H351, H361, H370, H373, H319]. 성분 기준 추정 분류 - 눈:2A (H319 Causes serious eye irritation) / 피부:Not classified / 감작:Not classified. 시트 기존 cat_eye_ghs='2B' (성분자료상 근거 불일치 또는 확인불가). 제품(Certifect for Dogs)은 성분과 다른 상품명이라 이 값은 제품 SDS가 아닌 성분 참고값임. | 원문: Signal: Danger / GHS Hazard Statements: H301: Toxic if swallowed [Danger Acute toxicity,",추출정보 공란 + 출처 접근 실패(링크불가·403/404·로그인·못찾음),변경,없음,확인 불가,파이프라인소비=아니오(build_input_v5.py 미참조 → X/y/group_key 무영향)
독성코드,검증근거,EyeIrritation6pack_PID217,"[구조화DB신규조회 재시도·미해결: PubChem 성분 참고값(제품 SDS 아님) - 대표성분 Metribuzin, CID 30479] 대표성분 Metribuzin(CID 30479) PubChem GHS: 신호어=Danger,Warning, H코드=[H302, H373, H400, H410, H331, H303]. 성분 기준 추정 분류 - 눈:Not classified (해당 성분 GHS자료에 눈자극 코드 없음) / 피부:Not classified / 감작:Not classified. 시트 기존 cat_eye_ghs='2B' (성분자료상 근거 불일치 또는 확인불가). 제품(Charger)은 성분과 다른 상품명이라 이 값은 제품 SDS가 아닌 성분 참고값임. | 원문: Signal: Warning / GHS Hazard Statements: H302: Harmful if swallowed [Warning Acute toxicity, oral] / GHS Hazard Statement",추출정보 공란 + 출처 접근 실패(링크불가·403/404·로그인·못찾음),변경,없음,확인 불가,파이프라인소비=아니오(build_input_v5.py 미참조 → X/y/group_key 무영향)
독성코드,검증근거,EyeIrritation6pack_PID218,"[구조화DB신규조회 재시도·미해결: PubChem 성분 참고값(제품 SDS 아님) - 대표성분 Metalaxyl, CID 42586] 대표성분 Metalaxyl(CID 42586) PubChem GHS: 신호어=Warning, H코드=[H302, H317, H412]. 성분 기준 추정 분류 - 눈:Not classified (해당 성분 GHS자료에 눈자극 코드 없음) / 피부:Not classified / 감작:피부감작 1 (H317). 시트 기존 cat_eye_ghs='2A' (성분자료상 근거 불일치 또는 확인불가). 제품(Charter F3 Fungicide Seed Treatment)은 성분과 다른 상품명이라 이 값은 제품 SDS가 아닌 성분 참고값임. | 원문: Signal: Warning / GHS Hazard Statements: H302: Harmful if swallowed [Warning Acute toxicity, oral] / GHS Hazard Statement",추출정보 공란 + 출처 접근 실패(링크불가·403/404·로그인·못찾음),변경,없음,확인 불가,파이프라인소비=아니오(build_input_v5.py 미참조 → X/y/group_key 무영향)
독성코드,검증근거,EyeIrritation6pack_PID219,"[구조화DB신규조회 재시도·미해결: PubChem 성분 참고값(제품 SDS 아님) - 대표성분 Flumioxazin, CID 92425] 대표성분 Flumioxazin(CID 92425) PubChem GHS: 신호어=Danger,Warning, H코드=[H361, H400, H410, H360]. 성분 기준 추정 분류 - 눈:Not classified (해당 성분 GHS자료에 눈자극 코드 없음) / 피부:Not classified / 감작:Not classified. 시트 기존 cat_eye_ghs='2B' (성분자료상 근거 불일치 또는 확인불가). 제품(Chateau Herbicide)은 성분과 다른 상품명이라 이 값은 제품 SDS가 아닌 성분 참고값임. | 원문: Signal: Warning / GHS Hazard Statements: H361d: Suspected of damaging the unborn child [Warning Reproductive toxicity] / ",추출정보 공란 + 출처 접근 실패(링크불가·403/404·로그인·못찾음),변경,없음,확인 불가,파이프라인소비=아니오(build_input_v5.py 미참조 → X/y/group_key 무영향)
독성코드,검증근거,EyeIrritation6pack_PID222,"[2차재시도(우회) 재시도·미해결: PubChem 성분 참고값(Prallethrin/2-Phenylphenol/lambda-Cyhalothrin 3종 조회)] 로컬 힌트 PDF는 자동차용 언더코팅 에어로졸로 무관함이 재확인됨. 실제 3개 활성성분 PubChem 참고값 확보: Prallethrin(Danger,H302/H331/H400/H410), 2-Phenylphenol(Danger,H314/H315/H317/H318/H319/H351 등), lambda-Cyhalothrin(Danger,H301/H311/H319/H320/H330/H370/H372/H400/H410). 2-Phenylphenol이 가장 심각(피부부식1/눈손상1/감작1). 완제품(에어로졸) 자체 SDS는 미확보 | 원문: H314: Causes severe skin burns and eye damage [Danger Skin corrosion/irritation]","[로컬PDF검증 2차조사·미해결] PDF는 Dodge社의 자동차용 언더코팅 에어로졸(아세톤/부탄/자일렌 함유)로, 대상 살충제 에어로졸(Prallethrin/2-Phenylphenol/lambda-Cyhalothrin)과 전혀 무관한 제품. 제품 자체 분류 확인 불가. | 원문: Safety Data Sheet Undercoat (All Colors) (Aerosol) ... Ingredient/Chemical Designations Acetone ... Butane ... Xylene",변경,없음,확인 불가,파이프라인소비=아니오(build_input_v5.py 미참조 → X/y/group_key 무영향)
독성코드,검증근거,EyeIrritation6pack_PID223,"[구조화DB신규조회 재시도·미해결: PubChem 성분 참고값(제품 SDS 아님) - 대표성분 2,4-Dichlorophenoxyacetic acid, CID 1486] 대표성분 2,4-Dichlorophenoxyacetic acid(CID 1486) PubChem GHS: 신호어=Danger,Warning, H코드=[H302, H317, H318, H335, H412, H312, H334, H400, H410, H319, H336, H351, H361, H370, H372, H402, H313, H316, H320, H332, H373]. 성분 기준 추정 분류 - 눈:1 (H318 Causes serious eye damage) / 피부:Not classified / 감작:피부감작 1 (H317), 호흡기감작 1 (H334). 시트 기존 cat_eye_ghs='2B' (성분자료와 일치). 제품(Chemsico Pesticide Concentrate WI-N)은 성분과 다른 상품명이",추출정보 공란 + 출처 접근 실패(링크불가·403/404·로그인·못찾음),변경,없음,확인 불가,파이프라인소비=아니오(build_input_v5.py 미참조 → X/y/group_key 무영향)
독성코드,검증근거,EyeIrritation6pack_PID224,"[구조화DB신규조회 재시도·미해결: PubChem 성분 참고값(제품 SDS 아님) - 대표성분 Piperonyl butoxide, CID 5794] 대표성분 Piperonyl butoxide(CID 5794) PubChem GHS: 신호어=Warning, H코드=[H319, H335, H400, H410, H317, H373]. 성분 기준 추정 분류 - 눈:2A (H319 Causes serious eye irritation) / 피부:Not classified / 감작:피부감작 1 (H317). 시트 기존 cat_eye_ghs='2B' (성분자료상 근거 불일치 또는 확인불가). 제품(Chemsico Pesticide Concentrate WI-S)은 성분과 다른 상품명이라 이 값은 제품 SDS가 아닌 성분 참고값임. | 원문: Signal: Warning / GHS Hazard Statements: H319: Causes serious eye irritation [Warning S",추출정보 공란 + 출처 접근 실패(링크불가·403/404·로그인·못찾음),변경,없음,확인 불가,파이프라인소비=아니오(build_input_v5.py 미참조 → X/y/group_key 무영향)
독성코드,검증근거,EyeIrritation6pack_PID225,"[구조화DB신규조회 재시도·미해결: PubChem 성분 참고값(제품 SDS 아님) - 대표성분 gamma-Cyhalothrin, CID 6440554] 대표성분 gamma-Cyhalothrin(CID 6440554) PubChem GHS: 신호어=Danger, H코드=[H300, H312, H317, H330, H372, H400, H410]. 성분 기준 추정 분류 - 눈:Not classified (해당 성분 GHS자료에 눈자극 코드 없음) / 피부:Not classified / 감작:피부감작 1 (H317). 시트 기존 cat_eye_ghs='2B' (성분자료상 근거 불일치 또는 확인불가). 제품(Chemsico Pesticide Granules WI-N)은 성분과 다른 상품명이라 이 값은 제품 SDS가 아닌 성분 참고값임. | 원문: Signal: Danger / GHS Hazard Statements: H300+H330 (100%): Fatal if swallowed or i",추출정보 공란 + 출처 접근 실패(링크불가·403/404·로그인·못찾음),변경,없음,확인 불가,파이프라인소비=아니오(build_input_v5.py 미참조 → X/y/group_key 무영향)
독성코드,검증근거,EyeIrritation6pack_PID226,"[구조화DB신규조회 재시도·미해결: PubChem 성분 참고값(제품 SDS 아님) - 대표성분 Diphacinone, CID 6719] 대표성분 Diphacinone(CID 6719) PubChem GHS: 신호어=Danger, H코드=[H300, H372, H310, H332, H330, H371]. 성분 기준 추정 분류 - 눈:Not classified (해당 성분 GHS자료에 눈자극 코드 없음) / 피부:Not classified / 감작:Not classified. 시트 기존 cat_eye_ghs='2B' (성분자료상 근거 불일치 또는 확인불가). 제품(Chemsico Pesticide Granules WI-S)은 성분과 다른 상품명이라 이 값은 제품 SDS가 아닌 성분 참고값임. | 원문: Signal: Danger / GHS Hazard Statements: H300: Fatal if swallowed [Danger Acute toxicity, oral] / GHS Haz",추출정보 공란 + 출처 접근 실패(링크불가·403/404·로그인·못찾음),변경,없음,확인 불가,파이프라인소비=아니오(build_input_v5.py 미참조 → X/y/group_key 무영향)
독성코드,검증근거,EyeIrritation6pack_PID228,"[구조화DB신규조회: 비유해물질/GHS 미분류 확인 - PubChem 성분 조회 (Fosetyl-aluminium, CID 6328269) - GHS Classification: None found] 대표성분 Fosetyl-aluminium(1순위 성분, CID 6328269)은 PubChem GHS Classification 섹션 자체가 없음(비유해물질 참고, 성분 기준). 2차 성분 Triticonazole(CID 6537961)은 H411 만 확인되어 눈자극(H318/H319/H320) 근거 없음 — 시트의 cat_eye_ghs=2B와 불일치. 제품(Chipco Brand Triton 70 WDG Fungicide) 자체 SDS는 아니며 성분 참고값임. | 원문: PubChem pug_view 응답: {""Fault"": {""Code"": ""PUGVIEW.NotFound"", ""Message"": ""No data found""}} (heading=GHS Classification)",추출정보 공란 + 출처 접근 실패(링크불가·403/404·로그인·못찾음),변경,없음,확인 불가,파이프라인소비=아니오(build_input_v5.py 미참조 → X/y/group_key 무영향)
독성코드,검증근거,EyeIrritation6pack_PID229,"[구조화DB신규조회 재시도·미해결: PubChem 성분 참고값(제품 SDS 아님) - 대표성분 Sodium hypochlorite, CID 23665760] 대표성분 Sodium hypochlorite(CID 23665760) PubChem GHS: 신호어=Danger, H코드=[H314, H318, H400, H410, H290, H315, H335, H411, H373, H371]. 성분 기준 추정 분류 - 눈:1 (H318 Causes serious eye damage) / 피부:1 (H314 피부 부식) / 감작:Not classified. 시트 기존 cat_eye_ghs=1 (성분자료와 일치). 제품(Chlorine Bleach Sanitizer)은 성분과 다른 상품명이라 이 값은 제품 SDS가 아닌 성분 참고값임. | 원문: Signal: Danger / GHS Hazard Statements: H314: Causes severe skin burns and eye dama",추출정보 공란 + 출처 접근 실패(링크불가·403/404·로그인·못찾음),변경,없음,확인 불가,파이프라인소비=아니오(build_input_v5.py 미참조 → X/y/group_key 무영향)
독성코드,검증근거,EyeIrritation6pack_PID23,"[2차재시도(우회) 재시도·미해결: PubChem 성분(Azoxystrobin+Cyproconazole) 참고값] 힌트 SDS(Carl Roth)는 순수 Copper(II) hydroxide였음이 재확인됨(무관). 실제 2개 유효성분 Azoxystrobin(Danger,H331/H370/H400/H410)+Cyproconazole(Danger,H301/H302/H360D/H361/H370/H373/H400/H410)의 PubChem 참고값 확보. 눈/피부/감작 코드는 두 성분 모두에서 확인되지 않아 시트의 cat_eye_ghs='2B'는 뒷받침되지 않음. 완제품(A12010C, Copper hydroxide 포함 3성분 배합) 자체 SDS는 미확보 | 원문: H360D: May damage the unborn child [Danger Reproductive toxicity]",[웹조사 2차조사·미해결] (시도 출처: https://www.carlroth.com/medias/SDB-9864-MT-EN.pdf?context=bWFzdGVyfHNlY3VyaXR5RGF0YXNoZWV0c3wzNDk5NTl8YXBwbGljYXRpb24vcGRmfGFEZGpMMmhqWWk4NU1qTXpNRGc0TlRFeU1ETXdMMU5FUWw4NU9EWTBYMDFVWDBWT0xuQmtaZ3w5YTk3MjkyMTI2YTdkMTBkNGUwYTI5ZjAwMTEzM2JiOGM4ZTIzZThmMjVhOTUzOWY4NTMxZTE3Yjk4MTgxNDZl) 힌트 SDS는 순수 Copper(II) hydroxide 시약(Carl Roth)이며 실제 제품(A12010C: Azoxystrobin+Cyproconazole 함유)과 성분 불일치 재확인됨(memo와 동일 결론) | 원문: 물질명: Copper(II) hydroxide / GHS 신호어: Warning (H-statement 코드와 눈 손상,변경,없음,확인 불가,파이프라인소비=아니오(build_input_v5.py 미참조 → X/y/group_key 무영향)
독성코드,검증근거,EyeIrritation6pack_PID24,"[구조화DB신규조회 재시도·미해결: PubChem 성분 참고값(제품 SDS 아님) - 대표성분 Abamectin, CID 9920327] 대표성분 Abamectin(CID 9920327) PubChem GHS: 신호어=Danger, H코드=[H300, H330, H361, H372, H400, H410, H311, H260, H314, H317, H334, H373]. 성분 기준 추정 분류 - 눈:Not classified (해당 성분 GHS자료에 눈자극 코드 없음) / 피부:1 (H314 피부 부식) / 감작:피부감작 1 (H317), 호흡기감작 1 (H334). 시트 기존 cat_eye_ghs='Not classified' (성분자료상 근거 불일치 또는 확인불가). 제품(Abacus LoV Agricultural Miticide/Insecticide)은 성분과 다른 상품명이라 이 값은 제품 SDS가 아닌 성분 참고값임. | 원문: Signal: Danger / GHS Hazard",추출값은 있으나 출처 전무,변경,없음,확인 불가,파이프라인소비=아니오(build_input_v5.py 미참조 → X/y/group_key 무영향)
독성코드,검증근거,EyeIrritation6pack_PID240,"[구조화DB신규조회 재시도·미해결: PubChem 성분 참고값(제품 SDS 아님) - 대표성분 Imazamox, CID 86137] 대표성분 Imazamox(CID 86137) PubChem GHS: 신호어=Warning, H코드=[H361, H400, H410]. 성분 기준 추정 분류 - 눈:Not classified (해당 성분 GHS자료에 눈자극 코드 없음) / 피부:Not classified / 감작:Not classified. 시트 기존 cat_eye_ghs='2B' (성분자료상 근거 불일치 또는 확인불가). 제품(Clearcast 2.7G Herbicide)은 성분과 다른 상품명이라 이 값은 제품 SDS가 아닌 성분 참고값임. | 원문: Signal: Warning / GHS Hazard Statements: H361d: Suspected of damaging the unborn child [Warning Reproductive toxicity] / GHS Hazard S",추출값은 있으나 출처 전무,변경,없음,확인 불가,파이프라인소비=아니오(build_input_v5.py 미참조 → X/y/group_key 무영향)
독성코드,검증근거,EyeIrritation6pack_PID242,"[구조화DB신규조회 재시도·미해결: PubChem 성분 참고값(제품 SDS 아님) - 대표성분 Metribuzin, CID 30479] 대표성분 Metribuzin(CID 30479) PubChem GHS: 신호어=Danger,Warning, H코드=[H302, H373, H400, H410, H331, H303]. 성분 기준 추정 분류 - 눈:Not classified (해당 성분 GHS자료에 눈자극 코드 없음) / 피부:Not classified / 감작:Not classified. 시트 기존 cat_eye_ghs='2B' (성분자료상 근거 불일치 또는 확인불가). 제품(Cloak Ex Bulk Product)은 성분과 다른 상품명이라 이 값은 제품 SDS가 아닌 성분 참고값임. | 원문: Signal: Warning / GHS Hazard Statements: H302: Harmful if swallowed [Warning Acute toxicity, oral] / GHS Ha",추출정보 공란 + 출처 접근 실패(링크불가·403/404·로그인·못찾음),변경,없음,확인 불가,파이프라인소비=아니오(build_input_v5.py 미참조 → X/y/group_key 무영향)
독성코드,검증근거,EyeIrritation6pack_PID243,"[구조화DB신규조회 재시도·미해결: PubChem 성분 참고값(제품 SDS 아님) - 대표성분 Metribuzin, CID 30479] 대표성분 Metribuzin(CID 30479) PubChem GHS: 신호어=Danger,Warning, H코드=[H302, H373, H400, H410, H331, H303]. 성분 기준 추정 분류 - 눈:Not classified (해당 성분 GHS자료에 눈자극 코드 없음) / 피부:Not classified / 감작:Not classified. 시트 기존 cat_eye_ghs='2B' (성분자료상 근거 불일치 또는 확인불가). 제품(Cloak Ex Herbicide)은 성분과 다른 상품명이라 이 값은 제품 SDS가 아닌 성분 참고값임. | 원문: Signal: Warning / GHS Hazard Statements: H302: Harmful if swallowed [Warning Acute toxicity, oral] / GHS Hazar",추출정보 공란 + 출처 접근 실패(링크불가·403/404·로그인·못찾음),변경,없음,확인 불가,파이프라인소비=아니오(build_input_v5.py 미참조 → X/y/group_key 무영향)
독성코드,검증근거,EyeIrritation6pack_PID251,"[구조화DB신규조회 재시도·미해결: PubChem 성분 참고값(제품 SDS 아님) - 대표성분 Clothianidin, CID 86287519] 대표성분 Clothianidin(CID 86287519) PubChem GHS: 신호어=Danger,Warning, H코드=[H302, H361, H370, H400, H410, H317, H350, H360, H372, H373]. 성분 기준 추정 분류 - 눈:Not classified (해당 성분 GHS자료에 눈자극 코드 없음) / 피부:Not classified / 감작:피부감작 1 (H317). 시트 기존 cat_eye_ghs='2B' (성분자료상 근거 불일치 또는 확인불가). 제품(Clutch 50 WDG)은 성분과 다른 상품명이라 이 값은 제품 SDS가 아닌 성분 참고값임. | 원문: Signal: Danger / GHS Hazard Statements: H302: Harmful if swallowed [Warning Acute ",추출값은 있으나 출처 전무 ; 메모에 출처 접근 실패 흔적이 남아 있음 — 값의 근거 재확인 필요,변경,없음,확인 불가,파이프라인소비=아니오(build_input_v5.py 미참조 → X/y/group_key 무영향)
독성코드,검증근거,EyeIrritation6pack_PID263,"[구조화DB신규조회 재시도·미해결: PubChem 성분 참고값(제품 SDS 아님) - 대표성분 Boscalid, CID 213013] 대표성분 Boscalid(CID 213013) PubChem GHS: 신호어=없음, H코드=[H411, H401]. 성분 기준 추정 분류 - 눈:Not classified (해당 성분 GHS자료에 눈자극 코드 없음) / 피부:Not classified / 감작:Not classified. 시트 기존 cat_eye_ghs='Not classified' (성분자료상 근거 불일치 또는 확인불가). 제품(Coronet Fungicide Seed Treatment)은 성분과 다른 상품명이라 이 값은 제품 SDS가 아닌 성분 참고값임. | 원문: GHS Hazard Statements: H411 (98.3%): Toxic to aquatic life with long lasting effects [Hazardous to the aquatic environment",추출값은 있으나 출처 전무,변경,없음,확인 불가,파이프라인소비=아니오(build_input_v5.py 미참조 → X/y/group_key 무영향)
독성코드,검증근거,EyeIrritation6pack_PID270,"[구조화DB신규조회 재시도·미해결: PubChem 성분 참고값(제품 SDS 아님) - 대표성분 Thiamethoxam, CID 5821911] 대표성분 Thiamethoxam(CID 5821911) PubChem GHS: 신호어=Danger,Warning, H코드=[H302, H361, H400, H410, H228, H332]. 성분 기준 추정 분류 - 눈:Not classified (해당 성분 GHS자료에 눈자극 코드 없음) / 피부:Not classified / 감작:Not classified. 시트 기존 cat_eye_ghs='Not classified' (성분자료상 근거 불일치 또는 확인불가). 제품(Cruiser XL)은 성분과 다른 상품명이라 이 값은 제품 SDS가 아닌 성분 참고값임. | 원문: Signal: Warning / GHS Hazard Statements: H302: Harmful if swallowed [Warning Acute toxicity, oral]",추출정보 공란 + 출처 접근 실패(링크불가·403/404·로그인·못찾음),변경,없음,확인 불가,파이프라인소비=아니오(build_input_v5.py 미참조 → X/y/group_key 무영향)
독성코드,검증근거,EyeIrritation6pack_PID274,"[구조화DB신규조회 재시도·미해결: PubChem 성분 참고값(제품 SDS 아님) - 대표성분 Sodium chlorite, CID 23668197] 대표성분 Sodium chlorite(CID 23668197) PubChem GHS: 신호어=Danger, H코드=[H271, H272, H301, H310, H314, H318, H373, H400, H410, H412, H315, H319, H330, H341, H371]. 성분 기준 추정 분류 - 눈:1 (H318 Causes serious eye damage) / 피부:1 (H314 피부 부식) / 감작:Not classified. 시트 기존 cat_eye_ghs='2A' (성분자료와 일치). 제품(Cryocide 20)은 성분과 다른 상품명이라 이 값은 제품 SDS가 아닌 성분 참고값임. | 원문: Signal: Danger / GHS Hazard Statements: H271 (45.3%): May cause fire or ",추출정보 공란 + 출처 접근 실패(링크불가·403/404·로그인·못찾음),변경,없음,확인 불가,파이프라인소비=아니오(build_input_v5.py 미참조 → X/y/group_key 무영향)
독성코드,검증근거,EyeIrritation6pack_PID275,"[구조화DB신규조회 재시도·미해결: PubChem 성분 참고값(제품 SDS 아님) - 대표성분 Imidacloprid, CID 86287518] 대표성분 Imidacloprid(CID 86287518) PubChem GHS: 신호어=Danger,Warning, H코드=[H301, H400, H410, H302, H370, H373]. 성분 기준 추정 분류 - 눈:Not classified (해당 성분 GHS자료에 눈자극 코드 없음) / 피부:Not classified / 감작:Not classified. 시트 기존 cat_eye_ghs='Not classified' (성분자료상 근거 불일치 또는 확인불가). 제품(CSI Imidacloprid + Fipronil SC)은 성분과 다른 상품명이라 이 값은 제품 SDS가 아닌 성분 참고값임. | 원문: Signal: Danger / GHS Hazard Statements: H301: Toxic if swallowed [Danger Acu",추출정보 공란 + 출처 접근 실패(링크불가·403/404·로그인·못찾음),변경,없음,확인 불가,파이프라인소비=아니오(build_input_v5.py 미참조 → X/y/group_key 무영향)
독성코드,검증근거,EyeIrritation6pack_PID276,"[구조화DB신규조회 재시도·미해결: PubChem 성분 참고값(제품 SDS 아님) - 대표성분 lambda-Cyhalothrin, CID 6440557] 대표성분 lambda-Cyhalothrin(CID 6440557) PubChem GHS: 신호어=Danger, H코드=[H301, H312, H330, H400, H410, H311, H319, H370, H320, H335, H372]. 성분 기준 추정 분류 - 눈:2A (H319 Causes serious eye irritation) / 피부:Not classified / 감작:Not classified. 시트 기존 cat_eye_ghs='2B' (성분자료와 일치). 제품(CSI Lambda 25 CS)은 성분과 다른 상품명이라 이 값은 제품 SDS가 아닌 성분 참고값임. | 원문: Signal: Danger / GHS Hazard Statements: H301: Toxic if swallowed [Danger Acute tox",추출정보 공란 + 출처 접근 실패(링크불가·403/404·로그인·못찾음),변경,없음,확인 불가,파이프라인소비=아니오(build_input_v5.py 미참조 → X/y/group_key 무영향)
독성코드,검증근거,EyeIrritation6pack_PID299,"[2차재시도(우회) 재시도·미해결: 재시도불필요(2014년 구형 MSDS, GHS Section2 자체 없음 확인됨 - 이전 조사결과 유지)] 제품명은 정확히 일치(AMVAC Deadline Bullets, Metaldehyde 4%)하나 GHS Section2(신호어/H코드) 자체가 없는 구형 MSDS 형식. Section11 EPA Tox Cat IV(눈: Mild irritant, 피부: Slightly irritating, 감작: Not a sensitizer)만 제공되어 GHS 구분값 산출 불가. 사유가 'GHS 섹션 자체 없음'에 해당하여 새로운 시도 불필요 | 원문: EMERGENCY OVERVIEW: CAUTION! May be harmful if swallowed, inhaled, or absorbed through the skin.","[로컬PDF검증 2차조사·미해결] AMVAC Deadline Bullets(Metaldehyde 4%, 2014년 개정) MSDS로 제품명은 정확히 일치하나 GHS Section2 분류(신호어/H코드) 자체가 없는 구형 형식(EMERGENCY OVERVIEW: CAUTION!만 존재). Section11은 EPA Tox Cat IV(눈: Mild irritant, 피부: Slightly irritating, 감작: Not a sensitizer)만 제공되어 GHS 구분값으로 확정 불가. | 원문: PRODUCT NAME: Deadline Bullets®; Deadline® M-Ps™; Deadline® T&O ... EMERGENCY OVERVIEW: CAUTION! May be harmful if swallowed, inhaled, or absorbed through the skin. ... IRRITATION: Eye irritation: Mild irritant (Tox Cat",변경,없음,확인 불가,파이프라인소비=아니오(build_input_v5.py 미참조 → X/y/group_key 무영향)
독성코드,검증근거,EyeIrritation6pack_PID3,"[2차재시도(우회) 재시도·미해결: PubChem 성분(Mesotrione) 참고값] 힌트 SDS(Meso 4SC Select, 40% 액상)와 대상 제품(비료 0.08% 극저농도 담지)의 농도차가 커 그대로 적용 부적절임이 재확인됨. Mesotrione 기술원제 PubChem 참고값(Warning, H361d/H373/H400/H410)만 확보, 저농도 완제품 자체 확정 불가. 눈/피부/감작 코드는 확인되지 않아 시트의 cat_eye_ghs='2B'는 뒷받침되지 않음 | 원문: H361d: Suspected of damaging the unborn child [Warning Reproductive toxicity]","[로컬PDF검증 2차조사·미해결] PDF는 'Meso 4SC Select'(Albaugh, Mesotrione 40% 액상 제품)로 대상 제품(비료 담지형 0.08% 저농도 제형)과 활성성분 농도·제형이 크게 다름(40% 액상 vs 0.08% 비료과립). H코드 번호 자체가 없고 눈자극·감작 정보는 'Information not available'. | 원문: PRODUCT NAME: Meso 4SC Select ... EPA Reg. No.: 89442-33 ... WARNING Causes mild skin irritation Toxic to aquatic life ... EYE IRRITATION: Information not available. SKIN SENSITIZATION: Information not available",변경,없음,확인 불가,파이프라인소비=아니오(build_input_v5.py 미참조 → X/y/group_key 무영향)
독성코드,검증근거,EyeIrritation6pack_PID303,"[2차재시도(우회) 재시도·미해결: PubChem 성분 참고값(Acetic acid + Thiram, 이전 라운드와 동일 방법 재확인)] 제품 전용 SDS는 여전히 못 찾음. Thiram(=Bis(dimethylaminothiocarbonyl) disulfide) 순물질 PubChem 참고값(Warning/Danger 혼재, H302/H315/H317/H319/H330/H340/H361/H400/H410)과 Acetic acid 참고값을 재확인. 완제품은 acetic acid 1-5% 저농도 희석이라 순물질 분류를 그대로 적용 불가, 제품 자체 확정 불가(이전 결론과 동일) | 원문: H340: May cause genetic defects [Danger Germ cell mutagenicity]","[웹조사 2차조사·미해결] (시도 출처: https://pubchem.ncbi.nlm.nih.gov/rest/pug_view/data/compound/5455/JSON/?heading=GHS+Classification) 이 제품(DeerPro Winter Animal Repellant)에 대한 실제 SDS를 찾지 못함. 접근한 자료는 원료(acetic acid, thiram) 순물질 집계분류로, 완제품이 아닌 다른 물질 정보에 해당하여 재검토필요로 판정. | 원문: 접속 성공했으나 확인된 내용은 원료 순물질 Thiram(CID 5455)의 집계 GHS 분류(H302,H315-H320,H330,H332,H340,H341,H361,H370,H372,H373,H400,H410)이며, DeerPro 제품(1-5% 초저농도 희석 제형) 자체 정보 아님.",변경,없음,확인 불가,파이프라인소비=아니오(build_input_v5.py 미참조 → X/y/group_key 무영향)
독성코드,검증근거,EyeIrritation6pack_PID306,"[2차재시도(우회) 재시도·미해결: PubChem 성분(Chlorothalonil+Cybutryne) 참고값] 로컬 힌트 PDF는 무기 담체(침강실리카, Dentsil) SDS로 실제 활성성분(Chlorothalonil/Cybutryne)과 무관함이 재확인됨. 두 활성성분의 PubChem 참고값 확보: Chlorothalonil(Danger,H317/H318/H319/H330/H334/H335/H351/H373/H400/H410), Cybutryne(Warning,H317/H400/H410). 완제품(Densil CA) 자체 SDS는 미확보 | 원문: H318: Causes serious eye damage [Danger Serious eye damage/eye irritation]","[로컬PDF검증 2차조사·미해결] PDF는 'DENTSIL DS-60/100/230'(Glassven, 침강 실리카/Precipitated Silica, CAS 112926-00-8) SDS로 이름은 유사하나(Dentsil vs Densil) 대상 제품의 실제 활성성분(Chlorothalonil/Cybutryne)이 전혀 포함되지 않은 무기 담체(실리카) 원료 SDS. 완제품(Densil CA) 분류를 대표하지 못함. | 원문: Trade Names DENTSIL DS-60, DENTSIL DS-100, DENTSIL DS-230. ... Composition/Information On Ingredients SiO2 anhydrous: 98% ... EC Classification This product is not classified as dangerous according to Directive 1999/45/E",변경,없음,확인 불가,파이프라인소비=아니오(build_input_v5.py 미참조 → X/y/group_key 무영향)
독성코드,검증근거,EyeIrritation6pack_PID330,"[구조화DB신규조회 재시도·미해결: PubChem 성분 참고값(제품 SDS 아님) - 대표성분 Bifenthrin, CID 6442842] 대표성분 Bifenthrin(CID 6442842) PubChem GHS: 신호어=Danger,Warning, H코드=[H300, H317, H331, H351, H372, H400, H410, H311, H370]. 성분 기준 추정 분류 - 눈:Not classified (해당 성분 GHS자료에 눈자극 코드 없음) / 피부:Not classified / 감작:피부감작 1 (H317). 시트 기존 cat_eye_ghs='Not classified' (성분자료상 근거 불일치 또는 확인불가). 제품(Double Threat Insecticide)은 성분과 다른 상품명이라 이 값은 제품 SDS가 아닌 성분 참고값임. | 원문: Signal: Danger / GHS Hazard Statements: H300: Fatal if swallowed [Dang",추출정보 공란 + 성분 불일치(다른 제품 SDS 의심),변경,없음,확인 불가,파이프라인소비=아니오(build_input_v5.py 미참조 → X/y/group_key 무영향)
독성코드,검증근거,EyeIrritation6pack_PID350,"[구조화DB신규조회 재시도·미해결: PubChem 성분 참고값(제품 SDS 아님) - 대표성분 Cymoxanil, CID 5364079] 대표성분 Cymoxanil(CID 5364079) PubChem GHS: 신호어=Danger,Warning, H코드=[H302, H317, H361, H373, H400, H410, H360]. 성분 기준 추정 분류 - 눈:Not classified (해당 성분 GHS자료에 눈자극 코드 없음) / 피부:Not classified / 감작:피부감작 1 (H317). 시트 기존 cat_eye_ghs='Not classified' (성분자료상 근거 불일치 또는 확인불가). 제품(DuPont Curzate 60DF)은 성분과 다른 상품명이라 이 값은 제품 SDS가 아닌 성분 참고값임. | 원문: Signal: Warning / GHS Hazard Statements: H302: Harmful if swallowed [Warning Acute toxicit",추출값은 있으나 출처 전무,변경,없음,확인 불가,파이프라인소비=아니오(build_input_v5.py 미참조 → X/y/group_key 무영향)
독성코드,검증근거,EyeIrritation6pack_PID351,"[구조화DB신규조회 재시도·미해결: PubChem 성분 참고값(제품 SDS 아님) - 대표성분 Aminocyclopyrachlor methyl ester, CID 16725794] 대표성분 Aminocyclopyrachlor methyl ester(CID 16725794) PubChem GHS: 신호어=없음, H코드=[H411]. 성분 기준 추정 분류 - 눈:Not classified (해당 성분 GHS자료에 눈자극 코드 없음) / 피부:Not classified / 감작:Not classified. 시트 기존 cat_eye_ghs='Not classified' (성분자료상 근거 불일치 또는 확인불가). 제품(DuPont DPX-KJM44 80 MUP Herbicide)은 성분과 다른 상품명이라 이 값은 제품 SDS가 아닌 성분 참고값임. | 원문: GHS Hazard Statements: H411 (100%): Toxic to aquatic life with long lasting",추출정보 공란 + 미분류 메모: EPA 등록 DPX-KJM44 계열(352-782/783/785/792/,변경,없음,확인 불가,파이프라인소비=아니오(build_input_v5.py 미참조 → X/y/group_key 무영향)
독성코드,검증근거,EyeIrritation6pack_PID352,"[구조화DB신규조회 재시도·미해결: PubChem 성분 참고값(제품 SDS 아님) - 대표성분 Aminocyclopyrachlor methyl ester, CID 16725794] 대표성분 Aminocyclopyrachlor methyl ester(CID 16725794) PubChem GHS: 신호어=없음, H코드=[H411]. 성분 기준 추정 분류 - 눈:Not classified (해당 성분 GHS자료에 눈자극 코드 없음) / 피부:Not classified / 감작:Not classified. 시트 기존 cat_eye_ghs='2B' (성분자료상 근거 불일치 또는 확인불가). 제품(DuPont DPX-KJM44 Herbicide)은 성분과 다른 상품명이라 이 값은 제품 SDS가 아닌 성분 참고값임. | 원문: GHS Hazard Statements: H411 (100%): Toxic to aquatic life with long lasting effects [Hazardous",추출정보 공란 + 미분류 메모: EPA 등록 DPX-KJM44 라벨(예: 352-785 80XP)은 am,변경,없음,확인 불가,파이프라인소비=아니오(build_input_v5.py 미참조 → X/y/group_key 무영향)
독성코드,검증근거,EyeIrritation6pack_PID354,"[구조화DB신규조회 재시도·미해결: PubChem 성분 참고값(제품 SDS 아님) - 대표성분 Penthiopyrad, CID 11388558] 대표성분 Penthiopyrad(CID 11388558) PubChem GHS: 신호어=Danger,Warning, H코드=[H400, H410, H411, H314, H318, H335]. 성분 기준 추정 분류 - 눈:1 (H318 Causes serious eye damage) / 피부:1 (H314 피부 부식) / 감작:Not classified. 시트 기존 cat_eye_ghs='2B' (성분자료상 근거 불일치 또는 확인불가). 제품(DuPont DPX-LEM17 50WDG Fungicide)은 성분과 다른 상품명이라 이 값은 제품 SDS가 아닌 성분 참고값임. | 원문: Signal: Warning / GHS Hazard Statements: H400: Very toxic to aquatic life [Warning Hazardou",추출정보 공란 + 미분류 메모: DPX-LEM17 코드는 Penthiopyrad 단일성분 제품(Fonte,변경,없음,확인 불가,파이프라인소비=아니오(build_input_v5.py 미참조 → X/y/group_key 무영향)
독성코드,검증근거,EyeIrritation6pack_PID355,"[구조화DB신규조회 재시도·미해결: PubChem 성분 참고값(제품 SDS 아님) - 대표성분 Aminocyclopyrachlor, CID 17747875] 대표성분 Aminocyclopyrachlor(CID 17747875) PubChem GHS: 신호어=없음, H코드=[H412]. 성분 기준 추정 분류 - 눈:Not classified (해당 성분 GHS자료에 눈자극 코드 없음) / 피부:Not classified / 감작:Not classified. 시트 기존 cat_eye_ghs='2B' (성분자료상 근거 불일치 또는 확인불가). 제품(DuPont DPX-MAT28 0.05G Turf Herbicide + Fertilizer)은 성분과 다른 상품명이라 이 값은 제품 SDS가 아닌 성분 참고값임. | 원문: GHS Hazard Statements: H412 (100%): Harmful to aquatic life with long lasting effects [Hazardous",추출정보 공란 + 출처 접근 실패(링크불가·403/404·로그인·못찾음),변경,없음,확인 불가,파이프라인소비=아니오(build_input_v5.py 미참조 → X/y/group_key 무영향)
독성코드,검증근거,EyeIrritation6pack_PID356,"[구조화DB신규조회 재시도·미해결: PubChem 성분 참고값(제품 SDS 아님) - 대표성분 Aminocyclopyrachlor, CID 17747875] 대표성분 Aminocyclopyrachlor(CID 17747875) PubChem GHS: 신호어=없음, H코드=[H412]. 성분 기준 추정 분류 - 눈:Not classified (해당 성분 GHS자료에 눈자극 코드 없음) / 피부:Not classified / 감작:Not classified. 시트 기존 cat_eye_ghs='2B' (성분자료상 근거 불일치 또는 확인불가). 제품(DuPont DPX-MAT28 Herbicide)은 성분과 다른 상품명이라 이 값은 제품 SDS가 아닌 성분 참고값임. | 원문: GHS Hazard Statements: H412 (100%): Harmful to aquatic life with long lasting effects [Hazardous to the aquatic environm",추출값은 있으나 출처 전무,변경,없음,확인 불가,파이프라인소비=아니오(build_input_v5.py 미참조 → X/y/group_key 무영향)
독성코드,검증근거,EyeIrritation6pack_PID358,"[구조화DB신규조회 재시도·미해결: PubChem 성분 참고값(제품 SDS 아님) - 대표성분 Penthiopyrad, CID 11388558] 대표성분 Penthiopyrad(CID 11388558) PubChem GHS: 신호어=Danger,Warning, H코드=[H400, H410, H411, H314, H318, H335]. 성분 기준 추정 분류 - 눈:1 (H318 Causes serious eye damage) / 피부:1 (H314 피부 부식) / 감작:Not classified. 시트 기존 cat_eye_ghs='Not classified' (성분자료상 근거 불일치 또는 확인불가). 제품(DuPont Fontelis Fungicide)은 성분과 다른 상품명이라 이 값은 제품 SDS가 아닌 성분 참고값임. | 원문: Signal: Warning / GHS Hazard Statements: H400: Very toxic to aquatic life [Warning Haz",추출값은 있으나 출처 전무 ; 신호어도 H코드도 파싱되지 않음,변경,없음,확인 불가,파이프라인소비=아니오(build_input_v5.py 미참조 → X/y/group_key 무영향)
독성코드,검증근거,EyeIrritation6pack_PID360,"[구조화DB신규조회 재시도·미해결: PubChem 성분 참고값(제품 SDS 아님) - 대표성분 Rimsulfuron, CID 91779] 대표성분 Rimsulfuron(CID 91779) PubChem GHS: 신호어=Warning, H코드=[H317, H319, H400, H410]. 성분 기준 추정 분류 - 눈:2A (H319 Causes serious eye irritation) / 피부:Not classified / 감작:피부감작 1 (H317). 시트 기존 cat_eye_ghs='2B' (성분자료상 근거 불일치 또는 확인불가). 제품(DuPont Prequel Herbicide)은 성분과 다른 상품명이라 이 값은 제품 SDS가 아닌 성분 참고값임. | 원문: Signal: Warning / GHS Hazard Statements: H317 (14.2%): May cause an allergic skin reaction [Warning Sensitization, Skin] /",추출값은 있으나 출처 전무,변경,없음,확인 불가,파이프라인소비=아니오(build_input_v5.py 미참조 → X/y/group_key 무영향)
독성코드,검증근거,EyeIrritation6pack_PID361,"[구조화DB신규조회 재시도·미해결: PubChem 성분 참고값(제품 SDS 아님) - 대표성분 Chlorantraniliprole, CID 11271640] 대표성분 Chlorantraniliprole(CID 11271640) PubChem GHS: 신호어=Danger,Warning, H코드=[H319, H335, H400, H410, H336, H351, H360, H373, H401, H411]. 성분 기준 추정 분류 - 눈:2A (H319 Causes serious eye irritation) / 피부:Not classified / 감작:Not classified. 시트 기존 cat_eye_ghs='Not classified' (성분자료상 근거 불일치 또는 확인불가). 제품(DuPont Prevathon Insect Control)은 성분과 다른 상품명이라 이 값은 제품 SDS가 아닌 성분 참고값임. | 원문: Signal: Warning / GHS Hazard Statemen",추출값은 있으나 출처 전무,변경,없음,확인 불가,파이프라인소비=아니오(build_input_v5.py 미참조 → X/y/group_key 무영향)
독성코드,검증근거,EyeIrritation6pack_PID362,"[구조화DB신규조회 재시도·미해결: PubChem 성분 참고값(제품 SDS 아님) - 대표성분 Chlorantraniliprole, CID 11271640] 대표성분 Chlorantraniliprole(CID 11271640) PubChem GHS: 신호어=Danger,Warning, H코드=[H319, H335, H400, H410, H336, H351, H360, H373, H401, H411]. 성분 기준 추정 분류 - 눈:2A (H319 Causes serious eye irritation) / 피부:Not classified / 감작:Not classified. 시트 기존 cat_eye_ghs='Not classified' (성분자료상 근거 불일치 또는 확인불가). 제품(DuPont Rynaxypyr)은 성분과 다른 상품명이라 이 값은 제품 SDS가 아닌 성분 참고값임. | 원문: Signal: Warning / GHS Hazard Statements: H319 (39.4%","추출정보 공란 + 미분류 메모: 성분표(chlorantraniliprole 2.5-10%, 주석산 >=2",변경,없음,확인 불가,파이프라인소비=아니오(build_input_v5.py 미참조 → X/y/group_key 무영향)
독성코드,검증근거,EyeIrritation6pack_PID371,"[구조화DB신규조회 재시도·미해결: PubChem 성분 참고값(제품 SDS 아님) - 대표성분 Tebuconazole, CID 86102] 대표성분 Tebuconazole(CID 86102) PubChem GHS: 신호어=Danger,Warning, H코드=[H302, H361, H400, H410, H411, H350, H360, H371, H372, H373, H320, H330, H351]. 성분 기준 추정 분류 - 눈:2B (H320 Causes eye irritation) / 피부:Not classified / 감작:Not classified. 시트 기존 cat_eye_ghs='Not classified' (성분자료상 근거 불일치 또는 확인불가). 제품(E-Scape Turf & Ornamental Fungicide, Muscle ADV)은 성분과 다른 상품명이라 이 값은 제품 SDS가 아닌 성분 참고값임. | 원문: Signal: Warning / GHS Hazard St",추출정보 공란 + 미분류 메모: 제품명이 두 개 제품명(E-Scape.../Muscle ADV)이 결합된,변경,없음,확인 불가,파이프라인소비=아니오(build_input_v5.py 미참조 → X/y/group_key 무영향)
독성코드,검증근거,EyeIrritation6pack_PID373,"[구조화DB신규조회 재시도·미해결: PubChem 성분 참고값(제품 SDS 아님) - 대표성분 Chlorothalonil, CID 15910] 대표성분 Chlorothalonil(CID 15910) PubChem GHS: 신호어=Danger,Warning, H코드=[H317, H318, H330, H335, H351, H400, H410, H319, H334, H373, H361]. 성분 기준 추정 분류 - 눈:1 (H318 Causes serious eye damage) / 피부:Not classified / 감작:피부감작 1 (H317), 호흡기감작 1 (H334). 시트 기존 cat_eye_ghs='2B' (성분자료상 근거 불일치 또는 확인불가). 제품(Echo 375/Cymoxaanil 50)은 성분과 다른 상품명이라 이 값은 제품 SDS가 아닌 성분 참고값임. | 원문: Signal: Danger / GHS Hazard Statements: H317: May cause an",추출정보 공란 + 출처 접근 실패(링크불가·403/404·로그인·못찾음),변경,없음,확인 불가,파이프라인소비=아니오(build_input_v5.py 미참조 → X/y/group_key 무영향)
독성코드,검증근거,EyeIrritation6pack_PID375,"[구조화DB신규조회 재시도·미해결: PubChem 성분 참고값(제품 SDS 아님)] 제품명(Ecolife One-Pack)과 성분명이 달라 제품=순물질 예외 미적용. 주성분으로 추정되는 Imidacloprid의 PubChem GHS 참고치 확인(Danger, H301/H400/H410). 미량성분 DCOIT(<0.075%, CID91688)는 별도로 Danger H302/H314/H317/H318/H330/H400/H410. 제품 자체 SDS는 확보 못함. | 원문: Danger / H301: Toxic if swallowed [Danger Acute toxicity, oral]; H400: Very toxic to aquatic life; H410: Very toxic to aquatic life with long lasting effects (PubChem CID 86287518, Imidacloprid)",추출정보 공란 + 미분류 메모: 매칭되는 SDS를 찾지 못함,변경,없음,확인 불가,파이프라인소비=아니오(build_input_v5.py 미참조 → X/y/group_key 무영향)
독성코드,검증근거,EyeIrritation6pack_PID377,"[구조화DB신규조회 재시도·미해결: PubChem 성분 참고값(제품 SDS 아님)] Envu(구 Bayer) 내부 코드명 제품으로 공개 SDS 없음. 대표성분(이소프로필아민염 형태) Glyphosate PubChem 참고치 확인(Danger, H318/H411). 그 외 Carfentrazone-ethyl(Warning H400/H410, CID86222), Dicamba(Danger H302/H318/H332/H335/H336/H400/H411, CID3030)도 참고. 제품=혼합 제초제로 검증완료 불가. | 원문: Danger / H318: Causes serious eye damage; H411: Toxic to aquatic life with long lasting effects (PubChem CID 3496, Glyphosate)",추출정보 공란 + 미분류 메모: Envu(구 Bayer ES) 내부 코드명으로 추정되는 제품명(EH-14,변경,없음,확인 불가,파이프라인소비=아니오(build_input_v5.py 미참조 → X/y/group_key 무영향)
독성코드,검증근거,EyeIrritation6pack_PID378,"[2차재시도(우회) 재시도·미해결: PubChem 성분 참고값(2,4-D/Dicamba/Quinclorac/Dithiopyr 4종 조회)] 힌트 URL(ChemicalBook bis(2-p-methoxyphenyl)ethyl ether)는 완전히 무관한 화합물임이 재확인됨. 실제 4개 유효성분의 PubChem 참고값 확보: 2,4-D(Danger,H302/H317/H318/H332/H335/H351/H361 등), Dicamba(Danger,H302/H318/H332/H335/H400/H410), Quinclorac(Warning,H317/H402/H412), Dithiopyr(Warning,H361/H373/H400/H410). 4성분 복합 완제품(EH-1479) 자체 SDS는 미확보 | 원문: H318: Causes serious eye damage [Danger Serious eye damage/eye irritation]","[로컬PDF검증 2차조사·미해결] PDF은 CAS 104104-12-3 화합물(bis(2-p-methoxyphenyl)ethyl ether) ChemicalBook SDS로 EH-1479 제초제(2,4-D+dicamba+quinclorac+dithiopyr) 성분과 전혀 무관하며 GHS 분류 정보 자체도 없음(no data available). | 원문: BIS[2-(P-METHOXYPHENYL)ETHYL] ETHER... SECTION 2: Hazards identification / Classification of the substance or mixture: no data available",변경,없음,확인 불가,파이프라인소비=아니오(build_input_v5.py 미참조 → X/y/group_key 무영향)
독성코드,검증근거,EyeIrritation6pack_PID379,"[구조화DB신규조회 재시도·미해결: PubChem 성분 참고값(제품 SDS 아님)] 성분목록에 무관한 제품 데이터(식기세척기 살균제, 차아염소산나트륨, 비료 등)가 병합되어 있어 제품 특정 불가. 인식 가능한 제초제 성분 중 Quinclorac(Warning H317, CID91739), Dithiopyr(Warning H400/H410, CID91757)만 참고치 확보. 제품 SDS 특정 불가. | 원문: Warning / H317: May cause an allergic skin reaction (PubChem CID 91739, Quinclorac)",추출정보 공란 + 출처 접근 실패(링크불가·403/404·로그인·못찾음),변경,없음,확인 불가,파이프라인소비=아니오(build_input_v5.py 미참조 → X/y/group_key 무영향)
독성코드,검증근거,EyeIrritation6pack_PID383,"[구조화DB신규조회 재시도·미해결: PubChem 성분 참고값(제품 SDS 아님)] 제품 자체 SDS 못찾음. 성분 Clothianidin(Danger H302/H361f/H370/H400/H410, CID86287519), Permethrin(Warning H302/H317/H332/H400/H410, CID40326) 등 PubChem 참고치만 확보. 제품=혼합 살충제로 검증완료 불가. | 원문: Danger / H302: Harmful if swallowed; H361f: Suspected of damaging fertility; H370: Causes damage to organs; H400/H410: Very toxic to aquatic life (PubChem CID 86287519, Clothianidin)",추출정보 공란 + 미분류 메모: 매칭되는 SDS를 찾지 못함,변경,없음,확인 불가,파이프라인소비=아니오(build_input_v5.py 미참조 → X/y/group_key 무영향)
독성코드,검증근거,EyeIrritation6pack_PID392,"[구조화DB신규조회 재시도·미해결: PubChem 성분 참고값(제품 SDS 아님)] 성분목록이 염모제 성분과 살충제 성분이 혼재된 데이터 오류로 추정. 목록 내 첫 주성분 2-Aminoethanol(Danger H302/H312/H314/H332, CID700) PubChem 참고치만 확보, 제품 자체 특정 불가. | 원문: Danger / H302: Harmful if swallowed; H312: Harmful in contact with skin; H314: Causes severe skin burns and eye damage; H332: Harmful if inhaled (PubChem CID 700, 2-Aminoethanol)",추출정보 공란 + 출처 접근 실패(링크불가·403/404·로그인·못찾음),변경,없음,확인 불가,파이프라인소비=아니오(build_input_v5.py 미참조 → X/y/group_key 무영향)
독성코드,검증근거,EyeIrritation6pack_PID393,"[구조화DB신규조회 재시도·미해결: PubChem 성분 참고값(제품 SDS 아님)] 제품(Envidor 2SC) 자체 SDS는 확보 못함. 원제 Spirodiclofen의 PubChem GHS(Danger, H317/H350/H361f/H373/H410, CID177863)가 기존 추출정보와 정확히 일치함을 확인. 제품은 계면활성제 등이 포함된 제형(SC)으로 순물질이 아니므로 검증완료 아님, 참고값으로 유지. | 원문: Danger / H317: May cause an allergic skin reaction; H350: May cause cancer; H361f: Suspected of damaging fertility; H373: May causes damage to organs through prolonged or repeated exposure; H410: Very toxic to aquatic li",추출값은 있으나 출처 전무 ; 메모에 출처 접근 실패 흔적이 남아 있음 — 값의 근거 재확인 필요,변경,없음,확인 불가,파이프라인소비=아니오(build_input_v5.py 미참조 → X/y/group_key 무영향)
독성코드,검증근거,EyeIrritation6pack_PID396,"[구조화DB신규조회 재시도·미해결: PubChem 성분 참고값(제품 SDS 아님)] 제품코드 'ET-005' 관련 정보 전혀 없음. 성분조합(메탄올+삼염화이소시아눌산+이프로디온)도 부자연스러워 데이터 혼입 의심. Methanol(Danger H225/H301/H311/H331/H370, CID887), Iprodione(Warning H351/H400/H410, CID37517), Trichloroisocyanuric acid(Danger H272/H302/H319/H335/H400/H410, CID6909) 개별 참고치만 확보. 제품 SDS 특정 불가. | 원문: Danger / H225: Highly Flammable liquid and vapor; H301: Toxic if swallowed; H311: Toxic in contact with skin; H331: Toxic if inhaled; H370: Causes damage to organs (PubChem CID 887",추출정보 공란 + 미분류 메모: 제품코드 'ET-005' 검색 결과 전혀 없음(구글/빙 다중 검색 시도),변경,없음,확인 불가,파이프라인소비=아니오(build_input_v5.py 미참조 → X/y/group_key 무영향)
독성코드,검증근거,EyeIrritation6pack_PID4,"[구조화DB신규조회 재시도·미해결: PubChem 성분 참고값(제품 SDS 아님)] 정확한 조성(0.19% Mesotrione+계면활성제 2종+에탄디올+BIT)의 제품 SDS 못찾음. 원제 Mesotrione PubChem GHS 참고치 확인(Warning, H361d/H373/H400/H410, CID175967). 제품은 비료+제초제 혼합 포뮬레이션으로 순물질이 아니므로 검증완료 아님. | 원문: Warning / H361d: Suspected of damaging the unborn child; H373: May causes damage to organs through prolonged or repeated exposure; H400/H410: Very toxic to aquatic life (PubChem CID 175967, Mesotrione)",추출정보 공란 + 미분류 메모: 이 정확한 조성(Mesotrione+계면활성제 2종+에탄디올+BIT 방부,변경,없음,확인 불가,파이프라인소비=아니오(build_input_v5.py 미참조 → X/y/group_key 무영향)
독성코드,검증근거,EyeIrritation6pack_PID404,"[구조화DB신규조회: PubChem 이름검색(Ethofumesate→CID33360) → GHS Classification 조회; 제품명이 원제명+농도(97.7% technical)로 제품=순물질 예외 적용] 제품명이 원제명+농도(Ethofumesate 97.7%)로 순물질에 해당하는 예외 케이스. PubChem GHS가 기존 추출정보(Warning, H400/H410, 일부 H411 병기)와 정확히 일치하여 검증완료로 판정. | 원문: Warning / H400: Very toxic to aquatic life [Warning Hazardous to the aquatic environment, acute hazard]; H410: Very toxic to aquatic life with long lasting effects [Warning Hazardous to the aquatic environment, long-term",추출값은 있으나 출처 전무,변경,없음,확인 불가,파이프라인소비=아니오(build_input_v5.py 미참조 → X/y/group_key 무영향)
독성코드,검증근거,EyeIrritation6pack_PID406,"[구조화DB신규조회: PubChem 이름검색(Ethoprop→CID3289) → GHS Classification(EU 조화분류 1순위 항목) 조회; 제품명이 원제 통용명과 동일하여 제품=순물질 예외 적용] 제품명 'Ethoprop'은 ethoprophos(ISO)의 통용명으로 순물질에 해당. 기존 추출정보는 여러 ECHA 통보를 뒤섞어 H319/H350/H361/H370/H372/H373 등이 혼재되어 있었고 cat_eye='Not classified'와도 불일치했음(검증근거에 기재됨). PubChem의 EU 조화분류(1순위 항목) 기준으로 재확인한 결과 H301/H310/H317/H330/H400/H410만 확인되어 이를 검증완료 값으로 채택. 눈/피부 손상 관련 코드는 없어 cat_eye/cat_skin은 Not classified, 피부과민성(H317)만 해당. | 원문: Danger / H301: Toxic if swallowed [Danger Acute toxicity, ",추출값은 있으나 출처 전무 ; 눈 참조=Not classified 인데 H코드는 구분 2A 를 지시,변경,없음,확인 불가,파이프라인소비=아니오(build_input_v5.py 미참조 → X/y/group_key 무영향)
독성코드,검증근거,EyeIrritation6pack_PID408,"[구조화DB신규조회: PubChem 이름검색(Etoxazole→CID153974) → GHS Classification 조회; 제품명이 원제명+농도(95.57% technical)로 제품=순물질 예외 적용] 제품명이 원제명+농도(Etoxazole 95.57%)로 순물질에 해당하는 예외 케이스. PubChem GHS가 기존 추출정보와 정확히 일치하여 검증완료로 판정. | 원문: Warning / H400: Very toxic to aquatic life [Warning Hazardous to the aquatic environment, acute hazard]; H410: Very toxic to aquatic life with long lasting effects [Warning Hazardous to the aquatic environment, long-term",추출값은 있으나 출처 전무,변경,없음,확인 불가,파이프라인소비=아니오(build_input_v5.py 미참조 → X/y/group_key 무영향)
독성코드,검증근거,EyeIrritation6pack_PID411,"[2차재시도(우회) 재시도·미해결: 재시도불필요(2013년 구형 pre-GHS MSDS, 제품 자체는 확인됨 - 이전 조사결과 유지)] 제품(Evercide Total Release Fogger) 동일성은 EINECS 번호로 확인됨. 그러나 2013년 구형(pre-GHS) MSDS로 GHS Section2(신호어/H-code) 자체가 없음. 원문상 서술적 정보(눈: moderate irritation, 감작: Negative)만 있어 GHS 구분값(시트의 cat_eye_ghs=2B 등)은 문서 근거가 아닌 추정값. 사유가 'GHS 섹션 자체 없음'에 해당하여 새로운 시도는 불필요, 값 확정은 불가 | 원문: EYES: Causes moderate eye irritation. SKIN: May cause skin irritation... SENSITIZATION: Negative; Not considered to be a dermal sensitizer","[웹조사 2차조사·미해결] (시도 출처: https://s3.amazonaws.com/bb-cms/AppData/Websites/1116/Documents/chemical-documents/total-release.pdf) PDF 접속·다운로드 성공, 제품(Evercide Total Release Fogger, EINECS 번호 일치)도 확인됨. 그러나 2013년 구형(pre-GHS) MSDS로 문서 내 GHS 신호어/H-code 표기 자체가 없어(Signal Word/Section 2 GHS 분류 없음) 현재 시트의 null 값은 근거상 타당하나 cat_eye_ghs=2B는 문서에 명시된 GHS 구분이 아닌 추정값이라 재검토 필요. | 원문: EYES: Causes moderate eye irritation. SKIN: May cause skin irritation... SENSITIZATION: Negative; Not considered to be a dermal sensiti",변경,없음,확인 불가,파이프라인소비=아니오(build_input_v5.py 미참조 → X/y/group_key 무영향)
독성코드,검증근거,EyeIrritation6pack_PID412,"[구조화DB신규조회 재시도·미해결: PubChem 성분 참고값(제품 SDS 아님)] 제품코드 'EX2108' 관련 SDS 검색결과 전혀 무관함. 성분 중 Carbendazim의 PubChem GHS 참고치만 확보(Danger, H317/H340/H360FD/H400/H410, CID25429). 제품 SDS 특정 불가. | 원문: Danger / H317: May cause an allergic skin reaction; H340: May cause genetic defects; H360FD: May damage fertility; May damage the unborn child; H400/H410: Very toxic to aquatic life (PubChem CID 25429, Carbendazim)",추출정보 공란 + 미분류 메모: 제품코드 'EX2108' 관련 SDS를 찾지 못함(검색결과 전혀 무관),변경,없음,확인 불가,파이프라인소비=아니오(build_input_v5.py 미참조 → X/y/group_key 무영향)
독성코드,검증근거,EyeIrritation6pack_PID414,"[2차재시도(우회) 재시도·미해결: PubChem 성분(Glyphosate+Carfentrazone-ethyl) 참고값] 힌트 SDS(AIM EC Herbicide, Carfentrazone-ethyl 단일성분, 2012년 구형)는 실제 제품(F4113 EW, Glyphosate 포함)과 제형·성분이 다름이 재확인됨. Glyphosate(Danger,H318/H336/H351/H361/H373/H400/H410)+Carfentrazone-ethyl(Warning,H331/H373/H400/H410) PubChem 참고값 확보. 완제품(F4113 EW) 자체 SDS는 미확보 | 원문: H318: Causes serious eye damage [Danger Serious eye damage/eye irritation]","[웹조사 2차조사·미해결] (시도 출처: https://pp-production-media.s3.amazonaws.com/files/Aim_EC_PCP28573_SDS_ISS2012-04-10.pdf) 접속 성공했으나 문서는 AIM EC Herbicide(Carfentrazone-ethyl 단일성분) MSDS로 실제 제품 F4113 EW Herbicide(Glyphosate+Carfentrazone 복합, EW 제형)와 다른 제품. 2012년 구형 MSDS라 GHS 신호어/H-code도 없음. | 원문: Product name AIMÒ EC HERBICIDE ... Eyes: May cause slight irritation. Skin: Substance may cause slight skin irritation.",변경,없음,확인 불가,파이프라인소비=아니오(build_input_v5.py 미참조 → X/y/group_key 무영향)
독성코드,검증근거,EyeIrritation6pack_PID419,"[구조화DB신규조회 재시도·미해결: PubChem 성분 참고값(제품 SDS 아님)] 제품코드성 명칭(F8028-3)으로 제조사/EPA 등록정보 특정 불가. 성분 Bifenthrin(Danger H300/H317/H331/H351/H372/H400/H410, CID6442842), Tau-fluvalinate(Warning H302/H315/H400/H410, CID91768) PubChem 참고치만 확보, 제품 자체 SDS 없음. | 원문: Danger / H300: Fatal if swallowed; H317: May cause an allergic skin reaction; H331: Toxic if inhaled; H351: Suspected of causing cancer; H372: Causes damage to organs through prolonged or repeated exposure; H400/H410: Ve",추출정보 공란 + 출처 접근 실패(링크불가·403/404·로그인·못찾음),변경,없음,확인 불가,파이프라인소비=아니오(build_input_v5.py 미참조 → X/y/group_key 무영향)
독성코드,검증근거,EyeIrritation6pack_PID42,"[구조화DB신규조회: PubChem 이름검색(Acequinocyl→CID93315) → GHS Classification 조회; 제품명이 원제명과 동일하여 제품=순물질 예외 적용] 제품명(Acequinocyl)이 원제명과 동일한 순물질 예외 케이스. PubChem GHS(Danger, H317/H370/H373/H400/H410)가 기존 추출정보와 정확히 일치하여 검증완료로 판정. | 원문: Danger / H317: May cause an allergic skin reaction [Warning Sensitization, Skin]; H370: Causes damage to organs [Danger Specific target organ toxicity, single exposure]; H373: May causes damage to organs through prolonge",추출값은 있으나 출처 전무,변경,없음,확인 불가,파이프라인소비=아니오(build_input_v5.py 미참조 → X/y/group_key 무영향)
독성코드,검증근거,EyeIrritation6pack_PID420,"[구조화DB신규조회 재시도·미해결: PubChem 성분 참고값(제품 SDS 아님)] FMC 제품으로 추정되나 SDS 포털(sdsviewer.fmc.com) 접근 실패. 원제 Bifenthrin PubChem GHS 참고치 확인(Danger, H300/H317/H331/H351/H372/H400/H410, CID6442842). 제품은 21.9-23.3% 제형(SC)으로 순물질이 아니므로 검증완료 아님. | 원문: Danger / H300: Fatal if swallowed; H317: May cause an allergic skin reaction; H331: Toxic if inhaled; H351: Suspected of causing cancer; H372: Causes damage to organs through prolonged or repeated exposure; H400/H410: Ve",추출정보 공란 + 출처 접근 실패(링크불가·403/404·로그인·못찾음),변경,없음,확인 불가,파이프라인소비=아니오(build_input_v5.py 미참조 → X/y/group_key 무영향)
독성코드,검증근거,EyeIrritation6pack_PID43,"[2차재시도(우회) 재시도·미해결: PubChem 성분(Triticonazole) 참고값 추가확보(Acetamiprid는 기존 확인값 사용)] 힌트 SDS(Cayman, Acetamiprid 단일성분: Danger, H301 Toxic if swallowed, H361 생식독성 의심, H410)는 Triticonazole 성분 정보가 없었음이 재확인됨. Triticonazole의 PubChem 참고값을 추가 조회한 결과 건강유해성 분류는 거의 없고 수생환경 유해성(H411)만 확인됨(신호어 다수 없음). 2성분 배합 완제품 자체 SDS는 미확보 | 원문: H411 (98%): Toxic to aquatic life with long lasting effects [Hazardous to the aquatic environment, long-term hazard]","[웹조사 2차조사·미해결] (시도 출처: https://cdn.caymanchem.com/cdn/msds/24129m.pdf) 접속 성공했으나 순수 Acetamiprid(CAS 135410-20-7) 단일성분 SDS로, 실제 제품(Acetamiprid+Triticonazole 2성분 배합)과 성분 불일치. 눈/피부 구분 없음, Sensitization: 'No sensitizing effects known.' | 원문: Trade name: Acetamiprid ... Signal word Danger. H301 Toxic if swallowed. H361 Suspected of damaging fertility... H410 Very toxic to aquatic life",변경,없음,확인 불가,파이프라인소비=아니오(build_input_v5.py 미참조 → X/y/group_key 무영향)
독성코드,검증근거,EyeIrritation6pack_PID433,"[구조화DB신규조회 재시도·미해결: PubChem 성분 참고값(제품 SDS 아님)] Bonide/Ferti-lome 등 제조사 사이트 검색 결과 없음, SDS 미발견. 성분 Elemental Sulfur PubChem GHS 참고치는 통보별로 상이(대다수 Warning H315 피부자극, 일부는 Not Classified). Monopotassium Phosphate는 통상 비유해 비료성분. 제품 SDS 특정 불가. | 원문: Warning / H315: Causes skin irritation [Warning Skin corrosion/irritation] (PubChem CID 5362487, Sulfur); 일부 통보(38/42)는 'Not Classified'","추출정보 공란 + 미분류 메모: Bonide/Ferti-lome 등 유력 제조사 사이트 검색 결과 없음,",변경,없음,확인 불가,파이프라인소비=아니오(build_input_v5.py 미참조 → X/y/group_key 무영향)
독성코드,검증근거,EyeIrritation6pack_PID434,"[구조화DB신규조회 재시도·미해결: PubChem 성분 참고값(제품 SDS 아님)] 제조사 특정 실패로 SDS 미발견. 주성분 Propiconazole PubChem GHS 참고치 확인(Danger, H302/H317/H360D/H400/H410, CID43234). Naphthalene(용매 추정, Warning H302/H351/H400/H410, CID931)도 참고. 제품=혼합 제형으로 검증완료 불가. | 원문: Danger / H302: Harmful if swallowed; H317: May cause an allergic skin reaction; H360D: May damage the unborn child; H400/H410: Very toxic to aquatic life (PubChem CID 43234, Propiconazole)",추출정보 공란 + 출처 접근 실패(링크불가·403/404·로그인·못찾음),변경,없음,확인 불가,파이프라인소비=아니오(build_input_v5.py 미참조 → X/y/group_key 무영향)
독성코드,검증근거,EyeIrritation6pack_PID437,"[구조화DB신규조회 재시도·미해결: PubChem 성분 참고값(제품 SDS 아님)] BioAdvanced 'Rose & Flower Care' 제품군 중 정확히 일치하는 제품/SDS 특정 못함. 성분 Tebuconazole(Warning H302/H361d/H400/H410, CID86102), Imidacloprid(Danger H301/H400/H410, CID86287518), Clothianidin(Danger H302/H361f/H370/H400/H410, CID86287519) PubChem 참고치만 확보. | 원문: Warning / H302: Harmful if swallowed; H361d: Suspected of damaging the unborn child; H400/H410: Very toxic to aquatic life (PubChem CID 86102, Tebuconazole)",추출정보 공란 + 미분류 메모: BioAdvanced 'Rose & Flower Care' 제품군 중 정,변경,없음,확인 불가,파이프라인소비=아니오(build_input_v5.py 미참조 → X/y/group_key 무영향)
독성코드,검증근거,EyeIrritation6pack_PID445,"[구조화DB신규조회 재시도·미해결: PubChem 이름검색 성공(CID 확인)하였으나 GHS Classification 섹션 자체가 존재하지 않음] 제품명이 원제명과 동일(순물질)이지만 PubChem 이름검색으로 CID 3083546까지는 확인되었으나 해당 CID에 GHS Classification 헤딩 자체가 없음(PUGVIEW.NotFound). 기술원제(technical) 공급사 SDS도 못찾음. 참조 가능한 GHS 데이터 전무하여 재검토필요로 유지. | 원문: {""Fault"": {""Code"": ""PUGVIEW.NotFound"", ""Message"": ""No data found""}} (PubChem CID 3083546, Flufenpyr-ethyl, heading=GHS Classification 요청 결과)","추출정보 공란 + 미분류 메모: 기술원제(technical) 공급사 SDS 미발견, PubChem에도 G",변경,없음,확인 불가,파이프라인소비=아니오(build_input_v5.py 미참조 → X/y/group_key 무영향)
독성코드,검증근거,EyeIrritation6pack_PID45,"[구조화DB신규조회 재시도·미해결: PubChem 성분 참고값(제품 SDS 아님)] Corteva 'Keystone' 계열 추정되나 정확한 함량비(3.1+2.5) 일치 SDS 확보 못함(Bulk Handling Guide만 확보, EPA Signal Word 'Danger'는 확인되나 GHS H코드 없음). 성분 Acetochlor(Warning 다수코드, CID1988), Atrazine(Warning H317/H373/H400/H410, CID2256) PubChem 참고치만 확보. 제품=배합제초제로 검증완료 불가. | 원문: Warning / H315: Causes skin irritation; H317: May cause an allergic skin reaction; H332: Harmful if inhaled; H335: May cause respiratory irritation; H351: Suspected of causing cancer; H361f: Suspected",추출정보 공란 + 미분류 메모: Corteva 'Keystone' 계열(Acetochlor+Atrazin,변경,없음,확인 불가,파이프라인소비=아니오(build_input_v5.py 미참조 → X/y/group_key 무영향)
독성코드,검증근거,EyeIrritation6pack_PID471,"[2차재시도(우회) 재시도·미해결: PubChem 성분(Chlorfenapyr) 참고값] 힌트 SDS(Phantom Pressurized Insecticide, BASF)는 제품명·기타 성분표(Water/HCl/FeCl3 등)가 대상 제품(Formula 2873)과 전혀 다름이 재확인됨(활성성분 Chlorfenapyr만 일치). Chlorfenapyr 기술원제 PubChem 참고값(Danger, H302/H320/H331/H371/H373/H400/H410) 확보. 완제품(Formula 2873, ICP 표준용액 성분 포함 추정) 자체 SDS는 미확보 | 원문: H320: Causes eye irritation [Warning Serious eye damage/eye irritation]","[웹조사 2차조사·미해결] (시도 출처: https://bell-environmental.com/wp-content/uploads/Phantom-Pressurized-SDS.pdf) 접속은 성공했으나 이 SDS는 'Phantom Pressurized Insecticide'(BASF, 활성성분 Chlorfenapyr)로 제품명 'Formula 2873' 및 그 성분표(Water/HCl/FeCl3·6H2O/CoCl2·6H2O/CuSO4·5H2O — 통상 ICP/AAS 표준용액 성분으로 추정)와 전혀 다른 물질. 신호어는 2012년 구형 CAUTION(pre-GHS)이며 H코드 없음. | 원문: PHANTOM PRESSURIZED INSECTICIDE (BASF) ... CAUTION ... Irritation/corrosion: May cause slight irritation to the skin. May cause slight but temporary irritation to the",변경,없음,확인 불가,파이프라인소비=아니오(build_input_v5.py 미참조 → X/y/group_key 무영향)
독성코드,검증근거,EyeIrritation6pack_PID474,"[구조화DB신규조회 재시도·미해결: PubChem 성분 참고값(제품 SDS 아님)] 제품명이 '900EC'와 'Nemathorin 500EC' 두 농도/명칭이 혼재되어 있어 순물질 예외 미적용. 기존 추출정보는 US EPA 라벨(WARNING) 기준이었으나, 원제 Fosthiazate의 PubChem GHS는 Danger(H301/H312/H317/H331/H400/H410, CID91758)로 신호어가 더 높게 나타남 — GHS/EPA 라벨 체계 차이로 직접 대체 불가, 제품 자체 SDS는 확보 못함. | 원문: Danger / H301: Toxic if swallowed; H312: Harmful in contact with skin; H317: May cause an allergic skin reaction; H331: Toxic if inhaled; H400/H410: Very toxic to aquatic life (PubChem CID 91758, Fosthiazate)",추출값은 있으나 출처 전무,변경,없음,확인 불가,파이프라인소비=아니오(build_input_v5.py 미참조 → X/y/group_key 무영향)
독성코드,검증근거,EyeIrritation6pack_PID475,"[2차재시도(우회) 재시도·미해결: PubChem 성분(Thiram+Iprodione) 참고값] 로컬 힌트 PDF는 방수/지붕 코팅제로 완전히 무관한 제품임(제품명 유사성으로 오매칭)이 재확인됨. 실제 살균제 2개 유효성분 Thiram(Warning/Danger 혼재,H302/H315/H317/H319/H330/H340/H361/H400/H410)+Iprodione(Warning/Danger 혼재,H320/H331/H351/H361/H371/H373/H400/H410)의 PubChem 참고값 확보. 완제품(Foundation Lite, Thiram+Iprodione 종자처리제) 자체 SDS는 여전히 미확보 | 원문: H351: Suspected of causing cancer [Warning Carcinogenicity]","[로컬PDF검증 2차조사·미해결] PDF은 Karnak사의 방수/지붕 코팅제(아스팔트+Stoddard 솔벤트, STOT RE1/H372) SDS로 살균제 'Foundation Lite'(Thiram+Iprodione 종자처리제)와 완전히 다른 제품. 제품명 유사성만으로 잘못 매칭됨. | 원문: Safety Data Sheet 112 Non-Fibered Foundation & Roof Coating... STOT RE 1;H372 Causes damage to organs through prolonged or repeated exposure",변경,없음,확인 불가,파이프라인소비=아니오(build_input_v5.py 미참조 → X/y/group_key 무영향)
독성코드,검증근거,EyeIrritation6pack_PID476,"[구조화DB신규조회 재시도·미해결: PubChem 성분 참고값(제품 SDS 아님)] 성분명 목록의 'Nitrogen | oxygen | methane'은 원본데이터 노이즈로 추정. 실제 유효성분(thiamethoxam/metalaxyl-M/fludioxonil/azoxystrobin)은 EPA 라벨과 일치하나 GHS SDS는 못찾음. 주성분 Thiamethoxam PubChem 참고치 확인(Warning, H302/H361fd/H400/H410, CID5821911). 제품=혼합 종자처리제로 검증완료 불가. | 원문: Warning / H302: Harmful if swallowed; H361fd: Suspected of damaging fertility; Suspected of damaging the unborn child; H400/H410: Very toxic to aquatic life (PubChem CID 5821911, Thiamethoxam)",추출값은 있으나 출처 전무,변경,없음,확인 불가,파이프라인소비=아니오(build_input_v5.py 미참조 → X/y/group_key 무영향)
독성코드,검증근거,EyeIrritation6pack_PID478,"[구조화DB신규조회 재시도·미해결: PubChem 성분 참고값(제품 SDS 아님)] 발견된 MSDS(Nichino America, 2009)는 GHS 이전 구 포맷으로 신호어/H코드가 없음. 원제 Fenpyroximate PubChem GHS 참고치 확인(Danger, H301/H317/H330/H400/H410, CID9576412). 제품은 5% EC 제형으로 순물질이 아니므로 검증완료 아님. | 원문: Danger / H301: Toxic if swallowed; H317: May cause an allergic skin reaction; H330: Fatal if inhaled; H400/H410: Very toxic to aquatic life (PubChem CID 9576412, Fenpyroximate)",추출값은 있으나 출처 전무 ; 신호어도 H코드도 파싱되지 않음,변경,없음,확인 불가,파이프라인소비=아니오(build_input_v5.py 미참조 → X/y/group_key 무영향)
독성코드,검증근거,EyeIrritation6pack_PID48,"[구조화DB신규조회 재시도·미해결: PubChem 성분 참고값(제품 SDS 아님)] 제품(Acticide CBM 2)은 CMIT+BIT+MIT 방부제 혼합물로 순물질 아님. 개별성분 PubChem 참고치 확인 — BIT(Danger H302/H315/H317/H318/H330/H400/H410, CID17520), CMIT(Danger 다수코드, CID33344). 기존 추출정보(H302/H314/H317/H410)는 혼합물 자체 분류로 추정되며 개별성분 데이터로 직접 검증 불가. | 원문: Danger / H302: Harmful if swallowed; H315: Causes skin irritation; H317: May cause an allergic skin reaction; H318: Causes serious eye damage; H330: Fatal if inhaled; H400/H410: Very toxic to aquatic life (PubChem CID 17",추출값은 있으나 출처 전무,변경,없음,확인 불가,파이프라인소비=아니오(build_input_v5.py 미참조 → X/y/group_key 무영향)
독성코드,검증근거,EyeIrritation6pack_PID480,"[구조화DB신규조회 재시도·미해결: PubChem 성분 참고값(제품 SDS 아님)] 제품(57% EC 제형)의 H227(가연성)/H304(흡인유해성)/H315/H319 등은 제형 용매 유래로 추정되며 원제 Malathion PubChem GHS(Warning H302/H317/H400/H410, CID4004)와 정확히 일치하지 않음. 제품=제형이므로 검증완료 아님. | 원문: Warning / H302: Harmful if swallowed; H317: May cause an allergic skin reaction; H400/H410: Very toxic to aquatic life (PubChem CID 4004, Malathion); 다른 통보에서는 Danger H317/H320/H350/H370/H372/H373/H400/H410",추출값은 있으나 출처 전무,변경,없음,확인 불가,파이프라인소비=아니오(build_input_v5.py 미참조 → X/y/group_key 무영향)
독성코드,검증근거,EyeIrritation6pack_PID481,"[구조화DB신규조회 재시도·미해결: PubChem 성분 참고값(제품 SDS 아님)] 제품은 2002년 등록취소된 단종 제품(Aventis Environmental Science, EPA Reg 432-1206)의 희석 RTU 제형으로, GHS SDS는 못찾고 기존 추출정보는 EPA 라벨(CAUTION) 기준. 원제 Glufosinate-ammonium PubChem GHS는 Danger(H302/H312/H332/H360Fd/H373, CID53597)로 더 심각한 분류 — 희석제형과 원제 간 차이로 직접 대체 불가. | 원문: Danger / H302: Harmful if swallowed; H312: Harmful in contact with skin; H332: Harmful if inhaled; H360Fd: May damage fertility; Suspected of damaging the unborn child; H373: May causes damage to organ",추출값은 있으나 출처 전무,변경,없음,확인 불가,파이프라인소비=아니오(build_input_v5.py 미참조 → X/y/group_key 무영향)
독성코드,검증근거,EyeIrritation6pack_PID486,"[구조화DB신규조회 재시도·미해결: PubChem 성분 참고값(제품 SDS 아님)] 제품(25% CS)의 정확한 SDS는 접근제한(1env.com CAPTCHA)으로 확보 못함, 기존 추출정보는 EPA 라벨(Warning) 기준. 원제 lambda-Cyhalothrin PubChem GHS는 Danger(H301/H312/H330/H400/H410, CID6440557)로 신호어가 다름. 제품=제형(CS)으로 검증완료 아님. | 원문: Danger / H301: Toxic if swallowed; H312: Harmful in contact with skin; H330: Fatal if inhaled; H400/H410: Very toxic to aquatic life (PubChem CID 6440557, lambda-Cyhalothrin)",추출값은 있으나 출처 전무 ; 메모에 출처 접근 실패 흔적이 남아 있음 — 값의 근거 재확인 필요,변경,없음,확인 불가,파이프라인소비=아니오(build_input_v5.py 미참조 → X/y/group_key 무영향)
독성코드,검증근거,EyeIrritation6pack_PID489,"[2차재시도(우회) 재시도·미해결: PubChem 성분(4-Chloro-3,5-dimethylphenol/PCMX + Sodium borate/Borax) 참고값] 힌트 SDS(Sigma-Aldrich n-Pentane 단일성분)는 6성분 혼합조성 중 1개(발포제)만 다뤘음이 재확인됨. 제품에 포함된 보존제 성분으로 추정되는 PCMX(Warning,H302/H315/H317/H319)와 보레이트(Borax, Danger,H315/H319/H360FD/H361/H373)의 PubChem 참고값 확보. 폴리스티렌폼 완제품(Geo Tru) 자체 SDS는 여전히 미확보 | 원문: H360FD: May damage fertility; May damage the unborn child [Danger Reproductive toxicity]","[로컬PDF검증 2차조사·미해결] PDF은 Sigma-Aldrich n-Pentane(단일성분) SDS로, Geo Tru의 실제 6개 성분 혼합조성(폴리스티렌폼, 이소펜탄, 시클로펜탄, 보레이트 등)을 대표하지 못함(단일 원료 SDS일 뿐). | 원문: Product name : Pentane... Hazardous components: n-Pentane Flam. Liq. 1; STOT SE 3; Asp. Tox. 1; Aquatic Acute 2; Aquatic Chronic 2; H224, H304, H336, H411",변경,없음,확인 불가,파이프라인소비=아니오(build_input_v5.py 미참조 → X/y/group_key 무영향)
독성코드,검증근거,EyeIrritation6pack_PID49,"[구조화DB신규조회 재시도·미해결: PubChem 성분 참고값(제품 SDS 아님)] Thor社 제품목록(thor.com)에 'LA 2605-F' 없음(구제품/지역한정 추정), 검색엔진 접근 불가로 대체 SDS 확보 실패. 성분 Bronopol PubChem GHS 참고치 확인(Danger, H302/H312/H315/H318/H335/H400, CID2450), MIT(CID39800, Danger 다수코드)도 참고. 제품=혼합 방부제로 검증완료 불가. | 원문: Danger / H302: Harmful if swallowed; H312: Harmful in contact with skin; H315: Causes skin irritation; H318: Causes serious eye damage; H335: May cause respiratory irritation; H400: Very toxic to aquatic life (PubChem CI",추출정보 공란 + 출처 접근 실패(링크불가·403/404·로그인·못찾음),변경,없음,확인 불가,파이프라인소비=아니오(build_input_v5.py 미참조 → X/y/group_key 무영향)
독성코드,검증근거,EyeIrritation6pack_PID493,"[2차재시도(우회) 재시도·미해결: PubChem 성분(Noviflumuron) 참고값] 힌트 로컬 PDF는 3M 실란트 제품으로 무관함이 재확인됨(Antimony Trioxide만 우연히 일치). 실제 주활성성분 Noviflumuron의 PubChem 참고값(Warning, H361/H362/H400/H410) 확보. 병용 성분 Antimony Trioxide(IARC Grp2B)에 대한 GHS 참고값은 미조회. 완제품(GF-1252) 자체 SDS는 미확보 | 원문: H361 (90%): Suspected of damaging fertility or the unborn child [Warning Reproductive toxicity]","[로컬PDF검증 2차조사·미해결] PDF은 3M의 실란트(접착제) MSDS로 GF-1252(Antimony Trioxide+Noviflumuron 방제제)와 전혀 다른 제품. 성분 중 Antimony Trioxide 하나만 우연히 일치. | 원문: PRODUCT NAME: 3M™ Scotch-Weld™ Tamper Proof Sealant 1252, White... Antimony Trioxide 1309-64-4 Grp. 2B: Possible human carc.",변경,없음,확인 불가,파이프라인소비=아니오(build_input_v5.py 미참조 → X/y/group_key 무영향)
독성코드,검증근거,EyeIrritation6pack_PID494,"[구조화DB신규조회 재시도·미해결: PubChem 성분 참고값(제품 SDS 아님)] SDS 소스 힌트 없음; 검색엔진 접근 불가로 SDS를 찾지 못함. 주성분 Spinosad PubChem GHS 참고치 확인(Warning, H400/H410 주로 보고, 일부 통보는 Danger로 더 심각). 제품=혼합 살충제(카올린/실리카 포함)로 검증완료 불가. | 원문: Warning / H400 (99%): Very toxic to aquatic life; H410 (100%): Very toxic to aquatic life with long lasting effects (PubChem CID 17754356, Spinosad); 다른 통보에서는 Danger H317/H318/H331/H360/H370/H400/H410",추출정보 공란 + 출처 접근 실패(링크불가·403/404·로그인·못찾음),변경,없음,확인 불가,파이프라인소비=아니오(build_input_v5.py 미참조 → X/y/group_key 무영향)
독성코드,검증근거,EyeIrritation6pack_PID495,"[구조화DB신규조회 재시도·미해결: PubChem 성분 참고값(제품 SDS 아님)] SDS 소스 힌트 없음; 검색엔진 접근 불가로 SDS를 찾지 못함. 성분 Spinosad A/D(이성질체 혼합물)는 PubChem 대표 CID17754356 기준 참고치만 확보. 제품=혼합 살충제(자기질 점토 포함)로 검증완료 불가. | 원문: Warning / H400 (99%): Very toxic to aquatic life; H410 (100%): Very toxic to aquatic life with long lasting effects (PubChem CID 17754356, Spinosad)",추출정보 공란 + 출처 접근 실패(링크불가·403/404·로그인·못찾음),변경,없음,확인 불가,파이프라인소비=아니오(build_input_v5.py 미참조 → X/y/group_key 무영향)
독성코드,검증근거,EyeIrritation6pack_PID498,"[2차재시도(우회) 재시도·미해결: PubChem 성분 참고값(성분명 OCR 손상으로 'Bronopol' 추정 조회, 신뢰도 낮음)] GF-1640 WG-NC의 ingredient_names는 OCR 손상이 심해 정확한 성분 특정이 어려움. '2-Bromo-2-nitropropane-1,3-Diol' 표기를 Bronopol로 추정하여 PubChem 참고값(Danger, H302/H314/H318/H330/H400/H410 등)을 확보했으나 이것이 실제 제품의 주성분인지 확신할 수 없음(신뢰도 매우 낮음). PDF(TEDX 수압파쇄 화학물질 스프레드시트)는 이 제품 고유 SDS가 아님이 재확인됨 | 원문: H314: Causes severe skin burns and eye damage [Danger Skin corrosion/irritation]","[로컬PDF검증 2차조사·미해결] PDF(297페이지)은 GF-1640 WG-NC의 SDS가 아니라 수백 개 수압파쇄(fracturing) 화학물질을 나열한 TEDX 데이터베이스 스프레드시트로, 이 제품 고유의 GHS 분류 섹션이 전혀 없음. | 원문: Chemicals Page / Health Effects codes... ©  TEDX 2011 ... 1,2,4-Trimethylbenzene 1 EC9010A.151 Unknown 95-63-6",변경,없음,확인 불가,파이프라인소비=아니오(build_input_v5.py 미참조 → X/y/group_key 무영향)
독성코드,검증근거,EyeIrritation6pack_PID5,"[2차재시도(우회) 재시도·미해결: PubChem 성분(Mesotrione) 참고값(row185과 동일 성분)] 힌트 SDS(Trion 480, 480g/L SC, 라이선스 만료)는 대상 제품(비료 0.25% 극저농도 혼합)과 농도차가 커 그대로 적용 부적절임이 재확인됨. Mesotrione 기술원제 PubChem 참고값(Warning, H361d/H373/H400/H410)만 확보, 저농도 완제품 자체 확정 불가 | 원문: H373: May causes damage to organs through prolonged or repeated exposure [Warning Specific target organ toxicity, repeated exposure]","[웹조사 2차조사·미해결] (시도 출처: https://envirobiochem.co.za/wp-content/uploads/2026/03/Trion-480_SDS_2025_LAPSED.pdf) 접속 성공, 유효성분명은 일치(Mesotrione)하나 이 SDS는 480g/L SC 농축 제품이며 실제 제품('0.25% Mesotrione on Fertilizer', 비료에 0.25% 극저농도 혼합)과 제형·농도가 크게 달라 그대로 적용하기 부적절. 라이선스도 만료(LAPSED) 상태. | 원문: Product Name: Trion 480 / Other identifier: Mesotrione 480 g/L SC ... Signal word: Warning. Serious Eye Damage/Irritation Category 2, H319. Skin sensitization Category 1, H317.",변경,없음,확인 불가,파이프라인소비=아니오(build_input_v5.py 미참조 → X/y/group_key 무영향)
독성코드,검증근거,EyeIrritation6pack_PID50,"[2차재시도(우회) 재시도·미해결: PubChem 성분 참고값(Diuron/Octhilinone/IPBC 3종 조회)] EPA 라벨(DANGER, GHS H코드 없음)로 제품명·Diuron 15% 성분은 일치 확인됨. 3개 활성성분의 PubChem 참고값 추가확보: Diuron(Warning/Danger,H350 발암성 등), Octhilinone(Danger,H301/H311/H314/H317/H318/H330/H370/H372/H400/H410), IPBC(Danger,H302/H315/H317/H318/H331/H332/H335/H372/H373/H400/H410). Octhilinone/IPBC 모두 피부부식1/눈손상1/감작1로 매우 심각. 완제품(Acticide MKW1) 자체 GHS SDS는 미확보 | 원문: H350: May cause cancer [Danger Carcinogenicity]","[웹조사 2차조사·미해결] (시도 출처: https://www3.epa.gov/pesticides/chem_search/ppls/067071-00053-20101028.pdf) 제품명·Diuron 15% 성분 일치 확인(EPA 라벨). 신호어 DANGER 확인되나 이는 FIFRA 구형 라벨로 GHS Section 2/H-code 자체가 없어 GHS 분류 정보 부재. 재검토 필요. | 원문: ACTICIDE® MKW 1 ... DANGER ... Diuron [3-(3,4-dichlorophenyl)-1,1-dimethylurea] ........15.00%",변경,없음,확인 불가,파이프라인소비=아니오(build_input_v5.py 미참조 → X/y/group_key 무영향)
독성코드,검증근거,EyeIrritation6pack_PID501,"[구조화DB신규조회 재시도·미해결: PubChem 성분 참고값(제품 SDS 아님) 및 이름검색 일부 실패] 성분목록이 에폭시수지/솔벤트 계열 산업용 도료 제품 성분(구 EU R-phrase 표기, 2015년 이전 CLP 이전 포맷)으로, 농약 데이터셋과 무관한 것으로 추정되어 데이터 혼입 의심. 대표 가능 성분 Ethylbenzene만 PubChem 참고치 확인(Danger, H225/H304/H332/H373, CID7500), Xylene 및 에폭시수지는 이름검색 실패(혼합물·중합체로 CID 없음). 제품 자체 특정 불가. | 원문: Danger / H225: Highly Flammable liquid and vapor; H304: May be fatal if swallowed and enters airways; H332: Harmful if inhaled; H373: May causes damage to organs through prolonged or repeated expo",추출정보 공란 + 출처 접근 실패(링크불가·403/404·로그인·못찾음),변경,없음,확인 불가,파이프라인소비=아니오(build_input_v5.py 미참조 → X/y/group_key 무영향)
독성코드,검증근거,EyeIrritation6pack_PID503,"[2차재시도(우회) 재시도·미해결: PubChem 성분 참고값(Sulfoxaflor/Clopyralid/Fluroxypyr-meptyl/Thifensulfuron-methyl 4종 조회)] EPA 라벨상 Clopyralid/Fluroxypyr-meptyl/Thifensulfuron-methyl 3개 성분과 CAUTION 신호어는 일치했으나 Sulfoxaflor/Propylene glycol은 라벨에서 확인 안 됨(성분 일부 불일치, memo와 동일 결론 재확인). 4개 후보 성분의 PubChem 참고값 확보: Sulfoxaflor(Warning/Danger,H302/H315/H317/H319/H331/H400/H410/H411), Clopyralid(Danger,H318/H410/H411), Fluroxypyr-meptyl(Warning,H400/H410), Thifensulfuron-methyl(Warning,H316/H400/H410). 완제품(GF-2506) 자체 GHS SDS","[웹조사 2차조사·미해결] (시도 출처: https://www.chemrobotics.com/agropat/pdf/gsda/docs/506COMB2.pdf) EPA 라벨 확인, Clopyralid/Fluroxypyr-meptyl/Thifensulfuron-methyl 3개 성분과 CAUTION 신호어는 일치하나 목록의 Sulfoxaflor/Propylene glycol은 라벨에서 확인 안 됨(성분 일부 불일치). FIFRA 라벨이라 정식 GHS H-code/구분 없음(눈은 서술적으로만 'moderate irritation'). | 원문: CAUTION ... Causes Moderate Eye Irritation • Prolonged Or Frequently Repeated Skin Contact May Cause ... clopyralid 9.1%, fluroxypyr-meptyl 9.1%, thifensulfuron-methyl 0.45%",변경,없음,확인 불가,파이프라인소비=아니오(build_input_v5.py 미참조 → X/y/group_key 무영향)
독성코드,검증근거,EyeIrritation6pack_PID505,"[구조화DB신규조회 재시도·미해결: PubChem 성분 참고값(제품 SDS 아님)] 검색엔진 접근 제한으로 제품별 SDS 확인 불가. 주성분으로 추정되는 Methoxyfenozide PubChem GHS 참고치 확인(Warning, H400/H410/H411 통보별 혼재, CID105010). 나머지는 계면활성제/증량제 성분으로 제품=혼합 살충제로 검증완료 불가. | 원문: Warning / H400 (69.9%): Very toxic to aquatic life; H410 (69.9%): Very toxic to aquatic life with long lasting effects; H411 (30.1%): Toxic to aquatic life with long lasting effects (PubChem CID 105010, Methoxyfenozide)",추출정보 공란 + 출처 접근 실패(링크불가·403/404·로그인·못찾음),변경,없음,확인 불가,파이프라인소비=아니오(build_input_v5.py 미참조 → X/y/group_key 무영향)
독성코드,검증근거,EyeIrritation6pack_PID507,"[2차재시도(우회) 재시도·미해결: PubChem 성분 참고값(Penoxsulam)] 제품은 Toluene(용제)+Penoxsulam(유효성분) 2성분 제조용원제. 기존 carlroth SDS는 순수 Toluene 단일물질로 불일치 확인(이전과 동일). PubChem 성분 순물질 참고값만 확보(Penoxsulam, 환경유해성만/눈·피부·감작 분류 없음), 제품 SDS 미확보. Toluene 자체의 가연성·피부자극 등은 미반영. | 원문: Warning H400 (100%): Very toxic to aquatic life ... H410 (100%): Very toxic to aquatic life with long lasting effects","[웹조사 2차조사·미해결] (시도 출처: https://www.carlroth.com/medias/SDB-4445-MT-EN.pdf?context=bWFzdGVyfHNlY3VyaXR5RGF0YXNoZWV0c3wzMDkyNDF8YXBwbGljYXRpb24vcGRmfGFEUmlMMmcxWlM4NU1qSTBNekEyTURZMU5ETTRMMU5FUWw4ME5EUTFYMDFVWDBWT0xuQmtaZ3wxZWRiMGI4ZmM4NDI2YjMzMmM2MjdhMjNmNWRlZjFhMTg3ZDM5Njg4MTU4MmUzZjFiMDkyYzEzYjM5YmFlZDJh) 접속 성공(메모의 'HTTP 400 접근 불가'와 달리 curl 재시도로 다운로드됨). 다만 이 SDS는 순수 Toluene(99.8%) 단일물질용이며, 실제 제품 GF-881(Toluene+Penoxsulam 2성분 Manufacturing Use Concentrate)의 Penoxsulam 성분은 반영되지 않아 혼합제품 전체 분류로 그대로",변경,없음,확인 불가,파이프라인소비=아니오(build_input_v5.py 미참조 → X/y/group_key 무영향)
독성코드,검증근거,EyeIrritation6pack_PID51,"[구조화DB신규조회 재시도·미해결: PubChem 성분 참고값(제품 SDS 아님)] 제공된 힌트 URL 없음, 검색으로도 제품 SDS 확인 불가. 성분 Chlorothalonil(Danger H317/H318/H330/H335/H351/H400/H410, CID15910), Diuron(Danger H350/H373/H400/H410, CID3120) PubChem 참고치만 확보. 제품=혼합 방미제로 검증완료 불가. | 원문: Danger / H317: May cause an allergic skin reaction; H318: Causes serious eye damage; H330: Fatal if inhaled; H335: May cause respiratory irritation; H351: Suspected of causing cancer; H400/H410: Very toxic to aquatic lif",추출정보 공란 + 출처 접근 실패(링크불가·403/404·로그인·못찾음),변경,없음,확인 불가,파이프라인소비=아니오(build_input_v5.py 미참조 → X/y/group_key 무영향)
독성코드,검증근거,EyeIrritation6pack_PID519,"[2차재시도(우회) 재시도·미해결: curl(User-Agent 헤더) 재시도 실패 + PubChem 성분 참고값(Glyphosate)] carlroth URL은 curl(UA 헤더 포함) 재시도에도 HTTP 400으로 완전히 차단됨(세션/토큰 필요 또는 링크 만료로 추정). Glyphosate 순물질 PubChem 참고값(Danger, 눈손상1/H318, 만성수생2/H411)만 확보, 제품 SDS 미확보. | 원문: HTTP/1.1 400 ... Content-Type: application/pdf (본문 0 bytes, curl+UA 재시도에도 동일)","[웹조사 2차조사·미해결] (시도 출처: https://www.carlroth.com/medias/SDB-22YE-MT-EN.pdf?context=bWFzdGVyfHNlY3VyaXR5RGF0YXNoZWV0c3wyODYwMzJ8YXBwbGljYXRpb24vcGRmfGFESXpMMmd6TUM4NU1qQXhNalEzT0RjNU1UazRMMU5FUWw4eU1sbEZYMDFYzBWT0xuQmtaZ3xjYzk4ZjYzMjI5ZGZkNmM3YmQ0NjI4MmQ2NmNkMTYzMDJlYTdiYzhjYTVjNDQwZTYxMjBkYzA2NmE5Y2JmOThj) 유일한 힌트 URL이 완전히 접속 불가(HTTP 400). 대체 URL도 제공되지 않아 검증 불가. | 원문: 접속 실패: HTTP 400 (curl 및 WebFetch 재시도 모두 실패, 응답 본문 0 bytes)",변경,없음,확인 불가,파이프라인소비=아니오(build_input_v5.py 미참조 → X/y/group_key 무영향)
독성코드,검증근거,EyeIrritation6pack_PID52,"[2차재시도(우회) 재시도·미해결: PubChem 성분 참고값(Zinc pyrithione, 2-Methyl-4-isothiazolin-3-one/MIT, BIT)] 제품 Acticide SR 8213 C는 BIT+Zinc pyrithione+MIT 3성분 혼합 살균제. 기존 waimaoniu SDS는 BIT 단일성분용으로 불일치(이전과 동일). PubChem에서 3개 활성성분 모두 개별 참고값 확보(모두 Danger, 눈손상1/피부부식~자극/감작1 계열)했으나 혼합물 전체 등급은 제품 SDS 없이 확정 불가. | 원문: Danger H301: Toxic if swallowed H311: Toxic in contact with skin H314: Causes severe skin burns and eye damage H317: May cause an allergic skin reaction H318: Causes serious eye damage","[웹조사 2차조사·미해결] (시도 출처: https://img.waimaoniu.net/1839/MSDS%20BIT85%20STCsyn.pdf) 접속 성공했으나 이 SDS는 BIT(1,2-benzisothiazoline-3-one, 99% min) 단일성분 원료용이며, 실제 제품 Acticide SR 8213 C(BIT+Zinc pyrithione+MIT 3성분 혼합물)와 성분 구성이 달라 그대로 적용 부적절(눈 Category1 값 자체는 현재 시트 cat_eye_ghs=1과 우연히 일치하나 근거 물질이 다름). | 원문: Product Name: 1,2-BENZISOTHIAZOLINE-3-ONE ... Signal word: Danger ... Serious eye damage/eye irritation Category1, Sensitisation,skin Category1",변경,없음,확인 불가,파이프라인소비=아니오(build_input_v5.py 미참조 → X/y/group_key 무영향)
독성코드,검증근거,EyeIrritation6pack_PID520,"[구조화DB신규조회 재시도·미해결: PubChem 성분 참고값(제품 SDS 아님)] 제조사(PBI-Gordon) 사이트 접근 차단(HTTP 403), 대체 SDS 검색 실패. 성분 Permethrin PubChem GHS 참고치 확인(Warning, H302/H317/H332/H400/H410, CID40326). 제품=혼합 살충제 스프레이로 검증완료 불가. | 원문: Warning / H302: Harmful if swallowed; H317: May cause an allergic skin reaction; H332: Harmful if inhaled; H400/H410: Very toxic to aquatic life (PubChem CID 40326, Permethrin)",추출정보 공란 + 출처 접근 실패(링크불가·403/404·로그인·못찾음),변경,없음,확인 불가,파이프라인소비=아니오(build_input_v5.py 미참조 → X/y/group_key 무영향)
독성코드,검증근거,EyeIrritation6pack_PID521,"[구조화DB신규조회 재시도·미해결: PubChem 성분 참고값(제품 SDS 아님)] Syngenta 제품 추정되나 제품별 SDS 검색 실패. 성분 Azoxystrobin(Danger H331/H400/H410, CID3034285), Fludioxonil(Warning H400/H410, CID86398) PubChem 참고치만 확보. 제품=혼합 살균제로 검증완료 불가. | 원문: Danger / H331: Toxic if inhaled; H400/H410: Very toxic to aquatic life (PubChem CID 3034285, Azoxystrobin)",추출정보 공란 + 출처 접근 실패(링크불가·403/404·로그인·못찾음),변경,없음,확인 불가,파이프라인소비=아니오(build_input_v5.py 미참조 → X/y/group_key 무영향)
독성코드,검증근거,EyeIrritation6pack_PID523,"[구조화DB신규조회 재시도·미해결: PubChem 성분 참고값(제품 SDS 아님)] 동일 브랜드(BioSafe Systems) 'GreenClean Liquid 5.0' SDS는 확인되었으나 제품명 표기(6% vs 5.0)와 성분 구성이 완전히 일치하지 않음. 성분 Peracetic acid PubChem GHS 중 한 통보(Danger, H226/H242/H302/H312/H314/H332/H400, CID6585)가 기존 추출정보(H302/H314/H332/H242/H290)와 유사하나 완전 일치는 아님. 제품=혼합 살균세정제로 검증완료 불가. | 원문: Danger / H226: Flammable liquid and vapor; H242: Heating may cause a fire; H302: Harmful if swallowed; H312: Harmful in contact with skin; H314: Causes severe skin burns and eye damage",추출값은 있으나 출처 전무,변경,없음,확인 불가,파이프라인소비=아니오(build_input_v5.py 미참조 → X/y/group_key 무영향)
독성코드,검증근거,EyeIrritation6pack_PID529,"[구조화DB신규조회 재시도·미해결: PubChem 성분 참고값(제품 SDS 아님)] 제품별 SDS 검색 실패. 성분 Atrazine(Warning H317/H373/H400/H410, CID2256), Acetochlor(Warning H315/H317/H332/H335/H351/H361f/H373/H400/H410, CID1988) PubChem 참고치만 확보. 제품=혼합 제초제로 검증완료 불가. | 원문: Warning / H317: May cause an allergic skin reaction; H373 **: May causes damage to organs through prolonged or repeated exposure; H400/H410: Very toxic to aquatic life (PubChem CID 2256, Atrazine)",추출정보 공란 + 출처 접근 실패(링크불가·403/404·로그인·못찾음),변경,없음,확인 불가,파이프라인소비=아니오(build_input_v5.py 미참조 → X/y/group_key 무영향)
독성코드,검증근거,EyeIrritation6pack_PID536,"[구조화DB신규조회 재시도·미해결: PubChem 성분 참고값(제품 SDS 아님)] SDS/제품 정보 검색 실패(여러 검색엔진 시도했으나 HM-413A 관련 문서 못 찾음). 압축가스 관련 유해성문구(H280)는 에어로졸 제형 성분 추정, 주요 활성성분으로 보이는 Triclopyr PubChem GHS 참고치 확인(Warning, H302/H317/H319/H373/H400/H410, CID41428). 제품 SDS 특정 불가. | 원문: Warning / H302 (100%): Harmful if swallowed; H317 (58.7%): May cause an allergic skin reaction; H319 (59.6%): Causes serious eye irritation; H373 (53.8%): May causes damage to organs through prolonged or repeated exposur",추출정보 공란 + 출처 접근 실패(링크불가·403/404·로그인·못찾음),변경,없음,확인 불가,파이프라인소비=아니오(build_input_v5.py 미참조 → X/y/group_key 무영향)
독성코드,검증근거,EyeIrritation6pack_PID548,"[2차재시도(우회) 재시도·미해결: PubChem 성분 참고값(Imidacloprid) 추가 확보 + 기존 carboxin(ChemicalBook) 참고값] 제품은 carboxin+imidacloprid+metalaxyl 3성분 혼합. carboxin 참고값(Warning, H410/H373/H317/H302, 눈·피부 구체등급 없음)은 기존 확보, 이번에 Imidacloprid PubChem 참고값(Danger, H301/H400/H410, 눈·피부 미분류) 추가 확보. metalaxyl은 미조회. 혼합제품 전체 등급은 제품 SDS 없이 확정 불가. | 원문: Danger H301: Toxic if swallowed H400: Very toxic to aquatic life H410: Very toxic to aquatic life with long lasting effects","[웹조사 2차조사·미해결] (시도 출처: https://www.chemicalbook.com/msds/carboxin.htm) 제품은 carboxin/imidacloprid/metalaxyl 3성분 혼합인데 이 URL은 carboxin 단일물질 정보만 제공. carboxin 부분은 추출정보와 일치하지만, 제품 전체의 눈 구분(2B 참조값) 근거인 imidacloprid H319 관련 정보는 이 문서로 확인 불가. | 원문: Carboxin 신호어 Warning; H410,H373,H317,H302 확인됨. 눈 손상/자극·피부 부식/자극·피부과민성 항목은 'Classified based on available data'로만 표기되어 구체 등급 없음",변경,없음,확인 불가,파이프라인소비=아니오(build_input_v5.py 미참조 → X/y/group_key 무영향)
독성코드,검증근거,EyeIrritation6pack_PID549,"[2차재시도(우회) 재시도·미해결: PubChem 성분 참고값(tau-Fluvalinate, Imidacloprid), 기존 Tebuconazole 단일성분 SDS 불일치 재확인] 3성분(Tebuconazole+tau-Fluvalinate+Imidacloprid) 복합제. 로컬 PDF는 Tebuconazole 단일성분으로 불일치 확정(이전과 동일). PubChem에서 tau-Fluvalinate(피부자극2) 및 Imidacloprid 참고값 추가 확보했으나 제품 SDS 아님. | 원문: Warning H302: Harmful if swallowed H315: Causes skin irritation H400: Very toxic to aquatic life H410: Very toxic to aquatic life with long lasting effects","[로컬PDF검증 2차조사·미해결] PDF은 Tebuconazole 단일 활성성분(39.5%) 제품 SDS로, 문의된 3제 복합제(Imidacloprid+Tau-fluvalinate+Tebuconazole)의 필수 성분인 Imidacloprid·Tau-fluvalinate가 전혀 포함되어 있지 않아 조성이 다른 제품. | 원문: PRODUCT NAME: TEBUCONAZOLE 4L... Tebuconazole 39.5% w/w 107534-96-3 / Other ingredients 60.5%w/w N/A",변경,없음,확인 불가,파이프라인소비=아니오(build_input_v5.py 미참조 → X/y/group_key 무영향)
독성코드,검증근거,EyeIrritation6pack_PID553,"[2차재시도(우회) 재시도·미해결: PubChem 성분 참고값(Indoxacarb, Permethrin), 기존 BASF Innox SDS 불일치 재확인] 제품 INDOX2(Indoxacarb+Permethrin)의 기존 근거 BASF 'Innox'(Prothioconazole 계열) SDS는 성분 불일치로 폐기. PubChem에서 두 활성성분 모두 피부감작1(H317) 확인, 눈자극 분류는 두 성분 모두 없음. 제품 SDS 미확보로 확정 불가. | 원문: Danger H301: Toxic if swallowed H317: May cause an allergic skin reaction H332: Harmful if inhaled H372: Causes damage to organs through prolonged or repeated exposure","[로컬PDF검증 2차조사·미해결] PDF은 BASF 'Innox'(Prothioconazole+Acetophenone+N-Octylpyrrolidone) SDS로, INDOX2의 명칭 유래이자 핵심 성분인 Indoxacarb 및 Permethrin이 조성표에 전혀 없어 실제로는 다른 제품으로 판단됨. | 원문: Product: Innox... Acute Tox. 4 (oral) H302 / Skin Sens. 1 H317 / Eye Dam./Irrit. 2A H319... Hazard determining component(s) for labelling: acetophenone",변경,없음,확인 불가,파이프라인소비=아니오(build_input_v5.py 미참조 → X/y/group_key 무영향)
독성코드,검증근거,EyeIrritation6pack_PID555,"[구조화DB신규조회 재시도·미해결: PubChem 성분 참고값(제품 SDS 아님); 성분 불일치 확인] 실제 등록제품(EPA 92564-49, SBM Life Science)은 Imidacloprid 0.55%+Clothianidin 0.275%만 함유, Bifenthrin은 불포함됨을 재확인(기존 메모와 일치). 성분 Imidacloprid(Danger H301/H400/H410, CID86287518), Clothianidin(Danger H302/H361f/H370/H400/H410, CID86287519) PubChem 참고치만 확보. 성분 불일치로 제품 SDS 대체 불가. | 원문: Danger / H301: Toxic if swallowed; H400/H410: Very toxic to aquatic life (PubChem CID 86287518, Imidacloprid)",추출정보 공란 + 성분 불일치(다른 제품 SDS 의심),변경,없음,확인 불가,파이프라인소비=아니오(build_input_v5.py 미참조 → X/y/group_key 무영향)
독성코드,검증근거,EyeIrritation6pack_PID558,"[구조화DB신규조회 재시도·미해결: PubChem 성분 참고값(제품 SDS 아님); 성분 불일치 확인] 실제 등록제품(EPA 264-1013 Bayer CropScience, EPA 7501-213 Gustafson)은 Ipconazole+Metalaxyl 2종만 함유, Imidacloprid는 불포함됨을 재확인(기존 메모와 일치). 성분 Ipconazole(Danger H302/H360D/H373/H410, CID86211), Metalaxyl(Warning H302/H317/H412, CID42586) PubChem 참고치만 확보. 성분 불일치로 제품 SDS 대체 불가. | 원문: Danger / H302: Harmful if swallowed; H360D: May damage the unborn child; H373: May causes damage to organs through prolonged or repeated exposure; H410: Very toxic to aq",추출정보 공란 + 성분 불일치(다른 제품 SDS 의심),변경,없음,확인 불가,파이프라인소비=아니오(build_input_v5.py 미참조 → X/y/group_key 무영향)
독성코드,검증근거,EyeIrritation6pack_PID567,"[2차재시도(우회) 재시도·미해결: PubChem 성분 참고값(IUPAC명으로 추정된 Acetamiprid, Bifenthrin), 기존 'Justice'(살균제) SDS 불일치 재확인] ingredient_names의 장문 IUPAC명(N-[(6-Chloro-3-pyridinyl)methyl]-N'-cyano-N-methylethanimidamide)은 Acetamiprid 구조식과 일치하는 것으로 추정(확정 아님). 기존 확보된 'Justice'(Proquinazid 함유 살균제) SDS는 완전히 다른 제품으로 재확인. PubChem 성분 참고값만 확보, 제품 SDS 미확보. | 원문: Danger H300: Fatal if swallowed H317: May cause an allergic skin reaction H331: Toxic if inhaled H351: Suspected of causing cancer H372: Causes damage to organs throu","[로컬PDF검증 2차조사·미해결] PDF은 Corteva의 살균제(Fungicide) 'Justice'(Proquinazid 함유) SDS로, 문의된 살충제(Insecticide) 'Justice Insecticide'(클로티아니딘 유사 성분+Bifenthrin)와 브랜드명만 같은 완전히 다른 제품. | 원문: SAFETY DATA SHEET JUSTICE™... Use of the Substance/Mixture: Fungicide... proquinazid (ISO)... Serious eye damage, Category 1 H318",변경,없음,확인 불가,파이프라인소비=아니오(build_input_v5.py 미참조 → X/y/group_key 무영향)
독성코드,검증근거,EyeIrritation6pack_PID57,"[2차재시도(우회) 재시도·미해결: PubChem 성분 참고값(Peracetic Acid/과산화아세트산) - Affirm 5성분 중 주요 위험성분] 제품 Affirm은 과산화수소/아세트산/황산/질산/과산화아세트산 5성분 혼합 소독제. 기존 확보 자료는 질산(Nitric acid) 단일물질 SDS로 5성분 중 1개만 반영. 이번에 주요 위험성분 Peracetic acid PubChem 참고값(Danger, H314 피부부식1, 눈손상1은 GHS 브릿징 원칙상 추정) 확보. 혼합물 전체 등급은 제품 SDS 없이 확정 불가. | 원문: Danger H242: Heating may cause a fire H301: Toxic if swallowed H310: Fatal in contact with skin H314: Causes severe skin burns and eye damage H330: Fatal if inhaled","[로컬PDF검증 2차조사·미해결] PDF은 완제품 'Affirm'(과산화아세트산계 소독제) 자체 SDS가 아니라 조성성분 5종 중 하나인 질산(Nitric acid) 단일물질 SDS. 완제품 자체의 GHS 분류를 이 문서만으로 확정할 수 없음. | 원문: Product name : Nitric acid... Skin Corr. 1A; Eye Dam. 1; H272, H290, H314, H330... Signal word Danger",변경,없음,확인 불가,파이프라인소비=아니오(build_input_v5.py 미참조 → X/y/group_key 무영향)
독성코드,검증근거,EyeIrritation6pack_PID570,"[2차재시도(우회) 재시도·미해결: curl+pdftotext 재시도 성공(다른 제품 LAMBDA-CY AG SDS 텍스트 확인) + PubChem 성분 참고값(Lambda-Cyhalothrin)] 재시도 성공, LAMBDA-CY AG(EPA 83222-42, lambda-cyhalothrin 11.4%) SDS로 Kendo 22.8CS와 제품명·등록번호 불일치 재확인(이전과 동일 결론). PubChem 성분참고값(Danger, H301/H312/H330/H400/H410, 눈피부 GHS코드 없음)은 이 문서의 '중등도 눈자극' 서술과 상충되어 확정 곤란. | 원문: EMERGENCY OVERVIEW: WARNING May be fatal if swallowed. Harmful if inhaled or absorbed through skin. Causes moderate eye irritation.","[웹조사 2차조사·미해결] (시도 출처: https://assets.greenbook.net/M115571.pdf) 메모에서 이미 이 PDF가 Kendo 22.8CS가 아닌 다른 제품(LAMBDA-CY AG, lambda-cyhalothrin 11.4%) SDS임을 지적. 재접속 시도에서도 내용 확인 실패. | 원문: 접속 실패 - PDF가 압축 바이너리(FlateDecode) 형식으로 텍스트 추출 불가",변경,없음,확인 불가,파이프라인소비=아니오(build_input_v5.py 미참조 → X/y/group_key 무영향)
독성코드,검증근거,EyeIrritation6pack_PID572,"[구조화DB신규조회 재시도·미해결: PubChem 성분 참고값(제품 SDS 아님)] 메모에 성분 불일치 의심(제품 실제성분은 Trichloroisocyanuric Acid일 가능성) 명시됨; Sodium dichloroisocyanurate 원물질 GHS 참고값만 확인, 제품 SDS 아님 | 원문: Danger | H272: May intensify fire; oxidizer | H302: Harmful if swallowed | H319: Causes serious eye irritation | H335: May cause respiratory irritation | H400/H410: Very toxic to aquatic life (PubChem CID 517202, Sodium ",추출정보 공란 + 성분 불일치(다른 제품 SDS 의심),변경,없음,확인 불가,파이프라인소비=아니오(build_input_v5.py 미참조 → X/y/group_key 무영향)
독성코드,검증근거,EyeIrritation6pack_PID573,[구조화DB신규조회 재시도·미해결: PubChem 성분 참고값(제품 SDS 아님)] 제품(Kixor Herbicide)이 아닌 원제(saflufenacil) 참고값; 추출정보(H361/H400/H410)와 대체로 부합하나 다수 보고는 GHS 미분류 | 원문: This chemical does not meet GHS hazard criteria for 55.3% (104 of 188) of all reports. | Warning | H361d (14.9%): Suspected of damaging the unborn child | H400 (44.7%): Very toxic to aquatic life | H410 (44.7%) (PubChem ,추출값은 있으나 출처 전무,변경,없음,확인 불가,파이프라인소비=아니오(build_input_v5.py 미참조 → X/y/group_key 무영향)
독성코드,검증근거,EyeIrritation6pack_PID574,[구조화DB신규조회 재시도·미해결: PubChem 성분 참고값(제품 SDS 아님)] 제품(Klean-Pik 500 SC)이 아닌 원제(Thidiazuron) 참고값 | 원문: Warning | H312 (76.6%): Harmful in contact with skin | H315 (93.5%): Causes skin irritation | H319 (93.5%): Causes serious eye irritation | H332 (72.7%): Harmful if inhaled | H335 (93.5%) | H400 (23.4%) | H410 (40.3%) (P,추출값은 있으나 출처 전무,변경,없음,확인 불가,파이프라인소비=아니오(build_input_v5.py 미참조 → X/y/group_key 무영향)
독성코드,검증근거,EyeIrritation6pack_PID578,"[구조화DB신규조회 재시도·미해결: PubChem 성분 참고값(제품 SDS 아님)] 제품은 Solvent Naphtha/Naphthalene/Trimethylbenzene 등 용제를 포함한 제형이라 순물질 아님; 대표활성성분(Lambda-cyhalothrin) 참고값만 확인 | 원문: Danger | H301: Toxic if swallowed | H312: Harmful in contact with skin | H330: Fatal if inhaled | H400/H410: Very toxic to aquatic life (PubChem CID 6440557, Lambda-cyhalothrin)",추출값은 있으나 출처 전무,변경,없음,확인 불가,파이프라인소비=아니오(build_input_v5.py 미참조 → X/y/group_key 무영향)
독성코드,검증근거,EyeIrritation6pack_PID579,[구조화DB신규조회 재시도·미해결: PubChem 성분 참고값(제품 SDS 아님)] 제품(Lancer Gold)이 아닌 대표활성성분(Bifenthrin) 참고값; SDS 자체를 못 찾음 | 원문: Danger | H300: Fatal if swallowed | H317: May cause an allergic skin reaction | H331: Toxic if inhaled | H351: Suspected of causing cancer | H372: Causes damage to organs through prolonged or repeated exposure | H400/H41,추출정보 공란 + 출처 접근 실패(링크불가·403/404·로그인·못찾음),변경,없음,확인 불가,파이프라인소비=아니오(build_input_v5.py 미참조 → X/y/group_key 무영향)
독성코드,검증근거,EyeIrritation6pack_PID58,"[구조화DB신규조회 재시도·미해결: PubChem 성분 참고값(제품 SDS 아님)] 메모에 성분 불일치 의심(현행 Agita 10WG는 Thiamethoxam 함유) 명시됨; 니코틴 원물질 참고값만 확인, 제품 SDS 아님 | 원문: Danger | H300: Fatal if swallowed | H310: Fatal in contact with skin | H330: Fatal if inhaled | H411: Toxic to aquatic life with long lasting effects (PubChem CID 89594, nicotine)",추출정보 공란 + 성분 불일치(다른 제품 SDS 의심),변경,없음,확인 불가,파이프라인소비=아니오(build_input_v5.py 미참조 → X/y/group_key 무영향)
독성코드,검증근거,EyeIrritation6pack_PID583,"[구조화DB신규조회 재시도·미해결: PubChem 성분 참고값(제품 SDS 아님)] Thiodicarb 미국 등록 취소로 제품 SDS 확인 불가; 원제 참고값만 확인 | 원문: Danger | H301 (100%): Toxic if swallowed | H330 (97.2%): Fatal if inhaled | H400 (95.8%): Very toxic to aquatic life (PubChem CID 62155, Thiodicarb)",추출정보 공란 + 출처 접근 실패(링크불가·403/404·로그인·못찾음),변경,없음,확인 불가,파이프라인소비=아니오(build_input_v5.py 미참조 → X/y/group_key 무영향)
독성코드,검증근거,EyeIrritation6pack_PID585,"[구조화DB신규조회 재시도·미해결: PubChem 성분 참고값(제품 SDS 아님)] Thiodicarb 미국 등록 취소 추정 제품; 원제 참고값만 확인 | 원문: Danger | H301 (100%): Toxic if swallowed | H330 (97.2%): Fatal if inhaled | H400 (95.8%): Very toxic to aquatic life (PubChem CID 62155, Thiodicarb)",추출정보 공란 + 출처 접근 실패(링크불가·403/404·로그인·못찾음),변경,없음,확인 불가,파이프라인소비=아니오(build_input_v5.py 미참조 → X/y/group_key 무영향)
독성코드,검증근거,EyeIrritation6pack_PID59,"[구조화DB신규조회 재시도·미해결: PubChem 성분 참고값(제품 SDS 아님)] 'Agita IGB'라는 별도 등록은 EPA에서 확인되지 않음(메모); Thiamethoxam 원제 참고값만 확인 | 원문: Warning | H302: Harmful if swallowed | H361fd: Suspected of damaging fertility; Suspected of damaging the unborn child | H400/H410: Very toxic to aquatic life (PubChem CID 5821911, Thiamethoxam)",추출값은 있으나 출처 전무 ; 메모에 출처 접근 실패 흔적이 남아 있음 — 값의 근거 재확인 필요,변경,없음,확인 불가,파이프라인소비=아니오(build_input_v5.py 미참조 → X/y/group_key 무영향)
독성코드,검증근거,EyeIrritation6pack_PID592,"[구조화DB신규조회 재시도·미해결: PubChem 성분 참고값(제품 SDS 아님)] 다성분 제형(2,4-D/Dicamba/Penoxsulam/Indaziflam) 중 대표성분(2,4-D)만 조회; 제품 SDS 아님 | 원문: Danger | H302: Harmful if swallowed | H317: May cause an allergic skin reaction | H318: Causes serious eye damage | H335: May cause respiratory irritation | H412: Harmful to aquatic life with long lasting effects (PubChe",추출정보 공란 + 출처 접근 실패(링크불가·403/404·로그인·못찾음),변경,없음,확인 불가,파이프라인소비=아니오(build_input_v5.py 미참조 → X/y/group_key 무영향)
독성코드,검증근거,EyeIrritation6pack_PID593,"[구조화DB신규조회 재시도·미해결: PubChem 성분 참고값(제품 SDS 아님)] 다성분 제형(Quinclorac/Dicamba/2,4-D/Mecoprop-P/Indaziflam) 중 대표성분(Quinclorac)만 조회; 제품 SDS 아님 | 원문: Warning | H317: May cause an allergic skin reaction (PubChem CID 91739, Quinclorac / '3,7-dichloroquinoline carboxylic acid')",추출정보 공란 + 출처 접근 실패(링크불가·403/404·로그인·못찾음),변경,없음,확인 불가,파이프라인소비=아니오(build_input_v5.py 미참조 → X/y/group_key 무영향)
독성코드,검증근거,EyeIrritation6pack_PID594,"[구조화DB신규조회 재시도·미해결: PubChem 성분 참고값(제품 SDS 아님)] 다성분 제형(Dicamba/Metsulfuron-methyl/Indaziflam) 중 대표성분(Dicamba)만 조회; 제품 SDS 아님 | 원문: Danger | H302: Harmful if swallowed | H318: Causes serious eye damage | H332: Harmful if inhaled | H335: May cause respiratory irritation | H336: May cause drowsiness or dizziness | H400/H411 (PubChem CID 3030, Dicamba)",추출정보 공란 + 출처 접근 실패(링크불가·403/404·로그인·못찾음),변경,없음,확인 불가,파이프라인소비=아니오(build_input_v5.py 미참조 → X/y/group_key 무영향)
독성코드,검증근거,EyeIrritation6pack_PID600,"[구조화DB신규조회 재시도·미해결: PubChem 성분 참고값(제품 SDS 아님)] 제조사/브랜드 특정 불가 제품; Permethrin 원제 참고값만 확인 | 원문: Warning | H302: Harmful if swallowed | H317: May cause an allergic skin reaction | H332: Harmful if inhaled | H400/H410: Very toxic to aquatic life (PubChem CID 40326, Permethrin)",추출정보 공란 + 출처 접근 실패(링크불가·403/404·로그인·못찾음),변경,없음,확인 불가,파이프라인소비=아니오(build_input_v5.py 미참조 → X/y/group_key 무영향)
독성코드,검증근거,EyeIrritation6pack_PID601,[구조화DB신규조회 재시도·미해결: PubChem 성분 참고값(제품 SDS 아님)] BASF SPA 사이트 접근 불가로 제품 SDS 미확인; Glufosinate ammonium 원제 참고값만 확인 | 원문: Danger | H302: Harmful if swallowed | H312: Harmful in contact with skin | H332: Harmful if inhaled | H360Fd: May damage fertility; Suspected of damaging the unborn child | H373: May cause damage to organs through prolon,추출정보 공란 + 출처 접근 실패(링크불가·403/404·로그인·못찾음),변경,없음,확인 불가,파이프라인소비=아니오(build_input_v5.py 미참조 → X/y/group_key 무영향)
독성코드,검증근거,EyeIrritation6pack_PID602,"[구조화DB신규조회 재시도·미해결: PubChem 성분 참고값(제품 SDS 아님)] Atrazine+Glufosinate 혼합제; Atrazine 대표값만 조회(Glufosinate는 H302/H312/H332/H360Fd/H373, CID 53597), 제품 SDS 아님 | 원문: Warning | H317: May cause an allergic skin reaction | H373: May cause damage to organs through prolonged or repeated exposure | H400/H410 (PubChem CID 2256, Atrazine)",추출정보 공란 + 출처 접근 실패(링크불가·403/404·로그인·못찾음),변경,없음,확인 불가,파이프라인소비=아니오(build_input_v5.py 미참조 → X/y/group_key 무영향)
독성코드,검증근거,EyeIrritation6pack_PID607,[구조화DB신규조회 재시도·미해결: 조회 불가] ingredient_names 필드 값이 'No'로 유효 성분명이 없어 PubChem 이름검색 자체가 불가능함; EPA 라벨 조회도 등록번호 없어 불가 | 원문: ,추출정보 공란 + 출처 접근 실패(링크불가·403/404·로그인·못찾음),변경,없음,확인 불가,파이프라인소비=아니오(build_input_v5.py 미참조 → X/y/group_key 무영향)
독성코드,검증근거,EyeIrritation6pack_PID608,"[구조화DB신규조회 재시도·미해결: PubChem 성분 참고값(제품 SDS 아님)] Lonza 사이트 봇 차단으로 제품 SDS 미확인; 6개 성분 중 대표(DDAC)만 조회 | 원문: Danger | H302: Harmful if swallowed | H314: Causes severe skin burns and eye damage (PubChem CID 23558, Didecyldimethylammonium chloride)",추출정보 공란 + 출처 접근 실패(링크불가·403/404·로그인·못찾음),변경,없음,확인 불가,파이프라인소비=아니오(build_input_v5.py 미참조 → X/y/group_key 무영향)
독성코드,검증근거,EyeIrritation6pack_PID610,"[구조화DB신규조회 재시도·미해결: PubChem 성분 참고값(제품 SDS 아님)] 내부 코드 제품으로 SDS 미확인; Copper sulfate도 성분이나 Azoxystrobin만 대표 조회 | 원문: Danger | H331: Toxic if inhaled | H400/H410: Very toxic to aquatic life (PubChem CID 3034285, Azoxystrobin)",추출정보 공란 + 출처 접근 실패(링크불가·403/404·로그인·못찾음),변경,없음,확인 불가,파이프라인소비=아니오(build_input_v5.py 미참조 → X/y/group_key 무영향)
독성코드,검증근거,EyeIrritation6pack_PID616,"[구조화DB신규조회 재시도·미해결: PubChem 성분 참고값(제품 SDS 아님)] 서방형 제형 추정, 내부 코드 제품; Imidacloprid 원제 참고값만 확인 | 원문: Danger | H301 (43.6%): Toxic if swallowed | H400 (96.4%): Very toxic to aquatic life | H410 (100%) (PubChem CID 86287518, Imidacloprid)",추출정보 공란 + 출처 접근 실패(링크불가·403/404·로그인·못찾음),변경,없음,확인 불가,파이프라인소비=아니오(build_input_v5.py 미참조 → X/y/group_key 무영향)
독성코드,검증근거,EyeIrritation6pack_PID629,"[구조화DB신규조회 재시도·미해결: PubChem 성분 참고값(제품 SDS 아님)] 내부 코드 제품(MCM 437)으로 SDS 미확인; Fipronil 원제 참고값만 확인 | 원문: Danger | H301: Toxic if swallowed | H311: Toxic in contact with skin | H331: Toxic if inhaled | H372: Causes damage to organs through prolonged or repeated exposure | H400/H410 (PubChem CID 3352, Fipronil)",추출정보 공란 + 출처 접근 실패(링크불가·403/404·로그인·못찾음),변경,없음,확인 불가,파이프라인소비=아니오(build_input_v5.py 미참조 → X/y/group_key 무영향)
독성코드,검증근거,EyeIrritation6pack_PID633,"[구조화DB신규조회 재시도·미해결: PubChem 성분 참고값(제품 SDS 아님)] Syngenta 브랜드 'Medallion' 공식 SDS 미확인; Fludioxonil 원제 참고값만 확인(제품에는 광유·글라이콜에테르 등 별도 용제 함유) | 원문: Warning | H400: Very toxic to aquatic life | H410: Very toxic to aquatic life with long lasting effects (PubChem CID 86398, Fludioxonil)",추출정보 공란 + 출처 접근 실패(링크불가·403/404·로그인·못찾음),변경,없음,확인 불가,파이프라인소비=아니오(build_input_v5.py 미참조 → X/y/group_key 무영향)
독성코드,검증근거,EyeIrritation6pack_PID639,"[구조화DB신규조회: PubChem CID 11409499 GHS Classification 직접 확인(제품명=성분명 일치로 순물질 예외 적용)] product_name='Mesosulfuron-methyl'이 ingredient_names의 활성성분명과 동일한 순물질이므로 예외 적용; 인체 유해성(눈/피부/감작) 코드 없음, 수생환경 유해성만 분류됨 | 원문: Warning | H400 (100%): Very toxic to aquatic life | H410 (67.5%): Very toxic to aquatic life with long lasting effects (PubChem CID 11409499, Mesosulfuron-methyl)",추출값은 있으나 출처 전무,변경,없음,확인 불가,파이프라인소비=아니오(build_input_v5.py 미참조 → X/y/group_key 무영향)
독성코드,검증근거,EyeIrritation6pack_PID641,"[구조화DB신규조회 재시도·미해결: PubChem 성분 참고값(제품 SDS 아님)] 제품명 'Mesotrione 50WG'는 50% 제형(메탄올 등 포함)으로 순물질 아님; 원제(Mesotrione) 참고값만 확인. 추출정보(H373/H410)와 부합하나 H361d/H400 추가 확인됨 | 원문: Warning | H361d: Suspected of damaging the unborn child | H373: May cause damage to organs through prolonged or repeated exposure | H400/H410 (PubChem CID 175967, Mesotrione)",추출값은 있으나 출처 전무,변경,없음,확인 불가,파이프라인소비=아니오(build_input_v5.py 미참조 → X/y/group_key 무영향)
독성코드,검증근거,EyeIrritation6pack_PID643,"[구조화DB신규조회: PubChem CID 11614934 GHS Classification 직접 확인(제품명=화학물질명+순도로 기술원제, 순물질 예외 적용)] product_name='Metaflumizone(88.7%)'는 브랜드명이 아닌 화학물질명+기술원제 순도이므로 예외 적용; 눈/피부자극·감작 코드는 확인되지 않음(추출정보의 H400/STOT2/Aquatic Chronic1은 PubChem 내 다른 집계 보고서 기준으로 일부 상이) | 원문: Warning | H361fd: Suspected of damaging fertility; Suspected of damaging the unborn child | H362: May cause harm to breast-fed children | H373: May cause damage to organs through prolonged or repeated exposure (PubChem C",추출값은 있으나 출처 전무,변경,없음,확인 불가,파이프라인소비=아니오(build_input_v5.py 미참조 → X/y/group_key 무영향)
독성코드,검증근거,EyeIrritation6pack_PID645,"[구조화DB신규조회 재시도·미해결: PubChem 성분 참고값(제품 SDS 아님)] 제품(4% 완제 미끼) SDS를 찾지 못해 원료 Metaldehyde 참고값 사용; 기존 추출정보(H228/H301/H361f/H412)와 정확히 일치 확인됨 | 원문: Danger | H228: Flammable solid | H301 (77.2%): Toxic if swallowed | H361f (44%): Suspected of damaging fertility | H412 (68.2%): Harmful to aquatic life with long lasting effects (PubChem CID 61021, Metaldehyde)",추출값은 있으나 출처 전무,변경,없음,확인 불가,파이프라인소비=아니오(build_input_v5.py 미참조 → X/y/group_key 무영향)
독성코드,검증근거,EyeIrritation6pack_PID65,"[구조화DB신규조회 재시도·미해결: PubChem 성분 참고값(제품 SDS 아님)] BASF 공식 SDS 미확인; Imidacloprid/Bifenthrin 복합 비료형 제품 중 대표성분(Imidacloprid)만 조회 | 원문: Danger | H301 (43.6%): Toxic if swallowed | H400 (96.4%) | H410 (100%) (PubChem CID 86287518, Imidacloprid)",추출정보 공란 + 출처 접근 실패(링크불가·403/404·로그인·못찾음),변경,없음,확인 불가,파이프라인소비=아니오(build_input_v5.py 미참조 → X/y/group_key 무영향)
독성코드,검증근거,EyeIrritation6pack_PID650,"[구조화DB신규조회 재시도·미해결: PubChem 성분 참고값(제품 SDS 아님)] product_name 'Metrafenone Fungicide'는 화학물질명에 일반 용도어(Fungicide)가 붙은 형태로 브랜드 제품 가능성을 배제할 수 없어 순물질 예외 미적용; 급성 경구/경피 LD50 등 인체 유해성 코드는 확인되지 않음. 기존 추출정보(H400/H410)와 정확히 일치 | 원문: Warning | H400 (99.6%): Very toxic to aquatic life | H410 (83.3%): Very toxic to aquatic life with long lasting effects (PubChem CID 6451057, Metrafenone)",추출값은 있으나 출처 전무,변경,없음,확인 불가,파이프라인소비=아니오(build_input_v5.py 미참조 → X/y/group_key 무영향)
독성코드,검증근거,EyeIrritation6pack_PID651,[구조화DB신규조회 재시도·미해결: PubChem 성분 참고값(제품 SDS 아님)] 제품명이 두 활성성분명을 조합한 형태이나 카올린 등 부형제를 포함한 제형이라 순물질로 보기 어려움; 두 원제 데이터 결합 참고값. 기존 추출정보(H302/H317/H373/H400/H410)와 일치 | 원문: Metribuzin(CID 30479): Warning | H302 (100%) | H373 (10.4%) | H400 (100%) | H410 (100%). Flufenacet(CID 86429): Warning | H302 (100%) | H317 (100%) | H373 (100%) | H400 (100%) | H410 (100%),추출값은 있으나 출처 전무,변경,없음,확인 불가,파이프라인소비=아니오(build_input_v5.py 미참조 → X/y/group_key 무영향)
독성코드,검증근거,EyeIrritation6pack_PID655,"[구조화DB신규조회 재시도·미해결: PubChem 성분 참고값(제품 SDS 아님)] MGK 내부 제형코드로 SDS 목록에서 정확히 일치하는 성분 조합을 찾지 못함; 다수 활성성분 중 Permethrin만 대표 조회 | 원문: Warning | H302: Harmful if swallowed | H317: May cause an allergic skin reaction | H332: Harmful if inhaled | H400/H410 (PubChem CID 40326, Permethrin)",추출정보 공란 + 출처 접근 실패(링크불가·403/404·로그인·못찾음),변경,없음,확인 불가,파이프라인소비=아니오(build_input_v5.py 미참조 → X/y/group_key 무영향)
독성코드,검증근거,EyeIrritation6pack_PID656,"[구조화DB신규조회 재시도·미해결: PubChem 성분 참고값(제품 SDS 아님)] MGK 내부 제형코드(F-2862)로 정확히 일치하는 SDS 없음; Pyrethrins/Permethrin/Bifenthrin 혼합 중 Permethrin만 대표 조회 | 원문: Warning | H302: Harmful if swallowed | H317: May cause an allergic skin reaction | H332: Harmful if inhaled | H400/H410 (PubChem CID 40326, Permethrin)",추출정보 공란 + 출처 접근 실패(링크불가·403/404·로그인·못찾음),변경,없음,확인 불가,파이프라인소비=아니오(build_input_v5.py 미참조 → X/y/group_key 무영향)
독성코드,검증근거,EyeIrritation6pack_PID657,"[구조화DB신규조회 재시도·미해결: PubChem 성분 참고값(제품 SDS 아님)] MGK 내부 제형코드(2922)로 SHOCKWAVE/CIRRUS 등 유사 제품 SDS 대조했으나 정확히 일치 못함; 8개 성분 중 Pyrethrins만 대표 조회 | 원문: Warning | H302 (89.4%): Harmful if swallowed | H312 (90.4%): Harmful in contact with skin | H332 (93.3%): Harmful if inhaled | H400 (91.3%) | H410 (89.4%) (PubChem CID 60202781, Pyrethrins)",추출정보 공란 + 출처 접근 실패(링크불가·403/404·로그인·못찾음),변경,없음,확인 불가,파이프라인소비=아니오(build_input_v5.py 미참조 → X/y/group_key 무영향)
독성코드,검증근거,EyeIrritation6pack_PID658,"[구조화DB신규조회 재시도·미해결: PubChem 성분 참고값(제품 SDS 아님)] 'Formula 2960'는 MGK 공식 홈페이지에도 미등재; DEET/permethrin/imidacloprid 혼합 중 DEET(주성분, 1-5%)만 대표 조회 | 원문: Warning | H302 (100%): Harmful if swallowed | H315 (100%): Causes skin irritation | H319 (100%): Causes serious eye irritation (PubChem CID 4284, N,N-diethyl-m-toluamide/DEET)",추출정보 공란 + 출처 접근 실패(링크불가·403/404·로그인·못찾음),변경,없음,확인 불가,파이프라인소비=아니오(build_input_v5.py 미참조 → X/y/group_key 무영향)
독성코드,검증근거,EyeIrritation6pack_PID659,[구조화DB신규조회 재시도·미해결: PubChem 성분 참고값(제품 SDS 아님)] 'Formula 2976'는 MGK 공식 홈페이지에도 미등재; Abamectin+Pyriproxyfen 중 Abamectin만 대표 조회 | 원문: Danger | H300+H330 (25.8%): Fatal if swallowed or if inhaled | H300 (100%): Fatal if swallowed | H311 (25.4%): Toxic in contact with skin | H330 (98.5%): Fatal if inhaled | H361 (86.2%) | H372 (98.5%) | H400 (100%) (PubC,추출정보 공란 + 출처 접근 실패(링크불가·403/404·로그인·못찾음),변경,없음,확인 불가,파이프라인소비=아니오(build_input_v5.py 미참조 → X/y/group_key 무영향)
독성코드,검증근거,EyeIrritation6pack_PID660,"[구조화DB신규조회 재시도·미해결: PubChem 성분 참고값(제품 SDS 아님)] 'Formula 2980'는 MGK 공식 홈페이지에도 미등재; Pyrethrins/Permethrin/PBO 중 Pyrethrins만 대표 조회 | 원문: Warning | H302 (89.4%): Harmful if swallowed | H312 (90.4%): Harmful in contact with skin | H332 (93.3%): Harmful if inhaled | H400 (91.3%) | H410 (89.4%) (PubChem CID 60202781, Pyrethrins)",추출정보 공란 + 출처 접근 실패(링크불가·403/404·로그인·못찾음),변경,없음,확인 불가,파이프라인소비=아니오(build_input_v5.py 미참조 → X/y/group_key 무영향)
독성코드,검증근거,EyeIrritation6pack_PID661,"[2차재시도(우회) 재시도·미해결: PubChem pug_view API 직접 조회(Diflubenzuron CID 37123, 웹페이지 대신 API 사용)] 이전 라운드는 PubChem 웹페이지(WebFetch)에서 동적 렌더링 섹션 누락으로 GHS 정보 미확보. 이번에 PUG View API(JSON)로 직접 조회하여 GHS 데이터 확보 성공. Diflubenzuron 순물질 참고값이며 제품 Micromite 80WG(Kaolin 등 불활성 담체 포함) 자체 SDS는 아님. 눈·피부 자극 분류는 데이터에 없음. | 원문: Warning H312 (29.4%): Harmful in contact with skin H373 (13.5%): May causes damage to organs through prolonged or repeated exposure H400 (94.4%): Very toxic to aquatic life",[웹조사 2차조사·미해결] (시도 출처: https://pubchem.ncbi.nlm.nih.gov/compound/37123) PubChem 페이지 접속은 성공했으나 GHS 신호어/H코드/눈·피부 구분 정보는 가져오지 못함(동적 렌더링 섹션 미포함 추정). | 원문: 접속됐으나 페이지 내용에 화학식(C14H9ClF2N2O2)과 CID 번호만 있고 GHS Classification 섹션 정보 없음,변경,없음,확인 불가,파이프라인소비=아니오(build_input_v5.py 미참조 → X/y/group_key 무영향)
독성코드,검증근거,EyeIrritation6pack_PID668,"[2차재시도(우회) 재시도·미해결: PubChem pug_view API 직접 조회(Methiocarb CID 16248)] PUG View API로 GHS 데이터 확보(급성경구독성1, 수생환경유해성만 확인, 눈·피부 자극 분류 없음). Methiocarb 순물질 참고값이며 제품 Mesurol 2% Bait(Calcium sulfate, BHT 등 불활성 성분 포함) 자체 SDS 아님. | 원문: Danger H301: Toxic if swallowed H400: Very toxic to aquatic life H410: Very toxic to aquatic life with long lasting effects","[웹조사 2차조사·미해결] (시도 출처: https://pubchem.ncbi.nlm.nih.gov/compound/16248) PubChem 페이지 접속은 성공했으나 GHS 정보 섹션은 확보되지 않음. | 원문: 접속됐으나 화합물명(Methiocarb)과 분자식(C11H15NO2S), CID 번호만 확인되고 GHS 분류 정보(신호어/H코드/눈피부구분)는 포함되어 있지 않음",변경,없음,확인 불가,파이프라인소비=아니오(build_input_v5.py 미참조 → X/y/group_key 무영향)
독성코드,검증근거,EyeIrritation6pack_PID673,"[구조화DB신규조회 재시도·미해결: PubChem 성분 참고값(제품 SDS 아님)] Monsanto 내부 포뮬러 코드로 공개 SDS 미확인; Glyphosate/Atrazine/Acetochlor 중 Glyphosate만 대표 조회 | 원문: Danger | H318 (99.7%): Causes serious eye damage | H411 (99.7%): Toxic to aquatic life with long lasting effects (PubChem CID 3496, Glyphosate potassium salt/acid)",추출정보 공란 + 출처 접근 실패(링크불가·403/404·로그인·못찾음),변경,없음,확인 불가,파이프라인소비=아니오(build_input_v5.py 미참조 → X/y/group_key 무영향)
독성코드,검증근거,EyeIrritation6pack_PID674,"[2차재시도(우회) 재시도·미해결: curl 재다운로드 성공(원료 에스터 단일물질 재확인) + PubChem 성분 참고값(Acetochlor)] 재다운로드 성공, 문서는 'Adipic Acid Monomethyl Ester'(제품의 비활성 에스터 성분) 단일물질 MSDS로 확인, 실제 유효성분 Acetochlor 정보 없음(이전과 동일 결론). PubChem Acetochlor 참고값(Warning, 피부자극2/감작1, 눈자극 분류 없음) 추가 확보, 제품 SDS 아님. | 원문: Caution! May cause eye and skin irritation. May cause respiratory and digestive tract irritation. The toxicological properties of this material have not been fully investigated.","[웹조사 2차조사·미해결] (시도 출처: https://pim-resources.coleparmer.com/sds/01536.pdf) 메모에서 이미 이 SDS가 완제품(Mon 8411, Acetochlor 포함)이 아닌 원료 단일물질(Adipic Acid Monomethyl Ester) MSDS로 성분 불일치임을 지적. 재접속도 내용 확인 실패. | 원문: 접속 실패 - PDF가 압축 바이너리(FlateDecode) 형식으로 텍스트 추출 불가",변경,없음,확인 불가,파이프라인소비=아니오(build_input_v5.py 미참조 → X/y/group_key 무영향)
독성코드,검증근거,EyeIrritation6pack_PID678,"[구조화DB신규조회 재시도·미해결: PubChem 성분 참고값(제품 SDS 아님)] Wellmark International 사이트가 JS SPA로 접근 불가; isobutane/propane/permethrin/cypermethrin 등 혼합 중 Permethrin만 대표 조회 | 원문: Warning | H302: Harmful if swallowed | H317: May cause an allergic skin reaction | H332: Harmful if inhaled | H400/H410 (PubChem CID 40326, Permethrin)",추출정보 공란 + 출처 접근 실패(링크불가·403/404·로그인·못찾음),변경,없음,확인 불가,파이프라인소비=아니오(build_input_v5.py 미참조 → X/y/group_key 무영향)
독성코드,검증근거,EyeIrritation6pack_PID680,"[2차재시도(우회) 재시도·미해결: curl 재다운로드 성공(목재 SDS 재확인, 목재분진 관련 무관 재확인) + PubChem 성분 참고값(Propiconazole)] 재시도로 Weyerhaeuser 목재 SDS 재확인, Signal Word DANGER/Carcinogen 1A(H350)는 목재분진(우드더스트) 고유 위험성이며 Mycostat BX2의 유효성분 Propiconazole과 무관(이전과 동일 결론). PubChem Propiconazole 참고값(Danger, 피부감작1/H317, 생식독성우려/H360D, 눈·피부자극 분류 없음) 확보, 제품 SDS 아님. | 원문: Carcinogen- Category 1A (H350)* Wood dust may cause nasopharyngeal cancer and/or cancer of the nasal cavities and paranasal sinuses by inhalation","[웹조사 2차조사·미해결] (시도 출처: https://www.weyerhaeuser.com/application/files/9115/1311/1308/Southern_Pine_Lumber-Mycostat_Treated.pdf) 메모에서 이미 이 문서의 신호어/H코드가 처리목재(wood dust) 관련 분류이며 Mycostat BX2(Propiconazole) 자체와 무관함을 지적. 재접속 시도에서도 Section11 개별성분 값 재확인 실패. | 원문: 접속됐으나 문서가 압축/암호화된 형식으로 판독 가능한 GHS 신호어, H코드, Section 11 성분별 독성정보를 확인할 수 없음",변경,없음,확인 불가,파이프라인소비=아니오(build_input_v5.py 미참조 → X/y/group_key 무영향)
독성코드,검증근거,EyeIrritation6pack_PID687,"[구조화DB신규조회 재시도·미해결: PubChem 성분 참고값(제품 SDS 아님)] Sodium Hypochlorite(살균제)+Nicosulfuron(제초제) 조합이 이례적이라 데이터 오류 가능성 있음(메모); 제초제 성분(Nicosulfuron)만 대표 조회. 참고로 Sodium Hypochlorite는 Danger/H314/H318/H400/H410 | 원문: Warning | H315 (28.1%): Causes skin irritation | H319 (27.5%): Causes serious eye irritation | H400 (95%) | H410 (95%) (PubChem CID 73281, Nicosulfuron)",추출정보 공란 + 출처 접근 실패(링크불가·403/404·로그인·못찾음),변경,없음,확인 불가,파이프라인소비=아니오(build_input_v5.py 미참조 → X/y/group_key 무영향)
독성코드,검증근거,EyeIrritation6pack_PID689,"[구조화DB신규조회 재시도·미해결: PubChem 성분 참고값(제품 SDS 아님)] 제조/등록사 확인 불가 제품; Fipronil 원제 참고값만 확인 | 원문: Danger | H301: Toxic if swallowed | H311: Toxic in contact with skin | H331: Toxic if inhaled | H372: Causes damage to organs through prolonged or repeated exposure | H400/H410 (PubChem CID 3352, Fipronil)",추출정보 공란 + 출처 접근 실패(링크불가·403/404·로그인·못찾음),변경,없음,확인 불가,파이프라인소비=아니오(build_input_v5.py 미참조 → X/y/group_key 무영향)
독성코드,검증근거,EyeIrritation6pack_PID690,"[2차재시도(우회) 재시도·미해결: 기존 로컬 PDF(과립형 10G 제형, 제형불일치) + PubChem 성분 참고값(Fosthiazate)] 제품 Nemathorin 500EC(액상 유탁제)와 기존 확보 문서(10G 과립형)는 제형이 달라 용제 관련 위험성이 상이(이전과 동일 결론). PubChem Fosthiazate 순물질 참고값(Danger, 피부감작1/H317) 확보했으나 EC 제형 용제 영향 미반영. | 원문: Danger H301: Toxic if swallowed H312: Harmful in contact with skin H317: May cause an allergic skin reaction H331: Toxic if inhaled","[로컬PDF검증 2차조사·미해결] PDF은 과립형(10G) 제형 SDS이며 문의된 액상 유탁제(500EC)와 제형이 달라 용제 관련 위험성(인화성, 피부/눈자극 등)이 상이할 것으로 예상되어 대체 근거로 사용 불가. | 원문: NEMATHORIN 10 G... Acute toxicity, Category 3 H301: Toxic if swallowed. Long-term (chronic) aquatic hazard, Category 2 H411",변경,없음,확인 불가,파이프라인소비=아니오(build_input_v5.py 미참조 → X/y/group_key 무영향)
독성코드,검증근거,EyeIrritation6pack_PID692,"[구조화DB신규조회 재시도·미해결: PubChem 성분 참고값(제품 SDS 아님)] 유사명 'Neporex 2SG' 제품은 제형/제품명 불일치로 미사용(메모); Cyromazine 원제 참고값만 확인 | 원문: Warning | H315 (53.7%): Causes skin irritation | H319 (52.4%): Causes serious eye irritation | H335 (51.2%): May cause respiratory irritation | H410 (40.2%) (PubChem CID 47866, Cyromazine)",추출정보 공란 + 성분 불일치(다른 제품 SDS 의심),변경,없음,확인 불가,파이프라인소비=아니오(build_input_v5.py 미참조 → X/y/group_key 무영향)
독성코드,검증근거,EyeIrritation6pack_PID694,"[2차재시도(우회) 재시도·미해결: PubChem 성분 참고값(Maleic hydrazide) - 기존 SIGMADUR 도료 SDS 불일치 재확인] 제품 NEU1171H(1-Methoxy-2-propanol/Cobaltous neodecanoate/Maleic hydrazide)의 기존 확보 문서(PPG SIGMADUR 도료)는 완전히 무관한 제품으로 재확인. 주 활성성분으로 추정되는 Maleic hydrazide PubChem 참고값(Warning, 눈자극2A/H319, 피부자극2/H315) 확보. 순물질 참고값으로 실제 혼합물 제품 SDS는 아님. | 원문: Warning H315: Causes skin irritation H319: Causes serious eye irritation H335: May cause respiratory irritation H341: Suspected of causing genetic defects","[로컬PDF검증 2차조사·미해결] pdf_path의 PDF는 PPG Coatings의 도료 제품 'SIGMADUR ONE (TINTED)' SDS(Flam.Liq.3 H226, STOT SE3 H336, Warning)로 NEU1171H(1-Methoxy-2-propanol/Cobaltous neodecanoate/Maleic hydrazide 배합)와 전혀 무관한 제품. 제품 불일치로 재검토 필요. | 원문: Product name : SIGMADUR ONE (TINTED)  Product code : 000001190763",변경,없음,확인 불가,파이프라인소비=아니오(build_input_v5.py 미참조 → X/y/group_key 무영향)
독성코드,검증근거,EyeIrritation6pack_PID695,"[2차재시도(우회) 재시도·미해결: PubChem 성분 참고값(Maleic hydrazide) - 기존 Lauryl Sulfate Broth SDS 불일치 재확인] 제품 NEUl171H RTU의 기존 확보 문서(Neogen 'Lauryl Sulfate Broth' 미생물배양액)는 완전히 무관한 제품(그 자체는 비유해). Maleic hydrazide PubChem 참고값(Warning, 눈자극2A/H319, 피부자극2/H315) 확보, 제품 SDS 아님. | 원문: Warning H315: Causes skin irritation H319: Causes serious eye irritation H335: May cause respiratory irritation H341: Suspected of causing genetic defects","[로컬PDF검증 2차조사·미해결] pdf_path의 PDF는 Neogen Corporation의 미생물 배양액 'Lauryl Sulfate Broth' SDS로 제품 자체는 비유해 물질(Hazard Statement: No Significant Hazard)이며, Sodium dodecyl sulfate(H228,H302+H332,H315,H318,H335,H401,H412)는 Section3의 원료(0-0.5%) 분류일 뿐 제품 분류가 아님. NEU1171H RTU와 무관한 제품 SDS로 재검토 필요. | 원문: Based on available data, this product is not classified as hazardous.",변경,없음,확인 불가,파이프라인소비=아니오(build_input_v5.py 미참조 → X/y/group_key 무영향)
독성코드,검증근거,EyeIrritation6pack_PID696,"[구조화DB신규조회 재시도·미해결: PubChem 성분 참고값(제품 SDS 아님)] product_name 'Nicosulfuron 40SC'는 40% 제형(SC)을 나타내는 상용코드가 붙어 순물질 예외 미적용; Nicosulfuron 원제 참고값만 확인 | 원문: Warning | H315 (28.1%): Causes skin irritation | H319 (27.5%): Causes serious eye irritation | H400 (95%) | H410 (95%) (PubChem CID 73281, Nicosulfuron)",추출정보 공란 + 출처 접근 실패(링크불가·403/404·로그인·못찾음),변경,없음,확인 불가,파이프라인소비=아니오(build_input_v5.py 미참조 → X/y/group_key 무영향)
독성코드,검증근거,EyeIrritation6pack_PID698,"[구조화DB신규조회 재시도·미해결: PubChem 성분 참고값(제품 SDS 아님)] 제품은 복합 종자처리제(Clothianidin/Metconazole/Metalaxyl/Propylene glycol)이며, PubChem에서 대표 활성성분 Clothianidin(CID 86287519)의 ECHA C&L 집계자료만 확보됨. 제품 자체 SDS 아님, 제품=순물질 예외 미해당. | 원문: Danger / H302 (100%): Harmful if swallowed / H361f (95.5%): Suspected of damaging fertility / H370 (95.5%): Causes damage to organs / H400 (100%): Very toxic to aquatic life / H410 (100%): Very toxic to aquatic life with",추출정보 공란 + 출처 접근 실패(링크불가·403/404·로그인·못찾음),변경,없음,확인 불가,파이프라인소비=아니오(build_input_v5.py 미참조 → X/y/group_key 무영향)
독성코드,검증근거,EyeIrritation6pack_PID699,"[2차재시도(우회) 재시도·미해결: PubChem 성분 참고값(Flubendiamide) - 기존 알루미늄분말 SDS 불일치 재확인] 제품 NNI-0001의 2번째 유효성분 Flubendiamide PubChem 참고값은 수생환경유해성만 확인되고 눈·피부·감작 분류가 전혀 없음. 기존 확보 문서(Aluminium Powder 단일물질, Danger/H228 가연성고체)는 여전히 다른 성분(알루미늄분말)의 물리적 위험성만 나타내며 Flubendiamide와 무관. 제품 전체 SDS 미확보로 재검토 필요. | 원문: Warning H400: Very toxic to aquatic life H410: Very toxic to aquatic life with long lasting effects","[로컬PDF검증 2차조사·미해결] pdf_path의 PDF는 Gold Leaf and Metallic Powders사의 'Aluminium Powder(stabilised)' 단일물질(100%) SDS(Danger/H228/Flam.Sol.1)로, 제품 NNI-0001의 두 번째 유효성분 Flubendiamide가 전혀 포함되어 있지 않음. 완제품 SDS가 아니라 원료 단일물질 SDS이므로 재검토 필요(메모 내용과 일치). | 원문: Trade name/designation : Aluminium Powder ... Substance name Aluminium powder (stabilised) ... 100",변경,없음,확인 불가,파이프라인소비=아니오(build_input_v5.py 미참조 → X/y/group_key 무영향)
독성코드,검증근거,EyeIrritation6pack_PID700,[구조화DB신규조회 재시도·미해결: PubChem 성분 참고값(제품 SDS 아님)] 제품명 'Norm 1'은 브랜드명이며 성분 중 살충 활성성분 Metofluthrin(CID 5282227)의 PubChem/ECHA 집계자료만 확보. 기존 메모의 성분 불일치 우려(다른 제품 SDS 혼동)와 별개로 순물질 참고치일 뿐 제품 확정 불가. | 원문: Danger / H332 (100%): Harmful if inhaled / H370 (50%): Causes damage to organs / H373 (50%): May causes damage to organs through prolonged or repeated exposure / H400 (50%): Very toxic to aquatic life / H410 (100%): Very,추출정보 공란 + 성분 불일치(다른 제품 SDS 의심),변경,없음,확인 불가,파이프라인소비=아니오(build_input_v5.py 미참조 → X/y/group_key 무영향)
독성코드,검증근거,EyeIrritation6pack_PID702,"[구조화DB신규조회 재시도·미해결: PubChem 성분 참고값(제품 SDS 아님)] 제품명은 내부 코드(NTN 33893)+제형(75 WP-WS)이며 순물질이 아님. 활성성분 Imidacloprid(CID 86287518)의 PubChem 집계자료만 확보, 제품 전용 SDS 아님. | 원문: Danger / H301 (43.6%): Toxic if swallowed / H302 (56.4%): Harmful if swallowed / H400 (96.4%): Very toxic to aquatic life / H410 (100%): Very toxic to aquatic life with long lasting effects / Aggregated GHS information p",추출정보 공란 + 출처 접근 실패(링크불가·403/404·로그인·못찾음),변경,없음,확인 불가,파이프라인소비=아니오(build_input_v5.py 미참조 → X/y/group_key 무영향)
독성코드,검증근거,EyeIrritation6pack_PID704,"[구조화DB신규조회 재시도·미해결: PubChem 성분 참고값(제품 SDS 아님)] 내부 코드명 제품(NUP-06139). 활성성분 Tribenuron-methyl(CID 153909)의 PubChem 집계자료만 확보, 제품(2종 활성성분 혼합) SDS는 아님. | 원문: Warning / H317 (100%): May cause an allergic skin reaction / H373 (27.3%): May causes damage to organs through prolonged or repeated exposure / H400 (98.8%): Very toxic to aquatic life / H410 (98.8%): Very toxic to aquat",추출정보 공란 + 출처 접근 실패(링크불가·403/404·로그인·못찾음),변경,없음,확인 불가,파이프라인소비=아니오(build_input_v5.py 미참조 → X/y/group_key 무영향)
독성코드,검증근거,EyeIrritation6pack_PID705,"[구조화DB신규조회 재시도·미해결: PubChem 성분 참고값(제품 SDS 아님)] 내부 코드명 제품(NUP-07003), 6종 이상 복합 활성성분(2,4-D TIPA염, MCPP, 디캄바, 피라플루펜-에틸 등). PubChem 조회는 대표성분으로 2,4-D 유리산(CID 1486)을 사용했으나 실제 성분은 TIPA염이라 순물질 일치도 낮음. 참고값일 뿐 제품 확정 불가. | 원문: Danger / H302+H312 (14.6%): Harmful if swallowed or in contact with skin / H302 (100%): Harmful if swallowed / H317 (100%): May cause an allergic skin reaction / H318 (100%): Causes serious eye damage / H335 (100%): May ",추출정보 공란 + 성분 불일치(다른 제품 SDS 의심),변경,없음,확인 불가,파이프라인소비=아니오(build_input_v5.py 미참조 → X/y/group_key 무영향)
독성코드,검증근거,EyeIrritation6pack_PID707,"[구조화DB신규조회 재시도·미해결: PubChem 성분 참고값(제품 SDS 아님)] 내부 코드명 제품(NUP-12004). 활성성분 Pyraflufen-ethyl(CID 182951)의 PubChem 집계자료만 확보, 나머지 성분(Cyanuric acid, 2-EH 2,4-D ester) 독성정보 미포함. | 원문: Warning / H400 (100%): Very toxic to aquatic life / H410 (100%): Very toxic to aquatic life with long lasting effects / Aggregated GHS information provided per 172 reports by companies from 3 notifications to the ECHA C&",추출정보 공란 + 미분류 메모: 검색 도구가 이 세션에서 정상 작동하지 않아(모든 검색엔진이 질의와 무관,변경,없음,확인 불가,파이프라인소비=아니오(build_input_v5.py 미참조 → X/y/group_key 무영향)
독성코드,검증근거,EyeIrritation6pack_PID708,"[구조화DB신규조회 재시도·미해결: PubChem 성분 참고값(제품 SDS 아님)] 내부 코드명 제품(NUP06147). ingredient_names에 'Losartan'(고혈압 치료제 성분명)이 포함되어 있어 데이터 추출 오류/OCR 오염이 의심됨. 실질 농약 활성성분으로 보이는 Imidacloprid(CID 86287518)의 PubChem 집계자료만 참고 확보, 제품 SDS 아님. | 원문: Danger / H301 (43.6%): Toxic if swallowed / H302 (56.4%): Harmful if swallowed / H400 (96.4%): Very toxic to aquatic life / H410 (100%): Very toxic to aquatic life with long lasting effects / Aggregated GHS information p",추출정보 공란 + 미분류 메모: 검색 도구가 이 세션에서 정상 작동하지 않아(질의와 무관한 결과만 반환),변경,없음,확인 불가,파이프라인소비=아니오(build_input_v5.py 미참조 → X/y/group_key 무영향)
독성코드,검증근거,EyeIrritation6pack_PID710,"[구조화DB신규조회 재시도·미해결: PubChem 성분 참고값(제품 SDS 아님)] 브랜드 제품(Nylar Total Release Aerosol 2644). 활성성분 Pyriproxyfen(CID 91753)의 PubChem 집계자료만 확보, 나머지 성분(석유증류물/Prallethrin/Es-fenvalerate) 미포함, 제품 SDS 아님. | 원문: Warning / H400 (100%): Very toxic to aquatic life / H410 (100%): Very toxic to aquatic life with long lasting effects / Aggregated GHS information provided per 217 reports by companies from 7 notifications to the ECHA C&",추출정보 공란 + 출처 접근 실패(링크불가·403/404·로그인·못찾음),변경,없음,확인 불가,파이프라인소비=아니오(build_input_v5.py 미참조 → X/y/group_key 무영향)
독성코드,검증근거,EyeIrritation6pack_PID717,"[구조화DB신규조회 재시도·미해결: PubChem 성분 참고값(제품 SDS 아님)] 브랜드 종자처리제(Olympus Seed Treatment 3). 활성성분 Propoxycarbazone-sodium(CID 12056759)의 PubChem 집계자료만 확보, Imidacloprid 성분 독성정보 미포함, 제품 SDS 아님. | 원문: Warning / H400 (100%): Very toxic to aquatic life / H410 (100%): Very toxic to aquatic life with long lasting effects / Aggregated GHS information provided per 56 reports by companies from 4 notifications to the ECHA C&L",추출정보 공란 + 미분류 메모: 검색 도구가 이 세션에서 정상 작동하지 않음(브랜드명 'Olympus'로,변경,없음,확인 불가,파이프라인소비=아니오(build_input_v5.py 미참조 → X/y/group_key 무영향)
독성코드,검증근거,EyeIrritation6pack_PID719,"[구조화DB신규조회 재시도·미해결: PubChem 성분 참고값(제품 SDS 아님)] 브랜드 제품(Optigard Liquid Ant Bait). 활성성분 Thiamethoxam(CID 5821911)의 PubChem 집계자료만 확보(고체/분말 기준 H228 포함되어 액상 베이트 제품과도 상 불일치 가능), 제품 SDS 아님. | 원문: Danger / H228 (91.3%): Flammable solid / H302 (100%): Harmful if swallowed / H361fd (91.3%): Suspected of damaging fertility; Suspected of damaging the unborn child / H400 (100%): Very toxic to aquatic life / H410 (100%)",추출정보 공란 + 출처 접근 실패(링크불가·403/404·로그인·못찾음),변경,없음,확인 불가,파이프라인소비=아니오(build_input_v5.py 미참조 → X/y/group_key 무영향)
독성코드,검증근거,EyeIrritation6pack_PID723,"[2차재시도(우회) 재시도·미해결: PubChem 성분 참고값(Tebuconazole, Imidacloprid, Propiconazole) - 기존 도료 SDS 불일치 재확인] 제품 OR-X123(3성분 복합 살균/살충제)의 기존 확보 문서(International Paint 'Interthem 875' 도료)는 완전히 무관한 제품으로 재확인. 3개 활성성분 PubChem 참고값 모두 확보(Propiconazole만 피부감작1/H317, 눈자극 분류는 3개 성분 모두 없음)했으나 혼합제품 SDS 아님. | 원문: Warning H302: Harmful if swallowed H317: May cause an allergic skin reaction H360D: May damage the unborn child","[로컬PDF검증 2차조사·미해결] pdf_path의 PDF는 International Paint(Korea)의 도료 제품 'INTERTHERM 875 DENIM BLUE'(Warning/H226,H312,H315,H319,H332) SDS로, 농약 제품 OR-X123(Tebuconazole/Imidacloprid/Propiconazole)과 전혀 무관. 제품 불일치로 재검토 필요. | 원문: HAO123 INTERTHERM 875 DENIM BLUE ... 1.1. Product identifier INTERTHERM 875 DENIM BLUE Product Code HAO123",변경,없음,확인 불가,파이프라인소비=아니오(build_input_v5.py 미참조 → X/y/group_key 무영향)
독성코드,검증근거,EyeIrritation6pack_PID726,"[구조화DB신규조회 재시도·미해결: PubChem 성분 참고값(제품 SDS 아님)] 내부 개발코드 제품(ORD-X042). 활성성분 Tebuconazole(CID 86102)의 PubChem 집계자료만 확보, Imidacloprid 성분 미포함, 제품 SDS 아님. | 원문: Warning / H302 (100%): Harmful if swallowed / H361 (69.9%): Suspected of damaging fertility or the unborn child / H361d (30.5%): Suspected of damaging the unborn child / H400 (69.7%): Very toxic to aquatic life / H410 (6",추출정보 공란 + 미분류 메모: 검색 도구가 이 세션에서 정상 작동하지 않음('ORD' 약어로 인해 무관,변경,없음,확인 불가,파이프라인소비=아니오(build_input_v5.py 미참조 → X/y/group_key 무영향)
독성코드,검증근거,EyeIrritation6pack_PID737,"[구조화DB신규조회 재시도·미해결: PubChem 성분 참고값(제품 SDS 아님)] 기존 메모대로 실제 Pen 240FS(Bayer, EPA 264-1119)는 Penflufen 단일성분 제품으로 확인되며 ingredient_names의 Myclobutanil/Glycerin은 성분 불일치로 판단됨. PubChem에서 Penflufen(CID 11674113) 순물질 참고자료만 확보, 제품 SDS 대체 불가. | 원문: Warning / H351 (62.9%): Suspected of causing cancer / H400 (100%): Very toxic to aquatic life / H410 (100%): Very toxic to aquatic life with long lasting effects / Aggregated GHS information provided per 105 reports by c",추출정보 공란 + 성분 불일치(다른 제품 SDS 의심),변경,없음,확인 불가,파이프라인소비=아니오(build_input_v5.py 미참조 → X/y/group_key 무영향)
독성코드,검증근거,EyeIrritation6pack_PID740,"[2차재시도(우회) 재시도·미해결: PubChem 성분 참고값(Trifloxystrobin, Clothianidin, Penflufen, Metalaxyl) - 기존 n-Butanol 시약 SDS 불일치 재확인] 제품 Penclotrime 310.68 FS(4성분 복합 종자처리제)의 기존 확보 문서(Flinn Scientific n-Butyl Alcohol 시약)는 완전히 무관. 4개 활성성분 PubChem 참고값 모두 확보(피부감작1 확인, 눈자극 분류는 4개 성분 모두 없음)했으나 혼합제품 SDS 아님. | 원문: Warning H317: May cause an allergic skin reaction H362: May cause harm to breast-fed children","[로컬PDF검증 2차조사·미해결] pdf_path의 PDF는 Flinn Scientific의 교육용 시약 'n-Butyl Alcohol' 단일물질 SDS(Danger/H226,H302,H315,H318,H335,H336)로, 완제품 Penclotrime 310.68 FS(Trifloxystrobin/Clothianidin/Penflufen/Metalaxyl)의 실제 배합물 SDS가 아님. 메모가 지적한 성분 불일치와 동일 확인, 재검토 필요. | 원문: SECTION 1 — CHEMICAL PRODUCT AND COMPANY IDENTIFICATION n-Butyl Alcohol ... Signal Word DANGER",변경,없음,확인 불가,파이프라인소비=아니오(build_input_v5.py 미참조 → X/y/group_key 무영향)
독성코드,검증근거,EyeIrritation6pack_PID744,"[2차재시도(우회) 재시도·미해결: curl+pdftotext 재시도로 EPA 등록 라벨 원문 확보(Prothioconazole+Penflufen 성분일치 확인) + PubChem 성분 참고값] 재시도로 스캔이미지가 아닌 텍스트 추출 성공. 문서는 'Emesto Silver'(Bayer, EPA Reg 264-XXX pending) 라벨로 Prothioconazole+Penflufen 두 성분이 제품 Penpro 118FS와 일치하나 정확한 브랜드/함량 동일성은 확인 불가. FIFRA 라벨 형식(GHS 아님)으로 신호어는 CAUTION(EPA체계)이며 H코드/눈피부 GHS 카테고리 자체가 없음. PubChem 성분 참고값(Prothioconazole/Penflufen)도 눈·피부 분류 없음. | 원문: ACTIVE INGREDIENT Penflufen 9.35% Prothioconazole 1.68% ... CAUTION HAZARDS TO HUMANS AND DOMESTIC ANI","[웹조사 2차조사·미해결] (시도 출처: https://www3.epa.gov/pesticides/chem_search/ppls/000264-01123-20120511.pdf) 접속은 되었으나 스캔/압축 이미지로 신호어·H코드·눈피부구분 텍스트를 추출할 수 없었고, 제품명도 Penpro 118FS가 아닌 'EMESTO SILVER'로 나와(동일 등록번호의 다른 브랜드명 가능성) 제품 동일성도 불확실함. | 원문: ""이 PDF는 EMESTO SILVER 제품의 EPA 농약 라벨입니다... 신호어... 문서 내용이 압축되어 있어 명확히 추출할 수 없습니다""",변경,없음,확인 불가,파이프라인소비=아니오(build_input_v5.py 미참조 → X/y/group_key 무영향)
독성코드,검증근거,EyeIrritation6pack_PID748,"[2차재시도(우회): 비유해물질/GHS 미분류 확인 - curl+pdftotext 재시도로 EVERGOL XTEND C SDS 원문 확보(Penflufen+Trifloxystrobin 각 14.26% 동일성분·함량의 근연제품)] 재시도 성공. EVERGOL XTEND C(Bayer, EPA Reg 264-1165)는 Pentri 308FS와 동일한 2개 활성성분(Trifloxystrobin+Penflufen, 각 14.26%)을 동일 함량으로 포함하는 근연제품(메모에 이미 명시)이며, 제품 자체가 OSHA HCS/GHS 기준 비유해로 명시됨(신호어·픽토그램·H코드 없음). 다만 정확히 동일 등록번호 제품은 아니라는 점은 한계로 남음. | 원문: This material is not hazardous under the criteria of the Federal OSHA Hazard Communication Standard 29CFR 1910.1200. Hazards Not Otherw","[웹조사 2차조사·미해결] (시도 출처: https://s3-us-west-1.amazonaws.com/agrian-cg-fs1-production/pdfs/Evergol_Xtend_C1e_MSDS.pdf) 메모에서 이미 동일 등록번호가 아닌 근연제품(EverGol Xtend C) SDS로 대체함을 밝혔고, 재접속으로도 내용 확인 실패. | 원문: 접속 실패 - PDF가 압축 바이너리 형식으로 텍스트 추출 불가",변경,없음,확인 불가,파이프라인소비=아니오(build_input_v5.py 미참조 → X/y/group_key 무영향)
독성코드,검증근거,EyeIrritation6pack_PID75,"[구조화DB신규조회: PubChem 이름검색+GHS Classification 직접 확인(제품=순물질)] product_name='Ametryn', ingredient_names='Ametryn'로 제품=순물질 예외 해당. PubChem CID 13263 GHS Classification 집계자료(다수 통보 기준) 확인 완료. 눈/피부/피부감작 관련 H코드는 임계치(10%) 이상 통보되지 않아 미분류로 확인됨(기존 힌트 cat_eye_ghs=2B와 상충). | 원문: Danger / H302 (100%): Harmful if swallowed [Warning Acute toxicity, oral] / H331 (17.4%): Toxic if inhaled [Danger Acute toxicity, inhalation] / H400 (100%): Very toxic to aquatic life / H410 (100%): Very toxic to aquati",추출값은 있으나 출처 전무 ; 눈 구분 충돌 참조=2B vs H코드유도=2A,변경,없음,확인 불가,파이프라인소비=아니오(build_input_v5.py 미참조 → X/y/group_key 무영향)
독성코드,검증근거,EyeIrritation6pack_PID756,"[구조화DB신규조회: PubChem 이름검색+GHS Classification 직접 확인(제품=순물질)] product_name='Picoxystrobin', ingredient_names 1순위 성분과 일치(Glycerol/Lignosulfonic acid는 부형제)하여 제품=순물질 예외 해당. PubChem CID 11285653 GHS Classification 확인 완료. 눈자극 Category 2(H319) 확인됨, 기존 힌트(cat_eye_ghs=2B)와 대체로 부합. | 원문: Warning / H319 (98.9%): Causes serious eye irritation [Warning Serious eye damage/eye irritation] / H332 (100%): Harmful if inhaled / H400 (100%): Very toxic to aquatic life / H410 (57.3%): Very toxic to aquatic life wit",추출값은 있으나 출처 전무 ; 눈 구분 충돌 참조=2B vs H코드유도=2A,변경,없음,확인 불가,파이프라인소비=아니오(build_input_v5.py 미참조 → X/y/group_key 무영향)
독성코드,검증근거,EyeIrritation6pack_PID757,"[구조화DB신규조회 재시도·미해결: PubChem 성분 참고값(제품 SDS 아님)] 브랜드 과립형 제품(Pillar Granular Fungicide). 활성성분 Pyraclostrobin(CID 6422843)의 PubChem 집계자료만 확보, Triticonazole/결정형실리카/프로필렌글리콜 독성정보 미포함, 제품 SDS 아님. | 원문: Danger / H315 (98.8%): Causes skin irritation / H331 (98.8%): Toxic if inhaled / H335 (67.2%): May cause respiratory irritation / H400 (100%): Very toxic to aquatic life / H410 (100%): Very toxic to aquatic life with lon",추출값은 있으나 출처 전무,변경,없음,확인 불가,파이프라인소비=아니오(build_input_v5.py 미참조 → X/y/group_key 무영향)
독성코드,검증근거,EyeIrritation6pack_PID760,"[구조화DB신규조회: PubChem 이름검색+GHS Classification 직접 확인(제품=순물질)] product_name='Pinoxaden', ingredient_names 1순위 활성성분과 명칭 일치(Cloquintocet-mexyl은 안전제, Tetrahydrofurfuryl/Solvent naphtha는 용제)하여 제품=순물질 예외 해당. PubChem CID 210326 GHS Classification 확인 완료. 눈자극 Category 2(H319) 확인, 기존 힌트(cat_eye_ghs=1)와는 불일치(PubChem 집계자료는 Category 1 아님). | 원문: Warning / H302 (74.8%): Harmful if swallowed / H315 (20.8%): Causes skin irritation / H317 (83.2%): May cause an allergic skin reaction / H319 (100%): Causes serious ey",추출값은 있으나 출처 전무 ; 눈 구분 충돌 참조=1 vs H코드유도=2A,변경,없음,확인 불가,파이프라인소비=아니오(build_input_v5.py 미참조 → X/y/group_key 무영향)
독성코드,검증근거,EyeIrritation6pack_PID764,"[구조화DB신규조회 재시도·미해결: PubChem 성분 참고값(제품 SDS 아님)] 브랜드 완제품(Platinum 75SG, 수용성과립). 활성성분 Thiamethoxam(CID 5821911)의 PubChem 집계자료만 확보, 제품 SDS 아님. ingredient_names의 'mol'은 표 헤더 잔여 텍스트로 추정(기존 메모와 일치). | 원문: Danger / H228 (91.3%): Flammable solid / H302 (100%): Harmful if swallowed / H361fd (91.3%): Suspected of damaging fertility; Suspected of damaging the unborn child / H400 (100%): Very toxic to aquatic life / H410 (100%)",추출값은 있으나 출처 전무,변경,없음,확인 불가,파이프라인소비=아니오(build_input_v5.py 미참조 → X/y/group_key 무영향)
독성코드,검증근거,EyeIrritation6pack_PID765,"[2차재시도(우회): curl+pdftotext 재시도 성공, 제품 자체(POLYPHASE 663) SDS 원문 확인] 재시도 다운로드로 정상 SDS 텍스트 확보. Section1 제품명이 'POLYPHASE 663'으로 대상 행과 정확히 일치, Section3 성분(diuron, carbendazim, 3-iodo-2-propynyl butylcarbamate/IPBC)도 ingredient_names와 부합. 제품 자체 수준의 GHS 분류 확인 완료(눈자극2A, 피부자극2, 감작 분류 없음). | 원문: Signal word: Danger Hazard statements: H303 - May be harmful if swallowed. H315 - Causes skin irritation. H319 - Causes serious eye irritation. H332 - Harmful if inhaled.","[웹조사 2차조사·미해결] (시도 출처: https://app.quimicarana.com/hojas_tecnicas/PROD-001853_SDSI.pdf) PDF 접속은 성공했으나 신호어/H코드/눈피부구분 텍스트 추출 실패. | 원문: 접속됐으나 문서가 압축 바이너리(FlateDecode) 형식으로 판독 불가, 메타데이터(작성자 AKA/회사 FDP/수정일 2010-11-29)만 확인됨",변경,없음,확인 불가,파이프라인소비=아니오(build_input_v5.py 미참조 → X/y/group_key 무영향)
독성코드,검증근거,EyeIrritation6pack_PID77,"[구조화DB신규조회 재시도·미해결: PubChem 성분 참고값(제품 SDS 아님, 유리산 기준이며 실제 성분은 TIPA염 위주)] product_name='Aminopyralid'이나 ingredient_names 상 실제 주성분은 Aminopyralid Triisopropanolamine Salt(TIPA염)이며 Aminopyralid 유리산은 부성분('Balance')임. PubChem 조회는 유리산(CID 213012) 기준이라 실제 제품(TIPA염 위주)과 물질이 다를 수 있어 제품=순물질 예외 미적용. TIPA염은 대부분 미분류로 별도 보고되어 유리산 기준 Danger 분류를 그대로 제품에 적용하기 어려움. | 원문: Danger / H318 (83.7%): Causes serious eye damage / H319 (15.9%): Causes serious eye irritation / H400 (29.3%): Very toxic to aquatic life / H410 ",추출값은 있으나 출처 전무,변경,없음,확인 불가,파이프라인소비=아니오(build_input_v5.py 미참조 → X/y/group_key 무영향)
독성코드,검증근거,EyeIrritation6pack_PID770,"[구조화DB신규조회 재시도·미해결: PubChem 성분 참고값(제품 SDS 아님)] 브랜드 제품(Prevamite). 활성성분 Bifenazate(CID 176879)의 PubChem 집계자료만 확보, 제품 SDS 아님. | 원문: Warning / H317 (98.2%): May cause an allergic skin reaction / H319 (66.7%): Causes serious eye irritation / H373 (31.6%): May causes damage to organs through prolonged or repeated exposure / H400 (100%): Very toxic to aq",추출값은 있으나 출처 전무 ; 눈 참조=Not classified 인데 H코드는 구분 2A 를 지시,변경,없음,확인 불가,파이프라인소비=아니오(build_input_v5.py 미참조 → X/y/group_key 무영향)
독성코드,검증근거,EyeIrritation6pack_PID771,"[구조화DB신규조회 재시도·미해결: PubChem 성분 참고값(제품 SDS 아님)] 브랜드 제품(Preventol A14-D, LANXESS)이며 Diuron/Carbendazim/Octhilinone 3종 활성성분 assay 혼합물. PubChem은 대표성분 Carbendazim(CID 25429)만 조회, 나머지 2개 성분 독성정보 미포함, 제품 SDS 아님. | 원문: Danger / H317 (27.9%): May cause an allergic skin reaction / H340 (99.6%): May cause genetic defects / H360 (74%): May damage fertility or the unborn child / H360FD (25.6%): May damage fertility; May damage the unborn ch","추출정보 공란 + 미분류 메모: LANXESS SDS는 로그인 필요, 검색엔진(Google/Bing) 결",변경,없음,확인 불가,파이프라인소비=아니오(build_input_v5.py 미참조 → X/y/group_key 무영향)
독성코드,검증근거,EyeIrritation6pack_PID772,"[구조화DB신규조회 재시도·미해결: PubChem 성분 참고값(제품 SDS 아님)] 브랜드 제품(Preventol BIT 20N, 약 20% 활성성분 액상 제형). 활성성분 1,2-benzisothiazolin-3-one(BIT, CID 17520)의 PubChem 집계자료(순물질 100% 기준)만 확보, 20% 제형과는 상당히 다를 수 있어 제품 SDS 대체 불가. | 원문: Danger / H302 (>99.9%): Harmful if swallowed / H315 (99.8%): Causes skin irritation / H317 (>99.9%): May cause an allergic skin reaction / H318 (>99.9%): Causes serious eye damage / H400 (99.5%): Very toxic to aquatic li",추출정보 공란 + 출처 접근 실패(링크불가·403/404·로그인·못찾음),변경,없음,확인 불가,파이프라인소비=아니오(build_input_v5.py 미참조 → X/y/group_key 무영향)
독성코드,검증근거,EyeIrritation6pack_PID773,"[구조화DB신규조회 재시도·미해결: PubChem 성분 참고값(제품 SDS 아님)] 브랜드 제품(Preventol P 91, LANXESS). 다성분 방부제 혼합물(마그네슘나이트레이트/CMIT/Bronopol 등) 중 대표성분 CMIT(5-Chloro-2-methyl-4-isothiazolin-3-one, CID 39800)만 PubChem 조회, 제품 전체 SDS 아님. | 원문: Danger / H301+H311 (32.9%): Toxic if swallowed or in contact with skin / H301 (78%): Toxic if swallowed / H314 (95.8%): Causes severe skin burns and eye damage / H317 (95.8%): May cause an allergic skin reaction / H318 (",추출정보 공란 + 출처 접근 실패(링크불가·403/404·로그인·못찾음),변경,없음,확인 불가,파이프라인소비=아니오(build_input_v5.py 미참조 → X/y/group_key 무영향)
독성코드,검증근거,EyeIrritation6pack_PID774,"[구조화DB신규조회 재시도·미해결: PubChem 성분 참고값(제품 SDS 아님)] 브랜드 제품(Proceed MD Fungicide). 4종 활성성분(Tebuconazole/Metalaxyl/Prothioconazole/에톡실화 탈로우알킬아민) 중 Prothioconazole(CID 6451142)만 PubChem 조회, 제품 SDS 아님. | 원문: Warning / H400 (98.5%): Very toxic to aquatic life / H410 (98.5%): Very toxic to aquatic life with long lasting effects / Aggregated GHS information provided per 340 reports by companies from 6 notifications to the ECHA ",추출정보 공란 + 출처 접근 실패(링크불가·403/404·로그인·못찾음),변경,없음,확인 불가,파이프라인소비=아니오(build_input_v5.py 미참조 → X/y/group_key 무영향)
독성코드,검증근거,EyeIrritation6pack_PID777,"[구조화DB신규조회 재시도·미해결: PubChem 성분 참고값 조회 실패(GHS Classification 데이터 없음)] product_name에 '27.5%' 명시되어 있어 제형 제품이며 제품=순물질 예외 미적용. PubChem에서 Prohexadione-calcium(CID 12001831, Title 'Prohexadione calcium' 확인됨)의 GHS Classification 섹션 자체가 존재하지 않음(pug_view PUGVIEW.NotFound). 구조화 DB 조회 실패. | 원문: {""Fault"": {""Code"": ""PUGVIEW.NotFound"", ""Message"": ""No data found""}}",추출값은 있으나 출처 전무,변경,없음,확인 불가,파이프라인소비=아니오(build_input_v5.py 미참조 → X/y/group_key 무영향)
독성코드,검증근거,EyeIrritation6pack_PID779,"[구조화DB신규조회 재시도·미해결: PubChem 성분 참고값(제품 SDS 아님)] product_name에 '0.51%' 제형 농도가 명시되어 순물질 예외 미적용(기존 메모와 일치, 원료 100% 기준 SDS로는 대체 참고만 가능). PubChem CID 43234(Propiconazole) 집계자료 확인. | 원문: Danger / H302 (100%): Harmful if swallowed / H317 (100%): May cause an allergic skin reaction / H360D (48.9%): May damage the unborn child / H400 (100%): Very toxic to aquatic life / H410 (100%): Very toxic to aquatic li",추출값은 있으나 출처 전무 ; 메모에 출처 접근 실패 흔적이 남아 있음 — 값의 근거 재확인 필요,변경,없음,확인 불가,파이프라인소비=아니오(build_input_v5.py 미참조 → X/y/group_key 무영향)
독성코드,검증근거,EyeIrritation6pack_PID78,"[구조화DB신규조회 재시도·미해결: PubChem 성분 참고값 조회 실패(GHS Classification 데이터 없음)] product_name에 '12.5%' 제형 농도가 명시되어 순물질 예외 미적용. PubChem에서 Amitraz(CID 36324, Title 'Amitraz' 확인됨)의 GHS Classification 섹션 자체가 존재하지 않음(pug_view PUGVIEW.NotFound). 구조화 DB 조회 실패. | 원문: {""Fault"": {""Code"": ""PUGVIEW.NotFound"", ""Message"": ""No data found""}}",추출값은 있으나 출처 전무 ; 메모에 출처 접근 실패 흔적이 남아 있음 — 값의 근거 재확인 필요,변경,없음,확인 불가,파이프라인소비=아니오(build_input_v5.py 미참조 → X/y/group_key 무영향)
독성코드,검증근거,EyeIrritation6pack_PID780,"[구조화DB신규조회 재시도·미해결: PubChem 성분 참고값(제품 SDS 아님)] product_name에 '93%' 제형 농도가 명시되어(100% 기술물질과 구분됨) 순물질 예외 미적용. PubChem CID 43234(Propiconazole) 집계자료 확인, 톨루엔(30%) 독성정보는 미포함(기존 메모와 일치). | 원문: Danger / H302 (100%): Harmful if swallowed / H317 (100%): May cause an allergic skin reaction / H360D (48.9%): May damage the unborn child / H400 (100%): Very toxic to aquatic life / H410 (100%): Very toxic to aquatic li",추출값은 있으나 출처 전무,변경,없음,확인 불가,파이프라인소비=아니오(build_input_v5.py 미참조 → X/y/group_key 무영향)
독성코드,검증근거,EyeIrritation6pack_PID781,"[구조화DB신규조회 재시도·미해결: PubChem 성분 참고값(제품 SDS 아님)] 브랜드 제품(Prosper T400 Insecticide and Fungicide, 단종 추정). 5종 활성성분 중 Clothianidin(CID 86287519)만 PubChem 조회, 제품 SDS 아님. | 원문: Danger / H302 (100%): Harmful if swallowed / H361f (95.5%): Suspected of damaging fertility / H370 (95.5%): Causes damage to organs / H400 (100%): Very toxic to aquatic life / H410 (100%): Very toxic to aquatic life with",추출정보 공란 + 미분류 메모: BASF 공식 제품 카탈로그(agriculture.basf.us)에 'P,변경,없음,확인 불가,파이프라인소비=아니오(build_input_v5.py 미참조 → X/y/group_key 무영향)
독성코드,검증근거,EyeIrritation6pack_PID784,"[구조화DB신규조회 재시도·미해결: PubChem 성분 참고값(제품 SDS 아님)] 기존 메모대로 ingredient_names의 Deltamethrin은 실제 Provado(이미다클로프리드 단일 활성성분) 제품과 상충되어 성분목록 정확성 자체가 의심됨. PubChem은 ingredient_names에 기재된 Deltamethrin(CID 40585) 기준으로만 참고 조회, 제품 확정 불가. | 원문: Danger / H300 (27.4%): Fatal if swallowed / H301+H331 (17.2%): Toxic if swallowed or if inhaled / H301 (72.3%): Toxic if swallowed / H331 (99.8%): Toxic if inhaled / H400 (99.3%): Very toxic to aquatic life / H410 (99.8%",추출정보 공란 + 미분류 메모: Bayer 공식 카탈로그에 'Provado' 제품이 없음(단종 추정); ,변경,없음,확인 불가,파이프라인소비=아니오(build_input_v5.py 미참조 → X/y/group_key 무영향)
독성코드,검증근거,EyeIrritation6pack_PID795,"[구조화DB신규조회 재시도·미해결: PubChem 성분 참고값(제품 SDS 아님)] 브랜드 제품(Pyrocide Falcon 7452, 비공개/구식 제품 추정). 4종 활성성분 중 Piperonyl butoxide(CID 5794)만 PubChem 조회, 제품 SDS 아님. | 원문: Warning / H319 (31.9%): Causes serious eye irritation / H335 (37.6%): May cause respiratory irritation / H400 (92.8%): Very toxic to aquatic life / H410 (94.3%): Very toxic to aquatic life with long lasting effects / Agg",추출정보 공란 + 미분류 메모: MGK(Pyrocide 브랜드 소유사) 공식 제품목록에 'Falcon 7,변경,없음,확인 불가,파이프라인소비=아니오(build_input_v5.py 미참조 → X/y/group_key 무영향)
독성코드,검증근거,EyeIrritation6pack_PID796,"[2차재시도(우회) 재시도·미해결: PubChem 성분 참고값(Difenoconazole) 추가 확보, 기존 QUADRIS(azoxystrobin 단일성분) SDS 불일치 재확인] 제품 Quadris Top(Azoxystrobin+Difenoconazole)의 기존 확보 문서(Syngenta UK 'QUADRIS' 단일성분 SDS)는 Difenoconazole이 반영되지 않아 불일치(이전과 동일 결론). Difenoconazole PubChem 참고값(Warning, 눈자극2A/H319, 발암성우려) 확보하여 기존 시트의 눈2B 근사값과 방향은 유사하나 정확한 제품등급 확정은 아님. | 원문: Warning H302: Harmful if swallowed H319: Causes serious eye irritation H351: Suspected of causing cancer H400: Very toxic to aquatic life","[로컬PDF검증 2차조사·미해결] pdf_path의 PDF는 Syngenta UK의 단일성분 살균제 'QUADRIS'(azoxystrobin 단독, Warning/H332,H400,H410)로, Difenoconazole이 포함된 'Quadris Top'과 성분 불일치(메모 내용과 일치, difenoconazole 관련 H315/H317/H318 등이 이 PDF에 없음). 재검토 필요. | 원문: Trade name : QUADRIS  Design code : A12705B  Product Registration Number : MAPP 19211",변경,없음,확인 불가,파이프라인소비=아니오(build_input_v5.py 미참조 → X/y/group_key 무영향)
독성코드,검증근거,EyeIrritation6pack_PID797,"[구조화DB신규조회 재시도·미해결: PubChem 성분 참고값(제품 SDS 아님)] 브랜드 제품(Quali-Pro Enclave 5.3F, Adama). 4종 활성성분 중 Chlorothalonil(CID 15910)만 PubChem 조회, 제품 SDS 아님. | 원문: Danger / H317 (100%): May cause an allergic skin reaction / H318 (100%): Causes serious eye damage / H330 (97.4%): Fatal if inhaled / H335 (96.6%): May cause respiratory irritation / H351 (97.4%): Suspected of causing ca",추출정보 공란 + 출처 접근 실패(링크불가·403/404·로그인·못찾음),변경,없음,확인 불가,파이프라인소비=아니오(build_input_v5.py 미참조 → X/y/group_key 무영향)
독성코드,검증근거,EyeIrritation6pack_PID799,"[2차재시도(우회) 재시도·미해결: curl 재다운로드 성공(메탄올 순물질 SDS 재확인, quinoxyfen 정보 없음) + PubChem 성분 참고값(Quinoxyfen)] 재시도로 methanex 메탄올 단일물질 SDS 재확인, quinoxyfen 정보 없음(이전과 동일 결론). PubChem Quinoxyfen 참고값(Warning, 피부감작1/H317, 눈자극 분류 없음) 확보, 제품 Quinoxyfen Manufacturing Use Concentrate의 SDS는 아님. | 원문: Product Name Methanol ... Pure substance/mixture Substance","[웹조사 2차조사·미해결] (시도 출처: https://www.methanex.com/wp-content/uploads/UL-METHANOL-SG_EN_02.09.2023.pdf) 메모에서 이미 이 SDS가 메탄올 단일물질 문서로 quinoxyfen 정보가 없음을 지적했고, 재접속도 내용 추출 실패. | 원문: 접속됐으나 압축 바이너리 형식으로 제품명/신호어/H코드/Quinoxyfen 정보 모두 확인 불가",변경,없음,확인 불가,파이프라인소비=아니오(build_input_v5.py 미참조 → X/y/group_key 무영향)
독성코드,검증근거,EyeIrritation6pack_PID80,"[2차재시도(우회) 재시도·미해결: PubChem 성분 참고값(Penoxsulam, Isoxaben) - 기존 향수 SDS 불일치 재확인] 제품 Amore DF(Penoxsulam+Isoxaben)의 기존 확보 문서(향수 모방품 'Compare To Paris Amour')는 완전히 무관한 제품으로 재확인(오염된 값, 이전과 동일 결론). 두 활성성분 PubChem 참고값 모두 수생환경유해성만 확인되고 눈·피부·감작 분류 전혀 없음. 기존 시트의 H316/H319/H317/H411 값은 근거 없는 오염값으로 판단됨. | 원문: Warning H400: Very toxic to aquatic life H410: Very toxic to aquatic life with long lasting effects H413: May cause long lasting harmful effects to aquatic life","[로컬PDF검증 2차조사·미해결] pdf_path의 PDF는 향료회사 Aromatic Fragrances International의 향수 모방 제품 'Compare To PARIS AMOUR by BBW' SDS로, 농약 제품 Amore DF와 전혀 무관. H코드(H316,H319,H317,H411)와 신호어(Warning)는 현재 시트값과 일치하나 이는 오염된 잘못된 문서에서 그대로 옮겨진 값으로 보임. 제품 불일치로 재검토 필요. | 원문: Product: Compare To PARIS AMOUR by BBW ® F21471 ... Company name: Aromatic Fragrances International",변경,없음,확인 불가,파이프라인소비=아니오(build_input_v5.py 미참조 → X/y/group_key 무영향)
독성코드,검증근거,EyeIrritation6pack_PID801,"[구조화DB신규조회 재시도·미해결: PubChem 성분 참고값(제품 SDS 아님)] 브랜드 구형 제품(SC Johnson, 단종 추정), ingredient_names에 OCR 오염(METIlYLCARBAMA'IE 등) 확인됨(기존 메모와 일치). Propoxur(CID 4944)만 PubChem 조회, 제품 SDS 아님. | 원문: Danger / H300 (23.8%): Fatal if swallowed / H301 (44.5%): Toxic if swallowed / H311 (32.9%): Toxic in contact with skin / H331 (22.6%): Toxic if inhaled / H400 (100%): Very toxic to aquatic life / H410 (68.3%): Very toxi",추출정보 공란 + 출처 접근 실패(링크불가·403/404·로그인·못찾음),변경,없음,확인 불가,파이프라인소비=아니오(build_input_v5.py 미참조 → X/y/group_key 무영향)
독성코드,검증근거,EyeIrritation6pack_PID802,"[구조화DB신규조회 재시도·미해결: PubChem 성분 참고값(제품 SDS 아님)] 브랜드 구형 제품(SC Johnson, 단종 추정, 기존 메모와 일치). Propoxur(CID 4944)만 PubChem 조회, 제품 SDS 아님. | 원문: Danger / H300 (23.8%): Fatal if swallowed / H301 (44.5%): Toxic if swallowed / H311 (32.9%): Toxic in contact with skin / H331 (22.6%): Toxic if inhaled / H400 (100%): Very toxic to aquatic life / H410 (68.3%): Very toxi",추출정보 공란 + 출처 접근 실패(링크불가·403/404·로그인·못찾음),변경,없음,확인 불가,파이프라인소비=아니오(build_input_v5.py 미참조 → X/y/group_key 무영향)
독성코드,검증근거,EyeIrritation6pack_PID803,"[구조화DB신규조회 재시도·미해결: PubChem 성분 참고값(제품 SDS 아님)] 브랜드 제품(Rancona Xxtra, UPL/Loveland). 활성성분 Ipconazole(CID 86211)의 PubChem 집계자료만 확보, 나머지 용제 성분 미포함, 제품 SDS 아님. | 원문: Danger / H302 (84.7%): Harmful if swallowed / H332 (30.1%): Harmful if inhaled / H360D (55.8%): May damage the unborn child / H361 (13.7%): Suspected of damaging fertility or the unborn child / H373 (63.1%): May causes d",추출정보 공란 + 출처 접근 실패(링크불가·403/404·로그인·못찾음),변경,없음,확인 불가,파이프라인소비=아니오(build_input_v5.py 미참조 → X/y/group_key 무영향)
독성코드,검증근거,EyeIrritation6pack_PID804,"[구조화DB신규조회 재시도·미해결: PubChem 성분 참고값(제품 SDS 아님)] 브랜드 제품(Ravap EC, Prentiss Inc). Tetrachlorvinphos(CID 5284462)만 PubChem 조회, Dichlorvos 성분 미포함, 제품 SDS 아님. | 원문: Warning / H302 (98.7%): Harmful if swallowed / H312 (48.1%): Harmful in contact with skin / H332 (46.8%): Harmful if inhaled / H341 (46.8%): Suspected of causing genetic defects / H400 (98.7%): Very toxic to aquatic life",추출정보 공란 + 출처 접근 실패(링크불가·403/404·로그인·못찾음),변경,없음,확인 불가,파이프라인소비=아니오(build_input_v5.py 미참조 → X/y/group_key 무영향)
독성코드,검증근거,EyeIrritation6pack_PID806,"[구조화DB신규조회 재시도·미해결: PubChem 성분 참고값(제품 SDS 아님)] 브랜드 제품(Rave Herbicide, Loveland Products, 단종 가능성). Dicamba(CID 3030)만 PubChem 조회, Triasulfuron/KOH/NaOH 성분 미포함, 제품 SDS 아님. | 원문: Danger / H302+H332 (13.4%): Harmful if swallowed or if inhaled / H302 (100%): Harmful if swallowed / H318 (99.7%): Causes serious eye damage / H332 (59.2%): Harmful if inhaled / H335 (34.3%): May cause respiratory irrita",추출정보 공란 + 출처 접근 실패(링크불가·403/404·로그인·못찾음),변경,없음,확인 불가,파이프라인소비=아니오(build_input_v5.py 미참조 → X/y/group_key 무영향)
독성코드,검증근거,EyeIrritation6pack_PID810,"[2차재시도(우회) 재시도·미해결: curl+pdftotext 재시도 성공(다른 제형의 Permethrin 제품 SDS 재확인, 함량 불일치) + PubChem 성분 참고값(Permethrin)] 재시도로 동일 제조사(Gharda)의 다른 제형(Permethrin 38.3%, EPA Reg 33658-33)임을 재확인, 대상 제품 Reality 25(25%)와 불일치(이전과 동일 결론). PubChem Permethrin 참고값(Warning, 피부감작1/H317, 눈자극 분류 없음) 확보. | 원문: Product Name: RealityTM Termiticde/Insecticide EPA Registration No: 33658-33 ... Permethrin* 52645-53-1 38.3","[웹조사 2차조사·미해결] (시도 출처: https://assets.greenbook.net/04-59-20-08-11-2022-RealityMSDS__1_.pdf) 메모에서 이미 이 SDS가 Reality 25(25%)가 아닌 동일 제조사의 다른 제형(Reality Termiticide/Insecticide, permethrin 38.3%) 대체임을 지적. 재접속도 실패. | 원문: 접속 실패 - PDF가 압축 바이너리 형식으로 텍스트 추출 불가",변경,없음,확인 불가,파이프라인소비=아니오(build_input_v5.py 미참조 → X/y/group_key 무영향)
독성코드,검증근거,EyeIrritation6pack_PID811,"[2차재시도(우회) 재시도·미해결: PubChem 성분 참고값(Cyhalofop-butyl, Penoxsulam) - 기존 네일화장품 SDS 불일치 재확인] 제품 RebelEx(Cyhalofop-butyl+Penoxsulam)의 기존 확보 문서(네일 화장품 'Acryl-Rebel')는 완전히 무관한 제품(이전과 동일 결론). Cyhalofop-butyl PubChem 참고값은 눈·피부·감작 분류 없음. 기존 시트의 H319/H241/H315/H335 값은 화장품 원료(과산화벤조일 등) 오염값으로 판단됨. | 원문: Warning H302: Harmful if swallowed H400: Very toxic to aquatic life H410: Very toxic to aquatic life with long lasting effects","[로컬PDF검증 2차조사·미해결] pdf_path의 PDF는 손톱 화장품 'Acryl - Rebel'(GLAMOUR NAGELPRODUCTEN) SDS로, 제품 자체 분류는 Skin Sens.1(H317, Warning)뿐임. 현재 시트의 H319/H241/H315/H335는 이 PDF Section3의 원료(Dibenzoyl peroxide, Syntetic Silicon Dioxide) 개별 분류이며 제품 자체 값이 아님. 또한 농약 제품 RebelEx(Cyhalofop-butyl/Penoxsulam)와 전혀 무관한 제품이므로 재검토 필요. | 원문: Product identifier: Acryl - Rebel ... Relevant uses: Cosmetics",변경,없음,확인 불가,파이프라인소비=아니오(build_input_v5.py 미참조 → X/y/group_key 무영향)
독성코드,검증근거,EyeIrritation6pack_PID812,"[2차재시도(우회) 재시도·미해결: curl 재다운로드 성공(동일 유효성분 Fipronil의 다른 제형 'Regent 4SC' 정식 GHS SDS 확보, 제품명/제형 상이)] 재시도로 BASF 'Regent 4SC Insecticide'(Fipronil, EPA Reg 7969-207) 정식 GHS SDS 확보. 대상 제품 'Regent 500TS'와 제형(4SC vs 500TS)·등록번호가 달라 완전한 제품 일치는 아니나, 동일 활성성분(Fipronil) 계열 제품의 참고 GHS 데이터(눈손상1/H318, 피부감작1/H317, Danger)로 유용. 제품 500TS 자체 확정은 보류. | 원문: Signal Word: Danger Hazard Statement: H227 Combustible liquid. H318 Causes serious eye damage. H330 Fatal if inhaled. H317 May cause an allergic skin reaction.",[웹조사 2차조사·미해결] (시도 출처: https://s3-us-west-1.amazonaws.com/agrian-cg-fs1-production/pdfs/RegentR_4SC_Insecticide_MSDS2p.pdf) 메모에서 이미 Regent 500TS(fipronil 41%)가 아닌 Regent 4SC(fipronil 25-50%) 대체 SDS임을 지적. 재접속도 실패. | 원문: 접속 실패 - PDF가 압축 바이너리 형식으로 텍스트 추출 불가,변경,없음,확인 불가,파이프라인소비=아니오(build_input_v5.py 미참조 → X/y/group_key 무영향)
독성코드,검증근거,EyeIrritation6pack_PID814,"[구조화DB신규조회 재시도·미해결: PubChem 성분 참고값(제품 SDS 아님)] 기존 메모대로 S-methoprene을 포함한 'Reldan F' 제품 SDS는 확인되지 않으며 실제 Dow/Corteva 'Reldan' 계열은 Chlorpyrifos-methyl 단일성분만 확인됨(성분 불일치 의심 유지). Chlorpyrifos-methyl(CID 21803)만 PubChem 참고 조회, 제품 확정 불가. | 원문: Danger / H302 (62.2%): Harmful if swallowed / H317 (100%): May cause an allergic skin reaction / H331 (18.7%): Toxic if inhaled / H334 (15.8%): May cause allergy or asthma symptoms or breathing difficulties if inhaled / ",추출정보 공란 + 성분 불일치(다른 제품 SDS 의심),변경,없음,확인 불가,파이프라인소비=아니오(build_input_v5.py 미참조 → X/y/group_key 무영향)
독성코드,검증근거,EyeIrritation6pack_PID815,"[구조화DB신규조회 재시도·미해결: PubChem 성분 참고값(제품 SDS 아님)] 기존 메모대로 동일 상표 'REPORT™'의 실제 SDS(Cheminova)는 Chlorsulfuron 단일 활성성분이며 Aminocyclopyrachlor 미포함(성분 불일치 의심 유지). PubChem에서 Aminocyclopyrachlor(CID 17747875)는 H412(수생생물 장기유해)만 확인되고 신호어(Signal Word) 항목 자체가 없음(공개 통보 1건, 28개 보고에 불과). 참고값 신뢰도 낮음, 제품 확정 불가. | 원문: H412 (100%): Harmful to aquatic life with long lasting effects [Hazardous to the aquatic environment, long-term hazard] / Aggregated GHS information provided per 28 reports by companies from 1 notifica",추출정보 공란 + 성분 불일치(다른 제품 SDS 의심),변경,없음,확인 불가,파이프라인소비=아니오(build_input_v5.py 미참조 → X/y/group_key 무영향)
독성코드,검증근거,EyeIrritation6pack_PID816,"[구조화DB신규조회 재시도·미해결: PubChem 성분 참고값(제품 SDS 아님)] 브랜드 제품(Reserve Fungicide, Syngenta). Chlorothalonil(CID 15910)만 PubChem 조회, Ethylene glycol/Triticonazole 성분 미포함, 제품 SDS 아님. | 원문: Danger / H317 (100%): May cause an allergic skin reaction / H318 (100%): Causes serious eye damage / H330 (97.4%): Fatal if inhaled / H335 (96.6%): May cause respiratory irritation / H351 (97.4%): Suspected of causing ca",추출정보 공란 + 출처 접근 실패(링크불가·403/404·로그인·못찾음),변경,없음,확인 불가,파이프라인소비=아니오(build_input_v5.py 미참조 → X/y/group_key 무영향)
독성코드,검증근거,EyeIrritation6pack_PID817,"[구조화DB신규조회 재시도·미해결: PubChem 성분 참고값(제품 SDS 아님)] 브랜드 제품(Revus Opti, Syngenta). Mandipropamid(CID 11292824)만 PubChem 조회, Chlorothalonil 성분 미포함, 제품 SDS 아님. | 원문: Warning / H400 (96.8%): Very toxic to aquatic life / H410 (96.8%): Very toxic to aquatic life with long lasting effects / Aggregated GHS information provided per 31 reports by companies from 2 notifications to the ECHA C",추출정보 공란 + 출처 접근 실패(링크불가·403/404·로그인·못찾음),변경,없음,확인 불가,파이프라인소비=아니오(build_input_v5.py 미참조 → X/y/group_key 무영향)
독성코드,검증근거,EyeIrritation6pack_PID818,[구조화DB신규조회 재시도·미해결: PubChem 성분 참고값(제품 SDS 아님)] Revus Top은 mandipropamid+difenoconazole 복합제제로 순물질이 아님. 기존 메모의 EPA 라벨(Caution/주의) 확인과 별개로 PubChem 성분(순물질) GHS 참고값만 추가 확보; 제품 SDS는 아님 | 원문: mandipropamid(CID 11292824): 'Signal | Warning' / 'GHS Hazard Statements | H400: Very toxic to aquatic life' / 'H410: Very toxic to aquatic life with long lasting effects'. difenoconazole(CID 86102): 'Signal | Warning' /,추출값은 있으나 출처 전무,변경,없음,확인 불가,파이프라인소비=아니오(build_input_v5.py 미참조 → X/y/group_key 무영향)
독성코드,검증근거,EyeIrritation6pack_PID819,"[2차재시도(우회) 재시도·미해결: 기존 로컬 Metalaxyl-M 순물질 SDS + PubChem 성분 참고값(Mancozeb) 추가] 제품 Ridomil Gold MZ WG(Metalaxyl-M+Mancozeb)의 Metalaxyl-M 부분은 기존 Sigma-Aldrich 순물질 SDS(Danger, H302/H318 눈손상1)로 확보됨. 이번에 Mancozeb PubChem 참고값(Danger, 피부감작1/H317, 발암성/생식독성우려) 추가 확보. 메모에 따르면 Syngenta 공식 제품 라벨상 신호어는 'Caution'/중등도 눈자극으로 이 두 원료의 Danger 등급과 상충되어 제품 수준 확정 불가. | 원문: Danger H317: May cause an allergic skin reaction [Warning Sensitization, Skin] H351: Suspected of causing cancer H360D: May damage the unborn child","[로컬PDF검증 2차조사·미해결] pdf_path의 PDF는 Sigma-Aldrich의 원료 단일물질 'Metalaxyl-M'(Danger/H302,H318) SDS로 완제품 Ridomil Gold MZ WG(Metalaxyl-M+Mancozeb)의 SDS가 아니며 Mancozeb 분류가 없음. 메모에 따르면 Syngenta 공식 라벨상 완제품 신호어는 'Caution'/중등도 눈자극으로 이 원료 SDS의 Danger/H318과 상충. 제품 수준 SDS 부재로 재검토 필요. | 원문: Product name : Metalaxyl-M  Product Number : 32808  Brand : Sigma-Aldrich",변경,없음,확인 불가,파이프라인소비=아니오(build_input_v5.py 미참조 → X/y/group_key 무영향)
독성코드,검증근거,EyeIrritation6pack_PID822,"[구조화DB신규조회 재시도·미해결: PubChem 성분 참고값(제품 SDS 아님)] Rocima 586은 Bronopol+CMIT/MIT+질산마그네슘 혼합 방부제. Bronopol(최다 함량, >=5.0%)의 PubChem GHS만 확보; 제품 SDS 아님 | 원문: Bronopol(CID 2450): 'Signal | Danger' / 'H302: Harmful if swallowed' / 'H312: Harmful in contact with skin' / 'H315: Causes skin irritation' / 'H318: Causes serious eye damage' / 'H335: May cause respiratory irritation' ",추출정보 공란 + 출처 접근 실패(링크불가·403/404·로그인·못찾음),변경,없음,확인 불가,파이프라인소비=아니오(build_input_v5.py 미참조 → X/y/group_key 무영향)
독성코드,검증근거,EyeIrritation6pack_PID827,"[2차재시도(우회) 재시도·미해결: PubChem 성분 참고값(Abamectin, Imidacloprid) - 기존 'Lucid' 제품 SDS 불일치 재확인] 제품 Rotam 2F Ornamental Insecticide(Abamectin+Imidacloprid)의 기존 확보 문서('Lucid Ornamental Miticide/Insecticide')는 제품명이 다르고 Imidacloprid 성분이 없어 불일치(이전과 동일 결론). 두 활성성분 PubChem 참고값 모두 확보(급성독성 위주, 눈·피부자극 분류 없음)했으나 제품 SDS 아님. | 원문: Danger H300: Fatal if swallowed H330: Fatal if inhaled H361d: Suspected of damaging the unborn child H372: Causes damage to organs through prolonged or repeated exposure","[로컬PDF검증 2차조사·미해결] pdf_path의 PDF는 Rotam North America의 'Lucid Ornamental Miticide/Insecticide'(Danger/H227,H302,H332,H320,H360,H335,H373,H400,H410) SDS로, 제품명이 Rotam 2F Ornamental Insecticide와 다르고 Section3 성분에 Abamectin(Avermectin B1a/B1b)만 있고 Imidacloprid가 없어 성분 불일치. 다른 제품 SDS로 판단되어 재검토 필요. | 원문: Trade Name  Lucid Ornamental Miticide/Insecticide ... EPA Registration Number  81300-5-83979",변경,없음,확인 불가,파이프라인소비=아니오(build_input_v5.py 미참조 → X/y/group_key 무영향)
독성코드,검증근거,EyeIrritation6pack_PID830,[구조화DB신규조회 재시도·미해결: PubChem 성분 참고값(제품 SDS 아님)] 'Rotam Nicosulfuron'은 Rotam사의 제형화 상표명이며 순물질명이 아님(제품=순물질 예외 미적용). 유효성분 Nicosulfuron의 PubChem 참고값만 확보 | 원문: Nicosulfuron(CID 73281): 'Signal | Warning' / 'GHS Hazard Statements | H315 (28.1%): Causes skin irritation' / 'H319 (27.5%): Causes serious eye irritation' / 'H400 (95%): Very toxic to aquatic life' / 'H410 (95%): Very ,추출정보 공란 + 출처 접근 실패(링크불가·403/404·로그인·못찾음),변경,없음,확인 불가,파이프라인소비=아니오(build_input_v5.py 미참조 → X/y/group_key 무영향)
독성코드,검증근거,EyeIrritation6pack_PID831,"[구조화DB신규조회 재시도·미해결: PubChem 성분 참고값(제품 SDS 아님)] 'Rotam Tebuconazole'는 회사명+성분명 결합 상표(제형, 37.5-39.9%)로 순물질이 아님. 유효성분 참고값만 확보, 제품 SDS 아님 | 원문: Tebuconazole(CID 86102): 'Signal | Warning' / 'H302: Harmful if swallowed' / 'H361d: Suspected of damaging the unborn child' / 'H400: Very toxic to aquatic life' / 'H410: Very toxic to aquatic life with long lasting effe",추출정보 공란 + 출처 접근 실패(링크불가·403/404·로그인·못찾음),변경,없음,확인 불가,파이프라인소비=아니오(build_input_v5.py 미참조 → X/y/group_key 무영향)
독성코드,검증근거,EyeIrritation6pack_PID832,[구조화DB신규조회 재시도·미해결: PubChem 성분 참고값(제품 SDS 아님)] 'Rotam Thifensulfuron-methyl'은 제형 상표명으로 순물질 아님. ingredient_names에 'Other Ingredients' 등 SDS 항목명이 섞여 있어 성분정보도 불완전. 유효성분 참고값만 확보 | 원문: Thifensulfuron-methyl(CID 73674): 'Signal | Warning' / 'H400: Very toxic to aquatic life' / 'H410: Very toxic to aquatic life with long lasting effects',추출정보 공란 + 출처 접근 실패(링크불가·403/404·로그인·못찾음),변경,없음,확인 불가,파이프라인소비=아니오(build_input_v5.py 미참조 → X/y/group_key 무영향)
독성코드,검증근거,EyeIrritation6pack_PID833,"[구조화DB신규조회 재시도·미해결: PubChem 성분 참고값(제품 SDS 아님)] Roval Brand 75 WG Fungicide는 Copper hydroxide(75-79%, 최다 함량이자 실제 살균 유효성분)의 제형 상표명. ingredient_names에 iprodione 텍스트가 혼입되어 있어 성분정보 신뢰도 낮음. 성분 참고값만 확보 | 원문: Copper hydroxide(CID 164826): 'Signal | Danger' / 'H302: Harmful if swallowed' / 'H318: Causes serious eye damage' / 'H330: Fatal if inhaled' / 'H400: Very toxic to aquatic life' / 'H410: Very toxic to aquatic life with ",추출정보 공란 + 출처 접근 실패(링크불가·403/404·로그인·못찾음),변경,없음,확인 불가,파이프라인소비=아니오(build_input_v5.py 미참조 → X/y/group_key 무영향)
독성코드,검증근거,EyeIrritation6pack_PID834,"[구조화DB신규조회 재시도·미해결: PubChem 성분 참고값(제품 SDS 아님)] Rugged Herbicide는 2,4-D + dodecylbenzenesulfonic acid 혼합제제(순물질 아님). 유효성분 2,4-D의 PubChem 참고값만 확보 | 원문: 2,4-Dichlorophenoxyacetic acid(CID 1486): 'Signal | Danger' / 'H302: Harmful if swallowed' / 'H317: May cause an allergic skin reaction' / 'H318: Causes serious eye damage' / 'H335: May cause respiratory irritation' / 'H",추출정보 공란 + 출처 접근 실패(링크불가·403/404·로그인·못찾음),변경,없음,확인 불가,파이프라인소비=아니오(build_input_v5.py 미참조 → X/y/group_key 무영향)
독성코드,검증근거,EyeIrritation6pack_PID835,"[구조화DB신규조회 재시도·미해결: PubChem 성분 참고값(제품 SDS 아님)] RWH 34는 Sulfur+Prallethrin+Cyfluthrin 혼합 살충제. 대표성분(첫 기재) Sulfur는 보고서군별 분류가 혼재되어 단일 결론 어려움. 참고로 Prallethrin(CID 9839306: Danger, H302/H331/H400/H410), Cyfluthrin(CID 104926: Danger, H300/H330/H362/H370/H400/H410)도 확인했으나 대표성분 원칙에 따라 최종 verdict는 Sulfur 기준 | 원문: Sulfur(CID 5362487): 'Signal | Warning' / 'H315: Causes skin irritation'; 이후 블록에서 'GHS Hazard Statements | Not Classified'(일부 보고서) 및 'H228: Flammable solid' / 'H370' / 'H373'(다른 보고서군) 등 형태(유황 종류",추출정보 공란 + 출처 접근 실패(링크불가·403/404·로그인·못찾음),변경,없음,확인 불가,파이프라인소비=아니오(build_input_v5.py 미참조 → X/y/group_key 무영향)
독성코드,검증근거,EyeIrritation6pack_PID837,"[구조화DB신규조회 재시도·미해결: PubChem 성분 참고값(제품 SDS 아님)] S-3153 WDG Herbicide는 glyphosate potassium salt + Flufenpyr-ethyl 혼합 제형(코드명, 순물질 아님). glyphosate(모산) 참고값만 확보 | 원문: glyphosate(CID 3496, 'Potassium salt of glyphosate' 단순화 재검색): 'Signal | Danger' / 'H318: Causes serious eye damage' / 'H411: Toxic to aquatic life with long lasting effects'",추출정보 공란 + 출처 접근 실패(링크불가·403/404·로그인·못찾음),변경,없음,확인 불가,파이프라인소비=아니오(build_input_v5.py 미참조 → X/y/group_key 무영향)
독성코드,검증근거,EyeIrritation6pack_PID838,"[2차재시도(우회) 재시도·미해결: 기존 로컬 S-Metolachlor 순물질 SDS + PubChem 성분 참고값(Mesotrione) 추가] 제품 'S-Metolachlor & Mesotrione' 혼합제의 S-Metolachlor 부분은 기존 Chemos GmbH 순물질 SDS(Warning, 피부감작1/H317)로 확보됨. 이번에 Mesotrione PubChem 참고값(Warning, 생식독성우려/H361d, 눈·피부분류 없음) 추가 확보. 혼합물 전체 등급은 제품 SDS 없이 확정 불가. | 원문: Warning H361d: Suspected of damaging the unborn child H373: May causes damage to organs through prolonged or repeated exposure H400: Very toxic to aquatic life H410: Very toxic to aquatic life with long lasting e","[로컬PDF검증 2차조사·미해결] pdf_path의 PDF는 Chemos GmbH의 원료 단일물질 'S-Metolachlor'(Warning/H317,H410; Skin Sens.1) SDS로 Mesotrione이 전혀 포함되지 않은 원료 SDS이며 눈 분류도 없음. 완제품 'S-Metolachlor & Mesotrione' 혼합제 SDS가 아니므로 재검토 필요. | 원문: Identification of the substance  S-Metolachlor ... CAS number  87392-12-9",변경,없음,확인 불가,파이프라인소비=아니오(build_input_v5.py 미참조 → X/y/group_key 무영향)
독성코드,검증근거,EyeIrritation6pack_PID839,"[구조화DB신규조회 재시도·미해결: PubChem 성분 참고값(제품 SDS 아님)] Safari 2 G Insecticide는 Valent사 상표명이며 Dinotefuran(유효성분)의 제형(과립)임. 유효성분 참고값만 확보, 제품 SDS 아님 | 원문: Dinotefuran(CID 197701): 'Signal | Warning' / 'GHS Hazard Statements | H302 (85.3%): Harmful if swallowed' / 'H400 (64.7%): Very toxic to aquatic life' / 'H410 (65.2%): Very toxic to aquatic life with long lasting effect",추출정보 공란 + 출처 접근 실패(링크불가·403/404·로그인·못찾음),변경,없음,확인 불가,파이프라인소비=아니오(build_input_v5.py 미참조 → X/y/group_key 무영향)
독성코드,검증근거,EyeIrritation6pack_PID840,"[구조화DB신규조회 재시도·미해결: PubChem 성분 참고값(제품 SDS 아님)] Safe-T green 18은 Carbon(활성탄 계열 추정) 단일 성분 제품으로 보이나, 탄소 형태(활성탄/그래파이트 등)에 따라 ECHA 통보 분류가 혼재되어 단일 결론 어려움. 제품명이 순물질명과 다르므로 검증완료 예외 미적용 | 원문: Carbon(CID 5462310): 'Signal | Warning' / 'GHS Hazard Statements | H319 (55.1%): Causes serious eye irritation' / 'H335 (51.1%): May cause respiratory irritation'; 다른 보고군: 'GHS Hazard Statements | Not Classified' / 'Repo",추출정보 공란 + 출처 접근 실패(링크불가·403/404·로그인·못찾음),변경,없음,확인 불가,파이프라인소비=아니오(build_input_v5.py 미참조 → X/y/group_key 무영향)
독성코드,검증근거,EyeIrritation6pack_PID841,"[2차재시도(우회) 재시도·미해결: 기존 로컬 Woodstream 제품 SDS(다른 SKU, Sulfur 성분 없음) + PubChem 성분 참고값(Sulfur)] 제품 Safer Brand 3-in-1 Concentrate(Oil of clove+Cottonseed oil+Sulfur)의 기존 확보 문서(Woodstream 'Safer Brand Home Outdoor Pest Control')는 Sulfur 성분이 빠진 다른 SKU로 재확인(이전과 동일 결론). Sulfur PubChem 참고값(Warning, 피부자극2/H315, 눈자극 분류 없음) 추가 확보했으나 제품 SDS 아님. | 원문: Warning H315: Causes skin irritation [Warning Skin corrosion/irritation]","[로컬PDF검증 2차조사·미해결] pdf_path의 PDF는 Woodstream Corporation의 'Safer Brand Home Outdoor Pest Control'(Warning, H코드 명시 없음, Oil clove+Cottonseed oil만 확인) SDS로, 대상 제품 'Safer Brand 3-in-1 Concentrate'의 3번째 성분인 Sulfur가 없고 제품 코드/명칭도 다름. 다른 SKU의 제품으로 판단되어 재검토 필요. | 원문: Product name  Safer Brand Home Outdoor Pest Control  Product number  SH620",변경,없음,확인 불가,파이프라인소비=아니오(build_input_v5.py 미참조 → X/y/group_key 무영향)
독성코드,검증근거,EyeIrritation6pack_PID843,"[구조화DB신규조회 재시도·미해결: PubChem 성분 참고값(제품 SDS 아님) / 일부 성분 이름매칭 실패] Safer Brand Garden Fungicide는 Neem Oil + Sulfur 혼합제제. Neem Oil은 PubChem 이름검색 실패(단일 화합물이 아닌 혼합 오일이라 CID 없음); Sulfur만 참고값 확보 | 원문: PubChem name search 'Neem oil' -> 'Fault: PUGREST.NotFound, No CID found'. 대체로 Sulfur(CID 5362487): 'Signal | Warning' / 'H315: Causes skin irritation' 확인",추출정보 공란 + 출처 접근 실패(링크불가·403/404·로그인·못찾음),변경,없음,확인 불가,파이프라인소비=아니오(build_input_v5.py 미참조 → X/y/group_key 무영향)
독성코드,검증근거,EyeIrritation6pack_PID844,"[2차재시도(우회) 재시도·미해결: 기존 로컬 Schultz Garden Safe 제품 SDS(다른 브랜드, 비유해 명시, Sulfur 성분 없음) + PubChem 성분 참고값(Sulfur)] 제품 Safer Garden Fungicide Ready to Use(Neem Oil+Sulfur)의 기존 확보 문서(Schultz 'Garden Safe Brand Fungicide3')는 브랜드·제조사·성분(Sulfur 누락)이 다른 별개 제품으로 재확인(이전과 동일 결론). 해당 문서가 유사한 저농도 RTU 제형에서 '비유해'로 명시한 점, Sulfur 자체도 PubChem상 경미한 피부자극(2/H315)만 있고 눈자극 분류가 없는 점은 참고 가능하나 제품 SDS 자체는 미확보. | 원문: Health Hazard(s) Not classified as a health hazard","[로컬PDF검증 2차조사·미해결] pdf_path의 PDF는 Schultz Company의 'Garden Safe® Brand Fungicide3'(Signal Word: None, 비유해 분류, Neem Oil 0.9%만 포함) SDS로, 대상 제품 'Safer Garden Fungicide Ready to Use'(Woodstream/Safer Brand, Neem Oil+Sulfur)와 브랜드·제조사·성분(Sulfur 누락)이 다른 별개 제품으로 판단되어 재검토 필요. | 원문: Garden Safe® Brand Fungicide3 ... Health Hazard(s)  Not classified as a health hazard",변경,없음,확인 불가,파이프라인소비=아니오(build_input_v5.py 미참조 → X/y/group_key 무영향)
독성코드,검증근거,EyeIrritation6pack_PID852,[구조화DB신규조회 재시도·미해결: PubChem 성분 참고값(제품 SDS 아님)] 'Sativa'는 Loveland Products 상표명으로 순물질명이 아님(Tebuconazole+Glycerin 혼합). 유효성분 참고값만 확보 | 원문: Tebuconazole(CID 86102): 'Signal | Warning' / 'H302: Harmful if swallowed' / 'H361d: Suspected of damaging the unborn child' / 'H400' / 'H410',추출정보 공란 + 출처 접근 실패(링크불가·403/404·로그인·못찾음),변경,없음,확인 불가,파이프라인소비=아니오(build_input_v5.py 미참조 → X/y/group_key 무영향)
독성코드,검증근거,EyeIrritation6pack_PID853,"[구조화DB신규조회 재시도·미해결: PubChem 성분 참고값(제품 SDS 아님)] Sativa IMF Max는 Imidacloprid(10.6%, 최다함량)+Metalaxyl+Tebuconazole+Fludioxonil 혼합 제형. 최다함량 성분 참고값만 확보 | 원문: Imidacloprid(CID 86287518): 'Signal | Danger' / 'H301: Toxic if swallowed' / 'H400: Very toxic to aquatic life' / 'H410: Very toxic to aquatic life with long lasting effects'",추출정보 공란 + 출처 접근 실패(링크불가·403/404·로그인·못찾음),변경,없음,확인 불가,파이프라인소비=아니오(build_input_v5.py 미참조 → X/y/group_key 무영향)
독성코드,검증근거,EyeIrritation6pack_PID856,[구조화DB신규조회 재시도·미해결: PubChem 성분 참고값(제품 SDS 아님)] SC 480 Herbicide는 Isoxaflutole 480g/L 제형(코드성 제품명). 유효성분 참고값만 확보 | 원문: Isoxaflutole(CID 84098): 'Signal | Warning' / 'H361d: Suspected of damaging the unborn child' / 'H400: Very toxic to aquatic life' / 'H410: Very toxic to aquatic life with long lasting effects',추출정보 공란 + 출처 접근 실패(링크불가·403/404·로그인·못찾음),변경,없음,확인 불가,파이프라인소비=아니오(build_input_v5.py 미참조 → X/y/group_key 무영향)
독성코드,검증근거,EyeIrritation6pack_PID86,"[구조화DB신규조회 재시도·미해결: PubChem 이름매칭 성공(CID 확보)했으나 GHS Classification 데이터 없음] Apogee(Prohexadione-calcium)는 PubChem에 화합물 레코드는 있으나 GHS Classification 섹션 자체가 존재하지 않음. 구조화 DB 조회 실패에 해당하여 재검토필요로 유지 | 원문: Prohexadione-calcium 이름검색 -> CID 12001831 확보. 그러나 'https://pubchem.ncbi.nlm.nih.gov/rest/pug_view/data/compound/12001831/JSON/?heading=GHS+Classification' 조회 결과 '{""Fault"": {""Code"": ""PUGVIEW.NotFound"", ""Message"": ""No data",추출정보 공란 + 출처 접근 실패(링크불가·403/404·로그인·못찾음),변경,없음,확인 불가,파이프라인소비=아니오(build_input_v5.py 미참조 → X/y/group_key 무영향)
독성코드,검증근거,EyeIrritation6pack_PID860,"[2차재시도(우회) 재시도·미해결: 기존 로컬 Syngenta SCIMITAR CS 구형 MSDS(제형 상이, GHS섹션 없음) + PubChem 성분 참고값(Lambda-Cyhalothrin)] 제품 Scimitar GR Insecticide(과립형)와 기존 확보 문서(Syngenta 'SCIMITAR CS' 액상 제형)는 제형이 다르고 GHS 분류섹션 자체가 없는 구형 문서(EPA Signal Word Caution만 존재)로 여전히 확정 불가(이전과 동일 결론). Lambda-Cyhalothrin PubChem 참고값(Danger, H301/H312/H330/H400/H410, 눈·피부자극 GHS코드 없음) 추가 확보했으나 제품 SDS 아님. | 원문: Product Name: SCIMITAR CS ... EPA Signal Word: Caution",[로컬PDF검증 2차조사·미해결] pdf_path의 PDF는 Syngenta의 'SCIMITAR CS'(Lambda-Cyhalothrin 9.7%) 구형 MSDS로 GHS 신호어/H코드 체계가 없고 EPA Signal Word 'Caution'만 기재됨(GHS 분류섹션 부재). 대상 제품 'Scimitar GR Insecticide'와 제형(CS vs GR)이 다르고 눈/피부 GHS 구분 근거가 PDF에 없어 결론을 내릴 수 없음. 재검토 필요. | 원문: Product Name: SCIMITAR CS ... EPA Signal Word: Caution,변경,없음,확인 불가,파이프라인소비=아니오(build_input_v5.py 미참조 → X/y/group_key 무영향)
독성코드,검증근거,EyeIrritation6pack_PID861,[구조화DB신규조회 재시도·미해결: PubChem 성분 참고값(제품 SDS 아님)] Scorpion Insecticide는 Prallethrin+Esfenvalerate 등 혼합 살충제(순물질 아님). 첫 기재 성분 Prallethrin 참고값만 확보 | 원문: Prallethrin(CID 9839306): 'Signal | Danger' / 'H302: Harmful if swallowed' / 'H331: Toxic if inhaled' / 'H400: Very toxic to aquatic life' / 'H410: Very toxic to aquatic life with long lasting effects',추출정보 공란 + 출처 접근 실패(링크불가·403/404·로그인·못찾음),변경,없음,확인 불가,파이프라인소비=아니오(build_input_v5.py 미참조 → X/y/group_key 무영향)
독성코드,검증근거,EyeIrritation6pack_PID865,"[2차재시도(우회): PubChem pug_view API 직접 조회(Sedaxane CID 11688533) - 제품명=성분명 순물질 일치] 행의 제품명과 성분명이 모두 'Sedaxane'으로 순물질 자체이며(제품=순물질), PubChem 공식 GHS 분류를 제품값으로 채택. 눈·피부·감작 관련 H코드(H314/315/317/318/319)가 전혀 없어 해당 항목은 비분류(Not classified)로 확인됨. 기존 로컬 PDF(5종 혼합 완제품 Warden Cereals WRII)는 혼합물 전체값이라 순물질과 무관하여 참고하지 않음. | 원문: Warning H351 (76.7%): Suspected of causing cancer H400 (99.4%): Very toxic to aquatic life H411 (76.7%): Toxic to aquatic life with long lasting effects","[로컬PDF검증 2차조사·미해결] pdf_path의 PDF는 5종 유효성분(Difenoconazole/Mefenoxam/Fludioxonil/Thiamethoxam/Sedaxane 1.44%) 혼합 완제품 'Warden Cereals WRII Fungicide, Insecticide'의 SDS로, 제품 자체 분류(Warning, Eye 2B, STOT SE3 등)는 5종 혼합물 전체에 대한 값이며 순수 'Sedaxane' 단일물질의 분류가 아님. 대상 행이 요구하는 순수 성분 수준 SDS가 없어 재검토 필요. | 원문: Product Name: Warden Cereals WRII Fungicide, Insecticide ... Common Name: Difenoconazole, Mefenoxam, Fludioxonil, Thiamethoxam, Sedaxane",변경,없음,확인 불가,파이프라인소비=아니오(build_input_v5.py 미참조 → X/y/group_key 무영향)
독성코드,검증근거,EyeIrritation6pack_PID867,"[2차재시도(우회) 재시도·미해결: curl 재다운로드 성공(web.archive.org, WebFetch는 차단되었으나 curl은 성공, 제품명 정확히 일치)] web.archive.org 아카이브 문서를 curl로 성공적으로 다운로드, 제품명(Senator 600FS)·EPA등록번호(228-522)·성분(Imidacloprid 48.7%+Glycerin)이 정확히 일치하는 진짜 제품 문서 확보. 다만 2007년 작성된 GHS 이전(pre-GHS) 구형 MSDS로 신호어 체계가 EPA 'CAUTION'이며 H코드/눈·피부 GHS 카테고리 자체가 없음(정성적 서술만 존재). GHS 분류 섹션 부재로 눈·피부 구분 확정 불가. | 원문: Product Name: Senator (TM) 600 FS ... Eye Contact: Mildly irritating based on toxicity studies. Skin Contact: Minimally toxic and slightly i","[웹조사 2차조사·미해결] (시도 출처: https://web.archive.org/web/20080722022522/http://www.nufarm.com/uploads/downloads/USST/Products/Senator_600FS/Senator600FSMSDS.pdf) web.archive.org 자체가 WebFetch 도구에서 차단되어 있어 접속 불가. 메모에 기재된 'GHS 도입 이전 구형 MSDS' 내용도 재확인 불가. | 원문: 접속 실패 - ""Claude Code is unable to fetch from web.archive.org""",변경,없음,확인 불가,파이프라인소비=아니오(build_input_v5.py 미참조 → X/y/group_key 무영향)
독성코드,검증근거,EyeIrritation6pack_PID868,[구조화DB신규조회 재시도·미해결: PubChem 성분 참고값(제품 SDS 아님)] Sergeants Fipronil+Etofenprox+Methoprene Spot-On은 3종 혼합 반려동물용 제품(순물질 아님). 첫 기재 성분 Fipronil 참고값만 확보 | 원문: Fipronil(CID 3352): 'Signal | Danger' / 'H301: Toxic if swallowed' / 'H311: Toxic in contact with skin' / 'H331: Toxic if inhaled' / 'H372: Causes damage to organs through prolonged or repeated exposure' / 'H400' / 'H410,추출정보 공란 + 출처 접근 실패(링크불가·403/404·로그인·못찾음),변경,없음,확인 불가,파이프라인소비=아니오(build_input_v5.py 미참조 → X/y/group_key 무영향)
독성코드,검증근거,EyeIrritation6pack_PID874,"[2차재시도(우회) 재시도·미해결: curl 재다운로드 성공(agrian.com→s3 리다이렉트 PDF 정상 추출, 제품명 정확히 일치)] 재시도로 정상 텍스트 추출 성공. 제품명·EPA등록번호(66330-390)가 대상 행과 정확히 일치하는 진짜 제품 MSDS 확보(단, Section2 성분표는 Deltamethrin+Geraniol+Thyme Oil만 나열되어 ingredient_names의 'Propane/n-Butane' 추진제가 명시되지 않아 SKU 차이 가능성 있음). 2009년 작성된 GHS 이전 구형 MSDS로 EPA 'CAUTION' 신호어와 정성적 서술만 있고 GHS H코드/카테고리 자체가 없어 눈·피부 구분 확정 불가. | 원문: PRODUCT NAME: Shooter(TM) Insecticide EPA REGISTRATION NUMBER(S): 66330-390 ... CAUTION: HARMFUL IF SWALLOWED MAY CAUSE MODERATE EYE","[웹조사 2차조사·미해결] (시도 출처: https://s3-us-west-1.amazonaws.com/agrian-cg-fs1-production/pdfs/Shooter_MSDS.pdf) agrian.com 원본 URL이 302로 s3 URL로 리다이렉트됨을 확인했으나, 리다이렉트된 PDF도 내용 추출 실패. 메모에서 이미 이 SDS가 Propane/n-Butane 성분 없이 액체 농축형만 다룸을 지적. | 원문: 원래 URL(agrian.com)이 s3 URL로 리다이렉트되었고, 리다이렉트된 URL도 압축 바이너리 형식으로 텍스트 추출 불가",변경,없음,확인 불가,파이프라인소비=아니오(build_input_v5.py 미참조 → X/y/group_key 무영향)
독성코드,검증근거,EyeIrritation6pack_PID875,"[구조화DB신규조회 재시도·미해결: PubChem 성분 참고값(제품 SDS 아님)] Sigma Ecol HS Antifouling Paint는 dicopper oxide(<50%, 최다함량) 등 다성분 방오도료(순물질 아님). 최다함량 성분 참고값만 확보 | 원문: Copper(I) oxide(CID 18346908, dicopper oxide 대응): 'Signal | Danger' / 'H302: Harmful if swallowed' / 'H318: Causes serious eye damage' / 'H332: Harmful if inhaled' / 'H400: Very toxic to aquatic life' / 'H410: Very toxic",추출정보 공란 + 출처 접근 실패(링크불가·403/404·로그인·못찾음),변경,없음,확인 불가,파이프라인소비=아니오(build_input_v5.py 미참조 → X/y/group_key 무영향)
독성코드,검증근거,EyeIrritation6pack_PID876,[구조화DB신규조회 재시도·미해결: PubChem 성분 참고값(제품 SDS 아님)] 'Silent'는 ingredient_names가 손상되어(선행 구분자만 남음) Es-fenvalerate만 확인됨. 제품명이 순물질명과 무관하여 검증완료 예외 미적용 | 원문: Esfenvalerate(CID 10342051): 'Signal | Danger' / 'H301: Toxic if swallowed' / 'H317: May cause an allergic skin reaction' / 'H331: Toxic if inhaled' / 'H370: Causes damage to organs' / 'H373' / 'H400' / 'H410',추출정보 공란 + 출처 접근 실패(링크불가·403/404·로그인·못찾음),변경,없음,확인 불가,파이프라인소비=아니오(build_input_v5.py 미참조 → X/y/group_key 무영향)
독성코드,검증근거,EyeIrritation6pack_PID877,"[구조화DB신규조회 재시도·미해결: PubChem 성분 참고값(제품 SDS 아님)] Smacker Bait는 Imidacloprid+Bromadiolone(살충+살서 성분 혼합 기재, 데이터 병합 오류 가능성). Imidacloprid 참고값만 확보 | 원문: Imidacloprid(CID 86287518): 'Signal | Danger' / 'H301: Toxic if swallowed' / 'H400: Very toxic to aquatic life' / 'H410: Very toxic to aquatic life with long lasting effects'",추출정보 공란 + 출처 접근 실패(링크불가·403/404·로그인·못찾음),변경,없음,확인 불가,파이프라인소비=아니오(build_input_v5.py 미참조 → X/y/group_key 무영향)
독성코드,검증근거,EyeIrritation6pack_PID891,[구조화DB신규조회 재시도·미해결: PubChem 성분 참고값(제품 SDS 아님)] SOLIDA GRANDE Herbicide는 Rimsulfuron+Nicosulfuron 혼합제제(순물질 아님). 첫 기재 성분 Rimsulfuron 참고값만 확보 | 원문: Rimsulfuron(CID 91779): 'Signal | Warning' / 'GHS Hazard Statements | H317 (14.2%)' / 'H319 (44.2%)' / 'H400 (52.2%)' / 'H410 (53.1%)',추출정보 공란 + 출처 접근 실패(링크불가·403/404·로그인·못찾음),변경,없음,확인 불가,파이프라인소비=아니오(build_input_v5.py 미참조 → X/y/group_key 무영향)
독성코드,검증근거,EyeIrritation6pack_PID892,"[구조화DB신규조회 재시도·미해결: PubChem 성분 참고값(제품 SDS 아님)] SP1037은 제조사 내부 코드명(순물질명 아님). 성분 2,4-D dimethylamine salt(및 Triclopyr) 중 대표 성분 참고값만 확보 | 원문: 2,4-D dimethylamine salt(CID 16180): 'Signal | Danger' / 'H302 (100%): Harmful if swallowed' / 'H317 (100%): May cause an allergic skin reaction' / 'H318 (100%): Causes serious eye damage' / 'H410 (35.7%)' / 'H411 (64.3%",추출정보 공란 + 출처 접근 실패(링크불가·403/404·로그인·못찾음),변경,없음,확인 불가,파이프라인소비=아니오(build_input_v5.py 미참조 → X/y/group_key 무영향)
독성코드,검증근거,EyeIrritation6pack_PID900,"[구조화DB신규조회 재시도·미해결: PubChem 성분 참고값(제품 SDS 아님, 매칭 신뢰도 낮음)] Splat-Mat ME의 ingredient_names는 SDS 표 형식이 깨져 대부분 'none' 등 잡음이며, 유일하게 식별 가능한 화학물질명이 Methyl eugenol(곤충 유인제 성분)뿐이라 대표성분으로 보기 어려움. 참고값 수준으로만 기록 | 원문: 1,2-Dimethoxy-4-(2-propen-1-yl)benzene = Methyl eugenol(CID 7127): 'Signal | Warning' / 'GHS Hazard Statements | H302 (93.9%): Harmful if swallowed' / 'H317 (70.9%)' / 'H341 (91.4%): Suspected of causing genetic defects'","추출정보 공란 + 미분류 메모: hint URL 없음. 성분(우레탄 비스옥사졸리딘, 디부틸틴딜라우레이트,",변경,없음,확인 불가,파이프라인소비=아니오(build_input_v5.py 미참조 → X/y/group_key 무영향)
독성코드,검증근거,EyeIrritation6pack_PID901,"[2차재시도(우회) 재시도·미해결: PubChem PUG-view API 재조회(성분 참고값)] 제품(Sporgard WB) 자체 SDS 미확보, ingredient_names 필드 손상(연구 논문 문구 혼입). 웹페이지 렌더링 대신 PUG-view API로 재조회하여 Thiabendazole 성분 GHS(Warning/H400,H410) 확인했으나 나머지 성분(Fludioxonil, Azoxystrobin)은 미확인. 성분 순물질 참고값만 확보, 제품 SDS 미확보. | 원문: H400 (99.2%): Very toxic to aquatic life; H410 (99.5%): Very toxic to aquatic life with long lasting effects. Aggregated GHS information provided per 393 reports by companies from 15 notifications to the ECHA C&L Invento","[웹조사 2차조사·미해결] (시도 출처: https://pubchem.ncbi.nlm.nih.gov/compound/5430) PubChem 페이지 접속은 성공했으나 GHS 신호어/H코드 정보를 가져오지 못함. 제품 자체(Sporgard WB) SDS와도 대조 불가. | 원문: 접속됐으나 페이지 내용에 ""Thiabendazole | C10H7N3S | CID 5430 - PubChem"" 타이틀만 있고 GHS Classification 섹션 정보 없음",변경,없음,확인 불가,파이프라인소비=아니오(build_input_v5.py 미참조 → X/y/group_key 무영향)
독성코드,검증근거,EyeIrritation6pack_PID905,"[2차재시도(우회) 재시도·미해결: PubChem PUG-view API 재조회(성분 참고값)] 제품(Storicide II) 자체 SDS 미확보. Chlorpyrifos-methyl 성분 GHS(Danger/H302,H317,H400,H410, PubChem CID 21803)를 API로 재조회 확인, Deltamethrin·방향족 용제류는 미확인. 성분 순물질 참고값만 확보. | 원문: H302 (62.2%): Harmful if swallowed; H317 (100%): May cause an allergic skin reaction; H400 (100%); H410 (100%). Aggregated GHS information provided per 241 reports by companies from 10 notifications to the ECHA C&L Inven",[웹조사 2차조사·미해결] (시도 출처: https://pubchem.ncbi.nlm.nih.gov/compound/21803) PubChem 페이지 접속은 성공했으나 GHS 정보 섹션 확보 실패. | 원문: 접속됐으나 화학식 및 CID 번호만 확인되고 GHS Classification 섹션(신호어/H코드/눈피부구분)의 구체적 정보는 제공된 텍스트에 없음,변경,없음,확인 불가,파이프라인소비=아니오(build_input_v5.py 미참조 → X/y/group_key 무영향)
독성코드,검증근거,EyeIrritation6pack_PID907,"[2차재시도(우회) 재시도·미해결: PubChem 성분명 검색(불일치 성분 모두 재조회)] 기존 URL(CID91739)이 Orthosulfamuron이 아니라 Quinclorac이었던 불일치를 재확인, 두 성분 모두 PubChem에서 개별 재조회함(Quinclorac Warning/H317, Orthosulfamuron Warning/H400). 제품(Strada XT) 자체 SDS는 여전히 미확보 - 성분 순물질 참고값만 확보. | 원문: Quinclorac: H317 (100%): May cause an allergic skin reaction. Orthosulfamuron: H400 (100%): Very toxic to aquatic life. Aggregated GHS information provided per 2 reports by companies from 1 notifications.","[웹조사 2차조사·미해결] (시도 출처: https://pubchem.ncbi.nlm.nih.gov/compound/91739) urls의 PubChem CID 91739는 Orthosulfamuron이 아니라 Quinclorac에 해당하는 것으로 확인됨(URL-성분 불일치). 게다가 GHS 분류 정보 자체도 fetched 내용에 없음. | 원문: ""Quinclorac | C10H5Cl2NO2 | CID 91739 - PubChem"" - Orthosulfamuron과는 다른 화합물이며 GHS Classification 데이터도 없음",변경,없음,확인 불가,파이프라인소비=아니오(build_input_v5.py 미참조 → X/y/group_key 무영향)
독성코드,검증근거,EyeIrritation6pack_PID908,[구조화DB신규조회 재시도·미해결: PubChem 성분 참고값(제품 SDS 아님)] Stratego 731 Fungicide는 Trifloxystrobin+Propiconazole+Prothioconazole 혼합살균제(순물질 아님). 첫 기재 성분 참고값만 확보 | 원문: Trifloxystrobin(CID 11664966): 'Signal | Warning' / 'H317: May cause an allergic skin reaction' / 'H362: May cause harm to breast-fed children' / 'H400: Very toxic to aquatic life' / 'H410: Very toxic to aquatic life wit,추출정보 공란 + 출처 접근 실패(링크불가·403/404·로그인·못찾음),변경,없음,확인 불가,파이프라인소비=아니오(build_input_v5.py 미참조 → X/y/group_key 무영향)
독성코드,검증근거,EyeIrritation6pack_PID914,[구조화DB신규조회 재시도·미해결: PubChem 성분 참고값(제품 SDS 아님)] Sumione은 ingredient_names에 Metofluthrin만 남아있고(선행 데이터 손상) 제품명과 성분명이 무관. 성분 참고값만 확보 | 원문: Metofluthrin(CID 5282227): 'Signal | Danger' / 'GHS Hazard Statements | H332 (100%): Harmful if inhaled' / 'H370 (50%)' / 'H373 (50%)' / 'H400 (50%)' / 'H410 (100%)',추출정보 공란 + 출처 접근 실패(링크불가·403/404·로그인·못찾음),변경,없음,확인 불가,파이프라인소비=아니오(build_input_v5.py 미참조 → X/y/group_key 무영향)
독성코드,검증근거,EyeIrritation6pack_PID915,[구조화DB신규조회 재시도·미해결: PubChem 성분 참고값(제품 SDS 아님)] Super K-Gro Malathion 50 Insect Spray는 'Malathion 50%' 제형 상표명(순물질 아님). 유효성분 참고값만 확보 | 원문: Malathion(CID 4004): 'Signal | Warning' / 'H302: Harmful if swallowed' / 'H317: May cause an allergic skin reaction' / 'H400: Very toxic to aquatic life' / 'H410: Very toxic to aquatic life with long lasting effects',추출정보 공란 + 출처 접근 실패(링크불가·403/404·로그인·못찾음),변경,없음,확인 불가,파이프라인소비=아니오(build_input_v5.py 미참조 → X/y/group_key 무영향)
독성코드,검증근거,EyeIrritation6pack_PID917,[구조화DB신규조회 재시도·미해결: PubChem 성분 참고값(제품 SDS 아님)] Supremacy Herbicide는 Sulfentrazone+Pyroxasulfone+Tribenuron-methyl 등 다성분 제초제(순물질 아님). 첫 기재 성분 참고값만 확보 | 원문: Sulfentrazone(CID 86369): 'Signal | Warning' / 'GHS Hazard Statements | H319 (40.6%)' / 'H332 (58%): Harmful if inhaled' / 'H373 (43.5%)' / 'H411 (43.5%): Toxic to aquatic life with long lasting effects',추출정보 공란 + 출처 접근 실패(링크불가·403/404·로그인·못찾음),변경,없음,확인 불가,파이프라인소비=아니오(build_input_v5.py 미참조 → X/y/group_key 무영향)
독성코드,검증근거,EyeIrritation6pack_PID918,"[구조화DB신규조회 재시도·미해결: PubChem 성분 참고값(제품 SDS 아님)] Suprend는 Trifloxysulfuron-sodium+Prometryn 혼합제초제(순물질 아님). 'Trifloxysulfuron' 단순검색은 실패했으나 '-sodium' 포함 재검색으로 CID 확보 | 원문: Trifloxysulfuron-sodium(CID 23676736, 이름 단순화 재검색): 'Signal | Warning' / 'GHS Hazard Statements | H400 (100%): Very toxic to aquatic life' / 'H410 (100%): Very toxic to aquatic life with long lasting effects'",추출정보 공란 + 출처 접근 실패(링크불가·403/404·로그인·못찾음),변경,없음,확인 불가,파이프라인소비=아니오(build_input_v5.py 미참조 → X/y/group_key 무영향)
독성코드,검증근거,EyeIrritation6pack_PID919,"[구조화DB신규조회 재시도·미해결: PubChem 성분 참고값(제품 SDS 아님)] SVP8은 ingredient_names 앞부분이 저수지 유지관리 문구로 오염되어 있고, 실질 성분은 Dinotefuran+Pyriproxyfen 혼합 살충제로 추정(순물질 아님). Dinotefuran 참고값만 확보 | 원문: 1-Methyl-2-nitro-3-((tetrahydrofuran-3-yl)methyl)guanidine = Dinotefuran(CID 197701): 'Signal | Warning' / 'H302 (85.3%): Harmful if swallowed' / 'H400 (64.7%)' / 'H410 (65.2%)'",추출정보 공란 + 출처 접근 실패(링크불가·403/404·로그인·못찾음),변경,없음,확인 불가,파이프라인소비=아니오(build_input_v5.py 미참조 → X/y/group_key 무영향)
독성코드,검증근거,EyeIrritation6pack_PID923,"[구조화DB신규조회 재시도·미해결: PubChem 성분 참고값(제품 SDS 아님)] SYN 1219 Herbicide는 내부 코드명(Isopropyl Alcohol+Benzocaine+Glyphosate 혼합, 순물질 아님). 참고로 Glyphosate(CID 3496)는 Danger/H318/H411로 별도 확인됨. 첫 기재 성분 기준으로 verdict 판정 | 원문: Isopropyl alcohol(CID 3776): 'Signal | Danger' / 'H225: Highly Flammable liquid and vapor' / 'H319: Causes serious eye irritation' / 'H336: May cause drowsiness or dizziness'",추출정보 공란 + 출처 접근 실패(링크불가·403/404·로그인·못찾음),변경,없음,확인 불가,파이프라인소비=아니오(build_input_v5.py 미참조 → X/y/group_key 무영향)
독성코드,검증근거,EyeIrritation6pack_PID924,"[구조화DB신규조회 재시도·미해결: PubChem 성분 참고값(제품 SDS 아님)] Synguard Multi G는 MDI(50%, 최다함량, 폴리우레탄 코팅제 성분)+Azoxystrobin+Thiamethoxam 혼합제품으로 보임(순물질 아님). 최다함량 성분 참고값만 확보 | 원문: 4,4'-Methylenediphenyl diisocyanate(CID 7570): 'Signal | Danger' / 'H315: Causes skin irritation' / 'H317: May cause an allergic skin reaction' / 'H319: Causes serious eye irritation' / 'H332: Harmful if inhaled' / 'H334",추출정보 공란 + 출처 접근 실패(링크불가·403/404·로그인·못찾음),변경,없음,확인 불가,파이프라인소비=아니오(build_input_v5.py 미참조 → X/y/group_key 무영향)
독성코드,검증근거,EyeIrritation6pack_PID928,[구조화DB신규조회 재시도·미해결: PubChem 성분 참고값(제품 SDS 아님)] Tandem CS는 MCPB나트륨염(active ingredient로 명시)+MCPA나트륨염+Thiamethoxam+lambda-Cyhalothrin 혼합제제. 기존 메모의 힌트 SDS 성분 불일치와 별개로 MCPB 자체의 PubChem 참고값만 추가 확보 | 원문: MCPB(CID 7207): 'Signal | Warning' / 'H400: Very toxic to aquatic life' / 'H410: Very toxic to aquatic life with long lasting effects',추출정보 공란 + 성분 불일치(다른 제품 SDS 의심),변경,없음,확인 불가,파이프라인소비=아니오(build_input_v5.py 미참조 → X/y/group_key 무영향)
독성코드,검증근거,EyeIrritation6pack_PID932,"[2차재시도(우회) 재시도·미해결: PubChem 성분명 검색(3개 성분 전체 재조회)] 기존 로컬 PDF(Trichloroacetic acid 시약 SDS)는 완제품 TC-314 4성분 중 1개만 해당하고 나머지(Chlorfenapyr/Prallethrin/Pyriproxyfen)는 없어 폐기. PubChem에서 3개 성분 모두 재조회했으나 성분 순물질 참고값이며 제품 자체 SDS는 미확보. | 원문: Chlorfenapyr: Danger H302(100%),H331(100%),H400(100%),H410(100%); Prallethrin: Danger H302(100%),H331(90%),H400(93.2%),H410(100%); Pyriproxyfen: Warning H400(100%),H410(100%).","[로컬PDF검증 2차조사·미해결] pdf_path의 PDF는 Carl Roth의 시약 단일물질 'Trichloroacetic acid ≥99%, p.a.'(Danger/H314,H335,H400,H410; Skin Corr.1A) SDS로, 완제품 TC-314의 나머지 3종 유효성분(Chlorfenapyr, Prallethrin, Pyriproxyfen)이 전혀 포함되어 있지 않음. 다른 물질의 SDS로 재검토 필요. | 원문: Identification of the substance  Trichloroacetic acid ≥99 %, p.a. ... CAS number  76-03-9",변경,없음,확인 불가,파이프라인소비=아니오(build_input_v5.py 미참조 → X/y/group_key 무영향)
독성코드,검증근거,EyeIrritation6pack_PID933,"[구조화DB신규조회 재시도·미해결: PubChem 성분 참고값(제품 SDS 아님)] TC-317은 실리카/시멘트/석회석 등 충전제(최다함량, Silica amorphous 60%)와 살균제 Triticonazole이 혼재된 제품. 충전제(Amorphous silica, CID 24261)는 대부분 'Not Classified'이나 보고군에 따라 혼재되어 있어, 실제 농약 유효성분인 Triticonazole을 대표성분으로 채택해 참고값 확보 | 원문: Triticonazole(CID 6537961): 'Pictogram(s)' / 'GHS Hazard Statements | H411 (98%): Toxic to aquatic life with long lasting effects' — Signal word 항목 없음(신호어 요건 미해당)",추출정보 공란 + 출처 접근 실패(링크불가·403/404·로그인·못찾음),변경,없음,확인 불가,파이프라인소비=아니오(build_input_v5.py 미참조 → X/y/group_key 무영향)
독성코드,검증근거,EyeIrritation6pack_PID934,"[구조화DB신규조회 재시도·미해결: 이름매칭 실패(Zinc alkyl dithiophosphate) + PubChem 성분 참고값(대체성분, 제품 SDS 아님)] TC-320은 Zinc alkyl dithiophosphate(첫 기재, PubChem 매칭 실패)+Dinotefuran+Piperonyl butoxide 혼합제품으로 추정. 대체 성분(Dinotefuran) 참고값만 확보 | 원문: PubChem name search 'Zinc alkyl dithiophosphate' -> 'Fault: PUGREST.NotFound, No CID found'. 대체로 1-Methyl-2-nitro-3-((tetrahydrofuran-3-yl)methyl)guanidine = Dinotefuran(CID 197701): 'Signal | Warning' / 'H302 (85.3%)' /",추출정보 공란 + 출처 접근 실패(링크불가·403/404·로그인·못찾음),변경,없음,확인 불가,파이프라인소비=아니오(build_input_v5.py 미참조 → X/y/group_key 무영향)
독성코드,검증근거,EyeIrritation6pack_PID935,"[구조화DB신규조회 재시도·미해결: PubChem 성분 참고값(대체성분, 제품 SDS 아님)] TC 218은 'Direct blue' 염료와 살충성분 Cyfluthrin이 혼재 기재됨. 기존 메모대로 Direct Blue는 단일 염료 시약 SDS로 무관하다고 판단되어, 실제 살충 유효성분 Cyfluthrin을 대표성분으로 채택 | 원문: Cyfluthrin(CID 104926): 'Signal | Danger' / 'H300: Fatal if swallowed' / 'H330: Fatal if inhaled' / 'H362: May cause harm to breast-fed children' / 'H370' / 'H400' / 'H410'. 참고: 'Direct Blue 218'(CID 34237)은 염료 시약으로 살충제와",추출정보 공란 + 출처 접근 실패(링크불가·403/404·로그인·못찾음),변경,없음,확인 불가,파이프라인소비=아니오(build_input_v5.py 미참조 → X/y/group_key 무영향)
독성코드,검증근거,EyeIrritation6pack_PID936,"[2차재시도(우회) 재시도·미해결: PubChem 성분명 검색(2개 성분 재조회)] 기존 로컬 PDF(이탈리아 산업용 벨트 미끄럼방지 스프레이 SYSTEM TC 240)는 살충제 제품 TC 240과 전혀 무관하여 폐기. PubChem에서 Prallethrin/lambda-Cyhalothrin을 재조회했으나 성분 순물질 참고값이며 완제품 SDS는 미확보. | 원문: lambda-Cyhalothrin: Danger H301(100%), H312(76.3%), H330(100%), H400(100%), H410(100%); Prallethrin: Danger H302(100%), H331(90%), H400(93.2%), H410(100%).","[로컬PDF검증 2차조사·미해결] pdf_path의 PDF는 이탈리아 Arexons사의 산업용 벨트 미끄럼방지 스프레이 'SYSTEM TC 240'(Danger, Aerosols1, H222+H229,H315,H319,H336,H410) SDS로, 살충제 제품 TC 240(Prallethrin/lambda-Cyhalothrin)과 전혀 무관한 다른 제품. 재검토 필요. | 원문: Trade name:  SYSTEM TC 240 ANTISLITTANTE CINGHIE - ANTI SLIPPING STRAPS SPRAY ML 400",변경,없음,확인 불가,파이프라인소비=아니오(build_input_v5.py 미참조 → X/y/group_key 무영향)
독성코드,검증근거,EyeIrritation6pack_PID937,"[구조화DB신규조회 재시도·미해결: PubChem 성분 참고값(제품 SDS 아님)] TC 246은 Mepiquat Chloride(첫 기재, CAS/등록번호 병기)+Imazalil 혼합제제(순물질 아님). 기존 메모의 힌트 SDS(Compact 6X)와 별개로 Mepiquat chloride 자체 참고값 확보 | 원문: Mepiquat chloride(CID 62781): 'Signal | Danger' / 'H301: Toxic if swallowed' / 'H332: Harmful if inhaled' / 'H412: Harmful to aquatic life with long lasting effects'",추출정보 공란 + 출처 접근 실패(링크불가·403/404·로그인·못찾음),변경,없음,확인 불가,파이프라인소비=아니오(build_input_v5.py 미참조 → X/y/group_key 무영향)
독성코드,검증근거,EyeIrritation6pack_PID940,"[2차재시도(우회) 재시도·미해결: 로컬 PDF(AMP) + PubChem 성분명 검색(Fludioxonil 추가 조회)] 완제품(TC 281) SDS 미확보. 로컬 SDS는 원료 AMP(Danger/H315,H318,H402,H412)만 커버, 두번째 성분 Fludioxonil은 PubChem 재조회로 보완(Warning/H400,H410). 두 성분 모두 순물질 참고값이며 완제품 자체 분류는 미확인. | 원문: Fludioxonil: H400 (98%): Very toxic to aquatic life; H410 (74.5%): Very toxic to aquatic life with long lasting effects. Aggregated GHS information provided per 153 reports by companies from 9 notifications to the ECHA C","[로컬PDF검증 2차조사·미해결] pdf_path의 PDF는 Sigma-Aldrich의 원료 단일물질 '2-Amino-2-methyl-1-propanol(AMP)'(Danger/H315,H318,H402,H412) SDS로, 완제품 TC 281의 두 번째 성분 Fludioxonil의 분류가 없고 완제품 수준 SDS가 아님. 재검토 필요. | 원문: Product name : 2-Amino-2-methyl-1-propanol  Product Number : 08581  Brand : Sigma-Aldrich",변경,없음,확인 불가,파이프라인소비=아니오(build_input_v5.py 미참조 → X/y/group_key 무영향)
독성코드,검증근거,EyeIrritation6pack_PID946,[구조화DB신규조회 재시도·미해결: PubChem 성분 참고값(제품 SDS 아님)] 'Tebuconazole 45 WP'는 45% 습식분말 제형 표기가 포함되어 있어 순물질이 아닌 제형 제품명임(제품=순물질 예외 미적용). 유효성분 참고값만 확보 | 원문: Tebuconazole(CID 86102): 'Signal | Warning' / 'H302: Harmful if swallowed' / 'H361d: Suspected of damaging the unborn child' / 'H400' / 'H410',추출정보 공란 + 출처 접근 실패(링크불가·403/404·로그인·못찾음),변경,없음,확인 불가,파이프라인소비=아니오(build_input_v5.py 미참조 → X/y/group_key 무영향)
독성코드,검증근거,EyeIrritation6pack_PID956,"[구조화DB신규조회 재시도·미해결: PubChem 성분 참고값(제품 SDS 아님)] Techfilter의 ingredient_names는 Glycolic Acid(첫 기재)와 제초제 Trifluralin이 이질적으로 혼재(원본 데이터 오류 가능성, 기존 메모와 일치). 실제 농약 성분인 Trifluralin을 대표성분으로 채택해 참고값 확보 | 원문: Trifluralin(CID 5569): 'Signal | Warning' / 'H317: May cause an allergic skin reaction' / 'H351: Suspected of causing cancer' / 'H400: Very toxic to aquatic life' / 'H410: Very toxic to aquatic life with long lasting eff",추출정보 공란 + 출처 접근 실패(링크불가·403/404·로그인·못찾음),변경,없음,확인 불가,파이프라인소비=아니오(build_input_v5.py 미참조 → X/y/group_key 무영향)
독성코드,검증근거,EyeIrritation6pack_PID96,"[구조화DB신규조회 재시도·미해결: PubChem 성분 참고값(제품 SDS 아님)] ARY 0452-110 Herbicide는 내부 코드명(Glyphosate potassium+Amicarbazone 혼합, 순물질 아님). 첫 기재 성분 참고값만 확보 | 원문: Glyphosate potassium(CID 23716553): 'Signal | Warning' / 'GHS Hazard Statements | H319 (37%): Causes serious eye irritation' / 'H411 (97.8%): Toxic to aquatic life with long lasting effects'",추출정보 공란 + 출처 접근 실패(링크불가·403/404·로그인·못찾음),변경,없음,확인 불가,파이프라인소비=아니오(build_input_v5.py 미참조 → X/y/group_key 무영향)
독성코드,검증근거,EyeIrritation6pack_PID962,[구조화DB신규조회 재시도·미해결: 이름 매칭 실패(성분명 추출 불가)] ingredient_names 필드가 'Content (W/W)'(표 헤더 문구)로 손상되어 유효성분명을 추출할 수 없음; 제품명(Termidor Dry Termiticide)도 PubChem/제조사 목록에서 확인되지 않아 조회 시도 자체가 불가함 | 원문: ,추출정보 공란 + 출처 접근 실패(링크불가·403/404·로그인·못찾음),변경,없음,확인 불가,파이프라인소비=아니오(build_input_v5.py 미참조 → X/y/group_key 무영향)
독성코드,검증근거,EyeIrritation6pack_PID967,"[구조화DB신규조회 재시도·미해결: PubChem 성분 참고값(제품 SDS 아님)] 제품은 비료 성분을 포함한 배합제품(순물질 아님)이라 유효성분 2종(Bifenthrin, Imidacloprid) 각각의 PubChem 순물질 GHS만 참고값으로 확인함; 제품 자체 SDS 아님 | 원문: Bifenthrin(CID 6442842): Danger / H300: Fatal if swallowed; H317: May cause an allergic skin reaction; H331: Toxic if inhaled; H351: Suspected of causing cancer; H372: Causes damage to organs through prolonged or repeate",추출정보 공란 + 출처 접근 실패(링크불가·403/404·로그인·못찾음),변경,없음,확인 불가,파이프라인소비=아니오(build_input_v5.py 미참조 → X/y/group_key 무영향)
독성코드,검증근거,EyeIrritation6pack_PID968,"[구조화DB신규조회 재시도·미해결: PubChem 성분 참고값(제품 SDS 아님)] 605와 동일 계열(농도만 다름)의 과립형 배합 살충제로 순물질이 아님; Bifenthrin/Imidacloprid 순물질의 PubChem 참고값만 확인, 제품 SDS 아님 | 원문: Bifenthrin(CID 6442842): Danger / H300: Fatal if swallowed; H317: May cause an allergic skin reaction; H331: Toxic if inhaled; H351: Suspected of causing cancer; H372: Causes damage to organs through prolonged or repeate",추출정보 공란 + 출처 접근 실패(링크불가·403/404·로그인·못찾음),변경,없음,확인 불가,파이프라인소비=아니오(build_input_v5.py 미참조 → X/y/group_key 무영향)
독성코드,검증근거,EyeIrritation6pack_PID970,"[구조화DB신규조회 재시도·미해결: PubChem 성분 참고값(제품 SDS 아님)] 제품은 인산염 비료성분+2종 살균제 배합 제형으로 순물질이 아님; Chlorothalonil/Propiconazole 순물질의 PubChem 참고값만 확인, 제품 SDS 아님 | 원문: Chlorothalonil(CID 15910): Danger / H317: May cause an allergic skin reaction; H318: Causes serious eye damage; H330: Fatal if inhaled; H335: May cause respiratory irritation; H351: Suspected of causing cancer; H400/H410",추출정보 공란 + 출처 접근 실패(링크불가·403/404·로그인·못찾음),변경,없음,확인 불가,파이프라인소비=아니오(build_input_v5.py 미참조 → X/y/group_key 무영향)
독성코드,검증근거,EyeIrritation6pack_PID971,"[2차재시도(우회) 재시도·미해결: curl UA 재시도(403 지속 확인) + PubChem 성분명 검색] 힌트 URL은 UA 헤더 추가 재시도에도 403 지속(0.2% Merit Insecticide, 이미다클로프리드 단독, 비펜트린 없음 - 기존 불일치 재확인). PubChem에서 Imidacloprid/Bifenthrin 두 성분 모두 재조회했으나 성분 순물질 참고값이며 완제품(저농도 배합제) 자체 SDS는 미확보. | 원문: Bifenthrin: Danger H300(93.4%),H317(95.8%),H331(95.8%),H351(94.3%),H372(93.4%),H400(97.6%),H410(98.1%); Imidacloprid: Danger H301(43.6%)/H302(56.4%),H400(96.4%),H410(100%). (curl 재시도 결과: HTTP_CODE:403)","[웹조사 2차조사·미해결] (시도 출처: https://assets.greenbook.net/20-52-47-26-06-2019-M96818_The_Andersons_Turf_Products_Fertilizer_with_0.2__Merit_Insecticide_0-0-8.pdfr) 메모에서 이미 이 SDS가 '0.2% Merit Insecticide'(이미다클로프리드 단독, 비펜트린 없음)로 이 제품과 성분 불일치임을 지적했고, 실제 접속도 403으로 차단됨. | 원문: 접속 실패 - HTTP 403 Forbidden",변경,없음,확인 불가,파이프라인소비=아니오(build_input_v5.py 미참조 → X/y/group_key 무영향)
독성코드,검증근거,EyeIrritation6pack_PID972,"[구조화DB신규조회 재시도·미해결: PubChem 성분 참고값(제품 SDS 아님)] ingredient_names 필드가 라벨 각주 텍스트로 손상되어 있으나 제품명 및 성분표기(Bifenthrin*)로 유효성분(605/606과 동일 계열) 확인됨; Bifenthrin/Imidacloprid 순물질의 PubChem 참고값만 확인, 제품 SDS 아님 | 원문: Bifenthrin(CID 6442842): Danger / H300: Fatal if swallowed; H317: May cause an allergic skin reaction; H331: Toxic if inhaled; H351: Suspected of causing cancer; H372: Causes damage to organs through prolonged or repeate",추출정보 공란 + 성분 불일치(다른 제품 SDS 의심),변경,없음,확인 불가,파이프라인소비=아니오(build_input_v5.py 미참조 → X/y/group_key 무영향)
독성코드,검증근거,EyeIrritation6pack_PID974,"[구조화DB신규조회 재시도·미해결: PubChem 성분 참고값(제품 SDS 아님)] 제품은 2종 유효성분(Diuron+Thidiazuron)의 배합 제형(SC)으로 순물질이 아니므로 각 성분의 PubChem 참고값만 확인, 제품 SDS 아님 | 원문: Diuron(CID 3120): Danger / H350: May cause cancer; H373: May cause damage to organs through prolonged or repeated exposure; H400/H410: Very toxic to aquatic life with long lasting effects. Thidiazuron(CID 40087): Warning",추출정보 공란 + 미분류 메모: 검색 도구 제한으로 제네릭 제조사 SDS 미발견,변경,없음,확인 불가,파이프라인소비=아니오(build_input_v5.py 미참조 → X/y/group_key 무영향)
독성코드,검증근거,EyeIrritation6pack_PID979,"[구조화DB신규조회 재시도·미해결: PubChem 성분 참고값(제품 SDS 아님)] 3종 유효성분(살균제 2종+살충제 1종) 배합 종자처리제로 순물질이 아님; 각 성분의 PubChem 참고값만 확인, 제품 SDS 아님 | 원문: Fludioxonil(CID 86398): Warning / H400: Very toxic to aquatic life; H410: Very toxic to aquatic life with long lasting effects. Metalaxyl-M(CID 11150163): Danger / H302: Harmful if swallowed; H318: Causes serious eye dam",추출정보 공란 + 출처 접근 실패(링크불가·403/404·로그인·못찾음),변경,없음,확인 불가,파이프라인소비=아니오(build_input_v5.py 미참조 → X/y/group_key 무영향)
독성코드,검증근거,EyeIrritation6pack_PID980,"[2차재시도(우회) 재시도·미해결: curl UA 재시도(뉴스기사 확인) + PubChem 성분명 검색(4개 성분)] curl UA 재시도로 접속은 성공했으나 실제로는 노출된 페이지가 신제품 발표 뉴스기사로 SDS/GHS 정보 없음. 대체로 4개 성분(Fludioxonil/Thiabendazole/Thiamethoxam/Metalaxyl-M) 모두 PubChem 재조회. Metalaxyl-M의 H318(눈손상)이 시트 cat_eye_ghs='Not classified'와 상충되어 재검토 필요. 성분 순물질 참고값만 확보. | 원문: 先正达噻虫嗪种衣剂福亮™全球首发 (Syngenta Thiamethoxam seed coating launch news) - GHS 정보 없는 뉴스 페이지. Thiamethoxam: Danger H228(91.3%),H302(100%),H361fd(91.3%),H400(100%),H410(100%); Metalaxyl-M: Danger H302(100%),H","[웹조사 2차조사·미해결] (시도 출처: https://cn.agropages.com/News/NewsDetail---10002.htm?utm_source=chatgpt.com) URL 접속 자체가 실패하여 THX/MXM/FDL/TBZ FS 관련 GHS 정보를 확인하지 못함. | 원문: 접속 실패 - 명령 실행 실패, 응답 없음(Command failed with no output)",변경,없음,확인 불가,파이프라인소비=아니오(build_input_v5.py 미참조 → X/y/group_key 무영향)
독성코드,검증근거,EyeIrritation6pack_PID983,"[2차재시도(우회) 재시도·미해결: PubChem 성분명 검색(4개 성분 전체 재조회)] 기존 로컬 PDF(향수 제품 SDS)는 농약 Tital FL과 완전 무관하여 폐기(기존 지적과 일치). PubChem에서 4개 성분(Thiram/Clothianidin/Carboxin/Metalaxyl) 모두 재조회했으나 성분 순물질 참고값이며 완제품 자체 SDS는 미확보. | 원문: Clothianidin: Danger H302(100%),H361f(95.5%),H370(95.5%),H400(100%),H410(100%); Thiram: Warning H302(100%),H315(100%),H317(100%),H319(100%),H332(100%),H373(100%),H400(98.2%),H410(100%).","[로컬PDF검증 2차조사·미해결] pdf_path의 PDF는 향료회사 Aromatic Fragrances International의 향수 모방 제품 'Compare to BOMBSHELL WILD FLOWER by Victoria's Secret' SDS로, 농약 제품 Tital FL(Thiram/Clothianidin/Carboxin/Metalaxyl)과 완전히 무관. H코드(H315,H317,H401,H410)와 신호어(Warning)는 현재 시트값과 일치하지만 이는 잘못된 문서에서 그대로 옮겨진 값. 제품 불일치로 재검토 필요. | 원문: Product: Compare to BOMBSHELL WILD FLOWER by Victoria's Secret ® F35268 ... Company name: Aromatic Fragrances International",변경,없음,확인 불가,파이프라인소비=아니오(build_input_v5.py 미참조 → X/y/group_key 무영향)
독성코드,검증근거,EyeIrritation6pack_PID985,"[2차재시도(우회) 재시도·미해결: PubChem PUG-view API 재조회(성분 참고값)] 제형(15EC) 완제품 SDS 미확보. 웹페이지 대신 PUG-view API로 Tolfenpyrad 기술물질 GHS(Danger/H302,H332,H373,H400,H410) 확인, 성분 순물질 참고값이며 제품 자체 값 아님. | 원문: H302 (97.6%): Harmful if swallowed; H332 (81.2%); H373 (54.1%); H400 (100%); H410 (100%). Aggregated GHS information provided per 85 reports by companies from 6 notifications to the ECHA C&L Inventory.","[웹조사 2차조사·미해결] (시도 출처: https://pubchem.ncbi.nlm.nih.gov/compound/10110536) PubChem 페이지 접속은 성공했으나 GHS 신호어/H코드/눈피부구분 정보를 가져오지 못함. | 원문: 접속됐으나 화합물명(Tolfenpyrad)과 분자식(C21H22ClN3O2), CID 번호만 확인되고 GHS Classification 섹션 정보는 제공된 텍스트에 없음",변경,없음,확인 불가,파이프라인소비=아니오(build_input_v5.py 미참조 → X/y/group_key 무영향)
독성코드,검증근거,EyeIrritation6pack_PID986,"[구조화DB신규조회 재시도·미해결: PubChem 성분 참고값(제품 SDS 아님)] 기존 추출정보(H302,H304,H331,H350,H227)는 Cyfluthrin·Naphthalene의 PubChem 집계 GHS와 정확히 일치하지 않아 신뢰도 낮음; 제품 자체 SDS는 확인하지 못하고 성분 참고값만 확인함 | 원문: Cyfluthrin(CID 104926): Danger / H300: Fatal if swallowed; H330: Fatal if inhaled; H362: May cause harm to breast-fed children; H370: Causes damage to organs; H400/H410: Very toxic to aquatic life with long lasting effec",추출값은 있으나 출처 전무,변경,없음,확인 불가,파이프라인소비=아니오(build_input_v5.py 미참조 → X/y/group_key 무영향)
독성코드,검증근거,EyeIrritation6pack_PID988,"[구조화DB신규조회 재시도·미해결: PubChem 성분 참고값(제품 SDS 아님)] 제품은 계면활성제 등 배합성분을 포함한 제형으로 순물질이 아님; 유효성분 Flutriafol의 PubChem 참고값만 확인, 제품 SDS 아님 | 원문: Flutriafol(CID 91727): Warning / H302(100%): Harmful if swallowed; H312(57.3%): Harmful in contact with skin; H332(57.3%): Harmful if inhaled; H412(56.8%): Harmful to aquatic life with long lasting effects.",추출정보 공란 + 출처 접근 실패(링크불가·403/404·로그인·못찾음),변경,없음,확인 불가,파이프라인소비=아니오(build_input_v5.py 미참조 → X/y/group_key 무영향)
독성코드,검증근거,EyeIrritation6pack_PID989,"[구조화DB신규조회 재시도·미해결: PubChem CID 확인되나 GHS Classification 데이터 없음] PubChem CID 11302979(Topramezone)는 존재하나 pug_view heading=GHS+Classification 조회 시 404(PUGVIEW.NotFound)로 섹션 자체가 없음(공식 '분류 없음' 표기와는 다른, 데이터 부재 상태); 제품도 Inert 성분 포함 제형(2.8 SC)으로 순물질 예외 적용 불가 | 원문: ",추출정보 공란 + 출처 접근 실패(링크불가·403/404·로그인·못찾음),변경,없음,확인 불가,파이프라인소비=아니오(build_input_v5.py 미참조 → X/y/group_key 무영향)
독성코드,검증근거,EyeIrritation6pack_PID990,"[구조화DB신규조회 재시도·미해결: PubChem 성분 참고값(제품 SDS 아님)] 3종 유효성분 배합 살균제로 순물질이 아님; 각 성분의 PubChem 참고값만 확인, 제품 SDS 아님 | 원문: Cymoxanil(CID 5364079): Warning / H302: Harmful if swallowed; H317: May cause an allergic skin reaction; H361fd; H373; H400/H410. Thiophanate-methyl(CID 3032791): Warning / H317; H332: Harmful if inhaled; H341: Suspected",추출정보 공란 + 출처 접근 실패(링크불가·403/404·로그인·못찾음),변경,없음,확인 불가,파이프라인소비=아니오(build_input_v5.py 미참조 → X/y/group_key 무영향)
독성코드,검증근거,EyeIrritation6pack_PID991,[구조화DB신규조회 재시도·미해결: PubChem 성분 참고값(제품 SDS 아님)] 제품은 과립형(5G) 제형으로 담체 등 불활성성분이 포함되어 순물질이 아님; 유효성분 Thiophanate-methyl의 PubChem 참고값만 확인 | 원문: Thiophanate-methyl(CID 3032791): Warning / H317: May cause an allergic skin reaction; H332: Harmful if inhaled; H341: Suspected of causing genetic defects; H351: Suspected of causing cancer; H400/H410: Very toxic to aqua,추출정보 공란 + 출처 접근 실패(링크불가·403/404·로그인·못찾음),변경,없음,확인 불가,파이프라인소비=아니오(build_input_v5.py 미참조 → X/y/group_key 무영향)
독성코드,검증근거,EyeIrritation6pack_PID992,[구조화DB신규조회 재시도·미해결: PubChem 성분 참고값(제품 SDS 아님)] 제품은 수분산성 과립(WDG) 제형으로 순물질이 아님; 유효성분 Thiophanate-methyl의 PubChem 참고값만 확인 | 원문: Thiophanate-methyl(CID 3032791): Warning / H317: May cause an allergic skin reaction; H332: Harmful if inhaled; H341: Suspected of causing genetic defects; H351: Suspected of causing cancer; H400/H410: Very toxic to aqua,추출정보 공란 + 출처 접근 실패(링크불가·403/404·로그인·못찾음),변경,없음,확인 불가,파이프라인소비=아니오(build_input_v5.py 미참조 → X/y/group_key 무영향)
독성코드,검증근거,EyeIrritation6pack_PID993,"[구조화DB신규조회 재시도·미해결: PubChem 성분 참고값(제품 SDS 아님)] 2종 유효성분 배합 제초제(가정용 농축형)로 순물질이 아님; 각 성분의 PubChem 참고값만 확인, 제품 SDS 아님 | 원문: Diquat dibromide(CID 6794): Danger / H302: Harmful if swallowed; H315: Causes skin irritation; H317: May cause an allergic skin reaction; H319: Causes serious eye irritation; H330: Fatal if inhaled; H335: May cause respi",추출정보 공란 + 출처 접근 실패(링크불가·403/404·로그인·못찾음),변경,없음,확인 불가,파이프라인소비=아니오(build_input_v5.py 미참조 → X/y/group_key 무영향)
독성코드,검증근거,EyeIrritation6pack_PID994,"[구조화DB신규조회 재시도·미해결: PubChem 성분 참고값(제품 SDS 아님)] 즉시사용형(RTU) 제품이며 2종 유효성분 배합으로 순물질이 아님; 성분 참고값만 확인, 제품 SDS 아님 | 원문: Diquat dibromide(CID 6794): Danger / H302: Harmful if swallowed; H315: Causes skin irritation; H317: May cause an allergic skin reaction; H319: Causes serious eye irritation; H330: Fatal if inhaled; H335: May cause respi",추출정보 공란 + 출처 접근 실패(링크불가·403/404·로그인·못찾음),변경,없음,확인 불가,파이프라인소비=아니오(build_input_v5.py 미참조 → X/y/group_key 무영향)
독성코드,검증근거,EyeIrritation6pack_PID997,"[구조화DB신규조회 재시도·미해결: PubChem 성분 참고값(제품 SDS 아님)] 제품명이 실제 상표명이 아닌 자리표시자로 추정되며 Methyl Methacrylate를 포함한 3종 성분 배합제품으로 순물질 아님; Fipronil·Permethrin 순물질 참고값만 확인, 제품 SDS 아님 | 원문: Fipronil(CID 3352): Danger / H301: Toxic if swallowed; H311: Toxic in contact with skin; H331: Toxic if inhaled; H372: Causes damage to organs through prolonged or repeated exposure; H400/H410. Permethrin(CID 40326): War",추출정보 공란 + 성분 불일치(다른 제품 SDS 의심),변경,없음,확인 불가,파이프라인소비=아니오(build_input_v5.py 미참조 → X/y/group_key 무영향)
독성코드,검증근거,EyeIrritation6pack_PID998,[구조화DB신규조회 재시도·미해결: PubChem 성분 참고값(제품 SDS 아님)] 제품은 용매/계면활성제 등을 포함한 제형으로 순물질이 아님(기존 메모: 2011년 구버전 MSDS는 EPA CAUTION 신호어 사용); 유효성분 Bispyribac-sodium의 PubChem 참고값만 확인 | 원문: Bispyribac-sodium(CID 23682789): Warning / H317(44.6%): May cause an allergic skin reaction; H319(56.2%): Causes serious eye irritation; H373(13.2%); H400(36.4%)/H410(36.4%): Very toxic to aquatic life with long lasting ,추출값은 있으나 출처 전무,변경,없음,확인 불가,파이프라인소비=아니오(build_input_v5.py 미참조 → X/y/group_key 무영향)
독성코드,검증근거,MIX1,"[2차재시도(우회) 재시도·미해결: 로컬 PDF(40% 액상제품, 농도불일치) + PubChem 성분명 재조회] 완제품(비료 담지형 0.08%)과 농도가 다른 동일성분 40% SC 제품 SDS만 확보된 상태에서, PubChem 기술물질 재조회로 H361d 등 확인. 저농도 담지형 완제품에는 그대로 적용하기 어려움 - 성분 순물질 참고값만 확보, 제품 SDS 미확보. | 원문: Mesotrione: Warning H361d(46.2%)/H361(19.3%): Suspected of damaging fertility or the unborn child; H373(64.5%); H400(100%); H410(100%). Aggregated GHS information provided per 197 reports by companies from 13 notificatio","[로컬PDF검증 2차조사·미해결] PDF은 실제 제품(0.08% Mesotrione on Fertilizer, 담지형)이 아니라 동일 활성성분의 40% 액상 제품 'Meso 4SC Select'(Albaugh, EPA Reg. 89442-33)의 SDS임. 이 SDS 자체에도 정식 GHS H코드는 없고 서술식 문구(WARNING/Causes mild skin irritation/Toxic to aquatic life)만 있으며, 눈자극/피부자극 항목은 Section 11에 'Information not available'로 기재됨. 제품 자체 SDS를 확보하지 못해 결론 보류. | 원문: PRODUCT NAME: Meso 4SC Select ... WARNING Causes mild skin irritation Toxic to aquatic life",변경,없음,확인 불가,파이프라인소비=아니오(build_input_v5.py 미참조 → X/y/group_key 무영향)
독성코드,검증근거,MIX10,"[2차재시도(우회) 재시도·미해결: PubChem 성분명 검색(Azoxystrobin, Cyproconazole 추가 재조회)] 힌트 URL은 순수 Cu(OH)2 시약 SDS(제품 불일치 기존 확인됨). 나머지 2개 성분(Azoxystrobin, Cyproconazole)을 PubChem에서 추가 재조회했으나 3개 성분 모두 순물질 참고값이며 완제품(A12010C) 자체 SDS는 미확보. | 원문: Azoxystrobin: Danger H331(99.6%),H400(100%),H410(100%); Cyproconazole: Danger H301(51.7%)/H302(48.3%),H360D(36.6%),H373(51.7%),H400(99.7%),H410(99.7%).","[웹조사 2차조사·미해결] (시도 출처: https://www.carlroth.com/medias/SDB-9864-MT-EN.pdf?context=bWFzdGVyfHNlY3VyaXR5RGF0YXNoZWV0c3wzNDk5NTl8YXBwbGljYXRpb24vcGRmfGFEZGpMMmhqWWk4NU1qTXpNRGc0TlRFeU1ETXdMMU5FUWw4NU9EWTBYMDFVWDBWT0xuQmtaZ3w5YTk3MjkyMTI2YTdkMTBkNGUwYTI5ZjAwMTEzM2JiOGM4ZTIzZThmMjVhOTUzOWY4NTMxZTE3Yjk4MTgxNDZl) 확인된 문서는 순수 Cu(OH)2 SDS이며 Azoxystrobin/Cyproconazole 포함 실제 제품(A12010C)과 다른 물질임 - 실제 제품 GHS 값은 미확인 | 원문: GHS 신호어 Warning, H315 피부자극/H319 심한눈자극/H335 호흡기자극 확인됨 — 그러나 이는 단일물질 Copper(II) hydroxide S",변경,없음,확인 불가,파이프라인소비=아니오(build_input_v5.py 미참조 → X/y/group_key 무영향)
독성코드,검증근거,MIX100,"[2차재시도(우회) 재시도·미해결: curl+pdftotext 재시도(성공, 그러나 제품명 불일치 확인)] PDF 재다운로드 및 텍스트 추출은 성공했으나 문서 제품명이 'CHIPCO SIGNATURE FUNGICIDE'(Fosetyl-Al 80%+Crystalline quartz 0.12% 단일계)로 확인되어, 시트의 'Chipco Brand Triton 70 WDG'(+Triticonazole 혼합제)와 제품명이 다름. Triticonazole 정보가 전혀 없어 완제품 검증 불가 - Fosetyl-Al 성분 기준 참고값(Warning/Eye 2B/H320)만 확보. | 원문: CHIPCO® SIGNATURE™ FUNGICIDE ... Eye irritation : Category 2B / Signal word: Warning / Causes eye irritation. ... Fosetyl Aluminium 80.00 / Crystalline quartz (respirable) 0",[웹조사 2차조사·미해결] (시도 출처: https://cdn.commercev3.net/cdn.ourprosolutions.com/downloads/SDS/Chipco-Signature-MSDS.pdf) SDS 내용 확인 불가로 신호어/H코드/구분값 검증 불가 | 원문: 접속 실패: PDF는 정상 다운로드(167.5KB)되었으나 압축/바이너리 스트림으로 인식되어 텍스트 추출 실패(2회 재시도 동일 결과),변경,없음,확인 불가,파이프라인소비=아니오(build_input_v5.py 미참조 → X/y/group_key 무영향)
독성코드,검증근거,MIX1003,[구조화DB신규조회 재시도·미해결: 이름 매칭 실패(PubChem Compound 없음)] PubChem Compound에서 'Bursera delpechiana wood oil' 명칭으로 CID를 찾지 못함(PUGREST.NotFound); 기존 메모의 RefChem 40961은 Substance 레벨 레코드로 Compound pug_view GHS 조회 대상이 아님과 일치 | 원문: ,"추출정보 공란 + 미분류 메모: PubChem 참고화학물질(RefChem 40961, Bursera de",변경,없음,확인 불가,파이프라인소비=아니오(build_input_v5.py 미참조 → X/y/group_key 무영향)
독성코드,검증근거,MIX1005,"[구조화DB신규조회 재시도·미해결: 이름 매칭 실패(PubChem Compound 없음)] 'Pimenta berry oil', 'Pimenta acris berry oil', 'Bay oil' 등으로 PubChem Compound 조회 시도했으나 모두 CID를 찾지 못함(PUGREST.NotFound); 기존 추출정보(Warning/H315,H317,H319,H351,H412)의 출처를 재확인하지 못함 | 원문: ",추출값은 있으나 출처 전무,변경,없음,확인 불가,파이프라인소비=아니오(build_input_v5.py 미참조 → X/y/group_key 무영향)
독성코드,검증근거,MIX1006,"[구조화DB신규조회 재시도·미해결: PubChem 성분 참고값(제품 SDS 아님)] 제품(Olibanum absolute)은 복합 천연물이며 순물질이 아님; ingredient_names의 대표 성분(최우선 기재) alpha-Pinene의 PubChem 참고값만 확인, 제품 자체 SDS 아님. 기존 메모에 따르면 동명이물질(수지형 올리바눔, CAS 8050-07-5)과는 별개이므로 혼동 주의 | 원문: alpha-Pinene(CID 6654): Danger / H226(97.6%): Flammable liquid and vapor; H304(74.1%): May be fatal if swallowed and enters airways; H315(83.2%): Causes skin irritation; H317(66.1%): May cause an allergic skin reaction; ",추출정보 공란 + 미분류 메모: PubChem 참고화학물질(CAS 977184-03-4)로 물질명은 일치,변경,없음,확인 불가,파이프라인소비=아니오(build_input_v5.py 미참조 → X/y/group_key 무영향)
독성코드,검증근거,MIX101,[구조화DB신규조회 재시도·미해결: PubChem 성분 참고값(제품 SDS 아님)] 제품명이 제네릭 명칭(제조사 특정 불가)이며 2종 성분 배합제품으로 순물질 아님; 주성분 Sodium Hypochlorite의 PubChem 참고값만 확인 | 원문: Sodium hypochlorite(CID 23665760): Danger / H314: Causes severe skin burns and eye damage; H318: Causes serious eye damage; H400: Very toxic to aquatic life; H410: Very toxic to aquatic life with long lasting effects.,추출정보 공란 + 출처 접근 실패(링크불가·403/404·로그인·못찾음),변경,없음,확인 불가,파이프라인소비=아니오(build_input_v5.py 미참조 → X/y/group_key 무영향)
독성코드,검증근거,MIX1011,"[구조화DB신규조회 재시도·미해결: 이름 매칭 실패(PubChem Compound 없음)] 'Tangelo oil', 'Oils, tangelo'(CAS 72869-73-9) 명칭 모두 PubChem Compound에서 CID를 찾지 못함(PUGREST.NotFound); 기존 추출정보(Warning/H315)의 출처 재확인 불가 | 원문: ",추출값은 있으나 출처 전무,변경,없음,확인 불가,파이프라인소비=아니오(build_input_v5.py 미참조 → X/y/group_key 무영향)
독성코드,검증근거,MIX1013,"[구조화DB신규조회 재시도·미해결: 이름 매칭 실패(PubChem Compound 없음)] ingredient_names 필드가 학술논문 인용문구로 손상되어 있고, 제품명(Litsea cubeba oil) 및 기존 메모의 CAS 68855-99-2 모두 PubChem Compound에서 CID를 찾지 못함 | 원문: ",추출정보 공란 + 미분류 메모: ingredient_names 필드가 학술논문 인용문구로 손상되어 있어 ,변경,없음,확인 불가,파이프라인소비=아니오(build_input_v5.py 미참조 → X/y/group_key 무영향)
독성코드,검증근거,MIX1015,"[2차재시도(우회): 비유해물질/GHS 미분류 확인 - curl+pdftotext 재시도(성공)] PDF(Sigma-Aldrich Gum mastic, CAS 61789-92-2) 재다운로드 및 텍스트 추출 성공. GHS상 위험물질/혼합물로 분류되지 않음이 명시됨(신호어 없음, H코드 없음). Section 11 피부/눈자극 항목도 'no data available'. | 원문: 2.1 Classification of the substance or mixture: Not a hazardous substance or mixture. 2.2 GHS Label elements, including precautionary statements: Not a hazardous substance or mixture.",[웹조사 2차조사·미해결] (시도 출처: https://www.chemblink.com/MSDSFiles/61789-92-2Sigma-Aldrich.pdf) Mastic absolute/Gum mastic SDS 내용 확인 불가 | 원문: 접속 실패: PDF는 다운로드(48.5KB)되었으나 압축 데이터로 인식되어 텍스트 추출 실패(2회 재시도 동일 결과),변경,없음,확인 불가,파이프라인소비=아니오(build_input_v5.py 미참조 → X/y/group_key 무영향)
독성코드,검증근거,MIX1019,"[2차재시도(우회) 재시도·미해결: curl+pdftotext 재시도(제품명 일치 MSDS 확보, 구버전 무-GHS 형식)] 제품명(MENTHA CITRATA OIL)과 정확히 일치하는 MSDS(Nishant Aromas)를 확보했으나 구버전(비-GHS) 형식으로 정식 신호어/H코드가 없음(서술식 문구만 존재). GHS 분류 확정 불가. | 원문: Hazard Symbol : Not available ... May cause eye and skin irritation. May cause respiratory and digestive tract irritation... The toxicological properties of this substance have not been fully investigated.","[로컬PDF검증 2차조사·미해결] pdf_path로 지정된 파일은 html이며 내용이 PubChem SID 페이지의 빈 템플릿뿐으로 실질 텍스트가 전혀 없음(제품/GHS 정보 없음). urls에 있는 대체 MSDS(nishantaromas.com)는 로컬 파일로 제공되지 않아 열람 불가. 근거 부족으로 결론 보류. | 원문: <pre>








SID 135283592 - PubChem



(이하 전부 공백)",변경,없음,확인 불가,파이프라인소비=아니오(build_input_v5.py 미참조 → X/y/group_key 무영향)
독성코드,검증근거,MIX1023,[2차재시도(우회) 재시도·미해결: PubChem 명칭검색 시도(아세틸화 화합물 CID 미발견)] PubChem에서 'Amyris oil acetylated' 및 관련 명칭으로 검색했으나 등록된 화합물을 찾지 못함(천연 정유 혼합물은 PubChem 단일화합물 DB에 미등재). 기존 로컬 SDS(비아세틸화 원료)는 여전히 다른 물질로 확인되어 재검토필요 상태 유지. | 원문: No CID found that matches the given name (검색어: Amyris balsamifera bark oil / N-Octyl bicycloheptene dicarboximide 등 변형명 시도 결과),"[로컬PDF검증 2차조사·미해결] PDF(AMYRIS OIL, Aroma Trading Ltd)는 비아세틸화 Amyris balsamifera bark oil(CAS 90320-49-3/8015-65-4) SDS로, 제품명 'Amyris oil acetylated'(아세틸화 제품)와 화학적으로 다른 물질임. 아세틸화로 인해 유리 알코올기가 에스터화되어 피부감작성 등 독성 프로파일이 달라질 수 있어 이 SDS를 그대로 아세틸화 제품에 적용할 수 없음. 기존 시트값은 이 비아세틸화 물질 SDS와 정확히 일치하지만(참고용으로만 기재), 실제 제품 SDS는 확보되지 않음. | 원문: Symbols: Signal word: DANGER / Skin Sensitisation SS 1 H317 May cause an allergic skin reaction / Environmental Acute EHA 3 H402 / Environmental Chronic EHC 3 H412",변경,없음,확인 불가,파이프라인소비=아니오(build_input_v5.py 미참조 → X/y/group_key 무영향)
독성코드,검증근거,MIX1027,"[구조화DB신규조회 재시도·미해결: 이름 매칭 실패(PubChem Compound 없음)] 제품명, CAS 977035-88-3, 동의어(Rosin methyl ester, hydrogenated 등) 모두 PubChem Compound에서 CID를 찾지 못함(PUGREST.NotFound) | 원문: ",추출정보 공란 + 출처 접근 실패(링크불가·403/404·로그인·못찾음),변경,없음,확인 불가,파이프라인소비=아니오(build_input_v5.py 미참조 → X/y/group_key 무영향)
독성코드,검증근거,MIX1028,"[2차재시도(우회): curl+pdftotext 재시도(성공)] 제품명(Cinnamon Leaf Oil, Natural, CAS 8015-96-1)이 시트 제품(Cinnamon leaf oil, Ceylon)과 정확히 일치. 기존 시트값(Warning/H227,H315,H317,H319,H335/Eye2A/Skin2/Sens1)과 완전히 일치 확인됨. | 원문: GHS Classification in accordance with 29 CFR 1910 (OSHA HCS): Flammable liquids (Category 4), H227; Skin irritation (Category 2), H315; Skin sensitisation (Category 1), H317; Eye irritation (Category 2A), H319; STOT SE (","[웹조사 2차조사·미해결] (시도 출처: https://www.aurochemicals.com/wp-content/uploads/2019/05/CINNAMON-LEAF-OIL-Natural-SDS.pdf) Bark oil 링크는 성분불일치로 제외했고, Leaf oil 대체 링크도 파싱 실패해 기존 추출정보(Warning/H227,H315,H317,H319,H335)를 검증하지 못함 | 원문: 접속 실패: Cinnamon Leaf Oil SDS PDF(355KB) 다운로드는 되었으나 바이너리 스트림으로 인식되어 텍스트 추출 실패",변경,없음,확인 불가,파이프라인소비=아니오(build_input_v5.py 미참조 → X/y/group_key 무영향)
독성코드,검증근거,MIX1029,"[2차재시도(우회): curl+pdftotext 재시도(성공)] 성분(Citronellyl Acetate, CAS 150-84-5) 단일물질 SDS 기준 확인. 기존 시트값(Warning/H315)과 일치. ingredient_names 필드가 정확히 이 성분명이므로 성분=제품으로 간주 가능. | 원문: Classification of the substance or mixture: Skin irritation 2 H315 Causes skin irritation. GHS label elements: GHS07, Signal word Warning, H315 Causes skin irritation.",[웹조사 2차조사·미해결] (시도 출처: https://prod.adv-bio.com/sds-us/1109sdsUS.pdf) 메모에 언급된 Section2/Section11 상호불일치 여부도 확인 불가 | 원문: 접속 실패: Citronellyl Acetate SDS PDF(291.6KB) 다운로드는 되었으나 압축 데이터로 인식되어 텍스트 추출 실패,변경,없음,확인 불가,파이프라인소비=아니오(build_input_v5.py 미참조 → X/y/group_key 무영향)
독성코드,검증근거,MIX1031,"[2차재시도(우회) 재시도·미해결: 재시도 불필요(구형 문서, GHS 섹션 자체 없음 확인됨 - 판단 유지)] ChemicalBook 물성정보 페이지는 정식 SDS가 아니며 GHS 신호어/H코드 자체가 없음(구 EU R/S 문구만 존재: R10 인화성, R38 피부자극). 재시도 불필요 사유에 해당, 기존 판단 유지. | 원문: 페이지에 GHS 신호어/H-statement 없음; 위험분류 'Flam. Liq. 3'와 구식 위험코드 '10-38', 'A skin irritant' 언급만 존재","[웹조사 2차조사·미해결] (시도 출처: https://www.chemicalbook.com/ProductChemicalPropertiesCB9727874_EN.htm) 정식 SDS가 아닌 물성정보 페이지로 GHS 분류 정보 자체가 없어 재검토 필요 (기존 메모와 일치) | 원문: 페이지에 GHS 신호어/H-statement 없음; 위험분류 'Flam. Liq. 3'와 구식 위험코드 '10-38', 'A skin irritant' 언급만 존재",변경,없음,확인 불가,파이프라인소비=아니오(build_input_v5.py 미참조 → X/y/group_key 무영향)
독성코드,검증근거,MIX1032,"[구조화DB신규조회 재시도·미해결: PubChem 성분 참고값(제품 SDS 아님)] 제품(Eucalyptus citriodora oil)은 복합 천연오일로 순물질이 아님; 대표 성분 Citronellal의 PubChem GHS 참고값 확인(기존 메모의 추출정보와 부합), 제품 자체 SDS 아님 | 원문: Citronellal(CID 7794): Warning / H315(>99.9%): Causes skin irritation; H317(97.5%): May cause an allergic skin reaction; H319(99.4%): Causes serious eye irritation; H411(77.9%): Toxic to aquatic life with long lasting ef",추출값은 있으나 출처 전무,변경,없음,확인 불가,파이프라인소비=아니오(build_input_v5.py 미참조 → X/y/group_key 무영향)
독성코드,검증근거,MIX1035,"[2차재시도(우회) 재시도·미해결: curl+pdftotext 재시도(성공, 산지 불일치 확인)] PDF 재다운로드 및 텍스트 추출 성공, SDS 원문에 명시적으로 'grown in Egypt'로 기재되어 시트의 'Geranium oil Moroccan'과 산지가 다름이 확인됨. 이집트산 동일 종 참고값(Danger/H315,H317,H318,H412)만 확보, 모로코산 전용 자료는 여전히 미확보. | 원문: BIOLOGICAL DEFINITION: The volatile oil obtained by the steam distillation of the flowering herb Pelargonium graveolens grown in Egypt. SIGNAL WORD: DANGER; H315,H317,H318,H412",[웹조사 2차조사·미해결] (시도 출처: https://www.amphora-aromatics.com/images/product/19%20Geranium%20SDS%20-%20Version%204.pdf) 이집트산 SDS로 산지 불일치 우려도 있었으나 파싱 자체가 실패해 검증 불가 | 원문: 접속 실패: Geranium oil SDS PDF(271.8KB) 다운로드는 되었으나 바이너리 스트림으로 인식되어 텍스트 추출 실패,변경,없음,확인 불가,파이프라인소비=아니오(build_input_v5.py 미참조 → X/y/group_key 무영향)
독성코드,검증근거,MIX104,"[구조화DB신규조회 재시도·미해결: PubChem 성분 참고값(제품 SDS 아님)] 제품은 과립형(2.7G) 제형으로 proprietary 불활성성분을 포함, 순물질 아님; 유효성분 Imazamox의 PubChem 참고값 확인(기존 메모의 Sigma-Aldrich H410 정보와 부합) | 원문: Imazamox(CID 86137): Warning / H361d: Suspected of damaging the unborn child; H400: Very toxic to aquatic life; H410: Very toxic to aquatic life with long lasting effects.",추출값은 있으나 출처 전무,변경,없음,확인 불가,파이프라인소비=아니오(build_input_v5.py 미참조 → X/y/group_key 무영향)
독성코드,검증근거,MIX1048,"[구조화DB신규조회 재시도·미해결: 이름 매칭 실패/성분 불일치] 기존 메모에서 확인된 대로 Yarmor Pine Oil의 실제 성분은 Pine Oil 99.4%(PMRA 라벨)이며, ingredient_names에 기재된 Diethylene Glycol Monobutyl Ether(CID 8177)/Triethanolamine(CID 7618)은 PubChem에는 존재하나 실제 제품과 무관한 성분으로 확인됨; 'Pine oil' 자체는 PubChem Compound 명칭 검색 실패로 대체 확인도 불가 | 원문: ",추출정보 공란 + 성분 불일치(다른 제품 SDS 의심),변경,없음,확인 불가,파이프라인소비=아니오(build_input_v5.py 미참조 → X/y/group_key 무영향)
독성코드,검증근거,MIX1049,[구조화DB신규조회 재시도·미해결: 이름 매칭 실패(PubChem Compound 없음)] PubChem Compound에서 'Pinus nigra oil' CID를 찾지 못함(PUGREST.NotFound); 기존 메모의 'Pinus nigra whole' RefChem:45347은 Substance 레코드로 Hazards 섹션이 없다는 것과 일치 | 원문: ,추출정보 공란 + 미분류 메모: Pinus nigra oil(흑송오일) 관련 SDS/독성자료를 찾지 못함,변경,없음,확인 불가,파이프라인소비=아니오(build_input_v5.py 미참조 → X/y/group_key 무영향)
독성코드,검증근거,MIX1050,"[구조화DB신규조회 재시도·미해결: PubChem 성분 참고값(제품 SDS 아님)] 제품(Orange flower absolute)은 11종 이상 성분이 혼합된 복합 천연물로 순물질이 아님; 대표 성분(최우선 기재) Linalool의 PubChem GHS 참고값만 확인, 제품 자체 SDS 아님. 기존 메모의 ChemIDplus 정성적 표시(Skin/Eye Irritant)와 방향 일치 | 원문: Linalool(CID 6549): Warning / H315(97.2%): Causes skin irritation; H317(61.7%): May cause an allergic skin reaction; H319(79.9%): Causes serious eye irritation.",추출정보 공란 + 미분류 메모: PubChem/ChemIDplus(RTECS RL5510000)에 'Na,변경,없음,확인 불가,파이프라인소비=아니오(build_input_v5.py 미참조 → X/y/group_key 무영향)
독성코드,검증근거,MIX1051,"[구조화DB신규조회 재시도·미해결: PubChem CID 확인되나 GHS 데이터 없음 / 성분 불일치] 제품명 화합물(Heptylidene methyl anthranilate, CID 101668100)은 PubChem에 등재되어 있으나 pug_view heading=GHS+Classification 조회 시 404로 섹션이 없음(데이터 없음); ingredient_names에 기재된 Methyl Anthranilate(CID 8635, CAS 134-20-3, GHS: Warning/H319)는 서로 다른 물질이라 참고값으로도 대체 사용 불가 | 원문: ",추출정보 공란 + 출처 접근 실패(링크불가·403/404·로그인·못찾음),변경,없음,확인 불가,파이프라인소비=아니오(build_input_v5.py 미참조 → X/y/group_key 무영향)
독성코드,검증근거,MIX1052,"[구조화DB신규조회 재시도·미해결: PubChem 성분 참고값(제품 SDS 아님)] 제품(Abies alba oil from cones)은 8종 모노테르펜이 혼합된 복합 천연오일로 순물질이 아님; 대표 성분(최우선 기재) Limonene의 PubChem GHS 참고값만 확인, 제품 자체 SDS 아님(기존 메모: legacy ChemIDplus 레코드에 Hazards 섹션 없음) | 원문: Limonene(CID 22311): Warning / H226: Flammable liquid and vapor; H315: Causes skin irritation; H317: May cause an allergic skin reaction; H400: Very toxic to aquatic life; H410: Very toxic to aquatic life with long lasti",추출정보 공란 + 출처 접근 실패(링크불가·403/404·로그인·못찾음),변경,없음,확인 불가,파이프라인소비=아니오(build_input_v5.py 미참조 → X/y/group_key 무영향)
독성코드,검증근거,MIX1054,"[구조화DB신규조회 재시도·미해결: PubChem 성분 참고값(제품 SDS 아님)] 제품(Abies alba oil from needles, 기존 메모의 CAS 8021-27-0 'Abies alba leaf oil')도 복합 천연오일로 순물질이 아님; 대표 성분 Limonene의 PubChem 참고값만 확인, 제품 자체 SDS 아님 | 원문: Limonene(CID 22311): Warning / H226: Flammable liquid and vapor; H315: Causes skin irritation; H317: May cause an allergic skin reaction; H400: Very toxic to aquatic life; H410: Very toxic to aquatic life with long lasti",추출정보 공란 + 출처 접근 실패(링크불가·403/404·로그인·못찾음),변경,없음,확인 불가,파이프라인소비=아니오(build_input_v5.py 미참조 → X/y/group_key 무영향)
독성코드,검증근거,MIX1056,"[구조화DB신규조회: 비유해물질/GHS 미분류 확인 - PubChem GHS Classification 확인(순물질) - Not Classified] 제품명=ingredient_names가 동일한 순물질(Santalyl acetate, CID 24832103); PubChem/ECHA 집계 데이터상 234/235건이 GHS 위험성 미충족(Not Classified)으로 확인되어 무해물질 참고 정보로 기록함 | 원문: Not Classified
Reported as not meeting GHS hazard criteria by 234 of 235 companies (only 0.4% companies provided GHS information).",추출정보 공란 + 출처 접근 실패(링크불가·403/404·로그인·못찾음),변경,없음,확인 불가,파이프라인소비=아니오(build_input_v5.py 미참조 → X/y/group_key 무영향)
독성코드,검증근거,MIX1057,[구조화DB신규조회 재시도·미해결: 이름 매칭 실패(PubChem Compound 없음)] 'Ocotea cymbarum oil'(CAS 68917-09-9) 명칭/CAS 모두 PubChem Compound에서 CID를 찾지 못함(PUGREST.NotFound); 기존 메모의 ChemIDplus RefChem:20940은 Substance 레코드로 정량적 GHS 데이터가 없다는 것과 일치 | 원문: ,"추출정보 공란 + 미분류 메모: PubChem/ChemIDplus(CAS 68917-09-9, RefCh",변경,없음,확인 불가,파이프라인소비=아니오(build_input_v5.py 미참조 → X/y/group_key 무영향)
독성코드,검증근거,MIX1058,"[구조화DB신규조회: PubChem GHS Classification 확인(순물질, CID 7888)] 제품명((-)-hydroxycitronellal)은 ingredient_names(Hydroxycitronellal)의 광학이성질체 표기로 실질적으로 동일 물질이라 예외 적용; PubChem 집계 GHS(Warning, H317/H319)로 확인 완료, 기존 추출정보와 일치 | 원문: Warning
H317 (> 99.9%): May cause an allergic skin reaction [Warning Sensitization, Skin]
H319 (> 99.9%): Causes serious eye irritation [Warning Serious eye damage/eye irritation]",추출값은 있으나 출처 전무,변경,없음,확인 불가,파이프라인소비=아니오(build_input_v5.py 미참조 → X/y/group_key 무영향)
독성코드,검증근거,MIX1059,"[구조화DB신규조회 재시도·미해결: 이름 매칭 실패(PubChem Compound 없음)] 'Ale oil', 'Ale oil, distilled' 등 PubChem Compound 명칭 검색 모두 실패(PUGREST.NotFound); 기존 메모와 일치하며 실체 특정 불가 | 원문: ",추출정보 공란 + 출처 접근 실패(링크불가·403/404·로그인·못찾음),변경,없음,확인 불가,파이프라인소비=아니오(build_input_v5.py 미참조 → X/y/group_key 무영향)
독성코드,검증근거,MIX106,"[구조화DB신규조회 재시도·미해결: PubChem 성분 참고값(제품 SDS 아님)] 제품은 3종 살균제 유효성분+글리세롤이 배합된 종자처리제로 순물질이 아님; 각 성분의 PubChem 참고값만 확인, 제품 SDS 아님 | 원문: Metalaxyl(CID 42586): Warning / H302: Harmful if swallowed; H317: May cause an allergic skin reaction; H412: Harmful to aquatic life with long lasting effects. Pyraclostrobin(CID 6422843): Danger / H302: Harmful if swall",추출정보 공란 + 출처 접근 실패(링크불가·403/404·로그인·못찾음),변경,없음,확인 불가,파이프라인소비=아니오(build_input_v5.py 미참조 → X/y/group_key 무영향)
독성코드,검증근거,MIX1065,"[구조화DB신규조회 재시도·미해결: PubChem 성분 참고값(제품 SDS 아님)] 제품(Krameria extract)은 보존제·용매 등이 포함된 화장품 원료 배합물로 순물질이 아님(기존 메모: Chemyunion Melscreen 계열 제품 추정); 성분 중 Benzyl Alcohol의 PubChem 참고값만 확인, 제품 SDS 아님 | 원문: Benzyl alcohol(CID 244): Warning / H302: Harmful if swallowed; H317: May cause an allergic skin reaction; H319: Causes serious eye irritation.",추출정보 공란 + 출처 접근 실패(링크불가·403/404·로그인·못찾음),변경,없음,확인 불가,파이프라인소비=아니오(build_input_v5.py 미참조 → X/y/group_key 무영향)
독성코드,검증근거,MIX1067,"[2차재시도(우회) 재시도·미해결: PubChem 명칭검색 시도(제품명 자체 CID 미발견)] PubChem에서 제품명(N-(1,1-dimethylolethyl)mercaptoacetamide) 및 유사 표기로 검색했으나 등록된 화합물을 찾지 못함. 기존 로컬 SDS(N,N-Dimethylacetamide, 구버전, GHS 미표기)는 ingredient_names와는 일치하나 product_name과는 무관한 것으로 재확인 - 데이터 매핑 오류 가능성 여전히 존재. | 원문: No CID found that matches the given name (검색어: N-(1,1-Dimethylol-ethyl)-mercaptoacetamide / 2-(mercaptoacetylamino)-2-methyl-1,3-propanediol)","[로컬PDF검증 2차조사·미해결] PDF는 N,N-Dimethylacetamide(CAS 127-19-5, Acros/Fisher) SDS로, ingredient_names(Dimethylacetamide)와는 일치하지만 product_name('N-(1,1-dimethylolethyl)mercaptoacetamide', 방부제 계열 물질)과는 화학적으로 무관함 - 제품 매핑 자체가 잘못됐을 가능성. 또한 이 SDS는 구버전(2002) 형식으로 GHS 신호어/H코드가 전혀 없고 EU 위험문구(R20/21, R61)만 있어 GHS 분류로 환산 불가. | 원문: Hazard Symbols: T / Risk Phrases: 20/21 61 ... EMERGENCY OVERVIEW ... Warning! May cause eye, skin, and respiratory tract irritation. Harmful if inhaled. May cause harm to the unborn c",변경,없음,확인 불가,파이프라인소비=아니오(build_input_v5.py 미참조 → X/y/group_key 무영향)
독성코드,검증근거,MIX1068,"[구조화DB신규조회 재시도·미해결: 이름 매칭 실패(제품명)+PubChem 성분 참고값] 제품명(N-trimethylolmethylmercaptoacetamide) 자체는 PubChem Compound 명칭 검색 실패(CAS 미부여, 기존 메모의 ChemicalBook 정보와 일치); ingredient_names 중 합성원료로 추정되는 2-Mercaptoacetamide만 참고값으로 확인, 최종물질과 직접 대응 확인 불가 | 원문: 2-Mercaptoacetamide(CID 12961): Warning / H315(92.9%): Causes skin irritation; H319(92.9%): Causes serious eye irritation; H335(92.9%): May cause respiratory irritation.",추출정보 공란 + 출처 접근 실패(링크불가·403/404·로그인·못찾음),변경,없음,확인 불가,파이프라인소비=아니오(build_input_v5.py 미참조 → X/y/group_key 무영향)
독성코드,검증근거,MIX108,"[구조화DB신규조회 재시도·미해결: PubChem 성분 참고값(제품 SDS 아님)] 제품은 3종 유효성분+무기 담체(Kaolin, 실리카 등) 배합 제초제로 순물질이 아님; 각 성분의 PubChem 참고값만 확인, 제품 SDS 아님 | 원문: Metribuzin(CID 30479): Warning / H302: Harmful if swallowed; H373: May cause damage to organs through prolonged or repeated exposure; H400/H410: Very toxic to aquatic life with long lasting effects. Chlorimuron-ethyl(CID",추출정보 공란 + 출처 접근 실패(링크불가·403/404·로그인·못찾음),변경,없음,확인 불가,파이프라인소비=아니오(build_input_v5.py 미참조 → X/y/group_key 무영향)
독성코드,검증근거,MIX109,"[구조화DB신규조회 재시도·미해결: PubChem 성분 참고값(제품 SDS 아님)] product_name(Chateau Herbicide)은 상품명이고 실제 유효성분은 flumioxazin으로 서로 다름 - 제품 SDS 아닌 순물질(flumioxazin) 참고값만 확보. | 원문: Warning / H361d: Suspected of damaging the unborn child [Warning Reproductive toxicity]; H400: Very toxic to aquatic life; H410: Very toxic to aquatic life with long lasting effects (PubChem CID 92425, flumioxazin, GHS C",추출정보 공란 + 출처 접근 실패(링크불가·403/404·로그인·못찾음),변경,없음,확인 불가,파이프라인소비=아니오(build_input_v5.py 미참조 → X/y/group_key 무영향)
독성코드,검증근거,MIX11,[구조화DB신규조회 재시도·미해결: PubChem 성분 참고값(제품 SDS 아님)] 제품(Acticide SR 8213 C)은 BIT+징크피리치온+MIT 3성분 혼합 살균제로 순물질 아님; BIT 단일성분 PubChem 참고값만 확보. | 원문: Danger / H302: Harmful if swallowed; H315: Causes skin irritation; H317: May cause an allergic skin reaction; H318: Causes serious eye damage; H330: Fatal if inhaled; H400/H410: Very toxic to aquatic life (PubChem CID 17,추출정보 공란 + 성분 불일치(다른 제품 SDS 의심),변경,없음,확인 불가,파이프라인소비=아니오(build_input_v5.py 미참조 → X/y/group_key 무영향)
독성코드,검증근거,MIX110,"[구조화DB신규조회 재시도·미해결: PubChem 성분 참고값(제품 SDS 아님)] 제품(Clodinafop 240 EC)은 유효성분+NMP+안전제 복합 제형(240g/L EC)으로 순물질 아님; clodinafop-propargyl 단일성분 참고값. | 원문: Warning / H302: Harmful if swallowed; H317: May cause an allergic skin reaction; H373: May cause damage to organs through prolonged or repeated exposure; H400/H410: Very toxic to aquatic life (PubChem CID 92431, clodinaf",추출정보 공란 + 미분류 메모: 제품별 SDS 미발견 (활성성분+NMP+안전제 복합 제형),변경,없음,확인 불가,파이프라인소비=아니오(build_input_v5.py 미참조 → X/y/group_key 무영향)
독성코드,검증근거,MIX115,"[구조화DB신규조회 재시도·미해결: PubChem 성분 참고값(제품 SDS 아님)] 제품(Clutch 50WDG)은 clothianidin+카올린 점토 제형으로 순물질 아님; PubChem 값이 기존 추출정보(ECHA 집계)와 일치함을 재확인. | 원문: Danger / H302: Harmful if swallowed; H361f: Suspected of damaging fertility; H370: Causes damage to organs; H400/H410: Very toxic to aquatic life (PubChem CID 86287519, clothianidin)",추출값은 있으나 출처 전무 ; 메모에 출처 접근 실패 흔적이 남아 있음 — 값의 근거 재확인 필요,변경,없음,확인 불가,파이프라인소비=아니오(build_input_v5.py 미참조 → X/y/group_key 무영향)
독성코드,검증근거,MIX12,"[구조화DB신규조회 재시도·미해결: PubChem 성분 참고값(제품 SDS 아님)] 제품(Abacus LoV)은 decanamide/방향족 나프타 용제+abamectin 혼합 제형으로 순물질 아님. 기존 추출정보(H300,H332,H410)와 달리 PubChem 1차 분류는 H330(H332 대신),H361d,H372 등을 포함해 상이함이 확인됨. | 원문: Danger / H300: Fatal if swallowed; H330: Fatal if inhaled; H361d: Suspected of damaging the unborn child; H372: Causes damage to organs through prolonged or repeated exposure; H400/H410: Very toxic to aquatic life (PubCh",추출값은 있으나 출처 전무,변경,없음,확인 불가,파이프라인소비=아니오(build_input_v5.py 미참조 → X/y/group_key 무영향)
독성코드,검증근거,MIX120,"[2차재시도(우회) 재시도·미해결: curl+pdftotext 재시도(Coumaphos 성분 SDS 성공) + PubChem 성분명 검색(Naphthalene 추가)] 제품(3% Spray Foam) 전용 SDS는 여전히 미확보. Coumaphos technical SDS 재다운로드로 원문 확인 성공(Danger/H300,H311,H320,H330,H370,H372), Naphthalene은 PubChem 추가 조회(H228,H302,H351,H400,H410). 석유계 촉매개질물 정보는 여전히 미포함 - 성분 참고값 조합이며 완제품 확정 아님. | 원문: Product Name: Coumaphos Standard ... Section 2: HAZARDS IDENTIFICATION ... Signal word: Danger ... H320 - Causes eye irritation; H300 - Fatal if swallowed; H311 - Toxic in contact with ",[웹조사 2차조사·미해결] (시도 출처: https://labchem-wako.fujifilm.com/sds/W01W0103-1646JGHEEN.pdf) 제품(3% Spray Foam)과 원료(Coumaphos technical) 성분 불일치도 기존 메모에 지적된 상태에서 PDF 파싱도 실패해 재검토 필요 | 원문: 접속 실패: Coumaphos SDS PDF(102KB) 다운로드는 되었으나 FlateDecode 압축 스트림으로 인식되어 텍스트 추출 실패,변경,없음,확인 불가,파이프라인소비=아니오(build_input_v5.py 미참조 → X/y/group_key 무영향)
독성코드,검증근거,MIX122,[구조화DB신규조회 재시도·미해결: PubChem 성분 참고값(제품 SDS 아님)] 제품(Cryocide 20)은 sodium chlorite+DDAC+chlorine dioxide 등 다성분 살균제로 순물질 아님; sodium chlorite 단일성분 참고값은 힌트(cat_skin_ghs=2A)보다 훨씬 고위험한 분류를 보임. | 원문: Danger / H271: May cause fire or explosion; strong Oxidizer; H272; H301: Toxic if swallowed; H310: Fatal in contact with skin; H314: Causes severe skin burns and eye damage; H318; H373; H400/H410; H412 (PubChem CID 23668,추출정보 공란 + 출처 접근 실패(링크불가·403/404·로그인·못찾음),변경,없음,확인 불가,파이프라인소비=아니오(build_input_v5.py 미참조 → X/y/group_key 무영향)
독성코드,검증근거,MIX124,"[구조화DB신규조회 재시도·미해결: PubChem 성분 참고값(제품 SDS 아님)] 제품(CSI Imidacloprid+Fipronil SC)은 2개 활성성분 혼합제로 순물질 아님; imidacloprid 성분값만 참고 확보. | 원문: Danger / H301: Toxic if swallowed; H400/H410: Very toxic to aquatic life (PubChem CID 86287518, imidacloprid); 참고로 Fipronil(CID 3352)은 Danger/H301,H311,H331,H372,H400,H410",추출정보 공란 + 출처 접근 실패(링크불가·403/404·로그인·못찾음),변경,없음,확인 불가,파이프라인소비=아니오(build_input_v5.py 미참조 → X/y/group_key 무영향)
독성코드,검증근거,MIX125,"[구조화DB신규조회 재시도·미해결: PubChem 성분 참고값(제품 SDS 아님)] 제품(Coronet)은 boscalid+pyraclostrobin+glycerol+BIT 혼합 제형으로 순물질 아님; PubChem 값이 기존 추출정보(개별 원료 ECHA 집계, H302,H315,H331,H335,H361d,H373,H400,H410)와 정확히 일치함을 확인. | 원문: Danger / H302: Harmful if swallowed; H315: Causes skin irritation; H331: Toxic if inhaled; H335: May cause respiratory irritation; H361d: Suspected of damaging the unborn child; H373; H400/H410 (PubChem CID 6422843, pyra",추출값은 있으나 출처 전무,변경,없음,확인 불가,파이프라인소비=아니오(build_input_v5.py 미참조 → X/y/group_key 무영향)
독성코드,검증근거,MIX126,"[구조화DB신규조회 재시도·미해결: 이름 매칭 실패] 제품명상 lambda-cyhalothrin 25% CS로 추정되나 ingredient_names에서 화학명을 추출할 수 없어 PubChem 이름검색 자체를 수행하지 못함; 구조화 DB 조회 실패로 재검토필요 유지. | 원문: ingredient_names 필드 값이 '3.1 Substance/Mixture | 3.2 Hazardous components'뿐으로, 실제 화학물질명이 담겨 있지 않음",추출정보 공란 + 출처 접근 실패(링크불가·403/404·로그인·못찾음),변경,없음,확인 불가,파이프라인소비=아니오(build_input_v5.py 미참조 → X/y/group_key 무영향)
독성코드,검증근거,MIX128,"[구조화DB신규조회 재시도·미해결: PubChem 성분 참고값(제품 SDS 아님)] 제품(Curzate 60DF)은 cymoxanil+fumaric acid 제형으로 순물질 아님; PubChem 값이 기존 추출정보(H302,H317,H361)와 대체로 일치. | 원문: Warning / H302: Harmful if swallowed; H317: May cause an allergic skin reaction; H361fd: Suspected of damaging fertility; Suspected of damaging the unborn child; H373; H400/H410 (PubChem CID 5364079, cymoxanil)",추출값은 있으나 출처 전무,변경,없음,확인 불가,파이프라인소비=아니오(build_input_v5.py 미참조 → X/y/group_key 무영향)
독성코드,검증근거,MIX138,"[구조화DB신규조회 재시도·미해결: PubChem 성분 참고값(제품 SDS 아님)] 제품(Cruiser XL)은 glyphosate+fludioxonil+thiamethoxam+metalaxyl-M 4성분 혼합 종자처리제로 순물질 아님; glyphosate 성분만 참고 확보. | 원문: Danger / H318: Causes serious eye damage; H411: Toxic to aquatic life with long lasting effects (PubChem CID 3496, glyphosate)",추출정보 공란 + 출처 접근 실패(링크불가·403/404·로그인·못찾음),변경,없음,확인 불가,파이프라인소비=아니오(build_input_v5.py 미참조 → X/y/group_key 무영향)
독성코드,검증근거,MIX14,"[2차재시도(우회) 재시도·미해결: curl+pdftotext 재시도(EPA 라벨 텍스트 추출 성공, GHS 정보 자체 없음)] 이전에는 스캔이미지로 텍스트 추출 불가 판단이었으나 재다운로드 시 텍스트 추출 성공함. 다만 이는 EPA 승인 라벨이며 GHS SDS가 아니므로 정식 H-code가 없고 EPA 신호어(Caution)만 존재. 제품 등록취소 상태로 GHS 분류정보 자체 확보 불가 - 재검토필요 유지. | 원문: KEEP OUT OF REACH OF CHILDREN CAUTION ... HAZARDS TO HUMANS AND DOMESTIC ANIMALS CAUTION Harmful if swallowed. Wash thoroughly with soap and water after handling and before eating, drinking, chewing gum, using tobacco, o","[웹조사 2차조사·미해결] (시도 출처: https://www3.epa.gov/pesticides/chem_search/ppls/000100-01450-20120823.pdf) 신호어/위험문구/GHS 정보 모두 확인 불가 | 원문: 접속 실패: EPA 라벨 PDF(Adage Premier, EPA Reg 100-1450, 1.2MB)는 CCITT Fax 인코딩 이미지로 구성되어 텍스트 추출 불가",변경,없음,확인 불가,파이프라인소비=아니오(build_input_v5.py 미참조 → X/y/group_key 무영향)
독성코드,검증근거,MIX143,"[2차재시도(우회): curl+pdftotext 재시도(성공)] 제품명(CruiserMaxx Peanuts) 및 신호어(Warning)가 기존 시트값과 정확히 일치. STOT RE Cat2(H373), STOT SE(호흡기자극) Cat3(H335) 확인, 감작성 음성(Not a Sensitizer) 확인됨. 2015년판이나 성분/신호어 내용상 유효한 제품 SDS로 판단. | 원문: CRUISERMAXX® Peanuts ... Classifications: Specific Target Organ Toxicity: Repeated Category 2; Specific Target Organ Toxicity: Respiratory Irritation Category 3. Signal Word (OSHA): Warning. ... Skin Sensitization: Not a",[웹조사 2차조사·미해결] (시도 출처: https://assets.syngenta-us.com/pdf/msds/CRUISERMAXX%20Peanuts%2006032015.pdf) 리다이렉트 후에도 PDF 파싱 불가하여 신호어/H코드 확인 불가 | 원문: 원 URL이 301로 assets.syngenta-us.com으로 리다이렉트되었고 해당 PDF(62.9KB)도 압축 스트림으로 인식되어 텍스트 추출 실패,변경,없음,확인 불가,파이프라인소비=아니오(build_input_v5.py 미참조 → X/y/group_key 무영향)
독성코드,검증근거,MIX144,"[2차재시도(우회) 재시도·미해결: PubChem 성분명 검색(Acetic acid 추가 재조회)] 제품은 Acetic acid 1-5% 저농도 배합이므로 순물질(100%) 부식성(H314) 분류가 그대로 적용되지 않을 가능성 높음(기존 메모와 일치). Thiram/Acetic acid 모두 순물질 참고값만 확보, 완제품 자체 SDS는 미확보. | 원문: Acetic acid: Danger H226(99.7%): Flammable liquid and vapor; H314(>99.9%): Causes severe skin burns and eye damage. Aggregated GHS information provided per 5076 reports by companies from 68 notifications to the ECHA C&L ","[웹조사 2차조사·미해결] (시도 출처: https://pubchem.ncbi.nlm.nih.gov/compound/5455) 제공 URL은 Thiram 순물질 자료이며 저농도 희석 완제품(Acetic acid 1-5%+Thiram)의 실제 분류를 대표하지 않음 - 기존 메모의 성분/농도 불일치 우려가 확인됨 | 원문: PubChem CID 5455는 Acetic acid가 아닌 Thiram 페이지로 확인됨; Thiram Signal Word Warning(일부 Danger), H302,H315,H317,H319,H332,H373,H400/H410",변경,없음,확인 불가,파이프라인소비=아니오(build_input_v5.py 미참조 → X/y/group_key 무영향)
독성코드,검증근거,MIX145,"[2차재시도(우회) 재시도·미해결: PubChem 성분명 검색(Chlorothalonil, Cybutryne 재조회)] 기존 로컬 PDF(비정질 실리카 SDS)는 제품명과 무관한 물질로 재확인되어 폐기. PubChem에서 실제 유효성분(Chlorothalonil, Cybutryne)을 재조회했으나 성분 순물질 참고값이며 완제품(Densil CA, 방오제) 자체 SDS는 미확보. | 원문: Chlorothalonil: Danger H317(100%),H318(100%),H330(97.4%),H335(96.6%),H351(97.4%),H400(96.8%),H410(100%); Cybutryne: Warning H317(96.8%),H400(84%),H410(75.9%).","[로컬PDF검증 2차조사·미해결] PDF는 Glassven사의 침강 합성 비정질 실리카(SiO2, CAS 7631-86-9/112926-00-8) SDS로, 제품명 'Densil CA'의 실제 성분(ingredient_names: Chlorothalonil, Cybutryne 등 살균제/방오제 성분)과 완전히 무관한 별개 물질. 매칭 오류로 판단됨. | 원문: MATERIAL SAFETY DATA SHEET Synthetic Amorphous Silica. ... EC Classification This product is not classified as dangerous according to Directive 1999/45/EC.",변경,없음,확인 불가,파이프라인소비=아니오(build_input_v5.py 미참조 → X/y/group_key 무영향)
독성코드,검증근거,MIX146,"[구조화DB신규조회 재시도·미해결: PubChem 성분 참고값(제품 SDS 아님)] product_name은 'Desmedipham'이나 ingredient_names상 실제로는 desmedipham+ethofumesate+lenacil+phenmedipham 4성분 혼합 제초제로 순물질 아님. | 원문: Warning / H361d: Suspected of damaging the unborn child; H400/H410: Very toxic to aquatic life (PubChem CID 24743, desmedipham)",추출정보 공란 + 미분류 메모: 제품별 SDS 미발견 (Desmedipham/Ethofumesate/Le,변경,없음,확인 불가,파이프라인소비=아니오(build_input_v5.py 미참조 → X/y/group_key 무영향)
독성코드,검증근거,MIX166,"[구조화DB신규조회 재시도·미해결: PubChem 성분 참고값(제품 SDS 아님)] 제품(Prevathon)은 chlorantraniliprole+기타/불활성성분 혼합제로 순물질 아님. 기존 2011년 구형 MSDS의 '인체 유해영향 없음' 서술과 달리 PubChem 최신 분류는 눈자극/호흡기자극/수생독성 항목이 존재해 상이함. | 원문: Warning / H319 (39.4%): Causes serious eye irritation; H335 (39.4%): May cause respiratory irritation; H400/H410 (60.6%): Very toxic to aquatic life (PubChem CID 11271640, chlorantraniliprole)",추출값은 있으나 출처 전무,변경,없음,확인 불가,파이프라인소비=아니오(build_input_v5.py 미참조 → X/y/group_key 무영향)
독성코드,검증근거,MIX167,"[2차재시도(우회): 비유해물질/GHS 미분류 확인 - curl+pdftotext 재시도(성공)] 제품 SDS 재다운로드 및 텍스트 추출 성공. GHS상 물리적/건강/환경 유해성 전부 'Not classified', 신호어 없음(None)으로 명시됨 - 기존 시트값(추출정보 'None/Not available')과 일치 확인. | 원문: Physical hazards Not classified. Health hazards Not classified. Environmental hazards Not classified. OSHA defined hazards Not classified. Signal word None.",[웹조사 2차조사·미해결] (시도 출처: https://s3-us-west-1.amazonaws.com/agrian-cg-fs1-production/pdfs/Durham_Metaldehyde_Granules_3.5_MSDS3.pdf) 신호어/H코드 확인 불가 | 원문: 접속 실패: Durham Metaldehyde Granules 3.5 SDS PDF(67.3KB) 다운로드는 되었으나 압축 스트림으로 인식되어 텍스트 추출 실패,변경,없음,확인 불가,파이프라인소비=아니오(build_input_v5.py 미참조 → X/y/group_key 무영향)
독성코드,검증근거,MIX168,"[2차재시도(우회): 비유해물질/GHS 미분류 확인 - curl+pdftotext 재시도(성공)] 제품명(DURIVO) 정확히 일치하는 SDS 재다운로드 및 텍스트 추출 성공. GHS상 유해성/혼합물 분류 기준 미충족으로 무분류(No hazard pictogram/signal word/hazard statement) 확인됨 - 기존 시트값과 일치. | 원문: Product name: DURIVO ... SECTION 2. HAZARDS IDENTIFICATION GHS classification in accordance with the OSHA Hazard Communication Standard: GHS label elements: No hazard pictogram, no signal word, no hazard statement(s), no","[웹조사 2차조사·미해결] (시도 출처: https://assets.syngenta-us.com/pdf/msds/DURIVO.pdf) 신호어/H코드 확인 불가 | 원문: 접속 실패: Durivo SDS PDF(15페이지, 358.2KB)는 다운로드되었으나 압축 스트림으로 인식되어 텍스트 추출 실패",변경,없음,확인 불가,파이프라인소비=아니오(build_input_v5.py 미참조 → X/y/group_key 무영향)
독성코드,검증근거,MIX170,"[2차재시도(우회) 재시도·미해결: PubChem PUG-view API 재조회(성분 참고값 재확인)] 완제품(고체 미끼)은 저농도 형태로 원제 분류가 그대로 적용되지 않을 수 있음(기존 메모와 일치). Dinotefuran/S-Methoprene 재조회 결과도 성분 순물질 참고값이며 완제품 자체 SDS는 미확보 - 재검토필요 유지. | 원문: Dinotefuran: Warning H302(85.3%),H400(64.7%),H410(65.2%). Aggregated GHS information provided per 204 reports by companies from 6 notifications to the ECHA C&L Inventory; S-Methoprene: Warning H400(100%),H410(66.7%).","[웹조사 2차조사·미해결] (시도 출처: https://pubchem.ncbi.nlm.nih.gov/rest/pug_view/data/compound/197701/JSON/?heading=GHS+Classification) 완제품(Ant Bait)은 저농도 고체 미끼 형태로 원제 분류가 그대로 적용되지 않을 수 있음 - 기존 메모의 우려와 일치하여 재검토 필요 | 원문: PubChem Dinotefuran(CID197701): Signal Word Warning; H302(85.3%), H400/H410; 추가보고 H317 - 그러나 이는 원제 순물질 자료로 고체 미끼 완제품 자료가 아님",변경,없음,확인 불가,파이프라인소비=아니오(build_input_v5.py 미참조 → X/y/group_key 무영향)
독성코드,검증근거,MIX171,"[2차재시도(우회): curl+pdftotext 재시도(성공)] 동일 EPA 등록번호/성분(Trichlorfon 9.3%)의 공동브랜드 제품 SDS 재다운로드 및 텍스트 추출 성공. 기존 시트값(Warning/Eye Irrit Cat.2B, H320)과 정확히 일치. | 원문: Trade name: BIOADVANCED SCIENCE-BASED SOLUTIONS 24-HOUR GRUB KILLER PLUS READY-TO-SPREAD GRANULES ... SECTION 2: HAZARDS IDENTIFICATION ... Eye irritation : Category 2B, Signal word: Warning, Causes eye irritation. ... T",[웹조사 2차조사·미해결] (시도 출처: http://www.businesscenter.lebsea.com/msds/1418584.PDF) PDF 파싱이 불안정하여 H코드/구분 카테고리를 신뢰성 있게 확인할 수 없음 | 원문: 접속 실패: PDF(705.2KB)는 반복 시도에서도 압축 스트림으로 인식됨. 1차 시도에서 'Warning' 신호어만 부분 인식되었으나 H코드는 '읽을 수 없음'으로 확인 불가,변경,없음,확인 불가,파이프라인소비=아니오(build_input_v5.py 미참조 → X/y/group_key 무영향)
독성코드,검증근거,MIX175,"[구조화DB신규조회 재시도·미해결: PubChem 성분 참고값(제품 SDS 아님)] 제품명(Echo 375/Cymoxaanil 50)과 ingredient_names(메탄올, 삼염화이소시아눌산 등 무관 성분 혼입)가 데이터 오류로 추정되어 제품 특정 불가; chlorothalonil 단일성분 참고값만 제공. | 원문: Danger / H317: May cause an allergic skin reaction; H318: Causes serious eye damage; H330: Fatal if inhaled; H335: May cause respiratory irritation; H351: Suspected of causing cancer; H400/H410 (PubChem CID 15910, chloro",추출정보 공란 + 출처 접근 실패(링크불가·403/404·로그인·못찾음),변경,없음,확인 불가,파이프라인소비=아니오(build_input_v5.py 미참조 → X/y/group_key 무영향)
독성코드,검증근거,MIX176,"[2차재시도(우회) 재시도·미해결: curl UA 재시도(403 우회 성공, EPA 라벨 확보) + PubChem 성분명 검색] UA 헤더 추가로 403 우회 성공, gowanco.com에서 PDF 확보(159KB)했으나 이는 EPA 승인 라벨이며 GHS SDS가 아님 - 정식 H-code 없음, EPA 신호어 CAUTION만 존재. PubChem Tetraconazole 기술물질 재조회 결과(Warning/H302,H332,H411)를 참고값으로 추가. | 원문: Tetraconazole* ... 20.5% ... PRECAUTIONARY STATEMENTS: Hazards to Humans and Domestic Animals CAUTION. Harmful if swallowed, inhaled or absorbed through the skin... Causes moderate eye irritation. / PubChem 참고: Tetracona",[웹조사 2차조사·미해결] (시도 출처: https://www.gowanco.com/sites/default/files/gowanco_com/_attachments/product/resource/label/domark_230me_80289-7-10163_01-r0716_0.pdf) 유일 URL이 403으로 접속 차단됨(재시도해도 동일). 대체 URL 없음. 기존 메모의 '접근 실패' 진술과 일치. | 원문: 접속 실패: The server returned HTTP 403 Forbidden.,변경,없음,확인 불가,파이프라인소비=아니오(build_input_v5.py 미참조 → X/y/group_key 무영향)
독성코드,검증근거,MIX177,"[구조화DB신규조회 재시도·미해결: PubChem 성분 참고값(제품 SDS 아님)] 제품(Double Threat)은 pirimiphos-methyl+lambda-cyhalothrin+DEHP+bifenthrin 혼합 살충제로 순물질 아님; 힌트 SDS도 성분 불일치로 이미 확인된 상태. | 원문: Danger / H300: Fatal if swallowed; H317: May cause an allergic skin reaction; H331: Toxic if inhaled; H351: Suspected of causing cancer; H372; H400/H410 (PubChem CID 6442842, bifenthrin)",추출정보 공란 + 성분 불일치(다른 제품 SDS 의심),변경,없음,확인 불가,파이프라인소비=아니오(build_input_v5.py 미참조 → X/y/group_key 무영향)
독성코드,검증근거,MIX178,"[구조화DB신규조회 재시도·미해결: PubChem 성분 참고값(제품 SDS 아님)] 제품(Ecolife One-Pack)은 DCOIT(<0.075%)+imidacloprid 혼합제로 순물질 아님; DCOIT 단독 PubChem 자료(CID 91688)는 Danger/H302,H314,H317,H318,H330,H400,H410로 더 고위험. | 원문: Danger / H301: Toxic if swallowed; H400/H410: Very toxic to aquatic life (PubChem CID 86287518, imidacloprid)",추출정보 공란 + 미분류 메모: 매칭되는 SDS를 찾지 못함,변경,없음,확인 불가,파이프라인소비=아니오(build_input_v5.py 미참조 → X/y/group_key 무영향)
독성코드,검증근거,MIX181,"[구조화DB신규조회 재시도·미해결: PubChem 성분 참고값(제품 SDS 아님)] 제품(DPX-KJM44 80 MUP)은 glyphosate 칼륨염+aminocyclopyrachlor-methyl 2성분 제초제로 순물질 아님; aminocyclopyrachlor-methyl 단독은 H411(100%)만 확인(신호어 명시 없음, PubChem CID 16725794). | 원문: Danger / H318: Causes serious eye damage; H411: Toxic to aquatic life with long lasting effects (PubChem CID 3496, glyphosate)",추출정보 공란 + 미분류 메모: 제품별 SDS 미발견 (Glyphosate 칼륨염 + Aminocyclo,변경,없음,확인 불가,파이프라인소비=아니오(build_input_v5.py 미참조 → X/y/group_key 무영향)
독성코드,검증근거,MIX184,"[2차재시도(우회) 재시도·미해결: 재시도 불필요 확인됨(EPA 라벨, GHS 섹션 없음) + PubChem 성분 참고값 보완] EPA 라벨(Encartis, EPA Reg 7969-348, BASF)은 제품명·성분(boscalid 2.20%+chlorothalonil 54.14%)과 정확히 일치하나 GHS H-code 자체가 문서에 없음(사유4, 재시도 불필요). 성분 순물질 PubChem 참고값(Chlorothalonil, Boscalid)을 보완했으나 완제품 GHS 확정에는 사용 불가. | 원문: CAUTION. Harmful if swallowed or inhaled. Causes moderate eye irritation... (EPA 라벨 원문) / PubChem 참고: Chlorothalonil Danger H317,H318,H330,H335,H351,H400,H410(100%); Boscalid H411(98.3%): Toxic to aquatic life with l","[웹조사 2차조사·미해결] (시도 출처: https://www3.epa.gov/pesticides/chem_search/ppls/007969-00348-20150121.pdf) 접속 성공, 제품명(Encartis, EPA Reg 7969-348, BASF)·성분(boscalid 2.20%+chlorothalonil 54.14%) 라벨과 정확히 일치함. 그러나 이는 EPA 농약 라벨이며 GHS H-code/공식 구분이 문서에 전혀 없음(GHS 분류 정보 자체가 없음). 기존 추출정보(EPA 라벨 문구)가 정확함을 재확인. | 원문: CAUTION. Harmful if swallowed or inhaled. Causes moderate eye irritation... Prolonged or frequently repeated skin contact may cause allergic reactions in some individuals.",변경,없음,확인 불가,파이프라인소비=아니오(build_input_v5.py 미참조 → X/y/group_key 무영향)
독성코드,검증근거,MIX185,"[구조화DB신규조회 재시도·미해결: PubChem 성분 참고값(제품 SDS 아님)] 제품(EH-1446)은 Envu 내부 코드명 추정 제품으로 glyphosate+carfentrazone-ethyl+mecoprop+dicamba+2,4-D-2-ethylhexyl 5성분 혼합 제초제; glyphosate만 참고 확보(dicamba: Danger/H302,H318,H332,H335,H336,H400,H411; 2,4-D: Danger/H302,H317,H318,H335,H412; carfentrazone-ethyl: Warning/H400,H410). | 원문: Danger / H318: Causes serious eye damage; H411: Toxic to aquatic life with long lasting effects (PubChem CID 3496, glyphosate)",추출정보 공란 + 미분류 메모: Envu(구 Bayer ES) 내부 코드명으로 추정되는 제품명(EH-14,변경,없음,확인 불가,파이프라인소비=아니오(build_input_v5.py 미참조 → X/y/group_key 무영향)
독성코드,검증근거,MIX187,"[2차재시도(우회) 재시도·미해결: PubChem 성분명 검색(Imidacloprid 재조회)] 로컬 PDF(MacDermid ISOPREP 184, 금속표면처리제)는 제품명 ENS-010A와 무관한 것으로 재확인(1994~2003년 구형 MSDS로 GHS 신호어/H코드 자체 없음). 주요 유효성분 Imidacloprid를 PubChem에서 재조회(Danger/H301,H302,H400,H410)했으나 성분 참고값이며 완제품 자체 SDS는 미확보. | 원문: Imidacloprid: Danger H301(43.6%)/H302(56.4%): Toxic/Harmful if swallowed; H400(96.4%); H410(100%). Aggregated GHS information provided per 415 reports by companies from 12 notifications to the ECHA C&L Inventory.","[로컬PDF검증 2차조사·미해결] PDF는 MacDermid社의 금속표면처리제 'ISOPREP 184'(Ferric Sulfate/Nitric Acid/Sulfuric Acid 혼합 산성 세정제) MSDS로, 제품명 'ENS-010A'의 실제 성분(Sodium Carbonate Monohydrate, Edetate Sodium, Imidacloprid 포함)과 부분적으로만(질산·황산) 겹치고 완전히 다른 제품임. 또한 1994~2003년의 구형식 MSDS로 GHS 신호어/H코드 자체가 없음(HMIS 등급만 존재). | 원문: MATERIAL SAFETY DATA SHEET ... MacDermid Incorporated ... TRADE NAME: ISOPREP 184 ... Ferric Sulfate / Nitric Acid / Sulfuric Acid",변경,없음,확인 불가,파이프라인소비=아니오(build_input_v5.py 미참조 → X/y/group_key 무영향)
독성코드,검증근거,MIX188,"[구조화DB신규조회 재시도·미해결: PubChem 성분 참고값(제품 SDS 아님)] 제품(Envidor 2SC)은 spirodiclofen+glycerol+BIT+Kathon 제형으로 순물질 아님; PubChem 값이 기존 추출정보와 정확히 일치함을 재확인. | 원문: Danger / H317: May cause an allergic skin reaction; H350: May cause cancer; H361f: Suspected of damaging fertility; H373; H410: Very toxic to aquatic life with long lasting effects (PubChem CID 177863, spirodiclofen)",추출값은 있으나 출처 전무 ; 메모에 출처 접근 실패 흔적이 남아 있음 — 값의 근거 재확인 필요,변경,없음,확인 불가,파이프라인소비=아니오(build_input_v5.py 미참조 → X/y/group_key 무영향)
독성코드,검증근거,MIX189,"[2차재시도(우회) 재시도·미해결: PubChem 성분명 검색(4개 성분 전체 재조회)] 기존 힌트 자료(chemicalbook bis(2-p-methoxyphenyl)ethyl ether, 무관 화합물, no data available)는 완전 폐기. EH-1479의 실제 4개 유효성분(2,4-D, Dicamba, Quinclorac, Dithiopyr) 모두 PubChem에서 재조회했으나 성분 순물질 참고값이며 완제품 자체 SDS는 미확보. | 원문: 2,4-D: Danger H302(100%),H317(100%),H318(100%),H335(100%),H412(99.2%); Dicamba: Danger H302(100%),H318(99.7%),H332(59.2%),H412(99.3%); Dithiopyr: Warning H400(94.8%),H410(94.8%).","[로컬PDF검증 2차조사·미해결] PDF는 EH-1479 제초제 성분(2,4-D, Dicamba, Quinclorac, Dithiopyr)과 전혀 무관한 화학물질 'BIS[2-(P-METHOXYPHENYL)ETHYL] ETHER'(CAS 104104-12-3)의 ChemicalBook 자동생성 SDS이며, GHS 분류/신호어/H코드 항목이 전부 'no data available'로 비어 있어 어떤 정보도 얻을 수 없음. | 원문: BIS[2-(P-METHOXYPHENYL)ETHYL] ETHER ... Classification of the substance or mixture no data available ... Signal word no data available",변경,없음,확인 불가,파이프라인소비=아니오(build_input_v5.py 미참조 → X/y/group_key 무영향)
독성코드,검증근거,MIX190,"[구조화DB신규조회 재시도·미해결: PubChem 성분 참고값(제품 SDS 아님)] 제품명이 두 제품명 결합 및 성분 중복 기재된 데이터 오류로 제품 특정 불가; tebuconazole 단일성분 참고값만 제공(chlorothalonil은 별도로 Danger/H317,H318,H330,H335,H351,H400,H410, CID 15910). | 원문: Warning / H302: Harmful if swallowed; H361d: Suspected of damaging the unborn child; H400/H410: Very toxic to aquatic life (PubChem CID 86102, tebuconazole)",추출정보 공란 + 미분류 메모: 제품명이 두 개 제품명(E-Scape.../Muscle ADV)이 결합된,변경,없음,확인 불가,파이프라인소비=아니오(build_input_v5.py 미참조 → X/y/group_key 무영향)
독성코드,검증근거,MIX191,"[구조화DB신규조회 재시도·미해결: PubChem 성분 참고값(제품 SDS 아님)] 제품코드 'ET-005' 자체를 특정할 수 없고 성분조합도 비정상적(메탄올+삼염화이소시아눌산+이프로디온)으로 데이터 혼입 의심; iprodione 단일성분 참고값만 제공. | 원문: Warning / H351: Suspected of causing cancer; H400/H410: Very toxic to aquatic life (PubChem CID 37517, iprodione)",추출정보 공란 + 미분류 메모: 제품코드 'ET-005' 검색 결과 전혀 없음(구글/빙 다중 검색 시도),변경,없음,확인 불가,파이프라인소비=아니오(build_input_v5.py 미참조 → X/y/group_key 무영향)
독성코드,검증근거,MIX195,"[구조화DB신규조회: PubChem 성분명 검색 성공, GHS Classification 확인(제품=순물질 예외 적용)] product_name('Etoxazole(95.57%)')과 ingredient_names(Etoxazole, C21H23F2NO2)가 동일 순물질(기술원제)로 확인되어 제품=순물질 예외 적용. 피부/눈/감작 관련 H코드는 나타나지 않아(기존 cat_skin_ghs='Not classified'와 일치) 수생독성만 확인됨. | 원문: Warning / H400: Very toxic to aquatic life [Warning Hazardous to the aquatic environment, acute hazard]; H410: Very toxic to aquatic life with long lasting effects [Warning Hazardous to the aquatic environment, long-term",추출값은 있으나 출처 전무,변경,없음,확인 불가,파이프라인소비=아니오(build_input_v5.py 미참조 → X/y/group_key 무영향)
독성코드,검증근거,MIX196,"[2차재시도(우회) 재시도·미해결: 재시도 불필요 확인됨(2013 구형 MSDS, GHS 섹션 없음) + PubChem 성분 참고값 보완] 2013년 개정 MGK MSDS는 2012 OSHA HCS 이전 형식으로 GHS 신호어/H-code가 문서 자체에 없음(재시도 불필요 사유4, 기존 판단 유지). 주요 성분(Pyrethrins/Permethrin/Piperonyl Butoxide/MGK-264/Esfenvalerate)을 PubChem에서 참고 조회했으나 성분 순물질 참고값일 뿐 완제품 GHS 확정에는 사용 불가. | 원문: EYES: Causes moderate eye irritation. SKIN: Very slight irritation at 72 hours... primary skin irritation index of 0.84. SENSITIZATION: Negative (MGK MSDS 002602, 2013 개정) / PubChem 참고: Permethrin Warn","[웹조사 2차조사·미해결] (시도 출처: https://s3.amazonaws.com/bb-cms/AppData/Websites/1116/Documents/chemical-documents/total-release.pdf) 제조사(MGK) MSDS(002602, 2013개정) 원문 접속 성공, EINECS 번호 모두 일치 확인(메모와 일치). 다만 2012 OSHA HCS 이전 형식이라 GHS 신호어/H-code가 문서 자체에 없음(GHS 분류 정보 자체가 없음). 참고: 실측 자극지수(PII 0.84)는 경미한 수준으로 skin 'Not classified'에 부합, 감작성 음성 확인됨(참고용, 공식 GHS 구분 아님). | 원문: EYES: Causes moderate eye irritation. SKIN: Very slight irritation at 72 hours... primary skin irritation index of 0.84. SENSITIZATION: Negat",변경,없음,확인 불가,파이프라인소비=아니오(build_input_v5.py 미참조 → X/y/group_key 무영향)
독성코드,검증근거,MIX197,"[2차재시도(우회) 재시도·미해결: 재시도 불필요 확인됨(EPA 라벨, GHS 섹션 없음) + PubChem 성분 참고값 보완] EPA 라벨(EH-1488, EPA Reg 2217-944, PBI/Gordon)은 성분(Penoxsulam/Sulfentrazone/2,4-D dimethylamine salt/Dicamba dimethylamine salt)과 정확히 일치하나 GHS H-code 자체가 문서에 없음(사유4, 재시도 불필요). 4개 성분을 PubChem에서 참고 조회했으나 완제품 GHS 확정에는 사용 불가. | 원문: WARNING: Causes substantial but temporary eye injury. Harmful if swallowed. (EPA 라벨 원문) / PubChem 참고: Sulfentrazone Warning H319(40.6%),H332(58%),H373(43.5%),H411(43.5%); Penoxsulam Warning H400(100%),","[웹조사 2차조사·미해결] (시도 출처: https://www3.epa.gov/pesticides/chem_search/ppls/002217-00944-20240117.pdf) 접속 성공, EPA 라벨(EH-1488, EPA Reg 2217-944, PBI/Gordon) 확인. 활성성분(Penoxsulam/Sulfentrazone/2,4-D dimethylamine salt/Dicamba dimethylamine salt)이 ingredient_names와 정확히 일치(불일치 없음). 신호어 Warning 확인되나 GHS H-code/구분 정보는 문서에 없음(EPA 라벨일 뿐 GHS SDS 아님). | 원문: WARNING: Causes substantial but temporary eye injury. Harmful if swallowed. Do not get in eyes or on clothing.",변경,없음,확인 불가,파이프라인소비=아니오(build_input_v5.py 미참조 → X/y/group_key 무영향)
독성코드,검증근거,MIX199,"[구조화DB신규조회 재시도·미해결: PubChem 성분 참고값(제품 SDS 아님)] 제품(F4113 EW)은 코드명 제품으로 carfentrazone-ethyl+naphthalene+propylene glycol+glyphosate isopropylamine 혼합 제초제로 추정되어 순물질 아님; 힌트 SDS(Aim EC)와도 성분 불일치가 이미 확인된 상태. | 원문: Warning / H400: Very toxic to aquatic life; H410: Very toxic to aquatic life with long lasting effects (PubChem CID 86222, carfentrazone-ethyl)",추출정보 공란 + 미분류 메모: 제공된 힌트 URL(Aim EC Herbicide SDS)은 Naphth,변경,없음,확인 불가,파이프라인소비=아니오(build_input_v5.py 미참조 → X/y/group_key 무영향)
독성코드,검증근거,MIX200,"[구조화DB신규조회 재시도·미해결: PubChem 성분 참고값(제품 SDS 아님)] 제품(F8028-3)은 코드명 살충제로 tau-fluvalinate+계면활성제+ethylene glycol+bifenthrin 혼합제로 추정되어 순물질 아님. | 원문: Warning / H302: Harmful if swallowed; H315: Causes skin irritation; H400/H410: Very toxic to aquatic life (PubChem CID 91768, tau-fluvalinate)",추출정보 공란 + 출처 접근 실패(링크불가·403/404·로그인·못찾음),변경,없음,확인 불가,파이프라인소비=아니오(build_input_v5.py 미참조 → X/y/group_key 무영향)
독성코드,검증근거,MIX202,"[구조화DB신규조회 재시도·미해결: PubChem 성분 참고값(제품 SDS 아님)] 제품(Fanfare 2SC)은 bifenthrin 21.9-23.3% 제형(과망간산칼륨은 비적합물질 언급일 뿐 실제 성분 아님)으로 순물질 아님. | 원문: Danger / H300: Fatal if swallowed; H317; H331: Toxic if inhaled; H351: Suspected of causing cancer; H372; H400/H410 (PubChem CID 6442842, bifenthrin)",추출정보 공란 + 출처 접근 실패(링크불가·403/404·로그인·못찾음),변경,없음,확인 불가,파이프라인소비=아니오(build_input_v5.py 미참조 → X/y/group_key 무영향)
독성코드,검증근거,MIX205,"[구조화DB신규조회 재시도·미해결: PubChem 성분 참고값(제품 SDS 아님)] 제품(First Choice Foliar Supreme Fungicide)은 monopotassium phosphate+elemental sulfur 비료성 살균제 혼합물로 순물질 아님; 두 성분 모두 저위해성이나 명시적 'None found' 문구는 없어 정보없음 기준 미충족, 재검토필요로 유지. | 원문: Monopotassium phosphate: 'Not Classified' (This chemical does not meet GHS hazard criteria for 90.7% of all reports, PubChem CID 516951); Sulfur: Warning / H315: Causes skin irritation (PubChem CID 5362487)","추출정보 공란 + 미분류 메모: Bonide/Ferti-lome 등 유력 제조사 사이트 검색 결과 없음,",변경,없음,확인 불가,파이프라인소비=아니오(build_input_v5.py 미참조 → X/y/group_key 무영향)
독성코드,검증근거,MIX206,"[구조화DB신규조회 재시도·미해결: PubChem 성분 참고값(제품 SDS 아님)] 제품(EI-785)은 코드명 살충제로 clothianidin+metofluthrin+piperonyl butoxide+permethrin 혼합제로 추정되어 순물질 아님. | 원문: Danger / H302: Harmful if swallowed; H361f: Suspected of damaging fertility; H370: Causes damage to organs; H400/H410 (PubChem CID 86287519, clothianidin)",추출정보 공란 + 미분류 메모: 매칭되는 SDS를 찾지 못함,변경,없음,확인 불가,파이프라인소비=아니오(build_input_v5.py 미참조 → X/y/group_key 무영향)
독성코드,검증근거,MIX207,"[구조화DB신규조회 재시도·미해결: PubChem 성분 참고값(제품 SDS 아님)] 제품(Fitness Fungicide)은 propiconazole+naphthalene(용제) 혼합 제형으로 순물질 아님. | 원문: Danger / H302: Harmful if swallowed; H317; H360D: May damage the unborn child; H400/H410 (PubChem CID 43234, propiconazole)",추출정보 공란 + 출처 접근 실패(링크불가·403/404·로그인·못찾음),변경,없음,확인 불가,파이프라인소비=아니오(build_input_v5.py 미참조 → X/y/group_key 무영향)
독성코드,검증근거,MIX210,"[구조화DB신규조회 재시도·미해결: PubChem 성분 참고값(제품 SDS 아님)] 제품명 및 ingredient_names에 OCR 노이즈('cid:131) Satisfaction Guaranteed...')가 섞여 있고 제품은 tebuconazole+imidacloprid+clothianidin 3성분 혼합제로 추정되어 순물질 아님; 정확한 상품 매칭도 실패한 상태. | 원문: Danger / H301: Toxic if swallowed; H400/H410: Very toxic to aquatic life (PubChem CID 86287518, imidacloprid)",추출정보 공란 + 미분류 메모: BioAdvanced 'Rose & Flower Care' 제품군 중 정,변경,없음,확인 불가,파이프라인소비=아니오(build_input_v5.py 미참조 → X/y/group_key 무영향)
독성코드,검증근거,MIX22,"[구조화DB신규조회 재시도·미해결: PubChem 성분 참고값(제품 SDS 아님)] 기존 조사에서 실제 EPA 등록 Agita 10WG(70585-10)는 thiamethoxam 제형이며 데이터셋의 니코틴계 조성과 불일치함이 이미 확인됨; nicotine 자체의 PubChem 참고값만 제공, 제품 확정 불가. | 원문: Danger / H300: Fatal if swallowed; H310: Fatal in contact with skin; H330: Fatal if inhaled; H411: Toxic to aquatic life with long lasting effects (PubChem CID 89594, nicotine)",추출정보 공란 + 성분 불일치(다른 제품 SDS 의심),변경,없음,확인 불가,파이프라인소비=아니오(build_input_v5.py 미참조 → X/y/group_key 무영향)
독성코드,검증근거,MIX221,"[구조화DB신규조회 재시도·미해결: PubChem 성분 참고값(제품 SDS 아님)] 제품(Fontelis)은 penthiopyrad+기타/불활성성분 혼합제로 순물질 아님. 기존 추출정보('미분류/유해성 분류대상 아님')와 달리 PubChem은 수생독성(H400,H410) 분류가 존재해 상이함. | 원문: Warning / H400: Very toxic to aquatic life; H410: Very toxic to aquatic life with long lasting effects (PubChem CID 11388558, penthiopyrad)",추출값은 있으나 출처 전무 ; 신호어도 H코드도 파싱되지 않음,변경,없음,확인 불가,파이프라인소비=아니오(build_input_v5.py 미참조 → X/y/group_key 무영향)
독성코드,검증근거,MIX223,[2차재시도(우회) 재시도·미해결: PubChem 성분명 검색(추정 활성성분 Chlorfenapyr 재조회)] 확보된 SDS(BASF Phantom Pressurized Insecticide)는 제품명(Formula 2873) 및 ingredient_names(무기 금속염 수용액)와 전혀 다른 물질로 재확인되어 조회 대상에서 제외. ingredient_names 말미의 손상된 화학명 조각이 Chlorfenapyr 구조식과 일치하는 것으로 추정되어 PubChem에서 별도 조회했으나 추정에 근거한 성분 참고값일 뿐이며 제품 자체 확인은 불가. | 원문: Chlorfenapyr: Danger H302(100%): Harmful if swallowed; H331(100%): Toxic if inhaled; H400(100%); H410(100%). Aggregated GHS information provided per 198 reports by companies from 5 notifica,"[웹조사 2차조사·미해결] (시도 출처: https://bell-environmental.com/wp-content/uploads/Phantom-Pressurized-SDS.pdf) 접속은 성공했으나, 이 SDS는 제품명 'PHANTOM PRESSURIZED INSECTICIDE'(BASF, Chlorfenapyr 0.5%+아세톤+HFC-134A 등)로, 시트의 제품명 'Formula 2873' 및 ingredient_names(Water/HCl/FeCl3·6H2O/CoCl2·6H2O/CuSO4·5H2O, 무기 금속염 용액)와 전혀 다른 물질임. 제품명 자체가 불일치하므로 이 문서로는 Formula 2873을 검증할 수 없음 - 다른 제품 정보 확인된 경우에 해당. | 원문: 3. Composition: 122453-73-0 0.5% Chlorfenapyr; 64742-47-8 <10% Distillates(petroleum); 67-64-1 <15% Acetone; HFC-134A",변경,없음,확인 불가,파이프라인소비=아니오(build_input_v5.py 미참조 → X/y/group_key 무영향)
독성코드,검증근거,MIX227,"[2차재시도(우회) 재시도·미해결: PubChem 성분명 검색(성분 순물질 참고값)] 이전 PDF(Karnak 방수코팅제)는 무관 제품으로 재확인됨. 성분 순물질 참고값만 확보: Thiram(CID5455) Warning, H302/H315/H317/H319/H332/H373/H400/H410; Iprodione(CID37517) Warning~Danger, H351/H400/H410/H320/H331(15.3%). 제품(Foundation Lite) 자체 SDS는 미확보 - 제품값으로 확정하지 않음. | 원문: H302: Harmful if swallowed [Warning Acute toxicity, oral]; H317: May cause an allergic skin reaction [Warning Sensitization, Skin]; H319: Causes serious eye irritation","[로컬PDF검증 2차조사·미해결] PDF는 Karnak社의 아스팔트 방수/지붕 코팅제 '112 Non-Fibered Foundation & Roof Coating'(Asphalt petroleum + Stoddard solvent) SDS로, 제품명 'Foundation Lite'의 실제 성분(ingredient_names: Thiram, Iprodione - 종자처리 살균제)과 전혀 무관한 별개 제품임. 제품명 유사성만으로 잘못 매칭된 것으로 판단됨. 실제 'Nisso/Foundation Lite'(캐나다 PMRA reg 28525) 제품의 정식 SDS는 확보되지 않음. | 원문: Safety Data Sheet 112 Non-Fibered Foundation & Roof Coating ... Danger H372 Causes damage to organs through prolonged or repeated exposure.",변경,없음,확인 불가,파이프라인소비=아니오(build_input_v5.py 미참조 → X/y/group_key 무영향)
독성코드,검증근거,MIX228,"[구조화DB신규조회 재시도·미해결: PubChem 성분 참고값(제품 SDS 아님)] 제품(Four-way VAP)은 thiamethoxam+fludioxonil+azoxystrobin+metalaxyl-M 4성분 종자처리제로 순물질 아님(Nitrogen/oxygen/methane은 데이터 노이즈로 판단). | 원문: Warning / H302: Harmful if swallowed; H361fd: Suspected of damaging fertility; Suspected of damaging the unborn child; H400/H410 (PubChem CID 5821911, thiamethoxam)",추출값은 있으나 출처 전무,변경,없음,확인 불가,파이프라인소비=아니오(build_input_v5.py 미참조 → X/y/group_key 무영향)
독성코드,검증근거,MIX231,"[구조화DB신규조회 재시도·미해결: PubChem 성분 참고값(제품 SDS 아님)] 제품(Fyfanon 57EC)은 malathion 57% EC 제형으로 순물질 아님. 기존 추출정보(H304,H315,H317,H319,H350,H227)와 PubChem 1차 분류(H302,H317,H400,H410)가 상이해 재확인이 필요함. | 원문: Warning / H302: Harmful if swallowed; H317: May cause an allergic skin reaction; H400/H410: Very toxic to aquatic life (PubChem CID 4004, malathion)",추출값은 있으나 출처 전무,변경,없음,확인 불가,파이프라인소비=아니오(build_input_v5.py 미참조 → X/y/group_key 무영향)
독성코드,검증근거,MIX232,"[구조화DB신규조회 재시도·미해결: PubChem CID 확인, GHS Classification 섹션 자체 없음] product_name='Flufenpyr-ethyl'이 ingredient_names와 동일한 순물질 예외 후보였으나, PubChem에 해당 화합물의 GHS Classification 데이터 자체가 없어(명시적 'None found'가 아니라 데이터 완전 부재) 신호어/H코드 확인 불가. | 원문: PubChem pug_view 응답(heading=GHS+Classification, CID 3083546): {""Fault"": {""Code"": ""PUGVIEW.NotFound"", ""Message"": ""No data found""}}","추출정보 공란 + 미분류 메모: 기술원제(technical) 공급사 SDS 미발견, PubChem에도 G",변경,없음,확인 불가,파이프라인소비=아니오(build_input_v5.py 미참조 → X/y/group_key 무영향)
독성코드,검증근거,MIX233,"[구조화DB신규조회 재시도·미해결: PubChem 성분 참고값(제품 SDS 아님)] 제품(GA 6 Weed and Grass Killer RTU)은 glufosinate-ammonium 희석 완제품(RTU)으로 기술원제와 별개; 기존 EPA 라벨 정보(CAUTION, 눈자극/경구유해)보다 PubChem 원제 분류가 훨씬 고위험 - 농도 차이 반영 필요. | 원문: Danger / H302: Harmful if swallowed; H312: Harmful in contact with skin; H332: Harmful if inhaled; H360Fd: May damage fertility; Suspected of damaging the unborn child; H373 (PubChem CID 53597, glufosinate-ammonium)",추출값은 있으나 출처 전무,변경,없음,확인 불가,파이프라인소비=아니오(build_input_v5.py 미참조 → X/y/group_key 무영향)
독성코드,검증근거,MIX234,"[구조화DB신규조회 재시도·미해결: PubChem CID 확인, GHS Classification 섹션 자체 없음] 제품(S-3153 WDG)은 flufenpyr-ethyl 단일 유효성분 WDG 제형이나 PubChem에 해당 물질의 GHS 분류 데이터가 없어 확인 불가(기존 '성분 확인만 되고 GHS 데이터 없음' 메모와 일치). | 원문: PubChem pug_view 응답(heading=GHS+Classification, CID 3083546): {""Fault"": {""Code"": ""PUGVIEW.NotFound"", ""Message"": ""No data found""}}","추출정보 공란 + 미분류 메모: 성분 확인(Flufenpyr-ethyl, PubChem CID 30835",변경,없음,확인 불가,파이프라인소비=아니오(build_input_v5.py 미참조 → X/y/group_key 무영향)
독성코드,검증근거,MIX237,"[구조화DB신규조회 재시도·미해결: PubChem 성분 참고값(제품 SDS 아님)] 제품(GAT Lambda 25CS)은 lambda-cyhalothrin 25% CS 제형으로 순물질 아님; 기존 EPA 라벨 신호어(Warning)와 PubChem 원제 분류(Danger)가 상이 - 농도 차이로 추정. | 원문: Danger / H301: Toxic if swallowed; H312: Harmful in contact with skin; H330: Fatal if inhaled; H400/H410 (PubChem CID 6440557, lambda-cyhalothrin)",추출값은 있으나 출처 전무 ; 메모에 출처 접근 실패 흔적이 남아 있음 — 값의 근거 재확인 필요,변경,없음,확인 불가,파이프라인소비=아니오(build_input_v5.py 미참조 → X/y/group_key 무영향)
독성코드,검증근거,MIX243,[2차재시도(우회) 재시도·미해결: PubChem 성분명 검색(성분 순물질 참고값)] 완제품(폴리스티렌 폼 비드) SDS는 여전히 미확보. 성분 순물질 참고값: Isopentane(CID6556) Danger H224/H304/H336/H411; Cyclopentane(CID9253) Danger H225/H412(일부 H304/H336). 제품값으로 확정하지 않음. | 원문: H224: Extremely flammable liquid and vapor [Danger Flammable liquids]; H225: Highly Flammable liquid and vapor [Danger Flammable liquids],"[로컬PDF검증 2차조사·미해결] PDF(Sigma-Aldrich 236705, n-Pentane 90-100%, CAS 109-66-0)는 단일성분 시약용 펜탄 SDS로, 제품명 'Geo Tru'의 실제 완제품(폴리스티렌 폼 비드, 이소펜탄/시클로펜탄/보레이트 등 6개 성분 혼합조성)과 다름. 완제품 SDS가 아니므로 제품 자체 분류로 채택 불가. | 원문: Product name : Pentane ... Flammable liquids (Category 1), H224 / Aspiration hazard (Category 1), H304 / STOT SE 3, H336 / Chronic aquatic toxicity (Category 2), H411",변경,없음,확인 불가,파이프라인소비=아니오(build_input_v5.py 미참조 → X/y/group_key 무영향)
독성코드,검증근거,MIX247,"[2차재시도(우회) 재시도·미해결: PubChem 성분명 검색(성분 순물질 참고값)] 이전 PDF(3M 실런트)는 무관 제품으로 재확인됨. 성분 순물질 참고값: Noviflumuron(CID9828359) Warning, H361/H362/H400/H410. 제품(GF-1252, 흰개미 방제 베이트) 자체 SDS는 미확보. | 원문: H361 (90%): Suspected of damaging fertility or the unborn child [Warning Reproductive toxicity]; H400/H410: Very toxic to aquatic life","[로컬PDF검증 2차조사·미해결] PDF는 3M社의 산업용 실런트 'Scotch-Weld Tamper Proof Sealant 1252'(Methyl Ethyl Ketone, Antimony Trioxide 등 함유) SDS로, 제품명 'GF-1252'(흰개미 방제용 Noviflumuron 베이트, Antimony Trioxide는 IARC 등급 표기 근거로만 참조)와 성분 구성의 취지가 전혀 다른 별개 제품임. Antimony Trioxide CAS가 우연히 겹칠 뿐 완제품 SDS로 볼 수 없음. | 원문: MATERIAL SAFETY DATA SHEET 3M Scotch-Weld Tamper Proof Sealant 1252, White ... Contains a chemical or chemicals which can cause cancer. ... Antimony Trioxide 1309-64-4 Grp. 2B",변경,없음,확인 불가,파이프라인소비=아니오(build_input_v5.py 미참조 → X/y/group_key 무영향)
독성코드,검증근거,MIX25,"[구조화DB신규조회 재시도·미해결: PubChem 성분 참고값(제품 SDS 아님)] 제품(Albaugh Glyphosphate Acid)은 isopropylamine salt of glyphosate 53.8% 제형(힌트 SDS는 타사 GLYFINE 제품)으로 순물질 아님; glyphosate 참고값이 힌트 SDS의 pre-GHS 서술적 유해문구와 대체로 부합. | 원문: Danger / H318: Causes serious eye damage; H411: Toxic to aquatic life with long lasting effects (PubChem CID 3496, glyphosate)",추출값은 있으나 출처 전무,변경,없음,확인 불가,파이프라인소비=아니오(build_input_v5.py 미참조 → X/y/group_key 무영향)
독성코드,검증근거,MIX252,"[구조화DB신규조회 재시도·미해결: PubChem 성분 참고값(제품 SDS 아님)] ingredient_names엔 'Glyphosate' 단일 표기이나 product_name('Glyphosphate XG')은 XG 제형(상품명, 오탈자 포함)으로 기술원제 그대로가 아닐 가능성이 높아 순물질 예외 미적용; PubChem 값이 기존 추출정보(H318,H411)와 정확히 일치함을 재확인. | 원문: Danger / H318: Causes serious eye damage; H411: Toxic to aquatic life with long lasting effects (PubChem CID 3496, glyphosate)",추출값은 있으나 출처 전무 ; 메모에 출처 접근 실패 흔적이 남아 있음 — 값의 근거 재확인 필요,변경,없음,확인 불가,파이프라인소비=아니오(build_input_v5.py 미참조 → X/y/group_key 무영향)
독성코드,검증근거,MIX253,"[구조화DB신규조회 재시도·미해결: PubChem 성분 참고값(제품 SDS 아님)] 제품(Gordon's Horse & Pony Spray)은 PBO+pyrethrins+permethrin+용제 혼합 살충제로 순물질 아님(permethrin 참고: Warning/H302,H317,H332,H400,H410; pyrethrins 참고: Warning/H302,H312,H332,H400,H410). | 원문: Warning / H319: Causes serious eye irritation; H335: May cause respiratory irritation; H400/H410: Very toxic to aquatic life (PubChem CID 5794, piperonyl butoxide)",추출정보 공란 + 출처 접근 실패(링크불가·403/404·로그인·못찾음),변경,없음,확인 불가,파이프라인소비=아니오(build_input_v5.py 미참조 → X/y/group_key 무영향)
독성코드,검증근거,MIX255,"[2차재시도(우회) 재시도·미해결: 재시도 불가(성분명 식별 불가)] ingredient_names가 OCR 파편/스프레드시트 조각으로 구성되어 특정 화학물질명을 명확히 추출할 수 없어 PubChem 등 추가조사를 수행할 수 없음. 기존 판단(TEDX 화학물질 목록, GF-1640 WG-NC와 무관)을 유지. | 원문: Chemicals Page ... Products Page ... Disclaimer: This spreadsheet is provided in a format that allows users to search and sort the data as needed. ... TEDX 2011","[로컬PDF검증 2차조사·미해결] pdf_path의 문서는 이 제품의 SDS가 아니라 TEDX(fracking chemical database)의 화학물질 목록 스프레드시트로, GF-1640 WG-NC와 무관함. GHS 분류 근거 확인 불가. | 원문: Chemicals Page ... Products Page ... Disclaimer: This spreadsheet is provided in a format that allows users to search and sort the data as needed. ... © TEDX 2011",변경,없음,확인 불가,파이프라인소비=아니오(build_input_v5.py 미참조 → X/y/group_key 무영향)
독성코드,검증근거,MIX257,[구조화DB신규조회 재시도·미해결: PubChem 성분 참고값(제품 SDS 아님)] Graduate A+는 Syngenta 상품명(Fludioxonil+Azoxystrobin 혼합제)이며 순물질이 아님. 두 원료 각각의 PubChem GHS는 확인되나 제품 자체 SDS는 아니므로 검증완료로 올리지 않음. | 원문: Fludioxonil(CID 86398): Signal Warning / H400: Very toxic to aquatic life; H410: Very toxic to aquatic life with long lasting effects. Azoxystrobin(CID 3034285): Signal Danger / H331: Toxic if inhaled; H400; H410.,추출정보 공란 + 출처 접근 실패(링크불가·403/404·로그인·못찾음),변경,없음,확인 불가,파이프라인소비=아니오(build_input_v5.py 미참조 → X/y/group_key 무영향)
독성코드,검증근거,MIX258,"[구조화DB신규조회 재시도·미해결: PubChem 성분 참고값(제품 SDS 아님)] Harness Xtra Herbicide는 상품명(3성분 혼합 제초제)이며 순물질이 아님. 대표 성분 Acetochlor의 PubChem GHS만 참고 가능. | 원문: Acetochlor(CID 1988): Signal Warning / H315, H317, H332, H335, H351, H361f, H373, H400, H410.",추출정보 공란 + 출처 접근 실패(링크불가·403/404·로그인·못찾음),변경,없음,확인 불가,파이프라인소비=아니오(build_input_v5.py 미참조 → X/y/group_key 무영향)
독성코드,검증근거,MIX259,[구조화DB신규조회 재시도·미해결: PubChem 조회 실패/성분 특정 불가] ingredient_names가 에폭시수지·자일렌·에틸벤젠 등 도료/코팅제 조성으로 보여 농약 제품 성분과 관련성이 불분명함. 제품코드 GF-231에 대응하는 단일 대표 성분을 특정할 수 없어 PubChem 조회를 제품 검증에 사용할 수 없음. 이름 매칭 실패로 판단. | 원문: ,추출정보 공란 + 출처 접근 실패(링크불가·403/404·로그인·못찾음),변경,없음,확인 불가,파이프라인소비=아니오(build_input_v5.py 미참조 → X/y/group_key 무영향)
독성코드,검증근거,MIX26,"[구조화DB신규조회: PubChem 명칭검색+GHS Classification 확인(제품=순물질)] product_name과 ingredient_names의 핵심 성분이 모두 'Acequinocyl'로 동일한 순물질이므로 예외 인정. 기존 추출정보(Danger/H317,H370,H373,H400,H410)와 완전히 일치함. 눈자극·피부자극 관련 H-code는 없어 Not classified, 피부과민성(H317)은 구분1. | 원문: Acequinocyl(CID 93315): Signal Danger / H317: May cause an allergic skin reaction; H370: Causes damage to organs; H373: May causes damage to organs through prolonged or repeated exposure; H400: Very toxic to aquatic life",추출값은 있으나 출처 전무,변경,없음,확인 불가,파이프라인소비=아니오(build_input_v5.py 미참조 → X/y/group_key 무영향)
독성코드,검증근거,MIX263,[구조화DB신규조회 재시도·미해결: PubChem 성분 참고값(제품 SDS 아님)] HM-413A는 내부 제형 코드이며 ingredient_names에 압축가스 관련 정형 문구가 섞여 있어 신뢰도가 낮음. 대표 성분으로 보이는 Triclopyr의 PubChem GHS만 참고값으로 확인. | 원문: Triclopyr(CID 41428): Signal Warning / H302 (100%): Harmful if swallowed; H317 (58.7%); H319 (59.6%); H373 (53.8%); H400 (53.8%); H410 (53.8%).,추출정보 공란 + 출처 접근 실패(링크불가·403/404·로그인·못찾음),변경,없음,확인 불가,파이프라인소비=아니오(build_input_v5.py 미참조 → X/y/group_key 무영향)
독성코드,검증근거,MIX264,"[2차재시도(우회) 재시도·미해결: PubChem 성분 참고값 보완(EPA 라벨은 GHS 미제공)] EPA 라벨(GF-2506, 활성성분 clopyralid/fluroxypyr-meptyl/thifensulfuron-methyl 정확 일치) 신호어 CAUTION 확인, GHS H코드는 없음. 성분 순물질 참고: Clopyralid(CID15553) Danger H318; Fluroxypyr-meptyl(CID54745) Warning H400/H410; Thifensulfuron-methyl(CID73674) Warning H400/H410/H316. 제품값으로 확정하지 않음. | 원문: GF-2506 Herbicide... Active Ingredients: clopyralid 12%, fluroxypyr-meptyl acetic acid 13.1%, thifensulfuron-methyl 0.45%... CAUTION. Causes Moderate Eye Irritation.","[웹조사 2차조사·미해결] (시도 출처: https://www.chemrobotics.com/agropat/pdf/gsda/docs/506COMB2.pdf) 접속 성공, EPA 라벨/등록증(GF-2506, EPA Reg 62719-635, Dow AgroSciences) 확인 - 메모의 유효성분 설명과 정확히 일치. 그러나 GHS SDS가 아닌 EPA 라벨 문서라 H-code/공식 구분 없음. ingredient_names의 Sulfoxaflor/Propylene glycol은 이 라벨 성분표에 없음(불일치 확인). | 원문: GF-2506 Herbicide... Active Ingredients: clopyralid 12%, fluroxypyr-meptyl acetic acid 13.1%, thifensulfuron-methyl 0.45%... CAUTION. Causes Moderate Eye Irritation. Prolonged Or Frequently Repeated Ski",변경,없음,확인 불가,파이프라인소비=아니오(build_input_v5.py 미참조 → X/y/group_key 무영향)
독성코드,검증근거,MIX268,"[2차재시도(우회) 재시도·미해결: PubChem 성분 참고값 보완(EPA 라벨은 GHS 미제공)] EPA 라벨(GF-2836, Acetochlor 21.9%+Atrazine 14.6% 정확 일치) 신호어 CAUTION 확인, GHS H코드는 없음. 성분 순물질 참고: Acetochlor(CID1988) Warning H315/H317/H332/H335/H351/H361f/H373/H400; Atrazine(CID2256) Warning H317/H373/H400/H410. 제품값으로 확정하지 않음. | 원문: GF-2836 Herbicide... acetochlor 21.9%, atrazine 14.6%... Keep Out of Reach of Children CAUTION","[웹조사 2차조사·미해결] (시도 출처: https://www3.epa.gov/pesticides/chem_search/ppls/062719-00646-20211110.pdf) 접속 성공, EPA 라벨(GF-2836, EPA Reg 62719-646, Corteva) 확인. 유효성분(Acetochlor 21.9%, Atrazine 14.6%)이 ingredient_names와 정확히 일치(메모 확인). 신호어 CAUTION 확인되나 GHS SDS가 아니라 H-code/구분 정보 없음. | 원문: GF-2836 Herbicide... acetochlor 21.9%, atrazine 14.6%... Keep Out of Reach of Children CAUTION",변경,없음,확인 불가,파이프라인소비=아니오(build_input_v5.py 미참조 → X/y/group_key 무영향)
독성코드,검증근거,MIX271,[구조화DB신규조회 재시도·미해결: PubChem 성분 참고값(제품 SDS 아님)] GF-2986은 내부 제형 코드(계면활성제+살충제 혼합)이며 순물질이 아님. 대표 활성성분 Methoxyfenozide의 PubChem GHS만 참고 가능. | 원문: Methoxyfenozide(CID 105010): Signal Warning / H400 (69.9%): Very toxic to aquatic life; H410 (69.9%); H411 (30.1%): Toxic to aquatic life with long lasting effects.,추출정보 공란 + 출처 접근 실패(링크불가·403/404·로그인·못찾음),변경,없음,확인 불가,파이프라인소비=아니오(build_input_v5.py 미참조 → X/y/group_key 무영향)
독성코드,검증근거,MIX272,"[2차재시도(우회) 재시도·미해결: curl+pdftotext 재시도(EPA 신규 URL)] EPA 신규URL 문서가 대상 제품(Imidacloprid 0.012%+Tau-fluvalinate 0.014%+Tebuconazole 0.015%, EPA Reg 92564-29)과 정확히 일치함을 확인. 신호어 CAUTION 확인되나 GHS H코드/눈·피부 구분 없음(FIFRA 라벨 문서로 SDS 아님). | 원문: Product Name: Imidacloprid + Tau-Fluvalinate + Tebuconazole Ready-to-Use Insecticide, Miticide and Fungicide ... EPA Registration Number: 92564-29 ... KEEP OUT OF REACH OF CHILDREN CAUTION","[로컬PDF검증 2차조사·미해결] pdf_path 문서는 테부코나졸 단일성분 제품(EPA Reg. 85678-73)의 SDS로, Imidacloprid+Tau-fluvalinate+Tebuconazole 3성분 복합제(EPA Reg 92564-29)와 다른 제품임. 이미다클로프리드·타우플루발리네이트 정보가 전혀 없어 이 제품의 GHS 분류 확인 불가. | 원문: PRODUCT NAME: TEBUCONAZOLE 4L ... PRODUCT CODE: EPA Reg. No. 85678-73 ... COMPONENT PERCENTAGE CAS No. Tebuconazole 39.5% w/w",변경,없음,확인 불가,파이프라인소비=아니오(build_input_v5.py 미참조 → X/y/group_key 무영향)
독성코드,검증근거,MIX275,"[2차재시도(우회) 재시도·미해결: PubChem 성분명 검색(성분 순물질 참고값)] 이전 PDF(BASF Innox)는 무관 제품으로 재확인됨. 성분 순물질 참고값: Indoxacarb(CID107720) Danger H301/H317/H332/H372/H400/H410; Permethrin(CID40326) Warning H302/H317/H332/H400/H410. 제품(INDOX2) 자체 SDS는 미확보. | 원문: H301: Toxic if swallowed [Danger Acute toxicity, oral]; H317: May cause an allergic skin reaction; H400/H410: Very toxic to aquatic life","[로컬PDF검증 2차조사·미해결] PDF은 BASF 'Innox'(Prothioconazole+Acetophenone+N-octylpyrrolidone 등) SDS로 제품명이 INDOX2와 다르고, ingredient_names의 Indoxacarb·Permethrin이 전혀 포함되어 있지 않음(성분 불일치, 메모 내용과 일치). | 원문: Product: Innox ... 3H-1,2,4-Triazole-3-thione, 2-[2-(1-chlorocyclopropyl)-3-(2-chlorophenyl)-2-hydroxypropyl]-2,4-dihydro- Content (W/W): 21.78% ... acetophenone Content (W/W): < 35 %",변경,없음,확인 불가,파이프라인소비=아니오(build_input_v5.py 미참조 → X/y/group_key 무영향)
독성코드,검증근거,MIX278,"[2차재시도(우회) 재시도·미해결: PubChem 성분명 검색(성분 순물질 참고값)] 이전 PDF(칼슘경도 시험시약)는 완전히 무관한 문서로 재확인됨. 성분 순물질 참고값: CMIT(5-Chloro-2-methylisothiazol-3(2H)-one, CID33344) Danger H314/H317/H318(농도별); MIT(2-Methylisothiazol-3(2H)-one, CID39800) Danger H301/H311/H314/H317/H318/H330/H400/H410. Kathon CF 400 완제품(통상 저농도 혼합액) 자체 SDS는 미확보. | 원문: H314 (98.3%): Causes severe skin burns and eye damage [Danger Skin corrosion/irritation]; H317: May cause an allergic skin reaction",[로컬PDF검증 2차조사·미해결] pdf_path 문서는 수경도 시험시약(Calcium Hardness Buffer)/수산화나트륨 관련 MSDS로 Kathon CF 400(CMIT/MIT)과 전혀 무관함. | 원문: NAME OF PRODUCT: KS144-CH2-dK4 Calcium Hardness Buffer ... PRODUCT NAME: dK1 Isothiazoline Test Reagent ... INGREDIENT: Sodium Hydroxide,변경,없음,확인 불가,파이프라인소비=아니오(build_input_v5.py 미참조 → X/y/group_key 무영향)
독성코드,검증근거,MIX28,"[2차재시도(우회) 재시도·미해결: PubChem 성분 참고값 보완] Cayman SDS는 Acetamiprid 단일성분이며 Triticonazole 누락 재확인. Triticonazole(CID6537961)은 PubChem GHS 데이터가 거의 없음(H411 98%만 일부 보고, 신호어 없음). 2성분 완제품(Acetamiprid+Triticonazole Concentrate) 자체 확정 불가. | 원문: H411 (98%): Toxic to aquatic life with long lasting effects [Hazardous to the aquatic environment, long-term hazard]","[웹조사 2차조사·미해결] (시도 출처: https://cdn.caymanchem.com/cdn/msds/24129m.pdf) Cayman Chemical SDS는 순수 Acetamiprid(CAS 135410-20-7) 단일물질용이며, Section3 성분표에 Triticonazole이 전혀 없음(메모의 불일치 진술과 정확히 일치). 이 제품은 2성분(Acetamiprid+Triticonazole) 배합제이므로 이 문서는 이 제품이 아닌 다른(단일성분) 물질 정보에 해당 - Triticonazole 데이터 누락으로 제품 전체 검증 불가. | 원문: Trade name: Acetamiprid... Primary irritant effect: on the skin: No irritant effect. on the eye: No irritating effect. Sensitization: No sensitizing effects known. Signal word Danger.",변경,없음,확인 불가,파이프라인소비=아니오(build_input_v5.py 미참조 → X/y/group_key 무영향)
독성코드,검증근거,MIX284,"[구조화DB신규조회 재시도·미해결: PubChem 성분 참고값(제품 SDS 아님)] 기존 메모에서 실제 등록제품(Ipconazole+Metalaxyl 2종)과 ingredient_names 상 Imidacloprid 포함 여부가 불일치함이 이미 지적됨. 종자처리 혼합제형으로 순물질이 아니며, Ipconazole 단일성분 PubChem GHS만 참고값으로 확인. 성분 불일치 우려가 있어 제품 확정 불가. | 원문: Ipconazole(CID 86211): Signal Danger / H302: Harmful if swallowed; H360D: May damage the unborn child; H373: May causes damage to organs through prolonged or repeated exposure; H410: Very toxic to aquatic life with long ",추출정보 공란 + 성분 불일치(다른 제품 SDS 의심),변경,없음,확인 불가,파이프라인소비=아니오(build_input_v5.py 미참조 → X/y/group_key 무영향)
독성코드,검증근거,MIX285,[2차재시도(우회) 재시도·미해결: PubChem 성분명 검색(성분 순물질 참고값)] 이전 PDF(Keating Klenzer Cleanser)는 염소계 성분이 없는 무관 제품으로 재확인됨. 성분 순물질 참고값: Trichloroisocyanuric Acid(CID6909) Danger H272/H302/H319/H335/H400/H410; Sodium dichloroisocyanurate(CID517202) 동일계열 Danger H272/H302/H319/H335/H400/H410. Kitchen Klenzer 완제품 자체 SDS는 미확보. | 원문: H272: May intensify fire; oxidizer [Danger Oxidizing liquids/solids]; H302/H319/H335/H400/H410,"[웹조사 2차조사·미해결] (시도 출처: https://www.keatingofchicago.com/media/msds/MSDS_Klenzer2014.pdf) 접속 성공했으나 이 SDS(Fitzpatrick Bros. 제조 'Keating Klenzer Cleanser', 주성분 Calcium Carbonate/Limestone 90-100%)는 시트의 ingredient_names(Sodium Carbonate, Sodium Dodecylbenzene Sulfonate, Trichloroisocyanuric Acid, Sodium dichloroisocyanurate 등 염소계 살균성분 포함 제형)와 조성이 전혀 다름 - 염소 방출 성분이 전혀 없는 별개 제품. 메모가 지적한 성분 불일치가 이 문서에서도 재확인됨(다른 제품 정보). | 원문: Product name: Keating Klenzer Cleanser... Chemical name: Limestone... Ingredie",변경,없음,확인 불가,파이프라인소비=아니오(build_input_v5.py 미참조 → X/y/group_key 무영향)
독성코드,검증근거,MIX286,"[구조화DB신규조회 재시도·미해결: PubChem 성분 참고값(제품 SDS 아님)] Kixor Herbicide는 BASF 상품명(saflufenacil+독점 비공개 성분)이며 순물질이 아님. saflufenacil 자체도 ECHA 통보의 절반 이상이 '분류기준 미충족'으로 보고되어 분류가 일관되지 않음. 기존 추출정보(Warning/H361,H400,H410)는 분류된 절반(44.7~14.9%)에 해당하는 값과 부합하나 제품 확정 근거로는 부족. | 원문: Saflufenacil(CID 11571392): Note - This chemical does not meet GHS hazard criteria for 55.3% (104 of 188) of all reports. Signal Warning / H361d (14.9%): Suspected of damaging the unborn child; H400 (44.7%); H410 (44.7%)",추출값은 있으나 출처 전무,변경,없음,확인 불가,파이프라인소비=아니오(build_input_v5.py 미참조 → X/y/group_key 무영향)
독성코드,검증근거,MIX288,[구조화DB신규조회 재시도·미해결: PubChem 성분 참고값(제품 SDS 아님)] Lancer Gold Insecticide는 상품명이며 순물질이 아님. 조성 중 최고 비율(24.4~25.9%) 성분인 Bifenthrin의 PubChem GHS만 참고 가능. | 원문: Bifenthrin(CID 6442842): Signal Danger / H300: Fatal if swallowed; H317; H331: Toxic if inhaled; H351: Suspected of causing cancer; H372; H400; H410.,추출정보 공란 + 출처 접근 실패(링크불가·403/404·로그인·못찾음),변경,없음,확인 불가,파이프라인소비=아니오(build_input_v5.py 미참조 → X/y/group_key 무영향)
독성코드,검증근거,MIX289,"[2차재시도(우회) 재시도·미해결: 재시도 불필요(구형 문서, GHS 섹션 없음) + PubChem 성분 참고 추가] 제품 자체(Larvadex 2SL, Cyromazine 2%)는 1999년 EPA 구형 MSDS로 GHS 신호어/H코드 섹션이 존재하지 않음(FIFRA Caution만 존재) - 판단 그대로 유지. 성분(Cyromazine, CID47866) 참고값: Warning, H315(54%)/H319(52%)/H335(51%)/H410(40%) - 문서 기재값이 아닌 참고용. | 원문: Product Name: Larvadex 2SL ... EPA Signal Word: Caution ... Eye Contact: Mildly irritating (Rabbit) Skin Contact: Slightly irritating (Rabbit)","[로컬PDF검증 2차조사·미해결] 제품(Larvadex 2SL, Cyromazine 2%)은 맞으나 1999년작 구형 MSDS로 GHS 신호어/H코드 체계 자체가 없음(EPA FIFRA 신호어 Caution만 존재). GHS 분류 섹션 부재로 확정 불가. | 원문: Product Name: Larvadex 2SL ... EPA Signal Word: Caution ... Eye Contact: Mildly irritating (Rabbit) Skin Contact: Slightly irritating (Rabbit) Skin Sensitization: Not a sensitizer (Guinea Pig)",변경,없음,확인 불가,파이프라인소비=아니오(build_input_v5.py 미참조 → X/y/group_key 무영향)
독성코드,검증근거,MIX291,[구조화DB신규조회 재시도·미해결: PubChem 성분 참고값(제품 SDS 아님)] Lawn 3FL Herbicide Granule은 상품명(3성분 제초제 혼합)이며 순물질이 아님. 대표 성분 Dicamba의 PubChem GHS만 참고 가능. | 원문: Dicamba(CID 3030): Signal Danger / H302: Harmful if swallowed; H318: Causes serious eye damage; H332: Harmful if inhaled; H335; H336; H400; H411.,추출정보 공란 + 출처 접근 실패(링크불가·403/404·로그인·못찾음),변경,없음,확인 불가,파이프라인소비=아니오(build_input_v5.py 미참조 → X/y/group_key 무영향)
독성코드,검증근거,MIX292,"[구조화DB신규조회 재시도·미해결: PubChem 성분 참고값(제품 SDS 아님)] Lawn 3FL2 Herbicide GR은 상품명(3성분 제초제 혼합)이며 순물질이 아님. ingredient_names에 'TCM; PC Code 015804' 등 정형 문구가 섞여 신뢰도 낮음. 대표 성분 Dicamba의 PubChem GHS만 참고 가능. | 원문: Dicamba(CID 3030): Signal Danger / H302, H318, H332, H335, H336, H400, H411.",추출정보 공란 + 출처 접근 실패(링크불가·403/404·로그인·못찾음),변경,없음,확인 불가,파이프라인소비=아니오(build_input_v5.py 미참조 → X/y/group_key 무영향)
독성코드,검증근거,MIX295,[구조화DB신규조회 재시도·미해결: PubChem 성분 참고값(제품 SDS 아님)] product_name 'LG Permethrin'은 브랜드 접두어(LG)가 붙은 상품명으로 순물질 명칭과 동일하지 않아 예외 규정(제품=순물질) 적용 불가. Permethrin의 PubChem GHS만 참고값으로 확인. | 원문: Permethrin(CID 40326): Signal Warning / H302: Harmful if swallowed; H317; H332: Harmful if inhaled; H400; H410.,추출정보 공란 + 출처 접근 실패(링크불가·403/404·로그인·못찾음),변경,없음,확인 불가,파이프라인소비=아니오(build_input_v5.py 미참조 → X/y/group_key 무영향)
독성코드,검증근거,MIX297,[구조화DB신규조회 재시도·미해결: PubChem 성분 참고값(제품 SDS 아님)] Liberty 280 SL Herbicide는 BASF 상품명이며 순물질이 아님. 대표 활성성분 Glufosinate-ammonium의 PubChem GHS만 참고 가능. | 원문: Glufosinate-ammonium(CID 53597): Signal Danger / H302: Harmful if swallowed; H312: Harmful in contact with skin; H332: Harmful if inhaled; H360Fd: May damage fertility; Suspected of damaging the unborn child; H373 **.,추출정보 공란 + 출처 접근 실패(링크불가·403/404·로그인·못찾음),변경,없음,확인 불가,파이프라인소비=아니오(build_input_v5.py 미참조 → X/y/group_key 무영향)
독성코드,검증근거,MIX298,"[2차재시도(우회) 재시도·미해결: PubChem 성분명 검색(성분 순물질 참고값)] SURMISE PRO(glufosinate 단일성분) 문서에 Atrazine 누락 재확인. Atrazine(CID2256) 순물질 참고: Warning, H317/H373/H400/H410. Liberty ATZ Herbicide(Glufosinate-ammonium+Atrazine) 완제품 SDS는 미확보. | 원문: H317: May cause an allergic skin reaction [Warning Sensitization, Skin]; H373/H400/H410","[웹조사 2차조사·미해결] (시도 출처: https://www.albaugh.com/docs/unitedstateslibraries/productfiles/surmise-pro-safety-data-sheet-.pdf?sfvrsn=fbc23a6d_1) 접속된 SDS는 'SURMISE PRO'(Albaugh, glufosinate-ammonium 단일 활성성분)이며 Atrazine이 전혀 포함되어 있지 않음 - 시트의 'Liberty ATZ Herbicide'(Glufosinate-ammonium+Atrazine 배합제)와 다른 제품. Atrazine 데이터 누락으로 이 제품 전체를 검증할 수 없음(다른 물질/제품 정보에 해당). | 원문: Product name: SURMISE PRO... glufosinate ammonium (Active substance) 23.8-25.2%... Signal word (GHS US): Danger. H317, H332, H360, H373. S",변경,없음,확인 불가,파이프라인소비=아니오(build_input_v5.py 미참조 → X/y/group_key 무영향)
독성코드,검증근거,MIX299,"[2차재시도(우회) 재시도·미해결: PubChem 성분명 검색(성분 순물질 참고값)] 이전 PDF(Corteva 살균제 JUSTICE)는 무관 제품으로 재확인됨. 성분 순물질 참고값: Bifenthrin(CID6442842) Danger H300/H317/H331/H351/H372/H400/H410; Clothianidin(CID86287519) Danger/Warning H302/H361f/H370/H400/H410. Justice Insecticide 완제품 자체 SDS는 미확보. | 원문: H300: Fatal if swallowed [Danger Acute toxicity, oral]; H331: Toxic if inhaled; H351: Suspected of causing cancer","[로컬PDF검증 2차조사·미해결] PDF은 Corteva의 프로퀴나지드(proquinazid) 살균제 'JUSTICE'로, 클로티아니딘+비펜트린 살충제 'Justice Insecticide'와 회사·용도·활성성분이 모두 다른 제품. | 원문: Trade name : JUSTICE™ ... Use of the Substance/Mixture : Fungicide ... proquinazid (ISO) ... 189278-12-4",변경,없음,확인 불가,파이프라인소비=아니오(build_input_v5.py 미참조 → X/y/group_key 무영향)
독성코드,검증근거,MIX30,"[구조화DB신규조회 재시도·미해결: PubChem 성분 참고값(제품 SDS 아님)] Allectus SC Insecticide는 살충성분(Imidacloprid, Bifenthrin)과 비료 성분(요소, 인산염 등)이 혼합된 상품이며 순물질이 아님. 첫 표기 활성성분 Imidacloprid의 PubChem GHS만 참고 가능. | 원문: Imidacloprid(CID 86287518): Signal Danger / H301: Toxic if swallowed; H400: Very toxic to aquatic life; H410: Very toxic to aquatic life with long lasting effects.",추출정보 공란 + 출처 접근 실패(링크불가·403/404·로그인·못찾음),변경,없음,확인 불가,파이프라인소비=아니오(build_input_v5.py 미참조 → X/y/group_key 무영향)
독성코드,검증근거,MIX300,[구조화DB신규조회 재시도·미해결: PubChem 성분 참고값(제품 SDS 아님)] Lonza Formulation R-82는 내부 제형 코드(4급암모늄 살균/계면활성제 혼합)이며 순물질이 아님. 식별 가능한 대표 성분 Didecyldimethylammonium chloride의 PubChem GHS만 참고 가능. | 원문: Didecyldimethylammonium chloride(CID 23558): Signal Danger / H302: Harmful if swallowed; H314: Causes severe skin burns and eye damage.,추출정보 공란 + 출처 접근 실패(링크불가·403/404·로그인·못찾음),변경,없음,확인 불가,파이프라인소비=아니오(build_input_v5.py 미참조 → X/y/group_key 무영향)
독성코드,검증근거,MIX303,"[구조화DB신규조회: PubChem 명칭검색+GHS Classification 확인(제품=순물질)] product_name 'Mecoprop-P Acid'는 ingredient_names의 'Mecoprop-P'/'2-(4-Chloro-2-methylphenoxy)propanoic acid'와 동일 물질(산 형태)이므로 예외 인정. PubChem에서 Mecoprop-P(라세믹 아님, R-이성질체 자체) 물질로 직접 확인되어 기존 메모의 '라세믹 대체값' 문제를 해소함. 눈손상(H318)은 구분1, 피부자극/과민성 코드는 없어 Not classified. | 원문: Mecoprop-P(CID 185588): Signal Danger / H302 (100%): Harmful if swallowed; H318 (100%): Causes serious eye damage; H400 (74.9%); H410 (74.9%); H411 (25.1%).",추출값은 있으나 출처 전무,변경,없음,확인 불가,파이프라인소비=아니오(build_input_v5.py 미참조 → X/y/group_key 무영향)
독성코드,검증근거,MIX304,[구조화DB신규조회 재시도·미해결: PubChem 성분 참고값(제품 SDS 아님)] Medallion은 Syngenta 상품명(광물유+Fludioxonil 제형)이며 순물질이 아님. Fludioxonil의 PubChem GHS만 참고 가능. | 원문: Fludioxonil(CID 86398): Signal Warning / H400: Very toxic to aquatic life; H410: Very toxic to aquatic life with long lasting effects.,추출정보 공란 + 출처 접근 실패(링크불가·403/404·로그인·못찾음),변경,없음,확인 불가,파이프라인소비=아니오(build_input_v5.py 미참조 → X/y/group_key 무영향)
독성코드,검증근거,MIX305,[2차재시도(우회) 재시도·미해결: PubChem 성분명 검색(성분 순물질 참고값)] 이전 PDF(MEDICLEAN DISINFECTANT SPRAY PLUS)는 성분이 다른 무관 제품으로 재확인됨. 성분 순물질 참고값: Chlorophene(CID8425) Danger H315/H317/H318/H332/H351/H361f/H373/H400; 2-tert-Amylphenol(CID76769) Danger H302/H311/H314/H318/H332/H410/H411; 2-Phenylphenol(CID7017) Danger H314/H317/H318/H351/H400/H410. Mediclean Carpet Sanitizer 완제품 자체 SDS는 미확보. | 원문: H314: Causes severe skin burns and eye damage [Danger Skin corrosion/irritation]; H318: Causes serious eye damage,[로컬PDF검증 2차조사·미해결] PDF은 'MEDICLEAN DISINFECTANT SPRAY PLUS'로 제품명이 다르고 성분도 2-Propanol/Benzethonium Chloride/2-Hydroxybiphenyl 조합이며 ingredient_names의 Clorophene·tert-Amylphenol이 없음(성분 불일치). | 원문: Product Name MEDICLEAN DISINFECTANT SPRAY PLUS ... Chemical Name CAS No. Weight-% ... 2-Propanol 67-63-0 3-7 ... Benzethonium Chloride 121-54-0 .1-1 ... 2-Hydroxybiphenyl 90-43-7 .1-1,변경,없음,확인 불가,파이프라인소비=아니오(build_input_v5.py 미참조 → X/y/group_key 무영향)
독성코드,검증근거,MIX306,"[구조화DB신규조회 재시도·미해결: 구조화 DB 조회 실패, 이름 매칭 안 됨] ingredient_names 필드가 'No'로 손상되어 유효성분명을 추출할 수 없음. product_name도 내부 제형 코드(Lonza Formulation FC-600)로 PubChem 명칭검색 대상이 되지 않아 조회 자체가 불가능함. | 원문: ",추출정보 공란 + 출처 접근 실패(링크불가·403/404·로그인·못찾음),변경,없음,확인 불가,파이프라인소비=아니오(build_input_v5.py 미참조 → X/y/group_key 무영향)
독성코드,검증근거,MIX308,[구조화DB신규조회 재시도·미해결: PubChem 성분 참고값(제품 SDS 아님)] LPI 6365-18은 내부 제형 코드이며 순물질이 아님. 주 활성성분으로 표기된 Azoxystrobin의 PubChem GHS만 참고 가능. | 원문: Azoxystrobin(CID 3034285): Signal Danger / H331: Toxic if inhaled; H400: Very toxic to aquatic life; H410: Very toxic to aquatic life with long lasting effects.,추출정보 공란 + 출처 접근 실패(링크불가·403/404·로그인·못찾음),변경,없음,확인 불가,파이프라인소비=아니오(build_input_v5.py 미참조 → X/y/group_key 무영향)
독성코드,검증근거,MIX310,"[구조화DB신규조회: PubChem 명칭검색+GHS Classification 확인(제품=순물질)] product_name이 'Mesosulfuron-methyl' 자체이며 ingredient_names도 동일 물질(및 나트륨염)로 예외 인정. 기존 추출정보(Warning/H410)와 부합하며 H400도 함께 확인됨. 인체 유해성(눈/피부/과민성) 관련 H-code 없어 모두 Not classified 처리, 이는 기존 메모의 'cat_eye_ghs=2B 힌트와 미대응' 지적과도 일치. | 원문: Mesosulfuron-methyl(CID 11409499): Signal Warning / H400: Very toxic to aquatic life; H410: Very toxic to aquatic life with long lasting effects.",추출값은 있으나 출처 전무,변경,없음,확인 불가,파이프라인소비=아니오(build_input_v5.py 미참조 → X/y/group_key 무영향)
독성코드,검증근거,MIX313,"[구조화DB신규조회 재시도·미해결: PubChem 성분 참고값(제품 SDS 아님)] product_name에 '50WG'(수분산성 입제, 50% 활성성분 함량) 표기가 있어 제형화된 상품이며 순물질이 아님. 원제 Mesotrione의 PubChem GHS만 참고 가능. | 원문: Mesotrione(CID 175967): Signal Warning / H361d: Suspected of damaging the unborn child; H373: May causes damage to organs through prolonged or repeated exposure; H400; H410.",추출값은 있으나 출처 전무,변경,없음,확인 불가,파이프라인소비=아니오(build_input_v5.py 미참조 → X/y/group_key 무영향)
독성코드,검증근거,MIX314,[구조화DB신규조회 재시도·미해결: PubChem 성분 참고값(제품 SDS 아님)] product_name에 '4%' 함량 표기가 있어 완제 미끼(96%는 불활성 담체)이며 순물질이 아님. 원료 Metaldehyde의 PubChem GHS만 참고 가능. | 원문: Metaldehyde(CID 61021): Signal Danger / H228: Flammable solid; H301: Toxic if swallowed; H361f: Suspected of damaging fertility; H412: Harmful to aquatic life with long lasting effects.,추출값은 있으나 출처 전무,변경,없음,확인 불가,파이프라인소비=아니오(build_input_v5.py 미참조 → X/y/group_key 무영향)
독성코드,검증근거,MIX315,"[구조화DB신규조회: PubChem 명칭검색+GHS Classification 확인(제품=순물질)] product_name 'Metrafenone Fungicide'는 브랜드명이 아닌 일반명+제형 구분자이며 ingredient_names도 'Metrafenone' 단일 성분만 존재해 순물질로 판단, 예외 인정. 급성경구/경피 관련 코드는 확인되지 않아 기존 메모와 일치. | 원문: Metrafenone(CID 6451057): Signal Warning / H400 (99.6%): Very toxic to aquatic life; H410 (83.3%): Very toxic to aquatic life with long lasting effects.",추출값은 있으나 출처 전무,변경,없음,확인 불가,파이프라인소비=아니오(build_input_v5.py 미참조 → X/y/group_key 무영향)
독성코드,검증근거,MIX316,[구조화DB신규조회 재시도·미해결: PubChem 성분 참고값(제품 SDS 아님)] Metribuzin+Flufenacet는 2개 활성성분과 카올린 등 불활성 담체가 포함된 제형화 상품이며 순물질이 아님. 첫 표기 성분 Metribuzin의 PubChem GHS만 참고 가능. | 원문: Metribuzin(CID 30479): Signal Warning / H302: Harmful if swallowed; H373: May causes damage to organs through prolonged or repeated exposure; H400; H410.,추출값은 있으나 출처 전무,변경,없음,확인 불가,파이프라인소비=아니오(build_input_v5.py 미참조 → X/y/group_key 무영향)
독성코드,검증근거,MIX317,[구조화DB신규조회 재시도·미해결: PubChem 성분 참고값(제품 SDS 아님)] M920 Insecticide는 내부 제형 코드(파라핀왁스/메타크릴레이트 캡슐화 서방형 제형)이며 순물질이 아님. 활성성분 Imidacloprid의 PubChem GHS만 참고 가능. | 원문: Imidacloprid(CID 86287518): Signal Danger / H301: Toxic if swallowed; H400; H410.,추출정보 공란 + 출처 접근 실패(링크불가·403/404·로그인·못찾음),변경,없음,확인 불가,파이프라인소비=아니오(build_input_v5.py 미참조 → X/y/group_key 무영향)
독성코드,검증근거,MIX32,"[구조화DB신규조회 재시도·미해결: PubChem 성분 참고값(제품 SDS 아님)] ingredient_names 필드가 'Content (W/W)'로 손상되어 직접 추출 불가. 기존 메모에서 pomerix.com(EPA Reg 83923-7) 조사를 근거로 유효성분을 Abamectin으로 추정(동일 등록자의 'Abathor' 제품과 제품명 표기 차이 있음)했는데, 이를 참고해 Abamectin의 PubChem GHS만 참고값으로 재확인. 제품명 표기 불일치로 제품 확정 불가. | 원문: Abamectin(CID 9920327): Signal Danger / H300: Fatal if swallowed; H330: Fatal if inhaled; H361d: Suspected of damaging the unborn child; H372; H400; H410.",추출값은 있으나 출처 전무,변경,없음,확인 불가,파이프라인소비=아니오(build_input_v5.py 미참조 → X/y/group_key 무영향)
독성코드,검증근거,MIX321,[구조화DB신규조회 재시도·미해결: PubChem 성분 참고값(제품 SDS 아님)] MGK 29461은 내부 제형 코드로 추정되며 피레트린류+4급암모늄염 등 이례적으로 많은 성분이 혼합되어 있어 순물질이 아님. 첫 표기 성분 Pyrethrins의 PubChem GHS만 참고 가능. | 원문: Pyrethrins(CID 60202781): Signal Warning / H302 (89.4%): Harmful if swallowed; H312 (90.4%): Harmful in contact with skin; H332 (93.3%): Harmful if inhaled; H400 (91.3%); H410 (89.4%).,추출정보 공란 + 출처 접근 실패(링크불가·403/404·로그인·못찾음),변경,없음,확인 불가,파이프라인소비=아니오(build_input_v5.py 미참조 → X/y/group_key 무영향)
독성코드,검증근거,MIX325,[구조화DB신규조회 재시도·미해결: PubChem 성분 참고값(제품 SDS 아님)] MGK F-2862는 내부 제형 코드로 추정되며 순물질이 아님. 목록 끝에 표기된 대표 살충 활성성분 Bifenthrin의 PubChem GHS만 참고 가능. | 원문: Bifenthrin(CID 6442842): Signal Danger / H300: Fatal if swallowed; H317; H331: Toxic if inhaled; H351; H372; H400; H410.,추출정보 공란 + 출처 접근 실패(링크불가·403/404·로그인·못찾음),변경,없음,확인 불가,파이프라인소비=아니오(build_input_v5.py 미참조 → X/y/group_key 무영향)
독성코드,검증근거,MIX326,[구조화DB신규조회 재시도·미해결: PubChem 성분 참고값(제품 SDS 아님)] MGK Fogging Concentrate 2922는 내부 제형 코드(피레트로이드류+곤충성장조절제 혼합)이며 순물질이 아님. 성분 중 NYLAR(Pyriproxyfen)의 PubChem GHS만 참고 가능. | 원문: Pyriproxyfen(CID 91753): Signal Warning / H400: Very toxic to aquatic life; H410: Very toxic to aquatic life with long lasting effects.,추출정보 공란 + 출처 접근 실패(링크불가·403/404·로그인·못찾음),변경,없음,확인 불가,파이프라인소비=아니오(build_input_v5.py 미참조 → X/y/group_key 무영향)
독성코드,검증근거,MIX327,"[구조화DB신규조회 재시도·미해결: PubChem 성분 참고값(제품 SDS 아님)] MCM 437의 ingredient_names에 'a brand of 7N FREUDENBERG', 'OKS 476' 등 윤활제 브랜드명이 혼입되어 있어 데이터 신뢰도가 낮음. 그 중 식별 가능한 농약 성분 Fipronil의 PubChem GHS만 참고 가능. | 원문: Fipronil(CID 3352): Signal Danger / H301: Toxic if swallowed; H311: Toxic in contact with skin; H331: Toxic if inhaled; H372 *; H400; H410.",추출정보 공란 + 출처 접근 실패(링크불가·403/404·로그인·못찾음),변경,없음,확인 불가,파이프라인소비=아니오(build_input_v5.py 미참조 → X/y/group_key 무영향)
독성코드,검증근거,MIX328,[구조화DB신규조회 재시도·미해결: PubChem 성분 참고값(제품 SDS 아님)] MGK Formula 2960은 내부 제형 코드(방충제+살충제 혼합)이며 순물질이 아님. 목록 끝에 표기된 Imidacloprid의 PubChem GHS만 참고 가능. | 원문: Imidacloprid(CID 86287518): Signal Danger / H301: Toxic if swallowed; H400; H410.,추출정보 공란 + 출처 접근 실패(링크불가·403/404·로그인·못찾음),변경,없음,확인 불가,파이프라인소비=아니오(build_input_v5.py 미참조 → X/y/group_key 무영향)
독성코드,검증근거,MIX329,[2차재시도(우회) 재시도·미해결: PubChem 성분명 검색(성분 순물질 참고값)] 이전 PDF(비타민B1 SDS)는 완전히 무관한 문서로 재확인됨. 성분 순물질 참고값: Furilazole(CID86187) Warning H302/H317/H411; Atrazine(CID2256) Warning H317/H373/H400/H410; Acetochlor(CID1988) Warning H315/H317/H332/H335/H351/H361f/H373/H400. Mon 58416 완제품 자체 SDS는 미확보. | 원문: 2.1 Classification of the substance or mixture Not a hazardous substance or mixture. (Thiamine mononitrate - 무관 확인),[로컬PDF검증 2차조사·미해결] pdf_path 문서는 비타민B1(Thiamine mononitrate)의 Sigma-Aldrich SDS로 Mon 58416(Furilazole/Atrazine/Acetochlor)과 전혀 무관함(메모와 일치). | 원문: Product name : Thiamine mononitrate ... 2.1 Classification of the substance or mixture Not a hazardous substance or mixture.,변경,없음,확인 불가,파이프라인소비=아니오(build_input_v5.py 미참조 → X/y/group_key 무영향)
독성코드,검증근거,MIX330,[구조화DB신규조회 재시도·미해결: PubChem 성분 참고값(제품 SDS 아님)] MGK Formula 2976은 내부 제형 코드이며 순물질이 아님. 대표 성분 Abamectin의 PubChem GHS만 참고 가능. | 원문: Abamectin(CID 9920327): Signal Danger / H300: Fatal if swallowed; H330: Fatal if inhaled; H361d; H372; H400; H410.,추출정보 공란 + 출처 접근 실패(링크불가·403/404·로그인·못찾음),변경,없음,확인 불가,파이프라인소비=아니오(build_input_v5.py 미참조 → X/y/group_key 무영향)
독성코드,검증근거,MIX331,[구조화DB신규조회 재시도·미해결: PubChem 성분 참고값(제품 SDS 아님)] Mon 58494는 Monsanto 내부 포뮬러 코드(3성분 제초제 혼합)이며 순물질이 아님. 성분 중 Atrazine의 PubChem GHS만 참고 가능. | 원문: Atrazine(CID 2256): Signal Warning / H317: May cause an allergic skin reaction; H373 **; H400; H410.,추출정보 공란 + 출처 접근 실패(링크불가·403/404·로그인·못찾음),변경,없음,확인 불가,파이프라인소비=아니오(build_input_v5.py 미참조 → X/y/group_key 무영향)
독성코드,검증근거,MIX332,[구조화DB신규조회 재시도·미해결: PubChem 성분 참고값(제품 SDS 아님)] MGK Formula 2980은 내부 제형 코드이며 순물질이 아님. 성분 중 Permethrin의 PubChem GHS만 참고 가능. | 원문: Permethrin(CID 40326): Signal Warning / H302: Harmful if swallowed; H317; H332: Harmful if inhaled; H400; H410.,추출정보 공란 + 출처 접근 실패(링크불가·403/404·로그인·못찾음),변경,없음,확인 불가,파이프라인소비=아니오(build_input_v5.py 미참조 → X/y/group_key 무영향)
독성코드,검증근거,MIX333,"[2차재시도(우회) 재시도·미해결: curl+pdftotext 재시도 + PubChem 성분 참고] PDF를 재다운로드하여 재추출했으나 동일하게 Adipic Acid Monomethyl Ester(CAS 627-91-8) 단일성분 SDS이며 Acetochlor 미포함, 완제품(Mon 8411) 불일치 재확인. Acetochlor(CID1988) 순물질 참고: Warning H315/H317/H332/H335/H351/H361f/H373/H400. | 원문: CAS# 627-91-8 Chemical Name Adipic Acid Monomethyl Ester Percent 98% EINECS/ELINCS 211-019-0",[웹조사 2차조사·미해결] (시도 출처: https://pim-resources.coleparmer.com/sds/01536.pdf) PDF는 수신되었으나(44.1KB) 텍스트 추출 불가. 메모에서도 이 SDS는 Acetochlor 미포함 단일원료(Adipic Acid Monomethyl Ester) MSDS로 완제품(Mon 8411)과 불일치한다고 명시되어 있어 근거 재확인 필요. | 원문: 접속 실패 - PDF 파일은 FlateDecode로 압축된 바이너리 형식이어서 직접 텍스트 추출이 어렵습니다,변경,없음,확인 불가,파이프라인소비=아니오(build_input_v5.py 미참조 → X/y/group_key 무영향)
독성코드,검증근거,MIX336,"[구조화DB신규조회 재시도·미해결: PubChem 성분 참고값(제품 SDS 아님)] Multicide Crawling Insect Killer 28651은 Wellmark International 상품명(에어로졸, 다수 피레트로이드 혼합)이며 순물질이 아님. 목록 끝에 표기된 Cypermethrin의 PubChem GHS만 참고 가능. | 원문: Cypermethrin(CID 2912): Signal Warning / H302: Harmful if swallowed; H332: Harmful if inhaled; H335; H373; H400; H410.",추출정보 공란 + 출처 접근 실패(링크불가·403/404·로그인·못찾음),변경,없음,확인 불가,파이프라인소비=아니오(build_input_v5.py 미참조 → X/y/group_key 무영향)
독성코드,검증근거,MIX338,"[2차재시도(우회): curl+pdftotext 재시도] PDF를 재다운로드하여 정상적으로 텍스트가 추출됨(이전 회차 텍스트추출 실패 판단 정정). 이 SDS는 Mycostat BX2가 표면처리된 실제 완제품(Southern Pine Lumber – Mycostat Treated, Weyerhaeuser)의 SDS로 확인됨. 조성: Wood(wood dust) 99-100%, Mycostat BX2 residual <0.1%(wt%). | 원문: Signal Word: DANGER ... Carcinogen- Category 1A (H350)* Wood dust may cause nasopharyngeal cancer ... Skin Irritation Category 2 (H315) ... Eye Irritation Category 2B (H320)",[웹조사 2차조사·미해결] (시도 출처: https://www.weyerhaeuser.com/application/files/9115/1311/1308/Southern_Pine_Lumber-Mycostat_Treated.pdf) PDF 수신(234KB)됐으나 텍스트 추출 불가하여 Mycostat BX2(Propiconazole)와 목분진(wood dust) 분류 충돌 여부 확인 못함. | 원문: 접속 실패 - PDF 콘텐츠가 손상되거나 인코딩 오류가 있어 Section11의 Propiconazole/borax 개별성분 독성값을 추출할 수 없음,변경,없음,확인 불가,파이프라인소비=아니오(build_input_v5.py 미참조 → X/y/group_key 무영향)
독성코드,검증근거,MIX34,"[구조화DB신규조회 재시도·미해결: PubChem 성분 참고값(제품 SDS 아님)] Aloft GC SC Insecticide는 상품명(2성분 살충제 혼합)이며 순물질이 아님. 기존 추출정보(Danger, 경구독성3등급 등)는 있으나 출처가 없어 여전히 재검토 필요. 성분 Clothianidin의 PubChem GHS를 참고값으로 추가 확인. | 원문: Clothianidin(CID 86287519): Signal Danger / H302: Harmful if swallowed; H361f: Suspected of damaging fertility; H370: Causes damage to organs; H400; H410.",추출값은 있으나 출처 전무,변경,없음,확인 불가,파이프라인소비=아니오(build_input_v5.py 미참조 → X/y/group_key 무영향)
독성코드,검증근거,MIX340,[구조화DB신규조회 재시도·미해결: PubChem 성분 참고값(제품 SDS 아님)] Nab Nicho Tech의 성분 조합(살균제 성분인 차아염소산나트륨 + 제초제 성분인 니코설퓨론)이 이례적이라 데이터 오류 가능성이 이미 지적됨. 제초제 활성성분 Nicosulfuron의 PubChem GHS만 참고 가능하며 제품 확정 불가. | 원문: Nicosulfuron(CID 73281): Signal Warning / H315 (28.1%): Causes skin irritation; H319 (27.5%); H400 (95%); H410 (95%).,추출정보 공란 + 출처 접근 실패(링크불가·403/404·로그인·못찾음),변경,없음,확인 불가,파이프라인소비=아니오(build_input_v5.py 미참조 → X/y/group_key 무영향)
독성코드,검증근거,MIX341,"[구조화DB신규조회 재시도·미해결: PubChem 성분 참고값(제품 SDS 아님)] product_name에 '80WG'(수분산성 입제, 80% 함량) 표기가 있어 제형화된 상품이며 순물질이 아님. 원료 Fipronil의 PubChem GHS만 참고 가능. | 원문: Fipronil(CID 3352): Signal Danger / H301: Toxic if swallowed; H311: Toxic in contact with skin; H331: Toxic if inhaled; H372 *; H400; H410.",추출정보 공란 + 출처 접근 실패(링크불가·403/404·로그인·못찾음),변경,없음,확인 불가,파이프라인소비=아니오(build_input_v5.py 미참조 → X/y/group_key 무영향)
독성코드,검증근거,MIX342,"[2차재시도(우회) 재시도·미해결: PubChem 성분 참고값 보완] Fosthiazate(CID91758) 순물질 참고: Danger H301/H312/H317/H331/H400/H410. 기존 로컬문서(Nemathorin 10G, 과립제형)는 Danger H301/H411로 유사하나 대상 제형(500EC, 액상)과 달라 그대로 확정할 수 없음. | 원문: NEMATHORIN 10 G ... Physical state : pellets ... Signal word : Danger ... H301 Toxic if swallowed. H411 Toxic to aquatic life with long lasting effects.","[로컬PDF검증 2차조사·미해결] PDF은 활성성분(fosthiazate)은 동일하나 제형이 'Nemathorin 10 G'(과립, pellets)로 대상 행의 'Nemathorin 500EC'(액상 농축제)와 다른 제형/제품이며, 신호어·H코드가 제형에 따라 상이할 수 있어 그대로 확정 불가. | 원문: NEMATHORIN 10 G ... Physical state : pellets ... Signal word : Danger ... H301 Toxic if swallowed. H411 Toxic to aquatic life with long lasting effects.",변경,없음,확인 불가,파이프라인소비=아니오(build_input_v5.py 미참조 → X/y/group_key 무영향)
독성코드,검증근거,MIX343,"[2차재시도(우회) 재시도·미해결: PubChem 성분명 검색(성분 순물질 참고값)] 이전 PDF(AquaPrime NeoKlor, 액상 아염소산나트륨)는 제형·성분이 다른 무관 제품으로 재확인됨. Troclosene sodium은 Sodium dichloroisocyanurate와 동일 물질(CID517202) 확인, 순물질 참고: Danger H272/H302/H319/H335/H400/H410. Neo Chlor Spa Angel Tab(정제) 완제품 자체 SDS는 미확보. | 원문: AquaPrime® NeoKlor ... Product Identifier: 7.5% Sodium Chlorite Solution ... Signal Word: DANGER (제품 불일치 재확인)","[로컬PDF검증 2차조사·미해결] PDF은 Neogen 'AquaPrime NeoKlor'(7.5% 차아염소산나트륨... 정확히는 아염소산나트륨 수용액)로 제품명이 다르고, ingredient_names의 Troclosene sodium이 전혀 없으며 물리적 형태도 액상 vs 정제(Tab)로 상이함. | 원문: AquaPrime® NeoKlor ... Product Identifier: 7.5% Sodium Chlorite Solution ... Signal Word: DANGER",변경,없음,확인 불가,파이프라인소비=아니오(build_input_v5.py 미참조 → X/y/group_key 무영향)
독성코드,검증근거,MIX344,"[구조화DB신규조회 재시도·미해결: PubChem 성분 참고값(제품 SDS 아님)] product_name에 '25G'(입제, 25% 함량) 표기가 있어 제형화된 상품이며 순물질이 아님. 기존 메모에서 유사명 'Neporex 2SG' 제품은 제형/제품명 불일치로 사용하지 않았다고 이미 밝힘. 원료 Cyromazine의 PubChem GHS만 참고 가능. | 원문: Cyromazine(CID 47866): Signal Warning / H315 (53.7%): Causes skin irritation; H319 (52.4%); H335 (51.2%); H410 (40.2%).",추출정보 공란 + 성분 불일치(다른 제품 SDS 의심),변경,없음,확인 불가,파이프라인소비=아니오(build_input_v5.py 미참조 → X/y/group_key 무영향)
독성코드,검증근거,MIX345,"[2차재시도(우회) 재시도·미해결: PubChem 성분명 검색(성분 순물질 참고값)] 기존 도료 SDS는 1-methoxy-2-propanol, cobaltous neodecanoate는 일치하나 Maleic hydrazide 누락 재확인. Maleic hydrazide(CID21954) 순물질 참고: Warning H302/H315/H319/H335/H341(56%). NEU1171H 완제품 자체 확정 불가. | 원문: H315 (100%): Causes skin irritation [Warning Skin corrosion/irritation]; H319 (100%): Causes serious eye irritation","[로컬PDF검증 2차조사·미해결] PDF은 PPG의 코팅제(도료) SDS로 제품 용도 자체가 다름. 1-methoxy-2-propanol과 neodecanoic acid cobalt salt(Cobaltous neodecanoate)는 일치하나 Maleic hydrazide 성분이 없고 무관한 탄화수소 용제가 포함되어 제품 불일치로 판단. | 원문: Product name : SIGMADUR ONE (TINTED) ... Use of the substance/mixture : Coating. ... Hydrocarbons, C9-C11, n-alkanes, isoalkanes, cyclics, <2% aromatics",변경,없음,확인 불가,파이프라인소비=아니오(build_input_v5.py 미참조 → X/y/group_key 무영향)
독성코드,검증근거,MIX348,"[구조화DB신규조회 재시도·미해결: PubChem 성분 참고값(제품 SDS 아님)] product_name에 '40SC'(액상수화제, 40% 함량) 표기가 있어 제형화된 상품이며 순물질이 아님. 원료 Nicosulfuron의 PubChem GHS만 참고 가능. | 원문: Nicosulfuron(CID 73281): Signal Warning / H315 (28.1%): Causes skin irritation; H319 (27.5%); H400 (95%); H410 (95%).",추출정보 공란 + 출처 접근 실패(링크불가·403/404·로그인·못찾음),변경,없음,확인 불가,파이프라인소비=아니오(build_input_v5.py 미참조 → X/y/group_key 무영향)
독성코드,검증근거,MIX349,"[2차재시도(우회) 재시도·미해결: 재시도 불필요(구형 EPA 라벨, GHS 섹션 없음) + PubChem 성분 참고] 제품 자체는 Mesurol 75-W(수화제)로 대상 제품(Molluscicide Mesurol 2% Bait, 미끼제)과 제형·농도가 다르며 GHS 신호어/H코드 자체가 없는 구형 EPA 라벨임 - 판단 유지. 성분(Methiocarb, CID16248) 참고값: Danger, H301/H400/H410 - 문서 기재값이 아닌 참고용. | 원문: Product: Mesurol® 75-W ... EPA Signal Word: Danger-Poison ... Active Ingredient: Methiocarb (75.0%)","[로컬PDF검증 2차조사·미해결] PDF은 'Mesurol 75-W'(75% 수화제, WP)로 대상 제품 'Molluscicide Mesurol 2% Bait'(2% 미끼제)와 제형·농도가 다르며, GHS 신호어/H코드 자체가 없는 구형 EPA 라벨 형식 문서임. | 원문: Product: Mesurol® 75-W ... EPA Signal Word: Danger-Poison ... Active Ingredient: Methiocarb (75.0%)",변경,없음,확인 불가,파이프라인소비=아니오(build_input_v5.py 미참조 → X/y/group_key 무영향)
독성코드,검증근거,MIX352,"[구조화DB신규조회 재시도·미해결: PubChem 성분 참고값(제품 SDS 아님)] NipsIt Canola Suite는 Clothianidin/Metconazole/Metalaxyl 등 복합 종자처리제로 제품=순물질 아님. 대표 유효성분 Clothianidin의 PubChem ECHA 집계자료만 확보, 제품 SDS는 여전히 미확인. | 원문: Clothianidin (CID 86287519), ECHA C&L 집계: Signal Warning; H302 (100%): Harmful if swallowed; H400 (100%): Very toxic to aquatic life; H410 (100%): Very toxic to aquatic life with long lasting effects",추출정보 공란 + 출처 접근 실패(링크불가·403/404·로그인·못찾음),변경,없음,확인 불가,파이프라인소비=아니오(build_input_v5.py 미참조 → X/y/group_key 무영향)
독성코드,검증근거,MIX355,"[구조화DB신규조회 재시도·미해결: PubChem 성분 참고값(제품 SDS 아님)] Olympus Seed Treatment 3은 Propoxycarbazone-sodium+Imidacloprid 복합 종자처리제로 순물질 아님; 대표성분(첫 기재) PubChem 자료만 확보, 제품 SDS 미확인. | 원문: Propoxycarbazone-sodium (CID 12056759): Signal Warning; H400 (100%): Very toxic to aquatic life; H410 (100%): Very toxic to aquatic life with long lasting effects",추출정보 공란 + 미분류 메모: 검색 도구가 이 세션에서 정상 작동하지 않음(브랜드명 'Olympus'로,변경,없음,확인 불가,파이프라인소비=아니오(build_input_v5.py 미참조 → X/y/group_key 무영향)
독성코드,검증근거,MIX357,"[구조화DB신규조회 재시도·미해결: PubChem 성분 참고값(제품 SDS 아님)] DuPont Prequel은 Rimsulfuron+Isoxaflutole 복합 제초제로 순물질 아님; 기존 추출정보의 '발암성 의심(Cat2)/STOT-RE Cat2'는 두 성분 모두의 PubChem 자료(H351·H373 없음)와 불일치하여 근거 재확인 필요. | 원문: Rimsulfuron (CID 91779): Signal Warning; H317(14.2%), H319(44.2%), H400(52.2%), H410(53.1%). Isoxaflutole (CID 84098): Signal Warning; H361(35.4%)/H361d(65%), H400(100%), H410(100%)",추출값은 있으나 출처 전무,변경,없음,확인 불가,파이프라인소비=아니오(build_input_v5.py 미참조 → X/y/group_key 무영향)
독성코드,검증근거,MIX358,[구조화DB신규조회 재시도·미해결: PubChem 성분 참고값(제품 SDS 아님)] Prevamite는 Bifenazate 단일 활성성분을 사용한 제형 살비제(트레이드네임)로 제품=순물질 아님(용매/계면활성제 등 포함 추정); PubChem 성분 참고값이 기존 추출정보와 대체로 부합함을 확인. | 원문: Bifenazate (CID 176879): Signal Warning; H317 (100%): May cause an allergic skin reaction; H319 (20%): Causes serious eye irritation; H373 (100%); H400 (100%); H410 (100%),추출값은 있으나 출처 전무,변경,없음,확인 불가,파이프라인소비=아니오(build_input_v5.py 미참조 → X/y/group_key 무영향)
독성코드,검증근거,MIX359,"[구조화DB신규조회 재시도·미해결: PubChem 성분 참고값(제품 SDS 아님)] Preventol A14-D는 Diuron/Carbendazim/Octhilinone 복합 방부제로 순물질 아님; 대표성분 Carbendazim PubChem 자료만 확보, LANXESS 제품 SDS는 여전히 접근 불가. | 원문: Carbendazim (CID 25429): Signal Danger; H317(27.9%), H340(99.6%), H360(74%)/H360FD(25.6%), H400(98.1%), H410(99.7%)","추출정보 공란 + 미분류 메모: LANXESS SDS는 로그인 필요, 검색엔진(Google/Bing) 결",변경,없음,확인 불가,파이프라인소비=아니오(build_input_v5.py 미참조 → X/y/group_key 무영향)
독성코드,검증근거,MIX36,"[구조화DB신규조회 재시도·미해결: PubChem 성분 참고값(제품 SDS 아님)] AXIAL BIA는 Pinoxaden 단일활성 제형 제초제로 제품=순물질 아님; PubChem 순물질 집계자료가 기존 제품SDS 대체값(H227/H304/H351/H373 등)과 다수 불일치해 제형 특유 성분 영향으로 추정, 제품 SDS 미확인. | 원문: Pinoxaden (CID 210326): Signal Warning; H302+H332(58.4%), H315(20.8%), H317(83.2%), H319(100%), H332(100%), H335(100%), H361d(58.4%), H400(74.8%), H410(28.8%), H412(81.9%)",추출값은 있으나 출처 전무,변경,없음,확인 불가,파이프라인소비=아니오(build_input_v5.py 미참조 → X/y/group_key 무영향)
독성코드,검증근거,MIX360,"[구조화DB신규조회 재시도·미해결: PubChem 성분 참고값(제품 SDS 아님)] Preventol BIT 20N은 BIT를 용도별로 300~30,000ppm 수준으로 희석한 제형이며 순물질 아님; PubChem BIT 순물질 자료만 확보, LANXESS SDS는 여전히 접근 불가. | 원문: 1,2-Benzisothiazol-3(2H)-one/BIT (CID 17520): Signal Danger; H302(>99.9%), H315(99.8%), H317(>99.9%), H318(>99.9%), H400(99.5%), H410(14.3%), H411(12.1%)",추출정보 공란 + 출처 접근 실패(링크불가·403/404·로그인·못찾음),변경,없음,확인 불가,파이프라인소비=아니오(build_input_v5.py 미참조 → X/y/group_key 무영향)
독성코드,검증근거,MIX361,"[구조화DB신규조회 재시도·미해결: PubChem 성분 참고값(제품 SDS 아님)] Preventol P 91은 magnesium nitrate/이소티아졸리논류/Bronopol 복합 방부제로 순물질 아님; 대표성분 Bronopol PubChem 자료만 확보. | 원문: Bronopol (CID 2450): Signal Danger; H301(14.4%), H302(85.5%), H312(99.6%), H315(>99.9%), H318(>99.9%), H331(10%), H335(99.9%), H400(>99.9%), H410(15.4%)/H411(12.4%)",추출정보 공란 + 출처 접근 실패(링크불가·403/404·로그인·못찾음),변경,없음,확인 불가,파이프라인소비=아니오(build_input_v5.py 미참조 → X/y/group_key 무영향)
독성코드,검증근거,MIX362,"[구조화DB신규조회 재시도·미해결: PubChem 성분 참고값(제품 SDS 아님)] Proceed MD는 Tebuconazole/Metalaxyl/Prothioconazole 복합 살균제로 순물질 아님; 대표성분 Tebuconazole PubChem 자료만 확보. | 원문: Tebuconazole (CID 86102): Signal Warning; H302(100%), H361(69.9%)/H361d(30.5%), H400(69.7%), H410(69.7%)/H411(30.3%)",추출정보 공란 + 출처 접근 실패(링크불가·403/404·로그인·못찾음),변경,없음,확인 불가,파이프라인소비=아니오(build_input_v5.py 미참조 → X/y/group_key 무영향)
독성코드,검증근거,MIX365,"[구조화DB신규조회 재시도·미해결: PubChem 성분 참고값(제품 SDS 아님)] 제품명에 27.5% 농도가 명시된 완제품(황산이암모늄/규산칼슘/이산화규소 등 부형제 포함)으로 순물질 아님; PubChem 집계자료가 기존 추출정보(H412 82.4%, 4/34 미분류)와 정확히 일치함을 확인. | 원문: Prohexadione-calcium (CID 184900): Note - This chemical does not meet GHS hazard criteria for 11.8% (4 of 34) of reports; GHS Hazard Statements: H412 (82.4%): Harmful to aquatic life with long lasting effects",추출값은 있으나 출처 전무,변경,없음,확인 불가,파이프라인소비=아니오(build_input_v5.py 미참조 → X/y/group_key 무영향)
독성코드,검증근거,MIX366,"[구조화DB신규조회 재시도·미해결: PubChem 성분 참고값(제품 SDS 아님)] 제품명의 '93%'는 기술물질(원제) 농도이며 ingredient_names에 톨루엔(용매)도 함께 기재되어 순물질로 볼 수 없음; PubChem 순물질 자료는 기존 추출정보(H330 포함, H360D 없음)와 일부 불일치하여 근거 재확인 필요. | 원문: Propiconazole (CID 43234): Signal Danger; H302(100%), H317(100%), H360D(48.9%), H400(100%), H410(100%)",추출값은 있으나 출처 전무,변경,없음,확인 불가,파이프라인소비=아니오(build_input_v5.py 미참조 → X/y/group_key 무영향)
독성코드,검증근거,MIX367,"[구조화DB신규조회 재시도·미해결: PubChem 성분 참고값(제품 SDS 아님)] 0.51% 완제품(과립형)으로 원제 대비 대폭 희석된 제형이며 순물질 아님; PubChem 원제(Propiconazole) 자료만 참고 가능, 제품 전용 SDS 아님. | 원문: Propiconazole (CID 43234): Signal Danger; H302(100%), H317(100%), H360D(48.9%), H400(100%), H410(100%)",추출값은 있으나 출처 전무 ; 메모에 출처 접근 실패 흔적이 남아 있음 — 값의 근거 재확인 필요,변경,없음,확인 불가,파이프라인소비=아니오(build_input_v5.py 미참조 → X/y/group_key 무영향)
독성코드,검증근거,MIX368,"[구조화DB신규조회 재시도·미해결: PubChem 성분 참고값(제품 SDS 아님)] Prosper T400은 Clothianidin/Penflufen/Trifloxystrobin/Metalaxyl/Carboxin 복합 종자처리제로 순물질 아님; 대표성분 Clothianidin PubChem 자료만 확보, BASF 제품 SDS는 여전히 미확인(단종 추정). | 원문: Clothianidin (CID 86287519): Signal Warning; H302 (100%): Harmful if swallowed; H400 (100%); H410 (100%): Very toxic to aquatic life with long lasting effects",추출정보 공란 + 미분류 메모: BASF 공식 제품 카탈로그(agriculture.basf.us)에 'P,변경,없음,확인 불가,파이프라인소비=아니오(build_input_v5.py 미참조 → X/y/group_key 무영향)
독성코드,검증근거,MIX37,"[구조화DB신규조회 재시도·미해결: PubChem 성분 참고값(제품 SDS 아님)] Axial Star는 Pinoxaden+Fluroxypyr-meptyl 복합 제초제로 순물질 아님('skin Carcinogen'은 데이터 오류로 무시); PubChem 순물질 자료는 기존 추출정보(H227/H304/H373 등)와 다수 불일치. | 원문: Pinoxaden (CID 210326): Signal Warning; H302+H332(58.4%), H317(83.2%), H319(100%), H332(100%), H335(100%), H361d(58.4%), H400(74.8%), H410(28.8%), H412(81.9%)",추출값은 있으나 출처 전무,변경,없음,확인 불가,파이프라인소비=아니오(build_input_v5.py 미참조 → X/y/group_key 무영향)
독성코드,검증근거,MIX374,"[구조화DB신규조회 재시도·미해결: PubChem 성분 참고값(제품 SDS 아님)] Pyrocide Falcon 7452는 Acetone/향료/PBO/Esfenvalerate/MGK-264/Pyriproxyfen 복합 에어로졸 제품으로 순물질 아님; 대표 유효성분(PBO) PubChem 자료만 확보, MGK 제품 SDS는 여전히 미확인. | 원문: Piperonyl butoxide (CID 5794): Signal Warning; H319(31.9%), H335(37.6%), H400(92.8%), H410(94.3%)",추출정보 공란 + 미분류 메모: MGK(Pyrocide 브랜드 소유사) 공식 제품목록에 'Falcon 7,변경,없음,확인 불가,파이프라인소비=아니오(build_input_v5.py 미참조 → X/y/group_key 무영향)
독성코드,검증근거,MIX375,"[2차재시도(우회) 재시도·미해결: PubChem 성분명 검색(성분 순물질 참고값)] 기존 QUADRIS 문서는 Azoxystrobin 단일성분이며 Difenoconazole 누락 재확인. Difenoconazole(CID86173) 순물질 참고: Warning H302/H319/H351/H400/H410. Quadris Top(2성분 복합제) 완제품 자체 SDS는 미확보. | 원문: H302: Harmful if swallowed [Warning Acute toxicity, oral]; H319: Causes serious eye irritation; H400/H410","[로컬PDF검증 2차조사·미해결] PDF은 아족시스트로빈 단일성분 'QUADRIS'로, Quadris Top(아족시스트로빈+디페노코나졸 복합제)과 다른 제품(메모에서도 이미 동일하게 지적함). 디페노코나졸 정보 부재로 대상 제품 분류 확정 불가. | 원문: Trade name : QUADRIS ... Use of the Substance/Mixture : Fungicide ... Signal word : Warning / H332 Harmful if inhaled. H410 Very toxic to aquatic life with long lasting effects.",변경,없음,확인 불가,파이프라인소비=아니오(build_input_v5.py 미참조 → X/y/group_key 무영향)
독성코드,검증근거,MIX376,[2차재시도(우회) 재시도·미해결: PubChem 성분 참고값(원 URL은 무관제품+추출불가로 폐기)] 제공 URL(Ferti-Lome)은 무관 제품이며 curl 재시도해도 텍스트 추출 실패하여 폐기. 4개 활성성분 순물질 참고: Chlorothalonil(CID15910) Danger H317/H318/H330/H335/H351/H400; Iprodione(CID37517) Warning H351/H400/H410; Thiophanate-methyl(CID3032791) Warning H317/H332/H341/H351/H400; Tebuconazole(CID86102) Warning H302/H361d/H400/H410. Quali-Pro Enclave 5.3F 완제품 자체 SDS는 미확보. | 원문: 접속 실패(제공된 웹 페이지 내용은 PDF 바이너리 인코딩 데이터로만 구성) - PubChem 성분 참고값으로 대체,"[웹조사 2차조사·미해결] (시도 출처: https://www.domyown.com/msds/Ferti-Lome_Broad_Spectrum_Landscape_and_Garden_Fungicide_SDS_2024.pdf) PDF 수신(156.8KB)됐으나 텍스트 추출 불가. 또한 이 URL 자체가 Ferti-Lome 제품으로 Quali-Pro Enclave 5.3F와 무관한 대체 링크임(메모의 접속 차단 사실과 부합). | 원문: 접속 실패 - 제공된 웹 페이지 내용은 PDF 파일의 바이너리 인코딩 데이터로만 구성되어 있어, 직접적인 텍스트 정보 추출이 불가능합니다",변경,없음,확인 불가,파이프라인소비=아니오(build_input_v5.py 미참조 → X/y/group_key 무영향)
독성코드,검증근거,MIX377,"[2차재시도(우회) 재시도·미해결: PubChem 성분명 검색(성분 순물질 참고값)] 기존 Quintec(22.58% 완제품) 문서는 대상(Manufacturing Use Concentrate, 고농도 원제)과 제형·농도가 달라 재확인됨. Quinoxyfen(CID3391107) 순물질(고농도) 참고: Warning H317/H400/H410. 정식 제품 SDS는 미확보 - 성분 참고값만 확보. | 원문: H317: May cause an allergic skin reaction [Warning Sensitization, Skin]; H400/H410: Very toxic to aquatic life","[로컬PDF검증 2차조사·미해결] PDF은 Gowan 'Quintec'(quinoxyfen 22.58% 희석 완제품/EUP)로, 대상 행의 'Quinoxyfen Manufacturing Use Concentrate'(통상 고농도 원제/MUP)와 제형·농도가 달라 동일 제품으로 확정하기 어려움. | 원문: Trade name: Quintec® Fungicide ... Active Ingredient: Quinoxyfen (22.58%), CAS:124495-18-7 ... Signal word Warning ... H317 May cause an allergic skin reaction. H400 Very toxic to aquatic life.",변경,없음,확인 불가,파이프라인소비=아니오(build_input_v5.py 미참조 → X/y/group_key 무영향)
독성코드,검증근거,MIX379,"[구조화DB신규조회 재시도·미해결: PubChem 성분 참고값(제품 SDS 아님)] Raid Roach & Ant Killer IV Plus는 Propoxur/Dichlorvos/Fenoxycarb 복합 살충제로 순물질 아님(원본 ingredient_names OCR 오염 심함); 대표성분 Propoxur PubChem 자료만 확보. | 원문: Propoxur (CID 4944): Signal Danger; H300(23.8%), H301(44.5%), H311(32.9%), H331(22.6%), H400(100%), H410(68.3%)",추출정보 공란 + 출처 접근 실패(링크불가·403/404·로그인·못찾음),변경,없음,확인 불가,파이프라인소비=아니오(build_input_v5.py 미참조 → X/y/group_key 무영향)
독성코드,검증근거,MIX38,"[구조화DB신규조회: PubChem 이름검색(Ametryn) -> CID 13263 -> GHS Classification(ECHA C&L 집계)] 제품명(Ametryn)=성분명(Ametryn) 단일 물질로 제품=순물질 확인되어 예외 적용; 10% 기준 미달 코드는 표시되지 않아 피부자극/눈자극/피부감작 관련 코드가 나타나지 않음(=Not classified), 기존 cat_skin_ghs 힌트(Not classified)와 부합. | 원문: Signal: Danger / GHS Hazard Statements: H302 (100%): Harmful if swallowed; H331 (17.4%): Toxic if inhaled; H400 (100%): Very toxic to aquatic life; H410 (100%): Very toxic to aquatic life with long lasting effects (Aggre",추출값은 있으나 출처 전무 ; 피부 참조=Not classified 인데 H코드는 구분 3 를 지시,변경,없음,확인 불가,파이프라인소비=아니오(build_input_v5.py 미참조 → X/y/group_key 무영향)
독성코드,검증근거,MIX380,"[구조화DB신규조회 재시도·미해결: PubChem 성분 참고값(제품 SDS 아님)] White Mineral Oil/Isopropyl Myristate 등 담체 + Propoxur/Dichlorvos/Fenoxycarb 복합 살충제로 순물질 아님; 대표 활성성분 Propoxur PubChem 자료만 확보, SC Johnson 제품 SDS는 여전히 미확인. | 원문: Propoxur (CID 4944): Signal Danger; H300(23.8%), H301(44.5%), H311(32.9%), H331(22.6%), H400(100%), H410(68.3%)",추출정보 공란 + 출처 접근 실패(링크불가·403/404·로그인·못찾음),변경,없음,확인 불가,파이프라인소비=아니오(build_input_v5.py 미참조 → X/y/group_key 무영향)
독성코드,검증근거,MIX381,"[구조화DB신규조회 재시도·미해결: PubChem 성분 참고값(제품 SDS 아님)] Rancona Xxtra는 glycerol/gamma-butyrolactone/프로판디올 등 용매를 포함한 복합 종자처리제로 순물질 아님; 대표성분 Ipconazole PubChem 자료만 확보. | 원문: Ipconazole (CID 86211): Signal Danger; H302(84.7%), H332(30.1%), H360D(55.8%), H361(13.7%), H373(63.1%), H400(22.1%), H410(77.9%)",추출정보 공란 + 출처 접근 실패(링크불가·403/404·로그인·못찾음),변경,없음,확인 불가,파이프라인소비=아니오(build_input_v5.py 미참조 → X/y/group_key 무영향)
독성코드,검증근거,MIX382,"[구조화DB신규조회 재시도·미해결: PubChem 성분 참고값(제품 SDS 아님)] Ravap EC는 Phenol/Tetrachlorvinphos/Dichlorvos 복합 EC(유화성농축)제제로 순물질 아님; 대표성분 Tetrachlorvinphos PubChem 자료만 확보, Prentiss사 제품 SDS는 여전히 미확인. | 원문: Tetrachlorvinphos (CID 5284462): Signal Warning; H302(98.2%), H312(29.1%), H332(98.2%), H400(70.9%), H410(70.9%)",추출정보 공란 + 출처 접근 실패(링크불가·403/404·로그인·못찾음),변경,없음,확인 불가,파이프라인소비=아니오(build_input_v5.py 미참조 → X/y/group_key 무영향)
독성코드,검증근거,MIX383,"[2차재시도(우회) 재시도·미해결: PubChem 성분명 검색(성분 순물질 참고값)] 기존 알루미늄분말 SDS엔 Flubendiamide 정보가 전혀 없음 재확인. Flubendiamide(CID11193251) 순물질 참고: Warning/Danger 혼재, H302/H312/H332/H360/H370/H372/H400/H410(농도별 상이). NNI-0001 완제품 자체 확정 불가. | 원문: H360: May damage fertility or the unborn child [Danger Reproductive toxicity]; H370: Causes damage to organs [Danger]",[로컬PDF검증 2차조사·미해결] PDF은 알루미늄분말(단일 원료) SDS로 제품의 두 번째 활성성분인 Flubendiamide 정보가 전혀 없음(메모와 일치하는 성분 불일치). | 원문: Trade name/designation : Aluminium Powder ... Signal word : Danger ... Hazard statements : H228 - Flammable solid.,변경,없음,확인 불가,파이프라인소비=아니오(build_input_v5.py 미참조 → X/y/group_key 무영향)
독성코드,검증근거,MIX384,"[구조화DB신규조회 재시도·미해결: PubChem 성분 참고값(제품 SDS 아님)] 제품명이 확인되지 않으며('Not Stated') Fipronil/Amitraz/S-Methoprene 복합제(Certifect 추정)로 순물질 아님; 대표성분 Fipronil PubChem 자료만 확보, 제품 확정 불가. | 원문: Fipronil (CID 3352): Signal Danger; H301+H311(16.4%), H301(100%), H311(100%), H330(92.3%), H372(100%), H400(99.5%), H410(100%)",추출정보 공란 + 출처 접근 실패(링크불가·403/404·로그인·못찾음),변경,없음,확인 불가,파이프라인소비=아니오(build_input_v5.py 미참조 → X/y/group_key 무영향)
독성코드,검증근거,MIX385,"[구조화DB신규조회 재시도·미해결: PubChem 성분 참고값(제품 SDS 아님)] Optigard Liquid Ant Bait는 Thiamethoxam 단일 활성이나 유인물질 등이 첨가된 개미 베이트 제형으로 순물질 아님; PubChem 성분 자료만 확보, Syngenta 제품 SDS는 여전히 미확인. | 원문: Thiamethoxam (CID 5821911): Signal Warning; H302+H332(90.5%), H302(100%), H332(90.5%), H400(100%), H410(100%)",추출정보 공란 + 출처 접근 실패(링크불가·403/404·로그인·못찾음),변경,없음,확인 불가,파이프라인소비=아니오(build_input_v5.py 미참조 → X/y/group_key 무영향)
독성코드,검증근거,MIX386,"[구조화DB신규조회 재시도·미해결: PubChem 성분 참고값(제품 SDS 아님)] 제품명이 내부 개발코드(NTN 33893)이며 WP-WS 제형(불활성 성분 포함)으로 순물질 아님; PubChem Imidacloprid 자료만 확보, 제형별 SDS는 여전히 미확인. | 원문: Imidacloprid (CID 86287518): Signal Danger; H301(43.6%), H302(56.4%), H400(96.4%), H410(100%)",추출정보 공란 + 출처 접근 실패(링크불가·403/404·로그인·못찾음),변경,없음,확인 불가,파이프라인소비=아니오(build_input_v5.py 미참조 → X/y/group_key 무영향)
독성코드,검증근거,MIX388,"[2차재시도(우회): curl+pdftotext 재시도] PDF를 재다운로드하여 정상적으로 텍스트가 추출됨(이전 회차 텍스트추출 실패 판단 정정). NUOSEPT 491의 조성(Benzisothiazol-3(2H)-one 20%, Sodium hydroxide ≥5-<9%)이 대상 'Nuosept Bit'의 ingredient_names(Benzisothiazol-(2H)-one, Sodium hydroxide ≥-<9)와 성분명·농도범위가 거의 일치. 제품 번호/명칭('491' vs 'Bit')이 상이해 완전한 동일 제품 100% 확정은 어려우나 조성 일치도가 매우 높아 근사 제품 SDS로 판단, 기존 메모의 '2B vs 1' 충돌은 본 문서상 Eye Damage Category 1로 해소됨. | 원문: Classification of the substance or mixture: SKIN CORROSION/IRRITATION - Category 1; SERIOUS EYE DAMA",[웹조사 2차조사·미해결] (시도 출처: https://chem-on.co.id/image/catalog/product_catalog/MSDS_NUOSEPT%20491_29-08-2016-1.pdf) PDF 수신(145.6KB)됐으나 텍스트 추출 불가하여 피부부식성 Category1(H314) 여부(메모가 제기한 2B vs 1 충돌) 확인 못함. | 원문: 접속 실패 - 제공된 PDF 파일은 심하게 손상되었거나 인코딩 오류가 있어 읽을 수 없습니다. 대부분이 압축된 바이너리 데이터와 메타데이터로만 구성,변경,없음,확인 불가,파이프라인소비=아니오(build_input_v5.py 미참조 → X/y/group_key 무영향)
독성코드,검증근거,MIX389,"[구조화DB신규조회 재시도·미해결: PubChem 성분 참고값(제품 SDS 아님)] 내부 코드명 제품(NUP-06139, Tribenuron-methyl+Thifensulfuron 복합제초제)으로 순물질 아님; 대표성분 Tribenuron-methyl PubChem 자료만 확보. | 원문: Tribenuron-methyl (CID 153909): Signal Warning; H317(100%), H319(27.7%), H400(100%), H410(100%)",추출정보 공란 + 출처 접근 실패(링크불가·403/404·로그인·못찾음),변경,없음,확인 불가,파이프라인소비=아니오(build_input_v5.py 미참조 → X/y/group_key 무영향)
독성코드,검증근거,MIX390,"[구조화DB신규조회 재시도·미해결: PubChem 성분 참고값(제품 SDS 아님)] 내부 개발코드 제품(ORD-X042, Tebuconazole+Imidacloprid 복합제)으로 순물질 아님; 대표성분 Tebuconazole PubChem 자료만 확보. | 원문: Tebuconazole (CID 86102): Signal Warning; H302(100%), H361(69.9%)/H361d(30.5%), H400(69.7%), H410(69.7%)/H411(30.3%)",추출정보 공란 + 미분류 메모: 검색 도구가 이 세션에서 정상 작동하지 않음('ORD' 약어로 인해 무관,변경,없음,확인 불가,파이프라인소비=아니오(build_input_v5.py 미참조 → X/y/group_key 무영향)
독성코드,검증근거,MIX391,"[구조화DB신규조회 재시도·미해결: PubChem 성분 참고값(제품 SDS 아님)] 내부 코드명 제품(NUP06147, Cellulose/Starch/Imidacloprid/Sulfur 등 복합)으로 순물질 아님; 'Losartan'은 데이터 오류로 판단(무시). 대표성분 Imidacloprid PubChem 자료만 확보. | 원문: Imidacloprid (CID 86287518): Signal Danger; H301(43.6%), H302(56.4%), H400(96.4%), H410(100%)",추출정보 공란 + 미분류 메모: 검색 도구가 이 세션에서 정상 작동하지 않아(질의와 무관한 결과만 반환),변경,없음,확인 불가,파이프라인소비=아니오(build_input_v5.py 미참조 → X/y/group_key 무영향)
독성코드,검증근거,MIX393,"[구조화DB신규조회 재시도·미해결: PubChem 성분 참고값(제품 SDS 아님)] 내부 코드명 복합 제초제(NUP-07003, 2,4-D+Dicamba+Mecoprop+Pyraflufen-ethyl 등)로 순물질 아님; 대표성분 2,4-D PubChem 자료만 확보(유사 조성 Escalade 2는 성분 불일치로 참고하지 않음). | 원문: 2,4-Dichlorophenoxyacetic acid/2,4-D (CID 1486): Signal Danger; H302+H312(14.6%), H302(100%), H317(100%), H318(100%), H334(14.6%), H335(100%), H400(26.1%)/H410(25.7%), H412(99.2%)",추출정보 공란 + 성분 불일치(다른 제품 SDS 의심),변경,없음,확인 불가,파이프라인소비=아니오(build_input_v5.py 미참조 → X/y/group_key 무영향)
독성코드,검증근거,MIX395,[2차재시도(우회) 재시도·미해결: PubChem 성분명 검색(성분 순물질 참고값)] 이전 PDF(International Paint 선박용 도료)는 무관 제품으로 재확인됨. 3성분 순물질 참고값: Tebuconazole(CID86102) Warning H302/H361d/H400/H410; Imidacloprid(CID86287518) Danger H301/H400/H410; Propiconazole(CID43234) Danger H302/H317/H360D/H400/H410. OR-X123 완제품 자체 SDS는 미확보. | 원문: H302: Harmful if swallowed; H360D: May damage the unborn child [Danger Reproductive toxicity]; H400/H410,[로컬PDF검증 2차조사·미해결] pdf_path 문서는 International Paint의 선박용 도료(INTERTHERM 875 DENIM BLUE) SDS로 Tebuconazole/Imidacloprid/Propiconazole 함유 농약 제품 OR-X123과 전혀 무관함. | 원문: Product Identifier INTERTHERM 875 DENIM BLUE ... Classification of the substance or mixture Flam. Liq. 3;H226 Acute Tox. 4;H312 Acute Tox. 4;H332 Skin Irrit. 2;H315 Eye Irrit. 2;H319,변경,없음,확인 불가,파이프라인소비=아니오(build_input_v5.py 미참조 → X/y/group_key 무영향)
독성코드,검증근거,MIX396,"[구조화DB신규조회 재시도·미해결: PubChem 성분 참고값(제품 SDS 아님)] 석유증류물/Prallethrin/Esfenvalerate가 함께 포함된 에어로졸 제형으로 순물질 아님; 브랜드명 Nylar에 대응하는 대표성분 Pyriproxyfen PubChem 자료만 확보. | 원문: Pyriproxyfen (CID 91753): Signal Warning; H400(100%), H410(100%) (그 외 10% 이상 코드 없음)",추출정보 공란 + 출처 접근 실패(링크불가·403/404·로그인·못찾음),변경,없음,확인 불가,파이프라인소비=아니오(build_input_v5.py 미참조 → X/y/group_key 무영향)
독성코드,검증근거,MIX399,[2차재시도(우회) 재시도·미해결: PubChem 성분명 검색(성분 순물질 참고값)] 이전 PDF(학교실험실용 n-부틸알코올 시약)는 부성분만 우연히 일치하는 무관 제품으로 재확인됨. 4성분 순물질 참고값: Trifloxystrobin(CID11664966) Warning H317/H362/H400/H410; Clothianidin(CID86287519) Danger/Warning H302/H361f/H370/H400/H410; Penflufen(CID11674113) Warning/Danger H351/H361/H372/H400/H410; Metalaxyl(CID42586) Warning H302/H317/H412. Penclotrime 310.68 FS 완제품 자체 SDS는 미확보. | 원문: H317: May cause an allergic skin reaction; H351: Suspected of causing cancer; H400/H410/H412,"[로컬PDF검증 2차조사·미해결] PDF은 학교실험실용 n-부틸알코올 단일시약(Flinn Scientific) SDS로, Penclotrime 310.68 FS(Trifloxystrobin+Clothianidin+Penflufen+Metalaxyl 복합 살균/살충제)의 부성분(n-Butyl alcohol)만 우연히 일치할 뿐 제품 자체의 GHS 분류로 사용 불가. | 원문: FLINN SCIENTIFIC, INC. Safety Data Sheet (SDS) ... n-Butyl Alcohol ... Signal Word DANGER ... Hazard class: Flammable liquids (Category 3)... H226...H302...H315...H318...H335...H336",변경,없음,확인 불가,파이프라인소비=아니오(build_input_v5.py 미참조 → X/y/group_key 무영향)
독성코드,검증근거,MIX4,"[구조화DB신규조회 재시도·미해결: PubChem 성분 참고값(제품 SDS 아님)] 제품명에 0.19% 농도가 명시된 비료 결합 완제품(계면활성제 2종+에탄디올+BIT 방부제 포함)으로 순물질 아님; 대표성분 Mesotrione PubChem 자료만 확보. | 원문: Mesotrione (CID 175967): Signal Warning; H361(19.3%)/H361d(46.2%), H373(64.5%), H400(100%), H410(100%)",추출정보 공란 + 미분류 메모: 이 정확한 조성(Mesotrione+계면활성제 2종+에탄디올+BIT 방부,변경,없음,확인 불가,파이프라인소비=아니오(build_input_v5.py 미참조 → X/y/group_key 무영향)
독성코드,검증근거,MIX400,"[구조화DB신규조회 재시도·미해결: PubChem 성분 참고값(제품 SDS 아님)] Rocima 586은 Bronopol/CMIT류/Magnesium dinitrate 복합 방부제로 순물질 아님; 대표성분 Bronopol PubChem 자료만 확보, Thor 제품 SDS는 여전히 미확인. | 원문: Bronopol (CID 2450): Signal Danger; H301(14.4%), H302(85.5%), H312(99.6%), H315(>99.9%), H318(>99.9%), H331(10%), H335(99.9%), H400(>99.9%), H410(15.4%)/H411(12.4%)",추출정보 공란 + 출처 접근 실패(링크불가·403/404·로그인·못찾음),변경,없음,확인 불가,파이프라인소비=아니오(build_input_v5.py 미참조 → X/y/group_key 무영향)
독성코드,검증근거,MIX404,"[2차재시도(우회) 재시도·미해결: curl+pdftotext 재시도] PDF를 재다운로드하여 정상적으로 텍스트가 추출됨(이전 회차 OCR 실패 판단 정정). EMESTO SILVER(EPA Reg 264-1123, Bayer, Prothioconazole 1.68%+Penflufen 9.35%) 라벨로 확인 - Penpro 118FS의 4성분 중 2개(Prothioconazole, Penflufen)만 일치하며 Methanol/Trichloroisocyanuric Acid는 없음. 신호어 CAUTION 확인되나 GHS H코드/눈피부 구분 없음(FIFRA 라벨, SDS 아님). | 원문: Contains 0.83 lb Penflufen and 0.15 lb Prothioconazole per gallon (100 g Penflufen and 18 g Prothioconazole per liter) ... KEEP OUT OF REACH OF CHILDREN CAUTION","[웹조사 2차조사·미해결] (시도 출처: https://www3.epa.gov/pesticides/chem_search/ppls/000264-01123-20120511.pdf) EPA 등록번호는 일치하나 문서상 제품명이 Penpro 118FS가 아닌 EMESTO SILVER로 표기(동일 등록의 브랜드명 상이 가능성), 스캔 이미지형 라벨이라 OCR 실패로 신호어/문구 확인 불가. | 원문: 문서가 'EMESTO SILVER'(Bayer CropScience LP, EPA Reg 264-1123) 라벨로 확인되나, 라벨 텍스트가 압축/이미지 스트림 데이터라 신호어 추출 불가",변경,없음,확인 불가,파이프라인소비=아니오(build_input_v5.py 미참조 → X/y/group_key 무영향)
독성코드,검증근거,MIX408,"[구조화DB신규조회 재시도·미해결: PubChem 조회(표본 극소·결과 불일치)] PubChem 집계자료 표본이 극히 작고(n=2) 유해/미분류 결과가 상호 불일치하여 신뢰할 만한 근거로 사용할 수 없음; 제품명(Rotam Nicosulfuron)이 기술물질(순물질)인지 여부도 불명확하여 재검토 필요. | 원문: Nicosulfuron (CID 73281): ECHA C&L 집계 전체 2 reports/2 notifications 중 GHS Hazard Statements: H400(50%), H410(50%); 동시에 'Not Classified' 및 'Reported as not meeting GHS hazard criteria by 1 of 1 companies' 보고도 혼재",추출정보 공란 + 출처 접근 실패(링크불가·403/404·로그인·못찾음),변경,없음,확인 불가,파이프라인소비=아니오(build_input_v5.py 미참조 → X/y/group_key 무영향)
독성코드,검증근거,MIX409,"[구조화DB신규조회 재시도·미해결: PubChem 성분 참고값(제품 SDS 아님)] Tebuconazole(37.5-39.9%)+Glycerol(9.5-10.5%)+BIT(0.18-0.22%)로 성분 및 함량이 명시된 SC형 완제품이며 순물질 아님; 대표성분 Tebuconazole PubChem 자료만 확보. | 원문: Tebuconazole (CID 86102): Signal Warning; H302(100%), H361(69.9%)/H361d(30.5%), H400(69.7%), H410(69.7%)/H411(30.3%)",추출정보 공란 + 출처 접근 실패(링크불가·403/404·로그인·못찾음),변경,없음,확인 불가,파이프라인소비=아니오(build_input_v5.py 미참조 → X/y/group_key 무영향)
독성코드,검증근거,MIX41,[2차재시도(우회) 재시도·미해결: PubChem 성분 참고값 보완] 기존 ADBAC 단일성분 SDS엔 Glutaraldehyde 누락 재확인. Glutaraldehyde(CID3485) 순물질 참고: Danger H301/H314/H317/H330/H334/H335/H400/H411. 2성분 완제품(Bactron K-139) 자체 GHS 확정 불가. | 원문: H314: Causes severe skin burns and eye damage [Danger]; H330: Fatal if inhaled [Danger]; H334: May cause allergy or asthma symptoms,"[웹조사 2차조사·미해결] (시도 출처: https://www.carlroth.com/downloads/sdb/en/2/SDB_2999_IE_EN.pdf) 접속은 됐으나 이 SDS는 ADBAC 80% 단일성분 시약이며 Glutaraldehyde(5%) 미포함 - 2성분 완제품 Bactron K-139와 성분 불일치(메모 내용과 일치, 값 신뢰 불가하여 GHS 코드는 채택하지 않음). | 원문: 제품명: Alkylbenzyl dimethyl ammonium chloride... Glutaraldehyde - 포함되지 않음 (H-statement 코드는 문서에서 직접 추출하기는 어려움)",변경,없음,확인 불가,파이프라인소비=아니오(build_input_v5.py 미참조 → X/y/group_key 무영향)
독성코드,검증근거,MIX410,"[구조화DB신규조회 재시도·미해결: PubChem 성분 참고값(제품 SDS 아님)] 'Other/Inert Ingredients'가 조성에 명시적으로 포함된 완제품으로 순물질 아님; PubChem 성분 자료만 확보. | 원문: Thifensulfuron-methyl (CID 73674): Signal Warning; H400(100%), H410(100%) (그 외 10% 이상 코드 없음)",추출정보 공란 + 출처 접근 실패(링크불가·403/404·로그인·못찾음),변경,없음,확인 불가,파이프라인소비=아니오(build_input_v5.py 미참조 → X/y/group_key 무영향)
독성코드,검증근거,MIX412,"[구조화DB신규조회 재시도·미해결: PubChem 성분 참고값(제품 SDS 아님)] Copper hydroxide(75-79%)+결정형실리카의 WG 완제품이며 Iprodione 텍스트가 혼입되어 성분정보 자체가 불확실(원본 메모에서도 지적); 대표성분(Copper hydroxide) PubChem 자료만 참고 가능, 제품 확정 불가. | 원문: Copper hydroxide (CID 164826): Signal Danger; H302(99.9%), H318(66.6%)/H319(29.7%), H330(60.9%), H400(66.8%), H410(48.9%)/H411(17.7%)",추출정보 공란 + 출처 접근 실패(링크불가·403/404·로그인·못찾음),변경,없음,확인 불가,파이프라인소비=아니오(build_input_v5.py 미참조 → X/y/group_key 무영향)
독성코드,검증근거,MIX413,"[2차재시도(우회) 재시도·미해결: curl+pdftotext 재시도] PDF를 재다운로드하여 정상적으로 텍스트가 추출됨(이전 회차 OCR 실패 판단 정정). Penthiopyrad 40SC(EPA Reg 86203-26, Mitsui Chemicals Agro, 활성성분 40% 일치) 라벨 확인, 신호어 CAUTION 확인되나 GHS H코드/눈피부 구분 정보는 없음(FIFRA 라벨 문서, SDS 아님). | 원문: Penthiopyrad 40SC ... EPA Reg. No. 86203-26 ... KEEP OUT OF REACH OF CHILDREN CAUTION ... Harmful if absorbed through skin. Harmful if swallowed.","[웹조사 2차조사·미해결] (시도 출처: https://www3.epa.gov/pesticides/chem_search/ppls/086203-00026-20140423.pdf) 제품/등록번호는 문서 메타데이터로 확인되나 스캔 이미지형 라벨이라 신호어·문구 텍스트 추출 불가. | 원문: 제품: Penthiopyrad 40SC, Mitsui Chemicals Agro, EPA 86203-26, 2014년 4월 23일 발행 확인됨. OCR 처리된 콘텐츠가 대부분 인식 불가능한 상태로 신호어 추출 불가",변경,없음,확인 불가,파이프라인소비=아니오(build_input_v5.py 미참조 → X/y/group_key 무영향)
독성코드,검증근거,MIX414,"[구조화DB신규조회 재시도·미해결: PubChem 성분 참고값(제품 SDS 아님)] Rugged Herbicide는 2,4-D+Dodecylbenzenesulfonic acid(계면활성제) 등 복합 제초제로 순물질 아님; 대표성분 2,4-D PubChem 자료만 확보. | 원문: 2,4-Dichlorophenoxyacetic acid/2,4-D (CID 1486): Signal Danger; H302(100%), H317(100%), H318(100%), H334(14.6%), H335(100%), H400(26.1%)/H410(25.7%), H412(99.2%)",추출정보 공란 + 출처 접근 실패(링크불가·403/404·로그인·못찾음),변경,없음,확인 불가,파이프라인소비=아니오(build_input_v5.py 미참조 → X/y/group_key 무영향)
독성코드,검증근거,MIX415,"[2차재시도(우회) 재시도·미해결: curl+pdftotext 재시도] PDF를 재다운로드하여 정상적으로 텍스트가 추출됨(이전 회차 추출 실패 판단 정정). EVERGOL XTEND C(Bayer, EPA Reg 264-1165) SDS 확인 - Pentri 308FS의 4성분 중 2개(Trifloxystrobin 14.26%, Penflufen 14.26%)만 일치, Methanol/Trichloroisocyanuric Acid는 없음. 해당 SDS는 'OSHA HCS 기준 비위험물'로 분류되어 있어 대상 제품 값으로 신뢰하기 어려움. | 원문: This material is not hazardous under the criteria of the Federal OSHA Hazard Communication Standard 29CFR 1910.1200 ... Penflufen 494793-67-8 14.26 Trifloxystrobin 141517-21-7 14.26","[웹조사 2차조사·미해결] (시도 출처: https://s3-us-west-1.amazonaws.com/agrian-cg-fs1-production/pdfs/Evergol_Xtend_C1e_MSDS.pdf) PDF 수신(123.8KB)됐으나 텍스트 추출 불가. 메모의 동계열 제품(EverGol Xtend C, Pentri 308FS와 유효성분 조합 유사) 대체 판단 근거를 재확인 못함. | 원문: 접속 실패 - PDF 파일은 압축된 바이너리 형식(FlateDecode)으로 되어 있어 직접 읽을 수 없습니다. 메타데이터 제목: BCS_SDS_REACH",변경,없음,확인 불가,파이프라인소비=아니오(build_input_v5.py 미참조 → X/y/group_key 무영향)
독성코드,검증근거,MIX416,"[구조화DB신규조회 재시도·미해결: PubChem 성분 참고값(제품 SDS 아님)] RWH 34는 Sulfur/Prallethrin/Cyfluthrin 복합 살충제로 순물질 아님; 원본 순서상 첫 대표성분 Sulfur는 독성 정보가 미미하나 실제 제품 위해성은 Cyfluthrin 등에 좌우될 수 있어 제품 SDS 확인 필요. | 원문: Sulfur (CID 5362487): Signal Warning; H228 (100%): Flammable solid (그 외 독성 코드 10% 이상 없음). 참고 Cyfluthrin (CID 104926): Signal Danger; H300(100%), H330(85.5%), H362(60.6%), H370(60.6%), H400(100%), H410(100%)",추출정보 공란 + 출처 접근 실패(링크불가·403/404·로그인·못찾음),변경,없음,확인 불가,파이프라인소비=아니오(build_input_v5.py 미참조 → X/y/group_key 무영향)
독성코드,검증근거,MIX417,[구조화DB신규조회 재시도·미해결: PubChem 성분 참고값(제품 SDS 아님)] 내부 코드명 WDG(수분산성입제) 복합 제초제(Glyphosate potassium salt+Flufenpyr-ethyl)로 순물질 아님; 대표성분 Glyphosate PubChem 자료만 확보. | 원문: Glyphosate (CID 3496): Signal Danger; H318 (99.7%): Causes serious eye damage; H411 (99.7%): Toxic to aquatic life with long lasting effects,추출정보 공란 + 출처 접근 실패(링크불가·403/404·로그인·못찾음),변경,없음,확인 불가,파이프라인소비=아니오(build_input_v5.py 미참조 → X/y/group_key 무영향)
독성코드,검증근거,MIX419,"[2차재시도(우회) 재시도·미해결: PubChem 성분명 검색(성분 순물질 참고값)] 이전 PDF(다른 SKU 'Safer Brand Home Outdoor Pest Control')는 대상 제품과 다름 재확인됨. Sulfur(CID5362487) 순물질 참고: 대부분 'Not Classified'(전체 신고사의 약 90%가 GHS 위험성 미충족), 일부만 H228(가연성고체)/H315(피부자극) 보고 - 매우 약하고 불확실한 분류. Safer Brand 3-in-1 Concentrate 완제품 자체 SDS는 미확보. | 원문: Reported as not meeting GHS hazard criteria by 38 of 42 companies (only 9.5% companies provided GHS information)","[로컬PDF검증 2차조사·미해결] PDF은 제품명이 'Safer Brand Home Outdoor Pest Control'(SH620)로 행의 'Safer Brand 3-in-1 Concentrate'와 다름. Oil clove/Cottonseed oil CAS는 일치하나 ingredient_names의 'Sulfur' 성분이 Section 3 성분표에 전혀 없어 동일 제품 여부 불확실 - 다른 SKU의 SDS로 판단, 재검토 필요 | 원문: Safety Data Sheet: Safer Brand Home Outdoor Pest Control ... Signal word: Warning. ... Causes skin irritation. ... Causes serious eye irritation.",변경,없음,확인 불가,파이프라인소비=아니오(build_input_v5.py 미참조 → X/y/group_key 무영향)
독성코드,검증근거,MIX421,"[구조화DB신규조회 재시도·미해결: 구조화 DB 조회 실패, 이름 매칭 안 됨] 대표 유효성분으로 기재된 Neem Oil 추출물은 복합 천연물로 PubChem 단일 화합물 검색 대상이 아니어서 CID 매칭 실패; 보조성분 Sulfur 참고자료도 제품 특성을 대표하지 못해 재검토 필요. | 원문: PubChem 이름검색: 'Neem oil' 쿼리에 대해 CID 없음(IdentifierList 미반환, 혼합추출물로 단일화합물 등록 없음). 참고로 Sulfur(CID 5362487)는 Signal Warning, H228(100%): Flammable solid만 확인됨",추출정보 공란 + 출처 접근 실패(링크불가·403/404·로그인·못찾음),변경,없음,확인 불가,파이프라인소비=아니오(build_input_v5.py 미참조 → X/y/group_key 무영향)
독성코드,검증근거,MIX422,"[구조화DB신규조회 재시도·미해결: PubChem 성분 참고값(제품 SDS 아님)] 제품명은 성분명(Picoxystrobin)과 같으나 ingredient_names에 Glycerol/Lignosulfonic acid 나트륨염 등 제형 성분이 함께 명시되어 있어 완제품(원제 아님)으로 판단, 순물질 예외 미적용; PubChem 자료가 기존 추출정보와 일치함을 확인. | 원문: Picoxystrobin (CID 11285653): Signal Warning; H319(98.9%), H332(100%), H400(100%), H410(57.3%)",추출값은 있으나 출처 전무,변경,없음,확인 불가,파이프라인소비=아니오(build_input_v5.py 미참조 → X/y/group_key 무영향)
독성코드,검증근거,MIX423,"[구조화DB신규조회 재시도·미해결: PubChem 성분 참고값(제품 SDS 아님)] Pillar Granular Fungicide는 Pyraclostrobin+Triticonazole+결정형실리카+프로필렌글리콜 복합 과립형 완제품으로 순물질 아님; 개별 원제 PubChem 자료만 확보되며 기존 추출정보와 대체로 일치. | 원문: Pyraclostrobin (CID 6422843): Signal Danger; H315(98.8%), H331(98.8%), H335(67.2%), H400(100%), H410(100%). Triticonazole (CID 6537961): H411(98%)",추출값은 있으나 출처 전무 ; 피부 참조=Not classified 인데 H코드는 구분 2 를 지시,변경,없음,확인 불가,파이프라인소비=아니오(build_input_v5.py 미참조 → X/y/group_key 무영향)
독성코드,검증근거,MIX424,[구조화DB신규조회 재시도·미해결: PubChem 성분 참고값(제품 SDS 아님)] 제품은 Fipronil+S-Methoprene+Etofenprox 3성분 복합제이나 Fipronil 원물질 GHS만 확인됨; S-Methoprene·Etofenprox는 미확인. 제품 SDS 아님. | 원문: PubChem CID 3352 (Fipronil) GHS Classification: Signal=Danger; H301: Toxic if swallowed; H311: Toxic in contact with skin; H331: Toxic if inhaled; H372: Causes damage to organs through prolonged or repeated exposure; H40,추출정보 공란 + 출처 접근 실패(링크불가·403/404·로그인·못찾음),변경,없음,확인 불가,파이프라인소비=아니오(build_input_v5.py 미참조 → X/y/group_key 무영향)
독성코드,검증근거,MIX425,"[구조화DB신규조회 재시도·미해결: PubChem 성분 참고값(제품 SDS 아님)] 기존 추출정보(Warning/H302,H315,H317,H319,H332,H335,H361/H361d,H400,H410,H412)와 PubChem 기본 분류가 대체로 부합(H315·H410은 일부 소스에서만 확인). 다만 이 제품은 안전제(Cloquintocet-mexyl)·솔벤트나프타가 포함된 배합제로 순물질이 아니므로 Pinoxaden 원물질값은 참고용. | 원문: PubChem CID 210326 (Pinoxaden) GHS Classification: Signal=Warning; H302: Harmful if swallowed; H317: May cause an allergic skin reaction; H319: Causes serious eye irritation; H332: Harmful if inhaled; H335: May cause res",추출값은 있으나 출처 전무 ; 피부 참조=Not classified 인데 H코드는 구분 2 를 지시,변경,없음,확인 불가,파이프라인소비=아니오(build_input_v5.py 미참조 → X/y/group_key 무영향)
독성코드,검증근거,MIX426,[구조화DB신규조회 재시도·미해결: PubChem 성분 참고값(제품 SDS 아님)] 제품명(Sativa)은 브랜드명이며 성분 중 하나(Tebuconazole)만 조회; Glycerin 및 완제품 SDS는 확인 못함. | 원문: PubChem CID 86102 (Tebuconazole) GHS Classification: Signal=Warning; H302: Harmful if swallowed; H361d: Suspected of damaging the unborn child; H400: Very toxic to aquatic life; H410: Very toxic to aquatic life with long,추출정보 공란 + 출처 접근 실패(링크불가·403/404·로그인·못찾음),변경,없음,확인 불가,파이프라인소비=아니오(build_input_v5.py 미참조 → X/y/group_key 무영향)
독성코드,검증근거,MIX427,[구조화DB신규조회 재시도·미해결: PubChem 성분 참고값(제품 SDS 아님)] 5성분 복합 종자처리제 중 최대 함량 성분(Imidacloprid 10.6%)만 조회; Metalaxyl·Tebuconazole·Fludioxonil 등 나머지 성분 및 완제품 SDS 미확인. | 원문: PubChem CID 86287518 (Imidacloprid) GHS Classification: Signal=Warning; H301: Toxic if swallowed; H400: Very toxic to aquatic life; H410: Very toxic to aquatic life with long lasting effects,추출정보 공란 + 출처 접근 실패(링크불가·403/404·로그인·못찾음),변경,없음,확인 불가,파이프라인소비=아니오(build_input_v5.py 미참조 → X/y/group_key 무영향)
독성코드,검증근거,MIX428,"[구조화DB신규조회 재시도·미해결: PubChem 성분 참고값(제품 SDS 아님)] 기존 추출정보(Warning/H302,H332,H361fd,H400,H410)와 PubChem 원물질 분류가 부합(H332는 소스 중 90.5%에서만 확인). 제품(75SG)은 브랜드 완제품으로 원물질값은 참고용. | 원문: PubChem CID 5821911 (Thiamethoxam) GHS Classification: Signal=Warning; H302: Harmful if swallowed; H361fd: Suspected of damaging fertility; Suspected of damaging the unborn child; H400: Very toxic to aquatic life; H410: ",추출값은 있으나 출처 전무,변경,없음,확인 불가,파이프라인소비=아니오(build_input_v5.py 미참조 → X/y/group_key 무영향)
독성코드,검증근거,MIX43,"[구조화DB신규조회 재시도·미해결: PubChem 이름검색 성공(CID 36324)이나 GHS Classification 데이터 없음] 이름검색으로 CID 36324(Amitraz)는 확인했으나 해당 CID에 GHS Classification/Safety and Hazards 섹션 자체가 없어(PubChem 데이터 공란) 재확인 불가. 기존 추출정보(Sigma-Aldrich 원료 SDS 기반)는 PubChem으로 검증 못함. 또한 12.5%는 기술물질이 아닌 희석 제품 농도로 판단되어 순물질 예외도 적용 안 함. | 원문: PubChem CID 36324 (Amitraz) pug_view GHS Classification 응답: {""Fault"": {""Code"": ""PUGVIEW.NotFound"", ""Message"": ""No data found""}} (Safety and Hazards 섹션 전체 부재)",추출값은 있으나 출처 전무 ; 메모에 출처 접근 실패 흔적이 남아 있음 — 값의 근거 재확인 필요,변경,없음,확인 불가,파이프라인소비=아니오(build_input_v5.py 미참조 → X/y/group_key 무영향)
독성코드,검증근거,MIX432,"[구조화DB신규조회 재시도·미해결: PubChem 성분 참고값(제품 SDS 아님)] 제품명(SC 480 Herbicide)은 제형코드이며 순물질명이 아님; Isoxaflutole 원물질 참고값만 확보, 완제품 SDS 아님. | 원문: PubChem CID 84098 (Isoxaflutole) GHS Classification: Signal=Warning; H361d: Suspected of damaging the unborn child; H400: Very toxic to aquatic life; H410: Very toxic to aquatic life with long lasting effects",추출정보 공란 + 출처 접근 실패(링크불가·403/404·로그인·못찾음),변경,없음,확인 불가,파이프라인소비=아니오(build_input_v5.py 미참조 → X/y/group_key 무영향)
독성코드,검증근거,MIX434,"[2차재시도(우회) 재시도·미해결: 재시도 불필요(구형 pre-GHS MSDS, GHS 섹션 없음) + PubChem 성분 참고] 제품 자체(Scimitar CS, 1998/2011 구형 MSDS)에는 GHS 신호어/H코드 섹션이 존재하지 않음(NFPA/HMIS 수치만 존재) - 판단 유지. 성분(lambda-Cyhalothrin, CID6440557) 참고값: Danger, H301/H312/H330/H400/H410 - 문서 기재값이 아닌 참고용. | 원문: Product Name: SCIMITAR CS ... EPA Signal Word: Caution ... Ingredients not precisely identified are proprietary or non-hazardous.",[로컬PDF검증 2차조사·미해결] PDF은 'Scimitar GR'가 아닌 'Scimitar CS' 제품의 1998/2011년 구형(pre-GHS) MSDS로 GHS 신호어/H코드/구분 자체가 존재하지 않음(NFPA/HMIS 수치 등급만 존재). 제품 포뮬레이션(GR vs CS)도 다르고 GHS 분류 섹션이 없어 결론 불가 | 원문: Product Name: SCIMITAR CS ... EPA Signal Word: Caution ... Ingredients not precisely identified are proprietary or non-hazardous.,변경,없음,확인 불가,파이프라인소비=아니오(build_input_v5.py 미참조 → X/y/group_key 무영향)
독성코드,검증근거,MIX435,[구조화DB신규조회 재시도·미해결: PubChem 성분 참고값(제품 SDS 아님)] 6성분 복합 살충제 중 목록상 첫 성분(Prallethrin)만 조회; Esfenvalerate·Dinotefuran 등 나머지 및 완제품 SDS 미확인. | 원문: PubChem CID 9839306 (Prallethrin) GHS Classification: Signal=Danger; H302: Harmful if swallowed; H331: Toxic if inhaled; H400: Very toxic to aquatic life; H410: Very toxic to aquatic life with long lasting effects,추출정보 공란 + 출처 접근 실패(링크불가·403/404·로그인·못찾음),변경,없음,확인 불가,파이프라인소비=아니오(build_input_v5.py 미참조 → X/y/group_key 무영향)
독성코드,검증근거,MIX437,[구조화DB신규조회 재시도·미해결: PubChem 성분 참고값(제품 SDS 아님)] Active Ingredient로 명시된 Fluazinam(40%)만 조회; 힌트의 피부부식성 1등급(H314)은 Fluazinam GHS에는 없어 기존 메모대로 DDAC(디데실디메틸암모늄클로라이드) 성분 특성에 부합할 가능성이 큼. 완제품 SDS 아님. | 원문: PubChem CID 91731 (Fluazinam) GHS Classification: Signal=Danger; H317: May cause an allergic skin reaction; H318: Causes serious eye damage; H332: Harmful if inhaled; H361d: Suspected of damaging the unborn child; H400: ,추출정보 공란 + 출처 접근 실패(링크불가·403/404·로그인·못찾음),변경,없음,확인 불가,파이프라인소비=아니오(build_input_v5.py 미참조 → X/y/group_key 무영향)
독성코드,검증근거,MIX438,"[2차재시도(우회) 재시도·미해결: curl+pdftotext 재시도] PDF를 재다운로드하여 정상적으로 텍스트가 추출됨(이전 회차 추출 실패 판단 정정). Shooter Insecticide(EPA Reg 66330-390, Arysta, Deltamethrin 0.75%+Geraniol 17.28%+Thyme Oil 36%) 제품은 확인되나 ingredient_names의 Propane/n-Butane(추진제)은 성분표에 없고(비공개 불활성 성분 추정), 구형 MSDS 형식이라 GHS H코드/카테고리가 없음(신호어 CAUTION, 서술형 'moderate eye irritation'만 존재). | 원문: CAUTION: HARMFUL IF SWALLOWED - MAY CAUSE MODERATE EYE IRRITATION ... Deltamethrin 52918-63-5 ... 0.75 ... Geraniol 106-24-1 ... 17.28 ... Thyme Oil 8007-46",[웹조사 2차조사·미해결] (시도 출처: https://www.agrian.com/pdfs/Shooter_MSDS.pdf) agrian.com URL이 S3로 302 리다이렉트되어 재시도했으나 여전히 바이너리 인코딩으로 텍스트 추출 실패. 메모의 Propane/n-Butane 성분 누락 여부 확인 못함. | 원문: 접속 실패 - 제공된 콘텐츠는 raw PDF binary data이며 성분/신호어/H-statement/눈피부 분류를 추출할 수 없음 (redirect된 S3 URL로도 동일 결과),변경,없음,확인 불가,파이프라인소비=아니오(build_input_v5.py 미참조 → X/y/group_key 무영향)
독성코드,검증근거,MIX440,"[2차재시도(우회): PubChem 성분(순물질=제품) 조회] 제품명이 'Sedaxane' 자체이며 ingredient_names도 단일 성분(Sedaxane)만 표기된 순물질 케이스. 기존 로컬PDF는 5종 혼합 완제품(Warden Cereals WRII)이라 순물질과 성분 불일치했으므로 폐기하고, PubChem 공식 GHS 분류(CID11688533)를 순물질=제품 값으로 채택. 눈/피부/감작 카테고리는 보고되지 않음(발암성 의심 및 수생생물 독성만 확인). | 원문: H351 (76.7%): Suspected of causing cancer [Warning Carcinogenicity]; H400 (99.4%): Very toxic to aquatic life; H410/H411: ... with long lasting effects","[로컬PDF검증 2차조사·미해결] PDF은 세다시안(1.44%) 포함 5종 혼합 완제품 'Warden Cereals WRII Fungicide, Insecticide'의 SDS로, 순수 세다시안 단일물질과 성분 불일치(메모와 동일 결론). 검출된 값은 혼합물 전체 분류이며 순수 세다시안 물질 분류로 사용 불가 | 원문: SIGNAL WORD: WARNING ... Eye damage/Irritation: Category 2B ... Suspected of causing cancer. ... Sedaxane 1.44% 874967-67-6",변경,없음,확인 불가,파이프라인소비=아니오(build_input_v5.py 미참조 → X/y/group_key 무영향)
독성코드,검증근거,MIX442,"[구조화DB신규조회 재시도·미해결: PubChem 성분 참고값(제품 SDS 아님)] 11성분 방오도료 중 최대 함량 성분(dicopper oxide, <50%)만 조회; xylene·diuron 등 나머지 성분 및 완제품 SDS 미확인. | 원문: PubChem CID 18346908 (Copper oxide (Cu2O)) GHS Classification: Signal=Danger; H302: Harmful if swallowed; H318: Causes serious eye damage; H332: Harmful if inhaled; H400: Very toxic to aquatic life; H410: Very toxic to a",추출정보 공란 + 출처 접근 실패(링크불가·403/404·로그인·못찾음),변경,없음,확인 불가,파이프라인소비=아니오(build_input_v5.py 미참조 → X/y/group_key 무영향)
독성코드,검증근거,MIX443,[2차재시도(우회) 재시도·미해결: curl -A Mozilla 재시도(Wayback Machine)] curl(UA 헤더)로 Wayback PDF 원문 확보 성공(6쪽). 2007년 작성 pre-GHS OSHA 포맷 MSDS로 GHS 신호어/H코드 항목 자체가 없음(EPA 라벨 신호어 CAUTION만 존재) - 메모 주장과 일치 확인. 성분(Imidacloprid 48.7%+Glycerin)은 시트와 일치. GHS 분류 정보 부재로 확정 불가. | 원문: Company Name: Nufarm Americas Inc. ... Warning Statements: Keep out of reach of children. CAUTION. Harmful if inhaled or swallowed. Avoid breathing spray mist.,[웹조사 2차조사·미해결] (시도 출처: https://web.archive.org/web/20080722022522/http://www.nufarm.com/uploads/downloads/USST/Products/Senator_600FS/Senator600FSMSDS.pdf) Wayback Machine 자체가 이 환경의 WebFetch 툴에서 접근 차단됨. 메모의 'GHS 도입 이전 OSHA 형식이라 H코드 없음' 주장은 확인 못함. | 원문: 접속 실패 - Claude Code is unable to fetch from web.archive.org,변경,없음,확인 불가,파이프라인소비=아니오(build_input_v5.py 미참조 → X/y/group_key 무영향)
독성코드,검증근거,MIX444,"[구조화DB신규조회 재시도·미해결: PubChem 성분 참고값(제품 SDS 아님)] ingredient_names 필드가 손상되어(선행 성분명 누락, ""| Esfenvalerate"") Esfenvalerate만 확인 가능; 제품명(Silent)과 성분 일치 근거 없음, 완제품 SDS 아님. | 원문: PubChem CID 10342051 (Esfenvalerate) GHS Classification: Signal=Danger; H301: Toxic if swallowed; H317: May cause an allergic skin reaction; H331: Toxic if inhaled; H370: Causes damage to organs; H373: May causes damage ",추출정보 공란 + 출처 접근 실패(링크불가·403/404·로그인·못찾음),변경,없음,확인 불가,파이프라인소비=아니오(build_input_v5.py 미참조 → X/y/group_key 무영향)
독성코드,검증근거,MIX446,"[구조화DB신규조회 재시도·미해결: PubChem 성분 참고값(제품 SDS 아님)] 메모에서 지적된 성분 병합 오류(살충성분+살서성분 혼재) 가능성과 부합; 두 성분 모두 원물질 참고값만 확인되고 어느 쪽이 실제 제품 성분인지 제품 정체 불확실로 완제품 확정 불가. | 원문: PubChem CID 86287518 (Imidacloprid): Signal=Warning; H301, H400, H410. PubChem CID 54680085 (Bromadiolone): Signal=Danger; H300: Fatal if swallowed; H310: Fatal in contact with skin; H330: Fatal if inhaled; H360D: May da",추출정보 공란 + 출처 접근 실패(링크불가·403/404·로그인·못찾음),변경,없음,확인 불가,파이프라인소비=아니오(build_input_v5.py 미참조 → X/y/group_key 무영향)
독성코드,검증근거,MIX447,"[2차재시도(우회) 재시도·미해결: PubChem 성분 참고값] 로컬PDF가 S-Metolachlor 단일물질 SDS로 완제품(S-Metolachlor+Mesotrione 혼합제)과 불일치 확인됨(이전 조사). PubChem에서 Mesotrione(Warning/H361d,H373,H400,H410)과 S-Metolachlor(Danger·Warning/H317,H351,H400,H410) 성분 순물질 참고값만 확보, 제품 SDS 미확보. 혼합제 전체 분류로 확정 불가. | 원문: Mesotrione(CID175967): H361d: Suspected of damaging the unborn child [Warning Reproductive toxicity]; H400: Very toxic to aquatic life; H410","[로컬PDF검증 2차조사·미해결] PDF은 순수 S-Metolachlor 단일물질(Chemos GmbH) SDS이며, 행의 제품은 S-Metolachlor+Mesotrione 혼합 제품임. H코드/신호어는 현재 시트값과 정확히 일치하나 이는 완제품이 아닌 원료 1종만의 분류이므로 완제품 분류로 사용하기엔 부적절 - 재검토 필요 | 원문: - Signal word warning ... H317 May cause an allergic skin reaction. H410 Very toxic to aquatic life with long lasting effects. ... Respiratory or skin sensitisation May cause an allergic skin reaction.",변경,없음,확인 불가,파이프라인소비=아니오(build_input_v5.py 미참조 → X/y/group_key 무영향)
독성코드,검증근거,MIX450,"[구조화DB신규조회 재시도·미해결: PubChem 성분 참고값(제품 SDS 아님)] 제품명(SP1037)이 제조사 내부코드로 순물질명 아님; 2,4-D 디메틸아민염 원물질값만 확인, Triclopyr 등 나머지 성분 및 완제품 SDS 미확인. | 원문: PubChem CID 16180 (2,4-D-Dimethylammonium) GHS Classification: Signal=Danger; H302 (100%): Harmful if swallowed; H312 (18.6%): Harmful in contact with skin; H317 (100%): May cause an allergic skin reaction; H318 (100%): ",추출정보 공란 + 출처 접근 실패(링크불가·403/404·로그인·못찾음),변경,없음,확인 불가,파이프라인소비=아니오(build_input_v5.py 미참조 → X/y/group_key 무영향)
독성코드,검증근거,MIX452,[구조화DB신규조회 재시도·미해결: PubChem 성분 참고값(제품 SDS 아님)] MDI(디페닐메탄디이소시아네이트류)는 캡슐화제로 추정되어 제외하고 살균 유효성분 Azoxystrobin만 조회; Thiamethoxam 등 나머지 성분 및 완제품 SDS 미확인. | 원문: PubChem CID 3034285 (Azoxystrobin) GHS Classification: Signal=Danger; H331: Toxic if inhaled; H400: Very toxic to aquatic life; H410: Very toxic to aquatic life with long lasting effects,추출정보 공란 + 출처 접근 실패(링크불가·403/404·로그인·못찾음),변경,없음,확인 불가,파이프라인소비=아니오(build_input_v5.py 미참조 → X/y/group_key 무영향)
독성코드,검증근거,MIX455,"[구조화DB신규조회 재시도·미해결: PubChem 성분 참고값(제품 SDS 아님)] 기존 메모에서 확인된 성분 불일치(힌트 SDS엔 MCPB·MCPA만 존재, 티아메톡삼·람다사이할로트린 없음)와 일치; lambda-Cyhalothrin 원물질값은 참고용일 뿐 이 제품의 실제 성분인지 불확실. | 원문: PubChem CID 6440557 (lambda-Cyhalothrin) GHS Classification: Signal=Danger; H301: Toxic if swallowed; H312: Harmful in contact with skin; H330: Fatal if inhaled; H400: Very toxic to aquatic life; H410: Very toxic to aqua",추출정보 공란 + 성분 불일치(다른 제품 SDS 의심),변경,없음,확인 불가,파이프라인소비=아니오(build_input_v5.py 미참조 → X/y/group_key 무영향)
독성코드,검증근거,MIX457,"[구조화DB신규조회 재시도·미해결: PubChem 성분 참고값(제품 SDS 아님)] 기존 메모의 성분 불일치 우려(힌트 SDS는 Direct Blue 218 염료 단일물질, Cyfluthrin 없음)와 부합; Cyfluthrin 원물질값은 참고용, 제품 정체 불확실. | 원문: PubChem CID 104926 (Cyfluthrin) GHS Classification: Signal=Danger; H300: Fatal if swallowed; H330: Fatal if inhaled; H362: May cause harm to breast-fed children; H370: Causes damage to organs; H400: Very toxic to aquatic",추출정보 공란 + 출처 접근 실패(링크불가·403/404·로그인·못찾음),변경,없음,확인 불가,파이프라인소비=아니오(build_input_v5.py 미참조 → X/y/group_key 무영향)
독성코드,검증근거,MIX459,"[2차재시도(우회) 재시도·미해결: PubChem 성분 참고값] 로컬PDF는 산업용 벨트 미끄럼방지 스프레이로 살충제 성분(Prallethrin, lambda-Cyhalothrin)과 완전 무관함이 이전 조사에서 확인됨. PubChem에서 두 활성성분의 순물질 참고값만 확보, 제품(에어로졸 살충제) SDS는 미확보. 제형 특성상 제품값과 다를 수 있어 확정 불가. | 원문: Prallethrin(CID9839306): Signal Danger; H302: Harmful if swallowed; H331: Toxic if inhaled; H400; H410. lambda-Cyhalothrin(CID6440557): Signal Danger; H301; H312; H330; H400; H410","[로컬PDF검증 2차조사·미해결] PDF은 Arexons社의 산업용 벨트 미끄럼방지 스프레이(Hydrocarbons C3-4, Cyclohexane)로 프랄레트린·람다사이할로트린 살충제와 무관한 전혀 다른 제품(메모와 동일 결론). 기존 tox_h_statements의 H220/H280/H304/H400/H225는 원료(Hydrocarbons/Cyclohexane) 성분별 분류이며 제품(Section 2.1) 분류가 아님 - 제품 자체 분류만 추출했지만 제품 정체성 자체가 틀려 재검토 필요 | 원문: SYSTEM TC 240 ANTISLITTANTE CINGHIE - ANTI SLIPPING STRAPS SPRAY ML 400 ... Danger, Aerosols 1 ... The product is classified: Skin Irrit. 2 H315 ... Eye Irrit. 2 H319",변경,없음,확인 불가,파이프라인소비=아니오(build_input_v5.py 미참조 → X/y/group_key 무영향)
독성코드,검증근거,MIX46,"[2차재시도(우회) 재시도·미해결: PubChem 성분 참고값] 로컬PDF는 향수(Aromatic Fragrances International 'PARIS AMOUR' 모방품) SDS로 제품 Amore DF(Penoxsulam+Isoxaben)와 완전 무관함이 이전 조사에서 확인됨. PubChem에서 두 활성성분 순물질 참고값만 확보, 제품 SDS 미확보. | 원문: Penoxsulam(CID11784975): Signal Warning; H400 (100%): Very toxic to aquatic life; H410 (100%). Isoxaben(CID73672): Signal Warning; H413: May cause long lasting harmful effects to aquatic life",[로컬PDF검증 2차조사·미해결] PDF은 Victoria's Secret 계열 향수 'PARIS AMOUR'를 모방한 향료 제품(Aromatic Fragrances International)의 SDS로 농약/제형 제품 'Amore DF'와 전혀 무관. ingredient_names에 섞여있던 'AROMATIC FRAGRANCES INTERNATIONAL' 오염이 실제로 이 향수 SDS에서 유래했음을 확인 | 원문: Product: Compare To PARIS AMOUR by BBW ® F21471 ... Company name: Aromatic Fragrances International ... Signal word: Warning,변경,없음,확인 불가,파이프라인소비=아니오(build_input_v5.py 미참조 → X/y/group_key 무영향)
독성코드,검증근거,MIX460,"[구조화DB신규조회 재시도·미해결: PubChem 성분 참고값(제품 SDS 아님)] 제품 정체(살생물제/농약 여부)조차 불확실하다는 기존 메모대로, 성분 중 유인성분으로 추정되는 Methyleugenol만 PubChem에서 확인; 우레탄비스옥사졸리딘·디부틸틴딜라우레이트 등 나머지는 화학명 특정 곤란, 완제품 SDS 아님. | 원문: PubChem CID 7127 (Methyleugenol) GHS Classification: Signal=Danger; H302 (93.9%): Harmful if swallowed; H317 (70.9%): May cause an allergic skin reaction; H341 (91.4%): Suspected of causing genetic defects; H351 (93.6%):","추출정보 공란 + 미분류 메모: hint URL 없음. 성분(우레탄 비스옥사졸리딘, 디부틸틴딜라우레이트,",변경,없음,확인 불가,파이프라인소비=아니오(build_input_v5.py 미참조 → X/y/group_key 무영향)
독성코드,검증근거,MIX461,[구조화DB신규조회 재시도·미해결: PubChem 성분 참고값(제품 SDS 아님)] 기존 메모의 성분 불일치(힌트 SDS 'Compact 6X'는 메피쿼트클로라이드만 있고 이마잘릴 없음)와 부합; Mepiquat Chloride 원물질값은 참고용. | 원문: PubChem CID 62781 (Mepiquat Chloride) GHS Classification: Signal=Warning; H301: Toxic if swallowed; H332: Harmful if inhaled; H412: Harmful to aquatic life with long lasting effects,추출정보 공란 + 출처 접근 실패(링크불가·403/404·로그인·못찾음),변경,없음,확인 불가,파이프라인소비=아니오(build_input_v5.py 미참조 → X/y/group_key 무영향)
독성코드,검증근거,MIX464,"[2차재시도(우회) 재시도·미해결: PubChem 성분 참고값] 로컬PDF는 원료 AMP(2-Amino-2-methyl-1-propanol) 단일물질 시약 SDS로 완제품 TC 281(주 유효성분 Fludioxonil 포함)과 불일치함이 이전 조사에서 확인됨. PubChem에서 Fludioxonil 순물질 참고값(Warning/H400,H410)만 확보, 완제품 SDS 미확보. | 원문: Fludioxonil(CID86398): Signal Warning; H400 (98%): Very toxic to aquatic life; H410 (74.5%): Very toxic to aquatic life with long lasting effects",[로컬PDF검증 2차조사·미해결] PDF은 완제품 TC 281이 아닌 원료 2-Amino-2-methyl-1-propanol(AMP) 단일물질의 Sigma-Aldrich 시약 SDS(메모와 동일 결론). Fludioxonil 등 다른 원료 및 완제품 분류 정보 없음 - 원료 1종 데이터로 완제품 분류 대체 불가 | 원문: Product name : 2-Amino-2-methyl-1-propanol ... Signal word Danger ... H315 Causes skin irritation. H318 Causes serious eye damage.,변경,없음,확인 불가,파이프라인소비=아니오(build_input_v5.py 미참조 → X/y/group_key 무영향)
독성코드,검증근거,MIX465,"[구조화DB신규조회 재시도·미해결: PubChem 성분 참고값(제품 SDS 아님)] 기존 메모의 성분 불일치(힌트 SDS는 시멘트텍스처코트 충전제만 일치, 트리티코나졸 없음)와 부합; Triticonazole은 신호어 없이 수생환경 유해성(H411)만 부여됨. 완제품 SDS 아님. | 원문: PubChem CID 6537961 (Triticonazole) GHS Classification: Signal=None; H411 (98%): Toxic to aquatic life with long lasting effects",추출정보 공란 + 출처 접근 실패(링크불가·403/404·로그인·못찾음),변경,없음,확인 불가,파이프라인소비=아니오(build_input_v5.py 미참조 → X/y/group_key 무영향)
독성코드,검증근거,MIX467,"[구조화DB신규조회 재시도·미해결: PubChem 성분 참고값(제품 SDS 아님)] 기존 메모의 성분 불일치(힌트 SDS는 산업용 윤활유 첨가제, 다이노테퓨란·PBO 없음)와 부합; Dinotefuran 원물질값은 참고용. | 원문: PubChem CID 197701 (Dinotefuran) GHS Classification: Signal=Warning; H302 (85.3%): Harmful if swallowed; H400 (64.7%): Very toxic to aquatic life; H410 (65.2%): Very toxic to aquatic life with long lasting effects",추출정보 공란 + 출처 접근 실패(링크불가·403/404·로그인·못찾음),변경,없음,확인 불가,파이프라인소비=아니오(build_input_v5.py 미참조 → X/y/group_key 무영향)
독성코드,검증근거,MIX469,"[구조화DB신규조회 재시도·미해결: PubChem 성분 참고값(제품 SDS 아님)] 제품명에 제형코드(45 WP=수화성분말 45%)가 포함되어 계면활성제 등을 포함한 완제품이므로 순물질 예외 미적용; Tebuconazole 원물질 참고값만 확인, 완제품 SDS 아님. | 원문: PubChem CID 86102 (Tebuconazole) GHS Classification: Signal=Warning; H302: Harmful if swallowed; H361d: Suspected of damaging the unborn child; H400: Very toxic to aquatic life; H410: Very toxic to aquatic life with long",추출정보 공란 + 출처 접근 실패(링크불가·403/404·로그인·못찾음),변경,없음,확인 불가,파이프라인소비=아니오(build_input_v5.py 미참조 → X/y/group_key 무영향)
독성코드,검증근거,MIX47,"[2차재시도(우회) 재시도·미해결: 재시도 불필요(GHS 섹션 자체 없음 확인됨)] 이전 조사에서 확인된 2000년 pre-GHS BASF MSDS(NFPA/HMIS 등급만 존재)로 GHS 신호어/H코드/구분 항목 자체가 없음. 참고: PubChem Hydramethylnon(CID49901)은 Danger/H302,H319,H372(**),H400,H410이나 이는 순물질 참고값이며 문서 자체에 GHS 분류가 없어 제품값 확정 불가. | 원문: Trade Name: Amdro® Pro fire ant bait ... Rabbit, Eye Irritation - Not irritating. Rabbit, Skin Irritation - Mildly irritating. Guinea pig, Dermal Sensitizer - Not a sensitizer.","[로컬PDF검증 2차조사·미해결] PDF은 2000년 작성된 BASF의 pre-GHS 구형 MSDS(NFPA/HMIS 수치 등급만 존재)로 GHS 신호어·H코드·GHS 구분 항목 자체가 없음. hydramethylnon CAS(67485-29-4)는 워크북과 일치하나 GHS 분류 섹션 부재로 결론 불가 | 원문: Trade Name: Amdro® Pro fire ant bait ... Rabbit, Eye Irritation - Not irritating. Rabbit, Skin Irritation - Mildly irritating. Guinea pig, Dermal Sensitizer - Not a sensitizer.",변경,없음,확인 불가,파이프라인소비=아니오(build_input_v5.py 미참조 → X/y/group_key 무영향)
독성코드,검증근거,MIX472,"[2차재시도(우회): curl+pdftotext 재시도] curl+pdftotext로 mauget.com PDF 원문 확보 성공(EPA Reg 7946-28, 제품 자체 SDS). Section2 명시: Eye Irrit 2A, Skin Irrit(Acute) 2, Signal WARNING, H302/H333/H315/H320/H361/H411. 감작성(Skin Sens) 분류는 문서에 없어 null 처리. 제품 자체 SDS로 확인 완료. | 원문: Product Identity: TEBUJECT 16® ... Eye Irritation: GHS Category 2A Skin Irritation (Acute): GHS Category 2 ... Signal Word: WARNING ... H302 – Harmful if swallowed H333 - May be harmful if swallowed or inhaled H315 - Cau","[웹조사 2차조사·미해결] (시도 출처: https://www.mauget.com/sds-info/Tebuject%2016%20June%202025.pdf) PDF 수신(274.6KB)됐으나 텍스트 추출 불가. 피부 참조(Not classified) vs H코드유도(구분2) 충돌을 확인하지 못함. | 원문: 접속 실패 - 제공된 콘텐츠가 PDF 파일 바이너리/스트림 형식이라 SDS 텍스트(신호어, H-statement)를 추출할 수 없습니다",변경,없음,확인 불가,파이프라인소비=아니오(build_input_v5.py 미참조 → X/y/group_key 무영향)
독성코드,검증근거,MIX473,"[구조화DB신규조회 재시도·미해결: PubChem 성분 참고값(제품 SDS 아님)] 성분조합 이질성(Glycolic Acid+Trifluralin) 관련 기존 메모대로 데이터 오류 가능성 있음; Trifluralin 원물질값만 확인, 제품 정체·완제품 SDS 불확실. | 원문: PubChem CID 5569 (Trifluralin) GHS Classification: Signal=Warning; H317: May cause an allergic skin reaction; H351: Suspected of causing cancer; H400: Very toxic to aquatic life; H410: Very toxic to aquatic life with lon",추출정보 공란 + 출처 접근 실패(링크불가·403/404·로그인·못찾음),변경,없음,확인 불가,파이프라인소비=아니오(build_input_v5.py 미참조 → X/y/group_key 무영향)
독성코드,검증근거,MIX476,[구조화DB신규조회 재시도·미해결: PubChem 성분 참고값(제품 SDS 아님)] 4성분 복합 살균제 중 첫 성분(Trifloxystrobin)만 조회; Propiconazole·Prothioconazole 등 나머지 및 완제품 SDS 미확인. | 원문: PubChem CID 11664966 (Trifloxystrobin) GHS Classification: Signal=Warning; H317: May cause an allergic skin reaction; H362: May cause harm to breast-fed children; H400: Very toxic to aquatic life; H410: Very toxic to aqu,추출정보 공란 + 출처 접근 실패(링크불가·403/404·로그인·못찾음),변경,없음,확인 불가,파이프라인소비=아니오(build_input_v5.py 미참조 → X/y/group_key 무영향)
독성코드,검증근거,MIX477,"[구조화DB신규조회 재시도·미해결: 이름 매칭 실패(ingredient_names에 실제 성분명 없음)] ingredient_names 필드에 실제 성분명이 없어 PubChem 조회 대상을 특정할 수 없음; 기존 메모대로 BASF 사이트에서도 'Termidor Dry'라는 정확한 제품명이 확인되지 않음. 제품 특성상 알려진 활성성분을 추정 대입하지 않고 데이터 그대로 재검토필요 처리. | 원문: ingredient_names 필드 원문: ""Content (W/W)"" — 표 헤더 잔여 텍스트만 존재하여 조회할 화학물질명 자체가 없음",추출정보 공란 + 출처 접근 실패(링크불가·403/404·로그인·못찾음),변경,없음,확인 불가,파이프라인소비=아니오(build_input_v5.py 미참조 → X/y/group_key 무영향)
독성코드,검증근거,MIX479,"[구조화DB신규조회 재시도·미해결: PubChem 성분 참고값(제품 SDS 아님)] ingredient_names 필드 선행 부분 누락(""| Metofluthrin""); 제품명(Sumione)과 일치 근거 없음, 완제품 SDS 아님. | 원문: PubChem CID 5282227 (Metofluthrin) GHS Classification: Signal=Danger; H332 (100%): Harmful if inhaled; H373 (50%): May causes damage to organs through prolonged or repeated exposure; H400 (50%): Very toxic to aquatic lif",추출정보 공란 + 출처 접근 실패(링크불가·403/404·로그인·못찾음),변경,없음,확인 불가,파이프라인소비=아니오(build_input_v5.py 미참조 → X/y/group_key 무영향)
독성코드,검증근거,MIX48,"[구조화DB신규조회: PubChem 이름검색 성공(CID 11614934) + GHS Classification 확인; 제품명이 화학물질명+기술물질 순도(88.7%, CAS 139968-49-3 기술물질 규격과 부합)로 표기되어 제품=순물질 예외 적용] 제품명(Metaflumizone(88.7%))이 순물질명+기술물질 순도로 표기되어 있어 예외 적용. 눈손상/피부자극/피부감작 관련 H-code(H314/H315/H317/H318/H319 등) 없음 확인되어 cat_eye·cat_skin·cat_sens 모두 'Not classified'로 판단, 기존 힌트(cat_skin_ghs='Not classified')와 일치. 기존 추출정보(Warning/H400 등)와도 부합. | 원문: PubChem CID 11614934 (Metaflumizone) GHS Classification: Signal=Warning; H361fd: Suspected of damaging fertility;",추출값은 있으나 출처 전무,변경,없음,확인 불가,파이프라인소비=아니오(build_input_v5.py 미참조 → X/y/group_key 무영향)
독성코드,검증근거,MIX480,[구조화DB신규조회 재시도·미해결: PubChem 성분 참고값(제품 SDS 아님)] 6성분 복합 비료+살균제 제품 중 Chlorothalonil만 조회; Propiconazole·Pentachloronitrobenzene 등 나머지 및 완제품 SDS 미확인. | 원문: PubChem CID 15910 (Chlorothalonil) GHS Classification: Signal=Danger; H317: May cause an allergic skin reaction; H318: Causes serious eye damage; H330: Fatal if inhaled; H335: May cause respiratory irritation; H351: Susp,추출정보 공란 + 출처 접근 실패(링크불가·403/404·로그인·못찾음),변경,없음,확인 불가,파이프라인소비=아니오(build_input_v5.py 미참조 → X/y/group_key 무영향)
독성코드,검증근거,MIX481,"[구조화DB신규조회 재시도·미해결: PubChem 성분 참고값(제품 SDS 아님)] 제품명(Super K-Gro Malathion 50 Insect Spray)이 브랜드+농도 표기 조합으로 순물질명이 아님; Malathion 원물질값만 확인, 완제품 SDS 아님. | 원문: PubChem CID 4004 (Malathion) GHS Classification: Signal=Danger; H302: Harmful if swallowed; H317: May cause an allergic skin reaction; H400: Very toxic to aquatic life; H410: Very toxic to aquatic life with long lasting ",추출정보 공란 + 출처 접근 실패(링크불가·403/404·로그인·못찾음),변경,없음,확인 불가,파이프라인소비=아니오(build_input_v5.py 미참조 → X/y/group_key 무영향)
독성코드,검증근거,MIX483,[구조화DB신규조회 재시도·미해결: PubChem 성분 참고값(제품 SDS 아님)] 8성분 복합 제초제 중 첫 성분(Sulfentrazone)만 조회; Pyroxasulfone·Tribenuron-methyl 등 나머지 및 완제품 SDS 미확인. | 원문: PubChem CID 86369 (Sulfentrazone) GHS Classification: Signal=Warning; H319 (40.6%): Causes serious eye irritation; H332 (58%): Harmful if inhaled; H373 (43.5%): May causes damage to organs through prolonged or repeated e,추출정보 공란 + 출처 접근 실패(링크불가·403/404·로그인·못찾음),변경,없음,확인 불가,파이프라인소비=아니오(build_input_v5.py 미참조 → X/y/group_key 무영향)
독성코드,검증근거,MIX485,"[구조화DB신규조회 재시도·미해결: PubChem 성분 참고값(제품 SDS 아님)] 제품은 Thidiazuron+Diuron 2성분 복합 제초제(SC)로 순물질이 아님; Thidiazuron 원물질값만 확인, Diuron 및 완제품 SDS 미확인. | 원문: PubChem CID 40087 (Thidiazuron) GHS Classification: Signal=Warning; H312 (76.6%): Harmful in contact with skin; H315 (93.5%): Causes skin irritation; H319 (93.5%): Causes serious eye irritation; H332 (72.7%): Harmful if ",추출정보 공란 + 미분류 메모: 검색 도구 제한으로 제네릭 제조사 SDS 미발견,변경,없음,확인 불가,파이프라인소비=아니오(build_input_v5.py 미참조 → X/y/group_key 무영향)
독성코드,검증근거,MIX486,"[구조화DB신규조회 재시도·미해결: PubChem 성분 참고값(제품 SDS 아님)] ingredient_names 필드가 정수조/침전물 관련 시방서 문구로 오염되어 있음; Dinotefuran·Pyriproxyfen 중 Dinotefuran만 조회, 제품명(SVP8)과 일치 근거 없음. | 원문: PubChem CID 197701 (Dinotefuran) GHS Classification: Signal=Warning; H302 (85.3%): Harmful if swallowed; H400 (64.7%): Very toxic to aquatic life; H410 (65.2%): Very toxic to aquatic life with long lasting effects",추출정보 공란 + 출처 접근 실패(링크불가·403/404·로그인·못찾음),변경,없음,확인 불가,파이프라인소비=아니오(build_input_v5.py 미참조 → X/y/group_key 무영향)
독성코드,검증근거,MIX492,"[구조화DB신규조회 재시도·미해결: PubChem 성분 참고값(제품 SDS 아님)] Isopropyl Alcohol·Benzocaine와 병기된 성분조합이 비정상적(데이터 오류 의심, 기존 메모 없음이나 조합 자체가 이례적); Glyphosate 원물질값만 확인, 완제품 SDS 아님. | 원문: PubChem CID 3496 (Glyphosate) GHS Classification: Signal=Danger; H318: Causes serious eye damage; H411: Toxic to aquatic life with long lasting effects",추출정보 공란 + 출처 접근 실패(링크불가·403/404·로그인·못찾음),변경,없음,확인 불가,파이프라인소비=아니오(build_input_v5.py 미참조 → X/y/group_key 무영향)
독성코드,검증근거,MIX493,"[2차재시도(우회) 재시도·미해결: curl+pdftotext 재시도 + PubChem 성분 참고값] curl+pdftotext로 Maxim XL MSDS(Syngenta Canada, 2012) 원문 확보. Fludioxonil+Metalaxyl-M 2성분만 존재하고 Thiamethoxam(THX) 없음 - 3성분 제품과 불일치 확인. 또한 2012년 pre-GHS 포맷으로 GHS 신호어/H코드 항목 자체 없음. PubChem 참고값: Fludioxonil(Warning/H400,H410), Metalaxyl(Warning/H302,H317,H412), Thiamethoxam(Warning-Danger/H302,H361fd,H400,H410) - 성분 순물질 참고값만 확보, 3성분 완제품 SDS 미확보. | 원문: MAXIM® XL® SEED TREATMENT FUNGICIDE ... Active Ingredient (%): Fludioxonil (21.0%) ... Active ","[웹조사 2차조사·미해결] (시도 출처: https://assets.syngenta.ca/pdf/ca/msds/Maxim_XL_27071_en_msds.pdf) Maxim XL은 Fludioxonil+Metalaxyl-M(살균제) 2종 조합으로 알려져 있어 살충제 Thiamethoxam이 포함된 THX/MXM/FDL CZ 3종 제품과 완전 일치하지 않을 가능성 있음. GHS 정보 자체도 추출 실패. | 원문: 제품명: Maxim XL MSDS. 활성성분 Fludioxonil만 메타데이터에서 확인됨. Metalaxyl-M, Thiamethoxam 포함 여부는 명시되지 않음. GHS 신호어/H코드는 손상된 구조로 추출 불가",변경,없음,확인 불가,파이프라인소비=아니오(build_input_v5.py 미참조 → X/y/group_key 무영향)
독성코드,검증근거,MIX494,"[2차재시도(우회) 재시도·미해결: PubChem 성분 참고값] 로컬PDF는 향수(Victoria's Secret 'Bombshell Wild Flower' 모방품) SDS로 제품 Tital FL(Thiram/Clothianidin/Carboxin/Metalaxyl)과 완전 무관함이 이전 조사에서 확인됨. PubChem에서 Thiram, Clothianidin, Carboxin(Warning/H317,H373,H400,H410), Metalaxyl(Warning/H302,H317,H412) 순물질 참고값만 확보, 4성분 완제품 SDS 미확보. | 원문: Thiram(CID5455): Signal Danger/Warning; H302,H315,H317,H319,H332,H373,H400,H410. Clothianidin(CID86287519): Signal Danger/Warning; H302,H361f,H370,H400,H410",[로컬PDF검증 2차조사·미해결] PDF은 Victoria's Secret 'Bombshell Wild Flower' 향수를 모방한 향료 SDS(Aromatic Fragrances International)로 농약 제품 'Tital FL'(Thiram/Clothianidin/Carboxin/Metalaxyl)과 완전히 무관함을 확인(메모와 동일 결론). 현 tox_signal_word/h_statements 값은 이 향수 제품의 값이므로 사용 불가 | 원문: Product: Compare to BOMBSHELL WILD FLOWER by Victoria's Secret ® F35268 ... Company name: Aromatic Fragrances International,변경,없음,확인 불가,파이프라인소비=아니오(build_input_v5.py 미참조 → X/y/group_key 무영향)
독성코드,검증근거,MIX496,"[2차재시도(우회) 재시도·미해결: curl -A 재시도(접속성공, 내용 무관 확인) + PubChem 성분 참고값] curl(UA 헤더)로 agropages.com 접속 성공(이전 라운드의 WebFetch 실패와 달리 접속됨). 그러나 내용은 신도 노출도 SDS가 아닌 노벨 씨드코팅제 출시 뉴스기사로 GHS 정보 없음 - 애초에 잘못된 소스였음이 확인됨. PubChem 참고값: Fludioxonil(Warning/H400,H410), Thiabendazole(Warning/H400,H410), Thiamethoxam(Warning-Danger/H302,H361fd,H400,H410), Metalaxyl-M류(Warning/H302,H317,H412) - 4성분 순물질 참고값만 확보, 완제품 SDS 미확보. | 원문: 先正达噻虫嗪种衣剂福亮™全球首发 公司噻虫嗪全球布局概览-世界农化网 (Syngenta Thiamethoxam Seed Coating Agent 'Fuliang' Global",[웹조사 2차조사·미해결] (시도 출처: https://cn.agropages.com/News/NewsDetail---10002.htm?utm_source=chatgpt.com) WebFetch 자체가 응답 없이 실패. 대체 URL도 목록에 없어 확인 불가. | 원문: 접속 실패 - Command failed with no output,변경,없음,확인 불가,파이프라인소비=아니오(build_input_v5.py 미참조 → X/y/group_key 무영향)
독성코드,검증근거,MIX499,"[구조화DB신규조회 재시도·미해결: PubChem 성분 참고값(제품 SDS 아님)] 제품명(Topguard Fungicide)은 브랜드명, Flutriafol 원물질값만 확인; PubChem 내 소스 간 분류가 상이(일부 Not Classified)하여 단정 불가, 완제품 SDS 아님. | 원문: PubChem CID 91727 (Flutriafol) GHS Classification: Signal=Warning; H302 (100%): Harmful if swallowed; H312 (57.3%): Harmful in contact with skin; H332 (57.3%): Harmful if inhaled; H411 (18.4%): Toxic to aquatic life with",추출정보 공란 + 출처 접근 실패(링크불가·403/404·로그인·못찾음),변경,없음,확인 불가,파이프라인소비=아니오(build_input_v5.py 미참조 → X/y/group_key 무영향)
독성코드,검증근거,MIX5,"[2차재시도(우회) 재시도·미해결: curl+pdftotext 재시도(성분 일치, 제형/농도 불일치 확인)] curl+pdftotext로 Trion 480(Mesotrione 480g/L SC) SDS 원문 확보 성공(8쪽). 그러나 이 문서는 480g/L 고농도 SC 농축액이며, 대상 제품은 '비료에 0.25% Mesotrione 혼합'된 완전히 다른 제형/농도 제품 - 메모가 지적한 불일치가 실제로 확인됨. 이 SC 제품값을 저농도 비료혼합제품에 그대로 적용 불가. | 원문: Product Name: Trion 480 Other identifier: Mesotrione 480 g/L SC ... Signal word: Warning ... H316: Causes mild skin irritation. H319: Causes serious eye irritation. H317: May cause an allergic skin reaction. H400/H410","[웹조사 2차조사·미해결] (시도 출처: https://envirobiochem.co.za/wp-content/uploads/2026/03/Trion-480_SDS_2025_LAPSED.pdf) PDF 수신(444.8KB)됐으나 텍스트 추출 불가. 메모가 이미 지적한 제형/농도 불일치(Trion480 480g/L SC vs 0.25% 비료혼합제품) 문제도 해결되지 않음. | 원문: 접속 실패 - 제공된 PDF 문서는 매우 손상되어 있으며 대부분이 압축된 이진 데이터로 구성되어 GHS 신호어, H-statement 코드, 눈/피부 구분 정보를 안정적으로 추출할 수 없습니다",변경,없음,확인 불가,파이프라인소비=아니오(build_input_v5.py 미참조 → X/y/group_key 무영향)
독성코드,검증근거,MIX500,"[구조화DB신규조회 재시도·미해결: PubChem 성분 참고값(제품 SDS 아님)] 5성분 복합 살균제(Cymoxanil+Thiophanate-methyl+Mancozeb 등) 중 첫 성분만 조회; 나머지 성분 및 완제품 SDS 미확인, 제조/유통사 특정도 불가. | 원문: PubChem CID 5364079 (Cymoxanil) GHS Classification: Signal=Warning; H302: Harmful if swallowed; H317: May cause an allergic skin reaction; H361fd: Suspected of damaging fertility; Suspected of damaging the unborn child; ",추출정보 공란 + 출처 접근 실패(링크불가·403/404·로그인·못찾음),변경,없음,확인 불가,파이프라인소비=아니오(build_input_v5.py 미참조 → X/y/group_key 무영향)
독성코드,검증근거,MIX501,"[구조화DB신규조회 재시도·미해결: PubChem 성분 참고값(제품 SDS 아님)] 제품명(Topsin M 5G)은 브랜드+제형코드로 순물질명이 아님; Thiophanate-methyl 원물질값만 확인, 완제품(5G 입제) SDS 아님. | 원문: PubChem CID 3032791 (Thiophanate-Methyl) GHS Classification: Signal=Warning; H317: May cause an allergic skin reaction; H332: Harmful if inhaled; H341: Suspected of causing genetic defects; H351: Suspected of causing can",추출정보 공란 + 출처 접근 실패(링크불가·403/404·로그인·못찾음),변경,없음,확인 불가,파이프라인소비=아니오(build_input_v5.py 미참조 → X/y/group_key 무영향)
독성코드,검증근거,MIX502,"[구조화DB신규조회 재시도·미해결: PubChem 성분 참고값(제품 SDS 아님)] 제품명(Topsin M 70 WDG)은 브랜드+제형코드(70 WDG=수분산성입제 70%)로 순물질명이 아님; Thiophanate-methyl 원물질값만 확인, 완제품 SDS 아님. | 원문: PubChem CID 3032791 (Thiophanate-Methyl) GHS Classification: Signal=Warning; H317: May cause an allergic skin reaction; H332: Harmful if inhaled; H341: Suspected of causing genetic defects; H351: Suspected of causing can",추출정보 공란 + 출처 접근 실패(링크불가·403/404·로그인·못찾음),변경,없음,확인 불가,파이프라인소비=아니오(build_input_v5.py 미참조 → X/y/group_key 무영향)
독성코드,검증근거,MIX503,"[구조화DB신규조회 재시도·미해결: PubChem 성분 참고값(제품 SDS 아님)] 제품은 Diquat(dibromide)+Glyphosate 복합 제초제로 추정되며 순물질 아님; Diquat dibromide 원물질값만 확인, Glyphosate 및 완제품 SDS 미확인. | 원문: PubChem CID 6794 (Diquat Dibromide) GHS Classification: Signal=Danger; H302: Harmful if swallowed; H315: Causes skin irritation; H317: May cause an allergic skin reaction; H319: Causes serious eye irritation; H330: Fatal",추출정보 공란 + 출처 접근 실패(링크불가·403/404·로그인·못찾음),변경,없음,확인 불가,파이프라인소비=아니오(build_input_v5.py 미참조 → X/y/group_key 무영향)
독성코드,검증근거,MIX505,"[구조화DB신규조회 재시도·미해결: PubChem 성분 참고값(제품 SDS 아님)] 제품코드(V-10141)는 제조사 내부코드로 순물질명 아님; Deltamethrin 원물질값만 확인, Etoxazole·Fenpropathrin 및 완제품 SDS 미확인. | 원문: PubChem CID 40585 (Deltamethrin) GHS Classification: Signal=Danger; H301: Toxic if swallowed; H331: Toxic if inhaled; H400: Very toxic to aquatic life; H410: Very toxic to aquatic life with long lasting effects",추출정보 공란 + 출처 접근 실패(링크불가·403/404·로그인·못찾음),변경,없음,확인 불가,파이프라인소비=아니오(build_input_v5.py 미참조 → X/y/group_key 무영향)
독성코드,검증근거,MIX507,"[구조화DB신규조회 재시도·미해결: PubChem 성분 참고값(제품 SDS 아님)] 제품명이 실제 상표명이 아닌 자리표시자('Tradename for Dogs')로 추정된다는 기존 메모대로 제품 특정 불가; ingredient_names 중 살충 유효성분(Fipronil)만 조회, Methyl Methacrylate·Permethrin 등 나머지 및 완제품 SDS 미확인. | 원문: PubChem CID 3352 (Fipronil) GHS Classification: Signal=Danger; H301: Toxic if swallowed; H311: Toxic in contact with skin; H331: Toxic if inhaled; H372: Causes damage to organs through prolonged or repeated exposure; H40",추출정보 공란 + 성분 불일치(다른 제품 SDS 의심),변경,없음,확인 불가,파이프라인소비=아니오(build_input_v5.py 미참조 → X/y/group_key 무영향)
독성코드,검증근거,MIX509,"[구조화DB신규조회 재시도·미해결: PubChem 성분 참고값(제품 SDS 아님)] 제품코드(V-10276)는 제조사 내부코드로 순물질명 아님; Bifenthrin 원물질값만 확인, Pyraclostrobin·Metconazole·Dinotefuran 및 완제품 SDS 미확인. | 원문: PubChem CID 6442842 (Bifenthrin) GHS Classification: Signal=Danger; H300: Fatal if swallowed; H317: May cause an allergic skin reaction; H331: Toxic if inhaled; H351: Suspected of causing cancer; H372: Causes damage to o",추출정보 공란 + 출처 접근 실패(링크불가·403/404·로그인·못찾음),변경,없음,확인 불가,파이프라인소비=아니오(build_input_v5.py 미참조 → X/y/group_key 무영향)
독성코드,검증근거,MIX51,[구조화DB신규조회 재시도·미해결: PubChem 성분 참고값(제품 SDS 아님)] 제품(ARY 0452-110)은 Arysta 개발코드이며 ingredient_names 중 대표성분 Glyphosate potassium 단독 조회. Amicarbazone은 미조회. 제품=순물질 아님. | 원문: Signal: Warning; GHS Hazard Statements: H319 (37%): Causes serious eye irritation [Warning Serious eye damage/eye irritation]; H411 (97.8%): Toxic to aquatic life with long lasting effects [Hazardous to the aquatic envir,추출정보 공란 + 출처 접근 실패(링크불가·403/404·로그인·못찾음),변경,없음,확인 불가,파이프라인소비=아니오(build_input_v5.py 미참조 → X/y/group_key 무영향)
독성코드,검증근거,MIX511,"[2차재시도(우회): curl+pdftotext 재시도] curl+pdftotext로 hutchinsons.co.uk PDF 원문 확보 성공(DuPont UK, EU/GB-CLP 버전, 14쪽). 제품명(TREORIS, DPX-QFA61 SC) 및 성분(Penthiopyrad 8.9%, Chlorothalonil 22.3%)이 시트의 product_name/ingredient_names와 정확히 일치. Section2.1 분류: Warning/H332,H317,H335,H351,H400,H410 - 기존 추출정보와 완전 일치. Eye/Skin 분류 항목이 Section2.1에 없어 Not classified로 확정. Skin Sens Cat1(H317)로 cat_sens=1과 일치. 제품 자체 SDS로 검증 완료(단, UK/EU판이며 미국판과 동일할 것으로 추정). | 원문: TREORIS® ... Synonyms: DPX-QFA61 SC ... Acute toxicity, Cate","[웹조사 2차조사·미해결] (시도 출처: https://hutchinsons.co.uk/wp-content/uploads/2023/05/Treoris.pdf) 메모의 'EU/영국판 SDS(2014, DuPont UK)' 주장은 파일명으로 뒷받침되나, 실제 GHS 신호어/H코드 텍스트는 추출하지 못해 값 확정 불가. | 원문: 이 문서는 GB-CLP(UK/EU) 버전(파일명 Treoris_SDS_GB-CLP_2014015)으로 확인됨. PDF 콘텐츠가 심하게 압축/인코딩되어 신호어·H-statement는 추출 불가",변경,없음,확인 불가,파이프라인소비=아니오(build_input_v5.py 미참조 → X/y/group_key 무영향)
독성코드,검증근거,MIX512,"[구조화DB신규조회 재시도·미해결: PubChem 성분 참고값(제품 SDS 아님)] 제품코드(V-10336)의 다성분(glyphosate+계면활성제+Flumioxazin+Pyroxasulfone) 제형 중 대표성분 glyphosate만 참고 조회. | 원문: Signal: Danger; GHS Hazard Statements: H318: Causes serious eye damage [Danger Serious eye damage/eye irritation]; H411: Toxic to aquatic life with long lasting effects [Hazardous to the aquatic environment, long-term ha",추출정보 공란 + 출처 접근 실패(링크불가·403/404·로그인·못찾음),변경,없음,확인 불가,파이프라인소비=아니오(build_input_v5.py 미참조 → X/y/group_key 무영향)
독성코드,검증근거,MIX517,"[2차재시도(우회) 재시도·미해결: PubChem 성분 참고값] 로컬PDF는 TCC Materials社 시멘트/콘크리트 보수재로 살충제 VCP-01(Bifenthrin)과 전혀 무관함이 이전 조사에서 확인됨(제품명 'VCP' 문자열만 우연히 일치). PubChem에서 Bifenthrin 순물질 참고값(Danger-Warning/H300,H317,H331,H351,H372,H400,H410)만 확보, 완제품(10WG) SDS는 여전히 미확보. 메모가 지적한 실제 EPA 라벨(Warning)과도 다름. | 원문: Bifenthrin(CID6442842): Signal Danger/Warning; H300: Fatal if swallowed; H317; H331: Toxic if inhaled; H351; H372; H400; H410","[로컬PDF검증 2차조사·미해결] PDF은 TCC Materials社의 시멘트/콘크리트 보수재(실리카 결정질, 포틀랜드시멘트, 탄산칼슘 함유)로 살충제 'VCP-01'(Bifenthrin 10%)과 전혀 무관한 제품 - 제품명의 'VCP' 문자열만 우연히 일치. 현재 시트의 신호어(Danger)와 H코드(H350/H317/H372)가 이 무관한 시멘트 제품에서 유래했음을 확인 - 메모가 지적한 실제 EPA 라벨(Bifenthrin, Warning)과의 불일치가 이로써 설명됨. 완전히 다른 제품이므로 재검토 필요 | 원문: Product ID: VCP / Product Name: Repair Materials ... Classification Carcinogenicity - Category 1A / Skin Sensitizer - Category 1 ... H350 - May cause cancer / H317 - May cause an allergic skin reaction / H",변경,없음,확인 불가,파이프라인소비=아니오(build_input_v5.py 미참조 → X/y/group_key 무영향)
독성코드,검증근거,MIX518,"[2차재시도(우회) 재시도·미해결: PubChem 성분 참고값] 힌트 URL(crcindustries.com)은 무관한 윤활제 SDS로 확인됨(이전 조사, curl+pdftotext 확인). Troysan 680의 주요 방부제 성분인 1,2-Benzisothiazolin-3-one(BIT)의 PubChem 순물질 참고값(Danger/H302,H315,H317,H318,H330,H400,H410)만 확보, 제품(방부제 혼합물, 광유+왁스+BIT+DMDM Hydantoin) 자체 SDS는 미확보. | 원문: 1,2-Benzisothiazol-3(2H)-one(CID17520): Signal Danger; H302: Harmful if swallowed; H315; H317; H318: Causes serious eye damage; H330: Fatal if inhaled; H400; H410",[웹조사 2차조사·미해결] (시도 출처: https://www.crcindustries.com/media/msdsen/msds_en-1003169.pdf) URL은 정상 접속되었으나(curl+pdftotext로 확인) 문서는 'Troysan 680'과 무관한 '2-26 Multi-Purpose Precision Lubricant'(광유계 윤활제) SDS임 - 메모의 성분 불일치 판단이 사실로 확인됨. Troysan 680 자체 GHS 자료는 여전히 확인 불가. | 원문: Product identifier: 2-26® Multi-Purpose Precision Lubricant - 5 gal,변경,없음,확인 불가,파이프라인소비=아니오(build_input_v5.py 미참조 → X/y/group_key 무영향)
독성코드,검증근거,MIX519,"[구조화DB신규조회 재시도·미해결: PubChem 성분 참고값(제품 SDS 아님)] 메모에 이미 ingredient_names가 타 제품 성분과 혼입되었다고 명시(실제 Velocity SG=Bispyribac-sodium 단일성분). ingredient_names 첫 항목 Bromoxynil octanoate 기준 참고값이며 실제 제품과 무관할 가능성 높음. | 원문: Signal: Danger; GHS Hazard Statements: H302: Harmful if swallowed [Warning Acute toxicity, oral]; H317: May cause an allergic skin reaction [Warning Sensitization, Skin]; H331: Toxic if inhaled [Danger Acute toxicity, in",추출값은 있으나 출처 전무,변경,없음,확인 불가,파이프라인소비=아니오(build_input_v5.py 미참조 → X/y/group_key 무영향)
독성코드,검증근거,MIX52,"[구조화DB신규조회 재시도·미해결: PubChem 성분 참고값(제품 SDS 아님)] 다성분 제초제(Bayer, mesosulfuron/iodosulfuron/mefenpyr 등) 중 대표성분 Mefenpyr-diethyl만 조회. 신호어 합의 데이터 없음(수생독성 H411만 다수 보고). | 원문: GHS Hazard Statements: H411 (99.4%): Toxic to aquatic life with long lasting effects [Hazardous to the aquatic environment, long-term hazard]; Note: This chemical does not meet GHS hazard criteria for 0.6% (1 of 161) of ",추출정보 공란 + 출처 접근 실패(링크불가·403/404·로그인·못찾음),변경,없음,확인 불가,파이프라인소비=아니오(build_input_v5.py 미참조 → X/y/group_key 무영향)
독성코드,검증근거,MIX520,"[구조화DB신규조회 재시도·미해결: PubChem 성분 참고값(제품 SDS 아님)] 3성분(Didecyldimethylammonium Chloride/Dazomet/2-Phenylphenol) 제형 중 첫 성분만 조회. 메모에 이미 EPA 라벨 기준 실제 조성은 O-Phenylphenol+Dazomet만 확인되고 이 성분은 불확실하다고 명시됨. | 원문: Signal: Danger; GHS Hazard Statements: H302: Harmful if swallowed [Warning Acute toxicity, oral]; H314: Causes severe skin burns and eye damage [Danger Skin corrosion/irritation] (PubChem CID 23558, Didecyldimethylammoni",추출값은 있으나 출처 전무 ; 메모에 출처 접근 실패 흔적이 남아 있음 — 값의 근거 재확인 필요,변경,없음,확인 불가,파이프라인소비=아니오(build_input_v5.py 미참조 → X/y/group_key 무영향)
독성코드,검증근거,MIX521,"[구조화DB신규조회 재시도·미해결: PubChem 성분 참고값(제품 SDS 아님)] 메모에 EPA 라벨(Troy Chemical, Diuron 48%)로 ingredient_names의 Diuron과 일치 확인됨. 다만 3성분(triazine biocide+aminoethanol+diuron) 제형 중 Diuron만 조회, 나머지 미조회. | 원문: Signal: Danger; GHS Hazard Statements: H350: May cause cancer [Danger Carcinogenicity]; H373: May causes damage to organs through prolonged or repeated exposure [Warning Specific target organ toxicity, repeated exposure]",추출정보 공란 + 출처 접근 실패(링크불가·403/404·로그인·못찾음),변경,없음,확인 불가,파이프라인소비=아니오(build_input_v5.py 미참조 → X/y/group_key 무영향)
독성코드,검증근거,MIX524,"[구조화DB신규조회 재시도·미해결: PubChem 성분 참고값(제품 SDS 아님)] 메모에 실제 제품(Martin's Viper W.P., Cypermethrin 40%)이 ingredient_names 첫 성분과 일치함을 확인했으나 제품은 60% 불활성 성분을 포함한 WP 제형으로 순물질이 아님. | 원문: Signal: Warning; GHS Hazard Statements: H302: Harmful if swallowed [Warning Acute toxicity, oral]; H332: Harmful if inhaled [Warning Acute toxicity, inhalation]; H335: May cause respiratory irritation [Warning Specific t",추출값은 있으나 출처 전무 ; 메모에 출처 접근 실패 흔적이 남아 있음 — 값의 근거 재확인 필요,변경,없음,확인 불가,파이프라인소비=아니오(build_input_v5.py 미참조 → X/y/group_key 무영향)
독성코드,검증근거,MIX525,"[구조화DB신규조회 재시도·미해결: PubChem 성분 참고값(제품 SDS 아님)] 메모에 Rancona V 100 Pro FS(동일 EPA 등록번호) SDS로 Carboxin 35.52%+Ipconazole 2.22% 일치 확인됨. Carboxin만 조회, Ipconazole 미조회, 다성분 제형이라 예외 미적용. | 원문: Signal: Warning; GHS Hazard Statements: H317: May cause an allergic skin reaction [Warning Sensitization, Skin]; H373: May causes damage to organs through prolonged or repeated exposure [Warning Specific target organ tox",추출값은 있으나 출처 전무,변경,없음,확인 불가,파이프라인소비=아니오(build_input_v5.py 미참조 → X/y/group_key 무영향)
독성코드,검증근거,MIX528,"[구조화DB신규조회 재시도·미해결: PubChem 성분 참고값(제품 SDS 아님)] 메모에 실제 Tundra 계열 제품은 Bifenthrin 단일성분으로 Chlorpyrifos 병용 조합과 다르다고 지적됨. ingredient_names 첫 성분 Chlorpyrifos만 참고 조회, 제품 매칭 불확실. | 원문: Signal: Danger; GHS Hazard Statements: H301: Toxic if swallowed [Danger Acute toxicity, oral]; H400: Very toxic to aquatic life [Warning Hazardous to the aquatic environment, acute hazard]; H410: Very toxic to aquatic li",추출정보 공란 + 출처 접근 실패(링크불가·403/404·로그인·못찾음),변경,없음,확인 불가,파이프라인소비=아니오(build_input_v5.py 미참조 → X/y/group_key 무영향)
독성코드,검증근거,MIX531,"[구조화DB신규조회 재시도·미해결: PubChem 성분 참고값(제품 SDS 아님)] 2성분(+lambda-Cyhalothrin) 제형 중 Chlorantraniliprole만 조회. 미국 외 등록 제품으로 추정되어 제품 SDS 매칭 불가. | 원문: Signal: Warning; GHS Hazard Statements: H319 (39.4%): Causes serious eye irritation [Warning Serious eye damage/eye irritation]; H335 (39.4%): May cause respiratory irritation [Warning Specific target organ toxicity, sin",추출정보 공란 + 출처 접근 실패(링크불가·403/404·로그인·못찾음),변경,없음,확인 불가,파이프라인소비=아니오(build_input_v5.py 미참조 → X/y/group_key 무영향)
독성코드,검증근거,MIX532,"[구조화DB신규조회 재시도·미해결: PubChem 성분 참고값(제품 SDS 아님, ingredient_names 필드 손상으로 메모의 성분명 사용)] ingredient_names 필드 자체가 무역통계표 데이터로 오염되어 실제 성분명이 없음. 메모에 기재된 Diflubenzuron(농약DB 확인, ingredient_names 출처 아님)으로 참고 조회함. lambda-Cyhalothrin은 미조회, 성분 확정 불가. | 원문: Signal: Warning; GHS Hazard Statements: H312 (29.4%): Harmful in contact with skin [Warning Acute toxicity, dermal]; H373 (13.5%): May causes damage to organs through prolonged or repeated exposure [Warning Specific targ",추출정보 공란 + 출처 접근 실패(링크불가·403/404·로그인·못찾음),변경,없음,확인 불가,파이프라인소비=아니오(build_input_v5.py 미참조 → X/y/group_key 무영향)
독성코드,검증근거,MIX533,"[구조화DB신규조회 재시도·미해결: PubChem 성분 참고값(제품 SDS 아님)] 3성분(+IPBC+Propiconazole) 목재보존제 중 Tebuconazole만 조회. | 원문: Signal: Warning; GHS Hazard Statements: H302: Harmful if swallowed [Warning Acute toxicity, oral]; H361d ***: Suspected of damaging the unborn child [Warning Reproductive toxicity]; H400: Very toxic to aquatic life [Warn",추출정보 공란 + 출처 접근 실패(링크불가·403/404·로그인·못찾음),변경,없음,확인 불가,파이프라인소비=아니오(build_input_v5.py 미참조 → X/y/group_key 무영향)
독성코드,검증근거,MIX536,"[구조화DB신규조회 재시도·미해결: PubChem 성분 참고값(제품 SDS 아님)] 2성분(Sulphur+Tebuconazole) 중 Tebuconazole만 조회(Sulphur는 단순 원소라 제외). 기존 메모(2008/2009년 구형 MSDS, GHS 이전 형식)와 별개의 PubChem 최신 참고자료. | 원문: Signal: Warning; GHS Hazard Statements: H302: Harmful if swallowed [Warning Acute toxicity, oral]; H361d ***: Suspected of damaging the unborn child [Warning Reproductive toxicity]; H400: Very toxic to aquatic life [Warn",추출값은 있으나 출처 전무,변경,없음,확인 불가,파이프라인소비=아니오(build_input_v5.py 미참조 → X/y/group_key 무영향)
독성코드,검증근거,MIX537,"[2차재시도(우회) 재시도·미해결: PubChem 성분 참고값] 로컬PDF는 용접용 스패터방지 스프레이(Methylene Chloride 함유)로 제초제 Weld Herbicide(MCPA-2-ethylhexyl/Clopyralid-olamine/Fluroxypyr-meptyl)와 전혀 무관함이 이전 조사에서 확인됨(제품명 'Weld' 문자열만 우연히 일치). PubChem에서 MCPA(Danger-Warning/H302,H315,H318,H400,H410), Clopyralid(Danger/H318), Fluroxypyr(무분류/H412만) 순물질 참고값만 확보, 완제품 SDS 미확보. | 원문: MCPA(CID7204): Signal Danger/Warning; H302; H315; H318: Causes serious eye damage; H400; H410. Clopyralid(CID15553): Signal Danger; H318 (99.7%): Causes serious ",[로컬PDF검증 2차조사·미해결] PDF은 Welding Chemicals Inc.의 용제형 용접 스패터방지 스프레이(Methylene Chloride >90%)로 제초제 'Weld Herbicide'(MCPA/Clopyralid/Fluroxypyr)와 전혀 무관한 제품 - 제품명의 'Weld/Welding' 문자열만 우연히 일치. 현재 시트의 신호어/H코드가 이 무관한 용접용품에서 유래했음이 확인됨. 피부는 Skin Irrit. Category 2(H315)이나 기존 'Not classified'와 상충(검증근거가 지적한 대로) - 이는 잘못된 제품의 데이터라서 발생한 불일치. 완전히 다른 제품이므로 재검토 필요 | 원문: Product Identifier: AS-SB-A SOLVENT-BASED ANTI-SPATTER ... Signal Word(s): Warning ... H315 Causes skin irritation. H319 Causes serious eye irrita,변경,없음,확인 불가,파이프라인소비=아니오(build_input_v5.py 미참조 → X/y/group_key 무영향)
독성코드,검증근거,MIX539,"[구조화DB신규조회 재시도·미해결: PubChem 성분 참고값(제품 SDS 아님)] 메모에 EPA 라벨/SDS(Up-End Hydrocap, 동일 EPA Reg#070506-230)로 실제 유효성분이 Pendimethalin 38.7% 단일성분임이 이미 확인됨. 그러나 제품명(UP-End Herbicide)이 화학명이 아니므로 예외(제품=순물질) 미적용, 성분 참고값으로만 기록. | 원문: Signal: Warning; GHS Hazard Statements: H361d: Suspected of damaging the unborn child [Warning Reproductive toxicity]; H400: Very toxic to aquatic life [Warning Hazardous to the aquatic environment, acute hazard]; H410: ",추출값은 있으나 출처 전무,변경,없음,확인 불가,파이프라인소비=아니오(build_input_v5.py 미참조 → X/y/group_key 무영향)
독성코드,검증근거,MIX54,"[2차재시도(우회) 재시도·미해결: PubChem 성분 참고값] 로컬PDF는 BASF 사료용 카로티노이드 첨가제(Lucantin Yellow 10% NXT)로 유효성분 Pyraclostrobin이 전혀 없어 완제품 BAS 500F(Pyraclostrobin 제조용원료)와 무관함이 이전 조사에서 확인됨. PubChem에서 Pyraclostrobin 순물질 참고값(Danger-Warning/H302,H315,H331,H335,H361d,H373,H400,H410)만 확보, 완제품 SDS 미확보. | 원문: Pyraclostrobin(CID6422843): Signal Danger/Warning; H302: Harmful if swallowed; H315; H331: Toxic if inhaled; H335; H361d; H373; H400; H410","[로컬PDF검증 2차조사·미해결] PDF은 BASF의 사료용 카로티노이드 첨가제 'Lucantin Yellow 10% NXT'로, 안정제 성분(BHT/Propyl gallate/Ascorbyl palmitate/Phytate 등)은 ingredient_names와 일치하나 실제 유효성분인 'Pyraclostrobin'이 이 PDF의 성분표에 전혀 없음 - BAS 500F Manufacturing Use Product(피라클로스트로빈 제조용원료)가 아닌 무관한 사료첨가제 제품. H코드도 현재 시트(H400/H410/H318/H302/H412 등)와 크게 다름(H411만 있고 H410 없음) - 재검토 필요 | 원문: Product: Lucantin® Yellow 10% NXT ... Signal Word: Warning H319 Causes serious eye irritation. H317 May cause an allergic skin reaction. H411 Toxic to a",변경,없음,확인 불가,파이프라인소비=아니오(build_input_v5.py 미참조 → X/y/group_key 무영향)
독성코드,검증근거,MIX541,"[구조화DB신규조회 재시도·미해결: PubChem 성분 참고값(제품 SDS 아님)] 제품명(UPI Glyphosphate)은 Glyphosate 변형 상표명이나 Surfactant를 포함한 제형(450g/L)으로 순물질이 아니어서 예외 미적용. Glyphosate 성분 참고값만 기록. | 원문: Signal: Danger; GHS Hazard Statements: H318: Causes serious eye damage [Danger Serious eye damage/eye irritation]; H411: Toxic to aquatic life with long lasting effects [Hazardous to the aquatic environment, long-term ha","추출정보 공란 + 미분류 메모: 다중 검색엔진, EPA PPLS, Health Canada PMRA, k",변경,없음,확인 불가,파이프라인소비=아니오(build_input_v5.py 미참조 → X/y/group_key 무영향)
독성코드,검증근거,MIX542,"[구조화DB신규조회 재시도·미해결: PubChem 성분 참고값(제품 SDS 아님)] 다성분 목재보존제(Copper carbonate/sulfate, sodium nitrite, Tebuconazole 등 포함) 중 Propiconazole만 조회. 나머지 성분 미조회. | 원문: Signal: Danger; GHS Hazard Statements: H302: Harmful if swallowed [Warning Acute toxicity, oral]; H317: May cause an allergic skin reaction [Warning Sensitization, Skin]; H360D: May damage the unborn child [Danger Reprod",추출정보 공란 + 출처 접근 실패(링크불가·403/404·로그인·못찾음),변경,없음,확인 불가,파이프라인소비=아니오(build_input_v5.py 미참조 → X/y/group_key 무영향)
독성코드,검증근거,MIX544,"[구조화DB신규조회 재시도·미해결: PubChem 성분 참고값(제품 SDS 아님)] 메모에 성분조합(메탄올/TCCA/메타알데하이드계)이 비정상적이라고 지적됨. Methanol만 참고 조회, 나머지 미조회. | 원문: Signal: Danger; GHS Hazard Statements: H225: Highly Flammable liquid and vapor [Danger Flammable liquids]; H301: Toxic if swallowed [Danger Acute toxicity, oral]; H311: Toxic in contact with skin [Danger Acute toxicity, ","추출정보 공란 + 미분류 메모: 제품 SDS를 찾지 못함 (검색엔진 결과 무관, 제조사 불명); 성분 조",변경,없음,확인 불가,파이프라인소비=아니오(build_input_v5.py 미참조 → X/y/group_key 무영향)
독성코드,검증근거,MIX545,"[2차재시도(우회) 재시도·미해결: PubChem 성분 참고값] 로컬PDF는 부형제 Glycerin 단일물질 시약 SDS(Not a hazardous substance)로 실제 유효성분 Metconazole 데이터가 없음이 이전 조사에서 확인됨. 메모에 따르면 실제 제품은 Valent社 METLOCK Fungicide(SYNONYM V-10116 3.7 FS)로 확인되었으나, PubChem에서 Metconazole 순물질 참고값(Danger-Warning/H302,H361d,H411)만 확보, 완제품(Metconazole+Glycerine) SDS는 미확보. | 원문: Metconazole(CID86210): Signal Danger/Warning; H302: Harmful if swallowed; H361d ***: Suspected of damaging the unborn child; H411: Toxic to aquatic life with long lasting effects","[로컬PDF검증 2차조사·미해결] PDF은 순수 Glycerin(CAS 56-81-5) 단일물질 Sigma-Aldrich 시약 SDS로 'Not a hazardous substance or mixture'로 명시됨. 메모에 따르면 실제 제품은 Valent社 'METLOCK Fungicide'(SYNONYM: V-10116 3.7 FS, Metconazole+Glycerine)이나 이 PDF에는 유효성분 Metconazole 데이터가 전혀 없음 - 부형제 1종만의 데이터이므로 완제품 분류 대체 불가, 재검토 필요 | 원문: Product name : Glycerin ... 2.1 Classification of the substance or mixture Not a hazardous substance or mixture.",변경,없음,확인 불가,파이프라인소비=아니오(build_input_v5.py 미참조 → X/y/group_key 무영향)
독성코드,검증근거,MIX546,"[구조화DB신규조회 재시도·미해결: PubChem 성분 참고값(제품 SDS 아님)] 3성분(Boric acid/Propiconazole/Fenpropimorph) 목재보존제 중 Boric acid만 조회. 눈/피부/감작 관련 H코드는 확인되지 않음(생식독성만 다수 보고). | 원문: Signal: Danger; GHS Hazard Statements: H360FD: May damage fertility; May damage the unborn child [Danger Reproductive toxicity] (PubChem CID 7628, Boric Acid)",추출정보 공란 + 출처 접근 실패(링크불가·403/404·로그인·못찾음),변경,없음,확인 불가,파이프라인소비=아니오(build_input_v5.py 미참조 → X/y/group_key 무영향)
독성코드,검증근거,MIX547,"[2차재시도(우회) 재시도·미해결: PubChem 성분 참고값] 로컬PDF는 연구시약용 단일물질 Conoidin A(퀴녹살린다이옥사이드 1개 congener) SDS로 완제품 XDE-PRDX(4성분 혼합물: 퀴녹살린다이옥사이드+Acetochlor+Clopyralid+Flumetsulam)의 나머지 3개 활성성분 데이터가 없음이 이전 조사에서 확인됨. PubChem에서 Acetochlor, Clopyralid, Flumetsulam 순물질 참고값만 추가 확보했으나 4성분 완제품 SDS는 여전히 미확보. | 원문: Acetochlor(CID1988): Signal Danger/Warning; H315,H317,H332,H335,H351,H361f,H373,H400,H410. Clopyralid(CID15553): Signal Danger; H318. Flumetsulam(CID91759): Signal Warning; H332,H400,H410","[로컬PDF검증 2차조사·미해결] PDF은 연구시약용 단일물질 Conoidin A(2,3-bis(bromomethyl)-quinoxaline 1,4-dioxide, CAS 18080-67-6) SDS로, 완제품 XDE-PRDX(퀴녹살린다이옥사이드+아세토클로르+클로피랄리드+플루메추람 4성분 혼합물)의 나머지 3개 활성성분 데이터가 전혀 없음. H413/신호어없음/피부·눈 비자극은 이 PDF와 정확히 일치하나 이는 4성분 중 1개만의 데이터이며 완제품 대표값으로 부적절 - 재검토 필요 | 원문: Trade name: Conoidin A ... Signal word None ... H413 May cause long lasting harmful effects to aquatic life. ... on the skin: No irritant effect. on the eye: No irritating effect.",변경,없음,확인 불가,파이프라인소비=아니오(build_input_v5.py 미참조 → X/y/group_key 무영향)
독성코드,검증근거,MIX548,"[구조화DB신규조회 재시도·미해결: PubChem 성분 참고값(제품 SDS 아님)] 제품코드(WRC-13927-32-0)는 화학명이 아니므로 예외 미적용. 유일 성분 Lambda-Cyhalothrin 참고값. 기존 메모의 Syngenta SCIMITAR CS 대체매칭과는 별개 자료. | 원문: Signal: Danger; GHS Hazard Statements: H301: Toxic if swallowed [Danger Acute toxicity, oral]; H312: Harmful in contact with skin [Warning Acute toxicity, dermal]; H330: Fatal if inhaled [Danger Acute toxicity, inhalatio",추출값은 있으나 출처 전무,변경,없음,확인 불가,파이프라인소비=아니오(build_input_v5.py 미참조 → X/y/group_key 무영향)
독성코드,검증근거,MIX55,"[구조화DB신규조회 재시도·미해결: PubChem 성분 참고값(제품 SDS 아님)] BASF 개발코드(BAS 510 02 F)는 화학명이 아니므로 예외 미적용. 유일 성분 Boscalid는 PubChem 상 신호어 합의 없음(수생독성 H411만 다수 보고), 눈/피부/감작 H코드 없음. | 원문: GHS Hazard Statements: H411 (98.3%): Toxic to aquatic life with long lasting effects [Hazardous to the aquatic environment, long-term hazard]; Note: This chemical does not meet GHS hazard criteria for 1.7% (3 of 178) of ",추출정보 공란 + 성분 불일치(다른 제품 SDS 의심),변경,없음,확인 불가,파이프라인소비=아니오(build_input_v5.py 미참조 → X/y/group_key 무영향)
독성코드,검증근거,MIX550,"[구조화DB신규조회 재시도·미해결: PubChem 성분 참고값(제품 SDS 아님)] 'Xemium'은 실제 Fluxapyroxad의 BASF 브랜드명이나 ingredient_names 대표(첫)성분은 Pyraclostrobin으로 제품명과 대표성분이 불일치. 다성분(+bronopol, CMIT/MIT 등) 제형이라 예외 미적용, Pyraclostrobin만 참고 조회. | 원문: Signal: Danger; GHS Hazard Statements: H302: Harmful if swallowed [Warning Acute toxicity, oral]; H315: Causes skin irritation [Warning Skin corrosion/irritation]; H331: Toxic if inhaled [Danger Acute toxicity, inhalatio",추출정보 공란 + 출처 접근 실패(링크불가·403/404·로그인·못찾음),변경,없음,확인 불가,파이프라인소비=아니오(build_input_v5.py 미참조 → X/y/group_key 무영향)
독성코드,검증근거,MIX551,"[2차재시도(우회) 재시도·미해결: 재시도 불필요(GHS 섹션 자체 없음 확인됨, 제품 식별은 EPA 라벨로 완료)] 이전 조사에서 EPA 등록 라벨 원문으로 제품 식별은 완료(Dow AgroSciences, Noviflumuron, 신호어 CAUTION)되었으나 GHS 이전 FIFRA 라벨로 H코드/GHS 눈·피부·감작성 구분 항목 자체가 없음. 참고: Noviflumuron 활성성분 자체의 PubChem/기술물질 자료(Warning, H361/H362/H400/H410)는 있으나 제품 문서에 GHS 분류가 없어 확정 불가. | 원문: XDE-007 50% Concentrate / For Manufacturing or Formulation Use Only / Active Ingredient: XDE-007 ... 50.0% / CAUTION / Harmful If Inhaled.","[웹조사 2차조사·미해결] (시도 출처: https://www3.epa.gov/pesticides/chem_search/ppls/062719-00478-20030513.pdf) 실제 제품(XDE-007 50% Concentrate, Dow AgroSciences, Noviflumuron) EPA 등록 라벨 원문을 확인함(신호어 CAUTION 확인). 그러나 이 문서는 GHS 이전 FIFRA 라벨로 H코드/GHS 눈·피부·감작성 구분이 전혀 없음 - GHS 분류 정보 자체가 없어 재검토필요로 판정. | 원문: XDE-007 50% Concentrate / For Manufacturing or Formulation Use Only / Active Ingredient: XDE-007 ... 50.0% / CAUTION / Harmful If Inhaled.",변경,없음,확인 불가,파이프라인소비=아니오(build_input_v5.py 미참조 → X/y/group_key 무영향)
독성코드,검증근거,MIX553,"[구조화DB신규조회 재시도·미해결: PubChem 성분 참고값(제품 SDS 아님)] 메모에 CAS(2758-42-1) 확인 결과 ingredient_names는 2,4-D가 아닌 2,4-DB 디메틸아민염이라고 지적됨. 모화합물 2,4-DB(acid)로 참고 조회. 개발코드(XDE-175)는 화학명이 아니므로 예외 미적용. | 원문: Signal: Warning; GHS Hazard Statements: H302: Harmful if swallowed [Warning Acute toxicity, oral]; H411: Toxic to aquatic life with long lasting effects [Hazardous to the aquatic environment, long-term hazard] (PubChem C",추출정보 공란 + 출처 접근 실패(링크불가·403/404·로그인·못찾음),변경,없음,확인 불가,파이프라인소비=아니오(build_input_v5.py 미참조 → X/y/group_key 무영향)
독성코드,검증근거,MIX557,"[2차재시도(우회) 재시도·미해결: PubChem 성분 참고값] 로컬PDF는 전혀 다른 화합물 Oxamide(CAS471-46-5)의 SDS로 실제 살균제 Zoxamide와 무관함이 이전 조사에서 확인됨. PubChem에서 실제 Zoxamide 순물질 참고값(Warning/H317,H400,H410, 일부 보고서 H319 포함)을 확보했으나 이는 현재 시트의 H302,H315,H319,H335(Oxamide 오염값)와 상당히 다름 - 시트값 폐기 필요, 완제품 SDS는 미확보. | 원문: Zoxamide(CID122087): Signal Warning; H317: May cause an allergic skin reaction; H400 (100%): Very toxic to aquatic life; H410 (100%)","[로컬PDF검증 2차조사·미해결] PDF은 제품명 'Zoxamide'가 아니라 전혀 다른 화합물 Oxamide(CAS 471-46-5, C2H4N2O2)의 SDS. ingredient_names에 섞여있는 'Synonyms: oxamide,oxalamide'도 이 오염된 PDF에서 온 것으로 보임. Zoxamide(살균제, 다른 CAS/분자식)의 실제 SDS가 아니므로 재검토필요. | 원문: Product name : Oxamide ... CAS : 471-46-5 ... Signal word Warning ... H302 Harmful if swallowed H315 Causes skin irritation H319 Causes serious eye irritation H335 May cause respiratory irritation",변경,없음,확인 불가,파이프라인소비=아니오(build_input_v5.py 미참조 → X/y/group_key 무영향)
독성코드,검증근거,MIX559,"[구조화DB신규조회 재시도·미해결: PubChem 성분 참고값(제품 SDS 아님)] 2성분(Dichlorvos+Tetrachlorvinphos) 제형 중 Dichlorvos만 조회. Tetrachlorvinphos 미조회. | 원문: Signal: Danger; GHS Hazard Statements: H301: Toxic if swallowed [Danger Acute toxicity, oral]; H311: Toxic in contact with skin [Danger Acute toxicity, dermal]; H317: May cause an allergic skin reaction [Warning Sensitiz",추출정보 공란 + 출처 접근 실패(링크불가·403/404·로그인·못찾음),변경,없음,확인 불가,파이프라인소비=아니오(build_input_v5.py 미참조 → X/y/group_key 무영향)
독성코드,검증근거,MIX560,"[구조화DB신규조회 재시도·미해결: PubChem 성분 참고값(제품 SDS 아님)] 4성분(KOH/NaOH/Dicamba-sodium/Triasulfuron) 제형 중 Dicamba만 조회. 단종 가능성 있는 제품(메모). | 원문: Signal: Danger; GHS Hazard Statements: H302: Harmful if swallowed [Warning Acute toxicity, oral]; H318: Causes serious eye damage [Danger Serious eye damage/eye irritation]; H332: Harmful if inhaled [Warning Acute toxici",추출정보 공란 + 출처 접근 실패(링크불가·403/404·로그인·못찾음),변경,없음,확인 불가,파이프라인소비=아니오(build_input_v5.py 미참조 → X/y/group_key 무영향)
독성코드,검증근거,MIX563,"[2차재시도(우회) 재시도·미해결: PubChem 성분 참고값] 이전 조사에서 확인된 대체 SDS(Reality Termiticide/Insecticide, permethrin 38.3%)는 대상 제품(Reality 25, 25%)과 농도가 달라 GHS H코드/구분 확인 불가(구형 MSDS, EPA Signal Word Caution만 확인). PubChem에서 Permethrin 순물질 참고값(Danger-Warning/H302,H317,H332,H400,H410)만 확보, 25% 제형 완제품 SDS는 미확보. | 원문: Permethrin(CID40326): Signal Danger/Warning; H302: Harmful if swallowed; H317; H332: Harmful if inhaled; H400; H410","[웹조사 2차조사·미해결] (시도 출처: https://assets.greenbook.net/04-59-20-08-11-2022-RealityMSDS__1_.pdf) 메모대로 동일 제조사(Gharda)의 다른 농도 제품(Reality Termiticide/Insecticide, permethrin 38.3%, 'Reality 25'=25%와 농도 다름) MSDS만 확인됨. 구형 MSDS로 GHS H코드/눈·피부·감작성 구분이 전혀 없어 재검토필요. | 원문: Product Name: RealityTM Termiticde/Insecticide EPA Registration No: 33658-33 ... Permethrin* 38.3 ... EPA Signal Word: Caution",변경,없음,확인 불가,파이프라인소비=아니오(build_input_v5.py 미참조 → X/y/group_key 무영향)
독성코드,검증근거,MIX564,"[2차재시도(우회) 재시도·미해결: PubChem 성분 참고값] 로컬PDF는 네일(아크릴) 화장품(Acryl-Rebel)으로 제초제 RebelEx(Cyhalofop-butyl+Penoxsulam)와 전혀 무관함이 이전 조사에서 확인됨. PubChem에서 두 활성성분 순물질 참고값(모두 Warning/H400,H410 중심)만 확보, 완제품 SDS는 미확보. | 원문: Cyhalofop-butyl(CID180089): Signal Warning; H400 (100%): Very toxic to aquatic life; H410 (73%). Penoxsulam(CID11784975): Signal Warning; H400,H410","[로컬PDF검증 2차조사·미해결] PDF은 'Acryl-Rebel'이라는 네일(아크릴) 화장품으로 Dibenzoyl peroxide와 Syntetic Silicon Dioxide만 함유. 제품명 'RebelEx'(Cyhalofop-butyl, Penoxsulam 함유 농약)와 전혀 다른 제품. 재검토필요. | 원문: SECTION 1... Product identifier: Acryl - Rebel ... Relevant uses: Cosmetics ... Skin Sens. 1: Sensitisation, skin, Category 1, H317 ... Substances that contribute to the classification Dibenzoyl peroxide",변경,없음,확인 불가,파이프라인소비=아니오(build_input_v5.py 미참조 → X/y/group_key 무영향)
독성코드,검증근거,MIX566,"[구조화DB신규조회 재시도·미해결: PubChem 성분 참고값(제품 SDS 아님)] 메모에 성분불일치 지적(S-methoprene 포함된 'Reldan F'는 실제 Dow/Corteva 제품군과 다름). Chlorpyrifos-methyl만 참고 조회. | 원문: Signal: Warning; GHS Hazard Statements: H317: May cause an allergic skin reaction [Warning Sensitization, Skin]; H400: Very toxic to aquatic life [Warning Hazardous to the aquatic environment, acute hazard]; H410: Very t",추출정보 공란 + 성분 불일치(다른 제품 SDS 의심),변경,없음,확인 불가,파이프라인소비=아니오(build_input_v5.py 미참조 → X/y/group_key 무영향)
독성코드,검증근거,MIX567,"[구조화DB신규조회 재시도·미해결: PubChem 성분 참고값(제품 SDS 아님)] 메모에 Syngenta EPA 라벨로 성분(Mandipropamid 21.9%+Difenoconazole 21.9%) 및 신호어(Caution/주의) 확인됨. PubChem 순물질 자료는 건강유해 H코드 없이 수생독성만 확인. Difenoconazole은 미조회. | 원문: Signal: Warning; GHS Hazard Statements: H400: Very toxic to aquatic life [Warning Hazardous to the aquatic environment, acute hazard]; H410: Very toxic to aquatic life with long lasting effects [Warning Hazardous to the ",추출값은 있으나 출처 전무,변경,없음,확인 불가,파이프라인소비=아니오(build_input_v5.py 미참조 → X/y/group_key 무영향)
독성코드,검증근거,MIX568,"[구조화DB신규조회 재시도·미해결: PubChem 성분 참고값(제품 SDS 아님)] 메모에 성분불일치 지적(실제 'REPORT™'는 Chlorsulfuron 단일성분, Aminocyclopyrachlor 조합은 Streamline/TruVist 등 다른 상표). Aminocyclopyrachlor만 참고 조회, 건강유해 H코드 없음. | 원문: GHS Hazard Statements: H412 (100%): Harmful to aquatic life with long lasting effects [Hazardous to the aquatic environment, long-term hazard] (PubChem CID 17747875, Aminocyclopyrachlor)",추출정보 공란 + 성분 불일치(다른 제품 SDS 의심),변경,없음,확인 불가,파이프라인소비=아니오(build_input_v5.py 미참조 → X/y/group_key 무영향)
독성코드,검증근거,MIX569,"[2차재시도(우회) 재시도·미해결: PubChem 성분 참고값] 로컬PDF는 원료 Metalaxyl-M(Sigma-Aldrich 시약) 단일물질 SDS로 완제품이 아님이 이전 조사에서 확인됨. Syngenta 공식 EPA 라벨(current-label)의 완제품 신호어는 Caution(중등도 눈자극)로 이 원료 SDS의 Danger/H318(심한눈손상)과 상충함이 이전 조사에서 확인됨. PubChem 참고값: Metalaxyl(Warning/H302,H317,H412), Mancozeb(Danger-Warning/H317,H351,H360D,H373,H400,H410) - 성분 순물질 자료만 확보, 완제품 정량 SDS는 미확보. | 원문: Metalaxyl(CID42586): Signal Warning; H302: Harmful if swallowed; H317: May cause an allergic skin reaction; H412. Mancozeb(CID3034368): Si",[로컬PDF검증 2차조사·미해결] PDF은 완제품 Ridomil Gold MZ WG가 아니라 원료성분 Metalaxyl-M(Sigma-Aldrich 실험시약용) SDS. 메모에서도 이미 완제품 SDS가 아님을 지적. 완제품 EPA 라벨 신호어는 'Caution'으로 이 PDF의 'Danger'와 상충. 재검토필요. | 원문: Product name : Metalaxyl-M ... CAS-No. : 70630-17-0 ... Signal word Danger ... H302 Harmful if swallowed. H318 Causes serious eye damage.,변경,없음,확인 불가,파이프라인소비=아니오(build_input_v5.py 미참조 → X/y/group_key 무영향)
독성코드,검증근거,MIX570,"[구조화DB신규조회 재시도·미해결: PubChem 성분 참고값(제품 SDS 아님)] 3성분(Chlorothalonil+Ethylene glycol+Triticonazole) 중 Chlorothalonil만 조회. | 원문: Signal: Danger; GHS Hazard Statements: H317: May cause an allergic skin reaction [Warning Sensitization, Skin]; H318: Causes serious eye damage [Danger Serious eye damage/eye irritation]; H330: Fatal if inhaled [Danger A",추출정보 공란 + 출처 접근 실패(링크불가·403/404·로그인·못찾음),변경,없음,확인 불가,파이프라인소비=아니오(build_input_v5.py 미참조 → X/y/group_key 무영향)
독성코드,검증근거,MIX572,"[구조화DB신규조회 재시도·미해결: PubChem 성분 참고값(제품 SDS 아님)] ingredient_names 첫 항목 문자열이 손상되어 있어 정리된 명칭 'Mandipropamid'로 조회함. Chlorothalonil은 미조회. | 원문: Signal: Warning; GHS Hazard Statements: H400: Very toxic to aquatic life [Warning Hazardous to the aquatic environment, acute hazard]; H410: Very toxic to aquatic life with long lasting effects [Warning Hazardous to the ",추출정보 공란 + 출처 접근 실패(링크불가·403/404·로그인·못찾음),변경,없음,확인 불가,파이프라인소비=아니오(build_input_v5.py 미참조 → X/y/group_key 무영향)
독성코드,검증근거,MIX575,"[2차재시도(우회) 재시도·미해결: PubChem 성분 참고값] 힌트 URL은 화장품 원료(Sea Kelp Extract) SDS로 제품 Acticide PM Industrial Mildewicide(Chlorothalonil+Diuron)와 무관함이 이전 조사에서 확인됨(ingredient_names 필드 자체도 화장품 문구와 오염됨). PubChem에서 Chlorothalonil(Danger-Warning/H317,H318,H330,H335,H351,H400,H410), Diuron(Danger-Warning/H350,H373,H400,H410) 순물질 참고값만 확보, 완제품 SDS는 미확보. | 원문: Chlorothalonil(CID15910): Signal Danger/Warning; H317,H318,H330,H335,H351,H400,H410. Diuron(CID3120): Signal Danger/Warning; H350: May cause cancer; H373,H4",[웹조사 2차조사·미해결] (시도 출처: https://www.makingcosmetics.com/on/demandware.static/-/Sites-makingcosmetics-master/default/dw486ade05/msds/sds-sea-kelp-extract.pdf) 접속은 되었으나 'Acticide PM Industrial Mildewicide'와 무관한 화장품 원료(Sea Kelp Extract) SDS임 - ingredient_names 필드 자체도 화장품 문구가 뒤섞여 있어 원본 데이터 오염이 의심됨. 다른 제품 정보이므로 재검토필요. | 원문: Product Name: Sea Kelp Extract ... GHS Classification: Not classified. GHS Labeling: Not a dangerous substance according to GHS.,변경,없음,확인 불가,파이프라인소비=아니오(build_input_v5.py 미참조 → X/y/group_key 무영향)
독성코드,검증근거,MIX58,"[구조화DB신규조회 재시도·미해결: PubChem 성분 참고값(제품 SDS 아님)] 2성분(Bifenthrin+Acetamiprid) 제형 중 Bifenthrin만 조회. Acetamiprid 미조회. | 원문: Signal: Danger; GHS Hazard Statements: H300: Fatal if swallowed [Danger Acute toxicity, oral]; H317: May cause an allergic skin reaction [Warning Sensitization, Skin]; H331: Toxic if inhaled [Danger Acute toxicity, inhal",추출정보 공란 + 출처 접근 실패(링크불가·403/404·로그인·못찾음),변경,없음,확인 불가,파이프라인소비=아니오(build_input_v5.py 미참조 → X/y/group_key 무영향)
독성코드,검증근거,MIX580,"[2차재시도(우회) 재시도·미해결: PubChem 성분 참고값] 로컬PDF는 전혀 다른 제초제 INFERNO WDG Herbicide(Tribenuron-methyl)로 제품 Departure Herbicide(Glyphosate)와 무관함이 이전 조사에서 확인됨. PubChem에서 Glyphosate 순물질 참고값(Danger/H318,H411 중심, 일부 보고서 H351,H361,H402,H412)만 확보, 완제품 SDS는 미확보. 기존 신호어(Warning)는 Glyphosate의 PubChem 주요 신호어(Danger)와도 상충. | 원문: Glyphosate(CID3496): Signal Danger; H318: Causes serious eye damage; H411 (99.7%): Toxic to aquatic life with long lasting effects",[로컬PDF검증 2차조사·미해결] PDF은 Departure Herbicide(Glyphosate)가 아니라 INFERNO WDG Herbicide(Tribenuron-methyl 유효성분)의 SDS. 성분이 완전히 다른 별개 제품이므로 재검토필요. | 원문: PRODUCT NAME: INFERNO™ WDG Herbicide ... Tribenuron-methyl 101200-48-0 ... WARNING: MAY CAUSE EYE AND SKIN IRRITATION ... CAUSES RESPIRATORY IRRITATION,변경,없음,확인 불가,파이프라인소비=아니오(build_input_v5.py 미참조 → X/y/group_key 무영향)
독성코드,검증근거,MIX581,"[2차재시도(우회) 재시도·미해결: 재시도 불필요(제품 식별 완료, GHS 섹션 자체 없음) + PubChem 보충 참고값] 이전 조사에서 제품 식별(DPX-E9636 25SG=Rimsulfuron, DuPont Matrix SG Herbicide)은 완료되었으나 2009년 GHS 도입 이전 8-섹션 MSDS로 GHS 신호어/H코드 섹션 자체가 없음. 참고로 PubChem Rimsulfuron(CID91779)은 전체 보고서의 약 44~53%만 H319/H400/H410, 14%만 H317을 보고하고 나머지는 비유해 판정 - 합의된 단일 분류가 없어 보충자료로도 확정 불가. | 원문: DuPont ""Matrix"" SG Herbicide ... Tradenames and Synonyms DPX-E9636 25SG ... CAUTION. Avoid contact with skin, eyes, or clothing... this product is not a skin or eye irri","[로컬PDF검증 2차조사·미해결] 제품 식별(DPX-E9636 25SG = Rimsulfuron)은 일치하나, 이 PDF는 GHS 도입 이전(2009년) 구식 8-섹션 MSDS로 GHS 분류 섹션(신호어/H코드) 자체가 없음. Section 11에 피부/눈 자극 없음, 피부감작 없음이라는 서술은 있으나 GHS 카테고리로 명시되지 않아 결론을 내릴 수 없음. 재검토필요. | 원문: DuPont ""Matrix"" SG Herbicide ... Tradenames and Synonyms DPX-E9636 25SG ... CAUTION. Avoid contact with skin, eyes, or clothing... Based on animal data, this product is not a skin or eye irritant, and is not a skin sensi",변경,없음,확인 불가,파이프라인소비=아니오(build_input_v5.py 미참조 → X/y/group_key 무영향)
독성코드,검증근거,MIX59,"[구조화DB신규조회 재시도·미해결: PubChem 성분 참고값(제품 SDS 아님)] 2성분(Bifenthrin+Acetamiprid) 제형 중 Bifenthrin만 조회(row 1243과 동일 ingredient_names). Acetamiprid 미조회. | 원문: Signal: Danger; GHS Hazard Statements: H300: Fatal if swallowed [Danger Acute toxicity, oral]; H317: May cause an allergic skin reaction [Warning Sensitization, Skin]; H331: Toxic if inhaled [Danger Acute toxicity, inhal",추출정보 공란 + 출처 접근 실패(링크불가·403/404·로그인·못찾음),변경,없음,확인 불가,파이프라인소비=아니오(build_input_v5.py 미참조 → X/y/group_key 무영향)
독성코드,검증근거,MIX590,"[2차재시도(우회) 재시도·미해결: PubChem 성분 참고값] 로컬PDF는 호주 Bayer의 Larvin 800 WG Insecticide(Thiodicarb 80%, 과립수분산제)로 미국 Larvin 500(액상)과 제품명·농도·제형이 모두 다른 별개 제품임이 이전 조사에서 확인됨. PubChem에서 Thiodicarb 순물질 참고값(Danger/H301,H330,H400 중심)만 확보, 미국 Larvin 500 완제품 SDS는 여전히 미확보. | 원문: Thiodicarb(CID62155): Signal Danger; H301 (100%): Toxic if swallowed; H330 (97.2%): Fatal if inhaled; H400 (95.8%); H351,H361,H370,H372,H410 in other reports","[로컬PDF검증 2차조사·미해결] PDF은 'Larvin 500'이 아니라 호주 Bayer의 'Larvin 800 WG Insecticide'(Thiodicarb 80%, 과립수분산제)로 제품명·농도·제형이 모두 다른 별개 제품. 미국 Larvin 500(액상)과 동일 제품인지 확인 불가. 재검토필요. | 원문: Product name Larvin® 800 WG Insecticide ... Thiodicarb 59669-26-0 80.00 ... R23/25 - Toxic by inhalation and if swallowed. R36 - Irritating to eyes. R43 - May cause sensitisation by skin contact.",변경,없음,확인 불가,파이프라인소비=아니오(build_input_v5.py 미참조 → X/y/group_key 무영향)
독성코드,검증근거,MIX597,"[구조화DB신규조회 재시도·미해결: PubChem 성분 참고값(제품 SDS 아님)] 메모에 이미 ingredient_names의 신뢰성이 의심된다고 지적됨(실제 Provado=Imidacloprid 단일성분, Deltamethrin 불일치). ingredient_names 첫 항목 Deltamethrin만 참고 조회. | 원문: Signal: Danger; GHS Hazard Statements: H301: Toxic if swallowed [Danger Acute toxicity, oral]; H331: Toxic if inhaled [Danger Acute toxicity, inhalation]; H400: Very toxic to aquatic life [Warning Hazardous to the aquati",추출정보 공란 + 미분류 메모: Bayer 공식 카탈로그에 'Provado' 제품이 없음(단종 추정); ,변경,없음,확인 불가,파이프라인소비=아니오(build_input_v5.py 미참조 → X/y/group_key 무영향)
독성코드,검증근거,MIX599,"[2차재시도(우회) 재시도·미해결: PubChem 성분 참고값] 로컬PDF는 FirstRate Herbicide(Cloransulam-methyl)로 제품 Rimfire Max Herbicide(Propoxycarbazone-sodium+Mesosulfuron-methyl)의 유효성분과 전혀 다름이 이전 조사에서 확인됨. PubChem에서 두 실제 활성성분 순물질 참고값(모두 Warning/H400,H410 중심)만 확보, 완제품 SDS는 미확보. | 원문: Propoxycarbazone-sodium(CID12056759): Signal Warning; H400: Very toxic to aquatic life; H410. Mesosulfuron-methyl(CID11409499): Signal Warning; H400 (100%); H410 (67.5%)","[로컬PDF검증 2차조사·미해결] PDF은 FirstRate Herbicide(Cloransulam-methyl)로 제품명 Rimfire Max Herbicide의 유효성분(Propoxycarbazone-sodium, Mesosulfuron-methyl)과 전혀 다름. 메모에서 이미 지적한 성분 불일치 확인됨. 재검토필요. | 원문: Product identifier FirstRate® Herbicide ... Chemical name Cloransulam-methyl 147150-35-4 84 ... Health hazards Not classified. ... Signal word Warning Hazard statement Very toxic to aquatic life.",변경,없음,확인 불가,파이프라인소비=아니오(build_input_v5.py 미참조 → X/y/group_key 무영향)
독성코드,검증근거,MIX60,"[구조화DB신규조회 재시도·미해결: 이름 매칭 실패(ingredient_names 필드에 유효한 화학성분명 없음)] 제품명(Bioban 425 Antimicrobial)만으로는 CAS/성분 특정 불가하며 ingredient_names에서도 대표 성분을 추출할 수 없어 PubChem/EPA 조회 자체가 불가능함. 기존 메모(Dow 사이트 403 차단)와 함께 구조화 DB 조회도 실패. | 원문: 조회 시도 불가: ingredient_names 필드 전체가 '용도별 권장 사용농도(ppm)표'로 오염되어 실제 화학성분명이 존재하지 않음(직접 확인, 지어내지 않음)",추출정보 공란 + 출처 접근 실패(링크불가·403/404·로그인·못찾음),변경,없음,확인 불가,파이프라인소비=아니오(build_input_v5.py 미참조 → X/y/group_key 무영향)
독성코드,검증근거,MIX603,"[2차재시도(우회) 재시도·미해결: PubChem 성분 참고값] 로컬PDF는 Helena Agri-Enterprises의 TEMPEST(Bifenthrin 11.3%+Imidacloprid 11.3%, 고농도 액제)로 대상 제품(0.058%+0.115% 저농도 비료혼합제)과 농도·제형이 전혀 다름이 이전 조사에서 확인됨. PubChem에서 두 활성성분 순물질 참고값만 확보, 저농도 완제품 SDS는 미확보. | 원문: Bifenthrin(CID6442842): Signal Danger/Warning; H300,H317,H331,H351,H372,H400,H410. Imidacloprid(CID86287518): Signal Danger/Warning; H301,H302,H400,H410","[로컬PDF검증 2차조사·미해결] PDF은 Helena Agri-Enterprises의 'TEMPEST'(Bifenthrin 11.3%+Imidacloprid 11.3%, 고농도 액제)로, 제품명(0.058%+0.115% 저농도 비료혼합제)과 농도·제형이 전혀 다름. 재검토필요. | 원문: Product Name : TEMPEST ... Bifenthrin 82657-04-3 11.30 / Imidacloprid 138261-41-3 11.30 ... Signal Word : Danger ... Eye Irritation : Causes eye irritation",변경,없음,확인 불가,파이프라인소비=아니오(build_input_v5.py 미참조 → X/y/group_key 무영향)
독성코드,검증근거,MIX604,"[2차재시도(우회) 재시도·미해결: PubChem 성분 참고값] 로컬PDF는 완제품이 아닌 Imidacloprid 단일 원료(시약) SDS로 Bifenthrin 성분 및 제형 정보가 전혀 없음이 이전 조사에서 확인됨. PubChem에서 Imidacloprid, Bifenthrin 순물질 참고값만 확보, 완제품(과립 살충제) SDS는 미확보. | 원문: Imidacloprid(CID86287518): Signal Danger/Warning; H301: Toxic if swallowed; H400,H410. Bifenthrin(CID6442842): Signal Danger/Warning; H300,H317,H331,H351,H372,H400,H410",[로컬PDF검증 2차조사·미해결] PDF은 완제품이 아니라 Imidacloprid 단일 원료(Thermo Fisher/Acros 시약)의 SDS. Bifenthrin 성분도 없고 제형 정보도 없어 완제품 The Andersons 0.077%+0.155% Granular Insecticide와 무관. 재검토필요. | 원문: Product Name Imidacloprid ... CAS No 138261-41-3 ... Signal Word Danger Hazard Statements Toxic if swallowed,변경,없음,확인 불가,파이프라인소비=아니오(build_input_v5.py 미참조 → X/y/group_key 무영향)
독성코드,검증근거,MIX606,"[2차재시도(우회) 재시도·미해결: PubChem 성분 참고값] 로컬PDF는 같은 Andersons 계열 Allectus 살충제(Bifenthrin0.100%+Imidacloprid0.125%)이나 제품명의 농도(0.058%+0.115%)와 일치하지 않아 동일 SKU로 확정 불가함이 이전 조사에서 확인됨(성분/농도 불일치). PubChem에서 두 활성성분 순물질 참고값만 확보, 해당 SKU 완제품 SDS는 미확보. | 원문: Bifenthrin(CID6442842): Signal Danger/Warning; H300,H317,H331,H351,H372,H400,H410. Imidacloprid(CID86287518): Signal Danger/Warning; H301,H302,H400,H410","[로컬PDF검증 2차조사·미해결] PDF은 같은 Andersons 계열의 Allectus 살충제(Bifenthrin 0.100%+Imidacloprid 0.125%)이지만, 제품명의 농도(Bifenthrin 0.058%+Imidacloprid 0.115%)와 일치하지 않아 동일 SKU로 확정할 수 없음(메모에서도 성분/농도 불일치 지적). 재검토필요. | 원문: PRODUCT NAME: The Andersons Professional Turf Products Fertilizer 21-0-7 with Allectus Insecticide ... EYE IRRITATION 2B ... TARGET ORGAN SYSTEMIC TOXICITY 3 ... ACTIVE INGREDIENT LEVEL (%): 0.125 as imidacloprid / 0.100",변경,없음,확인 불가,파이프라인소비=아니오(build_input_v5.py 미참조 → X/y/group_key 무영향)
독성코드,검증근거,MIX607,"[2차재시도(우회) 재시도·미해결: PubChem 성분 참고값] row1270과 동일 로컬PDF(TEMPEST 고농도 액제, Bifenthrin11.3%+Imidacloprid11.3%)로 대상 제품(0.077%+0.155% 저농도 과립)과 무관함이 이전 조사에서 확인됨. PubChem에서 두 활성성분 순물질 참고값만 확보, 완제품 SDS는 미확보. | 원문: Bifenthrin(CID6442842): Signal Danger/Warning; H300,H317,H331,H351,H372,H400,H410. Imidacloprid(CID86287518): Signal Danger/Warning; H301,H302,H400,H410","[로컬PDF검증 2차조사·미해결] row 1270과 동일한 PDF(TEMPEST, Bifenthrin 11.3%+Imidacloprid 11.3% 고농도 액제)로 제품명(0.077%+0.155% 저농도 과립 살충제)과 무관. 재검토필요. | 원문: Product Name : TEMPEST ... Bifenthrin 82657-04-3 11.30 / Imidacloprid 138261-41-3 11.30 ... Signal Word : Danger",변경,없음,확인 불가,파이프라인소비=아니오(build_input_v5.py 미참조 → X/y/group_key 무영향)
독성코드,검증근거,MIX608,"[2차재시도(우회) 재시도·미해결: PubChem 성분 참고값] 로컬PDF는 Stratego(PRO 아님) Fungicide로 Trifloxystrobin+Propiconazole 함유(Prothioconazole 없음)하여 제품 Stratego Pro Fungicide(Trifloxystrobin+Prothioconazole)와 성분이 다름이 이전 조사에서 확인됨. PubChem에서 실제 두 활성성분(Trifloxystrobin, Prothioconazole) 순물질 참고값만 확보, 완제품 SDS는 미확보. | 원문: Trifloxystrobin(CID11664966): Signal Warning; H317,H362,H400,H410. Prothioconazole(CID6451142): Signal Warning; H400 (98.5%); H410 (98.5%)",[로컬PDF검증 2차조사·미해결] PDF은 'Stratego'(PRO 아님) Fungicide로 Trifloxystrobin+Propiconazole 함유(Prothioconazole 없음). 제품명 Stratego Pro Fungicide의 성분(Trifloxystrobin+Prothioconazole)과 불일치. 메모에서 이미 확인된 문제. 재검토필요. | 원문: Trade name STRATEGO® FUNGICIDE ... Hazardous Component Name Trifloxystrobin 141517-21-7 11.4 / Propiconazole 60207-90-1 11.4 ... Eye irritation: Category 2A ... Signal word: Danger,변경,없음,확인 불가,파이프라인소비=아니오(build_input_v5.py 미참조 → X/y/group_key 무영향)
독성코드,검증근거,MIX609,"[구조화DB신규조회 재시도·미해결: PubChem 성분 참고값(제품 SDS 아님)] 'Free'는 성분명이 아닌 라벨 표기 잔재로 판단, 실질 대표성분 Trifloxysulfuron-sodium만 조회. Prometryn 미조회. | 원문: Signal: Warning; GHS Hazard Statements: H400 (100%): Very toxic to aquatic life [Warning Hazardous to the aquatic environment, acute hazard]; H410 (100%): Very toxic to aquatic life with long lasting effects [Warning Haz",추출정보 공란 + 출처 접근 실패(링크불가·403/404·로그인·못찾음),변경,없음,확인 불가,파이프라인소비=아니오(build_input_v5.py 미참조 → X/y/group_key 무영향)
독성코드,검증근거,MIX611,"[2차재시도(우회) 재시도·미해결: PubChem 성분 참고값] 로컬PDF는 Trilux 33 White(44 아님)로 성분에 Tralopyril이 없음이 이전 조사에서 확인됨. PubChem에서 Tralopyril, Cuprous thiocyanate(Warning/H400,H410), Zinc Oxide(Danger-Warning/H400,H410,H361,H370), Pyrithione Zinc 순물질 참고값만 확보, 완제품(4성분 조합) SDS는 미확보. 시트의 방대한 H코드 목록(22개)의 정확한 출처 재확인 필요. | 원문: Tralopyril(CID183559): Signal Danger/Warning; H400 (94.3%); H410 (94.3%); H300/H301/H311/H330/H331/H372/H373 in various reports. Pyrithione Zinc(CID26041): Signal Danger; H301,H318,H330,H360D,H372,","[로컬PDF검증 2차조사·미해결] PDF은 'Trilux 33 White'(44 아님)이며 성분에 Tralopyril이 없음(Cuprous thiocyanate, Zinc oxide, rosin, pyrithione zinc만 존재). 제품명 Trilux 44 White의 성분(Tralopyril 포함)과 불일치하며 메모에서 이미 확인. 재검토필요. | 원문: Trilux 33 White ... Flam. Liq. 3, H226 / Acute Tox. 4, H332 / Skin Irrit. 2, H315 / Eye Dam. 1, H318 / Skin Sens. 1, H317 / Repr. 1B, H360FD (Fertility and Unborn child) / STOT SE 3, H335 / STOT RE 2, H373 / Aquatic Acut",변경,없음,확인 불가,파이프라인소비=아니오(build_input_v5.py 미참조 → X/y/group_key 무영향)
독성코드,검증근거,MIX612,"[2차재시도(우회) 재시도·미해결: PubChem 성분 참고값] 로컬PDF는 금속가공유(드릴링 오일) Viking Drill Ultra S/P Super Premium로 농약 제품 Ultra P(Cuprous oxide+Tolyfluanid)와 완전 무관함이 이전 조사에서 확인됨. PubChem에서 Copper(I) oxide, Tolyfluanid 순물질 참고값만 확보, 완제품 SDS는 미확보. | 원문: Copper(I) oxide(CID18346908): Signal Danger; H302: Harmful if swallowed; H318: Causes serious eye damage; H332,H400,H410. Tolyfluanid(CID12898): Signal Danger/Warning; H315,H317,H319,H330,H335,H372,H400",[로컬PDF검증 2차조사·미해결] PDF은 Cuprous oxide/Tolyfluanid를 함유한 농약 제품 'Ultra P'가 아니라 금속가공유(드릴링 오일) 'Viking Drill Ultra S/P Super Premium'(Lube-Tech)으로 완전히 무관한 제품. 메모에서 이미 확인. 재검토필요. | 원문: Product Trade Name: Viking Drill Ultra S/PTM Super Premium ... Recommended Use: Metal working fluid ... This material is not considered to be hazardous according to the Globally Harmonized System of Classification and La,변경,없음,확인 불가,파이프라인소비=아니오(build_input_v5.py 미참조 → X/y/group_key 무영향)
독성코드,검증근거,MIX613,"[구조화DB신규조회 재시도·미해결: PubChem 성분 참고값(제품 SDS 아님)] 2성분(IPBC+Propiconazole) 목재보존제 중 IPBC(3-Iodo-2-propynylbutylcarbamate)만 조회. Propiconazole 미조회. | 원문: Signal: Danger; GHS Hazard Statements: H302: Harmful if swallowed [Warning Acute toxicity, oral]; H317: May cause an allergic skin reaction [Warning Sensitization, Skin]; H318: Causes serious eye damage [Danger Serious e",추출정보 공란 + 출처 접근 실패(링크불가·403/404·로그인·못찾음),변경,없음,확인 불가,파이프라인소비=아니오(build_input_v5.py 미참조 → X/y/group_key 무영향)
독성코드,검증근거,MIX617,"[2차재시도(우회) 재시도·미해결: PubChem 성분 참고값(모화합물)] 로컬PDF는 5-Hydroxy-Tepraloxydim 대사체가 아닌 모화합물 Tepraloxydim 표준용액(CRM, 아세토니트릴 99.9%+tepraloxydim 0.1%)의 SDS로, 분류값(H225,H312,H332,H319 등) 대부분이 용매(acetonitrile) 유해성에서 유래함이 이전 조사에서 확인됨. PubChem 순물질(Tepraloxydim 모화합물, Warning/H351,H361fd)만 확보, 대사체 5-Hydroxy-Tepraloxydim 자체의 GHS 자료는 PubChem에도 없음(검색 결과 없음) - 완제품/대사체 확정 불가. | 원문: Tepraloxydim(CID135585373): Signal Warning; H351: Suspected of causing cancer; H361fd: Suspected of damaging fertility; Suspected of damag","[로컬PDF검증 2차조사·미해결] PDF은 5-Hydroxy-Tepraloxydim 대사체가 아니라 모화합물 Tepraloxydim 표준액(CRM, 아세토니트릴 용매 99.9%+tepraloxydim 0.1%)의 SDS로, 분류값 대부분이 용매(acetonitrile)의 위해성에서 유래함. 메모에서 이미 확인된 성분 불일치. 재검토필요. | 원문: Product Name: Tepraloxydim in Solution ... Dangerous components: 75-05-8 acetonitrile 99.9% / 149979-41-9 tepraloxydim (ISO) 0.1% ... Signal word Danger ... H225 Highly flammable liquid and vapor. H312+H332 Harmful in co",변경,없음,확인 불가,파이프라인소비=아니오(build_input_v5.py 미참조 → X/y/group_key 무영향)
독성코드,검증근거,MIX618,"[2차재시도(우회) 재시도·미해결: PubChem 성분 참고값(단, 정확한 congener 자료 없음)] 로컬PDF는 상업용 Abamectin(Avermectin B1a~80%/B1b~20% 혼합물, CAS71751-41-2)로 단일 congener Avermectin A1a와 CAS가 다름이 이전 조사에서 확인됨. PubChem에서 Avermectin A1a(CID9832706)를 직접 찾았으나 GHS Classification 데이터가 없어(NO_RECORD) 참고값도 확보 불가. 가장 근접한 상업 혼합물 Avermectin B1a(Danger/H300,H330,H361d,H372,H400,H410)만 참고 가능하나 이는 다른 congener의 혼합물 데이터이므로 확정 불가. | 원문: PubChem search 'Avermectin A1a' -> CID9832706 확보, 그러나 GHS Classification heading에 NO_RECORD(GHS 분류 데이터 없음). A","[로컬PDF검증 2차조사·미해결] PDF은 상업용 Abamectin(Avermectin B1a/B1b 혼합물, CAS 71751-41-2)이며 단일 congener인 Avermectin A1a와 CAS가 다름. 메모에서 이미 확인된 성분 불일치. 재검토필요. | 원문: Trade name: Abamectin ... Synonym Avermectin B1 / Avermectin B1a (~80%) and Avermectin B1b (~20%) Mixture ... CAS Number: 71751-41-2 ... H300+H330 Fatal if swallowed or if inhaled.",변경,없음,확인 불가,파이프라인소비=아니오(build_input_v5.py 미참조 → X/y/group_key 무영향)
독성코드,검증근거,MIX619,"[2차재시도(우회) 재시도·미해결: PubChem 성분명 검색(Avermectin A1b, CID 9940924)] PubChem에서 Avermectin A1b(CID 9940924, 단일 congener) 참고값 확보: Danger/H300(경구 독성)만 확인, 눈/피부/감작 분류 없음(ECHA 집계 28건). 완제품 또는 등가 SDS는 아님. 기존 로컬PDF(Avermectin B1 혼합물, CAS 상이)의 성분 불일치 판정은 유지. | 원문: Signal | Danger; GHS Hazard Statements | H300 (100%): Fatal if swallowed [Danger Acute toxicity, oral]","[로컬PDF검증 2차조사·미해결] PDF은 상업용 Abamectin(Avermectin B1, CAS 71751-41-2)이며 단일 congener인 Avermectin A1b와 CAS가 다름. 메모에서 이미 확인된 성분 불일치. 재검토필요. | 원문: Product Name Abamectin ... Component Abamectin [Avermectin B1] CAS No 71751-41-2 Weight % <=100 ... Fatal if swallowed or if inhaled / Suspected of damaging the unborn child / Causes damage to organs through prolonged or",변경,없음,확인 불가,파이프라인소비=아니오(build_input_v5.py 미참조 → X/y/group_key 무영향)
독성코드,검증근거,MIX620,"[구조화DB신규조회 재시도·미해결: PubChem CID 확인됨(구조 매칭)이나 GHS Classification 데이터 없음] product_name(Abamectin A2a)과 ingredient_names(Avermectin A2a)가 실질적으로 동일 물질로 보여 예외(제품=순물질) 적용을 검토했으나, PubChem에 해당 CID의 GHS Classification 데이터 자체가 없어(Fault: No data found) 신호어/H코드를 확인할 수 없음. 따라서 검증완료로 올리지 못하고 재검토필요로 유지. | 원문: {""Fault"": {""Code"": ""PUGVIEW.NotFound"", ""Message"": ""No data found""}} (PubChem CID 11953987, pug_view heading=GHS Classification 조회 결과, 직접 확인)",추출정보 공란 + 성분 불일치(다른 제품 SDS 의심),변경,없음,확인 불가,파이프라인소비=아니오(build_input_v5.py 미참조 → X/y/group_key 무영향)
독성코드,검증근거,MIX626,"[2차재시도(우회) 재시도·미해결: PubChem 성분 참고값(Bifenthrin, CID 6442842)] PubChem Bifenthrin 순물질(고농도) ECHA 집계값(212건). 대상 제품은 0.086% 저농도 비료혼합제로 이 값을 완제품 분류로 사용 불가. 완제품 SDS 미확보 - 기존 판단(제형·농도 불일치) 유지. | 원문: Signal | Danger; GHS Hazard Statements | H300 (93.4%): Fatal if swallowed ... H317 (95.8%): May cause an allergic skin reaction ... H400 (97.6%) ... H410 (98.1%)","[로컬PDF검증 2차조사·미해결] PDF은 'GCS Bifenthrin 2EC'(Generic Crop Science, Bifenthrin 24.65-26.17% 고농도 EC 유탁제, 방향족 솔벤트 나프타 64%+ 함유)로, 제품명 'Bifenthrin 0.086% Plus Fertilizer'(초저농도 비료 혼합제)와 농도·제형이 전혀 다른 별개 제품. 메모에서도 다른 제품(Batallion LFC)으로 추정했던 것과 마찬가지로 이번에도 불일치. cat_sens_ghs=1B는 우연히 일치하나 나머지 값은 원료 자체의 고농도 분류이므로 완제품 값으로 사용 불가. 재검토필요. | 원문: Product Name GCS Bifenthrin 2EC ... Solvent Naphtha (Petroleum), Heavy Aromatic 64742-94-5 64.59-68.59 / Bifenthrin 82657-04-3 24.65-26.17 / Naphthalene 91-20-3 <0.5 ...",변경,없음,확인 불가,파이프라인소비=아니오(build_input_v5.py 미참조 → X/y/group_key 무영향)
독성코드,검증근거,MIX629,"[2차재시도(우회): curl+pdftotext 재시도(FMC 공식 SDS 신규 확보)] row1418의 신규소스링크(FMC sdsviewer)를 curl -A Mozilla/5.0으로 직접 다운로드하여 확인. 제품명(F6141 EW Insecticide, 대소문자만 다름) 및 성분(Bifenthrin) 일치. FMC SDS#6700-A로 검증완료. | 원문: Product Name F6141 EW Insecticide ... SDS # : 6700-A ... Active Ingredient(s) Bifenthrin, Zeta-cypermethrin ... Serious eye damage/eye irritation Category 2A / Skin sensitization Category 1B ... Warning / H302 - Harmful ","[로컬PDF검증 2차조사·미해결] PDF은 LG Life Sciences의 PermaStar AG(유효성분 Permethrin 28%) SDS. 대상 제품(F6141 EW INSECTICIDE, Bifenthrin)과 제품명·유효성분 모두 불일치 - 다른 제품의 SDS. | 원문: Product name: PermaStar AG / Chemical Class: Synthetic Pyrethroid Insecticide / EPA Reg. #: 71532-15-91026 / Signal Word: Warning",변경,없음,확인 불가,파이프라인소비=아니오(build_input_v5.py 미참조 → X/y/group_key 무영향)
독성코드,검증근거,MIX630,"[2차재시도(우회): curl+pdftotext 재시도(FMC 공식 SDS, 동일 제품코드로 판단)] 제품명(F6141 EW)이 1298행과 완전히 동일한 제품코드. ingredient_names에는 Cypermethrin만 기재되어 있으나 Zeta-cypermethrin(CAS 52315-07-8)과 CAS가 동일하여 표기차이로 판단, Bifenthrin 성분이 시트에서 누락된 것으로 추정. FMC SDS#6700-A로 검증. | 원문: Product Name F6141 EW Insecticide ... SDS # : 6700-A ... Active Ingredient(s) Bifenthrin, Zeta-cypermethrin","[로컬PDF검증 2차조사·미해결] PDF은 UBPBio의 연구용 시약 Everolimus MSDS로, 카탈로그번호 'F6141'이 제품명과 우연히 일치할 뿐 살충제(Cypermethrin) F6141 EW와 전혀 무관한 제품. | 원문: Product name: Everolimus / Product catalog number: F6140, F6141 / Research use only. Not for clinical or human use.",변경,없음,확인 불가,파이프라인소비=아니오(build_input_v5.py 미참조 → X/y/group_key 무영향)
독성코드,검증근거,MIX631,"[2차재시도(우회) 재시도·미해결: PubChem 성분 참고값(Dibutyl phthalate, Rimsulfuron)] 두 성분의 PubChem 참고값을 확보했으나 신호어가 서로 다르고(Danger vs Warning) 배합비 기준 완제품 분류를 결합 산출할 근거가 없음. 완제품(DPX-E9636-38) SDS 미확보 - 기존 로컬PDF(Xylene 마운팅제, Rimsulfuron 미함유)의 불일치 판정 유지. | 원문: Dibutyl phthalate: Signal Danger, H360 (97.1%): May damage fertility or the unborn child ... H400 (>99.9%) | Rimsulfuron: Signal Warning, H317 (14.2%), H319 (44.2%), H400 (52.2%), H410 (53.1%)",[로컬PDF검증 2차조사·미해결] PDF은 Central Drug House의 현미경/조직염색용 마운팅제(Xylene+Dibutyl phthalate) SDS로 제초제 성분 Rimsulfuron이 없음. 기존 시트의 H코드가 이 PDF와 정확히 일치하는 것은 과거에 동일한 오매칭 문서를 근거로 입력되었음을 시사함. | 원문: Product name : DPX Mountant for Microscopy & Histology / Xylene >=90-<=100% / Dibutyl phthalate >=10-<20%,변경,없음,확인 불가,파이프라인소비=아니오(build_input_v5.py 미참조 → X/y/group_key 무영향)
독성코드,검증근거,MIX632,"[2차재시도(우회) 재시도·미해결: PubChem 성분 참고값(Flufenpyr-ethyl, Atrazine)] Flufenpyr-ethyl은 PubChem에 GHS 분류 섹션 자체가 없음. Atrazine만 참고값 확보(Warning/H317,H373,H400,H410). 프리믹스 완제품(Flufenpyr-ethyl-S-3153 WDG/Atrazine Premix) SDS는 미확보 - 기존 판단(무관 문서) 유지. | 원문: Flufenpyr-ethyl(CID 3083546): NO GHS SECTION | Atrazine(CID 2256): Signal Warning, H317, H373, H400, H410","[웹조사 2차조사·미해결] (시도 출처: https://www.firstelectric.coop/pdfs/Method%20SDS.pdf) 메모대로 완전히 무관한 제품(Method 240SL Herbicide, 활성성분 Aminocyclopyrachlor)의 SDS임을 재확인. Flufenpyr-ethyl+Atrazine 프리믹스(NUP-12004 계열 추정) 관련 정보는 전혀 없음. | 원문: METHOD® 240SL HERBICIDE ... EPA Registration No. 432-1565 ... Aminocyclopyrachlor 858956-08-8 21.2",변경,없음,확인 불가,파이프라인소비=아니오(build_input_v5.py 미참조 → X/y/group_key 무영향)
독성코드,검증근거,MIX636,"[구조화DB신규조회 재시도·미해결: PubChem 성분 참고값(제품 SDS 아님)] 메모에 EPA 등록 432-1206(Glufosinate-ammonium 0.6%, 2002년 등록취소·단종)로 성분 확인은 되었으나 소비자용 RTU 제형이라 순물질이 아님. Glufosinate-ammonium 성분 참고값만 기록. | 원문: Signal: Danger; GHS Hazard Statements: H302: Harmful if swallowed [Warning Acute toxicity, oral]; H312: Harmful in contact with skin [Warning Acute toxicity, dermal]; H332: Harmful if inhaled [Warning Acute toxicity, inh",추출정보 공란 + 미분류 메모: EPA 등록 432-1206(등록사 Aventis/Bayer Enviro,변경,없음,확인 불가,파이프라인소비=아니오(build_input_v5.py 미참조 → X/y/group_key 무영향)
독성코드,검증근거,MIX637,"[구조화DB신규조회 재시도·미해결: PubChem 성분 참고값(제품 SDS 아님)] PubChem 결과(건강유해 H코드 없음, 수생독성만)는 기존 추출정보(OSHA HCS 기준 'Not classified as hazardous')와 대체로 부합함. 다만 제품명(Fontelis)이 성분명(Penthiopyrad)과 다른 상표명이므로 예외 미적용, 성분 참고값으로 기록. | 원문: Signal: Warning; GHS Hazard Statements: H400: Very toxic to aquatic life [Warning Hazardous to the aquatic environment, acute hazard]; H410: Very toxic to aquatic life with long lasting effects [Warning Hazardous to the ",추출값은 있으나 출처 전무 ; 신호어도 H코드도 파싱되지 않음,변경,없음,확인 불가,파이프라인소비=아니오(build_input_v5.py 미참조 → X/y/group_key 무영향)
독성코드,검증근거,MIX641,"[2차재시도(우회) 재시도·미해결: 재시도 불필요(GHS 이전 형식 문서로 재확인, 기존 판단 유지)] PDF는 2010년 GHS 이전 형식(Methomyl 90 SP)으로 GHS 신호어/H코드 섹션 자체가 없음. 제형(SP vs LV)도 다름. 지침 4번(구형 문서로 GHS 정보 부재)에 해당하여 추가 재시도하지 않음. | 원문: ""DuPont"" ""LANNATE"" SP INSECTICIDE / METHOMYL 90 / DANGER! POISON! FATAL IF SWALLOWED.","[로컬PDF검증 2차조사·미해결] PDF은 Methomyl 90% SP(고형)의 2010년 GHS 이전 MSDS로 GHS 신호어/H코드 섹션 자체가 없음(EPA 서술형 문구만 존재). 유효성분은 동일하나 제형(SP vs LV)이 다르고 GHS 구분 근거를 확인할 수 없음. | 원문: ""DuPont"" ""LANNATE"" SP INSECTICIDE / METHOMYL 90 / DANGER! POISON! FATAL IF SWALLOWED.",변경,없음,확인 불가,파이프라인소비=아니오(build_input_v5.py 미참조 → X/y/group_key 무영향)
독성코드,검증근거,MIX651,"[구조화DB신규조회 재시도·미해결: PubChem 성분 참고값(제품 SDS 아님)] 메모에 성분불일치 지적(실제 Pen 240FS는 Penflufen 단일성분이며 Myclobutanil/Glycerin 없음). ingredient_names 첫 항목 Myclobutanil만 참고 조회, 실제 제품과 무관할 가능성 높음. | 원문: Signal: Warning; GHS Hazard Statements: H302: Harmful if swallowed [Warning Acute toxicity, oral]; H319: Causes serious eye irritation [Warning Serious eye damage/eye irritation]; H361d ***: Suspected of damaging the unb",추출정보 공란 + 성분 불일치(다른 제품 SDS 의심),변경,없음,확인 불가,파이프라인소비=아니오(build_input_v5.py 미참조 → X/y/group_key 무영향)
독성코드,검증근거,MIX652,"[구조화DB신규조회 재시도·미해결: PubChem 성분 참고값(제품 SDS 아님)] 2성분(Rimsulfuron+Isoxaflutole) 중 Rimsulfuron만 조회. Isoxaflutole 미조회. | 원문: Signal: Warning; GHS Hazard Statements: H317 (14.2%): May cause an allergic skin reaction [Warning Sensitization, Skin]; H319 (44.2%): Causes serious eye irritation [Warning Serious eye damage/eye irritation]; H400 (52.2",추출정보 공란 + 출처 접근 실패(링크불가·403/404·로그인·못찾음),변경,없음,확인 불가,파이프라인소비=아니오(build_input_v5.py 미참조 → X/y/group_key 무영향)
독성코드,검증근거,MIX654,"[구조화DB신규조회 재시도·미해결: PubChem 성분 참고값(제품 SDS 아님)] 제품명(Pursuit, BASF 브랜드)과 ingredient_names 불일치 기존 메모 유지. 대표성분 Imazethapyr의 PubChem 순물질 GHS는 H312/H400/H410(Warning)이며 제품 자체 SDS 아님. Dimethenamid는 다른 제품 성분으로 의심되어 참고값에서 제외 | 원문: Imazethapyr(CID 54740) PubChem GHS: 'Warning / H312 (20.7%): Harmful in contact with skin; H400 (97.8%): Very toxic to aquatic life; H410 (97.8%): Very toxic to aquatic life with long lasting effects'",추출정보 공란 + 성분 불일치(다른 제품 SDS 의심),변경,없음,확인 불가,파이프라인소비=아니오(build_input_v5.py 미참조 → X/y/group_key 무영향)
독성코드,검증근거,MIX656,"[2차재시도(우회) 재시도·미해결: PubChem 성분 참고값(Fipronil, CID 3352)] PubChem Fipronil(성분 순물질) ECHA 집계값(183건). 3성분 배합제(Fipronil+S-Methoprene+Etofenprox) 완제품 SDS는 미확보 - 기존 로컬PDF(Propoxur 함유 목걸이)의 불일치 판정 유지. | 원문: Signal | Danger; GHS Hazard Statements | H301 (100%): Toxic if swallowed ... H311 (100%) ... H330 (92.3%) ... H372 (100%) ... H400 (99.5%) ... H410 (100%)",[로컬PDF검증 2차조사·미해결] PDF은 Rolf C. Hagen의 벼룩목걸이 제품(유효성분 Propoxur)으로 대상 제품(Fipronil/S-Methoprene/Etofenprox 스팟온)과 제품·성분 모두 불일치. 메모의 기존 판단과 일치. | 원문: Product name Sergeant's Flea and Ticks Collar for Cat and Kittens / Propoxur 2.5-10 / WHMIS Classification D-2A,변경,없음,확인 불가,파이프라인소비=아니오(build_input_v5.py 미참조 → X/y/group_key 무영향)
독성코드,검증근거,MIX659,"[2차재시도(우회) 재시도·미해결: PubChem 성분 참고값(Diquat dibromide, Glyphosate)] 두 성분 모두 참고값은 확보했으나 배합제 완제품(Touchdown Diquat Home to Garden Concentrate) SDS는 여전히 미확보. 기존 로컬PDF(Touchdown CT, Diquat 미함유)의 불일치 판정 유지. | 원문: Diquat dibromide(CID 6794): Signal Danger, H302,H315,H317,H319,H330,H335,H372,H400,H410(100%) | Glyphosate(CID 3496): Signal Danger, H318(99.7%),H411(99.7%)","[로컬PDF검증 2차조사·미해결] PDF은 Syngenta의 TOUCHDOWN CT(Glyphosate Acid 36.5%만 함유, Diquat dibromide 없음)로 성분 불일치. GHS Section2 자체도 'Not Applicable'. | 원문: TOUCHDOWN® CT / Glyphosate Acid 1071-83-6 36.5% / Classifications: Not Applicable / Signal Word (OSHA): Not Applicable",변경,없음,확인 불가,파이프라인소비=아니오(build_input_v5.py 미참조 → X/y/group_key 무영향)
독성코드,검증근거,MIX662,"[2차재시도(우회) 재시도·미해결: PubChem 성분 참고값(Acetochlor, Atrazine)] 두 성분 모두 Warning 계열이나 정확한 배합비(3.1+2.5) 기준 완제품 SDS는 미확보. 기존 로컬PDF(Acetochlor 단일계열, Atrazine 미함유)의 불일치 판정 유지. | 원문: Acetochlor(CID 1988): Signal Warning, H315,H317,H332,H335,H351(79.2%),H361/H361f,H373(78.5%),H400(99.6%),H410(100%) | Atrazine(CID 2256): Signal Warning, H317,H373,H400,H410","[로컬PDF검증 2차조사·미해결] PDF은 Acetochlor 단일계열 EC(75.9%, Dichlormid 안전제)로 Atrazine이 전혀 없음. 대상 제품은 Acetochlor+Atrazine(3.1+2.5) 배합제로 성분 구성이 다름. | 원문: Product Name Sharda Acetochlor 75.9% EC / Acetochlor 34256-82-1 75.9 / Dichlormid 37764-25-3 10-30 / Warning",변경,없음,확인 불가,파이프라인소비=아니오(build_input_v5.py 미참조 → X/y/group_key 무영향)
독성코드,검증근거,MIX666,"[2차재시도(우회) 재시도·미해결: 재시도 불필요(동일 계열 구형 MSDS로 재확인, 기존 판단 유지)] 이전 조사에서 확인된 동일 계열(Bifenthrin 함유 잔디용 저농도 과립) 구형 MSDS는 농도(0.10% vs 0.073%)가 다르고 GHS 신호어/H코드 정보 자체가 없음(지침 4번 해당). 대상 제품(0.073%)의 정확한 SDS는 여전히 미확보. | 원문: MATERIAL NAME: Surrender® brand Bifen Lawn & Perimeter Insecticide Granules / Bifenthrin 0.10 82657-04-3",[웹조사 2차조사·미해결] (시도 출처: https://assets.greenbook.net/M103774.pdf) 동일 계열(bifenthrin 함유 잔디용 저농도 살충 과립) 제품이나 농도(0.10% vs 대상 제품 0.073%)와 제품명이 다름. 구형 MSDS로 GHS Signal Word/H코드/구분 정보가 전혀 없어 GHS 분류 정보 부재로 재검토필요. | 원문: MATERIAL NAME: Surrender® brand Bifen Lawn & Perimeter Insecticide Granules / Bifenthrin 0.10 82657-04-3,변경,없음,확인 불가,파이프라인소비=아니오(build_input_v5.py 미참조 → X/y/group_key 무영향)
독성코드,검증근거,MIX667,[구조화DB신규조회 재시도·미해결: PubChem 성분 참고값(제품 SDS 아님)] 제품은 Bifenthrin 0.073%+비료 혼합 저농도 제형이라 순물질 데이터 그대로 적용 불가. EPA 등록 라벨상 신호어 Caution만 확인되었다는 기존 메모와 병기 | 원문: Bifenthrin(CID 6442842) PubChem GHS: 'Danger / H300: Fatal if swallowed; H317: May cause an allergic skin reaction; H331: Toxic if inhaled; H351: Suspected of causing cancer; H372: Causes damage to organs through prolong,추출정보 공란 + 미분류 메모: 정식 SDS 못찾음(검색엔진 접근 제한); EPA 등록정보(pomerix,변경,없음,확인 불가,파이프라인소비=아니오(build_input_v5.py 미참조 → X/y/group_key 무영향)
독성코드,검증근거,MIX669,[구조화DB신규조회 재시도·미해결: PubChem 성분 참고값(제품 SDS 아님)] row 1340과 동일 성분(Bifenthrin 0.069%+비료). 제품 자체 SDS 아니며 순물질 참고값만 확보 | 원문: Bifenthrin(CID 6442842) PubChem GHS: 'Danger / H300: Fatal if swallowed; H317: May cause an allergic skin reaction; H331: Toxic if inhaled; H351: Suspected of causing cancer; H372; H400/H410: Very toxic to aquatic life',추출정보 공란 + 출처 접근 실패(링크불가·403/404·로그인·못찾음),변경,없음,확인 불가,파이프라인소비=아니오(build_input_v5.py 미참조 → X/y/group_key 무영향)
독성코드,검증근거,MIX67,"[2차재시도(우회) 재시도·미해결: PubChem 성분 참고값(Spinosyn A, CID 443059)] PubChem Spinosyn A 참고값은 수생환경 유해성만 확인되며 눈/피부/감작 분류 없음. 완제품(Dust 분제) SDS 미확보 - 기존 로컬PDF(RTU 액상, GHS 미분류)와 제형 불일치, 기존 추출정보(H373/H351)의 근거 문서는 확인되지 않음. | 원문: Signal | Warning; GHS Hazard Statements | H400 (100%): Very toxic to aquatic life ... H410 (100%): Very toxic to aquatic life with long lasting effects","[로컬PDF검증 2차조사·미해결] PDF은 액상 RTU 스프레이(Spinosad 0.001%, GHS 전체 미분류)로 대상 제품(Dust 분제)과 제형이 다르고, 기존 시트의 H373/H351(Warning)과도 상충됨(PDF는 미분류). | 원문: Product name : Bonide Captain Jack's Deadbug Brew Ready to Use / Classification (GHS-US) Not classified / Spinosad A & D * 0.001%",변경,없음,확인 불가,파이프라인소비=아니오(build_input_v5.py 미참조 → X/y/group_key 무영향)
독성코드,검증근거,MIX675,"[2차재시도(우회) 재시도·미해결: PubChem 성분 참고값(Metofluthrin, CID 5282227)] PubChem 등록 보고 2건뿐으로 신뢰도가 낮음. 완제품(Charger, Metofluthrin+Metribuzin+Kaolin 추정) SDS 미확보 - 기존 로컬PDF(S-Metolachlor 제초제, 성분 무관)의 불일치 판정 유지. | 원문: Signal | Danger; GHS Hazard Statements | H332 (100%): Harmful if inhaled ... H370 (50%) ... H373 (50%) ... H400 (50%) ... H410 (100%)",[로컬PDF검증 2차조사·미해결] PDF은 WinField의 S-Metolachlor 제초제(83.7%)로 Metofluthrin 성분이 전혀 없는 완전히 다른 제품. | 원문: CHARGER BASIC® / S-Metolachlor ... 83.7% / Naphthalene <1.0% / Signal Word (OSHA): Danger,변경,없음,확인 불가,파이프라인소비=아니오(build_input_v5.py 미참조 → X/y/group_key 무영향)
독성코드,검증근거,MIX678,"[2차재시도(우회) 재시도·미해결: PubChem 성분 참고값(Tribenuron-methyl, Chlorimuron-ethyl)] 두 성분 모두 Warning 계열 참고값 확보. 완제품(Cloak Ex Bulk Product) SDS는 미확보 - 기존 로컬PDF(Metribuzin+Chlorimuron Ethyl 배합의 다른 'Cloak Herbicide')의 성분 불일치 판정 유지. | 원문: Tribenuron-methyl(CID 153909): Signal Warning, H317(100%),H373(27.3%),H400(98.8%),H410(98.8%) | Chlorimuron-ethyl(CID 56160): Signal Warning, H332(44.2%),H373(15.1%),H400(51.2%),H410(51.2%)",[로컬PDF검증 2차조사·미해결] PDF은 Nufarm의 'Cloak Herbicide'(Metribuzin+Chlorimuron Ethyl)로 대상 제품 'Cloak Ex Bulk Product'(Tribenuron-methyl+Chlorimuron-ethyl)와 유효성분 조합이 다름(Metribuzin vs Tribenuron-methyl). | 원문: Product Name: Cloak Herbicide / Metribuzin 21087-64-9 62-66 / Chlorimuron Ethyl 90982-32-4 10.5-11.5 / WARNING,변경,없음,확인 불가,파이프라인소비=아니오(build_input_v5.py 미참조 → X/y/group_key 무영향)
독성코드,검증근거,MIX679,"[2차재시도(우회) 재시도·미해결: PubChem 성분 참고값(Glyphosate, CID 3496)] 성분 순물질(Glyphosate) 참고값만 확보, 완제품(Consus Glyphosate 조제 제초제) SDS는 미확보. Sigma-Aldrich 실험시약 SDS는 여전히 제품 분류로 사용 불가. | 원문: Signal | Danger; GHS Hazard Statements | H318 (99.7%): Causes serious eye damage [Danger Serious eye damage/eye irritation]; H411 (99.7%): Toxic to aquatic life with long lasting effects","[로컬PDF검증 2차조사·미해결] PDF은 Sigma-Aldrich의 순물질 Glyphosate 실험시약(CAS 1071-83-6) SDS로, 완제형 제초제 'Consus Glyphosate'가 아닌 실험실용 표준물질의 분류값. 제품(조제물) 자체 분류가 아니어서 사용 불가. | 원문: Product name : Glyphosate / Product Number : 45521 / Identified uses : Laboratory chemicals, Synthesis of substances / Signal word Danger",변경,없음,확인 불가,파이프라인소비=아니오(build_input_v5.py 미참조 → X/y/group_key 무영향)
독성코드,검증근거,MIX684,"[2차재시도(우회) 재시도·미해결: PubChem 성분 참고값(Acetic Acid, 2,4-D, Dicamba, Mecoprop, gamma-Cyhalothrin)] 5개 성분 각각의 PubChem 참고값은 확보했으나 5성분 배합제 완제품(Chemsico Pesticide Concentrate WI-S) 수준의 결합 분류는 산출 불가. 완제품 SDS 미확보 - 기존 로컬PDF(오일웰 프로판트 컨솔리데이션제)의 무관 판정 유지. | 원문: Acetic acid: Danger H226,H314(>99.9%) | 2,4-D: Danger H302,H317,H318,H335,H412(99.2%) | Dicamba: Danger H302,H318,H332,H335,H412(99.3%) | Mecoprop: Danger H302,H311,H315,H318,H400,H410(98.8%) | gamma-Cyhalothrin: Danger ","[로컬PDF검증 2차조사·미해결] PDF은 Borden Chemical의 오일웰 프로판트 컨솔리데이션제(AcTivator, 이소프로필알코올 용액)로 대상 제품(Acetic Acid/2,4-D 등 배합 살충제)과 전혀 무관. | 원문: DESCRIPTION: AcTivator(TM) / PRODUCT TYPE: Isopropyl Alcohol Solution / APPLICATION: Consolidation AGent for Oil Well Proppants",변경,없음,확인 불가,파이프라인소비=아니오(build_input_v5.py 미참조 → X/y/group_key 무영향)
독성코드,검증근거,MIX685,"[2차재시도(우회) 재시도·미해결: PubChem 성분 참고값(Acetic Acid, 2,4-D, Dicamba, Mecoprop, gamma-Cyhalothrin)] 1359행과 동일 성분 조합(과립형 제형). 5개 성분 개별 PubChem 참고값만 확보, 완제품(Granules) SDS는 미확보 - 기존 로컬PDF(1359행과 동일, 오일웰 프로판트제)의 무관 판정 유지. | 원문: Acetic acid: Danger H226,H314(>99.9%) | 2,4-D: Danger H302,H317,H318,H335,H412(99.2%) | Dicamba: Danger H302,H318,H332,H335,H412(99.3%) | Mecoprop: Danger H302,H311,H315,H318,H400,H410(98.8%) | gamma-Cyhalothrin: Danger ",[로컬PDF검증 2차조사·미해결] 1359행과 동일 PDF(db5454d3af76146c). Borden Chemical의 오일웰 프로판트 컨솔리데이션제로 대상 제품(Granules 형태 살충제)과 전혀 무관. | 원문: DESCRIPTION: AcTivator(TM) / PRODUCT TYPE: Isopropyl Alcohol Solution / APPLICATION: Consolidation AGent for Oil Well Proppants,변경,없음,확인 불가,파이프라인소비=아니오(build_input_v5.py 미참조 → X/y/group_key 무영향)
독성코드,검증근거,MIX688,"[2차재시도(우회) 재시도·미해결: PubChem 성분 참고값(2,4-D, Dicamba, Quinclorac, Dithiopyr)] 4개 성분 개별 참고값 확보했으나 배합제 완제품(EH-1480 Herbicide) SDS는 미확보. 기존 로컬PDF(Roundup ProMax, Glyphosate 함유)의 무관 판정 유지. | 원문: 2,4-D: Danger H302,H317,H318,H335,H412 | Dicamba: Danger H302,H318,H332,H335,H412 | Quinclorac: Warning H317(100%) | Dithiopyr: Warning H400(94.8%),H410(94.8%)","[로컬PDF검증 2차조사·미해결] PDF은 Bayer의 ROUNDUP PROMAX HERBICIDE(Glyphosate 칼륨염)로, 대상 제품(2,4-D/Dicamba/Quinclorac/Dithiopyr 배합제)과 제품명·성분 전혀 무관. 메모가 지적한 데이터 병합 오류를 확인함. | 원문: ROUNDUP PROMAX® HERBICIDE / Potassium salt of glyphosate 70901-12-1 48.7 / Signal word: Warning / Acute toxicity(Inhalation): Category 4",변경,없음,확인 불가,파이프라인소비=아니오(build_input_v5.py 미참조 → X/y/group_key 무영향)
독성코드,검증근거,MIX689,"[구조화DB신규조회: PubChem GHS Classification (CID 33360, Ethofumesate)] 제품명(Ethofumesate(97.7%))=화학물질명+순도이고 ingredient_names도 Ethofumesate 단일성분으로 실질적으로 동일 물질 - 예외적으로 검증완료 처리. 기존 추출정보(Warning/H400,H410, 일부 H411 병기)와 정확히 일치 | 원문: 'Warning / H400: Very toxic to aquatic life; H410: Very toxic to aquatic life with long lasting effects' (aggregated: H400 46%, H410 45.3%, H411 54.7%)",추출값은 있으나 출처 전무,변경,없음,확인 불가,파이프라인소비=아니오(build_input_v5.py 미참조 → X/y/group_key 무영향)
독성코드,검증근거,MIX692,"[구조화DB신규조회: PubChem GHS Classification (CID 3496, Glyphosate)] 제품명(Glyphosphate(96.5), 오타)=화학물질명+순도이고 ingredient_names도 Glyphosate 단일성분으로 실질적으로 동일 물질 - 예외적으로 검증완료 처리. 기존 추출정보(Danger/H318,H411)와 정확히 일치 | 원문: 'Danger / H318: Causes serious eye damage; H411: Toxic to aquatic life with long lasting effects' (aggregated 99.7%/99.7%)",추출값은 있으나 출처 전무,변경,없음,확인 불가,파이프라인소비=아니오(build_input_v5.py 미참조 → X/y/group_key 무영향)
독성코드,검증근거,MIX694,"[구조화DB신규조회 재시도·미해결: PubChem 성분 참고값(제품 SDS 아님)] ingredient_names='Roundup'(브랜드명)이 PubChem에서 glyphosate 이소프로필아민염과 동일 물질로 확인되었으나, 제품(62% IPA Salt)과 Roundup 통상 농도(41%)가 달라 제품 확정 불가. 또한 PubChem GHS에 명확한 신호어가 없어(H411만, 환경유해성 낮은 등급) '명확히 확인'되었다고 보기 어려움 | 원문: PubChem 'Roundup'(CID 38078) Title=Roundup, IUPACName='2-(phosphonomethylamino)acetic acid;propan-2-amine'(glyphosate isopropylamine salt) 확인. GHS: 'H411 (98.9%): Toxic to aquatic life with long lasting effects' - 신호어(Da",추출정보 공란 + 성분 불일치(다른 제품 SDS 의심),변경,없음,확인 불가,파이프라인소비=아니오(build_input_v5.py 미참조 → X/y/group_key 무영향)
독성코드,검증근거,MIX697,[구조화DB신규조회 재시도·미해결: PubChem 성분 참고값(제품 SDS 아님)] 제품은 과산화수소+과아세트산 2성분 혼합 브랜드 제품(BioSafe GreenClean)으로 순물질 데이터와 직접 대응 안됨. 기존 추출정보(Danger/H302;H314;H332;H242;H290)는 두 성분 혼합 SDS 추정치이며 정확한 동일제품 SDS 아님 | 원문: Peracetic acid(CID 6585) PubChem GHS: 'Danger / H242: Heating may cause a fire; H301: Toxic if swallowed; H310: Fatal in contact with skin; H314: Causes severe skin burns and eye damage; H330: Fatal if inhaled; H400/H410,추출값은 있으나 출처 전무,변경,없음,확인 불가,파이프라인소비=아니오(build_input_v5.py 미참조 → X/y/group_key 무영향)
독성코드,검증근거,MIX700,"[구조화DB신규조회 재시도·미해결: PubChem 성분 참고값(제품 SDS 아님)] 제품(NUP-08041, DuPont 코드명)은 Pyraflufen-ethyl+Dicamba+2,4-D-2-ethylhexyl+Mecoprop-dimethylammonium 4성분 혼합제. 대표성분 Pyraflufen-ethyl 단독 데이터는 기존 추출정보(EPA CAUTION/경구유해·눈자극)와 매칭되지 않아 다른 성분(Dicamba 등)의 영향으로 추정, 제품 확정 불가 | 원문: Pyraflufen-ethyl(CID 182951) PubChem GHS: 'Warning / H400: Very toxic to aquatic life; H410: Very toxic to aquatic life with long lasting effects' (100%/100%) - 경구/눈자극 코드 없음",추출값은 있으나 출처 전무,변경,없음,확인 불가,파이프라인소비=아니오(build_input_v5.py 미참조 → X/y/group_key 무영향)
독성코드,검증근거,MIX702,"[2차재시도(우회) 재시도·미해결: PubChem 성분 참고값(Pyraflufen-ethyl, 2,4-D-2-ethylhexyl ester)] Ethylene sulfite(Glycol sulfite)는 무관한 첨가제로 판단, 유효성분 2개(Pyraflufen-ethyl, 2,4-D-2-ethylhexyl)의 PubChem 참고값만 확보. 프리믹스 완제품(NUP-12004) SDS는 미확보. | 원문: Pyraflufen-ethyl(CID 182951): Signal Warning, H400(100%),H410(100%) | 2,4-D 2-ethylhexyl ester(CID 61286): Signal Warning, H302(100%),H317(100%),H400(99.3%),H410(99.3%)","[웹조사 2차조사·미해결] (시도 출처: https://pim-resources.coleparmer.com/sds/37480.pdf) 이 문서는 NUP-12004의 3개 성분 중 하나인 'Ethylene sulfite (Glycol sulfite)' 단일성분 구형 MSDS(Acros Organics)로 확인됨 - 성분명은 일치하나 GHS Signal Word/H코드가 전혀 없는 WHMIS(구 캐나다 체계)/NFPA 기반 문서이며, Pyraflufen-ethyl·2,4-D 성분 정보는 전혀 없음. GHS 분류 정보 부재로 재검토필요. | 원문: MSDS Name: Glycol sulfite, 98% ... Synonyms: Ethylene sulfite ... Canada - WHMIS: This product has a WHMIS classification of B3, D2B.",변경,없음,확인 불가,파이프라인소비=아니오(build_input_v5.py 미참조 → X/y/group_key 무영향)
독성코드,검증근거,MIX703,[구조화DB신규조회 재시도·미해결: PubChem 성분 참고값(제품 SDS 아님)] 제품명 Norm 1은 브랜드명으로 Metofluthrin과 직접 대응 확인 안됨(기존 메모: 복합제 Crossfire 등만 확인되어 사용 안함). 순물질 참고값만 확보 | 원문: Metofluthrin(CID 5282227) PubChem GHS: 'Danger / H332 (100%): Harmful if inhaled; H370 (50%); H373 (50%); H400 (50%); H410 (100%): Very toxic to aquatic life with long lasting effects',추출정보 공란 + 성분 불일치(다른 제품 SDS 의심),변경,없음,확인 불가,파이프라인소비=아니오(build_input_v5.py 미참조 → X/y/group_key 무영향)
독성코드,검증근거,MIX705,"[구조화DB신규조회 재시도·미해결: PubChem 성분 참고값(제품 SDS 아님)] 제품(DPX-MAT28 0.05G+비료)은 저농도 과립형 제형. PubChem 순물질 데이터는 H412(경미한 환경유해성)만 있어 기존 추출정보(EPA CAUTION/눈자극)와 불일치 - EPA 라벨은 제형 전체 기준, PubChem은 순물질 기준이라 직접 비교 어려움 | 원문: Aminocyclopyrachlor(CID 17747875) PubChem GHS: 'H412 (100%): Harmful to aquatic life with long lasting effects' - 신호어(Danger/Warning) 없음(H412는 GHS상 신호어 부여 대상 아님)",추출값은 있으나 출처 전무,변경,없음,확인 불가,파이프라인소비=아니오(build_input_v5.py 미참조 → X/y/group_key 무영향)
독성코드,검증근거,MIX706,"[2차재시도(우회) 재시도·미해결: 재시도 불필요(2008년 구버전 문서로 재확인, 기존 판단 유지) + PubChem 참고값 보완] 제품명·성분(Dinotefuran 2%) 일치하나 2008년 구버전 MSDS로 GHS 신호어/H코드 섹션 자체가 없음(지침 4번 해당). 참고: PubChem Dinotefuran(CID 197701) 순물질값은 Warning/H302,H400,H410(204건 집계)이나 저농도(2%) 완제품 값으로 사용 불가. | 원문: PRODUCT NAME: Safari® 2 G Insecticide / EPA REGISTRATION NUMBER: 59639-149 / EMERGENCY OVERVIEW Note: No signal word required.",[로컬PDF검증 2차조사·미해결] 제품명·성분(Dinotefuran 2%)은 정확히 일치하나 2008년 개정 구버전 MSDS로 GHS 신호어/H코드 섹션이 없음(EPA Tox Category IV 서술형 정보만 존재). GHS 구분을 결론지을 근거가 PDF에 없음. | 원문: PRODUCT NAME: Safari® 2 G Insecticide / EPA REGISTRATION NUMBER: 59639-149 / EMERGENCY OVERVIEW Note: No signal word required.,변경,없음,확인 불가,파이프라인소비=아니오(build_input_v5.py 미참조 → X/y/group_key 무영향)
독성코드,검증근거,MIX711,"[2차재시도(우회) 재시도·미해결: PubChem 성분 참고값(Tralopyril, Pyrithione zinc, Acetic acid)] 3개 성분 개별 참고값만 확보, 방오도료 완제품(Shelter Island Plus - White) SDS는 미확보 - 기존 로컬PDF(오일웰 프로판트제)의 무관 판정 유지. | 원문: Tralopyril(CID 183559): Signal Danger, H400(94.3%),H410(94.3%) | Pyrithione zinc(CID 26041): Signal Danger, H301,H318,H330,H360D,H372,H400,H410 | Acetic acid(CID 176): Signal Danger, H226,H314","[로컬PDF검증 2차조사·미해결] PDF은 Borden Chemical의 오일웰 프로판트 컨솔리데이션제로 방오도료 제품(Shelter Island Plus - White, Acetic Acid/Tralopyril/Pyrithione zinc)과 전혀 무관. 메모의 기존 판단과 일치. | 원문: DESCRIPTION: AcTivator(TM) / PRODUCT TYPE: Isopropyl Alcohol Solution / APPLICATION: Consolidation AGent for Oil Well Proppants",변경,없음,확인 불가,파이프라인소비=아니오(build_input_v5.py 미참조 → X/y/group_key 무영향)
독성코드,검증근거,MIX715,"[2차재시도(우회) 재시도·미해결: PubChem 성분 참고값(Glyphosate, CID 3496)] 성분 순물질(Glyphosate) 참고값만 확보, 완제품(Texan Glyphosate, 메모상 'Titan Glyphosate 360'으로 추정) SDS는 미확보 - Sigma-Aldrich 실험시약 SDS는 제품 분류로 사용 불가. | 원문: Signal | Danger; GHS Hazard Statements | H318 (99.7%): Causes serious eye damage; H411 (99.7%): Toxic to aquatic life with long lasting effects","[로컬PDF검증 2차조사·미해결] PDF은 Sigma-Aldrich의 순물질 Glyphosate 실험시약 SDS로 완제형 제초제 'Texan Glyphosate'가 아님. 메모가 언급한 'Titan Glyphosate 360'과도 다른 문서로, 제품 자체의 조제물 분류를 확인할 수 없음. | 원문: Product name : Glyphosate / Product Number : 45521 / Identified uses : Laboratory chemicals, Synthesis of substances / Signal word Danger",변경,없음,확인 불가,파이프라인소비=아니오(build_input_v5.py 미참조 → X/y/group_key 무영향)
독성코드,검증근거,MIX717,"[2차재시도(우회) 재시도·미해결: PubChem 성분 참고값(Glyphosate, CID 3496)] 성분 순물질(Glyphosate) 참고값만 확보, 완제품(Tide Glyphosate) SDS 미확보. 로컬PDF는 유효성분이 다른 'Tide Glufosinate 280 SL'로 불일치 확인됨. | 원문: Signal | Danger; GHS Hazard Statements | H318 (99.7%): Causes serious eye damage; H411 (99.7%): Toxic to aquatic life with long lasting effects","[로컬PDF검증 2차조사·미해결] PDF은 Tide International의 'Tide Glufosinate 280 SL Herbicide'(유효성분 Glufosinate-ammonium)로, 대상 제품 'Tide Glyphosate'(유효성분 Glyphosate)와 브랜드명은 같으나 유효성분이 다른 별개 제품. | 원문: SAFETY DATA SHEET Tide Glufosinate 280 SL Herbicide / Glufosinate-ammonium 77182-82-2 24.5 / Signal Word: DANGER",변경,없음,확인 불가,파이프라인소비=아니오(build_input_v5.py 미참조 → X/y/group_key 무영향)
독성코드,검증근거,MIX72,"[2차재시도(우회) 재시도·미해결: PubChem 성분 참고값(Pyraclostrobin, Fluxapyroxad)] 제공 PDF는 EPA Pesticide Fact Sheet(Fluxapyroxad 위험성평가)로 GHS Section2 자체가 없음(지침 4번). 성분 참고값만 보완 확보, 완제품 SDS는 여전히 미확보. | 원문: Pyraclostrobin(CID 6422843): Signal Danger, H315(98.8%),H331(98.8%),H335(67.2%),H400(100%),H410(100%) | Fluxapyroxad(CID 16095400): Signal Warning, H351(78.7%),H362(39.9%),H400(100%),H410(100%)","[로컬PDF검증 2차조사·미해결] PDF는 EPA Pesticide Fact Sheet(Fluxapyroxad/BAS 700F 위험성평가 문서)로 GHS 분류(Section2, 신호어/H코드) 자체가 존재하지 않음. 'BAS 703 01 F Fungicide'는 참고문헌 목록에만 등장하며, 성분도 Pyraclostrobin이 아닌 Fluxapyroxad 중심 문서. | 원문: 47924200 Support of the Application for Registration of BAS 703 01 F Fungicide. Transmittal of 19",변경,없음,확인 불가,파이프라인소비=아니오(build_input_v5.py 미참조 → X/y/group_key 무영향)
독성코드,검증근거,MIX720,"[구조화DB신규조회 재시도·미해결: PubChem 성분 참고값(제품 SDS 아님)] 제품명 'Willowed Ethofumesate'는 제조사(Willowood) 브랜드+성분명 결합형으로, 실제 제형에 계면활성제 등 첨가물 포함 가능성이 있어 순수 화학물질명 예외를 적용하지 않음. 순물질 참고값만 확보 | 원문: Ethofumesate(CID 33360) PubChem GHS: 'Warning / H400: Very toxic to aquatic life; H410: Very toxic to aquatic life with long lasting effects'",추출정보 공란 + 출처 접근 실패(링크불가·403/404·로그인·못찾음),변경,없음,확인 불가,파이프라인소비=아니오(build_input_v5.py 미참조 → X/y/group_key 무영향)
독성코드,검증근거,MIX742,"[구조화DB신규조회 재시도·미해결: PubChem 조회 대상 없음] 제품명 Apogee(BASF 브랜드)만으로는 화학물질명이 아니라 PubChem 이름검색 대상이 되지 않음. 구조화 DB 조회 실패, 이름 매칭 안 됨 | 원문: ingredient_names 필드가 공란이며 SDS 섹션 라벨 텍스트만 남아있어 검색할 성분명을 추출할 수 없음",추출정보 공란 + 출처 접근 실패(링크불가·403/404·로그인·못찾음),변경,없음,확인 불가,파이프라인소비=아니오(build_input_v5.py 미참조 → X/y/group_key 무영향)
독성코드,검증근거,MIX743,"[구조화DB신규조회 재시도·미해결: PubChem 성분 참고값(제품 SDS 아님)] ingredient_names로 조회한 화합물의 PubChem GHS(H315/H319/H335)가 기존 추출정보(Warning/H317,H361d,H400,H410,EUH401 - Chronicle SDS 기반)와 전혀 다름. 제품명(BASF MCPP-P)의 실제 유효성분(mecoprop-P)도 아니어서 성분/제품 불일치가 재확인됨 | 원문: 3-(4-Methoxyphenyl)propionic acid(CID 95750) PubChem GHS: 'Warning / H315 (100%): Causes skin irritation; H319 (100%): Causes serious eye irritation; H335 (66.7%): May cause respiratory irritation'",추출값은 있으나 출처 전무,변경,없음,확인 불가,파이프라인소비=아니오(build_input_v5.py 미참조 → X/y/group_key 무영향)
독성코드,검증근거,MIX748,"[구조화DB신규조회 재시도·미해결: PubChem 성분 참고값(제품 SDS 아님)] ingredient_names 필드 공란. 'Rynaxypyr'는 DuPont의 chlorantraniliprole 상표명으로 알려져 있어 이를 근거로 조회했으나, ingredient_names 자체에 값이 없어 동일 물질 여부를 데이터상 확정할 수 없음 + PubChem 분류율도 낮아 재검토필요 유지 | 원문: chlorantraniliprole(CID 11271640) PubChem GHS: 'Warning / H319 (39.4%): Causes serious eye irritation; H335 (39.4%); H400 (60.6%); H410 (60.6%): Very toxic to aquatic life with long lasting effects' - 대부분 코드가 50% 미만 보고율로","추출정보 공란 + 미분류 메모: 성분표(chlorantraniliprole 2.5-10%, 주석산 >=2",변경,없음,확인 불가,파이프라인소비=아니오(build_input_v5.py 미참조 → X/y/group_key 무영향)
독성코드,검증근거,MIX751,"[2차재시도(우회) 재시도·미해결: PubChem 성분 참고값(Nicosulfuron, CID 73281)] 메모의 실제 유효성분(Nicosulfuron) 기준 PubChem 참고값 확보. 완제품(DuPont Accent SC) SDS는 미확보 - 기존 로컬PDF(DuPont BASIS GOLD, 구형 CAUTION 표기)의 제품명 불일치 판정 유지. | 원문: Signal | Warning; GHS Hazard Statements | H315 (28.1%): Causes skin irritation; H319 (27.5%): Causes serious eye irritation; H400 (95%); H410 (95%)","[로컬PDF검증 2차조사·미해결] PDF는 DuPont BASIS GOLD HERBICIDE(니코설퓨론+리멀설퓨론+아트라진, 2005년 구형 MSDS)로 'DuPont Accent SC'와 제품명이 다름. GHS 형식이 아니라 구식 'CAUTION!' 신호어만 있고 H코드는 전혀 없음. | 원문: ""DuPont"" ""BASIS"" GOLD HERBICIDE ... CAUTION! Harmful if swallowed, inhaled or absorbed through",변경,없음,확인 불가,파이프라인소비=아니오(build_input_v5.py 미참조 → X/y/group_key 무영향)
독성코드,검증근거,MIX752,"[2차재시도(우회) 재시도·미해결: PubChem 성분 참고값(Aminocyclopyrachlor methyl ester, 추정, CID 16725794)] 메모에서 추정한 성분(aminocyclopyrachlor methyl ester)의 참고값은 수생환경(H411)만 확인되며 신호어 요구 기준 미달. 완제품(metribuzin·chlorimuron ethyl 병용 추정) SDS는 미확보 - 기존 로컬PDF(DuPont Canopy Herbicide, 다른 DPX코드)의 제품 불일치 판정 유지. | 원문: GHS Hazard Statements | H411 (100%): Toxic to aquatic life with long lasting effects [Hazardous to the aquatic environment, long-term hazard]","[로컬PDF검증 2차조사·미해결] PDF는 DuPont Canopy Herbicide(DPX-L8347, Metribuzin+Chlorimuron ethyl)의 SDS로 'DuPont DPX-KJM44 80 MUP Herbicide'와 다른 DPX 코드/제품. Signal word Warning, Skin Irrit.2, Eye Irrit.2B가 확인되나(현 시트값과 일치) 제품 자체가 불일치하며 H코드는 숫자표기 없이 서술형만 존재. | 원문: Product name : DuPont™ Canopy® Herbicide ... Tradename/Synonym : CANOPY 75DF DPX-L8347",변경,없음,확인 불가,파이프라인소비=아니오(build_input_v5.py 미참조 → X/y/group_key 무영향)
독성코드,검증근거,MIX753,"[2차재시도(우회) 재시도·미해결: PubChem 성분 참고값(Aminocyclopyrachlor methyl ester, 추정, CID 16725794)] 1412행과 동일 추정 성분. 완제품(chlorimuron ethyl 등 병용 추정) SDS 미확보 - 기존 로컬PDF(BETAPRIME 접착제, 완전 무관)의 판정 유지. | 원문: GHS Hazard Statements | H411 (100%): Toxic to aquatic life with long lasting effects [Hazardous to the aquatic environment, long-term hazard]",[로컬PDF검증 2차조사·미해결] PDF는 접착제/유리프라이머 제품(BETAPRIME Clear Advanced Glass Primer)의 SDS로 'DuPont DPX-KJM44 Herbicide'와 완전히 무관한 제품/성분. 제품 자체의 SDS를 찾지 못한 상태. | 원문: Product name: BETAPRIME™ Clear Advanced Glass Primer ... Signal word: DANGER!,변경,없음,확인 불가,파이프라인소비=아니오(build_input_v5.py 미참조 → X/y/group_key 무영향)
독성코드,검증근거,MIX754,"[2차재시도(우회) 재시도·미해결: PubChem 성분 참고값(Penthiopyrad, CID 11388558)] Penthiopyrad 참고값 확보. 완제품(Polyoxin D-zinc 병용 50WDG 추정) SDS 미확보 - 기존 로컬PDF(BETAPRIME 접착제, 완전 무관)의 판정 유지. | 원문: GHS Hazard Statements | H400 (65.1%): Very toxic to aquatic life; H410 (65.1%); H411 (34.9%): Toxic to aquatic life with long lasting effects",[로컬PDF검증 2차조사·미해결] PDF는 접착제/유리프라이머 제품(BETAPRIME Clear Advanced Glass Primer)의 SDS로 'DuPont DPX-LEM17 50WDG Fungicide'(Penthiopyrad 계열)와 완전히 무관. 제품 자체의 SDS를 찾지 못한 상태. | 원문: Product name: BETAPRIME™ Clear Advanced Glass Primer ... Signal word: DANGER!,변경,없음,확인 불가,파이프라인소비=아니오(build_input_v5.py 미참조 → X/y/group_key 무영향)
독성코드,검증근거,MIX755,"[구조화DB신규조회 재시도·미해결: PubChem 성분 참고값(제품 SDS 아님)] ingredient_names 공란. DPX-MAT28 코드명은 (동일 코드명을 쓰는 row 1383 제품명 기준) Aminocyclopyrachlor로 추정되나 본 행 자체 데이터에는 근거 없음. EPA 등록 352-813 취소 정보만 확인, SDS 원문 없음 | 원문: Aminocyclopyrachlor(CID 17747875) PubChem GHS: 'H412 (100%): Harmful to aquatic life with long lasting effects' - 신호어 없음",추출정보 공란 + 출처 접근 실패(링크불가·403/404·로그인·못찾음),변경,없음,확인 불가,파이프라인소비=아니오(build_input_v5.py 미참조 → X/y/group_key 무영향)
독성코드,검증근거,MIX758,[2차재시도(우회) 재시도·미해결: 재시도 불가(성분/제품 특정 불능)] ingredient_names가 공란이라 PubChem 성분 검색을 적용할 대상이 없음. 기존 로컬PDF(Sodium azide)는 제품명(EX2108)과 무관함이 재확인됨. 대체 자료 없음. | 원문: Product name : Sodium azide ... H300 + H310 Fatal if swallowed or in contact with skin.,"[로컬PDF검증 2차조사·미해결] PDF는 Sigma-Aldrich 나트륨아자이드(Sodium azide, CAS 26628-22-8) SDS로 제품명 'EX2108'과 전혀 무관. 현 시트의 signal_word(danger)와 h_statements(H300/H310/H373/H400/H410)는 이 잘못된 PDF에서 그대로 옮겨진 것으로 보임. | 원문: Product name : Sodium azide ... H300 + H310 Fatal if swallowed or in contact with skin.",변경,없음,확인 불가,파이프라인소비=아니오(build_input_v5.py 미참조 → X/y/group_key 무영향)
독성코드,검증근거,MIX759,"[2차재시도(우회): curl+pdftotext 재시도(FMC 공식 SDS 신규 다운로드 성공)] 신규소스링크(FMC sdsviewer)를 curl -A Mozilla/5.0으로 재다운로드하여 정상 파싱, 제품명·성분(Bifenthrin+Zeta-cypermethrin) 정확 일치 확인. 기존 로컬PDF(PermaStar AG)는 오매칭이었음. 기존 추출정보(H302/H317/H319/H332/H351)와 정확히 일치. | 원문: Product Name F6141 EW Insecticide ... SDS # : 6700-A ... Active Ingredient(s) Bifenthrin, Zeta-cypermethrin ... Serious eye damage/eye irritation Category 2A / Skin sensitization Category 1B ... Warning / H302 - Harmful ","[로컬PDF검증 2차조사·미해결] PDF는 LG Life Science 'PermaStar AG'(Permethrin 28% 살충제) SDS로 'F6141 EW Insecticide'(메모에 따르면 Bifenthrin+Zeta-cypermethrin, FMC SDS#6700-A로 추정)와 다른 제품/성분. H코드 숫자표기가 전혀 없어(서술형 문구만 존재) 추출정보의 H302/H317/H319/H332/H351도 이 PDF로는 확인 불가. | 원문: Product Name: PermaStar AG ... Signal Word: Warning ... Hazard-determined components of labeling: Permethrin",변경,없음,확인 불가,파이프라인소비=아니오(build_input_v5.py 미참조 → X/y/group_key 무영향)
독성코드,검증근거,MIX76,"[2차재시도(우회) 재시도·미해결: curl+pdftotext 재시도 + PubChem 성분 참고값(Pyraclostrobin, Fluxapyroxad)] alco-chem URL을 curl로 재다운로드하여 정상 파싱했으나 여전히 무관 제품(액체비누 Slide)로 재확인됨. Pyraclostrobin(Danger/H315,H331,H335,H400,H410) 및 Fluxapyroxad(Warning/H351,H362,H400,H410) PubChem 참고값으로 보완했으나 완제품(BAS 703 02 F Fungicide Seed Treatment) SDS는 미확보. | 원문: Product Name: Slide ... Product Category: Liquid Soap ... GHS Signal Word: Warning / H226,H302,H316,H319,H336","[웹조사 2차조사·미해결] (시도 출처: https://www.alco-chem.com/uploads/7/1/2/5/71257601/slide_0397-5_sds.pdf) 메모에도 명시된 대로 이 URL은 무관 제품(Slide 액체비누)이며, 실제로도 PDF 파싱 실패 | 원문: 접속 실패 - PDF가 바이너리/압축 스트림 형식으로 텍스트 추출 불가 (application/pdf, 142.2KB, 손상/인식불가 형식으로 판정됨)",변경,없음,확인 불가,파이프라인소비=아니오(build_input_v5.py 미참조 → X/y/group_key 무영향)
독성코드,검증근거,MIX760,"[구조화DB신규조회 재시도·미해결: PubChem 성분 참고값(제품 SDS 아님)] ingredient_names 공란. 제품명(Fosthiazate 900EC)에서 성분명을 역추정. PubChem 순물질 Danger 분류가 기존 EPA 라벨 WARNING 기준 정보(치명적 가능성, 눈손상, 흡입유해)와 대체로 방향은 일치하나 제품 자체 SDS는 아님 | 원문: Fosthiazate(CID 91758) PubChem GHS: 'Danger / H301: Toxic if swallowed; H312: Harmful in contact with skin; H317: May cause an allergic skin reaction; H331: Toxic if inhaled; H400/H410: Very toxic to aquatic life'",추출값은 있으나 출처 전무,변경,없음,확인 불가,파이프라인소비=아니오(build_input_v5.py 미참조 → X/y/group_key 무영향)
독성코드,검증근거,MIX769,"[2차재시도(우회) 재시도·미해결: curl+pdftotext 재시도 + PubChem 성분 참고값(Chlorfenapyr, Pyriproxyfen, Prallethrin)] EPA PPLS 문서는 실제로 텍스트 추출이 가능했음(재시도 성공, 스캔본 아님) - 확인 결과 XDE-007(=Chlorfenapyr 기술원제) 50% 농축물의 2003년 FIFRA 등록 라벨로 GHS 형식이 아닌 구식 CAUTION 신호어만 존재, 대상 제품(TC-314, Chlorfenapyr+Prallethrin+Pyriproxyfen 배합 추정)과 제형이 다름. PubChem 참고값: Chlorfenapyr Danger/H302,H331,H400,H410; Pyriproxyfen Warning/H400,H410; Prallethrin Danger/H302,H331,H400,H410. 완제품 SDS는 여전히 미확보. | 원문: XDE-007 50% Concentrate / For Manufacturing",[웹조사 2차조사·미해결] (시도 출처: https://www3.epa.gov/pesticides/chem_search/ppls/062719-00478-20030513.pdf) TC-314 제품 SDS 대체 자료를 찾지 못함; EPA PPLS 문서는 스캔본이라 OCR 없이는 읽을 수 없음 | 원문: 접속 실패 - PDF가 스캔 이미지(JBIG2/FlateDecode 압축 스트림)로 되어 있어 텍스트 추출 불가,변경,없음,확인 불가,파이프라인소비=아니오(build_input_v5.py 미참조 → X/y/group_key 무영향)
독성코드,검증근거,MIX77,"[2차재시도(우회): curl+pdftotext 재시도(BASF 공식 SDS 신규 다운로드 성공)] greenbook URL을 curl -A Mozilla/5.0으로 재다운로드하여 정상 파싱 성공(이전엔 바이너리 파싱 실패). 제품명(Cabrio EG Fungicide) 및 성분(Pyraclostrobin 20%)이 BASF 공식 SDS(Rev. 2025/02/10, EPA Reg 7969-187)와 정확히 일치, 기존 추출정보와도 동일한 H코드. 눈 자극성은 Section2에 미기재 및 Section11 'Not irritating to the eyes'로 Not classified, 피부감작성도 Section11 'Non-sensitizing'. | 원문: Cabrio EG Fungicide ... BASF CORPORATION ... Signal Word: Warning ... H315 Causes skin irritation. H335 May cause respiratory ","[웹조사 2차조사·미해결] (시도 출처: https://assets.greenbook.net/20-02-33-14-02-2025-Cabrio_EG_-_sds_-_english.PDF) 2회 재시도했으나 동일하게 파싱 실패 | 원문: 접속 실패 - PDF가 바이너리 인코딩 스트림(압축된 객체/폰트 정의 등)으로 되어 텍스트를 읽을 수 없음 (application/pdf, 254KB)",변경,없음,확인 불가,파이프라인소비=아니오(build_input_v5.py 미참조 → X/y/group_key 무영향)
독성코드,검증근거,MIX771,"[구조화DB신규조회 재시도·미해결: PubChem 성분 참고값(제품 SDS 아님)] 제품(Touchdown Diquat Home and Garden RTU)은 Diquat dibromide+Glyphosate 혼합 가정용 희석 제품. 기존 cat_skin_ghs 힌트값('Not classified')이 Diquat 순물질의 H315(피부자극)와 상충 - 가정용 저농도 제형과 순물질 데이터 간 불일치로 판단, 재검토필요 유지 | 원문: Diquat dibromide(CID 6794) PubChem GHS: 'Danger / H302; H315: Causes skin irritation; H317; H319; H330: Fatal if inhaled; H335; H372; H400/H410'",추출정보 공란 + 출처 접근 실패(링크불가·403/404·로그인·못찾음),변경,없음,확인 불가,파이프라인소비=아니오(build_input_v5.py 미참조 → X/y/group_key 무영향)
독성코드,검증근거,MIX775,"[2차재시도(우회) 재시도·미해결: curl로 Nouryon 제품페이지의 PDS PDF 확인(GHS 정보 없음), PubChem에 혼합물 CID 없음] Nouryon 공식 PDS(Product Data Sheet) PDF를 직접 다운로드했으나 GHS 분류 항목이 없음(SDS 아님). Dicocoalkylamines(CAS 61789-76-2)는 혼합물이라 PubChem에서 CID를 찾지 못함. 기존 추출정보(ChemicalBook 3rd-party 집계값)는 여전히 비공식 출처로만 남음. | 원문: href=""/globalassets/inriver/resources/pds-armeen-2c-en.pdf"" (다운로드하여 확인한 PDS 문서에는 물성정보만 있고 GHS 신호어/H코드 항목이 없음)","[웹조사 2차조사·미해결] (시도 출처: https://www.nouryon.com/product/armeen-2c-dicocoalkylamines/) 제품 소개 페이지일 뿐 SDS 문서가 아니어서 GHS 값 확인 불가 | 원문: 제공된 웹페이지에는 Armeen 2C(Dicocoalkylamines)의 GHS 신호어, H-statement 코드, 눈/피부 손상 구분 정보가 포함되어 있지 않습니다. PDS 다운로드 링크만 제공됩니다",변경,없음,확인 불가,파이프라인소비=아니오(build_input_v5.py 미참조 → X/y/group_key 무영향)
독성코드,검증근거,MIX777,"[2차재시도(우회) 재시도·미해결: curl로 Nouryon 제품페이지 PDS 확인(GHS 정보 없음) + PubChem 유사구조물질(Octadecylamine) 참고] Nouryon PDS PDF에는 GHS 정보 없음(SDS 아님). Tallow alkylamine(CAS 61790-33-8)은 혼합물로 PubChem CID 미검색되나, 유사 구조물질 Octadecylamine(CID 15793, Danger/H304,H314,H318,H373,H400,H410 계열)의 프로필이 기존 추출정보(ChemicalBook, Danger/H302,H304,H314,H373,H410)와 대체로 부합함을 참고로만 확인. 공식 SDS는 여전히 미확보. | 원문: GHS Hazard Statements | H304 (32.2%): May be fatal if swallowed and enters airways ... H314 (48.6%): Causes severe skin burns and e","[웹조사 2차조사·미해결] (시도 출처: https://www.nouryon.com/product/armeen-td-tallow-alkyl-amine/) 제품 소개 페이지일 뿐 SDS 문서가 아니어서 GHS 값 확인 불가 | 원문: 제공된 웹페이지 콘텐츠에는 GHS 신호어, H-statement 코드, 눈/피부 손상 구분 정보가 포함되어 있지 않습니다. PDS(Product Data Sheet) 문서 링크만 있음",변경,없음,확인 불가,파이프라인소비=아니오(build_input_v5.py 미참조 → X/y/group_key 무영향)
독성코드,검증근거,MIX778,"[2차재시도(우회) 재시도·미해결: PubChem 성분 참고값(Hexadecyltrimethylammonium chloride, CAS 112-02-7 정확 일치)] Nouryon 공식페이지로 Arquad 16-50=Hexadecyltrimethylammonium chloride(CAS 112-02-7) 정체가 이미 확인되어 PubChem CID 8154로 직접 조회, ingredient_names와 CAS 정확 일치. 다만 이는 100% 순물질 기준값이며 제품은 50% 희석 용액(Arquad 16-50)이라 완제품 SDS(로그인 필요, 미확보) 없이는 제품 자체 분류로 확정할 수 없음. | 원문: GHS Hazard Statements | H302: Harmful if swallowed; H315: Causes skin irritation; H318: Causes serious eye damage; H335: May cause respiratory irritation; H400: ","[웹조사 2차조사·미해결] (시도 출처: https://www.nouryon.com/product/arquad-16-50-hexadecyltrimethylammonium-chloride/) 제품 소개 페이지일 뿐 SDS 문서가 아니어서 GHS 값 확인 불가 | 원문: 제공된 웹페이지 콘텐츠에는 Arquad 16-50의 GHS 신호어, H-statement 코드, 눈/피부 손상 구분 정보가 없습니다. 제품 설명, 기능, 용도, 문서 링크만 포함",변경,없음,확인 불가,파이프라인소비=아니오(build_input_v5.py 미참조 → X/y/group_key 무영향)
독성코드,검증근거,MIX779,"[2차재시도(우회) 재시도·미해결: 기존 NITE 공식 분류 유지(재시도 불필요, 이전 라운드에 확보된 최선 자료)] 이전 조사에서 확보한 일본 NITE 공식 GHS 분류(CAS 68424-85-1)가 원료 성분(Arquad MCB-50) 기준 최선의 자료이며, 완제품(Arquad DMMCB-50) 자체의 SDS는 여전히 미확보. Waldeck 완제품(Waroklar) SDS 내 원료 성분표(Acute Tox.4/Skin Corr.1B/Eye Dam.1/H302,H314,H318,H400,H410)가 NITE 분류보다 다소 완화된 값으로 출처간 차이 지속. | 원문: Waroklar - water bath stabilizer ... Arquad MCB-50 1-<5% ... Acute Tox. 4, Skin Corr. 1B, Eye Dam. 1, Aquatic Acute 1, Aquatic Chronic 1; H302 H314 H318","[로컬PDF검증 2차조사·미해결] PDF는 Waldeck GmbH의 완제품 'Waroklar - water bath stabilizer' SDS이며 'Arquad DMMCB-50'(≈'Arquad MCB-50')은 그 안의 1-5% 원료성분으로만 등장(제품 자체 SDS 아님). 지침상 원료성분별 분류는 제외해야 하므로 완제품(Waroklar) 자체 분류(Warning/H226,H315,H319,H412)도 Arquad와 무관하고, 원료 개별분류(H302,H314,H318,H400,H410)도 '제품 자체 분류'로 사용할 수 없음 - Arquad DMMCB-50 자체의 SDS를 찾지 못한 상태. | 원문: Waroklar - water bath stabilizer ... Arquad MCB-50 1-<5% ... Acute Tox. 4, Skin Corr. 1B, Eye Dam. 1, Aquatic Acute 1, Aquatic Chronic 1; H302 H314 H318",변경,없음,확인 불가,파이프라인소비=아니오(build_input_v5.py 미참조 → X/y/group_key 무영향)
독성코드,검증근거,MIX780,[2차재시도(우회) 재시도·미해결: curl(UA) 재시도 + PubChem 명칭검색(3종)] chemblink CAS 39895-14-8 전용 페이지 curl(UA)로도 404 재확인. PubChem 명칭검색 3종(boron trifluoride acetic acid complex 등) 모두 No CID. 신규 소스 확보 못함 | 원문: The return code is 404. The requested page does not exist on chemBlink.,"[웹조사 2차조사·미해결] (시도 출처: https://www.chemblink.com/) chemblink.com은 검색 홈페이지, 해당 물질 CAS 추정 페이지(39895-14-8)도 404로 접속 실패 | 원문: 제공된 웹페이지 내용에서 boron trifluoride-acetic acid complex 또는 Acetic acid boron trifluoride에 관한 구체적인 정보는 찾을 수 없습니다 (홈페이지일 뿐). CAS 39895-14-8 전용 페이지는 HTTP 404 Not Found",변경,없음,확인 불가,파이프라인소비=아니오(build_input_v5.py 미참조 → X/y/group_key 무영향)
독성코드,검증근거,MIX781,"[구조화DB신규조회 재시도·미해결: PubChem 성분 참고값(제품 SDS 아님)] 제품명이 명시한 용제(에탄올/에틸렌글리콜)와 ingredient_names(에틸렌글리콜모노부틸에테르+부틸아민)가 기존 메모에서도 불일치로 지적됨. 대표성분 Butylamine 참고값만 확보, 혼합용액 자체 SDS 아님 | 원문: Butylamine(CID 8007) PubChem GHS: 'Danger / H225: Highly Flammable liquid and vapor; H302; H312; H314: Causes severe skin burns and eye damage; H332'",추출정보 공란 + 성분 불일치(다른 제품 SDS 의심),변경,없음,확인 불가,파이프라인소비=아니오(build_input_v5.py 미참조 → X/y/group_key 무영향)
독성코드,검증근거,MIX784,"[구조화DB신규조회: PubChem GHS Classification (CID 3032854, Dowanol PNB)] 제품명 'Dowanol PNB'와 ingredient_names 'DOWANOL(TM) PNB'가 동일 상표명/물질을 지칭하여 제품=순물질 예외 적용. 기존 추출정보(Warning/H315,H319)와 정확히 일치 | 원문: 'Warning / H315 (99.2%): Causes skin irritation; H319 (99.2%): Causes serious eye irritation'",추출값은 있으나 출처 전무,변경,없음,확인 불가,파이프라인소비=아니오(build_input_v5.py 미참조 → X/y/group_key 무영향)
독성코드,검증근거,MIX785,"[2차재시도(우회) 재시도·미해결: PubChem 성분명 검색(2건)] 2-Ethoxyethanol(CID8076, Danger/H226,H302,H331,H360FD)과 Triton X-100(CID5590, Warning/H315,H319,H335,H400) 순물질 참고값만 확보, 제품(혼합물) SDS 미확보. 기존 시트값(무관 NaOH SDS에서 유래)은 폐기 필요 | 원문: Signal: Danger; GHS Hazard Statements: H226 Flammable liquid and vapor | H302 Harmful if swallowed | H331 Toxic if inhaled | H360FD May damage fertility","[로컬PDF검증 2차조사·미해결] PDF는 Sigma-Aldrich 수산화나트륨(NaOH, CAS 1310-73-2) 단일물질 SDS로 'Cellosolve + TX100'(2-Ethoxyethanol+Triton X-100)과 전혀 무관한 성분. | 원문: Product name : Sodium hydroxide ... Skin corrosion (Category 1A), H314",변경,없음,확인 불가,파이프라인소비=아니오(build_input_v5.py 미참조 → X/y/group_key 무영향)
독성코드,검증근거,MIX789,"[2차재시도(우회) 재시도·미해결: 재검토(로컬PDF 재확인 - 규칙4 적용, 신규시도 불필요)] 제품명이 다른 Empilan KBE 문서이며 구형 EU DSD 위험구분(R-phrase)만 존재, GHS 신호어/H코드 자체가 없음. ingredient_names도 없어 대체 조회 불가 | 원문: SAFETY DATA SHEET Empilan KBE ... CLASSIFICATION Xn;R22. Xi;R41. N;R50.","[로컬PDF검증 2차조사·미해결] PDF는 제품명이 다른 'Empilan KBE'(요청 제품은 'Empilan CME') SDS이며, 2010년 구 EU DSD 위험구분(R문구: Xn;R22, Xi;R41, N;R50)만 사용하여 GHS 신호어/H코드 자체가 없음. | 원문: SAFETY DATA SHEET Empilan KBE................. ... CLASSIFICATION                            Xn;R22. Xi;R41. N;R50.",변경,없음,확인 불가,파이프라인소비=아니오(build_input_v5.py 미참조 → X/y/group_key 무영향)
독성코드,검증근거,MIX79,"[구조화DB신규조회 재시도·미해결: PubChem 성분 참고값(제품 SDS 아님)] 제품(Bayocide Pour On)은 Permethrin+Piperonyl butoxide+석유증류물+Cyfluthrin 4성분 혼합 축산용 살충제. 대표성분(Permethrin) 참고값만 확보, 제품 자체 SDS 아님 | 원문: Permethrin(CID 40326) PubChem GHS: 'Warning / H302: Harmful if swallowed; H317: May cause an allergic skin reaction; H332; H400/H410: Very toxic to aquatic life'",추출정보 공란 + 출처 접근 실패(링크불가·403/404·로그인·못찾음),변경,없음,확인 불가,파이프라인소비=아니오(build_input_v5.py 미참조 → X/y/group_key 무영향)
독성코드,검증근거,MIX791,"[구조화DB신규조회 재시도·미해결: PubChem 성분 참고값(제품 SDS 아님)] ingredient_names(Dodecanol, ethoxylated...sodium salt)가 PubChem에서 여러 CID(에톡실화도별 이성질체)로 매칭되어 단일 물질 특정이 어려움. 기존 메모의 성분 불일치 우려와 함께 참고값만 확보 | 원문: sodium laureth sulfate류(CID 24761) PubChem GHS: 'Warning / H315 (100%): Causes skin irritation; H319 (100%): Causes serious eye irritation' (단일 공지 기준); 다른 공지 집계는 'Danger / H302,H315,H318,H319' 혼재",추출정보 공란 + 성분 불일치(다른 제품 SDS 의심),변경,없음,확인 불가,파이프라인소비=아니오(build_input_v5.py 미참조 → X/y/group_key 무영향)
독성코드,검증근거,MIX792,"[2차재시도(우회) 재시도·미해결: PubChem 성분명 검색(Phosphoric acid)] 기존 로컬 SDS는 무관 도료제품(SUPER DRY ENAMEL WHITE)이라 폐기. Phosphoric acid(CID1004, Danger/H314) 순물질 참고값만 확보, 제품(Larc Super) 실제 농도/제형 반영 SDS 미확보 | 원문: Signal: Danger; GHS Hazard Statements: H314: Causes severe skin burns and eye damage [Danger Skin corrosion/irritation]",[로컬PDF검증 2차조사·미해결] PDF는 도료 제품 'SUPER DRY ENAMEL WHITE'(LANCO MFG.CORP.) SDS로 'Larc Super'(인산 제품)와 전혀 무관. 현 시트의 h_statements(H226/H351/H373/H332/H315/H304)는 이 잘못된 PDF에서 그대로 옮겨진 것. | 원문: Product Name: SUPER DRY ENAMEL WHITE ... Signal Word: Warning ... H226 Flammable liquid and vapor.,변경,없음,확인 불가,파이프라인소비=아니오(build_input_v5.py 미참조 → X/y/group_key 무영향)
독성코드,검증근거,MIX797,"[구조화DB신규조회 재시도·미해결: PubChem 성분 참고값(제품 SDS 아님)] 실험 프로토콜용 NaOH/BAC 1:10 혼합 배합으로 상업적 SDS 없음(기존 메모와 동일 결론). PubChem에서 직접 재확인한 개별성분 데이터(BAC: Warning H315/H319/H335)가 기존 메모값과 일치함을 확인 | 원문: N,N'-Bisacrylylcystamine(CID 100602) PubChem GHS: 'Warning / H315 (100%): Causes skin irritation; H319 (100%): Causes serious eye irritation; H335 (97.7%): May cause respiratory irritation'; Sodium hydroxide(CID 14798) '",추출정보 공란 + 미분류 메모: NaOH/BAC 비율 혼합물은 실험 프로토콜용 배합(전기영동 gel 제조,변경,없음,확인 불가,파이프라인소비=아니오(build_input_v5.py 미참조 → X/y/group_key 무영향)
독성코드,검증근거,MIX798,"[구조화DB신규조회 재시도·미해결: PubChem 성분 참고값(제품 SDS 아님)] 실험용 NaOH/SMS 0.5:1 혼합 배합으로 상업적 SDS 없음(기존 메모와 동일 결론). PubChem 재확인 결과 NaOH(H314), SMS(H302,H318) 모두 기존 메모값과 정확히 일치 | 원문: Sodium hydroxide(CID 14798) PubChem GHS: 'Danger / H314: Causes severe skin burns and eye damage'; Sodium metabisulfite(CID 656671) PubChem GHS: 'Danger / H302: Harmful if swallowed; H318: Causes serious eye damage'",추출정보 공란 + 미분류 메모: NaOH/sodium metabisulfite 비율 혼합물(bisulfi,변경,없음,확인 불가,파이프라인소비=아니오(build_input_v5.py 미참조 → X/y/group_key 무영향)
독성코드,검증근거,MIX799,"[2차재시도(우회) 재시도·미해결: PubChem 성분명 검색(NaOH, Sodium metabisulfite)] NaOH(CID14798, Danger/H314 등)와 Sodium metabisulfite(CID656671, Danger/H302,H318) 순물질 참고값 확보. 1:10 비율 혼합물 전용 SDS는 여전히 미확보로 제품값 확정 불가 | 원문: Sodium metabisulfite ... Signal: Danger; GHS Hazard Statements: H302: Harmful if swallowed | H318: Causes serious eye damage","[로컬PDF검증 2차조사·미해결] PDF는 Ricca Chemical 수산화나트륨 10%(w/w) 단일제품 SDS로 'sodium hydroxide/SMS(1:10)'의 두번째 성분 Sodium metabisulfite는 Section3에 전혀 없음. | 원문: Trade Name or Designation: Sodium Hydroxide, 10% (w/w) ... Skin Corrosion / Irritation   Category 1      H314",변경,없음,확인 불가,파이프라인소비=아니오(build_input_v5.py 미참조 → X/y/group_key 무영향)
독성코드,검증근거,MIX8,"[구조화DB신규조회 재시도·미해결: PubChem 성분 참고값(제품 SDS 아님)] 제품(Acticide LA 2605-F, Thor 브랜드)은 MIT+CMIT+Bronopol 3종 방부제 혼합제. 대표성분(CMIT) 순물질 데이터의 H314(부식성)가 기존 cat_skin_ghs=1 힌트와 방향은 일치하나 제품 자체 SDS는 확보하지 못함 | 원문: CMIT(5-Chloro-2-methyl-4-isothiazolin-3-one, CID 33344) PubChem GHS 집계: 'Danger / H301(74.4%); H311(63.3%); H314(98.3%): Causes severe skin burns and eye damage; H317(98.4%); H318(64.9%); H400(94.5%)'",추출정보 공란 + 출처 접근 실패(링크불가·403/404·로그인·못찾음),변경,없음,확인 불가,파이프라인소비=아니오(build_input_v5.py 미참조 → X/y/group_key 무영향)
독성코드,검증근거,MIX800,"[2차재시도(우회) 재시도·미해결: PubChem 성분명 검색(2-Ethoxyethanol) + 기존 황산 SDS 재확인] 황산(CAS7664-93-9)은 기존 정품 Sigma-Aldrich SDS로 Danger/H290,H314,H318 확정됨. 2-Ethoxyethanol(CID8076)은 PubChem 순물질 참고값(Danger/H226,H302,H331,H360FD)만 확보되어 혼합물 전체 분류는 확정 불가 | 원문: Signal: Danger; GHS Hazard Statements: H226 Flammable liquid and vapor | H302 Harmful if swallowed | H331 Toxic if inhaled | H360FD","[로컬PDF검증 2차조사·미해결] PDF는 Sigma-Aldrich 황산(Sulfuric acid, CAS 7664-93-9) 단일물질 SDS로 'sulfuric acid + cellusolve'의 2-Ethoxyethanol(cellusolve) 성분은 전혀 포함되지 않음. | 원문: Product name                  :   Sulfuric acid ... H314                               Causes severe skin burns and eye damage.",변경,없음,확인 불가,파이프라인소비=아니오(build_input_v5.py 미참조 → X/y/group_key 무영향)
독성코드,검증근거,MIX801,"[구조화DB신규조회 재시도·미해결: PubChem 성분 참고값(제품 SDS 아님)] row 1453과 동일 성분(NaOH/SMS 5:3 혼합, 실험용 배합)으로 상업적 SDS 없음. 개별성분 PubChem 데이터만 재확인됨 | 원문: Sodium hydroxide(CID 14798) PubChem GHS: 'Danger / H314: Causes severe skin burns and eye damage'; Sodium metabisulfite(CID 656671) PubChem GHS: 'Danger / H302: Harmful if swallowed; H318: Causes serious eye damage'",추출정보 공란 + 미분류 메모: NaOH/sodium metabisulfite 비율 혼합물에 대한 전용 ,변경,없음,확인 불가,파이프라인소비=아니오(build_input_v5.py 미참조 → X/y/group_key 무영향)
독성코드,검증근거,MIX803,"[2차재시도(우회) 재시도·미해결: PubChem 성분명 검색(Sodium hydroxide) + 기존 SDS(계면활성제) SDS 재확인] Sodium dodecyl sulfate(CAS151-21-3)는 기존 정품 SDS로 확인됨(Danger/H228,H302,H332,H315,H318,H335,H401,H412). NaOH(CID14798, Danger/H314 강부식성) 참고값 추가 확보했으나 혼합물(1:10) 전용 SDS는 없어 제품값 확정 불가; NaOH의 심한 부식성이 반영 안 된 기존값은 재검토 필요 | 원문: Signal: Danger; GHS Hazard Statements: H314: Causes severe skin burns and eye damage [Danger Skin corrosion/irritation]","[로컬PDF검증 2차조사·미해결] PDF는 Sigma-Aldrich Sodium dodecyl sulfate(CAS 151-21-3) 단일물질 SDS로 'Sodium hydroxide/Sodium dodecyl sulfate(1:10)'의 NaOH 성분(심한 부식성)이 전혀 반영되지 않음. | 원문: Product name                 :   Sodium dodecyl sulfate ... Flammable solids (Category 2), H228",변경,없음,확인 불가,파이프라인소비=아니오(build_input_v5.py 미참조 → X/y/group_key 무영향)
독성코드,검증근거,MIX805,"[2차재시도(우회) 재시도·미해결: PubChem 성분명 검색(Triton X-100) + 기존 NaOH SDS 재확인] NaOH 10%(w/v) 정품 SDS는 기존 확인됨(Danger/H314, Skin/Eye Cat1). Triton X-100(CID5590, Warning/H315,H319,H335,H400) 참고값 확보했으나 혼합물 전용 SDS는 없어 제품값 확정 불가 | 원문: Signal: Warning; GHS Hazard Statements: H315: Causes skin irritation | H319: Causes serious eye irritation | H335 | H400","[로컬PDF검증 2차조사·미해결] PDF는 Ricca Chemical 수산화나트륨 10%(w/v) 단일제품 SDS로 'sodium hydroxide/tx 100'의 Triton X-100 성분은 전혀 포함되지 않음. | 원문: Trade Name or Designation:  Sodium Hydroxide, 10% (w/v) (100 g/L) ... Skin Corrosion / Irritation Category 1 H314",변경,없음,확인 불가,파이프라인소비=아니오(build_input_v5.py 미참조 → X/y/group_key 무영향)
독성코드,검증근거,MIX806,"[2차재시도(우회) 재시도·미해결: curl(UA) 재시도로 황산 SDS 재확인 + Triton X-100 PubChem 참고값] curl(UA) 재시도로 chemblink 황산(CAS7664-93-9) 정품 SDS 재확인(Danger/H290,H314,H318 - 기존 시트값과 일치). Triton X-100은 PubChem 참고값(Warning/H315,H319,H335,H400)만 확보, 혼합물 전용 SDS 미확보. doc_rel 필드가 여전히 NaOH 파일을 가리키는 오류는 미해결 | 원문: Product name : Sulfuric acid ... GHS Classification ... Corrosive to metals (Category 1), H290 Skin corrosion (Category 1A), H314 Serious eye damage (Category 1), H318",[로컬PDF검증 2차조사·미해결] pdf_path가 실제로 가리키는 파일은 여전히 Sodium hydroxide(CAS 1310-73-2) 단일물질 SDS이며 'Sulfuric acid/Triton X-100' 제품과 무관함. 이전 작업자가 메모에서 황산 SDS로 정정했다고 기술했으나 실제 pdf_path 필드는 정정되지 않고 NaOH 파일을 그대로 가리킴. | 원문: Product name                  :   Sodium hydroxide ... CAS-No.                       :   1310-73-2,변경,없음,확인 불가,파이프라인소비=아니오(build_input_v5.py 미참조 → X/y/group_key 무영향)
독성코드,검증근거,MIX808,"[2차재시도(우회) 재시도·미해결: PubChem 명칭검색 재시도(3종, 실패)] PubChem 명칭검색(Synprolam 35X2, C13-15 alcohol ethoxylate amine 등)으로도 매칭 실패. 대체 소스 확보 못함 | 원문: 이 특허 문서에는 SYNPROLAM 35X2에 대한 GHS 분류, 독성 정보, 신호어, H-statement 정보가 없습니다","[웹조사 2차조사·미해결] (시도 출처: https://patents.google.com/patent/US5698101A/en) 특허문서는 제조공정 기술 문서로 안전성 데이터 미포함; 대체 SDS 찾지 못함 | 원문: 이 특허 문서에는 SYNPROLAM 35X2에 대한 GHS 분류, 독성 정보, 신호어, H-statement 정보가 없습니다. 화학 구조 설명 맥락에서만 언급됨",변경,없음,확인 불가,파이프라인소비=아니오(build_input_v5.py 미참조 → X/y/group_key 무영향)
독성코드,검증근거,MIX809,"[2차재시도(우회) 재시도·미해결: PubChem 명칭검색 시도(실패)] PubChem에서 관련 에스터명(ethyl tricyclodecanyl carboxylate 등) 매칭 실패. Tricyclodecenyl propionate(CID86579), Tricyclodecyl acetate(CID85724)는 다른 화합물. 정확한 물질 미확보 | 원문: Identification of the substance Tricyclo[5.2.1.02.6]decane ... acute toxicity (oral) 4 Acute Tox. 4 H302","[로컬PDF검증 2차조사·미해결] PDF는 CAS 2825-83-4 Tricyclo[5.2.1.02.6]decane(에스터기가 없는 모핵 탄화수소) SDS로 실제 제품(에틸 트리사이클로데칸카르복실레이트 이성질체 혼합물, 에스터화합물)과 다른 물질. Warning/H302 값은 이 무관 물질의 값과 우연히 일치할 뿐 근거로 신뢰할 수 없음. | 원문: Identification of the substance   Tricyclo[5.2.1.02.6]decane ... acute toxicity (oral)   4   Acute Tox. 4   H302",변경,없음,확인 불가,파이프라인소비=아니오(build_input_v5.py 미참조 → X/y/group_key 무영향)
독성코드,검증근거,MIX81,"[2차재시도(우회) 재시도·미해결: curl(UA) 재시도로 원료(BIT) 정품 SDS 확보] curl(UA)로 chemos.de BIT(1,2-Benzisothiazol-3(2H)-one, CAS2634-33-5) 정품 SDS 확보(Danger/H302,H315,H317,H318,H400, Skin Irrit.2/Eye Dam.1/Skin Sens.1). 그러나 이는 원료(순물질) 자료이며 실제 제품(BIT 20% DPG 희석액) 전용 SDS는 아님. 기존 cat_skin_ghs '2B'는 GHS 피부구분에 없는 값으로 오류 추정 | 원문: Signal word danger ... H302 Harmful if swallowed. H315 Causes skin irritation. H317 May cause an allergic skin reaction. H318 Causes serious eye damage. H400","[로컬PDF검증 2차조사·미해결] 제공된 문서는 SDS가 아니라 제조사(Ataman Kimya) 제품 소개 웹페이지(html)로, 'Signal word/Danger/Warning/H2xx/H3xx/GHS/Not classified' 등 GHS 관련 키워드가 전혀 없음(전수 검색 결과 0건). 이 문서로는 GHS 분류를 결론 낼 수 없음. | 원문: 1,2 BENZISOTHIAZOLIN 20% (BIT 20%) ... HOME PAGE ABOUT US PRODUCTS HUMAN RESOURCES CONTACT",변경,없음,확인 불가,파이프라인소비=아니오(build_input_v5.py 미참조 → X/y/group_key 무영향)
독성코드,검증근거,MIX811,"[2차재시도(우회): PubChem GHS 직접조회(CID18974564, 동일물질 ECHA C&L 집계자료)] PubChem CID18974564(1-Ethoxy-4-(2-methylbutan-2-yl)cyclohexane, 제품명의 cis/trans 이성질체와 동일 화합물의 비입체특이 대표 레코드)의 ECHA C&L 집계자료(166건 신고)로 확인, 기존 추출정보와 일치. 로컬 PDF(1,4-Cyclohexanediol 원료 SDS)는 폐기 | 원문: H315 (100%): Causes skin irritation | H400 (47%): Very toxic to aquatic life | H410 (100%): Very toxic to aquatic life with long lasting effects","[로컬PDF검증 2차조사·미해결] PDF는 최종제품(에톡시-사이클로헥산 이성질체 혼합물)이 아니라 그 원료 중 하나인 1,4-Cyclohexanediol(CAS 556-48-9) 단일물질 SDS이며 'not considered hazardous'로 분류됨(정보없음 처리도 부적절 - 제품 자체가 아니므로). 추출정보의 ECHA C&L 집계값(Warning/H315/H400/H410)과 직접 비교할 근거가 되지 못함. | 원문: Product Name  1,4-Cyclohexanediol, mixture of cis and trans ... This product is not considered hazardous by the US OSHA Hazard Communication Standard 2024",변경,없음,확인 불가,파이프라인소비=아니오(build_input_v5.py 미참조 → X/y/group_key 무영향)
독성코드,검증근거,MIX814,"[2차재시도(우회) 재시도·미해결: 재검토(TSCA PMN 물질, GHS 데이터 자체 없음 - 규칙4 적용)] TSCA PMN 신규물질로 PubChem/공개 DB에 GHS 데이터 자체가 없음. 명시적 비유해 선언도 없어 정보없음이 아닌 재검토필요로 유지 | 원문: 접속 실패 - GHS Classification 섹션 REST 조회시 HTTP 404 Not Found; 기본 페이지는 화합물명/CID만 표시되고 안전성 분류 데이터 없음","[웹조사 2차조사·미해결] (시도 출처: https://pubchem.ncbi.nlm.nih.gov/compound/21584941) TSCA PMN 물질로만 등재되어 GHS 데이터 자체가 PubChem에 없는 것으로 보이나, 명시적 '비유해물질' 진술은 확인하지 못해 정보없음이 아닌 재검토필요로 처리 | 원문: 접속 실패 - GHS Classification 섹션 REST 조회시 HTTP 404 Not Found; 기본 페이지는 화합물명/CID만 표시되고 안전성 분류 데이터 없음",변경,없음,확인 불가,파이프라인소비=아니오(build_input_v5.py 미참조 → X/y/group_key 무영향)
독성코드,검증근거,MIX815,"[구조화DB신규조회 재시도·미해결: PubChem 조회 대상 없음] 코코넛오일/우지 비누 혼합물은 PubChem 화합물 데이터베이스의 단일 조회 대상이 아님. 구조화 DB 조회 실패, 이름 매칭 안 됨 | 원문: ingredient_names 필드가 공란이며 제품명(Soap 20/80 coconut oil/tallow)은 특정 CAS 화합물이 아닌 비누 혼합물 조성비 표기",추출정보 공란 + 미분류 메모: 특정 CAS/제조사 SDS를 찾지 못함(EPA CompTox에 'Tall,변경,없음,확인 불가,파이프라인소비=아니오(build_input_v5.py 미참조 → X/y/group_key 무영향)
독성코드,검증근거,MIX816,"[2차재시도(우회) 재시도·미해결: PubChem 명칭검색 시도(Sodium tallowate/cocoate, 실패)] PubChem에 지방산나트륨염(Sodium tallowate/cocoate) 단일 레코드 없음. 기존 로컬 PDF(Genlabs Coconut Hand Soap, 합성계면활성제 세정제)는 여전히 무관 제품으로 폐기. 대체 소스 확보 못함 | 원문: Product Name: Coconut Hand Soap ... Sodium lauryl ether sulfate ... Cocamidopropyl betaine","[로컬PDF검증 2차조사·미해결] PDF는 Genlabs 'Coconut Hand Soap'(SLES/코카미도프로필베타인/코코아마이드 기반 합성 계면활성제 세정제)로, 실제 지방산 검화비누인 'Soap from 20/80 coconut oil/tallow'(코코넛오일 20%/우지 80% 비누화 제품)와 화학적으로 다른 제품. Warning/H320/Eye2B 값이 이 PDF와 일치하나(현 시트값 그대로) 제품 정체성이 달라 신뢰 불가. | 원문: Product Name: Coconut Hand Soap ... Sodium lauryl ether sulfate ... Cocamidopropyl betaine ... Amides, coco, N-(2-hydroxypropyl)",변경,없음,확인 불가,파이프라인소비=아니오(build_input_v5.py 미참조 → X/y/group_key 무영향)
독성코드,검증근거,MIX817,"[2차재시도(우회) 재시도·미해결: 재검토(TSCA PMN 물질, GHS 데이터 자체 없음 - 규칙4 적용)] TSCA PMN 물질로 GHS 데이터 자체가 PubChem에 없음. 재검토필요 유지 | 원문: 접속 실패 - GHS Classification 섹션 REST 조회시 HTTP 404 Not Found; 기본 페이지는 화합물명/CID만 표시되고 안전성 분류 데이터 없음","[웹조사 2차조사·미해결] (시도 출처: https://pubchem.ncbi.nlm.nih.gov/compound/15405344) TSCA PMN 물질로만 등재되어 GHS 데이터 자체가 PubChem에 없는 것으로 보이나, 명시적 '비유해물질' 진술은 확인하지 못해 정보없음이 아닌 재검토필요로 처리 | 원문: 접속 실패 - GHS Classification 섹션 REST 조회시 HTTP 404 Not Found; 기본 페이지는 화합물명/CID만 표시되고 안전성 분류 데이터 없음",변경,없음,확인 불가,파이프라인소비=아니오(build_input_v5.py 미참조 → X/y/group_key 무영향)
독성코드,검증근거,MIX820,"[2차재시도(우회) 재시도·미해결: PubChem 성분명 검색(Octanoic acid)] Octanoic acid(CID379, Danger/H314,H412) 순물질 참고값 확보 - 메모에서 지적한 대로 65% 다수성분 기준으로는 기존시트값(Warning/H315,H319)보다 심각한 Danger/H314(부식성)일 가능성 높음. 65/35 혼합물 전용 SDS는 없어 제품값 확정 불가 | 원문: Signal: Danger; GHS Hazard Statements: H314: Causes severe skin burns and eye damage [Danger Skin corrosion/irritation] | H412","[로컬PDF검증 2차조사·미해결] PDF는 제품의 35% 소성분인 Decanoic acid(CAS 334-48-5) 단일물질 SDS만 제공되며, 65% 다수성분인 Octanoic acid(더 유해, 메모상 H314 피부부식1C/눈손상1)의 SDS는 pdf_path에 없음. 제품(65/35 혼합물) 자체의 분류를 확인할 근거 부족. | 원문: Product name                 :   Decanoic acid ... H315                             Causes skin irritation.",변경,없음,확인 불가,파이프라인소비=아니오(build_input_v5.py 미참조 → X/y/group_key 무영향)
독성코드,검증근거,MIX821,"[2차재시도(우회) 재시도·미해결: PubChem 성분명 검색(Sulfuric acid, Citric acid) + 기존 HCl SDS] HCl(기존 확인, Danger/H314), Sulfuric acid(CID1004, Danger/H314), Citric acid(CID311, Warning/H319,H335) 순물질(고농도) 참고값 확보. 실제 제품은 3성분 각 5% 희석 혼합액으로 확인 자료 모두 고농도 순물질 기준이라 실제 희석 혼합물의 GHS 분류와 다를 수 있어 제품값 확정 불가 | 원문: Citric acid ... Signal: Warning; GHS Hazard Statements: H319: Causes serious eye irritation | H335: May cause respiratory irritation","[로컬PDF검증 2차조사·미해결] PDF는 고농도 순물질 Hydrochloric acid(Fisher/Acros) 단일물질 SDS로, 실제 제품은 HCl/H2SO4/Citric acid 각 5%로 희석된 3성분 혼합물이나 Sulfuric acid·Citric acid 성분 및 희석 농도는 전혀 반영되지 않음. | 원문: Product Name   Hydrochloric acid ... Skin Corrosion/Irritation   Category 1 B ... Serious Eye Damage/Eye Irritation   Category 1",변경,없음,확인 불가,파이프라인소비=아니오(build_input_v5.py 미참조 → X/y/group_key 무영향)
독성코드,검증근거,MIX823,"[2차재시도(우회) 재시도·미해결: PubChem 성분명 검색(Formaldehyde) + 기존 Dicyandiamide SDS] Dicyandiamide(원료, not hazardous)와 Formaldehyde(CID712, Danger/H302,H314,H317,H330,H341,H350) 순물질 참고값 모두 확보했으나, 축합/경화된 최종수지(condensate) 자체의 유리 포름알데히드 함량 등 제품 특유의 위해성은 반영 안 됨. 제품값 확정 불가 | 원문: Signal: Danger; GHS Hazard Statements: H302 Harmful if swallowed | H314 Causes severe skin burns and eye damage | H317 | H330 | H350",[로컬PDF검증 2차조사·미해결] PDF는 축합물(condensate) 완제품이 아닌 원료 Dicyandiamide(CAS 461-58-5) 단일물질 SDS이며 'not considered hazardous'로 분류됨. Formaldehyde 성분 정보가 전혀 없어 제품('dicyanamine/formaldehyde condensate') 자체의 GHS 분류를 확인할 수 없음. | 원문: Product Name   Dicyandiamide ... This product is not considered hazardous by the US OSHA Hazard Communication Standard 2024,변경,없음,확인 불가,파이프라인소비=아니오(build_input_v5.py 미참조 → X/y/group_key 무영향)
독성코드,검증근거,MIX824,"[구조화DB신규조회 재시도·미해결: PubChem 이름검색 실패] ingredient_names 공란이며 제품명(Ethomeen T/25, Nouryon 브랜드 tallow amine ethoxylate)으로 PubChem 이름검색 시도했으나 CID 없음. 구조화 DB 조회 실패, 이름 매칭 안 됨 | 원문: PubChem 조회 결과: '{""Fault"": {""Code"": ""PUGREST.NotFound"", ""Message"": ""No CID found"", ""Details"": [""No CID found that matches the given name""]}}' (검색어: Ethomeen T/25)",추출정보 공란 + 출처 접근 실패(링크불가·403/404·로그인·못찾음),변경,없음,확인 불가,파이프라인소비=아니오(build_input_v5.py 미참조 → X/y/group_key 무영향)
독성코드,검증근거,MIX829,"[구조화DB신규조회 재시도·미해결: PubChem 이름검색 실패] ingredient_names 공란이며 제품명(Elfan OS 46, sodium olefin sulfonate 계열 브랜드)으로 PubChem 이름검색 시도했으나 CID 없음. 구조화 DB 조회 실패, 이름 매칭 안 됨 | 원문: PubChem 조회 결과: '{""Fault"": {""Code"": ""PUGREST.NotFound"", ""Message"": ""No CID found"", ""Details"": [""No CID found that matches the given name""]}}' (검색어: Elfan OS 46)",추출정보 공란 + 미분류 메모: 제조사/브랜드 소유사 특정 불확실(과거 Hoechst/Clariant/K,변경,없음,확인 불가,파이프라인소비=아니오(build_input_v5.py 미참조 → X/y/group_key 무영향)
독성코드,검증근거,MIX83,"[구조화DB신규조회 재시도·미해결: PubChem 성분 참고값(제품 SDS 아님)] ingredient_names의 'N2-tert-BUTYL-6-CHLORO-N4-ETHYL-1,3,5-TRIAZINE-2,4 | DIAMINE'는 Terbutylazine의 IUPAC명이 분절 표기된 것으로 동일 물질임을 확인. 다만 제품명(Bellacide 325, Buckman 방부제 브랜드)에 제초제 성분이 들어가는 것은 기존 메모가 지적한 것처럼 이례적이라 제품 확정 불가 | 원문: Terbutylazine(CID 22206) PubChem GHS: 'Warning / H302: Harmful if swallowed; H373: May causes damage to organs through prolonged or repeated exposure; H400/H410: Very toxic to aquatic life with long lasting effects'",추출정보 공란 + 성분 불일치(다른 제품 SDS 의심),변경,없음,확인 불가,파이프라인소비=아니오(build_input_v5.py 미참조 → X/y/group_key 무영향)
독성코드,검증근거,MIX835,"[구조화DB신규조회 재시도·미해결: PubChem 성분 참고값(제품 SDS 아님)] 제품명(Tebuconazole Fungicide(15%))은 단일성분처럼 보이나 ingredient_names에는 Fludioxonil도 포함되어 실제로는 2종 혼합 살균제. 대표성분(Tebuconazole) 참고값만 확보, 제품 자체 SDS 아님 | 원문: Tebuconazole(CID 86102) PubChem GHS: 'Warning / H302: Harmful if swallowed; H361d: Suspected of damaging the unborn child; H400/H410: Very toxic to aquatic life with long lasting effects'",추출정보 공란 + 출처 접근 실패(링크불가·403/404·로그인·못찾음),변경,없음,확인 불가,파이프라인소비=아니오(build_input_v5.py 미참조 → X/y/group_key 무영향)
독성코드,검증근거,MIX836,"[구조화DB신규조회: PubChem GHS Classification (CID 8360, 1,3-Dichloro-5,5-dimethylhydantoin)] 제품명과 ingredient_names가 완전히 동일(순물질) - 검증완료. 기존 추출정보(Danger/H272,H302,H314,H315,H317,H319,H334,H335,H400)와 PubChem 집계값이 정확히 일치. H314/H319가 함께 보고되어(출처별 상이) cat_eye는 보수적으로 1로 기재, cat_skin은 기존 힌트(1)와 H314 기준 일치 | 원문: 'Danger / H272 (53.1%): May intensify fire; H302 (100%): Harmful if swallowed; H314 (61.5%): Causes severe skin burns and eye damage; H315 (38.5%): Causes skin irritation; H317 (20.8%): May cause an al",추출값은 있으나 출처 전무,변경,없음,확인 불가,파이프라인소비=아니오(build_input_v5.py 미참조 → X/y/group_key 무영향)
독성코드,검증근거,MIX837,"[구조화DB신규조회 재시도·미해결: PubChem 성분 참고값(제품 SDS 아님)] 제품(Ethofumesate 95%)은 활성성분+계면활성제(sodium methyl oleoyl taurate)+방부제(BIT)가 포함된 제형(SC)으로 순물질이 아님. 기존 메모가 이미 순물질 데이터로 대체했음을 밝혔고, PubChem 재확인 결과(Warning/H400,H410)가 기존 추출정보와 일치하나 제품 SDS는 아니므로 재검토필요 유지 | 원문: Ethofumesate(CID 33360) PubChem GHS: 'Warning / H400: Very toxic to aquatic life; H410: Very toxic to aquatic life with long lasting effects'",추출값은 있으나 출처 전무,변경,없음,확인 불가,파이프라인소비=아니오(build_input_v5.py 미참조 → X/y/group_key 무영향)
독성코드,검증근거,MIX838,"[구조화DB신규조회: PubChem GHS Classification (CID 33360, Ethofumesate)] 제품명(Ethofumesate(98%))=기술물질(technical) 순도 표기이고 ingredient_names의 나머지 성분(Ethofumesate carboxylic acid)은 첨가제가 아닌 대사/분해 부산물 스펙으로 판단되어(row 1497의 계면활성제·방부제 첨가와 달리 이질적 첨가물 없음) 예외적으로 제품=순물질로 처리. PubChem GHS(Warning/H400,H410)가 기존 추출정보와 정확히 일치 | 원문: 'Warning / H400: Very toxic to aquatic life; H410: Very toxic to aquatic life with long lasting effects'; Ethofumesate carboxylic acid(CID 139594451)는 PubChem에 GHS Classification 섹션 자체가 없음(404",추출값은 있으나 출처 전무,변경,없음,확인 불가,파이프라인소비=아니오(build_input_v5.py 미참조 → X/y/group_key 무영향)
독성코드,검증근거,MIX839,"[구조화DB신규조회: PubChem GHS Classification (CID 15778988, Potassium silicate)] 제품명(Potassium Silicate(>80%))=화학물질명+순도이고 ingredient_names(Potassium silicate <=100)도 동일 물질 - 예외적으로 검증완료 처리. 기존 추출정보(Danger/H315,H318)와 정확히 일치. 단, H315는 피부 Cat.2에 해당하여 기존 cat_skin_ghs 힌트값(1)과 카테고리 번호가 상충함(기존 검증근거에 이미 명시된 충돌) | 원문: 'Danger / H315 (98.8%): Causes skin irritation; H318 (98.8%): Causes serious eye damage'",추출값은 있으나 출처 전무 ; 피부 구분 충돌 참조=1 vs H코드유도=2,변경,없음,확인 불가,파이프라인소비=아니오(build_input_v5.py 미참조 → X/y/group_key 무영향)
독성코드,검증근거,MIX840,"[구조화DB신규조회 재시도·미해결: PubChem 조회 대상 없음] 제품명에 포타슘 실리케이트와 소듐 실리케이트가 혼재되어 있고 ingredient_names도 무효값이라 검색할 성분명을 특정할 수 없음. 구조화 DB 조회 실패, 이름 매칭 안 됨 | 원문: ingredient_names 필드 값이 'No | No'로 유효한 화학물질명이 아님",추출정보 공란 + 출처 접근 실패(링크불가·403/404·로그인·못찾음),변경,없음,확인 불가,파이프라인소비=아니오(build_input_v5.py 미참조 → X/y/group_key 무영향)
독성코드,검증근거,MIX849,"[2차재시도(우회) 재시도·미해결: PubChem 성분명 검색(Sulfosulfuron)] 톨루엔 SDS는 완전 무관하여 폐기(메모와 일치). 실제 활성성분 Sulfosulfuron(CID86426, Warning/H400,H410)의 PubChem 참고값 확보했으나 제품(MON 37500) 완제품 전용 SDS는 미확보로 제품값 확정 불가. 기존 h_statements(H225 등)는 폐기 대상 | 원문: Signal: Warning; GHS Hazard Statements: H400: Very toxic to aquatic life | H410: Very toxic to aquatic life with long lasting effects","[로컬PDF검증 2차조사·미해결] pdf_path의 실제 PDF은 Toluene(CAS 108-88-3) 물질 SDS로, MON 37500(Sulfosulfuron 계열 제초제)과 완전히 무관한 제품. 성분/제품 불일치로 이 PDF로는 검증 불가(메모의 지적과 일치). | 원문: Identification of the substance   Toluene ... CAS number   108-88-3 ... Signal word danger H225 Highly flammable liquid and vapour.",변경,없음,확인 불가,파이프라인소비=아니오(build_input_v5.py 미참조 → X/y/group_key 무영향)
독성코드,검증근거,MIX85,"[2차재시도(우회): curl+pdftotext 재시도(대체제품 Bengal Gold, 동일제조사/동일성분함량 확인)] 정확히 동일 제품명은 아니나 동일 제조사(Bengal Products)의 Bengal Gold Roach Spray SDS 확보 - 성분(Permethrin 2.00%+Pyriproxyfen 0.05%)이 ingredient_names와 정확히 일치. SDS에 H-코드 표기 없이 GHS 카테고리명만 기재됨. 피부분류는 SDS에 명시 없어 기존 'Not classified' 유지 | 원문: Signal word: Warning Eye Irritant Category 2B, causes eye irritation Acute Toxicity-Inhalation Category 4 Harmful if inhaled Flammable Aerosols Category 2","[웹조사 2차조사·미해결] (시도 출처: https://cdn.shopify.com/s/files/1/0327/4768/3980/files/Bengal_Gold_Roach_Spray_SDS.pdf?v=1725616609) 동일 제조사 대체제품(Bengal Gold) SDS로도 PDF 파싱 실패, 확인 불가 | 원문: 접속 실패 - PDF가 손상되었거나 인식 불가능한 바이너리/암호화된 스트림 형식으로 텍스트 추출 불가 (application/pdf, 127.2KB)",변경,없음,확인 불가,파이프라인소비=아니오(build_input_v5.py 미참조 → X/y/group_key 무영향)
독성코드,검증근거,MIX855,"[2차재시도(우회) 재시도·미해결: PubChem 성분 참고값(Tebuconazole, CID86102) - 신고 간 분류 상이] 기존 로컬 SDS(Willowood TEB45DF, Tebuconazole45%+Kaolin42%)는 조성 불일치로 폐기. PubChem Tebuconazole(CID86102) 참고값 확보했으나 ECHA C&L 신고자간 분류가 Warning(H302,H361d,H400,H410)부터 Danger(H350,H360,H373 등 발암성 포함)까지 상이하여 단일값 확정 어려움. 제품(97.4%)의 정식 SDS 미확보로 재검토필요 유지 | 원문: Signal: Warning; GHS Hazard Statements: H302 Harmful if swallowed | H361d Suspected of damaging the unborn child | H400 | H410","[로컬PDF검증 2차조사·미해결] PDF은 Willowood TEB 45DF Fungicide(Tebuconazole 45%+Kaolin 42%) SDS로 제품표기(97.4%)와 조성이 불일치. EMERGENCY OVERVIEW에 'WARNING!'은 있으나 GHS H코드 자체가 없고 구형 R-phrase(R21,R36,R45,R51)만 존재하여 GHS 구분을 확정할 근거가 없음. | 원문: PRODUCT NAME: WILLOWOOD TEB 45DF Fungicide ... Tebuconazole 107534-96-3 ... 45.00 ... RISK PHRASES: R21, R36, R45, and R51.",변경,없음,확인 불가,파이프라인소비=아니오(build_input_v5.py 미참조 → X/y/group_key 무영향)
독성코드,검증근거,MIX856,"[구조화DB신규조회 재시도·미해결: PubChem 이름검색 실패] ingredient_names 공란이며 제품명(Pseudo lilyl acetate, 향료 화합물) 자체로 PubChem 이름검색했으나 CID 없음. 구조화 DB 조회 실패, 이름 매칭 안 됨 | 원문: PubChem 조회 결과: '{""Fault"": {""Code"": ""PUGREST.NotFound"", ""Message"": ""No CID found"", ""Details"": [""No CID found that matches the given name""]}}' (검색어: Pseudo lilyl acetate)",추출정보 공란 + 미분류 메모: 정확한 CAS/화학명을 특정하지 못함(추정 후보 p-tert-butylc,변경,없음,확인 불가,파이프라인소비=아니오(build_input_v5.py 미참조 → X/y/group_key 무영향)
독성코드,검증근거,MIX859,"[2차재시도(우회): 비유해물질/GHS 미분류 확인 - curl+pdftotext 재시도] curl+pdftotext로 원문 정상 추출 확인(이전 라운드 '텍스트 추출 불가' 문제 해결). O&3사 Angelica Seed Oil, Cold Pressed SDS에서 GHS상 비유해물질로 명시(Signal Word: None, Hazards Statement: None) | 원문: This product does not belong to any list of substances supposedly hazardous to human or animal health according to EU Regulation 1272/2008. GHS Label: None. Signal Word: None. Hazards Statement: None.","[웹조사 2차조사·미해결] (시도 출처: https://files.plytix.com/api/v1.1/rn/public_files/pim/assets/96/f0/5c/64/645cf096b0a90000019bdc9c/texts/f9/1b/4e/65/654e1bf955ea2301af9e5d5e/MSDS%20-%20Angelica%20Seed%20Oil,%20Cold%20Pressed.pdf/K1164MSDS.pdf) 메모의 'Section 11 전부 Not Applicable' 주장을 실제 문서로 확인하지 못함 | 원문: 접속 실패 - 제공된 콘텐츠가 손상되었거나 잘못된 형식의 PDF(원시 PDF 인코딩 데이터와 스트림)로 텍스트 추출 불가 (application/pdf, 272.8KB)",변경,없음,확인 불가,파이프라인소비=아니오(build_input_v5.py 미참조 → X/y/group_key 무영향)
독성코드,검증근거,MIX866,"[구조화DB신규조회 재시도·미해결: PubChem 성분 참고값(제품과 불일치 우려)] 기존 메모가 이미 지적한 대로 ingredient_names(Ethanol)는 실제 물질(Tobacco leaf/Nicotiana tabacum absolute, CAS 8037-19-2)과 다름. Ethanol 단독 GHS(주로 인화성만)는 천연 앱솔루트의 실제 위해성(피부감작 등)을 대표하지 못해 참고값으로만 기록 | 원문: Ethanol(CID 702) PubChem GHS: 'Danger / H225: Highly Flammable liquid and vapor' (기타 공지에서 H319 병기)",추출정보 공란 + 성분 불일치(다른 제품 SDS 의심),변경,없음,확인 불가,파이프라인소비=아니오(build_input_v5.py 미참조 → X/y/group_key 무영향)
독성코드,검증근거,MIX868,"[2차재시도(우회) 재시도·미해결: PubChem GHS 직접조회(CID440917, Limonene) 재확인] (+)-Limonene(CID440917) 순물질 GHS 자료가 기존 시트값과 정확히 일치함을 재확인. 그러나 제품은 Juniperus phoenicea 정유(복합혼합물)이며 로컬 PDF는 여전히 종이 다른 J. communis 오일로 무관. 순물질 참고값 일치이나 제품 자체 확정 근거는 부족 | 원문: Signal: Danger; H226 Flammable liquid and vapor | H304 May be fatal if swallowed and enters airways | H315 | H317 | H400 | H410","[로컬PDF검증 2차조사·미해결] PDF은 Juniperus communis(일반 노간주, Juniper Berry Essential Oil) SDS로, 제품명의 Juniperus phoenicea(피니키아 노간주)와는 다른 종. 종 불일치로 이 PDF로는 해당 제품을 검증할 수 없음(참고: 이 PDF의 제품 자체 H코드는 우연히 시트의 기존 H코드값과 동일함). | 원문: Safety Data Sheet Organic Juniper Berry Essential Oil (Juniperus communis) ... CLASSIFICATION (EU1272/2008) ... SKIN SENS. 1B - H317",변경,없음,확인 불가,파이프라인소비=아니오(build_input_v5.py 미참조 → X/y/group_key 무영향)
독성코드,검증근거,MIX869,[구조화DB신규조회 재시도·미해결: PubChem 성분 참고값 - 자체분류 불일치] 제품명과 ingredient_names는 동일 물질(Methyl abietate)이지만 PubChem 자체분류 상 82.9%가 '미분류'이고 13.4%만 H319/H334를 보고하여 신호어·H코드를 명확히 확인했다고 보기 어려움. 기존 메모의 결론과 동일하게 재검토필요 유지 | 원문: Methyl abietate(CID 173058) PubChem GHS: 'This chemical does not meet GHS hazard criteria for 82.9% (248 of 299) of all reports.' / 'H319 (13.4%): Causes serious eye irritation; H334 (13.4%): May cause allergy or asthma ,추출정보 공란 + 미분류 메모: 전용 SDS 문서를 찾지 못함. PubChem GHS 자체분류 집계상 보,변경,없음,확인 불가,파이프라인소비=아니오(build_input_v5.py 미참조 → X/y/group_key 무영향)
독성코드,검증근거,MIX88,[구조화DB신규조회 재시도·미해결: PubChem 성분 참고값(제품 SDS 아님)] 제품(Capture 1.15G)은 폴리프로필렌+탄산칼슘 담체를 포함한 저농도(1.15%) 과립형 제형으로 순물질 데이터와 직접 대응 안됨. 웹검색/제조사(FMC) 접근 차단으로 제품 SDS 확보 실패했다는 기존 메모와 병기 | 원문: Bifenthrin(CID 6442842) PubChem GHS: 'Danger / H300: Fatal if swallowed; H317; H331; H351; H372; H400/H410: Very toxic to aquatic life',추출정보 공란 + 출처 접근 실패(링크불가·403/404·로그인·못찾음),변경,없음,확인 불가,파이프라인소비=아니오(build_input_v5.py 미참조 → X/y/group_key 무영향)
독성코드,검증근거,MIX887,"[구조화DB신규조회 재시도·미해결: PubChem 성분 참고값(제품 SDS 아님)] 제품(Hydroxycitronellal-indole Schiff base)은 Hydroxycitronellal과 indole의 축합반응 생성물로 순수 Hydroxycitronellal과는 다른 화합물. 기존 추출정보(Warning/H302,H315,H317,H320)와 PubChem 순물질 데이터(H317,H319)가 부분적으로만 겹쳐 성분 불일치가 재확인됨 | 원문: Hydroxycitronellal(CID 7888) PubChem GHS: 'Warning / H317 (>99.9%): May cause an allergic skin reaction; H319 (>99.9%): Causes serious eye irritation'",추출값은 있으나 출처 전무,변경,없음,확인 불가,파이프라인소비=아니오(build_input_v5.py 미참조 → X/y/group_key 무영향)
독성코드,검증근거,MIX89,"[구조화DB신규조회 재시도·미해결: PubChem 성분 참고값(제품 SDS 아님)] 제품(Betamix)은 desmedipham+phenmedipham 배합 제형이며 제품 자체 SDS가 아님. PubChem에서 두 유효성분 각각의 순물질 GHS만 확인됨(둘 다 Warning, 생식독성/수생환경유해 H코드, 눈·피부·감작 H코드는 없음). 제품 자체 신호어/H코드는 확정 불가. | 원문: desmedipham (CID 24743) Signal :: Warning; GHS Hazard Statements :: H361d: Suspected of damaging the unborn child; H400: Very toxic to aquatic life; H410: Very toxic to aquatic life with long lasting effects. phenmedipha",추출정보 공란 + 출처 접근 실패(링크불가·403/404·로그인·못찾음),변경,없음,확인 불가,파이프라인소비=아니오(build_input_v5.py 미참조 → X/y/group_key 무영향)
독성코드,검증근거,MIX892,"[2차재시도(우회) 재시도·미해결: PubChem 명칭검색 시도(Honeysuckle absolute, 실패)] PubChem에 Honeysuckle absolute 단일 레코드 없음(천연 복합 향료로 화합물 DB 미등재). 기존 로컬 PDF(Honeysuckle Fusion Aerosol)는 여전히 무관 제품으로 폐기. 대체 소스 확보 못함 | 원문: PRODUCT NAME: Honeysuckle Fusion Aerosol RECOMMENDED USE: Deodorizer ... MANUFACTURER: Fresh Products, LLC","[로컬PDF검증 2차조사·미해결] PDF은 'Honeysuckle Fusion Aerosol'(Fresh Products LLC, 방향제 에어로졸) SDS로 Honeysuckle absolute(천연 정유)와 전혀 무관한 제품(성분표도 Propane 등 에어로졸 구성물). 완전한 제품 불일치. | 원문: PRODUCT NAME: Honeysuckle Fusion Aerosol RECOMMENDED USE: Deodorizer ... MANUFACTURER: Fresh Products, LLC",변경,없음,확인 불가,파이프라인소비=아니오(build_input_v5.py 미참조 → X/y/group_key 무영향)
독성코드,검증근거,MIX894,"[구조화DB신규조회 재시도·미해결: 구조화 DB 조회 실패, 이름 매칭 안 됨] 정유(천연 복합혼합물)로 PubChem Compound DB에 단일 CID 없음. 기존 추출정보(None found)는 별도 출처(비검색엔진) 기반으로 이번 조회로 독립 확인 불가. | 원문: PubChem name search 'Lemongrass oil West Indian' 및 'lemongrass oil' 모두: {""Fault"": {""Code"": ""PUGREST.NotFound"", ""Message"": ""No CID found"", ""Details"": [""No CID found that matches the given name""]}}",추출값은 있으나 출처 전무 ; 신호어도 H코드도 파싱되지 않음,변경,없음,확인 불가,파이프라인소비=아니오(build_input_v5.py 미참조 → X/y/group_key 무영향)
독성코드,검증근거,MIX897,"[구조화DB신규조회 재시도·미해결: 구조화 DB 조회 실패, 이름 매칭 안 됨] 정유(천연 복합혼합물)로 PubChem Compound DB에 단일 CID 없음. 기존 추출정보(H227/H302/H315/H319/H335 등)는 이번 조회로 독립 확인 불가. | 원문: PubChem name search 'Basil oil, sweet' 및 'basil oil' 모두: ""No CID found that matches the given name""",추출값은 있으나 출처 전무,변경,없음,확인 불가,파이프라인소비=아니오(build_input_v5.py 미참조 → X/y/group_key 무영향)
독성코드,검증근거,MIX898,"[구조화DB신규조회 재시도·미해결: 구조화 DB 조회 실패, 이름 매칭 안 됨] 정유로 PubChem Compound DB에 단일 CID 없음. 기존 추출정보(H227/H312)는 이번 조회로 독립 확인 불가. | 원문: PubChem name search 'Caraway oil': ""No CID found that matches the given name""",추출값은 있으나 출처 전무,변경,없음,확인 불가,파이프라인소비=아니오(build_input_v5.py 미참조 → X/y/group_key 무영향)
독성코드,검증근거,MIX9,"[2차재시도(우회) 재시도·미해결: PubChem 성분명 검색(Diuron/IPBC/Octhilinone/DTAC, 4건)] EPA 구형 FIFRA 라벨(GHS 없음)은 규칙4 해당하나, PubChem으로 4개 활성성분 순물질 참고값 추가 확보: Diuron(CID3120,Danger/H350,H373,H400,H410), IPBC(CID62097,Danger/H302,H317,H318,H331,H372,H400,H410), Octhilinone(CID33528,Danger/H301,H311,H314,H317,H318,H330,H400,H410), DTAC(CID8152,Danger/H302,H314,H315,H318,H319,H335,H400,H410,H411). 완제품 SDS는 여전히 미확보; Octhilinone/IPBC의 심한 부식성·감작성이 기존 cat_skin_ghs '2B'보다 심각할 가능성 있어 재검토 필요 | 원문: Diuron ... Signal: Danger; G","[웹조사 2차조사·미해결] (시도 출처: https://www3.epa.gov/pesticides/chem_search/ppls/067071-00053-20101028.pdf) EPA 2010년 승인 구형 FIFRA 라벨(신호어 DANGER, 성분 비율 확인)이며 GHS Section 2/H코드 형식의 분류정보 자체가 문서에 없음(메모와 일치). 따라서 GHS H코드/구분은 검증 불가하여 재검토필요로 판정. 눈 손상 관련 문구('substantial but temporary eye injury')와 피부감작 문구는 존재하나 공식 GHS 카테고리 표기는 아님. | 원문: DANGER ... Causes substantial but temporary eye injury. Do not get in eyes or on clothing. ... Prolonged or frequently repeated skin contact may cause allergic reaction in some i",변경,없음,확인 불가,파이프라인소비=아니오(build_input_v5.py 미참조 → X/y/group_key 무영향)
독성코드,검증근거,MIX90,"[구조화DB신규조회 재시도·미해결: PubChem 성분 참고값(제품 SDS 아님)] 제품(Cavicide 1)은 Isopropanol/Ethanol/Butoxyethanol/Didecyldimethylammonium chloride 배합 소독제이며 제품 자체 SDS가 아님. 대표성분(첫번째 표기, Isopropanol) 순물질 GHS만 확인됨; 제품 자체 신호어/H코드는 확정 불가. | 원문: Isopropanol (CID 3776) Signal :: Danger; GHS Hazard Statements :: H225: Highly Flammable liquid and vapor; H319: Causes serious eye irritation; H336: May cause drowsiness or dizziness",추출정보 공란 + 출처 접근 실패(링크불가·403/404·로그인·못찾음),변경,없음,확인 불가,파이프라인소비=아니오(build_input_v5.py 미참조 → X/y/group_key 무영향)
독성코드,검증근거,MIX908,"[구조화DB신규조회 재시도·미해결: 구조화 DB 조회 실패, 이름 매칭 안 됨] 정유로 PubChem Compound DB에 단일 CID 없음. 기존 추출정보(H227/H311/H315/H319)는 이번 조회로 독립 확인 불가. | 원문: PubChem name search 'Cassia oil': ""No CID found that matches the given name""",추출값은 있으나 출처 전무,변경,없음,확인 불가,파이프라인소비=아니오(build_input_v5.py 미참조 → X/y/group_key 무영향)
독성코드,검증근거,MIX916,"[구조화DB신규조회 재시도·미해결: 구조화 DB 조회 실패, 이름 매칭 안 됨] 정유(황색/조유)로 PubChem Compound DB에 단일 CID 없음. 백색유와 독성이 달라 데이터 대입 불가하다는 기존 메모와 별개로 이번 조회 자체가 매칭 실패. | 원문: PubChem name search 'Camphor oil yellow' 및 'camphor oil' 모두: ""No CID found that matches the given name""",추출정보 공란 + 출처 접근 실패(링크불가·403/404·로그인·못찾음),변경,없음,확인 불가,파이프라인소비=아니오(build_input_v5.py 미참조 → X/y/group_key 무영향)
독성코드,검증근거,MIX920,"[2차재시도(우회) 재시도·미해결: PubChem 성분명 검색(Camphor)] Camphor(주성분, CID2537, Danger/H228,H302,H315,H332,H371,H373) 순물질 참고값 확보. 그러나 Camphor oil brown은 safrole 등 다른 성분도 함유한 복합정유로 이 값이 제품 전체를 대표하지 못함. 정품 SDS 미확보 | 원문: Signal: Danger; GHS Hazard Statements: H228 Flammable solid | H302 Harmful if swallowed | H315 | H332 | H371 | H373","[웹조사 2차조사·미해결] (시도 출처: https://resource.regsolutions.com.au/archives/jobs/camphor-oil-brown) 두 URL 모두 접속되었으나 SDS가 아니라 규제문서/쇼핑몰 페이지이며 GHS 분류 정보 자체가 없음(메모의 '실제 SDS 문서를 찾지 못함'과 일치). 재검토 필요. | 원문: regsolutions 문서: 호주 승인명(AAN) Camphor oil brown, 의무 구성 성분(Camphor, cineole, safrole), 농도 제한/라벨 요구사항만 다룸 - GHS 신호어/H코드/독성분류 정보 없음. myskinrecipes 문서: 온라인 쇼핑몰 카테고리/네비게이션 페이지로 SDS 정보 없음.",변경,없음,확인 불가,파이프라인소비=아니오(build_input_v5.py 미참조 → X/y/group_key 무영향)
독성코드,검증근거,MIX922,"[2차재시도(우회) 재시도·미해결: PubChem 명칭검색 시도(Chenopodium oil/Ascaridole, 매칭실패/GHS없음)] Chenopodium oil은 PubChem에 매칭 안됨. 주성분 Ascaridole(CID10545)도 GHS 분류 데이터 없음. 기존 로컬 PDF(Chenodeoxycholic acid)는 여전히 무관 물질로 폐기, 대체 소스 확보 못함 | 원문: Product Name Chenodeoxycholic acid CAS No 474-25-9 ... Skin Corrosion/Irritation Category 2 Serious Eye Damage/Eye Irritation Category 2","[로컬PDF검증 2차조사·미해결] PDF은 Chenodeoxycholic acid(CAS 474-25-9, Thermo Fisher 실험시약) SDS로 Chenopodium oil(정유)과 전혀 무관한 물질. 완전한 제품 불일치(메모의 지적과 일치). | 원문: Product Name Chenodeoxycholic acid CAS No 474-25-9 ... Skin Corrosion/Irritation Category 2 Serious Eye Damage/Eye Irritation Category 2",변경,없음,확인 불가,파이프라인소비=아니오(build_input_v5.py 미참조 → X/y/group_key 무영향)
독성코드,검증근거,MIX923,"[구조화DB신규조회 재시도·미해결: 구조화 DB 조회 실패, 이름 매칭 안 됨] 정유로 PubChem Compound DB에 단일 CID 없음. 기존 추출정보(구 EU R10/R36/37/38/R65)는 이번 조회로 독립 확인 불가. | 원문: PubChem name search 'Schinus molle oil': ""No CID found that matches the given name""",추출값은 있으나 출처 전무,변경,없음,확인 불가,파이프라인소비=아니오(build_input_v5.py 미참조 → X/y/group_key 무영향)
독성코드,검증근거,MIX924,"[구조화DB신규조회 재시도·미해결: 구조화 DB 조회 실패, 이름 매칭 안 됨] 정유로 PubChem Compound DB에 단일 CID 없음. 기존 추출정보(구 EU R38)는 이번 조회로 독립 확인 불가. | 원문: PubChem name search 'Dill weed oil' 및 'dill oil' 모두: ""No CID found that matches the given name""",추출값은 있으나 출처 전무 ; 신호어도 H코드도 파싱되지 않음,변경,없음,확인 불가,파이프라인소비=아니오(build_input_v5.py 미참조 → X/y/group_key 무영향)
독성코드,검증근거,MIX925,"[구조화DB신규조회 재시도·미해결: 구조화 DB 조회 실패, 이름 매칭 안 됨] 정유로 PubChem Compound DB에 단일 CID 없음. | 원문: PubChem name search 'Tansy oil': ""No CID found that matches the given name""",추출값은 있으나 출처 전무 ; 신호어도 H코드도 파싱되지 않음,변경,없음,확인 불가,파이프라인소비=아니오(build_input_v5.py 미참조 → X/y/group_key 무영향)
독성코드,검증근거,MIX93,"[구조화DB신규조회 재시도·미해결: PubChem 성분 참고값(제품 SDS 아님)] 제품(Bifenthrin 8% ME)은 8% 농도의 상업용 제형(단종, EPA Reg 279-3311)으로 순물질이 아님. PubChem은 순수 Bifenthrin 원물질 기준 GHS이며 제품 자체 신호어/H코드로 그대로 대입 불가. | 원문: Bifenthrin (CID 6442842) Signal :: Danger; GHS Hazard Statements :: H300: Fatal if swallowed; H317: May cause an allergic skin reaction; H331: Toxic if inhaled; H351: Suspected of causing cancer; H372: Causes damage to o",추출정보 공란 + 미분류 메모: 정식 SDS 못찾음(검색엔진 접근 제한); EPA 등록정보(pomerix,변경,없음,확인 불가,파이프라인소비=아니오(build_input_v5.py 미참조 → X/y/group_key 무영향)
독성코드,검증근거,MIX930,"[2차재시도(우회) 재시도·미해결: PubChem 성분명 검색(Alantolactone)] Inula helenium 오일의 활성물질 Alantolactone(CID72724, Warning/H317 피부감작) PubChem 참고값 확보 - 기존 cat_sens_ghs=1(H317)과 부합. 그러나 Alantroot oil 전체 정유의 정식 SDS는 아니며 눈/피부자극(H315,H319) 값은 이 자료로 확인 안 됨 | 원문: Signal: Warning; GHS Hazard Statements: H317 (100%): May cause an allergic skin reaction [Warning Sensitization, Skin]","[로컬PDF검증 2차조사·미해결] PDF은 'OAKMOSS ABSOLUTE LOW ATRANOL'(CAS 9000-50-4) SDS로 Alantroot oil(Inula helenium, elecampane)과 전혀 무관한 제품. 완전한 제품 불일치(메모의 지적과 일치). | 원문: Trade name: OAKMOSS ABSOLUTE LOW ATRANOL CAS Number: 9000-50-4 ... Skin Sens. 1B - H317 May cause an allergic skin reaction.",변경,없음,확인 불가,파이프라인소비=아니오(build_input_v5.py 미참조 → X/y/group_key 무영향)
독성코드,검증근거,MIX931,"[구조화DB신규조회 재시도·미해결: 구조화 DB 조회 실패, 이름 매칭 안 됨] 정유로 PubChem Compound DB에 단일 CID 없음. | 원문: PubChem name search 'Neroli oil, Tunisian' 및 'neroli oil' 모두: ""No CID found that matches the given name""",추출값은 있으나 출처 전무 ; 신호어도 H코드도 파싱되지 않음,변경,없음,확인 불가,파이프라인소비=아니오(build_input_v5.py 미참조 → X/y/group_key 무영향)
독성코드,검증근거,MIX935,"[2차재시도(우회) 재시도·미해결: PubChem 성분명 검색(Methyl eugenol)] Canadian Snakeroot oil의 주요성분(최대40%) Methyl eugenol(CID7127, Warning/H302,H317,H341,H351 - 발암/유전독성 우려) PubChem 참고값 확보. 기존 로컬 PDF(SnakeOil 배관윤활유)는 여전히 무관 제품으로 폐기. 정유 자체의 정식 SDS는 미확보 | 원문: Signal: Warning; GHS Hazard Statements: H302 (93.9%): Harmful if swallowed | H317 (70.9%) | H341 (91.4%) | H351 (93.6%)","[로컬PDF검증 2차조사·미해결] PDF은 'SnakeOil™'(General Pipe Cleaner Div. of General Wire Spring Co., 배관 청소용 윤활유) SDS로 Canadian Snakeroot 정유와 전혀 무관한 산업용 제품. 완전한 제품 불일치. | 원문: PRODUCT IDENTITY: SNAKE OIL ... COMPANY IDENTITY: GENERAL PIPE CLEANER DIV. OF GENERAL WIRE SPRING CO. ... R22 Harmful if swallowed.",변경,없음,확인 불가,파이프라인소비=아니오(build_input_v5.py 미참조 → X/y/group_key 무영향)
독성코드,검증근거,MIX941,"[구조화DB신규조회 재시도·미해결: 구조화 DB 조회 실패, 이름 매칭 안 됨] FFPA(시안화수소 제거) 특수 등급으로 PubChem Compound DB에 매칭되는 CID 없음. | 원문: PubChem name search 'Almond oil bitter FFPA': ""No CID found that matches the given name""","추출정보 공란 + 미분류 메모: FFPA(Free From Prussic Acid, 시안화수소 제거) 등",변경,없음,확인 불가,파이프라인소비=아니오(build_input_v5.py 미참조 → X/y/group_key 무영향)
독성코드,검증근거,MIX945,"[2차재시도(우회) 재시도·미해결: PubChem 성분명 검색(Safrole) 보강, 원 PDF는 규칙4 해당(제품일치·GHS없음)] Oxford Lab의 Sassafras Oil MSDS(제품명 일치)는 구형 R-phrase(R22,R36/38)만 있어 GHS 확정 불가(규칙4). 주요성분 Safrole(CID5144, Danger/H302,H341,H350 - 발암성) PubChem 참고값 추가 확보, 재검토필요 유지 | 원문: Signal: Danger; GHS Hazard Statements: H302: Harmful if swallowed | H341: Suspected of causing genetic defects | H350: May cause cancer","[로컬PDF검증 2차조사·미해결] PDF은 Oxford Lab Fine Chem 'OIL OF SASSAFRAS Extra Pure'(CAS 8006-80-2, 100%) MSDS로 제품명·성분과 일치하나, GHS 신호어/H코드가 전혀 없고 구형 DSCL(EEC) R-phrase(R22, R36/38)만 존재하여 GHS 구분을 확정할 근거가 없음(명시적 비유해 선언도 아님). | 원문: PRODUCT NAME: OIL OF SASSAFRAS Extra Pure CAS#: 8006-80-2 ... DSCL (EEC): R22- Harmful if swallowed. R36/38- Irritating to eyes and skin.",변경,없음,확인 불가,파이프라인소비=아니오(build_input_v5.py 미참조 → X/y/group_key 무영향)
독성코드,검증근거,MIX946,"[구조화DB신규조회 재시도·미해결: 구조화 DB 조회 실패, 이름 매칭 안 됨] 정유(HCN 함유)로 PubChem Compound DB에 단일 CID 없음. | 원문: PubChem name search 'Almond oil bitter' 및 'bitter almond oil' 모두: ""No CID found that matches the given name""",추출값은 있으나 출처 전무 ; 신호어도 H코드도 파싱되지 않음,변경,없음,확인 불가,파이프라인소비=아니오(build_input_v5.py 미참조 → X/y/group_key 무영향)
독성코드,검증근거,MIX95,"[2차재시도(우회) 재시도·미해결: PubChem 성분명 검색(Prallethrin/2-Phenylphenol/lambda-Cyhalothrin, 3건)] 기존 로컬 PDF(Dodge Undercoat Aerosol)는 여전히 무관 제품으로 폐기(메모와 일치). 3개 활성성분 PubChem 참고값 확보: Prallethrin(CID9839306,Danger/H302,H331,H400,H410), 2-Phenylphenol(CID7017,Danger/H314,H317,H351,H400,H410), lambda-Cyhalothrin(CID6440557,Danger/H301,H312,H330,H400,H410). 완제품(에어로졸) SDS 미확보로 제품값 확정 불가 | 원문: 2-Phenylphenol ... Signal: Danger; GHS Hazard Statements: H314 Causes severe skin burns and eye damage | H317 | H351","[로컬PDF검증 2차조사·미해결] PDF은 'Undercoat (All Colors)(Aerosol)'(Dodge Company, 자동차 언더코팅제) SDS로 Chemsico 살충제(Prallethrin/2-Phenylphenol/lambda-Cyhalothrin 함유)와 전혀 무관한 제품. 완전한 제품 불일치(메모의 지적과 일치). | 원문: Undercoat (All Colors) (Aerosol) ... Company Name The Dodge Company, Inc. ... Flam. Aerosol 1;H222 Extremely flammable aerosol.",변경,없음,확인 불가,파이프라인소비=아니오(build_input_v5.py 미참조 → X/y/group_key 무영향)
독성코드,검증근거,MIX953,"[구조화DB신규조회 재시도·미해결: 구조화 DB 조회 실패, 이름 매칭 안 됨] 정유로 PubChem Compound DB에 단일 CID 없음. | 원문: PubChem name search 'Boldo leaf oil': ""No CID found that matches the given name""",추출정보 공란 + 미분류 메모: 정식 공급업체 SDS 못찾음(2차 데이터베이스만 확인); GHS 분류 ',변경,없음,확인 불가,파이프라인소비=아니오(build_input_v5.py 미참조 → X/y/group_key 무영향)
독성코드,검증근거,MIX956,"[2차재시도(우회) 재시도·미해결: PubChem 성분명 검색(Linalool) 보강, 원 PDF는 규칙4 해당(제품일치·GHS없음)] Hetaksh Bois-De-Rose Oil MSDS(제품명 일치)는 DSCL 'Not available'로 GHS 확정 불가(규칙4). 주성분 Linalool(CID6549, Warning/H317 피부감작) PubChem 참고값 확보, 재검토필요 유지 | 원문: Signal: Warning; GHS Hazard Statements: H317: May cause an allergic skin reaction [Warning Sensitization, Skin]","[로컬PDF검증 2차조사·미해결] PDF은 Hetaksh Essential Oils 'Bois-De-Rose Oil'(CAS 8015-77-8, 100%) MSDS로 제품명과 일치하나, GHS 분류 섹션 자체가 없고 DSCL(EEC)도 'Not available'로 비어 있어 GHS 구분을 확정할 근거가 없음(명시적 비유해 선언은 아니므로 정보없음이 아닌 재검토필요로 판단). | 원문: Product Name: Bois-De-Rose Oil CAS#: 8015-77-8 ... DSCL (EEC): Not available.",변경,없음,확인 불가,파이프라인소비=아니오(build_input_v5.py 미참조 → X/y/group_key 무영향)
독성코드,검증근거,MIX958,"[2차재시도(우회) 재시도·미해결: 재검토(labnovo 페이지 GHS 정보 자체 없음 - 규칙4 적용)] labnovo 페이지 접속 성공했으나 GHS 데이터 자체 없음. PubChem에도 CAS8024-14-4(Deertongue) 매칭 없음(자연 추출물 미등재). 재검토필요 유지 | 원문: 페이지에는 GHS Classification, Signal Word, Hazard Statements, Precautionary statements, pictogram 관련 섹션이 없습니다","[웹조사 2차조사·미해결] (시도 출처: http://www.labnovo.com/CAS/8024-14-4/MFCD08024144) 접속은 성공했으나 GHS 분류 정보 자체가 페이지에 없음(메모의 'GHS 신호어/H코드 확인 안됨, LD50 값만 확인'과 일치). 재검토 필요. | 원문: 페이지에는 GHS Classification, Signal Word, Hazard Statements, Precautionary statements, pictogram 관련 섹션이 없습니다. 화학 구조도 표시, 구조식 검색 도구, 데이터 출처 설명 등 화학물질 데이터베이스 플랫폼 인터페이스만 표시됨.",변경,없음,확인 불가,파이프라인소비=아니오(build_input_v5.py 미참조 → X/y/group_key 무영향)
독성코드,검증근거,MIX96,"[구조화DB신규조회 재시도·미해결: PubChem 성분 참고값(제품 SDS 아님)] 제품(Chemsico Pesticide Concentrate WI-N)은 2,4-D/Dicamba/Mecoprop/gamma-Cyhalothrin 배합 제초제이며 제품 자체 SDS가 아님. 대표성분(첫번째 표기) 순물질 GHS만 확인됨. | 원문: 2,4-D dimethylamine salt (PubChem Title: '2,4-D-Dimethylammonium', CID 16180) Signal :: Danger; GHS Hazard Statements :: H302: Harmful if swallowed; H312 (18.6%); H317: May cause an allergic skin reaction; H318: Causes s",추출정보 공란 + 출처 접근 실패(링크불가·403/404·로그인·못찾음),변경,없음,확인 불가,파이프라인소비=아니오(build_input_v5.py 미참조 → X/y/group_key 무영향)
독성코드,검증근거,MIX967,"[2차재시도(우회) 재시도·미해결: 재검토(ARAMACS 구형 MSDS, GHS 섹션 자체 없음 - 규칙4 적용)] ARAMACS 구형 MSDS(GHS 이전 포맷)로 GHS 신호어/H코드 자체 없음. 재검토필요 유지 | 원문: Section 3: Potential Acute Health Effects: Non hazardous in case of skin contact, irritant in case of eye contact","[웹조사 2차조사·미해결] (시도 출처: https://www.essentialoil.in/uploads/product_image/638207-guaiac-wood-oil-msds.pdf) ARAMACS 구형식 MSDS(CAS 8016-23-7)로 GHS Classification/Signal Word/H코드 섹션 자체가 존재하지 않음(구식 MSDS 포맷). 메모('구형식 SDS, GHS 신호어/H코드/LD50 없음')와 부합하나 GHS 분류 자체가 없어 재검토필요로 판정. | 원문: Section 3: Potential Acute Health Effects: Non hazardous in case of skin contact, irritant in case of eye contact (irritant) of ingestion, of inhalation. Section 11: Toxic Effects on Humans: Hazardous in case of ingestio",변경,없음,확인 불가,파이프라인소비=아니오(build_input_v5.py 미참조 → X/y/group_key 무영향)
독성코드,검증근거,MIX97,"[구조화DB신규조회 재시도·미해결: PubChem 성분 참고값(제품 SDS 아님)] 제품(Celsius WG)은 Thiencarbazone-methyl/Iodosulfuron-methyl-sodium/Dicamba 배합 제초제이며 제품 자체 SDS가 아님. 대표성분(첫번째 표기) 순물질 GHS만 확인됨(수생환경유해만 확인, 눈/피부/감작 H코드 없음). | 원문: Thiencarbazone-methyl (CID 11205153) Signal :: Warning; GHS Hazard Statements :: H400: Very toxic to aquatic life; H410: Very toxic to aquatic life with long lasting effects",추출정보 공란 + 출처 접근 실패(링크불가·403/404·로그인·못찾음),변경,없음,확인 불가,파이프라인소비=아니오(build_input_v5.py 미참조 → X/y/group_key 무영향)
독성코드,검증근거,MIX973,"[구조화DB신규조회 재시도·미해결: 구조화 DB 조회 실패, 이름 매칭 안 됨] 정유로 PubChem Compound DB에 단일 CID 없음. 'Eurafrican' 등급 특정 매칭은 더욱 불가. | 원문: PubChem name search 'Pennyroyal oil': ""No CID found that matches the given name""",추출정보 공란 + 미분류 메모: Eurafrican' 표기와 정확히 일치하는 자료 없음; Mentha p,변경,없음,확인 불가,파이프라인소비=아니오(build_input_v5.py 미참조 → X/y/group_key 무영향)
독성코드,검증근거,MIX975,"[구조화DB신규조회 재시도·미해결: 구조화 DB 조회 실패, 이름 매칭 안 됨] 정유로 PubChem Compound DB에 단일 CID 없음. | 원문: PubChem name search 'Marjoram oil': ""No CID found that matches the given name""",추출값은 있으나 출처 전무 ; 신호어도 H코드도 파싱되지 않음,변경,없음,확인 불가,파이프라인소비=아니오(build_input_v5.py 미참조 → X/y/group_key 무영향)
독성코드,검증근거,MIX976,"[구조화DB신규조회: 비유해물질/GHS 미분류 확인 - PubChem GHS Classification 직접 조회(제품=순물질)] 제품명 '1,3-nonanediol acetate (mixed esters)' 자체가 순물질이며 별도 ingredient_names 없음. PubChem CID234237(EC 215-332-3, FEMA 2783)이 정확히 일치하는 물질로 확인되고 GHS 분류상 'Not Classified'(비유해)로 명시됨 - 기존 메모(PubChem ECHA C&L, EC 215-332-3 미분류)와 부합. | 원문: PubChem CID 234237 synonyms include '1,3-Nonanediol acetate', 'EINECS 215-332-3', 'FEMA No. 2783' (제품명 및 기존 메모의 EC 215-332-3과 일치). GHS Hazard Statements :: Not Classified; Reported as not meeting G","추출정보 공란 + 미분류 메모: PubChem(ECHA C&L, EC 215-332-3)과 TGSC 양쪽",변경,없음,확인 불가,파이프라인소비=아니오(build_input_v5.py 미참조 → X/y/group_key 무영향)
독성코드,검증근거,MIX978,"[구조화DB신규조회 재시도·미해결: 구조화 DB 조회 실패, 이름 매칭 안 됨] 정유로 PubChem Compound DB에 단일 CID 없음. | 원문: PubChem name search 'Clary sage oil': ""No CID found that matches the given name""",추출값은 있으나 출처 전무 ; 신호어도 H코드도 파싱되지 않음,변경,없음,확인 불가,파이프라인소비=아니오(build_input_v5.py 미참조 → X/y/group_key 무영향)
독성코드,검증근거,MIX979,"[구조화DB신규조회 재시도·미해결: 구조화 DB 조회 실패, 이름 매칭 안 됨] 정유로 PubChem Compound DB에 단일 CID 없음. | 원문: PubChem name search 'Juniper berry oil': ""No CID found that matches the given name""",추출값은 있으나 출처 전무,변경,없음,확인 불가,파이프라인소비=아니오(build_input_v5.py 미참조 → X/y/group_key 무영향)
독성코드,검증근거,MIX98,"[구조화DB신규조회 재시도·미해결: PubChem 성분 참고값(제품 SDS 아님)] 제품(Chemsico Pesticide Granules WI-N)은 Dolomite/Urea/KCl/Sulfur 등 비료성분과 2,4-D/Dicamba/Mecoprop/gamma-Cyhalothrin 제초제 성분이 섞인 복합 과립제이며 제품 자체 SDS가 아님. 대표성분(첫번째 표기, 비활성 충전제 Dolomite)은 미분류이나 실제 유효성분(제초제류)의 제품 기준 위험성은 확인 불가. | 원문: Dolomite (CID 61833) GHS Hazard Statements :: Not Classified; Reported as not meeting GHS hazard criteria by 753 of 789 companies",추출정보 공란 + 출처 접근 실패(링크불가·403/404·로그인·못찾음),변경,없음,확인 불가,파이프라인소비=아니오(build_input_v5.py 미참조 → X/y/group_key 무영향)
독성코드,검증근거,MIX980,"[구조화DB신규조회 재시도·미해결: 구조화 DB 조회 실패, 이름 매칭 안 됨] 정유로 PubChem Compound DB에 단일 CID 없음. | 원문: PubChem name search 'Cumin oil': ""No CID found that matches the given name""",추출값은 있으나 출처 전무 ; 신호어도 H코드도 파싱되지 않음,변경,없음,확인 불가,파이프라인소비=아니오(build_input_v5.py 미참조 → X/y/group_key 무영향)
독성코드,검증근거,MIX986,"[2차재시도(우회): curl+pdftotext 재시도 - Nikura Orange(Sweet) Essential Oil SDS 확보(INCI명 Citrus Aurantium Dulcis Peel Oil Expressed = Orange oil expressed 정확히 일치)] doc_rel 로컬 PDF(Aquatic Technologies Orange Oil, 수생잡초제거제)는 여전히 무관 제품으로 폐기. Nikura Orange(Sweet) Essential Oil(CAS8028-48-6, INCI: Citrus Aurantium Dulcis Peel Oil Expressed)이 제품명과 정확히 일치하여 검증완료. Eye Damage/Irritation Category 2A, Skin Corrosion/Irritation Category 2, Skin Sensitization Category 1(REACH EC1272/2008 기준) | 원문: Signal word: Danger","[로컬PDF검증 2차조사·미해결] PDF은 Aquatic Technologies의 'Orange Oil'(수생 잡초 제거제, Water Surface Clearer, D-Limonene<10%) SDS로, 메모에서 이미 지적한 것과 동일한 무관 제품. 순수 착유 오렌지오일(Orange oil expressed)과 조성이 전혀 다른 조제품이므로 이 PDF로는 검증 불가(참고: 이 PDF 자체의 H코드/구분은 우연히 기존 시트값과 유사함). | 원문: SUPPLIER: Aquatic Technologies ... Product Use: Water Surface Clearer ... D-Limonene 5989-27-5 < 10% w/w",변경,없음,확인 불가,파이프라인소비=아니오(build_input_v5.py 미참조 → X/y/group_key 무영향)
독성코드,검증근거,MIX988,"[구조화DB신규조회 재시도·미해결: 구조화 DB 조회 실패, 이름 매칭 안 됨] 정유로 PubChem Compound DB에 단일 CID 없음. 'Dalmatian' 등급 특정 매칭은 더욱 불가. | 원문: PubChem name search 'Sage oil': ""No CID found that matches the given name""",추출값은 있으나 출처 전무,변경,없음,확인 불가,파이프라인소비=아니오(build_input_v5.py 미참조 → X/y/group_key 무영향)
독성코드,검증근거,MIX989,"[구조화DB신규조회 재시도·미해결: 구조화 DB 조회 실패, 이름 매칭 안 됨] 정유로 PubChem Compound DB에 단일 CID 없음. 'red' 등급 특정 매칭은 더욱 불가. | 원문: PubChem name search 'Thyme oil': ""No CID found that matches the given name""",추출값은 있으나 출처 전무 ; 신호어도 H코드도 파싱되지 않음,변경,없음,확인 불가,파이프라인소비=아니오(build_input_v5.py 미참조 → X/y/group_key 무영향)
독성코드,검증근거,MIX99,"[구조화DB신규조회 재시도·미해결: PubChem 성분 참고값(제품 SDS 아님)] 제품(Certifect for Dogs)은 Propanediol/Oil Red O/Fipronil/Amitraz/S-Methoprene 배합 반려동물용 구충제이며 제품 자체 SDS가 아님. 주요 활성성분 Fipronil 순물질 GHS만 참고 가능, 제품 자체 신호어/H코드는 확정 불가. | 원문: Fipronil (CID 3352) Signal :: Danger; GHS Hazard Statements :: H301: Toxic if swallowed; H311: Toxic in contact with skin; H331: Toxic if inhaled; H372 *: Causes damage to organs through prolonged or repeated exposure; H",추출정보 공란 + 출처 접근 실패(링크불가·403/404·로그인·못찾음),변경,없음,확인 불가,파이프라인소비=아니오(build_input_v5.py 미참조 → X/y/group_key 무영향)
독성코드,검증근거,MIX994,"[구조화DB신규조회 재시도·미해결: 구조화 DB 조회 실패, 이름 매칭 안 됨] 정유로 PubChem Compound DB에 단일 CID 없음. 'Russian' 등급 특정 매칭은 더욱 불가. | 원문: PubChem name search 'Sage clary oil': ""No CID found that matches the given name""",추출값은 있으나 출처 전무 ; 신호어도 H코드도 파싱되지 않음,변경,없음,확인 불가,파이프라인소비=아니오(build_input_v5.py 미참조 → X/y/group_key 무영향)
독성코드,검증근거,MIX997,"[구조화DB신규조회 재시도·미해결: 구조화 DB 조회 실패, 이름 매칭 안 됨] 정유로 PubChem Compound DB에 단일 CID 없음. 'Texas' 산지 특정 매칭은 더욱 불가. | 원문: PubChem name search 'Cedarwood oil': ""No CID found that matches the given name""",추출값은 있으나 출처 전무,변경,없음,확인 불가,파이프라인소비=아니오(build_input_v5.py 미참조 → X/y/group_key 무영향)
독성코드,검증근거,MIX998,"[구조화DB신규조회 재시도·미해결: 구조화 DB 조회 실패, 이름 매칭 안 됨] 정유(발삼)로 PubChem Compound DB에 단일 CID 없음. | 원문: PubChem name search 'Balsam copaiba' 및 'copaiba balsam' 모두: ""No CID found that matches the given name""",추출값은 있으나 출처 전무 ; 신호어도 H코드도 파싱되지 않음,변경,없음,확인 불가,파이프라인소비=아니오(build_input_v5.py 미참조 → X/y/group_key 무영향)
