cas,ingredient_name,눈,피부,감작,출처유형,범주유효성,H코드정합,URL상태,CAS체디,기존값충돌,채택가능,판정근거
1330-20-7,Xylene,분류대상아님(EU CLP Annex VI 기준 H318/H319 없음),"구분2(피부 자극) (H315, EU CLP Annex VI): H315: Causes skin irritation [Warning Skin corrosion/irritation]",분류대상아님(EU CLP Annex VI 기준 H317/H334 없음),annex_vi,정상,정상,PubChem CID URL 3건,pass,눈:신규[NC] vs 기존[1;2B;Not classified](ntp_measured) | 감작:신규[NC] vs 기존[1](sens_ghs),조건부,분류대상아님이 ECHA C&L 통보 부재만에 근거 — 미시험(no data)과 음성(negative) 구분 불가 / 기존 v5 라벨과 충돌 존재 / 감작 판정문에 H334(호흡기감작) 문자열 포함(부재판정 기준으로만 사용)
100-41-4,Ethylbenzene,분류대상아님(EU CLP Annex VI/ECHA C&L 기준 해당 H코드 없음),분류대상아님(EU CLP Annex VI/ECHA C&L 기준 해당 H코드 없음),분류대상아님(EU CLP Annex VI/ECHA C&L 기준 해당 H코드 없음),pubchem_기타,정상,정상,PubChem CID URL 1건,pass,눈:신규[NC] vs 기존[1;2B](ntp_measured) | 피부:신규[NC] vs 기존[2B;Not classified](ntp_measured),조건부,기존 v5 라벨과 충돌 — 병합규칙 확정 필요
98-82-8,Cumene,분류대상아님(EU CLP Annex VI/ECHA C&L 기준 해당 H코드 없음),분류대상아님(EU CLP Annex VI/ECHA C&L 기준 해당 H코드 없음),분류대상아님(EU CLP Annex VI/ECHA C&L 기준 해당 H코드 없음),pubchem_기타,정상,정상,PubChem CID URL 1건,pass,없음,채택,"EU CLP Annex VI 근거 또는 양대출처 조회완료 NC, 범주/H코드 정합, URL 정상, 체디 pass, 기존값 충돌 없음"
121-14-2,"2,4-Dinitrotoluene",분류대상아님(EU CLP Annex VI/ECHA C&L 기준 해당 H코드 없음),분류대상아님(EU CLP Annex VI/ECHA C&L 기준 해당 H코드 없음),분류대상아님(EU CLP Annex VI/ECHA C&L 기준 해당 H코드 없음),pubchem_기타,정상,정상,PubChem CID URL 1건,pass,없음,채택,"EU CLP Annex VI 근거 또는 양대출처 조회완료 NC, 범주/H코드 정합, URL 정상, 체디 pass, 기존값 충돌 없음"
606-20-2,"2,6-Dinitrotoluene",분류대상아님(EU CLP Annex VI/ECHA C&L 기준 해당 H코드 없음),분류대상아님(EU CLP Annex VI/ECHA C&L 기준 해당 H코드 없음),분류대상아님(EU CLP Annex VI/ECHA C&L 기준 해당 H코드 없음),pubchem_기타,정상,정상,PubChem CID URL 1건,pass,없음,채택,"EU CLP Annex VI 근거 또는 양대출처 조회완료 NC, 범주/H코드 정합, URL 정상, 체디 pass, 기존값 충돌 없음"
57-14-7,"N,N-Dimethylhydrazine Standard",분류대상아님(EU CLP Annex VI/ECHA C&L 기준 해당 H코드 없음),"구분1(피부 부식/화상) (H314, EU CLP Annex VI): H314: Causes severe skin burns and eye damage [Danger Skin corrosion/irritation]",분류대상아님(EU CLP Annex VI/ECHA C&L 기준 해당 H코드 없음),annex_vi,정상,정상,PubChem CID URL 1건,pass,없음,채택,"EU CLP Annex VI 근거 또는 양대출처 조회완료 NC, 범주/H코드 정합, URL 정상, 체디 pass, 기존값 충돌 없음"
144550-36-7,Iodosulfuron methyl ester sodium salt,분류대상아님(EU CLP Annex VI/ECHA C&L 기준 해당 H코드 없음),분류대상아님(EU CLP Annex VI/ECHA C&L 기준 해당 H코드 없음),분류대상아님(EU CLP Annex VI/ECHA C&L 기준 해당 H코드 없음),pubchem_기타,정상,정상,PubChem CID URL 1건,pass,눈:신규[NC] vs 기존[1;2B](ntp_measured),조건부,기존 v5 라벨과 충돌 — 병합규칙 확정 필요
199119-58-9,"Synonyms : Trifloxysulfuron sodium,Trifloxysulfuron sodium salt",분류대상아님(EU CLP Annex VI/ECHA C&L 기준 해당 H코드 없음),분류대상아님(EU CLP Annex VI/ECHA C&L 기준 해당 H코드 없음),분류대상아님(EU CLP Annex VI/ECHA C&L 기준 해당 H코드 없음),pubchem_기타,정상,정상,PubChem CID URL 1건,pass,눈:신규[NC] vs 기존[2B;Not classified](ntp_measured),조건부,분류대상아님이 ECHA C&L 통보 부재만에 근거 — 미시험(no data)과 음성(negative) 구분 불가 / 기존 v5 라벨과 충돌 존재
1582-09-8,Trifluralin 480 g/L,분류대상아님(EU CLP Annex VI/ECHA C&L 기준 해당 H코드 없음),분류대상아님(EU CLP Annex VI/ECHA C&L 기준 해당 H코드 없음),"피부감작성 구분1 (H317, EU CLP Annex VI): H317: May cause an allergic skin reaction [Warning Sensitization, Skin]",annex_vi,정상,정상,PubChem CID URL 1건,pass,눈:신규[NC] vs 기존[2B](ntp_measured) | 피부:신규[NC] vs 기존[2B;Not classified](ntp_measured),조건부,기존 v5 라벨과 충돌 — 병합규칙 확정 필요
64742-47-8,"Distillates (Petroleum), Hydrotreated Light",정보없음(PubChem CID 매칭 실패),정보없음(PubChem CID 매칭 실패),정보없음(PubChem CID 매칭 실패),정보없음,정상,정상,결측(정보없음 유형-조회실패로 인용가능 URL 없음),pass,없음,보류,3개 엔드포인트 전부 정보없음(PubChem 미매칭/GHS섹션 없음) — 라벨 근거 0
2634-33-5,"1,2-Benzisothiazolin-3-one","구분1(심한 눈손상) (H318, EU CLP Annex VI): H318: Causes serious eye damage [Danger Serious eye damage/eye irritation]","구분2(피부 자극) (H315, EU CLP Annex VI): H315: Causes skin irritation [Warning Skin corrosion/irritation]","피부감작성 구분1 (H317, EU CLP Annex VI): H317: May cause an allergic skin reaction [Warning Sensitization, Skin]",annex_vi,정상,정상,PubChem CID URL 1건,pass,피부:신규[2] vs 기존[1;2A;2B;Not classified](ntp_measured;sds_reported),조건부,기존 v5 라벨과 충돌 — 병합규칙 확정 필요
6440-58-0,"1,3-Dimethylol-5,5-dimethylhydantoin","구분2(눈 자극) (H319, ECHA C&L 통보): H319 (30%): Causes serious eye irritation [Warning Serious eye damage/eye irritation]","구분2(피부 자극) (H315, ECHA C&L 통보): H315 (11.1%): Causes skin irritation [Warning Skin corrosion/irritation]","피부감작성 구분1 (H317, ECHA C&L 통보): H317 (14.7%): May cause an allergic skin reaction [Warning Sensitization, Skin]",echa_cl,정상,정상,PubChem CID URL 1건,pass,눈:신규[2] vs 기존[1](ntp_measured) | 피부:신규[2] vs 기존[Not classified](NC),조건부,"ECHA C&L 자가신고 통보율 과반미달을 확정분류로 채택: 눈:30.0%,피부:11.1%,감작:14.7% / 기존 v5 라벨과 충돌 존재"
67-47-0,5-(Hydroxymethyl)-2-furfural,"구분2(눈 자극) (H319, ECHA C&L 통보): H319 (65.1%): Causes serious eye irritation [Warning Serious eye damage/eye irritation]","구분2(피부 자극) (H315, ECHA C&L 통보): H315 (60.2%): Causes skin irritation [Warning Skin corrosion/irritation]",분류대상아님(EU CLP Annex VI/ECHA C&L 기준 해당 H코드 없음),echa_cl,정상,정상,PubChem CID URL 1건,pass,눈:신규[2] vs 기존[1](ntp_measured) | 피부:신규[2] vs 기존[Not classified](NC),조건부,출처가 ECHA C&L 자가신고(법적구속력 없음) / 기존 v5 라벨과 충돌 존재
4719-04-4,"Hexahydro-,3,5-tris(2-hydroxyethyl)-s-triazine","구분2(눈 자극) (H319, ECHA C&L 통보): H319 (15.8%): Causes serious eye irritation [Warning Serious eye damage/eye irritation]",분류대상아님(EU CLP Annex VI/ECHA C&L 기준 해당 H코드 없음),"피부감작성 구분1 (H317, EU CLP Annex VI): H317: May cause an allergic skin reaction [Warning Sensitization, Skin]",annex_vi,정상,정상,PubChem CID URL 1건,pass,피부:신규[NC] vs 기존[2B](ntp_measured),조건부,ECHA C&L 자가신고 통보율 과반미달을 확정분류로 채택: 눈:15.8% / 기존 v5 라벨과 충돌 존재
141-43-5,aminoethanol 1,"구분1(심한 눈손상) (H318, ECHA C&L 통보): H318 (13.6%): Causes serious eye damage [Danger Serious eye damage/eye irritation]","구분1(피부 부식/화상) (H314, EU CLP Annex VI): H314: Causes severe skin burns and eye damage [Danger Skin corrosion/irritation]","피부감작성 구분1 (H317, ECHA C&L 통보): H317 (100%): May cause an allergic skin reaction [Warning Sensitization, Skin]",annex_vi,정상,정상,PubChem CID URL 1건,pass,눈:신규[1] vs 기존[2B](ntp_measured) | 피부:신규[1] vs 기존[2B](ntp_measured),조건부,ECHA C&L 자가신고 통보율 과반미달을 확정분류로 채택: 눈:13.6% / 기존 v5 라벨과 충돌 존재
330-54-1,Diuron,분류대상아님(EU CLP Annex VI/ECHA C&L 기준 해당 H코드 없음),분류대상아님(EU CLP Annex VI/ECHA C&L 기준 해당 H코드 없음),분류대상아님(EU CLP Annex VI/ECHA C&L 기준 해당 H코드 없음),pubchem_기타,정상,정상,PubChem CID URL 1건,pass,눈:신규[NC] vs 기존[1;2B;Not classified](ntp_measured) | 피부:신규[NC] vs 기존[1;2B;Not classified](ntp_measured),조건부,기존 v5 라벨과 충돌 — 병합규칙 확정 필요
107534-96-3,Tebuconazole,분류대상아님(EU CLP Annex VI/ECHA C&L 기준 해당 H코드 없음),분류대상아님(EU CLP Annex VI/ECHA C&L 기준 해당 H코드 없음),분류대상아님(EU CLP Annex VI/ECHA C&L 기준 해당 H코드 없음),pubchem_기타,정상,정상,PubChem CID URL 1건,pass,눈:신규[NC] vs 기존[1;2A;2B;Not classified](ntp_measured;sds_reported) | 피부:신규[NC] vs 기존[1;2;2B;Not classified](ntp_measured;sds_reported) | 감작:신규[NC] vs 기존[1](sens_ghs),조건부,기존 v5 라벨과 충돌 — 병합규칙 확정 필요
317815-83-1,Thiencarbazone-methyl,분류대상아님(EU CLP Annex VI/ECHA C&L 기준 해당 H코드 없음),분류대상아님(EU CLP Annex VI/ECHA C&L 기준 해당 H코드 없음),분류대상아님(EU CLP Annex VI/ECHA C&L 기준 해당 H코드 없음),pubchem_기타,정상,정상,PubChem CID URL 1건,pass,눈:신규[NC] vs 기존[2A;2B;Not classified](ntp_measured;sds_reported),조건부,기존 v5 라벨과 충돌 — 병합규칙 확정 필요
68425-94-5,"Alkylnaphthalenesulfonic acid, polymer with",정보없음(PubChem CID 매칭 실패),정보없음(PubChem CID 매칭 실패),정보없음(PubChem CID 매칭 실패),정보없음,정상,정상,결측(정보없음 유형-조회실패로 인용가능 URL 없음),pass,없음,보류,3개 엔드포인트 전부 정보없음(PubChem 미매칭/GHS섹션 없음) — 라벨 근거 0
2921-88-2,Chlorpyrifos,"구분2(눈 자극) (H319, ECHA C&L 통보): H319 (13.7%): Causes serious eye irritation [Warning Serious eye damage/eye irritation]",분류대상아님(EU CLP Annex VI/ECHA C&L 기준 해당 H코드 없음),분류대상아님(EU CLP Annex VI/ECHA C&L 기준 해당 H코드 없음),echa_cl,정상,정상,PubChem CID URL 1건,pass,없음,조건부,ECHA C&L 자가신고 통보율 과반미달을 확정분류로 채택: 눈:13.7%
64742-94-5,Aromatic hydrocarbon 2 Moderate 2 Flammability,정보없음(PubChem CID 매칭 실패),정보없음(PubChem CID 매칭 실패),정보없음(PubChem CID 매칭 실패),정보없음,정상,정상,결측(정보없음 유형-조회실패로 인용가능 URL 없음),pass,없음,보류,3개 엔드포인트 전부 정보없음(PubChem 미매칭/GHS섹션 없음) — 라벨 근거 0
91-20-3,Napthalene (from aromatic hydrocarbon) 3 High 0 Reactivity,분류대상아님(EU CLP Annex VI/ECHA C&L 기준 해당 H코드 없음),분류대상아님(EU CLP Annex VI/ECHA C&L 기준 해당 H코드 없음),분류대상아님(EU CLP Annex VI/ECHA C&L 기준 해당 H코드 없음),pubchem_기타,정상,정상,PubChem CID URL 1건,pass,눈:신규[NC] vs 기존[1;2A;2B;Not classified](ntp_measured;sds_reported) | 피부:신규[NC] vs 기존[2B;Not classified](ntp_measured),조건부,기존 v5 라벨과 충돌 — 병합규칙 확정 필요
71-36-3,n-Butyl Alcohol,"구분1(심한 눈손상) (H318, EU CLP Annex VI): H318: Causes serious eye damage [Danger Serious eye damage/eye irritation]","구분2(피부 자극) (H315, EU CLP Annex VI): H315: Causes skin irritation [Warning Skin corrosion/irritation]",분류대상아님(EU CLP Annex VI/ECHA C&L 기준 해당 H코드 없음),annex_vi,정상,정상,PubChem CID URL 1건,pass,없음,채택,"EU CLP Annex VI 근거 또는 양대출처 조회완료 NC, 범주/H코드 정합, URL 정상, 체디 pass, 기존값 충돌 없음"
68953-96-8,C(11-13) Branched Alkyl Benzene Sulfonic,정보없음(PubChem CID 매칭 실패),정보없음(PubChem CID 매칭 실패),정보없음(PubChem CID 매칭 실패),정보없음,정상,정상,결측(정보없음 유형-조회실패로 인용가능 URL 없음),pass,없음,보류,3개 엔드포인트 전부 정보없음(PubChem 미매칭/GHS섹션 없음) — 라벨 근거 0
35367-38-5,Diflubenzuron,분류대상아님(EU CLP Annex VI/ECHA C&L 기준 해당 H코드 없음),분류대상아님(EU CLP Annex VI/ECHA C&L 기준 해당 H코드 없음),분류대상아님(EU CLP Annex VI/ECHA C&L 기준 해당 H코드 없음),pubchem_기타,정상,정상,PubChem CID URL 1건,pass,눈:신규[NC] vs 기존[2B](ntp_measured) | 피부:신규[NC] vs 기존[2B;Not classified](ntp_measured),조건부,분류대상아님이 ECHA C&L 통보 부재만에 근거 — 미시험(no data)과 음성(negative) 구분 불가 / 기존 v5 라벨과 충돌 존재
91465-08-6,lambda-Cyhalothrin,"구분2(눈 자극) (H319, ECHA C&L 통보): H319 (12.9%): Causes serious eye irritation [Warning Serious eye damage/eye irritation]",분류대상아님(EU CLP Annex VI/ECHA C&L 기준 해당 H코드 없음),분류대상아님(EU CLP Annex VI/ECHA C&L 기준 해당 H코드 없음),echa_cl,정상,정상,PubChem CID URL 1건,pass,눈:신규[2] vs 기존[1;2A;2B;Not classified](ntp_measured;sds_reported) | 피부:신규[NC] vs 기존[2;2B;Not classified](ntp_measured;sds_reported) | 감작:신규[NC] vs 기존[1](sens_ghs),조건부,ECHA C&L 자가신고 통보율 과반미달을 확정분류로 채택: 눈:12.9% / 기존 v5 라벨과 충돌 존재
134-62-3,DEET,"구분2(눈 자극) (H319, EU CLP Annex VI): H319: Causes serious eye irritation [Warning Serious eye damage/eye irritation]","구분2(피부 자극) (H315, EU CLP Annex VI): H315: Causes skin irritation [Warning Skin corrosion/irritation]",분류대상아님(EU CLP Annex VI/ECHA C&L 기준 해당 H코드 없음),annex_vi,정상,정상,PubChem CID URL 1건,pass,피부:신규[2] vs 기존[Not classified](NC),조건부,기존 v5 라벨과 충돌 — 병합규칙 확정 필요
52315-07-8,Cypermethrin,분류대상아님(EU CLP Annex VI/ECHA C&L 기준 해당 H코드 없음),"구분2(피부 자극) (H315, EU CLP Annex VI): H315: Causes skin irritation [Warning Skin corrosion/irritation]","피부감작성 구분1 (H317, EU CLP Annex VI): H317: May cause an allergic skin reaction [Warning Sensitization, Skin]",annex_vi,정상,정상,PubChem CID URL 1건,pass,눈:신규[NC] vs 기존[2B;Not classified](ntp_measured),조건부,기존 v5 라벨과 충돌 — 병합규칙 확정 필요
67485-29-4,Content (W/W),"구분2(눈 자극) (H319, EU CLP Annex VI): H319: Causes serious eye irritation [Warning Serious eye damage/eye irritation]",분류대상아님(EU CLP Annex VI/ECHA C&L 기준 해당 H코드 없음),분류대상아님(EU CLP Annex VI/ECHA C&L 기준 해당 H코드 없음),annex_vi,정상,정상,PubChem CID URL 1건,pass,눈:신규[2] vs 기존[Not classified](NC),조건부,기존 v5 라벨과 충돌 — 병합규칙 확정 필요
40487-42-1,Pendimethalin,분류대상아님(EU CLP Annex VI/ECHA C&L 기준 해당 H코드 없음),분류대상아님(EU CLP Annex VI/ECHA C&L 기준 해당 H코드 없음),"피부감작성 구분1 (H317, ECHA C&L 통보): H317 (80.8%): May cause an allergic skin reaction [Warning Sensitization, Skin]",echa_cl,정상,정상,PubChem CID URL 1건,pass,눈:신규[NC] vs 기존[2A;2B;Not classified](ntp_measured;sds_reported),조건부,Annex VI(법적구속) 항목 존재하나 ECHA C&L(자가신고) 값을 채택 — 출처위계 역전 가능 / 기존 v5 라벨과 충돌 존재
125116-23-6,"Metconazole (-[(4-chlorophenyl)methyl]-2,2-dimethyl-1-(1H-1,2,4- 48.5 - 51.5 Active Ingredient","구분1(심한 눈손상) (H318, ECHA C&L 통보): H318 (16.9%): Causes serious eye damage [Danger Serious eye damage/eye irritation]","구분1(피부 부식/화상) (H314, ECHA C&L 통보): H314 (15.3%): Causes severe skin burns and eye damage [Danger Skin corrosion/irritation]",분류대상아님(EU CLP Annex VI/ECHA C&L 기준 해당 H코드 없음),echa_cl,정상,정상,PubChem CID URL 1건,pass,눈:신규[1] vs 기존[2A;2B;Not classified](ntp_measured) | 피부:신규[1] vs 기존[2B;Not classified](ntp_measured),조건부,"ECHA C&L 자가신고 통보율 과반미달을 확정분류로 채택: 눈:16.9%,피부:15.3% / 기존 v5 라벨과 충돌 존재"
52918-63-5,Deltamethrin,분류대상아님(EU CLP Annex VI/ECHA C&L 기준 해당 H코드 없음),분류대상아님(EU CLP Annex VI/ECHA C&L 기준 해당 H코드 없음),분류대상아님(EU CLP Annex VI/ECHA C&L 기준 해당 H코드 없음),pubchem_기타,정상,정상,PubChem CID URL 1건,pass,눈:신규[NC] vs 기존[1;2A;2B;Not classified](ntp_measured;sds_reported) | 피부:신규[NC] vs 기존[2;2A;2B;Not classified](ntp_measured;sds_reported),조건부,기존 v5 라벨과 충돌 — 병합규칙 확정 필요
153233-91-1,Etoxazole,분류대상아님(EU CLP Annex VI/ECHA C&L 기준 해당 H코드 없음),분류대상아님(EU CLP Annex VI/ECHA C&L 기준 해당 H코드 없음),분류대상아님(EU CLP Annex VI/ECHA C&L 기준 해당 H코드 없음),pubchem_기타,정상,정상,PubChem CID URL 1건,pass,눈:신규[NC] vs 기존[2B;Not classified](ntp_measured) | 피부:신규[NC] vs 기존[2B;Not classified](ntp_measured),조건부,기존 v5 라벨과 충돌 — 병합규칙 확정 필요
39515-41-8,Fenpropathrin,분류대상아님(EU CLP Annex VI/ECHA C&L 기준 해당 H코드 없음),분류대상아님(EU CLP Annex VI/ECHA C&L 기준 해당 H코드 없음),분류대상아님(EU CLP Annex VI/ECHA C&L 기준 해당 H코드 없음),pubchem_기타,정상,정상,PubChem CID URL 1건,pass,눈:신규[NC] vs 기존[2B](ntp_measured) | 피부:신규[NC] vs 기존[2B](ntp_measured),조건부,기존 v5 라벨과 충돌 — 병합규칙 확정 필요
122548-33-8,Imazosulfuron,분류대상아님(EU CLP Annex VI/ECHA C&L 기준 해당 H코드 없음),분류대상아님(EU CLP Annex VI/ECHA C&L 기준 해당 H코드 없음),분류대상아님(EU CLP Annex VI/ECHA C&L 기준 해당 H코드 없음),pubchem_기타,정상,정상,PubChem CID URL 1건,pass,눈:신규[NC] vs 기존[2B;Not classified](ntp_measured;sds_reported) | 피부:신규[NC] vs 기존[2B;3](ntp_measured;sds_reported),조건부,분류대상아님이 ECHA C&L 통보 부재만에 근거 — 미시험(no data)과 음성(negative) 구분 불가 / 기존 v5 라벨과 충돌 존재
175013-18-0,Pyraclostrobin,분류대상아님(EU CLP Annex VI/ECHA C&L 기준 해당 H코드 없음),"구분2(피부 자극) (H315, EU CLP Annex VI): H315: Causes skin irritation [Warning Skin corrosion/irritation]",분류대상아님(EU CLP Annex VI/ECHA C&L 기준 해당 H코드 없음),annex_vi,정상,정상,PubChem CID URL 1건,pass,눈:신규[NC] vs 기존[1;2A;2B;Not classified](ntp_measured;sds_reported) | 감작:신규[NC] vs 기존[1](sens_ghs),조건부,기존 v5 라벨과 충돌 — 병합규칙 확정 필요
57-55-6,Propylene glycol 5-10,분류대상아님(EU CLP Annex VI/ECHA C&L 기준 해당 H코드 없음),분류대상아님(EU CLP Annex VI/ECHA C&L 기준 해당 H코드 없음),분류대상아님(EU CLP Annex VI/ECHA C&L 기준 해당 H코드 없음),pubchem_기타,정상,정상,PubChem CID URL 1건,pass,눈:신규[NC] vs 기존[1;Not classified](ntp_measured) | 피부:신규[NC] vs 기존[1;2B;Not classified](ntp_measured),조건부,분류대상아님이 ECHA C&L 통보 부재만에 근거 — 미시험(no data)과 음성(negative) 구분 불가 / 기존 v5 라벨과 충돌 존재
103361-09-7,Flumioxazin,분류대상아님(EU CLP Annex VI/ECHA C&L 기준 해당 H코드 없음),분류대상아님(EU CLP Annex VI/ECHA C&L 기준 해당 H코드 없음),분류대상아님(EU CLP Annex VI/ECHA C&L 기준 해당 H코드 없음),pubchem_기타,정상,정상,PubChem CID URL 1건,pass,눈:신규[NC] vs 기존[2B;Not classified](ntp_measured),조건부,기존 v5 라벨과 충돌 — 병합규칙 확정 필요
447399-55-5,Pyroxasulfone,분류대상아님(EU CLP Annex VI/ECHA C&L 기준 해당 H코드 없음),분류대상아님(EU CLP Annex VI/ECHA C&L 기준 해당 H코드 없음),분류대상아님(EU CLP Annex VI/ECHA C&L 기준 해당 H코드 없음),pubchem_기타,정상,정상,PubChem CID URL 1건,pass,없음,조건부,분류대상아님이 ECHA C&L 통보 부재만에 근거 — 미시험(no data)과 음성(negative) 구분 불가
62-73-7,Dichlorvos,분류대상아님(EU CLP Annex VI/ECHA C&L 기준 해당 H코드 없음),분류대상아님(EU CLP Annex VI/ECHA C&L 기준 해당 H코드 없음),"피부감작성 구분1 (H317, EU CLP Annex VI): H317: May cause an allergic skin reaction [Warning Sensitization, Skin]",annex_vi,정상,정상,PubChem CID URL 1건,pass,눈:신규[NC] vs 기존[1;2A](ntp_measured) | 피부:신규[NC] vs 기존[1;2B;Not classified](ntp_measured),조건부,기존 v5 라벨과 충돌 — 병합규칙 확정 필요
125401-92-5,Bispyribac-sodium,"구분2(눈 자극) (H319, ECHA C&L 통보): H319 (56.2%): Causes serious eye irritation [Warning Serious eye damage/eye irritation]",분류대상아님(EU CLP Annex VI/ECHA C&L 기준 해당 H코드 없음),"피부감작성 구분1 (H317, ECHA C&L 통보): H317 (44.6%): May cause an allergic skin reaction [Warning Sensitization, Skin]",echa_cl,정상,정상,PubChem CID URL 1건,pass,없음,조건부,ECHA C&L 자가신고 통보율 과반미달을 확정분류로 채택: 감작:44.6%
533-74-4,Dazomet,"구분2(눈 자극) (H319, EU CLP Annex VI): H319: Causes serious eye irritation [Warning Serious eye damage/eye irritation]","구분2(피부 자극) (H315, ECHA C&L 통보): H315 (20.4%): Causes skin irritation [Warning Skin corrosion/irritation]",분류대상아님(EU CLP Annex VI/ECHA C&L 기준 해당 H코드 없음),annex_vi,정상,정상,PubChem CID URL 1건,pass,눈:신규[2] vs 기존[1](ntp_measured) | 피부:신규[2] vs 기존[Not classified](NC),조건부,ECHA C&L 자가신고 통보율 과반미달을 확정분류로 채택: 피부:20.4% / 기존 v5 라벨과 충돌 존재
64742-46-7,Hydrotreated middle distillates (petroleum),정보없음(PubChem CID 매칭 실패),정보없음(PubChem CID 매칭 실패),정보없음(PubChem CID 매칭 실패),정보없음,정상,정상,결측(정보없음 유형-조회실패로 인용가능 URL 없음),pass,없음,보류,3개 엔드포인트 전부 정보없음(PubChem 미매칭/GHS섹션 없음) — 라벨 근거 0
11138-66-2,Xanthum gum,정보없음(PubChem CID 매칭 실패),정보없음(PubChem CID 매칭 실패),정보없음(PubChem CID 매칭 실패),정보없음,정상,정상,결측(정보없음 유형-조회실패로 인용가능 URL 없음),pass,없음,보류,3개 엔드포인트 전부 정보없음(PubChem 미매칭/GHS섹션 없음) — 라벨 근거 0
125225-28-7,Ipconazole,분류대상아님(EU CLP Annex VI/ECHA C&L 기준 해당 H코드 없음),분류대상아님(EU CLP Annex VI/ECHA C&L 기준 해당 H코드 없음),분류대상아님(EU CLP Annex VI/ECHA C&L 기준 해당 H코드 없음),pubchem_기타,정상,정상,PubChem CID URL 1건,pass,눈:신규[NC] vs 기존[2A;2B;Not classified](ntp_measured;sds_reported) | 피부:신규[NC] vs 기존[2B;Not classified](ntp_measured),조건부,기존 v5 라벨과 충돌 — 병합규칙 확정 필요
5234-68-4,Carboxin,분류대상아님(EU CLP Annex VI/ECHA C&L 기준 해당 H코드 없음),분류대상아님(EU CLP Annex VI/ECHA C&L 기준 해당 H코드 없음),"피부감작성 구분1 (H317, EU CLP Annex VI): H317: May cause an allergic skin reaction [Warning Sensitization, Skin]",annex_vi,정상,정상,PubChem CID URL 1건,pass,눈:신규[NC] vs 기존[2B;Not classified](ntp_measured) | 피부:신규[NC] vs 기존[2;Not classified](sds_reported),조건부,기존 v5 라벨과 충돌 — 병합규칙 확정 필요
57837-19-1,Metalaxyl,분류대상아님(EU CLP Annex VI/ECHA C&L 기준 해당 H코드 없음),분류대상아님(EU CLP Annex VI/ECHA C&L 기준 해당 H코드 없음),"피부감작성 구분1 (H317, EU CLP Annex VI): H317: May cause an allergic skin reaction [Warning Sensitization, Skin]",annex_vi,정상,정상,PubChem CID URL 1건,pass,눈:신규[NC] vs 기존[1;2A;2B;Not classified](ntp_measured;sds_reported) | 피부:신규[NC] vs 기존[2;2B;Not classified](ntp_measured;sds_reported),조건부,기존 v5 라벨과 충돌 — 병합규칙 확정 필요
243973-20-8,Pinoxaden,"구분2(눈 자극) (H319, EU CLP Annex VI): H319: Causes serious eye irritation [Warning Serious eye damage/eye irritation]","구분2(피부 자극) (H315, ECHA C&L 통보): H315 (20.8%): Causes skin irritation [Warning Skin corrosion/irritation]","피부감작성 구분1 (H317, EU CLP Annex VI): H317: May cause an allergic skin reaction [Warning Sensitization, Skin]",annex_vi,정상,정상,PubChem CID URL 1건,pass,눈:신규[2] vs 기존[1;2B](ntp_measured),조건부,ECHA C&L 자가신고 통보율 과반미달을 확정분류로 채택: 피부:20.8% / 기존 v5 라벨과 충돌 존재
75-09-0,Methylene Chloride,"구분2(눈 자극) (H319, ECHA C&L 통보): H319 (53.2%): Causes serious eye irritation [Warning Serious eye damage/eye irritation]","구분2(피부 자극) (H315, ECHA C&L 통보): H315 (30.4%): Causes skin irritation [Warning Skin corrosion/irritation]",분류대상아님(EU CLP Annex VI/ECHA C&L 기준 해당 H코드 없음),echa_cl,정상,정상,PubChem CID URL 1건,fail,없음,조건부,ECHA C&L 자가신고 통보율 과반미달을 확정분류로 채택: 피부:30.4% / CAS 체크디지트 실패 / 메모상 정정CAS로 재조사했으나 cas 열은 무효값 그대로 — 조인키 불일치
29450-45-1,2-Ethylhexyl (4-chloro-2-methylphenoxy)acetate,분류대상아님(EU CLP Annex VI/ECHA C&L 기준 해당 H코드 없음),분류대상아님(EU CLP Annex VI/ECHA C&L 기준 해당 H코드 없음),분류대상아님(EU CLP Annex VI/ECHA C&L 기준 해당 H코드 없음),pubchem_기타,정상,정상,PubChem CID URL 1건,pass,눈:신규[NC] vs 기존[2A;2B](ntp_measured;sds_reported) | 피부:신규[NC] vs 기존[2;Not classified](sds_reported),조건부,분류대상아님이 ECHA C&L 통보 부재만에 근거 — 미시험(no data)과 음성(negative) 구분 불가 / 기존 v5 라벨과 충돌 존재
57754-85-5,Clopyralid-olamine,"구분1(심한 눈손상) (H318, ECHA C&L 통보): H318 (34.9%): Causes serious eye damage [Danger Serious eye damage/eye irritation]",분류대상아님(EU CLP Annex VI/ECHA C&L 기준 해당 H코드 없음),분류대상아님(EU CLP Annex VI/ECHA C&L 기준 해당 H코드 없음),echa_cl,정상,정상,PubChem CID URL 1건,pass,눈:신규[1] vs 기존[2A;2B](ntp_measured;sds_reported) | 피부:신규[NC] vs 기존[2;Not classified](sds_reported),조건부,ECHA C&L 자가신고 통보율 과반미달을 확정분류로 채택: 눈:34.9% / 기존 v5 라벨과 충돌 존재
81406-37-3,Fluroxypyr-meptyl,분류대상아님(EU CLP Annex VI/ECHA C&L 기준 해당 H코드 없음),분류대상아님(EU CLP Annex VI/ECHA C&L 기준 해당 H코드 없음),분류대상아님(EU CLP Annex VI/ECHA C&L 기준 해당 H코드 없음),pubchem_기타,정상,정상,PubChem CID URL 1건,pass,눈:신규[NC] vs 기존[2A;2B](ntp_measured;sds_reported) | 피부:신규[NC] vs 기존[2;2B;Not classified](ntp_measured;sds_reported),조건부,기존 v5 라벨과 충돌 — 병합규칙 확정 필요
137-20-2,Sodium -[methyloleoylamino]ethane-1-sulphonate 1,"구분1(심한 눈손상) (H318, ECHA C&L 통보): H318 (38.2%): Causes serious eye damage [Danger Serious eye damage/eye irritation]","구분2(피부 자극) (H315, ECHA C&L 통보): H315 (26.2%): Causes skin irritation [Warning Skin corrosion/irritation]",분류대상아님(EU CLP Annex VI/ECHA C&L 기준 해당 H코드 없음),echa_cl,정상,정상,PubChem CID URL 1건,pass,눈:신규[1] vs 기존[Not classified](NC) | 피부:신규[2] vs 기존[Not classified](NC),조건부,"ECHA C&L 자가신고 통보율 과반미달을 확정분류로 채택: 눈:38.2%,피부:26.2% / 기존 v5 라벨과 충돌 존재"
12069-69-1,Copper(II) carbonate basic,정보없음(PubChem에 GHS Classification 데이터 없음),정보없음(PubChem에 GHS Classification 데이터 없음),정보없음(PubChem에 GHS Classification 데이터 없음),정보없음,정상,정상,PubChem CID URL 1건,pass,없음,보류,3개 엔드포인트 전부 정보없음(PubChem 미매칭/GHS섹션 없음) — 라벨 근거 0
104-55-2,3-Phenylprop-2-enal,"구분2(눈 자극) (H319, ECHA C&L 통보): H319 (95.6%): Causes serious eye irritation [Warning Serious eye damage/eye irritation]","구분2(피부 자극) (H315, ECHA C&L 통보): H315 (98.1%): Causes skin irritation [Warning Skin corrosion/irritation]","피부감작성 구분1 (H317, EU CLP Annex VI): H317: May cause an allergic skin reaction [Warning Sensitization, Skin]",annex_vi,정상,정상,PubChem CID URL 1건,pass,눈:신규[2] vs 기존[1;2A](ntp_measured;sds_reported) | 피부:신규[2] vs 기존[1;2B](ntp_measured;sds_reported),조건부,Annex VI(법적구속) 항목 존재하나 ECHA C&L(자가신고) 값을 채택 — 출처위계 역전 가능 / 기존 v5 라벨과 충돌 존재
2758-42-1,"Dimethylamine Salt of -(2,4-Dichlorphenoxy) 23 True",정보없음(PubChem에 GHS Classification 데이터 없음),정보없음(PubChem에 GHS Classification 데이터 없음),정보없음(PubChem에 GHS Classification 데이터 없음),정보없음,정상,정상,PubChem CID URL 1건,pass,없음,보류,3개 엔드포인트 전부 정보없음(PubChem 미매칭/GHS섹션 없음) — 라벨 근거 0
422556-08-9,Pyroxsulam,분류대상아님(EU CLP Annex VI/ECHA C&L 기준 해당 H코드 없음),분류대상아님(EU CLP Annex VI/ECHA C&L 기준 해당 H코드 없음),"피부감작성 구분1 (H317, EU CLP Annex VI): H317: May cause an allergic skin reaction [Warning Sensitization, Skin]",annex_vi,정상,정상,PubChem CID URL 1건,pass,없음,채택,"EU CLP Annex VI 근거 또는 양대출처 조회완료 NC, 범주/H코드 정합, URL 정상, 체디 pass, 기존값 충돌 없음"
98967-40-9,Flumetsulam,분류대상아님(EU CLP Annex VI/ECHA C&L 기준 해당 H코드 없음),분류대상아님(EU CLP Annex VI/ECHA C&L 기준 해당 H코드 없음),분류대상아님(EU CLP Annex VI/ECHA C&L 기준 해당 H코드 없음),pubchem_기타,정상,정상,PubChem CID URL 1건,pass,눈:신규[NC] vs 기존[2B](ntp_measured),조건부,분류대상아님이 ECHA C&L 통보 부재만에 근거 — 미시험(no data)과 음성(negative) 구분 불가 / 기존 v5 라벨과 충돌 존재
7722-84-1,Hydrogen peroxide,"구분1(심한 눈손상) (H318, ECHA C&L 통보): H318 (36.9%): Causes serious eye damage [Danger Serious eye damage/eye irritation]","구분1(피부 부식/화상) (H314, EU CLP Annex VI): H314: Causes severe skin burns and eye damage [Danger Skin corrosion/irritation]",분류대상아님(EU CLP Annex VI/ECHA C&L 기준 해당 H코드 없음),annex_vi,정상,정상,PubChem CID URL 1건,pass,없음,조건부,ECHA C&L 자가신고 통보율 과반미달을 확정분류로 채택: 눈:36.9%
79-21-0,Peracetic acid,"구분1(심한 눈손상) (H318, ECHA C&L 통보): H318 (42.3%): Causes serious eye damage [Danger Serious eye damage/eye irritation]","구분1(피부 부식/화상) (H314, EU CLP Annex VI): H314: Causes severe skin burns and eye damage [Danger Skin corrosion/irritation]",분류대상아님(EU CLP Annex VI/ECHA C&L 기준 해당 H코드 없음),annex_vi,정상,정상,PubChem CID URL 1건,pass,없음,조건부,ECHA C&L 자가신고 통보율 과반미달을 확정분류로 채택: 눈:42.3%
156052-68-5,Zoxamide,분류대상아님(EU CLP Annex VI/ECHA C&L 기준 해당 H코드 없음),분류대상아님(EU CLP Annex VI/ECHA C&L 기준 해당 H코드 없음),"피부감작성 구분1 (H317, EU CLP Annex VI): H317: May cause an allergic skin reaction [Warning Sensitization, Skin]",annex_vi,정상,정상,PubChem CID URL 1건,pass,눈:신규[NC] vs 기존[2A;2B](ntp_measured;sds_reported) | 피부:신규[NC] vs 기존[2;2B;Not classified](ntp_measured;sds_reported),조건부,기존 v5 라벨과 충돌 — 병합규칙 확정 필요
131860-33-8,Azoxystrobin 50 NA NA NA NA,분류대상아님(EU CLP Annex VI/ECHA C&L 기준 해당 H코드 없음),분류대상아님(EU CLP Annex VI/ECHA C&L 기준 해당 H코드 없음),분류대상아님(EU CLP Annex VI/ECHA C&L 기준 해당 H코드 없음),pubchem_기타,정상,정상,PubChem CID URL 1건,pass,눈:신규[NC] vs 기존[2B;Not classified](ntp_measured) | 감작:신규[NC] vs 기존[1B](sens_ghs),조건부,기존 v5 라벨과 충돌 — 병합규칙 확정 필요
108-95-2,Phenol < 3 5 ppm 5 ppm NA IARC – 3,"구분1(심한 눈손상) (H318, ECHA C&L 통보): H318 (17.7%): Causes serious eye damage [Danger Serious eye damage/eye irritation]","구분1(피부 부식/화상) (H314, EU CLP Annex VI): H314: Causes severe skin burns and eye damage [Danger Skin corrosion/irritation]",분류대상아님(EU CLP Annex VI/ECHA C&L 기준 해당 H코드 없음),annex_vi,정상,정상,PubChem CID URL 1건,pass,없음,조건부,ECHA C&L 자가신고 통보율 과반미달을 확정분류로 채택: 눈:17.7%
1317-65-3,Calcium carbonate <,정보없음(PubChem CID 매칭 실패),정보없음(PubChem CID 매칭 실패),정보없음(PubChem CID 매칭 실패),정보없음,정상,정상,결측(정보없음 유형-조회실패로 인용가능 URL 없음),pass,없음,보류,3개 엔드포인트 전부 정보없음(PubChem 미매칭/GHS섹션 없음) — 라벨 근거 0
85409-22-9,Alkylbenzyl dimethyl ammonium chloride,정보없음(PubChem CID 매칭 실패),정보없음(PubChem CID 매칭 실패),정보없음(PubChem CID 매칭 실패),정보없음,정상,정상,결측(정보없음 유형-조회실패로 인용가능 URL 없음),pass,없음,보류,3개 엔드포인트 전부 정보없음(PubChem 미매칭/GHS섹션 없음) — 라벨 근거 0
111-30-8,Glutaraldehyde,"구분1(심한 눈손상) (H318, ECHA C&L 통보): H318 (18.7%): Causes serious eye damage [Danger Serious eye damage/eye irritation]","구분1(피부 부식/화상) (H314, EU CLP Annex VI): H314: Causes severe skin burns and eye damage [Danger Skin corrosion/irritation]","피부감작성 구분1 (H317, EU CLP Annex VI): H317: May cause an allergic skin reaction [Warning Sensitization, Skin]",annex_vi,정상,정상,PubChem CID URL 1건,pass,없음,조건부,ECHA C&L 자가신고 통보율 과반미달을 확정분류로 채택: 눈:18.7%
139968-49-3,Metaflumizone,분류대상아님(EU CLP Annex VI/ECHA C&L 기준 해당 H코드 없음),분류대상아님(EU CLP Annex VI/ECHA C&L 기준 해당 H코드 없음),분류대상아님(EU CLP Annex VI/ECHA C&L 기준 해당 H코드 없음),pubchem_기타,정상,정상,PubChem CID URL 1건,pass,없음,채택,"EU CLP Annex VI 근거 또는 양대출처 조회완료 NC, 범주/H코드 정합, URL 정상, 체디 pass, 기존값 충돌 없음"
141517-21-7,Trifloxystrobin,분류대상아님(EU CLP Annex VI/ECHA C&L 기준 해당 H코드 없음),분류대상아님(EU CLP Annex VI/ECHA C&L 기준 해당 H코드 없음),"피부감작성 구분1 (H317, EU CLP Annex VI): H317: May cause an allergic skin reaction [Warning Sensitization, Skin]",annex_vi,정상,정상,PubChem CID URL 1건,pass,눈:신규[NC] vs 기존[1;2A;2B;Not classified](ntp_measured;sds_reported) | 피부:신규[NC] vs 기존[2;Not classified](sds_reported),조건부,기존 v5 라벨과 충돌 — 병합규칙 확정 필요
865318-97-4,Ametoctradin,분류대상아님(EU CLP Annex VI/ECHA C&L 기준 해당 H코드 없음),분류대상아님(EU CLP Annex VI/ECHA C&L 기준 해당 H코드 없음),분류대상아님(EU CLP Annex VI/ECHA C&L 기준 해당 H코드 없음),pubchem_기타,정상,정상,PubChem CID URL 1건,pass,없음,조건부,분류대상아님이 ECHA C&L 통보 부재만에 근거 — 미시험(no data)과 음성(negative) 구분 불가
210631-68-8,Topramezone,정보없음(PubChem에 GHS Classification 데이터 없음),정보없음(PubChem에 GHS Classification 데이터 없음),정보없음(PubChem에 GHS Classification 데이터 없음),정보없음,정상,정상,PubChem CID URL 1건,pass,없음,보류,3개 엔드포인트 전부 정보없음(PubChem 미매칭/GHS섹션 없음) — 라벨 근거 0
907204-31-3,Fluxapyroxad,분류대상아님(EU CLP Annex VI/ECHA C&L 기준 해당 H코드 없음),분류대상아님(EU CLP Annex VI/ECHA C&L 기준 해당 H코드 없음),분류대상아님(EU CLP Annex VI/ECHA C&L 기준 해당 H코드 없음),pubchem_기타,정상,정상,PubChem CID URL 1건,pass,눈:신규[NC] vs 기존[1;Not classified](ntp_measured;sds_reported) | 감작:신규[NC] vs 기존[1](sens_ghs),조건부,기존 v5 라벨과 충돌 — 병합규칙 확정 필요
67701-09-1,PotassiumSaltsofFattyAcids,정보없음(PubChem CID 매칭 실패),정보없음(PubChem CID 매칭 실패),정보없음(PubChem CID 매칭 실패),정보없음,정상,정상,결측(정보없음 유형-조회실패로 인용가능 URL 없음),pass,없음,보류,3개 엔드포인트 전부 정보없음(PubChem 미매칭/GHS섹션 없음) — 라벨 근거 0
52645-53-1,Permethrin,분류대상아님(EU CLP Annex VI/ECHA C&L 기준 해당 H코드 없음),분류대상아님(EU CLP Annex VI/ECHA C&L 기준 해당 H코드 없음),"피부감작성 구분1 (H317, EU CLP Annex VI): H317: May cause an allergic skin reaction [Warning Sensitization, Skin]",annex_vi,정상,정상,PubChem CID URL 1건,pass,눈:신규[NC] vs 기존[2A;2B;Not classified](ntp_measured;sds_reported) | 피부:신규[NC] vs 기존[1;2A;2B;Not classified](ntp_measured;sds_reported),조건부,기존 v5 라벨과 충돌 — 병합규칙 확정 필요
51-03-6,Piperonyl butoxide,"구분2(눈 자극) (H319, EU CLP Annex VI): H319: Causes serious eye irritation [Warning Serious eye damage/eye irritation]",분류대상아님(EU CLP Annex VI/ECHA C&L 기준 해당 H코드 없음),분류대상아님(EU CLP Annex VI/ECHA C&L 기준 해당 H코드 없음),annex_vi,정상,정상,PubChem CID URL 1건,pass,피부:신규[NC] vs 기존[2A;2B;Not classified](ntp_measured),조건부,기존 v5 라벨과 충돌 — 병합규칙 확정 필요
68359-37-5,Cyfluthrin,분류대상아님(EU CLP Annex VI/ECHA C&L 기준 해당 H코드 없음),분류대상아님(EU CLP Annex VI/ECHA C&L 기준 해당 H코드 없음),분류대상아님(EU CLP Annex VI/ECHA C&L 기준 해당 H코드 없음),pubchem_기타,정상,정상,PubChem CID URL 1건,pass,눈:신규[NC] vs 기존[1;2A;2B](ntp_measured;sds_reported) | 피부:신규[NC] vs 기존[2B;Not classified](ntp_measured) | 감작:신규[NC] vs 기존[1](sens_ghs),조건부,기존 v5 라벨과 충돌 — 병합규칙 확정 필요
55965-84-9,reaction mass of: -chloro-2-methyl-4-isothiazolin-3-one [EC no. 247-500-7] 0.085,"구분1(심한 눈손상) (H318, EU CLP Annex VI): H318: Causes serious eye damage [Danger Serious eye damage/eye irritation]","구분1(피부 부식/화상) (H314, EU CLP Annex VI): H314: Causes severe skin burns and eye damage [Danger Skin corrosion/irritation]","피부감작성 구분1 (H317, EU CLP Annex VI): H317: May cause an allergic skin reaction [Warning Sensitization, Skin]",annex_vi,정상,정상,PubChem CID URL 1건,pass,눈:신규[1] vs 기존[2B;Not classified](ntp_measured) | 피부:신규[1] vs 기존[Not classified](NC),조건부,기존 v5 라벨과 충돌 — 병합규칙 확정 필요
5915-41-3,Terbutylazine,분류대상아님(EU CLP Annex VI/ECHA C&L 기준 해당 H코드 없음),분류대상아님(EU CLP Annex VI/ECHA C&L 기준 해당 H코드 없음),분류대상아님(EU CLP Annex VI/ECHA C&L 기준 해당 H코드 없음),pubchem_기타,정상,정상,PubChem CID URL 1건,pass,눈:신규[NC] vs 기존[2B;Not classified](ntp_measured),조건부,기존 v5 라벨과 충돌 — 병합규칙 확정 필요
13684-56-5,desmedipham (ISO); ethyl 3-phenylcarbamoyloxyphenylcarbamate 15,분류대상아님(EU CLP Annex VI/ECHA C&L 기준 해당 H코드 없음),분류대상아님(EU CLP Annex VI/ECHA C&L 기준 해당 H코드 없음),분류대상아님(EU CLP Annex VI/ECHA C&L 기준 해당 H코드 없음),pubchem_기타,정상,정상,PubChem CID URL 1건,pass,눈:신규[NC] vs 기존[2A](ntp_measured),조건부,기존 v5 라벨과 충돌 — 병합규칙 확정 필요
13684-63-4,phenmedipham (ISO); methyl 3-(3-methylcarbaniloyloxy)carbanilate 15,분류대상아님(EU CLP Annex VI/ECHA C&L 기준 해당 H코드 없음),분류대상아님(EU CLP Annex VI/ECHA C&L 기준 해당 H코드 없음),분류대상아님(EU CLP Annex VI/ECHA C&L 기준 해당 H코드 없음),pubchem_기타,정상,정상,PubChem CID URL 1건,pass,눈:신규[NC] vs 기존[2A](ntp_measured),조건부,기존 v5 라벨과 충돌 — 병합규칙 확정 필요
108-32-7,Propylene Carbonate S 5-15,"구분2(눈 자극) (H319, EU CLP Annex VI): H319: Causes serious eye irritation [Warning Serious eye damage/eye irritation]",분류대상아님(EU CLP Annex VI/ECHA C&L 기준 해당 H코드 없음),분류대상아님(EU CLP Annex VI/ECHA C&L 기준 해당 H코드 없음),annex_vi,정상,정상,PubChem CID URL 1건,pass,피부:신규[NC] vs 기존[2A;Not classified](ntp_measured),조건부,기존 v5 라벨과 충돌 — 병합규칙 확정 필요
23564-05-8,Thiophanate-methyl,분류대상아님(EU CLP Annex VI/ECHA C&L 기준 해당 H코드 없음),분류대상아님(EU CLP Annex VI/ECHA C&L 기준 해당 H코드 없음),"피부감작성 구분1 (H317, EU CLP Annex VI): H317: May cause an allergic skin reaction [Warning Sensitization, Skin]",annex_vi,정상,정상,PubChem CID URL 1건,pass,눈:신규[NC] vs 기존[2B;Not classified](ntp_measured),조건부,기존 v5 라벨과 충돌 — 병합규칙 확정 필요
119446-68-3,Difenoconazole,"구분2(눈 자극) (H319, EU CLP Annex VI): H319: Causes serious eye irritation [Warning Serious eye damage/eye irritation]",분류대상아님(EU CLP Annex VI/ECHA C&L 기준 해당 H코드 없음),분류대상아님(EU CLP Annex VI/ECHA C&L 기준 해당 H코드 없음),annex_vi,정상,정상,PubChem CID URL 1건,pass,눈:신규[2] vs 기존[1;2B;Not classified](ntp_measured;sds_reported) | 피부:신규[NC] vs 기존[2;Not classified](sds_reported) | 감작:신규[NC] vs 기존[1](sens_ghs),조건부,기존 v5 라벨과 충돌 — 병합규칙 확정 필요
1897-45-6,Chlorothalonil,"구분1(심한 눈손상) (H318, EU CLP Annex VI): H318: Causes serious eye damage [Danger Serious eye damage/eye irritation]",분류대상아님(EU CLP Annex VI/ECHA C&L 기준 해당 H코드 없음),"피부감작성 구분1 (H317, EU CLP Annex VI): H317: May cause an allergic skin reaction [Warning Sensitization, Skin]",annex_vi,정상,정상,PubChem CID URL 1건,pass,피부:신규[NC] vs 기존[2;2B;Not classified](ntp_measured;sds_reported),조건부,기존 v5 라벨과 충돌 — 병합규칙 확정 필요
116255-48-2,Bromuconazole,분류대상아님(EU CLP Annex VI/ECHA C&L 기준 해당 H코드 없음),분류대상아님(EU CLP Annex VI/ECHA C&L 기준 해당 H코드 없음),분류대상아님(EU CLP Annex VI/ECHA C&L 기준 해당 H코드 없음),pubchem_기타,정상,정상,PubChem CID URL 1건,pass,눈:신규[NC] vs 기존[2B](ntp_measured),조건부,분류대상아님이 ECHA C&L 통보 부재만에 근거 — 미시험(no data)과 음성(negative) 구분 불가 / 기존 v5 라벨과 충돌 존재
24938-91-8,Tridecyl Alcohol Ethoxylated,정보없음(PubChem에 GHS Classification 데이터 없음),정보없음(PubChem에 GHS Classification 데이터 없음),정보없음(PubChem에 GHS Classification 데이터 없음),정보없음,정상,정상,PubChem CID URL 1건,pass,없음,보류,3개 엔드포인트 전부 정보없음(PubChem 미매칭/GHS섹션 없음) — 라벨 근거 0
70528-83-5,"Benzenesulfonic Acid, Mono-C11-13-Branched Alkyl Derivs., Calcium Salts",정보없음(PubChem CID 매칭 실패),정보없음(PubChem CID 매칭 실패),정보없음(PubChem CID 매칭 실패),정보없음,정상,정상,결측(정보없음 유형-조회실패로 인용가능 URL 없음),pass,없음,보류,3개 엔드포인트 전부 정보없음(PubChem 미매칭/GHS섹션 없음) — 라벨 근거 0
6393-42-6,"2,6-Dinitro-4-methylaniline","구분2(눈 자극) (H319, ECHA C&L 통보): H319 (100%): Causes serious eye irritation [Warning Serious eye damage/eye irritation]","구분2(피부 자극) (H315, ECHA C&L 통보): H315 (100%): Causes skin irritation [Warning Skin corrosion/irritation]",분류대상아님(EU CLP Annex VI/ECHA C&L 기준 해당 H코드 없음),echa_cl,정상,정상,PubChem CID URL 1건,pass,눈:신규[2] vs 기존[1](ntp_measured),조건부,출처가 ECHA C&L 자가신고(법적구속력 없음) / 기존 v5 라벨과 충돌 존재
133-06-2,Captan,"구분1(심한 눈손상) (H318, EU CLP Annex VI): H318: Causes serious eye damage [Danger Serious eye damage/eye irritation]",분류대상아님(EU CLP Annex VI/ECHA C&L 기준 해당 H코드 없음),"피부감작성 구분1 (H317, EU CLP Annex VI): H317: May cause an allergic skin reaction [Warning Sensitization, Skin]",annex_vi,정상,정상,PubChem CID URL 1건,pass,피부:신규[NC] vs 기존[2;Not classified](sds_reported),조건부,기존 v5 라벨과 충돌 — 병합규칙 확정 필요
21087-64-9,Metribuzin (active ingredient),분류대상아님(EU CLP Annex VI/ECHA C&L 기준 해당 H코드 없음),분류대상아님(EU CLP Annex VI/ECHA C&L 기준 해당 H코드 없음),분류대상아님(EU CLP Annex VI/ECHA C&L 기준 해당 H코드 없음),pubchem_기타,정상,정상,PubChem CID URL 1건,pass,눈:신규[NC] vs 기존[2B;Not classified](ntp_measured),조건부,기존 v5 라벨과 충돌 — 병합규칙 확정 필요
1332-58-7,Kaolin 10,정보없음(PubChem CID 매칭 실패),정보없음(PubChem CID 매칭 실패),정보없음(PubChem CID 매칭 실패),정보없음,정상,정상,결측(정보없음 유형-조회실패로 인용가능 URL 없음),pass,없음,보류,3개 엔드포인트 전부 정보없음(PubChem 미매칭/GHS섹션 없음) — 라벨 근거 0
131983-72-7,Triticonazole,분류대상아님(EU CLP Annex VI/ECHA C&L 기준 해당 H코드 없음),분류대상아님(EU CLP Annex VI/ECHA C&L 기준 해당 H코드 없음),분류대상아님(EU CLP Annex VI/ECHA C&L 기준 해당 H코드 없음),pubchem_기타,정상,정상,PubChem CID URL 1건,pass,눈:신규[NC] vs 기존[2A;2B;Not classified](ntp_measured),조건부,분류대상아님이 ECHA C&L 통보 부재만에 근거 — 미시험(no data)과 음성(negative) 구분 불가 / 기존 v5 라벨과 충돌 존재
32351-70-5,Mecoprop-dimethylammonium,정보없음(PubChem에 GHS Classification 데이터 없음),정보없음(PubChem에 GHS Classification 데이터 없음),정보없음(PubChem에 GHS Classification 데이터 없음),정보없음,정상,정상,PubChem CID URL 1건,pass,없음,보류,3개 엔드포인트 전부 정보없음(PubChem 미매칭/GHS섹션 없음) — 라벨 근거 0
106-97-8,BUTANE 10.0-20.0,분류대상아님(EU CLP Annex VI/ECHA C&L 기준 해당 H코드 없음),분류대상아님(EU CLP Annex VI/ECHA C&L 기준 해당 H코드 없음),분류대상아님(EU CLP Annex VI/ECHA C&L 기준 해당 H코드 없음),pubchem_기타,정상,정상,PubChem CID URL 1건,pass,눈:신규[NC] vs 기존[2B;Not classified](ntp_measured;sds_reported),조건부,기존 v5 라벨과 충돌 — 병합규칙 확정 필요
74-98-6,PROPANE 2.5-10.0,분류대상아님(EU CLP Annex VI/ECHA C&L 기준 해당 H코드 없음),분류대상아님(EU CLP Annex VI/ECHA C&L 기준 해당 H코드 없음),분류대상아님(EU CLP Annex VI/ECHA C&L 기준 해당 H코드 없음),pubchem_기타,정상,정상,PubChem CID URL 1건,pass,눈:신규[NC] vs 기존[2B;Not classified](ntp_measured) | 피부:신규[NC] vs 기존[2A;2B;Not classified](ntp_measured),조건부,기존 v5 라벨과 충돌 — 병합규칙 확정 필요
113-48-4,N-OCTYL BICYCLOHEPTENE DICARBOXIMIDE,분류대상아님(EU CLP Annex VI/ECHA C&L 기준 해당 H코드 없음),분류대상아님(EU CLP Annex VI/ECHA C&L 기준 해당 H코드 없음),"피부감작성 구분1 (H317, ECHA C&L 통보): H317 (43.8%): May cause an allergic skin reaction [Warning Sensitization, Skin]",echa_cl,정상,정상,PubChem CID URL 1건,pass,눈:신규[NC] vs 기존[2B;Not classified](ntp_measured),조건부,ECHA C&L 자가신고 통보율 과반미달을 확정분류로 채택: 감작:43.8% / 기존 v5 라벨과 충돌 존재
82-66-6,Diphacinone,분류대상아님(EU CLP Annex VI/ECHA C&L 기준 해당 H코드 없음),분류대상아님(EU CLP Annex VI/ECHA C&L 기준 해당 H코드 없음),분류대상아님(EU CLP Annex VI/ECHA C&L 기준 해당 H코드 없음),pubchem_기타,정상,정상,PubChem CID URL 1건,pass,눈:신규[NC] vs 기존[2B](ntp_measured),조건부,기존 v5 라벨과 충돌 — 병합규칙 확정 필요
39148-24-8,Fosetyl Aluminium,정보없음(PubChem에 GHS Classification 데이터 없음),정보없음(PubChem에 GHS Classification 데이터 없음),정보없음(PubChem에 GHS Classification 데이터 없음),정보없음,정상,정상,PubChem CID URL 1건,pass,없음,보류,3개 엔드포인트 전부 정보없음(PubChem 미매칭/GHS섹션 없음) — 라벨 근거 0
20427-59-2,Copper(II) hydroxide,"구분1(심한 눈손상) (H318, EU CLP Annex VI): H318: Causes serious eye damage [Danger Serious eye damage/eye irritation]",분류대상아님(EU CLP Annex VI/ECHA C&L 기준 해당 H코드 없음),분류대상아님(EU CLP Annex VI/ECHA C&L 기준 해당 H코드 없음),annex_vi,정상,정상,PubChem CID URL 1건,pass,눈:신규[1] vs 기존[2B](ntp_measured),조건부,기존 v5 라벨과 충돌 — 병합규칙 확정 필요
94361-06-5,Cyproconazole,분류대상아님(EU CLP Annex VI/ECHA C&L 기준 해당 H코드 없음),분류대상아님(EU CLP Annex VI/ECHA C&L 기준 해당 H코드 없음),분류대상아님(EU CLP Annex VI/ECHA C&L 기준 해당 H코드 없음),pubchem_기타,정상,정상,PubChem CID URL 1건,pass,눈:신규[NC] vs 기존[2B](ntp_measured),조건부,기존 v5 라벨과 충돌 — 병합규칙 확정 필요
71751-41-2,Abamectin,분류대상아님(EU CLP Annex VI/ECHA C&L 기준 해당 H코드 없음),"구분1(피부 부식/화상) (H314, ECHA C&L 통보): H314 (100%): Causes severe skin burns and eye damage [Danger Skin corrosion/irritation]","피부감작성 구분1 (H317, ECHA C&L 통보): H317 (100%): May cause an allergic skin reaction [Warning Sensitization, Skin]",echa_cl,정상,정상,PubChem CID URL 1건,pass,눈:신규[NC] vs 기존[2B;Not classified](ntp_measured;sds_reported) | 피부:신규[1] vs 기존[Not classified](NC),조건부,Annex VI(법적구속) 항목 존재하나 ECHA C&L(자가신고) 값을 채택 — 출처위계 역전 가능 / 기존 v5 라벨과 충돌 존재
122008-85-9,Cyhalofop-butyl,분류대상아님(EU CLP Annex VI/ECHA C&L 기준 해당 H코드 없음),분류대상아님(EU CLP Annex VI/ECHA C&L 기준 해당 H코드 없음),분류대상아님(EU CLP Annex VI/ECHA C&L 기준 해당 H코드 없음),pubchem_기타,정상,정상,PubChem CID URL 1건,pass,눈:신규[NC] vs 기존[2A;Not classified](ntp_measured;sds_reported) | 피부:신규[NC] vs 기존[2;2B;Not classified](ntp_measured;sds_reported) | 감작:신규[NC] vs 기존[1](sens_ghs),조건부,분류대상아님이 ECHA C&L 통보 부재만에 근거 — 미시험(no data)과 음성(negative) 구분 불가 / 기존 v5 라벨과 충돌 존재
101200-48-0,Tribenuron-methyl,"구분2(눈 자극) (H319, ECHA C&L 통보): H319 (27.7%): Causes serious eye irritation [Warning Serious eye damage/eye irritation]",분류대상아님(EU CLP Annex VI/ECHA C&L 기준 해당 H코드 없음),"피부감작성 구분1 (H317, EU CLP Annex VI): H317: May cause an allergic skin reaction [Warning Sensitization, Skin]",annex_vi,정상,정상,PubChem CID URL 1건,pass,없음,조건부,ECHA C&L 자가신고 통보율 과반미달을 확정분류로 채택: 눈:27.7%
56-72-4,Coumaphos,분류대상아님(EU CLP Annex VI/ECHA C&L 기준 해당 H코드 없음),분류대상아님(EU CLP Annex VI/ECHA C&L 기준 해당 H코드 없음),분류대상아님(EU CLP Annex VI/ECHA C&L 기준 해당 H코드 없음),pubchem_기타,정상,정상,PubChem CID URL 1건,pass,눈:신규[NC] vs 기존[1;2B](ntp_measured),조건부,기존 v5 라벨과 충돌 — 병합규칙 확정 필요
68477-31-6,Catalytic reformer petroleum,정보없음(PubChem CID 매칭 실패),정보없음(PubChem CID 매칭 실패),정보없음(PubChem CID 매칭 실패),정보없음,정상,정상,결측(정보없음 유형-조회실패로 인용가능 URL 없음),pass,없음,보류,3개 엔드포인트 전부 정보없음(PubChem 미매칭/GHS섹션 없음) — 라벨 근거 0
131341-86-1,Fludioxonil,분류대상아님(EU CLP Annex VI/ECHA C&L 기준 해당 H코드 없음),분류대상아님(EU CLP Annex VI/ECHA C&L 기준 해당 H코드 없음),분류대상아님(EU CLP Annex VI/ECHA C&L 기준 해당 H코드 없음),pubchem_기타,정상,정상,PubChem CID URL 1건,pass,눈:신규[NC] vs 기존[1;2B;Not classified](ntp_measured;sds_reported) | 피부:신규[NC] vs 기존[2;Not classified](sds_reported) | 감작:신규[NC] vs 기존[1B](sens_ghs),조건부,기존 v5 라벨과 충돌 — 병합규칙 확정 필요
70630-17-0,Metalaxyl-M,"구분1(심한 눈손상) (H318, EU CLP Annex VI): H318: Causes serious eye damage [Danger Serious eye damage/eye irritation]",분류대상아님(EU CLP Annex VI/ECHA C&L 기준 해당 H코드 없음),분류대상아님(EU CLP Annex VI/ECHA C&L 기준 해당 H코드 없음),annex_vi,정상,정상,PubChem CID URL 1건,pass,감작:신규[NC] vs 기존[1B](sens_ghs),조건부,기존 v5 라벨과 충돌 — 병합규칙 확정 필요
10049-04-4,Chlorine dioxide,"구분1(심한 눈손상) (H318, ECHA C&L 통보): H318 (46.3%): Causes serious eye damage [Danger Serious eye damage/eye irritation]","구분1(피부 부식/화상) (H314, EU CLP Annex VI): H314: Causes severe skin burns and eye damage [Danger Skin corrosion/irritation]",분류대상아님(EU CLP Annex VI/ECHA C&L 기준 해당 H코드 없음),annex_vi,정상,정상,PubChem CID URL 1건,pass,눈:신규[1] vs 기존[2A](ntp_measured) | 피부:신규[1] vs 기존[2A](ntp_measured),조건부,ECHA C&L 자가신고 통보율 과반미달을 확정분류로 채택: 눈:46.3% / 기존 v5 라벨과 충돌 존재
65195-55-3,Avermectin B1a,분류대상아님(EU CLP Annex VI/ECHA C&L 기준 해당 H코드 없음),분류대상아님(EU CLP Annex VI/ECHA C&L 기준 해당 H코드 없음),분류대상아님(EU CLP Annex VI/ECHA C&L 기준 해당 H코드 없음),pubchem_기타,정상,정상,PubChem CID URL 1건,pass,없음,채택,"EU CLP Annex VI 근거 또는 양대출처 조회완료 NC, 범주/H코드 정합, URL 정상, 체디 pass, 기존값 충돌 없음"
120116-88-3,"Cyazofamid 4-chloro-2-cyano-N,N-dimethyl-5-p-tolylimidazole-1-sulfonamide",분류대상아님(EU CLP Annex VI/ECHA C&L 기준 해당 H코드 없음),분류대상아님(EU CLP Annex VI/ECHA C&L 기준 해당 H코드 없음),분류대상아님(EU CLP Annex VI/ECHA C&L 기준 해당 H코드 없음),pubchem_기타,정상,정상,PubChem CID URL 1건,pass,없음,채택,"EU CLP Annex VI 근거 또는 양대출처 조회완료 NC, 범주/H코드 정합, URL 정상, 체디 pass, 기존값 충돌 없음"
180409-60-3,Cyflufenamid,분류대상아님(EU CLP Annex VI/ECHA C&L 기준 해당 H코드 없음),분류대상아님(EU CLP Annex VI/ECHA C&L 기준 해당 H코드 없음),분류대상아님(EU CLP Annex VI/ECHA C&L 기준 해당 H코드 없음),pubchem_기타,정상,정상,PubChem CID URL 1건,pass,눈:신규[NC] vs 기존[1;2B](ntp_measured;sds_reported) | 피부:신규[NC] vs 기존[2;Not classified](sds_reported) | 감작:신규[NC] vs 기존[1](sens_ghs),조건부,분류대상아님이 ECHA C&L 통보 부재만에 근거 — 미시험(no data)과 음성(negative) 구분 불가 / 기존 v5 라벨과 충돌 존재
68085-85-8,alpha-Cyhalothrin,"구분2(눈 자극) (H319, ECHA C&L 통보): H319 (58.6%): Causes serious eye irritation [Warning Serious eye damage/eye irritation]","구분2(피부 자극) (H315, ECHA C&L 통보): H315 (57.1%): Causes skin irritation [Warning Skin corrosion/irritation]","피부감작성 구분1 (H317, ECHA C&L 통보): H317 (95.7%): May cause an allergic skin reaction [Warning Sensitization, Skin]",echa_cl,정상,정상,PubChem CID URL 1건,pass,눈:신규[2] vs 기존[1](ntp_measured),조건부,출처가 ECHA C&L 자가신고(법적구속력 없음) / 기존 v5 라벨과 충돌 존재
57966-95-7,Cymoxanil,분류대상아님(EU CLP Annex VI/ECHA C&L 기준 해당 H코드 없음),분류대상아님(EU CLP Annex VI/ECHA C&L 기준 해당 H코드 없음),"피부감작성 구분1 (H317, EU CLP Annex VI): H317: May cause an allergic skin reaction [Warning Sensitization, Skin]",annex_vi,정상,정상,PubChem CID URL 1건,pass,눈:신규[NC] vs 기존[2B](ntp_measured),조건부,기존 v5 라벨과 충돌 — 병합규칙 확정 필요
65195-56-4,Avermectin B1b,분류대상아님(EU CLP Annex VI/ECHA C&L 기준 해당 H코드 없음),분류대상아님(EU CLP Annex VI/ECHA C&L 기준 해당 H코드 없음),분류대상아님(EU CLP Annex VI/ECHA C&L 기준 해당 H코드 없음),pubchem_기타,정상,정상,PubChem CID URL 1건,pass,눈:신규[NC] vs 기존[2B;Not classified](sds_reported),조건부,분류대상아님이 ECHA C&L 통보 부재만에 근거 — 미시험(no data)과 음성(negative) 구분 불가 / 기존 v5 라벨과 충돌 존재
104206-82-8,"Mesotrione 2-[4-(methylsulfonyl)-2-nitrobenzoyl]-1,3-cyclohexanedione",분류대상아님(EU CLP Annex VI/ECHA C&L 기준 해당 H코드 없음),분류대상아님(EU CLP Annex VI/ECHA C&L 기준 해당 H코드 없음),분류대상아님(EU CLP Annex VI/ECHA C&L 기준 해당 H코드 없음),pubchem_기타,정상,정상,PubChem CID URL 1건,pass,눈:신규[NC] vs 기존[2B;Not classified](ntp_measured) | 피부:신규[NC] vs 기존[2;2B;Not classified](ntp_measured;sds_reported) | 감작:신규[NC] vs 기존[1;1B](sens_ghs),조건부,기존 v5 라벨과 충돌 — 병합규칙 확정 필요
137-26-8,Bis(dimethylaminothiocarbonyl) disulfide,"구분2(눈 자극) (H319, EU CLP Annex VI): H319: Causes serious eye irritation [Warning Serious eye damage/eye irritation]","구분2(피부 자극) (H315, EU CLP Annex VI): H315: Causes skin irritation [Warning Skin corrosion/irritation]","피부감작성 구분1 (H317, EU CLP Annex VI): H317: May cause an allergic skin reaction [Warning Sensitization, Skin]",annex_vi,정상,정상,PubChem CID URL 1건,pass,없음,채택,"EU CLP Annex VI 근거 또는 양대출처 조회완료 NC, 범주/H코드 정합, URL 정상, 체디 pass, 기존값 충돌 없음"
28159-98-0,Cybutryne,분류대상아님(EU CLP Annex VI/ECHA C&L 기준 해당 H코드 없음),분류대상아님(EU CLP Annex VI/ECHA C&L 기준 해당 H코드 없음),"피부감작성 구분1 (H317, ECHA C&L 통보): H317 (96.8%): May cause an allergic skin reaction [Warning Sensitization, Skin]",echa_cl,정상,정상,PubChem CID URL 1건,pass,눈:신규[NC] vs 기존[2A](ntp_measured;sds_reported) | 피부:신규[NC] vs 기존[2;2B](ntp_measured;sds_reported),조건부,출처가 ECHA C&L 자가신고(법적구속력 없음) / 기존 v5 라벨과 충돌 존재
15299-99-7,Napropamide,"구분2(눈 자극) (H319, ECHA C&L 통보): H319 (83.3%): Causes serious eye irritation [Warning Serious eye damage/eye irritation]",분류대상아님(EU CLP Annex VI/ECHA C&L 기준 해당 H코드 없음),분류대상아님(EU CLP Annex VI/ECHA C&L 기준 해당 H코드 없음),echa_cl,정상,정상,PubChem CID URL 1건,pass,눈:신규[2] vs 기존[Not classified](NC),조건부,출처가 ECHA C&L 자가신고(법적구속력 없음) / 기존 v5 라벨과 충돌 존재
15165-67-0,Dichlorprop-P,"구분1(심한 눈손상) (H318, EU CLP Annex VI): H318: Causes serious eye damage [Danger Serious eye damage/eye irritation]","구분2(피부 자극) (H315, EU CLP Annex VI): H315: Causes skin irritation [Warning Skin corrosion/irritation]","피부감작성 구분1 (H317, EU CLP Annex VI): H317: May cause an allergic skin reaction [Warning Sensitization, Skin]",annex_vi,정상,정상,PubChem CID URL 1건,pass,피부:신규[2] vs 기존[Not classified](NC),조건부,기존 v5 라벨과 충돌 — 병합규칙 확정 필요
60-51-5,Dimethoate not listed,분류대상아님(EU CLP Annex VI/ECHA C&L 기준 해당 H코드 없음),분류대상아님(EU CLP Annex VI/ECHA C&L 기준 해당 H코드 없음),분류대상아님(EU CLP Annex VI/ECHA C&L 기준 해당 H코드 없음),pubchem_기타,정상,정상,PubChem CID URL 1건,pass,눈:신규[NC] vs 기존[2A](ntp_measured),조건부,기존 v5 라벨과 충돌 — 병합규칙 확정 필요
108-94-1,Cyclohexanone,"구분1(심한 눈손상) (H318, ECHA C&L 통보): H318 (31.6%): Causes serious eye damage [Danger Serious eye damage/eye irritation]","구분2(피부 자극) (H315, ECHA C&L 통보): H315 (17.9%): Causes skin irritation [Warning Skin corrosion/irritation]",분류대상아님(EU CLP Annex VI/ECHA C&L 기준 해당 H코드 없음),echa_cl,정상,정상,PubChem CID URL 1건,pass,눈:신규[1] vs 기존[2A](ntp_measured) | 피부:신규[2] vs 기존[Not classified](NC),조건부,"ECHA C&L 자가신고 통보율 과반미달을 확정분류로 채택: 눈:31.6%,피부:17.9% / 기존 v5 라벨과 충돌 존재"
361377-29-9,Fluoxastrobin,분류대상아님(EU CLP Annex VI/ECHA C&L 기준 해당 H코드 없음),분류대상아님(EU CLP Annex VI/ECHA C&L 기준 해당 H코드 없음),"피부감작성 구분1 (H317, ECHA C&L 통보): H317 (96.5%): May cause an allergic skin reaction [Warning Sensitization, Skin]",echa_cl,정상,정상,PubChem CID URL 1건,pass,눈:신규[NC] vs 기존[2B](ntp_measured;sds_reported),조건부,출처가 ECHA C&L 자가신고(법적구속력 없음) / 기존 v5 라벨과 충돌 존재
112281-77-3,Tetraconazole,분류대상아님(EU CLP Annex VI/ECHA C&L 기준 해당 H코드 없음),분류대상아님(EU CLP Annex VI/ECHA C&L 기준 해당 H코드 없음),분류대상아님(EU CLP Annex VI/ECHA C&L 기준 해당 H코드 없음),pubchem_기타,정상,정상,PubChem CID URL 1건,pass,눈:신규[NC] vs 기존[2B](ntp_measured),조건부,기존 v5 라벨과 충돌 — 병합규칙 확정 필요
29232-93-7,Pirimiphos Methyl,"구분2(눈 자극) (H319, ECHA C&L 통보): H319 (29.9%): Causes serious eye irritation [Warning Serious eye damage/eye irritation]","구분2(피부 자극) (H315, ECHA C&L 통보): H315 (29.9%): Causes skin irritation [Warning Skin corrosion/irritation]",분류대상아님(EU CLP Annex VI/ECHA C&L 기준 해당 H코드 없음),echa_cl,정상,정상,PubChem CID URL 1건,pass,눈:신규[2] vs 기존[Not classified](NC) | 피부:신규[2] vs 기존[Not classified](NC),조건부,"ECHA C&L 자가신고 통보율 과반미달을 확정분류로 채택: 눈:29.9%,피부:29.9% / 기존 v5 라벨과 충돌 존재"
117-81-7,Di(-ethylhexyl)phthalate (DEHP,분류대상아님(EU CLP Annex VI/ECHA C&L 기준 해당 H코드 없음),분류대상아님(EU CLP Annex VI/ECHA C&L 기준 해당 H코드 없음),분류대상아님(EU CLP Annex VI/ECHA C&L 기준 해당 H코드 없음),pubchem_기타,정상,정상,PubChem CID URL 1건,pass,없음,채택,"EU CLP Annex VI 근거 또는 양대출처 조회완료 NC, 범주/H코드 정합, URL 정상, 체디 pass, 기존값 충돌 없음"
146659-78-1,Polyoxorim-zinc,정보없음(PubChem에 GHS Classification 데이터 없음),정보없음(PubChem에 GHS Classification 데이터 없음),정보없음(PubChem에 GHS Classification 데이터 없음),정보없음,정상,정상,PubChem CID URL 1건,pass,없음,보류,3개 엔드포인트 전부 정보없음(PubChem 미매칭/GHS섹션 없음) — 라벨 근거 0
52-68-6,A straight insect control product for general turf use. Contains Dylox at,분류대상아님(EU CLP Annex VI/ECHA C&L 기준 해당 H코드 없음),분류대상아님(EU CLP Annex VI/ECHA C&L 기준 해당 H코드 없음),"피부감작성 구분1 (H317, EU CLP Annex VI): H317: May cause an allergic skin reaction [Warning Sensitization, Skin]",annex_vi,정상,정상,PubChem CID URL 1건,pass,눈:신규[NC] vs 기존[2B](ntp_measured),조건부,기존 v5 라벨과 충돌 — 병합규칙 확정 필요
88671-89-0,Myclobutanil,"구분2(눈 자극) (H319, EU CLP Annex VI): H319: Causes serious eye irritation [Warning Serious eye damage/eye irritation]",분류대상아님(EU CLP Annex VI/ECHA C&L 기준 해당 H코드 없음),분류대상아님(EU CLP Annex VI/ECHA C&L 기준 해당 H코드 없음),annex_vi,정상,정상,PubChem CID URL 1건,pass,눈:신규[2] vs 기존[Not classified](NC) | 감작:신규[NC] vs 기존[1B](sens_ghs),조건부,기존 v5 라벨과 충돌 — 병합규칙 확정 필요
128639-02-1,Carfentrazone-ethyl,분류대상아님(EU CLP Annex VI/ECHA C&L 기준 해당 H코드 없음),분류대상아님(EU CLP Annex VI/ECHA C&L 기준 해당 H코드 없음),분류대상아님(EU CLP Annex VI/ECHA C&L 기준 해당 H코드 없음),pubchem_기타,정상,정상,PubChem CID URL 1건,pass,눈:신규[NC] vs 기존[2A;2B;Not classified](ntp_measured) | 피부:신규[NC] vs 기존[2B;Not classified](ntp_measured),조건부,기존 v5 라벨과 충돌 — 병합규칙 확정 필요
16484-77-8,(R)-2-(4-Chloro-2-methylphenoxy)propionate,"구분1(심한 눈손상) (H318, EU CLP Annex VI): H318: Causes serious eye damage [Danger Serious eye damage/eye irritation]",분류대상아님(EU CLP Annex VI/ECHA C&L 기준 해당 H코드 없음),분류대상아님(EU CLP Annex VI/ECHA C&L 기준 해당 H코드 없음),annex_vi,정상,정상,PubChem CID URL 1건,pass,피부:신규[NC] vs 기존[2B;Not classified](ntp_measured),조건부,기존 v5 라벨과 충돌 — 병합규칙 확정 필요
1918-00-9,Dicamba,"구분1(심한 눈손상) (H318, EU CLP Annex VI): H318: Causes serious eye damage [Danger Serious eye damage/eye irritation]",분류대상아님(EU CLP Annex VI/ECHA C&L 기준 해당 H코드 없음),분류대상아님(EU CLP Annex VI/ECHA C&L 기준 해당 H코드 없음),annex_vi,정상,정상,PubChem CID URL 1건,pass,눈:신규[1] vs 기존[2A;2B;Not classified](ntp_measured;sds_reported),조건부,기존 v5 라벨과 충돌 — 병합규칙 확정 필요
122836-35-5,Sulfentrazone,"구분2(눈 자극) (H319, ECHA C&L 통보): H319 (40.6%): Causes serious eye irritation [Warning Serious eye damage/eye irritation]",분류대상아님(EU CLP Annex VI/ECHA C&L 기준 해당 H코드 없음),분류대상아님(EU CLP Annex VI/ECHA C&L 기준 해당 H코드 없음),echa_cl,정상,정상,PubChem CID URL 1건,pass,눈:신규[2] vs 기존[1;2A;Not classified](ntp_measured;sds_reported),조건부,ECHA C&L 자가신고 통보율 과반미달을 확정분류로 채택: 눈:40.6% / 기존 v5 라벨과 충돌 존재
219714-96-2,Penoxsulam,분류대상아님(EU CLP Annex VI/ECHA C&L 기준 해당 H코드 없음),분류대상아님(EU CLP Annex VI/ECHA C&L 기준 해당 H코드 없음),분류대상아님(EU CLP Annex VI/ECHA C&L 기준 해당 H코드 없음),pubchem_기타,정상,정상,PubChem CID URL 1건,pass,눈:신규[NC] vs 기존[1;2A;2B;Not classified](ntp_measured;sds_reported) | 피부:신규[NC] vs 기존[2;2B;3;Not classified](ntp_measured;sds_reported) | 감작:신규[NC] vs 기존[1](sens_ghs),조건부,분류대상아님이 ECHA C&L 통보 부재만에 근거 — 미시험(no data)과 음성(negative) 구분 불가 / 기존 v5 라벨과 충돌 존재
91078-64-7,"Naphthalenesulfonic acids, >= 1.0",정보없음(PubChem CID 매칭 실패),정보없음(PubChem CID 매칭 실패),정보없음(PubChem CID 매칭 실패),정보없음,정상,정상,결측(정보없음 유형-조회실패로 인용가능 URL 없음),pass,없음,보류,3개 엔드포인트 전부 정보없음(PubChem 미매칭/GHS섹션 없음) — 라벨 근거 0
105859-97-0,"Lignin, Alkali, Reaction Products >= 1.0",정보없음(PubChem CID 매칭 실패),정보없음(PubChem CID 매칭 실패),정보없음(PubChem CID 매칭 실패),정보없음,정상,정상,결측(정보없음 유형-조회실패로 인용가능 URL 없음),pass,없음,보류,3개 엔드포인트 전부 정보없음(PubChem 미매칭/GHS섹션 없음) — 라벨 근거 0
155569-91-8,Emamectin benzoate,"구분1(심한 눈손상) (H318, EU CLP Annex VI): H318: Causes serious eye damage [Danger Serious eye damage/eye irritation]",분류대상아님(EU CLP Annex VI/ECHA C&L 기준 해당 H코드 없음),분류대상아님(EU CLP Annex VI/ECHA C&L 기준 해당 H코드 없음),annex_vi,정상,정상,PubChem CID URL 1건,pass,눈:신규[1] vs 기존[2A;2B](ntp_measured),조건부,기존 v5 라벨과 충돌 — 병합규칙 확정 필요
36734-19-7,Iprodione,분류대상아님(EU CLP Annex VI/ECHA C&L 기준 해당 H코드 없음),분류대상아님(EU CLP Annex VI/ECHA C&L 기준 해당 H코드 없음),분류대상아님(EU CLP Annex VI/ECHA C&L 기준 해당 H코드 없음),pubchem_기타,정상,정상,PubChem CID URL 1건,pass,눈:신규[NC] vs 기존[2A;2B;Not classified](ntp_measured),조건부,기존 v5 라벨과 충돌 — 병합규칙 확정 필요
16672-87-0,2-Cloroethylphosphonic acid,"구분1(심한 눈손상) (H318, ECHA C&L 통보): H318 (66.2%): Causes serious eye damage [Danger Serious eye damage/eye irritation]","구분1(피부 부식/화상) (H314, EU CLP Annex VI): H314: Causes severe skin burns and eye damage [Danger Skin corrosion/irritation]",분류대상아님(EU CLP Annex VI/ECHA C&L 기준 해당 H코드 없음),annex_vi,정상,정상,PubChem CID URL 1건,pass,피부:신규[1] vs 기존[2B](ntp_measured),조건부,Annex VI(법적구속) 항목 존재하나 ECHA C&L(자가신고) 값을 채택 — 출처위계 역전 가능 / 기존 v5 라벨과 충돌 존재
30560-19-1,Acephate,분류대상아님(EU CLP Annex VI/ECHA C&L 기준 해당 H코드 없음),분류대상아님(EU CLP Annex VI/ECHA C&L 기준 해당 H코드 없음),분류대상아님(EU CLP Annex VI/ECHA C&L 기준 해당 H코드 없음),pubchem_기타,정상,정상,PubChem CID URL 1건,pass,눈:신규[NC] vs 기존[2B;Not classified](ntp_measured) | 감작:신규[NC] vs 기존[1B](sens_ghs),조건부,기존 v5 라벨과 충돌 — 병합규칙 확정 필요
13194-48-4,Ethoprop,분류대상아님(EU CLP Annex VI/ECHA C&L 기준 해당 H코드 없음),분류대상아님(EU CLP Annex VI/ECHA C&L 기준 해당 H코드 없음),"피부감작성 구분1 (H317, EU CLP Annex VI): H317: May cause an allergic skin reaction [Warning Sensitization, Skin]",annex_vi,정상,정상,PubChem CID URL 1건,pass,없음,채택,"EU CLP Annex VI 근거 또는 양대출처 조회완료 NC, 범주/H코드 정합, URL 정상, 체디 pass, 기존값 충돌 없음"
7757-82-6,Sodium sulfate max. NA,분류대상아님(EU CLP Annex VI/ECHA C&L 기준 해당 H코드 없음),분류대상아님(EU CLP Annex VI/ECHA C&L 기준 해당 H코드 없음),분류대상아님(EU CLP Annex VI/ECHA C&L 기준 해당 H코드 없음),pubchem_기타,정상,정상,PubChem CID URL 1건,pass,눈:신규[NC] vs 기존[2B](ntp_measured) | 감작:신규[NC] vs 기존[1B](sens_ghs),조건부,분류대상아님이 ECHA C&L 통보 부재만에 근거 — 미시험(no data)과 음성(negative) 구분 불가 / 기존 v5 라벨과 충돌 존재
26361-40-5,Ethylene diamine alkoxylate max. NE,"정보없음(CAS 미등재, 정정불가로 확정)","정보없음(CAS 미등재, 정정불가로 확정)","정보없음(CAS 미등재, 정정불가로 확정)",정보없음,정상,정상,결측(정보없음 유형-조회실패로 인용가능 URL 없음),fail,없음,보류,3개 엔드포인트 전부 정보없음(PubChem 미매칭/GHS섹션 없음) — 라벨 근거 0 / CAS 체크디지트 실패
9003-39-8,Polyvinylpyrrolidone max NA,정보없음(PubChem CID 매칭 실패),정보없음(PubChem CID 매칭 실패),정보없음(PubChem CID 매칭 실패),정보없음,정상,정상,결측(정보없음 유형-조회실패로 인용가능 URL 없음),pass,없음,보류,3개 엔드포인트 전부 정보없음(PubChem 미매칭/GHS섹션 없음) — 라벨 근거 0
7786-80-3,"1,2,3,6-Tetrahydro-N-octyl-3,6-methanophthalimide",분류대상아님(EU CLP Annex VI/ECHA C&L 기준 해당 H코드 없음),분류대상아님(EU CLP Annex VI/ECHA C&L 기준 해당 H코드 없음),분류대상아님(EU CLP Annex VI/ECHA C&L 기준 해당 H코드 없음),pubchem_기타,정상,정상,PubChem CID URL 1건,pass,눈:신규[NC] vs 기존[2B](ntp_measured) | 피부:신규[NC] vs 기존[2B](ntp_measured),조건부,분류대상아님이 ECHA C&L 통보 부재만에 근거 — 미시험(no data)과 음성(negative) 구분 불가 / 기존 v5 라벨과 충돌 존재
10605-21-7,Carbendazim,분류대상아님(EU CLP Annex VI/ECHA C&L 기준 해당 H코드 없음),분류대상아님(EU CLP Annex VI/ECHA C&L 기준 해당 H코드 없음),"피부감작성 구분1 (H317, EU CLP Annex VI): H317: May cause an allergic skin reaction [Warning Sensitization, Skin]",annex_vi,정상,정상,PubChem CID URL 1건,pass,눈:신규[NC] vs 기존[1;2A;2B](ntp_measured;sds_reported) | 피부:신규[NC] vs 기존[1;2;2B;Not classified](ntp_measured;sds_reported),조건부,기존 v5 라벨과 충돌 — 병합규칙 확정 필요
71283-80-2,Fenoxaprop-P-ethyl,분류대상아님(EU CLP Annex VI/ECHA C&L 기준 해당 H코드 없음),분류대상아님(EU CLP Annex VI/ECHA C&L 기준 해당 H코드 없음),"피부감작성 구분1 (H317, EU CLP Annex VI): H317: May cause an allergic skin reaction [Warning Sensitization, Skin]",annex_vi,정상,정상,PubChem CID URL 1건,pass,눈:신규[NC] vs 기존[2A](ntp_measured) | 피부:신규[NC] vs 기존[2B](ntp_measured),조건부,기존 v5 라벨과 충돌 — 병합규칙 확정 필요
135590-91-9,Mefenpyr-diethyl,분류대상아님(EU CLP Annex VI/ECHA C&L 기준 해당 H코드 없음),분류대상아님(EU CLP Annex VI/ECHA C&L 기준 해당 H코드 없음),분류대상아님(EU CLP Annex VI/ECHA C&L 기준 해당 H코드 없음),pubchem_기타,정상,정상,PubChem CID URL 1건,pass,눈:신규[NC] vs 기존[2A](ntp_measured) | 피부:신규[NC] vs 기존[2B](ntp_measured),조건부,분류대상아님이 ECHA C&L 통보 부재만에 근거 — 미시험(no data)과 음성(negative) 구분 불가 / 기존 v5 라벨과 충돌 존재
78330-21-9,Ethoxy (7) tridecanol,정보없음(PubChem CID 매칭 실패),정보없음(PubChem CID 매칭 실패),정보없음(PubChem CID 매칭 실패),정보없음,정상,정상,결측(정보없음 유형-조회실패로 인용가능 URL 없음),pass,없음,보류,3개 엔드포인트 전부 정보없음(PubChem 미매칭/GHS섹션 없음) — 라벨 근거 0
149253-65-6,"({2-Chloro-4-fluoro-5-[(3-oxotetrahydro-1H,3H-[1,3,4]thiadiazolo[3,4-a]pyridazin-1-ylidene)amino]phenyl}sulfanyl)acetic acid",정보없음(PubChem에 GHS Classification 데이터 없음),정보없음(PubChem에 GHS Classification 데이터 없음),정보없음(PubChem에 GHS Classification 데이터 없음),정보없음,정상,정상,PubChem CID URL 1건,pass,없음,보류,3개 엔드포인트 전부 정보없음(PubChem 미매칭/GHS섹션 없음) — 라벨 근거 0
91-57-6,2-Methylnaphthalene,분류대상아님(EU CLP Annex VI/ECHA C&L 기준 해당 H코드 없음),분류대상아님(EU CLP Annex VI/ECHA C&L 기준 해당 H코드 없음),분류대상아님(EU CLP Annex VI/ECHA C&L 기준 해당 H코드 없음),pubchem_기타,정상,정상,PubChem CID URL 1건,pass,눈:신규[NC] vs 기존[2B](ntp_measured),조건부,분류대상아님이 ECHA C&L 통보 부재만에 근거 — 미시험(no data)과 음성(negative) 구분 불가 / 기존 v5 라벨과 충돌 존재
90-12-0,1-Methylnaphthalene,"구분2(눈 자극) (H319, ECHA C&L 통보): H319 (100%): Causes serious eye irritation [Warning Serious eye damage/eye irritation]",분류대상아님(EU CLP Annex VI/ECHA C&L 기준 해당 H코드 없음),분류대상아님(EU CLP Annex VI/ECHA C&L 기준 해당 H코드 없음),echa_cl,정상,정상,PubChem CID URL 1건,pass,없음,조건부,출처가 ECHA C&L 자가신고(법적구속력 없음)
102851-06-9,Tau-fluvalinate (-No),분류대상아님(EU CLP Annex VI/ECHA C&L 기준 해당 H코드 없음),"구분2(피부 자극) (H315, EU CLP Annex VI): H315: Causes skin irritation [Warning Skin corrosion/irritation]",분류대상아님(EU CLP Annex VI/ECHA C&L 기준 해당 H코드 없음),annex_vi,정상,정상,PubChem CID URL 1건,pass,눈:신규[NC] vs 기존[2B;Not classified](ntp_measured),조건부,기존 v5 라벨과 충돌 — 병합규칙 확정 필요
107-21-1,Ethylene glycol (-No),분류대상아님(EU CLP Annex VI/ECHA C&L 기준 해당 H코드 없음),분류대상아님(EU CLP Annex VI/ECHA C&L 기준 해당 H코드 없음),분류대상아님(EU CLP Annex VI/ECHA C&L 기준 해당 H코드 없음),pubchem_기타,정상,정상,PubChem CID URL 1건,pass,눈:신규[NC] vs 기존[2A;2B;Not classified](ntp_measured) | 피부:신규[NC] vs 기존[2B;Not classified](ntp_measured),조건부,기존 v5 라벨과 충돌 — 병합규칙 확정 필요
57960-19-7,Acequinocyl,분류대상아님(EU CLP Annex VI/ECHA C&L 기준 해당 H코드 없음),분류대상아님(EU CLP Annex VI/ECHA C&L 기준 해당 H코드 없음),"피부감작성 구분1 (H317, EU CLP Annex VI): H317: May cause an allergic skin reaction [Warning Sensitization, Skin]",annex_vi,정상,정상,PubChem CID URL 1건,pass,없음,채택,"EU CLP Annex VI 근거 또는 양대출처 조회완료 NC, 범주/H코드 정합, URL 정상, 체디 pass, 기존값 충돌 없음"
7631-86-9,Silicon dioxide 0,"구분2(눈 자극) (H319, ECHA C&L 통보): H319 (56.3%): Causes serious eye irritation [Warning Serious eye damage/eye irritation]","구분2(피부 자극) (H315, ECHA C&L 통보): H315 (56.3%): Causes skin irritation [Warning Skin corrosion/irritation]",분류대상아님(EU CLP Annex VI/ECHA C&L 기준 해당 H코드 없음),echa_cl,정상,정상,PubChem CID URL 1건 /타CAS와 URL중복,pass,눈:신규[2] vs 기존[Not classified](NC) | 피부:신규[2] vs 기존[Not classified](NC),조건부,출처가 ECHA C&L 자가신고(법적구속력 없음) / 기존 v5 라벨과 충돌 존재
142459-58-3,Identifiers,분류대상아님(EU CLP Annex VI/ECHA C&L 기준 해당 H코드 없음),분류대상아님(EU CLP Annex VI/ECHA C&L 기준 해당 H코드 없음),"피부감작성 구분1 (H317, EU CLP Annex VI): H317: May cause an allergic skin reaction [Warning Sensitization, Skin]",annex_vi,정상,정상,PubChem CID URL 1건,pass,없음,채택,"EU CLP Annex VI 근거 또는 양대출처 조회완료 NC, 범주/H코드 정합, URL 정상, 체디 pass, 기존값 충돌 없음"
188489-07-8,Flufenpyr-ethyl,정보없음(PubChem에 GHS Classification 데이터 없음),정보없음(PubChem에 GHS Classification 데이터 없음),정보없음(PubChem에 GHS Classification 데이터 없음),정보없음,정상,정상,PubChem CID URL 1건,pass,없음,보류,3개 엔드포인트 전부 정보없음(PubChem 미매칭/GHS섹션 없음) — 라벨 근거 0
69770-45-2,Flumethrin,"구분2(눈 자극) (H319, ECHA C&L 통보): H319 (76.2%): Causes serious eye irritation [Warning Serious eye damage/eye irritation]","구분2(피부 자극) (H315, ECHA C&L 통보): H315 (41.6%): Causes skin irritation [Warning Skin corrosion/irritation]","피부감작성 구분1 (H317, ECHA C&L 통보): H317 (41.6%): May cause an allergic skin reaction [Warning Sensitization, Skin]",echa_cl,정상,정상,PubChem CID URL 1건,pass,없음,조건부,"ECHA C&L 자가신고 통보율 과반미달을 확정분류로 채택: 피부:41.6%,감작:41.6%"
8012-95-1,Paraffin oil,정보없음(PubChem CID 매칭 실패),정보없음(PubChem CID 매칭 실패),정보없음(PubChem CID 매칭 실패),정보없음,정상,정상,결측(정보없음 유형-조회실패로 인용가능 URL 없음),pass,없음,보류,3개 엔드포인트 전부 정보없음(PubChem 미매칭/GHS섹션 없음) — 라벨 근거 0
239110-15-7,Fluopicolide,분류대상아님(EU CLP Annex VI/ECHA C&L 기준 해당 H코드 없음),분류대상아님(EU CLP Annex VI/ECHA C&L 기준 해당 H코드 없음),분류대상아님(EU CLP Annex VI/ECHA C&L 기준 해당 H코드 없음),pubchem_기타,정상,정상,PubChem CID URL 1건,pass,없음,채택,"EU CLP Annex VI 근거 또는 양대출처 조회완료 NC, 범주/H코드 정합, URL 정상, 체디 pass, 기존값 충돌 없음"
66332-96-5,Flutolanil,분류대상아님(EU CLP Annex VI/ECHA C&L 기준 해당 H코드 없음),분류대상아님(EU CLP Annex VI/ECHA C&L 기준 해당 H코드 없음),분류대상아님(EU CLP Annex VI/ECHA C&L 기준 해당 H코드 없음),pubchem_기타,정상,정상,PubChem CID URL 1건,pass,없음,조건부,분류대상아님이 ECHA C&L 통보 부재만에 근거 — 미시험(no data)과 음성(negative) 구분 불가
76674-21-0,Flutriafol,분류대상아님(EU CLP Annex VI/ECHA C&L 기준 해당 H코드 없음),분류대상아님(EU CLP Annex VI/ECHA C&L 기준 해당 H코드 없음),분류대상아님(EU CLP Annex VI/ECHA C&L 기준 해당 H코드 없음),pubchem_기타,정상,정상,PubChem CID URL 1건,pass,눈:신규[NC] vs 기존[2B](ntp_measured),조건부,분류대상아님이 ECHA C&L 통보 부재만에 근거 — 미시험(no data)과 음성(negative) 구분 불가 / 기존 v5 라벨과 충돌 존재
133-07-3,Folpet,"구분2(눈 자극) (H319, EU CLP Annex VI): H319: Causes serious eye irritation [Warning Serious eye damage/eye irritation]",분류대상아님(EU CLP Annex VI/ECHA C&L 기준 해당 H코드 없음),"피부감작성 구분1 (H317, EU CLP Annex VI): H317: May cause an allergic skin reaction [Warning Sensitization, Skin]",annex_vi,정상,정상,PubChem CID URL 1건,pass,눈:신규[2] vs 기존[1](ntp_measured) | 피부:신규[NC] vs 기존[2A](ntp_measured),조건부,기존 v5 라벨과 충돌 — 병합규칙 확정 필요
98886-44-3,fosthiazate,분류대상아님(EU CLP Annex VI/ECHA C&L 기준 해당 H코드 없음),분류대상아님(EU CLP Annex VI/ECHA C&L 기준 해당 H코드 없음),"피부감작성 구분1 (H317, EU CLP Annex VI): H317: May cause an allergic skin reaction [Warning Sensitization, Skin]",annex_vi,정상,정상,PubChem CID URL 1건,pass,눈:신규[NC] vs 기존[2A](ntp_measured) | 피부:신규[NC] vs 기존[2B](ntp_measured),조건부,기존 v5 라벨과 충돌 — 병합규칙 확정 필요
163515-14-8,Dimethenamid-P,분류대상아님(EU CLP Annex VI/ECHA C&L 기준 해당 H코드 없음),분류대상아님(EU CLP Annex VI/ECHA C&L 기준 해당 H코드 없음),"피부감작성 구분1 (H317, EU CLP Annex VI): H317: May cause an allergic skin reaction [Warning Sensitization, Skin]",annex_vi,정상,정상,PubChem CID URL 1건,pass,눈:신규[NC] vs 기존[2A;2B](ntp_measured;sds_reported),조건부,기존 v5 라벨과 충돌 — 병합규칙 확정 필요
87674-68-8,Dimethenamid,분류대상아님(EU CLP Annex VI/ECHA C&L 기준 해당 H코드 없음),분류대상아님(EU CLP Annex VI/ECHA C&L 기준 해당 H코드 없음),"피부감작성 구분1 (H317, ECHA C&L 통보): H317 (71.2%): May cause an allergic skin reaction [Warning Sensitization, Skin]",echa_cl,정상,정상,PubChem CID URL 1건,pass,눈:신규[NC] vs 기존[1;2A;2B](ntp_measured;sds_reported) | 피부:신규[NC] vs 기존[1;Not classified](ntp_measured),조건부,출처가 ECHA C&L 자가신고(법적구속력 없음) / 기존 v5 라벨과 충돌 존재
134098-61-6,Fenpyroximate,분류대상아님(EU CLP Annex VI/ECHA C&L 기준 해당 H코드 없음),분류대상아님(EU CLP Annex VI/ECHA C&L 기준 해당 H코드 없음),"피부감작성 구분1 (H317, EU CLP Annex VI): H317: May cause an allergic skin reaction [Warning Sensitization, Skin]",annex_vi,정상,정상,PubChem CID URL 1건,pass,눈:신규[NC] vs 기존[2A](ntp_measured;sds_reported),조건부,기존 v5 라벨과 충돌 — 병합규칙 확정 필요
121-75-5,malathion (ISO) [containing ≤ 0,분류대상아님(EU CLP Annex VI/ECHA C&L 기준 해당 H코드 없음),분류대상아님(EU CLP Annex VI/ECHA C&L 기준 해당 H코드 없음),"피부감작성 구분1 (H317, EU CLP Annex VI): H317: May cause an allergic skin reaction [Warning Sensitization, Skin]",annex_vi,정상,정상,PubChem CID URL 1건,pass,눈:신규[NC] vs 기존[2A;2B](ntp_measured) | 피부:신규[NC] vs 기존[2B;Not classified](ntp_measured),조건부,기존 v5 라벨과 충돌 — 병합규칙 확정 필요
88-04-0,"4-Chloro-3,5-dimethylphenol","구분2(눈 자극) (H319, EU CLP Annex VI): H319: Causes serious eye irritation [Warning Serious eye damage/eye irritation]","구분2(피부 자극) (H315, EU CLP Annex VI): H315: Causes skin irritation [Warning Skin corrosion/irritation]","피부감작성 구분1 (H317, EU CLP Annex VI): H317: May cause an allergic skin reaction [Warning Sensitization, Skin]",annex_vi,정상,정상,PubChem CID URL 1건,pass,눈:신규[2] vs 기존[1](ntp_measured) | 피부:신규[2] vs 기존[Not classified](NC),조건부,기존 v5 라벨과 충돌 — 병합규칙 확정 필요
52-51-7,Bronopol,"구분1(심한 눈손상) (H318, EU CLP Annex VI): H318: Causes serious eye damage [Danger Serious eye damage/eye irritation]","구분2(피부 자극) (H315, EU CLP Annex VI): H315: Causes skin irritation [Warning Skin corrosion/irritation]",분류대상아님(EU CLP Annex VI/ECHA C&L 기준 해당 H코드 없음),annex_vi,정상,정상,PubChem CID URL 1건,pass,피부:신규[2] vs 기존[1;2A](ntp_measured),조건부,기존 v5 라벨과 충돌 — 병합규칙 확정 필요
25036-25-3,Epoxy resin (mw 700-1000) Xi; R36/38-43,정보없음(PubChem CID 매칭 실패),정보없음(PubChem CID 매칭 실패),정보없음(PubChem CID 매칭 실패),정보없음,정상,정상,결측(정보없음 유형-조회실패로 인용가능 URL 없음),pass,없음,보류,3개 엔드포인트 전부 정보없음(PubChem 미매칭/GHS섹션 없음) — 라벨 근거 0
64742-95-6,"265-199-0 Solvent naphtha, light aromatic Xn, N; R5-1/53",정보없음(PubChem CID 매칭 실패),정보없음(PubChem CID 매칭 실패),정보없음(PubChem CID 매칭 실패),정보없음,정상,정상,결측(정보없음 유형-조회실패로 인용가능 URL 없음),pass,없음,보류,3개 엔드포인트 전부 정보없음(PubChem 미매칭/GHS섹션 없음) — 라벨 근거 0
107-98-2,203-539-1 1-Methoxy-2-propanol -; R10-67,분류대상아님(EU CLP Annex VI/ECHA C&L 기준 해당 H코드 없음),분류대상아님(EU CLP Annex VI/ECHA C&L 기준 해당 H코드 없음),분류대상아님(EU CLP Annex VI/ECHA C&L 기준 해당 H코드 없음),pubchem_기타,정상,정상,PubChem CID URL 1건,pass,눈:신규[NC] vs 기존[2B](ntp_measured),조건부,기존 v5 라벨과 충돌 — 병합규칙 확정 필요
78-83-1,201-148-0 Isobutanol Xi; R10-37/7,"구분1(심한 눈손상) (H318, EU CLP Annex VI): H318: Causes serious eye damage [Danger Serious eye damage/eye irritation]","구분2(피부 자극) (H315, EU CLP Annex VI): H315: Causes skin irritation [Warning Skin corrosion/irritation]",분류대상아님(EU CLP Annex VI/ECHA C&L 기준 해당 H코드 없음),annex_vi,정상,정상,PubChem CID URL 1건,pass,눈:신규[1] vs 기존[2B](ntp_measured) | 피부:신규[2] vs 기존[Not classified](NC),조건부,기존 v5 라벨과 충돌 — 병합규칙 확정 필요
7779-90-0,231-994-3 Zinc phosphate N; R50/53,분류대상아님(EU CLP Annex VI/ECHA C&L 기준 해당 H코드 없음),분류대상아님(EU CLP Annex VI/ECHA C&L 기준 해당 H코드 없음),분류대상아님(EU CLP Annex VI/ECHA C&L 기준 해당 H코드 없음),pubchem_기타,정상,정상,PubChem CID URL 1건,pass,눈:신규[NC] vs 기존[2B](ntp_measured),조건부,기존 v5 라벨과 충돌 — 병합규칙 확정 필요
68002-19-7,Urea formaldehyde resin -; R53,정보없음(PubChem CID 매칭 실패),정보없음(PubChem CID 매칭 실패),정보없음(PubChem CID 매칭 실패),정보없음,정상,정상,결측(정보없음 유형-조회실패로 인용가능 URL 없음),pass,없음,보류,3개 엔드포인트 전부 정보없음(PubChem 미매칭/GHS섹션 없음) — 라벨 근거 0
79277-27-3,Thifensulfuron methyl,분류대상아님(EU CLP Annex VI/ECHA C&L 기준 해당 H코드 없음),분류대상아님(EU CLP Annex VI/ECHA C&L 기준 해당 H코드 없음),분류대상아님(EU CLP Annex VI/ECHA C&L 기준 해당 H코드 없음),pubchem_기타,정상,정상,PubChem CID URL 1건,pass,눈:신규[NC] vs 기존[2A;2B](ntp_measured),조건부,기존 v5 라벨과 충돌 — 병합규칙 확정 필요
6834-92-0,SODIUM METASILICATE,"구분1(심한 눈손상) (H318, ECHA C&L 통보): H318 (61.5%): Causes serious eye damage [Danger Serious eye damage/eye irritation]","구분1(피부 부식/화상) (H314, EU CLP Annex VI): H314: Causes severe skin burns and eye damage [Danger Skin corrosion/irritation]",분류대상아님(EU CLP Annex VI/ECHA C&L 기준 해당 H코드 없음),annex_vi,정상,정상,PubChem CID URL 1건,pass,눈:신규[1] vs 기존[Not classified](NC) | 피부:신규[1] vs 기존[2A;Not classified](ntp_measured),조건부,Annex VI(법적구속) 항목 존재하나 ECHA C&L(자가신고) 값을 채택 — 출처위계 역전 가능 / 기존 v5 라벨과 충돌 존재
68551-12-2,"alcohols, c12-16, ethoxylated",정보없음(PubChem CID 매칭 실패),정보없음(PubChem CID 매칭 실패),정보없음(PubChem CID 매칭 실패),정보없음,정상,정상,결측(정보없음 유형-조회실패로 인용가능 URL 없음),pass,없음,보류,3개 엔드포인트 전부 정보없음(PubChem 미매칭/GHS섹션 없음) — 라벨 근거 0
112926-00-8,precipitated silica,"구분2(눈 자극) (H319, ECHA C&L 통보): H319 (56.3%): Causes serious eye irritation [Warning Serious eye damage/eye irritation]","구분2(피부 자극) (H315, ECHA C&L 통보): H315 (56.3%): Causes skin irritation [Warning Skin corrosion/irritation]",분류대상아님(EU CLP Annex VI/ECHA C&L 기준 해당 H코드 없음),echa_cl,정상,정상,PubChem CID URL 1건 /타CAS와 URL중복,pass,눈:신규[2] vs 기존[Not classified](NC) | 피부:신규[2] vs 기존[1;Not classified](ntp_measured),조건부,출처가 ECHA C&L 자가신고(법적구속력 없음) / 기존 v5 라벨과 충돌 존재
9004-32-4,CELLULOSE GUM,분류대상아님(EU CLP Annex VI/ECHA C&L 기준 해당 H코드 없음),분류대상아님(EU CLP Annex VI/ECHA C&L 기준 해당 H코드 없음),분류대상아님(EU CLP Annex VI/ECHA C&L 기준 해당 H코드 없음),pubchem_기타,정상,정상,PubChem CID URL 1건,pass,없음,조건부,분류대상아님이 ECHA C&L 통보 부재만에 근거 — 미시험(no data)과 음성(negative) 구분 불가
161050-58-4,Methoxyfenozide,분류대상아님(EU CLP Annex VI/ECHA C&L 기준 해당 H코드 없음),분류대상아님(EU CLP Annex VI/ECHA C&L 기준 해당 H코드 없음),분류대상아님(EU CLP Annex VI/ECHA C&L 기준 해당 H코드 없음),pubchem_기타,정상,정상,PubChem CID URL 1건,pass,없음,조건부,분류대상아님이 ECHA C&L 통보 부재만에 근거 — 미시험(no data)과 음성(negative) 구분 불가
8003-34-7,Pyrethrins,분류대상아님(EU CLP Annex VI/ECHA C&L 기준 해당 H코드 없음),분류대상아님(EU CLP Annex VI/ECHA C&L 기준 해당 H코드 없음),분류대상아님(EU CLP Annex VI/ECHA C&L 기준 해당 H코드 없음),pubchem_기타,정상,정상,PubChem CID URL 1건,pass,눈:신규[NC] vs 기존[2B;Not classified](ntp_measured) | 피부:신규[NC] vs 기존[2B;Not classified](ntp_measured),조건부,분류대상아님이 ECHA C&L 통보 부재만에 근거 — 미시험(no data)과 음성(negative) 구분 불가 / 기존 v5 라벨과 충돌 존재
9003-13-8,Butoxypolypropylene glycol,정보없음(PubChem CID 매칭 실패),정보없음(PubChem CID 매칭 실패),정보없음(PubChem CID 매칭 실패),정보없음,정상,정상,결측(정보없음 유형-조회실패로 인용가능 URL 없음),pass,없음,보류,3개 엔드포인트 전부 정보없음(PubChem 미매칭/GHS섹션 없음) — 라벨 근거 0
15630-89-4,Sodium carbonate peroxyhydrate,"구분1(심한 눈손상) (H318, ECHA C&L 통보): H318 (94.6%): Causes serious eye damage [Danger Serious eye damage/eye irritation]",분류대상아님(EU CLP Annex VI/ECHA C&L 기준 해당 H코드 없음),분류대상아님(EU CLP Annex VI/ECHA C&L 기준 해당 H코드 없음),echa_cl,정상,정상,PubChem CID URL 1건,pass,없음,조건부,출처가 ECHA C&L 자가신고(법적구속력 없음)
148-79-8,Thiabendazole,분류대상아님(EU CLP Annex VI/ECHA C&L 기준 해당 H코드 없음),분류대상아님(EU CLP Annex VI/ECHA C&L 기준 해당 H코드 없음),분류대상아님(EU CLP Annex VI/ECHA C&L 기준 해당 H코드 없음),pubchem_기타,정상,정상,PubChem CID URL 1건,pass,눈:신규[NC] vs 기존[2B;Not classified](ntp_measured) | 감작:신규[NC] vs 기존[1B](sens_ghs),조건부,기존 v5 라벨과 충돌 — 병합규칙 확정 필요
64742-56-9,"Petroleum distillates, solvent dewaxed light paraffinic",정보없음(PubChem CID 매칭 실패),정보없음(PubChem CID 매칭 실패),정보없음(PubChem CID 매칭 실패),정보없음,정상,정상,결측(정보없음 유형-조회실패로 인용가능 URL 없음),pass,없음,보류,3개 엔드포인트 전부 정보없음(PubChem 미매칭/GHS섹션 없음) — 라벨 근거 0
64742-65-0,"Petroleum distillates, solvent dewaxed heavy paraffinic",정보없음(PubChem CID 매칭 실패),정보없음(PubChem CID 매칭 실패),정보없음(PubChem CID 매칭 실패),정보없음,정상,정상,결측(정보없음 유형-조회실패로 인용가능 URL 없음),pass,없음,보류,3개 엔드포인트 전부 정보없음(PubChem 미매칭/GHS섹션 없음) — 라벨 근거 0
1315501-18-8,zeta-Cypermethrin,정보없음(PubChem에 GHS Classification 데이터 없음),정보없음(PubChem에 GHS Classification 데이터 없음),정보없음(PubChem에 GHS Classification 데이터 없음),정보없음,정상,정상,PubChem CID URL 1건,pass,없음,보류,3개 엔드포인트 전부 정보없음(PubChem 미매칭/GHS섹션 없음) — 라벨 근거 0
94-75-7,"2,4-Dichlorophenoxyacetic acid","구분1(심한 눈손상) (H318, EU CLP Annex VI): H318: Causes serious eye damage [Danger Serious eye damage/eye irritation]",분류대상아님(EU CLP Annex VI/ECHA C&L 기준 해당 H코드 없음),"피부감작성 구분1 (H317, EU CLP Annex VI): H317: May cause an allergic skin reaction [Warning Sensitization, Skin]",annex_vi,정상,정상,PubChem CID URL 1건,pass,없음,채택,"EU CLP Annex VI 근거 또는 양대출처 조회완료 NC, 범주/H코드 정합, URL 정상, 체디 pass, 기존값 충돌 없음"
55335-06-3,Triclopyr,"구분2(눈 자극) (H319, ECHA C&L 통보): H319 (59.6%): Causes serious eye irritation [Warning Serious eye damage/eye irritation]",분류대상아님(EU CLP Annex VI/ECHA C&L 기준 해당 H코드 없음),"피부감작성 구분1 (H317, ECHA C&L 통보): H317 (58.7%): May cause an allergic skin reaction [Warning Sensitization, Skin]",echa_cl,정상,정상,PubChem CID URL 1건,pass,눈:신규[2] vs 기존[1;2A](ntp_measured),조건부,출처가 ECHA C&L 자가신고(법적구속력 없음) / 기존 v5 라벨과 충돌 존재
732-11-6,phosmet(ISO) w/w,분류대상아님(EU CLP Annex VI/ECHA C&L 기준 해당 H코드 없음),분류대상아님(EU CLP Annex VI/ECHA C&L 기준 해당 H코드 없음),분류대상아님(EU CLP Annex VI/ECHA C&L 기준 해당 H코드 없음),pubchem_기타,정상,정상,PubChem CID URL 1건,pass,눈:신규[NC] vs 기존[2B](ntp_measured;sds_reported) | 감작:신규[NC] vs 기존[1](sens_ghs),조건부,기존 v5 라벨과 충돌 — 병합규칙 확정 필요
173584-44-6,Indoxacarb,분류대상아님(EU CLP Annex VI/ECHA C&L 기준 해당 H코드 없음),분류대상아님(EU CLP Annex VI/ECHA C&L 기준 해당 H코드 없음),"피부감작성 구분1 (H317, EU CLP Annex VI): H317: May cause an allergic skin reaction [Warning Sensitization, Skin]",annex_vi,정상,정상,PubChem CID URL 1건,pass,눈:신규[NC] vs 기존[2A;2B](ntp_measured;sds_reported) | 피부:신규[NC] vs 기존[1;Not classified](sds_reported),조건부,기존 v5 라벨과 충돌 — 병합규칙 확정 필요
160430-64-8,N-[(6-Chloro-3-pyridinyl)methyl]-N'-cyano-N-methylethanimidamide,분류대상아님(EU CLP Annex VI/ECHA C&L 기준 해당 H코드 없음),분류대상아님(EU CLP Annex VI/ECHA C&L 기준 해당 H코드 없음),분류대상아님(EU CLP Annex VI/ECHA C&L 기준 해당 H코드 없음),pubchem_기타,정상,정상,PubChem CID URL 1건,pass,눈:신규[NC] vs 기존[1;2B](ntp_measured;sds_reported) | 피부:신규[NC] vs 기존[2;Not classified](sds_reported),조건부,기존 v5 라벨과 충돌 — 병합규칙 확정 필요
51707-55-2,Thidiazuron,"구분2(눈 자극) (H319, ECHA C&L 통보): H319 (93.5%): Causes serious eye irritation [Warning Serious eye damage/eye irritation]","구분2(피부 자극) (H315, ECHA C&L 통보): H315 (93.5%): Causes skin irritation [Warning Skin corrosion/irritation]",분류대상아님(EU CLP Annex VI/ECHA C&L 기준 해당 H코드 없음),echa_cl,정상,정상,PubChem CID URL 1건,pass,없음,조건부,출처가 ECHA C&L 자가신고(법적구속력 없음)
95-63-6,"2,4-Trimethylbenzene ≥3 - ≤5","구분2(눈 자극) (H319, EU CLP Annex VI): H319: Causes serious eye irritation [Warning Serious eye damage/eye irritation]","구분2(피부 자극) (H315, EU CLP Annex VI): H315: Causes skin irritation [Warning Skin corrosion/irritation]",분류대상아님(EU CLP Annex VI/ECHA C&L 기준 해당 H코드 없음),annex_vi,정상,정상,PubChem CID URL 1건,pass,피부:신규[2] vs 기존[Not classified](NC),조건부,기존 v5 라벨과 충돌 — 병합규칙 확정 필요
68585-47-7,"Sulfuric acid, mono-C10-16-alkyl esters, sodium salts <",정보없음(PubChem CID 매칭 실패),정보없음(PubChem CID 매칭 실패),정보없음(PubChem CID 매칭 실패),정보없음,정상,정상,결측(정보없음 유형-조회실패로 인용가능 URL 없음),pass,없음,보류,3개 엔드포인트 전부 정보없음(PubChem 미매칭/GHS섹션 없음) — 라벨 근거 0
27519-02-4,cis-Tricos-9-ene,분류대상아님(EU CLP Annex VI/ECHA C&L 기준 해당 H코드 없음),분류대상아님(EU CLP Annex VI/ECHA C&L 기준 해당 H코드 없음),"피부감작성 구분1 (H317, EU CLP Annex VI): H317: May cause an allergic skin reaction [Warning Sensitization, Skin]",annex_vi,정상,정상,PubChem CID URL 1건,pass,눈:신규[NC] vs 기존[2B](ntp_measured),조건부,기존 v5 라벨과 충돌 — 병합규칙 확정 필요
66423-09-4,Dimethylamine Salt of (+)-R-2-(2-methyl-4,정보없음(PubChem에 GHS Classification 데이터 없음),정보없음(PubChem에 GHS Classification 데이터 없음),정보없음(PubChem에 GHS Classification 데이터 없음),정보없음,정상,정상,PubChem CID URL 1건,pass,없음,보류,3개 엔드포인트 전부 정보없음(PubChem 미매칭/GHS섹션 없음) — 라벨 근거 0
950782-86-2,Indaziflam,분류대상아님(EU CLP Annex VI/ECHA C&L 기준 해당 H코드 없음),분류대상아님(EU CLP Annex VI/ECHA C&L 기준 해당 H코드 없음),분류대상아님(EU CLP Annex VI/ECHA C&L 기준 해당 H코드 없음),pubchem_기타,정상,정상,PubChem CID URL 1건,pass,눈:신규[NC] vs 기존[2A;2B;Not classified](ntp_measured;sds_reported),조건부,분류대상아님이 ECHA C&L 통보 부재만에 근거 — 미시험(no data)과 음성(negative) 구분 불가 / 기존 v5 라벨과 충돌 존재
10007-85-9,"2-Methoxy-3,6-dichlorobenzoic acid potassium salt","구분2(눈 자극) (H319, EU CLP Annex VI): H319: Causes serious eye irritation [Warning Serious eye damage/eye irritation]",분류대상아님(EU CLP Annex VI/ECHA C&L 기준 해당 H코드 없음),분류대상아님(EU CLP Annex VI/ECHA C&L 기준 해당 H코드 없음),annex_vi,정상,정상,PubChem CID URL 1건,pass,없음,채택,"EU CLP Annex VI 근거 또는 양대출처 조회완료 NC, 범주/H코드 정합, URL 정상, 체디 pass, 기존값 충돌 없음"
66423-05-0,Mecoprop-P-potassium,"구분1(심한 눈손상) (H318, ECHA C&L 통보): H318 (100%): Causes serious eye damage [Danger Serious eye damage/eye irritation]",분류대상아님(EU CLP Annex VI/ECHA C&L 기준 해당 H코드 없음),분류대상아님(EU CLP Annex VI/ECHA C&L 기준 해당 H코드 없음),echa_cl,정상,정상,PubChem CID URL 1건,pass,눈:신규[1] vs 기존[2B](ntp_measured),조건부,출처가 ECHA C&L 자가신고(법적구속력 없음) / 기존 v5 라벨과 충돌 존재
74223-64-6,Metsulfuron-methyl,분류대상아님(EU CLP Annex VI/ECHA C&L 기준 해당 H코드 없음),분류대상아님(EU CLP Annex VI/ECHA C&L 기준 해당 H코드 없음),분류대상아님(EU CLP Annex VI/ECHA C&L 기준 해당 H코드 없음),pubchem_기타,정상,정상,PubChem CID URL 1건,pass,눈:신규[NC] vs 기존[2A;2B;Not classified](ntp_measured;sds_reported),조건부,기존 v5 라벨과 충돌 — 병합규칙 확정 필요
32426-11-2,Octyl decyl dimethyl ammonium chloride,분류대상아님(EU CLP Annex VI/ECHA C&L 기준 해당 H코드 없음),"구분1(피부 부식/화상) (H314, ECHA C&L 통보): H314 (31.4%): Causes severe skin burns and eye damage [Danger Skin corrosion/irritation]",분류대상아님(EU CLP Annex VI/ECHA C&L 기준 해당 H코드 없음),echa_cl,정상,정상,PubChem CID URL 1건,pass,눈:신규[NC] vs 기존[2B;Not classified](ntp_measured) | 피부:신규[1] vs 기존[Not classified](NC),조건부,ECHA C&L 자가신고 통보율 과반미달을 확정분류로 채택: 피부:31.4% / 기존 v5 라벨과 충돌 존재
5538-94-3,Dioctyldimethylammonium chloride,"구분1(심한 눈손상) (H318, ECHA C&L 통보): H318 (62.4%): Causes serious eye damage [Danger Serious eye damage/eye irritation]","구분1(피부 부식/화상) (H314, ECHA C&L 통보): H314 (99.6%): Causes severe skin burns and eye damage [Danger Skin corrosion/irritation]",분류대상아님(EU CLP Annex VI/ECHA C&L 기준 해당 H코드 없음),echa_cl,정상,정상,PubChem CID URL 1건,pass,눈:신규[1] vs 기존[2B;Not classified](ntp_measured) | 피부:신규[1] vs 기존[Not classified](NC),조건부,출처가 ECHA C&L 자가신고(법적구속력 없음) / 기존 v5 라벨과 충돌 존재
7173-51-5,Didecyldimethylammonium chloride,"구분1(심한 눈손상) (H318, ECHA C&L 통보): H318 (28.4%): Causes serious eye damage [Danger Serious eye damage/eye irritation]","구분1(피부 부식/화상) (H314, EU CLP Annex VI): H314: Causes severe skin burns and eye damage [Danger Skin corrosion/irritation]",분류대상아님(EU CLP Annex VI/ECHA C&L 기준 해당 H코드 없음),annex_vi,정상,정상,PubChem CID URL 1건,pass,눈:신규[1] vs 기존[2B;Not classified](ntp_measured;sds_reported) | 감작:신규[NC] vs 기존[1B](sens_ghs),조건부,ECHA C&L 자가신고 통보율 과반미달을 확정분류로 채택: 눈:28.4% / 기존 v5 라벨과 충돌 존재
35554-44-0,Imazalil,"구분1(심한 눈손상) (H318, EU CLP Annex VI): H318: Causes serious eye damage [Danger Serious eye damage/eye irritation]",분류대상아님(EU CLP Annex VI/ECHA C&L 기준 해당 H코드 없음),분류대상아님(EU CLP Annex VI/ECHA C&L 기준 해당 H코드 없음),annex_vi,정상,정상,PubChem CID URL 1건,pass,피부:신규[NC] vs 기존[2B;Not classified](ntp_measured) | 감작:신규[NC] vs 기존[1](sens_ghs),조건부,기존 v5 라벨과 충돌 — 병합규칙 확정 필요
8042-47-5,a brand of 7N FREUDENBERG,정보없음(PubChem CID 매칭 실패),정보없음(PubChem CID 매칭 실패),정보없음(PubChem CID 매칭 실패),정보없음,정상,정상,결측(정보없음 유형-조회실패로 인용가능 URL 없음),pass,없음,보류,3개 엔드포인트 전부 정보없음(PubChem 미매칭/GHS섹션 없음) — 라벨 근거 0
65733-18-8,s-Hydroprene,"구분2(눈 자극) (H319, ECHA C&L 통보): H319 (97.4%): Causes serious eye irritation [Warning Serious eye damage/eye irritation]",분류대상아님(EU CLP Annex VI/ECHA C&L 기준 해당 H코드 없음),분류대상아님(EU CLP Annex VI/ECHA C&L 기준 해당 H코드 없음),echa_cl,정상,정상,PubChem CID URL 1건,pass,눈:신규[2] vs 기존[Not classified](NC),조건부,출처가 ECHA C&L 자가신고(법적구속력 없음) / 기존 v5 라벨과 충돌 존재
41096-46-2,Hydroprene,정보없음(PubChem에 GHS Classification 데이터 없음),정보없음(PubChem에 GHS Classification 데이터 없음),정보없음(PubChem에 GHS Classification 데이터 없음),정보없음,정상,정상,PubChem CID URL 1건,pass,없음,보류,3개 엔드포인트 전부 정보없음(PubChem 미매칭/GHS섹션 없음) — 라벨 근거 0
208465-21-8,Mesosulfuron-methyl,분류대상아님(EU CLP Annex VI/ECHA C&L 기준 해당 H코드 없음),분류대상아님(EU CLP Annex VI/ECHA C&L 기준 해당 H코드 없음),분류대상아님(EU CLP Annex VI/ECHA C&L 기준 해당 H코드 없음),pubchem_기타,정상,정상,PubChem CID URL 1건,pass,눈:신규[NC] vs 기존[1;2B](ntp_measured),조건부,기존 v5 라벨과 충돌 — 병합규칙 확정 필요
9084-06-4,Sodium salt of sulfonated naphthalene formaldehyde condensate,정보없음(PubChem CID 매칭 실패),정보없음(PubChem CID 매칭 실패),정보없음(PubChem CID 매칭 실패),정보없음,정상,정상,결측(정보없음 유형-조회실패로 인용가능 URL 없음),pass,없음,보류,3개 엔드포인트 전부 정보없음(PubChem 미매칭/GHS섹션 없음) — 라벨 근거 0
1344-00-9,Sodium aluminosilicate,분류대상아님(EU CLP Annex VI/ECHA C&L 기준 해당 H코드 없음),분류대상아님(EU CLP Annex VI/ECHA C&L 기준 해당 H코드 없음),분류대상아님(EU CLP Annex VI/ECHA C&L 기준 해당 H코드 없음),pubchem_기타,정상,정상,PubChem CID URL 1건,pass,없음,조건부,분류대상아님이 ECHA C&L 통보 부재만에 근거 — 미시험(no data)과 음성(negative) 구분 불가
116-06-3,Aldicarb,분류대상아님(EU CLP Annex VI/ECHA C&L 기준 해당 H코드 없음),분류대상아님(EU CLP Annex VI/ECHA C&L 기준 해당 H코드 없음),분류대상아님(EU CLP Annex VI/ECHA C&L 기준 해당 H코드 없음),pubchem_기타,정상,정상,PubChem CID URL 1건,pass,없음,채택,"EU CLP Annex VI 근거 또는 양대출처 조회완료 NC, 범주/H코드 정합, URL 정상, 체디 pass, 기존값 충돌 없음"
26002-80-2,Phenothrin,분류대상아님(EU CLP Annex VI/ECHA C&L 기준 해당 H코드 없음),분류대상아님(EU CLP Annex VI/ECHA C&L 기준 해당 H코드 없음),분류대상아님(EU CLP Annex VI/ECHA C&L 기준 해당 H코드 없음),pubchem_기타,정상,정상,PubChem CID URL 1건,pass,없음,조건부,분류대상아님이 ECHA C&L 통보 부재만에 근거 — 미시험(no data)과 음성(negative) 구분 불가
3567-25-7,"Sodium 5-chloro-2-(4-chloro-2-(3-(3,4-dichlorophenyl)ureido)phenoxy)benzenesulfonate",분류대상아님(EU CLP Annex VI/ECHA C&L 기준 해당 H코드 없음),분류대상아님(EU CLP Annex VI/ECHA C&L 기준 해당 H코드 없음),분류대상아님(EU CLP Annex VI/ECHA C&L 기준 해당 H코드 없음),pubchem_기타,정상,정상,PubChem CID URL 1건,pass,눈:신규[NC] vs 기존[1](ntp_measured),조건부,분류대상아님이 ECHA C&L 통보 부재만에 근거 — 미시험(no data)과 음성(negative) 구분 불가 / 기존 v5 라벨과 충돌 존재
141776-32-1,Sulfosulfuron,분류대상아님(EU CLP Annex VI/ECHA C&L 기준 해당 H코드 없음),분류대상아님(EU CLP Annex VI/ECHA C&L 기준 해당 H코드 없음),분류대상아님(EU CLP Annex VI/ECHA C&L 기준 해당 H코드 없음),pubchem_기타,정상,정상,PubChem CID URL 1건,pass,눈:신규[NC] vs 기존[2B](ntp_measured) | 피부:신규[NC] vs 기존[2;Not classified](sds_reported),조건부,기존 v5 라벨과 충돌 — 병합규칙 확정 필요
627-91-8,"Hexanedioic acid, monomethyl ester",분류대상아님(EU CLP Annex VI/ECHA C&L 기준 해당 H코드 없음),분류대상아님(EU CLP Annex VI/ECHA C&L 기준 해당 H코드 없음),분류대상아님(EU CLP Annex VI/ECHA C&L 기준 해당 H코드 없음),pubchem_기타,정상,정상,PubChem CID URL 1건,pass,눈:신규[NC] vs 기존[2B](ntp_measured),조건부,분류대상아님이 ECHA C&L 통보 부재만에 근거 — 미시험(no data)과 음성(negative) 구분 불가 / 기존 v5 라벨과 충돌 존재
78-93-3,Butan-2-one w/w,"구분2(눈 자극) (H319, EU CLP Annex VI): H319: Causes serious eye irritation [Warning Serious eye damage/eye irritation]",분류대상아님(EU CLP Annex VI/ECHA C&L 기준 해당 H코드 없음),분류대상아님(EU CLP Annex VI/ECHA C&L 기준 해당 H코드 없음),annex_vi,정상,정상,PubChem CID URL 1건,pass,없음,채택,"EU CLP Annex VI 근거 또는 양대출처 조회완료 NC, 범주/H코드 정합, URL 정상, 체디 pass, 기존값 충돌 없음"
68410-23-1,"fatty acids, C18-unsatd., dimers, reactionproducts with polyethylenepolyamines w/w",정보없음(PubChem CID 매칭 실패),정보없음(PubChem CID 매칭 실패),정보없음(PubChem CID 매칭 실패),정보없음,정상,정상,결측(정보없음 유형-조회실패로 인용가능 URL 없음),pass,없음,보류,3개 엔드포인트 전부 정보없음(PubChem 미매칭/GHS섹션 없음) — 라벨 근거 0
67-63-0,Propan-2-ol w/w,"구분1(심한 눈손상) (H318, EU CLP Annex VI): H318: Causes serious eye damage [Danger Serious eye damage/eye irritation]",분류대상아님(EU CLP Annex VI/ECHA C&L 기준 해당 H코드 없음),분류대상아님(EU CLP Annex VI/ECHA C&L 기준 해당 H코드 없음),annex_vi,정상,정상,PubChem CID URL 1건,pass,눈:신규[1] vs 기존[2B](ntp_measured),조건부,기존 v5 라벨과 충돌 — 병합규칙 확정 필요
112-24-3,triethylenetetramine w/w,"구분1(심한 눈손상) (H318, ECHA C&L 통보): H318 (39.4%): Causes serious eye damage [Danger Serious eye damage/eye irritation]","구분1(피부 부식/화상) (H314, EU CLP Annex VI): H314: Causes severe skin burns and eye damage [Danger Skin corrosion/irritation]","피부감작성 구분1 (H317, EU CLP Annex VI): H317: May cause an allergic skin reaction [Warning Sensitization, Skin]",annex_vi,정상,정상,PubChem CID URL 1건,pass,눈:신규[1] vs 기존[2B](ntp_measured) | 피부:신규[1] vs 기존[Not classified](NC),조건부,ECHA C&L 자가신고 통보율 과반미달을 확정분류로 채택: 눈:39.4% / 기존 v5 라벨과 충돌 존재
203313-25-1,Spirotetramat,정보없음(PubChem에 GHS Classification 데이터 없음),정보없음(PubChem에 GHS Classification 데이터 없음),정보없음(PubChem에 GHS Classification 데이터 없음),정보없음,정상,정상,PubChem CID URL 1건,pass,없음,보류,3개 엔드포인트 전부 정보없음(PubChem 미매칭/GHS섹션 없음) — 라벨 근거 0
7696-12-0,Tetramethrin,분류대상아님(EU CLP Annex VI/ECHA C&L 기준 해당 H코드 없음),분류대상아님(EU CLP Annex VI/ECHA C&L 기준 해당 H코드 없음),분류대상아님(EU CLP Annex VI/ECHA C&L 기준 해당 H코드 없음),pubchem_기타,정상,정상,PubChem CID URL 1건,pass,눈:신규[NC] vs 기존[2B](ntp_measured),조건부,기존 v5 라벨과 충돌 — 병합규칙 확정 필요
75-28-5,isobutane,분류대상아님(EU CLP Annex VI/ECHA C&L 기준 해당 H코드 없음),분류대상아님(EU CLP Annex VI/ECHA C&L 기준 해당 H코드 없음),분류대상아님(EU CLP Annex VI/ECHA C&L 기준 해당 H코드 없음),pubchem_기타,정상,정상,PubChem CID URL 1건,pass,눈:신규[NC] vs 기존[2B;Not classified](ntp_measured;sds_reported) | 피부:신규[NC] vs 기존[2A;2B;Not classified](ntp_measured),조건부,기존 v5 라벨과 충돌 — 병합규칙 확정 필요
7681-52-9,Sodium Hypochlorite,"구분1(심한 눈손상) (H318, EU CLP Annex VI): H318: Causes serious eye damage [Danger Serious eye damage/eye irritation]","구분1(피부 부식/화상) (H314, EU CLP Annex VI): H314: Causes severe skin burns and eye damage [Danger Skin corrosion/irritation]",분류대상아님(EU CLP Annex VI/ECHA C&L 기준 해당 H코드 없음),annex_vi,정상,정상,PubChem CID URL 1건,pass,없음,채택,"EU CLP Annex VI 근거 또는 양대출처 조회완료 NC, 범주/H코드 정합, URL 정상, 체디 pass, 기존값 충돌 없음"
66215-27-8,Cyromazine,"구분2(눈 자극) (H319, ECHA C&L 통보): H319 (52.4%): Causes serious eye irritation [Warning Serious eye damage/eye irritation]","구분2(피부 자극) (H315, ECHA C&L 통보): H315 (53.7%): Causes skin irritation [Warning Skin corrosion/irritation]",분류대상아님(EU CLP Annex VI/ECHA C&L 기준 해당 H코드 없음),echa_cl,정상,정상,PubChem CID URL 1건,pass,피부:신규[2] vs 기존[Not classified](NC),조건부,출처가 ECHA C&L 자가신고(법적구속력 없음) / 기존 v5 라벨과 충돌 존재
123-33-1,Maleic hydrazide,"구분2(눈 자극) (H319, ECHA C&L 통보): H319 (57.5%): Causes serious eye irritation [Warning Serious eye damage/eye irritation]","구분2(피부 자극) (H315, ECHA C&L 통보): H315 (57.5%): Causes skin irritation [Warning Skin corrosion/irritation]",분류대상아님(EU CLP Annex VI/ECHA C&L 기준 해당 H코드 없음),echa_cl,정상,정상,PubChem CID URL 1건,pass,감작:신규[NC] vs 기존[1](sens_ghs),조건부,출처가 ECHA C&L 자가신고(법적구속력 없음) / 기존 v5 라벨과 충돌 존재
272451-65-7,Flubendiamide,분류대상아님(EU CLP Annex VI/ECHA C&L 기준 해당 H코드 없음),분류대상아님(EU CLP Annex VI/ECHA C&L 기준 해당 H코드 없음),분류대상아님(EU CLP Annex VI/ECHA C&L 기준 해당 H코드 없음),pubchem_기타,정상,정상,PubChem CID URL 1건,pass,없음,조건부,분류대상아님이 ECHA C&L 통보 부재만에 근거 — 미시험(no data)과 음성(negative) 구분 불가
79277-67-1,Thifensulfuron,"구분2(눈 자극) (H319, ECHA C&L 통보): H319 (100%): Causes serious eye irritation [Warning Serious eye damage/eye irritation]",분류대상아님(EU CLP Annex VI/ECHA C&L 기준 해당 H코드 없음),분류대상아님(EU CLP Annex VI/ECHA C&L 기준 해당 H코드 없음),echa_cl,정상,정상,PubChem CID URL 1건,pass,피부:신규[NC] vs 기존[2B;Not classified](ntp_measured) | 감작:신규[NC] vs 기존[1B](sens_ghs),조건부,출처가 ECHA C&L 자가신고(법적구속력 없음) / 기존 v5 라벨과 충돌 존재
181274-15-7,Propoxycarbazone-sodium,분류대상아님(EU CLP Annex VI/ECHA C&L 기준 해당 H코드 없음),분류대상아님(EU CLP Annex VI/ECHA C&L 기준 해당 H코드 없음),분류대상아님(EU CLP Annex VI/ECHA C&L 기준 해당 H코드 없음),pubchem_기타,정상,정상,PubChem CID URL 1건,pass,눈:신규[NC] vs 기존[1;Not classified](ntp_measured) | 피부:신규[NC] vs 기존[2B;Not classified](ntp_measured),조건부,기존 v5 라벨과 충돌 — 병합규칙 확정 필요
81335-77-5,Imazethapyr,분류대상아님(EU CLP Annex VI/ECHA C&L 기준 해당 H코드 없음),분류대상아님(EU CLP Annex VI/ECHA C&L 기준 해당 H코드 없음),분류대상아님(EU CLP Annex VI/ECHA C&L 기준 해당 H코드 없음),pubchem_기타,정상,정상,PubChem CID URL 1건,pass,눈:신규[NC] vs 기존[1;2B](ntp_measured;sds_reported) | 피부:신규[NC] vs 기존[1;Not classified](ntp_measured) | 감작:신규[NC] vs 기존[1](sens_ghs),조건부,분류대상아님이 ECHA C&L 통보 부재만에 근거 — 미시험(no data)과 음성(negative) 구분 불가 / 기존 v5 라벨과 충돌 존재
1184-64-1,Copper(II) carbonate,"구분2(눈 자극) (H319, ECHA C&L 통보): H319 (69.5%): Causes serious eye irritation [Warning Serious eye damage/eye irritation]","구분2(피부 자극) (H315, ECHA C&L 통보): H315 (69.5%): Causes skin irritation [Warning Skin corrosion/irritation]",분류대상아님(EU CLP Annex VI/ECHA C&L 기준 해당 H코드 없음),echa_cl,정상,정상,PubChem CID URL 1건,pass,피부:신규[2] vs 기존[Not classified](NC),조건부,출처가 ECHA C&L 자가신고(법적구속력 없음) / 기존 v5 라벨과 충돌 존재
494793-67-8,Penflufen,분류대상아님(EU CLP Annex VI/ECHA C&L 기준 해당 H코드 없음),분류대상아님(EU CLP Annex VI/ECHA C&L 기준 해당 H코드 없음),분류대상아님(EU CLP Annex VI/ECHA C&L 기준 해당 H코드 없음),pubchem_기타,정상,정상,PubChem CID URL 1건,pass,눈:신규[NC] vs 기존[1;2B;Not classified](ntp_measured;sds_reported) | 피부:신규[NC] vs 기존[2;Not classified](sds_reported) | 감작:신규[NC] vs 기존[1](sens_ghs),조건부,기존 v5 라벨과 충돌 — 병합규칙 확정 필요
53112-28-0,Pyrimethanil (ISO) >= - <50 %,분류대상아님(EU CLP Annex VI/ECHA C&L 기준 해당 H코드 없음),분류대상아님(EU CLP Annex VI/ECHA C&L 기준 해당 H코드 없음),분류대상아님(EU CLP Annex VI/ECHA C&L 기준 해당 H코드 없음),pubchem_기타,정상,정상,PubChem CID URL 1건,pass,없음,채택,"EU CLP Annex VI 근거 또는 양대출처 조회완료 NC, 범주/H코드 정합, URL 정상, 체디 pass, 기존값 충돌 없음"
16961-83-4,Hydrofluorosilicic Acid,"구분1(심한 눈손상) (H318, ECHA C&L 통보): H318 (27.4%): Causes serious eye damage [Danger Serious eye damage/eye irritation]","구분1(피부 부식/화상) (H314, EU CLP Annex VI): H314: Causes severe skin burns and eye damage [Danger Skin corrosion/irritation]",분류대상아님(EU CLP Annex VI/ECHA C&L 기준 해당 H코드 없음),annex_vi,정상,정상,PubChem CID URL 1건,pass,눈:신규[1] vs 기존[Not classified](NC) | 피부:신규[1] vs 기존[Not classified](NC),조건부,ECHA C&L 자가신고 통보율 과반미달을 확정분류로 채택: 눈:27.4% / 기존 v5 라벨과 충돌 존재
178928-70-6,Prothioconazole,분류대상아님(EU CLP Annex VI/ECHA C&L 기준 해당 H코드 없음),분류대상아님(EU CLP Annex VI/ECHA C&L 기준 해당 H코드 없음),분류대상아님(EU CLP Annex VI/ECHA C&L 기준 해당 H코드 없음),pubchem_기타,정상,정상,PubChem CID URL 1건,pass,눈:신규[NC] vs 기존[2A;Not classified](sds_reported) | 감작:신규[NC] vs 기존[1](sens_ghs),조건부,기존 v5 라벨과 충돌 — 병합규칙 확정 필요
834-12-8,Ametryn,분류대상아님(EU CLP Annex VI/ECHA C&L 기준 해당 H코드 없음),분류대상아님(EU CLP Annex VI/ECHA C&L 기준 해당 H코드 없음),분류대상아님(EU CLP Annex VI/ECHA C&L 기준 해당 H코드 없음),pubchem_기타,정상,정상,PubChem CID URL 1건,pass,눈:신규[NC] vs 기존[2B](ntp_measured),조건부,기존 v5 라벨과 충돌 — 병합규칙 확정 필요
135397-30-7,Halosulfuron,정보없음(PubChem에 GHS Classification 데이터 없음),정보없음(PubChem에 GHS Classification 데이터 없음),정보없음(PubChem에 GHS Classification 데이터 없음),정보없음,정상,정상,PubChem CID URL 1건,pass,없음,보류,3개 엔드포인트 전부 정보없음(PubChem 미매칭/GHS섹션 없음) — 라벨 근거 0
129909-90-6,RN,분류대상아님(EU CLP Annex VI/ECHA C&L 기준 해당 H코드 없음),분류대상아님(EU CLP Annex VI/ECHA C&L 기준 해당 H코드 없음),분류대상아님(EU CLP Annex VI/ECHA C&L 기준 해당 H코드 없음),pubchem_기타,정상,정상,PubChem CID URL 1건,pass,눈:신규[NC] vs 기존[1;Not classified](sds_reported) | 피부:신규[NC] vs 기존[2;Not classified](sds_reported) | 감작:신규[NC] vs 기존[1](sens_ghs),조건부,분류대상아님이 ECHA C&L 통보 부재만에 근거 — 미시험(no data)과 음성(negative) 구분 불가 / 기존 v5 라벨과 충돌 존재
150114-71-9,Aminopyralid,"구분1(심한 눈손상) (H318, ECHA C&L 통보): H318 (83.7%): Causes serious eye damage [Danger Serious eye damage/eye irritation]",분류대상아님(EU CLP Annex VI/ECHA C&L 기준 해당 H코드 없음),분류대상아님(EU CLP Annex VI/ECHA C&L 기준 해당 H코드 없음),echa_cl,정상,정상,PubChem CID URL 1건,pass,없음,조건부,출처가 ECHA C&L 자가신고(법적구속력 없음)
149877-41-8,Bifenazate,"구분2(눈 자극) (H319, ECHA C&L 통보): H319 (66.7%): Causes serious eye irritation [Warning Serious eye damage/eye irritation]",분류대상아님(EU CLP Annex VI/ECHA C&L 기준 해당 H코드 없음),"피부감작성 구분1 (H317, EU CLP Annex VI): H317: May cause an allergic skin reaction [Warning Sensitization, Skin]",annex_vi,정상,정상,PubChem CID URL 1건,pass,눈:신규[2] vs 기존[Not classified](NC),조건부,Annex VI(법적구속) 항목 존재하나 ECHA C&L(자가신고) 값을 채택 — 출처위계 역전 가능 / 기존 v5 라벨과 충돌 존재
26530-20-1,Octhilinone,"구분1(심한 눈손상) (H318, EU CLP Annex VI): H318: Causes serious eye damage [Danger Serious eye damage/eye irritation]","구분1(피부 부식/화상) (H314, EU CLP Annex VI): H314: Causes severe skin burns and eye damage [Danger Skin corrosion/irritation]","피부감작성 구분1 (H317, EU CLP Annex VI): H317: May cause an allergic skin reaction [Warning Sensitization, Skin]",annex_vi,정상,정상,PubChem CID URL 1건,pass,없음,채택,"EU CLP Annex VI 근거 또는 양대출처 조회완료 NC, 범주/H코드 정합, URL 정상, 체디 pass, 기존값 충돌 없음"
29091-21-2,Prodiamine,분류대상아님(EU CLP Annex VI/ECHA C&L 기준 해당 H코드 없음),분류대상아님(EU CLP Annex VI/ECHA C&L 기준 해당 H코드 없음),분류대상아님(EU CLP Annex VI/ECHA C&L 기준 해당 H코드 없음),pubchem_기타,정상,정상,PubChem CID URL 1건,pass,눈:신규[NC] vs 기존[2A;Not classified](sds_reported) | 피부:신규[NC] vs 기존[2;Not classified](sds_reported),조건부,분류대상아님이 ECHA C&L 통보 부재만에 근거 — 미시험(no data)과 음성(negative) 구분 불가 / 기존 v5 라벨과 충돌 존재
127277-53-6,Prohexadione-calcium,분류대상아님(EU CLP Annex VI/ECHA C&L 기준 해당 H코드 없음),분류대상아님(EU CLP Annex VI/ECHA C&L 기준 해당 H코드 없음),분류대상아님(EU CLP Annex VI/ECHA C&L 기준 해당 H코드 없음),pubchem_기타,정상,정상,PubChem CID URL 1건,pass,눈:신규[NC] vs 기존[2B](ntp_measured),조건부,분류대상아님이 ECHA C&L 통보 부재만에 근거 — 미시험(no data)과 음성(negative) 구분 불가 / 기존 v5 라벨과 충돌 존재
110-82-7,Cyclohexane,분류대상아님(EU CLP Annex VI/ECHA C&L 기준 해당 H코드 없음),"구분2(피부 자극) (H315, EU CLP Annex VI): H315: Causes skin irritation [Warning Skin corrosion/irritation]",분류대상아님(EU CLP Annex VI/ECHA C&L 기준 해당 H코드 없음),annex_vi,정상,정상,PubChem CID URL 1건,pass,눈:신규[NC] vs 기존[2B](ntp_measured),조건부,기존 v5 라벨과 충돌 — 병합규칙 확정 필요
82558-50-7,Isoxaben,분류대상아님(EU CLP Annex VI/ECHA C&L 기준 해당 H코드 없음),분류대상아님(EU CLP Annex VI/ECHA C&L 기준 해당 H코드 없음),분류대상아님(EU CLP Annex VI/ECHA C&L 기준 해당 H코드 없음),pubchem_기타,정상,정상,PubChem CID URL 1건,pass,눈:신규[NC] vs 기존[2A;2B](ntp_measured;sds_reported) | 피부:신규[NC] vs 기존[3;Not classified](sds_reported) | 감작:신규[NC] vs 기존[1](sens_ghs),조건부,기존 v5 라벨과 충돌 — 병합규칙 확정 필요
85409-23-0,Alkyl dimethyl benzyl ammonium chlorides,정보없음(PubChem CID 매칭 실패),정보없음(PubChem CID 매칭 실패),정보없음(PubChem CID 매칭 실패),정보없음,정상,정상,결측(정보없음 유형-조회실패로 인용가능 URL 없음),pass,없음,보류,3개 엔드포인트 전부 정보없음(PubChem 미매칭/GHS섹션 없음) — 라벨 근거 0
68391-01-5,Alkyl dimethyl ethylbenzyl ammonium chlorides,정보없음(PubChem CID 매칭 실패),정보없음(PubChem CID 매칭 실패),정보없음(PubChem CID 매칭 실패),정보없음,정상,정상,결측(정보없음 유형-조회실패로 인용가능 URL 없음),pass,없음,보류,3개 엔드포인트 전부 정보없음(PubChem 미매칭/GHS섹션 없음) — 라벨 근거 0
5131-66-8,1-butoxy-2-propanol,"구분2(눈 자극) (H319, EU CLP Annex VI): H319: Causes serious eye irritation [Warning Serious eye damage/eye irritation]","구분2(피부 자극) (H315, EU CLP Annex VI): H315: Causes skin irritation [Warning Skin corrosion/irritation]",분류대상아님(EU CLP Annex VI/ECHA C&L 기준 해당 H코드 없음),annex_vi,정상,정상,PubChem CID URL 1건,pass,없음,채택,"EU CLP Annex VI 근거 또는 양대출처 조회완료 NC, 범주/H코드 정합, URL 정상, 체디 pass, 기존값 충돌 없음"
114-26-1,Propoxur,분류대상아님(EU CLP Annex VI/ECHA C&L 기준 해당 H코드 없음),분류대상아님(EU CLP Annex VI/ECHA C&L 기준 해당 H코드 없음),분류대상아님(EU CLP Annex VI/ECHA C&L 기준 해당 H코드 없음),pubchem_기타,정상,정상,PubChem CID URL 1건,pass,눈:신규[NC] vs 기존[2A](ntp_measured),조건부,기존 v5 라벨과 충돌 — 병합규칙 확정 필요
72490-01-8,Fenoxycarb,분류대상아님(EU CLP Annex VI/ECHA C&L 기준 해당 H코드 없음),분류대상아님(EU CLP Annex VI/ECHA C&L 기준 해당 H코드 없음),분류대상아님(EU CLP Annex VI/ECHA C&L 기준 해당 H코드 없음),pubchem_기타,정상,정상,PubChem CID URL 1건,pass,눈:신규[NC] vs 기존[2A](ntp_measured),조건부,기존 v5 라벨과 충돌 — 병합규칙 확정 필요
22248-79-9,Tetrachlorvinphos,분류대상아님(EU CLP Annex VI/ECHA C&L 기준 해당 H코드 없음),분류대상아님(EU CLP Annex VI/ECHA C&L 기준 해당 H코드 없음),분류대상아님(EU CLP Annex VI/ECHA C&L 기준 해당 H코드 없음),pubchem_기타,정상,정상,PubChem CID URL 1건,pass,눈:신규[NC] vs 기존[1](ntp_measured) | 피부:신규[NC] vs 기존[1](ntp_measured),조건부,분류대상아님이 ECHA C&L 통보 부재만에 근거 — 미시험(no data)과 음성(negative) 구분 불가 / 기존 v5 라벨과 충돌 존재
1982-69-0,Sodium dicamba,"구분2(눈 자극) (H319, ECHA C&L 통보): H319 (16.9%): Causes serious eye irritation [Warning Serious eye damage/eye irritation]",분류대상아님(EU CLP Annex VI/ECHA C&L 기준 해당 H코드 없음),분류대상아님(EU CLP Annex VI/ECHA C&L 기준 해당 H코드 없음),echa_cl,정상,정상,PubChem CID URL 1건,pass,감작:신규[NC] vs 기존[1B](sens_ghs),조건부,ECHA C&L 자가신고 통보율 과반미달을 확정분류로 채택: 눈:16.9% / 기존 v5 라벨과 충돌 존재
82097-50-5,Triasulfuron,분류대상아님(EU CLP Annex VI/ECHA C&L 기준 해당 H코드 없음),분류대상아님(EU CLP Annex VI/ECHA C&L 기준 해당 H코드 없음),분류대상아님(EU CLP Annex VI/ECHA C&L 기준 해당 H코드 없음),pubchem_기타,정상,정상,PubChem CID URL 1건,pass,눈:신규[NC] vs 기존[2B](ntp_measured),조건부,기존 v5 라벨과 충돌 — 병합규칙 확정 필요
123-42-2,Diacetone Alcohol,"구분2(눈 자극) (H319, EU CLP Annex VI): H319: Causes serious eye irritation [Warning Serious eye damage/eye irritation]",분류대상아님(EU CLP Annex VI/ECHA C&L 기준 해당 H코드 없음),분류대상아님(EU CLP Annex VI/ECHA C&L 기준 해당 H코드 없음),annex_vi,정상,정상,PubChem CID URL 1건,pass,눈:신규[2] vs 기존[Not classified](NC),조건부,기존 v5 라벨과 충돌 — 병합규칙 확정 필요
5598-13-0,Chlorpyrifos-Methyl,분류대상아님(EU CLP Annex VI/ECHA C&L 기준 해당 H코드 없음),분류대상아님(EU CLP Annex VI/ECHA C&L 기준 해당 H코드 없음),"피부감작성 구분1 (H317, EU CLP Annex VI): H317: May cause an allergic skin reaction [Warning Sensitization, Skin]",annex_vi,정상,정상,PubChem CID URL 1건,pass,눈:신규[NC] vs 기존[2A;Not classified](sds_reported) | 피부:신규[NC] vs 기존[2;Not classified](sds_reported),조건부,기존 v5 라벨과 충돌 — 병합규칙 확정 필요
128-37-0,Di-t-butyl-p-cresol,분류대상아님(EU CLP Annex VI/ECHA C&L 기준 해당 H코드 없음),분류대상아님(EU CLP Annex VI/ECHA C&L 기준 해당 H코드 없음),분류대상아님(EU CLP Annex VI/ECHA C&L 기준 해당 H코드 없음),pubchem_기타,정상,정상,PubChem CID URL 1건,pass,없음,조건부,분류대상아님이 ECHA C&L 통보 부재만에 근거 — 미시험(no data)과 음성(negative) 구분 불가
2402-79-1,"2,3,5,6-Tetrachloropyridine",분류대상아님(EU CLP Annex VI/ECHA C&L 기준 해당 H코드 없음),분류대상아님(EU CLP Annex VI/ECHA C&L 기준 해당 H코드 없음),"피부감작성 구분1 (H317, ECHA C&L 통보): H317 (56.3%): May cause an allergic skin reaction [Warning Sensitization, Skin]",echa_cl,정상,정상,PubChem CID URL 1건,pass,없음,조건부,출처가 ECHA C&L 자가신고(법적구속력 없음)
374726-62-2,Mandipropamid,분류대상아님(EU CLP Annex VI/ECHA C&L 기준 해당 H코드 없음),분류대상아님(EU CLP Annex VI/ECHA C&L 기준 해당 H코드 없음),분류대상아님(EU CLP Annex VI/ECHA C&L 기준 해당 H코드 없음),pubchem_기타,정상,정상,PubChem CID URL 1건,pass,눈:신규[NC] vs 기존[2B;Not classified](ntp_measured),조건부,기존 v5 라벨과 충돌 — 병합규칙 확정 필요
10377-60-3,Magnesium dinitrate >=,"구분2(눈 자극) (H319, ECHA C&L 통보): H319 (64.2%): Causes serious eye irritation [Warning Serious eye damage/eye irritation]","구분2(피부 자극) (H315, ECHA C&L 통보): H315 (37.3%): Causes skin irritation [Warning Skin corrosion/irritation]",분류대상아님(EU CLP Annex VI/ECHA C&L 기준 해당 H코드 없음),echa_cl,정상,정상,PubChem CID URL 1건,pass,눈:신규[2] vs 기존[1](ntp_measured) | 피부:신규[2] vs 기존[1](ntp_measured),조건부,ECHA C&L 자가신고 통보율 과반미달을 확정분류로 채택: 피부:37.3% / 기존 v5 라벨과 충돌 존재
16752-77-5,Methomyl,분류대상아님(EU CLP Annex VI/ECHA C&L 기준 해당 H코드 없음),분류대상아님(EU CLP Annex VI/ECHA C&L 기준 해당 H코드 없음),분류대상아님(EU CLP Annex VI/ECHA C&L 기준 해당 H코드 없음),pubchem_기타,정상,정상,PubChem CID URL 1건,pass,눈:신규[NC] vs 기존[1](ntp_measured),조건부,기존 v5 라벨과 충돌 — 병합규칙 확정 필요
87392-12-9,Identifiers,분류대상아님(EU CLP Annex VI/ECHA C&L 기준 해당 H코드 없음),분류대상아님(EU CLP Annex VI/ECHA C&L 기준 해당 H코드 없음),"피부감작성 구분1 (H317, EU CLP Annex VI): H317: May cause an allergic skin reaction [Warning Sensitization, Skin]",annex_vi,정상,정상,PubChem CID URL 1건,pass,눈:신규[NC] vs 기존[2B](ntp_measured) | 피부:신규[NC] vs 기존[2;Not classified](sds_reported),조건부,기존 v5 라벨과 충돌 — 병합규칙 확정 필요
874967-67-6,Sedaxane,분류대상아님(EU CLP Annex VI/ECHA C&L 기준 해당 H코드 없음),분류대상아님(EU CLP Annex VI/ECHA C&L 기준 해당 H코드 없음),분류대상아님(EU CLP Annex VI/ECHA C&L 기준 해당 H코드 없음),pubchem_기타,정상,정상,PubChem CID URL 1건,pass,눈:신규[NC] vs 기존[2B;Not classified](sds_reported),조건부,기존 v5 라벨과 충돌 — 병합규칙 확정 필요
431040-31-2,"butoxy, isopropylamine salt , phosphate (2-hydroxypropyl) ammonium",정보없음(PubChem CID 매칭 실패),정보없음(PubChem CID 매칭 실패),정보없음(PubChem CID 매칭 실패),정보없음,정상,정상,결측(정보없음 유형-조회실패로 인용가능 URL 없음),pass,없음,보류,3개 엔드포인트 전부 정보없음(PubChem 미매칭/GHS섹션 없음) — 라벨 근거 0
7727-43-1,Barium Sulphate,분류대상아님(EU CLP Annex VI/ECHA C&L 기준 해당 H코드 없음),분류대상아님(EU CLP Annex VI/ECHA C&L 기준 해당 H코드 없음),분류대상아님(EU CLP Annex VI/ECHA C&L 기준 해당 H코드 없음),pubchem_기타,정상,정상,PubChem CID URL 1건,fail,눈:신규[NC] vs 기존[1](ntp_measured) | 감작:신규[NC] vs 기존[1](sens_ghs),조건부,분류대상아님이 ECHA C&L 통보 부재만에 근거 — 미시험(no data)과 음성(negative) 구분 불가 / CAS 체크디지트 실패 / 메모상 정정CAS로 재조사했으나 cas 열은 무효값 그대로 — 조인키 불일치 / 기존 v5 라벨과 충돌 존재
68476-86-8,Propane/n-Butane,정보없음(PubChem CID 매칭 실패),정보없음(PubChem CID 매칭 실패),정보없음(PubChem CID 매칭 실패),정보없음,정상,정상,결측(정보없음 유형-조회실패로 인용가능 URL 없음),pass,없음,보류,3개 엔드포인트 전부 정보없음(PubChem 미매칭/GHS섹션 없음) — 라벨 근거 0
8050-09-7,rosin - <20,정보없음(PubChem CID 매칭 실패),정보없음(PubChem CID 매칭 실패),정보없음(PubChem CID 매칭 실패),정보없음,정상,정상,결측(정보없음 유형-조회실패로 인용가능 URL 없음),pass,없음,보류,3개 엔드포인트 전부 정보없음(PubChem 미매칭/GHS섹션 없음) — 라벨 근거 0
1314-13-2,zinc oxide - <20,분류대상아님(EU CLP Annex VI/ECHA C&L 기준 해당 H코드 없음),분류대상아님(EU CLP Annex VI/ECHA C&L 기준 해당 H코드 없음),분류대상아님(EU CLP Annex VI/ECHA C&L 기준 해당 H코드 없음),pubchem_기타,정상,정상,PubChem CID URL 1건,pass,눈:신규[NC] vs 기존[1](ntp_measured) | 피부:신규[NC] vs 기존[2;2B](ntp_measured;sds_reported) | 감작:신규[NC] vs 기존[1B](sens_ghs),조건부,기존 v5 라벨과 충돌 — 병합규칙 확정 필요
108-10-1,methylpentan-2-one 5- <10,"구분2(눈 자극) (H319, EU CLP Annex VI): H319: Causes serious eye irritation [Warning Serious eye damage/eye irritation]",분류대상아님(EU CLP Annex VI/ECHA C&L 기준 해당 H코드 없음),분류대상아님(EU CLP Annex VI/ECHA C&L 기준 해당 H코드 없음),annex_vi,정상,정상,PubChem CID URL 1건,pass,눈:신규[2] vs 기존[1](ntp_measured) | 피부:신규[NC] vs 기존[2B](ntp_measured),조건부,기존 v5 라벨과 충돌 — 병합규칙 확정 필요
25154-85-2,"Propane, -(ethenyloxy)-2-methyl-, polymer with chloroethene 5- <10",정보없음(PubChem CID 매칭 실패),정보없음(PubChem CID 매칭 실패),정보없음(PubChem CID 매칭 실패),정보없음,정상,정상,결측(정보없음 유형-조회실패로 인용가능 URL 없음),pass,없음,보류,3개 엔드포인트 전부 정보없음(PubChem 미매칭/GHS섹션 없음) — 라벨 근거 0
1317-38-0,copper oxide - <3,분류대상아님(EU CLP Annex VI/ECHA C&L 기준 해당 H코드 없음),분류대상아님(EU CLP Annex VI/ECHA C&L 기준 해당 H코드 없음),분류대상아님(EU CLP Annex VI/ECHA C&L 기준 해당 H코드 없음),pubchem_기타,정상,정상,PubChem CID URL 1건,pass,눈:신규[NC] vs 기존[1](ntp_measured) | 피부:신규[NC] vs 기존[2B](ntp_measured),조건부,기존 v5 라벨과 충돌 — 병합규칙 확정 필요
7440-50-8,copper - <1,분류대상아님(EU CLP Annex VI/ECHA C&L 기준 해당 H코드 없음),분류대상아님(EU CLP Annex VI/ECHA C&L 기준 해당 H코드 없음),분류대상아님(EU CLP Annex VI/ECHA C&L 기준 해당 H코드 없음),pubchem_기타,정상,정상,PubChem CID URL 1건,pass,눈:신규[NC] vs 기존[1](ntp_measured) | 피부:신규[NC] vs 기존[2B](ntp_measured),조건부,기존 v5 라벨과 충돌 — 병합규칙 확정 필요
28772-56-7,Bromadiolone,분류대상아님(EU CLP Annex VI/ECHA C&L 기준 해당 H코드 없음),분류대상아님(EU CLP Annex VI/ECHA C&L 기준 해당 H코드 없음),분류대상아님(EU CLP Annex VI/ECHA C&L 기준 해당 H코드 없음),pubchem_기타,정상,정상,PubChem CID URL 1건,pass,없음,채택,"EU CLP Annex VI 근거 또는 양대출처 조회완료 NC, 범주/H코드 정합, URL 정상, 체디 pass, 기존값 충돌 없음"
56425-91-3,Flurprimidol,"구분2(눈 자극) (H319, ECHA C&L 통보): H319 (50%): Causes serious eye irritation [Warning Serious eye damage/eye irritation]","구분2(피부 자극) (H315, ECHA C&L 통보): H315 (50%): Causes skin irritation [Warning Skin corrosion/irritation]",분류대상아님(EU CLP Annex VI/ECHA C&L 기준 해당 H코드 없음),echa_cl,정상,정상,PubChem CID URL 1건,pass,없음,조건부,출처가 ECHA C&L 자가신고(법적구속력 없음)
76738-62-0,Paclobutrazol,"구분2(눈 자극) (H319, EU CLP Annex VI): H319: Causes serious eye irritation [Warning Serious eye damage/eye irritation]","구분2(피부 자극) (H315, ECHA C&L 통보): H315 (13.8%): Causes skin irritation [Warning Skin corrosion/irritation]","피부감작성 구분1 (H317, ECHA C&L 통보): H317 (13.8%): May cause an allergic skin reaction [Warning Sensitization, Skin]",annex_vi,정상,정상,PubChem CID URL 1건,pass,없음,조건부,"ECHA C&L 자가신고 통보율 과반미달을 확정분류로 채택: 피부:13.8%,감작:13.8%"
95266-40-3,Trinexapac-ethyl,정보없음(PubChem에 GHS Classification 데이터 없음),정보없음(PubChem에 GHS Classification 데이터 없음),정보없음(PubChem에 GHS Classification 데이터 없음),정보없음,정상,정상,PubChem CID URL 1건,pass,없음,보류,3개 엔드포인트 전부 정보없음(PubChem 미매칭/GHS섹션 없음) — 라벨 근거 0
93-15-2,"1,2-Dimethoxy-4-(2-propen-1-yl)benzene",분류대상아님(EU CLP Annex VI/ECHA C&L 기준 해당 H코드 없음),분류대상아님(EU CLP Annex VI/ECHA C&L 기준 해당 H코드 없음),"피부감작성 구분1 (H317, ECHA C&L 통보): H317 (70.9%): May cause an allergic skin reaction [Warning Sensitization, Skin]",echa_cl,정상,정상,PubChem CID URL 1건,pass,없음,조건부,출처가 ECHA C&L 자가신고(법적구속력 없음)
1689-99-2,Bromoxynil octanoate,분류대상아님(EU CLP Annex VI/ECHA C&L 기준 해당 H코드 없음),분류대상아님(EU CLP Annex VI/ECHA C&L 기준 해당 H코드 없음),"피부감작성 구분1 (H317, EU CLP Annex VI): H317: May cause an allergic skin reaction [Warning Sensitization, Skin]",annex_vi,정상,정상,PubChem CID URL 1건,pass,눈:신규[NC] vs 기존[2A](ntp_measured),조건부,기존 v5 라벨과 충돌 — 병합규칙 확정 필요
213464-77-8,Orthosulfamuron,분류대상아님(EU CLP Annex VI/ECHA C&L 기준 해당 H코드 없음),분류대상아님(EU CLP Annex VI/ECHA C&L 기준 해당 H코드 없음),분류대상아님(EU CLP Annex VI/ECHA C&L 기준 해당 H코드 없음),pubchem_기타,정상,정상,PubChem CID URL 1건,pass,눈:신규[NC] vs 기존[2B](ntp_measured),조건부,분류대상아님이 ECHA C&L 통보 부재만에 근거 — 미시험(no data)과 음성(negative) 구분 불가 / 기존 v5 라벨과 충돌 존재
7287-19-6,Prometryn,분류대상아님(EU CLP Annex VI/ECHA C&L 기준 해당 H코드 없음),분류대상아님(EU CLP Annex VI/ECHA C&L 기준 해당 H코드 없음),분류대상아님(EU CLP Annex VI/ECHA C&L 기준 해당 H코드 없음),pubchem_기타,정상,정상,PubChem CID URL 1건,pass,눈:신규[NC] vs 기존[2B](ntp_measured),조건부,분류대상아님이 ECHA C&L 통보 부재만에 근거 — 미시험(no data)과 음성(negative) 구분 불가 / 기존 v5 라벨과 충돌 존재
94-09-7,Benzocaine,분류대상아님(EU CLP Annex VI/ECHA C&L 기준 해당 H코드 없음),분류대상아님(EU CLP Annex VI/ECHA C&L 기준 해당 H코드 없음),"피부감작성 구분1 (H317, ECHA C&L 통보): H317 (77.8%): May cause an allergic skin reaction [Warning Sensitization, Skin]",echa_cl,정상,정상,PubChem CID URL 1건,pass,눈:신규[NC] vs 기존[2B](ntp_measured),조건부,출처가 ECHA C&L 자가신고(법적구속력 없음) / 기존 v5 라벨과 충돌 존재
101-68-8,4’-Methylenediphenyl diisocyanate 50,"구분2(눈 자극) (H319, EU CLP Annex VI): H319: Causes serious eye irritation [Warning Serious eye damage/eye irritation]","구분2(피부 자극) (H315, EU CLP Annex VI): H315: Causes skin irritation [Warning Skin corrosion/irritation]","피부감작성 구분1 (H317, EU CLP Annex VI): H317: May cause an allergic skin reaction [Warning Sensitization, Skin]",annex_vi,정상,정상,PubChem CID URL 1건,pass,눈:신규[2] vs 기존[Not classified](NC) | 피부:신규[2] vs 기존[Not classified](NC),조건부,기존 v5 라벨과 충돌 — 병합규칙 확정 필요
9016-87-9,Diphenylmethanediisocyanate,정보없음(PubChem CID 매칭 실패),정보없음(PubChem CID 매칭 실패),정보없음(PubChem CID 매칭 실패),정보없음,정상,정상,결측(정보없음 유형-조회실패로 인용가능 URL 없음),pass,없음,보류,3개 엔드포인트 전부 정보없음(PubChem 미매칭/GHS섹션 없음) — 라벨 근거 0
5873-54-1,"Diphenylmethane-,4’- diisocyanate 10","구분2(눈 자극) (H319, EU CLP Annex VI): H319: Causes serious eye irritation [Warning Serious eye damage/eye irritation]","구분2(피부 자극) (H315, EU CLP Annex VI): H315: Causes skin irritation [Warning Skin corrosion/irritation]","피부감작성 구분1 (H317, EU CLP Annex VI): H317: May cause an allergic skin reaction [Warning Sensitization, Skin]",annex_vi,정상,정상,PubChem CID URL 1건,pass,눈:신규[2] vs 기존[Not classified](NC) | 피부:신규[2] vs 기존[Not classified](NC),조건부,기존 v5 라벨과 충돌 — 병합규칙 확정 필요
65997-15-1,"Cement, portland, chemicals - 40.00%",정보없음(PubChem CID 매칭 실패),정보없음(PubChem CID 매칭 실패),정보없음(PubChem CID 매칭 실패),정보없음,정상,정상,결측(정보없음 유형-조회실패로 인용가능 URL 없음),pass,없음,보류,3개 엔드포인트 전부 정보없음(PubChem 미매칭/GHS섹션 없음) — 라벨 근거 0
13397-24-5,Gypsum (Ca(SO4).2H2O) - 5.00%,분류대상아님(EU CLP Annex VI/ECHA C&L 기준 해당 H코드 없음),분류대상아님(EU CLP Annex VI/ECHA C&L 기준 해당 H코드 없음),분류대상아님(EU CLP Annex VI/ECHA C&L 기준 해당 H코드 없음),pubchem_기타,정상,정상,PubChem CID URL 1건,pass,없음,조건부,분류대상아님이 ECHA C&L 통보 부재만에 근거 — 미시험(no data)과 음성(negative) 구분 불가
79-14-1,"Acetic acid, hydroxy- Glycolic Acid","구분1(심한 눈손상) (H318, ECHA C&L 통보): H318 (28.5%): Causes serious eye damage [Danger Serious eye damage/eye irritation]","구분1(피부 부식/화상) (H314, ECHA C&L 통보): H314 (99.7%): Causes severe skin burns and eye damage [Danger Skin corrosion/irritation]",분류대상아님(EU CLP Annex VI/ECHA C&L 기준 해당 H코드 없음),echa_cl,정상,정상,PubChem CID URL 1건,pass,눈:신규[1] vs 기존[2B](ntp_measured) | 피부:신규[1] vs 기존[Not classified](NC),조건부,ECHA C&L 자가신고 통보율 과반미달을 확정분류로 채택: 눈:28.5% / 기존 v5 라벨과 충돌 존재
82-68-8,Fartox,분류대상아님(EU CLP Annex VI/ECHA C&L 기준 해당 H코드 없음),분류대상아님(EU CLP Annex VI/ECHA C&L 기준 해당 H코드 없음),"피부감작성 구분1 (H317, EU CLP Annex VI): H317: May cause an allergic skin reaction [Warning Sensitization, Skin]",annex_vi,정상,정상,PubChem CID URL 1건,pass,눈:신규[NC] vs 기존[2B](ntp_measured) | 피부:신규[NC] vs 기존[2B](ntp_measured),조건부,기존 v5 라벨과 충돌 — 병합규칙 확정 필요
99129-21-2,Clethodim,분류대상아님(EU CLP Annex VI/ECHA C&L 기준 해당 H코드 없음),분류대상아님(EU CLP Annex VI/ECHA C&L 기준 해당 H코드 없음),"피부감작성 구분1 (H317, EU CLP Annex VI): H317: May cause an allergic skin reaction [Warning Sensitization, Skin]",annex_vi,정상,정상,PubChem CID URL 1건,pass,눈:신규[NC] vs 기존[2B;Not classified](sds_reported),조건부,기존 v5 라벨과 충돌 — 병합규칙 확정 필요
76-87-9,Triphenyltin hydroxide,"구분1(심한 눈손상) (H318, EU CLP Annex VI): H318: Causes serious eye damage [Danger Serious eye damage/eye irritation]","구분2(피부 자극) (H315, EU CLP Annex VI): H315: Causes skin irritation [Warning Skin corrosion/irritation]",분류대상아님(EU CLP Annex VI/ECHA C&L 기준 해당 H코드 없음),annex_vi,정상,정상,PubChem CID URL 1건,pass,없음,채택,"EU CLP Annex VI 근거 또는 양대출처 조회완료 NC, 범주/H코드 정합, URL 정상, 체디 pass, 기존값 충돌 없음"
68606-83-7,Cananga odorata,정보없음(PubChem CID 매칭 실패),정보없음(PubChem CID 매칭 실패),정보없음(PubChem CID 매칭 실패),정보없음,정상,정상,결측(정보없음 유형-조회실패로 인용가능 URL 없음),pass,없음,보류,3개 엔드포인트 전부 정보없음(PubChem 미매칭/GHS섹션 없음) — 라벨 근거 0
163520-33-0,"4,5-dihydro-5,5-diphenyl-1,2-oxazole-3-carboxylic acid, ethyl ester",분류대상아님(EU CLP Annex VI/ECHA C&L 기준 해당 H코드 없음),분류대상아님(EU CLP Annex VI/ECHA C&L 기준 해당 H코드 없음),"피부감작성 구분1 (H317, EU CLP Annex VI): H317: May cause an allergic skin reaction [Warning Sensitization, Skin]",annex_vi,정상,정상,PubChem CID URL 1건,pass,눈:신규[NC] vs 기존[2A](sds_reported) | 피부:신규[NC] vs 기존[2](sds_reported),조건부,기존 v5 라벨과 충돌 — 병합규칙 확정 필요
11067-82-6,Sodium tetrapropylenebenzenesulfonate,"구분1(심한 눈손상) (H318, ECHA C&L 통보): H318 (99.5%): Causes serious eye damage [Danger Serious eye damage/eye irritation]","구분2(피부 자극) (H315, ECHA C&L 통보): H315 (99.5%): Causes skin irritation [Warning Skin corrosion/irritation]",분류대상아님(EU CLP Annex VI/ECHA C&L 기준 해당 H코드 없음),echa_cl,정상,정상,PubChem CID URL 1건,pass,피부:신규[2] vs 기존[Not classified](NC),조건부,출처가 ECHA C&L 자가신고(법적구속력 없음) / 기존 v5 라벨과 충돌 존재
2032-65-7,Methiocarb,분류대상아님(EU CLP Annex VI/ECHA C&L 기준 해당 H코드 없음),분류대상아님(EU CLP Annex VI/ECHA C&L 기준 해당 H코드 없음),분류대상아님(EU CLP Annex VI/ECHA C&L 기준 해당 H코드 없음),pubchem_기타,정상,정상,PubChem CID URL 1건,pass,없음,채택,"EU CLP Annex VI 근거 또는 양대출처 조회완료 NC, 범주/H코드 정합, URL 정상, 체디 pass, 기존값 충돌 없음"
123-95-5,butyl stearate,분류대상아님(EU CLP Annex VI/ECHA C&L 기준 해당 H코드 없음),분류대상아님(EU CLP Annex VI/ECHA C&L 기준 해당 H코드 없음),분류대상아님(EU CLP Annex VI/ECHA C&L 기준 해당 H코드 없음),pubchem_기타,정상,정상,PubChem CID URL 1건,pass,없음,조건부,분류대상아님이 ECHA C&L 통보 부재만에 근거 — 미시험(no data)과 음성(negative) 구분 불가
8009-03-8,petrolatum,정보없음(PubChem CID 매칭 실패),정보없음(PubChem CID 매칭 실패),정보없음(PubChem CID 매칭 실패),정보없음,정상,정상,결측(정보없음 유형-조회실패로 인용가능 URL 없음),pass,없음,보류,3개 엔드포인트 전부 정보없음(PubChem 미매칭/GHS섹션 없음) — 라벨 근거 0
64742-54-7,"distillates (petroleum), hydrotreated heavy paraffinic",정보없음(PubChem CID 매칭 실패),정보없음(PubChem CID 매칭 실패),정보없음(PubChem CID 매칭 실패),정보없음,정상,정상,결측(정보없음 유형-조회실패로 인용가능 URL 없음),pass,없음,보류,3개 엔드포인트 전부 정보없음(PubChem 미매칭/GHS섹션 없음) — 라벨 근거 0
920-66-1,"1,1,1,3,3,3-Hexafluoro-2-propanol","구분1(심한 눈손상) (H318, ECHA C&L 통보): H318 (38%): Causes serious eye damage [Danger Serious eye damage/eye irritation]","구분1(피부 부식/화상) (H314, ECHA C&L 통보): H314 (100%): Causes severe skin burns and eye damage [Danger Skin corrosion/irritation]",분류대상아님(EU CLP Annex VI/ECHA C&L 기준 해당 H코드 없음),echa_cl,정상,정상,PubChem CID URL 1건,pass,피부:신규[1] vs 기존[2B](ntp_measured),조건부,ECHA C&L 자가신고 통보율 과반미달을 확정분류로 채택: 눈:38.0% / 기존 v5 라벨과 충돌 존재
1861-40-1,Benfluralin,"구분2(눈 자극) (H319, EU CLP Annex VI): H319: Causes serious eye irritation [Warning Serious eye damage/eye irritation]","구분2(피부 자극) (H315, EU CLP Annex VI): H315: Causes skin irritation [Warning Skin corrosion/irritation]","피부감작성 구분1 (H317, EU CLP Annex VI): H317: May cause an allergic skin reaction [Warning Sensitization, Skin]",annex_vi,정상,정상,PubChem CID URL 1건,pass,없음,채택,"EU CLP Annex VI 근거 또는 양대출처 조회완료 NC, 범주/H코드 정합, URL 정상, 체디 pass, 기존값 충돌 없음"
20193-20-8,"1-Propanamine, N-ethyl-","구분1(심한 눈손상) (H318, ECHA C&L 통보): H318 (56.6%): Causes serious eye damage [Danger Serious eye damage/eye irritation]","구분1(피부 부식/화상) (H314, ECHA C&L 통보): H314 (100%): Causes severe skin burns and eye damage [Danger Skin corrosion/irritation]",분류대상아님(EU CLP Annex VI/ECHA C&L 기준 해당 H코드 없음),echa_cl,정상,정상,PubChem CID URL 1건,pass,감작:신규[NC] vs 기존[1](sens_ghs),조건부,출처가 ECHA C&L 자가신고(법적구속력 없음) / 기존 v5 라벨과 충돌 존재
372137-35-4,Saflufenacil,분류대상아님(EU CLP Annex VI/ECHA C&L 기준 해당 H코드 없음),분류대상아님(EU CLP Annex VI/ECHA C&L 기준 해당 H코드 없음),분류대상아님(EU CLP Annex VI/ECHA C&L 기준 해당 H코드 없음),pubchem_기타,정상,정상,PubChem CID URL 1건,pass,없음,조건부,분류대상아님이 ECHA C&L 통보 부재만에 근거 — 미시험(no data)과 음성(negative) 구분 불가
149979-41-9,Tepraloxydim,분류대상아님(EU CLP Annex VI/ECHA C&L 기준 해당 H코드 없음),분류대상아님(EU CLP Annex VI/ECHA C&L 기준 해당 H코드 없음),분류대상아님(EU CLP Annex VI/ECHA C&L 기준 해당 H코드 없음),pubchem_기타,정상,정상,PubChem CID URL 1건,pass,없음,채택,"EU CLP Annex VI 근거 또는 양대출처 조회완료 NC, 범주/H코드 정합, URL 정상, 체디 pass, 기존값 충돌 없음"
3619-17-8,Isobutyric acid hydrazide,"구분2(눈 자극) (H319, ECHA C&L 통보): H319 (75%): Causes serious eye irritation [Warning Serious eye damage/eye irritation]","구분2(피부 자극) (H315, ECHA C&L 통보): H315 (75%): Causes skin irritation [Warning Skin corrosion/irritation]",분류대상아님(EU CLP Annex VI/ECHA C&L 기준 해당 H코드 없음),echa_cl,정상,정상,PubChem CID URL 1건,pass,없음,조건부,출처가 ECHA C&L 자가신고(법적구속력 없음)
118-52-5,"1,3-Dichloro-5,5-dimethylhydantoin","구분2(눈 자극) (H319, ECHA C&L 통보): H319 (36.9%): Causes serious eye irritation [Warning Serious eye damage/eye irritation]","구분1(피부 부식/화상) (H314, ECHA C&L 통보): H314 (61.5%): Causes severe skin burns and eye damage [Danger Skin corrosion/irritation]","피부감작성 구분1 (H317, ECHA C&L 통보): H317 (20.8%): May cause an allergic skin reaction [Warning Sensitization, Skin]",echa_cl,정상,정상,PubChem CID URL 1건,pass,없음,조건부,"ECHA C&L 자가신고 통보율 과반미달을 확정분류로 채택: 눈:36.9%,감작:20.8%"
16079-88-2,"1-Bromo-3-chloro-5,5-dimethylhydantoin",분류대상아님(EU CLP Annex VI/ECHA C&L 기준 해당 H코드 없음),"구분1(피부 부식/화상) (H314, ECHA C&L 통보): H314 (100%): Causes severe skin burns and eye damage [Danger Skin corrosion/irritation]","피부감작성 구분1 (H317, ECHA C&L 통보): H317 (21.1%): May cause an allergic skin reaction [Warning Sensitization, Skin]",echa_cl,정상,정상,PubChem CID URL 1건,pass,없음,조건부,ECHA C&L 자가신고 통보율 과반미달을 확정분류로 채택: 감작:21.1%
89415-87-2,"1,3-Dichloro-5-ethyl-5-methyl-hydantoin",분류대상아님(EU CLP Annex VI/ECHA C&L 기준 해당 H코드 없음),"구분1(피부 부식/화상) (H314, EU CLP Annex VI): H314: Causes severe skin burns and eye damage [Danger Skin corrosion/irritation]","피부감작성 구분1 (H317, EU CLP Annex VI): H317: May cause an allergic skin reaction [Warning Sensitization, Skin]",annex_vi,정상,정상,PubChem CID URL 1건,pass,없음,채택,"EU CLP Annex VI 근거 또는 양대출처 조회완료 NC, 범주/H코드 정합, URL 정상, 체디 pass, 기존값 충돌 없음"
111988-49-9,Thiacloprid,분류대상아님(EU CLP Annex VI/ECHA C&L 기준 해당 H코드 없음),분류대상아님(EU CLP Annex VI/ECHA C&L 기준 해당 H코드 없음),분류대상아님(EU CLP Annex VI/ECHA C&L 기준 해당 H코드 없음),pubchem_기타,정상,정상,PubChem CID URL 1건,pass,없음,조건부,분류대상아님이 ECHA C&L 통보 부재만에 근거 — 미시험(no data)과 음성(negative) 구분 불가
112-02-7,Hexadecyl trimethyl ammonium chloride,"구분1(심한 눈손상) (H318, ECHA C&L 통보): H318 (85.7%): Causes serious eye damage [Danger Serious eye damage/eye irritation]","구분1(피부 부식/화상) (H314, ECHA C&L 통보): H314 (41.5%): Causes severe skin burns and eye damage [Danger Skin corrosion/irritation]",분류대상아님(EU CLP Annex VI/ECHA C&L 기준 해당 H코드 없음),echa_cl,정상,정상,PubChem CID URL 1건,pass,없음,조건부,ECHA C&L 자가신고 통보율 과반미달을 확정분류로 채택: 피부:41.5%
6419-19-8,Aminotrimethylene phosphonic acid,"구분2(눈 자극) (H319, ECHA C&L 통보): H319 (82.9%): Causes serious eye irritation [Warning Serious eye damage/eye irritation]","구분2(피부 자극) (H315, ECHA C&L 통보): H315 (48.1%): Causes skin irritation [Warning Skin corrosion/irritation]",분류대상아님(EU CLP Annex VI/ECHA C&L 기준 해당 H코드 없음),echa_cl,정상,정상,PubChem CID URL 1건,pass,없음,조건부,ECHA C&L 자가신고 통보율 과반미달을 확정분류로 채택: 피부:48.1%
124-07-2,Octanoic acid,"구분1(심한 눈손상) (H318, ECHA C&L 통보): H318 (78.6%): Causes serious eye damage [Danger Serious eye damage/eye irritation]","구분1(피부 부식/화상) (H314, EU CLP Annex VI): H314: Causes severe skin burns and eye damage [Danger Skin corrosion/irritation]",분류대상아님(EU CLP Annex VI/ECHA C&L 기준 해당 H코드 없음),annex_vi,정상,정상,PubChem CID URL 1건,pass,없음,조건부,Annex VI(법적구속) 항목 존재하나 ECHA C&L(자가신고) 값을 채택 — 출처위계 역전 가능
334-48-5,Decanoic acid,"구분2(눈 자극) (H319, EU CLP Annex VI): H319: Causes serious eye irritation [Warning Serious eye damage/eye irritation]","구분2(피부 자극) (H315, EU CLP Annex VI): H315: Causes skin irritation [Warning Skin corrosion/irritation]",분류대상아님(EU CLP Annex VI/ECHA C&L 기준 해당 H코드 없음),annex_vi,정상,정상,PubChem CID URL 1건,pass,눈:신규[2] vs 기존[1;2A](sds_reported) | 피부:신규[2] vs 기존[1;2](sds_reported),조건부,기존 v5 라벨과 충돌 — 병합규칙 확정 필요
110-80-5,2-Ethoxyethanol,분류대상아님(EU CLP Annex VI/ECHA C&L 기준 해당 H코드 없음),분류대상아님(EU CLP Annex VI/ECHA C&L 기준 해당 H코드 없음),분류대상아님(EU CLP Annex VI/ECHA C&L 기준 해당 H코드 없음),pubchem_기타,정상,정상,PubChem CID URL 1건,pass,눈:신규[NC] vs 기존[1](sds_reported) | 피부:신규[NC] vs 기존[1](sds_reported),조건부,기존 v5 라벨과 충돌 — 병합규칙 확정 필요
9002-93-1,Triton X 100,"구분2(눈 자극) (H319, ECHA C&L 통보): H319 (100%): Causes serious eye irritation [Warning Serious eye damage/eye irritation]","구분2(피부 자극) (H315, ECHA C&L 통보): H315 (100%): Causes skin irritation [Warning Skin corrosion/irritation]",분류대상아님(EU CLP Annex VI/ECHA C&L 기준 해당 H코드 없음),echa_cl,정상,정상,PubChem CID URL 1건,pass,눈:신규[2] vs 기존[1](sds_reported) | 피부:신규[2] vs 기존[1](sds_reported),조건부,"출처가 ECHA C&L 자가신고(법적구속력 없음) / CAS 직접일치 아님, 성분명 유사도로 CID 동정 — 오매칭 위험 / 기존 v5 라벨과 충돌 존재"
1643-20-5,"N,N-Dimethyldodecylamine-N-oxide","구분1(심한 눈손상) (H318, ECHA C&L 통보): H318 (81%): Causes serious eye damage [Danger Serious eye damage/eye irritation]","구분2(피부 자극) (H315, ECHA C&L 통보): H315 (88.7%): Causes skin irritation [Warning Skin corrosion/irritation]",분류대상아님(EU CLP Annex VI/ECHA C&L 기준 해당 H코드 없음),echa_cl,정상,정상,PubChem CID URL 1건,pass,없음,조건부,출처가 ECHA C&L 자가신고(법적구속력 없음)
7647-01-0,Hydrochloric acid,"구분1(심한 눈손상) (H318, ECHA C&L 통보): H318 (20%): Causes serious eye damage [Danger Serious eye damage/eye irritation]","구분1(피부 부식/화상) (H314, EU CLP Annex VI): H314: Causes severe skin burns and eye damage [Danger Skin corrosion/irritation]",분류대상아님(EU CLP Annex VI/ECHA C&L 기준 해당 H코드 없음),annex_vi,정상,정상,PubChem CID URL 1건,pass,없음,조건부,ECHA C&L 자가신고 통보율 과반미달을 확정분류로 채택: 눈:20.0%
77-92-9,Citric acid,"구분2(눈 자극) (H319, EU CLP Annex VI): H319: Causes serious eye irritation [Warning Serious eye damage/eye irritation]",분류대상아님(EU CLP Annex VI/ECHA C&L 기준 해당 H코드 없음),분류대상아님(EU CLP Annex VI/ECHA C&L 기준 해당 H코드 없음),annex_vi,정상,정상,PubChem CID URL 1건,pass,눈:신규[2] vs 기존[1](sds_reported) | 피부:신규[NC] vs 기존[1B](sds_reported),조건부,기존 v5 라벨과 충돌 — 병합규칙 확정 필요
9004-82-4,"Dodecanol, ethoxylated, monoether with sulfuric acid, sodium salt","구분1(심한 눈손상) (H318, ECHA C&L 통보): H318 (98.1%): Causes serious eye damage [Danger Serious eye damage/eye irritation]","구분2(피부 자극) (H315, ECHA C&L 통보): H315 (98.1%): Causes skin irritation [Warning Skin corrosion/irritation]",분류대상아님(EU CLP Annex VI/ECHA C&L 기준 해당 H코드 없음),echa_cl,정상,정상,PubChem CID URL 1건,pass,없음,보류,출처가 ECHA C&L 자가신고(법적구속력 없음) / PubChem CID 복수후보 중 첫번째를 임의 채택 — 물질동정 미확정
112-80-1,Oleic acid,"구분2(눈 자극) (H319, ECHA C&L 통보): H319 (22%): Causes serious eye irritation [Warning Serious eye damage/eye irritation]","구분2(피부 자극) (H315, ECHA C&L 통보): H315 (31.5%): Causes skin irritation [Warning Skin corrosion/irritation]",분류대상아님(EU CLP Annex VI/ECHA C&L 기준 해당 H코드 없음),echa_cl,정상,정상,PubChem CID URL 1건,pass,없음,조건부,"ECHA C&L 자가신고 통보율 과반미달을 확정분류로 채택: 눈:22.0%,피부:31.5%"
7705-08-0,Ferric chloride,"구분1(심한 눈손상) (H318, ECHA C&L 통보): H318 (24.5%): Causes serious eye damage [Danger Serious eye damage/eye irritation]","구분1(피부 부식/화상) (H314, ECHA C&L 통보): H314 (75.4%): Causes severe skin burns and eye damage [Danger Skin corrosion/irritation]",분류대상아님(EU CLP Annex VI/ECHA C&L 기준 해당 H코드 없음),echa_cl,정상,정상,PubChem CID URL 1건,pass,없음,조건부,ECHA C&L 자가신고 통보율 과반미달을 확정분류로 채택: 눈:24.5%
7782-50-5,Chlorine,"구분2(눈 자극) (H319, EU CLP Annex VI): H319: Causes serious eye irritation [Warning Serious eye damage/eye irritation]","구분2(피부 자극) (H315, EU CLP Annex VI): H315: Causes skin irritation [Warning Skin corrosion/irritation]",분류대상아님(EU CLP Annex VI/ECHA C&L 기준 해당 H코드 없음),annex_vi,정상,정상,PubChem CID URL 1건,pass,없음,채택,"EU CLP Annex VI 근거 또는 양대출처 조회완료 NC, 범주/H코드 정합, URL 정상, 체디 pass, 기존값 충돌 없음"
572912-13-1,Ethofumesate carboxylic acid,정보없음(PubChem에 GHS Classification 데이터 없음),정보없음(PubChem에 GHS Classification 데이터 없음),정보없음(PubChem에 GHS Classification 데이터 없음),정보없음,정상,정상,PubChem CID URL 1건,pass,없음,보류,3개 엔드포인트 전부 정보없음(PubChem 미매칭/GHS섹션 없음) — 라벨 근거 0
1312-76-1,Potassium silicate <=100,정보없음(PubChem CID 매칭 실패),정보없음(PubChem CID 매칭 실패),정보없음(PubChem CID 매칭 실패),정보없음,정상,정상,결측(정보없음 유형-조회실패로 인용가능 URL 없음),pass,없음,보류,3개 엔드포인트 전부 정보없음(PubChem 미매칭/GHS섹션 없음) — 라벨 근거 0
80-26-2,alpha-Terpinyl acetate,분류대상아님(EU CLP Annex VI/ECHA C&L 기준 해당 H코드 없음),분류대상아님(EU CLP Annex VI/ECHA C&L 기준 해당 H코드 없음),분류대상아님(EU CLP Annex VI/ECHA C&L 기준 해당 H코드 없음),pubchem_기타,정상,정상,PubChem CID URL 1건,pass,눈:신규[NC] vs 기존[2A](sds_reported) | 피부:신규[NC] vs 기존[2](sds_reported),조건부,분류대상아님이 ECHA C&L 통보 부재만에 근거 — 미시험(no data)과 음성(negative) 구분 불가 / 기존 v5 라벨과 충돌 존재
99-76-3,Methylparaben,"구분2(눈 자극) (H319, ECHA C&L 통보): H319 (53.7%): Causes serious eye irritation [Warning Serious eye damage/eye irritation]","구분2(피부 자극) (H315, ECHA C&L 통보): H315 (53.8%): Causes skin irritation [Warning Skin corrosion/irritation]",분류대상아님(EU CLP Annex VI/ECHA C&L 기준 해당 H코드 없음),echa_cl,정상,정상,PubChem CID URL 1건,pass,없음,조건부,출처가 ECHA C&L 자가신고(법적구속력 없음)
25057-89-0,Bentazone,"구분2(눈 자극) (H319, EU CLP Annex VI): H319: Causes serious eye irritation [Warning Serious eye damage/eye irritation]",분류대상아님(EU CLP Annex VI/ECHA C&L 기준 해당 H코드 없음),"피부감작성 구분1 (H317, EU CLP Annex VI): H317: May cause an allergic skin reaction [Warning Sensitization, Skin]",annex_vi,정상,정상,PubChem CID URL 1건,pass,없음,채택,"EU CLP Annex VI 근거 또는 양대출처 조회완료 NC, 범주/H코드 정합, URL 정상, 체디 pass, 기존값 충돌 없음"
8013-10-3,CADE wood ORGANIC OIL,정보없음(PubChem CID 매칭 실패),정보없음(PubChem CID 매칭 실패),정보없음(PubChem CID 매칭 실패),정보없음,정상,정상,결측(정보없음 유형-조회실패로 인용가능 URL 없음),pass,없음,보류,3개 엔드포인트 전부 정보없음(PubChem 미매칭/GHS섹션 없음) — 라벨 근거 0
3338-55-4,cis-β-Ocimene,분류대상아님(EU CLP Annex VI/ECHA C&L 기준 해당 H코드 없음),"구분2(피부 자극) (H315, ECHA C&L 통보): H315 (23%): Causes skin irritation [Warning Skin corrosion/irritation]",분류대상아님(EU CLP Annex VI/ECHA C&L 기준 해당 H코드 없음),echa_cl,정상,정상,PubChem CID URL 1건,pass,없음,조건부,ECHA C&L 자가신고 통보율 과반미달을 확정분류로 채택: 피부:23.0%
23132-17-4,Δ9-THC Acetate,정보없음(PubChem에 GHS Classification 데이터 없음),정보없음(PubChem에 GHS Classification 데이터 없음),정보없음(PubChem에 GHS Classification 데이터 없음),정보없음,정상,정상,PubChem CID URL 1건,pass,없음,보류,3개 엔드포인트 전부 정보없음(PubChem 미매칭/GHS섹션 없음) — 라벨 근거 0
75-05-8,Acetonitrile,"구분2(눈 자극) (H319, EU CLP Annex VI): H319: Causes serious eye irritation [Warning Serious eye damage/eye irritation]",분류대상아님(EU CLP Annex VI/ECHA C&L 기준 해당 H코드 없음),분류대상아님(EU CLP Annex VI/ECHA C&L 기준 해당 H코드 없음),annex_vi,정상,정상,PubChem CID URL 1건,pass,없음,채택,"EU CLP Annex VI 근거 또는 양대출처 조회완료 NC, 범주/H코드 정합, URL 정상, 체디 pass, 기존값 충돌 없음"
7540-51-4,"Beta-citronellol, (S)-","구분2(눈 자극) (H319, ECHA C&L 통보): H319 (56.3%): Causes serious eye irritation [Warning Serious eye damage/eye irritation]","구분2(피부 자극) (H315, ECHA C&L 통보): H315 (100%): Causes skin irritation [Warning Skin corrosion/irritation]","피부감작성 구분1 (H317, ECHA C&L 통보): H317 (87.8%): May cause an allergic skin reaction [Warning Sensitization, Skin]",echa_cl,정상,정상,PubChem CID URL 1건,pass,없음,조건부,출처가 ECHA C&L 자가신고(법적구속력 없음)
84837-04-7,Nikura,정보없음(PubChem CID 매칭 실패),정보없음(PubChem CID 매칭 실패),정보없음(PubChem CID 매칭 실패),정보없음,정상,정상,결측(정보없음 유형-조회실패로 인용가능 URL 없음),pass,없음,보류,3개 엔드포인트 전부 정보없음(PubChem 미매칭/GHS섹션 없음) — 라벨 근거 0
