Formulation_ID,Formulation_Name,formulation_code,physical_form,product_category,concentration_type,type_confidence,type_evidence_basis,signal_word,ghs_hazard_classes,acute_toxicity_route,environmental_hazard,h_codes,hazard_level_score,hazard_confidence,hazard_evidence_basis,use_class,target_pest_organism,target_crop_site,application_method,use_pattern,use_confidence,use_evidence_basis,epa_reg_number,regulatory_jurisdiction,registration_status,active_ingredient_declared,reach_registered,label_type,regulatory_confidence,regulatory_evidence_basis,active_pct_total,inert_pct_total,primary_active_ingredient,ingredient_count_class,concentration_class,pct_data_quality,formulation_complexity_score,ingredient_profile_confidence,profile_evidence_basis
EyeIrritation6pack_PID10,"2,4-DP [(2,4-Dichlorophenoxy) propionic acid]",UNKNOWN,unknown,pesticide/herbicide,unknown,LOW,pattern_inferred,UNKNOWN,[],['none_identified'],unknown,[],0.0,LOW,no_basis,study/eye_irritation_rabbit,,,unknown,unknown,HIGH,source_filename,,RESEARCH_ONLY,not_registered,False,,unknown,HIGH,source_filename,2.0,98.0,"2,4-(Dichlorophenoxy)]-propionic acid",single,ultra_low,exact,1.0,,
EyeIrritation6pack_PID100,Atlantis Herbicide,UNKNOWN,liquid,pesticide/herbicide,concentrate,MEDIUM,name_explicit,UNKNOWN,[],['none_identified'],unknown,[],0.0,LOW,snippet_keywords,study/eye_irritation_rabbit,,,unknown,unknown,HIGH,source_filename,,RESEARCH_ONLY,not_registered,False,,sds_full,HIGH,source_filename,2.0,98.0,Mesosulfuron-methyl,multi_7p,ultra_low,partial,5.0,,
EyeIrritation6pack_PID1000,Tri-allate (#N/A),UNKNOWN,liquid,pesticide/herbicide,concentrate,MEDIUM,pattern_inferred,UNKNOWN,[],['none_identified'],unknown,[],0.0,LOW,no_basis,study/eye_irritation_rabbit,,,unknown,unknown,HIGH,source_filename,,RESEARCH_ONLY,not_registered,False,,sds_full,HIGH,source_filename,50.0,50.0,Tri-allate,ternary,medium,exact,3.0,,
EyeIrritation6pack_PID1001,Trifloxysulfuron-sodium,UNKNOWN,powder,pesticide/herbicide,unknown,LOW,pattern_inferred,WARNING,"['aquatic_acute_1', 'aquatic_chronic_1']",['none_identified'],aquatic_chronic,['H410'],2.0,HIGH,sds_section2,study/eye_irritation_rabbit,,,unknown,unknown,HIGH,source_filename,,RESEARCH_ONLY,not_registered,False,,unknown,HIGH,source_filename,,,Trifloxysulfuron-sodium,single,unknown,none,1.0,,
EyeIrritation6pack_PID1002,Triflurex HFP,UNKNOWN,liquid,pesticide/herbicide,concentrate,MEDIUM,pattern_inferred,UNKNOWN,[],['none_identified'],unknown,[],0.0,LOW,no_basis,study/eye_irritation_rabbit,,,unknown,unknown,HIGH,source_filename,,RESEARCH_ONLY,not_registered,False,,sds_partial,HIGH,source_filename,,,Trifluralin,single,unknown,none,1.0,,
EyeIrritation6pack_PID1004,Triticonazole Fungicide,UNKNOWN,powder,pesticide/fungicide,concentrate,MEDIUM,name_explicit,UNKNOWN,[],['none_identified'],unknown,[],0.0,LOW,snippet_keywords,study/eye_irritation_rabbit,,,unknown,unknown,HIGH,source_filename,,RESEARCH_ONLY,not_registered,False,,sds_full,HIGH,source_filename,,,triticonazole,single,unknown,none,1.0,,
EyeIrritation6pack_PID1005,Troysan 680,UNKNOWN,liquid,industrial_chemical,unknown,LOW,pattern_inferred,NONE,[],['none_identified'],none,[],1.0,MEDIUM,snippet_keywords,study/eye_irritation_rabbit,,,unknown,unknown,HIGH,source_filename,,RESEARCH_ONLY,not_registered,False,,sds_full,HIGH,source_filename,100.0,0.0,"Distillates (Petroleum), Hydrotreated Light",single,very_high,exact,1.0,,
EyeIrritation6pack_PID1007,Troysan V48,UNKNOWN,liquid,industrial_chemical,unknown,LOW,pattern_inferred,UNKNOWN,[],['none_identified'],unknown,[],0.0,LOW,snippet_keywords,study/eye_irritation_rabbit,,,unknown,unknown,HIGH,source_filename,,RESEARCH_ONLY,not_registered,False,,sds_full,HIGH,source_filename,3.0,97.0,aminoethanol,binary,ultra_low,exact,2.0,,
EyeIrritation6pack_PID1008,Tru-Core Millwork Preservative Concentrate,UNKNOWN,liquid,wood_preservative,concentrate,MEDIUM,name_explicit,UNKNOWN,[],['none_identified'],unknown,[],0.0,LOW,no_basis,study/eye_irritation_rabbit,,,unknown,unknown,HIGH,source_filename,,RESEARCH_ONLY,not_registered,True,,product_page,MEDIUM,source_filename,6.5,93.5,water repellents and wood preservative,single,low,exact,1.0,,
EyeIrritation6pack_PID1009,TSS 75WG (CGA 362622 WG 75),WG,granule,pesticide/other,concentrate,HIGH,name_explicit,UNKNOWN,[],['none_identified'],unknown,[],0.0,LOW,no_basis,study/eye_irritation_rabbit,,,unknown,unknown,HIGH,source_filename,,RESEARCH_ONLY,not_registered,False,,epa_label,LOW,no_basis,75.0,25.0,Active Ingredient,single,very_high,exact,1.0,,
EyeIrritation6pack_PID101,Autumn Super 51 WDG Herbicide,WDG,granule,pesticide/herbicide,concentrate,HIGH,name_explicit,UNKNOWN,[],['none_identified'],unknown,[],0.0,LOW,no_basis,study/eye_irritation_rabbit,,,unknown,unknown,HIGH,source_filename,,RESEARCH_ONLY,not_registered,False,,sds_full,HIGH,source_filename,,,Thiencarbazone-methyl,multi_4_6,unknown,none,4.0,,
EyeIrritation6pack_PID1011,Tundra Max,UNKNOWN,liquid,pesticide/insecticide,concentrate,MEDIUM,pattern_inferred,UNKNOWN,[],['none_identified'],unknown,[],0.0,LOW,snippet_keywords,study/eye_irritation_rabbit,,,unknown,unknown,HIGH,source_filename,,RESEARCH_ONLY,not_registered,False,,sds_full,HIGH,source_filename,37.6,62.4,Chlorpyrifos,multi_4_6,medium,exact,4.0,,
EyeIrritation6pack_PID1012,Turfthor WP,WP,powder,pesticide/insecticide,concentrate,HIGH,name_explicit,UNKNOWN,[],['none_identified'],unknown,[],0.0,LOW,no_basis,study/eye_irritation_rabbit,,,unknown,unknown,HIGH,source_filename,,RESEARCH_ONLY,not_registered,False,,sds_full,HIGH,source_filename,75.0,25.0,Imidacloprid,single,very_high,exact,1.0,,
EyeIrritation6pack_PID1013,UBI 4389,UNKNOWN,unknown,unknown,unknown,LOW,no_basis,UNKNOWN,[],['none_identified'],unknown,[],0.0,LOW,no_basis,study/eye_irritation_rabbit,,,unknown,unknown,HIGH,source_filename,,UNKNOWN,unknown,False,,worldbank_doc,LOW,no_basis,,,,multi_7p,unknown,inconsistent,5.0,,
EyeIrritation6pack_PID1016,Ultrathion Insect Repellent,UNKNOWN,liquid,consumer_product,ready-to-use,MEDIUM,evidence_snippet,UNKNOWN,[],['none_identified'],unknown,[],0.0,LOW,no_basis,study/eye_irritation_rabbit,,,unknown,unknown,HIGH,source_filename,,RESEARCH_ONLY,not_registered,False,,product_page,HIGH,source_filename,34.34,65.66,DEET,single,medium,exact,1.0,,
EyeIrritation6pack_PID1018,Unicorn Fungicide,UNKNOWN,powder,pesticide/fungicide,concentrate,MEDIUM,name_explicit,UNKNOWN,[],['none_identified'],unknown,[],0.0,LOW,snippet_keywords,study/eye_irritation_rabbit,,,unknown,unknown,HIGH,source_filename,,RESEARCH_ONLY,not_registered,False,,unknown,HIGH,source_filename,3.0,97.0,Tebuconazole,binary,ultra_low,exact,2.0,,
EyeIrritation6pack_PID1019,Up-Cyde Pro 2.0 EC Termiticide/Insecticide,EC,liquid,pesticide/insecticide,concentrate,HIGH,name_explicit,DANGER,"['acute_toxicity_oral_4', 'acute_toxicity_dermal_4', 'acute_toxicity_inhalation_3', 'aquatic_acute_1', 'aquatic_chronic_1']","['oral', 'dermal', 'inhalation']",aquatic_chronic,[],4.0,HIGH,sds_section2,study/eye_irritation_rabbit,,,unknown,unknown,HIGH,source_filename,70506-19,US_EPA,registered_active,False,,sds_full,HIGH,epa_reg_found,40.0,60.0,cypermethrin,binary,high,exact,2.0,,
EyeIrritation6pack_PID102,Averthor Granular Ant Bait,GR,granule,pesticide/insecticide,ready-to-use,HIGH,name_explicit,WARNING,"['acute_toxicity_inhalation_4', 'acute_toxicity_oral_4', 'eye_irritation_2A', 'reproductive_toxicity_1B', 'stot_repeated_1', 'aquatic_chronic_1']","['oral', 'inhalation']",aquatic_chronic,[],5.0,HIGH,snippet_keywords,study/eye_irritation_rabbit,,,unknown,unknown,HIGH,source_filename,,RESEARCH_ONLY,not_registered,False,,sds_full,HIGH,source_filename,0.73,99.27,Hydramethylnon,single,ultra_low,exact,1.0,,
EyeIrritation6pack_PID1020,UP-End Herbicide,UNKNOWN,liquid,pesticide/herbicide,concentrate,MEDIUM,name_explicit,UNKNOWN,[],['none_identified'],unknown,[],0.0,LOW,snippet_keywords,study/eye_irritation_rabbit,,,unknown,unknown,HIGH,source_filename,,RESEARCH_ONLY,not_registered,False,,sds_full,HIGH,source_filename,12.0,88.0,4-Dichlorophenoxy)aceticacid,multi_4_6,medium,approximate,4.0,,
EyeIrritation6pack_PID1021,UPI Glyphosphate,UNKNOWN,liquid,pesticide/herbicide,concentrate,MEDIUM,pattern_inferred,UNKNOWN,[],['none_identified'],unknown,[],0.0,LOW,snippet_keywords,study/eye_irritation_rabbit,,,unknown,unknown,HIGH,source_filename,,RESEARCH_ONLY,not_registered,False,,sds_full,HIGH,source_filename,4.0,96.0,Glyphosate,binary,low,approximate,2.0,,
EyeIrritation6pack_PID1022,UPI Imidacloprid,UNKNOWN,powder,pesticide/insecticide,concentrate,MEDIUM,pattern_inferred,UNKNOWN,[],['none_identified'],unknown,[],0.0,LOW,no_basis,study/eye_irritation_rabbit,,,unknown,unknown,HIGH,source_filename,,RESEARCH_ONLY,not_registered,False,,sds_full,HIGH,source_filename,2.0,98.0,1H-Imidazol--amine,single,ultra_low,exact,1.0,,
EyeIrritation6pack_PID1023,US-LON-A,UNKNOWN,unknown,cleaning_disinfectant,unknown,LOW,pattern_inferred,UNKNOWN,[],['none_identified'],unknown,[],0.0,LOW,snippet_keywords,study/eye_irritation_rabbit,,,unknown,unknown,HIGH,source_filename,,UNKNOWN,unknown,False,,unknown,LOW,no_basis,1.0,99.0,Trichloroisocyanuric Acid,ternary,ultra_low,exact,3.0,,
EyeIrritation6pack_PID1024,V-10116 3.7 FS,FS,suspension,pesticide/fungicide,concentrate,HIGH,name_explicit,UNKNOWN,[],['none_identified'],unknown,[],0.0,LOW,no_basis,study/eye_irritation_rabbit,,,unknown,unknown,HIGH,source_filename,,RESEARCH_ONLY,not_registered,False,,unknown,HIGH,source_filename,5.0,95.0,Metconazole,binary,low,exact,2.0,,
EyeIrritation6pack_PID1025,V-10116 VPP Fungicide,UNKNOWN,powder,pesticide/fungicide,concentrate,MEDIUM,name_explicit,UNKNOWN,[],['none_identified'],unknown,[],0.0,LOW,snippet_keywords,study/eye_irritation_rabbit,,,unknown,unknown,HIGH,source_filename,,RESEARCH_ONLY,not_registered,False,,sds_full,HIGH,source_filename,5.0,95.0,Metconazole,single,low,exact,1.0,,
EyeIrritation6pack_PID1026,V-10141 2.8 EC Insecticide,EC,liquid,pesticide/insecticide,concentrate,HIGH,name_explicit,UNKNOWN,[],['none_identified'],unknown,[],0.0,LOW,snippet_keywords,study/eye_irritation_rabbit,,,unknown,unknown,HIGH,source_filename,,RESEARCH_ONLY,not_registered,False,,sds_full,HIGH,source_filename,,,Deltamethrin,single,unknown,none,1.0,,
EyeIrritation6pack_PID1027,V-10142 Herbicide,UNKNOWN,liquid,pesticide/herbicide,concentrate,MEDIUM,name_explicit,WARNING,"['eye_irritation_2', 'skin_irritation_2', 'acute_toxicity_oral_4', 'acute_toxicity_inhalation_4']","['oral', 'inhalation']",unknown,"['H302', 'H315', 'H319', 'H332']",3.0,HIGH,sds_section2,study/eye_irritation_rabbit,,,unknown,unknown,HIGH,source_filename,,RESEARCH_ONLY,not_registered,False,False,sds_full,HIGH,source_filename,2.0,98.0,Imazosulfuron Technical,multi_4_6,ultra_low,partial,4.0,MEDIUM,workbook_pct
EyeIrritation6pack_PID1028,V-10276  0.088 SL Insecticide/Fungicide,SL,liquid,pesticide/insecticide,concentrate,HIGH,name_explicit,UNKNOWN,[],['none_identified'],aquatic_chronic,[],0.0,LOW,snippet_keywords,study/eye_irritation_rabbit,,,unknown,unknown,HIGH,source_filename,,RESEARCH_ONLY,not_registered,False,False,sds_full,HIGH,source_filename,,,Bifenthrin,ternary,unknown,none,3.0,LOW,name_inference
EyeIrritation6pack_PID1029,V-10336 Herbicide,UNKNOWN,liquid,pesticide/herbicide,concentrate,MEDIUM,name_explicit,UNKNOWN,[],['none_identified'],unknown,[],0.0,LOW,no_basis,study/eye_irritation_rabbit,,,unknown,unknown,HIGH,source_filename,,RESEARCH_ONLY,not_registered,False,False,sds_full,HIGH,source_filename,,,Potassium salt of glyphosate,binary,unknown,none,2.0,LOW,name_inference
EyeIrritation6pack_PID103,Avicta Complete Corn 250,UNKNOWN,liquid,pesticide/fungicide,concentrate,MEDIUM,pattern_inferred,UNKNOWN,[],['none_identified'],unknown,[],0.0,LOW,no_basis,study/eye_irritation_rabbit,,,unknown,unknown,HIGH,source_filename,,RESEARCH_ONLY,not_registered,False,False,sds_full,HIGH,source_filename,24.99,75.01,Thiamethoxam,multi_7p,medium,partial,5.0,MEDIUM,workbook_pct
EyeIrritation6pack_PID1031,Vapona Concentrate Insecticide,UNKNOWN,liquid,pesticide/insecticide,concentrate,HIGH,name_explicit,DANGER,"['acute_toxicity_oral_1', 'acute_toxicity_inhalation_1']","['oral', 'inhalation']",unknown,[],4.0,MEDIUM,label_precautionary,study/eye_irritation_rabbit,,,unknown,unknown,HIGH,source_filename,11556-174,US_EPA,registered_active,True,False,product_page,HIGH,epa_reg_found,40.2,59.8,Ddvp,ternary,high,exact,3.0,HIGH,workbook_pct
EyeIrritation6pack_PID1032,VCP-01,UNKNOWN,unknown,unknown,unknown,LOW,no_basis,DANGER,"['carcinogenicity_1A', 'skin_sensitization_1', 'stot_repeated_1', 'skin_corrosion_1B', 'eye_damage_1', 'respiratory_sensitization_1']","['dermal', 'oral']",none,"['H350', 'H317', 'H372', 'H314', 'H318', 'H334', 'H312', 'H302']",5.0,HIGH,sds_section2,study/eye_irritation_rabbit,,,unknown,unknown,HIGH,source_filename,,EU_REACH,not_registered,False,False,sds_full,MEDIUM,reach_text,,,VCP,binary,unknown,none,2.0,LOW,no_basis
EyeIrritation6pack_PID1033,Velocity SG Herbicide,UNKNOWN,granule,pesticide/herbicide,concentrate,MEDIUM,name_explicit,UNKNOWN,[],['none_identified'],unknown,[],0.0,LOW,no_basis,study/eye_irritation_rabbit,,,unknown,unknown,HIGH,source_filename,,RESEARCH_ONLY,not_registered,False,False,sds_full,HIGH,source_filename,2.0,98.0,Bromoxynil octanoate,multi_7p,ultra_low,partial,5.0,MEDIUM,workbook_pct
EyeIrritation6pack_PID1034,Veriguard OD,UNKNOWN,liquid,cleaning_disinfectant,concentrate,MEDIUM,pattern_inferred,UNKNOWN,"['acute_toxicity_oral_4', 'skin_corrosion_1B']",['oral'],unknown,"['H302', 'H314']",3.0,MEDIUM,snippet_keywords,study/eye_irritation_rabbit,,,unknown,unknown,HIGH,source_filename,,EU_REACH,not_registered,False,False,sds_full,MEDIUM,reach_text,2.4,97.6,Didecyldimethylammonium Chloride,single,ultra_low,partial,1.0,MEDIUM,workbook_pct
EyeIrritation6pack_PID1037,Viper WP,WP,powder,pesticide/insecticide,concentrate,HIGH,name_explicit,UNKNOWN,[],['none_identified'],unknown,[],0.0,LOW,no_basis,study/eye_irritation_rabbit,,,unknown,unknown,HIGH,source_filename,,RESEARCH_ONLY,not_registered,False,False,sds_full,HIGH,source_filename,25.4,74.6,Cypermethrin,multi_4_6,medium,approximate,4.0,HIGH,workbook_pct
EyeIrritation6pack_PID1038,Vitacon 100 Pro FS Fungicide,FS,suspension,pesticide/fungicide,concentrate,HIGH,sec_explicit,CAUTION,[],['none_identified'],unknown,[],1.0,MEDIUM,sds_section2,study/eye_irritation_rabbit,,,unknown,unknown,HIGH,source_filename,,RESEARCH_ONLY,not_registered,True,False,sds_full,HIGH,source_filename,37.74,62.26,carboxin,multi_4_6,medium,exact,4.0,HIGH,workbook_pct
EyeIrritation6pack_PID1039,Vitacon RTU FL Fungicide,RTU,liquid,pesticide/fungicide,ready-to-use,HIGH,name_explicit,WARNING,"['acute_toxicity_oral_4', 'reproductive_toxicity_2', 'aquatic_chronic_2']",['oral'],aquatic_chronic,"['H302', 'H361', 'H411']",4.0,HIGH,sds_section2,study/eye_irritation_rabbit,,,unknown,unknown,HIGH,source_filename,,UNKNOWN,not_registered,False,False,sds_full,MEDIUM,source_filename,2.25,97.75,Glycerol,ternary,ultra_low,partial,3.0,MEDIUM,workbook_pct
EyeIrritation6pack_PID104,Axial BIA Herbicide,UNKNOWN,unknown,pesticide/herbicide,unknown,MEDIUM,name_explicit,UNKNOWN,[],['none_identified'],unknown,[],0.0,LOW,no_basis,study/eye_irritation_rabbit,,,unknown,unknown,HIGH,source_filename,,RESEARCH_ONLY,not_registered,False,False,sds_full,HIGH,source_filename,,,Pinoxaden,multi_4_6,unknown,none,4.0,LOW,source_text
EyeIrritation6pack_PID1040,Voliam Flexi Insecticide,UNKNOWN,liquid,pesticide/insecticide,concentrate,MEDIUM,name_explicit,WARNING,"['aquatic_acute_1', 'aquatic_chronic_1']",['none_identified'],both,"['H400', 'H410']",2.0,HIGH,sds_section2,study/eye_irritation_rabbit,,,unknown,unknown,HIGH,source_filename,,EU_REACH,not_registered,False,False,sds_full,MEDIUM,reach_text,,,Chlorantraniliprole,binary,unknown,none,2.0,LOW,source_text
EyeIrritation6pack_PID1042,VOLIAM Xpress Insecticide,UNKNOWN,liquid,pesticide/insecticide,concentrate,MEDIUM,name_explicit,UNKNOWN,[],['none_identified'],unknown,[],0.0,LOW,no_basis,study/eye_irritation_rabbit,,,unknown,unknown,HIGH,source_filename,,RESEARCH_ONLY,not_registered,False,False,sds_full,HIGH,source_filename,2.0,98.0,chlorantraniliprole,multi_4_6,ultra_low,approximate,4.0,MEDIUM,workbook_pct
EyeIrritation6pack_PID1043,Waterborne Milltreat 111 Concentrate,UNKNOWN,liquid,wood_preservative,concentrate,HIGH,evidence_snippet,UNKNOWN,[],['none_identified'],unknown,[],0.0,LOW,no_basis,study/eye_irritation_rabbit,,,unknown,unknown,HIGH,source_filename,,RESEARCH_ONLY,not_registered,False,False,epa_label,HIGH,source_filename,1.41,95.77,Propiconazole,multi_4_6,ultra_low,exact,4.0,HIGH,workbook_pct
EyeIrritation6pack_PID1044,Weld Herbicide,UNKNOWN,liquid,pesticide/herbicide,concentrate,MEDIUM,name_explicit,WARNING,"['carcinogenicity_2', 'skin_irritation_2', 'eye_irritation_2A', 'stot_single_3']",['oral'],none,"['H315', 'H319', 'H335', 'H336', 'H351']",4.0,HIGH,sds_section2,study/eye_irritation_rabbit,,,unknown,unknown,HIGH,source_filename,,RESEARCH_ONLY,not_registered,False,False,sds_full,HIGH,source_filename,90.0,10.0,Methylene Chloride,single,very_high,approximate,1.0,HIGH,workbook_pct
EyeIrritation6pack_PID1045,Willowed Ethofumesate,UNKNOWN,liquid,pesticide/herbicide,concentrate,MEDIUM,pattern_inferred,UNKNOWN,[],['none_identified'],unknown,[],0.0,LOW,no_basis,study/eye_irritation_rabbit,,,unknown,unknown,HIGH,source_filename,,RESEARCH_ONLY,not_registered,False,False,sds_full,HIGH,source_filename,30.0,70.0,Ethofumesate (ISO),ternary,medium,partial,3.0,HIGH,workbook_pct
EyeIrritation6pack_PID1048,Wolman E (mu CA-C),UNKNOWN,liquid,wood_preservative,concentrate,MEDIUM,pattern_inferred,UNKNOWN,[],['none_identified'],unknown,[],0.0,LOW,no_basis,study/eye_irritation_rabbit,,,unknown,unknown,HIGH,source_filename,,RESEARCH_ONLY,not_registered,False,False,sds_full,HIGH,source_filename,1.0,99.0,Copper (II) carbonate--copper(II) hydroxide,multi_4_6,ultra_low,partial,4.0,MEDIUM,workbook_pct
EyeIrritation6pack_PID105,Axial Star Herbicide,UNKNOWN,unknown,pesticide/herbicide,unknown,MEDIUM,name_explicit,UNKNOWN,['carcinogenicity_unknown'],['dermal'],unknown,[],0.0,LOW,snippet_keywords,study/eye_irritation_rabbit,,,unknown,unknown,HIGH,source_filename,,RESEARCH_ONLY,not_registered,False,False,sds_full,HIGH,source_filename,0.6,99.4,UNKNOWN,single,ultra_low,approximate,1.0,LOW,workbook_pct
EyeIrritation6pack_PID1050,WRC-13927-32-0,UNKNOWN,unknown,unknown,unknown,LOW,no_basis,NONE,[],['none_identified'],none,[],0.0,HIGH,sds_section2,study/eye_irritation_rabbit,,,unknown,unknown,HIGH,source_filename,,UNKNOWN,unknown,False,False,worldbank_doc,LOW,no_basis,,,UNKNOWN,single,unknown,none,1.0,LOW,no_basis
EyeIrritation6pack_PID1051,X-Cide 800 Biocide,EC,liquid,cleaning_disinfectant,concentrate,HIGH,sec_explicit,WARNING,"['eye_damage_1', 'skin_irritation_2', 'aquatic_chronic_2']",['none_identified'],aquatic_chronic,"['H318', 'H315', 'H411']",2.0,HIGH,sds_section2,study/eye_irritation_rabbit,,,unknown,unknown,HIGH,source_filename,,EU_REACH,not_registered,False,False,sds_full,MEDIUM,reach_text,,,Peracetic Acid,ternary,unknown,none,3.0,LOW,source_text
EyeIrritation6pack_PID1052,XDE-007 50% Concentrate,UNKNOWN,liquid,unknown,concentrate,LOW,name_explicit,UNKNOWN,"['acute_toxicity_oral_4', 'eye_damage_1']",['oral'],unknown,"['H302', 'H318']",3.0,MEDIUM,snippet_keywords,study/eye_irritation_rabbit,,,unknown,unknown,HIGH,source_filename,,RESEARCH_ONLY,not_registered,False,False,sds_full,HIGH,source_filename,0.66,99.34,Kathon,single,ultra_low,partial,1.0,MEDIUM,workbook_pct
EyeIrritation6pack_PID1053,XDE-175,UNKNOWN,unknown,pesticide/herbicide,unknown,LOW,pattern_inferred,UNKNOWN,[],['none_identified'],unknown,[],0.0,LOW,no_basis,study/eye_irritation_rabbit,,,unknown,unknown,HIGH,source_filename,,RESEARCH_ONLY,not_registered,False,False,sds_full,HIGH,source_filename,4.0,96.0,"Dimethylamine Salt of -(2,4-Dichlorphenoxy)",single,low,exact,1.0,HIGH,workbook_pct
EyeIrritation6pack_PID1054,XDE-742,UNKNOWN,unknown,unknown,unknown,LOW,no_basis,UNKNOWN,[],['oral'],unknown,[],0.0,LOW,snippet_keywords,study/eye_irritation_rabbit,,,unknown,unknown,HIGH,source_filename,,EU_REACH,not_registered,False,True,sds_full,MEDIUM,reach_text,,,Ferric chloride hexahydrate,single,unknown,none,1.0,LOW,no_basis
EyeIrritation6pack_PID1055,XDE-PRDX,UNKNOWN,unknown,research_compound,unknown,LOW,pattern_inferred,UNKNOWN,[],['none_identified'],unknown,[],0.0,LOW,no_basis,study/eye_irritation_rabbit,,,unknown,unknown,HIGH,source_filename,,UNKNOWN,unknown,False,False,unknown,LOW,no_basis,,,"2,3-Bis(bromomethyl)quinoxaline-1,4-dioxide",single,unknown,none,1.0,LOW,no_basis
EyeIrritation6pack_PID1056,Xemium Fungicide,UNKNOWN,liquid,pesticide/fungicide,concentrate,MEDIUM,name_explicit,UNKNOWN,[],['none_identified'],unknown,[],0.0,LOW,no_basis,study/eye_irritation_rabbit,,,unknown,unknown,HIGH,source_filename,,RESEARCH_ONLY,not_registered,False,False,sds_full,HIGH,source_filename,33.58,,Pyraclostrobin,multi_7p,medium,approximate,5.0,MEDIUM,workbook_pct
EyeIrritation6pack_PID1059,Ygiene 206,UNKNOWN,liquid,cleaning_disinfectant,unknown,LOW,pattern_inferred,UNKNOWN,[],['none_identified'],unknown,[],0.0,LOW,no_basis,study/eye_irritation_rabbit,,,unknown,unknown,HIGH,source_filename,,RESEARCH_ONLY,not_registered,,,unknown,HIGH,source_filename,,100.0,,single,unknown,none,1.0,LOW,no_basis
EyeIrritation6pack_PID1060,Zampro Fungicide,UNKNOWN,liquid,pesticide/fungicide,concentrate,MEDIUM,evidence_snippet,WARNING,"['acute_toxicity_oral_4', 'reproductive_toxicity_2', 'aquatic_acute_3', 'aquatic_chronic_1']",['oral'],aquatic_chronic,"['H302', 'H361', 'H402', 'H410']",4.0,HIGH,sds_section2,study/eye_irritation_rabbit,,,unknown,unknown,HIGH,source_filename,7969-302,US_EPA,registered_active,False,False,sds_full,HIGH,epa_reg_found,29.9,,ametoctradin,multi_7p,medium,approximate,5.0,MEDIUM,workbook_pct
EyeIrritation6pack_PID1061,"Zoxamide (Dithane/RH-117,281 DG Blend 8:1)",WG,granule,pesticide/fungicide,concentrate,MEDIUM,name_explicit,UNKNOWN,[],['none_identified'],unknown,[],0.0,LOW,no_basis,study/eye_irritation_rabbit,,,unknown,unknown,HIGH,source_filename,,RESEARCH_ONLY,not_registered,False,False,product_page,HIGH,source_filename,,,Zonisamide,single,unknown,none,1.0,LOW,name_inference
EyeIrritation6pack_PID1062,Zoxamide(95_100%),UNKNOWN,powder,research_compound,concentrate,LOW,pattern_inferred,WARNING,"['acute_toxicity_oral_4', 'skin_irritation_2', 'eye_irritation_2', 'stot_single_3']",['oral'],none,"['H302', 'H315', 'H319', 'H335']",3.0,HIGH,sds_section2,study/eye_irritation_rabbit,,,unknown,unknown,HIGH,source_filename,,RESEARCH_ONLY,not_registered,False,False,sds_partial,HIGH,source_filename,,,oxamide,single,very_high,none,1.0,MEDIUM,name_inference
EyeIrritation6pack_PID1064,"Zoxamide, 80 WP",WP,powder,pesticide/fungicide,concentrate,HIGH,name_explicit,UNKNOWN,[],['none_identified'],terrestrial,[],0.0,LOW,snippet_keywords,study/eye_irritation_rabbit,,,unknown,unknown,HIGH,source_filename,,RESEARCH_ONLY,not_registered,False,False,product_page,HIGH,source_filename,,,Oxamide,single,very_high,none,1.0,MEDIUM,name_inference
EyeIrritation6pack_PID107,Azoxystrobin 50 WG,WG,granule,pesticide/fungicide,concentrate,HIGH,name_explicit,UNKNOWN,[],['none_identified'],unknown,[],0.0,LOW,no_basis,study/eye_irritation_rabbit,,,unknown,unknown,HIGH,source_filename,,RESEARCH_ONLY,not_registered,False,False,sds_full,HIGH,source_filename,50.0,50.0,Azoxystrobin,ternary,high,none,3.0,MEDIUM,name_inference
EyeIrritation6pack_PID110,Bactron K-139,UNKNOWN,liquid,cleaning_disinfectant,concentrate,MEDIUM,pattern_inferred,WARNING,[],['none_identified'],unknown,[],2.0,LOW,sds_section2,study/eye_irritation_rabbit,,,unknown,unknown,HIGH,source_filename,,RESEARCH_ONLY,not_registered,False,False,product_page,HIGH,source_filename,50.0,50.0,"ALKYL* DIMETHYL BENZYL AMMONIUM CHLORIDE *(C14, 40%C12, 10%C16)",single,high,exact,1.0,HIGH,workbook_pct
EyeIrritation6pack_PID115,Banner Dry MAXX,UNKNOWN,powder,pesticide/fungicide,concentrate,MEDIUM,name_explicit,UNKNOWN,[],['none_identified'],unknown,[],0.0,LOW,no_basis,study/eye_irritation_rabbit,,,unknown,unknown,HIGH,source_filename,,RESEARCH_ONLY,not_registered,False,False,sds_full,HIGH,source_filename,,,Propiconazole,binary,unknown,none,2.0,LOW,source_text
EyeIrritation6pack_PID116,BAS 320 I Pro Fire Ant Bait,GR,granule,pesticide/insecticide,ready-to-use,HIGH,name_explicit,UNKNOWN,[],['none_identified'],unknown,[],0.0,LOW,no_basis,study/eye_irritation_rabbit,,,unknown,unknown,HIGH,source_filename,,RESEARCH_ONLY,not_registered,False,False,sds_partial,HIGH,source_filename,,,hydramethylnon,single,unknown,none,1.0,LOW,source_text
EyeIrritation6pack_PID117,BAS 500 F Crystalline,UNKNOWN,suspension,industrial_chemical,unknown,LOW,pattern_inferred,UNKNOWN,[],['none_identified'],unknown,[],0.0,LOW,no_basis,study/eye_irritation_rabbit,,,unknown,unknown,HIGH,source_filename,,RESEARCH_ONLY,not_registered,,,unknown,HIGH,source_filename,44.0,,"Talc , not containing asbestiform fibres",multi_7p,medium,partial,5.0,MEDIUM,workbook_pct
EyeIrritation6pack_PID118,BAS 500 F Manufacturing Use Product,EC,liquid,industrial_chemical,concentrate,HIGH,evidence_snippet,WARNING,"['eye_irritation_2', 'skin_sensitization_1', 'aquatic_chronic_2']",['none_identified'],aquatic_chronic,"['H319', 'H317', 'H411']",2.0,HIGH,sds_section2,study/eye_irritation_rabbit,,,unknown,unknown,HIGH,source_filename,,RESEARCH_ONLY,not_registered,False,False,sds_full,HIGH,source_filename,37.0,,Phytate Persodium,multi_4_6,medium,partial,4.0,MEDIUM,workbook_pct
EyeIrritation6pack_PID119,BAS 510 02 F Turf Fungicide,UNKNOWN,liquid,pesticide/fungicide,concentrate,MEDIUM,name_explicit,UNKNOWN,"['acute_toxicity_oral_4', 'eye_irritation_2', 'skin_sensitization_1', 'reproductive_toxicity_2', 'aquatic_acute_1', 'aquatic_chronic_2']",['oral'],both,"['H319', 'H302', 'H317', 'H361', 'H411', 'H400']",0.0,MEDIUM,snippet_keywords,study/eye_irritation_rabbit,,,unknown,unknown,HIGH,source_filename,,RESEARCH_ONLY,not_registered,False,False,sds_full,HIGH,source_filename,45.0,,Bentazone-sodium,single,high,approximate,1.0,MEDIUM,workbook_pct
EyeIrritation6pack_PID120,BAS 536 00 F Fungicide,UNKNOWN,liquid,pesticide/fungicide,concentrate,MEDIUM,name_explicit,WARNING,"['acute_toxicity_oral_4', 'skin_irritation_2', 'eye_irritation_2', 'stot_single_3']",['oral'],none,"['H302', 'H315', 'H319', 'H335']",3.0,HIGH,sds_section2,study/eye_irritation_rabbit,,,unknown,unknown,HIGH,source_filename,,RESEARCH_ONLY,not_registered,False,False,sds_full,HIGH,source_filename,47.96,10.0,Pyraclostrobin,multi_4_6,medium,exact,4.0,HIGH,workbook_pct
EyeIrritation6pack_PID121,BAS 556 01 F Fungicide,UNKNOWN,liquid,pesticide/fungicide,concentrate,MEDIUM,name_explicit,UNKNOWN,[],['none_identified'],unknown,[],0.0,LOW,no_basis,study/eye_irritation_rabbit,,,unknown,unknown,HIGH,source_filename,,RESEARCH_ONLY,not_registered,False,False,sds_full,HIGH,source_filename,,,Trifloxystrobin,single,unknown,none,1.0,LOW,source_text
EyeIrritation6pack_PID123,BAS 650 00 F Fungicide,UNKNOWN,unknown,pesticide/fungicide,unknown,LOW,name_explicit,UNKNOWN,[],['none_identified'],unknown,[],0.0,LOW,no_basis,study/eye_irritation_rabbit,,,unknown,unknown,HIGH,source_filename,,RESEARCH_ONLY,not_registered,,,unknown,HIGH,source_filename,,,,unknown,unknown,none,0.0,LOW,no_basis
EyeIrritation6pack_PID124,BAS 670 336SC Herbicide,SC,suspension,pesticide/herbicide,concentrate,HIGH,name_explicit,UNKNOWN,[],['none_identified'],unknown,[],0.0,LOW,no_basis,study/eye_irritation_rabbit,,,unknown,unknown,HIGH,source_filename,,RESEARCH_ONLY,not_registered,False,False,sds_full,HIGH,source_filename,29.8,,Topramezone technical,multi_4_6,medium,approximate,4.0,MEDIUM,workbook_pct
EyeIrritation6pack_PID125,BAS 700 01 Fungicide,WDG,granule,pesticide/fungicide,concentrate,HIGH,evidence_snippet,DANGER,"['acute_toxicity_oral_3', 'skin_sensitization_1', 'carcinogenicity_2', 'aquatic_chronic_1', 'aquatic_acute_1']","['oral', 'inhalation']",both,"['H301', 'H318', 'H317', 'H351', 'H410', 'H400']",5.0,HIGH,sds_section2,study/eye_irritation_rabbit,,,unknown,unknown,HIGH,source_filename,,RESEARCH_ONLY,not_registered,False,False,sds_full,HIGH,source_filename,85.0,,Dithianon,binary,very_high,approximate,2.0,MEDIUM,workbook_pct
EyeIrritation6pack_PID126,BAS 703 01 F Fungicide,EC,liquid,pesticide/fungicide,concentrate,HIGH,evidence_snippet,UNKNOWN,[],['none_identified'],unknown,[],0.0,LOW,no_basis,study/eye_irritation_rabbit,,,unknown,unknown,HIGH,source_filename,,RESEARCH_ONLY,not_registered,True,False,product_page,HIGH,source_filename,,,Fluxapyroxad,single,unknown,none,1.0,LOW,source_text
EyeIrritation6pack_PID127,BAS 703 02 F Fungicide,UNKNOWN,liquid,pesticide/fungicide,concentrate,MEDIUM,name_explicit,UNKNOWN,[],['none_identified'],unknown,[],0.0,LOW,no_basis,study/eye_irritation_rabbit,,,unknown,unknown,HIGH,source_filename,,RESEARCH_ONLY,not_registered,False,False,sds_partial,HIGH,source_filename,49.0,51.0,PotassiumSaltsofFattyAcids,single,high,exact,1.0,HIGH,workbook_pct
EyeIrritation6pack_PID128,BASF MCPP-P,UNKNOWN,liquid,pesticide/herbicide,concentrate,MEDIUM,evidence_snippet,WARNING,"['skin_sensitization_1', 'reproductive_toxicity_2', 'aquatic_acute_1', 'aquatic_chronic_1']",['none_identified'],both,"['H317', 'H400', 'H410']",2.0,HIGH,sds_section2,study/eye_irritation_rabbit,,,unknown,unknown,HIGH,source_filename,,RESEARCH_ONLY,not_registered,False,True,sds_full,HIGH,source_filename,40.876,10.0,Pendimethalin,multi_7p,medium,exact,5.0,HIGH,workbook_pct
EyeIrritation6pack_PID131,Bayocide Pour On Insecticide,UNKNOWN,liquid,pesticide/insecticide,ready-to-use,HIGH,name_explicit,UNKNOWN,[],['none_identified'],unknown,[],0.0,LOW,no_basis,study/eye_irritation_rabbit,,,unknown,unknown,HIGH,source_filename,,RESEARCH_ONLY,not_registered,False,False,sds_full,HIGH,source_filename,,,Permethrin,ternary,unknown,none,3.0,LOW,source_text
EyeIrritation6pack_PID132,Bayonet 2,UNKNOWN,liquid,cleaning_disinfectant,concentrate,MEDIUM,pattern_inferred,UNKNOWN,[],['none_identified'],unknown,[],0.0,LOW,no_basis,study/eye_irritation_rabbit,,,unknown,unknown,HIGH,source_filename,,RESEARCH_ONLY,not_registered,False,False,sds_full,HIGH,source_filename,5.0,95.0,reaction mass of: -chloro-2-methyl-4-isothiazolin-3-one,single,low,exact,1.0,HIGH,workbook_pct
EyeIrritation6pack_PID134,Bellacide 325 8-month,UNKNOWN,liquid,pesticide/herbicide,concentrate,MEDIUM,pattern_inferred,UNKNOWN,"['acute_toxicity_oral_4', 'stot_repeated_2', 'aquatic_acute_1', 'aquatic_chronic_1']",['oral'],both,"['H302', 'H373', 'H400', 'H410']",0.0,MEDIUM,snippet_keywords,study/eye_irritation_rabbit,,,unknown,unknown,HIGH,source_filename,,RESEARCH_ONLY,not_registered,False,False,sds_full,HIGH,source_filename,3.0,,"N2-tert-BUTYL-6-CHLORO-N4-ETHYL-1,3,5-TRIAZINE-2,4",binary,low,approximate,2.0,MEDIUM,workbook_pct
EyeIrritation6pack_PID137,Bengal Dry Roach Spray,UNKNOWN,powder,pesticide/insecticide,ready-to-use,HIGH,name_explicit,UNKNOWN,[],['none_identified'],unknown,[],0.0,LOW,no_basis,study/eye_irritation_rabbit,,,unknown,unknown,HIGH,source_filename,,RESEARCH_ONLY,not_registered,False,False,sds_full,HIGH,source_filename,2.0,98.0,Permethrin,binary,ultra_low,approximate,2.0,MEDIUM,workbook_pct
EyeIrritation6pack_PID138,Bentazone,UNKNOWN,unknown,pesticide/herbicide,unknown,LOW,no_basis,UNKNOWN,[],['none_identified'],unknown,[],0.0,LOW,no_basis,study/eye_irritation_rabbit,,,unknown,unknown,HIGH,source_filename,,EU_REACH,not_registered,,True,sds_full,MEDIUM,eu_sds_format,,,Bentazon,single,unknown,none,1.0,,
EyeIrritation6pack_PID142,Betamix,UNKNOWN,liquid,pesticide/herbicide,concentrate,MEDIUM,pattern_inferred,NONE,[],['none_identified'],none,[],1.0,MEDIUM,snippet_keywords,study/eye_irritation_rabbit,,,unknown,unknown,HIGH,source_filename,,RESEARCH_ONLY,not_registered,False,False,sds_partial,HIGH,source_filename,40.0,60.0,desmedipham (ISO); ethyl 3-phenylcarbamoyloxyphenylcarbamate 15,binary,medium,approximate,2.0,,
EyeIrritation6pack_PID143,Bifenthrin,UNKNOWN,unknown,pesticide/insecticide,unknown,LOW,no_basis,UNKNOWN,[],['none_identified'],unknown,[],0.0,LOW,no_basis,study/eye_irritation_rabbit,,,unknown,unknown,HIGH,source_filename,,RESEARCH_ONLY,not_registered,False,False,sds_partial,HIGH,source_filename,7.9,92.1,Bifenthrin,single,low,exact,1.0,,
EyeIrritation6pack_PID144,Bifenthrin 0.069 Insecticide With X-X-X Fertilizer,GR,granule,pesticide/insecticide,ready-to-use,HIGH,name_explicit,UNKNOWN,[],['none_identified'],unknown,[],0.0,LOW,no_basis,study/eye_irritation_rabbit,,,unknown,unknown,HIGH,source_filename,,RESEARCH_ONLY,not_registered,False,False,sds_full,HIGH,source_filename,0.069,99.931,Bifenthrin,multi_4_6,ultra_low,none,4.0,,
EyeIrritation6pack_PID145,Bifenthrin 0.069 RU Insecticide With X-X-X Fertilizer,GR,granule,pesticide/insecticide,ready-to-use,HIGH,evidence_snippet,DANGER,"['eye_irritation_2', 'stot_single_3', 'carcinogenicity_1', 'stot_repeated_1', 'stot_repeated_2']","['oral', 'inhalation']",none,"['H303', 'H315', 'H319', 'H333', 'H335', 'H350', 'H372', 'H373']",5.0,HIGH,sds_section2,study/eye_irritation_rabbit,,,unknown,unknown,HIGH,source_filename,,RESEARCH_ONLY,not_registered,False,False,sds_full,HIGH,source_filename,0.069,99.931,Bifenthrin,multi_7p,ultra_low,inconsistent,5.0,,
EyeIrritation6pack_PID146,Bifenthrin 0.073 Insecticide with X-X-X Fertilizer,GR,granule,pesticide/insecticide,ready-to-use,MEDIUM,name_explicit,UNKNOWN,[],['none_identified'],unknown,[],0.0,LOW,no_basis,study/eye_irritation_rabbit,,,unknown,unknown,HIGH,source_filename,,RESEARCH_ONLY,not_registered,False,False,sds_partial,HIGH,source_filename,7.9,92.1,Bifenthrin,single,low,none,1.0,,
EyeIrritation6pack_PID147,Bifenthrin 0.073 RU Insecticide with X-X-X Fertilizer,GR,granule,pesticide/insecticide,ready-to-use,MEDIUM,name_explicit,UNKNOWN,[],['none_identified'],unknown,[],0.0,LOW,no_basis,study/eye_irritation_rabbit,,,unknown,unknown,HIGH,source_filename,,RESEARCH_ONLY,not_registered,False,False,product_page,HIGH,source_filename,0.07,99.93,Bifenthrin,single,ultra_low,exact,1.0,,
EyeIrritation6pack_PID148,Bifenthrin 0.083 Insecticide with X-X-X Fertilizer,GR,granule,pesticide/insecticide,ready-to-use,MEDIUM,name_explicit,UNKNOWN,[],['none_identified'],unknown,[],0.0,LOW,no_basis,study/eye_irritation_rabbit,,,unknown,unknown,HIGH,source_filename,,RESEARCH_ONLY,not_registered,False,False,sds_partial,HIGH,source_filename,7.9,92.1,Bifenthrin,single,low,none,1.0,,
EyeIrritation6pack_PID149,Bifenthrin 0.086% Plus Fertilizer,GR,granule,pesticide/insecticide,ready-to-use,MEDIUM,name_explicit,UNKNOWN,[],['none_identified'],unknown,[],0.0,LOW,no_basis,study/eye_irritation_rabbit,,,unknown,unknown,HIGH,source_filename,,RESEARCH_ONLY,not_registered,False,False,sds_partial,HIGH,source_filename,7.9,92.1,Bifenthrin,single,low,exact,1.0,,
EyeIrritation6pack_PID150,Bifenthrin 0.2% Granular,GR,granule,pesticide/insecticide,ready-to-use,HIGH,name_explicit,UNKNOWN,[],['none_identified'],unknown,[],0.0,LOW,no_basis,study/eye_irritation_rabbit,,,unknown,unknown,HIGH,source_filename,,RESEARCH_ONLY,not_registered,False,False,sds_partial,HIGH,source_filename,0.2,99.8,Bifenithrin technical,single,ultra_low,none,1.0,,
EyeIrritation6pack_PID151,Bifenthrin 8% ME,UNKNOWN,liquid,pesticide/insecticide,concentrate,MEDIUM,pattern_inferred,DANGER,"['acute_toxicity_oral_3', 'acute_toxicity_inhalation_3', 'stot_repeated_2', 'aquatic_acute_1', 'aquatic_chronic_1']","['oral', 'inhalation']",both,"['H301', 'H331', 'H373', 'H400', 'H410']",4.0,HIGH,snippet_keywords,study/eye_irritation_rabbit,,,unknown,unknown,HIGH,source_filename,,RESEARCH_ONLY,not_registered,False,False,sds_partial,HIGH,source_filename,8.0,92.0,Bifenthrin,single,low,none,1.0,,
EyeIrritation6pack_PID152,Bifenture 10WSB/10DF Insecticide/Miticide,WDG,powder,pesticide/insecticide,concentrate,HIGH,name_explicit,DANGER,"['aquatic_acute_1', 'aquatic_chronic_1']",['none_identified'],both,"['H400', 'H410']",3.0,MEDIUM,snippet_keywords,study/eye_irritation_rabbit,,,unknown,unknown,HIGH,source_filename,,RESEARCH_ONLY,not_registered,False,False,epa_label,HIGH,source_filename,11.0,89.0,Bifenithrin technical,binary,medium,partial,2.0,,
EyeIrritation6pack_PID153,Bifenture 17,UNKNOWN,unknown,pesticide/insecticide,concentrate,LOW,pattern_inferred,DANGER,"['aquatic_acute_1', 'aquatic_chronic_1']",['none_identified'],both,"['H400', 'H410']",3.0,MEDIUM,snippet_keywords,study/eye_irritation_rabbit,,,unknown,unknown,HIGH,source_filename,,RESEARCH_ONLY,not_registered,False,False,sds_full,HIGH,source_filename,18.0,82.0,Bifenithrin technical,binary,medium,partial,2.0,,
EyeIrritation6pack_PID154,Biflex 5T,UNKNOWN,liquid,pesticide/insecticide,concentrate,MEDIUM,pattern_inferred,UNKNOWN,[],['none_identified'],unknown,[],0.0,LOW,no_basis,study/eye_irritation_rabbit,,,unknown,unknown,HIGH,source_filename,,RESEARCH_ONLY,not_registered,False,False,sds_partial,HIGH,source_filename,,,Bifenthrin,ternary,unknown,none,3.0,,
EyeIrritation6pack_PID155,Biflex SFR,UNKNOWN,liquid,pesticide/insecticide,concentrate,MEDIUM,pattern_inferred,UNKNOWN,[],['none_identified'],unknown,[],0.0,LOW,no_basis,study/eye_irritation_rabbit,,,unknown,unknown,HIGH,source_filename,,RESEARCH_ONLY,not_registered,False,False,sds_partial,HIGH,source_filename,,,Bifenthrin,ternary,unknown,none,3.0,,
EyeIrritation6pack_PID157,Bioguard Spaguard Brominating Concentrate,UNKNOWN,powder,cleaning_disinfectant,concentrate,MEDIUM,pattern_inferred,UNKNOWN,[],['none_identified'],unknown,[],0.0,LOW,no_basis,study/eye_irritation_rabbit,,,unknown,unknown,HIGH,source_filename,,RESEARCH_ONLY,not_registered,False,False,sds_partial,HIGH,source_filename,,,Sodium Dichloro-S-Triazinetrione,binary,unknown,none,2.0,,
EyeIrritation6pack_PID160,Bispyribac-sodium,UNKNOWN,unknown,pesticide/herbicide,unknown,LOW,no_basis,UNKNOWN,[],['none_identified'],unknown,[],0.0,LOW,no_basis,study/eye_irritation_rabbit,,,unknown,unknown,HIGH,source_filename,,EU_REACH,not_registered,,True,sds_full,MEDIUM,eu_sds_format,,,Bispyribac-sodium,single,unknown,none,1.0,,
EyeIrritation6pack_PID167,Bonide Cyper WSP Insecticide,WP,powder,pesticide/insecticide,concentrate,HIGH,name_explicit,UNKNOWN,[],['none_identified'],unknown,[],0.0,LOW,no_basis,study/eye_irritation_rabbit,,,unknown,unknown,HIGH,source_filename,,RESEARCH_ONLY,not_registered,False,False,sds_partial,HIGH,source_filename,40.0,60.0,Cypermethrin,binary,high,partial,2.0,,
EyeIrritation6pack_PID168,Bonide Spinosad Dust,RTU,powder,pesticide/insecticide,ready-to-use,HIGH,evidence_snippet,NONE,[],['none_identified'],none,[],1.0,HIGH,sds_section2,study/eye_irritation_rabbit,,,unknown,unknown,HIGH,source_filename,,RESEARCH_ONLY,not_registered,False,False,sds_full,HIGH,source_filename,,,Spinosad,single,unknown,none,1.0,,
EyeIrritation6pack_PID17,3336 70EG,WDG,granule,pesticide/herbicide,concentrate,HIGH,name_explicit,WARNING,['acute_toxicity_oral_4'],"['oral', 'dermal']",unknown,['H302'],2.0,MEDIUM,snippet_keywords,study/eye_irritation_rabbit,,,unknown,unknown,HIGH,source_filename,,RESEARCH_ONLY,not_registered,False,False,sds_partial,HIGH,source_filename,70.0,30.0,"Diuron N'-(3,4-dichlorophenyl)-N,N-dimethylurea",binary,very_high,exact,2.0,,
EyeIrritation6pack_PID170,Boscalid,UNKNOWN,unknown,pesticide/fungicide,unknown,LOW,no_basis,UNKNOWN,[],['none_identified'],unknown,[],0.0,LOW,no_basis,study/eye_irritation_rabbit,,,unknown,unknown,HIGH,source_filename,,EU_REACH,not_registered,,True,sds_full,MEDIUM,eu_sds_format,,,Boscalid,single,unknown,none,1.0,,
EyeIrritation6pack_PID173,Bravo Top,UNKNOWN,liquid,industrial_chemical,concentrate,MEDIUM,pattern_inferred,DANGER,"['skin_corrosion_1B', 'eye_damage_1', 'acute_toxicity_oral_4', 'acute_toxicity_dermal_4', 'skin_sensitization_1', 'aquatic_chronic_3', 'skin_irritation_2']","['oral', 'dermal']",aquatic_chronic,"['H314', 'H318', 'H302', 'H312', 'H317', 'H412']",4.0,HIGH,snippet_keywords,study/eye_irritation_rabbit,,,unknown,unknown,HIGH,source_filename,,EU_REACH,not_registered,False,True,sds_full,MEDIUM,reach_text,72.5,27.5,Isophorone diamine,multi_4_6,very_high,approximate,4.0,,
EyeIrritation6pack_PID175,Britz Dryout Dust,UNKNOWN,powder,pesticide/other,ready-to-use,MEDIUM,name_explicit,UNKNOWN,[],['none_identified'],unknown,[],0.0,LOW,no_basis,study/eye_irritation_rabbit,,,unknown,unknown,HIGH,source_filename,,UNKNOWN,unknown,,False,unknown,LOW,no_basis,0.1,99.9,,single,ultra_low,exact,1.0,,
EyeIrritation6pack_PID176,Bromuconazole(20%),UNKNOWN,liquid,pesticide/fungicide,concentrate,MEDIUM,pattern_inferred,UNKNOWN,[],['none_identified'],unknown,[],0.0,LOW,no_basis,study/eye_irritation_rabbit,,,unknown,unknown,HIGH,source_filename,,RESEARCH_ONLY,not_registered,False,False,sds_full,HIGH,source_filename,98.0,2.0,Bromuconazole,single,very_high,exact,1.0,,
EyeIrritation6pack_PID177,Bromuconazole(95.7%),UNKNOWN,liquid,pesticide/fungicide,concentrate,MEDIUM,pattern_inferred,UNKNOWN,[],['none_identified'],unknown,[],0.0,LOW,no_basis,study/eye_irritation_rabbit,,,unknown,unknown,HIGH,source_filename,,RESEARCH_ONLY,not_registered,False,False,sds_full,HIGH,source_filename,98.0,2.0,Bromuconazole,single,very_high,exact,1.0,,
EyeIrritation6pack_PID178,Bromuconazole(97.8%),UNKNOWN,powder,research_compound,concentrate,MEDIUM,pattern_inferred,UNKNOWN,[],['none_identified'],unknown,[],0.0,LOW,no_basis,study/eye_irritation_rabbit,,,unknown,unknown,HIGH,source_filename,,RESEARCH_ONLY,not_registered,False,,sds_full,HIGH,source_filename,98.0,2.0,Bromuconazole,single,very_high,exact,1.0,,
EyeIrritation6pack_PID179,Bromuconazole(98.4%),UNKNOWN,powder,research_compound,concentrate,MEDIUM,pattern_inferred,UNKNOWN,[],['none_identified'],unknown,[],0.0,LOW,no_basis,study/eye_irritation_rabbit,,,unknown,unknown,HIGH,source_filename,,RESEARCH_ONLY,not_registered,False,,sds_partial,HIGH,source_filename,95.0,5.0,Bromuconazole,single,very_high,approximate,1.0,,
EyeIrritation6pack_PID18,464-TEN/CANGUARD BIT 20 PRESERVATIVE,UNKNOWN,liquid,wood_preservative,concentrate,MEDIUM,name_explicit,UNKNOWN,[],['none_identified'],unknown,[],0.0,LOW,no_basis,study/eye_irritation_rabbit,,,unknown,unknown,HIGH,source_filename,,RESEARCH_ONLY,not_registered,False,,product_page,HIGH,source_filename,22.0,78.0,"1,2-Benzisothiazol-3(2H)-one",single,medium,exact,1.0,,
EyeIrritation6pack_PID180,Bug Stomper II,UNKNOWN,unknown,pesticide/insecticide,unknown,LOW,name_explicit,UNKNOWN,[],['none_identified'],unknown,[],0.0,LOW,no_basis,study/eye_irritation_rabbit,,,unknown,unknown,HIGH,source_filename,,RESEARCH_ONLY,not_registered,False,,sds_partial,HIGH,source_filename,,,Deltamethrin,single,unknown,none,1.0,,
EyeIrritation6pack_PID182,Cabrio EG Funcgicide,EG,granule,pesticide/fungicide,concentrate,HIGH,name_explicit,UNKNOWN,[],['none_identified'],unknown,[],0.0,LOW,snippet_keywords,study/eye_irritation_rabbit,,,unknown,unknown,HIGH,source_filename,,RESEARCH_ONLY,not_registered,False,,sds_full,HIGH,source_filename,20.0,80.0,Pyraclostrobin,multi_4_6,medium,approximate,4.0,,
EyeIrritation6pack_PID186,Callisto Xtra,UNKNOWN,liquid,pesticide/herbicide,concentrate,MEDIUM,pattern_inferred,UNKNOWN,[],['none_identified'],unknown,[],0.0,LOW,snippet_keywords,study/eye_irritation_rabbit,,,unknown,unknown,HIGH,source_filename,,RESEARCH_ONLY,not_registered,False,,sds_partial,HIGH,source_filename,100.0,0.0,Atrazine,ternary,very_high,exact,3.0,,
EyeIrritation6pack_PID194,Captan 4L,SL,liquid,pesticide/fungicide,concentrate,HIGH,name_explicit,UNKNOWN,[],['none_identified'],unknown,[],0.0,LOW,snippet_keywords,study/eye_irritation_rabbit,,,unknown,unknown,HIGH,source_filename,,RESEARCH_ONLY,not_registered,False,,sds_partial,HIGH,source_filename,38.75,61.25,Captan,single,high,exact,1.0,,
EyeIrritation6pack_PID195,Captan 80 WDG,WDG,granule,pesticide/fungicide,concentrate,HIGH,name_explicit,UNKNOWN,[],['none_identified'],unknown,[],0.0,LOW,no_basis,study/eye_irritation_rabbit,,,unknown,unknown,HIGH,source_filename,,RESEARCH_ONLY,not_registered,False,,sds_partial,HIGH,source_filename,4.0,96.0,Captan,multi_4_6,low,partial,4.0,,
EyeIrritation6pack_PID196,Captevate 68 WDG,WDG,granule,pesticide/fungicide,concentrate,HIGH,evidence_snippet,DANGER,"['acute_toxicity_inhalation_3', 'eye_damage_1', 'skin_sensitization_1', 'carcinogenicity_2', 'stot_repeated_2']",['inhalation'],aquatic_acute,"['H331', 'H318', 'H317', 'H351', 'H373', 'H400']",5.0,HIGH,sds_section2,study/eye_irritation_rabbit,,,unknown,unknown,HIGH,source_filename,66330-48,US_EPA,registered_active,True,False,epa_label,HIGH,epa_reg_found,60.0,40.0,Captan,binary,high,approximate,2.0,,
EyeIrritation6pack_PID197,Capture 1.15G,GR,granule,pesticide/insecticide,ready-to-use,HIGH,name_explicit,NONE,[],['none_identified'],none,[],1.0,MEDIUM,snippet_keywords,study/eye_irritation_rabbit,,,unknown,unknown,HIGH,source_filename,,RESEARCH_ONLY,not_registered,False,,sds_full,HIGH,source_filename,2.0,98.0,,ternary,ultra_low,partial,3.0,,
EyeIrritation6pack_PID205,Cavicide 1,UNKNOWN,liquid,cleaning_disinfectant,ready-to-use,MEDIUM,pattern_inferred,UNKNOWN,[],['none_identified'],unknown,[],0.0,LOW,snippet_keywords,study/eye_irritation_rabbit,,,unknown,unknown,HIGH,source_filename,,RESEARCH_ONLY,not_registered,False,,sds_full,HIGH,source_filename,2.0,98.0,Didecyldimethylammonium chloride,multi_4_6,ultra_low,partial,4.0,,
EyeIrritation6pack_PID213,Celsius WG,WG,granule,pesticide/herbicide,concentrate,HIGH,evidence_snippet,CAUTION,[],['none_identified'],unknown,[],1.0,MEDIUM,sds_section2,study/eye_irritation_rabbit,,,unknown,unknown,HIGH,source_filename,,US_EPA,registered_active,True,False,epa_label,HIGH,epa_label_structure,68.0,32.0,Dicamba,ternary,very_high,inconsistent,3.0,,
EyeIrritation6pack_PID214,Certifect for Dogs,UNKNOWN,liquid,pharmaceutical,ready-to-use,MEDIUM,pattern_inferred,NONE,[],['none_identified'],none,[],1.0,MEDIUM,snippet_keywords,study/eye_irritation_rabbit,,,unknown,unknown,HIGH,source_filename,,RESEARCH_ONLY,not_registered,False,,sds_full,HIGH,source_filename,1.0,99.0,Oil Red O,binary,ultra_low,partial,2.0,,
EyeIrritation6pack_PID217,Charger,UNKNOWN,unknown,pesticide/herbicide,concentrate,MEDIUM,pattern_inferred,UNKNOWN,[],['none_identified'],unknown,[],0.0,LOW,snippet_keywords,study/eye_irritation_rabbit,,,unknown,unknown,HIGH,source_filename,,RESEARCH_ONLY,not_registered,True,,sds_partial,HIGH,source_filename,,,Metribuzin,binary,unknown,none,2.0,,
EyeIrritation6pack_PID218,Charter F3 Fungicide Seed Treatment,FS,suspension,pesticide/fungicide,concentrate,HIGH,name_explicit,UNKNOWN,[],['none_identified'],unknown,[],0.0,LOW,snippet_keywords,study/eye_irritation_rabbit,,,unknown,unknown,HIGH,source_filename,,RESEARCH_ONLY,not_registered,False,,sds_full,HIGH,source_filename,14.11,85.89,Pyraclostrobin,multi_4_6,medium,approximate,4.0,,
EyeIrritation6pack_PID219,Chateau Herbicide,UNKNOWN,powder,pesticide/herbicide,concentrate,MEDIUM,name_explicit,UNKNOWN,[],['none_identified'],unknown,[],0.0,LOW,snippet_keywords,study/eye_irritation_rabbit,,,unknown,unknown,HIGH,source_filename,,RESEARCH_ONLY,not_registered,False,,sds_partial,HIGH,source_filename,50.0,50.0,flumioxazin,ternary,medium,approximate,3.0,,
EyeIrritation6pack_PID220,Cheminova Abamectin,EC,liquid,pesticide/insecticide,concentrate,HIGH,evidence_snippet,DANGER,['carcinogenicity_2'],['oral'],aquatic_chronic,[],4.0,HIGH,sds_section2,study/eye_irritation_rabbit,,,unknown,unknown,HIGH,source_filename,67760-71,US_EPA,registered_active,True,False,epa_label,HIGH,epa_reg_found,4.0,96.0,Abamectin,ternary,low,partial,3.0,,
EyeIrritation6pack_PID221,Cheminova Nicosulfuron,UNKNOWN,powder,pesticide/herbicide,concentrate,MEDIUM,pattern_inferred,UNKNOWN,"['skin_irritation_2', 'eye_damage_1']",['none_identified'],aquatic_chronic,"['H315', 'H318', 'H400', 'H410', 'H411']",3.0,MEDIUM,snippet_keywords,study/eye_irritation_rabbit,,,unknown,unknown,HIGH,source_filename,,RESEARCH_ONLY,not_registered,False,,sds_full,HIGH,source_filename,25.0,75.0,Nicosulfuron,multi_4_6,medium,partial,4.0,,
EyeIrritation6pack_PID222,Chemsico Aerosol LEG,UNKNOWN,liquid,consumer_product,ready-to-use,MEDIUM,evidence_snippet,DANGER,"['flammable_aerosol_1', 'flammable_liquid_2', 'skin_irritation_2', 'eye_damage_2', 'stot_single_3']",['none_identified'],aquatic_chronic,"['H222', 'H280', 'H225', 'H315', 'H319', 'H336', 'H412']",3.0,HIGH,sds_section2,study/eye_irritation_rabbit,,,unknown,unknown,HIGH,source_filename,,RESEARCH_ONLY,not_registered,False,,sds_partial,HIGH,source_filename,,,,ternary,unknown,none,3.0,,
EyeIrritation6pack_PID223,Chemsico Pesticide Concentrate WI-N,UNKNOWN,liquid,pesticide/other,concentrate,MEDIUM,name_explicit,UNKNOWN,[],['none_identified'],unknown,[],0.0,LOW,no_basis,study/eye_irritation_rabbit,,,unknown,unknown,HIGH,source_filename,,RESEARCH_ONLY,not_registered,False,,unknown,LOW,no_basis,0.1,99.9,,single,ultra_low,partial,1.0,,
EyeIrritation6pack_PID224,Chemsico Pesticide Concentrate WI-S,UNKNOWN,liquid,pesticide/insecticide,concentrate,MEDIUM,name_explicit,UNKNOWN,[],['none_identified'],unknown,[],0.0,LOW,snippet_keywords,study/eye_irritation_rabbit,,,unknown,unknown,HIGH,source_filename,,RESEARCH_ONLY,not_registered,False,,sds_full,HIGH,source_filename,,,PRALLETHRIN,multi_4_6,unknown,none,4.0,,
EyeIrritation6pack_PID225,Chemsico Pesticide Granules WI-N,GR,granule,pesticide/other,ready-to-use,HIGH,name_explicit,DANGER,[],['none_identified'],unknown,[],2.0,LOW,snippet_keywords,study/eye_irritation_rabbit,,,unknown,unknown,HIGH,source_filename,,RESEARCH_ONLY,not_registered,False,,sds_partial,HIGH,source_filename,,,,multi_4_6,unknown,none,4.0,,
EyeIrritation6pack_PID226,Chemsico Pesticide Granules WI-S,GR,granule,pesticide/rodenticide,ready-to-use,HIGH,name_explicit,DANGER,"['acute_toxicity_oral_1', 'acute_toxicity_dermal_2', 'acute_toxicity_inhalation_4', 'stot_repeated_1']","['oral', 'dermal', 'inhalation']",aquatic_acute,"['H300', 'H310', 'H332', 'H372', 'H401']",5.0,HIGH,snippet_keywords,study/eye_irritation_rabbit,,,unknown,unknown,HIGH,source_filename,,RESEARCH_ONLY,not_registered,False,,sds_partial,HIGH,source_filename,0.005,99.995,Diphacinone,single,ultra_low,exact,1.0,,
EyeIrritation6pack_PID228,Chipco Brand Triton 70 WDG Fungicide,WDG,granule,pesticide/fungicide,concentrate,HIGH,name_explicit,UNKNOWN,[],['none_identified'],unknown,[],0.0,LOW,snippet_keywords,study/eye_irritation_rabbit,,,unknown,unknown,HIGH,source_filename,,RESEARCH_ONLY,not_registered,False,,sds_full,HIGH,source_filename,,,Fosetyl Aluminium,ternary,unknown,none,3.0,,
EyeIrritation6pack_PID229,Chlorine Bleach Sanitizer,UNKNOWN,liquid,cleaning_disinfectant,concentrate,MEDIUM,name_explicit,WARNING,['skin_corrosion_1'],['none_identified'],none,[],3.0,MEDIUM,snippet_keywords,study/eye_irritation_rabbit,,,unknown,unknown,HIGH,source_filename,,RESEARCH_ONLY,not_registered,False,,sds_partial,HIGH,source_filename,9.0,91.0,Sodium Hypochlorite,binary,low,approximate,2.0,,
EyeIrritation6pack_PID23,A12010C Fungicide,UNKNOWN,unknown,pesticide/fungicide,unknown,LOW,name_explicit,NONE,[],['none_identified'],unknown,[],1.0,LOW,snippet_keywords,study/eye_irritation_rabbit,,,unknown,unknown,HIGH,source_filename,,RESEARCH_ONLY,not_registered,False,False,sds_partial,HIGH,source_filename,100.0,0.0,Copper Hydroxide,ternary,very_high,inconsistent,3.0,,
EyeIrritation6pack_PID231,Chlorothalonil FB,UNKNOWN,unknown,pesticide/fungicide,concentrate,MEDIUM,pattern_inferred,UNKNOWN,[],['none_identified'],unknown,[],0.0,LOW,no_basis,study/eye_irritation_rabbit,,,unknown,unknown,HIGH,source_filename,,RESEARCH_ONLY,not_registered,False,False,sds_partial,HIGH,source_filename,82.5,17.5,Chlorothalonil,single,very_high,exact,1.0,,
EyeIrritation6pack_PID233,Chlorpyrifos VC,EC,liquid,pesticide/insecticide,concentrate,HIGH,evidence_snippet,DANGER,"['acute_toxicity_oral_2', 'acute_toxicity_dermal_4', 'acute_toxicity_inhalation_4', 'eye_irritation_2']","['oral', 'dermal', 'inhalation']",unknown,[],4.0,HIGH,sds_section2,study/eye_irritation_rabbit,,,unknown,unknown,HIGH,source_filename,,RESEARCH_ONLY,not_registered,True,False,sds_partial,HIGH,source_filename,2.0,98.0,Chlorpyrifos,single,low,partial,1.0,,
EyeIrritation6pack_PID24,Abacus LoV Agricultural Miticide/Insecticide,UNKNOWN,liquid,pesticide/insecticide,concentrate,MEDIUM,name_explicit,UNKNOWN,[],['none_identified'],unknown,[],0.0,LOW,no_basis,study/eye_irritation_rabbit,,,unknown,unknown,HIGH,source_filename,,RESEARCH_ONLY,not_registered,False,False,sds_full,HIGH,source_filename,,,Abamectin,ternary,unknown,none,3.0,,
EyeIrritation6pack_PID240,Clearcast 2.7G Herbicide,GR,granule,pesticide/herbicide,ready-to-use,HIGH,name_explicit,UNKNOWN,[],['none_identified'],aquatic_chronic,[],2.0,MEDIUM,snippet_keywords,study/eye_irritation_rabbit,,,unknown,unknown,HIGH,source_filename,,RESEARCH_ONLY,not_registered,False,False,sds_partial,HIGH,source_filename,2.7,97.3,imazamox,binary,low,exact,2.0,,
EyeIrritation6pack_PID241,Clincher CA,UNKNOWN,unknown,unknown,unknown,LOW,no_basis,UNKNOWN,[],['none_identified'],unknown,[],0.0,LOW,no_basis,study/eye_irritation_rabbit,,,unknown,unknown,HIGH,source_filename,,RESEARCH_ONLY,not_registered,False,False,sds_partial,MEDIUM,source_filename,,,,multi_4_6,unknown,none,4.0,,
EyeIrritation6pack_PID242,Cloak Ex Bulk Product,UNKNOWN,powder,pesticide/herbicide,concentrate,MEDIUM,name_explicit,UNKNOWN,[],['none_identified'],unknown,[],0.0,LOW,no_basis,study/eye_irritation_rabbit,,,unknown,unknown,HIGH,source_filename,,RESEARCH_ONLY,not_registered,False,False,sds_partial,HIGH,source_filename,72.5,27.5,Metribuzin,multi_4_6,very_high,partial,4.0,,
EyeIrritation6pack_PID243,Cloak Ex Herbicide,UNKNOWN,powder,pesticide/herbicide,concentrate,MEDIUM,name_explicit,UNKNOWN,[],['none_identified'],unknown,[],0.0,LOW,no_basis,study/eye_irritation_rabbit,,,unknown,unknown,HIGH,source_filename,,RESEARCH_ONLY,not_registered,False,False,sds_partial,HIGH,source_filename,72.5,27.5,Metribuzin,multi_4_6,very_high,partial,4.0,,
EyeIrritation6pack_PID246,Clothiandin 600 FS,FS,suspension,pesticide/insecticide,concentrate,HIGH,name_explicit,UNKNOWN,[],['none_identified'],unknown,[],0.0,LOW,no_basis,study/eye_irritation_rabbit,,,unknown,unknown,HIGH,source_filename,,RESEARCH_ONLY,not_registered,False,False,pubchem,HIGH,source_filename,,,Clothianidin,single,unknown,none,1.0,,
EyeIrritation6pack_PID247,Clothianidin,UNKNOWN,unknown,pesticide/insecticide,unknown,LOW,name_explicit,UNKNOWN,[],['none_identified'],unknown,[],0.0,LOW,no_basis,study/eye_irritation_rabbit,,,unknown,unknown,HIGH,source_filename,,RESEARCH_ONLY,not_registered,False,False,pubchem,HIGH,source_filename,,,Clothianidin,single,unknown,none,1.0,,
EyeIrritation6pack_PID251,Clutch 50 WDG,WDG,granule,pesticide/insecticide,concentrate,HIGH,name_explicit,UNKNOWN,[],['none_identified'],unknown,[],0.0,LOW,no_basis,study/eye_irritation_rabbit,,,unknown,unknown,HIGH,source_filename,,RESEARCH_ONLY,not_registered,True,False,sds_partial,HIGH,source_filename,45.0,55.0,Clothianidin,binary,medium,approximate,2.0,,
EyeIrritation6pack_PID252,Co-Ral 1% Dust,UNKNOWN,powder,pesticide/insecticide,ready-to-use,HIGH,name_explicit,UNKNOWN,['carcinogenicity_1A'],['none_identified'],unknown,['H350'],5.0,HIGH,snippet_keywords,study/eye_irritation_rabbit,,,unknown,unknown,HIGH,source_filename,,RESEARCH_ONLY,not_registered,False,False,sds_full,HIGH,source_filename,,,,single,unknown,none,1.0,,
EyeIrritation6pack_PID253,Co-Ral 25% Wettable Powder,WP,powder,pesticide/insecticide,concentrate,HIGH,name_explicit,UNKNOWN,[],['none_identified'],unknown,[],0.0,LOW,no_basis,study/eye_irritation_rabbit,,,unknown,unknown,HIGH,source_filename,11556-23,US_EPA,registered_active,True,False,epa_label,HIGH,epa_reg_found,11.6,88.4,phosphorothioate,binary,medium,exact,2.0,,
EyeIrritation6pack_PID254,Co-Ral 3% Spray Foam,UNKNOWN,liquid,pesticide/insecticide,ready-to-use,MEDIUM,name_explicit,UNKNOWN,[],['none_identified'],unknown,[],0.0,LOW,no_basis,study/eye_irritation_rabbit,,,unknown,unknown,HIGH,source_filename,,RESEARCH_ONLY,not_registered,False,False,sds_partial,HIGH,source_filename,6.15,93.85,Coumaphos Technical,ternary,low,partial,3.0,,
EyeIrritation6pack_PID255,Co-Ral 4% Pour-On,UNKNOWN,liquid,pesticide/insecticide,ready-to-use,HIGH,name_explicit,UNKNOWN,[],['none_identified'],unknown,[],0.0,LOW,no_basis,study/eye_irritation_rabbit,,,unknown,unknown,HIGH,source_filename,,RESEARCH_ONLY,not_registered,False,False,sds_partial,HIGH,source_filename,1.0,95.0,Coumaphos Technical,binary,low,exact,2.0,,
EyeIrritation6pack_PID256,Co-Ral Emulsifiable Livestock Insecticide,EC,liquid,pesticide/insecticide,concentrate,HIGH,name_explicit,DANGER,[],['none_identified'],unknown,[],4.0,MEDIUM,snippet_keywords,study/eye_irritation_rabbit,,,unknown,unknown,HIGH,source_filename,11556-23,US_EPA,registered_active,True,False,product_page,HIGH,epa_reg_found,11.6,88.4,Coumaphos,ternary,medium,exact,3.0,,
EyeIrritation6pack_PID258,Consus Glyphosate,UNKNOWN,unknown,pesticide/herbicide,unknown,MEDIUM,pattern_inferred,UNKNOWN,[],['none_identified'],unknown,[],0.0,LOW,no_basis,study/eye_irritation_rabbit,,,unknown,unknown,HIGH,source_filename,,RESEARCH_ONLY,not_registered,False,False,sds_partial,HIGH,source_filename,,,glyphosate (ISO),binary,unknown,none,2.0,,
EyeIrritation6pack_PID263,Coronet Fungicide Seed Treatment,FS,suspension,pesticide/fungicide,concentrate,HIGH,name_explicit,UNKNOWN,[],['none_identified'],unknown,[],0.0,LOW,no_basis,study/eye_irritation_rabbit,,,unknown,unknown,HIGH,source_filename,,RESEARCH_ONLY,not_registered,False,False,sds_partial,HIGH,source_filename,27.0,73.0,Boscalid,multi_4_6,medium,approximate,4.0,,
EyeIrritation6pack_PID267,Coumaphos (#N/A),UNKNOWN,unknown,pesticide/insecticide,unknown,LOW,pattern_inferred,DANGER,"['acute_toxicity_oral_2', 'acute_toxicity_dermal_3', 'aquatic_acute_1', 'aquatic_chronic_1']","['oral', 'dermal']",both,"['H300', 'H311', 'H400', 'H410']",5.0,HIGH,sds_section2,study/eye_irritation_rabbit,,,unknown,unknown,HIGH,source_filename,,EU_REACH,not_registered,False,True,chemblink_sigma,HIGH,reach_text,100.0,0.0,Coumaphos,single,very_high,exact,1.0,,
EyeIrritation6pack_PID269,CPPU Plant Growth Regulator,UNKNOWN,unknown,pesticide/other,unknown,MEDIUM,name_explicit,UNKNOWN,[],['none_identified'],unknown,[],0.0,LOW,no_basis,study/eye_irritation_rabbit,,,unknown,unknown,HIGH,source_filename,,RESEARCH_ONLY,not_registered,False,False,sds_partial,HIGH,source_filename,,,Forchlorfenuron,single,unknown,none,1.0,,
EyeIrritation6pack_PID270,Cruiser XL,UNKNOWN,liquid,pesticide/insecticide,concentrate,MEDIUM,pattern_inferred,UNKNOWN,[],['none_identified'],unknown,[],0.0,LOW,no_basis,study/eye_irritation_rabbit,,,unknown,unknown,HIGH,source_filename,,RESEARCH_ONLY,not_registered,False,False,sds_partial,HIGH,source_filename,20.0,80.0,Glyphosate,binary,medium,approximate,2.0,,
EyeIrritation6pack_PID271,CruiserMaxx Cereals,FS,suspension,pesticide/fungicide,concentrate,MEDIUM,name_explicit,NONE,[],['none_identified'],unknown,[],1.0,MEDIUM,snippet_keywords,study/eye_irritation_rabbit,,,unknown,unknown,HIGH,source_filename,,RESEARCH_ONLY,not_registered,False,False,sds_partial,HIGH,source_filename,7.7,92.3,Sedaxane,multi_4_6,low,exact,4.0,,
EyeIrritation6pack_PID272,CruiserMaxx Peanuts,FS,suspension,pesticide/fungicide,concentrate,MEDIUM,name_explicit,UNKNOWN,[],['none_identified'],unknown,[],0.0,LOW,no_basis,study/eye_irritation_rabbit,,,unknown,unknown,HIGH,source_filename,,RESEARCH_ONLY,not_registered,False,False,sds_partial,HIGH,source_filename,23.6,76.4,Azoxystrobin,multi_7p,medium,partial,5.0,,
EyeIrritation6pack_PID273,CruiserMaxx Rice,FS,suspension,pesticide/insecticide,concentrate,MEDIUM,name_explicit,NONE,[],['none_identified'],unknown,[],1.0,MEDIUM,snippet_keywords,study/eye_irritation_rabbit,,,unknown,unknown,HIGH,source_filename,,RESEARCH_ONLY,not_registered,False,False,sds_partial,HIGH,source_filename,29.65,70.35,Thiamethoxam,multi_4_6,medium,exact,4.0,,
EyeIrritation6pack_PID274,Cryocide 20,UNKNOWN,liquid,pesticide/other,concentrate,MEDIUM,pattern_inferred,UNKNOWN,[],['none_identified'],unknown,[],0.0,LOW,no_basis,study/eye_irritation_rabbit,,,unknown,unknown,HIGH,source_filename,,RESEARCH_ONLY,not_registered,False,False,sds_partial,HIGH,source_filename,1.25,98.75,Sodium chlorite,ternary,low,approximate,3.0,,
EyeIrritation6pack_PID275,CSI Imidacloprid + Fipronil SC,SC,suspension,pesticide/insecticide,concentrate,HIGH,name_explicit,UNKNOWN,[],['none_identified'],unknown,[],0.0,LOW,no_section2_insufficient_snippet,study/eye_irritation_rabbit,,,unknown,unknown,HIGH,source_filename,,RESEARCH_ONLY,not_registered,False,,unknown,HIGH,source_filename,2.0,98.0,"Imidazolidinimine, 1-[(6-chloro-3-pyridinyl)methyl]-N-nitro-, (2E)-",single,ultra_low,partial,1.0,,
EyeIrritation6pack_PID276,CSI Lambda 25 CS,CS,suspension,pesticide/insecticide,concentrate,HIGH,name_explicit,WARNING,"['acute_toxicity_oral_4', 'acute_toxicity_inhalation_4', 'skin_sensitization_1B', 'carcinogenicity_2', 'aspiration_hazard_1']","['oral', 'inhalation']",unknown,[],4.0,MEDIUM,snippet_keywords,study/eye_irritation_rabbit,,,unknown,unknown,HIGH,source_filename,,RESEARCH_ONLY,not_registered,False,,sds_full,HIGH,source_filename,,,3.1 Substance/Mixture,binary,unknown,none,2.0,,
EyeIrritation6pack_PID277,CTN E-PRO 720 Fungicide,UNKNOWN,liquid,pesticide/fungicide,concentrate,MEDIUM,pattern_inferred,UNKNOWN,[],['none_identified'],unknown,[],0.0,LOW,no_section2_composition_only,study/eye_irritation_rabbit,,,unknown,unknown,HIGH,source_filename,,RESEARCH_ONLY,not_registered,False,,epa_label,HIGH,source_filename,54.0,46.0,Chlorothalonil,ternary,high,partial,3.0,,
EyeIrritation6pack_PID28,Abamectin B1a,UNKNOWN,liquid,pesticide/insecticide,concentrate,LOW,pattern_inferred,UNKNOWN,[],['none_identified'],unknown,[],0.0,LOW,no_basis,study/eye_irritation_rabbit,,,unknown,unknown,HIGH,source_filename,,RESEARCH_ONLY,not_registered,,,unknown,HIGH,source_filename,1.0,99.0,Abamectin,ternary,ultra_low,partial,3.0,,
EyeIrritation6pack_PID281,Cyazofamid Fungicide,UNKNOWN,unknown,pesticide/fungicide,concentrate,MEDIUM,name_explicit,UNKNOWN,[],['none_identified'],unknown,[],0.0,LOW,no_section2_composition_only,study/eye_irritation_rabbit,,,unknown,unknown,HIGH,source_filename,,RESEARCH_ONLY,not_registered,False,,unknown,HIGH,source_filename,34.5,65.5,Cyazofamid,single,medium,exact,1.0,,
EyeIrritation6pack_PID282,CYFLU,UNKNOWN,powder,pesticide/insecticide,concentrate,MEDIUM,pattern_inferred,UNKNOWN,[],['none_identified'],unknown,[],0.0,LOW,no_section2_composition_only,study/eye_irritation_rabbit,,,unknown,unknown,HIGH,source_filename,,RESEARCH_ONLY,not_registered,False,,sds_full,HIGH,source_filename,98.0,2.0,Cyfluthrin,single,very_high,exact,1.0,,
EyeIrritation6pack_PID283,Cyflufenamid Fungicide,SC,suspension,pesticide/fungicide,concentrate,HIGH,evidence_snippet,WARNING,"['aquatic_chronic_2', 'acute_toxicity_oral_4', 'skin_irritation_2', 'eye_damage_1', 'skin_sensitization_1', 'aquatic_acute_1']",['oral'],aquatic_chronic,"['H411', 'H302', 'H315', 'H318', 'H317', 'H400']",3.0,HIGH,sds_section2,study/eye_irritation_rabbit,,,unknown,unknown,HIGH,source_filename,,EU_REACH,not_registered,False,True,sds_full,MEDIUM,reach_text,0.05,99.95,"1,2-Benzisothiazol-3(2H)-one",single,ultra_low,exact,1.0,,
EyeIrritation6pack_PID286,Cyhalothrin,UNKNOWN,unknown,pesticide/insecticide,unknown,LOW,no_basis,UNKNOWN,[],['none_identified'],none,[],0.0,LOW,snippet_keywords,study/eye_irritation_rabbit,,,unknown,unknown,HIGH,source_filename,,RESEARCH_ONLY,not_registered,False,,sds_full,HIGH,source_filename,,,Cyhalothrin,single,unknown,none,1.0,,
EyeIrritation6pack_PID287,Cymoxanil,UNKNOWN,powder,pesticide/fungicide,concentrate,LOW,pattern_inferred,UNKNOWN,[],['none_identified'],unknown,[],0.0,LOW,no_section2_composition_only,study/eye_irritation_rabbit,,,unknown,unknown,HIGH,source_filename,,RESEARCH_ONLY,not_registered,False,,sds_partial,HIGH,source_filename,,,Cymoxanil,binary,unknown,none,2.0,,
EyeIrritation6pack_PID288,Cypermethrin(95%),EC,liquid,pesticide/insecticide,concentrate,HIGH,evidence_snippet,WARNING,"['acute_toxicity_oral_4', 'acute_toxicity_inhalation_4', 'stot_single_3', 'stot_repeated_2', 'aquatic_acute_1', 'aquatic_chronic_1']","['oral', 'inhalation']",both,"['H302', 'H332', 'H335', 'H373', 'H400', 'H410']",4.0,HIGH,sds_section2,study/eye_irritation_rabbit,,,unknown,unknown,HIGH,source_filename,,EU_REACH,not_registered,False,,sds_full,MEDIUM,reach_text,,,Cypermethrin,binary,unknown,none,2.0,,
EyeIrritation6pack_PID289,Cypermethrin(96.7%),UNKNOWN,powder,pesticide/insecticide,concentrate,MEDIUM,pattern_inferred,UNKNOWN,[],['none_identified'],unknown,[],0.0,LOW,no_basis,study/eye_irritation_rabbit,,,unknown,unknown,HIGH,source_filename,,RESEARCH_ONLY,not_registered,False,,sds_full,HIGH,source_filename,,,Cypermethrin,single,unknown,none,1.0,,
EyeIrritation6pack_PID29,Abamectin B1b,UNKNOWN,liquid,pesticide/insecticide,concentrate,LOW,pattern_inferred,UNKNOWN,[],['none_identified'],unknown,[],0.0,LOW,no_basis,study/eye_irritation_rabbit,,,unknown,unknown,HIGH,source_filename,,RESEARCH_ONLY,not_registered,,,unknown,HIGH,source_filename,1.0,99.0,Abamectin,ternary,ultra_low,partial,3.0,,
EyeIrritation6pack_PID291,Cyproconazole,UNKNOWN,powder,pesticide/fungicide,concentrate,MEDIUM,pattern_inferred,UNKNOWN,[],['none_identified'],unknown,[],0.0,LOW,no_section2_composition_only,study/eye_irritation_rabbit,,,unknown,unknown,HIGH,source_filename,,RESEARCH_ONLY,not_registered,False,,sds_full,HIGH,source_filename,,,cyproconazole,single,unknown,none,1.0,,
EyeIrritation6pack_PID293,Cyprodinil,UNKNOWN,powder,pesticide/fungicide,concentrate,LOW,no_basis,UNKNOWN,[],['none_identified'],unknown,[],0.0,LOW,no_section2_composition_only,study/eye_irritation_rabbit,,,unknown,unknown,HIGH,source_filename,,EU_REACH,not_registered,False,,sds_full,MEDIUM,reach_text,,,Cyprodinil,single,unknown,none,1.0,,
EyeIrritation6pack_PID298,DDVP 2-E Emulsifiable Concentrate,EC,liquid,pesticide/insecticide,concentrate,HIGH,name_explicit,UNKNOWN,[],['none_identified'],unknown,[],0.0,LOW,no_section2_composition_only,study/eye_irritation_rabbit,,,unknown,unknown,HIGH,source_filename,,RESEARCH_ONLY,not_registered,False,,sds_full,HIGH,source_filename,,,Dichlorvos,binary,unknown,none,2.0,,
EyeIrritation6pack_PID299,Deadline Bullets,UNKNOWN,granule,pesticide/other,ready-to-use,HIGH,evidence_snippet,UNKNOWN,['carcinogenic'],['oral'],none,[],1.0,LOW,snippet_keywords,study/eye_irritation_rabbit,,,unknown,unknown,HIGH,source_filename,5481-507,US_EPA,registered_active,False,,epa_label,HIGH,epa_reg_found,0.01,99.99,"2,4,6,8-Tetramethyl-1,3,5,7-tetraoxacyclooctane",single,ultra_low,partial,1.0,,
EyeIrritation6pack_PID3,0.08% Mesotrione on Fertilizer,UNKNOWN,granule,pesticide/herbicide,dilute,HIGH,name_explicit,WARNING,['skin_irritation_2'],['none_identified'],aquatic_acute,[],2.0,MEDIUM,snippet_keywords,study/eye_irritation_rabbit,,,unknown,unknown,HIGH,source_filename,,RESEARCH_ONLY,not_registered,False,,sds_full,HIGH,source_filename,40.0,60.0,Mesotrione,single,medium,exact,1.0,,
EyeIrritation6pack_PID300,Deadly Attraction Permethrin Bait,UNKNOWN,unknown,pesticide/insecticide,ready-to-use,MEDIUM,name_explicit,UNKNOWN,[],['none_identified'],unknown,[],0.0,LOW,no_section2_composition_only,study/eye_irritation_rabbit,,,unknown,unknown,HIGH,source_filename,,RESEARCH_ONLY,not_registered,False,,sds_full,HIGH,source_filename,,,Permethrin,binary,unknown,none,2.0,,
EyeIrritation6pack_PID301,Decis 1.0 Gel,UNKNOWN,gel,pesticide/insecticide,ready-to-use,HIGH,name_explicit,DANGER,"['flammable_liquid_3', 'aspiration_hazard_1', 'skin_irritation_2', 'aquatic_acute_1', 'aquatic_chronic_1']",['oral'],both,"['H226', 'H304', 'H315', 'H410']",4.0,HIGH,sds_section2,study/eye_irritation_rabbit,,,unknown,unknown,HIGH,source_filename,,RESEARCH_ONLY,not_registered,False,,sds_full,HIGH,source_filename,,,1-Decene,single,unknown,none,1.0,,
EyeIrritation6pack_PID302,DeckMate Mosquito Repellent,UNKNOWN,unknown,pesticide/other,ready-to-use,MEDIUM,name_explicit,UNKNOWN,[],['none_identified'],unknown,[],0.0,LOW,no_basis,study/eye_irritation_rabbit,,,unknown,unknown,HIGH,source_filename,,RESEARCH_ONLY,not_registered,,,unknown,HIGH,source_filename,,,,unknown,unknown,none,0.0,,
EyeIrritation6pack_PID303,DeerPro Winter Animal Repellant,UNKNOWN,liquid,pesticide/other,ready-to-use,MEDIUM,name_explicit,UNKNOWN,[],['none_identified'],unknown,[],0.0,LOW,no_section2_composition_only,study/eye_irritation_rabbit,,,unknown,unknown,HIGH,source_filename,,RESEARCH_ONLY,not_registered,False,,sds_full,HIGH,source_filename,,,Acetic acid,single,unknown,none,1.0,,
EyeIrritation6pack_PID306,Densil CA,UNKNOWN,powder,industrial_chemical,concentrate,LOW,pattern_inferred,NONE,[],['none_identified'],none,[],1.0,HIGH,sds_section2,study/eye_irritation_rabbit,,,unknown,unknown,HIGH,source_filename,,RESEARCH_ONLY,not_registered,False,,sds_full,HIGH,source_filename,98.0,2.0,Silica,ternary,very_high,exact,3.0,,
EyeIrritation6pack_PID31,Abamectin(92.8%),UNKNOWN,powder,pesticide/insecticide,concentrate,MEDIUM,pattern_inferred,DANGER,"['acute_toxicity_oral_2', 'acute_toxicity_inhalation_1', 'reproductive_toxicity_2', 'stot_repeated_1', 'aquatic_acute_1', 'aquatic_chronic_1']","['oral', 'inhalation']",both,"['H300', 'H330', 'H361d', 'H372', 'H400', 'H410']",5.0,HIGH,snippet_keywords,study/eye_irritation_rabbit,,,unknown,unknown,HIGH,source_filename,,RESEARCH_ONLY,not_registered,False,,sds_full,HIGH,source_filename,100.0,0.0,Abamectin,single,very_high,exact,1.0,,
EyeIrritation6pack_PID310,Devrinol 2-EC Ornamental Herbicide,EC,liquid,pesticide/herbicide,concentrate,HIGH,name_explicit,UNKNOWN,['carcinogenicity'],['none_identified'],unknown,[],1.0,LOW,sds_section2,study/eye_irritation_rabbit,,,unknown,unknown,HIGH,source_filename,,RESEARCH_ONLY,not_registered,True,,sds_full,HIGH,source_filename,21.8,78.2,Napropamide,single,medium,partial,1.0,,
EyeIrritation6pack_PID312,DEVRINOL 2-XT Selective Herbicide,UNKNOWN,granule,pesticide/herbicide,ready-to-use,MEDIUM,name_explicit,UNKNOWN,[],['none_identified'],aquatic_acute,[],1.0,LOW,snippet_keywords,study/eye_irritation_rabbit,,,unknown,unknown,HIGH,source_filename,,RESEARCH_ONLY,not_registered,False,,sds_full,HIGH,source_filename,,,Napropamide,binary,unknown,none,2.0,,
EyeIrritation6pack_PID313,Devrinol 3.75 SC Selective Herbicide,SC,suspension,pesticide/herbicide,concentrate,HIGH,sec_explicit,WARNING,"['eye_irritation_2', 'aquatic_chronic_2', 'acute_toxicity_oral_4', 'eye_damage_1', 'aquatic_acute_1']",['oral'],aquatic_acute_and_chronic,"['H319', 'H411', 'H302', 'H318', 'H400', 'H410']",4.0,HIGH,sds_section2_and_composition,study/eye_irritation_rabbit,,,unknown,unknown,HIGH,source_filename,,EU_REACH,not_registered,False,True,sds_full,HIGH,reach_text,,,Napropamide,ternary,unknown,none,3.0,,
EyeIrritation6pack_PID314,Dichloroprop-P,UNKNOWN,unknown,pesticide/herbicide,unknown,LOW,name_inferred,UNKNOWN,[],['none_identified'],unknown,[],0.0,LOW,no_basis,study/eye_irritation_rabbit,,,unknown,unknown,HIGH,source_filename,,RESEARCH_ONLY,not_registered,False,False,product_page,HIGH,source_filename,,,Dichloroprop-P,single,unknown,none,1.0,,
EyeIrritation6pack_PID316,Diflubenzuron VC-90,UNKNOWN,powder,pesticide/insecticide,concentrate,MEDIUM,name_inferred,NONE,[],['none_identified'],none,[],1.0,MEDIUM,sds_section2,study/eye_irritation_rabbit,,,unknown,unknown,HIGH,source_filename,,RESEARCH_ONLY,not_registered,False,False,sds_partial,HIGH,source_filename,,,Diflubenzuron,single,unknown,none,1.0,,
EyeIrritation6pack_PID319,Dimethoate 400,EC,liquid,pesticide/insecticide,concentrate,MEDIUM,pattern_inferred,UNKNOWN,[],['none_identified'],unknown,[],0.0,LOW,no_basis,study/eye_irritation_rabbit,,,unknown,unknown,HIGH,source_filename,,RESEARCH_ONLY,not_registered,False,False,sds_partial,HIGH,source_filename,82.22,17.78,Dimethoate,binary,high,exact,2.0,,
EyeIrritation6pack_PID32,Abamectin(98%),UNKNOWN,powder,pesticide/insecticide,concentrate,MEDIUM,pattern_inferred,DANGER,"['reproductive_toxicity_2', 'acute_toxicity_oral_2']",['oral'],unknown,"['H361d', 'H300']",5.0,HIGH,sds_composition,study/eye_irritation_rabbit,,,unknown,unknown,HIGH,source_filename,,EU_REACH,not_registered,False,False,sds_full,MEDIUM,reach_text,97.0,3.0,Abamectin,binary,very_high,exact,2.0,,
EyeIrritation6pack_PID321,Dinotefuran Injectable,UNKNOWN,liquid,pesticide/insecticide,concentrate,MEDIUM,name_inferred,UNKNOWN,[],['none_identified'],unknown,[],0.0,LOW,no_basis,study/eye_irritation_rabbit,,,unknown,unknown,HIGH,source_filename,,RESEARCH_ONLY,not_registered,False,False,sds_full,HIGH,source_filename,99.0,1.0,Dinotefuran,single,very_high,exact,1.0,,
EyeIrritation6pack_PID323,Dinotefuron 10SL,SL,liquid,pesticide/insecticide,concentrate,HIGH,name_explicit,UNKNOWN,[],['none_identified'],unknown,[],0.0,LOW,no_basis,study/eye_irritation_rabbit,,,unknown,unknown,HIGH,source_filename,,RESEARCH_ONLY,not_registered,False,False,sds_full,HIGH,source_filename,,,Dinotefuran,single,unknown,none,1.0,,
EyeIrritation6pack_PID324,Dinotefuron Ant Bait,UNKNOWN,granule,pesticide/insecticide,ready-to-use,MEDIUM,name_inferred,UNKNOWN,[],['none_identified'],unknown,[],0.0,LOW,no_basis,study/eye_irritation_rabbit,,,unknown,unknown,HIGH,source_filename,,RESEARCH_ONLY,not_registered,False,False,sds_full,HIGH,source_filename,,,Dinotefuran,binary,unknown,none,2.0,,
EyeIrritation6pack_PID325,Dinotefuron(99%),UNKNOWN,powder,pesticide/insecticide,concentrate,MEDIUM,pattern_inferred,UNKNOWN,[],['none_identified'],unknown,[],0.0,LOW,no_basis,study/eye_irritation_rabbit,,,unknown,unknown,HIGH,source_filename,,RESEARCH_ONLY,not_registered,False,False,sds_full,HIGH,source_filename,,,Dinotefuran,single,unknown,none,1.0,,
EyeIrritation6pack_PID326,Disarm G Fungicide,GR,granule,pesticide/fungicide,ready-to-use,HIGH,name_explicit,UNKNOWN,[],['none_identified'],unknown,[],0.0,LOW,no_basis,study/eye_irritation_rabbit,,,unknown,unknown,HIGH,source_filename,,RESEARCH_ONLY,not_registered,False,False,sds_partial,HIGH,source_filename,,,Fluoxastrobin,single,unknown,none,1.0,,
EyeIrritation6pack_PID327,Diuron 4L Liquid Flowable Herbicide,SC,suspension,pesticide/herbicide,concentrate,HIGH,name_explicit,UNKNOWN,[],['none_identified'],unknown,[],0.0,LOW,no_basis,study/eye_irritation_rabbit,,,unknown,unknown,HIGH,source_filename,,RESEARCH_ONLY,not_registered,False,False,sds_full,HIGH,source_filename,40.7,6.0,Diuron,binary,high,approximate,2.0,,
EyeIrritation6pack_PID328,Diuron Herbicide,SC,suspension,pesticide/herbicide,concentrate,MEDIUM,pattern_inferred,UNKNOWN,[],['none_identified'],unknown,[],0.0,LOW,no_basis,study/eye_irritation_rabbit,,,unknown,unknown,HIGH,source_filename,,RESEARCH_ONLY,not_registered,False,False,sds_full,HIGH,source_filename,40.7,6.0,Diuron,binary,high,approximate,2.0,,
EyeIrritation6pack_PID329,Domark 230 ME Fungicide,ME,emulsion,pesticide/fungicide,concentrate,HIGH,name_explicit,WARNING,"['aquatic_chronic_2', 'acute_toxicity_oral_4', 'acute_toxicity_inhalation_4']","['oral', 'inhalation']",aquatic_chronic,"['H411', 'H302', 'H332']",3.0,HIGH,sds_composition,study/eye_irritation_rabbit,,,unknown,unknown,HIGH,source_filename,,RESEARCH_ONLY,not_registered,False,False,sds_partial,HIGH,source_filename,20.5,79.5,Tetraconazole,single,medium,exact,1.0,,
EyeIrritation6pack_PID330,Double Threat Insecticide,UNKNOWN,liquid,pesticide/insecticide,concentrate,MEDIUM,name_inferred,WARNING,"['acute_toxicity_oral_4', 'acute_toxicity_dermal_4', 'skin_irritation_2']","['oral', 'dermal']",unknown,"['H302', 'H312', 'H315']",3.0,MEDIUM,snippet_keywords,study/eye_irritation_rabbit,,,unknown,unknown,HIGH,source_filename,,RESEARCH_ONLY,not_registered,True,False,sds_partial,HIGH,source_filename,3.1,,Pirimiphos Methyl,multi_4_6,low,partial,4.0,,
EyeIrritation6pack_PID332,DP210 Professional Insecticide,UNKNOWN,unknown,pesticide/insecticide,unknown,MEDIUM,name_inferred,UNKNOWN,[],['none_identified'],unknown,[],0.0,LOW,no_basis,study/eye_irritation_rabbit,,,unknown,unknown,HIGH,source_filename,,RESEARCH_ONLY,not_registered,False,False,sds_full,HIGH,source_filename,,,Deltamethrin,single,unknown,none,1.0,,
EyeIrritation6pack_PID333,DPX-E9636,UNKNOWN,unknown,pesticide/herbicide,unknown,LOW,no_basis,UNKNOWN,[],['none_identified'],unknown,[],0.0,LOW,no_basis,study/eye_irritation_rabbit,,,unknown,unknown,HIGH,source_filename,,RESEARCH_ONLY,not_registered,False,False,sds_partial,HIGH,source_filename,0.1,,Rimsulfuron,binary,ultra_low,partial,2.0,,
EyeIrritation6pack_PID343,Drexel Suffa-8,UNKNOWN,powder,pesticide/fungicide,concentrate,MEDIUM,pattern_inferred,WARNING,"['acute_toxicity_inhalation_4', 'eye_irritation_2B']",['inhalation'],none,[],2.0,HIGH,sds_section2,study/eye_irritation_rabbit,,,unknown,unknown,HIGH,source_filename,,RESEARCH_ONLY,not_registered,True,False,sds_partial,HIGH,source_filename,52.0,48.0,Elemental Sulfur,binary,high,exact,2.0,,
EyeIrritation6pack_PID344,Drexel Sulfur 90W,WP,powder,pesticide/fungicide,concentrate,HIGH,name_explicit,UNKNOWN,[],['none_identified'],unknown,[],0.0,LOW,no_basis,study/eye_irritation_rabbit,,,unknown,unknown,HIGH,source_filename,,RESEARCH_ONLY,not_registered,True,False,sds_partial,HIGH,source_filename,90.0,10.0,Elemental Sulfur,binary,very_high,exact,2.0,,
EyeIrritation6pack_PID345,Dropp SC Cotton Defoliant,SC,suspension,pesticide/other,concentrate,HIGH,name_explicit,UNKNOWN,[],['none_identified'],unknown,[],0.0,LOW,no_basis,study/eye_irritation_rabbit,,,unknown,unknown,HIGH,source_filename,,RESEARCH_ONLY,not_registered,False,False,sds_full,HIGH,source_filename,2.0,,Thidiazuron,multi_4_6,low,partial,4.0,,
EyeIrritation6pack_PID347,DuPont Accent Q Herbicide,WG,granule,pesticide/herbicide,concentrate,MEDIUM,pattern_inferred,UNKNOWN,[],['none_identified'],unknown,[],0.0,LOW,no_basis,study/eye_irritation_rabbit,,,unknown,unknown,HIGH,source_filename,,RESEARCH_ONLY,not_registered,False,False,sds_partial,HIGH,source_filename,75.0,25.0,Nicosulfuron,ternary,very_high,exact,3.0,,
EyeIrritation6pack_PID348,DuPont Accent SC,SC,suspension,industrial_chemical,concentrate,HIGH,name_explicit,UNKNOWN,[],['none_identified'],unknown,[],0.0,LOW,no_basis,study/eye_irritation_rabbit,,,unknown,unknown,HIGH,source_filename,,RESEARCH_ONLY,not_registered,False,False,sds_partial,HIGH,source_filename,,,Methyl ethyl ketone,multi_7p,high,approximate,5.0,,
EyeIrritation6pack_PID349,DuPont Approach Prima Fungicide,EC,emulsion,pesticide/fungicide,concentrate,MEDIUM,pattern_inferred,UNKNOWN,[],['none_identified'],unknown,[],0.0,LOW,no_basis,study/eye_irritation_rabbit,,,unknown,unknown,HIGH,source_filename,,RESEARCH_ONLY,not_registered,False,False,sds_partial,HIGH,source_filename,25.11,74.89,Picoxystrobin,multi_4_6,medium,exact,4.0,,
EyeIrritation6pack_PID350,DuPont Curzate 60DF,DF,powder,pesticide/fungicide,concentrate,HIGH,name_explicit,WARNING,"['stot_repeated_2', 'aquatic_acute_1', 'aquatic_chronic_1', 'skin_irritation_2', 'eye_irritation_2']",['none_identified'],aquatic_acute_and_chronic,"['H373', 'H400', 'H410', 'H315', 'H319']",4.0,HIGH,sds_composition,study/eye_irritation_rabbit,,,unknown,unknown,HIGH,source_filename,,RESEARCH_ONLY,not_registered,False,False,sds_full,HIGH,source_filename,65.0,35.0,Cymoxanil,binary,very_high,exact,2.0,,
EyeIrritation6pack_PID351,DuPont DPX-KJM44 80 MUP Herbicide,WG,granule,pesticide/herbicide,concentrate,MEDIUM,pattern_inferred,UNKNOWN,[],['none_identified'],unknown,[],0.0,LOW,no_basis,study/eye_irritation_rabbit,,,unknown,unknown,HIGH,source_filename,,RESEARCH_ONLY,not_registered,False,False,sds_partial,HIGH,source_filename,75.0,25.0,Metribuzin,multi_4_6,very_high,exact,4.0,,
EyeIrritation6pack_PID352,DuPont DPX-KJM44 Herbicide,WG,granule,pesticide/herbicide,concentrate,MEDIUM,pattern_inferred,UNKNOWN,[],['none_identified'],unknown,[],0.0,LOW,no_basis,study/eye_irritation_rabbit,,,unknown,unknown,HIGH,source_filename,,RESEARCH_ONLY,not_registered,False,False,sds_full,HIGH,source_filename,25.0,71.75,Chlorimuron ethyl,multi_4_6,medium,approximate,4.0,,
EyeIrritation6pack_PID354,DuPont DPX-LEM17 50WDG Fungicide,WDG,granule,pesticide/fungicide,concentrate,HIGH,name_explicit,WARNING,['eye_irritation_2A'],['none_identified'],unknown,['H319'],2.0,HIGH,snippet_keywords,study/eye_irritation_rabbit,,,unknown,unknown,HIGH,source_filename,,RESEARCH_ONLY,not_registered,False,False,unknown,HIGH,source_filename,12.5,87.5,Polyoxorim-zinc,single,medium,approximate,1.0,MEDIUM,workbook_pct
EyeIrritation6pack_PID355,DuPont DPX-MAT28 0.05G Turf Herbicide + Fertilizer,GR,granule,pesticide/herbicide,ready-to-use,HIGH,name_explicit,NONE,[],['none_identified'],none,[],1.0,MEDIUM,snippet_keywords,study/eye_irritation_rabbit,,,unknown,unknown,HIGH,source_filename,,RESEARCH_ONLY,not_registered,False,False,product_page,HIGH,source_filename,0.43,99.57,Prodiamine,multi_4_6,ultra_low,partial,4.0,MEDIUM,workbook_pct
EyeIrritation6pack_PID356,DuPont DPX-MAT28 Herbicide,UNKNOWN,unknown,pesticide/herbicide,concentrate,MEDIUM,pattern_inferred,UNKNOWN,[],['none_identified'],unknown,[],0.0,LOW,no_basis,study/eye_irritation_rabbit,,,unknown,unknown,HIGH,source_filename,,RESEARCH_ONLY,not_registered,False,False,sds_partial,HIGH,source_filename,25.0,75.0,Potassium salt of aminocyclopyrachlor,multi_4_6,medium,inconsistent,4.0,MEDIUM,workbook_pct
EyeIrritation6pack_PID358,DuPont Fontelis Fungicide,UNKNOWN,liquid,pesticide/fungicide,concentrate,MEDIUM,pattern_inferred,UNKNOWN,[],['none_identified'],unknown,[],0.0,LOW,no_basis,study/eye_irritation_rabbit,,,unknown,unknown,HIGH,source_filename,,RESEARCH_ONLY,not_registered,False,False,sds_partial,HIGH,source_filename,20.4,79.6,Penthiopyrad,ternary,medium,exact,3.0,HIGH,workbook_pct
EyeIrritation6pack_PID360,DuPont Prequel Herbicide,UNKNOWN,powder,pesticide/herbicide,concentrate,MEDIUM,pattern_inferred,UNKNOWN,[],['none_identified'],unknown,[],0.0,LOW,no_basis,study/eye_irritation_rabbit,,,unknown,unknown,HIGH,source_filename,,RESEARCH_ONLY,not_registered,False,False,sds_partial,HIGH,source_filename,48.0,49.0,Isoxaflutole,multi_4_6,medium,approximate,4.0,MEDIUM,workbook_pct
EyeIrritation6pack_PID361,DuPont Prevathon Insect Control,UNKNOWN,liquid,pesticide/insecticide,concentrate,MEDIUM,pattern_inferred,UNKNOWN,[],['none_identified'],unknown,[],0.0,LOW,no_basis,study/eye_irritation_rabbit,,,unknown,unknown,HIGH,source_filename,,RESEARCH_ONLY,not_registered,False,False,sds_partial,HIGH,source_filename,5.0,95.0,Chlorantraniliprole,ternary,low,exact,3.0,HIGH,workbook_pct
EyeIrritation6pack_PID362,DuPont Rynaxypyr,UNKNOWN,powder,pesticide/insecticide,concentrate,LOW,pattern_inferred,NONE,[],['none_identified'],none,[],1.0,MEDIUM,snippet_keywords,study/eye_irritation_rabbit,,,unknown,unknown,HIGH,source_filename,,RESEARCH_ONLY,not_registered,False,False,sds_partial,HIGH,source_filename,4.0,96.0,Chlorantraniliprole,multi_4_6,low,partial,4.0,LOW,name_inference
EyeIrritation6pack_PID363,DuPont Steadfast Q Herbicide,UNKNOWN,powder,pesticide/herbicide,concentrate,MEDIUM,pattern_inferred,UNKNOWN,[],['none_identified'],unknown,[],0.0,LOW,no_basis,study/eye_irritation_rabbit,,,unknown,unknown,HIGH,source_filename,,RESEARCH_ONLY,not_registered,False,False,sds_partial,HIGH,source_filename,46.0,47.4,Nicosulfuron,multi_7p,medium,approximate,5.0,MEDIUM,workbook_pct
EyeIrritation6pack_PID364,DuPont Treoris Fungicide,UNKNOWN,liquid,pesticide/fungicide,concentrate,MEDIUM,pattern_inferred,UNKNOWN,[],['none_identified'],unknown,[],0.0,LOW,no_basis,study/eye_irritation_rabbit,,,unknown,unknown,HIGH,source_filename,,RESEARCH_ONLY,not_registered,False,False,unknown,HIGH,source_filename,20.6,26.9,Penthiopyrad,multi_4_6,medium,approximate,4.0,MEDIUM,workbook_pct
EyeIrritation6pack_PID365,DuPont Vertisan Fungicide,UNKNOWN,liquid,pesticide/fungicide,concentrate,MEDIUM,pattern_inferred,UNKNOWN,[],['none_identified'],unknown,[],0.0,LOW,no_basis,study/eye_irritation_rabbit,,,unknown,unknown,HIGH,source_filename,,RESEARCH_ONLY,not_registered,False,False,sds_partial,HIGH,source_filename,20.6,79.4,Penthiopyrad,ternary,medium,exact,3.0,HIGH,workbook_pct
EyeIrritation6pack_PID366,Durham Metaldehyde Granules 3.5,GR,granule,pesticide/other,ready-to-use,HIGH,name_explicit,UNKNOWN,[],['none_identified'],unknown,[],0.0,LOW,no_basis,study/eye_irritation_rabbit,,,unknown,unknown,HIGH,source_filename,,RESEARCH_ONLY,not_registered,False,False,sds_full,HIGH,source_filename,,,Metaldehyde,binary,unknown,none,2.0,LOW,name_inference
EyeIrritation6pack_PID367,Durivo Insecticide,UNKNOWN,liquid,pesticide/insecticide,concentrate,MEDIUM,pattern_inferred,UNKNOWN,[],['none_identified'],unknown,[],0.0,LOW,no_basis,study/eye_irritation_rabbit,,,unknown,unknown,HIGH,source_filename,,RESEARCH_ONLY,not_registered,False,False,unknown,HIGH,source_filename,2.0,98.0,Thiamethoxam,multi_4_6,low,partial,4.0,MEDIUM,workbook_pct
EyeIrritation6pack_PID368,Dylox 420 SL,SL,liquid,pesticide/insecticide,concentrate,HIGH,name_explicit,UNKNOWN,[],['none_identified'],unknown,[],0.0,LOW,no_basis,study/eye_irritation_rabbit,,,unknown,unknown,HIGH,source_filename,,RESEARCH_ONLY,not_registered,False,False,sds_partial,HIGH,source_filename,2.0,98.0,Trichlorfon,binary,low,partial,2.0,MEDIUM,workbook_pct
EyeIrritation6pack_PID369,Dylox 9.3% Insect Granules,GR,granule,pesticide/insecticide,ready-to-use,HIGH,name_explicit,UNKNOWN,[],['none_identified'],unknown,[],0.0,LOW,no_basis,study/eye_irritation_rabbit,,,unknown,unknown,HIGH,source_filename,,RESEARCH_ONLY,not_registered,False,False,unknown,HIGH,source_filename,9.3,90.7,Dylox,binary,low,partial,2.0,MEDIUM,name_inference
EyeIrritation6pack_PID37,Absolute 500 SC Fungicide,SC,suspension,pesticide/fungicide,concentrate,HIGH,name_explicit,UNKNOWN,[],['none_identified'],unknown,[],0.0,LOW,no_basis,study/eye_irritation_rabbit,,,unknown,unknown,HIGH,source_filename,,RESEARCH_ONLY,not_registered,False,False,sds_partial,HIGH,source_filename,,,Tebuconazole,ternary,unknown,none,3.0,LOW,no_basis
EyeIrritation6pack_PID370,Dynasty Extreme,UNKNOWN,liquid,pesticide/fungicide,concentrate,MEDIUM,pattern_inferred,WARNING,['skin_sensitization_1B'],['none_identified'],unknown,[],2.0,HIGH,sds_section2,study/eye_irritation_rabbit,,,unknown,unknown,HIGH,source_filename,,RESEARCH_ONLY,not_registered,False,False,sds_partial,HIGH,source_filename,11.07,88.93,Azoxystrobin,multi_4_6,medium,exact,4.0,HIGH,workbook_pct
EyeIrritation6pack_PID371,"E-Scape Turf & Ornamental Fungicide, Muscle ADV",UNKNOWN,unknown,pesticide/fungicide,unknown,LOW,pattern_inferred,DANGER,['acute_toxicity_oral_3'],['oral'],unknown,['H301'],4.0,HIGH,snippet_keywords,study/eye_irritation_rabbit,,,unknown,unknown,HIGH,source_filename,,RESEARCH_ONLY,not_registered,False,False,unknown,HIGH,source_filename,,,Tebuconazole,multi_4_6,unknown,none,4.0,LOW,name_inference
EyeIrritation6pack_PID373,Echo 375/Cymoxaanil 50,UNKNOWN,powder,pesticide/fungicide,concentrate,LOW,pattern_inferred,UNKNOWN,[],['none_identified'],unknown,[],0.0,LOW,no_basis,study/eye_irritation_rabbit,,,unknown,unknown,HIGH,source_filename,,RESEARCH_ONLY,not_registered,False,False,unknown,HIGH,source_filename,1.0,99.0,UNKNOWN,ternary,ultra_low,partial,3.0,LOW,workbook_pct
EyeIrritation6pack_PID375,Ecolife One-Pack,UNKNOWN,liquid,pesticide/other,unknown,LOW,pattern_inferred,UNKNOWN,[],['none_identified'],unknown,[],0.0,LOW,no_basis,study/eye_irritation_rabbit,,,unknown,unknown,HIGH,source_filename,,RESEARCH_ONLY,not_registered,False,False,sds_partial,HIGH,source_filename,,,"4,5-Dichloro-2-N-octyl-4-isothiazolin-3-one",single,unknown,none,1.0,LOW,no_basis
EyeIrritation6pack_PID376,Effipro Topical Solution for Dogs,UNKNOWN,liquid,pesticide/insecticide,ready-to-use,MEDIUM,pattern_inferred,DANGER,"['acute_toxicity_oral_4', 'acute_toxicity_inhalation_4', 'stot_single_1', 'stot_repeated_1']","['oral', 'inhalation']",unknown,[],5.0,HIGH,sds_section2,study/eye_irritation_rabbit,,,unknown,unknown,HIGH,source_filename,,RESEARCH_ONLY,not_registered,False,False,sds_partial,HIGH,source_filename,12.72,85.0,Fipronil,ternary,medium,approximate,3.0,HIGH,workbook_pct
EyeIrritation6pack_PID377,EH-1446 Herbicide,UNKNOWN,liquid,pesticide/herbicide,concentrate,MEDIUM,pattern_inferred,UNKNOWN,[],['none_identified'],unknown,[],0.0,LOW,no_basis,study/eye_irritation_rabbit,,,unknown,unknown,HIGH,source_filename,,RESEARCH_ONLY,not_registered,False,False,sds_partial,HIGH,source_filename,,,Isopropylamine salt of glyphosate,single,unknown,none,1.0,LOW,no_basis
EyeIrritation6pack_PID378,EH-1479 Herbicide,UNKNOWN,unknown,pesticide/herbicide,unknown,LOW,no_basis,UNKNOWN,[],['none_identified'],unknown,[],0.0,LOW,no_basis,study/eye_irritation_rabbit,,,unknown,unknown,HIGH,source_filename,,RESEARCH_ONLY,not_registered,False,False,unknown,HIGH,source_filename,,,UNKNOWN,single,unknown,none,1.0,LOW,no_basis
EyeIrritation6pack_PID379,EH-1480 Herbicide,UNKNOWN,unknown,pesticide/herbicide,unknown,LOW,pattern_inferred,WARNING,[],['none_identified'],unknown,[],2.0,MEDIUM,sds_section2,study/eye_irritation_rabbit,,,unknown,unknown,HIGH,source_filename,,RESEARCH_ONLY,not_registered,False,False,unknown,HIGH,source_filename,36.0,64.0,SODIUM HYPOCHLORITE SOLUTION,multi_4_6,medium,partial,4.0,LOW,workbook_pct
EyeIrritation6pack_PID380,EH-1488 Herbicide,UNKNOWN,unknown,pesticide/herbicide,unknown,LOW,no_basis,UNKNOWN,[],['none_identified'],unknown,[],0.0,LOW,no_basis,study/eye_irritation_rabbit,,,unknown,unknown,HIGH,source_filename,,RESEARCH_ONLY,not_registered,False,False,unknown,HIGH,source_filename,1.0,99.0,UNKNOWN,single,ultra_low,partial,1.0,LOW,workbook_pct
EyeIrritation6pack_PID381,EH-1489 Broadleaf Herbicide,UNKNOWN,unknown,pesticide/herbicide,unknown,LOW,no_basis,UNKNOWN,[],['none_identified'],unknown,[],0.0,LOW,no_basis,study/eye_irritation_rabbit,,,unknown,unknown,HIGH,source_filename,,RESEARCH_ONLY,not_registered,False,False,unknown,HIGH,source_filename,5.0,95.0,UNKNOWN,single,low,partial,1.0,LOW,workbook_pct
EyeIrritation6pack_PID382,EH-1534 Herbicide,WP,powder,pesticide/herbicide,concentrate,MEDIUM,pattern_inferred,UNKNOWN,[],['none_identified'],unknown,[],0.0,LOW,no_basis,study/eye_irritation_rabbit,,,unknown,unknown,HIGH,source_filename,,RESEARCH_ONLY,not_registered,False,,sds_full,HIGH,source_filename,45.7,54.3,Mesotrione,multi_4_6,high,approximate,4.0,HIGH,workbook_pct
EyeIrritation6pack_PID383,EI-785 Insecticide,SL,liquid,pesticide/insecticide,concentrate,MEDIUM,pattern_inferred,UNKNOWN,[],['none_identified'],unknown,[],0.0,LOW,no_basis,study/eye_irritation_rabbit,,,unknown,unknown,HIGH,source_filename,,RESEARCH_ONLY,not_registered,False,,sds_full,HIGH,source_filename,,,Clothianidin,multi_4_6,unknown,none,3.0,LOW,name_inference
EyeIrritation6pack_PID386,Emamectin Benzoate,UNKNOWN,unknown,pesticide/insecticide,unknown,LOW,no_basis,UNKNOWN,[],['none_identified'],unknown,[],0.0,LOW,no_basis,study/eye_irritation_rabbit,,,unknown,unknown,HIGH,source_filename,,RESEARCH_ONLY,not_registered,False,,sds_full,HIGH,source_filename,,,Emamectin B1 benzoate,single,unknown,none,1.0,MEDIUM,name_inference
EyeIrritation6pack_PID390,Encartis Fungicide,UNKNOWN,liquid,pesticide/fungicide,concentrate,MEDIUM,pattern_inferred,UNKNOWN,[],['none_identified'],unknown,[],0.0,LOW,no_basis,study/eye_irritation_rabbit,,,unknown,unknown,HIGH,source_filename,,RESEARCH_ONLY,not_registered,False,,sds_full,HIGH,source_filename,54.14,45.86,chlorothalonil,multi_4_6,high,partial,3.0,MEDIUM,workbook_pct
EyeIrritation6pack_PID391,Endigo ZCX,SC,suspension,pesticide/insecticide,concentrate,MEDIUM,pattern_inferred,UNKNOWN,[],['none_identified'],unknown,[],0.0,LOW,no_basis,study/eye_irritation_rabbit,,,unknown,unknown,HIGH,source_filename,,RESEARCH_ONLY,not_registered,False,,sds_full,HIGH,source_filename,3.0,97.0,lambda-cyhalothrin,multi_7p,ultra_low,partial,5.0,MEDIUM,workbook_pct
EyeIrritation6pack_PID392,ENS-010A,UNKNOWN,liquid,consumer_product,ready-to-use,LOW,pattern_inferred,UNKNOWN,[],['none_identified'],unknown,[],0.0,LOW,no_basis,study/eye_irritation_rabbit,,,unknown,unknown,HIGH,source_filename,,RESEARCH_ONLY,not_registered,False,,sds_full,HIGH,source_filename,,,2-Aminoethanol,multi_7p,low,approximate,5.0,LOW,source_text
EyeIrritation6pack_PID393,Envidor 2 SC,SC,suspension,pesticide/insecticide,concentrate,HIGH,name_explicit,DANGER,"['carcinogenicity_1B', 'reproductive_toxicity_2']",['none_identified'],unknown,"['H350', 'H361f']",5.0,HIGH,snippet_keywords,study/eye_irritation_rabbit,,,unknown,unknown,HIGH,source_filename,,EU_REACH,not_registered,False,False,sds_full,MEDIUM,reach_text,,,Spirodiclofen,multi_4_6,unknown,none,3.0,LOW,name_inference
EyeIrritation6pack_PID396,ET-005,UNKNOWN,unknown,cleaning_disinfectant,concentrate,LOW,pattern_inferred,UNKNOWN,[],['none_identified'],unknown,[],0.0,LOW,no_basis,study/eye_irritation_rabbit,,,unknown,unknown,HIGH,source_filename,,RESEARCH_ONLY,not_registered,False,,unknown,HIGH,source_filename,,,Methanol,ternary,unknown,none,3.0,LOW,name_inference
EyeIrritation6pack_PID398,Ethephon 3# Plant Regulator,SL,liquid,pesticide/other,concentrate,MEDIUM,pattern_inferred,UNKNOWN,[],['none_identified'],unknown,[],0.0,LOW,no_basis,study/eye_irritation_rabbit,,,unknown,unknown,HIGH,source_filename,,RESEARCH_ONLY,not_registered,False,,sds_full,HIGH,source_filename,48.0,52.0,Chlorethephon,binary,high,exact,2.0,HIGH,workbook_pct
EyeIrritation6pack_PID4,0.19% Mesotrione on Fertilizer,UNKNOWN,granule,pesticide/herbicide,dilute,MEDIUM,pattern_inferred,UNKNOWN,[],['none_identified'],unknown,[],0.0,LOW,no_basis,study/eye_irritation_rabbit,,,unknown,unknown,HIGH,source_filename,,RESEARCH_ONLY,not_registered,False,,sds_full,HIGH,source_filename,96.0,4.0,Mesotrione,multi_4_6,very_high,approximate,4.0,HIGH,workbook_pct
EyeIrritation6pack_PID40,Acephate,EC,liquid,pesticide/insecticide,concentrate,HIGH,evidence_snippet,WARNING,['acute_toxicity_oral_4'],['oral'],none,['H302'],3.0,HIGH,sds_section2,study/eye_irritation_rabbit,,,unknown,unknown,HIGH,source_filename,,EU_REACH,not_registered,False,False,sds_full,MEDIUM,reach_text,,,Acephate,binary,unknown,none,2.0,LOW,name_inference
EyeIrritation6pack_PID404,Ethofumesate(97.7%),UNKNOWN,liquid,pesticide/herbicide,concentrate,MEDIUM,pattern_inferred,UNKNOWN,[],['none_identified'],unknown,[],0.0,LOW,no_basis,study/eye_irritation_rabbit,,,unknown,unknown,HIGH,source_filename,,RESEARCH_ONLY,not_registered,False,,sds_full,HIGH,source_filename,30.0,70.0,Ethofumesate,ternary,medium,exact,3.0,HIGH,workbook_pct
EyeIrritation6pack_PID406,Ethoprop,UNKNOWN,unknown,pesticide/insecticide,unknown,LOW,pattern_inferred,UNKNOWN,[],['none_identified'],unknown,[],0.0,LOW,no_basis,study/eye_irritation_rabbit,,,unknown,unknown,HIGH,source_filename,,RESEARCH_ONLY,not_registered,False,,sds_full,HIGH,source_filename,,,ethoprophos,binary,unknown,none,2.0,LOW,name_inference
EyeIrritation6pack_PID408,Etoxazole(95.57%),UNKNOWN,unknown,pesticide/insecticide,concentrate,LOW,pattern_inferred,UNKNOWN,[],['none_identified'],unknown,[],0.0,LOW,no_basis,study/eye_irritation_rabbit,,,unknown,unknown,HIGH,source_filename,,RESEARCH_ONLY,not_registered,False,,sds_full,HIGH,source_filename,90.0,10.0,Etoxazole,single,very_high,approximate,1.0,HIGH,workbook_pct
EyeIrritation6pack_PID41,Acephate 90 DF Insecticide,WDG,granule,pesticide/insecticide,concentrate,HIGH,evidence_snippet,WARNING,"['acute_toxicity_oral_4', 'acute_toxicity_inhalation_4', 'skin_sensitization_1B']","['oral', 'inhalation']",none,[],3.0,HIGH,sds_section2,study/eye_irritation_rabbit,,,unknown,unknown,HIGH,source_filename,,US_EPA,unknown,True,,sds_full,MEDIUM,epa_text,90.0,10.0,Acephate,multi_4_6,very_high,exact,3.0,HIGH,workbook_pct
EyeIrritation6pack_PID411,Evercide Total Release Fogger,RTU,liquid,pesticide/insecticide,ready-to-use,HIGH,pattern_inferred,UNKNOWN,[],['none_identified'],unknown,[],0.0,LOW,no_basis,study/eye_irritation_rabbit,,,unknown,unknown,HIGH,source_filename,,RESEARCH_ONLY,not_registered,False,,sds_full,HIGH,source_filename,0.41,99.59,Piperonyl Butoxide,multi_4_6,ultra_low,exact,4.0,HIGH,workbook_pct
EyeIrritation6pack_PID412,EX2108,UNKNOWN,liquid,cleaning_disinfectant,ready-to-use,LOW,pattern_inferred,UNKNOWN,[],['none_identified'],unknown,[],0.0,LOW,no_basis,study/eye_irritation_rabbit,,,unknown,unknown,HIGH,source_filename,,RESEARCH_ONLY,not_registered,False,,sds_full,HIGH,source_filename,21.0,79.0,Isopropylalcohol,binary,medium,approximate,2.0,MEDIUM,workbook_pct
EyeIrritation6pack_PID413,F 9328-1EC Herbicide,EC,liquid,pesticide/herbicide,concentrate,HIGH,name_explicit,UNKNOWN,[],['none_identified'],unknown,[],0.0,LOW,no_basis,study/eye_irritation_rabbit,,,unknown,unknown,HIGH,source_filename,,RESEARCH_ONLY,not_registered,False,,sds_full,HIGH,source_filename,14.71,85.29,Fenoxaprop-P-ethyl,multi_4_6,medium,exact,4.0,HIGH,workbook_pct
EyeIrritation6pack_PID414,F4113 EW Herbicide,EW,emulsion,pesticide/herbicide,concentrate,HIGH,name_explicit,UNKNOWN,[],['none_identified'],aquatic_chronic,[],2.0,MEDIUM,snippet_keywords,study/eye_irritation_rabbit,,,unknown,unknown,HIGH,source_filename,,RESEARCH_ONLY,not_registered,False,,sds_full,HIGH,source_filename,,,Carfentrazone-ethyl,ternary,unknown,none,3.0,LOW,name_inference
EyeIrritation6pack_PID417,F6141 EW Insecticide,EW,emulsion,pesticide/insecticide,concentrate,HIGH,name_explicit,UNKNOWN,[],['none_identified'],aquatic_chronic,[],2.0,MEDIUM,snippet_keywords,study/eye_irritation_rabbit,,,unknown,unknown,HIGH,source_filename,,RESEARCH_ONLY,not_registered,False,,sds_full,HIGH,source_filename,,,Bifenthrin,binary,unknown,none,2.0,LOW,name_inference
EyeIrritation6pack_PID419,F8028-3 Insecticide,UNKNOWN,liquid,pesticide/insecticide,concentrate,MEDIUM,pattern_inferred,UNKNOWN,[],['none_identified'],unknown,[],0.0,LOW,no_basis,study/eye_irritation_rabbit,,,unknown,unknown,HIGH,source_filename,,RESEARCH_ONLY,not_registered,False,,sds_full,HIGH,source_filename,,,Tau-fluvalinate,ternary,unknown,none,3.0,LOW,name_inference
EyeIrritation6pack_PID42,Acequinocyl,UNKNOWN,unknown,pesticide/insecticide,unknown,LOW,no_basis,UNKNOWN,[],['none_identified'],unknown,[],0.0,LOW,no_basis,study/eye_irritation_rabbit,,,unknown,unknown,HIGH,source_filename,,EU_REACH,not_registered,False,False,sds_full,MEDIUM,reach_text,,,Acequinocyl,single,unknown,none,1.0,LOW,name_inference
EyeIrritation6pack_PID420,Fanfare 2 SC,SC,suspension,pesticide/insecticide,concentrate,HIGH,name_explicit,UNKNOWN,[],['none_identified'],aquatic_chronic,[],2.0,MEDIUM,snippet_keywords,study/eye_irritation_rabbit,,,unknown,unknown,HIGH,source_filename,,RESEARCH_ONLY,not_registered,False,,sds_full,HIGH,source_filename,22.6,77.4,Bifenthrin,multi_4_6,medium,approximate,3.0,MEDIUM,workbook_pct
EyeIrritation6pack_PID422,Fenhexamid(95.4%),EC,liquid,pesticide/fungicide,concentrate,HIGH,evidence_snippet,NONE,['aquatic_chronic_2'],['none_identified'],aquatic_chronic,['H411'],2.0,HIGH,sds_section2,study/eye_irritation_rabbit,,,unknown,unknown,HIGH,source_filename,,EU_REACH,not_registered,False,False,sds_full,MEDIUM,reach_text,,,Fenhexamid,binary,unknown,none,2.0,LOW,name_inference
EyeIrritation6pack_PID426,Fenpropimorph,EC,liquid,pesticide/fungicide,concentrate,MEDIUM,pattern_inferred,WARNING,"['acute_toxicity_oral_4', 'acute_toxicity_inhalation_4', 'skin_irritation_2', 'reproductive_toxicity_2', 'aquatic_acute_1', 'aquatic_chronic_1']","['oral', 'inhalation']",both,"['H315', 'H332', 'H400', 'H410']",4.0,HIGH,sds_section2,study/eye_irritation_rabbit,,,unknown,unknown,HIGH,source_filename,,EU_REACH,not_registered,False,False,sds_full,MEDIUM,reach_text,79.8,20.2,Fenpropimorph,ternary,very_high,exact,3.0,HIGH,workbook_pct
EyeIrritation6pack_PID429,Fipronil,UNKNOWN,unknown,pesticide/insecticide,unknown,LOW,name_explicit,UNKNOWN,[],[],unknown,[],0.0,LOW,no_basis,study/eye_irritation_rabbit,,,unknown,unknown,HIGH,source_filename,,EU_REACH,not_registered,False,False,sds_full,MEDIUM,source_filename,,,fipronil,binary,unknown,none,2.0,LOW,name_inference
EyeIrritation6pack_PID43,Acetamiprid + Triticonazole Concentrate,UNKNOWN,liquid,pesticide/fungicide,concentrate,MEDIUM,name_explicit,UNKNOWN,[],[],unknown,[],0.0,LOW,no_basis,study/eye_irritation_rabbit,,,unknown,unknown,HIGH,source_filename,,RESEARCH_ONLY,not_registered,False,False,sds_full,HIGH,source_filename,,,Acetamiprid,binary,unknown,none,2.0,LOW,name_inference
EyeIrritation6pack_PID433,First Choice Foliar Supreme Fungicide,UNKNOWN,liquid,pesticide/fungicide,unknown,MEDIUM,name_explicit,NONE,[],[],none,[],1.0,MEDIUM,sds_section3,study/eye_irritation_rabbit,,,unknown,unknown,HIGH,source_filename,,RESEARCH_ONLY,not_registered,False,False,sds_full,HIGH,source_filename,,,Monopotassium Phosphate,binary,unknown,none,2.0,LOW,source_text
EyeIrritation6pack_PID434,Fitness Fungicide,UNKNOWN,liquid,pesticide/fungicide,concentrate,MEDIUM,pattern_inferred,UNKNOWN,[],[],unknown,[],0.0,LOW,snippet_ingredients_only,study/eye_irritation_rabbit,,,unknown,unknown,HIGH,source_filename,,RESEARCH_ONLY,not_registered,False,False,sds_full,HIGH,source_filename,,,Propiconazole,binary,high,approximate,2.0,MEDIUM,source_text
EyeIrritation6pack_PID435,Flonicamid Insecticide,UNKNOWN,unknown,pesticide/insecticide,unknown,MEDIUM,name_explicit,UNKNOWN,[],[],unknown,[],0.0,LOW,no_basis,study/eye_irritation_rabbit,,,unknown,unknown,HIGH,source_filename,,EU_REACH,not_registered,False,False,sds_full,MEDIUM,source_filename,,,Flonicamid,binary,unknown,none,2.0,LOW,name_inference
EyeIrritation6pack_PID437,"Flower, Rose, & Shrub Care II",RTU,unknown,pesticide/insecticide,ready-to-use,MEDIUM,pattern_inferred,UNKNOWN,[],[],unknown,[],0.0,LOW,no_basis,study/eye_irritation_rabbit,,,unknown,unknown,HIGH,source_filename,092564-00048,US_EPA,registered_active,,False,epa_label,HIGH,epa_reg_found,100.0,0.0,UNKNOWN,single,very_high,exact,1.0,LOW,workbook_pct
EyeIrritation6pack_PID438,Fluazasulfuron 25WG,WG,granule,pesticide/herbicide,concentrate,HIGH,name_explicit,UNKNOWN,[],[],unknown,[],0.0,LOW,snippet_ingredients_only,study/eye_irritation_rabbit,,,unknown,unknown,HIGH,source_filename,,RESEARCH_ONLY,not_registered,True,False,sds_full,HIGH,source_filename,25.0,75.0,Flazasulfuron,binary,medium,approximate,2.0,MEDIUM,source_text
EyeIrritation6pack_PID439,Fluazinam,UNKNOWN,unknown,pesticide/fungicide,unknown,LOW,no_basis,UNKNOWN,[],[],unknown,[],0.0,LOW,no_basis,study/eye_irritation_rabbit,,,unknown,unknown,HIGH,source_filename,,EU_REACH,not_registered,False,False,sds_full,MEDIUM,source_filename,,,Fluazinam,single,unknown,none,1.0,MEDIUM,name_inference
EyeIrritation6pack_PID44,Acetochlor,UNKNOWN,unknown,pesticide/herbicide,unknown,LOW,no_basis,DANGER,"['acute_toxicity_oral_4', 'acute_toxicity_inhalation_4', 'skin_irritation_2', 'skin_sensitization_1', 'carcinogenicity_2', 'reproductive_toxicity_2', 'stot_single_3', 'stot_repeated_2', 'aquatic_acute_1', 'aquatic_chronic_1']","['oral', 'inhalation']",aquatic_acute_and_chronic,"['H302', 'H332', 'H315', 'H317', 'H351', 'H361f', 'H335', 'H373', 'H400', 'H410']",5.0,HIGH,sds_section3,study/eye_irritation_rabbit,,,unknown,unknown,HIGH,source_filename,,RESEARCH_ONLY,not_registered,False,False,sds_full,HIGH,source_filename,,,Acetochlor,single,unknown,none,1.0,HIGH,name_inference
EyeIrritation6pack_PID441,Fludioxonil(95.4%),UNKNOWN,unknown,pesticide/fungicide,concentrate,MEDIUM,pattern_inferred,UNKNOWN,[],[],unknown,[],0.0,LOW,snippet_ingredients_only,study/eye_irritation_rabbit,,,unknown,unknown,HIGH,source_filename,,RESEARCH_ONLY,not_registered,False,False,sds_full,HIGH,source_filename,95.4,4.6,Fludioxonil,binary,very_high,approximate,2.0,HIGH,name_inference
EyeIrritation6pack_PID443,Flufenacet & Isoxaflutole SC Herbicide,SC,suspension,pesticide/herbicide,concentrate,HIGH,name_explicit,WARNING,"['acute_toxicity_oral_4', 'skin_sensitization_1', 'stot_repeated_2', 'aquatic_acute_1', 'aquatic_chronic_1']",['oral'],aquatic_acute_and_chronic,"['H302', 'H317', 'H373', 'H400', 'H410']",3.0,HIGH,sds_section2,study/eye_irritation_rabbit,,,unknown,unknown,HIGH,source_filename,,EU_REACH,not_registered,False,False,sds_full,MEDIUM,reach_text,,,Flufenacet,binary,unknown,none,2.0,LOW,name_inference
EyeIrritation6pack_PID444,Flufenacet 500 SC,SC,suspension,pesticide/herbicide,concentrate,HIGH,name_explicit,WARNING,"['acute_toxicity_oral_4', 'skin_sensitization_1', 'stot_repeated_2', 'aquatic_acute_1', 'aquatic_chronic_1']",['oral'],aquatic_acute_and_chronic,"['H302', 'H317', 'H373', 'H400', 'H410']",3.0,HIGH,sds_section3,study/eye_irritation_rabbit,,,unknown,unknown,HIGH,source_filename,,EU_REACH,not_registered,False,False,sds_full,MEDIUM,source_filename,,,Flufenacet,single,high,approximate,1.0,HIGH,name_inference
EyeIrritation6pack_PID445,Flufenpyr-ethyl,UNKNOWN,unknown,pesticide/herbicide,unknown,LOW,no_basis,UNKNOWN,[],[],unknown,[],0.0,LOW,snippet_ingredients_only,study/eye_irritation_rabbit,,,unknown,unknown,HIGH,source_filename,,RESEARCH_ONLY,not_registered,False,False,sds_full,HIGH,source_filename,98.0,2.0,Flufenpyr-ethyl,single,very_high,exact,1.0,HIGH,workbook_pct
EyeIrritation6pack_PID45,Acetochlor 3.1 + ATZ 2.5,UNKNOWN,liquid,pesticide/herbicide,concentrate,MEDIUM,pattern_inferred,UNKNOWN,[],[],unknown,[],0.0,LOW,snippet_terms_only,study/eye_irritation_rabbit,,,unknown,unknown,HIGH,source_filename,,EU_REACH,not_registered,False,False,sds_full,MEDIUM,source_filename,,,Acetochlor,binary,medium,approximate,2.0,MEDIUM,name_inference
EyeIrritation6pack_PID456,Flumethrin(96.2),UNKNOWN,liquid,pesticide/insecticide,ready-to-use,MEDIUM,evidence_snippet,WARNING,"['stot_repeated_2', 'aquatic_chronic_3']",[],aquatic_chronic,"['H373', 'H412', 'H443']",3.0,HIGH,sds_section2,study/eye_irritation_rabbit,,,unknown,unknown,HIGH,source_filename,,RESEARCH_ONLY,not_registered,False,False,sds_full,HIGH,source_filename,2.0,98.0,Flumethrin,binary,low,approximate,2.0,MEDIUM,workbook_pct
EyeIrritation6pack_PID457,Fluopicolide,UNKNOWN,unknown,pesticide/fungicide,unknown,LOW,no_basis,UNKNOWN,[],[],unknown,[],0.0,LOW,snippet_terms_only,study/eye_irritation_rabbit,,,unknown,unknown,HIGH,source_filename,,RESEARCH_ONLY,not_registered,False,False,sds_full,HIGH,source_filename,100.0,0.0,Fluopicolide,single,very_high,exact,1.0,MEDIUM,workbook_pct
EyeIrritation6pack_PID458,Fluopyram,UNKNOWN,unknown,pesticide/fungicide,unknown,LOW,no_basis,UNKNOWN,[],[],unknown,[],0.0,LOW,snippet_ingredients_only,study/eye_irritation_rabbit,,,unknown,unknown,HIGH,source_filename,,RESEARCH_ONLY,not_registered,False,False,sds_full,HIGH,source_filename,,,Fluopyram,single,unknown,none,1.0,HIGH,name_inference
EyeIrritation6pack_PID459,Fluopyram + Prothioconazole 400,UNKNOWN,liquid,pesticide/fungicide,concentrate,MEDIUM,pattern_inferred,WARNING,['aquatic_chronic_2'],[],aquatic_chronic,[],2.0,MEDIUM,sds_section3,study/eye_irritation_rabbit,,,unknown,unknown,HIGH,source_filename,,EU_REACH,not_registered,False,False,sds_full,MEDIUM,reach_text,0.036,99.964,Fluopyram,multi_4_6,ultra_low,partial,4.0,LOW,workbook_pct
EyeIrritation6pack_PID46,Acrobat 50WP Fungicide,WP,powder,pesticide/fungicide,concentrate,HIGH,name_explicit,WARNING,"['acute_toxicity_oral_5', 'reproductive_toxicity_2', 'aquatic_acute_2', 'aquatic_chronic_2']",['oral'],aquatic_acute_and_chronic,[],4.0,MEDIUM,sds_section3,study/eye_irritation_rabbit,,,unknown,unknown,HIGH,source_filename,,RESEARCH_ONLY,not_registered,False,False,sds_full,HIGH,source_filename,50.04,49.96,Dimethomorph,ternary,high,exact,3.0,HIGH,workbook_pct
EyeIrritation6pack_PID460,Fluopyram 500 SC,SC,suspension,pesticide/fungicide,concentrate,HIGH,name_explicit,DANGER,"['aquatic_chronic_2', 'acute_toxicity_oral_4', 'acute_toxicity_inhalation_2', 'skin_irritation_2', 'eye_damage_1', 'skin_sensitization_1A']","['oral', 'inhalation']",aquatic_chronic,"['H411', 'H302', 'H330', 'H315', 'H318', 'H317']",4.0,HIGH,sds_section3,study/eye_irritation_rabbit,,,unknown,unknown,HIGH,source_filename,,EU_REACH,not_registered,False,True,sds_full,MEDIUM,reach_text,,,Fluopyram,ternary,high,approximate,3.0,HIGH,name_inference
EyeIrritation6pack_PID462,Fluoxastrobin,UNKNOWN,unknown,pesticide/fungicide,unknown,LOW,no_basis,NONE,[],[],none,[],0.0,MEDIUM,sds_section2,study/eye_irritation_rabbit,,,unknown,unknown,HIGH,source_filename,,RESEARCH_ONLY,not_registered,False,False,product_page,HIGH,source_filename,,,Fluoxastrobin,single,unknown,none,1.0,HIGH,name_inference
EyeIrritation6pack_PID463,Flutolanil 40SC Fungicide,SC,suspension,pesticide/fungicide,concentrate,HIGH,name_explicit,UNKNOWN,[],[],unknown,[],0.0,LOW,snippet_ingredients_only,study/eye_irritation_rabbit,,,unknown,unknown,HIGH,source_filename,71711-28,US_EPA,registered_active,False,False,sds_full,HIGH,epa_reg_found,40.0,60.0,Flutolanil,multi_4_6,high,approximate,4.0,HIGH,workbook_pct
EyeIrritation6pack_PID464,Flutriafol,UNKNOWN,unknown,pesticide/fungicide,unknown,LOW,no_basis,UNKNOWN,[],[],unknown,[],0.0,LOW,snippet_terms_only,study/eye_irritation_rabbit,,,unknown,unknown,HIGH,source_filename,,EU_REACH,not_registered,False,False,sds_full,MEDIUM,source_filename,20.0,80.0,Flutriafol,ternary,medium,approximate,3.0,MEDIUM,workbook_pct
EyeIrritation6pack_PID466,Folicur,UNKNOWN,unknown,pesticide/fungicide,unknown,LOW,no_basis,UNKNOWN,[],[],unknown,[],0.0,LOW,snippet_ingredients_only,study/eye_irritation_rabbit,,,unknown,unknown,HIGH,source_filename,,RESEARCH_ONLY,not_registered,False,False,sds_full,HIGH,source_filename,,,Tebuconazole,single,unknown,none,1.0,HIGH,name_inference
EyeIrritation6pack_PID467,Folicur 1. 2 emulsifiable concentrate(16.6),EC,emulsion,pesticide/fungicide,concentrate,HIGH,name_explicit,UNKNOWN,[],[],unknown,[],0.0,LOW,no_basis,study/eye_irritation_rabbit,,,unknown,unknown,HIGH,source_filename,,RESEARCH_ONLY,not_registered,False,False,sds_full,HIGH,source_filename,1.0,99.0,Tebuconazole,multi_4_6,low,partial,4.0,MEDIUM,workbook_pct
EyeIrritation6pack_PID469,Folpan 80 WDG,WDG,granule,pesticide/fungicide,concentrate,HIGH,name_explicit,UNKNOWN,[],['none_identified'],unknown,[],0.0,LOW,no_basis,study/eye_irritation_rabbit,,,unknown,unknown,HIGH,source_filename,,RESEARCH_ONLY,not_registered,,,unknown,HIGH,source_filename,78.0,22.0,Folpet,single,very_high,exact,1.0,HIGH,workbook_pct
EyeIrritation6pack_PID47,Acticide CBM,SL,liquid,industrial_chemical,concentrate,HIGH,evidence_snippet,DANGER,"['metal_corrosion_1', 'skin_corrosion_1B', 'eye_damage_1', 'aquatic_acute_1', 'skin_sensitization_1', 'aquatic_chronic_3']","['oral', 'dermal', 'inhalation']",aquatic_acute_and_chronic,"['H290', 'H314', 'H318', 'H400', 'H317', 'H412', 'H302', 'H315', 'H330', 'H411']",4.0,HIGH,sds_section2,study/eye_irritation_rabbit,,,unknown,unknown,HIGH,source_filename,,EU_REACH,not_registered,True,True,sds_full,HIGH,reach_text,,,"1,2-benzisothiazol-3(2H)-one",multi_7p,unknown,none,5.0,LOW,source_text
EyeIrritation6pack_PID471,Formula 2873,UNKNOWN,liquid,industrial_chemical,unknown,LOW,pattern_inferred,CAUTION,['acute_toxicity_oral_4'],['oral'],aquatic_chronic,[],2.0,MEDIUM,snippet_keywords,study/eye_irritation_rabbit,,,unknown,unknown,HIGH,source_filename,,RESEARCH_ONLY,not_registered,,,sds_full,HIGH,source_filename,54.47,45.53,Hydrochloric Acid,multi_4_6,medium,partial,4.0,MEDIUM,workbook_pct
EyeIrritation6pack_PID473,Fosetyl-Al,UNKNOWN,unknown,pesticide/fungicide,concentrate,LOW,pattern_inferred,UNKNOWN,[],['none_identified'],unknown,[],0.0,LOW,no_basis,study/eye_irritation_rabbit,,,unknown,unknown,HIGH,source_filename,,RESEARCH_ONLY,not_registered,,,unknown,HIGH,source_filename,76.0,24.0,Fosetyl-Al,single,very_high,exact,1.0,HIGH,workbook_pct
EyeIrritation6pack_PID474,Fosthiazate 900EC (Nemathorin 500EC),EC,liquid,pesticide/other,concentrate,MEDIUM,pattern_inferred,UNKNOWN,[],['none_identified'],unknown,[],0.0,LOW,snippet_keywords,study/eye_irritation_rabbit,,,unknown,unknown,HIGH,source_filename,,RESEARCH_ONLY,not_registered,,,sds_partial,HIGH,source_filename,100.0,0.0,fosthiazate,single,very_high,exact,1.0,HIGH,workbook_pct
EyeIrritation6pack_PID475,Foundation Lite,UNKNOWN,liquid,consumer_product,ready-to-use,MEDIUM,evidence_snippet,DANGER,"['stot_repeated_1', 'aspiration_hazard_1']",['none_identified'],none,"['H372', 'H304']",5.0,HIGH,sds_section2,study/eye_irritation_rabbit,,,unknown,unknown,HIGH,source_filename,,UNKNOWN,unknown,,,sds_full,LOW,no_basis,,,,binary,unknown,none,2.0,LOW,no_basis
EyeIrritation6pack_PID476,Four-way VAP,UNKNOWN,unknown,industrial_chemical,unknown,LOW,no_basis,NONE,[],['none_identified'],none,[],1.0,MEDIUM,snippet_keywords,study/eye_irritation_rabbit,,,unknown,unknown,HIGH,source_filename,,RESEARCH_ONLY,not_registered,,,sds_partial,HIGH,source_filename,73.5,26.5,Nitrogen,ternary,very_high,partial,3.0,MEDIUM,workbook_pct
EyeIrritation6pack_PID477,FreeHand 1.75G Herbicide,GR,granule,pesticide/herbicide,ready-to-use,HIGH,name_explicit,WARNING,"['eye_irritation_2A', 'aquatic_acute_1', 'aquatic_chronic_2', 'reproductive_toxicity_2', 'acute_toxicity_oral_5']",['oral'],aquatic_acute_and_chronic,"['H319', 'H411', 'H400', 'H361']",3.0,HIGH,sds_section2,study/eye_irritation_rabbit,,,unknown,unknown,HIGH,source_filename,,UNKNOWN,unknown,,,sds_full,LOW,no_basis,1.75,98.25,Pendimethalin,ternary,ultra_low,exact,3.0,HIGH,workbook_pct
EyeIrritation6pack_PID478,FujiMite 5 EC Miticide/Insecticide,EC,liquid,pesticide/insecticide,concentrate,HIGH,name_explicit,UNKNOWN,[],['none_identified'],unknown,[],0.0,LOW,snippet_keywords,study/eye_irritation_rabbit,,,unknown,unknown,HIGH,source_filename,,UNKNOWN,unknown,,,sds_full,LOW,no_basis,5.0,95.0,Fenpyroximate,multi_4_6,low,approximate,4.0,MEDIUM,workbook_pct
EyeIrritation6pack_PID48,Acticide CBM 2,DC,liquid,industrial_chemical,concentrate,HIGH,evidence_snippet,DANGER,"['skin_corrosion_1B', 'eye_damage_1', 'aquatic_acute_1']","['dermal', 'inhalation']",aquatic_acute,[],4.0,MEDIUM,label_precautionary,study/eye_irritation_rabbit,,,unknown,unknown,HIGH,source_filename,67071-62,US_EPA,registered_active,False,,epa_label,HIGH,epa_reg_found,16.0,84.0,"1,2-Benzisothiazolin-3-one",multi_4_6,medium,exact,4.0,HIGH,workbook_pct
EyeIrritation6pack_PID480,Fyfanon 57 EC,EC,liquid,pesticide/insecticide,concentrate,HIGH,name_explicit,DANGER,"['aquatic_acute_1', 'aquatic_chronic_1']",['oral'],aquatic_acute_and_chronic,"['H400', 'H410']",4.0,HIGH,snippet_keywords,study/eye_irritation_rabbit,,,unknown,unknown,HIGH,source_filename,,RESEARCH_ONLY,not_registered,,,sds_full,HIGH,source_filename,0.03,99.97,malathion,single,ultra_low,exact,1.0,HIGH,workbook_pct
EyeIrritation6pack_PID481,GA 6-Weed and Grass Killer Ready-to-Use,RTU,liquid,pesticide/herbicide,ready-to-use,HIGH,name_explicit,CAUTION,['eye_irritation_2'],['none_identified'],none,[],2.0,MEDIUM,snippet_keywords,study/eye_irritation_rabbit,,,unknown,unknown,HIGH,source_filename,,RESEARCH_ONLY,not_registered,,,sds_partial,HIGH,source_filename,90.0,10.0,Acetic Acid,single,very_high,approximate,1.0,MEDIUM,workbook_pct
EyeIrritation6pack_PID486,GAT Lambda 25 CS,CS,suspension,pesticide/insecticide,concentrate,HIGH,name_explicit,WARNING,"['acute_toxicity_oral_4', 'aquatic_acute_1', 'aquatic_chronic_1']","['oral', 'dermal']",aquatic_acute_and_chronic,"['H400', 'H410']",3.0,MEDIUM,snippet_keywords,study/eye_irritation_rabbit,,,unknown,unknown,HIGH,source_filename,,RESEARCH_ONLY,not_registered,,,sds_partial,HIGH,source_filename,9.7,90.3,Lambda-cyhalothrin,binary,low,exact,2.0,HIGH,workbook_pct
EyeIrritation6pack_PID489,Geo Tru,UNKNOWN,powder,industrial_chemical,unknown,MEDIUM,pattern_inferred,UNKNOWN,[],['none_identified'],unknown,[],0.0,LOW,no_basis,study/eye_irritation_rabbit,,,unknown,unknown,HIGH,source_filename,,RESEARCH_ONLY,not_registered,,,unknown,HIGH,source_filename,99.0,1.0,Polystyrene Foam Polystyrene Polymer,multi_4_6,very_high,approximate,4.0,MEDIUM,workbook_pct
EyeIrritation6pack_PID49,Acticide LA 2605-F,UNKNOWN,liquid,industrial_chemical,concentrate,MEDIUM,pattern_inferred,DANGER,"['acute_toxicity_oral_3', 'acute_toxicity_inhalation_2', 'skin_corrosion_1B', 'eye_damage_1', 'skin_sensitization_1A', 'aquatic_acute_1', 'aquatic_chronic_2']","['oral', 'inhalation']",aquatic_acute_and_chronic,"['H301', 'H330', 'H314', 'H318', 'H317', 'H400', 'H411']",5.0,HIGH,snippet_keywords,study/eye_irritation_rabbit,,,unknown,unknown,HIGH,source_filename,,EU_REACH,not_registered,,,sds_full,MEDIUM,reach_text,20.0,80.0,2-methylisothiazol-3(2H)-one,single,medium,exact,1.0,HIGH,workbook_pct
EyeIrritation6pack_PID493,GF-1252,UNKNOWN,gel,industrial_chemical,ready-to-use,MEDIUM,evidence_snippet,WARNING,['carcinogenicity_2'],['inhalation'],none,[],3.0,MEDIUM,sds_section2,study/eye_irritation_rabbit,,,unknown,unknown,HIGH,source_filename,,RESEARCH_ONLY,not_registered,,,sds_full,HIGH,source_filename,,,Antimony Trioxide,single,unknown,none,1.0,LOW,no_basis
EyeIrritation6pack_PID494,GF-1578 Naturalyte Insect Control,UNKNOWN,powder,pesticide/insecticide,concentrate,MEDIUM,pattern_inferred,CAUTION,[],['none_identified'],none,[],1.0,MEDIUM,snippet_keywords,study/eye_irritation_rabbit,,,unknown,unknown,HIGH,source_filename,,RESEARCH_ONLY,not_registered,,,sds_full,HIGH,source_filename,2.0,98.0,spinosad,multi_4_6,low,partial,4.0,MEDIUM,workbook_pct
EyeIrritation6pack_PID495,GF-1592 Naturalyte Insect Control,UNKNOWN,powder,pesticide/insecticide,concentrate,MEDIUM,pattern_inferred,CAUTION,[],['none_identified'],none,[],1.0,MEDIUM,snippet_keywords,study/eye_irritation_rabbit,,,unknown,unknown,HIGH,source_filename,,RESEARCH_ONLY,not_registered,,,sds_partial,HIGH,source_filename,,,Spinosad A,ternary,unknown,none,3.0,LOW,no_basis
EyeIrritation6pack_PID497,GF-1629 SC,SC,suspension,pesticide/insecticide,concentrate,HIGH,evidence_snippet,WARNING,"['reproductive_toxicity_2', 'aquatic_chronic_1', 'skin_sensitization_1B']",['none_identified'],aquatic_chronic,"['H410', 'H361f', 'H317']",3.0,HIGH,sds_section2,study/eye_irritation_rabbit,,,unknown,unknown,HIGH,source_filename,,RESEARCH_ONLY,not_registered,,,sds_full,HIGH,source_filename,8.96,91.04,Spinetoram,multi_4_6,low,exact,4.0,HIGH,workbook_pct
EyeIrritation6pack_PID498,GF-1640 WG-NC,WG,granule,industrial_chemical,concentrate,HIGH,name_explicit,WARNING,[],['none_identified'],none,[],2.0,LOW,snippet_keywords,study/eye_irritation_rabbit,,,unknown,unknown,HIGH,source_filename,,RESEARCH_ONLY,not_registered,,,unknown,HIGH,source_filename,124.0,,Acetic acid,multi_7p,variable,inconsistent,5.0,LOW,workbook_pct
EyeIrritation6pack_PID499,GF-184,UNKNOWN,liquid,pesticide/herbicide,concentrate,MEDIUM,evidence_snippet,WARNING,"['skin_irritation_2', 'skin_sensitization_1', 'eye_irritation_2', 'stot_single_3', 'aquatic_acute_1', 'aquatic_chronic_1']",['inhalation'],aquatic_acute_and_chronic,"['H315', 'H317', 'H319', 'H335', 'H336', 'H400', 'H410']",3.0,HIGH,sds_section2,study/eye_irritation_rabbit,,,unknown,unknown,HIGH,source_filename,,RESEARCH_ONLY,not_registered,,,sds_full,HIGH,source_filename,69.7,30.3,"1,2,4-Trimethylbenzene",multi_4_6,high,exact,4.0,HIGH,workbook_pct
EyeIrritation6pack_PID5,0.25% Mesotrione on Fertilizer,UNKNOWN,granule,pesticide/herbicide,dilute,MEDIUM,name_explicit,UNKNOWN,[],['none_identified'],unknown,[],0.0,LOW,no_basis,study/eye_irritation_rabbit,,,unknown,unknown,HIGH,source_filename,,RESEARCH_ONLY,not_registered,,,sds_partial,HIGH,source_filename,,,mesotrione,single,unknown,none,1.0,LOW,name_inference
EyeIrritation6pack_PID50,Acticide MKW1,UNKNOWN,liquid,industrial_chemical,concentrate,MEDIUM,pattern_inferred,DANGER,"['acute_toxicity_dermal_3', 'acute_toxicity_inhalation_3', 'skin_corrosion_1B', 'eye_damage_1', 'aquatic_acute_1', 'aquatic_chronic_1', 'skin_sensitization_1']","['oral', 'dermal', 'inhalation']",aquatic_acute_and_chronic,"['H311', 'H331', 'H314', 'H318', 'H400', 'H410', 'H302', 'H317']",5.0,HIGH,snippet_keywords,study/eye_irritation_rabbit,,,unknown,unknown,HIGH,source_filename,,EU_REACH,not_registered,,,sds_full,MEDIUM,reach_text,46.5,53.5,2-n-Octyl-4-isothiazolin-3-one,binary,high,partial,2.0,MEDIUM,workbook_pct
EyeIrritation6pack_PID500,GF-1983 Naturalyte Insect Control,UNKNOWN,powder,pesticide/insecticide,concentrate,MEDIUM,pattern_inferred,CAUTION,[],['none_identified'],none,[],1.0,MEDIUM,snippet_keywords,study/eye_irritation_rabbit,,,unknown,unknown,HIGH,source_filename,,RESEARCH_ONLY,not_registered,,,sds_full,HIGH,source_filename,2.0,98.0,spinosad,multi_4_6,low,partial,4.0,MEDIUM,workbook_pct
EyeIrritation6pack_PID501,GF-231,UNKNOWN,liquid,industrial_chemical,ready-to-use,MEDIUM,pattern_inferred,WARNING,"['flammable_liquid_3', 'skin_irritation_2', 'eye_irritation_2', 'aquatic_chronic_2']",['none_identified'],aquatic_chronic,[],2.0,MEDIUM,snippet_keywords,study/eye_irritation_rabbit,,,unknown,unknown,HIGH,source_filename,,RESEARCH_ONLY,not_registered,,,sds_partial,HIGH,source_filename,55.0,45.0,Epoxy resin,multi_7p,high,approximate,5.0,MEDIUM,workbook_pct
EyeIrritation6pack_PID502,GF-2468,UNKNOWN,liquid,industrial_chemical,unknown,MEDIUM,ingredient_inferred,DANGER,"['acute_toxicity_4', 'skin_corrosion_1']","['oral', 'dermal', 'inhalation']",unknown,"['H302', 'H314']",4.0,MEDIUM,snippet_keywords,study/eye_irritation_rabbit,,,unknown,unknown,HIGH,source_filename,,RESEARCH_ONLY,not_registered,False,False,unknown,HIGH,source_filename,,,Hydrofluoricacid,single,unknown,none,1.0,MEDIUM,name_inference
EyeIrritation6pack_PID503,GF-2506,UNKNOWN,liquid,pesticide/insecticide,concentrate,MEDIUM,ingredient_inferred,UNKNOWN,[],['none_identified'],unknown,[],0.0,LOW,no_basis,study/eye_irritation_rabbit,,,unknown,unknown,HIGH,source_filename,,RESEARCH_ONLY,not_registered,False,False,unknown,HIGH,source_filename,21.8,78.2,Sulfoxaflor,ternary,medium,exact,3.0,HIGH,workbook_pct
EyeIrritation6pack_PID504,GF-2836,UNKNOWN,unknown,consumer_product,unknown,LOW,no_basis,UNKNOWN,[],['none_identified'],unknown,[],0.0,LOW,no_basis,study/eye_irritation_rabbit,,,unknown,unknown,HIGH,source_filename,,RESEARCH_ONLY,not_registered,,False,unknown,HIGH,source_filename,,,,binary,unknown,partial,2.0,LOW,no_basis
EyeIrritation6pack_PID505,GF-2986,UNKNOWN,powder,cleaning_disinfectant,concentrate,MEDIUM,ingredient_inferred,UNKNOWN,[],['none_identified'],unknown,[],0.0,LOW,no_basis,study/eye_irritation_rabbit,,,unknown,unknown,HIGH,source_filename,,RESEARCH_ONLY,not_registered,False,False,unknown,HIGH,source_filename,42.0,58.0,SODIUM CARBONATE,multi_4_6,medium,exact,4.0,HIGH,workbook_pct
EyeIrritation6pack_PID506,GF-3028,SC,suspension,pesticide/insecticide,concentrate,HIGH,sec_explicit,WARNING,"['acute_toxicity_oral_4', 'skin_irritation_2', 'eye_damage_1', 'skin_sensitization_1', 'reproductive_toxicity_2', 'aquatic_acute_1', 'aquatic_chronic_1']",['oral'],aquatic_acute_and_chronic,"['H302', 'H315', 'H317', 'H318', 'H361f', 'H400', 'H410']",4.0,HIGH,sds_section2,study/eye_irritation_rabbit,,,unknown,unknown,HIGH,source_filename,,EU_REACH,not_registered,False,False,sds_full,MEDIUM,reach_text,,,Methoxyfenozide,multi_4_6,unknown,none,4.0,MEDIUM,name_inference
EyeIrritation6pack_PID507,GF-881 Manufacturing Use Concentrate,UNKNOWN,liquid,industrial_chemical,concentrate,HIGH,name_explicit,UNKNOWN,[],['none_identified'],unknown,[],0.0,LOW,no_basis,study/eye_irritation_rabbit,,,unknown,unknown,HIGH,source_filename,,RESEARCH_ONLY,not_registered,,False,unknown,HIGH,source_filename,97.5,2.5,Acetone,ternary,very_high,approximate,3.0,HIGH,workbook_pct
EyeIrritation6pack_PID508,Gharda Fipronil,UNKNOWN,unknown,pesticide/insecticide,unknown,MEDIUM,ingredient_inferred,UNKNOWN,[],['none_identified'],unknown,[],0.0,LOW,no_basis,study/eye_irritation_rabbit,,,unknown,unknown,HIGH,source_filename,,RESEARCH_ONLY,not_registered,False,False,sds_partial,HIGH,source_filename,,,fipronil,binary,unknown,none,2.0,MEDIUM,name_inference
EyeIrritation6pack_PID51,Acticide PM Industrial Mildewicide,DC,liquid,industrial_chemical,concentrate,HIGH,sec_explicit,UNKNOWN,[],['none_identified'],unknown,[],0.0,LOW,no_basis,study/eye_irritation_rabbit,,,unknown,unknown,HIGH,source_filename,,RESEARCH_ONLY,not_registered,,False,unknown,HIGH,source_filename,,,,ternary,variable,partial,3.0,LOW,workbook_pct
EyeIrritation6pack_PID511,Gharda Permethrin(94%),EC,liquid,pesticide/insecticide,concentrate,HIGH,sec_explicit,WARNING,"['acute_toxicity_oral_4', 'acute_toxicity_inhalation_4', 'skin_sensitization_1', 'aquatic_acute_1', 'aquatic_chronic_1']","['oral', 'inhalation']",aquatic_acute_and_chronic,"['H302', 'H332', 'H317', 'H400', 'H410']",3.0,HIGH,sds_section2,study/eye_irritation_rabbit,,,unknown,unknown,HIGH,source_filename,,EU_REACH,not_registered,False,True,sds_full,MEDIUM,reach_text,,,,binary,very_high,none,2.0,MEDIUM,name_inference
EyeIrritation6pack_PID512,Gharda Permethrin(95.3%),UNKNOWN,unknown,pesticide/insecticide,concentrate,MEDIUM,ingredient_inferred,UNKNOWN,[],['none_identified'],unknown,[],0.0,LOW,no_basis,study/eye_irritation_rabbit,,,unknown,unknown,HIGH,source_filename,,RESEARCH_ONLY,not_registered,,False,unknown,HIGH,source_filename,,,Permethrin,single,very_high,none,1.0,MEDIUM,name_inference
EyeIrritation6pack_PID514,Glyphosphate (96),EC,liquid,pesticide/herbicide,concentrate,HIGH,sec_explicit,DANGER,"['eye_damage_1', 'aquatic_chronic_2']",['none_identified'],aquatic_chronic,"['H318', 'H411']",2.0,HIGH,sds_section2,study/eye_irritation_rabbit,,,unknown,unknown,HIGH,source_filename,,EU_REACH,not_registered,False,True,sds_full,MEDIUM,reach_text,,,,binary,very_high,none,2.0,MEDIUM,name_inference
EyeIrritation6pack_PID515,Glyphosphate (96.5),UNKNOWN,unknown,pesticide/herbicide,concentrate,MEDIUM,ingredient_inferred,DANGER,"['eye_damage_1', 'aquatic_chronic_2']",['none_identified'],aquatic_chronic,"['H318', 'H411']",2.0,HIGH,sds_section2,study/eye_irritation_rabbit,,,unknown,unknown,HIGH,source_filename,,RESEARCH_ONLY,not_registered,False,False,unknown,HIGH,source_filename,,,glyphosate,single,very_high,none,1.0,MEDIUM,name_inference
EyeIrritation6pack_PID516,Glyphosphate (97),EC,liquid,pesticide/herbicide,concentrate,HIGH,sec_explicit,DANGER,"['eye_damage_1', 'aquatic_chronic_2']",['none_identified'],aquatic_chronic,"['H318', 'H411']",2.0,HIGH,sds_section2,study/eye_irritation_rabbit,,,unknown,unknown,HIGH,source_filename,,UK_REACH,not_registered,False,False,sds_full,MEDIUM,reach_text,,,,binary,very_high,none,2.0,MEDIUM,name_inference
EyeIrritation6pack_PID519,Glyphosphate XG,UNKNOWN,granule,pesticide/herbicide,concentrate,MEDIUM,name_explicit,UNKNOWN,[],['none_identified'],unknown,[],0.0,LOW,no_basis,study/eye_irritation_rabbit,,,unknown,unknown,HIGH,source_filename,,RESEARCH_ONLY,not_registered,False,False,sds_partial,HIGH,source_filename,,,glyphosate,binary,unknown,none,2.0,MEDIUM,name_inference
EyeIrritation6pack_PID52,Acticide SR 8213 C,UNKNOWN,liquid,industrial_chemical,concentrate,MEDIUM,ingredient_inferred,DANGER,[],['none_identified'],unknown,[],3.0,MEDIUM,snippet_keywords,study/eye_irritation_rabbit,,,unknown,unknown,HIGH,source_filename,67071-74,US_EPA,registered_cancelled,True,False,product_page,HIGH,epa_reg_found,10.0,90.0,"1,2-benzisothiazolin-3-one",single,medium,exact,1.0,HIGH,workbook_pct
EyeIrritation6pack_PID520,Gordon's Horse & Pony Spray,UNKNOWN,liquid,pesticide/insecticide,ready-to-use,MEDIUM,name_explicit,UNKNOWN,[],['none_identified'],unknown,[],0.0,LOW,no_basis,study/eye_irritation_rabbit,,,unknown,unknown,HIGH,source_filename,,RESEARCH_ONLY,not_registered,False,False,sds_full,HIGH,source_filename,,,Piperonyl butoxide,binary,unknown,none,2.0,MEDIUM,name_inference
EyeIrritation6pack_PID521,Graduate A+,UNKNOWN,unknown,pesticide/herbicide,concentrate,LOW,name_explicit,UNKNOWN,[],['none_identified'],unknown,[],0.0,LOW,no_basis,study/eye_irritation_rabbit,,,unknown,unknown,HIGH,source_filename,,RESEARCH_ONLY,not_registered,False,False,unknown,HIGH,source_filename,79.4,20.6,Propylene Glycol,ternary,very_high,partial,3.0,MEDIUM,workbook_pct
EyeIrritation6pack_PID523,Greenclean 6% Liquid,UNKNOWN,liquid,pesticide/other,concentrate,MEDIUM,name_explicit,UNKNOWN,[],['none_identified'],unknown,[],0.0,LOW,no_basis,study/eye_irritation_rabbit,,,unknown,unknown,HIGH,source_filename,,RESEARCH_ONLY,not_registered,False,False,sds_full,HIGH,source_filename,42.5,57.5,Sodium carbonate peroxyhydrate,single,high,exact,1.0,HIGH,workbook_pct
EyeIrritation6pack_PID529,Harness Xtra Herbicide,UNKNOWN,unknown,pesticide/herbicide,concentrate,HIGH,name_explicit,UNKNOWN,[],['none_identified'],unknown,[],0.0,LOW,no_basis,study/eye_irritation_rabbit,,,unknown,unknown,HIGH,source_filename,,RESEARCH_ONLY,not_registered,False,False,sds_full,HIGH,source_filename,,,Acetochlor,ternary,unknown,none,3.0,MEDIUM,name_inference
EyeIrritation6pack_PID53,Adage Premier,UNKNOWN,unknown,unknown,unknown,LOW,no_basis,UNKNOWN,[],['none_identified'],unknown,[],0.0,LOW,no_basis,study/eye_irritation_rabbit,,,unknown,unknown,HIGH,source_filename,,RESEARCH_ONLY,not_registered,,False,unknown,HIGH,source_filename,,,,single,ultra_low,partial,1.0,LOW,workbook_pct
EyeIrritation6pack_PID530,Heat Powered by Kixor Herbicide,UNKNOWN,liquid,pesticide/herbicide,concentrate,HIGH,name_explicit,UNKNOWN,[],['none_identified'],unknown,[],0.0,LOW,no_basis,study/eye_irritation_rabbit,,,unknown,unknown,HIGH,source_filename,,RESEARCH_ONLY,not_registered,False,False,sds_full,HIGH,source_filename,29.74,70.26,Saflufenacil,multi_4_6,medium,approximate,4.0,HIGH,workbook_pct
EyeIrritation6pack_PID533,Hero Insecticide,UNKNOWN,unknown,pesticide/insecticide,unknown,MEDIUM,name_explicit,UNKNOWN,[],['none_identified'],unknown,[],0.0,LOW,no_basis,study/eye_irritation_rabbit,,,unknown,unknown,HIGH,source_filename,,RESEARCH_ONLY,not_registered,False,False,unknown,HIGH,source_filename,,,Bifenthrin,multi_4_6,unknown,none,4.0,MEDIUM,source_text
EyeIrritation6pack_PID535,HM-2010,UNKNOWN,unknown,industrial_chemical,unknown,LOW,ingredient_inferred,UNKNOWN,[],['none_identified'],unknown,[],0.0,LOW,no_basis,study/eye_irritation_rabbit,,,unknown,unknown,HIGH,source_filename,,RESEARCH_ONLY,not_registered,False,False,unknown,HIGH,source_filename,,,Methanol,ternary,ultra_low,partial,3.0,MEDIUM,workbook_pct
EyeIrritation6pack_PID536,HM-413A,UNKNOWN,gas,industrial_chemical,unknown,MEDIUM,ingredient_inferred,WARNING,"['flammable_gas_1', 'pressurized_gas']",['inhalation'],none,"['H220', 'H280']",2.0,MEDIUM,snippet_keywords,study/eye_irritation_rabbit,,,unknown,unknown,HIGH,source_filename,,EU_REACH,not_registered,False,True,sds_full,MEDIUM,reach_text,90.0,10.0,"1,1,1,2-TETRAFLUOROETHANE",ternary,very_high,approximate,3.0,HIGH,workbook_pct
EyeIrritation6pack_PID538,Home Defense Max Perimeter Insect Killer Aerosol,UNKNOWN,liquid,pesticide/insecticide,ready-to-use,MEDIUM,name_explicit,UNKNOWN,[],['none_identified'],unknown,[],0.0,LOW,no_basis,study/eye_irritation_rabbit,,,unknown,unknown,HIGH,source_filename,,RESEARCH_ONLY,not_registered,,False,unknown,HIGH,source_filename,,,,single,unknown,none,1.0,LOW,no_basis
EyeIrritation6pack_PID54,Advantage Plus 20 for Dogs,,liquid,pharmaceutical,ready-to-use,MEDIUM,pattern_inferred,NONE,[],['none_identified'],none,[],1.0,MEDIUM,snippet_keywords,study/eye_irritation_rabbit,,,unknown,unknown,HIGH,source_filename,,RESEARCH_ONLY,not_registered,False,False,unknown,HIGH,source_filename,85.0,15.0,Benzenemethanol,ternary,very_high,exact,3.0,,
EyeIrritation6pack_PID540,Hurricane WDG,WDG,granule,pesticide/fungicide,concentrate,HIGH,name_explicit,UNKNOWN,[],['none_identified'],unknown,[],0.0,LOW,no_basis,study/eye_irritation_rabbit,,,unknown,unknown,HIGH,source_filename,,RESEARCH_ONLY,not_registered,False,False,sds_partial,HIGH,source_filename,100.0,0.0,Silica,multi_4_6,high,exact,4.0,,
EyeIrritation6pack_PID546,IMA-Jet 10%,,liquid,pesticide/insecticide,concentrate,MEDIUM,pattern_inferred,NONE,[],['none_identified'],none,[],1.0,MEDIUM,snippet_keywords,study/eye_irritation_rabbit,,,unknown,unknown,HIGH,source_filename,,CA_PMRA,registered_active,True,False,sds_full,HIGH,pcp_reg_found,,,Imidacloprid,single,unknown,none,1.0,,
EyeIrritation6pack_PID547,Imazosulfuron,,powder,pesticide/herbicide,concentrate,MEDIUM,pattern_inferred,UNKNOWN,[],['none_identified'],unknown,[],0.0,LOW,no_basis,study/eye_irritation_rabbit,,,unknown,unknown,HIGH,source_filename,,RESEARCH_ONLY,not_registered,False,False,sds_partial,HIGH,source_filename,,,imazosulfuron,single,very_high,none,1.0,,
EyeIrritation6pack_PID548,Imdaclpoprid-Vitavax-Metalaxyl Seed Treatment,FS,liquid,pesticide/fungicide,concentrate,HIGH,name_explicit,NONE,[],['none_identified'],none,[],1.0,MEDIUM,snippet_keywords,study/eye_irritation_rabbit,,,unknown,unknown,HIGH,source_filename,,RESEARCH_ONLY,not_registered,False,False,sds_partial,HIGH,source_filename,56.5,43.5,carboxin,binary,medium,approximate,2.0,,
EyeIrritation6pack_PID549,"Imidacloprid + Tau-fluvalinate + Tebuconazole Ready-to-Use Insecticide, Miticide and Fungicide",RTU,liquid,pesticide/insecticide,ready-to-use,HIGH,name_explicit,CAUTION,"['reproductive_toxicity_2', 'aquatic_chronic_2']",['none_identified'],aquatic_chronic,[],2.0,HIGH,sds_section2,study/eye_irritation_rabbit,,,unknown,unknown,HIGH,source_filename,,RESEARCH_ONLY,not_registered,False,False,sds_full,HIGH,source_filename,39.5,60.5,Tebuconazole,ternary,medium,exact,3.0,,
EyeIrritation6pack_PID55,AE 0172747,UNKNOWN,unknown,research_compound,unknown,LOW,no_basis,UNKNOWN,[],['none_identified'],unknown,[],0.0,LOW,no_basis,study/eye_irritation_rabbit,,,unknown,unknown,HIGH,source_filename,,RESEARCH_ONLY,not_registered,False,False,product_page,HIGH,source_filename,,,Tembotrione,single,unknown,none,1.0,,
EyeIrritation6pack_PID551,Imidan 60 WDG,WDG,granule,pesticide/insecticide,concentrate,HIGH,evidence_snippet,DANGER,"['acute_toxicity_oral_3', 'acute_toxicity_inhalation_4', 'skin_sensitization_1', 'eye_damage_2', 'aquatic_acute_2', 'aquatic_chronic_2']","['oral', 'inhalation']",aquatic_chronic,"['H301', 'H332', 'H317', 'H320', 'H401', 'H411']",5.0,HIGH,sds_section2,study/eye_irritation_rabbit,,,unknown,unknown,HIGH,source_filename,,CA_PMRA,registered_active,True,False,sds_full,HIGH,pcp_reg_found,70.0,30.0,phosmet,single,very_high,exact,1.0,,
EyeIrritation6pack_PID553,INDOX2,,liquid,pesticide/fungicide,concentrate,MEDIUM,evidence_snippet,WARNING,"['acute_toxicity_oral_4', 'skin_sensitization_1', 'eye_damage_2', 'aquatic_acute_1', 'aquatic_chronic_2']",['oral'],aquatic_acute_and_chronic,"['H302', 'H317', 'H319', 'H400', 'H411']",3.0,HIGH,sds_section2,study/eye_irritation_rabbit,,,unknown,unknown,HIGH,source_filename,,UK_REACH,registered_active,False,True,sds_full,HIGH,reach_text,91.78,8.22,Acetophenone,ternary,medium,exact,3.0,,
EyeIrritation6pack_PID554,Initium Fungicide,,liquid,pesticide/fungicide,concentrate,MEDIUM,name_explicit,UNKNOWN,[],['none_identified'],unknown,[],0.0,LOW,no_basis,study/eye_irritation_rabbit,,,unknown,unknown,HIGH,source_filename,,RESEARCH_ONLY,not_registered,False,False,sds_partial,HIGH,source_filename,54.0,46.0,Chlorothalonil,ternary,high,partial,3.0,,
EyeIrritation6pack_PID555,Insecticide TD Granule,GR,granule,pesticide/insecticide,ready-to-use,HIGH,name_explicit,UNKNOWN,[],['none_identified'],unknown,[],0.0,LOW,no_basis,study/eye_irritation_rabbit,,,unknown,unknown,HIGH,source_filename,,RESEARCH_ONLY,not_registered,False,False,sds_partial,HIGH,source_filename,,,Bifenthrin,single,unknown,none,1.0,,
EyeIrritation6pack_PID556,Intrepid 2F Agricultural Insecticide,,liquid,pesticide/insecticide,concentrate,MEDIUM,name_explicit,NONE,[],['none_identified'],none,[],1.0,MEDIUM,snippet_keywords,study/eye_irritation_rabbit,,,unknown,unknown,HIGH,source_filename,,RESEARCH_ONLY,not_registered,False,False,sds_full,HIGH,source_filename,,,Methoxyfenozide,ternary,unknown,none,3.0,,
EyeIrritation6pack_PID557,Ipconazole,,liquid,pesticide/fungicide,concentrate,MEDIUM,pattern_inferred,UNKNOWN,[],['none_identified'],unknown,[],0.0,LOW,no_basis,study/eye_irritation_rabbit,,,unknown,unknown,HIGH,source_filename,,RESEARCH_ONLY,not_registered,False,False,sds_partial,HIGH,source_filename,46.2,53.8,Ipconazole,binary,medium,approximate,2.0,,
EyeIrritation6pack_PID558,Ipconazole Metalaxyl MD (S) Seed Treatment,FS,liquid,pesticide/fungicide,concentrate,HIGH,name_explicit,UNKNOWN,[],['none_identified'],unknown,[],0.0,LOW,no_basis,study/eye_irritation_rabbit,,,unknown,unknown,HIGH,source_filename,,RESEARCH_ONLY,not_registered,False,False,sds_partial,HIGH,source_filename,1.0,99.0,"ethane-1,2-diol",multi_4_6,low,partial,4.0,,
EyeIrritation6pack_PID559,Iprodione 4F Fungicide,,liquid,pesticide/fungicide,concentrate,MEDIUM,name_explicit,WARNING,"['carcinogenicity_2', 'aquatic_acute_1', 'aquatic_chronic_1']",['none_identified'],aquatic_acute_and_chronic,"['H351', 'H410']",4.0,HIGH,sds_section2,study/eye_irritation_rabbit,,,unknown,unknown,HIGH,source_filename,,RESEARCH_ONLY,not_registered,False,False,sds_full,HIGH,source_filename,,,Iprodione,single,unknown,none,1.0,,
EyeIrritation6pack_PID560,Ironclad Herbicide,,liquid,pesticide/herbicide,concentrate,MEDIUM,name_explicit,UNKNOWN,[],['none_identified'],unknown,[],0.0,LOW,no_basis,study/eye_irritation_rabbit,,,unknown,unknown,HIGH,source_filename,,RESEARCH_ONLY,not_registered,False,False,sds_full,HIGH,source_filename,,,"Distillates (petroleum), hydrotreated light",single,unknown,none,1.0,,
EyeIrritation6pack_PID563,Jingma Glyphosate,,powder,pesticide/herbicide,concentrate,HIGH,evidence_snippet,DANGER,"['acute_toxicity_dermal_4', 'eye_damage_1', 'aquatic_acute_2', 'aquatic_chronic_2']",['dermal'],aquatic_chronic,"['H312', 'H318', 'H401', 'H411']",4.0,HIGH,sds_section2,study/eye_irritation_rabbit,,,unknown,unknown,HIGH,source_filename,,RESEARCH_ONLY,not_registered,False,False,sds_full,HIGH,source_filename,100.0,0.0,Glyphosate,single,very_high,exact,1.0,,
EyeIrritation6pack_PID567,Justice Insecticide,,liquid,pesticide/insecticide,concentrate,MEDIUM,evidence_snippet,DANGER,"['eye_damage_1', 'carcinogenicity_2', 'aquatic_acute_1', 'aquatic_chronic_1']",['none_identified'],aquatic_acute_and_chronic,"['H318', 'H351', 'H410']",5.0,HIGH,sds_section2,study/eye_irritation_rabbit,,,unknown,unknown,HIGH,source_filename,,UK_REACH,registered_active,False,True,sds_full,HIGH,reach_text,,,proquinazid,multi_4_6,unknown,none,4.0,,
EyeIrritation6pack_PID568,Kaput Field Rodent Bait B,,unknown,pesticide/rodenticide,ready-to-use,HIGH,name_explicit,NONE,[],['none_identified'],none,[],1.0,MEDIUM,snippet_keywords,study/eye_irritation_rabbit,,,unknown,unknown,HIGH,source_filename,,RESEARCH_ONLY,not_registered,False,False,sds_partial,HIGH,source_filename,0.025,99.975,Imidacloprid,binary,ultra_low,exact,2.0,,
EyeIrritation6pack_PID57,Affirm,,liquid,cleaning_disinfectant,ready-to-use,MEDIUM,pattern_inferred,UNKNOWN,[],['none_identified'],unknown,[],0.0,LOW,no_basis,study/eye_irritation_rabbit,,,unknown,unknown,HIGH,source_filename,,UNKNOWN,unknown,,,unknown,LOW,no_basis,41.5,58.5,HYDROGEN PEROXIDE,multi_4_6,medium,approximate,4.0,,
EyeIrritation6pack_PID570,Kendo 22.8 CS,CS,suspension,pesticide/insecticide,concentrate,HIGH,evidence_snippet,UNKNOWN,[],['none_identified'],unknown,[],0.0,LOW,no_basis,study/eye_irritation_rabbit,,,unknown,unknown,HIGH,source_filename,,RESEARCH_ONLY,not_registered,True,False,product_page,MEDIUM,source_filename,22.8,77.2,Lambda-cyhalothrin,ternary,medium,exact,3.0,,
EyeIrritation6pack_PID571,Kilter Insecticide,,liquid,pesticide/insecticide,concentrate,MEDIUM,name_explicit,UNKNOWN,[],['none_identified'],unknown,[],0.0,LOW,no_basis,study/eye_irritation_rabbit,,,unknown,unknown,HIGH,source_filename,,RESEARCH_ONLY,not_registered,False,False,sds_partial,HIGH,source_filename,,,Imidacloprid,ternary,unknown,none,3.0,,
EyeIrritation6pack_PID572,Kitchen Klenzer,,liquid,cleaning_disinfectant,ready-to-use,MEDIUM,name_explicit,UNKNOWN,[],['none_identified'],unknown,[],0.0,LOW,no_basis,study/eye_irritation_rabbit,,,unknown,unknown,HIGH,source_filename,,EU_REACH,registered_active,False,True,sds_full,HIGH,reach_text,,,Quaternary ammonium compounds,single,unknown,none,1.0,,
EyeIrritation6pack_PID573,Kixor Herbicide,,powder,pesticide/herbicide,concentrate,MEDIUM,name_explicit,UNKNOWN,[],['none_identified'],unknown,[],0.0,LOW,no_basis,study/eye_irritation_rabbit,,,unknown,unknown,HIGH,source_filename,,RESEARCH_ONLY,not_registered,False,False,sds_partial,HIGH,source_filename,70.0,30.0,saflufenacil,binary,very_high,exact,2.0,,
EyeIrritation6pack_PID574,Klean-Pik 500 SC,SC,suspension,pesticide/herbicide,concentrate,HIGH,name_explicit,CAUTION,[],['none_identified'],none,[],1.0,MEDIUM,sds_section2,study/eye_irritation_rabbit,,,unknown,unknown,HIGH,source_filename,,RESEARCH_ONLY,not_registered,True,False,epa_label,MEDIUM,source_filename,42.4,57.6,Thidiazuron,ternary,medium,exact,3.0,,
EyeIrritation6pack_PID578,Lambda Cyhalothrin 2,UNKNOWN,liquid,pesticide/insecticide,concentrate,MEDIUM,pattern_inferred,UNKNOWN,[],['none_identified'],unknown,[],0.0,LOW,snippet_keywords,study/eye_irritation_rabbit,,,unknown,unknown,HIGH,source_filename,,RESEARCH_ONLY,not_registered,False,False,sds_full,HIGH,source_filename,39.0,61.0,"Solvent Naphtha (Petroleum), Heavy Arom.",multi_4_6,medium,partial,4.0,MEDIUM,workbook_pct
EyeIrritation6pack_PID579,Lancer Gold Insecticide,UNKNOWN,liquid,pesticide/insecticide,concentrate,HIGH,name_explicit,DANGER,"['aquatic_acute_1', 'aquatic_chronic_1']",['dermal'],both,"['H400', 'H410']",4.0,HIGH,snippet_keywords,study/eye_irritation_rabbit,,,unknown,unknown,HIGH,source_filename,,RESEARCH_ONLY,not_registered,True,False,sds_full,HIGH,source_filename,10.0,90.0,Bifenthrin,multi_4_6,low,approximate,4.0,LOW,workbook_pct
EyeIrritation6pack_PID58,Agita 10 WG,WG,granule,pesticide/insecticide,concentrate,HIGH,name_explicit,CAUTION,[],['none_identified'],unknown,[],2.0,MEDIUM,snippet_keywords,study/eye_irritation_rabbit,,,unknown,unknown,HIGH,source_filename,,RESEARCH_ONLY,not_registered,False,False,sds_full,HIGH,source_filename,13.0,87.0,"nicotine, salts of",binary,medium,partial,2.0,MEDIUM,workbook_pct
EyeIrritation6pack_PID583,Larvin 500 Insecticide,UNKNOWN,unknown,pesticide/insecticide,unknown,MEDIUM,name_explicit,UNKNOWN,[],['none_identified'],unknown,[],0.0,LOW,snippet_keywords,study/eye_irritation_rabbit,,,unknown,unknown,HIGH,source_filename,,RESEARCH_ONLY,not_registered,False,False,sds_full,HIGH,source_filename,,,Thiodicarb,ternary,unknown,none,3.0,LOW,no_basis
EyeIrritation6pack_PID585,Larvin Insecticide (UC51762),UNKNOWN,unknown,pesticide/insecticide,unknown,MEDIUM,name_explicit,UNKNOWN,[],['none_identified'],unknown,[],0.0,LOW,snippet_keywords,study/eye_irritation_rabbit,,,unknown,unknown,HIGH,source_filename,,RESEARCH_ONLY,not_registered,False,False,sds_full,HIGH,source_filename,2.0,98.0,Thiodicarb,multi_4_6,low,partial,4.0,LOW,workbook_pct
EyeIrritation6pack_PID59,Agita IGB Fly Bait,UNKNOWN,granule,pesticide/insecticide,ready-to-use,HIGH,name_explicit,WARNING,"['acute_toxicity_oral_4', 'aquatic_chronic_1']",['oral'],aquatic_chronic,[],3.0,MEDIUM,snippet_keywords,study/eye_irritation_rabbit,,,unknown,unknown,HIGH,source_filename,,RESEARCH_ONLY,not_registered,True,False,product_page,HIGH,source_filename,,,Thiamethoxam,single,unknown,none,1.0,LOW,no_basis
EyeIrritation6pack_PID592,Lawn 3FL Herbicide Granule,GR,granule,pesticide/herbicide,concentrate,HIGH,name_explicit,UNKNOWN,[],['none_identified'],unknown,[],0.0,LOW,snippet_keywords,study/eye_irritation_rabbit,,,unknown,unknown,HIGH,source_filename,,RESEARCH_ONLY,not_registered,False,False,sds_full,HIGH,source_filename,41.5,58.5,"Dimethylamine Salt of 2,4-Dichloro-phenoxyacetic acid",ternary,high,exact,3.0,HIGH,workbook_pct
EyeIrritation6pack_PID593,Lawn 3FL Herbicide Ready-to-Use,RTU,liquid,pesticide/herbicide,ready-to-use,HIGH,name_explicit,UNKNOWN,[],['none_identified'],unknown,[],0.0,LOW,snippet_keywords,study/eye_irritation_rabbit,,,unknown,unknown,HIGH,source_filename,,RESEARCH_ONLY,not_registered,False,False,sds_full,HIGH,source_filename,8.0,92.0,"Quinolinecarboxylic acid, 3,7-dichloro-",single,low,approximate,1.0,MEDIUM,workbook_pct
EyeIrritation6pack_PID594,Lawn 3FL2 Herbicide GR,GR,granule,pesticide/herbicide,concentrate,HIGH,name_explicit,UNKNOWN,[],['none_identified'],unknown,[],0.0,LOW,snippet_keywords,study/eye_irritation_rabbit,,,unknown,unknown,HIGH,source_filename,,US_EPA,unknown,False,False,unknown,LOW,epa_reference_only,,,thiencarbazone-methyl,single,unknown,none,1.0,LOW,source_text
EyeIrritation6pack_PID600,LG Permethrin,UNKNOWN,liquid,pesticide/insecticide,concentrate,MEDIUM,pattern_inferred,UNKNOWN,[],['none_identified'],unknown,[],0.0,LOW,snippet_keywords,study/eye_irritation_rabbit,,,unknown,unknown,HIGH,source_filename,,RESEARCH_ONLY,not_registered,False,False,sds_full,HIGH,source_filename,63.0,37.0,Inert Aromatic petroleum solvent2,ternary,very_high,exact,3.0,HIGH,workbook_pct
EyeIrritation6pack_PID601,Liberty 280 SL Herbicide,SL,liquid,pesticide/herbicide,concentrate,HIGH,name_explicit,UNKNOWN,[],['none_identified'],unknown,[],0.0,LOW,snippet_keywords,study/eye_irritation_rabbit,,,unknown,unknown,HIGH,source_filename,,RESEARCH_ONLY,not_registered,False,False,sds_full,HIGH,source_filename,1.0,99.0,Glufosinate ammonium,multi_4_6,ultra_low,partial,4.0,LOW,workbook_pct
EyeIrritation6pack_PID602,Liberty ATZ Herbicide,UNKNOWN,liquid,pesticide/herbicide,concentrate,MEDIUM,pattern_inferred,CAUTION,[],['none_identified'],unknown,[],2.0,MEDIUM,snippet_keywords,study/eye_irritation_rabbit,,,unknown,unknown,HIGH,source_filename,264-668,US_EPA,registered_cancelled,True,False,product_page,HIGH,epa_reg_found,41.75,58.25,Atrazine,multi_4_6,high,exact,4.0,HIGH,workbook_pct
EyeIrritation6pack_PID607,Lonza Formulation FC-600,UNKNOWN,unknown,unknown,unknown,LOW,no_basis,UNKNOWN,[],['none_identified'],unknown,[],0.0,LOW,no_basis,study/eye_irritation_rabbit,,,unknown,unknown,HIGH,source_filename,,RESEARCH_ONLY,not_registered,False,False,unknown,MEDIUM,source_filename,,,,single,unknown,none,1.0,LOW,no_basis
EyeIrritation6pack_PID608,Lonza Formulation R-82,UNKNOWN,unknown,unknown,unknown,LOW,pattern_inferred,UNKNOWN,[],['none_identified'],unknown,[],0.0,LOW,snippet_keywords,study/eye_irritation_rabbit,,,unknown,unknown,HIGH,source_filename,,RESEARCH_ONLY,not_registered,False,False,sds_full,HIGH,source_filename,1.0,99.0,"Alcohols, C9-11, ethoxylated",ternary,ultra_low,partial,3.0,LOW,workbook_pct
EyeIrritation6pack_PID61,Albaugh Glyphosphate Acid,UNKNOWN,liquid,pesticide/herbicide,concentrate,MEDIUM,pattern_inferred,UNKNOWN,[],['none_identified'],unknown,[],0.0,LOW,snippet_keywords,study/eye_irritation_rabbit,,,unknown,unknown,HIGH,source_filename,,RESEARCH_ONLY,not_registered,False,False,sds_full,HIGH,source_filename,41.0,59.0,Isopropylamine Salt of Glyphosate,ternary,high,exact,3.0,HIGH,workbook_pct
EyeIrritation6pack_PID610,LPI 6365-18 Fungicide,UNKNOWN,unknown,pesticide/fungicide,unknown,MEDIUM,name_explicit,UNKNOWN,[],['none_identified'],unknown,[],0.0,LOW,snippet_keywords,study/eye_irritation_rabbit,,,unknown,unknown,HIGH,source_filename,,RESEARCH_ONLY,not_registered,False,False,sds_full,HIGH,source_filename,,,Copper sulfate,binary,unknown,none,2.0,LOW,no_basis
EyeIrritation6pack_PID616,M920 Insecticide,UNKNOWN,unknown,pesticide/insecticide,unknown,MEDIUM,name_explicit,UNKNOWN,[],['none_identified'],unknown,[],0.0,LOW,snippet_keywords,study/eye_irritation_rabbit,,,unknown,unknown,HIGH,source_filename,,RESEARCH_ONLY,not_registered,False,False,sds_full,HIGH,source_filename,2.0,98.0,Methyl Methacrylate Monomer,multi_4_6,low,partial,4.0,LOW,workbook_pct
EyeIrritation6pack_PID618,Magnate,EC,liquid,pesticide/fungicide,concentrate,HIGH,evidence_snippet,UNKNOWN,[],['none_identified'],unknown,[],0.0,LOW,no_basis,study/eye_irritation_rabbit,,,unknown,unknown,HIGH,source_filename,,RESEARCH_ONLY,not_registered,False,False,unknown,LOW,no_basis,,,Imazalil,binary,unknown,none,2.0,LOW,source_text
EyeIrritation6pack_PID62,Albaugh Trifluralin 10G,GR,granule,pesticide/herbicide,concentrate,HIGH,name_explicit,UNKNOWN,[],['none_identified'],unknown,[],0.0,LOW,snippet_keywords,study/eye_irritation_rabbit,,,unknown,unknown,HIGH,source_filename,,RESEARCH_ONLY,not_registered,False,False,sds_full,HIGH,source_filename,10.0,90.0,Trifluralin,ternary,low,partial,3.0,MEDIUM,workbook_pct
EyeIrritation6pack_PID621,Mana 11201,UNKNOWN,liquid,unknown,unknown,LOW,pattern_inferred,UNKNOWN,[],['none_identified'],unknown,[],0.0,LOW,snippet_keywords,study/eye_irritation_rabbit,,,unknown,unknown,HIGH,source_filename,,RESEARCH_ONLY,not_registered,False,False,sds_full,HIGH,source_filename,11.0,89.0,Urea Monohydrochloride,multi_4_6,medium,approximate,4.0,MEDIUM,workbook_pct
EyeIrritation6pack_PID626,Max Kill Dusta-Cide 6,UNKNOWN,powder,pesticide/insecticide,ready-to-use,MEDIUM,name_explicit,DANGER,['aquatic_chronic_1'],['none_identified'],aquatic_chronic,['H410'],4.0,HIGH,snippet_keywords,study/eye_irritation_rabbit,,,unknown,unknown,HIGH,source_filename,,RESEARCH_ONLY,not_registered,False,False,sds_full,HIGH,source_filename,,,Malathion,single,unknown,none,1.0,LOW,no_basis
EyeIrritation6pack_PID627,Maxim MZ,UNKNOWN,unknown,pesticide/fungicide,unknown,LOW,pattern_inferred,UNKNOWN,[],['none_identified'],unknown,[],0.0,LOW,snippet_keywords,study/eye_irritation_rabbit,,,unknown,unknown,HIGH,source_filename,,RESEARCH_ONLY,not_registered,False,False,sds_full,HIGH,source_filename,4.0,96.0,Mancozeb,binary,low,partial,2.0,LOW,workbook_pct
EyeIrritation6pack_PID628,Maxim Quattro,UNKNOWN,unknown,pesticide/fungicide,unknown,MEDIUM,name_explicit,WARNING,['skin_sensitization_1'],['none_identified'],unknown,['H317'],2.0,HIGH,sds_section2,study/eye_irritation_rabbit,,,unknown,unknown,HIGH,source_filename,,RESEARCH_ONLY,not_registered,False,False,sds_full,HIGH,source_filename,99.8,0.2,Propylene Glycol,multi_4_6,very_high,exact,5.0,HIGH,workbook_pct
EyeIrritation6pack_PID629,MCM 437,UNKNOWN,unknown,unknown,unknown,LOW,no_basis,WARNING,"['aspiration_hazard_1', 'reproductive_toxicity_2', 'aquatic_chronic_3']",['none_identified'],aquatic_chronic,"['H304', 'H361f', 'H412']",3.0,HIGH,snippet_keywords,study/eye_irritation_rabbit,,,unknown,unknown,HIGH,source_filename,,EU_REACH,not_registered,False,True,sds_full,HIGH,reach_text,,,disodium sebacate,ternary,unknown,none,3.0,LOW,source_text
EyeIrritation6pack_PID631,MCSI Hydroprene Cockroack Killer Fogger,UNKNOWN,liquid,pesticide/insecticide,ready-to-use,HIGH,name_explicit,UNKNOWN,[],['none_identified'],unknown,[],0.0,LOW,snippet_keywords,study/eye_irritation_rabbit,,,unknown,unknown,HIGH,source_filename,,RESEARCH_ONLY,not_registered,False,False,sds_full,HIGH,source_filename,29.92,70.08,Butane,multi_4_6,medium,exact,4.0,HIGH,workbook_pct
EyeIrritation6pack_PID632,Mecoprop-P Acid,UNKNOWN,unknown,pesticide/herbicide,unknown,LOW,pattern_inferred,UNKNOWN,[],['none_identified'],unknown,[],0.0,LOW,no_basis,study/eye_irritation_rabbit,,,unknown,unknown,HIGH,source_filename,,RESEARCH_ONLY,not_registered,,False,sds_full,HIGH,source_filename,,,2-(4-chloro-2-methylphenoxy)propionic acid,binary,unknown,none,2.0,,
EyeIrritation6pack_PID633,Medallion,UNKNOWN,liquid,pesticide/fungicide,unknown,MEDIUM,pattern_inferred,UNKNOWN,[],['none_identified'],unknown,[],0.0,LOW,snippet_keywords,study/eye_irritation_rabbit,,,unknown,unknown,HIGH,source_filename,,RESEARCH_ONLY,not_registered,False,False,sds_partial,HIGH,source_filename,2.0,98.0,"white mineral oil, petroleum",ternary,ultra_low,partial,3.0,,
EyeIrritation6pack_PID635,Mefanoxam,UNKNOWN,unknown,pesticide/fungicide,unknown,MEDIUM,pattern_inferred,UNKNOWN,[],['none_identified'],unknown,[],0.0,LOW,no_basis,study/eye_irritation_rabbit,,,unknown,unknown,HIGH,source_filename,,RESEARCH_ONLY,not_registered,,False,sds_full,HIGH,source_filename,,,,ternary,unknown,none,3.0,,
EyeIrritation6pack_PID639,Mesosulfuron-methyl,UNKNOWN,powder,pesticide/herbicide,unknown,MEDIUM,pattern_inferred,NONE,[],['none_identified'],none,[],1.0,MEDIUM,snippet_keywords,study/eye_irritation_rabbit,,,unknown,unknown,HIGH,source_filename,,RESEARCH_ONLY,not_registered,False,False,sds_full,HIGH,source_filename,,,Mesosulfuron-methyl sodium salt,single,unknown,none,1.0,,
EyeIrritation6pack_PID640,Mesotrione 28% Manufacturing Use Product,UNKNOWN,unknown,pesticide/herbicide,concentrate,MEDIUM,pattern_inferred,WARNING,['skin_irritation_2'],['dermal'],aquatic_acute,[],2.0,MEDIUM,snippet_keywords,study/eye_irritation_rabbit,,,unknown,unknown,HIGH,source_filename,,RESEARCH_ONLY,not_registered,True,False,sds_full,HIGH,source_filename,40.0,60.0,Mesotrione,single,high,exact,1.0,,
EyeIrritation6pack_PID641,Mesotrione 50WG,WG,granule,pesticide/herbicide,concentrate,HIGH,name_explicit,UNKNOWN,[],['none_identified'],unknown,[],0.0,LOW,snippet_keywords,study/eye_irritation_rabbit,,,unknown,unknown,HIGH,source_filename,,RESEARCH_ONLY,not_registered,False,False,sds_full,HIGH,source_filename,,,methanol,single,unknown,none,1.0,,
EyeIrritation6pack_PID642,Metaflumizone(7.4%),UNKNOWN,unknown,pesticide/insecticide,concentrate,MEDIUM,pattern_inferred,WARNING,"['stot_repeated_2', 'aquatic_acute_1', 'aquatic_chronic_1']",['none_identified'],both,[],3.0,HIGH,sds_section2,study/eye_irritation_rabbit,,,unknown,unknown,HIGH,source_filename,,RESEARCH_ONLY,not_registered,False,False,sds_full,HIGH,source_filename,,,Metaflumizone,binary,unknown,none,2.0,,
EyeIrritation6pack_PID643,Metaflumizone(88.7%),UNKNOWN,unknown,pesticide/insecticide,concentrate,MEDIUM,pattern_inferred,UNKNOWN,[],['none_identified'],unknown,[],0.0,LOW,snippet_keywords,study/eye_irritation_rabbit,,,unknown,unknown,HIGH,source_filename,,RESEARCH_ONLY,not_registered,False,False,sds_full,HIGH,source_filename,,,Metaflumizone,single,unknown,none,1.0,,
EyeIrritation6pack_PID645,Metarex 4% Snail and Slug Bait,UNKNOWN,granule,pesticide/other,ready-to-use,HIGH,name_explicit,UNKNOWN,[],['none_identified'],unknown,[],0.0,LOW,no_basis,study/eye_irritation_rabbit,,,unknown,unknown,HIGH,source_filename,,RESEARCH_ONLY,not_registered,,False,sds_full,HIGH,source_filename,,,Metaldehyde,single,unknown,none,1.0,,
EyeIrritation6pack_PID65,Allectus SC Insecticide,SC,suspension,pesticide/insecticide,concentrate,HIGH,name_explicit,UNKNOWN,[],['none_identified'],unknown,[],0.0,LOW,snippet_keywords,study/eye_irritation_rabbit,,,unknown,unknown,HIGH,source_filename,,RESEARCH_ONLY,not_registered,False,False,sds_full,HIGH,source_filename,,,Imidacloprid,multi_7p,unknown,approximate,5.0,,
EyeIrritation6pack_PID650,Metrafenone Fungicide,UNKNOWN,unknown,pesticide/fungicide,unknown,MEDIUM,name_explicit,UNKNOWN,[],['none_identified'],unknown,[],0.0,LOW,snippet_keywords,study/eye_irritation_rabbit,,,unknown,unknown,HIGH,source_filename,,RESEARCH_ONLY,not_registered,False,False,sds_full,HIGH,source_filename,,,Metrafenone,single,unknown,none,1.0,,
EyeIrritation6pack_PID651,Metribuzin + Flufenacet,UNKNOWN,powder,pesticide/herbicide,concentrate,MEDIUM,pattern_inferred,UNKNOWN,[],['none_identified'],unknown,[],0.0,LOW,snippet_keywords,study/eye_irritation_rabbit,,,unknown,unknown,HIGH,source_filename,,RESEARCH_ONLY,not_registered,True,False,sds_full,HIGH,source_filename,75.0,25.0,Metribuzin,multi_4_6,very_high,approximate,4.0,,
EyeIrritation6pack_PID652,Metsulfuron Methyl,UNKNOWN,powder,pesticide/herbicide,concentrate,MEDIUM,pattern_inferred,UNKNOWN,[],['none_identified'],unknown,[],0.0,LOW,snippet_keywords,study/eye_irritation_rabbit,,,unknown,unknown,HIGH,source_filename,,RESEARCH_ONLY,not_registered,False,False,sds_full,HIGH,source_filename,,,metsulfuron methyl,single,unknown,none,1.0,,
EyeIrritation6pack_PID654,Meymik 15G,GR,granule,pesticide/insecticide,ready-to-use,HIGH,name_explicit,DANGER,['acute_toxicity_oral_2'],"['oral', 'dermal']",unknown,[],4.0,HIGH,snippet_keywords,study/eye_irritation_rabbit,,,unknown,unknown,HIGH,source_filename,264-330,US_EPA,registered_active,True,False,epa_label,HIGH,epa_reg_found,,,,single,unknown,inconsistent,1.0,,
EyeIrritation6pack_PID655,MGK 29461,UNKNOWN,liquid,pesticide/insecticide,concentrate,MEDIUM,pattern_inferred,UNKNOWN,['skin_sensitization_1'],['inhalation'],unknown,[],2.0,MEDIUM,snippet_keywords,study/eye_irritation_rabbit,,,unknown,unknown,HIGH,source_filename,,RESEARCH_ONLY,not_registered,True,False,sds_full,HIGH,source_filename,,,Pyrethrins,multi_4_6,unknown,none,4.0,,
EyeIrritation6pack_PID656,MGK F-2862,UNKNOWN,liquid,pesticide/insecticide,concentrate,MEDIUM,pattern_inferred,UNKNOWN,['skin_sensitization_1'],['inhalation'],unknown,[],2.0,MEDIUM,snippet_keywords,study/eye_irritation_rabbit,,,unknown,unknown,HIGH,source_filename,,RESEARCH_ONLY,not_registered,True,False,sds_full,HIGH,source_filename,,,Pyrethrins,multi_4_6,unknown,none,4.0,,
EyeIrritation6pack_PID657,MGK Fogging Concentrate 2922,UNKNOWN,liquid,pesticide/insecticide,concentrate,MEDIUM,pattern_inferred,UNKNOWN,[],['none_identified'],unknown,[],0.0,LOW,snippet_keywords,study/eye_irritation_rabbit,,,unknown,unknown,HIGH,source_filename,,RESEARCH_ONLY,not_registered,True,False,sds_full,HIGH,source_filename,3.3,70.0,Piperonyl Butoxide,multi_4_6,low,partial,4.0,,
EyeIrritation6pack_PID658,MGK Formula 2960,UNKNOWN,liquid,pesticide/insecticide,unknown,MEDIUM,pattern_inferred,UNKNOWN,[],['none_identified'],unknown,[],0.0,LOW,snippet_keywords,study/eye_irritation_rabbit,,,unknown,unknown,HIGH,source_filename,,RESEARCH_ONLY,not_registered,False,False,sds_full,HIGH,source_filename,,,alcohols C16-18 ethoxylated,multi_4_6,unknown,approximate,4.0,,
EyeIrritation6pack_PID659,MGK Formula 2976,UNKNOWN,unknown,pesticide/insecticide,unknown,MEDIUM,pattern_inferred,UNKNOWN,[],['none_identified'],unknown,[],0.0,MEDIUM,snippet_keywords,study/eye_irritation_rabbit,,,unknown,unknown,HIGH,source_filename,,RESEARCH_ONLY,not_registered,True,False,sds_full,HIGH,source_filename,,,Abamectin,binary,unknown,none,2.0,,
EyeIrritation6pack_PID660,MGK Formula 2980,UNKNOWN,liquid,pesticide/insecticide,concentrate,MEDIUM,pattern_inferred,UNKNOWN,[],['none_identified'],unknown,[],0.0,LOW,snippet_keywords,study/eye_irritation_rabbit,,,unknown,unknown,HIGH,source_filename,,RESEARCH_ONLY,not_registered,True,False,sds_full,HIGH,source_filename,36.5,63.5,Piperonyl Butoxide,ternary,medium,exact,3.0,,
EyeIrritation6pack_PID661,Micromite 80WG,WG,granule,pesticide/insecticide,concentrate,HIGH,name_explicit,CAUTION,[],['none_identified'],aquatic_chronic,[],2.0,MEDIUM,snippet_keywords,study/eye_irritation_rabbit,,,unknown,unknown,HIGH,source_filename,,RESEARCH_ONLY,not_registered,True,False,sds_full,HIGH,source_filename,2.0,98.0,DIflubenzuron,ternary,ultra_low,partial,3.0,,
EyeIrritation6pack_PID663,Mitin FF Liquid,UNKNOWN,liquid,industrial_chemical,unknown,LOW,pattern_inferred,UNKNOWN,[],['none_identified'],unknown,[],0.0,LOW,no_basis,study/eye_irritation_rabbit,,,unknown,unknown,HIGH,source_filename,,RESEARCH_ONLY,not_registered,False,False,unknown,HIGH,source_filename,10.0,90.0,,single,unknown,partial,1.0,,
EyeIrritation6pack_PID668,Molluscicide Mesurol 2% Bait,UNKNOWN,granule,pesticide/other,ready-to-use,HIGH,name_explicit,UNKNOWN,[],['none_identified'],unknown,[],0.0,LOW,snippet_keywords,study/eye_irritation_rabbit,,,unknown,unknown,HIGH,source_filename,,RESEARCH_ONLY,not_registered,True,False,sds_full,HIGH,source_filename,2.0,98.0,Methiocarb,multi_4_6,ultra_low,partial,4.0,,
EyeIrritation6pack_PID669,Mon 37500,UNKNOWN,liquid,industrial_chemical,unknown,MEDIUM,evidence_snippet,DANGER,"['flammable_liquid_1', 'skin_irritation_2', 'stot_single_3', 'aspiration_1', 'aquatic_chronic_2']",['none_identified'],aquatic_chronic,"['H224', 'H315', 'H336', 'H304', 'H411']",4.0,HIGH,sds_section2,study/eye_irritation_rabbit,,,unknown,unknown,HIGH,source_filename,,EU_REACH,not_registered,False,True,sds_full,HIGH,reach_text,5.0,95.0,Ethyl tert-butyl ether,binary,low,partial,2.0,,
EyeIrritation6pack_PID673,Mon 58494 Herbicide,UNKNOWN,unknown,pesticide/herbicide,concentrate,MEDIUM,name_explicit,UNKNOWN,[],['none_identified'],unknown,[],0.0,LOW,snippet_keywords,study/eye_irritation_rabbit,,,unknown,unknown,HIGH,source_filename,,RESEARCH_ONLY,not_registered,True,False,sds_full,HIGH,source_filename,,,Potassium salt of glyphosate,single,unknown,none,1.0,,
EyeIrritation6pack_PID674,Mon 8411,UNKNOWN,liquid,industrial_chemical,concentrate,MEDIUM,pattern_inferred,NONE,[],['none_identified'],none,[],1.0,MEDIUM,sds_section3_no_hazard_classification,study/eye_irritation_rabbit,,,unknown,unknown,HIGH,source_filename,,RESEARCH_ONLY,not_registered,False,False,sds_partial,HIGH,source_filename,,,"Hexanedioic acid, monomethyl ester",single,unknown,none,1.0,MEDIUM,name_inference
EyeIrritation6pack_PID675,Mon 8434 Herbicide,UNKNOWN,liquid,pesticide/herbicide,concentrate,MEDIUM,name_explicit,WARNING,"['flammable_liquid_3', 'acute_toxicity_4', 'skin_irritation_2']","['oral', 'dermal']",none,[],3.0,MEDIUM,sds_section3_component_hazards,study/eye_irritation_rabbit,,,unknown,unknown,HIGH,source_filename,,RESEARCH_ONLY,not_registered,False,False,sds_full,HIGH,source_filename,99.0,1.0,Butan-2-one,multi_4_6,very_high,exact,4.0,HIGH,workbook_pct
EyeIrritation6pack_PID676,Movento 240 SC Insecticide,SC,suspension,pesticide/insecticide,concentrate,HIGH,name_explicit,DANGER,"['aquatic_chronic_1', 'aquatic_acute_1', 'eye_irritation_2', 'skin_sensitization_1A', 'stot_single_3', 'reproductive_toxicity_2']",['inhalation'],both,"['H410', 'H400', 'H319', 'H317', 'H335', 'H361fd']",5.0,HIGH,sds_section2_ghs_classification,study/eye_irritation_rabbit,,,unknown,unknown,HIGH,source_filename,,EU_REACH,not_registered,False,True,sds_full,HIGH,reach_text,,,"3-(2,5-Dimethylphenyl)-8-methoxy-2-oxo-1-azaspiro(4.5)dec-3-en-4-yl ethyl carbonate",binary,unknown,none,2.0,MEDIUM,name_inference
EyeIrritation6pack_PID677,Multicide 28661,UNKNOWN,liquid,cleaning_disinfectant,dilute,LOW,pattern_inferred,DANGER,"['skin_corrosion_1B', 'eye_damage_1', 'aquatic_acute_1', 'aquatic_chronic_1', 'acute_toxicity_oral_4']",['oral'],both,"['H314', 'H318', 'H400', 'H410', 'H302']",5.0,HIGH,sds_section3_component_classification,study/eye_irritation_rabbit,,,unknown,unknown,HIGH,source_filename,,EU_REACH,not_registered,False,True,sds_full,HIGH,reach_text,7.5,92.5,Isopropanol,single,low,approximate,1.0,MEDIUM,workbook_pct
EyeIrritation6pack_PID678,Multicide Crawling Insect Killer 28651,UNKNOWN,liquid,pesticide/insecticide,ready-to-use,MEDIUM,name_explicit,WARNING,"['flammable_gas_1', 'aquatic_chronic_2']",['none_identified'],aquatic_chronic,[],2.0,LOW,audit_terms_only,study/eye_irritation_rabbit,,,unknown,unknown,HIGH,source_filename,,RESEARCH_ONLY,not_registered,False,False,sds_full,HIGH,source_filename,22.5,77.5,isobutane,multi_4_6,low,approximate,4.0,MEDIUM,workbook_pct
EyeIrritation6pack_PID680,Mycostat BX2,UNKNOWN,liquid,wood_preservative,dilute,MEDIUM,pattern_inferred,UNKNOWN,[],['none_identified'],unknown,[],0.0,LOW,no_basis,study/eye_irritation_rabbit,,,unknown,unknown,HIGH,source_filename,,UNKNOWN,unknown,False,False,product_page,LOW,no_basis,0.1,99.9,Mycostat BX2,single,ultra_low,approximate,1.0,LOW,workbook_pct
EyeIrritation6pack_PID684,MZ 75DF Agricultural Fungicide,UNKNOWN,powder,pesticide/fungicide,concentrate,MEDIUM,name_explicit,WARNING,"['eye_irritation_2', 'skin_irritation_2', 'skin_sensitization_1']",['none_identified'],terrestrial,[],2.0,MEDIUM,sec2_text,study/eye_irritation_rabbit,,,unknown,unknown,HIGH,source_filename,10163-6414,US_EPA,registered_active,True,False,epa_label,HIGH,epa_reg_found,75.0,25.0,Mancozeb,multi_4_6,very_high,partial,4.0,MEDIUM,workbook_pct
EyeIrritation6pack_PID687,Nab Nicho Tech,UNKNOWN,liquid,cleaning_disinfectant,concentrate,MEDIUM,pattern_inferred,DANGER,"['skin_corrosion_1B', 'eye_damage_1']",['none_identified'],none,"['H314', 'H318']",4.0,HIGH,sds_section3_component_classification,study/eye_irritation_rabbit,,,unknown,unknown,HIGH,source_filename,,RESEARCH_ONLY,not_registered,False,False,sds_full,HIGH,source_filename,,,Sodium Hypochlorite,single,unknown,none,1.0,MEDIUM,name_inference
EyeIrritation6pack_PID689,Navigator 80WG Termticide/Insecticide,WG,granule,pesticide/insecticide,concentrate,HIGH,name_explicit,DANGER,['aquatic_chronic_1'],['none_identified'],aquatic_chronic,[],3.0,MEDIUM,snippet_keywords,study/eye_irritation_rabbit,,,unknown,unknown,HIGH,source_filename,,RESEARCH_ONLY,not_registered,False,False,sds_full,HIGH,source_filename,,,Fipronil,single,unknown,none,1.0,MEDIUM,name_inference
EyeIrritation6pack_PID690,Nemathorin 500EC,EC,liquid,pesticide/other,concentrate,MEDIUM,name_explicit,DANGER,"['acute_toxicity_oral_3', 'acute_toxicity_inhalation_3', 'acute_toxicity_dermal_3', 'skin_sensitization_1', 'aquatic_acute_1', 'aquatic_chronic_1']","['oral', 'inhalation', 'dermal']",both,"['H301', 'H331', 'H311', 'H317', 'H400', 'H410', 'H411']",5.0,HIGH,sec_signal_word,study/eye_irritation_rabbit,,,unknown,unknown,HIGH,source_filename,,EU_REACH,not_registered,False,False,sds_full,MEDIUM,reach_text,,,fosthiazate,binary,unknown,none,2.0,LOW,source_text
EyeIrritation6pack_PID691,Neo Chlor Spa Angel Tab,UNKNOWN,tablet,cleaning_disinfectant,dilute,MEDIUM,evidence_snippet,DANGER,"['oxidizing_solid_2', 'acute_toxicity_4']",['oral'],none,[],3.0,MEDIUM,sec_signal_word,study/eye_irritation_rabbit,,,unknown,unknown,HIGH,source_filename,21164-9,US_EPA,registered_active,False,False,sds_full,HIGH,epa_reg_found,7.5,89.2,Sodium chlorite,ternary,low,exact,3.0,MEDIUM,workbook_pct
EyeIrritation6pack_PID692,Neporax 25G,UNKNOWN,granule,pesticide/insecticide,concentrate,MEDIUM,name_explicit,WARNING,['acute_toxicity_oral_4'],['oral'],none,['H302'],2.0,HIGH,sds_section3_component_classification,study/eye_irritation_rabbit,,,unknown,unknown,HIGH,source_filename,,EU_REACH,not_registered,False,False,sds_full,MEDIUM,reach_text,,,Cyromazine,single,unknown,none,1.0,MEDIUM,name_inference
EyeIrritation6pack_PID694,NEU1171H,EC,liquid,industrial_chemical,concentrate,HIGH,evidence_snippet,WARNING,"['flammable_liquid_3', 'stot_single_3', 'aspiration_hazard_1']",['none_identified'],none,"['H226', 'H336', 'H304']",3.0,HIGH,sec_signal_word,study/eye_irritation_rabbit,,,unknown,unknown,HIGH,source_filename,,EU_REACH,not_registered,False,True,sds_full,HIGH,reach_text,22.0,78.0,1-Methoxy-2-propanol,binary,medium,partial,2.0,MEDIUM,workbook_pct
EyeIrritation6pack_PID695,NEUl l 71H RTU,RTU,liquid,industrial_chemical,ready-to-use,HIGH,name_explicit,WARNING,"['flammable_solid_2', 'acute_toxicity_oral_4', 'acute_toxicity_inhalation_4', 'skin_irritation_2', 'eye_damage_1', 'stot_single_3', 'aquatic_acute_2', 'aquatic_chronic_3']","['oral', 'inhalation']",both,"['H228', 'H302', 'H332', 'H315', 'H318', 'H335', 'H401', 'H412']",4.0,HIGH,sds_section3_component_classification,study/eye_irritation_rabbit,,,unknown,unknown,HIGH,source_filename,,RESEARCH_ONLY,not_registered,False,False,sds_full,HIGH,source_filename,0.25,99.75,Sodium dodecyl sulfate,binary,ultra_low,approximate,2.0,LOW,workbook_pct
EyeIrritation6pack_PID696,Nicosulfuron 40SC,SC,suspension,pesticide/herbicide,concentrate,HIGH,name_explicit,NONE,[],['none_identified'],none,[],1.0,MEDIUM,sds_section3_no_hazard_classification,study/eye_irritation_rabbit,,,unknown,unknown,HIGH,source_filename,,RESEARCH_ONLY,not_registered,False,False,sds_full,HIGH,source_filename,,,Nicosulfuron,single,unknown,none,1.0,MEDIUM,name_inference
EyeIrritation6pack_PID698,NipsIt Canola Suite Seed Protectant,UNKNOWN,liquid,pesticide/fungicide,concentrate,MEDIUM,pattern_inferred,CAUTION,"['acute_toxicity_4', 'aquatic_chronic_2']",['oral'],aquatic_chronic,[],2.0,MEDIUM,sds_section3_component_list,study/eye_irritation_rabbit,,,unknown,unknown,HIGH,source_filename,,RESEARCH_ONLY,not_registered,True,False,sds_full,HIGH,source_filename,,,Clothianidin,multi_4_6,low,none,4.0,MEDIUM,source_text
EyeIrritation6pack_PID699,NNI-0001,EC,powder,industrial_chemical,concentrate,MEDIUM,evidence_snippet,DANGER,['flammable_solid_1'],['none_identified'],none,['H228'],3.0,HIGH,sec_signal_word,study/eye_irritation_rabbit,,,unknown,unknown,HIGH,source_filename,,EU_REACH,not_registered,False,True,sds_full,HIGH,reach_text,0.13,99.87,Aluminium powder (stabilised),ternary,ultra_low,exact,3.0,LOW,workbook_pct
EyeIrritation6pack_PID70,Aloft GC SC Insecticide,SC,suspension,pesticide/insecticide,concentrate,HIGH,name_explicit,WARNING,"['acute_toxicity_4', 'aquatic_chronic_1']",['oral'],aquatic_chronic,[],3.0,MEDIUM,snippet_keywords,study/eye_irritation_rabbit,,,unknown,unknown,HIGH,source_filename,,RESEARCH_ONLY,not_registered,True,False,product_page,MEDIUM,source_filename,37.0,63.0,Clothianidin,binary,medium,exact,2.0,HIGH,workbook_pct
EyeIrritation6pack_PID700,Norm 1,UNKNOWN,powder,cleaning_disinfectant,concentrate,LOW,pattern_inferred,DANGER,"['acute_toxicity_3', 'flammable_liquid_2', 'oxidizing_solid_2']","['oral', 'inhalation']",none,[],4.0,MEDIUM,sds_section3_component_list,study/eye_irritation_rabbit,,,unknown,unknown,HIGH,source_filename,,RESEARCH_ONLY,not_registered,False,False,sds_partial,LOW,source_filename,1.0,99.0,Trichloroisocyanuric Acid,ternary,ultra_low,partial,3.0,LOW,workbook_pct
EyeIrritation6pack_PID702,NTN 33893 75 WP-WS,WP,powder,pesticide/insecticide,concentrate,HIGH,name_explicit,WARNING,"['acute_toxicity_4', 'aquatic_chronic_1']",['oral'],aquatic_chronic,[],3.0,MEDIUM,sds_section3_component_list,study/eye_irritation_rabbit,,,unknown,unknown,HIGH,source_filename,,RESEARCH_ONLY,not_registered,False,False,sds_full,HIGH,source_filename,75.0,25.0,Imidacloprid,ternary,very_high,exact,3.0,HIGH,workbook_pct
EyeIrritation6pack_PID704,NUP-06139 Herbicide,UNKNOWN,unknown,pesticide/herbicide,unknown,LOW,name_explicit,UNKNOWN,[],['none_identified'],unknown,[],0.0,LOW,no_basis,study/eye_irritation_rabbit,,,unknown,unknown,HIGH,source_filename,,UNKNOWN,unknown,False,False,unknown,LOW,no_basis,,,,single,unknown,none,1.0,LOW,no_basis
EyeIrritation6pack_PID705,NUP-07003 Herbicide,UNKNOWN,liquid,pesticide/herbicide,concentrate,MEDIUM,name_explicit,WARNING,"['acute_toxicity_4', 'skin_irritation_2', 'eye_irritation_2']","['oral', 'dermal']",aquatic_chronic,[],3.0,MEDIUM,sds_section3_component_list,study/eye_irritation_rabbit,,,unknown,unknown,HIGH,source_filename,,RESEARCH_ONLY,not_registered,False,False,sds_full,HIGH,source_filename,3.0,97.0,"Triisopropanolamine Salt of 2,4-Dichlorophenoxyacetic Acid",ternary,low,partial,3.0,MEDIUM,workbook_pct
EyeIrritation6pack_PID707,NUP-12004 Herbicide,UNKNOWN,unknown,pesticide/herbicide,unknown,LOW,name_explicit,NONE,[],['none_identified'],none,[],1.0,MEDIUM,sds_section3_no_hazard_classification,study/eye_irritation_rabbit,,,unknown,unknown,HIGH,source_filename,,RESEARCH_ONLY,not_registered,False,False,sds_full,HIGH,source_filename,,,CYANURIC ACID,single,unknown,none,1.0,MEDIUM,name_inference
EyeIrritation6pack_PID708,NUP06147,UNKNOWN,tablet,pharmaceutical,ready-to-use,MEDIUM,pattern_inferred,NONE,[],['none_identified'],none,[],1.0,MEDIUM,sds_section3_pharmaceutical,study/eye_irritation_rabbit,,,unknown,unknown,HIGH,source_filename,,UNKNOWN,not_registered,False,False,sds_full,MEDIUM,source_filename,,,Cellulose,ternary,unknown,none,3.0,LOW,name_inference
EyeIrritation6pack_PID71,Aloft LC G Insecticide,UNKNOWN,granule,pesticide/insecticide,concentrate,MEDIUM,name_explicit,WARNING,"['acute_toxicity_oral_4', 'stot_repeated_2', 'aquatic_acute_1', 'aquatic_chronic_1']",['oral'],both,"['H302', 'H373', 'H400', 'H410']",4.0,HIGH,sds_section3_component_classification,study/eye_irritation_rabbit,,,unknown,unknown,HIGH,source_filename,,RESEARCH_ONLY,not_registered,False,False,sds_full,HIGH,source_filename,0.45,99.55,Clothianidin,binary,ultra_low,approximate,2.0,MEDIUM,workbook_pct
EyeIrritation6pack_PID710,Nylar Total Release Aerosol 2644,UNKNOWN,liquid,pesticide/insecticide,ready-to-use,MEDIUM,name_explicit,UNKNOWN,[],['none_identified'],unknown,[],0.0,LOW,no_section2_data,study/eye_irritation_rabbit,,,unknown,unknown,HIGH,source_filename,,RESEARCH_ONLY,not_registered,False,False,sds_partial,HIGH,source_filename,1.3,50.0,NYLAR® (Pyriproxyfen),binary,ultra_low,partial,2.0,,
EyeIrritation6pack_PID716,Olympus Flex Herbicide,UNKNOWN,unknown,pesticide/herbicide,unknown,MEDIUM,name_explicit,UNKNOWN,[],['none_identified'],unknown,[],0.0,LOW,no_section2_data,study/eye_irritation_rabbit,,,unknown,unknown,HIGH,source_filename,,RESEARCH_ONLY,not_registered,False,False,sds_full,HIGH,source_filename,,,Propoxycarbazone-sodium,single,unknown,none,1.0,,
EyeIrritation6pack_PID717,Olympus Seed Treatment 3,UNKNOWN,unknown,pesticide/other,unknown,MEDIUM,name_explicit,UNKNOWN,[],['none_identified'],unknown,[],0.0,LOW,no_section2_data,study/eye_irritation_rabbit,,,unknown,unknown,HIGH,source_filename,,RESEARCH_ONLY,not_registered,False,False,sds_full,HIGH,source_filename,,,Propoxycarbazone-sodium,single,unknown,none,1.0,,
EyeIrritation6pack_PID718,Optigard Cockroach Bait,UNKNOWN,unknown,pesticide/insecticide,ready-to-use,HIGH,name_explicit,UNKNOWN,[],['none_identified'],unknown,[],0.0,LOW,no_section2_data,study/eye_irritation_rabbit,,,unknown,unknown,HIGH,source_filename,,RESEARCH_ONLY,not_registered,False,False,sds_partial,HIGH,source_filename,9.0,,emamectin benzoate,multi_7p,low,partial,5.0,,
EyeIrritation6pack_PID719,Optigard Liquid Ant Bait,UNKNOWN,liquid,pesticide/insecticide,ready-to-use,HIGH,name_explicit,UNKNOWN,[],['none_identified'],unknown,[],0.0,LOW,no_section2_data,study/eye_irritation_rabbit,,,unknown,unknown,HIGH,source_filename,,RESEARCH_ONLY,not_registered,False,False,sds_partial,HIGH,source_filename,,,thiamethoxam (ISO),single,unknown,none,1.0,,
EyeIrritation6pack_PID722,Optill powered by Kixor Herbicide,UNKNOWN,unknown,pesticide/herbicide,unknown,MEDIUM,name_explicit,UNKNOWN,[],['none_identified'],unknown,[],0.0,LOW,no_section2_data,study/eye_irritation_rabbit,,,unknown,unknown,HIGH,source_filename,,RESEARCH_ONLY,not_registered,False,False,sds_partial,HIGH,source_filename,29.7,,saflufenacil,multi_4_6,medium,partial,4.0,,
EyeIrritation6pack_PID723,OR-X123,UNKNOWN,unknown,industrial_chemical,unknown,LOW,no_basis,WARNING,"['flammable_liquid_3', 'acute_toxicity_dermal_4', 'acute_toxicity_inhalation_4', 'skin_irritation_2', 'eye_irritation_2']","['dermal', 'inhalation']",none,"['H226', 'H312', 'H332', 'H315', 'H319']",3.0,HIGH,sds_section2,study/eye_irritation_rabbit,,,unknown,unknown,HIGH,source_filename,,EU_REACH,not_registered,False,True,sds_full,MEDIUM,reach_text,,,,multi_4_6,unknown,none,4.0,,
EyeIrritation6pack_PID726,ORD-X042,UNKNOWN,unknown,unknown,unknown,LOW,no_basis,UNKNOWN,[],['none_identified'],unknown,[],0.0,LOW,no_data,study/eye_irritation_rabbit,,,unknown,unknown,HIGH,source_filename,,RESEARCH_ONLY,not_registered,,,unknown,LOW,no_basis,,,,unknown,unknown,none,0.0,,
EyeIrritation6pack_PID727,ORD-X170,UNKNOWN,unknown,unknown,unknown,LOW,no_basis,UNKNOWN,[],['none_identified'],unknown,[],0.0,LOW,no_data,study/eye_irritation_rabbit,,,unknown,unknown,HIGH,source_filename,,RESEARCH_ONLY,not_registered,,,unknown,LOW,no_basis,,,,unknown,unknown,none,0.0,,
EyeIrritation6pack_PID728,ORD-X450,UNKNOWN,liquid,cleaning_disinfectant,ready-to-use,MEDIUM,evidence_snippet,WARNING,"['skin_irritation_2', 'eye_damage_1', 'respiratory_sensitization_1', 'stot_single_3']",['inhalation'],none,"['H315', 'H318', 'H334', 'H335']",4.0,HIGH,snippet_keywords,study/eye_irritation_rabbit,,,unknown,unknown,HIGH,source_filename,,RESEARCH_ONLY,not_registered,False,True,sds_full,MEDIUM,reach_text,5.0,,Subtilisin,binary,low,partial,2.0,,
EyeIrritation6pack_PID732,Orvego Fungicide,UNKNOWN,unknown,pesticide/fungicide,concentrate,HIGH,name_explicit,WARNING,"['acute_toxicity_oral_4', 'reproductive_toxicity_2', 'aquatic_acute_3', 'aquatic_chronic_1']",['oral'],aquatic_acute_and_chronic,"['H302', 'H361', 'H402', 'H410']",4.0,HIGH,sds_section2,study/eye_irritation_rabbit,,,unknown,unknown,HIGH,source_filename,,RESEARCH_ONLY,not_registered,False,False,sds_partial,HIGH,source_filename,30.9,,ametoctradin,multi_7p,medium,approximate,5.0,,
EyeIrritation6pack_PID737,Pen 240FS,FS,liquid,pesticide/fungicide,concentrate,HIGH,name_explicit,UNKNOWN,[],['none_identified'],unknown,[],0.0,LOW,no_section2_data,study/eye_irritation_rabbit,,,unknown,unknown,HIGH,source_filename,,RESEARCH_ONLY,not_registered,False,False,sds_partial,HIGH,source_filename,29.3,,Myclobutanil,binary,medium,partial,2.0,,
EyeIrritation6pack_PID738,Penbotec,SC,suspension,pesticide/fungicide,concentrate,HIGH,sec_formulation_code,WARNING,['aquatic_chronic_2'],['none_identified'],aquatic_chronic,['H411'],2.0,MEDIUM,snippet_keywords,study/eye_irritation_rabbit,,,unknown,unknown,HIGH,source_filename,43813-32,US_EPA,registered_active,False,False,sds_partial,HIGH,epa_reg_found,30.0,,Pyrimethanil (ISO),single,medium,approximate,1.0,,
EyeIrritation6pack_PID739,Penclo 273.5FS,FS,liquid,pesticide/other,concentrate,HIGH,name_explicit,UNKNOWN,[],['none_identified'],unknown,[],0.0,LOW,no_section2_data,study/eye_irritation_rabbit,,,unknown,unknown,HIGH,source_filename,,RESEARCH_ONLY,not_registered,False,False,sds_partial,HIGH,source_filename,25.0,75.0,Hydrofluorosilicic Acid,binary,medium,exact,2.0,,
EyeIrritation6pack_PID740,Penclotrime 310.68 FS,FS,liquid,pesticide/other,concentrate,HIGH,name_explicit,DANGER,"['flammable_liquid_3', 'acute_toxicity_oral_4', 'skin_irritation_2', 'eye_damage_1', 'stot_single_3']",['oral'],none,"['H226', 'H302', 'H315', 'H318', 'H335', 'H336']",4.0,HIGH,sds_section2,study/eye_irritation_rabbit,,,unknown,unknown,HIGH,source_filename,,RESEARCH_ONLY,not_registered,False,False,sds_partial,HIGH,source_filename,,,n-Butyl alcohol,single,unknown,none,1.0,,
EyeIrritation6pack_PID741,Penflufen TC,UNKNOWN,unknown,pesticide/fungicide,unknown,MEDIUM,pattern_inferred,WARNING,"['aquatic_acute_1', 'aquatic_chronic_1']",['none_identified'],aquatic_acute_and_chronic,['H410'],2.0,HIGH,sds_section2,study/eye_irritation_rabbit,,,unknown,unknown,HIGH,source_filename,,RESEARCH_ONLY,not_registered,False,False,unknown,HIGH,source_filename,,,Penflufen,single,unknown,none,1.0,,
EyeIrritation6pack_PID743,Penoxsulam,UNKNOWN,unknown,pesticide/herbicide,unknown,MEDIUM,pattern_inferred,UNKNOWN,[],['none_identified'],unknown,[],0.0,LOW,no_data,study/eye_irritation_rabbit,,,unknown,unknown,HIGH,source_filename,,RESEARCH_ONLY,not_registered,,,unknown,LOW,no_basis,95.0,,Penoxsulam,single,very_high,approximate,1.0,,
EyeIrritation6pack_PID744,Penpro 118FS,FS,liquid,pesticide/other,concentrate,HIGH,name_explicit,UNKNOWN,[],['none_identified'],unknown,[],0.0,LOW,no_section2_data,study/eye_irritation_rabbit,,,unknown,unknown,HIGH,source_filename,,RESEARCH_ONLY,not_registered,False,False,unknown,MEDIUM,source_filename,1.0,,Methanol,ternary,ultra_low,partial,3.0,,
EyeIrritation6pack_PID745,Penprome 177FS,FS,liquid,pesticide/insecticide,concentrate,HIGH,name_explicit,UNKNOWN,[],['none_identified'],unknown,[],0.0,LOW,no_data,study/eye_irritation_rabbit,,,unknown,unknown,HIGH,source_filename,,RESEARCH_ONLY,not_registered,,,unknown,LOW,no_basis,,,Permethrin,single,unknown,none,1.0,,
EyeIrritation6pack_PID746,Penthiopyrad,UNKNOWN,unknown,pesticide/fungicide,unknown,MEDIUM,pattern_inferred,WARNING,"['aquatic_acute_1', 'aquatic_chronic_1']",['none_identified'],aquatic_chronic,['H411'],2.0,HIGH,sds_section2,study/eye_irritation_rabbit,,,unknown,unknown,HIGH,source_filename,,RESEARCH_ONLY,not_registered,False,False,unknown,HIGH,source_filename,,,penthiopyrad,single,unknown,none,1.0,,
EyeIrritation6pack_PID747,Penthiopyrad 40 SC Fungicide,SC,suspension,pesticide/fungicide,concentrate,HIGH,name_explicit,UNKNOWN,[],['none_identified'],unknown,[],0.0,LOW,no_section2_data,study/eye_irritation_rabbit,,,unknown,unknown,HIGH,source_filename,,RESEARCH_ONLY,not_registered,True,False,sds_partial,HIGH,source_filename,19.5,,Penthiopyrad,single,medium,partial,1.0,,
EyeIrritation6pack_PID748,Pentri 308FS,FS,liquid,pesticide/other,concentrate,HIGH,name_explicit,UNKNOWN,[],['none_identified'],unknown,[],0.0,LOW,no_section2_data,study/eye_irritation_rabbit,,,unknown,unknown,HIGH,source_filename,,RESEARCH_ONLY,not_registered,False,False,unknown,MEDIUM,source_filename,1.0,,Methanol,ternary,ultra_low,partial,3.0,,
EyeIrritation6pack_PID75,Ametryn,UNKNOWN,unknown,pesticide/herbicide,unknown,MEDIUM,pattern_inferred,UNKNOWN,[],['none_identified'],unknown,[],0.0,LOW,no_section2_data,study/eye_irritation_rabbit,,,unknown,unknown,HIGH,source_filename,,RESEARCH_ONLY,not_registered,False,False,sds_partial,HIGH,source_filename,97.0,,Ametryn,single,very_high,exact,1.0,,
EyeIrritation6pack_PID750,Permethrin,UNKNOWN,unknown,pesticide/insecticide,unknown,MEDIUM,pattern_inferred,UNKNOWN,[],['none_identified'],unknown,[],0.0,LOW,no_data,study/eye_irritation_rabbit,,,unknown,unknown,HIGH,source_filename,,RESEARCH_ONLY,not_registered,,,unknown,LOW,no_basis,,,Permethrin,single,unknown,none,1.0,,
EyeIrritation6pack_PID751,Permit Plus,UNKNOWN,unknown,pesticide/herbicide,unknown,MEDIUM,name_explicit,UNKNOWN,[],['none_identified'],unknown,[],0.0,LOW,no_section2_data,study/eye_irritation_rabbit,,,unknown,unknown,HIGH,source_filename,,RESEARCH_ONLY,not_registered,False,False,unknown,MEDIUM,source_filename,1.0,,Methanol,ternary,ultra_low,partial,3.0,,
EyeIrritation6pack_PID756,Picoxystrobin,UNKNOWN,unknown,pesticide/fungicide,unknown,LOW,pattern_inferred,DANGER,"['acute_toxicity_dermal_5', 'eye_damage_2A', 'acute_toxicity_inhalation_3', 'aquatic_acute_1']","['dermal', 'inhalation']",aquatic_acute,"['H313', 'H319', 'H331', 'H400']",4.0,HIGH,snippet_keywords,study/eye_irritation_rabbit,,,unknown,unknown,HIGH,source_filename,,RESEARCH_ONLY,not_registered,False,False,sds_full,HIGH,source_filename,,,Picoxystrobin,ternary,unknown,none,3.0,MEDIUM,name_inference
EyeIrritation6pack_PID757,Pillar Granular Fungicide,GR,granule,pesticide/fungicide,concentrate,HIGH,name_explicit,UNKNOWN,[],['none_identified'],unknown,[],0.0,LOW,no_basis,study/eye_irritation_rabbit,,,unknown,unknown,HIGH,source_filename,,RESEARCH_ONLY,not_registered,False,False,sds_full,HIGH,source_filename,15.38,84.62,Pyraclostrobin,multi_7p,medium,partial,5.0,MEDIUM,workbook_pct
EyeIrritation6pack_PID76,Amicarbazone Herbicide,UNKNOWN,unknown,pesticide/herbicide,unknown,MEDIUM,name_explicit,UNKNOWN,[],['none_identified'],unknown,[],0.0,LOW,no_basis,study/eye_irritation_rabbit,,,unknown,unknown,HIGH,source_filename,,RESEARCH_ONLY,not_registered,False,False,sds_full,HIGH,source_filename,,,RN,single,unknown,none,1.0,LOW,no_basis
EyeIrritation6pack_PID760,Pinoxaden,EC,liquid,pesticide/herbicide,concentrate,HIGH,pattern_inferred,UNKNOWN,[],['none_identified'],unknown,[],0.0,LOW,no_basis,study/eye_irritation_rabbit,,,unknown,unknown,HIGH,source_filename,,RESEARCH_ONLY,not_registered,False,False,sds_full,HIGH,source_filename,75.0,25.0,Pinoxaden 100 g/L,multi_4_6,very_high,approximate,4.0,MEDIUM,workbook_pct
EyeIrritation6pack_PID764,Platinum 75SG,SG,granule,pesticide/fungicide,concentrate,HIGH,name_explicit,UNKNOWN,[],['none_identified'],unknown,[],0.0,LOW,no_basis,study/eye_irritation_rabbit,,,unknown,unknown,HIGH,source_filename,,EU_REACH,not_registered,False,True,sds_full,MEDIUM,reach_text,,,mol,single,unknown,none,1.0,LOW,no_basis
EyeIrritation6pack_PID765,Polyphase 663,UNKNOWN,unknown,wood_preservative,concentrate,MEDIUM,pattern_inferred,CAUTION,[],['none_identified'],unknown,[],1.0,MEDIUM,snippet_keywords,study/eye_irritation_rabbit,,,unknown,unknown,HIGH,source_filename,5383-109,US_EPA,registered_active,True,False,product_page,HIGH,epa_reg_found,27.0,73.0,Diuron,multi_4_6,medium,exact,4.0,HIGH,workbook_pct
EyeIrritation6pack_PID768,Precise Acephate,EC,liquid,pesticide/insecticide,concentrate,HIGH,sec_formulation_code,WARNING,['acute_toxicity_oral_4'],['oral'],none,['H302'],3.0,HIGH,sds_section2,study/eye_irritation_rabbit,,,unknown,unknown,HIGH,source_filename,,EU_REACH,not_registered,False,True,sds_full,MEDIUM,reach_text,0.15,99.85,mol,binary,ultra_low,partial,2.0,LOW,workbook_pct
EyeIrritation6pack_PID77,Aminopyralid,SL,liquid,pesticide/herbicide,concentrate,MEDIUM,pattern_inferred,UNKNOWN,[],['none_identified'],unknown,[],0.0,LOW,no_basis,study/eye_irritation_rabbit,,,unknown,unknown,HIGH,source_filename,,RESEARCH_ONLY,not_registered,False,False,sds_full,HIGH,source_filename,42.1,57.9,Aminopyralid Triisopropanolamine Salt,ternary,high,exact,3.0,HIGH,workbook_pct
EyeIrritation6pack_PID770,Prevamite,SC,suspension,pesticide/insecticide,concentrate,MEDIUM,pattern_inferred,UNKNOWN,[],['none_identified'],unknown,[],0.0,LOW,no_basis,study/eye_irritation_rabbit,,,unknown,unknown,HIGH,source_filename,,RESEARCH_ONLY,not_registered,False,False,sds_full,HIGH,source_filename,22.6,77.4,Bifenazate,single,medium,partial,1.0,HIGH,workbook_pct
EyeIrritation6pack_PID771,Preventol A14-D,UNKNOWN,liquid,wood_preservative,concentrate,MEDIUM,pattern_inferred,UNKNOWN,[],['none_identified'],unknown,[],0.0,LOW,no_basis,study/eye_irritation_rabbit,,,unknown,unknown,HIGH,source_filename,,RESEARCH_ONLY,not_registered,True,False,product_page,HIGH,source_filename,32.5,67.5,"Assay (HPLC): min. as the sum of Diuron, Carbendazim and",binary,medium,approximate,2.0,MEDIUM,workbook_pct
EyeIrritation6pack_PID772,Preventol BIT 20N,SL,liquid,industrial_chemical,concentrate,MEDIUM,pattern_inferred,UNKNOWN,[],['none_identified'],unknown,[],0.0,LOW,no_basis,study/eye_irritation_rabbit,,,unknown,unknown,HIGH,source_filename,39967-150,US_EPA,registered_active,True,False,product_page,HIGH,epa_reg_found,20.0,80.0,"Active ingredient Liquid formulation of ~ 1,2-benzisothiazolin-3-one (BIT)",multi_7p,medium,approximate,5.0,MEDIUM,workbook_pct
EyeIrritation6pack_PID773,Preventol P 91,UNKNOWN,unknown,industrial_chemical,concentrate,LOW,pattern_inferred,UNKNOWN,[],['none_identified'],unknown,[],0.0,LOW,no_basis,study/eye_irritation_rabbit,,,unknown,unknown,HIGH,source_filename,,RESEARCH_ONLY,not_registered,False,False,sds_full,HIGH,source_filename,3.0,97.0,isothiazol--one,ternary,low,partial,3.0,MEDIUM,workbook_pct
EyeIrritation6pack_PID774,Proceed MD Fungicide,UNKNOWN,unknown,pesticide/fungicide,concentrate,MEDIUM,name_explicit,UNKNOWN,[],['none_identified'],unknown,[],0.0,LOW,no_basis,study/eye_irritation_rabbit,,,unknown,unknown,HIGH,source_filename,,RESEARCH_ONLY,not_registered,False,False,sds_full,HIGH,source_filename,1.0,99.0,Tebuconazole,multi_4_6,low,partial,4.0,MEDIUM,workbook_pct
EyeIrritation6pack_PID776,Prodiamine/Diquat/Glyphosphate EW Manufacturing,EW,granule,pesticide/herbicide,concentrate,MEDIUM,name_formulation_code,DANGER,"['acute_toxicity_oral_5', 'skin_irritation_2', 'eye_irritation_2A', 'stot_single_3', 'carcinogenicity_1', 'stot_repeated_1']",['oral'],none,"['H303', 'H315', 'H319', 'H335', 'H350', 'H372']",5.0,HIGH,sds_section2,study/eye_irritation_rabbit,,,unknown,unknown,HIGH,source_filename,,RESEARCH_ONLY,not_registered,False,False,sds_full,HIGH,source_filename,175.25,,Calcium Limestone (>=80 - <=),multi_7p,very_high,inconsistent,5.0,LOW,workbook_pct
EyeIrritation6pack_PID777,Prohexadione calcium(27.5%),WG,granule,pesticide/other,concentrate,MEDIUM,pattern_inferred,UNKNOWN,[],['none_identified'],unknown,[],0.0,LOW,no_basis,study/eye_irritation_rabbit,,,unknown,unknown,HIGH,source_filename,,RESEARCH_ONLY,not_registered,False,False,sds_full,HIGH,source_filename,27.5,72.5,prohexadione-calcium; calcium 3-oxido-5-oxo-4-propionylcyclohex-3-enecarboxylate,multi_4_6,medium,partial,4.0,MEDIUM,workbook_pct
EyeIrritation6pack_PID779,Propiconazole 0.51% Granular Fungicide,GR,granule,pesticide/fungicide,concentrate,HIGH,name_explicit,UNKNOWN,[],['none_identified'],unknown,[],0.0,LOW,no_basis,study/eye_irritation_rabbit,,,unknown,unknown,HIGH,source_filename,,RESEARCH_ONLY,not_registered,False,False,sds_full,HIGH,source_filename,,,Propiconazole,single,unknown,none,1.0,MEDIUM,name_inference
EyeIrritation6pack_PID78,Amitraz(12.5%),UNKNOWN,unknown,pesticide/insecticide,concentrate,MEDIUM,pattern_inferred,UNKNOWN,[],['none_identified'],unknown,[],0.0,LOW,no_basis,study/eye_irritation_rabbit,,,unknown,unknown,HIGH,source_filename,,RESEARCH_ONLY,not_registered,False,False,sds_full,HIGH,source_filename,,,Amitraz,single,medium,none,1.0,MEDIUM,name_inference
EyeIrritation6pack_PID780,Propiconazole(93%),EC,liquid,pesticide/fungicide,concentrate,MEDIUM,pattern_inferred,UNKNOWN,[],['none_identified'],unknown,[],0.0,LOW,no_basis,study/eye_irritation_rabbit,,,unknown,unknown,HIGH,source_filename,,RESEARCH_ONLY,not_registered,False,False,unknown,LOW,no_basis,,,Propiconazole (active ingredient),binary,unknown,none,2.0,MEDIUM,name_inference
EyeIrritation6pack_PID781,Prosper T400 Insecticide and Fungicide,FS,suspension,pesticide/insecticide,concentrate,MEDIUM,name_explicit,UNKNOWN,[],['none_identified'],unknown,[],0.0,LOW,no_basis,study/eye_irritation_rabbit,,,unknown,unknown,HIGH,source_filename,,RESEARCH_ONLY,not_registered,False,False,sds_full,HIGH,source_filename,1.0,99.0,Clothianidin,multi_7p,low,partial,5.0,MEDIUM,workbook_pct
EyeIrritation6pack_PID783,Prothioconazole Fungicide,UNKNOWN,unknown,pesticide/fungicide,concentrate,MEDIUM,name_explicit,UNKNOWN,[],['none_identified'],unknown,[],0.0,LOW,no_basis,study/eye_irritation_rabbit,,,unknown,unknown,HIGH,source_filename,,RESEARCH_ONLY,not_registered,False,False,sds_full,HIGH,source_filename,,,Prothioconazole,multi_4_6,unknown,none,4.0,MEDIUM,name_inference
EyeIrritation6pack_PID784,Provado 70 WG Insecticide,WG,granule,pesticide/insecticide,concentrate,HIGH,name_formulation_code,UNKNOWN,['aquatic_acute_1'],['none_identified'],aquatic_acute,[],0.0,MEDIUM,snippet_keywords,study/eye_irritation_rabbit,,,unknown,unknown,HIGH,source_filename,,RESEARCH_ONLY,not_registered,False,False,sds_full,HIGH,source_filename,,,Deltamethrin,binary,unknown,none,2.0,MEDIUM,name_inference
EyeIrritation6pack_PID788,Punjab Tebuconazole,EC,liquid,pesticide/fungicide,concentrate,HIGH,sec_formulation_code,WARNING,"['acute_toxicity_oral_4', 'reproductive_toxicity_2', 'aquatic_acute_1', 'aquatic_chronic_1']",['oral'],both,"['H302', 'H400', 'H410']",3.0,HIGH,sds_section2,study/eye_irritation_rabbit,,,unknown,unknown,HIGH,source_filename,,EU_REACH,not_registered,False,True,sds_full,MEDIUM,reach_text,,,mol,binary,unknown,none,2.0,LOW,no_basis
EyeIrritation6pack_PID79,Amitraz(98%),EC,liquid,pesticide/insecticide,concentrate,HIGH,sec_formulation_code,DANGER,"['acute_toxicity_oral_4', 'skin_irritation_2', 'skin_sensitization_1', 'germ_cell_mutagenicity_2', 'carcinogenicity_1B', 'stot_single_3', 'stot_repeated_2', 'aquatic_acute_1', 'aquatic_chronic_1']",['oral'],both,"['H302', 'H315', 'H317', 'H340', 'H350', 'H335', 'H373', 'H400', 'H410']",5.0,HIGH,sds_section2,study/eye_irritation_rabbit,,,unknown,unknown,HIGH,source_filename,,EU_REACH,not_registered,False,True,sds_full,MEDIUM,reach_text,98.0,2.0,Amitraz,single,very_high,exact,1.0,HIGH,workbook_pct
EyeIrritation6pack_PID790,Pursuit/Dimethenamide,UNKNOWN,unknown,pesticide/herbicide,unknown,LOW,pattern_inferred,WARNING,['acute_toxicity_oral_4'],['oral'],aquatic_chronic,"['H302', 'H411']",3.0,HIGH,sds_section2,study/eye_irritation_rabbit,,,unknown,unknown,HIGH,source_filename,,RESEARCH_ONLY,not_registered,False,False,sds_full,HIGH,source_filename,,,Dimethenamid,single,unknown,none,1.0,MEDIUM,name_inference
EyeIrritation6pack_PID791,Pyraflufen-ethyl_ ET-751,UNKNOWN,liquid,pesticide/herbicide,concentrate,MEDIUM,pattern_inferred,UNKNOWN,"['flammable_liquid_2', 'aspiration_hazard_1', 'aquatic_acute_1', 'aquatic_chronic_1', 'skin_irritation_2', 'stot_single_3']",['none_identified'],both,"['H225', 'H304', 'H400', 'H410', 'H315', 'H336']",0.0,MEDIUM,snippet_keywords,study/eye_irritation_rabbit,,,unknown,unknown,HIGH,source_filename,,RESEARCH_ONLY,not_registered,False,False,sds_full,HIGH,source_filename,0.1,99.9,pyraflufen-ethyl,binary,ultra_low,approximate,2.0,HIGH,workbook_pct
EyeIrritation6pack_PID792,Pyranha 1-10 PPC Concentrate,UNKNOWN,liquid,pesticide/insecticide,concentrate,MEDIUM,name_explicit,UNKNOWN,[],['none_identified'],unknown,[],0.0,LOW,no_basis,study/eye_irritation_rabbit,,,unknown,unknown,HIGH,source_filename,,RESEARCH_ONLY,not_registered,False,False,sds_partial,HIGH,source_filename,7.15,92.85,Piperonyl Butoxide,ternary,low,exact,3.0,,
EyeIrritation6pack_PID793,Pyrasulfotole,UNKNOWN,unknown,pesticide/herbicide,unknown,LOW,no_basis,CAUTION,[],['none_identified'],unknown,[],1.0,LOW,snippet_keywords,study/eye_irritation_rabbit,,,unknown,unknown,HIGH,source_filename,,RESEARCH_ONLY,not_registered,False,False,sds_partial,HIGH,source_filename,,,Pyridalyl,single,unknown,none,1.0,,
EyeIrritation6pack_PID794,Pyridalyl,UNKNOWN,unknown,pesticide/insecticide,unknown,LOW,no_basis,WARNING,"['skin_sensitization_1', 'stot_repeated_2', 'aquatic_acute_1', 'aquatic_chronic_1']",['none_identified'],both,"['H317', 'H373', 'H410']",3.0,HIGH,sds_section2,study/eye_irritation_rabbit,,,unknown,unknown,HIGH,source_filename,,RESEARCH_ONLY,not_registered,False,False,sds_partial,HIGH,source_filename,,,Pyridalyl,single,unknown,none,1.0,,
EyeIrritation6pack_PID795,Pyrocide Falcon 7452,UNKNOWN,liquid,pesticide/insecticide,unknown,MEDIUM,pattern_inferred,UNKNOWN,[],['none_identified'],unknown,[],0.0,LOW,no_basis,study/eye_irritation_rabbit,,,unknown,unknown,HIGH,source_filename,,RESEARCH_ONLY,not_registered,False,False,sds_partial,HIGH,source_filename,61.0,39.0,Acetone,binary,very_high,approximate,2.0,,
EyeIrritation6pack_PID796,Quadris Top,UNKNOWN,liquid,pesticide/fungicide,concentrate,HIGH,name_explicit,WARNING,"['acute_toxicity_inhalation_4', 'aquatic_acute_1', 'aquatic_chronic_1']",['inhalation'],both,"['H332', 'H400', 'H410']",3.0,HIGH,sds_section2,study/eye_irritation_rabbit,,,unknown,unknown,HIGH,source_filename,,EU_REACH,not_registered,False,True,sds_full,HIGH,reach_text,,,Azoxystrobin,multi_4_6,unknown,none,4.0,,
EyeIrritation6pack_PID797,Quali-Pro Enclave 5.3F,UNKNOWN,liquid,pesticide/fungicide,concentrate,HIGH,name_explicit,UNKNOWN,[],['none_identified'],unknown,[],0.0,LOW,no_basis,study/eye_irritation_rabbit,,,unknown,unknown,HIGH,source_filename,53883-309,US_EPA,registered_active,True,False,product_page,HIGH,epa_reg_found,57.4,42.6,Chlorothalonil,binary,medium,partial,2.0,,
EyeIrritation6pack_PID798,Quinoxyfen,UNKNOWN,unknown,pesticide/fungicide,unknown,LOW,no_basis,UNKNOWN,[],['none_identified'],unknown,[],0.0,LOW,no_basis,study/eye_irritation_rabbit,,,unknown,unknown,HIGH,source_filename,,RESEARCH_ONLY,not_registered,False,False,sds_partial,HIGH,source_filename,,,quinoxyfen,binary,unknown,none,2.0,,
EyeIrritation6pack_PID799,Quinoxyfen Manufacturing Use Concentrate,UNKNOWN,liquid,pesticide/fungicide,concentrate,HIGH,name_explicit,UNKNOWN,[],['none_identified'],unknown,[],0.0,LOW,no_basis,study/eye_irritation_rabbit,,,unknown,unknown,HIGH,source_filename,,RESEARCH_ONLY,not_registered,False,False,sds_partial,HIGH,source_filename,112.0,,methanol,ternary,very_high,inconsistent,3.0,,
EyeIrritation6pack_PID80,Amore DF,UNKNOWN,liquid,consumer_product,ready-to-use,MEDIUM,pattern_inferred,DANGER,"['skin_irritation_3', 'eye_irritation_2', 'skin_sensitization_1', 'aquatic_chronic_2']",['none_identified'],aquatic_chronic,"['H316', 'H319', 'H317', 'H411']",3.0,HIGH,sds_section2,study/eye_irritation_rabbit,,,unknown,unknown,HIGH,source_filename,,RESEARCH_ONLY,not_registered,False,False,sds_full,HIGH,source_filename,16.1,83.9,Hexyl salicylate,multi_7p,medium,partial,5.0,,
EyeIrritation6pack_PID800,Raid Ant & Roach Killer with Germ Kill CIK,RTU,liquid,pesticide/insecticide,ready-to-use,HIGH,name_explicit,WARNING,['flammable_aerosol_2'],['none_identified'],unknown,[],2.0,MEDIUM,sds_section2,study/eye_irritation_rabbit,,,unknown,unknown,HIGH,source_filename,,RESEARCH_ONLY,not_registered,False,False,sds_partial,HIGH,source_filename,0.235,99.765,Cypermethrin,multi_7p,ultra_low,exact,5.0,,
EyeIrritation6pack_PID801,Raid Roach & Ant Killer IV Plus,UNKNOWN,liquid,pesticide/insecticide,ready-to-use,MEDIUM,name_explicit,CAUTION,[],['none_identified'],unknown,[],1.0,LOW,snippet_keywords,study/eye_irritation_rabbit,,,unknown,unknown,HIGH,source_filename,,US_EPA,unknown,True,False,epa_label,MEDIUM,source_filename,0.865,99.135,"2,2-DICHLOROVINYL DIMETHYL PHOSPHATE",multi_4_6,ultra_low,exact,4.0,,
EyeIrritation6pack_PID802,Raid Roach & Ant Killer Plus,UNKNOWN,liquid,pesticide/insecticide,ready-to-use,MEDIUM,name_explicit,UNKNOWN,[],['none_identified'],unknown,[],0.0,LOW,no_basis,study/eye_irritation_rabbit,,,unknown,unknown,HIGH,source_filename,,RESEARCH_ONLY,not_registered,False,False,sds_full,HIGH,source_filename,,,White Mineral Oil,multi_4_6,medium,none,4.0,,
EyeIrritation6pack_PID803,Rancona Xxtra,UNKNOWN,liquid,pesticide/fungicide,concentrate,MEDIUM,pattern_inferred,UNKNOWN,[],['none_identified'],unknown,[],0.0,LOW,no_basis,study/eye_irritation_rabbit,,,unknown,unknown,HIGH,source_filename,,RESEARCH_ONLY,not_registered,False,False,sds_partial,HIGH,source_filename,3.0,97.0,glycerol,multi_4_6,low,approximate,4.0,,
EyeIrritation6pack_PID804,Ravap EC,EC,liquid,pesticide/insecticide,concentrate,HIGH,name_explicit,UNKNOWN,[],['none_identified'],unknown,[],0.0,LOW,no_basis,study/eye_irritation_rabbit,,,unknown,unknown,HIGH,source_filename,,RESEARCH_ONLY,not_registered,False,False,sds_full,HIGH,source_filename,48.3,51.7,Tetrachlorvinphos,ternary,high,approximate,3.0,,
EyeIrritation6pack_PID806,Rave Herbicide,UNKNOWN,liquid,pesticide/herbicide,concentrate,HIGH,name_explicit,UNKNOWN,[],['none_identified'],unknown,[],0.0,LOW,no_basis,study/eye_irritation_rabbit,,,unknown,unknown,HIGH,source_filename,,RESEARCH_ONLY,not_registered,False,False,sds_full,HIGH,source_filename,,,Potassium hydroxide,binary,unknown,none,2.0,,
EyeIrritation6pack_PID808,Raxil MD Extra Fungicide,UNKNOWN,liquid,pesticide/fungicide,concentrate,HIGH,name_explicit,UNKNOWN,[],['none_identified'],unknown,[],0.0,LOW,no_basis,study/eye_irritation_rabbit,,,unknown,unknown,HIGH,source_filename,,RESEARCH_ONLY,not_registered,False,False,sds_partial,HIGH,source_filename,,,Tebuconazole,ternary,unknown,none,3.0,,
EyeIrritation6pack_PID809,Raxil MD Extra W Seed Treatment,UNKNOWN,liquid,pesticide/fungicide,concentrate,MEDIUM,pattern_inferred,UNKNOWN,[],['none_identified'],unknown,[],0.0,LOW,no_basis,study/eye_irritation_rabbit,,,unknown,unknown,HIGH,source_filename,,RESEARCH_ONLY,not_registered,False,False,sds_partial,HIGH,source_filename,1.0,99.0,Imidacloprid,multi_4_6,low,partial,4.0,,
EyeIrritation6pack_PID81,Amtide Tebuconazole 45 WDG Fungicide,WDG,granule,pesticide/fungicide,concentrate,HIGH,name_explicit,UNKNOWN,[],['none_identified'],unknown,[],0.0,LOW,no_basis,study/eye_irritation_rabbit,,,unknown,unknown,HIGH,source_filename,,RESEARCH_ONLY,not_registered,False,False,sds_partial,HIGH,source_filename,98.5,1.5,Tebuconazole,single,very_high,approximate,1.0,,
EyeIrritation6pack_PID810,Reality 25,UNKNOWN,unknown,unknown,unknown,LOW,no_basis,UNKNOWN,[],['none_identified'],unknown,[],0.0,LOW,no_basis,study/eye_irritation_rabbit,,,unknown,unknown,HIGH,source_filename,,EU_REACH,not_registered,False,True,unknown,MEDIUM,reach_text,100.0,0.0,Free,single,very_high,exact,1.0,,
EyeIrritation6pack_PID811,RebelEx,UNKNOWN,powder,consumer_product,ready-to-use,MEDIUM,evidence_snippet,WARNING,['skin_sensitization_1'],['none_identified'],unknown,['H317'],2.0,HIGH,sds_section2,study/eye_irritation_rabbit,,,unknown,unknown,HIGH,source_filename,,RESEARCH_ONLY,not_registered,False,False,sds_full,HIGH,source_filename,10.0,90.0,Dibenzoyl peroxide,multi_4_6,low,exact,4.0,,
EyeIrritation6pack_PID812,Regent 500TS Insecticide,UNKNOWN,liquid,pesticide/insecticide,concentrate,HIGH,name_explicit,UNKNOWN,[],['none_identified'],unknown,[],0.0,LOW,no_basis,study/eye_irritation_rabbit,,,unknown,unknown,HIGH,source_filename,,RESEARCH_ONLY,not_registered,False,False,sds_full,HIGH,source_filename,3.3,96.7,Diacetone Alcohol,binary,low,exact,2.0,,
EyeIrritation6pack_PID813,Regiment Herbicide,DC,powder,pesticide/herbicide,concentrate,HIGH,name_explicit,UNKNOWN,[],['none_identified'],unknown,[],0.0,LOW,no_basis,study/eye_irritation_rabbit,,,unknown,unknown,HIGH,source_filename,59639-105,US_EPA,registered_active,False,False,epa_label,HIGH,epa_reg_found,80.0,20.0,Bispyribac-sodium,ternary,very_high,exact,3.0,,
EyeIrritation6pack_PID814,Reldan F,UNKNOWN,liquid,pesticide/insecticide,concentrate,MEDIUM,pattern_inferred,UNKNOWN,[],['none_identified'],unknown,[],0.0,LOW,no_basis,study/eye_irritation_rabbit,,,unknown,unknown,HIGH,source_filename,,RESEARCH_ONLY,not_registered,False,False,sds_partial,HIGH,source_filename,47.23,52.77,Chlorpyrifos-Methyl,multi_7p,high,approximate,5.0,,
EyeIrritation6pack_PID815,Report Herbicide,UNKNOWN,unknown,pesticide/herbicide,concentrate,HIGH,name_explicit,UNKNOWN,[],['none_identified'],unknown,[],0.0,LOW,no_basis,study/eye_irritation_rabbit,,,unknown,unknown,HIGH,source_filename,,RESEARCH_ONLY,not_registered,False,False,sds_partial,HIGH,source_filename,,,Aminocyclopyrachlor,binary,unknown,none,2.0,,
EyeIrritation6pack_PID816,Reserve Fungicide,UNKNOWN,liquid,pesticide/fungicide,concentrate,HIGH,name_explicit,UNKNOWN,[],['none_identified'],unknown,[],0.0,LOW,no_basis,study/eye_irritation_rabbit,,,unknown,unknown,HIGH,source_filename,,RESEARCH_ONLY,not_registered,False,False,sds_full,HIGH,source_filename,,,Chlorothalonil,binary,medium,none,2.0,,
EyeIrritation6pack_PID817,Revus Opti,UNKNOWN,liquid,pesticide/fungicide,concentrate,MEDIUM,pattern_inferred,UNKNOWN,[],['none_identified'],unknown,[],0.0,LOW,no_basis,study/eye_irritation_rabbit,,,unknown,unknown,HIGH,source_filename,,RESEARCH_ONLY,not_registered,True,,unknown,HIGH,source_filename,4.0,96.0,Mandipropamid,binary,ultra_low,partial,2.0,,
EyeIrritation6pack_PID818,Revus Top,UNKNOWN,liquid,pesticide/fungicide,concentrate,MEDIUM,pattern_inferred,NONE,[],['none_identified'],none,[],1.0,MEDIUM,snippet_keywords,study/eye_irritation_rabbit,,,unknown,unknown,HIGH,source_filename,,RESEARCH_ONLY,not_registered,True,,sds_full,HIGH,source_filename,1.0,99.0,mandipropamid (ISO),ternary,ultra_low,partial,3.0,,
EyeIrritation6pack_PID819,Ridomil Gold MZ WG,WG,granule,pesticide/fungicide,concentrate,HIGH,name_explicit,UNKNOWN,[],['none_identified'],unknown,[],0.0,LOW,no_basis,study/eye_irritation_rabbit,,,unknown,unknown,HIGH,source_filename,,RESEARCH_ONLY,not_registered,,,unknown,HIGH,source_filename,,,,multi_4_6,unknown,none,4.0,,
EyeIrritation6pack_PID822,Rocima 586,UNKNOWN,liquid,industrial_chemical,concentrate,MEDIUM,pattern_inferred,UNKNOWN,[],['none_identified'],unknown,[],0.0,LOW,snippet_keywords,study/eye_irritation_rabbit,,,unknown,unknown,HIGH,source_filename,,RESEARCH_ONLY,not_registered,False,,sds_full,HIGH,source_filename,11.5,88.5,Bronopol,multi_4_6,low,approximate,4.0,,
EyeIrritation6pack_PID827,Rotam 2F Ornamental Insecticide,UNKNOWN,liquid,pesticide/insecticide,concentrate,MEDIUM,evidence_snippet,DANGER,"['flammable_liquid_4', 'acute_toxicity_oral_4', 'acute_toxicity_inhalation_4', 'eye_irritation_2B', 'reproductive_toxicity_1', 'stot_single_3', 'aquatic_acute_1', 'aquatic_chronic_1']","['oral', 'inhalation']",aquatic_acute_and_chronic,"['H227', 'H302', 'H332', 'H320', 'H360', 'H335', 'H373', 'H400', 'H410']",5.0,HIGH,sds_section2,study/eye_irritation_rabbit,,,unknown,unknown,HIGH,source_filename,81300-5-83979,US_EPA,registered_active,True,False,epa_label,HIGH,epa_reg_found,,,Abamectin,binary,unknown,none,2.0,,
EyeIrritation6pack_PID828,Rotam Imidacloprid,EC,liquid,pesticide/insecticide,concentrate,HIGH,evidence_snippet,DANGER,"['acute_toxicity_oral_3', 'aquatic_acute_1', 'aquatic_chronic_1']",['oral'],aquatic_acute_and_chronic,"['H301', 'H400', 'H410']",5.0,HIGH,sds_section2,study/eye_irritation_rabbit,,,unknown,unknown,HIGH,source_filename,,EU_REACH,registered_active,False,True,sds_full,HIGH,reach_text,,,,binary,unknown,none,2.0,,
EyeIrritation6pack_PID829,ROTAM Methomyl 29LV Insecticide,SP,powder,pesticide/insecticide,concentrate,HIGH,evidence_snippet,UNKNOWN,[],['none_identified'],unknown,[],0.0,LOW,snippet_keywords,study/eye_irritation_rabbit,,,unknown,unknown,HIGH,source_filename,83100-28-83979,US_EPA,registered_active,True,False,sds_full,HIGH,epa_reg_found,90.0,10.0,Methomyl,single,very_high,exact,1.0,,
EyeIrritation6pack_PID830,Rotam Nicosulfuron,UNKNOWN,unknown,pesticide/herbicide,concentrate,LOW,pattern_inferred,UNKNOWN,"['skin_irritation_2', 'eye_damage_1', 'aquatic_acute_1', 'aquatic_chronic_1', 'aquatic_chronic_2']",['none_identified'],aquatic_acute_and_chronic,"['H315', 'H318', 'H400', 'H410', 'H411']",3.0,MEDIUM,snippet_keywords,study/eye_irritation_rabbit,,,unknown,unknown,HIGH,source_filename,,RESEARCH_ONLY,not_registered,False,False,sds_full,HIGH,source_filename,25.0,75.0,Nicosulfuron,multi_4_6,medium,partial,4.0,,
EyeIrritation6pack_PID831,Rotam Tebuconazole,UNKNOWN,liquid,pesticide/fungicide,concentrate,MEDIUM,pattern_inferred,UNKNOWN,[],['none_identified'],aquatic_chronic,[],2.0,MEDIUM,snippet_keywords,study/eye_irritation_rabbit,,,unknown,unknown,HIGH,source_filename,,RESEARCH_ONLY,not_registered,True,False,sds_full,HIGH,source_filename,2.0,98.0,Tebuconazole,ternary,ultra_low,partial,3.0,,
EyeIrritation6pack_PID832,Rotam Thifensulfuron-methyl,UNKNOWN,powder,pesticide/herbicide,concentrate,MEDIUM,pattern_inferred,UNKNOWN,[],['none_identified'],unknown,[],0.0,LOW,no_basis,study/eye_irritation_rabbit,,,unknown,unknown,HIGH,source_filename,,RESEARCH_ONLY,not_registered,False,False,sds_full,HIGH,source_filename,50.0,50.0,Thifensulfuron methyl,ternary,high,exact,3.0,,
EyeIrritation6pack_PID833,Roval Brand 75 WG Fungicide,WG,granule,pesticide/fungicide,concentrate,HIGH,name_explicit,UNKNOWN,[],['none_identified'],unknown,[],0.0,LOW,snippet_keywords,study/eye_irritation_rabbit,,,unknown,unknown,HIGH,source_filename,,RESEARCH_ONLY,not_registered,False,False,sds_full,HIGH,source_filename,50.0,50.0,Copper hydroxide,multi_4_6,high,partial,4.0,,
EyeIrritation6pack_PID834,Rugged Herbicide,UNKNOWN,liquid,pesticide/herbicide,concentrate,MEDIUM,pattern_inferred,UNKNOWN,[],['none_identified'],unknown,[],0.0,LOW,snippet_keywords,study/eye_irritation_rabbit,,,unknown,unknown,HIGH,source_filename,,RESEARCH_ONLY,not_registered,False,False,sds_partial,HIGH,source_filename,,,"2,4-Dichlorophenoxyacetic acid",binary,unknown,none,2.0,,
EyeIrritation6pack_PID835,RWH 34,UNKNOWN,powder,pesticide/fungicide,concentrate,MEDIUM,pattern_inferred,UNKNOWN,['skin_irritation_2'],['none_identified'],none,['H315'],2.0,MEDIUM,snippet_keywords,study/eye_irritation_rabbit,,,unknown,unknown,HIGH,source_filename,,RESEARCH_ONLY,not_registered,False,False,sds_full,HIGH,source_filename,99.0,1.0,Sulfur,single,very_high,exact,1.0,,
EyeIrritation6pack_PID837,S-3153 WDG Herbicide,WDG,granule,pesticide/herbicide,concentrate,HIGH,name_explicit,UNKNOWN,[],['none_identified'],unknown,[],0.0,LOW,snippet_keywords,study/eye_irritation_rabbit,,,unknown,unknown,HIGH,source_filename,,RESEARCH_ONLY,not_registered,False,False,sds_full,HIGH,source_filename,,,Potassium salt of glyphosate,single,unknown,none,1.0,,
EyeIrritation6pack_PID838,S-Metolachlor & Mesotrione,UNKNOWN,unknown,pesticide/herbicide,concentrate,MEDIUM,evidence_snippet,WARNING,"['skin_sensitisation_1', 'aquatic_acute_1', 'aquatic_chronic_1']",['none_identified'],aquatic_acute_and_chronic,"['H317', 'H400', 'H410']",3.0,HIGH,sds_section2,study/eye_irritation_rabbit,,,unknown,unknown,HIGH,source_filename,,EU_REACH,not_registered,False,False,sds_full,MEDIUM,reach_text,,,,binary,unknown,none,2.0,,
EyeIrritation6pack_PID839,Safari 2 G Insecticide,GR,granule,pesticide/insecticide,ready-to-use,HIGH,name_explicit,UNKNOWN,[],['none_identified'],unknown,[],0.0,LOW,snippet_keywords,study/eye_irritation_rabbit,,,unknown,unknown,HIGH,source_filename,,RESEARCH_ONLY,not_registered,False,False,sds_partial,HIGH,source_filename,11.0,89.0,Dinotefuran,binary,low,partial,2.0,,
EyeIrritation6pack_PID840,Safe-T green 18 Turf Fungicidal Nematicide,UNKNOWN,unknown,pesticide/fungicide,concentrate,LOW,pattern_inferred,NONE,[],['none_identified'],none,[],1.0,MEDIUM,snippet_keywords,study/eye_irritation_rabbit,,,unknown,unknown,HIGH,source_filename,,RESEARCH_ONLY,not_registered,False,False,sds_full,HIGH,source_filename,,,Carbon,single,unknown,none,1.0,,
EyeIrritation6pack_PID841,Safer Brand 3-in-1 Concentrate,UNKNOWN,liquid,pesticide/insecticide,concentrate,MEDIUM,evidence_snippet,WARNING,[],['none_identified'],unknown,[],2.0,MEDIUM,sds_section2,study/eye_irritation_rabbit,,,unknown,unknown,HIGH,source_filename,,RESEARCH_ONLY,not_registered,False,False,sds_full,HIGH,source_filename,0.5,99.5,"Oil, clove",binary,ultra_low,exact,2.0,,
EyeIrritation6pack_PID843,"Safer Brand Garden Fungicide, Insecticide & Miticide",RTU,liquid,pesticide/fungicide,ready-to-use,HIGH,evidence_snippet,CAUTION,[],['none_identified'],none,[],1.0,MEDIUM,label_precautionary,study/eye_irritation_rabbit,,,unknown,unknown,HIGH,source_filename,70051-13-39609,US_EPA,registered_active,True,False,epa_label,HIGH,epa_reg_found,0.9,99.1,Extract of Neem Oil,multi_4_6,ultra_low,exact,4.0,,
EyeIrritation6pack_PID844,Safer Garden Fungicide Ready to Use,RTU,liquid,pesticide/fungicide,ready-to-use,HIGH,name_explicit,NONE,[],['none_identified'],none,[],1.0,MEDIUM,sds_section2,study/eye_irritation_rabbit,,,unknown,unknown,HIGH,source_filename,,RESEARCH_ONLY,not_registered,False,False,sds_full,HIGH,source_filename,,,Clarified Hydrophobic Extract of Neem Oil,single,unknown,none,1.0,,
EyeIrritation6pack_PID852,Sativa,UNKNOWN,unknown,pesticide/fungicide,concentrate,LOW,pattern_inferred,UNKNOWN,[],['none_identified'],unknown,[],0.0,LOW,snippet_keywords,study/eye_irritation_rabbit,,,unknown,unknown,HIGH,source_filename,,RESEARCH_ONLY,not_registered,False,False,sds_full,HIGH,source_filename,,,Tebuconazole,binary,unknown,none,2.0,,
EyeIrritation6pack_PID853,Sativa IMF Max,UNKNOWN,liquid,pesticide/insecticide,concentrate,MEDIUM,pattern_inferred,UNKNOWN,[],['none_identified'],unknown,[],0.0,LOW,snippet_keywords,study/eye_irritation_rabbit,,,unknown,unknown,HIGH,source_filename,,RESEARCH_ONLY,not_registered,False,False,sds_full,HIGH,source_filename,,,Imidacloprid,multi_4_6,unknown,none,5.0,,
EyeIrritation6pack_PID854,Sativa IMX Max,EC,liquid,pharmaceutical,concentrate,HIGH,evidence_snippet,DANGER,"['flammable_liquid_3', 'acute_toxicity_oral_4', 'skin_irritation_2', 'eye_irritation_2', 'skin_sensitisation_1', 'aspiration_hazard_1', 'aquatic_acute_1', 'aquatic_chronic_1']",['oral'],aquatic_acute_and_chronic,"['H226', 'H302', 'H315', 'H319', 'H317', 'H304', 'H400', 'H410']",4.0,HIGH,sds_section2,study/eye_irritation_rabbit,,,unknown,unknown,HIGH,source_filename,,EU_REACH,registered_active,False,True,sds_full,HIGH,reach_text,,,(+-)-alpha-Pinene,multi_7p,unknown,none,5.0,,
EyeIrritation6pack_PID856,SC 480 Herbicide,SC,suspension,pesticide/herbicide,concentrate,HIGH,name_explicit,UNKNOWN,[],['none_identified'],unknown,[],0.0,LOW,snippet_keywords,study/eye_irritation_rabbit,,,unknown,unknown,HIGH,source_filename,,RESEARCH_ONLY,not_registered,False,False,sds_full,HIGH,source_filename,,,Metribuzin (ISO),single,unknown,none,1.0,,
EyeIrritation6pack_PID857,Scala brand SC Pyrimenthanil,SC,suspension,pesticide/fungicide,concentrate,HIGH,name_explicit,UNKNOWN,[],['none_identified'],unknown,[],0.0,LOW,snippet_keywords,study/eye_irritation_rabbit,,,unknown,unknown,HIGH,source_filename,,EU_REACH,registered_active,False,False,sds_full,MEDIUM,reach_text,,,Pyrimethanil,ternary,unknown,none,3.0,,
EyeIrritation6pack_PID86,Apogee,UNKNOWN,unknown,unknown,unknown,LOW,no_basis,NONE,"['oxidizing_solid_1', 'acute_toxicity_oral_4']",['oral'],none,"['H271', 'H302']",3.0,HIGH,snippet_keywords,study/eye_irritation_rabbit,,,unknown,unknown,HIGH,source_filename,,RESEARCH_ONLY,not_registered,False,False,sds_full,HIGH,source_filename,45.0,55.0,potassium perchlorate,single,medium,approximate,1.0,MEDIUM,workbook_pct
EyeIrritation6pack_PID860,Scimitar GR Insecticide,CS,suspension,pesticide/insecticide,concentrate,HIGH,sec_explicit,CAUTION,['carcinogenicity_unspecified'],"['inhalation', 'dermal', 'oral']",unknown,[],2.0,MEDIUM,sds_section2,study/eye_irritation_rabbit,,,unknown,unknown,HIGH,source_filename,100-1078,US_EPA,registered_active,True,False,sds_full,HIGH,epa_reg_found,13.2,86.8,Lambda-Cyhalothrin,multi_4_6,medium,exact,4.0,HIGH,workbook_pct
EyeIrritation6pack_PID861,Scorpion Insecticide,UNKNOWN,liquid,pesticide/insecticide,unknown,MEDIUM,name_explicit,UNKNOWN,[],['none_identified'],unknown,[],0.0,LOW,no_basis,study/eye_irritation_rabbit,,,unknown,unknown,HIGH,source_filename,,RESEARCH_ONLY,not_registered,False,False,sds_full,HIGH,source_filename,,,Prallethrin,multi_4_6,unknown,none,4.0,LOW,no_basis
EyeIrritation6pack_PID863,Secure Dry Insecticide,UNKNOWN,powder,pesticide/insecticide,unknown,MEDIUM,name_explicit,NONE,"['flammable_aerosol_unspecified', 'eye_irritation_2']",['none_identified'],none,[],1.0,MEDIUM,sds_section2,study/eye_irritation_rabbit,,,unknown,unknown,HIGH,source_filename,,RESEARCH_ONLY,not_registered,False,False,sds_full,HIGH,source_filename,10.0,51.5,DEET,multi_4_6,medium,exact,4.0,HIGH,workbook_pct
EyeIrritation6pack_PID865,Sedaxane,UNKNOWN,unknown,pesticide/fungicide,unknown,MEDIUM,evidence_snippet,WARNING,"['carcinogenicity_2', 'stot_single_2', 'respiratory_irritation_3', 'eye_irritation_2B']",['inhalation'],unknown,[],3.0,HIGH,sds_section2,study/eye_irritation_rabbit,,,unknown,unknown,HIGH,source_filename,100-1527,US_EPA,registered_active,True,False,epa_label,HIGH,epa_reg_found,,,Sedaxane,unknown,unknown,none,1.0,LOW,name_inference
EyeIrritation6pack_PID866,Sedaxane 50FS A16148C,FS,suspension,pesticide/fungicide,concentrate,HIGH,name_explicit,UNKNOWN,[],['none_identified'],unknown,[],0.0,LOW,no_basis,study/eye_irritation_rabbit,,,unknown,unknown,HIGH,source_filename,,RESEARCH_ONLY,not_registered,False,False,product_page,HIGH,source_filename,,,Sedaxane,single,unknown,none,1.0,MEDIUM,name_inference
EyeIrritation6pack_PID867,Senator 600 FS,FS,suspension,pesticide/insecticide,concentrate,HIGH,name_explicit,UNKNOWN,[],['none_identified'],unknown,[],0.0,LOW,no_basis,study/eye_irritation_rabbit,,,unknown,unknown,HIGH,source_filename,,RESEARCH_ONLY,not_registered,False,False,sds_full,HIGH,source_filename,,,Imidacloprid,binary,unknown,none,2.0,MEDIUM,source_text
EyeIrritation6pack_PID868,Sergeants Fipronil + Etofenprox + Methoprene Spot-On for Cats,UNKNOWN,liquid,pesticide/insecticide,ready-to-use,MEDIUM,pattern_inferred,UNKNOWN,[],['none_identified'],unknown,[],0.0,LOW,no_basis,study/eye_irritation_rabbit,,,unknown,unknown,HIGH,source_filename,,RESEARCH_ONLY,not_registered,False,False,product_page,HIGH,source_filename,,,Fipronil,single,unknown,none,1.0,MEDIUM,name_inference
EyeIrritation6pack_PID869,Sharda Glyphosate,SL,liquid,pesticide/herbicide,concentrate,HIGH,sec_explicit,NONE,['aquatic_chronic_2'],['none_identified'],aquatic_chronic,['H411'],2.0,HIGH,sds_section2,study/eye_irritation_rabbit,,,unknown,unknown,HIGH,source_filename,,EU_REACH,unknown,False,True,sds_full,MEDIUM,reach_text,43.0,57.0,Glyphosate isopropylamine salt,binary,high,approximate,2.0,HIGH,workbook_pct
EyeIrritation6pack_PID87,Aproach Fungicide,UNKNOWN,liquid,pesticide/fungicide,concentrate,MEDIUM,name_explicit,UNKNOWN,[],['none_identified'],unknown,[],0.0,LOW,no_basis,study/eye_irritation_rabbit,,,unknown,unknown,HIGH,source_filename,,RESEARCH_ONLY,not_registered,False,False,sds_full,HIGH,source_filename,25.11,74.89,Picoxystrobin,multi_4_6,medium,exact,4.0,HIGH,workbook_pct
EyeIrritation6pack_PID870,Sharpen powered by Kixor Herbicide,UNKNOWN,powder,pesticide/herbicide,concentrate,MEDIUM,name_explicit,DANGER,"['eye_damage_1', 'acute_toxicity_oral_4', 'acute_toxicity_inhalation_4', 'acute_toxicity_dermal_5', 'stot_single_3', 'aquatic_acute_3', 'aquatic_chronic_3']","['oral', 'inhalation', 'dermal']",aquatic_chronic,"['H319', 'H402', 'H412', 'H318', 'H313', 'H335']",4.0,HIGH,snippet_keywords,study/eye_irritation_rabbit,,,unknown,unknown,HIGH,source_filename,,RESEARCH_ONLY,not_registered,False,False,sds_full,HIGH,source_filename,98.0,2.0,Saflufenacil,ternary,very_high,exact,3.0,HIGH,workbook_pct
EyeIrritation6pack_PID871,Shelter Island Plus,UNKNOWN,liquid,industrial_chemical,ready-to-use,MEDIUM,evidence_snippet,DANGER,"['flammable_liquid_3', 'acute_toxicity_oral_4', 'aspiration_hazard_1', 'aquatic_chronic_1', 'aquatic_acute_1', 'skin_sensitization_1', 'carcinogenicity_1A']",['oral'],aquatic_acute_and_chronic,"['H226', 'H302', 'H304', 'H410', 'H400', 'H317', 'H350']",5.0,HIGH,sds_section2,study/eye_irritation_rabbit,,,unknown,unknown,HIGH,source_filename,,RESEARCH_ONLY,not_registered,False,False,sds_full,HIGH,source_filename,29.5,12.0,Xylene,multi_4_6,medium,approximate,5.0,MEDIUM,workbook_pct
EyeIrritation6pack_PID873,Shield Herbicide,UNKNOWN,liquid,pesticide/herbicide,concentrate,MEDIUM,name_explicit,WARNING,"['aquatic_chronic_1', 'carcinogenicity_1B', 'stot_repeated_1', 'aquatic_acute_1']",['none_identified'],aquatic_acute_and_chronic,"['H410', 'H350', 'H372', 'H400']",5.0,HIGH,sds_section2,study/eye_irritation_rabbit,,,unknown,unknown,HIGH,source_filename,,EU_REACH,unknown,False,True,sds_full,MEDIUM,reach_text,,,Clopyralid-olamine,binary,unknown,none,2.0,MEDIUM,source_text
EyeIrritation6pack_PID874,Shooter Insecticide,UNKNOWN,liquid,pesticide/insecticide,ready-to-use,MEDIUM,name_explicit,UNKNOWN,[],['none_identified'],unknown,[],0.0,LOW,no_basis,study/eye_irritation_rabbit,,,unknown,unknown,HIGH,source_filename,,RESEARCH_ONLY,not_registered,False,False,sds_full,HIGH,source_filename,35.0,65.0,Propane/n-Butane,single,medium,approximate,1.0,MEDIUM,workbook_pct
EyeIrritation6pack_PID875,Sigma Ecol HS Antifouling Paint,UNKNOWN,liquid,industrial_chemical,ready-to-use,MEDIUM,pattern_inferred,UNKNOWN,[],['none_identified'],unknown,[],0.0,LOW,no_basis,study/eye_irritation_rabbit,,,unknown,unknown,HIGH,source_filename,,RESEARCH_ONLY,not_registered,False,False,sds_full,HIGH,source_filename,69.3,30.7,dicopper oxide,multi_7p,medium,exact,5.0,HIGH,workbook_pct
EyeIrritation6pack_PID876,Silent,UNKNOWN,unknown,unknown,unknown,LOW,no_basis,UNKNOWN,[],['none_identified'],unknown,[],0.0,LOW,no_basis,study/eye_irritation_rabbit,,,unknown,unknown,HIGH,source_filename,,UNKNOWN,unknown,,False,unknown,LOW,no_basis,0.1,99.9,,single,ultra_low,exact,1.0,LOW,workbook_pct
EyeIrritation6pack_PID877,Smacker Bait,UNKNOWN,unknown,pesticide/rodenticide,ready-to-use,MEDIUM,name_explicit,UNKNOWN,[],['none_identified'],unknown,[],0.0,LOW,no_basis,study/eye_irritation_rabbit,,,unknown,unknown,HIGH,source_filename,,UNKNOWN,unknown,,False,unknown,LOW,no_basis,,,,unknown,unknown,inconsistent,1.0,LOW,no_basis
EyeIrritation6pack_PID891,SOLIDA GRANDE Herbicide,UNKNOWN,unknown,pesticide/herbicide,unknown,MEDIUM,name_explicit,UNKNOWN,[],['none_identified'],unknown,[],0.0,LOW,no_basis,study/eye_irritation_rabbit,,,unknown,unknown,HIGH,source_filename,,RESEARCH_ONLY,not_registered,False,False,sds_full,HIGH,source_filename,,,Rimsulfuron,single,unknown,none,1.0,MEDIUM,name_inference
EyeIrritation6pack_PID892,SP1037,UNKNOWN,unknown,research_compound,unknown,MEDIUM,pattern_inferred,UNKNOWN,[],['none_identified'],unknown,[],0.0,LOW,no_basis,study/eye_irritation_rabbit,,,unknown,unknown,HIGH,source_filename,,UNKNOWN,unknown,,False,unknown,LOW,no_basis,,,,unknown,unknown,none,1.0,LOW,no_basis
EyeIrritation6pack_PID893,SP5411,UNKNOWN,unknown,research_compound,unknown,MEDIUM,pattern_inferred,UNKNOWN,[],['none_identified'],unknown,[],0.0,LOW,no_basis,study/eye_irritation_rabbit,,,unknown,unknown,HIGH,source_filename,,RESEARCH_ONLY,not_registered,,False,chemblink_sigma,HIGH,source_filename,,,Enniatin B,single,unknown,none,1.0,MEDIUM,name_inference
EyeIrritation6pack_PID896,Spirodiclofen,UNKNOWN,unknown,pesticide/insecticide,unknown,MEDIUM,pattern_inferred,UNKNOWN,[],['none_identified'],unknown,[],0.0,LOW,no_basis,study/eye_irritation_rabbit,,,unknown,unknown,HIGH,source_filename,,RESEARCH_ONLY,not_registered,,False,sds_partial,MEDIUM,source_filename,,,Spirodiclofen,single,unknown,none,1.0,MEDIUM,name_inference
EyeIrritation6pack_PID897,Spirotetramet,UNKNOWN,unknown,pesticide/insecticide,unknown,MEDIUM,pattern_inferred,UNKNOWN,[],['none_identified'],unknown,[],0.0,LOW,no_basis,study/eye_irritation_rabbit,,,unknown,unknown,HIGH,source_filename,,EU_REACH,unknown,,True,sds_full,MEDIUM,reach_text,,,spirotetramat,binary,unknown,none,2.0,MEDIUM,source_text
EyeIrritation6pack_PID899,Spiroxamine (KWG 4168),UNKNOWN,unknown,pesticide/fungicide,unknown,MEDIUM,pattern_inferred,UNKNOWN,[],['none_identified'],unknown,[],0.0,LOW,no_basis,study/eye_irritation_rabbit,,,unknown,unknown,HIGH,source_filename,,RESEARCH_ONLY,not_registered,False,False,sds_full,HIGH,source_filename,,,spiroxamine,single,unknown,none,1.0,MEDIUM,name_inference
EyeIrritation6pack_PID900,Splat-Mat ME,UNKNOWN,liquid,industrial_chemical,ready-to-use,MEDIUM,pattern_inferred,UNKNOWN,[],['none_identified'],unknown,[],0.0,LOW,no_basis,study/eye_irritation_rabbit,,,unknown,unknown,HIGH,source_filename,,RESEARCH_ONLY,not_registered,False,False,sds_full,HIGH,source_filename,,,DIPROPYLENE GLYCOL METHYL ETHER ACETATE,multi_7p,unknown,partial,5.0,LOW,workbook_pct
EyeIrritation6pack_PID901,Sporgard WB,UNKNOWN,liquid,wood_preservative,ready-to-use,MEDIUM,name_explicit,UNKNOWN,[],['none_identified'],unknown,[],0.0,LOW,no_basis,study/eye_irritation_rabbit,,,unknown,unknown,HIGH,source_filename,,RESEARCH_ONLY,not_registered,False,False,unknown,MEDIUM,source_filename,,,,multi_4_6,unknown,inconsistent,4.0,LOW,workbook_pct
EyeIrritation6pack_PID903,Starane NXT Herbicide,UNKNOWN,liquid,pesticide/herbicide,concentrate,MEDIUM,name_explicit,UNKNOWN,[],[],unknown,[],0.0,LOW,no_basis,study/eye_irritation_rabbit,,,unknown,unknown,HIGH,source_filename,,RESEARCH_ONLY,not_registered,,,sds_full,HIGH,source_filename,45.52,52.72,Fluoroxypyr-meptyl (ISO),multi_4_6,medium,approximate,4.0,HIGH,workbook_pct
EyeIrritation6pack_PID905,"Storicide II Grain, Bin and Warehouse Insecticide",UNKNOWN,liquid,pesticide/insecticide,concentrate,HIGH,name_explicit,UNKNOWN,[],[],unknown,[],0.0,LOW,snippet_keywords,study/eye_irritation_rabbit,,,unknown,unknown,HIGH,source_filename,,RESEARCH_ONLY,not_registered,False,False,sds_full,HIGH,source_filename,1.0,,Chlorpyrifos-methyl,multi_7p,ultra_low,partial,5.0,LOW,workbook_pct
EyeIrritation6pack_PID907,Strada XT,WG,powder,pesticide/herbicide,concentrate,MEDIUM,pattern_inferred,UNKNOWN,[],[],unknown,[],0.0,LOW,snippet_keywords,study/eye_irritation_rabbit,,,unknown,unknown,HIGH,source_filename,,RESEARCH_ONLY,not_registered,False,False,sds_full,HIGH,source_filename,80.0,0.0,"Benzamide, 2-[[[[[(4,6-dimethoxy-2",multi_4_6,very_high,exact,4.0,MEDIUM,workbook_pct
EyeIrritation6pack_PID908,Stratego 731 Fungicide,UNKNOWN,liquid,pesticide/fungicide,concentrate,HIGH,name_explicit,UNKNOWN,[],[],unknown,[],0.0,LOW,snippet_keywords,study/eye_irritation_rabbit,,,unknown,unknown,HIGH,source_filename,,RESEARCH_ONLY,not_registered,False,False,sds_full,HIGH,source_filename,2.0,,Trifloxystrobin,ternary,low,partial,3.0,LOW,workbook_pct
EyeIrritation6pack_PID914,Sumione,UNKNOWN,unknown,unknown,unknown,LOW,no_basis,UNKNOWN,[],[],unknown,[],0.0,LOW,no_basis,study/eye_irritation_rabbit,,,unknown,unknown,HIGH,source_filename,,UNKNOWN,unknown,,,unknown,LOW,no_basis,,,,binary,unknown,inconsistent,1.0,LOW,no_basis
EyeIrritation6pack_PID915,Super K-Gro Malathion 50 Insect Spray,UNKNOWN,liquid,pesticide/insecticide,concentrate,MEDIUM,name_explicit,UNKNOWN,['eye_irritation_2'],[],unknown,[],2.0,MEDIUM,snippet_keywords,study/eye_irritation_rabbit,,,unknown,unknown,HIGH,source_filename,,RESEARCH_ONLY,not_registered,False,False,sds_partial,MEDIUM,source_filename,,,,single,unknown,none,1.0,LOW,no_basis
EyeIrritation6pack_PID916,Superfine Wettable Sulphur,WP,powder,pesticide/fungicide,concentrate,HIGH,name_explicit,WARNING,"['skin_irritation_2', 'eye_irritation_2', 'stot_single_3']",['oral'],none,"['H315', 'H290', 'H303', 'H316', 'H320', 'H335']",3.0,HIGH,sds_section2,study/eye_irritation_rabbit,,,unknown,unknown,HIGH,source_filename,,RESEARCH_ONLY,not_registered,False,False,sds_full,HIGH,source_filename,16.0,,Sulfur,single,medium,exact,1.0,MEDIUM,workbook_pct
EyeIrritation6pack_PID917,Supremacy Herbicide,UNKNOWN,liquid,pesticide/herbicide,concentrate,HIGH,name_explicit,UNKNOWN,[],[],unknown,[],0.0,LOW,snippet_keywords,study/eye_irritation_rabbit,,,unknown,unknown,HIGH,source_filename,,RESEARCH_ONLY,not_registered,False,False,sds_full,HIGH,source_filename,1.0,,Sulfentrazone,multi_4_6,ultra_low,partial,4.0,LOW,workbook_pct
EyeIrritation6pack_PID918,Suprend,UNKNOWN,unknown,unknown,unknown,LOW,no_basis,UNKNOWN,[],[],unknown,[],0.0,LOW,no_basis,study/eye_irritation_rabbit,,,unknown,unknown,HIGH,source_filename,,EU_REACH,unknown,,True,unknown,MEDIUM,reach_text,,,,single,unknown,none,1.0,LOW,no_basis
EyeIrritation6pack_PID919,SVP8,UNKNOWN,unknown,unknown,unknown,LOW,no_basis,UNKNOWN,[],[],unknown,[],0.0,LOW,no_basis,study/eye_irritation_rabbit,,,unknown,unknown,HIGH,source_filename,,UNKNOWN,unknown,,,unknown,LOW,no_basis,,,,binary,unknown,none,1.0,LOW,no_basis
EyeIrritation6pack_PID920,Swagger,UNKNOWN,liquid,pesticide/insecticide,concentrate,MEDIUM,pattern_inferred,DANGER,"['eye_damage_1', 'skin_corrosion_1']","['oral', 'dermal']",unknown,[],4.0,HIGH,sds_section2,study/eye_irritation_rabbit,,,unknown,unknown,HIGH,source_filename,,RESEARCH_ONLY,not_registered,False,False,sds_full,HIGH,source_filename,13.4,,Bifenthrin,ternary,low,exact,3.0,HIGH,workbook_pct
EyeIrritation6pack_PID922,Switch 62.5 WG,WG,granule,pesticide/fungicide,concentrate,HIGH,name_explicit,UNKNOWN,[],[],unknown,[],0.0,LOW,snippet_keywords,study/eye_irritation_rabbit,,,unknown,unknown,HIGH,source_filename,,RESEARCH_ONLY,not_registered,False,False,sds_full,HIGH,source_filename,62.5,,Silica,ternary,very_high,partial,3.0,MEDIUM,workbook_pct
EyeIrritation6pack_PID923,SYN 1219 Herbicide,UNKNOWN,liquid,pesticide/herbicide,concentrate,HIGH,name_explicit,UNKNOWN,[],[],unknown,[],0.0,LOW,snippet_keywords,study/eye_irritation_rabbit,,,unknown,unknown,HIGH,source_filename,,RESEARCH_ONLY,not_registered,False,False,sds_full,HIGH,source_filename,66.0,,Isopropyl Alcohol R11,binary,very_high,exact,2.0,HIGH,workbook_pct
EyeIrritation6pack_PID924,Synguard Multi G,UNKNOWN,liquid,industrial_chemical,concentrate,MEDIUM,pattern_inferred,UNKNOWN,[],[],unknown,[],0.0,LOW,snippet_keywords,study/eye_irritation_rabbit,,,unknown,unknown,HIGH,source_filename,,RESEARCH_ONLY,not_registered,False,False,sds_full,HIGH,source_filename,36.0,,Diphenylmethanediisocyanate,ternary,high,exact,3.0,HIGH,workbook_pct
EyeIrritation6pack_PID926,T-Methyl G-Pro 50 WSB Fungicide,UNKNOWN,liquid,pesticide/fungicide,concentrate,MEDIUM,evidence_snippet,WARNING,"['eye_irritation_2', 'acute_toxicity_oral_4', 'acute_toxicity_inhalation_4', 'acute_toxicity_dermal_4']","['oral', 'dermal', 'inhalation']",unknown,[],3.0,MEDIUM,sds_section2,study/eye_irritation_rabbit,,,unknown,unknown,HIGH,source_filename,,RESEARCH_ONLY,not_registered,True,False,sds_full,HIGH,source_filename,,,,single,ultra_low,approximate,1.0,LOW,workbook_pct
EyeIrritation6pack_PID928,Tandem CS,CS,suspension,pesticide/herbicide,concentrate,HIGH,name_explicit,UNKNOWN,[],[],unknown,[],0.0,LOW,snippet_keywords,study/eye_irritation_rabbit,,,unknown,unknown,HIGH,source_filename,,RESEARCH_ONLY,not_registered,True,False,sds_full,HIGH,source_filename,,,MCPB sodium salt,binary,unknown,none,2.0,LOW,no_basis
EyeIrritation6pack_PID932,TC-314,EC,liquid,industrial_chemical,concentrate,HIGH,evidence_snippet,DANGER,"['skin_corrosion_1A', 'stot_single_3', 'aquatic_acute_1', 'aquatic_chronic_1']",[],aquatic_acute_and_chronic,"['H314', 'H335', 'H400', 'H410']",4.0,HIGH,sds_section2,study/eye_irritation_rabbit,,,unknown,unknown,HIGH,source_filename,,EU_REACH,registered_active,False,True,sds_full,HIGH,reach_text,1.0,,Trichloroacetic Acid,single,ultra_low,partial,1.0,MEDIUM,workbook_pct
EyeIrritation6pack_PID933,TC-317,UNKNOWN,powder,industrial_chemical,unknown,MEDIUM,pattern_inferred,DANGER,[],[],unknown,[],3.0,MEDIUM,snippet_keywords,study/eye_irritation_rabbit,,,unknown,unknown,HIGH,source_filename,,RESEARCH_ONLY,not_registered,False,False,sds_full,HIGH,source_filename,92.0,,"Silica, amorphous",multi_4_6,very_high,exact,4.0,HIGH,workbook_pct
EyeIrritation6pack_PID934,TC-320,UNKNOWN,liquid,industrial_chemical,concentrate,LOW,pattern_inferred,UNKNOWN,[],[],unknown,[],0.0,LOW,snippet_keywords,study/eye_irritation_rabbit,,,unknown,unknown,HIGH,source_filename,,RESEARCH_ONLY,not_registered,False,False,sds_full,HIGH,source_filename,,,Zinc alkyl dithiophosphate,single,low,approximate,1.0,MEDIUM,source_text
EyeIrritation6pack_PID935,TC 218,UNKNOWN,powder,research_compound,unknown,LOW,pattern_inferred,UNKNOWN,[],[],unknown,[],0.0,LOW,snippet_keywords,study/eye_irritation_rabbit,,,unknown,unknown,HIGH,source_filename,,EU_REACH,unknown,False,True,sds_full,HIGH,reach_text,95.0,,Direct blue,binary,very_high,approximate,2.0,MEDIUM,workbook_pct
EyeIrritation6pack_PID936,TC 240,UNKNOWN,liquid,industrial_chemical,ready-to-use,MEDIUM,evidence_snippet,DANGER,"['flammable_gas_1', 'eye_irritation_2', 'stot_single_3', 'aquatic_acute_1', 'aquatic_chronic_1']",[],aquatic_acute_and_chronic,"['H222', 'H229', 'H315', 'H319', 'H336', 'H410']",4.0,HIGH,sds_section2,study/eye_irritation_rabbit,,,unknown,unknown,HIGH,source_filename,,EU_REACH,registered_active,False,True,sds_full,HIGH,reach_text,,,"Hydrocarbons, C3-4",multi_4_6,medium,approximate,4.0,LOW,source_text
EyeIrritation6pack_PID937,TC 246,UNKNOWN,liquid,pesticide/other,concentrate,MEDIUM,pattern_inferred,WARNING,['aquatic_acute_2'],[],aquatic_acute,[],2.0,MEDIUM,snippet_keywords,study/eye_irritation_rabbit,,,unknown,unknown,HIGH,source_filename,,RESEARCH_ONLY,not_registered,True,False,sds_full,HIGH,source_filename,23.5,76.5,"Mepiquat Chloride: N,N-",binary,medium,exact,2.0,HIGH,workbook_pct
EyeIrritation6pack_PID938,TC 249,UNKNOWN,unknown,research_compound,unknown,LOW,no_basis,UNKNOWN,[],[],unknown,[],0.0,LOW,snippet_keywords,study/eye_irritation_rabbit,,,unknown,unknown,HIGH,source_filename,,RESEARCH_ONLY,not_registered,False,False,sds_full,HIGH,source_filename,,,,single,unknown,none,1.0,LOW,no_basis
EyeIrritation6pack_PID940,TC 281,UNKNOWN,liquid,industrial_chemical,unknown,LOW,pattern_inferred,UNKNOWN,[],[],unknown,[],0.0,LOW,no_basis,study/eye_irritation_rabbit,,,unknown,unknown,HIGH,source_filename,,UNKNOWN,unknown,,,unknown,LOW,no_basis,,,2-Amino-2-methyl-1-propanol,single,unknown,none,1.0,LOW,no_basis
EyeIrritation6pack_PID946,Tebuconazole 45 WP,WP,powder,pesticide/fungicide,concentrate,HIGH,name_explicit,UNKNOWN,[],[],unknown,[],0.0,LOW,snippet_keywords,study/eye_irritation_rabbit,,,unknown,unknown,HIGH,source_filename,,RESEARCH_ONLY,not_registered,False,False,sds_full,HIGH,source_filename,1.0,,Tebuconazole,single,ultra_low,partial,1.0,MEDIUM,workbook_pct
EyeIrritation6pack_PID951,Tebuconazole Fungicide(96.3%),UNKNOWN,powder,pesticide/fungicide,concentrate,MEDIUM,name_explicit,UNKNOWN,[],[],unknown,[],0.0,LOW,no_basis,study/eye_irritation_rabbit,,,unknown,unknown,HIGH,source_filename,,RESEARCH_ONLY,not_registered,,,unknown,HIGH,source_filename,96.3,3.7,"1-(4-chlorophenyl)-4,4-dimethyl-3-(1,2,4-triazol-1-ylmethyl)pentan-3-ol",binary,very_high,none,2.0,MEDIUM,name_inference
EyeIrritation6pack_PID952,Tebuconazole Fungicide(97%),UNKNOWN,powder,pesticide/fungicide,concentrate,MEDIUM,name_explicit,UNKNOWN,['eye_irritation_2'],[],unknown,[],2.0,LOW,snippet_keywords,study/eye_irritation_rabbit,,,unknown,unknown,HIGH,source_filename,,RESEARCH_ONLY,not_registered,False,,sds_partial,HIGH,source_filename,98.5,1.5,Tebuconazole,single,very_high,approximate,1.0,HIGH,workbook_pct
EyeIrritation6pack_PID953,Tebuconazole Fungicide(97.4%),UNKNOWN,powder,pesticide/fungicide,concentrate,MEDIUM,name_explicit,UNKNOWN,[],[],unknown,[],0.0,LOW,no_basis,study/eye_irritation_rabbit,,,unknown,unknown,HIGH,source_filename,,RESEARCH_ONLY,not_registered,,,unknown,HIGH,source_filename,16.0,84.0,Tebuconazole,single,medium,exact,1.0,HIGH,workbook_pct
EyeIrritation6pack_PID955,Tebuject 16,UNKNOWN,liquid,pesticide/fungicide,concentrate,MEDIUM,pattern_inferred,CAUTION,[],[],unknown,[],1.0,MEDIUM,label_precautionary,study/eye_irritation_rabbit,,,unknown,unknown,HIGH,source_filename,,RESEARCH_ONLY,not_registered,True,,sds_partial,HIGH,source_filename,16.0,84.0,Tebuconazole Technical,binary,medium,partial,2.0,MEDIUM,workbook_pct
EyeIrritation6pack_PID956,Techfilter,UNKNOWN,liquid,industrial_chemical,concentrate,LOW,pattern_inferred,UNKNOWN,[],[],unknown,[],0.0,LOW,no_basis,study/eye_irritation_rabbit,,,unknown,unknown,HIGH,source_filename,,RESEARCH_ONLY,not_registered,False,,sds_full,HIGH,source_filename,20.0,80.0,Glycolic Acid,single,medium,approximate,1.0,MEDIUM,workbook_pct
EyeIrritation6pack_PID96,ARY 0452-110 Herbicide,UNKNOWN,unknown,pesticide/herbicide,unknown,MEDIUM,name_explicit,UNKNOWN,"['acute_toxicity_oral_4', 'skin_irritation_2', 'eye_damage_1', 'aquatic_chronic_2', 'aquatic_chronic_3']",['oral'],aquatic_chronic,"['H302', 'H315', 'H318', 'H411', 'H412']",3.0,HIGH,snippet_keywords,study/eye_irritation_rabbit,,,unknown,unknown,HIGH,source_filename,,EU_REACH,not_registered,False,True,sds_full,HIGH,reach_text,,,Glyphosate potassium,single,unknown,none,1.0,LOW,no_basis
EyeIrritation6pack_PID960,Tempo 0.1 Granular Insecticide,GR,granule,pesticide/insecticide,ready-to-use,HIGH,name_explicit,DANGER,"['acute_toxicity_oral_4', 'carcinogenicity_1B', 'lactation']",['oral'],none,"['H302', 'H350', 'H362']",5.0,HIGH,sds_section2,study/eye_irritation_rabbit,,,unknown,unknown,HIGH,source_filename,,RESEARCH_ONLY,not_registered,True,,sds_full,HIGH,source_filename,1.0,99.0,beta-Cyfluthrin (ISO),multi_4_6,ultra_low,partial,4.0,MEDIUM,workbook_pct
EyeIrritation6pack_PID961,Terbuthylazine,UNKNOWN,powder,pesticide/herbicide,concentrate,LOW,pattern_inferred,UNKNOWN,[],[],unknown,[],0.0,LOW,snippet_keywords,study/eye_irritation_rabbit,,,unknown,unknown,HIGH,source_filename,,RESEARCH_ONLY,not_registered,False,,sds_full,HIGH,source_filename,,,Terbuthylazine,binary,unknown,none,2.0,LOW,no_basis
EyeIrritation6pack_PID962,Termidor Dry Termiticide,UNKNOWN,powder,pesticide/insecticide,concentrate,MEDIUM,name_explicit,UNKNOWN,"['acute_toxicity_inhalation_2', 'acute_toxicity_oral_3', 'acute_toxicity_dermal_3', 'stot_repeated_1', 'aquatic_acute_1', 'aquatic_chronic_1']","['oral', 'dermal', 'inhalation']",both,[],5.0,HIGH,snippet_keywords,study/eye_irritation_rabbit,,,unknown,unknown,HIGH,source_filename,,RESEARCH_ONLY,not_registered,False,,sds_full,HIGH,source_filename,0.5,99.5,Fipronil,single,ultra_low,exact,1.0,HIGH,workbook_pct
EyeIrritation6pack_PID965,Tetrasan 5 WDG,WDG,granule,pesticide/insecticide,concentrate,HIGH,name_explicit,UNKNOWN,['acute_toxicity_inhalation_4'],['inhalation'],unknown,[],2.0,MEDIUM,sds_section2,study/eye_irritation_rabbit,,,unknown,unknown,HIGH,source_filename,,RESEARCH_ONLY,not_registered,False,,sds_full,HIGH,source_filename,,,Etoxazole,ternary,unknown,none,3.0,LOW,no_basis
EyeIrritation6pack_PID966,Texan Glyphosate,UNKNOWN,liquid,pesticide/herbicide,concentrate,HIGH,evidence_snippet,DANGER,"['eye_damage_1', 'aquatic_chronic_2']",[],aquatic_chronic,"['H318', 'H411']",3.0,HIGH,sds_section2,study/eye_irritation_rabbit,,,unknown,unknown,HIGH,source_filename,,RESEARCH_ONLY,not_registered,False,,sds_full,HIGH,source_filename,35.0,65.0,Glyphosate (ISO),single,medium,approximate,1.0,HIGH,workbook_pct
EyeIrritation6pack_PID967,The Andersons 0.058% Bifenthrin + 0.115% Imidacloprid Insecticide with Fertilizer,GR,granule,pesticide/insecticide,ready-to-use,HIGH,name_explicit,UNKNOWN,[],[],unknown,[],0.0,LOW,no_basis,study/eye_irritation_rabbit,,,unknown,unknown,HIGH,source_filename,,RESEARCH_ONLY,not_registered,,,product_page,HIGH,source_filename,0.173,99.827,Imidacloprid,ternary,ultra_low,partial,3.0,MEDIUM,name_inference
EyeIrritation6pack_PID968,The Andersons 0.077% Bifenthrin + 0.155% Imidacloprid Granular Insecticide,GR,granule,pesticide/insecticide,ready-to-use,HIGH,name_explicit,UNKNOWN,[],[],unknown,[],0.0,LOW,no_basis,study/eye_irritation_rabbit,,,unknown,unknown,HIGH,source_filename,,RESEARCH_ONLY,not_registered,False,,sds_partial,HIGH,source_filename,,,Bifenthrin Talstar,ternary,ultra_low,none,3.0,LOW,no_basis
EyeIrritation6pack_PID969,The Andersons 0.2% Imidacloprid Insecticide + Fertilizer,GR,granule,pesticide/insecticide,ready-to-use,HIGH,name_explicit,UNKNOWN,[],[],unknown,[],0.0,LOW,no_basis,study/eye_irritation_rabbit,,,unknown,unknown,HIGH,source_filename,,RESEARCH_ONLY,not_registered,False,,sds_partial,HIGH,source_filename,0.2,99.8,Imidacloprid,binary,ultra_low,none,2.0,MEDIUM,name_inference
EyeIrritation6pack_PID970,The Andersons 3-Way Snowmold,UNKNOWN,liquid,pesticide/fungicide,concentrate,MEDIUM,pattern_inferred,UNKNOWN,[],[],unknown,[],0.0,LOW,no_basis,study/eye_irritation_rabbit,,,unknown,unknown,HIGH,source_filename,,RESEARCH_ONLY,not_registered,False,,sds_partial,HIGH,source_filename,,,Ammonium Polyphosphate Solution,ternary,unknown,none,3.0,LOW,no_basis
EyeIrritation6pack_PID971,The Andersons GC 0.058% Bifenthrin + 0.115% Imidacloprid Insecticide with Fertilizer,GR,granule,pesticide/insecticide,ready-to-use,HIGH,name_explicit,UNKNOWN,[],[],unknown,[],0.0,LOW,no_basis,study/eye_irritation_rabbit,,,unknown,unknown,HIGH,source_filename,,RESEARCH_ONLY,not_registered,False,,sds_partial,HIGH,source_filename,0.173,99.827,Imidacloprid,binary,ultra_low,none,2.0,MEDIUM,name_inference
EyeIrritation6pack_PID972,The Andersons GC 0.077% Bifenthrin + 0.155% Imidacloprid Granular Insecticide,GR,granule,pesticide/insecticide,ready-to-use,HIGH,name_explicit,CAUTION,[],[],unknown,[],1.0,MEDIUM,sds_section2,study/eye_irritation_rabbit,,,unknown,unknown,HIGH,source_filename,,RESEARCH_ONLY,not_registered,True,,epa_label,MEDIUM,source_filename,0.232,99.768,Imidacloprid,multi_4_6,ultra_low,partial,4.0,MEDIUM,workbook_pct
EyeIrritation6pack_PID974,Thidiazuron-Diuron SC,SC,suspension,pesticide/other,concentrate,HIGH,name_explicit,WARNING,"['acute_toxicity_oral_4', 'carcinogenicity_2', 'stot_repeated_2', 'aquatic_acute_1', 'aquatic_chronic_1']",['oral'],both,"['H302', 'H304', 'H351', 'H373', 'H400', 'H410', 'H413']",4.0,HIGH,snippet_keywords,study/eye_irritation_rabbit,,,unknown,unknown,HIGH,source_filename,,RESEARCH_ONLY,not_registered,False,,sds_full,HIGH,source_filename,18.0,82.0,Thidiazuron,ternary,medium,partial,3.0,MEDIUM,source_text
EyeIrritation6pack_PID976,Thiencarbazone-methyl,UNKNOWN,powder,pesticide/herbicide,concentrate,LOW,pattern_inferred,WARNING,['aquatic_acute_1'],[],aquatic_acute,['H400'],2.0,HIGH,sds_section2,study/eye_irritation_rabbit,,,unknown,unknown,HIGH,source_filename,,RESEARCH_ONLY,not_registered,False,,sds_full,HIGH,source_filename,,,Thiencarbazone-methyl,single,unknown,none,1.0,LOW,no_basis
EyeIrritation6pack_PID977,Three-Way VAP,UNKNOWN,liquid,pesticide/herbicide,concentrate,HIGH,evidence_snippet,DANGER,['carcinogenicity_1B'],[],unknown,[],5.0,MEDIUM,sds_section2,study/eye_irritation_rabbit,,,unknown,unknown,HIGH,source_filename,70506-500,US_EPA,registered_active,False,,sds_full,HIGH,epa_reg_found,36.7,63.3,Clethodim,multi_4_6,medium,exact,4.0,HIGH,workbook_pct
EyeIrritation6pack_PID978,Three Way Peanut Seed Treatment Fungicide,FS,suspension,pesticide/fungicide,concentrate,HIGH,name_explicit,CAUTION,['skin_irritation_2'],['oral'],unknown,[],1.0,MEDIUM,sds_section2,study/eye_irritation_rabbit,,,unknown,unknown,HIGH,source_filename,,RESEARCH_ONLY,not_registered,False,,sds_full,HIGH,source_filename,12.35,87.65,Azoxystrobin,multi_4_6,medium,partial,4.0,MEDIUM,workbook_pct
EyeIrritation6pack_PID979,THX/MXM/FDL CZ Insecticide with Fungicides,UNKNOWN,liquid,pesticide/fungicide,concentrate,MEDIUM,name_explicit,CAUTION,[],[],unknown,[],1.0,LOW,snippet_keywords,study/eye_irritation_rabbit,,,unknown,unknown,HIGH,source_filename,,RESEARCH_ONLY,not_registered,,,product_page,HIGH,source_filename,4.28,95.72,Metalaxyl-m,binary,low,partial,2.0,MEDIUM,workbook_pct
EyeIrritation6pack_PID980,THX/MXM/FDL/TBZ FS,FS,suspension,pesticide/fungicide,concentrate,HIGH,name_explicit,UNKNOWN,[],[],unknown,[],0.0,LOW,no_basis,study/eye_irritation_rabbit,,,unknown,unknown,HIGH,source_filename,,UNKNOWN,unknown,,,unknown,LOW,no_basis,,,,unknown,unknown,none,0.0,LOW,no_basis
EyeIrritation6pack_PID982,Tide Glyphosate,UNKNOWN,liquid,pesticide/herbicide,concentrate,MEDIUM,pattern_inferred,UNKNOWN,[],[],unknown,[],0.0,LOW,no_basis,study/eye_irritation_rabbit,,,unknown,unknown,HIGH,source_filename,,RESEARCH_ONLY,not_registered,False,,sds_full,HIGH,source_filename,,,glyphosate (ISO),binary,unknown,none,2.0,LOW,no_basis
EyeIrritation6pack_PID983,Tital FL,UNKNOWN,liquid,consumer_product,ready-to-use,HIGH,evidence_snippet,DANGER,"['skin_irritation_2', 'skin_sensitization_1', 'aquatic_acute_2', 'aquatic_chronic_1']",[],both,"['H315', 'H317', 'H401', 'H410']",3.0,HIGH,sds_section2,study/eye_irritation_rabbit,,,unknown,unknown,HIGH,source_filename,,RESEARCH_ONLY,not_registered,False,,sds_full,HIGH,source_filename,76.0,24.0,Benzyl salicylate,multi_7p,very_high,approximate,5.0,MEDIUM,workbook_pct
EyeIrritation6pack_PID985,Tolfenpyrad 15EC Insecticide,EC,liquid,pesticide/insecticide,concentrate,HIGH,name_explicit,DANGER,"['skin_corrosion_2', 'eye_damage_2A', 'aspiration_hazard_2', 'carcinogenicity_2B', 'acute_toxicity_oral_4']","['oral', 'inhalation']",aquatic_chronic,"['H302', 'H317', 'H318', 'H332', 'H400', 'H410']",5.0,HIGH,sds_section2,study/eye_irritation_rabbit,,,unknown,unknown,HIGH,source_filename,,RESEARCH_ONLY,not_registered,False,False,sds_full,HIGH,source_filename,15.0,85.0,Tolfenpyrad,binary,medium,partial,2.0,MEDIUM,workbook_pct
EyeIrritation6pack_PID986,Tombstone Insecticide,UNKNOWN,unknown,pesticide/insecticide,unknown,LOW,name_explicit,UNKNOWN,[],['none_identified'],unknown,[],0.0,LOW,no_basis,study/eye_irritation_rabbit,,,unknown,unknown,HIGH,source_filename,,RESEARCH_ONLY,not_registered,False,False,sds_full,HIGH,source_filename,24.74,75.26,Cyfluthrin,binary,medium,partial,2.0,MEDIUM,workbook_pct
EyeIrritation6pack_PID988,Topguard Fungicide,UNKNOWN,liquid,pesticide/fungicide,concentrate,MEDIUM,pattern_inferred,CAUTION,[],['dermal'],unknown,[],1.0,MEDIUM,snippet_keywords,study/eye_irritation_rabbit,,,unknown,unknown,HIGH,source_filename,,RESEARCH_ONLY,not_registered,False,False,sds_full,HIGH,source_filename,1.0,99.0,Flutriafol,multi_4_6,ultra_low,partial,4.0,MEDIUM,workbook_pct
EyeIrritation6pack_PID989,Topramezone 2.8 SC Herbicide,SC,suspension,pesticide/herbicide,concentrate,HIGH,name_explicit,UNKNOWN,[],['none_identified'],unknown,[],0.0,LOW,no_basis,study/eye_irritation_rabbit,,,unknown,unknown,HIGH,source_filename,,RESEARCH_ONLY,not_registered,False,False,sds_partial,HIGH,source_filename,29.7,70.3,Topramezone,binary,medium,exact,2.0,HIGH,workbook_pct
EyeIrritation6pack_PID990,Tops MZ-Curzate,UNKNOWN,powder,pesticide/fungicide,concentrate,MEDIUM,pattern_inferred,UNKNOWN,[],['none_identified'],unknown,[],0.0,LOW,no_basis,study/eye_irritation_rabbit,,,unknown,unknown,HIGH,source_filename,,RESEARCH_ONLY,not_registered,False,False,sds_full,HIGH,source_filename,60.0,40.0,Cymoxanil,ternary,high,exact,3.0,HIGH,workbook_pct
EyeIrritation6pack_PID991,Topsin M 5G Fungicide,GR,granule,pesticide/fungicide,ready-to-use,HIGH,name_explicit,CAUTION,[],['none_identified'],terrestrial,[],1.0,MEDIUM,snippet_keywords,study/eye_irritation_rabbit,,,unknown,unknown,HIGH,source_filename,,RESEARCH_ONLY,not_registered,False,False,sds_full,HIGH,source_filename,,,Thiophanate methyl,single,unknown,none,1.0,LOW,no_basis
EyeIrritation6pack_PID992,Topsin M 70 WDG,WDG,granule,pesticide/fungicide,concentrate,HIGH,name_explicit,CAUTION,[],['oral'],unknown,[],1.0,MEDIUM,snippet_keywords,study/eye_irritation_rabbit,,,unknown,unknown,HIGH,source_filename,,RESEARCH_ONLY,not_registered,False,False,sds_full,HIGH,source_filename,,,Thiophanate-methyl,single,unknown,none,1.0,LOW,no_basis
EyeIrritation6pack_PID993,Touchdown Diquat Home and Garden Concentrate,UNKNOWN,liquid,pesticide/herbicide,concentrate,HIGH,name_explicit,UNKNOWN,[],['none_identified'],unknown,[],0.0,LOW,no_basis,study/eye_irritation_rabbit,,,unknown,unknown,HIGH,source_filename,,RESEARCH_ONLY,not_registered,False,False,sds_full,HIGH,source_filename,20.0,80.0,Diquat,ternary,medium,inconsistent,3.0,MEDIUM,workbook_pct
EyeIrritation6pack_PID994,Touchdown Diquat Home and Garden Ready to Use,RTU,liquid,pesticide/herbicide,ready-to-use,HIGH,name_explicit,UNKNOWN,[],['none_identified'],unknown,[],0.0,LOW,no_basis,study/eye_irritation_rabbit,,,unknown,unknown,HIGH,source_filename,,RESEARCH_ONLY,not_registered,False,False,sds_full,HIGH,source_filename,37.3,62.7,Diquat dibromide,single,high,partial,1.0,MEDIUM,workbook_pct
EyeIrritation6pack_PID996,TPTH,UNKNOWN,unknown,industrial_chemical,unknown,LOW,no_basis,UNKNOWN,[],['none_identified'],unknown,[],0.0,LOW,no_basis,study/eye_irritation_rabbit,,,unknown,unknown,HIGH,source_filename,,RESEARCH_ONLY,not_registered,False,False,unknown,HIGH,source_filename,1.0,99.0,Trichloroisocyanuric Acid,ternary,ultra_low,partial,3.0,LOW,workbook_pct
EyeIrritation6pack_PID997,Tradename for Dogs,UNKNOWN,liquid,pharmaceutical,unknown,MEDIUM,pattern_inferred,UNKNOWN,[],['none_identified'],unknown,[],0.0,LOW,no_basis,study/eye_irritation_rabbit,,,unknown,unknown,HIGH,source_filename,,RESEARCH_ONLY,not_registered,False,False,sds_full,HIGH,source_filename,65.0,35.0,Methyl Methacrylate,ternary,very_high,approximate,3.0,MEDIUM,workbook_pct
EyeIrritation6pack_PID998,Tradewind Herbicide,UNKNOWN,liquid,pesticide/herbicide,ready-to-use,MEDIUM,pattern_inferred,UNKNOWN,[],['none_identified'],unknown,[],0.0,LOW,no_basis,study/eye_irritation_rabbit,,,unknown,unknown,HIGH,source_filename,,RESEARCH_ONLY,not_registered,False,False,sds_full,HIGH,source_filename,,,Propane/n-Butane,binary,unknown,none,2.0,LOW,no_basis
EyeIrritation6pack_PID999,TREE-age,UNKNOWN,liquid,pesticide/insecticide,concentrate,MEDIUM,pattern_inferred,WARNING,['aquatic_chronic_1'],['none_identified'],aquatic_chronic,[],2.0,MEDIUM,snippet_keywords,study/eye_irritation_rabbit,,,unknown,unknown,HIGH,source_filename,,RESEARCH_ONLY,not_registered,False,False,sds_full,HIGH,source_filename,,,Emamectin benzoate,binary,unknown,none,2.0,LOW,source_text
MIX1,0.08% Mesotrione on Fertilizer,UNKNOWN,powder,pesticide/herbicide,dilute,MEDIUM,pattern_inferred,WARNING,['skin_irritation_2'],['none_identified'],aquatic_acute,[],2.0,MEDIUM,sds_section2,study/skin_irritation_human,,,unknown,unknown,HIGH,source_filename,,UNKNOWN,unknown,False,False,sds_full,MEDIUM,no_basis,40.0,60.0,Mesotrione,single,high,partial,1.0,MEDIUM,workbook_pct
MIX10,A12010C Fungicide,UNKNOWN,powder,pesticide/fungicide,concentrate,MEDIUM,pattern_inferred,UNKNOWN,[],['none_identified'],unknown,[],0.0,LOW,no_basis,study/skin_irritation_human,,,unknown,unknown,HIGH,source_filename,,UNKNOWN,unknown,False,False,sds_full,MEDIUM,no_basis,6.0,94.0,Copper Hydroxide,ternary,low,inconsistent,3.0,LOW,workbook_pct
MIX100,Chipco Brand Triton 70 WDG Fungicide,WDG,granule,pesticide/fungicide,concentrate,HIGH,name_explicit,UNKNOWN,[],['none_identified'],unknown,[],0.0,LOW,no_basis,study/skin_irritation_human,,,unknown,unknown,HIGH,source_filename,,UNKNOWN,unknown,False,False,sds_full,MEDIUM,no_basis,,,Fosetyl Aluminium,ternary,unknown,none,3.0,LOW,no_basis
MIX1000,Fir balsam Oregon,UNKNOWN,liquid,consumer_product,unknown,MEDIUM,evidence_snippet,WARNING,"['skin_corrosion_2', 'eye_irritation_2', 'skin_sensitization_1', 'acute_toxicity_oral_4', 'aspiration_hazard_1']",['oral'],aquatic_acute_and_chronic,"['H226', 'H302', 'H304', 'H315', 'H317', 'H319', 'H400', 'H410']",4.0,HIGH,sds_section2,study/skin_sensitization,,,unknown,unknown,HIGH,source_filename,,EU_REACH,registered_active,False,True,sds_full,HIGH,reach_text,100.0,0.0,Fir balsam organic essential oil,multi_7p,variable,inconsistent,5.0,LOW,workbook_pct
MIX1001,Cubeb oil,EC,liquid,consumer_product,concentrate,HIGH,evidence_snippet,DANGER,"['skin_corrosion_2', 'eye_damage_2', 'skin_sensitization_1', 'aspiration_hazard_1', 'aquatic_chronic_2']",['none_identified'],aquatic_chronic,"['H315', 'H319', 'H317', 'H304', 'H411']",4.0,HIGH,sds_section2,study/skin_sensitization,,,unknown,unknown,HIGH,source_filename,,EU_REACH,registered_active,False,True,sds_full,HIGH,reach_text,100.0,0.0,Myrcene,multi_7p,variable,inconsistent,5.0,LOW,workbook_pct
MIX1002,Cedarwood oil Atlas,UNKNOWN,liquid,consumer_product,concentrate,MEDIUM,pattern_inferred,WARNING,"['skin_corrosion_2', 'aspiration_hazard_1', 'skin_sensitization_1']",['none_identified'],aquatic_acute_and_chronic,"['H304', 'H315', 'H317', 'H400', 'H410']",3.0,HIGH,sds_section2,study/skin_sensitization,,,unknown,unknown,HIGH,source_filename,,UNKNOWN,unknown,False,False,sds_full,MEDIUM,no_basis,100.0,0.0,Cedarwood Atlas essential oil,multi_7p,very_high,partial,5.0,LOW,workbook_pct
MIX1003,Linaloe wood oil,UNKNOWN,liquid,consumer_product,concentrate,MEDIUM,pattern_inferred,UNKNOWN,[],['none_identified'],unknown,[],0.0,LOW,no_basis,study/skin_sensitization,,,unknown,unknown,HIGH,source_filename,,RESEARCH_ONLY,not_registered,False,False,unknown,MEDIUM,source_filename,100.0,0.0,Linalool,multi_4_6,variable,inconsistent,4.0,LOW,workbook_pct
MIX1004,Gurjun oil,UNKNOWN,liquid,consumer_product,concentrate,MEDIUM,evidence_snippet,DANGER,['aspiration_hazard_1'],['oral'],unknown,['H304'],4.0,HIGH,sds_section2,study/skin_sensitization,,,unknown,unknown,HIGH,source_filename,,EU_REACH,unknown,False,False,sds_full,MEDIUM,no_basis,6.5,93.5,(-)-Caryophyllene,single,low,approximate,1.0,MEDIUM,workbook_pct
MIX1005,Pimenta berry oil,UNKNOWN,liquid,consumer_product,concentrate,MEDIUM,pattern_inferred,UNKNOWN,[],['none_identified'],unknown,[],0.0,LOW,no_basis,study/skin_sensitization,,,unknown,unknown,HIGH,source_filename,,RESEARCH_ONLY,not_registered,False,False,unknown,MEDIUM,source_filename,100.0,0.0,Eugenol,single,variable,inconsistent,1.0,LOW,workbook_pct
MIX1006,Olibanum absolute,UNKNOWN,liquid,consumer_product,concentrate,LOW,no_basis,UNKNOWN,[],['none_identified'],unknown,[],0.0,LOW,no_basis,study/skin_sensitization,,,unknown,unknown,HIGH,source_filename,,UNKNOWN,unknown,False,False,sds_full,MEDIUM,no_basis,,,(+-)-alpha-Pinene,binary,unknown,none,2.0,LOW,no_basis
MIX1007,Myrrh absolute,UNKNOWN,liquid,consumer_product,concentrate,MEDIUM,pattern_inferred,UNKNOWN,[],['none_identified'],unknown,[],0.0,LOW,no_basis,study/skin_sensitization,,,unknown,unknown,HIGH,source_filename,,UNKNOWN,unknown,False,False,product_page,LOW,no_basis,100.0,0.0,Myrrh absolute,ternary,very_high,inconsistent,3.0,LOW,workbook_pct
MIX1008,Petitgrain bigarade oil,UNKNOWN,liquid,consumer_product,concentrate,MEDIUM,evidence_snippet,WARNING,"['eye_damage_1', 'skin_corrosion_2', 'skin_sensitization_1', 'flammable_liquid_4', 'aspiration_hazard_1', 'aquatic_acute_2', 'aquatic_chronic_2']",['none_identified'],aquatic_chronic,"['H304', 'H318', 'H401', 'H411', 'H227', 'H315', 'H317']",4.0,HIGH,sds_section2,study/skin_sensitization,,,unknown,unknown,HIGH,source_filename,,EU_REACH,registered_active,False,True,sds_full,HIGH,reach_text,50.0,50.0,Linalyl Acetate,multi_7p,high,partial,5.0,MEDIUM,workbook_pct
MIX1009,Mace oil,,liquid,consumer_product,unknown,LOW,no_basis,UNKNOWN,[],[],unknown,[],0.0,LOW,no_basis,study/skin_sensitization,,,unknown,unknown,HIGH,source_filename,,RESEARCH_ONLY,not_registered,,,pubchem,HIGH,source_filename,,,Mace Oil,binary,unknown,inconsistent,2.0,LOW,inconsistent_data
MIX101,Chlorine Bleach Sanitizer,,liquid,cleaning_disinfectant,concentrate,HIGH,pattern_inferred,DANGER,['skin_corrosion_1'],['dermal'],unknown,[],4.0,HIGH,sds_section3_composition,public_health/disinfectant,"['bacteria', 'viruses']","['food handling', 'commercial']",spray,contact,HIGH,product_name,,RESEARCH_ONLY,not_registered,False,,sds_partial,HIGH,source_filename,9.0,91.0,Sodium Hypochlorite,binary,low,approximate,2.0,MEDIUM,workbook_pct
MIX1010,Bitter orange oil,,liquid,consumer_product,unknown,LOW,no_basis,UNKNOWN,[],[],unknown,[],0.0,LOW,no_basis,study/skin_sensitization,,,unknown,unknown,HIGH,source_filename,,RESEARCH_ONLY,not_registered,,,sds_partial,HIGH,source_filename,90.0,10.0,(+)-Limonene,single,very_high,exact,1.0,HIGH,workbook_pct
MIX1011,Tangelo oil,,liquid,consumer_product,concentrate,MEDIUM,evidence_snippet,NONE,[],[],none,[],1.0,MEDIUM,sds_section3_composition,study/skin_sensitization,,,unknown,unknown,HIGH,source_filename,,RESEARCH_ONLY,not_registered,False,,sds_partial,HIGH,source_filename,100.0,0.0,Citrus Tangerina Peel Oil,binary,very_high,exact,2.0,HIGH,workbook_pct
MIX1012,Cananga oil,EC,liquid,consumer_product,concentrate,HIGH,name_explicit,WARNING,"['skin_sensitization_1', 'aspiration_hazard_1', 'aquatic_chronic_2']",['oral'],aquatic_chronic,[],2.0,MEDIUM,snippet_keywords,study/skin_sensitization,,,unknown,unknown,HIGH,source_filename,,EU_REACH,not_registered,False,True,sds_full,HIGH,reach_text,,,Cananga Oil,unknown,unknown,partial,1.0,LOW,name_inference
MIX1013,Litsea cubeba oil,,liquid,consumer_product,unknown,LOW,no_basis,UNKNOWN,[],[],unknown,[],0.0,LOW,no_basis,study/skin_sensitization,,,unknown,unknown,HIGH,source_filename,,RESEARCH_ONLY,not_registered,False,,unknown,HIGH,source_filename,,,Litsea cubeba essential oil,unknown,unknown,inconsistent,1.0,LOW,source_text
MIX1014,Grapefruit oil expressed,,liquid,consumer_product,unknown,MEDIUM,evidence_snippet,UNKNOWN,[],[],unknown,[],0.0,LOW,no_basis,study/skin_sensitization,,,unknown,unknown,HIGH,source_filename,,RESEARCH_ONLY,not_registered,,,sds_partial,HIGH,source_filename,100.0,0.0,Grapefruit Oil,single,very_high,exact,1.0,HIGH,workbook_pct
MIX1015,Mastic absolute,,unknown,pharmaceutical,unknown,MEDIUM,evidence_snippet,UNKNOWN,[],[],unknown,[],0.0,LOW,no_basis,study/skin_sensitization,,,unknown,unknown,HIGH,source_filename,,EU_REACH,not_registered,,,unknown,MEDIUM,source_filename,,,Pistacia lentiscus resin,unknown,unknown,inconsistent,1.0,LOW,source_text
MIX1016,Ho leaf oil,,liquid,consumer_product,unknown,LOW,no_basis,WARNING,"['eye_irritation_2', 'skin_irritation_2', 'skin_sensitization_1']",[],none,[],2.0,MEDIUM,snippet_keywords,study/skin_sensitization,,,unknown,unknown,HIGH,source_filename,,RESEARCH_ONLY,not_registered,False,,product_page,HIGH,source_filename,100.0,0.0,ho leaf oil,single,very_high,exact,1.0,HIGH,workbook_pct
MIX1017,Lemon oil distilled,,liquid,consumer_product,concentrate,MEDIUM,evidence_snippet,NONE,[],[],none,[],1.0,LOW,sds_section3_composition,study/skin_sensitization,,,unknown,unknown,HIGH,source_filename,,RESEARCH_ONLY,not_registered,False,,sds_partial,HIGH,source_filename,100.0,0.0,Lemon oil distilled,single,very_high,exact,1.0,HIGH,workbook_pct
MIX1018,Lemon oil expressed,,liquid,consumer_product,unknown,LOW,evidence_snippet,WARNING,['flammable_liquid_3'],[],none,['H226'],2.0,HIGH,sds_section2,study/skin_sensitization,,,unknown,unknown,HIGH,source_filename,,EU_REACH,not_registered,False,True,sds_full,HIGH,reach_text,0.3,99.7,Lemon oil,single,ultra_low,exact,1.0,MEDIUM,workbook_pct
MIX1019,Mentha citrata oil,,liquid,consumer_product,unknown,LOW,no_basis,UNKNOWN,[],[],unknown,[],0.0,LOW,no_basis,study/skin_sensitization,,,unknown,unknown,HIGH,source_filename,,RESEARCH_ONLY,not_registered,,,pubchem,HIGH,source_filename,5.0,95.0,Morphine,single,low,approximate,1.0,MEDIUM,workbook_pct
MIX102,Chlorothalonil Fungicide,,liquid,pesticide/fungicide,concentrate,HIGH,evidence_snippet,DANGER,"['acute_toxicity_inhalation_2', 'eye_damage_1', 'skin_sensitization_1', 'carcinogenicity_2', 'stot_single_3', 'aquatic_acute_1', 'aquatic_chronic_1']",['inhalation'],aquatic_acute_and_chronic,"['H330', 'H318', 'H317', 'H351', 'H335', 'H400', 'H410']",5.0,HIGH,sds_section2,agricultural/fungicide,['fungi'],"['turf', 'ornamental']",spray,preventive,HIGH,product_name,89442-9,US_EPA,registered_active,True,,epa_label,HIGH,epa_reg_found,,,Chlorothalonil,single,unknown,none,1.0,LOW,name_inference
MIX1020,Rosemary oil,,liquid,consumer_product,unknown,LOW,no_basis,DANGER,"['flammable_liquid_3', 'skin_irritation_2', 'eye_damage_1', 'skin_sensitization_1', 'aspiration_hazard_1', 'aquatic_chronic_1']",['inhalation'],aquatic_acute_and_chronic,"['H226', 'H315', 'H318', 'H317', 'H304', 'H410']",4.0,HIGH,sds_section2,study/skin_sensitization,,,unknown,unknown,HIGH,source_filename,,EU_REACH,not_registered,False,True,sds_full,HIGH,reach_text,,,"1,8-Cineole",multi_7p,unknown,inconsistent,5.0,MEDIUM,workbook_pct
MIX1021,"Sandalwood oil, East Indian",,liquid,consumer_product,unknown,LOW,no_basis,UNKNOWN,[],[],unknown,[],0.0,LOW,no_basis,study/skin_sensitization,,,unknown,unknown,HIGH,source_filename,,RESEARCH_ONLY,not_registered,,,sds_partial,HIGH,source_filename,94.0,6.0,Sandalwood oil,single,very_high,approximate,1.0,HIGH,workbook_pct
MIX1022,Patchouly oil,EC,liquid,consumer_product,concentrate,HIGH,name_explicit,DANGER,"['skin_irritation_2', 'eye_irritation_2', 'skin_sensitization_1', 'aspiration_hazard_1', 'aquatic_chronic_2']",['oral'],aquatic_chronic,"['H304', 'H315', 'H317', 'H319', 'H411']",3.0,HIGH,sds_section2,study/skin_sensitization,,,unknown,unknown,HIGH,source_filename,,EU_REACH,not_registered,False,True,sds_full,HIGH,reach_text,,,Patchouli alcohol,multi_4_6,unknown,inconsistent,4.0,MEDIUM,workbook_pct
MIX1023,Amyris oil acetylated,,liquid,consumer_product,unknown,MEDIUM,evidence_snippet,DANGER,"['skin_sensitization_1', 'aquatic_chronic_3']",[],aquatic_chronic,"['H317', 'H402', 'H412']",3.0,HIGH,sds_section2,study/skin_sensitization,,,unknown,unknown,HIGH,source_filename,,EU_REACH,not_registered,False,True,sds_full,HIGH,reach_text,100.1,0.0,AMYRIS BALSAMIFERA BARK OIL,multi_7p,very_high,approximate,5.0,MEDIUM,workbook_pct
MIX1024,Bay oil,,liquid,consumer_product,unknown,LOW,no_basis,UNKNOWN,[],[],unknown,[],0.0,LOW,no_basis,study/skin_sensitization,,,unknown,unknown,HIGH,source_filename,,RESEARCH_ONLY,not_registered,,,pubchem,HIGH,source_filename,100.0,0.0,Bay oil,single,very_high,exact,1.0,HIGH,workbook_pct
MIX1025,Vanilla tincture,,liquid,consumer_product,unknown,MEDIUM,evidence_snippet,WARNING,['acute_toxicity_oral_4'],"['oral', 'inhalation']",none,[],2.0,MEDIUM,sds_section2,study/skin_sensitization,,,unknown,unknown,HIGH,source_filename,,RESEARCH_ONLY,not_registered,False,,sds_full,HIGH,source_filename,100.0,0.0,Ethanol,single,very_high,approximate,1.0,HIGH,workbook_pct
MIX1026,Geranium oil bourbon,,liquid,consumer_product,unknown,MEDIUM,evidence_snippet,WARNING,"['skin_irritation_2', 'eye_damage_1', 'skin_sensitization_1', 'aspiration_hazard_1']",['oral'],none,[],3.0,MEDIUM,sds_section2,study/skin_sensitization,,,unknown,unknown,HIGH,source_filename,,RESEARCH_ONLY,not_registered,False,,sds_full,HIGH,source_filename,100.0,0.0,Citronellol,multi_7p,high,approximate,5.0,HIGH,workbook_pct
MIX1027,Methyl ester of rosin (partially hydrogenated),,unknown,industrial_chemical,unknown,MEDIUM,evidence_snippet,NONE,[],[],none,[],1.0,MEDIUM,sds_section3_composition,study/skin_sensitization,,,unknown,unknown,HIGH,source_filename,,RESEARCH_ONLY,not_registered,False,,sds_partial,HIGH,source_filename,100.0,0.0,methyl rosinate hydrogenated,single,very_high,exact,1.0,HIGH,workbook_pct
MIX1028,"Cinnamon leaf oil, Ceylon",,liquid,consumer_product,unknown,LOW,no_basis,UNKNOWN,[],[],unknown,[],0.0,LOW,no_basis,study/skin_sensitization,,,unknown,unknown,HIGH,source_filename,,RESEARCH_ONLY,not_registered,,,product_page,HIGH,source_filename,,,Eugenol,binary,very_high,approximate,2.0,MEDIUM,source_text
MIX1029,Lemon petitgrain oil,,liquid,consumer_product,unknown,LOW,no_basis,UNKNOWN,[],[],unknown,[],0.0,LOW,no_basis,study/skin_sensitization,,,unknown,unknown,HIGH,source_filename,,RESEARCH_ONLY,not_registered,,,product_page,HIGH,source_filename,,,Linalyl acetate,multi_7p,high,approximate,5.0,MEDIUM,workbook_pct
MIX103,Chlorpyrifos VC,,liquid,pesticide/insecticide,concentrate,HIGH,evidence_snippet,DANGER,"['acute_toxicity_oral_2', 'acute_toxicity_dermal_4', 'acute_toxicity_inhalation_4', 'eye_irritation_2']","['oral', 'dermal', 'inhalation']",unknown,[],4.0,HIGH,sds_section2,agricultural/insecticide,"['aphids', 'beetles', 'mites']","['corn', 'soybean', 'wheat']",spray,contact,HIGH,ingredient_inference,,US_EPA,registered_active,True,,epa_label,HIGH,active_ingredient_section,2.0,98.0,Chlorpyrifos,single,low,exact,1.0,MEDIUM,workbook_pct
MIX1030,Lavandin absolute,EC,liquid,consumer_product,concentrate,HIGH,name_explicit,DANGER,"['skin_irritation_2', 'eye_damage_1', 'skin_sensitization_1', 'aquatic_chronic_2']",[],aquatic_chronic,"['H315', 'H318', 'H317', 'H411']",4.0,HIGH,sds_section2,study/skin_sensitization,,,unknown,unknown,HIGH,source_filename,,EU_REACH,not_registered,False,True,sds_full,HIGH,reach_text,95.0,5.0,Linalool,multi_7p,very_high,approximate,5.0,MEDIUM,workbook_pct
MIX1031,Eucalyptus oil,UNKNOWN,liquid,consumer_product,unknown,LOW,pattern_inferred,UNKNOWN,[],[],unknown,[],0.0,LOW,no_basis,study/skin_irritation,,,unknown,unknown,HIGH,source_filename,,RESEARCH_ONLY,not_registered,,,product_page,HIGH,source_filename,99.0,1.0,Eucalyptus oil,single,very_high,inconsistent,1.0,MEDIUM,workbook_pct
MIX1032,Eucalyptus citriodora oil,UNKNOWN,liquid,consumer_product,concentrate,MEDIUM,pattern_inferred,UNKNOWN,"['flammable_liquid_4', 'acute_toxicity_oral_5', 'skin_irritation_2', 'skin_sensitization_1', 'eye_irritation_2', 'aquatic_acute_2', 'aquatic_chronic_2']",['oral'],aquatic_chronic,"['H227', 'H303', 'H316', 'H317', 'H319', 'H401', 'H411']",3.0,MEDIUM,snippet_keywords,study/skin_irritation,,,unknown,unknown,HIGH,source_filename,,RESEARCH_ONLY,not_registered,False,,sds_full,HIGH,source_filename,70.0,30.0,Citronellal,single,very_high,approximate,1.0,HIGH,workbook_pct
MIX1033,"Fir needle oil, Canadian",UNKNOWN,liquid,industrial_chemical,concentrate,MEDIUM,evidence_snippet,UNKNOWN,[],"['dermal', 'inhalation']",unknown,[],0.0,LOW,snippet_keywords,study/skin_irritation,,,unknown,unknown,HIGH,source_filename,,RESEARCH_ONLY,not_registered,False,,sds_full,HIGH,source_filename,100.0,0.0,"Fir needle oil, Canadian",single,very_high,exact,1.0,HIGH,workbook_pct
MIX1034,Bois de rose acetylated,UNKNOWN,liquid,consumer_product,concentrate,MEDIUM,evidence_snippet,WARNING,"['flammable_liquid_4', 'skin_irritation_2', 'eye_irritation_2', 'skin_sensitization_1']",[],none,[],2.0,HIGH,sds_section2,study/skin_irritation,,,unknown,unknown,HIGH,source_filename,,RESEARCH_ONLY,not_registered,False,,sds_full,HIGH,source_filename,92.5,7.5,Linalool,single,very_high,approximate,1.0,HIGH,workbook_pct
MIX1035,Geranium oil Moroccan,UNKNOWN,liquid,consumer_product,unknown,LOW,no_basis,UNKNOWN,"['skin_irritation_2', 'eye_irritation_2']",[],unknown,"['H315', 'H319']",2.0,MEDIUM,snippet_keywords,study/skin_irritation,,,unknown,unknown,HIGH,source_filename,,RESEARCH_ONLY,not_registered,False,True,sds_full,HIGH,reach_text,100.0,0.0,Geranium oil Moroccan,single,very_high,exact,1.0,MEDIUM,workbook_pct
MIX1036,Pimenta leaf oil,UNKNOWN,liquid,consumer_product,unknown,LOW,pattern_inferred,UNKNOWN,[],[],unknown,[],0.0,LOW,no_basis,study/skin_irritation,,,unknown,unknown,HIGH,source_filename,,RESEARCH_ONLY,not_registered,False,,unknown,HIGH,source_filename,90.26,9.74,Pimenta leaf oil,single,very_high,inconsistent,1.0,LOW,workbook_pct
MIX1037,Clove stem oil,UNKNOWN,liquid,consumer_product,concentrate,MEDIUM,pattern_inferred,UNKNOWN,[],[],unknown,[],0.0,LOW,no_basis,study/skin_irritation,,,unknown,unknown,HIGH,source_filename,,RESEARCH_ONLY,not_registered,,,unknown,HIGH,source_filename,87.5,12.5,Clove stem oil,single,very_high,approximate,1.0,MEDIUM,workbook_pct
MIX1038,Armoise oil,UNKNOWN,liquid,consumer_product,unknown,LOW,pattern_inferred,UNKNOWN,[],[],unknown,[],0.0,LOW,no_basis,study/skin_irritation,,,unknown,unknown,HIGH,source_filename,,RESEARCH_ONLY,not_registered,,,product_page,HIGH,source_filename,99.0,1.0,Armoise oil,multi_4_6,very_high,exact,4.0,HIGH,workbook_pct
MIX1039,Geranium oil Algerian,UNKNOWN,liquid,consumer_product,unknown,LOW,pattern_inferred,UNKNOWN,[],[],unknown,[],0.0,LOW,no_basis,study/skin_irritation,,,unknown,unknown,HIGH,source_filename,,RESEARCH_ONLY,not_registered,,,unknown,HIGH,source_filename,1.5,98.5,Geranium oil Algerian,single,low,partial,1.0,LOW,workbook_pct
MIX104,Clearcast 2.7G Herbicide,UNKNOWN,granule,pesticide/herbicide,concentrate,HIGH,name_explicit,UNKNOWN,[],[],aquatic_chronic,[],0.0,LOW,snippet_keywords,agricultural/herbicide,"['aquatic plants', 'weeds']",['aquatic sites'],spray,systemic,HIGH,product_name,,RESEARCH_ONLY,not_registered,False,,sds_full,HIGH,source_filename,2.7,97.3,imazamox,binary,low,exact,2.0,HIGH,workbook_pct
MIX1040,Genet absolute,UNKNOWN,liquid,consumer_product,concentrate,MEDIUM,evidence_snippet,UNKNOWN,[],[],unknown,[],0.0,LOW,no_basis,study/skin_irritation,,,unknown,unknown,HIGH,source_filename,,RESEARCH_ONLY,not_registered,False,,sds_full,HIGH,source_filename,100.0,0.0,Genet absolute,binary,very_high,exact,2.0,MEDIUM,workbook_pct
MIX1041,Laurel leaf oil European,EC,liquid,industrial_chemical,concentrate,HIGH,name_explicit,DANGER,"['flammable_liquid_3', 'skin_irritation_2', 'eye_irritation_2', 'skin_sensitization_1', 'aspiration_hazard_1', 'aquatic_chronic_2']",[],aquatic_chronic,"['H226', 'H315', 'H319', 'H317', 'H304', 'H411']",4.0,HIGH,sds_section2,study/skin_irritation,,,unknown,unknown,HIGH,source_filename,,EU_REACH,not_registered,False,True,sds_full,HIGH,reach_text,88.0,12.0,"1,8-Cineole",multi_7p,very_high,inconsistent,5.0,MEDIUM,workbook_pct
MIX1042,Gurjun balsam,UNKNOWN,liquid,consumer_product,unknown,LOW,pattern_inferred,UNKNOWN,[],[],unknown,[],0.0,LOW,no_basis,study/skin_irritation,,,unknown,unknown,HIGH,source_filename,,RESEARCH_ONLY,not_registered,,,sds_full,HIGH,source_filename,50.0,50.0,Copaene,ternary,high,exact,3.0,HIGH,workbook_pct
MIX1043,Pinus pumilio oil,UNKNOWN,liquid,consumer_product,unknown,LOW,pattern_inferred,UNKNOWN,[],[],unknown,[],0.0,LOW,no_basis,study/skin_irritation,,,unknown,unknown,HIGH,source_filename,,RESEARCH_ONLY,not_registered,,,pubchem,HIGH,source_filename,23.3,76.7,Pinus pumilio oil,ternary,medium,approximate,3.0,MEDIUM,workbook_pct
MIX1044,Lavender absolute,EC,liquid,consumer_product,concentrate,HIGH,name_explicit,WARNING,"['eye_irritation_2', 'skin_sensitization_1', 'aquatic_chronic_3']",['oral'],aquatic_chronic,"['H315', 'H319', 'H317', 'H412']",2.0,HIGH,sds_section2,study/skin_irritation,,,unknown,unknown,HIGH,source_filename,,EU_REACH,not_registered,False,True,sds_full,HIGH,reach_text,100.0,0.0,Linalool,multi_7p,very_high,partial,5.0,MEDIUM,workbook_pct
MIX1045,Pinus sylvestris oil,EC,liquid,industrial_chemical,concentrate,HIGH,name_explicit,DANGER,"['aspiration_hazard_1', 'flammable_liquid_3', 'skin_irritation_2', 'skin_sensitization_1', 'aquatic_chronic_1']",[],aquatic_acute_and_chronic,"['H304', 'H226', 'H315', 'H317', 'H410']",4.0,HIGH,sds_section2,study/skin_irritation,,,unknown,unknown,HIGH,source_filename,,EU_REACH,not_registered,False,True,sds_full,HIGH,reach_text,100.0,0.0,(+-)-alpha-Pinene,multi_7p,very_high,partial,5.0,MEDIUM,workbook_pct
MIX1046,Wintergreen oil,UNKNOWN,liquid,consumer_product,concentrate,MEDIUM,pattern_inferred,UNKNOWN,['flammable_liquid_3'],[],unknown,[],2.0,MEDIUM,snippet_keywords,study/skin_irritation,,,unknown,unknown,HIGH,source_filename,,RESEARCH_ONLY,not_registered,False,,sds_full,HIGH,source_filename,98.0,2.0,Wintergreen oil,single,very_high,exact,1.0,HIGH,workbook_pct
MIX1047,Hibawood oil,UNKNOWN,liquid,consumer_product,unknown,LOW,pattern_inferred,UNKNOWN,[],[],unknown,[],0.0,LOW,no_basis,study/skin_irritation,,,unknown,unknown,HIGH,source_filename,,RESEARCH_ONLY,not_registered,,,sds_full,HIGH,source_filename,62.5,37.5,Thujopsene,multi_7p,very_high,approximate,5.0,MEDIUM,workbook_pct
MIX1048,Yarmor pine oil,UNKNOWN,liquid,industrial_chemical,unknown,LOW,pattern_inferred,UNKNOWN,[],[],unknown,[],0.0,LOW,snippet_keywords,study/skin_irritation,,,unknown,unknown,HIGH,source_filename,,RESEARCH_ONLY,not_registered,False,,sds_full,HIGH,source_filename,100.0,0.0,Yarmor pine oil,binary,very_high,exact,2.0,HIGH,workbook_pct
MIX1049,Pinus nigra oil,UNKNOWN,liquid,consumer_product,concentrate,MEDIUM,pattern_inferred,UNKNOWN,[],[],unknown,[],0.0,LOW,snippet_keywords,study/skin_irritation,,,unknown,unknown,HIGH,source_filename,,RESEARCH_ONLY,not_registered,False,,unknown,HIGH,source_filename,99.71,0.29,Pinus nigra oil,multi_7p,very_high,inconsistent,5.0,MEDIUM,workbook_pct
MIX105,Fludioxonil(97.5%),UNKNOWN,unknown,pesticide/fungicide,concentrate,MEDIUM,pattern_inferred,UNKNOWN,[],[],unknown,[],0.0,LOW,no_basis,study/acute_dermal,,,unknown,unknown,HIGH,source_filename,,RESEARCH_ONLY,not_registered,False,,sds_full,HIGH,source_filename,,,Fludioxonil,binary,unknown,none,2.0,LOW,name_inference
MIX1050,Orange flower absolute,UNKNOWN,liquid,consumer_product,concentrate,MEDIUM,pattern_inferred,UNKNOWN,[],[],unknown,[],0.0,LOW,snippet_keywords,study/skin_irritation,,,unknown,unknown,HIGH,source_filename,,RESEARCH_ONLY,not_registered,False,,sds_full,HIGH,source_filename,100.0,0.0,Linalool,multi_7p,very_high,partial,5.0,MEDIUM,workbook_pct
MIX1051,Heptylidene methyl anthranilate,UNKNOWN,liquid,consumer_product,unknown,LOW,pattern_inferred,UNKNOWN,"['skin_irritation_2', 'eye_irritation_2', 'stot_single_3', 'aquatic_chronic_2']",[],aquatic_chronic,"['H315', 'H319', 'H335']",2.0,MEDIUM,snippet_keywords,study/skin_irritation,,,unknown,unknown,HIGH,source_filename,,RESEARCH_ONLY,not_registered,False,,sds_full,HIGH,source_filename,50.0,50.0,Methyl Anthranilate,single,high,exact,1.0,HIGH,workbook_pct
MIX1052,Abies alba oil from cones,UNKNOWN,liquid,consumer_product,unknown,LOW,pattern_inferred,UNKNOWN,"['flammable_liquid_3', 'aspiration_hazard_1', 'skin_irritation_2', 'skin_sensitization_1', 'eye_irritation_2', 'aquatic_chronic_1']",[],aquatic_acute_and_chronic,"['H226', 'H304', 'H315', 'H317', 'H319', 'H410', 'H411']",3.0,MEDIUM,snippet_keywords,study/skin_irritation,,,unknown,unknown,HIGH,source_filename,,RESEARCH_ONLY,not_registered,False,,sds_full,HIGH,source_filename,87.0,13.0,"Limonene, (-)-",multi_7p,very_high,exact,5.0,HIGH,workbook_pct
MIX1053,Iso-beta-ionone,UNKNOWN,liquid,consumer_product,unknown,LOW,no_basis,UNKNOWN,[],[],unknown,[],0.0,LOW,no_basis,study/skin_irritation,,,unknown,unknown,HIGH,source_filename,,RESEARCH_ONLY,not_registered,False,,sds_full,HIGH,source_filename,,,"4-(2,6,6-Trimethyl-1-cyclohexen-1-yl)-3-buten-2-one",single,unknown,none,1.0,LOW,no_basis
MIX1054,Abies alba oil from needles,,liquid,consumer_product,unknown,MEDIUM,pattern_inferred,DANGER,"['flammable_liquid_3', 'skin_corrosion_irritation_2', 'skin_sensitization_1B', 'aspiration_hazard_1', 'eye_damage_irritation_2', 'aquatic_acute_1', 'aquatic_chronic_1']",['none_identified'],aquatic_acute_and_chronic,"['H226', 'H304', 'H315', 'H317', 'H319', 'H410', 'H411']",4.0,HIGH,snippet_keywords,research/toxicology,,,unknown,unknown,HIGH,source_filename,,RESEARCH_ONLY,not_registered,,,unknown,HIGH,source_filename,100.0,0.0,"Limonene, (-)-",multi_4_6,medium,inconsistent,4.0,MEDIUM,workbook_pct
MIX1055,(+)-hydroxycitronellal,,liquid,consumer_product,concentrate,MEDIUM,pattern_inferred,UNKNOWN,[],['none_identified'],unknown,[],0.0,LOW,no_basis,research/toxicology,,,unknown,unknown,HIGH,source_filename,,UNKNOWN,not_registered,False,,sds_full,MEDIUM,sds_structure,85.0,15.0,Hydroxycitronellal,single,very_high,approximate,1.0,HIGH,workbook_pct
MIX1056,Santalyl acetate,,liquid,consumer_product,unknown,LOW,no_basis,UNKNOWN,[],['none_identified'],unknown,[],0.0,LOW,no_basis,research/toxicology,,,unknown,unknown,HIGH,source_filename,,UNKNOWN,not_registered,False,,sds_full,MEDIUM,sds_structure,,,Santalyl acetate,single,unknown,none,1.0,LOW,no_basis
MIX1057,Ocotea cymbarum oil,,liquid,consumer_product,concentrate,MEDIUM,pattern_inferred,UNKNOWN,[],['none_identified'],unknown,[],0.0,LOW,no_basis,research/toxicology,,,unknown,unknown,HIGH,source_filename,,RESEARCH_ONLY,not_registered,,,product_page,HIGH,source_filename,100.0,0.0,OCOTEA CYMBARUM,ternary,very_high,inconsistent,3.0,LOW,workbook_pct
MIX1058,(-)-hydroxycitronellal,,liquid,consumer_product,concentrate,MEDIUM,pattern_inferred,UNKNOWN,[],['none_identified'],unknown,[],0.0,LOW,no_basis,research/toxicology,,,unknown,unknown,HIGH,source_filename,,UNKNOWN,not_registered,False,,sds_full,MEDIUM,sds_structure,85.0,15.0,Hydroxycitronellal,single,very_high,approximate,1.0,HIGH,workbook_pct
MIX1059,Ale oil,,liquid,industrial_chemical,ready-to-use,MEDIUM,evidence_snippet,DANGER,"['carcinogenicity_1B', 'reproductive_toxicity_2', 'aspiration_hazard_1']",['none_identified'],unknown,"['H350', 'H361d', 'H304']",5.0,HIGH,snippet_keywords,research/toxicology,,,unknown,unknown,HIGH,source_filename,,UNKNOWN,not_registered,False,,sds_full,MEDIUM,sds_structure,100.0,0.0,heavy paraffinic,ternary,high,inconsistent,3.0,LOW,workbook_pct
MIX106,Charter F3 Fungicide Seed Treatment,FS,suspension,pesticide/fungicide,concentrate,HIGH,name_explicit,UNKNOWN,[],['none_identified'],unknown,[],0.0,LOW,no_basis,agricultural/fungicide,"['fungi', 'rust', 'blight']","['corn', 'soybean', 'wheat', 'barley']",seed_treatment,preventive,HIGH,product_name,,UNKNOWN,not_registered,False,,sds_full,MEDIUM,sds_structure,4.11,12.5,Pyraclostrobin,multi_4_6,ultra_low,exact,4.0,HIGH,workbook_pct
MIX1060,Lime oil distilled,,liquid,consumer_product,concentrate,MEDIUM,pattern_inferred,WARNING,"['flammable_liquid_3', 'flammable_liquid_4', 'acute_toxicity_oral_5', 'skin_irritation_2', 'skin_irritation_3', 'skin_sensitization_1B', 'reproductive_toxicity_2', 'aspiration_hazard_1', 'eye_irritation_2A', 'aquatic_acute_1', 'aquatic_acute_2', 'aquatic_chronic_1', 'aquatic_chronic_2']",['oral'],aquatic_acute_and_chronic,"['H226', 'H227', 'H302', 'H303', 'H304', 'H315', 'H316', 'H317', 'H319', 'H361', 'H401', 'H410']",4.0,HIGH,snippet_keywords,research/toxicology,,,unknown,unknown,HIGH,source_filename,,RESEARCH_ONLY,not_registered,,,unknown,HIGH,source_filename,100.0,0.0,(+)-Limonene,multi_7p,high,inconsistent,5.0,MEDIUM,workbook_pct
MIX1061,Abies sachalinensis oil,,liquid,consumer_product,concentrate,MEDIUM,pattern_inferred,UNKNOWN,[],['none_identified'],unknown,[],0.0,LOW,no_basis,research/toxicology,,,unknown,unknown,HIGH,source_filename,,RESEARCH_ONLY,not_registered,False,,unknown,HIGH,source_filename,100.0,0.0,Pyridine,single,very_high,inconsistent,1.0,LOW,workbook_pct
MIX1062,Lavender oil,,liquid,consumer_product,concentrate,MEDIUM,evidence_snippet,UNKNOWN,[],"['oral', 'dermal']",unknown,[],1.0,MEDIUM,snippet_keywords,research/toxicology,,,unknown,unknown,HIGH,source_filename,,UNKNOWN,not_registered,False,,sds_full,MEDIUM,sds_structure,80.0,20.0,Lavandula Angustifolia Oil,single,very_high,approximate,1.0,MEDIUM,workbook_pct
MIX1063,Camphor oil white,EC,liquid,consumer_product,concentrate,HIGH,sec_formulation_code,DANGER,"['flammable_liquid_3', 'skin_irritation_2', 'eye_irritation_2', 'skin_sensitization_1', 'aspiration_hazard_1', 'aquatic_acute_1', 'aquatic_chronic_1']",['none_identified'],aquatic_acute_and_chronic,"['H226', 'H315', 'H319', 'H317', 'H304', 'H400', 'H410']",4.0,HIGH,sds_section2,research/toxicology,,,unknown,unknown,HIGH,source_filename,,RESEARCH_ONLY,not_registered,False,,sds_full,HIGH,source_filename,100.0,0.0,"1,8-Cineole",multi_7p,high,approximate,5.0,MEDIUM,workbook_pct
MIX1064,Abies sachalinensis oil + BHA,,liquid,consumer_product,concentrate,MEDIUM,pattern_inferred,WARNING,"['acute_toxicity_4', 'skin_irritation_2', 'eye_irritation_2', 'carcinogenicity_2']",['oral'],unknown,[],3.0,MEDIUM,snippet_keywords,research/toxicology,,,unknown,unknown,HIGH,source_filename,,RESEARCH_ONLY,not_registered,False,,sds_full,HIGH,source_filename,100.0,0.0,Butylated Hydroxyanisole,single,very_high,exact,1.0,HIGH,workbook_pct
MIX1065,Krameria extract,,liquid,consumer_product,ready-to-use,MEDIUM,pattern_inferred,WARNING,"['acute_toxicity_oral_4', 'eye_irritation_2', 'skin_sensitization_1B']",['oral'],none,"['H302', 'H319', 'H317']",3.0,MEDIUM,snippet_keywords,research/toxicology,,,unknown,unknown,HIGH,source_filename,,RESEARCH_ONLY,not_registered,False,,sds_full,HIGH,source_filename,,,Krameria Root Extract,multi_4_6,unknown,none,4.0,LOW,no_basis
MIX1066,Bergamot oil expressed,,liquid,consumer_product,concentrate,MEDIUM,pattern_inferred,UNKNOWN,[],['none_identified'],unknown,[],0.0,LOW,no_basis,research/toxicology,,,unknown,unknown,HIGH,source_filename,,RESEARCH_ONLY,not_registered,False,,unknown,HIGH,source_filename,100.0,0.0,Bergamot oil expressed,binary,ultra_low,exact,2.0,MEDIUM,workbook_pct
MIX1067,"N-(1,1-dimethylolethyl)mercaptoacetamide",,liquid,industrial_chemical,concentrate,MEDIUM,evidence_snippet,NONE,[],['none_identified'],none,[],1.0,MEDIUM,sds_section2,research/toxicology,,,unknown,unknown,HIGH,source_filename,,RESEARCH_ONLY,not_registered,False,,sds_full,HIGH,source_filename,,,Dimethylacetamide,single,unknown,none,1.0,LOW,no_basis
MIX1068,N-trimethylolmethylmercaptoacetamide,,liquid,industrial_chemical,dilute,MEDIUM,pattern_inferred,UNKNOWN,[],['none_identified'],unknown,[],0.0,LOW,no_basis,research/toxicology,,,unknown,unknown,HIGH,source_filename,,RESEARCH_ONLY,not_registered,False,,sds_full,HIGH,source_filename,22.0,78.0,Ammonia,ternary,medium,partial,3.0,MEDIUM,workbook_pct
MIX1069,"Jasmin absolute (Egypt), mix",EC,liquid,consumer_product,concentrate,HIGH,sec_formulation_code,WARNING,"['flammable_liquid_4', 'acute_toxicity_3', 'acute_toxicity_4', 'acute_toxicity_5', 'skin_corrosion_1B', 'skin_irritation_3', 'eye_damage_1', 'eye_irritation_2A', 'skin_sensitization_1B', 'aquatic_chronic_3']","['oral', 'dermal', 'inhalation']",aquatic_chronic,"['H227', 'H301', 'H302', 'H303', 'H311', 'H313', 'H314', 'H315', 'H316', 'H317', 'H318', 'H319', 'H332', 'H401', 'H412']",4.0,HIGH,sds_section2,research/toxicology,,,unknown,unknown,HIGH,source_filename,,RESEARCH_ONLY,not_registered,False,,sds_full,HIGH,source_filename,100.0,0.0,Benzyl acetate,multi_7p,medium,inconsistent,5.0,LOW,workbook_pct
MIX107,Clincher CA - CYHALOFOP-BUTYL,,unknown,pesticide/herbicide,dilute,MEDIUM,pattern_inferred,WARNING,"['acute_toxicity_oral_4', 'aquatic_acute_1']",['oral'],aquatic_acute,"['H302', 'H400']",3.0,HIGH,snippet_keywords,agricultural/herbicide,"['weeds', 'grasses']",['rice'],spray,post_emergent,HIGH,product_name,,UNKNOWN,not_registered,False,True,sds_full,MEDIUM,reach_text,0.1,99.9,Cyhalofop-butyl,single,ultra_low,exact,1.0,HIGH,workbook_pct
MIX1070,Bergamot oil rectified,EC,liquid,consumer_product,concentrate,HIGH,sec_formulation_code,DANGER,"['flammable_liquid_3', 'skin_irritation_2', 'skin_sensitization_1', 'aspiration_hazard_1', 'aquatic_chronic_1']",['none_identified'],aquatic_acute_and_chronic,"['H226', 'H315', 'H317', 'H304', 'H410']",4.0,HIGH,sds_section2,research/toxicology,,,unknown,unknown,HIGH,source_filename,,RESEARCH_ONLY,not_registered,False,,sds_full,HIGH,source_filename,95.0,5.0,Bergamot oil rectified,single,very_high,exact,1.0,MEDIUM,workbook_pct
MIX1071,Ambergris tincture,,liquid,consumer_product,concentrate,MEDIUM,pattern_inferred,WARNING,"['flammable_liquid_2', 'skin_irritation_2', 'eye_damage_1', 'eye_irritation_2A', 'respiratory_sensitization_1A', 'stot_repeated_1']",['none_identified'],none,"['H225', 'H315', 'H318', 'H319', 'H334', 'H372']",4.0,MEDIUM,snippet_keywords,research/toxicology,,,unknown,unknown,HIGH,source_filename,,RESEARCH_ONLY,not_registered,False,,sds_full,HIGH,source_filename,3.0,97.0,Benzoic Acid,binary,ultra_low,inconsistent,2.0,MEDIUM,workbook_pct
MIX1072,"Bitter fennel, mix",EC,liquid,consumer_product,concentrate,HIGH,sec_formulation_code,DANGER,"['aspiration_hazard_1', 'skin_irritation_2', 'skin_sensitization_1', 'germ_cell_mutagenicity_2', 'carcinogenicity_2', 'aquatic_acute_1', 'aquatic_chronic_1']",['oral'],aquatic_acute_and_chronic,"['H304', 'H315', 'H317', 'H341', 'H351', 'H410']",5.0,HIGH,sds_section2,research/toxicology,,,unknown,unknown,HIGH,source_filename,,RESEARCH_ONLY,not_registered,False,,sds_full,HIGH,source_filename,100.0,0.0,Anethole,multi_4_6,medium,inconsistent,4.0,MEDIUM,workbook_pct
MIX1073,Costus oil,,liquid,consumer_product,concentrate,MEDIUM,pattern_inferred,UNKNOWN,[],['none_identified'],unknown,[],0.0,LOW,no_basis,research/toxicology,,,unknown,unknown,HIGH,source_filename,,RESEARCH_ONLY,not_registered,,,product_page,HIGH,source_filename,100.0,0.0,Costus oil,ternary,very_high,inconsistent,3.0,LOW,workbook_pct
MIX1074,"Cinnamon bark oil, ""Ceylon mix""",,liquid,consumer_product,unknown,LOW,no_basis,UNKNOWN,[],['none_identified'],unknown,[],0.0,LOW,no_basis,research/toxicology,,,unknown,unknown,HIGH,source_filename,,RESEARCH_ONLY,not_registered,,,sds_full,HIGH,source_filename,,,Cinnamon bark oil Ceylon,single,unknown,none,1.0,LOW,no_basis
MIX1075,Cinnamon bark oil,,liquid,consumer_product,concentrate,MEDIUM,evidence_snippet,DANGER,"['skin_corrosion_irritation_2', 'skin_sensitization_1A', 'eye_irritation_2A', 'carcinogenicity_1B', 'aquatic_chronic_3']",['oral'],aquatic_chronic,"['H315', 'H317', 'H319', 'H350', 'H412']",5.0,HIGH,sds_section2,research/toxicology,,,unknown,unknown,HIGH,source_filename,,RESEARCH_ONLY,not_registered,False,,sds_full,HIGH,source_filename,100.0,0.0,Cinnamic Aldehyde,multi_7p,high,inconsistent,5.0,MEDIUM,workbook_pct
MIX1076,"Balsam peru, mix",EC,liquid,consumer_product,dilute,MEDIUM,sec_formulation_code,UNKNOWN,[],['none_identified'],unknown,[],0.0,LOW,no_basis,research/toxicology,,,unknown,unknown,HIGH,source_filename,,RESEARCH_ONLY,not_registered,False,,unknown,HIGH,source_filename,0.4,99.6,Peru balsam,single,ultra_low,exact,1.0,MEDIUM,workbook_pct
MIX1077,Fluorinated graphite,UNKNOWN,powder,industrial_chemical,unknown,MEDIUM,pattern_inferred,UNKNOWN,[],['none_identified'],unknown,[],0.0,LOW,no_basis,study/skin_sensitization,,,unknown,unknown,HIGH,source_filename,,RESEARCH_ONLY,not_registered,False,True,sds_partial,HIGH,source_filename,50.0,50.0,Graphite Fluoride,single,high,inconsistent,1.0,,
MIX1078,Etoxazole (S-1283),UNKNOWN,unknown,pesticide/insecticide,unknown,LOW,no_basis,WARNING,"['acute_toxicity_inhalation_4', 'aquatic_acute_1', 'aquatic_chronic_1']",['inhalation'],aquatic_acute_and_chronic,"['H332', 'H410']",3.0,HIGH,sds_section2,study/skin_sensitization,,,unknown,unknown,HIGH,source_filename,,RESEARCH_ONLY,not_registered,False,False,sds_partial,HIGH,rnd_use_only,50.0,50.0,Etoxazole,single,high,inconsistent,1.0,,
MIX108,Cloak Ex Herbicide,UNKNOWN,powder,pesticide/herbicide,concentrate,HIGH,name_explicit,UNKNOWN,[],['none_identified'],unknown,[],0.0,LOW,no_basis,agricultural/herbicide,"['weeds', 'broadleaf']",,spray,pre_emergent,HIGH,product_name,,UNKNOWN,unknown,False,False,sds_full,MEDIUM,composition_section,,,Metribuzin,multi_4_6,unknown,none,4.0,,
MIX109,Chateau Herbicide,UNKNOWN,unknown,pesticide/herbicide,concentrate,HIGH,name_explicit,NONE,[],['none_identified'],none,[],1.0,MEDIUM,snippet_keywords,agricultural/herbicide,['weeds'],,spray,pre_emergent,HIGH,product_name,,UNKNOWN,unknown,False,False,sds_full,MEDIUM,composition_section,50.0,50.0,flumioxazin,ternary,high,approximate,3.0,,
MIX11,Acticide SR 8213 C,UNKNOWN,liquid,industrial_chemical,concentrate,MEDIUM,pattern_inferred,DANGER,[],['none_identified'],unknown,[],4.0,MEDIUM,snippet_keywords,industrial/chemical,"['bacteria', 'fungi', 'mold']","['adhesives', 'coatings', 'construction materials', 'dispersed coatings']",systemic,preventive,HIGH,source_text,67071-74,US_EPA,registered_cancelled,True,False,product_page,HIGH,epa_reg_found,10.0,90.0,"1,2-benzisothiazolin-3-one",single,low,exact,1.0,,
MIX110,Clodinafop 240 EC,EC,liquid,pesticide/herbicide,concentrate,HIGH,name_explicit,DANGER,"['acute_toxicity_oral_4', 'skin_sensitization_1', 'stot_repeated_2', 'aquatic_acute_1', 'aquatic_chronic_1', 'reproductive_toxicity_1B', 'skin_irritation_2', 'eye_irritation_2', 'stot_single_3', 'flammable_liquid_4']",['oral'],aquatic_acute_and_chronic,"['H302', 'H317', 'H373', 'H400', 'H410', 'H360', 'H315', 'H319', 'H335']",5.0,HIGH,snippet_keywords,agricultural/herbicide,"['weeds', 'grasses']",,spray,post_emergent,HIGH,ingredient_inference,,UNKNOWN,unknown,False,False,sds_full,MEDIUM,composition_section,40.7,59.3,Clodinafop-propargyl,ternary,medium,inconsistent,3.0,,
MIX111,Cheminova Abamectin,UNKNOWN,liquid,pesticide/insecticide,concentrate,HIGH,evidence_snippet,DANGER,['carcinogenicity'],['oral'],unknown,[],5.0,HIGH,sds_section2,agricultural/insecticide,"['mites', 'insects']",,spray,contact,HIGH,product_name,67760-71,US_EPA,registered_active,False,False,sds_full,HIGH,epa_reg_found,4.0,96.0,n-Methyl-2-pyrrolidone,ternary,ultra_low,partial,3.0,,
MIX112,Clothiandin 600 FS,FS,suspension,pesticide/insecticide,concentrate,HIGH,name_explicit,UNKNOWN,[],['none_identified'],unknown,[],0.0,LOW,no_basis,agricultural/seed_treatment,"['insects', 'aphids']",,seed_treatment,systemic,HIGH,product_name,,RESEARCH_ONLY,not_registered,False,False,unknown,LOW,source_filename,,,Clothianidin,single,unknown,none,1.0,,
MIX113,Cheminova Nicosulfuron,UNKNOWN,unknown,pesticide/herbicide,concentrate,MEDIUM,pattern_inferred,WARNING,"['skin_irritation_2', 'eye_damage_1', 'aquatic_chronic_2', 'aquatic_acute_1', 'aquatic_chronic_1']",['none_identified'],aquatic_acute_and_chronic,"['H315', 'H318', 'H411', 'H400', 'H410']",3.0,HIGH,snippet_keywords,agricultural/herbicide,['weeds'],,spray,post_emergent,HIGH,ingredient_inference,,EU_REACH,unknown,False,False,sds_full,MEDIUM,eu_classification,25.0,75.0,Nicosulfuron,multi_4_6,medium,partial,4.0,,
MIX114,Clothianidin,UNKNOWN,unknown,pesticide/insecticide,unknown,LOW,no_basis,UNKNOWN,[],['none_identified'],unknown,[],0.0,LOW,no_basis,agricultural/insecticide,"['insects', 'aphids']",,spray,systemic,HIGH,ingredient_inference,,RESEARCH_ONLY,not_registered,False,False,unknown,LOW,source_filename,,,Clothianidin,single,unknown,none,1.0,,
MIX115,Clutch 50 WDG,WDG,granule,pesticide/insecticide,concentrate,HIGH,name_explicit,UNKNOWN,[],['none_identified'],unknown,[],0.0,LOW,no_basis,agricultural/insecticide,"['insects', 'aphids']",,spray,systemic,HIGH,ingredient_inference,,UNKNOWN,unknown,True,False,sds_full,MEDIUM,active_declared,,,Clothianidin,binary,unknown,none,2.0,,
MIX116,Copper Oxide,EC,powder,industrial_chemical,unknown,HIGH,evidence_snippet,WARNING,"['aquatic_acute_1', 'aquatic_chronic_1']",['none_identified'],aquatic_acute_and_chronic,"['H400', 'H410']",3.0,HIGH,sds_section2,agricultural/fungicide,['fungi'],,spray,preventive,MEDIUM,ingredient_inference,,EU_REACH,unknown,False,True,sds_full,HIGH,reach_text,50.0,50.0,Copper oxide,single,high,inconsistent,1.0,,
MIX117,Co-Ral 1% Dust,UNKNOWN,powder,pesticide/insecticide,ready-to-use,HIGH,name_explicit,WARNING,['carcinogenicity_1A'],['none_identified'],none,['H350'],5.0,HIGH,snippet_keywords,veterinary,"['flies', 'lice', 'ticks']",['animal quarters'],topical,contact,HIGH,product_name,,UNKNOWN,unknown,False,False,sds_full,LOW,composition_section,,,Coumaphos,single,ultra_low,none,1.0,,
MIX118,CruiserMaxx Rice,UNKNOWN,liquid,pesticide/insecticide,concentrate,MEDIUM,pattern_inferred,NONE,[],['none_identified'],none,[],1.0,MEDIUM,snippet_keywords,agricultural/seed_treatment,['insects'],['rice'],seed_treatment,systemic,HIGH,product_name,,UNKNOWN,unknown,False,False,sds_full,LOW,composition_section,100.0,0.0,Glycerin,multi_4_6,very_high,exact,4.0,,
MIX119,Co-Ral 25% Wettable Powder,WP,powder,pesticide/insecticide,concentrate,HIGH,name_explicit,UNKNOWN,[],['none_identified'],unknown,[],0.0,LOW,no_basis,veterinary,"['horn flies', 'face flies', 'lice', 'ticks']","['beef cattle', 'dairy cattle', 'hogs', 'horses']",spray,contact,HIGH,source_text,11556-23,US_EPA,registered_active,True,False,epa_label,HIGH,epa_reg_found,11.6,88.4,phosphorothioate,binary,medium,partial,2.0,,
MIX12,Abacus LoV Agricultural Miticide/Insecticide,UNKNOWN,liquid,pesticide/insecticide,concentrate,HIGH,name_explicit,UNKNOWN,[],['none_identified'],unknown,[],0.0,LOW,no_basis,agricultural/insecticide,"['mites', 'insects']",,spray,contact,HIGH,product_name,,UNKNOWN,unknown,False,False,sds_full,MEDIUM,composition_section,,,Abamectin,ternary,unknown,none,3.0,,
MIX120,Co-Ral 3% Spray Foam,UNKNOWN,liquid,pesticide/insecticide,ready-to-use,HIGH,name_explicit,UNKNOWN,[],['none_identified'],unknown,[],0.0,LOW,no_basis,veterinary,"['flies', 'lice', 'ticks']",['animal quarters'],spray,contact,HIGH,product_name,,UNKNOWN,unknown,False,False,sds_full,MEDIUM,composition_section,6.15,93.85,Coumaphos Technical,ternary,low,approximate,3.0,,
MIX121,Co-Ral 4% Pour-On,UNKNOWN,liquid,pesticide/insecticide,ready-to-use,HIGH,name_explicit,UNKNOWN,[],['none_identified'],unknown,[],0.0,LOW,no_basis,veterinary,"['flies', 'lice', 'ticks']","['beef cattle', 'dairy cattle']",topical,contact,HIGH,product_name,,UNKNOWN,unknown,False,False,sds_full,MEDIUM,composition_section,1.0,95.0,Coumaphos Technical,binary,low,exact,2.0,,
MIX122,Cryocide 20,UNKNOWN,liquid,cleaning_disinfectant,concentrate,MEDIUM,pattern_inferred,UNKNOWN,[],['none_identified'],unknown,[],0.0,LOW,no_basis,public_health/disinfectant,"['bacteria', 'viruses']",,spray,contact,HIGH,ingredient_inference,,UNKNOWN,unknown,False,False,sds_full,MEDIUM,composition_section,1.5,99.0,Sodium chlorite,ternary,low,approximate,3.0,,
MIX123,Co-Ral Emulsifiable Livestock Insecticide,EC,liquid,pesticide/insecticide,concentrate,HIGH,name_explicit,DANGER,[],['none_identified'],unknown,[],4.0,MEDIUM,snippet_keywords,veterinary,"['horn flies', 'face flies', 'lice', 'ticks']","['beef cattle', 'dairy cattle', 'hogs', 'horses']",spray,contact,HIGH,source_text,11556-23,US_EPA,registered_active,True,False,product_page,HIGH,epa_reg_found,11.6,88.4,Coumaphos,ternary,medium,exact,3.0,,
MIX124,CSI Imidacloprid + Fipronil SC,SC,suspension,pesticide/insecticide,concentrate,HIGH,name_explicit,UNKNOWN,[],['none_identified'],unknown,[],0.0,LOW,no_basis,agricultural/insecticide,"['insects', 'termites']",,spray,systemic,HIGH,ingredient_inference,,UNKNOWN,unknown,False,False,sds_full,MEDIUM,composition_section,2.0,98.0,Imidacloprid,single,low,partial,1.0,,
MIX125,Coronet Fungicide Seed Treatment,UNKNOWN,liquid,pesticide/fungicide,concentrate,HIGH,name_explicit,UNKNOWN,[],['none_identified'],unknown,[],0.0,LOW,no_basis,agricultural/seed_treatment,['fungi'],,seed_treatment,preventive,HIGH,product_name,,UNKNOWN,unknown,False,False,sds_full,MEDIUM,composition_section,27.0,73.0,Boscalid,multi_4_6,medium,approximate,4.0,,
MIX126,CSI Lambda 25 CS,CS,suspension,pesticide/insecticide,concentrate,HIGH,name_explicit,WARNING,"['acute_toxicity_oral_4', 'acute_toxicity_inhalation_4', 'skin_sensitization_1B', 'carcinogenicity_2', 'aspiration_hazard']","['oral', 'inhalation']",unknown,[],4.0,MEDIUM,snippet_keywords,agricultural/insecticide,['insects'],,spray,contact,HIGH,ingredient_inference,,UNKNOWN,unknown,False,False,sds_full,MEDIUM,composition_section,,,Lambda-cyhalothrin,binary,unknown,none,2.0,,
MIX127,CTN E-PRO 720 Fungicide,UNKNOWN,liquid,pesticide/fungicide,concentrate,HIGH,name_explicit,UNKNOWN,[],['none_identified'],unknown,[],0.0,LOW,no_basis,agricultural/fungicide,['fungi'],,spray,preventive,HIGH,product_name,,UNKNOWN,unknown,False,False,sds_full,MEDIUM,composition_section,54.0,46.0,Chlorothalonil,ternary,high,partial,3.0,,
MIX128,DuPont Curzate 60DF,UNKNOWN,powder,pesticide/fungicide,concentrate,MEDIUM,pattern_inferred,WARNING,"['skin_irritation_2', 'eye_irritation_2', 'stot_repeated_2', 'aquatic_acute_1', 'aquatic_chronic_1']",['none_identified'],aquatic_acute_and_chronic,"['H315', 'H319', 'H373', 'H400', 'H410']",3.0,HIGH,snippet_keywords,agricultural/fungicide,"['fungi', 'mold']",,spray,curative,HIGH,ingredient_inference,,EU_REACH,unknown,False,False,sds_full,MEDIUM,eu_classification,65.0,35.0,Cymoxanil,binary,very_high,partial,2.0,,
MIX129,CPPU Plant Growth Regulator,UNKNOWN,unknown,pesticide/other,unknown,LOW,pattern_inferred,NONE,[],['none_identified'],none,[],1.0,MEDIUM,snippet_keywords,agricultural/other,,,spray,systemic,MEDIUM,product_name,,RESEARCH_ONLY,not_registered,False,,sds_full,MEDIUM,source_filename,,,Forchlorfenuron,single,unknown,none,1.0,LOW,name_inference
MIX13,Abamectin B1a,UNKNOWN,liquid,pesticide/insecticide,concentrate,MEDIUM,pattern_inferred,UNKNOWN,[],['none_identified'],unknown,[],0.0,LOW,no_basis,agricultural/insecticide,"['mites', 'insects']",,spray,contact,HIGH,ingredient_inference,,UNKNOWN,unknown,,,sds_partial,LOW,no_basis,1.0,,Abamectin (combination of avermectin B1a and 5-2.0),ternary,ultra_low,partial,3.0,MEDIUM,workbook_pct
MIX130,Cyazofamid Fungicide,UNKNOWN,unknown,pesticide/fungicide,concentrate,MEDIUM,name_explicit,UNKNOWN,[],['none_identified'],unknown,[],0.0,LOW,no_basis,agricultural/fungicide,['fungi'],,spray,preventive,HIGH,product_name,,US_EPA,unknown,False,False,sds_partial,MEDIUM,source_filename,34.5,65.5,Cyazofamid,single,medium,exact,1.0,HIGH,workbook_pct
MIX131,CruiserMaxx Cereals,UNKNOWN,liquid,pesticide/fungicide,concentrate,MEDIUM,pattern_inferred,NONE,[],['none_identified'],none,[],1.0,MEDIUM,snippet_keywords,agricultural/seed_treatment,"['fungi', 'insects']","['cereals', 'wheat', 'barley']",seed_treatment,systemic,HIGH,product_name,,US_EPA,unknown,False,False,sds_full,MEDIUM,source_filename,99.3,0.7,Glycerin,multi_4_6,very_high,exact,4.0,HIGH,workbook_pct
MIX132,CYFLU,UNKNOWN,unknown,pesticide/insecticide,concentrate,MEDIUM,pattern_inferred,UNKNOWN,[],['none_identified'],unknown,[],0.0,LOW,no_basis,agricultural/insecticide,['insects'],,spray,contact,HIGH,ingredient_inference,,UNKNOWN,not_registered,False,False,sds_full,MEDIUM,source_filename,98.0,2.0,Cyfluthrin,single,very_high,exact,1.0,HIGH,workbook_pct
MIX133,Cyflufenamid Fungicide,SC,suspension,pesticide/fungicide,concentrate,HIGH,evidence_snippet,WARNING,['aquatic_chronic_2'],['none_identified'],aquatic_chronic,['H411'],2.0,HIGH,sds_section2,agricultural/fungicide,"['fungi', 'mildew']",,spray,preventive,HIGH,ingredient_inference,,EU_REACH,unknown,False,False,sds_full,MEDIUM,reach_text,0.05,99.95,"1,2-Benzisothiazol-3(2H)-one",single,ultra_low,exact,1.0,HIGH,workbook_pct
MIX135,Cymoxanil,UNKNOWN,unknown,pesticide/fungicide,unknown,LOW,pattern_inferred,UNKNOWN,[],['none_identified'],unknown,[],0.0,LOW,no_basis,agricultural/fungicide,['fungi'],,spray,systemic,HIGH,ingredient_inference,,EU_REACH,unknown,False,False,sds_partial,MEDIUM,reach_text,,,2-cyano-N-[(ethylamino)carbonyl]-2-(methoxyimino)acetamide,binary,unknown,none,2.0,LOW,no_basis
MIX136,Cypermethrin(96.7%),UNKNOWN,unknown,pesticide/insecticide,concentrate,MEDIUM,pattern_inferred,NONE,[],['none_identified'],none,[],1.0,MEDIUM,sds_section2,agricultural/insecticide,['insects'],,spray,contact,HIGH,ingredient_inference,,RESEARCH_ONLY,not_registered,False,False,chemblink_sigma,HIGH,source_filename,96.7,3.3,Cypermethrin,single,very_high,exact,1.0,HIGH,name_inference
MIX137,Cyproconazole,UNKNOWN,unknown,pesticide/fungicide,concentrate,MEDIUM,pattern_inferred,UNKNOWN,[],['none_identified'],unknown,[],0.0,LOW,no_basis,agricultural/fungicide,['fungi'],,spray,systemic,HIGH,ingredient_inference,,RESEARCH_ONLY,not_registered,False,False,chemblink_sigma,HIGH,source_filename,98.0,2.0,cyproconazole,single,very_high,approximate,1.0,HIGH,source_text
MIX138,Cruiser XL,UNKNOWN,liquid,pesticide/herbicide,concentrate,MEDIUM,pattern_inferred,UNKNOWN,[],['none_identified'],unknown,[],0.0,LOW,no_basis,agricultural/herbicide,"['weeds', 'broadleaf', 'grasses']",,spray,systemic,HIGH,ingredient_inference,,UNKNOWN,unknown,False,False,sds_full,LOW,no_basis,20.0,80.0,Glyphosate,binary,medium,approximate,2.0,MEDIUM,workbook_pct
MIX139,DDVP 2-E Emulsifiable Concentrate,EC,emulsion,pesticide/insecticide,concentrate,HIGH,name_explicit,UNKNOWN,[],['none_identified'],unknown,[],0.0,LOW,no_basis,public_health/disinfectant,"['flies', 'mosquitoes', 'insects']","['residential', 'commercial']",spray,contact,HIGH,ingredient_inference,,UNKNOWN,unknown,False,False,sds_full,LOW,source_filename,,,Dichlorvos,binary,unknown,none,2.0,LOW,no_basis
MIX14,Adage Premier,UNKNOWN,unknown,unknown,unknown,LOW,no_basis,UNKNOWN,[],['none_identified'],unknown,[],0.0,LOW,no_basis,unknown,,,unknown,unknown,LOW,no_basis,,UNKNOWN,unknown,,,unknown,LOW,no_basis,0.1,99.9,,single,ultra_low,exact,1.0,LOW,workbook_pct
MIX140,Deadline Bullets,UNKNOWN,granule,pesticide/other,ready-to-use,MEDIUM,evidence_snippet,NONE,['carcinogenic'],['none_identified'],none,[],1.0,MEDIUM,sds_section2,public_health/disinfectant,"['slugs', 'snails']","['residential', 'ornamental']",bait,contact,HIGH,source_text,5481-507,US_EPA,registered_active,True,False,epa_label,HIGH,epa_reg_found,0.01,99.99,,single,ultra_low,exact,1.0,LOW,workbook_pct
MIX141,Deadly Attraction Permethrin Bait,UNKNOWN,unknown,pesticide/insecticide,unknown,MEDIUM,pattern_inferred,UNKNOWN,[],['none_identified'],unknown,[],0.0,LOW,no_basis,public_health/disinfectant,"['cockroaches', 'insects']","['residential', 'commercial']",bait,contact,HIGH,ingredient_inference,,UNKNOWN,unknown,False,False,sds_full,LOW,no_basis,,,Permethrin (ISO),binary,low,approximate,2.0,MEDIUM,source_text
MIX142,Decis 1.0 Gel,UNKNOWN,gel,pesticide/insecticide,ready-to-use,MEDIUM,name_explicit,DANGER,"['flammable_liquid_3', 'aspiration_hazard_1', 'skin_irritation_2', 'aquatic_chronic_1']",['none_identified'],aquatic_acute_and_chronic,"['H226', 'H304', 'H315', 'H410']",4.0,HIGH,sds_section2,agricultural/insecticide,['insects'],,spray,contact,MEDIUM,product_name,,RESEARCH_ONLY,not_registered,False,False,chemblink_sigma,HIGH,source_filename,,,1-Decene,single,unknown,none,1.0,LOW,name_inference
MIX143,CruiserMaxx Peanuts,UNKNOWN,liquid,pesticide/fungicide,concentrate,MEDIUM,pattern_inferred,UNKNOWN,[],['none_identified'],unknown,[],0.0,LOW,no_basis,agricultural/seed_treatment,"['fungi', 'insects']",['peanuts'],seed_treatment,systemic,HIGH,product_name,,US_EPA,unknown,False,False,sds_full,MEDIUM,source_filename,23.6,76.4,Azoxystrobin,multi_7p,medium,exact,5.0,HIGH,workbook_pct
MIX144,DeerPro Winter Animal Repellant,UNKNOWN,liquid,pesticide/other,ready-to-use,MEDIUM,pattern_inferred,UNKNOWN,[],['none_identified'],unknown,[],0.0,LOW,no_basis,agricultural/other,"['deer', 'rabbits']","['ornamental', 'residential']",spray,residual,HIGH,product_name,,UNKNOWN,unknown,False,False,sds_full,LOW,no_basis,3.0,97.0,Acetic acid,single,low,approximate,1.0,MEDIUM,source_text
MIX145,Densil CA,UNKNOWN,unknown,unknown,unknown,LOW,no_basis,NONE,[],['none_identified'],none,[],1.0,MEDIUM,sds_section2,agricultural/other,,,unknown,unknown,LOW,no_basis,,EU_REACH,unknown,False,False,sds_full,MEDIUM,reach_text,98.0,2.0,SiO2 anhydrous,ternary,very_high,exact,3.0,HIGH,workbook_pct
MIX146,Desmedipham,UNKNOWN,liquid,pesticide/herbicide,concentrate,MEDIUM,pattern_inferred,UNKNOWN,[],['none_identified'],unknown,[],0.0,LOW,no_basis,agricultural/herbicide,"['weeds', 'broadleaf']",,spray,post_emergent,HIGH,ingredient_inference,,EU_REACH,unknown,False,False,sds_full,MEDIUM,reach_text,,,Desmedipham,multi_4_6,unknown,none,4.0,LOW,no_basis
MIX147,Devrinol 2-EC Ornamental Herbicide,EC,emulsion,pesticide/herbicide,concentrate,HIGH,name_explicit,NONE,['carcinogenicity'],['none_identified'],none,[],1.0,MEDIUM,sds_section2,agricultural/herbicide,['weeds'],['ornamental'],spray,pre_emergent,HIGH,product_name,,UNKNOWN,unknown,True,False,sds_full,MEDIUM,source_filename,21.8,78.2,Napropamide,single,medium,exact,1.0,HIGH,workbook_pct
MIX148,Devrinol 2-XT Selective Herbicide,UNKNOWN,unknown,pesticide/herbicide,concentrate,MEDIUM,name_explicit,UNKNOWN,[],['none_identified'],unknown,[],0.0,LOW,no_basis,agricultural/herbicide,['weeds'],,spray,pre_emergent,HIGH,product_name,,US_EPA,unknown,False,False,sds_full,MEDIUM,source_filename,,,Napropamide,ternary,unknown,none,3.0,LOW,no_basis
MIX149,Devrinol 3.75 SC Selective Herbicide,SC,suspension,pesticide/herbicide,concentrate,HIGH,evidence_snippet,WARNING,['aquatic_chronic_1'],['none_identified'],aquatic_acute_and_chronic,['H410'],3.0,HIGH,sds_section2,agricultural/herbicide,['weeds'],,spray,pre_emergent,HIGH,product_name,,EU_REACH,unknown,False,True,sds_full,MEDIUM,reach_text,,,Napropamide,ternary,unknown,none,3.0,LOW,no_basis
MIX15,Abamectin B1b,UNKNOWN,liquid,pesticide/insecticide,concentrate,MEDIUM,pattern_inferred,UNKNOWN,[],['none_identified'],unknown,[],0.0,LOW,no_basis,agricultural/insecticide,"['mites', 'insects']",,spray,contact,HIGH,ingredient_inference,,UNKNOWN,unknown,,,sds_partial,LOW,no_basis,1.0,,Abamectin (combination of avermectin B1a and 5-2.0),ternary,ultra_low,partial,3.0,MEDIUM,workbook_pct
MIX150,Dichloroprop-P,UNKNOWN,unknown,pesticide/herbicide,unknown,LOW,pattern_inferred,UNKNOWN,[],['none_identified'],unknown,[],0.0,LOW,no_basis,agricultural/herbicide,"['weeds', 'broadleaf']",,spray,post_emergent,HIGH,ingredient_inference,,EU_REACH,unknown,False,False,product_page,LOW,reach_text,,,Dichloroprop-P,single,unknown,none,1.0,LOW,name_inference
MIX151,Diflubenzuron VC-90,UNKNOWN,unknown,pesticide/insecticide,concentrate,MEDIUM,pattern_inferred,UNKNOWN,[],['none_identified'],unknown,[],0.0,LOW,no_basis,agricultural/insecticide,['insects'],,spray,systemic,HIGH,ingredient_inference,,RESEARCH_ONLY,not_registered,False,False,chemblink_sigma,HIGH,source_filename,,,Diflubenzuron,single,unknown,none,1.0,LOW,name_inference
MIX152,Dimethoate 400,UNKNOWN,liquid,pesticide/insecticide,concentrate,MEDIUM,pattern_inferred,UNKNOWN,[],['none_identified'],unknown,[],0.0,LOW,no_basis,study/skin_irritation_human,,,unknown,unknown,HIGH,source_filename,,UNKNOWN,unknown,False,,sds_full,LOW,source_filename,82.22,17.78,Dimethoate not listed,binary,very_high,exact,2.0,,
MIX153,DPX-LEM17 50WDG Fungicide,WDG,granule,pesticide/fungicide,concentrate,HIGH,name_explicit,NONE,"['aquatic_chronic_2', 'stot_repeated_2']",['none_identified'],aquatic_chronic,"['H411', 'H373']",2.0,HIGH,sds_section2,agricultural/fungicide,,,unknown,unknown,HIGH,product_name,,UNKNOWN,unknown,False,,sds_full,LOW,source_filename,50.0,50.0,Fenhexamid,single,high,approximate,1.0,,
MIX154,Dimilin,UNKNOWN,unknown,pesticide/insecticide,concentrate,LOW,pattern_inferred,UNKNOWN,[],['none_identified'],unknown,[],0.0,LOW,no_basis,agricultural/insecticide,,,spray,unknown,MEDIUM,ingredient_inference,,UNKNOWN,unknown,False,,sds_full,LOW,source_filename,9.0,91.0,Diflubenzuron,single,low,approximate,1.0,,
MIX155,DPX-MAT28 Herbicide,UNKNOWN,unknown,pesticide/herbicide,concentrate,MEDIUM,name_explicit,UNKNOWN,[],['none_identified'],unknown,[],0.0,LOW,no_basis,agricultural/herbicide,['weeds'],,unknown,unknown,HIGH,product_name,,US_EPA,unknown,False,,sds_full,MEDIUM,source_filename,25.0,75.0,Potassium salt of aminocyclopyrachlor,multi_4_6,medium,exact,4.0,,
MIX156,DPX-X4145 50WG Water-Dispersible Granule Formulation,WG,granule,pesticide/other,concentrate,HIGH,name_explicit,WARNING,"['skin_irritation_2', 'eye_irritation_2', 'stot_single_3']",['inhalation'],none,"['H315', 'H319', 'H335']",2.0,HIGH,sds_section2,study/acute_dermal,,,unknown,unknown,HIGH,source_filename,,RESEARCH_ONLY,not_registered,,,product_page,HIGH,research_use_statement,50.0,50.0,,binary,high,inconsistent,2.0,,
MIX157,Dinotefuran Injectable,UNKNOWN,liquid,pesticide/insecticide,concentrate,MEDIUM,pattern_inferred,UNKNOWN,[],['none_identified'],unknown,[],0.0,LOW,no_basis,study/skin_irritation_human,,,unknown,unknown,HIGH,source_filename,,RESEARCH_ONLY,not_registered,,,sds_full,MEDIUM,source_filename,99.0,1.0,Dinotefuran 202.21 (5)-6767,single,very_high,exact,1.0,,
MIX158,Drexel Suffa-8,UNKNOWN,unknown,pesticide/fungicide,concentrate,LOW,pattern_inferred,WARNING,"['acute_toxicity_inhalation_4', 'eye_irritation_2B']",['inhalation'],none,[],2.0,HIGH,sds_section2,agricultural/fungicide,"['fungi', 'mites']",,spray,preventive,HIGH,ingredient_inference,19713-39,US_EPA,registered_active,True,,sds_full,HIGH,epa_reg_found,52.0,48.0,Sulfur,single,high,inconsistent,1.0,,
MIX159,Dinotefuron(99%),UNKNOWN,powder,pesticide/insecticide,concentrate,MEDIUM,pattern_inferred,UNKNOWN,[],['none_identified'],unknown,[],0.0,LOW,no_basis,study/skin_irritation_human,,,unknown,unknown,HIGH,source_filename,,UNKNOWN,unknown,False,,sds_full,LOW,no_basis,,,Dinotefuran,single,very_high,none,1.0,,
MIX16,Abamectin(92.8%),UNKNOWN,powder,pesticide/insecticide,concentrate,MEDIUM,pattern_inferred,DANGER,"['acute_toxicity_oral_2', 'acute_toxicity_inhalation_1', 'reproductive_toxicity_2', 'stot_repeated_1', 'aquatic_acute_1', 'aquatic_chronic_1']","['oral', 'inhalation']",both,"['H300', 'H330', 'H361d', 'H372', 'H400', 'H410']",5.0,HIGH,snippet_keywords,study/skin_irritation_human,,,unknown,unknown,HIGH,source_filename,,EU_REACH,unknown,False,,sds_full,MEDIUM,reach_text,100.0,0.0,Abamectin,single,very_high,exact,1.0,,
MIX160,Drexel Sulfur 90W,WP,powder,pesticide/fungicide,concentrate,HIGH,name_explicit,UNKNOWN,[],['none_identified'],unknown,[],0.0,LOW,no_basis,agricultural/fungicide,"['fungi', 'mites']",,spray,preventive,HIGH,ingredient_inference,,US_EPA,unknown,True,,sds_full,MEDIUM,active_ingredient_section,90.0,10.0,Elemental Sulfur,binary,very_high,exact,2.0,,
MIX161,Dinotefuron 10SL,SL,liquid,pesticide/insecticide,concentrate,HIGH,name_explicit,UNKNOWN,[],['none_identified'],unknown,[],0.0,LOW,no_basis,agricultural/insecticide,,,unknown,systemic,MEDIUM,ingredient_inference,,UNKNOWN,unknown,False,,sds_full,LOW,no_basis,,,Dinotefuran,single,unknown,none,1.0,,
MIX162,Dropp SC Cotton Defoliant,SC,suspension,pesticide/other,concentrate,HIGH,name_explicit,UNKNOWN,[],['none_identified'],unknown,[],0.0,LOW,no_basis,agricultural/other,,['cotton'],spray,unknown,HIGH,product_name,,UNKNOWN,unknown,False,,sds_full,LOW,source_filename,2.0,98.0,Thidiazuron,multi_4_6,ultra_low,inconsistent,4.0,,
MIX163,DuPont Approach Prima Fungicide,UNKNOWN,unknown,pesticide/fungicide,concentrate,MEDIUM,name_explicit,UNKNOWN,[],['none_identified'],unknown,[],0.0,LOW,no_basis,agricultural/fungicide,['fungi'],,spray,preventive,HIGH,product_name,,UNKNOWN,unknown,False,,sds_full,LOW,source_filename,25.11,74.89,Picoxystrobin,multi_4_6,medium,exact,4.0,,
MIX164,Dupont DPX-KP481 50DF,DF,powder,pesticide/fungicide,concentrate,HIGH,name_explicit,UNKNOWN,[],['none_identified'],unknown,[],0.0,LOW,no_basis,agricultural/fungicide,['fungi'],,spray,preventive,HIGH,ingredient_inference,,UNKNOWN,unknown,False,,sds_full,LOW,source_filename,50.0,50.0,Famoxadone,multi_7p,medium,approximate,5.0,,
MIX165,DuPont Lannate IV Insecticide,UNKNOWN,unknown,pesticide/insecticide,concentrate,MEDIUM,name_explicit,UNKNOWN,[],['none_identified'],unknown,[],0.0,LOW,no_basis,agricultural/insecticide,,,spray,contact,HIGH,product_name,,US_EPA,unknown,False,,sds_full,MEDIUM,source_filename,90.0,10.0,Methomyl,single,very_high,inconsistent,1.0,,
MIX166,DuPont Prevathon Insect Control,UNKNOWN,unknown,pesticide/insecticide,concentrate,MEDIUM,name_explicit,UNKNOWN,[],['none_identified'],unknown,[],0.0,LOW,no_basis,agricultural/insecticide,,,spray,systemic,HIGH,product_name,,US_EPA,unknown,False,,sds_full,MEDIUM,source_filename,5.0,95.0,Chlorantraniliprole,ternary,low,exact,3.0,,
MIX167,Durham Metaldehyde Granules 3.5,GR,granule,pesticide/other,ready-to-use,HIGH,name_explicit,UNKNOWN,[],['none_identified'],unknown,[],0.0,LOW,no_basis,agricultural/other,"['slugs', 'snails']",,bait,contact,HIGH,ingredient_inference,,UNKNOWN,unknown,False,,sds_full,LOW,source_filename,,,Metaldehyde,binary,unknown,none,2.0,,
MIX168,Durivo Insecticide,UNKNOWN,liquid,pesticide/insecticide,concentrate,MEDIUM,name_explicit,UNKNOWN,[],['none_identified'],unknown,[],0.0,LOW,no_basis,agricultural/insecticide,,,systemic,systemic,HIGH,product_name,,UNKNOWN,unknown,,,unknown,LOW,no_basis,2.0,98.0,Thiamethoxam,multi_4_6,ultra_low,inconsistent,4.0,,
MIX169,Dylox 420 SL,SL,liquid,pesticide/insecticide,concentrate,HIGH,name_explicit,UNKNOWN,[],['none_identified'],unknown,[],0.0,LOW,no_basis,agricultural/insecticide,,['turf'],spray,contact,HIGH,ingredient_inference,,UNKNOWN,unknown,False,,sds_full,LOW,source_filename,2.0,98.0,Trichlorfon,binary,ultra_low,partial,2.0,,
MIX17,Abamectin(98%),UNKNOWN,powder,pesticide/insecticide,concentrate,MEDIUM,pattern_inferred,DANGER,"['reproductive_toxicity_2', 'acute_toxicity_oral_2']",['oral'],unknown,"['H361d', 'H300']",4.0,HIGH,snippet_keywords,study/skin_irritation_human,,,unknown,unknown,HIGH,source_filename,,EU_REACH,unknown,False,True,sds_full,MEDIUM,reach_text,97.0,3.0,Name : Abamectin techn. min,binary,very_high,partial,2.0,,
MIX170,Dinotefuron Ant Bait,UNKNOWN,unknown,pesticide/insecticide,ready-to-use,MEDIUM,name_explicit,UNKNOWN,[],['none_identified'],unknown,[],0.0,LOW,no_basis,public_health/insect_repellent,['ants'],['residential'],bait,contact,HIGH,product_name,,UNKNOWN,unknown,False,,sds_full,LOW,source_filename,,,Dinotefuran (-No),binary,unknown,none,2.0,,
MIX171,Dylox 9.3% Insect Granules,GR,granule,pesticide/insecticide,ready-to-use,HIGH,name_explicit,UNKNOWN,[],['none_identified'],unknown,[],0.0,LOW,no_basis,agricultural/insecticide,,['turf'],spray,contact,HIGH,source_text,,UNKNOWN,unknown,,,unknown,LOW,no_basis,9.3,90.7,A straight insect control product for general turf use. Contains Dylox at,binary,low,partial,2.0,,
MIX172,Diuron 4L Liquid Flowable Herbicide,UNKNOWN,liquid,pesticide/herbicide,concentrate,MEDIUM,name_explicit,UNKNOWN,[],['none_identified'],unknown,[],0.0,LOW,no_basis,agricultural/herbicide,['weeds'],,spray,pre_emergent,HIGH,product_name,,UNKNOWN,unknown,False,,sds_full,LOW,source_filename,40.7,59.3,"Diuron 3-(3,4-dichlorophenyl)-1,1-dimethylurea",binary,high,approximate,2.0,,
MIX173,Dynasty Extreme,UNKNOWN,liquid,pesticide/fungicide,concentrate,MEDIUM,pattern_inferred,WARNING,['skin_sensitization_1B'],['none_identified'],none,[],2.0,HIGH,sds_section2,agricultural/fungicide,['fungi'],,seed_treatment,preventive,HIGH,ingredient_inference,,UNKNOWN,unknown,False,,sds_full,LOW,source_filename,11.07,88.93,Azoxystrobin,multi_4_6,low,exact,4.0,,
MIX174,Diuron Herbicide,UNKNOWN,unknown,pesticide/herbicide,concentrate,MEDIUM,name_explicit,UNKNOWN,[],['none_identified'],unknown,[],0.0,LOW,no_basis,agricultural/herbicide,['weeds'],,spray,pre_emergent,HIGH,product_name,,UNKNOWN,unknown,False,,sds_full,LOW,source_filename,80.0,20.0,Diuron,single,very_high,exact,1.0,,
MIX175,Echo 375/Cymoxaanil 50,UNKNOWN,liquid,pesticide/fungicide,concentrate,LOW,no_basis,UNKNOWN,[],['none_identified'],unknown,[],0.0,LOW,,study/skin_irritation_human,,,unknown,unknown,HIGH,,,UNKNOWN,unknown,False,False,sds_partial,LOW,,1.0,,Methanol,ternary,ultra_low,partial,3.0,LOW,workbook_pct
MIX176,Domark 230 ME Fungicide,UNKNOWN,liquid,pesticide/fungicide,concentrate,LOW,pattern_inferred,WARNING,"['aquatic_chronic_2', 'acute_toxicity_oral_4', 'acute_toxicity_inhalation_4']","['oral', 'inhalation']",aquatic_chronic,"['H411', 'H302', 'H332']",3.0,HIGH,,study/skin_irritation_human,,,unknown,unknown,HIGH,,,US_EPA,unknown,False,False,sds_full,LOW,,20.5,79.5,Tetraconazole,single,medium,exact,1.0,HIGH,workbook_pct
MIX177,Double Threat Insecticide,UNKNOWN,liquid,pesticide/insecticide,concentrate,LOW,no_basis,WARNING,"['acute_toxicity_oral_4', 'acute_toxicity_dermal_4']","['oral', 'dermal']",unknown,[],2.0,MEDIUM,,study/skin_irritation_human,,,unknown,unknown,HIGH,,,US_EPA,unknown,True,False,sds_full,MEDIUM,,3.1,,Di(-ethylhexyl)phthalate (DEHP,multi_4_6,ultra_low,partial,4.0,MEDIUM,workbook_pct
MIX178,Ecolife One-Pack,UNKNOWN,liquid,cleaning_disinfectant,unknown,LOW,no_basis,UNKNOWN,[],['none_identified'],unknown,[],0.0,LOW,,study/skin_irritation_human,,,unknown,unknown,HIGH,,,UNKNOWN,unknown,False,False,sds_partial,LOW,,,,"4,5-Dichloro-2-N-octyl-4-isothiazolin-3-one",single,ultra_low,none,1.0,LOW,source_text
MIX179,DP210 Professional Insecticide,UNKNOWN,liquid,pesticide/insecticide,concentrate,LOW,no_basis,UNKNOWN,[],['none_identified'],unknown,[],0.0,LOW,,study/skin_irritation_human,,,unknown,unknown,HIGH,,,US_EPA,unknown,False,False,sds_full,LOW,,,,Deltamethrin,single,unknown,none,1.0,LOW,source_text
MIX18,Advantage Plus 20 for Dogs,UNKNOWN,liquid,pesticide/insecticide,ready-to-use,MEDIUM,pattern_inferred,UNKNOWN,[],['none_identified'],unknown,[],0.0,LOW,,study/acute_dermal,,,unknown,unknown,HIGH,,,UNKNOWN,unknown,False,False,sds_partial,LOW,,20.0,80.0,Benzyl Alcohol,binary,medium,inconsistent,2.0,MEDIUM,workbook_pct
MIX180,DPX-E9636-36,UNKNOWN,unknown,pesticide/herbicide,concentrate,LOW,no_basis,DANGER,"['aquatic_acute_1', 'aquatic_chronic_1', 'skin_corrosion_1B']",['none_identified'],both,"['H400', 'H410', 'H314']",4.0,HIGH,,study/acute_dermal,,,unknown,unknown,HIGH,,,EU_REACH,unknown,False,False,sds_full,MEDIUM,,55.0,45.0,Rimsulfuron,binary,high,exact,2.0,HIGH,workbook_pct
MIX181,DPX-KJM44 80 MUP Herbicide,UNKNOWN,liquid,pesticide/herbicide,concentrate,LOW,pattern_inferred,UNKNOWN,[],['none_identified'],unknown,[],0.0,LOW,,study/skin_irritation_human,,,unknown,unknown,HIGH,,,US_EPA,unknown,False,False,sds_full,LOW,,,,Potassium salt of glyphosate,single,unknown,none,1.0,LOW,source_text
MIX182,DPX-KJM44 Herbicide,UNKNOWN,liquid,pesticide/herbicide,concentrate,LOW,no_basis,WARNING,"['eye_irritation_2', 'stot_single_3']",['none_identified'],unknown,"['H319', 'H335']",3.0,MEDIUM,,study/skin_irritation_human,,,unknown,unknown,HIGH,,,RESEARCH_ONLY,not_registered,False,False,sds_partial,HIGH,,,,,single,unknown,none,1.0,LOW,no_basis
MIX183,Effipro Topical Solution for Dogs,UNKNOWN,liquid,pesticide/insecticide,ready-to-use,HIGH,evidence_snippet,DANGER,"['acute_toxicity_oral_4', 'acute_toxicity_inhalation_4', 'stot_single_1', 'stot_repeated_1']","['oral', 'inhalation']",unknown,"['H302', 'H332', 'H370', 'H372']",2.0,HIGH,,study/skin_irritation_human,,,unknown,unknown,HIGH,,,US_EPA,registered_active,False,False,sds_full,MEDIUM,,12.72,87.28,Fipronil,ternary,low,exact,3.0,HIGH,workbook_pct
MIX184,Encartis Fungicide,UNKNOWN,liquid,pesticide/fungicide,concentrate,LOW,pattern_inferred,UNKNOWN,[],['none_identified'],unknown,[],0.0,LOW,,study/skin_irritation_human,,,unknown,unknown,HIGH,,,US_EPA,unknown,False,False,sds_full,LOW,,54.14,45.86,chlorothalonil,multi_4_6,high,partial,4.0,MEDIUM,workbook_pct
MIX185,EH-1446 Herbicide,UNKNOWN,liquid,pesticide/herbicide,concentrate,LOW,pattern_inferred,UNKNOWN,[],['none_identified'],unknown,[],0.0,LOW,,study/skin_irritation_human,,,unknown,unknown,HIGH,,,US_EPA,unknown,False,False,sds_full,LOW,,,,Isopropylamine salt of glyphosate,single,unknown,none,1.0,LOW,source_text
MIX186,Endigo ZCX,CS,suspension,pesticide/insecticide,concentrate,MEDIUM,pattern_inferred,UNKNOWN,[],['none_identified'],unknown,[],0.0,LOW,,study/skin_irritation_human,,,unknown,unknown,HIGH,,,US_EPA,unknown,False,False,sds_full,LOW,,3.0,,lambda-cyhalothrin,multi_7p,ultra_low,partial,5.0,MEDIUM,workbook_pct
MIX187,ENS-010A,UNKNOWN,liquid,industrial_chemical,concentrate,LOW,evidence_snippet,UNKNOWN,[],['none_identified'],unknown,[],0.0,LOW,,study/acute_dermal,,,unknown,unknown,HIGH,,,UNKNOWN,unknown,False,False,sds_partial,LOW,,195.0,,Edetate Sodium,multi_4_6,very_high,inconsistent,4.0,LOW,workbook_pct
MIX188,Envidor 2 SC,SC,suspension,pesticide/insecticide,concentrate,HIGH,name_explicit,DANGER,"['carcinogenicity_1B', 'reproductive_toxicity_2']",['none_identified'],unknown,"['H350', 'H361f']",5.0,HIGH,,study/skin_irritation_human,,,unknown,unknown,HIGH,,,EU_REACH,unknown,False,False,sds_full,MEDIUM,,,,Spirodiclofen,multi_4_6,unknown,none,4.0,LOW,source_text
MIX189,EH-1479 Herbicide,UNKNOWN,unknown,pesticide/herbicide,unknown,LOW,no_basis,UNKNOWN,[],['none_identified'],unknown,[],0.0,LOW,,study/skin_irritation_human,,,unknown,unknown,HIGH,,,UNKNOWN,unknown,,,unknown,LOW,,,,,single,unknown,none,1.0,LOW,no_basis
MIX19,Absolute 500 SC Fungicide,SC,suspension,pesticide/fungicide,concentrate,HIGH,name_explicit,UNKNOWN,[],['none_identified'],unknown,[],0.0,LOW,,study/skin_irritation_human,,,unknown,unknown,HIGH,,,US_EPA,unknown,False,False,sds_full,LOW,,,,Tebuconazole,ternary,unknown,none,3.0,LOW,source_text
MIX190,"E-Scape Turf & Ornamental Fungicide, Muscle ADV",UNKNOWN,liquid,pesticide/fungicide,concentrate,LOW,no_basis,DANGER,['acute_toxicity_oral_3'],['oral'],unknown,['H301'],4.0,MEDIUM,,study/skin_irritation_human,,,unknown,unknown,HIGH,,,US_EPA,unknown,False,False,sds_full,LOW,,,,Tebuconazole,multi_4_6,unknown,none,4.0,LOW,source_text
MIX191,ET-005,UNKNOWN,liquid,cleaning_disinfectant,concentrate,LOW,no_basis,UNKNOWN,[],['none_identified'],unknown,[],0.0,LOW,,study/skin_irritation_human,,,unknown,unknown,HIGH,,,UNKNOWN,unknown,False,False,sds_partial,LOW,,1.0,,Methanol,ternary,ultra_low,partial,3.0,LOW,workbook_pct
MIX192,ET-751,UNKNOWN,unknown,unknown,unknown,LOW,no_basis,UNKNOWN,[],['none_identified'],unknown,[],0.0,LOW,,study/skin_irritation_human,,,unknown,unknown,HIGH,,,RESEARCH_ONLY,not_registered,False,False,sds_partial,MEDIUM,,,,,single,unknown,none,1.0,LOW,no_basis
MIX193,Ethephon 3# Plant Regulator,UNKNOWN,liquid,pesticide/other,concentrate,LOW,pattern_inferred,UNKNOWN,[],['none_identified'],unknown,[],0.0,LOW,,study/skin_irritation_human,,,unknown,unknown,HIGH,,,UNKNOWN,unknown,False,False,sds_full,LOW,,100.0,0.0,Chlorethephon w/v,binary,very_high,inconsistent,2.0,MEDIUM,workbook_pct
MIX194,Ethofumesate (#N/A),SC,suspension,pesticide/herbicide,concentrate,HIGH,evidence_snippet,WARNING,"['acute_toxicity_oral_4', 'aquatic_acute_1', 'aquatic_chronic_1']",['oral'],both,"['H302', 'H400', 'H410']",2.0,HIGH,,study/acute_dermal,,,unknown,unknown,HIGH,,45002-37-89442,US_EPA,registered_active,True,False,sds_full,HIGH,,,,Ethofumesate,ternary,unknown,none,3.0,LOW,source_text
MIX195,Etoxazole(95.57%),UNKNOWN,powder,pesticide/insecticide,concentrate,LOW,pattern_inferred,UNKNOWN,[],['none_identified'],unknown,[],0.0,LOW,,study/skin_irritation_human,,,unknown,unknown,HIGH,,,UNKNOWN,unknown,False,False,sds_partial,LOW,,90.0,10.0,Etoxazole,single,very_high,approximate,1.0,HIGH,workbook_pct
MIX196,Evercide Total Release Fogger,UNKNOWN,liquid,pesticide/insecticide,ready-to-use,MEDIUM,evidence_snippet,UNKNOWN,[],['none_identified'],unknown,[],0.0,LOW,,study/skin_irritation_human,,,unknown,unknown,HIGH,,,US_EPA,unknown,False,False,sds_full,LOW,,25.35,74.65,Liquefied Petroleum Gas,multi_4_6,medium,partial,4.0,MEDIUM,workbook_pct
MIX197,EH-1488 Herbicide,UNKNOWN,unknown,pesticide/herbicide,unknown,LOW,no_basis,UNKNOWN,[],['none_identified'],unknown,[],0.0,LOW,,study/skin_irritation_human,,,unknown,unknown,HIGH,,,UNKNOWN,unknown,,,sds_partial,LOW,,,,,single,ultra_low,partial,1.0,LOW,workbook_pct
MIX198,F 9328-1EC Herbicide,EC,liquid,pesticide/herbicide,concentrate,HIGH,name_explicit,UNKNOWN,[],['none_identified'],unknown,[],0.0,LOW,no_basis,agricultural/herbicide,"['weeds', 'grasses']","['corn', 'wheat', 'barley', 'cereals']",spray,post_emergent,HIGH,product_name,,RESEARCH_ONLY,not_registered,False,False,sds_full,HIGH,source_filename,14.71,80.99,Fenoxaprop-P-ethyl,multi_4_6,low,exact,4.0,HIGH,workbook_pct
MIX199,F4113 EW Herbicide,EW,emulsion,pesticide/herbicide,concentrate,HIGH,name_explicit,UNKNOWN,[],['none_identified'],aquatic_chronic,[],2.0,MEDIUM,snippet_keywords,agricultural/herbicide,['broadleaf weeds'],"['corn', 'cereals', 'turf']",spray,post_emergent,HIGH,product_name,,US_EPA,registered_active,False,False,epa_label,MEDIUM,source_filename,,,Carfentrazone-ethyl,ternary,unknown,none,3.0,LOW,no_basis
MIX2,Acetochlor,UNKNOWN,unknown,pesticide/herbicide,unknown,LOW,pattern_inferred,WARNING,"['acute_toxicity_oral_4', 'acute_toxicity_inhalation_4', 'skin_irritation_2', 'skin_sensitization_1', 'carcinogenicity_2', 'reproductive_toxicity_2', 'stot_single_3', 'stot_repeated_2', 'aquatic_acute_1', 'aquatic_chronic_1']","['oral', 'inhalation']",both,"['H302', 'H332', 'H315', 'H317', 'H351', 'H361f', 'H335', 'H373', 'H400', 'H410']",4.0,HIGH,sds_section2,agricultural/herbicide,"['weeds', 'grasses']","['corn', 'soybean']",spray,pre_emergent,HIGH,ingredient_inference,,EU_REACH,registered_active,False,False,sds_full,MEDIUM,ghs_classification,,,Acetochlor,single,unknown,none,1.0,MEDIUM,name_inference
MIX20,AE 0172747,UNKNOWN,unknown,pesticide/herbicide,unknown,LOW,pattern_inferred,UNKNOWN,[],['none_identified'],unknown,[],0.0,LOW,no_basis,agricultural/herbicide,"['broadleaf weeds', 'grasses']",['corn'],spray,post_emergent,MEDIUM,ingredient_inference,,RESEARCH_ONLY,not_registered,,False,product_page,HIGH,source_filename,,,Tembotrione,single,unknown,none,1.0,MEDIUM,name_inference
MIX200,F8028-3 Insecticide,UNKNOWN,unknown,pesticide/insecticide,unknown,MEDIUM,name_explicit,UNKNOWN,[],['none_identified'],unknown,[],0.0,LOW,no_basis,agricultural/insecticide,"['mites', 'aphids']","['fruits', 'vegetables', 'ornamental']",spray,contact,HIGH,product_name,,RESEARCH_ONLY,not_registered,False,False,sds_full,HIGH,source_filename,,,Tau-fluvalinate,ternary,unknown,none,3.0,MEDIUM,name_inference
MIX201,EH-1534 Herbicide,WG,powder,pesticide/herbicide,concentrate,HIGH,pattern_inferred,UNKNOWN,[],['none_identified'],unknown,[],0.0,LOW,no_basis,agricultural/herbicide,"['broadleaf weeds', 'grasses']",['corn'],spray,post_emergent,HIGH,product_name,,RESEARCH_ONLY,not_registered,False,False,sds_full,HIGH,source_filename,45.7,35.5,Mesotrione,multi_4_6,high,approximate,4.0,MEDIUM,workbook_pct
MIX202,Fanfare 2 SC,SC,suspension,pesticide/insecticide,concentrate,HIGH,name_explicit,UNKNOWN,[],['none_identified'],aquatic_chronic,[],2.0,MEDIUM,snippet_keywords,agricultural/insecticide,"['termites', 'ants', 'beetles', 'aphids']","['residential', 'commercial', 'agricultural']",spray,residual,HIGH,ingredient_inference,,RESEARCH_ONLY,not_registered,False,False,sds_full,HIGH,source_filename,22.6,,Bifenthrin,multi_4_6,medium,approximate,4.0,MEDIUM,workbook_pct
MIX203,Fenhexamid(95.5%),EC,liquid,pesticide/fungicide,concentrate,HIGH,sec_explicit,WARNING,['aquatic_chronic_2'],['none_identified'],aquatic_chronic,['H411'],2.0,HIGH,sds_section2,agricultural/fungicide,"['fungi', 'mold', 'blight']","['grapes', 'berries', 'vegetables']",spray,preventive,HIGH,ingredient_inference,,EU_REACH,registered_active,False,True,sds_full,HIGH,reach_text,80.0,3.0,Fenhexamid,single,very_high,partial,1.0,MEDIUM,workbook_pct
MIX204,Fenpropimorph,EC,liquid,pesticide/fungicide,concentrate,HIGH,pattern_inferred,WARNING,"['acute_toxicity_inhalation_4', 'skin_irritation_2', 'reproductive_toxicity_2', 'aquatic_acute_1', 'aquatic_chronic_1']",['inhalation'],both,"['H315', 'H332', 'H400', 'H410']",3.0,HIGH,sds_section2,agricultural/fungicide,"['fungi', 'rust', 'mildew']","['cereals', 'wheat', 'barley']",spray,systemic,HIGH,source_text,,EU_REACH,registered_active,False,False,sds_full,MEDIUM,ec_regulation,79.8,25.0,Fenpropimorph,ternary,very_high,inconsistent,3.0,MEDIUM,workbook_pct
MIX205,First Choice Foliar Supreme Fungicide,UNKNOWN,unknown,pesticide/fungicide,unknown,MEDIUM,name_explicit,NONE,[],['none_identified'],none,[],1.0,HIGH,snippet_keywords,agricultural/fungicide,"['fungi', 'mold']","['vegetables', 'fruits', 'ornamental']",spray,preventive,HIGH,product_name,,RESEARCH_ONLY,not_registered,False,False,sds_full,HIGH,source_filename,,,Monopotassium Phosphate,binary,unknown,none,2.0,LOW,name_inference
MIX206,EI-785 Insecticide,UNKNOWN,liquid,pesticide/insecticide,unknown,MEDIUM,pattern_inferred,UNKNOWN,[],['none_identified'],unknown,[],0.0,LOW,no_basis,public_health/insect_repellent,"['mosquitoes', 'flies', 'cockroaches']","['residential', 'commercial']",spray,residual,HIGH,product_name,,RESEARCH_ONLY,not_registered,False,False,sds_full,HIGH,source_filename,,85.0,Clothianidin,multi_4_6,low,partial,4.0,LOW,source_text
MIX207,Fitness Fungicide,EC,liquid,pesticide/fungicide,concentrate,HIGH,pattern_inferred,UNKNOWN,[],['none_identified'],unknown,[],0.0,LOW,no_basis,agricultural/fungicide,"['fungi', 'rust', 'blight']","['turf', 'ornamental', 'cereals']",spray,systemic,HIGH,product_name,,RESEARCH_ONLY,not_registered,False,False,sds_full,HIGH,source_filename,45.85,,Propiconazole,binary,high,approximate,2.0,MEDIUM,source_text
MIX208,Emamectin Benzoate,UNKNOWN,unknown,pesticide/insecticide,unknown,LOW,no_basis,UNKNOWN,[],['none_identified'],unknown,[],0.0,LOW,no_basis,agricultural/insecticide,"['mites', 'beetles', 'caterpillars']","['vegetables', 'fruits', 'ornamental']",spray,systemic,HIGH,ingredient_inference,,UNKNOWN,unknown,False,False,sds_full,LOW,no_basis,,,Emamectin Benzoate,single,unknown,none,1.0,MEDIUM,name_inference
MIX209,Flonicamid Insecticide,UNKNOWN,unknown,pesticide/insecticide,unknown,MEDIUM,name_explicit,UNKNOWN,[],['none_identified'],unknown,[],0.0,LOW,no_basis,agricultural/insecticide,"['aphids', 'whiteflies', 'mealybugs']","['vegetables', 'fruits', 'ornamental']",spray,systemic,HIGH,product_name,,UNKNOWN,unknown,,False,unknown,LOW,no_basis,,,Flonicamid,binary,unknown,none,2.0,MEDIUM,name_inference
MIX21,Accent SC,SC,suspension,pesticide/herbicide,concentrate,HIGH,name_explicit,UNKNOWN,"['aquatic_acute_1', 'aquatic_chronic_1', 'skin_irritation_2', 'eye_irritation_2']",['none_identified'],both,"['H400', 'H410', 'H315', 'H319']",3.0,MEDIUM,snippet_keywords,agricultural/herbicide,"['grasses', 'broadleaf weeds']",['corn'],spray,post_emergent,HIGH,ingredient_inference,,EU_REACH,registered_active,False,True,sds_full,HIGH,reach_text,75.0,5.0,Nicosulfuron,binary,very_high,exact,2.0,HIGH,workbook_pct
MIX210,"Flower, Rose, & Shrub Care II",RTU,unknown,pesticide/insecticide,ready-to-use,MEDIUM,pattern_inferred,UNKNOWN,[],['none_identified'],unknown,[],0.0,LOW,no_basis,agricultural/insecticide,"['japanese beetles', 'beetles']","['roses', 'flowers', 'shrubs', 'ornamental']",spray,contact,HIGH,source_text,,UNKNOWN,unknown,,False,unknown,LOW,no_basis,100.0,,,single,unknown,inconsistent,1.0,LOW,workbook_pct
MIX211,Fluopyram 500 SC,SC,suspension,pesticide/fungicide,concentrate,HIGH,name_explicit,DANGER,"['aquatic_chronic_2', 'acute_toxicity_oral_4', 'acute_toxicity_inhalation_2', 'skin_irritation_2', 'eye_damage_1', 'skin_sensitization_1A']","['oral', 'inhalation']",aquatic_chronic,"['H411', 'H302', 'H330', 'H315', 'H318', 'H317']",4.0,HIGH,snippet_keywords,agricultural/fungicide,"['fungi', 'blight', 'mold']","['vegetables', 'fruits']",spray,systemic,HIGH,ingredient_inference,,EU_REACH,registered_active,False,True,sds_full,HIGH,reach_text,,,Fluopyram,ternary,unknown,none,3.0,MEDIUM,name_inference
MIX212,Fluoxastrobin,UNKNOWN,unknown,pesticide/fungicide,unknown,LOW,no_basis,UNKNOWN,[],['none_identified'],unknown,[],0.0,LOW,sds_section2,agricultural/fungicide,"['fungi', 'rust', 'mildew']","['cereals', 'vegetables']",spray,preventive,MEDIUM,ingredient_inference,,RESEARCH_ONLY,not_registered,False,False,sds_full,HIGH,for_rd_use_only,,,Fluoxastrobin,single,unknown,none,1.0,MEDIUM,name_inference
MIX213,Flutolanil 40SC Fungicide,SC,suspension,pesticide/fungicide,concentrate,HIGH,name_explicit,UNKNOWN,[],['none_identified'],unknown,[],0.0,LOW,no_basis,agricultural/fungicide,"['fungi', 'blight']","['turf', 'ornamental']",spray,preventive,HIGH,product_name,71711-28,US_EPA,registered_active,False,False,sds_full,HIGH,epa_reg_found,40.0,6.1,Flutolanil,multi_4_6,high,approximate,4.0,HIGH,workbook_pct
MIX214,Fluazasulfuron 25WG,WG,granule,pesticide/herbicide,concentrate,HIGH,name_explicit,UNKNOWN,[],['none_identified'],unknown,[],0.0,LOW,no_basis,agricultural/herbicide,"['weeds', 'grasses']","['turf', 'ornamental']",spray,pre_emergent,HIGH,ingredient_inference,,RESEARCH_ONLY,not_registered,True,False,sds_full,HIGH,source_filename,25.0,,Flazasulfuron,binary,medium,partial,2.0,MEDIUM,source_text
MIX215,Flutriafol,UNKNOWN,unknown,pesticide/fungicide,unknown,LOW,no_basis,UNKNOWN,[],['none_identified'],unknown,[],0.0,LOW,no_basis,agricultural/fungicide,"['fungi', 'rust', 'mildew']","['cereals', 'fruits']",spray,systemic,MEDIUM,ingredient_inference,,RESEARCH_ONLY,not_registered,False,False,sds_full,HIGH,source_filename,,20.0,Flutriafol,ternary,unknown,partial,3.0,LOW,workbook_pct
MIX216,Folicur,UNKNOWN,unknown,pesticide/fungicide,unknown,LOW,no_basis,UNKNOWN,[],['none_identified'],unknown,[],0.0,LOW,no_basis,agricultural/fungicide,"['fungi', 'rust', 'blight']","['cereals', 'fruits', 'vegetables']",spray,systemic,HIGH,product_name,,RESEARCH_ONLY,not_registered,False,False,sds_full,HIGH,source_filename,,,Tebuconazole,single,unknown,none,1.0,MEDIUM,name_inference
MIX217,Folicur 1. 2 emulsifiable concentrate(16.6),EC,liquid,pesticide/fungicide,concentrate,HIGH,name_explicit,UNKNOWN,[],['none_identified'],unknown,[],0.0,LOW,no_basis,agricultural/fungicide,"['fungi', 'rust', 'blight']","['cereals', 'fruits', 'vegetables']",spray,systemic,HIGH,product_name,,UNKNOWN,unknown,,False,unknown,LOW,no_basis,,1.0,Tebuconazole,multi_4_6,medium,partial,4.0,MEDIUM,workbook_pct
MIX218,Fluazinam,UNKNOWN,unknown,pesticide/fungicide,unknown,LOW,no_basis,UNKNOWN,[],['none_identified'],unknown,[],0.0,LOW,no_basis,agricultural/fungicide,"['fungi', 'blight', 'mold']","['potatoes', 'vegetables']",spray,preventive,HIGH,ingredient_inference,,RESEARCH_ONLY,not_registered,,False,sds_full,HIGH,source_filename,,,Fluazinam,single,unknown,none,1.0,MEDIUM,name_inference
MIX219,Folicur 1. 2 emulsifiable concentrate(93.4),EC,liquid,pesticide/fungicide,concentrate,HIGH,name_explicit,WARNING,"['acute_toxicity_oral_4', 'reproductive_toxicity_2']",['oral'],unknown,['H302'],3.0,MEDIUM,snippet_keywords,agricultural/fungicide,"['fungi', 'rust', 'blight']","['cereals', 'fruits', 'vegetables']",spray,systemic,HIGH,product_name,,EU_REACH,registered_active,False,False,sds_full,MEDIUM,ec_regulation,,1.4,Tebuconazole,binary,unknown,partial,2.0,LOW,workbook_pct
MIX22,Agita 10 WG,WG,granule,pesticide/insecticide,concentrate,HIGH,name_explicit,UNKNOWN,[],['none_identified'],unknown,[],0.0,LOW,snippet_keywords,study/skin_irritation_human,,,unknown,unknown,HIGH,source_filename,,EU_REACH,not_registered,False,,sds_full,MEDIUM,source_filename,13.0,87.0,"nicotine, salts of",binary,medium,partial,2.0,,
MIX220,Folpan 80 WDG,WDG,granule,pesticide/fungicide,concentrate,HIGH,name_explicit,UNKNOWN,[],['none_identified'],unknown,[],0.0,LOW,no_basis,agricultural/fungicide,['fungi'],,spray,unknown,HIGH,ingredient_inference,,UNKNOWN,unknown,,,sds_full,LOW,no_basis,78.0,22.0,Folpet,single,very_high,exact,1.0,,
MIX221,DuPont Fontelis Fungicide,UNKNOWN,liquid,pesticide/fungicide,concentrate,MEDIUM,pattern_inferred,UNKNOWN,[],['none_identified'],unknown,[],0.0,LOW,snippet_keywords,agricultural/fungicide,['fungi'],,spray,unknown,HIGH,product_name,,UNKNOWN,not_registered,False,,sds_full,MEDIUM,source_filename,20.4,79.6,Penthiopyrad,ternary,medium,exact,3.0,,
MIX222,Flufenacet & Isoxaflutole SC Herbicide,SC,suspension,pesticide/herbicide,concentrate,HIGH,name_explicit,WARNING,"['acute_toxicity_oral_4', 'skin_sensitization_1', 'stot_repeated_2', 'aquatic_acute_1', 'aquatic_chronic_1']",['oral'],aquatic_acute_and_chronic,"['H302', 'H317', 'H373', 'H400', 'H410']",3.0,HIGH,sds_section2,agricultural/herbicide,['weeds'],,spray,pre_emergent,HIGH,product_name,,EU_REACH,not_registered,False,True,sds_full,HIGH,reach_text,,,Flufenacet,binary,unknown,none,2.0,,
MIX223,Formula 2873,UNKNOWN,liquid,industrial_chemical,unknown,LOW,pattern_inferred,UNKNOWN,[],['none_identified'],unknown,[],0.0,LOW,snippet_keywords,industrial/chemical,,,unknown,unknown,MEDIUM,ingredient_inference,,RESEARCH_ONLY,not_registered,False,,sds_full,HIGH,source_filename,54.47,45.53,Hydrochloric Acid,multi_4_6,medium,partial,4.0,,
MIX224,Formula 40 (XDE-225),UNKNOWN,liquid,industrial_chemical,unknown,LOW,pattern_inferred,DANGER,"['acute_toxicity_oral_4', 'acute_toxicity_dermal_4', 'acute_toxicity_inhalation_4', 'skin_irritation_2', 'eye_irritation_2', 'skin_corrosion_1B', 'stot_single_3']","['oral', 'dermal', 'inhalation']",none,"['H302', 'H312', 'H332', 'H315', 'H319', 'H314', 'H335']",4.0,HIGH,snippet_keywords,industrial/cleaning,,,topical,unknown,MEDIUM,ingredient_inference,,UNKNOWN,not_registered,False,,sds_full,MEDIUM,source_filename,,,2-Butoxyethanol,binary,unknown,none,2.0,,
MIX225,Fosetyl-Al,UNKNOWN,powder,pesticide/fungicide,concentrate,MEDIUM,pattern_inferred,UNKNOWN,[],['none_identified'],unknown,[],0.0,LOW,no_basis,agricultural/fungicide,['fungi'],,spray,systemic,HIGH,ingredient_inference,,UNKNOWN,unknown,,,sds_full,LOW,no_basis,76.0,24.0,Fosetyl-Al,single,very_high,exact,1.0,,
MIX226,Flufenacet 500 SC,SC,suspension,pesticide/herbicide,concentrate,HIGH,name_explicit,WARNING,"['acute_toxicity_oral_4', 'skin_sensitization_1', 'stot_repeated_2', 'aquatic_acute_1', 'aquatic_chronic_1']",['oral'],aquatic_acute_and_chronic,"['H302', 'H317', 'H373', 'H400', 'H410']",3.0,HIGH,snippet_keywords,agricultural/herbicide,['weeds'],,spray,pre_emergent,HIGH,ingredient_inference,,EU_REACH,not_registered,False,,sds_full,MEDIUM,reach_text,,,Flufenacet,single,unknown,none,1.0,,
MIX227,Foundation Lite,UNKNOWN,liquid,industrial_chemical,ready-to-use,MEDIUM,evidence_snippet,DANGER,['stot_repeated_1'],['none_identified'],none,['H372'],5.0,HIGH,sds_section2,industrial/chemical,,,topical,unknown,MEDIUM,source_text,,UNKNOWN,not_registered,False,,sds_full,MEDIUM,source_filename,,,,binary,unknown,none,2.0,,
MIX228,Four-way VAP,UNKNOWN,unknown,industrial_chemical,unknown,LOW,pattern_inferred,NONE,[],['none_identified'],none,[],1.0,MEDIUM,snippet_keywords,industrial/chemical,,,unknown,unknown,HIGH,ingredient_inference,,RESEARCH_ONLY,not_registered,False,,sds_full,HIGH,source_filename,73.5,26.5,Nitrogen,ternary,very_high,partial,3.0,,
MIX229,FreeHand 1.75G Herbicide,GR,granule,pesticide/herbicide,ready-to-use,HIGH,name_explicit,WARNING,"['eye_irritation_2A', 'aquatic_acute_1', 'aquatic_chronic_2']",['none_identified'],aquatic_acute_and_chronic,"['H319', 'H400', 'H411']",2.0,HIGH,sds_section2,agricultural/herbicide,"['weeds', 'grasses']",,spray,pre_emergent,HIGH,product_name,,UNKNOWN,not_registered,False,,sds_full,MEDIUM,source_filename,1.85,98.15,Pendimethalin,ternary,medium,exact,3.0,,
MIX23,Acephate,EC,liquid,pesticide/insecticide,concentrate,HIGH,name_explicit,WARNING,['acute_toxicity_oral_4'],['oral'],none,['H302'],3.0,HIGH,sds_section2,agricultural/insecticide,['insects'],,spray,contact,HIGH,ingredient_inference,,EU_REACH,not_registered,False,True,sds_full,HIGH,reach_text,0.15,99.85,Acephate,binary,ultra_low,partial,2.0,,
MIX230,Fungitrol 11-50S,UNKNOWN,liquid,pesticide/fungicide,concentrate,MEDIUM,pattern_inferred,WARNING,['acute_toxicity_inhalation_4'],['inhalation'],unknown,[],2.0,MEDIUM,snippet_keywords,agricultural/fungicide,['fungi'],,spray,unknown,HIGH,product_name,,UNKNOWN,not_registered,False,,sds_full,MEDIUM,source_filename,1.0,99.0,Folpet,single,low,exact,1.0,,
MIX231,Fyfanon 57 EC,EC,liquid,pesticide/insecticide,concentrate,HIGH,name_explicit,DANGER,"['aquatic_acute_1', 'aquatic_chronic_1']",['none_identified'],aquatic_acute_and_chronic,"['H400', 'H410']",3.0,MEDIUM,snippet_keywords,agricultural/insecticide,['insects'],,spray,contact,HIGH,ingredient_inference,,UNKNOWN,not_registered,False,,sds_full,MEDIUM,source_filename,0.03,99.97,malathion,single,ultra_low,exact,1.0,,
MIX232,Flufenpyr-ethyl,UNKNOWN,unknown,pesticide/herbicide,unknown,MEDIUM,pattern_inferred,UNKNOWN,[],['none_identified'],unknown,[],0.0,LOW,snippet_keywords,agricultural/herbicide,['weeds'],,spray,unknown,MEDIUM,ingredient_inference,,UNKNOWN,not_registered,False,,sds_full,MEDIUM,source_filename,98.0,2.0,Flufenpyr-ethyl,single,very_high,exact,1.0,,
MIX233,GA 6-Weed and Grass Killer Ready-to-Use,RTU,liquid,pesticide/herbicide,ready-to-use,HIGH,name_explicit,NONE,[],['none_identified'],none,[],1.0,MEDIUM,snippet_keywords,agricultural/herbicide,"['weeds', 'grasses']",['residential'],spray,contact,HIGH,product_name,,UNKNOWN,not_registered,False,,sds_full,MEDIUM,source_filename,90.0,10.0,Acetic Acid,single,very_high,approximate,1.0,,
MIX234,Flufenpyr-Ethyl-S-3153 WDG,WDG,granule,pesticide/herbicide,concentrate,HIGH,name_explicit,UNKNOWN,[],['none_identified'],unknown,[],0.0,LOW,snippet_keywords,agricultural/herbicide,['weeds'],,spray,unknown,MEDIUM,ingredient_inference,,UNKNOWN,not_registered,False,,product_page,MEDIUM,source_filename,,,Flufenpyr-Ethyl,single,unknown,none,1.0,,
MIX235,gamma-Cyhalothrin,UNKNOWN,liquid,pesticide/insecticide,concentrate,MEDIUM,pattern_inferred,UNKNOWN,[],['none_identified'],unknown,[],0.0,LOW,snippet_keywords,agricultural/insecticide,['insects'],,spray,contact,HIGH,ingredient_inference,,UNKNOWN,not_registered,False,,sds_full,MEDIUM,source_filename,,,gamma-Cyhalothrin,binary,unknown,none,2.0,,
MIX236,Flumethrin(87.9%),UNKNOWN,unknown,pesticide/insecticide,unknown,LOW,no_basis,UNKNOWN,[],['none_identified'],unknown,[],0.0,LOW,no_basis,veterinary,"['mites', 'ticks']",,topical,contact,MEDIUM,ingredient_inference,,UNKNOWN,unknown,,,chemblink_sigma,LOW,no_basis,87.9,12.1,Flumethrin,unknown,very_high,approximate,1.0,,
MIX237,GAT Lambda 25 CS,CS,suspension,pesticide/insecticide,concentrate,HIGH,name_explicit,UNKNOWN,[],['none_identified'],unknown,[],0.0,LOW,snippet_keywords,agricultural/insecticide,['insects'],,spray,contact,HIGH,ingredient_inference,,UNKNOWN,not_registered,True,,sds_full,MEDIUM,source_filename,9.7,90.3,Lambda-cyhalothrin,binary,low,exact,2.0,,
MIX238,Flumethrin(95.1%),UNKNOWN,unknown,pesticide/insecticide,unknown,LOW,no_basis,UNKNOWN,[],['none_identified'],unknown,[],0.0,LOW,no_basis,veterinary,"['mites', 'ticks']",,topical,contact,MEDIUM,ingredient_inference,,UNKNOWN,unknown,,,chemblink_sigma,LOW,no_basis,95.1,4.9,Flumethrin,unknown,very_high,approximate,1.0,,
MIX239,Flumethrin(96.2%),UNKNOWN,unknown,pesticide/insecticide,unknown,LOW,no_basis,UNKNOWN,[],['none_identified'],unknown,[],0.0,LOW,no_basis,veterinary,"['mites', 'ticks']",,topical,contact,MEDIUM,ingredient_inference,,UNKNOWN,unknown,,,chemblink_sigma,LOW,no_basis,96.2,3.8,Flumethrin,unknown,very_high,approximate,1.0,,
MIX24,Acephate 90 DF Insecticide,WDG,powder,pesticide/insecticide,concentrate,HIGH,name_explicit,WARNING,"['acute_toxicity_oral_4', 'acute_toxicity_inhalation_4', 'skin_sensitization_1B']","['oral', 'inhalation']",none,[],2.0,HIGH,sds_section2,agricultural/insecticide,['insects'],,spray,contact,HIGH,product_name,,US_EPA,registered_active,True,,sds_full,HIGH,epa_reg_found,90.0,10.0,Acephate,multi_4_6,very_high,exact,4.0,,
MIX240,Fluopicolide,UNKNOWN,unknown,pesticide/fungicide,unknown,LOW,pattern_inferred,UNKNOWN,[],['none_identified'],unknown,[],0.0,LOW,no_basis,agricultural/fungicide,['fungi'],,spray,unknown,HIGH,ingredient_inference,,UNKNOWN,not_registered,False,,sds_full,MEDIUM,source_filename,,,Fluopicolide,single,unknown,none,1.0,,
MIX241,Fluopyram,UNKNOWN,unknown,pesticide/fungicide,unknown,LOW,pattern_inferred,UNKNOWN,[],['none_identified'],unknown,[],0.0,LOW,snippet_keywords,agricultural/fungicide,['fungi'],,spray,unknown,HIGH,ingredient_inference,,UNKNOWN,not_registered,False,,sds_full,MEDIUM,source_filename,,,Fluopyram,single,unknown,none,1.0,,
MIX242,Fluopyram + Prothioconazole 400,UNKNOWN,unknown,pesticide/fungicide,concentrate,MEDIUM,pattern_inferred,UNKNOWN,['aquatic_chronic_2'],['none_identified'],aquatic_chronic,[],1.0,LOW,snippet_keywords,study/skin_irritation_human,,,unknown,unknown,HIGH,source_filename,,EU_REACH,not_registered,False,True,sds_full,MEDIUM,reach_text,0.036,,Fluopyram,multi_4_6,ultra_low,partial,4.0,,
MIX243,Geo Tru,UNKNOWN,powder,industrial_chemical,unknown,MEDIUM,pattern_inferred,UNKNOWN,[],['none_identified'],unknown,[],0.0,LOW,no_basis,study/skin_irritation_human,,,unknown,unknown,HIGH,source_filename,,UNKNOWN,unknown,,,sds_partial,LOW,no_basis,99.0,1.0,Polystyrene Foam Polystyrene Polymer,multi_4_6,very_high,approximate,4.0,,
MIX244,Gharda Fipronil,UNKNOWN,unknown,pesticide/insecticide,concentrate,MEDIUM,pattern_inferred,UNKNOWN,[],['none_identified'],unknown,[],0.0,LOW,no_basis,study/skin_irritation_human,,,unknown,unknown,HIGH,source_filename,,EU_REACH,not_registered,False,False,sds_full,MEDIUM,source_filename,,,fipronil,binary,unknown,none,2.0,,
MIX245,Gharda Permethrin(94%),EC,liquid,pesticide/insecticide,concentrate,HIGH,name_explicit,WARNING,"['acute_toxicity_oral_4', 'acute_toxicity_inhalation_4', 'skin_sensitization_1', 'aquatic_acute_1', 'aquatic_chronic_1']","['oral', 'inhalation']",aquatic_acute_and_chronic,"['H302', 'H332', 'H317', 'H400', 'H410']",3.0,HIGH,sds_section2,study/skin_irritation_human,,,unknown,unknown,HIGH,source_filename,,EU_REACH,not_registered,False,False,sds_full,MEDIUM,reach_text,94.0,6.0,Permethrin,binary,very_high,approximate,2.0,,
MIX246,Gharda Permethrin(95.3%),UNKNOWN,unknown,pesticide/insecticide,concentrate,MEDIUM,pattern_inferred,UNKNOWN,[],['none_identified'],unknown,[],0.0,LOW,no_basis,study/skin_irritation_human,,,unknown,unknown,HIGH,source_filename,,UNKNOWN,unknown,,,chemblink_sigma,LOW,no_basis,95.3,4.7,Permethrin,single,very_high,approximate,1.0,,
MIX247,GF-1252,UNKNOWN,gel,industrial_chemical,ready-to-use,MEDIUM,evidence_snippet,NONE,[],['none_identified'],none,[],1.0,MEDIUM,sds_section2,study/skin_irritation_human,,,unknown,unknown,HIGH,source_filename,,UNKNOWN,not_registered,False,False,sds_full,MEDIUM,source_filename,,,Antimony Trioxide,single,unknown,none,1.0,,
MIX248,Glyphosphate (96),EC,liquid,pesticide/herbicide,concentrate,HIGH,name_explicit,DANGER,"['eye_damage_1', 'aquatic_chronic_2']",['none_identified'],aquatic_chronic,"['H318', 'H411']",4.0,HIGH,sds_section2,study/skin_irritation_human,,,unknown,unknown,HIGH,source_filename,,EU_REACH,not_registered,False,False,sds_full,MEDIUM,reach_text,96.0,4.0,Glyphosate,binary,very_high,approximate,2.0,,
MIX249,GF-1578 Naturalyte Insect Control,UNKNOWN,unknown,pesticide/insecticide,unknown,MEDIUM,evidence_snippet,WARNING,['eye_irritation_2A'],['none_identified'],none,[],2.0,HIGH,sds_section2,agricultural/insecticide,['general insects'],,spray,contact,HIGH,product_name,,US_EPA,registered_active,False,False,sds_full,MEDIUM,source_filename,,,Spinosad,unknown,unknown,none,1.0,,
MIX25,Albaugh Glyphosphate Acid,UNKNOWN,liquid,pesticide/herbicide,concentrate,MEDIUM,pattern_inferred,UNKNOWN,[],['none_identified'],unknown,[],0.0,LOW,no_basis,study/skin_irritation_human,,,unknown,unknown,HIGH,source_filename,,UNKNOWN,not_registered,False,False,sds_partial,LOW,source_filename,41.0,59.0,Isopropylamine Salt of Glyphosate,ternary,high,exact,3.0,,
MIX250,Glyphosphate (97),EC,liquid,pesticide/herbicide,concentrate,HIGH,name_explicit,DANGER,"['eye_damage_1', 'aquatic_chronic_2']",['none_identified'],aquatic_chronic,"['H318', 'H411']",4.0,HIGH,sds_section2,study/skin_irritation_human,,,unknown,unknown,HIGH,source_filename,,UK_REACH,not_registered,False,False,sds_full,MEDIUM,reach_text,97.0,3.0,Glyphosate,binary,very_high,approximate,2.0,,
MIX251,GF-1592 Naturalyte Insect Control,UNKNOWN,unknown,pesticide/insecticide,unknown,MEDIUM,evidence_snippet,NONE,[],['none_identified'],none,[],1.0,HIGH,sds_section2,agricultural/insecticide,['general insects'],,spray,contact,HIGH,product_name,,US_EPA,registered_active,False,False,sds_full,MEDIUM,source_filename,,,Spinosad,unknown,unknown,none,1.0,,
MIX252,Glyphosphate XG,UNKNOWN,unknown,pesticide/herbicide,concentrate,MEDIUM,pattern_inferred,UNKNOWN,[],['none_identified'],unknown,[],0.0,LOW,no_basis,study/skin_irritation_human,,,unknown,unknown,HIGH,source_filename,,EU_REACH,not_registered,False,False,sds_full,MEDIUM,source_filename,,,glyphosate,binary,unknown,none,2.0,,
MIX253,Gordon's Horse & Pony Spray,UNKNOWN,liquid,pesticide/insecticide,ready-to-use,MEDIUM,pattern_inferred,UNKNOWN,[],['none_identified'],unknown,[],0.0,LOW,snippet_keywords,study/skin_irritation_human,,,unknown,unknown,HIGH,source_filename,,UNKNOWN,not_registered,False,False,sds_full,LOW,source_filename,,,Pyrethrins,binary,unknown,none,2.0,,
MIX254,GF-1629 SC,SC,suspension,pesticide/insecticide,concentrate,HIGH,name_explicit,WARNING,"['reproductive_toxicity_2', 'aquatic_acute_1', 'aquatic_chronic_1']",['none_identified'],aquatic_acute_and_chronic,"['H361f', 'H410']",3.0,HIGH,sds_section2,study/skin_irritation_human,,,unknown,unknown,HIGH,source_filename,,EU_REACH,not_registered,False,False,sds_full,MEDIUM,reach_text,8.9567,,Spinetoram,multi_4_6,low,partial,4.0,,
MIX255,GF-1640 WG-NC,WG,granule,industrial_chemical,concentrate,HIGH,name_explicit,UNKNOWN,[],['none_identified'],unknown,[],0.0,LOW,snippet_keywords,study/skin_irritation_human,,,unknown,unknown,HIGH,source_filename,,UNKNOWN,not_registered,False,False,product_page,LOW,source_filename,26.0,,Acetic acid,multi_7p,medium,partial,5.0,,
MIX256,GF-184,UNKNOWN,liquid,pesticide/herbicide,concentrate,MEDIUM,pattern_inferred,WARNING,"['skin_irritation_2', 'skin_sensitization_1', 'eye_irritation_2', 'stot_single_3', 'aquatic_acute_1', 'aquatic_chronic_1']",['none_identified'],aquatic_acute_and_chronic,"['H315', 'H317', 'H319', 'H335', 'H336', 'H400', 'H410']",3.0,HIGH,sds_section2,study/skin_irritation_human,,,unknown,unknown,HIGH,source_filename,,EU_REACH,not_registered,False,False,sds_full,MEDIUM,reach_text,69.7,,"1,2,4-Trimethylbenzene",multi_4_6,very_high,partial,4.0,,
MIX257,Graduate A+,UNKNOWN,unknown,pesticide/other,concentrate,LOW,pattern_inferred,UNKNOWN,[],['none_identified'],unknown,[],0.0,LOW,snippet_keywords,study/skin_irritation_human,,,unknown,unknown,HIGH,source_filename,,UNKNOWN,not_registered,False,False,sds_full,LOW,source_filename,79.4,,Propylene Glycol,ternary,very_high,partial,3.0,,
MIX258,Harness Xtra Herbicide,UNKNOWN,liquid,pesticide/herbicide,concentrate,MEDIUM,pattern_inferred,UNKNOWN,[],['none_identified'],unknown,[],0.0,LOW,snippet_keywords,study/skin_irritation_human,,,unknown,unknown,HIGH,source_filename,,UNKNOWN,not_registered,True,False,sds_full,MEDIUM,source_filename,,,Acetochlor,ternary,unknown,none,3.0,,
MIX259,GF-231,UNKNOWN,liquid,industrial_chemical,unknown,MEDIUM,pattern_inferred,UNKNOWN,[],['none_identified'],aquatic,[],0.0,LOW,snippet_keywords,study/skin_irritation_human,,,unknown,unknown,HIGH,source_filename,,UNKNOWN,unknown,,,sds_partial,LOW,no_basis,44.0,,Epoxy resin,multi_7p,high,approximate,5.0,,
MIX26,Acequinocyl,UNKNOWN,unknown,pesticide/insecticide,concentrate,MEDIUM,pattern_inferred,UNKNOWN,[],['none_identified'],unknown,[],0.0,LOW,no_basis,study/skin_irritation_human,,,unknown,unknown,HIGH,source_filename,,EU_REACH,not_registered,False,True,sds_full,MEDIUM,reach_text,0.1,99.9,Acequinocyl-d25,single,ultra_low,exact,1.0,,
MIX260,GF-2468,UNKNOWN,liquid,industrial_chemical,concentrate,MEDIUM,pattern_inferred,UNKNOWN,[],['none_identified'],unknown,[],0.0,LOW,snippet_keywords,study/skin_irritation_human,,,unknown,unknown,HIGH,source_filename,,UNKNOWN,not_registered,False,False,sds_full,LOW,source_filename,,,Hydrofluoric acid,single,unknown,none,1.0,,
MIX261,Hero Insecticide,UNKNOWN,unknown,pesticide/insecticide,unknown,MEDIUM,pattern_inferred,UNKNOWN,[],['none_identified'],aquatic,[],0.0,LOW,snippet_keywords,study/skin_irritation_human,,,unknown,unknown,HIGH,source_filename,,UNKNOWN,not_registered,False,False,sds_full,LOW,source_filename,,,Bifenthrin,multi_4_6,unknown,none,4.0,,
MIX262,HM-2010,UNKNOWN,liquid,cleaning_disinfectant,concentrate,MEDIUM,pattern_inferred,UNKNOWN,[],['none_identified'],unknown,[],0.0,LOW,snippet_keywords,study/skin_irritation_human,,,unknown,unknown,HIGH,source_filename,,UNKNOWN,not_registered,False,False,sds_full,LOW,source_filename,,,Trichloroisocyanuric Acid,ternary,unknown,partial,3.0,,
MIX263,HM-413A,UNKNOWN,liquid,industrial_chemical,unknown,MEDIUM,pattern_inferred,UNKNOWN,['pressurized_gas'],['none_identified'],none,"['H220', 'H280']",1.0,MEDIUM,snippet_keywords,study/skin_irritation_human,,,unknown,unknown,HIGH,source_filename,,EU_REACH,not_registered,False,True,sds_full,MEDIUM,reach_text,85.0,15.0,"1,1,1,2-TETRAFLUOROETHANE",ternary,very_high,approximate,3.0,,
MIX264,GF-2506,UNKNOWN,liquid,pesticide/insecticide,concentrate,MEDIUM,pattern_inferred,UNKNOWN,[],['none_identified'],unknown,[],0.0,LOW,snippet_keywords,study/skin_irritation_human,,,unknown,unknown,HIGH,source_filename,,UNKNOWN,not_registered,False,False,sds_full,LOW,source_filename,25.8,74.2,Sulfoxaflor,ternary,medium,exact,3.0,,
MIX265,Home Defense Max Perimeter Insect Killer Aerosol,UNKNOWN,liquid,pesticide/insecticide,ready-to-use,MEDIUM,name_explicit,UNKNOWN,[],['none_identified'],unknown,[],0.0,LOW,no_basis,study/skin_irritation_human,,,unknown,unknown,HIGH,source_filename,,RESEARCH_ONLY,not_registered,,,unknown,MEDIUM,source_filename,,,,single,unknown,none,1.0,,
MIX266,Hurricane WDG,WDG,granule,pesticide/fungicide,concentrate,HIGH,name_explicit,UNKNOWN,[],['none_identified'],unknown,[],0.0,LOW,snippet_keywords,agricultural/fungicide,,,seed_treatment,systemic,HIGH,ingredient_inference,,UNKNOWN,unknown,False,,sds_partial,LOW,no_epa_reg,100.0,0.0,Silica,multi_4_6,high,exact,4.0,,
MIX267,IMA-Jet 10%,UNKNOWN,liquid,pesticide/insecticide,concentrate,MEDIUM,pattern_inferred,UNKNOWN,[],['none_identified'],unknown,[],0.0,LOW,snippet_keywords,agricultural/insecticide,,,soil_injection,systemic,HIGH,product_name,,CA_PMRA,registered_active,False,,sds_full,HIGH,pcp_reg_found,,,Imidacloprid,single,unknown,none,1.0,,
MIX268,GF-2836,UNKNOWN,unknown,consumer_product,unknown,LOW,no_basis,UNKNOWN,[],['none_identified'],unknown,[],0.0,LOW,no_basis,unknown,,,unknown,unknown,LOW,no_basis,,RESEARCH_ONLY,not_registered,,,unknown,MEDIUM,source_filename,15.75,,,binary,low,approximate,2.0,,
MIX269,Imazosulfuron,UNKNOWN,powder,pesticide/herbicide,concentrate,MEDIUM,pattern_inferred,UNKNOWN,[],['none_identified'],unknown,[],0.0,LOW,snippet_keywords,agricultural/herbicide,['weeds'],,spray,systemic,HIGH,ingredient_inference,,RESEARCH_ONLY,not_registered,False,,sds_partial,MEDIUM,source_filename,,,imazosulfuron,single,very_high,none,1.0,,
MIX27,Albaugh Trifluralin 10G,GR,granule,pesticide/herbicide,ready-to-use,HIGH,name_explicit,UNKNOWN,[],['none_identified'],unknown,[],0.0,LOW,snippet_keywords,agricultural/herbicide,"['weeds', 'grasses']",,soil_injection,pre_emergent,HIGH,ingredient_inference,,US_EPA,unknown,True,,sds_full,MEDIUM,active_declared,10.0,90.0,Trifluralin,ternary,low,partial,3.0,,
MIX270,Imdaclpoprid-Vitavax-Metalaxyl Seed Treatment,UNKNOWN,liquid,pesticide/fungicide,concentrate,MEDIUM,name_explicit,UNKNOWN,[],['none_identified'],unknown,[],0.0,MEDIUM,snippet_keywords,agricultural/seed_treatment,['fungi'],,seed_treatment,systemic,HIGH,product_name,,UNKNOWN,unknown,False,,sds_full,LOW,no_epa_reg,56.5,43.5,carboxin,binary,medium,approximate,2.0,,
MIX271,GF-2986,UNKNOWN,powder,cleaning_disinfectant,concentrate,MEDIUM,pattern_inferred,UNKNOWN,[],['none_identified'],unknown,[],0.0,LOW,snippet_keywords,industrial/cleaning,,,unknown,unknown,MEDIUM,ingredient_inference,,UNKNOWN,unknown,False,,sds_partial,LOW,no_epa_reg,42.0,58.0,SODIUM CARBONATE,multi_4_6,medium,exact,4.0,,
MIX272,"Imidacloprid + Tau-fluvalinate + Tebuconazole Ready-to-Use Insecticide, Miticide and Fungicide",RTU,liquid,pesticide/insecticide,ready-to-use,HIGH,name_explicit,CAUTION,['reproductive_toxicity_2'],['none_identified'],aquatic_chronic,[],2.0,HIGH,sds_section2,agricultural/insecticide,"['insects', 'mites']",,spray,systemic,HIGH,product_name,,UNKNOWN,unknown,False,,sds_partial,LOW,no_epa_reg,39.5,60.5,Tebuconazole,ternary,medium,exact,3.0,,
MIX273,GF-3028,SC,suspension,pesticide/insecticide,concentrate,HIGH,evidence_snippet,WARNING,"['skin_sensitization_1', 'aquatic_acute_1', 'aquatic_chronic_1']",['none_identified'],both,"['H317', 'H400', 'H410']",3.0,HIGH,sds_section2,agricultural/insecticide,['insects'],,spray,systemic,HIGH,ingredient_inference,,EU_REACH,unknown,False,True,sds_full,HIGH,reach_text,,,Methoxyfenozide,multi_4_6,unknown,none,4.0,,
MIX274,Imidan 60 WDG,WDG,granule,pesticide/insecticide,concentrate,HIGH,evidence_snippet,DANGER,"['acute_toxicity_oral_3', 'acute_toxicity_inhalation_4', 'skin_sensitization_1', 'aquatic_chronic_2']","['oral', 'inhalation']",aquatic_chronic,"['H301', 'H332', 'H317', 'H320', 'H401', 'H411']",4.0,HIGH,sds_section2,agricultural/insecticide,,,spray,contact,HIGH,product_name,,CA_PMRA,registered_active,True,,sds_full,HIGH,pcp_reg_found,70.0,30.0,phosmet,single,very_high,exact,1.0,,
MIX275,INDOX2,UNKNOWN,liquid,pesticide/fungicide,concentrate,MEDIUM,pattern_inferred,WARNING,"['acute_toxicity_oral_4', 'skin_sensitization_1', 'aquatic_acute_1', 'aquatic_chronic_2']",['oral'],both,"['H302', 'H317', 'H319', 'H400', 'H411']",3.0,HIGH,sds_section2,agricultural/fungicide,['fungi'],,spray,systemic,HIGH,ingredient_inference,,EU_REACH,unknown,False,True,sds_full,HIGH,reach_text,90.78,9.22,Acetophenone,ternary,medium,inconsistent,3.0,,
MIX276,GF-881 Manufacturing Use Concentrate,UNKNOWN,liquid,industrial_chemical,concentrate,MEDIUM,name_explicit,UNKNOWN,[],['none_identified'],unknown,[],0.0,LOW,no_basis,industrial/chemical,,,unknown,unknown,MEDIUM,product_name,,RESEARCH_ONLY,not_registered,,,unknown,MEDIUM,source_filename,100.0,0.0,Acetone,ternary,very_high,approximate,3.0,,
MIX277,Kaput Field Rodent Bait B,UNKNOWN,unknown,pesticide/rodenticide,ready-to-use,HIGH,name_explicit,UNKNOWN,[],['none_identified'],unknown,[],0.0,LOW,snippet_keywords,agricultural/insecticide,['rodents'],,bait,contact,HIGH,product_name,,US_EPA,unknown,True,,sds_full,MEDIUM,active_declared,0.025,99.975,Imidacloprid,binary,ultra_low,exact,2.0,,
MIX278,Kathon CF 400,UNKNOWN,liquid,industrial_chemical,concentrate,LOW,pattern_inferred,UNKNOWN,[],['none_identified'],unknown,[],0.0,MEDIUM,snippet_keywords,unknown,,,unknown,unknown,LOW,no_basis,,RESEARCH_ONLY,not_registered,False,,sds_partial,MEDIUM,source_filename,,,,unknown,unknown,none,1.0,,
MIX279,Initium Fungicide,UNKNOWN,liquid,pesticide/fungicide,concentrate,MEDIUM,name_explicit,UNKNOWN,[],['none_identified'],unknown,[],0.0,LOW,snippet_keywords,agricultural/fungicide,['fungi'],,spray,contact,HIGH,product_name,,UNKNOWN,unknown,False,,sds_full,LOW,no_epa_reg,54.0,46.0,Chlorothalonil,ternary,high,partial,3.0,,
MIX28,Acetamiprid + Triticonazole Concentrate,UNKNOWN,liquid,pesticide/fungicide,concentrate,MEDIUM,name_explicit,UNKNOWN,[],['none_identified'],unknown,[],0.0,LOW,no_basis,agricultural/insecticide,,,seed_treatment,systemic,HIGH,ingredient_inference,,EU_REACH,unknown,,,sds_full,MEDIUM,eu_source,,,,binary,unknown,none,2.0,,
MIX280,Kendo 22.8 CS,CS,suspension,pesticide/insecticide,concentrate,HIGH,evidence_snippet,WARNING,"['acute_toxicity_oral_4', 'skin_sensitization_1', 'aquatic_acute_1', 'aquatic_chronic_1']",['oral'],both,"['H302', 'H317', 'H410']",3.0,HIGH,sds_section2,agricultural/insecticide,,,spray,contact,HIGH,ingredient_inference,74530-54,US_EPA,registered_active,True,,epa_label,HIGH,epa_reg_found,,,,unknown,unknown,none,1.0,,
MIX281,Intrepid 2F Agricultural Insecticide,UNKNOWN,liquid,pesticide/insecticide,concentrate,MEDIUM,name_explicit,UNKNOWN,[],['none_identified'],unknown,[],0.0,LOW,snippet_keywords,agricultural/insecticide,['insects'],,spray,systemic,HIGH,product_name,,UNKNOWN,unknown,False,,sds_full,LOW,no_epa_reg,,,Methoxyfenozide,ternary,unknown,none,3.0,,
MIX282,Kilter Insecticide,UNKNOWN,liquid,pesticide/insecticide,concentrate,MEDIUM,pattern_inferred,UNKNOWN,[],['none_identified'],unknown,[],0.0,LOW,snippet_keywords,agricultural/insecticide,,,spray,systemic,HIGH,product_name,,UNKNOWN,unknown,False,,sds_full,LOW,no_epa_reg,,,Imidacloprid,ternary,unknown,none,3.0,,
MIX283,Ipconazole,UNKNOWN,liquid,pesticide/fungicide,concentrate,MEDIUM,pattern_inferred,UNKNOWN,[],['none_identified'],unknown,[],0.0,LOW,snippet_keywords,agricultural/fungicide,['fungi'],,seed_treatment,systemic,HIGH,ingredient_inference,,UNKNOWN,unknown,False,,sds_full,LOW,no_epa_reg,50.7,49.3,Ipconazole,binary,medium,approximate,2.0,,
MIX284,Ipconazole Metalaxyl MD (S) Seed Treatment,UNKNOWN,liquid,pesticide/fungicide,concentrate,MEDIUM,name_explicit,UNKNOWN,[],['none_identified'],unknown,[],0.0,LOW,snippet_keywords,agricultural/seed_treatment,"['fungi', 'insects']",,seed_treatment,systemic,HIGH,product_name,,UNKNOWN,unknown,False,,sds_full,LOW,no_epa_reg,1.0,99.0,,multi_4_6,ultra_low,partial,4.0,,
MIX285,Kitchen Klenzer,UNKNOWN,powder,cleaning_disinfectant,ready-to-use,MEDIUM,name_explicit,UNKNOWN,[],['none_identified'],unknown,[],0.0,LOW,no_basis,industrial/cleaning,,,unknown,unknown,MEDIUM,product_name,,RESEARCH_ONLY,not_registered,,,unknown,MEDIUM,source_filename,,,,unknown,unknown,none,1.0,,
MIX286,Kixor Herbicide,UNKNOWN,powder,pesticide/herbicide,concentrate,MEDIUM,name_explicit,UNKNOWN,[],['none_identified'],unknown,[],0.0,LOW,snippet_keywords,agricultural/herbicide,['weeds'],,spray,pre_emergent,HIGH,product_name,,UNKNOWN,unknown,False,,sds_partial,LOW,no_epa_reg,70.0,30.0,saflufenacil,binary,very_high,exact,2.0,,
MIX287,Lambda Cyhalothrin,UNKNOWN,unknown,pesticide/insecticide,concentrate,MEDIUM,pattern_inferred,UNKNOWN,[],['none_identified'],unknown,[],0.0,LOW,snippet_keywords,agricultural/insecticide,,,spray,contact,HIGH,ingredient_inference,,RESEARCH_ONLY,not_registered,False,,sds_partial,MEDIUM,source_filename,98.5,1.5,Lambda Cyhalothrin,single,very_high,approximate,1.0,,
MIX288,Lancer Gold Insecticide,UNKNOWN,liquid,pesticide/insecticide,concentrate,MEDIUM,pattern_inferred,DANGER,"['aquatic_acute_1', 'aquatic_chronic_1']",['dermal'],aquatic_chronic,"['H310', 'H400', 'H410']",4.0,HIGH,snippet_keywords,study/skin_irritation_human,,,unknown,unknown,HIGH,source_filename,,UNKNOWN,unknown,True,False,sds_full,MEDIUM,active_ingredient_section_found,24.4,75.6,Bifenthrin,multi_4_6,medium,approximate,4.0,,
MIX289,Larvadex,SL,liquid,pesticide/insecticide,concentrate,HIGH,name_explicit,CAUTION,[],['none_identified'],unknown,[],2.0,MEDIUM,label_precautionary,agricultural/insecticide,"['flies', 'insect larvae']","['animal quarters', 'livestock facilities']",spray,preventive,HIGH,source_text,,US_EPA,unknown,True,False,product_page,MEDIUM,active_ingredient_declared,2.0,98.0,Cyromazine,single,low,exact,1.0,,
MIX29,Aldicarb 15% WG,WG,granule,pesticide/insecticide,concentrate,HIGH,name_explicit,UNKNOWN,[],['none_identified'],unknown,[],0.0,LOW,no_basis,study/acute_dermal,,,unknown,unknown,HIGH,source_filename,,RESEARCH_ONLY,not_registered,,False,chemblink_sigma,HIGH,sigma_aldrich_research_chemical,,,Aldicarb,unknown,medium,none,1.0,,
MIX290,Larvin 500 Thiodicarb Insecticede for Cotton,UNKNOWN,unknown,pesticide/insecticide,concentrate,MEDIUM,name_explicit,UNKNOWN,[],['none_identified'],unknown,[],0.0,LOW,snippet_keywords,agricultural/insecticide,"['cotton pests', 'bollworms', 'aphids']",['cotton'],spray,contact,HIGH,product_name,,UNKNOWN,unknown,False,False,sds_full,LOW,composition_section_only,,,Thiodicarb,multi_4_6,unknown,none,4.0,,
MIX291,Lawn 3FL Herbicide Granule,GR,granule,pesticide/herbicide,concentrate,HIGH,name_explicit,UNKNOWN,[],['none_identified'],unknown,[],0.0,LOW,snippet_keywords,agricultural/herbicide,"['weeds', 'broadleaf']","['turf', 'lawn']",spray,post_emergent,HIGH,product_name,,UNKNOWN,unknown,False,False,sds_full,LOW,composition_section_only,41.5,58.5,"Dimethylamine Salt of 2,4-Dichloro-phenoxyacetic acid",ternary,medium,exact,3.0,,
MIX292,Lawn 3FL2 Herbicide GR,GR,granule,pesticide/herbicide,concentrate,HIGH,name_explicit,UNKNOWN,[],['none_identified'],unknown,[],0.0,LOW,snippet_keywords,agricultural/herbicide,"['weeds', 'grasses']","['turf', 'lawn']",spray,post_emergent,HIGH,product_name,,US_EPA,unknown,False,False,unknown,LOW,epa_document_reference,,,thiencarbazone-methyl,single,unknown,none,1.0,,
MIX293,Iprodione 4F Fungicide,UNKNOWN,liquid,pesticide/fungicide,concentrate,MEDIUM,name_explicit,WARNING,"['carcinogenicity_2', 'aquatic_acute_1', 'aquatic_chronic_1']",['none_identified'],aquatic_acute_and_chronic,"['H351', 'H410']",4.0,HIGH,sds_section2,agricultural/fungicide,"['fungi', 'mold', 'rust']","['ornamental', 'turf', 'vegetables']",spray,preventive,HIGH,product_name,,RESEARCH_ONLY,not_registered,False,False,chemblink_sigma,HIGH,for_rd_use_only,,,Iprodione,single,unknown,none,1.0,,
MIX294,Ironclad Herbicide,UNKNOWN,liquid,pesticide/herbicide,concentrate,MEDIUM,name_explicit,UNKNOWN,[],['none_identified'],unknown,[],0.0,LOW,snippet_keywords,agricultural/herbicide,"['weeds', 'grasses']","['crop', 'non-crop areas']",spray,post_emergent,HIGH,product_name,,UNKNOWN,unknown,False,False,sds_full,LOW,composition_section_only,,,,single,unknown,none,1.0,,
MIX295,LG Permethrin,UNKNOWN,liquid,pesticide/insecticide,concentrate,MEDIUM,pattern_inferred,UNKNOWN,[],['none_identified'],unknown,[],0.0,LOW,snippet_keywords,agricultural/insecticide,"['mosquitoes', 'ticks', 'flies', 'beetles']","['residential', 'commercial']",spray,contact,HIGH,ingredient_inference,,UNKNOWN,unknown,True,False,epa_label,MEDIUM,active_ingredient_section_found,28.0,72.0,Permethrin,ternary,medium,exact,3.0,,
MIX296,Jingma Glyphosate,UNKNOWN,unknown,pesticide/herbicide,unknown,LOW,pattern_inferred,DANGER,"['acute_toxicity_dermal_4', 'eye_damage_1', 'aquatic_acute_2', 'aquatic_chronic_2']",['dermal'],aquatic_chronic,"['H312', 'H318', 'H401', 'H411']",4.0,HIGH,sds_section2,agricultural/herbicide,"['weeds', 'grasses', 'broadleaf']","['corn', 'soybean', 'non-crop areas']",spray,post_emergent,HIGH,ingredient_inference,,EU_REACH,unknown,False,True,chemblink_sigma,MEDIUM,reach_regulation_mentioned,100.0,0.0,Glyphosate,single,very_high,exact,1.0,,
MIX297,Liberty 280 SL Herbicide,SL,liquid,pesticide/herbicide,concentrate,HIGH,name_explicit,UNKNOWN,[],['none_identified'],unknown,[],0.0,LOW,snippet_keywords,agricultural/herbicide,"['weeds', 'grasses', 'broadleaf']","['corn', 'soybean', 'canola']",spray,post_emergent,HIGH,product_name,,UNKNOWN,unknown,False,False,sds_full,LOW,composition_section_only,,,Glufosinate ammonium,multi_4_6,unknown,none,4.0,,
MIX298,Liberty ATZ Herbicide,UNKNOWN,unknown,pesticide/herbicide,concentrate,MEDIUM,name_explicit,CAUTION,[],['none_identified'],unknown,[],2.0,MEDIUM,label_precautionary,agricultural/herbicide,"['weeds', 'grasses', 'broadleaf']",['corn'],spray,post_emergent,HIGH,source_text,264-668,US_EPA,registered_cancelled,True,False,product_page,HIGH,epa_reg_found,41.75,58.25,Atrazine,multi_4_6,high,exact,4.0,,
MIX299,Justice Insecticide,UNKNOWN,unknown,pesticide/insecticide,unknown,MEDIUM,name_explicit,DANGER,"['eye_damage_1', 'carcinogenicity_2', 'aquatic_acute_1', 'aquatic_chronic_1']",['none_identified'],aquatic_acute_and_chronic,"['H318', 'H351', 'H410']",5.0,HIGH,sds_section2,agricultural/insecticide,"['aphids', 'whiteflies', 'beetles']","['vegetables', 'ornamental']",spray,systemic,MEDIUM,product_name,,UK_REACH,unknown,False,True,sds_full,MEDIUM,uk_reach_regulation_mentioned,,,proquinazid,multi_4_6,unknown,none,4.0,,
MIX3,Acrobat 50WP Fungicide,WP,powder,pesticide/fungicide,concentrate,HIGH,name_explicit,WARNING,"['acute_toxicity_oral_5', 'reproductive_toxicity_2', 'aquatic_acute_2', 'aquatic_chronic_2']",['oral'],aquatic_chronic,[],3.0,HIGH,snippet_keywords,agricultural/fungicide,"['fungi', 'blight', 'downy mildew']","['vegetables', 'ornamental']",spray,preventive,HIGH,product_name,,UNKNOWN,unknown,False,False,sds_full,LOW,composition_section_only,50.04,49.96,Dimethomorph,ternary,high,exact,3.0,,
MIX30,Allectus SC Insecticide,SC,suspension,pesticide/insecticide,concentrate,HIGH,name_explicit,UNKNOWN,[],['none_identified'],unknown,[],0.0,LOW,snippet_keywords,agricultural/insecticide,"['grubs', 'beetles', 'mites']","['turf', 'lawn']",systemic,preventive,MEDIUM,product_name,,UNKNOWN,unknown,False,False,sds_full,LOW,composition_section_only,0.2,99.8,Imidacloprid,multi_7p,ultra_low,approximate,5.0,,
MIX300,Lonza Formulation R-82,UNKNOWN,liquid,industrial_chemical,unknown,LOW,pattern_inferred,UNKNOWN,[],['none_identified'],unknown,[],0.0,LOW,snippet_keywords,industrial/chemical,,,unknown,unknown,MEDIUM,product_name,,UNKNOWN,unknown,False,False,sds_full,LOW,composition_section_only,,,,ternary,unknown,none,3.0,,
MIX301,MCPP-P,UNKNOWN,liquid,pesticide/herbicide,concentrate,MEDIUM,pattern_inferred,UNKNOWN,[],['none_identified'],unknown,[],0.0,LOW,snippet_keywords,agricultural/herbicide,"['weeds', 'broadleaf']","['turf', 'lawn']",spray,post_emergent,HIGH,ingredient_inference,,UNKNOWN,unknown,False,False,sds_partial,LOW,composition_section_only,,,MCPP-P,single,unknown,none,1.0,,
MIX302,MCSI Hydroprene Cockroack Killer Fogger,RTU,liquid,pesticide/insecticide,ready-to-use,HIGH,name_explicit,UNKNOWN,[],['none_identified'],unknown,[],0.0,LOW,snippet_keywords,public_health/insect_repellent,['cockroaches'],"['residential', 'commercial']",fumigation,contact,HIGH,product_name,,UNKNOWN,unknown,False,False,sds_full,LOW,composition_section_only,0.36,99.64,s-Hydroprene,multi_4_6,ultra_low,exact,4.0,,
MIX303,Mecoprop-P Acid,UNKNOWN,unknown,pesticide/herbicide,unknown,LOW,pattern_inferred,UNKNOWN,[],['none_identified'],unknown,[],0.0,LOW,snippet_keywords,agricultural/herbicide,"['weeds', 'broadleaf']","['turf', 'lawn']",spray,post_emergent,HIGH,ingredient_inference,,EU_REACH,unknown,False,False,sds_partial,LOW,index_number_mentioned,,,2-(4-chloro-2-methylphenoxy)propionic acid,binary,unknown,none,2.0,,
MIX304,Medallion,UNKNOWN,liquid,pesticide/fungicide,unknown,LOW,name_explicit,UNKNOWN,[],['none_identified'],unknown,[],0.0,LOW,snippet_keywords,agricultural/fungicide,"['fungi', 'mold']","['turf', 'ornamental']",spray,preventive,MEDIUM,product_name,,UNKNOWN,unknown,False,False,sds_full,LOW,composition_section_only,,,,ternary,unknown,none,3.0,,
MIX305,Mediclean Carpet Sanitizer,RTU,liquid,cleaning_disinfectant,ready-to-use,HIGH,evidence_snippet,WARNING,['flammable_liquid_3'],['none_identified'],none,[],2.0,HIGH,sds_section2,public_health/disinfectant,"['bacteria', 'viruses']","['residential', 'commercial']",spray,contact,HIGH,product_name,,UNKNOWN,unknown,False,False,sds_full,LOW,composition_section_only,,,,unknown,unknown,none,1.0,,
MIX306,Lonza Formulation FC-600,UNKNOWN,unknown,industrial_chemical,unknown,LOW,no_basis,UNKNOWN,[],['none_identified'],unknown,[],0.0,LOW,no_basis,industrial/chemical,,,unknown,unknown,LOW,no_basis,,UNKNOWN,unknown,,False,unknown,LOW,no_basis,,,,single,unknown,none,1.0,,
MIX307,Mefenoxam,UNKNOWN,unknown,pesticide/fungicide,unknown,LOW,name_explicit,UNKNOWN,[],['none_identified'],unknown,[],0.0,LOW,no_basis,agricultural/fungicide,"['fungi', 'blight', 'downy mildew']","['vegetables', 'ornamental']",spray,systemic,HIGH,ingredient_inference,,UNKNOWN,unknown,,False,sds_partial,LOW,no_basis,,,Mefenoxam,ternary,unknown,none,3.0,,
MIX308,LPI 6365-18 Fungicide,UNKNOWN,unknown,pesticide/fungicide,unknown,MEDIUM,name_explicit,UNKNOWN,[],['none_identified'],unknown,[],0.0,LOW,snippet_keywords,agricultural/fungicide,"['fungi', 'mold']","['ornamental', 'vegetables']",spray,preventive,HIGH,product_name,,UNKNOWN,unknown,False,False,sds_full,LOW,composition_section_only,,,Copper sulfate,binary,unknown,none,2.0,,
MIX309,Mergal K10N,UNKNOWN,liquid,industrial_chemical,concentrate,MEDIUM,evidence_snippet,UNKNOWN,[],['none_identified'],unknown,[],0.0,LOW,no_basis,industrial/chemical,"['bacteria', 'fungi']","['adhesives', 'aqueous systems']",topical,preventive,MEDIUM,source_text,,US_EPA,unknown,,False,epa_label,LOW,epa_gov_domain,,,"1,2-Benzisothiazolin-3(2H)-one",unknown,unknown,none,1.0,,
MIX31,Autumn Super 51 WDG Herbicide,WDG,granule,pesticide/herbicide,concentrate,HIGH,name_explicit,UNKNOWN,[],['none_identified'],unknown,[],0.0,LOW,no_basis,agricultural/herbicide,"['weeds', 'broadleaf', 'grasses']","['wheat', 'barley', 'cereals']",spray,post_emergent,HIGH,product_name,,UNKNOWN,unknown,False,False,sds_full,LOW,source_filename,,,Thiencarbazone-methyl,multi_4_6,unknown,none,4.0,,
MIX310,Mesosulfuron-methyl,UNKNOWN,unknown,pesticide/herbicide,unknown,LOW,pattern_inferred,NONE,[],['none_identified'],none,[],1.0,MEDIUM,snippet_keywords,agricultural/herbicide,"['weeds', 'broadleaf']","['wheat', 'barley', 'cereals']",spray,post_emergent,HIGH,ingredient_inference,,RESEARCH_ONLY,not_registered,False,False,sds_partial,MEDIUM,source_filename,,,Mesosulfuron-methyl sodium salt,single,unknown,none,1.0,,
MIX311,Lumax EZ Herbicide,UNKNOWN,unknown,pesticide/herbicide,concentrate,MEDIUM,pattern_inferred,WARNING,"['skin_corrosion_2', 'skin_sensitization_1B', 'stot_repeated_exposure']",['dermal'],unknown,[],3.0,HIGH,sds_section2,agricultural/herbicide,"['weeds', 'broadleaf', 'grasses']","['corn', 'maize']",spray,pre_emergent,HIGH,product_name,,UNKNOWN,unknown,False,False,epa_label,LOW,source_filename,10.2,89.8,Atrazine,single,medium,partial,1.0,,
MIX312,Mesotrione 28% Manufacturing Use Product,UNKNOWN,unknown,pesticide/herbicide,concentrate,MEDIUM,pattern_inferred,WARNING,['skin_irritation_2'],['dermal'],aquatic_acute,[],2.0,MEDIUM,snippet_keywords,agricultural/herbicide,"['weeds', 'broadleaf']","['corn', 'maize']",spray,post_emergent,HIGH,ingredient_inference,,UNKNOWN,unknown,False,False,sds_full,LOW,source_filename,40.0,60.0,Mesotrione,single,high,partial,1.0,,
MIX313,Mesotrione 50WG,WG,granule,pesticide/herbicide,concentrate,HIGH,name_explicit,UNKNOWN,[],['none_identified'],unknown,[],0.0,LOW,no_basis,agricultural/herbicide,"['weeds', 'broadleaf']","['corn', 'maize']",spray,post_emergent,HIGH,ingredient_inference,,RESEARCH_ONLY,not_registered,False,False,sds_full,MEDIUM,source_filename,,,methanol,single,unknown,none,1.0,,
MIX314,Metarex 4% Snail and Slug Bait,UNKNOWN,granule,pesticide/other,ready-to-use,MEDIUM,pattern_inferred,UNKNOWN,[],['none_identified'],unknown,[],0.0,LOW,no_basis,agricultural/other,"['snails', 'slugs']","['ornamental', 'turf', 'garden']",bait,contact,HIGH,product_name,,UNKNOWN,unknown,,False,sds_full,LOW,no_basis,,,Metaldehyde,single,unknown,none,1.0,,
MIX315,Metrafenone Fungicide,UNKNOWN,unknown,pesticide/fungicide,unknown,MEDIUM,name_explicit,UNKNOWN,[],['none_identified'],unknown,[],0.0,LOW,no_basis,agricultural/fungicide,"['fungi', 'mildew', 'rust']","['cereals', 'ornamental']",spray,preventive,HIGH,product_name,,EU_REACH,unknown,False,True,sds_full,MEDIUM,reach_text,,,Metrafenone,single,unknown,none,1.0,,
MIX316,Metribuzin + Flufenacet,UNKNOWN,powder,pesticide/herbicide,concentrate,MEDIUM,pattern_inferred,UNKNOWN,[],['none_identified'],unknown,[],0.0,LOW,no_basis,agricultural/herbicide,"['weeds', 'broadleaf', 'grasses']","['soybean', 'potato']",spray,pre_emergent,HIGH,ingredient_inference,,UNKNOWN,unknown,False,False,sds_full,LOW,source_filename,75.0,25.0,Metribuzin,multi_4_6,very_high,approximate,4.0,,
MIX317,M920 Insecticide,UNKNOWN,unknown,pesticide/insecticide,concentrate,MEDIUM,name_explicit,UNKNOWN,[],['none_identified'],unknown,[],0.0,LOW,no_basis,agricultural/insecticide,,,unknown,unknown,LOW,product_name,,UNKNOWN,unknown,False,False,sds_full,LOW,source_filename,2.0,98.0,Methyl Methacrylate Monomer,multi_4_6,low,partial,4.0,,
MIX318,Magnate,EC,liquid,pesticide/fungicide,concentrate,MEDIUM,evidence_snippet,UNKNOWN,[],['none_identified'],unknown,[],0.0,LOW,no_basis,agricultural/fungicide,"['fungi', 'rust', 'blight']","['cereals', 'turf']",spray,systemic,MEDIUM,ingredient_inference,,UNKNOWN,unknown,,False,unknown,LOW,no_basis,,,,binary,unknown,none,2.0,,
MIX319,Metsulfuron Methyl,UNKNOWN,unknown,pesticide/herbicide,concentrate,MEDIUM,pattern_inferred,UNKNOWN,[],['none_identified'],unknown,[],0.0,LOW,no_basis,agricultural/herbicide,"['weeds', 'broadleaf']","['wheat', 'barley', 'cereals']",spray,post_emergent,HIGH,ingredient_inference,,RESEARCH_ONLY,not_registered,False,False,sds_partial,MEDIUM,source_filename,,,metsulfuron methyl,single,unknown,none,1.0,,
MIX32,Averthor Granular Ant Bait,GR,granule,pesticide/insecticide,ready-to-use,HIGH,name_explicit,DANGER,"['acute_toxicity_oral_4', 'acute_toxicity_inhalation_4', 'eye_damage_2A', 'reproductive_toxicity_1B', 'stot_repeated_1']","['oral', 'inhalation']",aquatic_chronic,[],5.0,HIGH,snippet_keywords,public_health/insect_repellent,['ants'],"['residential', 'commercial']",bait,contact,HIGH,product_name,,UNKNOWN,unknown,False,False,sds_full,LOW,source_filename,0.73,99.27,Hydramethylnon,single,ultra_low,partial,1.0,,
MIX320,Mana 11201,UNKNOWN,liquid,unknown,unknown,LOW,pattern_inferred,UNKNOWN,[],['none_identified'],unknown,[],0.0,LOW,no_basis,agricultural/other,,,unknown,unknown,LOW,no_basis,,UNKNOWN,unknown,,False,sds_full,LOW,no_basis,12.0,88.0,Urea Monohydrochloride,multi_4_6,medium,approximate,4.0,,
MIX321,MGK 29461,UNKNOWN,liquid,pesticide/insecticide,concentrate,MEDIUM,pattern_inferred,WARNING,['skin_sensitization_1'],['inhalation'],unknown,[],2.0,MEDIUM,snippet_keywords,public_health/insect_repellent,"['mosquitoes', 'flies', 'ticks', 'fleas']","['residential', 'commercial']",spray,contact,HIGH,ingredient_inference,,UNKNOWN,unknown,False,False,sds_full,LOW,source_filename,,,Pyrethrins,multi_4_6,unknown,none,4.0,,
MIX322,Max Kill Dusta-Cide 6,UNKNOWN,powder,pesticide/insecticide,ready-to-use,MEDIUM,name_explicit,WARNING,[],['none_identified'],aquatic_chronic,[],2.0,MEDIUM,snippet_keywords,agricultural/insecticide,"['aphids', 'mites', 'beetles']","['residential', 'commercial']",spray,contact,HIGH,ingredient_inference,,UNKNOWN,unknown,False,False,sds_full,LOW,source_filename,,,Malathion,single,unknown,none,1.0,,
MIX323,Maxim MZ,UNKNOWN,unknown,pesticide/fungicide,concentrate,MEDIUM,name_explicit,UNKNOWN,[],['none_identified'],unknown,[],0.0,LOW,no_basis,agricultural/seed_treatment,"['fungi', 'seed-borne diseases']","['cereals', 'corn', 'soybean']",seed_treatment,preventive,HIGH,product_name,,UNKNOWN,unknown,False,False,sds_full,LOW,source_filename,4.0,96.0,Mancozeb,binary,low,partial,2.0,,
MIX324,Maxim Quattro,UNKNOWN,unknown,pesticide/fungicide,concentrate,MEDIUM,name_explicit,WARNING,['skin_sensitization_1B'],['none_identified'],unknown,[],2.0,HIGH,sds_section2,agricultural/seed_treatment,"['fungi', 'seed-borne diseases']","['cereals', 'corn', 'soybean']",seed_treatment,preventive,HIGH,product_name,,UNKNOWN,unknown,False,False,epa_label,LOW,source_filename,99.8,0.2,Propylene Glycol,multi_4_6,very_high,exact,5.0,,
MIX325,MGK F-2862,UNKNOWN,liquid,pesticide/insecticide,concentrate,MEDIUM,pattern_inferred,WARNING,['skin_sensitization_1'],['inhalation'],unknown,[],2.0,MEDIUM,snippet_keywords,public_health/insect_repellent,"['mosquitoes', 'flies', 'ticks', 'fleas']","['residential', 'commercial']",spray,contact,HIGH,ingredient_inference,,UNKNOWN,unknown,False,False,sds_full,LOW,source_filename,,,Pyrethrins,multi_4_6,unknown,none,4.0,,
MIX326,MGK Fogging Concentrate 2922,UNKNOWN,liquid,pesticide/insecticide,concentrate,MEDIUM,pattern_inferred,UNKNOWN,[],['none_identified'],unknown,[],0.0,LOW,no_basis,public_health/insect_repellent,"['mosquitoes', 'flies', 'ticks']","['residential', 'commercial']",fumigation,contact,HIGH,product_name,,UNKNOWN,unknown,False,False,sds_full,LOW,source_filename,3.3,96.7,Piperonyl Butoxide,multi_4_6,low,partial,5.0,,
MIX327,MCM 437,UNKNOWN,unknown,unknown,unknown,LOW,no_basis,WARNING,"['aspiration_hazard_1', 'reproductive_toxicity_2', 'aquatic_chronic_3']",['none_identified'],aquatic_chronic,"['H304', 'H361f', 'H412']",3.0,HIGH,snippet_keywords,industrial/chemical,,,unknown,unknown,LOW,no_basis,,UK_REACH,unknown,False,True,sds_full,MEDIUM,reach_text,,,disodium sebacate,ternary,unknown,none,3.0,,
MIX328,MGK Formula 2960,UNKNOWN,liquid,pesticide/insecticide,concentrate,MEDIUM,pattern_inferred,UNKNOWN,[],['none_identified'],unknown,[],0.0,LOW,no_basis,public_health/insect_repellent,"['mosquitoes', 'flies', 'ticks']","['residential', 'commercial']",spray,contact,HIGH,ingredient_inference,,UNKNOWN,unknown,False,False,sds_full,LOW,source_filename,,,alcohols C16-18 ethoxylated,multi_4_6,unknown,none,5.0,,
MIX329,Mon 58416,UNKNOWN,unknown,unknown,unknown,LOW,no_basis,UNKNOWN,[],['none_identified'],unknown,[],0.0,LOW,no_basis,unknown,,,unknown,unknown,LOW,no_basis,,RESEARCH_ONLY,not_registered,,False,chemblink_sigma,MEDIUM,source_filename,,,,unknown,unknown,none,0.0,,
MIX33,Avicta Complete Corn 250,FS,suspension,pesticide/fungicide,concentrate,MEDIUM,pattern_inferred,UNKNOWN,[],['none_identified'],unknown,[],0.0,LOW,no_basis,agricultural/seed_treatment,"['fungi', 'insects', 'seed-borne diseases']",['corn'],seed_treatment,systemic,HIGH,product_name,,UNKNOWN,unknown,False,False,epa_label,LOW,source_filename,99.99,0.01,Glycerol,multi_7p,very_high,exact,5.0,,
MIX330,MGK Formula 2976,UNKNOWN,unknown,pesticide/insecticide,concentrate,MEDIUM,pattern_inferred,UNKNOWN,[],['none_identified'],unknown,[],0.0,LOW,no_basis,agricultural/insecticide,"['mites', 'aphids', 'beetles']","['ornamental', 'residential']",spray,systemic,HIGH,ingredient_inference,,UNKNOWN,unknown,False,False,sds_full,LOW,source_filename,,,Abamectin,binary,unknown,none,2.0,,
MIX331,Mon 58494 Herbicide,UNKNOWN,unknown,pesticide/herbicide,concentrate,MEDIUM,name_explicit,UNKNOWN,[],['none_identified'],unknown,[],0.0,LOW,no_basis,agricultural/herbicide,"['weeds', 'broadleaf', 'grasses']",,spray,systemic,HIGH,ingredient_inference,,UNKNOWN,unknown,False,False,sds_full,LOW,source_filename,,,Potassium salt of glyphosate,single,unknown,none,1.0,,
MIX332,MGK Formula 2980,UNKNOWN,liquid,pesticide/insecticide,concentrate,MEDIUM,pattern_inferred,UNKNOWN,[],['none_identified'],unknown,[],0.0,LOW,no_basis,study/skin_irritation_human,,,unknown,unknown,HIGH,source_filename,,RESEARCH_ONLY,not_registered,False,False,sds_partial,HIGH,source_filename,36.5,63.5,Piperonyl Butoxide,ternary,medium,exact,3.0,HIGH,workbook_pct
MIX333,Mon 8411,UNKNOWN,unknown,industrial_chemical,concentrate,LOW,pattern_inferred,NONE,[],['none_identified'],none,[],1.0,MEDIUM,sds_section2,study/skin_irritation_human,,,unknown,unknown,HIGH,source_filename,,RESEARCH_ONLY,not_registered,False,False,sds_full,HIGH,source_filename,,,"Hexanedioic acid, monomethyl ester",single,unknown,none,1.0,LOW,no_basis
MIX334,Mon 8434 Herbicide,UNKNOWN,liquid,pesticide/herbicide,concentrate,MEDIUM,name_explicit,UNKNOWN,[],['dermal'],unknown,[],0.0,LOW,snippet_keywords,agricultural/herbicide,['weeds'],,spray,unknown,HIGH,product_name,,RESEARCH_ONLY,not_registered,False,False,sds_full,HIGH,source_filename,99.0,1.0,Butan-2-one,multi_4_6,very_high,exact,4.0,HIGH,workbook_pct
MIX335,Movento 240 SC Insecticide,SC,suspension,pesticide/insecticide,concentrate,HIGH,name_explicit,WARNING,"['aquatic_chronic_1', 'eye_irritation_2', 'skin_sensitization_1A', 'stot_single_3', 'aquatic_acute_1', 'reproductive_toxicity_2', 'acute_toxicity_inhalation_4', 'aquatic_chronic_3']",['inhalation'],both,"['H410', 'H319', 'H317', 'H335', 'H400', 'H361fd', 'H332', 'H412']",4.0,HIGH,sds_section2,agricultural/insecticide,"['aphids', 'whiteflies', 'mites']",,spray,systemic,HIGH,product_name,,EU_REACH,not_registered,False,True,sds_full,HIGH,reach_text,,,"3-(2,5-Dimethylphenyl)-8-methoxy-2-oxo-1-azaspiro(4.5)dec-3-en-4-yl ethyl carbonate",binary,unknown,none,2.0,LOW,no_basis
MIX336,Multicide Crawling Insect Killer 28651,RTU,liquid,pesticide/insecticide,ready-to-use,HIGH,pattern_inferred,UNKNOWN,[],['none_identified'],unknown,[],0.0,LOW,no_basis,public_health/insecticide,"['crawling insects', 'cockroaches', 'ants']","['residential', 'commercial']",spray,contact,HIGH,product_name,,RESEARCH_ONLY,not_registered,False,False,sds_full,HIGH,source_filename,7.5,92.5,permethrin(ISO),multi_4_6,low,approximate,4.0,MEDIUM,workbook_pct
MIX337,Micromite 80WG,WG,granule,pesticide/insecticide,concentrate,HIGH,name_explicit,CAUTION,[],['none_identified'],aquatic_chronic,[],2.0,MEDIUM,snippet_keywords,agricultural/insecticide,['mites'],,spray,contact,HIGH,ingredient_inference,,RESEARCH_ONLY,not_registered,False,False,sds_full,HIGH,source_filename,2.0,98.0,DIflubenzuron,ternary,low,partial,3.0,MEDIUM,workbook_pct
MIX338,Mycostat BX2,UNKNOWN,liquid,wood_preservative,dilute,MEDIUM,pattern_inferred,UNKNOWN,[],['none_identified'],unknown,[],0.0,LOW,no_basis,wood_preservation,"['fungi', 'sapstain']",['wood'],topical,preventive,HIGH,source_text,,UNKNOWN,unknown,,False,product_page,LOW,no_basis,0.1,99.9,The antisapstain Mycostat® BX2 is applied to the surface of this product with dry residual concentration of,single,ultra_low,approximate,1.0,LOW,workbook_pct
MIX339,MZ 75DF Agricultural Fungicide,UNKNOWN,powder,pesticide/fungicide,concentrate,MEDIUM,name_explicit,NONE,[],['none_identified'],none,[],1.0,HIGH,sds_section2,agricultural/fungicide,['fungi'],,spray,preventive,HIGH,product_name,,UNKNOWN,unknown,False,False,sds_full,MEDIUM,source_filename,,,,unknown,unknown,none,0.0,LOW,no_basis
MIX34,Aloft GC SC Insecticide,SC,suspension,pesticide/insecticide,concentrate,HIGH,name_explicit,UNKNOWN,[],['none_identified'],unknown,[],0.0,LOW,no_basis,agricultural/insecticide,"['turf insects', 'ornamental pests']","['turf', 'ornamental']",spray,systemic,HIGH,source_text,,RESEARCH_ONLY,not_registered,True,False,product_page,MEDIUM,source_filename,37.0,63.0,A systemic insecticide that provides long-lasting protection against pests by being absorbed by plants and targeting their nervous systems,binary,medium,exact,2.0,MEDIUM,workbook_pct
MIX340,Nab Nicho Tech,UNKNOWN,liquid,cleaning_disinfectant,concentrate,MEDIUM,pattern_inferred,DANGER,"['skin_corrosion_1B', 'eye_damage_1']",['dermal'],none,"['H314', 'H318']",4.0,HIGH,sds_section2,public_health/disinfectant,"['bacteria', 'viruses']",,topical,contact,HIGH,ingredient_inference,,RESEARCH_ONLY,not_registered,False,False,sds_full,HIGH,source_filename,,,Sodium Hypochlorite,single,unknown,none,1.0,LOW,no_basis
MIX341,Navigator 80WG Termticide/Insecticide,WG,granule,pesticide/insecticide,concentrate,HIGH,name_explicit,WARNING,[],['none_identified'],aquatic_chronic,[],2.0,MEDIUM,snippet_keywords,agricultural/insecticide,['termites'],['soil'],soil_injection,systemic,HIGH,product_name,,RESEARCH_ONLY,not_registered,False,False,sds_full,HIGH,source_filename,,,Fipronil,single,unknown,none,1.0,LOW,no_basis
MIX342,Nemathorin 500EC,EC,liquid,pesticide/other,concentrate,HIGH,name_explicit,DANGER,"['acute_toxicity_oral_3', 'acute_toxicity_inhalation_3', 'acute_toxicity_dermal_3', 'skin_sensitization_1', 'aquatic_acute_1', 'aquatic_chronic_1']","['oral', 'inhalation', 'dermal']",both,"['H301', 'H331', 'H311', 'H317', 'H400', 'H410', 'H411']",5.0,HIGH,sds_section2,agricultural/nematicide,['nematodes'],,soil_injection,systemic,HIGH,product_name,,EU_REACH,not_registered,False,True,sds_full,HIGH,reach_text,,,3.2 Mixtures,binary,unknown,none,2.0,LOW,no_basis
MIX343,Neo Chlor Spa Angel Tab,TB,tablet,cleaning_disinfectant,concentrate,HIGH,name_explicit,DANGER,[],['none_identified'],unknown,[],3.0,MEDIUM,sds_section2,public_health/disinfectant,"['bacteria', 'algae']","['spa', 'pool']",topical,contact,HIGH,ingredient_inference,21164-9,US_EPA,registered_active,False,False,sds_full,HIGH,epa_reg_found,15.0,85.0,Sodium chlorite,ternary,low,exact,3.0,HIGH,workbook_pct
MIX344,Neporax 25G,GR,granule,pesticide/insecticide,ready-to-use,HIGH,name_explicit,WARNING,['acute_toxicity_oral_4'],['oral'],none,['H302'],2.0,HIGH,sds_section2,agricultural/insecticide,['flies'],['animal quarters'],bait,contact,HIGH,ingredient_inference,,EU_REACH,not_registered,False,False,sds_full,MEDIUM,source_filename,,,Cyromazine,single,unknown,none,1.0,LOW,no_basis
MIX345,NEU1171H,EC,liquid,industrial_chemical,concentrate,HIGH,evidence_snippet,WARNING,"['flammable_liquid_3', 'stot_single_3', 'aspiration_hazard_1']",['none_identified'],none,"['H226', 'H336', 'H304']",3.0,HIGH,sds_section2,study/skin_irritation_human,,,unknown,unknown,HIGH,source_filename,,EU_REACH,not_registered,False,True,sds_full,HIGH,reach_text,22.0,78.0,1-Methoxy-2-propanol,binary,medium,approximate,2.0,MEDIUM,workbook_pct
MIX346,Mitin FF Liquid,UNKNOWN,liquid,pesticide/insecticide,concentrate,MEDIUM,name_explicit,UNKNOWN,[],['none_identified'],unknown,[],0.0,LOW,no_basis,study/skin_irritation_human,,,unknown,unknown,HIGH,source_filename,,RESEARCH_ONLY,not_registered,False,False,unknown,LOW,source_filename,10.0,90.0,"PARAFFINS) ambientlevelsto(cid:3),hypoxiaresultsandthebodyisstarved",single,low,approximate,1.0,LOW,workbook_pct
MIX347,MKH 3586,UNKNOWN,unknown,pesticide/herbicide,unknown,LOW,no_basis,UNKNOWN,[],['none_identified'],unknown,[],0.0,LOW,no_basis,unknown,,,unknown,unknown,LOW,no_basis,,UNKNOWN,unknown,,False,unknown,LOW,no_basis,,,,unknown,unknown,none,0.0,LOW,no_basis
MIX348,Nicosulfuron 40SC,SC,suspension,pesticide/herbicide,concentrate,HIGH,name_explicit,NONE,[],['none_identified'],none,[],1.0,MEDIUM,sds_section2,agricultural/herbicide,"['weeds', 'grasses']",['corn'],spray,post_emergent,HIGH,ingredient_inference,,UNKNOWN,unknown,False,False,sds_full,MEDIUM,source_filename,,,Nicosulfuron,single,unknown,none,1.0,LOW,no_basis
MIX349,Molluscicide Mesurol 2% Bait,UNKNOWN,granule,pesticide/other,ready-to-use,MEDIUM,name_explicit,WARNING,[],"['oral', 'dermal', 'inhalation']",unknown,[],2.0,MEDIUM,sds_section2,agricultural/molluscicide,"['snails', 'slugs']",,bait,contact,HIGH,product_name,10163-231,US_EPA,registered_active,True,False,epa_label,HIGH,epa_reg_found,,,,unknown,unknown,none,0.0,LOW,no_basis
MIX35,Aloft LC G Insecticide,GR,granule,pesticide/insecticide,ready-to-use,HIGH,name_explicit,UNKNOWN,[],['none_identified'],unknown,[],0.0,LOW,no_basis,study/acute_dermal,,,unknown,unknown,HIGH,source_filename,,UNKNOWN,unknown,,False,sds_full,LOW,no_basis,,,,unknown,unknown,none,0.0,LOW,no_basis
MIX350,Nipacide CMX,UNKNOWN,unknown,industrial_chemical,concentrate,LOW,no_basis,UNKNOWN,[],['none_identified'],unknown,[],0.0,LOW,no_basis,study/acute_dermal,,,unknown,unknown,HIGH,source_filename,,UNKNOWN,unknown,,False,unknown,LOW,no_basis,,,"4-Chloro-3,5-dimethylphenol",single,unknown,none,1.0,LOW,no_basis
MIX351,Mon 37500,UNKNOWN,liquid,industrial_chemical,concentrate,MEDIUM,pattern_inferred,DANGER,"['flammable_liquid_1', 'skin_irritation_2', 'stot_single_3', 'aspiration_hazard_1', 'aquatic_chronic_2']",['none_identified'],aquatic_chronic,"['H224', 'H315', 'H336', 'H304', 'H411']",4.0,HIGH,sds_section2,study/skin_irritation_human,,,unknown,unknown,HIGH,source_filename,,EU_REACH,not_registered,False,True,sds_full,HIGH,reach_text,5.0,95.0,Ethyl tert-butyl ether,binary,low,partial,2.0,MEDIUM,workbook_pct
MIX352,NipsIt Canola Suite Seed Protectant,FS,suspension,pesticide/fungicide,concentrate,HIGH,name_explicit,UNKNOWN,[],['none_identified'],unknown,[],0.0,LOW,no_basis,agricultural/seed_treatment,"['insects', 'fungi']",['canola'],seed_treatment,systemic,HIGH,product_name,,RESEARCH_ONLY,not_registered,True,False,sds_full,HIGH,source_filename,,,Clothianidin,multi_4_6,unknown,none,4.0,MEDIUM,source_text
MIX353,Mon 37532,UNKNOWN,unknown,unknown,unknown,LOW,no_basis,UNKNOWN,[],['none_identified'],unknown,[],0.0,LOW,no_basis,study/skin_irritation_human,,,unknown,unknown,HIGH,source_filename,,RESEARCH_ONLY,not_registered,,False,unknown,MEDIUM,source_filename,,,,unknown,unknown,none,0.0,LOW,no_basis
MIX354,Olympus Flex Herbicide,UNKNOWN,unknown,pesticide/herbicide,concentrate,MEDIUM,name_explicit,UNKNOWN,[],['none_identified'],unknown,[],0.0,LOW,sds_section2,agricultural/herbicide,"['broadleaf weeds', 'grasses']","['wheat', 'barley']",spray,post_emergent,HIGH,product_name,,RESEARCH_ONLY,not_registered,False,False,sds_full,HIGH,source_filename,,,Propoxycarbazone-sodium,single,unknown,none,1.0,LOW,no_basis
MIX355,Olympus Seed Treatment 3,UNKNOWN,unknown,pesticide/insecticide,unknown,LOW,name_explicit,UNKNOWN,[],['none_identified'],unknown,[],0.0,LOW,no_basis,agricultural/herbicide,['weeds'],"['cereals', 'wheat', 'barley']",seed_treatment,pre_emergent,HIGH,product_name,,RESEARCH_ONLY,not_registered,False,False,sds_full,HIGH,source_filename,,,Propoxycarbazone-sodium,single,unknown,none,1.0,LOW,name_inference
MIX356,Optigard Cockroach Bait,UNKNOWN,unknown,pesticide/insecticide,ready-to-use,MEDIUM,name_explicit,UNKNOWN,[],['none_identified'],unknown,[],0.0,LOW,no_basis,public_health/insecticide,['cockroaches'],"['residential', 'commercial']",bait,residual,HIGH,product_name,,UNKNOWN,unknown,False,False,sds_partial,LOW,no_basis,9.0,91.0,emamectin benzoate,multi_7p,low,partial,5.0,MEDIUM,workbook_pct
MIX357,DuPont Prequel Herbicide,WG,powder,pesticide/herbicide,concentrate,MEDIUM,pattern_inferred,UNKNOWN,[],['none_identified'],unknown,[],0.0,LOW,no_basis,agricultural/herbicide,"['weeds', 'broadleaf']","['corn', 'soybean']",spray,pre_emergent,HIGH,product_name,,US_EPA,registered_active,False,False,epa_label,MEDIUM,source_filename,45.0,49.0,Isoxaflutole,multi_4_6,medium,approximate,4.0,HIGH,workbook_pct
MIX358,Prevamite,SC,suspension,pesticide/insecticide,concentrate,MEDIUM,pattern_inferred,UNKNOWN,[],['none_identified'],unknown,[],0.0,LOW,no_basis,agricultural/insecticide,['mites'],"['ornamental', 'greenhouse']",spray,contact,HIGH,product_name,,UNKNOWN,unknown,False,False,sds_partial,LOW,no_basis,22.6,77.4,Bifenazate,single,medium,exact,1.0,HIGH,workbook_pct
MIX359,Preventol A14-D,UNKNOWN,liquid,wood_preservative,concentrate,MEDIUM,pattern_inferred,UNKNOWN,[],['none_identified'],unknown,[],0.0,LOW,no_basis,industrial/coating_preservative,"['fungi', 'mold']","['paints', 'coatings', 'plaster']",systemic,preventive,HIGH,source_text,,UNKNOWN,unknown,True,False,product_page,LOW,no_basis,33.4,66.6,Diuron/Carbendazim,binary,medium,approximate,2.0,MEDIUM,workbook_pct
MIX36,Axial BIA Herbicide,UNKNOWN,unknown,pesticide/herbicide,unknown,LOW,name_explicit,UNKNOWN,[],['none_identified'],unknown,[],0.0,LOW,no_basis,agricultural/herbicide,"['grasses', 'weeds']","['cereals', 'wheat', 'barley']",spray,post_emergent,HIGH,product_name,,UNKNOWN,unknown,False,False,sds_full,LOW,no_basis,,,Pinoxaden,multi_4_6,unknown,none,4.0,MEDIUM,source_text
MIX360,Preventol BIT 20N,UNKNOWN,liquid,industrial_chemical,concentrate,MEDIUM,pattern_inferred,UNKNOWN,[],['none_identified'],unknown,[],0.0,LOW,no_basis,industrial/preservative,"['bacteria', 'fungi']","['polymer_emulsions', 'metalworking_fluids', 'paints', 'inks', 'adhesives']",systemic,preventive,HIGH,source_text,39967-150,US_EPA,registered_active,True,False,product_page,HIGH,epa_reg_found,20.0,80.0,"1,2-benzisothiazolin-3-one",multi_7p,medium,exact,5.0,HIGH,workbook_pct
MIX361,Preventol P 91,UNKNOWN,liquid,industrial_chemical,concentrate,MEDIUM,pattern_inferred,UNKNOWN,[],['none_identified'],unknown,[],0.0,LOW,no_basis,industrial/preservative,"['bacteria', 'fungi']",['industrial_formulations'],systemic,preventive,HIGH,product_name,,UNKNOWN,unknown,False,False,sds_full,LOW,no_basis,3.0,97.0,magnesium nitrate,ternary,ultra_low,partial,3.0,MEDIUM,workbook_pct
MIX362,Proceed MD Fungicide,UNKNOWN,liquid,pesticide/fungicide,concentrate,MEDIUM,name_explicit,UNKNOWN,[],['none_identified'],unknown,[],0.0,LOW,no_basis,agricultural/fungicide,"['fungi', 'rust', 'blight']","['cereals', 'seed_treatment']",seed_treatment,systemic,HIGH,product_name,,UNKNOWN,unknown,False,False,sds_full,LOW,no_basis,1.0,99.0,Tebuconazole,multi_4_6,ultra_low,partial,4.0,MEDIUM,workbook_pct
MIX363,Prodiamine/Diquat/Glyphosphate EW Concentrate,EW,emulsion,pesticide/herbicide,concentrate,HIGH,name_explicit,DANGER,"['acute_toxicity_oral_5', 'skin_irritation_2', 'eye_irritation_2A', 'stot_single_3', 'carcinogenicity_1', 'stot_repeated_1']",['oral'],none,"['H303', 'H315', 'H319', 'H335', 'H350', 'H372']",5.0,HIGH,sds_section2,agricultural/herbicide,"['weeds', 'grasses', 'broadleaf']","['turf', 'ornamental']",spray,pre_emergent,MEDIUM,ingredient_inference,,UNKNOWN,unknown,False,False,sds_full,LOW,no_basis,,,,unknown,unknown,none,0.0,LOW,no_basis
MIX364,Prohexadione calcium(89.9%),UNKNOWN,unknown,pesticide/other,unknown,LOW,no_basis,UNKNOWN,[],['none_identified'],unknown,[],0.0,LOW,no_basis,agricultural/plant_growth_regulator,,"['fruit', 'ornamental']",spray,systemic,HIGH,ingredient_inference,,RESEARCH_ONLY,not_registered,False,False,chemblink_sigma,HIGH,source_filename,,,Prohexadione calcium,unknown,very_high,none,1.0,MEDIUM,name_inference
MIX365,Prohexadione calcium(27.5%),WG,powder,pesticide/other,concentrate,MEDIUM,pattern_inferred,UNKNOWN,[],['none_identified'],unknown,[],0.0,LOW,no_basis,agricultural/plant_growth_regulator,,"['fruit', 'ornamental']",spray,systemic,HIGH,ingredient_inference,,UNKNOWN,unknown,False,False,sds_full,LOW,no_basis,27.5,72.5,prohexadione-calcium,multi_4_6,medium,partial,4.0,HIGH,workbook_pct
MIX366,Propiconazole(93%),UNKNOWN,liquid,pesticide/fungicide,concentrate,MEDIUM,pattern_inferred,UNKNOWN,[],['none_identified'],unknown,[],0.0,LOW,no_basis,agricultural/fungicide,"['fungi', 'rust', 'powdery_mildew']","['cereals', 'turf', 'ornamental']",spray,systemic,HIGH,ingredient_inference,,UNKNOWN,unknown,False,False,sds_partial,LOW,no_basis,,,Propiconazole,binary,very_high,none,2.0,MEDIUM,name_inference
MIX367,Propiconazole 0.51% Granular Fungicide,GR,granule,pesticide/fungicide,ready-to-use,HIGH,name_explicit,UNKNOWN,[],['none_identified'],unknown,[],0.0,LOW,no_basis,agricultural/fungicide,"['fungi', 'brown_patch', 'dollar_spot']",['turf'],spray,systemic,HIGH,product_name,,UNKNOWN,unknown,False,False,sds_full,LOW,no_basis,0.51,99.49,Propiconazole,single,ultra_low,exact,1.0,HIGH,name_inference
MIX368,Prosper T400 Insecticide and Fungicide,FS,suspension,pesticide/insecticide,concentrate,MEDIUM,pattern_inferred,UNKNOWN,[],['none_identified'],unknown,[],0.0,LOW,no_basis,agricultural/seed_treatment,"['insects', 'fungi']","['cereals', 'corn', 'soybean']",seed_treatment,systemic,HIGH,product_name,,UNKNOWN,unknown,False,False,epa_label,MEDIUM,source_filename,1.0,99.0,Clothianidin,multi_7p,ultra_low,partial,5.0,MEDIUM,workbook_pct
MIX369,Prothioconazole Fungicide,UNKNOWN,liquid,pesticide/fungicide,concentrate,MEDIUM,name_explicit,UNKNOWN,[],['none_identified'],unknown,[],0.0,LOW,no_basis,agricultural/fungicide,"['fungi', 'rust', 'blight']","['cereals', 'soybean']",spray,systemic,HIGH,ingredient_inference,,UNKNOWN,unknown,False,False,epa_label,MEDIUM,source_filename,,,Prothioconazole,multi_4_6,unknown,none,4.0,MEDIUM,source_text
MIX37,Axial Star Herbicide,UNKNOWN,unknown,pesticide/herbicide,unknown,LOW,name_explicit,UNKNOWN,[],['none_identified'],unknown,[],0.0,LOW,snippet_keywords,agricultural/herbicide,"['grasses', 'weeds']","['cereals', 'wheat', 'barley']",spray,post_emergent,HIGH,product_name,,UNKNOWN,unknown,False,False,sds_full,LOW,no_basis,0.6,99.4,,single,ultra_low,approximate,1.0,LOW,workbook_pct
MIX370,Punjab Tebuconazole,EC,liquid,pesticide/fungicide,concentrate,HIGH,evidence_snippet,WARNING,"['acute_toxicity_oral_4', 'reproductive_toxicity_2', 'aquatic_acute_1', 'aquatic_chronic_1']",['oral'],aquatic_acute_and_chronic,"['H302', 'H400', 'H410']",3.0,HIGH,sds_section2,agricultural/fungicide,"['fungi', 'rust', 'blight', 'powdery_mildew']","['cereals', 'fruits', 'vegetables']",spray,systemic,HIGH,ingredient_inference,,EU_REACH,unknown,False,True,sds_full,MEDIUM,reach_text,,,Tebuconazole,binary,unknown,none,2.0,MEDIUM,name_inference
MIX371,Pyranha 1-10 PPC Concentrate,UNKNOWN,liquid,pesticide/insecticide,concentrate,HIGH,name_explicit,UNKNOWN,[],['none_identified'],unknown,[],0.0,LOW,no_basis,veterinary/insecticide,"['flies', 'mosquitoes', 'fleas', 'ticks']","['animal_quarters', 'livestock']",spray,contact,HIGH,product_name,,UNKNOWN,unknown,False,False,sds_full,LOW,no_basis,7.15,92.85,Piperonyl Butoxide,ternary,low,exact,3.0,HIGH,workbook_pct
MIX372,Pyrasulfotole,UNKNOWN,unknown,pesticide/herbicide,unknown,LOW,no_basis,UNKNOWN,[],['none_identified'],unknown,[],0.0,LOW,no_basis,agricultural/herbicide,"['broadleaf', 'weeds']","['cereals', 'corn']",spray,post_emergent,HIGH,ingredient_inference,,RESEARCH_ONLY,not_registered,False,False,chemblink_sigma,HIGH,source_filename,,,Pyrasulfotole,single,unknown,none,1.0,MEDIUM,name_inference
MIX373,Pyridalyl,UNKNOWN,unknown,pesticide/insecticide,unknown,LOW,no_basis,WARNING,"['skin_sensitization_1', 'stot_repeated_2', 'aquatic_acute_1', 'aquatic_chronic_1']",['none_identified'],aquatic_acute_and_chronic,"['H317', 'H373', 'H410']",3.0,HIGH,sds_section2,agricultural/insecticide,"['lepidoptera', 'caterpillars']","['vegetables', 'fruits']",spray,contact,HIGH,ingredient_inference,,RESEARCH_ONLY,not_registered,False,False,chemblink_sigma,HIGH,source_filename,,,Pyridalyl,single,unknown,none,1.0,MEDIUM,name_inference
MIX374,Pyrocide Falcon 7452,UNKNOWN,liquid,pesticide/insecticide,ready-to-use,MEDIUM,pattern_inferred,UNKNOWN,[],['none_identified'],unknown,[],0.0,LOW,no_basis,public_health/insecticide,"['flies', 'mosquitoes', 'roaches']","['residential', 'commercial']",spray,contact,HIGH,product_name,,UNKNOWN,unknown,False,False,sds_full,LOW,no_basis,80.5,19.5,Acetone,binary,very_high,approximate,2.0,MEDIUM,workbook_pct
MIX375,Quadris Top,SC,suspension,pesticide/fungicide,concentrate,MEDIUM,pattern_inferred,WARNING,"['acute_toxicity_inhalation_4', 'aquatic_acute_1', 'aquatic_chronic_1']",['inhalation'],aquatic_acute_and_chronic,"['H332', 'H400', 'H410']",3.0,HIGH,sds_section2,agricultural/fungicide,"['fungi', 'rust', 'blight', 'powdery_mildew']","['cereals', 'vegetables', 'turf']",spray,systemic,HIGH,product_name,,EU_REACH,unknown,False,True,sds_full,MEDIUM,reach_text,,,Azoxystrobin,multi_4_6,unknown,none,4.0,MEDIUM,source_text
MIX376,Quali-Pro Enclave 5.3F,UNKNOWN,liquid,pesticide/fungicide,concentrate,MEDIUM,pattern_inferred,UNKNOWN,[],['none_identified'],unknown,[],0.0,LOW,no_basis,agricultural/fungicide,"['fungi', 'dollar_spot', 'brown_patch', 'anthracnose']","['turf', 'ornamental']",spray,systemic,HIGH,source_text,53883-309,US_EPA,registered_active,True,False,product_page,HIGH,epa_reg_found,28.7,71.3,Chlorothalonil,binary,medium,partial,2.0,MEDIUM,source_text
MIX377,Quinoxyfen Manufacturing Use Concentrate,UNKNOWN,liquid,pesticide/fungicide,concentrate,MEDIUM,evidence_snippet,WARNING,"['aquatic_acute_1', 'skin_sensitization_1']",['none_identified'],aquatic_acute_and_chronic,"['H400', 'H317']",2.0,HIGH,sds_section2,agricultural/fungicide,"['fungi', 'powdery_mildew']","['grapes', 'vegetables']",spray,preventive,HIGH,source_text,33906-26,US_EPA,registered_active,True,False,epa_label,HIGH,epa_reg_found,22.58,77.42,Quinoxyfen,single,medium,exact,1.0,HIGH,workbook_pct
MIX378,Raid Ant & Roach Killer with Germ Kill CIK,RTU,liquid,pesticide/insecticide,ready-to-use,MEDIUM,pattern_inferred,WARNING,['flammable_aerosol_2'],['none_identified'],none,['H226'],2.0,HIGH,sds_section2,study/skin_irritation_human,,,unknown,unknown,HIGH,,,RESEARCH_ONLY,not_registered,False,False,sds_full,HIGH,source_filename,0.235,14.5,1-butoxy-2-propanol,multi_7p,ultra_low,partial,5.0,MEDIUM,workbook_pct
MIX379,Raid Roach & Ant Killer IV Plus,RTU,liquid,pesticide/insecticide,ready-to-use,MEDIUM,pattern_inferred,CAUTION,[],['none_identified'],unknown,[],1.0,MEDIUM,label_precautionary,study/skin_irritation_human,,,unknown,unknown,HIGH,,,US_EPA,registered_active,True,False,epa_label,HIGH,active_declared_epa_format,0.865,99.135,METIlYLCARBAMA'IE,multi_4_6,ultra_low,inconsistent,4.0,LOW,workbook_pct
MIX38,Ametryn,UNKNOWN,unknown,pesticide/herbicide,concentrate,LOW,pattern_inferred,UNKNOWN,[],['none_identified'],unknown,[],0.0,LOW,no_basis,study/skin_irritation_human,,,unknown,unknown,HIGH,,,RESEARCH_ONLY,not_registered,False,False,sds_full,HIGH,source_filename,97.0,3.0,Ametryn,single,very_high,exact,1.0,HIGH,workbook_pct
MIX380,Raid Roach & Ant Killer Plus,RTU,liquid,pesticide/insecticide,ready-to-use,MEDIUM,pattern_inferred,NONE,[],['none_identified'],none,[],1.0,MEDIUM,snippet_keywords,study/skin_irritation_human,,,unknown,unknown,HIGH,,,RESEARCH_ONLY,not_registered,False,False,sds_full,HIGH,source_filename,,,"White Mineral Oil, (Petroleum)",multi_4_6,unknown,none,4.0,LOW,name_inference
MIX381,Rancona Xxtra,FS,liquid,pesticide/fungicide,concentrate,MEDIUM,pattern_inferred,UNKNOWN,[],['none_identified'],unknown,[],0.0,LOW,no_basis,study/skin_irritation_human,,,unknown,unknown,HIGH,,,RESEARCH_ONLY,not_registered,False,False,sds_full,HIGH,source_filename,1.5,,Ipconazole,multi_4_6,ultra_low,partial,4.0,MEDIUM,workbook_pct
MIX382,Ravap EC,EC,liquid,pesticide/insecticide,concentrate,HIGH,name_explicit,UNKNOWN,[],['none_identified'],unknown,[],0.0,LOW,no_basis,study/skin_irritation_human,,,unknown,unknown,HIGH,,,RESEARCH_ONLY,not_registered,False,False,sds_full,HIGH,source_filename,28.3,71.7,Tetrachlorvinphos,ternary,medium,approximate,3.0,MEDIUM,workbook_pct
MIX383,NNI-0001,UNKNOWN,powder,industrial_chemical,unknown,LOW,evidence_snippet,DANGER,['flammable_solid_1'],['none_identified'],none,['H228'],4.0,HIGH,sds_section2,study/skin_irritation_human,,,unknown,unknown,HIGH,,,EU_REACH,registered_active,False,True,sds_full,HIGH,reach_text,0.13,,Aluminium powder (stabilised),ternary,ultra_low,partial,3.0,LOW,workbook_pct
MIX384,Not Stated,UNKNOWN,unknown,unknown,unknown,LOW,no_basis,UNKNOWN,[],['none_identified'],unknown,[],0.0,LOW,no_basis,study/acute_dermal,,,unknown,unknown,HIGH,,,UNKNOWN,unknown,,,unknown,LOW,no_basis,,,,unknown,unknown,none,0.0,LOW,no_basis
MIX385,Optigard Liquid Ant Bait,RTU,liquid,pesticide/insecticide,ready-to-use,MEDIUM,pattern_inferred,UNKNOWN,[],['none_identified'],unknown,[],0.0,LOW,no_basis,study/skin_irritation_human,,,unknown,unknown,HIGH,,,RESEARCH_ONLY,not_registered,False,False,sds_full,HIGH,source_filename,,,thiamethoxam (ISO),single,unknown,none,1.0,LOW,name_inference
MIX386,NTN 33893 75 WP-WS,WP,powder,pesticide/insecticide,concentrate,HIGH,name_explicit,UNKNOWN,[],['none_identified'],unknown,[],0.0,LOW,no_basis,study/skin_irritation_human,,,unknown,unknown,HIGH,,,RESEARCH_ONLY,not_registered,False,False,sds_full,HIGH,source_filename,75.0,25.0,Imidacloprid,ternary,very_high,exact,3.0,HIGH,workbook_pct
MIX387,Optill powered by Kixor Herbicide,WG,granule,pesticide/herbicide,concentrate,MEDIUM,pattern_inferred,UNKNOWN,[],['none_identified'],unknown,[],0.0,LOW,no_basis,study/skin_irritation_human,,,unknown,unknown,HIGH,,,RESEARCH_ONLY,not_registered,False,False,sds_full,HIGH,source_filename,29.7,,saflufenacil,multi_4_6,medium,partial,4.0,MEDIUM,workbook_pct
MIX388,Nuosept Bit,UNKNOWN,liquid,cleaning_disinfectant,concentrate,MEDIUM,pattern_inferred,UNKNOWN,[],['none_identified'],unknown,[],0.0,LOW,no_basis,study/skin_irritation_human,,,unknown,unknown,HIGH,,,RESEARCH_ONLY,not_registered,False,False,sds_full,HIGH,source_filename,3.0,5.0,Benzisothiazol- (2h)-one,binary,low,partial,2.0,MEDIUM,workbook_pct
MIX389,NUP-06139 Herbicide,UNKNOWN,unknown,pesticide/herbicide,unknown,LOW,pattern_inferred,UNKNOWN,[],['none_identified'],unknown,[],0.0,LOW,no_basis,study/skin_irritation_human,,,unknown,unknown,HIGH,,,UNKNOWN,unknown,,,unknown,LOW,no_basis,,,,single,unknown,none,1.0,LOW,no_basis
MIX39,Azoxystrobin 50 WG,WG,granule,pesticide/fungicide,concentrate,HIGH,name_explicit,UNKNOWN,[],['none_identified'],unknown,[],0.0,LOW,no_basis,study/skin_irritation_human,,,unknown,unknown,HIGH,,,RESEARCH_ONLY,not_registered,False,False,sds_full,HIGH,source_filename,,,Azoxystrobin 50,ternary,unknown,none,3.0,LOW,name_inference
MIX390,ORD-X042,UNKNOWN,unknown,unknown,unknown,LOW,no_basis,UNKNOWN,[],['none_identified'],unknown,[],0.0,LOW,no_basis,study/skin_irritation_human,,,unknown,unknown,HIGH,,,RESEARCH_ONLY,not_registered,,,unknown,MEDIUM,source_filename,,,,unknown,unknown,none,0.0,LOW,no_basis
MIX391,NUP06147,TB,tablet,pharmaceutical,ready-to-use,MEDIUM,pattern_inferred,UNKNOWN,[],['none_identified'],unknown,[],0.0,LOW,no_basis,study/skin_irritation_human,,,unknown,unknown,HIGH,,,RESEARCH_ONLY,not_registered,False,False,sds_full,HIGH,source_filename,,,Losartan,ternary,unknown,none,3.0,LOW,name_inference
MIX392,ORD-X170,UNKNOWN,unknown,unknown,unknown,LOW,no_basis,UNKNOWN,[],['none_identified'],unknown,[],0.0,LOW,no_basis,study/skin_irritation_human,,,unknown,unknown,HIGH,,,RESEARCH_ONLY,not_registered,,,unknown,MEDIUM,source_filename,,,,unknown,unknown,none,0.0,LOW,no_basis
MIX393,NUP-07003 Herbicide,SL,liquid,pesticide/herbicide,concentrate,MEDIUM,pattern_inferred,UNKNOWN,[],['none_identified'],unknown,[],0.0,LOW,no_basis,study/skin_irritation_human,,,unknown,unknown,HIGH,,,RESEARCH_ONLY,not_registered,False,False,sds_full,HIGH,source_filename,3.0,,"Triisopropanolamine Salt of 2,4-Dichlorophenoxyacetic Acid",ternary,low,partial,3.0,MEDIUM,workbook_pct
MIX394,ORD-X450,UNKNOWN,liquid,cleaning_disinfectant,concentrate,MEDIUM,evidence_snippet,UNKNOWN,"['skin_irritation_2', 'eye_damage_1', 'respiratory_sensitization_1', 'stot_single_3']",['inhalation'],unknown,"['H315', 'H318', 'H334', 'H335']",3.0,MEDIUM,snippet_keywords,study/skin_irritation_human,,,unknown,unknown,HIGH,,,RESEARCH_ONLY,not_registered,False,False,sds_full,HIGH,source_filename,5.0,,Subtilisin,binary,low,partial,2.0,MEDIUM,workbook_pct
MIX395,OR-X123,UNKNOWN,liquid,industrial_chemical,ready-to-use,MEDIUM,evidence_snippet,WARNING,"['flammable_liquid_3', 'acute_toxicity_dermal_4', 'acute_toxicity_inhalation_4', 'skin_irritation_2', 'eye_irritation_2']","['dermal', 'inhalation']",none,"['H226', 'H312', 'H332', 'H315', 'H319']",3.0,HIGH,sds_section2,study/skin_irritation_human,,,unknown,unknown,HIGH,,,RESEARCH_ONLY,not_registered,False,False,sds_full,HIGH,source_filename,,,,multi_4_6,unknown,none,4.0,LOW,no_basis
MIX396,Nylar Total Release Aerosol 2644,RTU,liquid,pesticide/insecticide,ready-to-use,MEDIUM,name_explicit,UNKNOWN,[],['none_identified'],unknown,[],0.0,LOW,no_basis,study/skin_irritation_human,,,unknown,unknown,HIGH,,,RESEARCH_ONLY,not_registered,False,False,sds_full,HIGH,source_filename,1.3,50.0,NYLAR® (Pyriproxyfen),binary,ultra_low,partial,2.0,MEDIUM,workbook_pct
MIX397,Penbotec,SC,suspension,pesticide/fungicide,concentrate,HIGH,name_explicit,WARNING,[],['none_identified'],aquatic_chronic,['H411'],2.0,MEDIUM,snippet_keywords,study/skin_irritation_human,,,unknown,unknown,HIGH,,43813-32,US_EPA,registered_active,False,False,sds_full,HIGH,epa_reg_found,30.0,70.0,Pyrimethanil (ISO),single,high,exact,1.0,HIGH,workbook_pct
MIX398,Penclo 273.5FS,FS,liquid,industrial_chemical,concentrate,MEDIUM,pattern_inferred,UNKNOWN,[],['none_identified'],unknown,[],0.0,LOW,no_basis,study/skin_irritation_human,,,unknown,unknown,HIGH,,,RESEARCH_ONLY,not_registered,False,False,sds_full,HIGH,source_filename,25.0,75.0,Hydrofluorosilicic Acid,binary,medium,exact,2.0,HIGH,workbook_pct
MIX399,Penclotrime 310.68 FS,FS,liquid,pesticide/other,concentrate,HIGH,name_explicit,DANGER,"['flammable_liquid_3', 'acute_toxicity_oral_4', 'skin_irritation_2', 'eye_damage_1', 'stot_single_3']","['oral', 'inhalation']",none,"['H226', 'H302', 'H315', 'H318', 'H335', 'H336']",4.0,HIGH,sds_section2,study/skin_irritation_human,,,unknown,unknown,HIGH,,,RESEARCH_ONLY,not_registered,False,False,sds_full,HIGH,source_filename,,,n-Butyl alcohol,single,unknown,none,1.0,LOW,name_inference
MIX4,0.19% Mesotrione on Fertilizer,GR,granule,pesticide/herbicide,ready-to-use,MEDIUM,pattern_inferred,UNKNOWN,[],['none_identified'],unknown,[],0.0,LOW,no_basis,study/skin_irritation_human,,,unknown,unknown,HIGH,,,RESEARCH_ONLY,not_registered,False,False,sds_full,HIGH,source_filename,96.0,4.0,Mesotrione,multi_4_6,very_high,exact,4.0,HIGH,workbook_pct
MIX40,Amicarbazone Herbicide,UNKNOWN,unknown,pesticide/herbicide,unknown,LOW,name_explicit,UNKNOWN,[],[],unknown,[],0.0,LOW,no_basis,study/skin_irritation_human,,,unknown,unknown,HIGH,source_filename,,RESEARCH_ONLY,not_registered,,,sds_full,MEDIUM,source_filename,,,RN,single,unknown,none,1.0,,
MIX400,Rocima 586,UNKNOWN,liquid,industrial_chemical,concentrate,MEDIUM,pattern_inferred,UNKNOWN,[],[],unknown,[],0.0,LOW,snippet_keywords,industrial/chemical,"['bacteria', 'fungi', 'algae']",,unknown,preventive,MEDIUM,ingredient_inference,,UNKNOWN,unknown,False,,sds_full,LOW,no_active_section,11.5,,Bronopol,multi_4_6,low,approximate,4.0,,
MIX401,Penflufen TC,UNKNOWN,powder,pesticide/fungicide,concentrate,MEDIUM,name_explicit,WARNING,"['aquatic_acute_1', 'aquatic_chronic_1']",[],aquatic_acute_and_chronic,['H410'],2.0,HIGH,sds_section2,agricultural/fungicide,['fungi'],,unknown,unknown,MEDIUM,ingredient_inference,,RESEARCH_ONLY,not_registered,,,sds_partial,HIGH,for_r&d_use_only,,,Penflufen,single,unknown,none,1.0,,
MIX402,Penoxsulam,UNKNOWN,powder,pesticide/herbicide,concentrate,MEDIUM,pattern_inferred,UNKNOWN,[],[],unknown,[],0.0,LOW,no_basis,agricultural/herbicide,['weeds'],,unknown,unknown,MEDIUM,ingredient_inference,,RESEARCH_ONLY,not_registered,,,sds_full,MEDIUM,source_filename,95.0,5.0,Penoxsulam,single,very_high,approximate,1.0,,
MIX403,Rotam 2F Ornamental Insecticide,UNKNOWN,liquid,pesticide/insecticide,concentrate,HIGH,name_explicit,DANGER,"['flammable_liquid_4', 'acute_toxicity_oral_4', 'acute_toxicity_inhalation_4', 'eye_irritation_2B', 'reproductive_toxicity_1', 'respiratory_sensitization_1', 'stot_repeated_1', 'aquatic_acute_1', 'aquatic_chronic_1']","['oral', 'inhalation']",aquatic_acute_and_chronic,"['H227', 'H302', 'H332', 'H320', 'H360', 'H335', 'H373', 'H400', 'H410']",5.0,HIGH,sds_section2,agricultural/insecticide,"['mites', 'insects']",['ornamental'],spray,contact,HIGH,product_name,81300-5-83979,US_EPA,registered_active,True,False,epa_label,HIGH,epa_reg_found,,,Abamectin,binary,unknown,none,2.0,,
MIX404,Penpro 118FS,FS,suspension,pesticide/fungicide,concentrate,HIGH,name_explicit,UNKNOWN,[],[],unknown,[],0.0,LOW,snippet_keywords,agricultural/seed_treatment,,,seed_treatment,preventive,HIGH,product_name,,UNKNOWN,unknown,False,,sds_full,LOW,no_basis,1.0,,Methanol,ternary,ultra_low,approximate,3.0,,
MIX405,Rotam Imidacloprid,EC,liquid,pesticide/insecticide,concentrate,HIGH,evidence_snippet,DANGER,"['acute_toxicity_3', 'aquatic_acute_1', 'aquatic_chronic_1']",['oral'],aquatic_acute_and_chronic,"['H301', 'H400', 'H410']",5.0,HIGH,sds_section2,agricultural/insecticide,"['aphids', 'whiteflies', 'beetles']",,unknown,systemic,HIGH,ingredient_inference,,EU_REACH,unknown,False,True,sds_full,MEDIUM,reach_text,,,Imidacloprid,binary,unknown,none,2.0,,
MIX406,ROTAM Methomyl 29LV Insecticide,SP,powder,pesticide/insecticide,concentrate,HIGH,evidence_snippet,UNKNOWN,[],[],unknown,[],0.0,LOW,snippet_keywords,agricultural/insecticide,['insects'],,spray,contact,HIGH,product_name,83100-28-83979,US_EPA,registered_active,True,False,epa_label,HIGH,epa_reg_found,90.0,10.0,Methomyl,single,very_high,exact,1.0,,
MIX407,Penprome 177FS,FS,suspension,pesticide/insecticide,concentrate,HIGH,name_explicit,UNKNOWN,[],[],unknown,[],0.0,LOW,no_basis,agricultural/seed_treatment,['insects'],,seed_treatment,preventive,HIGH,product_name,,RESEARCH_ONLY,not_registered,,,chemblink_sigma,MEDIUM,source_filename,,,Permethrin,single,unknown,none,1.0,,
MIX408,Rotam Nicosulfuron,UNKNOWN,powder,pesticide/herbicide,concentrate,MEDIUM,pattern_inferred,WARNING,"['skin_irritation_2', 'eye_damage_1', 'aquatic_acute_1', 'aquatic_chronic_1', 'aquatic_chronic_2']",[],aquatic_acute_and_chronic,"['H315', 'H318', 'H400', 'H410', 'H411']",3.0,MEDIUM,snippet_keywords,agricultural/herbicide,['weeds'],['corn'],spray,post_emergent,HIGH,ingredient_inference,,EU_REACH,unknown,False,True,sds_full,MEDIUM,reach_text,25.0,75.0,Nicosulfuron,multi_4_6,medium,approximate,4.0,,
MIX409,Rotam Tebuconazole,UNKNOWN,liquid,pesticide/fungicide,concentrate,MEDIUM,pattern_inferred,WARNING,['aquatic_acute_1'],[],aquatic_acute,[],2.0,MEDIUM,snippet_keywords,agricultural/fungicide,"['fungi', 'rust', 'blight']",,spray,systemic,HIGH,ingredient_inference,,UNKNOWN,unknown,True,,sds_full,LOW,active_declared,2.0,,Tebuconazole,ternary,medium,partial,3.0,,
MIX41,Bactron K-139,UNKNOWN,liquid,cleaning_disinfectant,concentrate,MEDIUM,pattern_inferred,WARNING,[],[],unknown,[],2.0,LOW,sds_section2,public_health/disinfectant,['bacteria'],,topical,contact,MEDIUM,ingredient_inference,,UNKNOWN,unknown,False,,product_page,LOW,no_basis,50.0,50.0,ALKYL* DIMETHYL BENZYL AMMONIUM CHLORIDE,single,high,exact,1.0,,
MIX410,Rotam Thifensulfuron-methyl,UNKNOWN,powder,pesticide/herbicide,concentrate,MEDIUM,pattern_inferred,UNKNOWN,[],[],unknown,[],0.0,LOW,snippet_keywords,agricultural/herbicide,"['weeds', 'broadleaf']",,spray,post_emergent,HIGH,ingredient_inference,,UNKNOWN,unknown,False,,sds_full,LOW,no_basis,50.0,50.0,Thifensulfuron methyl,ternary,high,exact,3.0,,
MIX411,Penthiopyrad,UNKNOWN,powder,pesticide/fungicide,concentrate,MEDIUM,name_explicit,WARNING,"['aquatic_acute_1', 'aquatic_chronic_1']",[],aquatic_chronic,['H411'],2.0,HIGH,sds_section2,agricultural/fungicide,['fungi'],,unknown,unknown,MEDIUM,ingredient_inference,,RESEARCH_ONLY,not_registered,,,sds_partial,HIGH,for_r&d_use_only,,,penthiopyrad,single,unknown,none,1.0,,
MIX412,Roval Brand 75 WG Fungicide,WG,granule,pesticide/fungicide,concentrate,HIGH,name_explicit,UNKNOWN,[],[],unknown,[],0.0,LOW,snippet_keywords,agricultural/fungicide,"['fungi', 'bacteria']",,spray,preventive,HIGH,product_name,,UNKNOWN,unknown,True,,sds_full,LOW,active_declared,50.0,,Copper hydroxide,multi_4_6,high,partial,4.0,,
MIX413,Penthiopyrad 40 SC Fungicide,SC,suspension,pesticide/fungicide,concentrate,HIGH,name_explicit,UNKNOWN,[],[],unknown,[],0.0,LOW,snippet_keywords,agricultural/fungicide,['fungi'],,spray,systemic,HIGH,product_name,,UNKNOWN,unknown,False,,sds_full,LOW,no_basis,19.5,80.5,Penthiopyrad,single,medium,exact,1.0,,
MIX414,Rugged Herbicide,UNKNOWN,liquid,pesticide/herbicide,concentrate,MEDIUM,name_explicit,UNKNOWN,[],[],unknown,[],0.0,LOW,snippet_keywords,agricultural/herbicide,"['weeds', 'broadleaf']",,spray,post_emergent,HIGH,product_name,,UNKNOWN,unknown,False,,sds_full,LOW,no_basis,,,"2,4-Dichlorophenoxyacetic acid",binary,unknown,none,2.0,,
MIX415,Pentri 308FS,FS,suspension,pesticide/fungicide,concentrate,HIGH,name_explicit,UNKNOWN,[],[],unknown,[],0.0,LOW,snippet_keywords,agricultural/seed_treatment,,,seed_treatment,preventive,HIGH,product_name,,UNKNOWN,unknown,False,,sds_full,LOW,no_basis,1.0,,Methanol,ternary,ultra_low,approximate,3.0,,
MIX416,RWH 34,UNKNOWN,powder,pesticide/fungicide,concentrate,MEDIUM,pattern_inferred,WARNING,['skin_irritation_2'],[],none,['H315'],2.0,MEDIUM,snippet_keywords,agricultural/fungicide,"['fungi', 'mites']",,spray,contact,MEDIUM,ingredient_inference,,UNKNOWN,unknown,False,,sds_full,LOW,no_basis,99.0,1.0,Sulfur,single,very_high,exact,1.0,,
MIX417,S-3153 WDG Herbicide,WDG,granule,pesticide/herbicide,concentrate,HIGH,name_explicit,UNKNOWN,[],[],unknown,[],0.0,LOW,snippet_keywords,agricultural/herbicide,"['weeds', 'grasses', 'broadleaf']",,spray,post_emergent,HIGH,product_name,,UNKNOWN,unknown,False,,sds_full,LOW,no_basis,,,Potassium salt of glyphosate,single,unknown,none,1.0,,
MIX418,Permethrin,UNKNOWN,unknown,pesticide/insecticide,unknown,LOW,name_explicit,UNKNOWN,[],[],unknown,[],0.0,LOW,no_basis,agricultural/insecticide,['insects'],,unknown,contact,MEDIUM,ingredient_inference,,RESEARCH_ONLY,not_registered,,,chemblink_sigma,MEDIUM,source_filename,,,Permethrin,single,unknown,none,1.0,,
MIX419,Safer Brand 3-in-1 Concentrate,UNKNOWN,liquid,pesticide/insecticide,concentrate,MEDIUM,evidence_snippet,WARNING,[],[],unknown,[],2.0,MEDIUM,sds_section2,agricultural/other,"['insects', 'fungi', 'mites']",['ornamental'],spray,contact,HIGH,product_name,,UNKNOWN,unknown,False,,sds_full,LOW,no_basis,0.5,99.5,"Oil, clove",binary,ultra_low,exact,2.0,,
MIX42,Aminopyralid,UNKNOWN,liquid,pesticide/herbicide,concentrate,MEDIUM,evidence_snippet,NONE,[],[],none,[],1.0,HIGH,sds_section2,agricultural/herbicide,"['weeds', 'broadleaf']",,spray,post_emergent,MEDIUM,ingredient_inference,,UNKNOWN,unknown,False,,sds_full,LOW,no_basis,,,Aminopyralid Triisopropanolamine Salt,unknown,unknown,none,1.0,,
MIX420,Permit Plus,UNKNOWN,unknown,pesticide/herbicide,concentrate,MEDIUM,name_explicit,UNKNOWN,[],[],unknown,[],0.0,LOW,snippet_keywords,agricultural/seed_treatment,,,seed_treatment,preventive,HIGH,product_name,,UNKNOWN,unknown,False,,sds_full,LOW,no_basis,1.0,,Methanol,ternary,ultra_low,approximate,3.0,,
MIX421,"Safer Brand Garden Fungicide, Insecticide & Miticide",RTU,liquid,pesticide/fungicide,ready-to-use,HIGH,evidence_snippet,CAUTION,[],[],unknown,[],1.0,MEDIUM,label_precautionary,agricultural/other,"['fungi', 'insects', 'mites']",['ornamental'],spray,contact,HIGH,product_name,,UNKNOWN,unknown,True,,epa_label,MEDIUM,active_declared,0.9,99.1,Extract of Neem Oil,multi_4_6,ultra_low,exact,4.0,,
MIX422,Picoxystrobin,UNKNOWN,unknown,pesticide/fungicide,unknown,LOW,pattern_inferred,DANGER,"['acute_toxicity_dermal_4', 'acute_toxicity_inhalation_3', 'eye_damage_2', 'aquatic_acute_1']","['dermal', 'inhalation']",aquatic_acute,"['H313', 'H319', 'H331', 'H400']",4.0,HIGH,sds_section2,agricultural/fungicide,"['fungi', 'rust', 'blight']",,spray,preventive,HIGH,ingredient_inference,,UNKNOWN,unknown,False,False,sds_full,LOW,source_filename,,,Picoxystrobin,ternary,unknown,none,3.0,LOW,name_inference
MIX423,Pillar Granular Fungicide,GR,granule,pesticide/fungicide,concentrate,HIGH,name_explicit,UNKNOWN,[],['none_identified'],unknown,[],0.0,LOW,no_basis,agricultural/fungicide,['fungi'],"['turf', 'ornamental']",spray,preventive,HIGH,product_name,,UNKNOWN,unknown,False,False,sds_full,LOW,source_filename,15.0,,Triticonazole,multi_7p,medium,partial,5.0,MEDIUM,workbook_pct
MIX424,Sergeants Fipronil + Etofenprox + Methoprene Spot-On for Cats,RTU,liquid,pesticide/insecticide,ready-to-use,HIGH,name_explicit,UNKNOWN,[],['none_identified'],unknown,[],0.0,LOW,no_basis,veterinary,"['fleas', 'ticks']",,topical,contact,HIGH,product_name,,UNKNOWN,unknown,False,False,product_page,LOW,source_filename,,,Fipronil,single,unknown,none,1.0,LOW,name_inference
MIX425,Pinoxaden,EC,liquid,pesticide/herbicide,concentrate,MEDIUM,pattern_inferred,UNKNOWN,[],['none_identified'],unknown,[],0.0,LOW,snippet_keywords,agricultural/herbicide,"['weeds', 'grasses']",,spray,post_emergent,HIGH,ingredient_inference,,UNKNOWN,unknown,False,False,sds_full,LOW,source_filename,45.0,45.0,Pinoxaden,multi_4_6,medium,approximate,4.0,MEDIUM,workbook_pct
MIX426,Sativa,UNKNOWN,unknown,pesticide/fungicide,unknown,LOW,pattern_inferred,UNKNOWN,[],['none_identified'],unknown,[],0.0,LOW,no_basis,agricultural/fungicide,['fungi'],,seed_treatment,systemic,HIGH,ingredient_inference,,UNKNOWN,unknown,False,False,sds_partial,LOW,source_filename,,,Tebuconazole,binary,unknown,none,2.0,LOW,name_inference
MIX427,Sativa IMF Max,FS,liquid,pesticide/insecticide,concentrate,MEDIUM,pattern_inferred,UNKNOWN,[],['none_identified'],unknown,[],0.0,LOW,no_basis,agricultural/seed_treatment,"['fungi', 'insects']",,seed_treatment,systemic,HIGH,ingredient_inference,,UNKNOWN,unknown,False,False,sds_partial,LOW,source_filename,11.86,3.9,Imidacloprid,multi_4_6,medium,partial,4.0,HIGH,source_text
MIX428,Platinum 75SG,WG,granule,pesticide/other,concentrate,HIGH,name_explicit,UNKNOWN,[],['none_identified'],unknown,[],0.0,LOW,no_basis,research/toxicology,,,unknown,unknown,HIGH,ingredient_inference,,EU_REACH,not_registered,False,True,sds_full,MEDIUM,reach_text,,,,single,unknown,none,1.0,LOW,no_basis
MIX429,Polyphase 663,UNKNOWN,unknown,wood_preservative,concentrate,MEDIUM,pattern_inferred,CAUTION,[],['none_identified'],unknown,[],1.0,MEDIUM,label_precautionary,wood_preservation,"['algae', 'fungi']","['paints', 'coatings', 'sealants', 'stucco']",topical,preventive,HIGH,source_text,5383-109,US_EPA,registered_active,True,False,product_page,HIGH,epa_reg_found,27.0,73.0,Diuron,multi_4_6,medium,exact,4.0,HIGH,workbook_pct
MIX43,Amitraz(12.5%),EC,liquid,pesticide/insecticide,concentrate,MEDIUM,pattern_inferred,UNKNOWN,[],['none_identified'],unknown,[],0.0,LOW,no_basis,study/skin_irritation,,,unknown,unknown,HIGH,source_filename,,UNKNOWN,unknown,False,False,sds_full,LOW,source_filename,,,Amitraz,single,medium,none,1.0,MEDIUM,name_inference
MIX430,Sativa IMX Max,EC,liquid,consumer_product,concentrate,HIGH,evidence_snippet,DANGER,"['flammable_liquid_3', 'acute_toxicity_oral_4', 'skin_irritation_2', 'eye_irritation_2', 'skin_sensitization_1', 'aspiration_hazard_1', 'aquatic_acute_1', 'aquatic_chronic_1']","['oral', 'inhalation']",aquatic_acute_and_chronic,"['H226', 'H302', 'H315', 'H319', 'H317', 'H304', 'H400', 'H410']",4.0,HIGH,sds_section2,study/skin_irritation,,,unknown,unknown,HIGH,source_filename,,EU_REACH,not_registered,False,True,sds_full,MEDIUM,reach_text,,,(+-)-alpha-Pinene,multi_7p,unknown,none,5.0,LOW,name_inference
MIX431,Precise Acephate,EC,unknown,research_compound,concentrate,HIGH,evidence_snippet,WARNING,['acute_toxicity_oral_4'],['oral'],none,['H302'],2.0,HIGH,sds_section2,agricultural/insecticide,"['aphids', 'beetles', 'mites']",,spray,contact,HIGH,ingredient_inference,,EU_REACH,not_registered,False,True,sds_full,MEDIUM,reach_text,0.15,,Acephate,binary,ultra_low,partial,2.0,MEDIUM,workbook_pct
MIX432,SC 480 Herbicide,SC,suspension,pesticide/herbicide,concentrate,HIGH,name_explicit,UNKNOWN,[],['none_identified'],unknown,[],0.0,LOW,no_basis,agricultural/herbicide,"['weeds', 'broadleaf']",,spray,pre_emergent,HIGH,product_name,,UNKNOWN,unknown,False,False,sds_full,LOW,source_filename,,,Metribuzin,single,unknown,none,1.0,LOW,name_inference
MIX433,Scala brand SC Pyrimenthanil,SC,suspension,pesticide/fungicide,concentrate,HIGH,name_explicit,UNKNOWN,[],['none_identified'],unknown,[],0.0,LOW,no_basis,agricultural/fungicide,"['fungi', 'blight']",,spray,preventive,HIGH,ingredient_inference,,EU_REACH,unknown,False,True,sds_full,MEDIUM,reach_text,,,Pyrimethanil,ternary,unknown,none,3.0,LOW,name_inference
MIX434,Scimitar GR Insecticide,GR,granule,pesticide/insecticide,ready-to-use,HIGH,name_explicit,CAUTION,[],['inhalation'],unknown,[],1.0,MEDIUM,sds_section2,agricultural/insecticide,"['beetles', 'caterpillars', 'aphids']",,spray,contact,HIGH,product_name,100-1078,US_EPA,registered_active,True,False,sds_full,HIGH,epa_reg_found,9.7,4.5,Lambda-Cyhalothrin,multi_4_6,medium,partial,4.0,MEDIUM,workbook_pct
MIX435,Scorpion Insecticide,RTU,liquid,pesticide/insecticide,ready-to-use,MEDIUM,pattern_inferred,UNKNOWN,[],['none_identified'],unknown,[],0.0,LOW,no_basis,public_health/insect_repellent,"['mosquitoes', 'flies', 'cockroaches']",['residential'],spray,contact,HIGH,product_name,,UNKNOWN,unknown,False,False,sds_full,LOW,source_filename,,,Prallethrin,multi_4_6,unknown,none,4.0,LOW,name_inference
MIX436,Shield Herbicide,UNKNOWN,liquid,pesticide/herbicide,concentrate,MEDIUM,pattern_inferred,WARNING,"['aquatic_chronic_1', 'carcinogenicity_1B', 'stot_repeated_1']",['none_identified'],aquatic_acute_and_chronic,"['H410', 'H350', 'H372', 'H400']",4.0,HIGH,sds_section2,agricultural/herbicide,"['broadleaf', 'weeds']",,spray,post_emergent,HIGH,product_name,,EU_REACH,unknown,False,False,sds_full,MEDIUM,reach_text,,,Clopyralid-olamine,binary,unknown,none,2.0,LOW,name_inference
MIX437,Secure Fungicide,SC,suspension,pesticide/fungicide,concentrate,MEDIUM,pattern_inferred,UNKNOWN,[],['none_identified'],unknown,[],0.0,LOW,no_basis,agricultural/fungicide,"['fungi', 'blight']",,spray,preventive,HIGH,product_name,,UNKNOWN,unknown,True,False,sds_full,LOW,source_filename,40.0,8.0,Fluazinam,ternary,high,partial,3.0,MEDIUM,source_text
MIX438,Shooter Insecticide,RTU,liquid,pesticide/insecticide,ready-to-use,MEDIUM,pattern_inferred,UNKNOWN,[],['none_identified'],unknown,[],0.0,LOW,no_basis,public_health/insect_repellent,['insects'],['residential'],spray,contact,HIGH,product_name,,UNKNOWN,unknown,False,False,sds_partial,LOW,source_filename,,35.0,,single,unknown,partial,1.0,LOW,workbook_pct
MIX439,Secure Dry Insecticide,RTU,liquid,pesticide/insecticide,ready-to-use,MEDIUM,pattern_inferred,CAUTION,['eye_irritation_2'],['none_identified'],none,[],1.0,MEDIUM,sds_section2,public_health/insect_repellent,"['mosquitoes', 'ticks']",,topical,contact,HIGH,ingredient_inference,,UNKNOWN,unknown,False,False,sds_partial,LOW,source_filename,10.0,51.5,DEET,multi_4_6,medium,exact,4.0,HIGH,workbook_pct
MIX44,Amitraz(98%),EC,unknown,pesticide/insecticide,concentrate,HIGH,evidence_snippet,DANGER,"['acute_toxicity_oral_4', 'skin_irritation_2', 'skin_sensitization_1', 'germ_cell_mutagenicity_2', 'carcinogenicity_1B', 'stot_single_3', 'stot_repeated_1', 'aquatic_acute_1', 'aquatic_chronic_1']","['oral', 'inhalation']",aquatic_acute_and_chronic,"['H302', 'H315', 'H317', 'H340', 'H350', 'H335', 'H373', 'H400', 'H410']",5.0,HIGH,sds_section2,study/skin_irritation,,,unknown,unknown,HIGH,source_filename,,EU_REACH,not_registered,False,True,sds_full,MEDIUM,reach_text,98.0,2.0,Amitraz,single,very_high,exact,1.0,HIGH,workbook_pct
MIX440,Sedaxane,FS,liquid,pesticide/fungicide,concentrate,MEDIUM,evidence_snippet,WARNING,"['eye_irritation_2', 'carcinogenicity_2', 'stot_single_2']",['inhalation'],none,[],3.0,MEDIUM,sds_section2,agricultural/seed_treatment,['fungi'],,seed_treatment,systemic,HIGH,ingredient_inference,100-1527,US_EPA,registered_active,True,False,sds_full,HIGH,epa_reg_found,,,Sedaxane,unknown,unknown,none,0.0,LOW,name_inference
MIX441,Sedaxane 50FS A16148C,FS,liquid,pesticide/fungicide,concentrate,HIGH,name_explicit,UNKNOWN,[],['none_identified'],unknown,[],0.0,LOW,no_basis,agricultural/fungicide,['fungi'],,seed_treatment,systemic,HIGH,ingredient_inference,,UNKNOWN,not_registered,False,False,product_page,LOW,source_filename,,,Sedaxane,single,unknown,none,1.0,LOW,name_inference
MIX442,Sigma Ecol HS Antifouling Paint,UNKNOWN,liquid,industrial_chemical,ready-to-use,MEDIUM,pattern_inferred,UNKNOWN,[],['none_identified'],unknown,[],0.0,LOW,no_basis,industrial/chemical,"['algae', 'fouling organisms']",['marine surfaces'],topical,preventive,HIGH,product_name,,UNKNOWN,unknown,False,False,sds_full,LOW,source_filename,68.3,31.7,dicopper oxide,multi_7p,medium,approximate,5.0,HIGH,workbook_pct
MIX443,Senator 600 FS,FS,liquid,pesticide/insecticide,concentrate,HIGH,name_explicit,UNKNOWN,[],['none_identified'],unknown,[],0.0,LOW,no_basis,agricultural/seed_treatment,['insects'],,seed_treatment,systemic,HIGH,ingredient_inference,,UNKNOWN,unknown,False,False,sds_partial,LOW,source_filename,,,Imidacloprid,binary,unknown,none,2.0,LOW,name_inference
MIX444,Silent,UNKNOWN,unknown,industrial_chemical,unknown,LOW,no_basis,UNKNOWN,[],['none_identified'],unknown,[],0.0,LOW,no_basis,industrial/chemical,,,unknown,unknown,MEDIUM,ingredient_inference,,UNKNOWN,unknown,,False,unknown,LOW,no_basis,99.0,1.0,Silane,single,very_high,approximate,1.0,HIGH,source_text
MIX445,Sharda Glyphosate,SL,liquid,pesticide/herbicide,concentrate,HIGH,sec_formulation_code_explicit,WARNING,"['aquatic_chronic_2', 'skin_corrosion_1B', 'eye_damage_1', 'metal_corrosion_1', 'acute_toxicity_dermal_4']",['dermal'],aquatic_chronic,"['H411', 'H314', 'H318', 'H290', 'H312']",3.0,HIGH,sec_structured_data_and_snippet,agricultural/herbicide,['weeds'],,spray,systemic,HIGH,ingredient_inference,,EU_REACH,not_registered,True,True,sds_full,HIGH,reach_text,43.0,57.0,"isopropylamine salt (EC no) -8 Poly(oxy-1,2-ethanediyl),.alpha.-phosphono-.omega.-",binary,high,approximate,2.0,MEDIUM,workbook_pct
MIX446,Smacker Bait,UNKNOWN,unknown,pesticide/rodenticide,unknown,LOW,name_only,UNKNOWN,[],['none_identified'],unknown,[],0.0,LOW,no_basis,agricultural/insecticide,,,bait,unknown,MEDIUM,product_name,,UNKNOWN,unknown,,,unknown,LOW,no_basis,,,,unknown,unknown,inconsistent,1.0,LOW,no_basis
MIX447,S-Metolachlor & Mesotrione,UNKNOWN,unknown,pesticide/herbicide,unknown,MEDIUM,name_inferred,WARNING,"['skin_sensitization_1', 'aquatic_acute_1', 'aquatic_chronic_1']",['none_identified'],aquatic_acute_and_chronic,"['H317', 'H400', 'H410']",3.0,HIGH,sec_structured_data,agricultural/herbicide,"['weeds', 'grasses']","['corn', 'soybean']",spray,pre_emergent,HIGH,ingredient_inference,,EU_REACH,not_registered,False,False,sds_full,MEDIUM,reach_text,,,S-Metolachlor,binary,unknown,none,2.0,MEDIUM,name_inference
MIX448,Sharpen powered by Kixor Herbicide,WG,powder,pesticide/herbicide,concentrate,MEDIUM,pattern_inferred,DANGER,"['eye_damage_1', 'eye_irritation_2A', 'aquatic_acute_3', 'aquatic_chronic_3', 'acute_toxicity_oral_4', 'acute_toxicity_inhalation_4', 'acute_toxicity_dermal_5', 'stot_single_3']","['oral', 'inhalation', 'dermal']",aquatic_chronic,"['H319', 'H402', 'H412', 'H318', 'H313', 'H335']",4.0,HIGH,snippet_keywords,agricultural/herbicide,"['weeds', 'broadleaf']",,spray,post_emergent,HIGH,product_name,,UNKNOWN,unknown,False,False,sds_full,MEDIUM,source_filename,98.0,2.0,Saflufenacil,ternary,very_high,exact,3.0,HIGH,workbook_pct
MIX449,Shelter Island Plus,UNKNOWN,liquid,industrial_chemical,ready-to-use,MEDIUM,evidence_snippet,DANGER,"['flammable_liquid_3', 'acute_toxicity_oral_4', 'aspiration_hazard_1', 'aquatic_chronic_1', 'aquatic_acute_1', 'skin_sensitization_1', 'carcinogenicity_1A']",['oral'],aquatic_acute_and_chronic,"['H226', 'H302', 'H304', 'H410', 'H400', 'H317', 'H350']",5.0,HIGH,sec_structured_data,wood_preservation,"['fungi', 'algae']",,topical,preventive,HIGH,ingredient_inference,,UNKNOWN,not_registered,False,False,sds_full,MEDIUM,source_filename,31.5,68.5,High Flash Naphtha,multi_4_6,medium,approximate,4.0,MEDIUM,workbook_pct
MIX45,Banner Dry MAXX,UNKNOWN,powder,pesticide/fungicide,concentrate,MEDIUM,name_inferred,DANGER,"['skin_irritation_3', 'eye_irritation_2', 'skin_sensitization_1', 'aquatic_acute_2', 'aquatic_chronic_2']",['none_identified'],aquatic_chronic,"['H316', 'H319', 'H317', 'H411']",2.0,HIGH,sec_structured_data,agricultural/fungicide,['fungi'],"['turf', 'ornamental']",spray,systemic,HIGH,product_name,,UNKNOWN,not_registered,False,False,product_page,MEDIUM,source_filename,,,Propiconazole,binary,unknown,none,2.0,MEDIUM,source_text
MIX450,SP1037,UNKNOWN,unknown,research_compound,unknown,LOW,no_basis,UNKNOWN,[],['none_identified'],unknown,[],0.0,LOW,no_basis,study/skin_irritation_human,,,unknown,unknown,HIGH,source_filename,,RESEARCH_ONLY,not_registered,,,unknown,HIGH,no_basis,,,,unknown,unknown,none,1.0,LOW,no_basis
MIX451,SP5411,UNKNOWN,unknown,research_compound,unknown,LOW,no_basis,UNKNOWN,[],['none_identified'],unknown,[],0.0,LOW,no_basis,study/skin_irritation_human,,,unknown,unknown,HIGH,source_filename,,RESEARCH_ONLY,not_registered,,,chemblink_sigma,HIGH,source_filename,,,Enniatin B,single,unknown,none,1.0,MEDIUM,workbook_pct
MIX452,Synguard Multi G,UNKNOWN,liquid,industrial_chemical,concentrate,MEDIUM,pattern_inferred,UNKNOWN,[],['none_identified'],unknown,[],0.0,LOW,snippet_keywords,industrial/chemical,,,spray,unknown,MEDIUM,ingredient_inference,,UNKNOWN,not_registered,False,False,sds_full,MEDIUM,source_filename,36.0,64.0,Diphenylmethanediisocyanate,ternary,medium,exact,3.0,HIGH,workbook_pct
MIX453,Spirodiclofen,UNKNOWN,unknown,pesticide/insecticide,unknown,MEDIUM,name_inferred,UNKNOWN,[],['none_identified'],unknown,[],0.0,LOW,no_basis,agricultural/insecticide,"['mites', 'aphids']",,spray,contact,HIGH,ingredient_inference,,UNKNOWN,unknown,,,unknown,LOW,no_basis,,,Spirodiclofen,single,unknown,none,1.0,HIGH,name_inference
MIX454,Spirotetramet,UNKNOWN,unknown,pesticide/insecticide,unknown,MEDIUM,name_inferred,UNKNOWN,[],['none_identified'],unknown,[],0.0,LOW,no_basis,agricultural/insecticide,"['aphids', 'whiteflies']",,spray,systemic,HIGH,ingredient_inference,,EU_REACH,not_registered,False,False,sds_full,MEDIUM,reach_text,,,spirotetramat,binary,unknown,none,2.0,MEDIUM,name_inference
MIX455,Tandem CS,CS,suspension,pesticide/herbicide,concentrate,HIGH,name_formulation_code_explicit,UNKNOWN,[],['none_identified'],unknown,[],0.0,LOW,snippet_keywords,agricultural/herbicide,"['weeds', 'broadleaf']",,spray,post_emergent,HIGH,ingredient_inference,,UNKNOWN,not_registered,True,False,sds_full,MEDIUM,source_filename,,,MCPB sodium salt,binary,unknown,none,2.0,MEDIUM,workbook_pct
MIX456,Spiroxamine (Bay KWG 4168 300CS) (30.0-31.3),CS,suspension,pesticide/fungicide,concentrate,HIGH,sec_formulation_code_explicit,CAUTION,['acute_toxicity_oral_4'],['oral'],none,[],2.0,MEDIUM,snippet_keywords,study/acute_dermal,,,unknown,unknown,HIGH,source_filename,264-804,US_EPA,registered_active,True,False,epa_label,HIGH,epa_reg_found,30.65,69.35,Spiroxamine,single,medium,approximate,1.0,MEDIUM,name_inference
MIX457,TC 218,UNKNOWN,powder,industrial_chemical,unknown,LOW,pattern_inferred,UNKNOWN,[],['none_identified'],unknown,[],0.0,LOW,no_basis,study/skin_irritation_human,,,unknown,unknown,HIGH,source_filename,,EU_REACH,not_registered,False,True,sds_full,HIGH,reach_text,95.0,5.0,Direct blue,binary,very_high,exact,2.0,HIGH,workbook_pct
MIX458,Spiroxamine (KWG 4168),UNKNOWN,unknown,pesticide/fungicide,unknown,MEDIUM,name_inferred,UNKNOWN,[],['none_identified'],unknown,[],0.0,LOW,snippet_keywords,agricultural/fungicide,"['fungi', 'powdery mildew']","['wheat', 'barley']",spray,systemic,HIGH,ingredient_inference,,RESEARCH_ONLY,not_registered,False,False,chemblink_sigma,HIGH,source_filename,98.0,2.0,spiroxamine,single,very_high,approximate,1.0,HIGH,source_text
MIX459,TC 240,UNKNOWN,liquid,industrial_chemical,ready-to-use,MEDIUM,evidence_snippet,DANGER,"['flammable_gas_1', 'pressurized_gas', 'aspiration_hazard_1', 'stot_single_3', 'eye_irritation_2', 'aquatic_acute_1', 'aquatic_chronic_1']",['none_identified'],aquatic_acute_and_chronic,"['H222', 'H229', 'H315', 'H319', 'H336', 'H410', 'H220', 'H280', 'H304']",4.0,HIGH,sec_structured_data,study/skin_irritation_human,,,unknown,unknown,HIGH,source_filename,,EU_REACH,not_registered,False,True,sds_full,HIGH,reach_text,61.0,39.0,"Hydrocarbons, C3-4",multi_4_6,medium,approximate,4.0,MEDIUM,workbook_pct
MIX46,Amore DF,UNKNOWN,liquid,consumer_product,ready-to-use,MEDIUM,evidence_snippet,DANGER,"['skin_irritation_3', 'eye_irritation_2', 'skin_sensitization_1', 'aquatic_chronic_2']",['none_identified'],aquatic_chronic,"['H316', 'H319', 'H317', 'H411']",2.0,HIGH,sec_structured_data,study/skin_irritation_human,,,unknown,unknown,HIGH,source_filename,,UNKNOWN,not_registered,False,False,sds_full,MEDIUM,source_filename,16.1,83.9,2-benzopyran,multi_7p,medium,approximate,5.0,MEDIUM,workbook_pct
MIX460,Splat-Mat ME,UNKNOWN,liquid,industrial_chemical,ready-to-use,MEDIUM,pattern_inferred,UNKNOWN,[],['none_identified'],unknown,[],0.0,LOW,snippet_keywords,industrial/chemical,,,spray,unknown,LOW,no_basis,,UNKNOWN,not_registered,False,False,sds_full,MEDIUM,source_filename,98.0,2.0,DIPROPYLENE GLYCOL METHYL ETHER ACETATE,multi_7p,high,approximate,5.0,MEDIUM,workbook_pct
MIX461,TC 246,UNKNOWN,liquid,pesticide/other,concentrate,MEDIUM,pattern_inferred,UNKNOWN,[],['none_identified'],aquatic_chronic,[],1.0,LOW,snippet_keywords,agricultural/other,,['cotton'],spray,systemic,MEDIUM,ingredient_inference,,UNKNOWN,not_registered,True,False,sds_full,MEDIUM,source_filename,23.5,76.5,Mepiquat Chloride,binary,medium,exact,2.0,HIGH,workbook_pct
MIX462,Sporgard WB,UNKNOWN,liquid,wood_preservative,concentrate,MEDIUM,name_inferred,UNKNOWN,[],['none_identified'],unknown,[],0.0,LOW,no_basis,agricultural/fungicide,"['fungi', 'mold', 'mildew']",,spray,preventive,HIGH,product_name,,RESEARCH_ONLY,not_registered,False,False,unknown,HIGH,source_filename,,,,multi_4_6,unknown,inconsistent,4.0,LOW,no_basis
MIX463,TC 249,UNKNOWN,unknown,research_compound,unknown,LOW,no_basis,UNKNOWN,[],['none_identified'],unknown,[],0.0,LOW,snippet_keywords,study/skin_irritation_human,,,unknown,unknown,HIGH,source_filename,,UNKNOWN,not_registered,False,False,sds_full,MEDIUM,source_filename,,,,single,unknown,none,1.0,LOW,no_basis
MIX464,TC 281,UNKNOWN,liquid,industrial_chemical,unknown,LOW,pattern_inferred,UNKNOWN,[],['none_identified'],unknown,[],0.0,LOW,no_basis,study/skin_irritation_human,,,unknown,unknown,HIGH,source_filename,,UNKNOWN,unknown,,,unknown,LOW,no_basis,,,2-Amino-2-methyl-1-propanol,single,unknown,none,1.0,MEDIUM,workbook_pct
MIX465,TC-317,UNKNOWN,powder,industrial_chemical,concentrate,MEDIUM,pattern_inferred,DANGER,[],['none_identified'],unknown,[],1.0,LOW,snippet_keywords,industrial/chemical,,,unknown,unknown,MEDIUM,ingredient_inference,,UNKNOWN,not_registered,False,False,sds_full,MEDIUM,source_filename,96.0,4.0,"Silica, amorphous",multi_4_6,very_high,exact,4.0,HIGH,workbook_pct
MIX466,Starane NXT Herbicide,EC,liquid,pesticide/herbicide,concentrate,MEDIUM,pattern_inferred,UNKNOWN,[],['none_identified'],unknown,[],0.0,LOW,no_basis,agricultural/herbicide,"['weeds', 'broadleaf']","['wheat', 'barley']",spray,post_emergent,HIGH,product_name,,UNKNOWN,unknown,,,unknown,LOW,no_basis,49.22,50.78,Fluoroxypyr-meptyl,multi_4_6,high,approximate,4.0,HIGH,workbook_pct
MIX467,TC-320,UNKNOWN,liquid,industrial_chemical,concentrate,MEDIUM,pattern_inferred,UNKNOWN,[],['none_identified'],unknown,[],0.0,LOW,snippet_keywords,industrial/chemical,,,unknown,unknown,MEDIUM,source_text,,UNKNOWN,not_registered,False,False,sds_full,MEDIUM,source_filename,7.5,92.5,Zinc alkyl dithiophosphate,single,low,approximate,1.0,MEDIUM,source_text
MIX468,"Storicide II Grain, Bin and Warehouse Insecticide",UNKNOWN,liquid,pesticide/insecticide,concentrate,MEDIUM,name_explicit,UNKNOWN,[],['none_identified'],unknown,[],0.0,LOW,no_basis,agricultural/insecticide,"['grain insects', 'bin pests', 'warehouse pests']","['grain storage', 'bins', 'warehouses']",spray,residual,HIGH,product_name,,US_EPA,unknown,False,False,sds_full,MEDIUM,sds_section3_structure,1.0,99.0,Chlorpyrifos-methyl,multi_7p,ultra_low,partial,5.0,MEDIUM,workbook_pct
MIX469,Tebuconazole 45 WP,WP,powder,pesticide/fungicide,concentrate,HIGH,name_explicit,UNKNOWN,[],['none_identified'],unknown,[],0.0,LOW,no_basis,agricultural/fungicide,"['fungi', 'fungal diseases']",,spray,systemic,HIGH,ingredient_inference,,UNKNOWN,unknown,False,False,sds_partial,LOW,source_filename,1.0,99.0,Tebuconazole,single,ultra_low,partial,1.0,MEDIUM,workbook_pct
MIX47,BAS 320 I Pro Fire Ant Bait,UNKNOWN,granule,pesticide/insecticide,ready-to-use,MEDIUM,name_explicit,UNKNOWN,[],['none_identified'],unknown,[],0.0,LOW,no_basis,agricultural/insecticide,['fire ants'],"['residential', 'commercial']",bait,contact,HIGH,product_name,,US_EPA,unknown,False,False,sds_full,MEDIUM,sds_section2_ingredients,,,hydramethylnon,single,unknown,none,1.0,LOW,name_inference
MIX470,Strada XT,UNKNOWN,powder,pesticide/fungicide,concentrate,MEDIUM,pattern_inferred,UNKNOWN,[],['none_identified'],unknown,[],0.0,LOW,no_basis,agricultural/herbicide,['broadleaf weeds'],,spray,systemic,MEDIUM,ingredient_inference,,US_EPA,unknown,False,False,sds_full,MEDIUM,sds_section3_structure,50.0,50.0,"Benzamide, 2-[[[[[(4,6-dimethoxy-2",multi_4_6,high,exact,4.0,HIGH,workbook_pct
MIX471,Tebuconazole Fungicide(97.4%),UNKNOWN,unknown,pesticide/fungicide,concentrate,MEDIUM,name_explicit,UNKNOWN,[],['none_identified'],unknown,[],0.0,LOW,no_basis,agricultural/fungicide,"['fungi', 'fungal diseases']",,unknown,systemic,HIGH,ingredient_inference,,UNKNOWN,unknown,,,unknown,LOW,no_basis,16.0,84.0,Tebuconazole,single,medium,partial,1.0,MEDIUM,workbook_pct
MIX472,Tebuject 16,UNKNOWN,liquid,pesticide/fungicide,concentrate,MEDIUM,name_explicit,CAUTION,[],['none_identified'],unknown,[],1.0,MEDIUM,snippet_keywords,agricultural/fungicide,"['fungi', 'fungal diseases']",,unknown,systemic,HIGH,ingredient_inference,,US_EPA,unknown,True,False,sds_partial,MEDIUM,active_ingredient_section,16.0,84.0,Tebuconazole Technical,binary,medium,partial,2.0,MEDIUM,workbook_pct
MIX473,Techfilter,UNKNOWN,liquid,industrial_chemical,concentrate,MEDIUM,pattern_inferred,UNKNOWN,[],['none_identified'],unknown,[],0.0,LOW,no_basis,industrial/cleaning,,,unknown,unknown,MEDIUM,ingredient_inference,,UNKNOWN,not_registered,False,False,sds_full,MEDIUM,industrial_chemical_sds,20.0,80.0,Glycolic Acid,single,medium,approximate,1.0,MEDIUM,workbook_pct
MIX474,Tempo 0.1 Granular Insecticide,GR,granule,pesticide/insecticide,ready-to-use,HIGH,name_explicit,CAUTION,[],['none_identified'],unknown,[],1.0,HIGH,sds_section2,agricultural/insecticide,"['insects', 'pests']",,spray,contact,HIGH,product_name,,US_EPA,unknown,True,False,sds_full,MEDIUM,hazardous_ingredients_section,1.0,99.0,cyfluthrin,single,ultra_low,partial,1.0,MEDIUM,workbook_pct
MIX475,Terbuthylazine,UNKNOWN,unknown,pesticide/herbicide,unknown,LOW,no_basis,UNKNOWN,[],['none_identified'],unknown,[],0.0,LOW,no_basis,agricultural/herbicide,['weeds'],,unknown,systemic,HIGH,ingredient_inference,,RESEARCH_ONLY,not_registered,,,product_page,HIGH,sigma_aldrich_research,,,Terbuthylazine,unknown,unknown,none,0.0,LOW,name_inference
MIX476,Stratego 731 Fungicide,UNKNOWN,liquid,pesticide/fungicide,concentrate,MEDIUM,name_explicit,UNKNOWN,[],['none_identified'],unknown,[],0.0,LOW,no_basis,agricultural/fungicide,"['fungi', 'fungal diseases']",,spray,systemic,HIGH,product_name,,US_EPA,unknown,False,False,epa_label,MEDIUM,agrian_source,2.0,98.0,Trifloxystrobin,ternary,ultra_low,partial,3.0,MEDIUM,workbook_pct
MIX477,Termidor Dry Termiticide,UNKNOWN,powder,pesticide/insecticide,ready-to-use,MEDIUM,name_explicit,DANGER,"['acute_toxicity_inhalation_2', 'acute_toxicity_oral_3', 'acute_toxicity_dermal_3', 'stot_repeated_1', 'aquatic_acute_1', 'aquatic_chronic_1']","['oral', 'dermal', 'inhalation']",both,[],5.0,HIGH,snippet_keywords,agricultural/insecticide,['termites'],"['soil', 'structures']",drench,residual,HIGH,product_name,,MULTI,unknown,False,False,sds_full,MEDIUM,aus_sds_structure,0.5,99.5,Fipronil,single,ultra_low,exact,1.0,HIGH,workbook_pct
MIX478,Tetrasan 5 WDG,WDG,granule,pesticide/insecticide,concentrate,HIGH,name_explicit,WARNING,"['skin_irritation_2', 'eye_irritation_2', 'respiratory_sensitization']",['inhalation'],none,"['H315', 'H290', 'H303', 'H316', 'H320', 'H335']",3.0,HIGH,sds_section2,agricultural/insecticide,['mites'],,spray,contact,MEDIUM,ingredient_inference,,US_EPA,unknown,False,False,sds_full,HIGH,section1_manufacturer_valent,,,Etoxazole,ternary,unknown,none,3.0,LOW,name_inference
MIX479,Sumione,UNKNOWN,unknown,unknown,unknown,LOW,no_basis,UNKNOWN,[],['none_identified'],unknown,[],0.0,LOW,no_basis,unknown,,,unknown,unknown,LOW,no_basis,,UNKNOWN,unknown,,,unknown,LOW,educational_article,,,,binary,unknown,partial,2.0,LOW,no_basis
MIX48,Metaflumizone(88.7%),UNKNOWN,unknown,pesticide/insecticide,concentrate,LOW,pattern_inferred,UNKNOWN,[],['none_identified'],unknown,[],0.0,LOW,no_basis,agricultural/insecticide,['insects'],,unknown,contact,HIGH,ingredient_inference,,RESEARCH_ONLY,not_registered,False,False,product_page,HIGH,medchemexpress_research,,,Metaflumizone,single,unknown,none,1.0,LOW,name_inference
MIX480,The Andersons 3-Way Snowmold,UNKNOWN,liquid,pesticide/fungicide,concentrate,MEDIUM,name_explicit,NONE,[],['none_identified'],none,[],1.0,MEDIUM,snippet_keywords,agricultural/fungicide,['snow mold'],['turf'],spray,preventive,HIGH,product_name,,UNKNOWN,not_registered,False,False,sds_full,MEDIUM,fertilizer_sds,,,Ammonium Polyphosphate Solution,ternary,unknown,none,3.0,LOW,name_inference
MIX481,Super K-Gro Malathion 50 Insect Spray,UNKNOWN,liquid,pesticide/insecticide,concentrate,HIGH,name_explicit,UNKNOWN,[],['none_identified'],unknown,[],0.0,LOW,no_basis,agricultural/insecticide,['insects'],,spray,contact,HIGH,product_name,,US_EPA,unknown,,False,sds_partial,LOW,incomplete_section3,97.0,3.0,Malathion,single,very_high,approximate,1.0,MEDIUM,name_inference
MIX482,Superfine Wettable Sulphur,WP,powder,pesticide/fungicide,concentrate,HIGH,name_explicit,WARNING,"['skin_irritation_2', 'eye_irritation_2', 'respiratory_sensitization']",['inhalation'],none,"['H315', 'H290', 'H303', 'H316', 'H320', 'H335']",3.0,HIGH,sds_section2,agricultural/fungicide,"['fungi', 'powdery mildew']",,spray,contact,HIGH,ingredient_inference,,UNKNOWN,not_registered,False,False,sds_full,HIGH,elemental_sulfur_industrial,16.0,84.0,Sulfur,single,medium,partial,1.0,MEDIUM,workbook_pct
MIX483,Supremacy Herbicide,UNKNOWN,liquid,pesticide/herbicide,concentrate,HIGH,name_explicit,UNKNOWN,[],['none_identified'],unknown,[],0.0,LOW,no_basis,agricultural/herbicide,"['weeds', 'broadleaf weeds', 'grasses']",,spray,pre_emergent,HIGH,product_name,,US_EPA,unknown,False,False,sds_full,MEDIUM,herbicide_sds_section3,1.0,99.0,Sulfentrazone,multi_4_6,ultra_low,partial,4.0,MEDIUM,workbook_pct
MIX484,Thiabendazole MF,UNKNOWN,unknown,pesticide/fungicide,unknown,LOW,pattern_inferred,NONE,['aquatic_chronic_1'],['none_identified'],aquatic_chronic,[],1.0,HIGH,sds_section2,agricultural/fungicide,['fungi'],,unknown,systemic,HIGH,ingredient_inference,,RESEARCH_ONLY,not_registered,False,False,product_page,HIGH,fisher_scientific_research,,,Thiabendazole,unknown,unknown,none,0.0,LOW,name_inference
MIX485,Thidiazuron-Diuron SC,SC,suspension,pesticide/herbicide,concentrate,HIGH,name_explicit,WARNING,"['acute_toxicity_oral_4', 'carcinogenicity_2', 'stot_repeated_2', 'aquatic_acute_1', 'aquatic_chronic_1']",['oral'],both,"['H302', 'H351', 'H373', 'H400', 'H410', 'H413', 'H304']",4.0,HIGH,snippet_keywords,agricultural/other,['weeds'],['cotton'],spray,systemic,MEDIUM,ingredient_inference,,MULTI,unknown,False,False,sds_full,MEDIUM,intl_sds_structure,18.0,82.0,Thidiazuron,ternary,medium,partial,3.0,MEDIUM,source_text
MIX486,SVP8,UNKNOWN,unknown,unknown,unknown,LOW,no_basis,UNKNOWN,[],['none_identified'],unknown,[],0.0,LOW,no_basis,unknown,,,unknown,unknown,LOW,no_basis,,UNKNOWN,unknown,,,unknown,LOW,no_basis,,,,binary,unknown,partial,2.0,LOW,no_basis
MIX487,Thiencarbazone-methyl,UNKNOWN,unknown,pesticide/herbicide,unknown,LOW,pattern_inferred,WARNING,['aquatic_acute_1'],['none_identified'],aquatic_acute,['H400'],2.0,HIGH,sds_section2,agricultural/herbicide,['weeds'],,spray,systemic,HIGH,ingredient_inference,,RESEARCH_ONLY,not_registered,False,False,product_page,HIGH,chemicalbook_rnd_only,,,Thiencarbazone-methyl,single,unknown,none,1.0,LOW,name_inference
MIX488,Three Way Peanut Seed Treatment Fungicide,UNKNOWN,liquid,pesticide/fungicide,concentrate,MEDIUM,name_explicit,WARNING,"['acute_toxicity_oral_4', 'acute_toxicity_inhalation_4', 'skin_sensitization_1', 'eye_irritation_2']","['oral', 'inhalation']",none,"['H302', 'H317', 'H319', 'H332']",3.0,HIGH,snippet_keywords,agricultural/seed_treatment,['fungi'],['peanut'],seed_treatment,preventive,HIGH,product_name,,US_EPA,unknown,True,False,sds_full,HIGH,section1_epa_product,,,Flutriafol,unknown,unknown,none,0.0,LOW,source_text
MIX489,Swagger,UNKNOWN,liquid,pesticide/insecticide,concentrate,MEDIUM,pattern_inferred,DANGER,"['skin_corrosion_1', 'eye_damage_1', 'acute_toxicity_oral_4', 'acute_toxicity_dermal_4']","['oral', 'dermal']",unknown,[],4.0,HIGH,sds_section2,agricultural/insecticide,['insects'],,spray,contact,MEDIUM,ingredient_inference,,US_EPA,unknown,False,False,epa_label,HIGH,loveland_products_section1,13.4,86.6,Bifenthrin,ternary,medium,exact,3.0,HIGH,workbook_pct
MIX49,Amtide Tebuconazole 45 WDG Fungicide,WDG,granule,pesticide/fungicide,concentrate,HIGH,name_explicit,UNKNOWN,[],['none_identified'],unknown,[],0.0,LOW,no_basis,agricultural/fungicide,['fungi'],,spray,systemic,HIGH,product_name,,US_EPA,unknown,,False,sds_partial,LOW,incomplete_section3,98.5,1.5,Tebuconazole,single,very_high,approximate,1.0,MEDIUM,name_inference
MIX490,Switch 62.5 WG,WG,granule,pesticide/fungicide,concentrate,HIGH,name_explicit,UNKNOWN,[],['none_identified'],unknown,[],0.0,LOW,no_basis,agricultural/fungicide,"['fungi', 'rust', 'blight']",,spray,preventive,HIGH,ingredient_inference,,RESEARCH_ONLY,not_registered,True,,sds_partial,MEDIUM,source_filename,62.5,37.5,Silica,ternary,high,exact,3.0,HIGH,workbook_pct
MIX491,Three-Way VAP,UNKNOWN,liquid,pesticide/herbicide,concentrate,MEDIUM,evidence_snippet,DANGER,"['carcinogenicity_category_unspecified', 'eye_irritation_2', 'aspiration_hazard_1']","['oral', 'dermal', 'inhalation']",unknown,[],5.0,HIGH,sds_section2,agricultural/herbicide,['weeds'],,spray,post_emergent,HIGH,ingredient_inference,70506-500,US_EPA,registered_active,False,False,sds_full,HIGH,epa_reg_found,36.7,63.81,Clethodim,multi_4_6,medium,exact,4.0,HIGH,workbook_pct
MIX492,SYN 1219 Herbicide,UNKNOWN,liquid,pesticide/herbicide,concentrate,LOW,pattern_inferred,UNKNOWN,['flammable_liquid_unspecified'],['none_identified'],none,[],2.0,MEDIUM,snippet_keywords,agricultural/herbicide,['weeds'],,spray,unknown,MEDIUM,product_name,,RESEARCH_ONLY,not_registered,False,False,sds_partial,MEDIUM,source_filename,66.0,34.0,Isopropyl Alcohol R11,binary,very_high,exact,2.0,HIGH,workbook_pct
MIX493,THX/MXM/FDL CZ Insecticide with Fungicides,UNKNOWN,liquid,pesticide/insecticide,concentrate,MEDIUM,name_explicit,CAUTION,[],['none_identified'],unknown,[],1.0,MEDIUM,label_precautionary,agricultural/seed_treatment,"['aphids', 'bean leaf beetle', 'grape colaspis', 'fusarium rot', 'damping-off']",['soybeans'],seed_treatment,preventive,HIGH,source_text,100-1283,US_EPA,registered_active,True,False,product_page,HIGH,epa_reg_found,4.28,95.72,Metalaxyl-m,binary,ultra_low,partial,2.0,MEDIUM,workbook_pct
MIX494,Tital FL,UNKNOWN,liquid,consumer_product,ready-to-use,MEDIUM,pattern_inferred,DANGER,"['skin_corrosion_unspecified', 'skin_sensitization_1', 'aquatic_acute_2', 'aquatic_chronic_1']",['dermal'],aquatic_chronic,"['H315', 'H317', 'H401', 'H410']",4.0,HIGH,sds_section2,pharmaceutical,,,topical,unknown,MEDIUM,ingredient_inference,,UNKNOWN,not_registered,False,False,sds_full,LOW,no_basis,,,Benzyl salicylate,multi_7p,unknown,partial,5.0,LOW,source_text
MIX495,T-Methyl G-Pro 50 WSB Fungicide,UNKNOWN,powder,pesticide/fungicide,concentrate,LOW,pattern_inferred,WARNING,"['eye_irritation_2', 'acute_toxicity_oral_4', 'acute_toxicity_inhalation_4', 'acute_toxicity_dermal_4']","['oral', 'inhalation', 'dermal']",none,[],2.0,HIGH,sds_section2,agricultural/fungicide,['fungi'],,spray,preventive,HIGH,product_name,,UNKNOWN,unknown,True,False,sds_full,MEDIUM,active_declared,,1.0,,single,unknown,partial,1.0,LOW,workbook_pct
MIX496,THX/MXM/FDL/TBZ FS,FS,suspension,pesticide/fungicide,concentrate,HIGH,name_explicit,UNKNOWN,[],['none_identified'],unknown,[],0.0,LOW,no_basis,agricultural/seed_treatment,,,seed_treatment,preventive,MEDIUM,product_name,,RESEARCH_ONLY,not_registered,,,unknown,LOW,source_filename,,,,unknown,unknown,none,0.0,LOW,no_basis
MIX497,Tolfenpyrad 15EC Insecticide,EC,liquid,pesticide/insecticide,concentrate,HIGH,name_explicit,WARNING,"['skin_corrosion_2', 'eye_damage_2A', 'aspiration_hazard_2', 'carcinogenicity_2B', 'acute_toxicity_oral_4']","['oral', 'inhalation']",aquatic_acute,"['H302', 'H317', 'H318', 'H332', 'H400', 'H410']",4.0,HIGH,snippet_keywords,agricultural/insecticide,"['mites', 'aphids']",,spray,contact,HIGH,product_name,,UNKNOWN,not_registered,False,False,sds_full,LOW,no_basis,15.0,85.0,Tolfenpyrad,binary,medium,partial,2.0,MEDIUM,workbook_pct
MIX498,Tombstone Insecticide,UNKNOWN,liquid,pesticide/insecticide,concentrate,MEDIUM,evidence_snippet,DANGER,"['eye_damage_1', 'acute_toxicity_oral_4', 'acute_toxicity_inhalation_2', 'acute_toxicity_dermal_4', 'skin_sensitization_1']","['oral', 'inhalation', 'dermal']",unknown,"['H318', 'H302', 'H330', 'H312', 'H317']",5.0,HIGH,sds_section2,agricultural/insecticide,['various insects'],,spray,contact,HIGH,ingredient_inference,,UNKNOWN,unknown,False,False,sds_full,MEDIUM,source_filename,,,Cyfluthrin,unknown,unknown,none,0.0,LOW,source_text
MIX499,Topguard Fungicide,UNKNOWN,liquid,pesticide/fungicide,concentrate,MEDIUM,pattern_inferred,WARNING,['acute_toxicity_dermal_4'],['dermal'],none,[],2.0,MEDIUM,snippet_keywords,agricultural/fungicide,['fungi'],,spray,systemic,HIGH,ingredient_inference,,UNKNOWN,unknown,False,False,sds_full,LOW,no_basis,1.0,99.0,Flutriafol,multi_4_6,ultra_low,partial,4.0,MEDIUM,workbook_pct
MIX5,0.25% Mesotrione on Fertilizer,UNKNOWN,granule,pesticide/herbicide,dilute,MEDIUM,name_explicit,UNKNOWN,[],['none_identified'],unknown,[],0.0,LOW,no_basis,agricultural/herbicide,['weeds'],,soil_injection,pre_emergent,HIGH,ingredient_inference,,RESEARCH_ONLY,not_registered,,,sds_partial,MEDIUM,source_filename,0.25,99.75,mesotrione,single,ultra_low,approximate,1.0,HIGH,name_inference
MIX50,Aproach Fungicide,UNKNOWN,liquid,pesticide/fungicide,concentrate,MEDIUM,pattern_inferred,UNKNOWN,[],['none_identified'],unknown,[],0.0,LOW,no_basis,agricultural/fungicide,['fungi'],,spray,systemic,HIGH,product_name,,RESEARCH_ONLY,not_registered,False,False,sds_partial,MEDIUM,source_filename,25.11,74.89,Picoxystrobin,multi_4_6,medium,exact,4.0,HIGH,workbook_pct
MIX500,Tops MZ-Curzate,UNKNOWN,powder,pesticide/fungicide,concentrate,MEDIUM,pattern_inferred,UNKNOWN,[],['none_identified'],unknown,[],0.0,LOW,no_basis,agricultural/fungicide,"['fungi', 'blight']",,spray,preventive,HIGH,ingredient_inference,,RESEARCH_ONLY,not_registered,False,False,sds_partial,MEDIUM,source_filename,60.0,40.0,Cymoxanil,ternary,high,exact,3.0,HIGH,workbook_pct
MIX501,Topsin M 5G Fungicide,GR,granule,pesticide/fungicide,ready-to-use,HIGH,name_explicit,UNKNOWN,[],['none_identified'],terrestrial,[],1.0,MEDIUM,snippet_keywords,agricultural/fungicide,['fungi'],,spray,systemic,HIGH,product_name,,RESEARCH_ONLY,not_registered,False,False,sds_partial,MEDIUM,source_filename,5.0,95.0,Thiophanate methyl,single,low,approximate,1.0,MEDIUM,name_inference
MIX502,Topsin M 70 WDG,WDG,granule,pesticide/fungicide,concentrate,HIGH,name_explicit,WARNING,['acute_toxicity_oral_4'],['oral'],none,[],2.0,MEDIUM,snippet_keywords,agricultural/fungicide,['fungi'],,spray,systemic,HIGH,product_name,,RESEARCH_ONLY,not_registered,False,False,sds_partial,MEDIUM,source_filename,70.0,30.0,Thiophanate-methyl,single,very_high,approximate,1.0,MEDIUM,name_inference
MIX503,Touchdown Diquat Home and Garden Concentrate,UNKNOWN,liquid,pesticide/herbicide,concentrate,MEDIUM,pattern_inferred,UNKNOWN,[],['none_identified'],unknown,[],0.0,LOW,no_basis,agricultural/herbicide,['weeds'],"['residential', 'commercial']",spray,contact,HIGH,ingredient_inference,,RESEARCH_ONLY,not_registered,,,unknown,LOW,source_filename,20.0,80.0,Diquat,ternary,medium,inconsistent,3.0,MEDIUM,workbook_pct
MIX504,V-10116 VPP Fungicide,UNKNOWN,liquid,pesticide/fungicide,concentrate,MEDIUM,pattern_inferred,UNKNOWN,[],['none_identified'],unknown,[],0.0,LOW,snippet_keywords,agricultural/fungicide,['fungi'],,spray,systemic,HIGH,product_name,,RESEARCH_ONLY,not_registered,True,False,sds_partial,MEDIUM,source_filename,5.0,95.0,Metconazole,single,low,approximate,1.0,MEDIUM,workbook_pct
MIX505,V-10141 2.8 EC Insecticide,EC,liquid,pesticide/insecticide,concentrate,HIGH,name_explicit,UNKNOWN,[],['none_identified'],unknown,[],0.0,LOW,snippet_keywords,agricultural/insecticide,['various insects'],,spray,contact,HIGH,ingredient_inference,,RESEARCH_ONLY,not_registered,False,False,sds_partial,MEDIUM,source_filename,2.8,97.2,Deltamethrin,single,ultra_low,approximate,1.0,MEDIUM,name_inference
MIX506,TPTH,UNKNOWN,powder,cleaning_disinfectant,concentrate,MEDIUM,pattern_inferred,UNKNOWN,[],['none_identified'],none,[],1.0,MEDIUM,snippet_keywords,public_health/disinfectant,"['bacteria', 'viruses']",,topical,contact,HIGH,ingredient_inference,,RESEARCH_ONLY,not_registered,False,False,sds_partial,MEDIUM,source_filename,1.0,99.0,Trichloroisocyanuric Acid,ternary,ultra_low,partial,3.0,LOW,workbook_pct
MIX507,Tradename for Dogs,UNKNOWN,liquid,pharmaceutical,ready-to-use,MEDIUM,pattern_inferred,UNKNOWN,[],['none_identified'],none,[],0.0,LOW,snippet_keywords,veterinary,,,topical,unknown,HIGH,product_name,,RESEARCH_ONLY,not_registered,False,False,sds_partial,MEDIUM,source_filename,65.0,35.0,Methyl Methacrylate,ternary,very_high,approximate,3.0,MEDIUM,workbook_pct
MIX508,V-10142 Herbicide,UNKNOWN,powder,pesticide/herbicide,concentrate,MEDIUM,evidence_snippet,WARNING,"['acute_toxicity_oral_4', 'acute_toxicity_inhalation_4', 'eye_irritation_2', 'skin_irritation_2']","['oral', 'inhalation']",none,[],2.0,HIGH,sds_section2,agricultural/herbicide,['weeds'],,spray,post_emergent,HIGH,product_name,,RESEARCH_ONLY,not_registered,True,False,sds_full,MEDIUM,source_filename,2.0,98.0,Imazosulfuron Technical,multi_4_6,ultra_low,partial,4.0,MEDIUM,workbook_pct
MIX509,V-10276  0.088 SL Insecticide/Fungicide,SL,liquid,pesticide/insecticide,concentrate,HIGH,name_explicit,UNKNOWN,['aquatic_chronic_unspecified'],['none_identified'],aquatic_chronic,[],2.0,MEDIUM,snippet_keywords,agricultural/insecticide,['various insects'],,spray,contact,HIGH,ingredient_inference,,RESEARCH_ONLY,not_registered,False,False,sds_partial,MEDIUM,source_filename,0.088,99.912,Bifenthrin,ternary,ultra_low,approximate,3.0,MEDIUM,name_inference
MIX51,ARY 0452-110 Herbicide,UNKNOWN,liquid,pesticide/herbicide,concentrate,MEDIUM,pattern_inferred,WARNING,"['aquatic_chronic_2', 'eye_damage_1', 'acute_toxicity_oral_4', 'skin_irritation_2', 'aquatic_chronic_3']",['oral'],aquatic_chronic,"['H411', 'H318', 'H302', 'H315', 'H412']",3.0,HIGH,snippet_keywords,agricultural/herbicide,"['weeds', 'grasses', 'broadleaf']",,spray,post_emergent,HIGH,ingredient_inference,,EU_REACH,not_registered,False,True,sds_full,HIGH,reach_text,,,Glyphosate potassium,single,unknown,none,1.0,LOW,source_text
MIX510,TREE-age,UNKNOWN,liquid,pesticide/insecticide,concentrate,MEDIUM,pattern_inferred,UNKNOWN,['aquatic_chronic_unspecified'],['none_identified'],aquatic_chronic,[],2.0,MEDIUM,snippet_keywords,agricultural/insecticide,"['beetles', 'borers']",['trees'],systemic,systemic,HIGH,product_name,,RESEARCH_ONLY,not_registered,False,False,sds_partial,MEDIUM,source_filename,10.0,90.0,Emamectin benzoate,binary,low,approximate,2.0,MEDIUM,source_text
MIX511,DuPont Treoris Fungicide,UNKNOWN,liquid,pesticide/fungicide,concentrate,MEDIUM,pattern_inferred,UNKNOWN,[],['none_identified'],unknown,[],0.0,LOW,no_basis,agricultural/fungicide,['fungi'],,spray,systemic,HIGH,product_name,,RESEARCH_ONLY,not_registered,False,False,sds_partial,MEDIUM,source_filename,20.6,79.4,Penthiopyrad,multi_4_6,medium,approximate,4.0,MEDIUM,workbook_pct
MIX512,V-10336 Herbicide,UNKNOWN,liquid,pesticide/herbicide,unknown,MEDIUM,name_explicit,UNKNOWN,[],['none_identified'],unknown,[],0.0,LOW,no_basis,agricultural/herbicide,,,spray,systemic,HIGH,"product_name, ingredient_inference",,US_EPA,unknown,False,False,sds_full,MEDIUM,sds_composition_section,,,Potassium salt of glyphosate,binary,unknown,none,2.0,,
MIX513,Trifloxysulfuron-sodium,UNKNOWN,powder,pesticide/herbicide,unknown,LOW,name_explicit,WARNING,"['aquatic_acute_1', 'aquatic_chronic_1']",['none_identified'],aquatic_acute_and_chronic,['H410'],2.0,HIGH,sds_section2,agricultural/herbicide,,,unknown,systemic,HIGH,ingredient_inference,,RESEARCH_ONLY,not_registered,False,False,sds_partial,HIGH,rnd_use_only_statement,,,Trifloxysulfuron-sodium,single,unknown,none,1.0,,
MIX514,Vapona Concentrate Insecticide,UNKNOWN,liquid,pesticide/insecticide,concentrate,HIGH,name_explicit,DANGER,[],['none_identified'],unknown,[],4.0,MEDIUM,label_precautionary,agricultural/insecticide,"['insects', 'mites']","['animal living quarters', 'animal quarters', 'beef cattle', 'buildings', 'cattle corrals', 'cattle feedlots', 'cattle holding pens', 'cattle stockyards', 'dairy barns', 'dairy cattle']",spray,contact,HIGH,"source_text, ingredient_inference",11556-174,US_EPA,registered_active,True,False,product_page,HIGH,epa_reg_found,40.2,59.8,Ddvp,ternary,high,exact,3.0,,
MIX515,Triflurex HFP,UNKNOWN,liquid,pesticide/herbicide,concentrate,MEDIUM,pattern_inferred,UNKNOWN,[],['none_identified'],unknown,[],0.0,LOW,no_basis,agricultural/herbicide,,,soil_injection,pre_emergent,HIGH,ingredient_inference,,UNKNOWN,unknown,False,False,sds_partial,LOW,composition_only,,,Trifluralin 480 g/L,single,unknown,none,1.0,,
MIX516,Triticonazole Fungicide,UNKNOWN,powder,pesticide/fungicide,concentrate,HIGH,name_explicit,UNKNOWN,[],['none_identified'],unknown,[],0.0,LOW,no_basis,agricultural/fungicide,['fungi'],,unknown,systemic,HIGH,"product_name, ingredient_inference",,RESEARCH_ONLY,not_registered,False,False,sds_full,MEDIUM,source_filename,,,triticonazole,single,very_high,none,1.0,,
MIX517,VCP-01,UNKNOWN,unknown,unknown,unknown,LOW,no_basis,DANGER,"['carcinogenicity_1A', 'skin_sensitization_1', 'stot_repeated_1']",['none_identified'],none,"['H350', 'H317', 'H372']",5.0,HIGH,sds_section2,unknown,,,unknown,unknown,LOW,no_basis,,UNKNOWN,unknown,False,False,sds_partial,LOW,no_basis,,,VCP,binary,unknown,none,2.0,,
MIX518,Troysan 680,UNKNOWN,liquid,industrial_chemical,unknown,MEDIUM,pattern_inferred,UNKNOWN,[],['none_identified'],unknown,[],0.0,LOW,no_basis,industrial/chemical,,,unknown,unknown,MEDIUM,ingredient_inference,,UNKNOWN,unknown,False,False,sds_partial,LOW,composition_only,100.0,0.0,"Distillates (Petroleum), Hydrotreated Light",single,very_high,exact,1.0,,
MIX519,Velocity SG Herbicide,SG,granule,pesticide/herbicide,concentrate,HIGH,name_explicit,UNKNOWN,[],['none_identified'],unknown,[],0.0,LOW,no_basis,agricultural/herbicide,,,spray,post_emergent,HIGH,"product_name, ingredient_inference",,UNKNOWN,unknown,False,False,sds_full,MEDIUM,composition_section,2.0,98.0,Bromoxynil octanoate,multi_7p,ultra_low,partial,5.0,,
MIX52,Atlantis Herbicide,UNKNOWN,liquid,pesticide/herbicide,concentrate,HIGH,name_explicit,UNKNOWN,[],['none_identified'],unknown,[],0.0,LOW,no_basis,agricultural/herbicide,,,spray,post_emergent,HIGH,"product_name, ingredient_inference",,UNKNOWN,unknown,False,False,sds_full,MEDIUM,composition_section,2.0,98.0,Mesosulfuron-methyl,multi_7p,ultra_low,partial,5.0,,
MIX520,Veriguard OD,UNKNOWN,liquid,cleaning_disinfectant,concentrate,MEDIUM,pattern_inferred,UNKNOWN,"['acute_toxicity_oral_4', 'skin_corrosion_1B']",['oral'],unknown,"['H302', 'H314']",4.0,MEDIUM,snippet_keywords,public_health/disinfectant,"['bacteria', 'viruses']",,topical,contact,HIGH,ingredient_inference,,EU_REACH,unknown,False,False,sds_full,MEDIUM,reach_text,2.4,47.6,Didecyldimethylammonium Chloride,single,ultra_low,partial,1.0,,
MIX521,Troysan V48,UNKNOWN,liquid,industrial_chemical,concentrate,MEDIUM,pattern_inferred,UNKNOWN,[],['none_identified'],unknown,[],0.0,LOW,no_basis,industrial/chemical,,,unknown,unknown,MEDIUM,ingredient_inference,,UNKNOWN,unknown,False,False,sds_full,MEDIUM,composition_section,3.0,0.0,aminoethanol 1,binary,ultra_low,approximate,2.0,,
MIX522,DuPont Vertisan Fungicide,UNKNOWN,liquid,pesticide/fungicide,concentrate,HIGH,name_explicit,UNKNOWN,[],['none_identified'],unknown,[],0.0,LOW,no_basis,agricultural/fungicide,['fungi'],,spray,preventive,HIGH,"product_name, ingredient_inference",,UNKNOWN,unknown,False,False,sds_full,MEDIUM,composition_section,20.6,79.4,Penthiopyrad,ternary,medium,exact,3.0,,
MIX523,Tru-Core Millwork Preservative Concentrate,UNKNOWN,liquid,wood_preservative,concentrate,HIGH,name_explicit,UNKNOWN,[],['none_identified'],unknown,[],0.0,LOW,no_basis,wood_preservation,"['fungi', 'insects']",,topical,preventive,MEDIUM,product_name,,US_EPA,unknown,True,False,product_page,MEDIUM,active_declared,6.5,93.5,"water repellents and wood preservative be completely dry before glazing, painting, % VOC",single,low,partial,1.0,,
MIX524,Viper WP,WP,powder,pesticide/insecticide,concentrate,HIGH,name_explicit,UNKNOWN,[],['none_identified'],unknown,[],0.0,LOW,no_basis,agricultural/insecticide,['insects'],,spray,contact,HIGH,"product_name, ingredient_inference",,UNKNOWN,unknown,False,False,sds_full,MEDIUM,composition_section,25.4,55.15,Cypermethrin,multi_4_6,medium,approximate,4.0,,
MIX525,Vitacon 100 Pro FS Fungicide,FS,suspension,pesticide/fungicide,concentrate,HIGH,name_explicit,CAUTION,[],['none_identified'],unknown,[],1.0,MEDIUM,sds_section2,agricultural/seed_treatment,['fungi'],,seed_treatment,preventive,HIGH,"product_name, ingredient_inference",,US_EPA,unknown,True,False,epa_label,HIGH,active_declared,37.74,62.26,carboxin,multi_4_6,high,exact,4.0,,
MIX526,TSS 75WG (CGA 362622 WG 75),WG,granule,unknown,concentrate,HIGH,name_explicit,UNKNOWN,[],['none_identified'],unknown,[],0.0,LOW,no_basis,unknown,,,unknown,unknown,LOW,no_basis,,UNKNOWN,unknown,False,False,unknown,LOW,no_basis,75.0,25.0,0.2 mg/M3 0.2 mg/M3 N/A No,single,very_high,partial,1.0,,
MIX527,Vitacon RTU FL Fungicide,RTU,liquid,pesticide/fungicide,ready-to-use,HIGH,name_explicit,UNKNOWN,"['acute_toxicity_oral_4', 'reproductive_toxicity_2', 'aquatic_chronic_2']",['oral'],aquatic_chronic,"['H302', 'H361', 'H411']",4.0,HIGH,sds_section2,agricultural/fungicide,['fungi'],,spray,systemic,HIGH,"product_name, ingredient_inference",83529-11,US_EPA,registered_active,False,False,sds_full,HIGH,epa_reg_found,0.0,35.25,,ternary,unknown,partial,3.0,,
MIX528,Tundra Max,UNKNOWN,liquid,pesticide/insecticide,concentrate,MEDIUM,pattern_inferred,UNKNOWN,[],['none_identified'],unknown,[],0.0,LOW,no_basis,agricultural/insecticide,['insects'],['turf'],spray,contact,HIGH,"product_name, ingredient_inference",,UNKNOWN,unknown,False,False,sds_full,MEDIUM,composition_section,37.6,51.6,Chlorpyrifos,multi_4_6,high,approximate,4.0,,
MIX529,Turfthor WP,WP,powder,pesticide/insecticide,concentrate,HIGH,name_explicit,UNKNOWN,[],['none_identified'],unknown,[],0.0,LOW,no_basis,agricultural/insecticide,['insects'],['turf'],spray,systemic,HIGH,"product_name, ingredient_inference",,UNKNOWN,unknown,False,False,sds_full,MEDIUM,composition_section,75.0,25.0,Imidacloprid,single,very_high,exact,1.0,,
MIX53,Metaflumizone(7.4%),UNKNOWN,liquid,pesticide/insecticide,concentrate,MEDIUM,pattern_inferred,WARNING,"['stot_repeated_2', 'aquatic_acute_1', 'aquatic_chronic_1']",['none_identified'],aquatic_acute_and_chronic,[],3.0,HIGH,sds_section2,agricultural/insecticide,['insects'],,unknown,contact,HIGH,ingredient_inference,,RESEARCH_ONLY,not_registered,False,False,sds_full,HIGH,laboratory_use_statement,,,Metaflumizone HYDRAZINECARBOXAMIDE,binary,unknown,none,2.0,,
MIX530,Voliam Flexi Insecticide,UNKNOWN,liquid,pesticide/insecticide,concentrate,HIGH,name_explicit,WARNING,"['aquatic_acute_1', 'aquatic_chronic_1']",['none_identified'],aquatic_acute_and_chronic,"['H400', 'H410']",2.0,HIGH,sds_section2,agricultural/insecticide,['insects'],,spray,systemic,HIGH,"product_name, ingredient_inference",,EU_REACH,unknown,False,False,sds_full,MEDIUM,reach_text,,,Chlorantraniliprole,binary,unknown,none,2.0,,
MIX531,Voliam Xpress Insecticide,UNKNOWN,liquid,pesticide/insecticide,concentrate,HIGH,name_explicit,UNKNOWN,[],['none_identified'],unknown,[],0.0,LOW,no_basis,agricultural/insecticide,['insects'],,spray,contact,HIGH,"product_name, ingredient_inference",,UNKNOWN,unknown,False,False,sds_full,MEDIUM,composition_section,2.0,0.0,"propane-,2-diol propane-1,2-diol",multi_4_6,ultra_low,partial,4.0,,
MIX532,UBI 4389,UNKNOWN,unknown,unknown,unknown,LOW,no_basis,UNKNOWN,[],['none_identified'],unknown,[],0.0,LOW,no_basis,unknown,,,unknown,unknown,LOW,no_basis,,UNKNOWN,not_registered,False,False,worldbank_doc,LOW,no_basis,,,,multi_7p,unknown,inconsistent,5.0,,
MIX533,Waterborne Milltreat 111 Concentrate,UNKNOWN,liquid,wood_preservative,concentrate,HIGH,name_explicit,UNKNOWN,[],['none_identified'],unknown,[],0.0,LOW,no_basis,wood_preservation,"['fungi', 'insects']",,topical,preventive,HIGH,"product_name, source_text",,US_EPA,unknown,False,False,epa_label,MEDIUM,source_filename,1.41,95.77,"Product Uses: Millwork, shingles, siding, plywood, hardboard, flakeboard, engineered wood products, (Propiconazole) 1-[[2(2, 4-dichlorophenyl)-4-propyl-1, 3-dioxolan-2-yl] -methyl]-1H-1,2,4-triazole",multi_4_6,ultra_low,inconsistent,4.0,,
MIX534,Ucarcide SB 130 Antimicrobial,UNKNOWN,liquid,cleaning_disinfectant,unknown,MEDIUM,name_explicit,UNKNOWN,[],['none_identified'],unknown,[],0.0,LOW,no_basis,public_health/disinfectant,['bacteria'],,topical,contact,MEDIUM,product_name,,UNKNOWN,unknown,False,False,unknown,LOW,no_basis,,,,unknown,unknown,none,0.0,,
MIX535,Ultrathion Insect Repellent,UNKNOWN,liquid,consumer_product,ready-to-use,MEDIUM,evidence_snippet,UNKNOWN,[],['none_identified'],unknown,[],0.0,LOW,no_basis,public_health/insect_repellent,"['mosquitoes', 'ticks', 'biting flies', 'chiggers', 'gnats', 'fleas', 'deer flies']",,topical,contact,HIGH,ingredient_inference,,RESEARCH_ONLY,not_registered,,,product_page,HIGH,source_filename,34.34,65.66,DEET,single,medium,exact,1.0,,
MIX536,Unicorn Fungicide,WP,powder,pesticide/fungicide,concentrate,MEDIUM,pattern_inferred,CAUTION,['acute_toxicity_oral_4'],['oral'],none,[],2.0,MEDIUM,snippet_keywords,agricultural/fungicide,['fungi'],,unknown,unknown,HIGH,product_name,,UNKNOWN,not_registered,False,,sds_partial,MEDIUM,no_epa_reg,3.0,97.0,Tebuconazole,binary,ultra_low,exact,2.0,,
MIX537,Weld Herbicide,UNKNOWN,liquid,pesticide/herbicide,concentrate,LOW,name_explicit,WARNING,"['skin_irritation_2', 'eye_irritation_2A', 'stot_single_3', 'carcinogenicity_2']",['oral'],none,"['H315', 'H319', 'H335', 'H336', 'H351']",4.0,HIGH,sds_section2,agricultural/herbicide,['weeds'],,unknown,unknown,HIGH,product_name,,RESEARCH_ONLY,not_registered,False,,sds_full,HIGH,welding_chemical_industrial,90.0,10.0,Methylene Chloride,single,very_high,approximate,1.0,,
MIX538,Up-Cyde Pro 2.0 EC Termiticide/Insecticide,EC,liquid,pesticide/insecticide,concentrate,HIGH,name_explicit,DANGER,"['acute_toxicity_oral_4', 'acute_toxicity_dermal_4', 'acute_toxicity_inhalation_3', 'aquatic_acute_2', 'aquatic_chronic_2']","['oral', 'dermal', 'inhalation']",aquatic_acute_and_chronic,[],4.0,HIGH,sds_section2,agricultural/insecticide,"['termites', 'insects']",,unknown,contact,HIGH,product_name,70506-19,US_EPA,registered_active,False,,epa_label,HIGH,epa_reg_found,40.0,60.0,cypermethrin,binary,high,partial,2.0,,
MIX539,UP-End Herbicide,UNKNOWN,liquid,pesticide/herbicide,concentrate,MEDIUM,name_explicit,UNKNOWN,[],['none_identified'],unknown,[],0.0,LOW,no_basis,agricultural/herbicide,"['weeds', 'broadleaf', 'grasses']",,spray,post_emergent,HIGH,product_name,,UNKNOWN,unknown,False,,sds_partial,MEDIUM,nufarm_herbicide,12.0,88.0,4-Dichlorophenoxy)aceticacid(ISO),multi_4_6,medium,partial,4.0,,
MIX54,BAS 500 F Manufacturing Use Product,EC,liquid,pharmaceutical,concentrate,HIGH,evidence_snippet,WARNING,"['eye_irritation_2', 'skin_sensitization_1', 'aquatic_chronic_2']",['oral'],aquatic_chronic,"['H319', 'H317', 'H411']",3.0,HIGH,sds_section2,research/toxicology,,,unknown,unknown,MEDIUM,source_text,,EU_REACH,not_registered,False,True,sds_full,HIGH,reach_text,37.0,63.0,Ethyl beta-apo-8'-carotenoate,multi_4_6,medium,partial,4.0,,
MIX540,Wolman E (CA-C)(.19),UNKNOWN,unknown,wood_preservative,unknown,MEDIUM,evidence_snippet,DANGER,"['skin_corrosion_1', 'eye_irritation_2B', 'respiratory_sensitization_1', 'skin_sensitization_1', 'carcinogenicity_1']",['inhalation'],none,[],5.0,HIGH,sds_section2,wood_preservation,"['fungi', 'termites', 'wood-boring insects']",,systemic,preventive,HIGH,source_text,,US_EPA,registered_active,False,,sds_full,MEDIUM,cca_treated_wood,,,UNKNOWN,unknown,unknown,none,0.0,,
MIX541,UPI Glyphosphate,SL,liquid,pesticide/herbicide,concentrate,MEDIUM,pattern_inferred,UNKNOWN,[],['none_identified'],unknown,[],0.0,LOW,no_basis,agricultural/herbicide,"['weeds', 'grasses', 'broadleaf']","['corn', 'soybean']",spray,post_emergent,HIGH,ingredient_inference,,UNKNOWN,not_registered,False,,sds_partial,MEDIUM,nufarm_glyphosate,4.0,96.0,Glyphosate,binary,low,approximate,2.0,,
MIX542,Wolman E (mu CA-C),UNKNOWN,unknown,wood_preservative,concentrate,LOW,pattern_inferred,UNKNOWN,[],['none_identified'],unknown,[],0.0,LOW,no_basis,wood_preservation,"['fungi', 'termites', 'wood decay organisms']",,systemic,preventive,HIGH,product_name,,US_EPA,not_registered,False,,sds_full,MEDIUM,wood_preservative,1.0,99.0,Copper (II) carbonate--copper(II) hydroxide,multi_4_6,ultra_low,partial,4.0,,
MIX543,UPI Imidacloprid,UNKNOWN,unknown,pesticide/insecticide,concentrate,MEDIUM,name_explicit,UNKNOWN,[],['none_identified'],unknown,[],0.0,LOW,no_basis,agricultural/insecticide,"['aphids', 'whiteflies', 'thrips', 'beetles']",,systemic,systemic,HIGH,ingredient_inference,,RESEARCH_ONLY,not_registered,False,,sds_full,HIGH,fisher_scientific,2.0,98.0,1H-Imidazol--amine,single,low,exact,1.0,,
MIX544,US-LON-A,UNKNOWN,unknown,cleaning_disinfectant,unknown,LOW,pattern_inferred,UNKNOWN,[],['none_identified'],unknown,[],0.0,LOW,no_basis,study/skin_irritation_human,,,unknown,unknown,HIGH,source_filename,,UNKNOWN,not_registered,False,,sds_partial,LOW,hmira_claim,1.0,99.0,Trichloroisocyanuric Acid,ternary,ultra_low,partial,3.0,,
MIX545,V-10116 3.7 FS,FS,suspension,pesticide/fungicide,concentrate,HIGH,name_explicit,UNKNOWN,[],['none_identified'],unknown,[],0.0,LOW,no_basis,agricultural/seed_treatment,['fungi'],,seed_treatment,preventive,HIGH,product_name,,UNKNOWN,unknown,,,unknown,LOW,no_basis,40.5,59.5,Metconazole,binary,high,approximate,2.0,,
MIX546,Wolsin LP 13762,UNKNOWN,unknown,unknown,unknown,LOW,no_basis,UNKNOWN,[],['none_identified'],unknown,[],0.0,LOW,no_basis,unknown,,,unknown,unknown,LOW,no_basis,,UNKNOWN,unknown,,,unknown,LOW,no_basis,,,UNKNOWN,unknown,unknown,none,0.0,,
MIX547,XDE-PRDX,UNKNOWN,unknown,research_compound,unknown,LOW,pattern_inferred,UNKNOWN,[],['none_identified'],unknown,[],0.0,LOW,no_basis,study/skin_irritation_human,,,unknown,unknown,HIGH,source_filename,,RESEARCH_ONLY,not_registered,,,sds_full,HIGH,merck_millipore,,,"2,3-Bis(bromomethyl)quinoxaline-1,4-dioxide",single,unknown,none,1.0,,
MIX548,WRC-13927-32-0,UNKNOWN,unknown,industrial_chemical,unknown,LOW,no_basis,UNKNOWN,[],['none_identified'],unknown,[],0.0,LOW,no_basis,study/acute_dermal,,,unknown,unknown,HIGH,source_filename,,UNKNOWN,unknown,,,unknown,LOW,no_basis,,,UNKNOWN,unknown,unknown,none,0.0,,
MIX549,X-Cide 800 Biocide,EC,liquid,cleaning_disinfectant,concentrate,MEDIUM,evidence_snippet,WARNING,"['eye_damage_1', 'skin_irritation_2', 'aquatic_chronic_2']",['oral'],aquatic_chronic,"['H318', 'H315', 'H411']",3.0,HIGH,sds_section2,public_health/disinfectant,"['bacteria', 'viruses', 'fungi']",,spray,contact,HIGH,product_name,,EU_REACH,not_registered,False,True,sds_full,HIGH,reach_text,,,Hydrogen Peroxide,ternary,unknown,none,3.0,,
MIX55,BAS 510 02 F Turf Fungicide,UNKNOWN,unknown,pesticide/fungicide,unknown,LOW,name_explicit,UNKNOWN,[],['none_identified'],unknown,[],0.0,LOW,no_basis,agricultural/fungicide,['fungi'],['turf'],unknown,unknown,HIGH,product_name,,UNKNOWN,unknown,,,product_page,LOW,greenbook_pdf,,,UNKNOWN,unknown,unknown,none,0.0,,
MIX550,Xemium Fungicide,SC,suspension,pesticide/fungicide,concentrate,MEDIUM,pattern_inferred,UNKNOWN,[],['none_identified'],unknown,[],0.0,LOW,no_basis,agricultural/fungicide,"['fungi', 'rust', 'blight']",,spray,preventive,HIGH,product_name,,US_EPA,registered_active,False,,sds_full,MEDIUM,basf_fungicide,33.58,66.42,Pyraclostrobin,multi_7p,medium,approximate,5.0,,
MIX551,XDE-007 50% Concentrate,UNKNOWN,liquid,industrial_chemical,concentrate,MEDIUM,name_explicit,UNKNOWN,[],['none_identified'],unknown,[],0.0,LOW,no_basis,study/acute_dermal,,,unknown,unknown,HIGH,source_filename,,RESEARCH_ONLY,not_registered,,,sds_full,HIGH,sigma_aldrich,50.0,50.0,UNKNOWN,unknown,high,approximate,0.0,,
MIX552,Ygiene 206,UNKNOWN,liquid,cleaning_disinfectant,unknown,LOW,pattern_inferred,UNKNOWN,[],['none_identified'],unknown,[],0.0,LOW,no_basis,study/skin_irritation_human,,,unknown,unknown,HIGH,source_filename,,UNKNOWN,unknown,,,sds_full,LOW,sterilant,,,Water,single,unknown,none,1.0,,
MIX553,XDE-175,UNKNOWN,unknown,pesticide/herbicide,concentrate,LOW,pattern_inferred,UNKNOWN,[],['none_identified'],unknown,[],0.0,LOW,no_basis,agricultural/herbicide,"['weeds', 'broadleaf']",,spray,post_emergent,HIGH,ingredient_inference,,UNKNOWN,not_registered,False,,sds_partial,MEDIUM,herbicide_salt,4.0,96.0,"Dimethylamine Salt of -(2,4-Dichlorphenoxy)",single,low,exact,1.0,,
MIX554,XDE-742,UNKNOWN,unknown,industrial_chemical,unknown,LOW,no_basis,UNKNOWN,[],['none_identified'],unknown,[],0.0,LOW,no_basis,study/skin_irritation_human,,,unknown,unknown,HIGH,source_filename,,EU_REACH,not_registered,False,True,sds_full,HIGH,reach_text,,,Ferric chloride hexahydrate,single,unknown,none,1.0,,
MIX555,Zampro Fungicide,SC,suspension,pesticide/fungicide,concentrate,MEDIUM,evidence_snippet,WARNING,"['acute_toxicity_oral_4', 'reproductive_toxicity_2', 'aquatic_acute_3', 'aquatic_chronic_1']",['oral'],aquatic_acute_and_chronic,"['H302', 'H361', 'H402', 'H410']",4.0,HIGH,sds_section2,agricultural/fungicide,"['fungi', 'oomycetes', 'downy mildew']",,spray,preventive,HIGH,product_name,7969-302,US_EPA,registered_active,False,,sds_full,HIGH,epa_reg_found,30.9,69.1,ametoctradin,multi_7p,medium,approximate,5.0,,
MIX556,"Zoxamide, 80 WP",WP,powder,pesticide/fungicide,concentrate,HIGH,name_explicit,CAUTION,[],['none_identified'],terrestrial,[],2.0,MEDIUM,snippet_keywords,agricultural/fungicide,"['fungi', 'oomycetes']",,spray,preventive,HIGH,ingredient_inference,,RESEARCH_ONLY,not_registered,False,,sds_full,HIGH,thermofisher,,,Oxamide,single,unknown,none,1.0,,
MIX557,Zoxamide(95_100%),UNKNOWN,unknown,pesticide/fungicide,concentrate,LOW,pattern_inferred,WARNING,"['acute_toxicity_oral_4', 'skin_irritation_2', 'eye_irritation_2', 'stot_single_3']","['oral', 'inhalation']",none,"['H302', 'H315', 'H319', 'H335']",3.0,HIGH,sds_section2,agricultural/fungicide,"['fungi', 'oomycetes']",,unknown,unknown,HIGH,ingredient_inference,,RESEARCH_ONLY,not_registered,False,,sds_full,HIGH,r_and_d_only,,,oxamide,single,very_high,none,1.0,,
MIX558,Zoxamide(97%),UNKNOWN,unknown,pesticide/fungicide,concentrate,MEDIUM,pattern_inferred,DANGER,"['acute_toxicity_inhalation_2', 'carcinogenicity_2', 'eye_damage_1', 'aquatic_acute_1', 'aquatic_chronic_1', 'skin_sensitization_1', 'stot_single_3']",['inhalation'],both,"['H330', 'H351', 'H318', 'H400', 'H410', 'H317', 'H335']",5.0,HIGH,snippet_keywords,agricultural/fungicide,"['fungi', 'blight', 'mold']",,unknown,unknown,HIGH,ingredient_inference,,EU_REACH,unknown,False,True,sds_full,MEDIUM,reach_text,46.8,53.2,Chlorothalonil,binary,high,exact,2.0,,
MIX559,"Ravap EC Livestock, Poultry & Premise Spray",EC,liquid,pesticide/insecticide,concentrate,HIGH,name_explicit,DANGER,[],['none_identified'],unknown,[],4.0,MEDIUM,sec_signal_word,veterinary,"['flies', 'lice', 'mites', 'ticks']","['livestock', 'poultry', 'premises']",spray,contact,HIGH,product_name,,US_EPA,unknown,True,False,epa_label,HIGH,active_ingredient_declared,28.3,71.7,Tetrachlorvinphos,multi_4_6,medium,exact,4.0,,
MIX56,Bifenture 17,UNKNOWN,unknown,pesticide/insecticide,concentrate,LOW,pattern_inferred,WARNING,"['aquatic_acute_1', 'aquatic_chronic_1']",['none_identified'],both,"['H400', 'H410']",3.0,HIGH,snippet_keywords,study/skin_irritation_human,,,unknown,unknown,HIGH,source_filename,,UNKNOWN,unknown,False,False,sds_full,LOW,source_filename,1.0,99.0,Bifenithrin,binary,ultra_low,partial,2.0,,
MIX560,Rave Herbicide,UNKNOWN,unknown,pesticide/herbicide,unknown,MEDIUM,name_explicit,WARNING,['skin_corrosion_1'],['oral'],none,['H314'],3.0,MEDIUM,snippet_keywords,agricultural/herbicide,"['weeds', 'broadleaf', 'grasses']",,spray,unknown,HIGH,product_name,,UNKNOWN,unknown,False,False,sds_full,LOW,source_filename,,,Potassium hydroxide,binary,unknown,none,2.0,,
MIX561,Raxil MD Extra Fungicide,UNKNOWN,unknown,pesticide/fungicide,unknown,HIGH,name_explicit,UNKNOWN,[],['none_identified'],unknown,[],0.0,LOW,no_basis,agricultural/seed_treatment,"['fungi', 'rust', 'blight']","['wheat', 'barley', 'cereal']",seed_treatment,systemic,HIGH,product_name,,US_EPA,unknown,False,False,sds_full,MEDIUM,source_filename,,,Tebuconazole,ternary,unknown,none,3.0,,
MIX562,Raxil MD Extra W Seed Treatment,UNKNOWN,unknown,pesticide/fungicide,concentrate,MEDIUM,name_explicit,UNKNOWN,[],['none_identified'],unknown,[],0.0,LOW,no_basis,agricultural/seed_treatment,"['fungi', 'insects', 'aphids']","['wheat', 'barley', 'cereal']",seed_treatment,systemic,HIGH,product_name,,US_EPA,unknown,False,False,sds_full,MEDIUM,source_filename,1.0,99.0,Imidacloprid,multi_4_6,ultra_low,partial,4.0,,
MIX563,Reality 25,UNKNOWN,unknown,unknown,unknown,LOW,no_basis,UNKNOWN,[],['none_identified'],unknown,[],0.0,LOW,no_basis,unknown,,,unknown,unknown,LOW,no_basis,,EU_REACH,not_registered,False,True,unknown,LOW,reach_text,,100.0,,single,unknown,inconsistent,1.0,,
MIX564,RebelEx,UNKNOWN,unknown,consumer_product,ready-to-use,MEDIUM,evidence_snippet,WARNING,['skin_sensitization_1'],['none_identified'],none,['H317'],2.0,HIGH,sds_section2,study/skin_irritation_human,,,unknown,unknown,HIGH,source_filename,,EU_REACH,not_registered,False,False,sds_full,MEDIUM,source_filename,10.0,90.0,Dibenzoyl peroxide,multi_4_6,low,partial,4.0,,
MIX565,Regent 500TS Insecticide,UNKNOWN,unknown,pesticide/insecticide,concentrate,MEDIUM,name_explicit,DANGER,"['acute_toxicity_inhalation_2', 'acute_toxicity_oral_3', 'acute_toxicity_dermal_3', 'stot_repeated_1', 'aquatic_acute_1', 'aquatic_chronic_1']","['oral', 'dermal', 'inhalation']",both,"['H330', 'H301', 'H311', 'H372', 'H400', 'H410']",5.0,HIGH,snippet_keywords,agricultural/seed_treatment,"['wireworms', 'beetles', 'soil_insects']","['corn', 'soybean']",seed_treatment,systemic,HIGH,product_name,,UNKNOWN,unknown,False,False,sds_full,LOW,source_filename,0.3,99.7,Fipronil,binary,ultra_low,partial,2.0,,
MIX566,Reldan F,UNKNOWN,liquid,pesticide/insecticide,concentrate,MEDIUM,pattern_inferred,WARNING,[],['none_identified'],unknown,[],2.0,LOW,snippet_keywords,agricultural/insecticide,"['beetles', 'weevils', 'moths', 'grain_insects']",['stored_grain'],spray,contact,HIGH,source_text,,UNKNOWN,unknown,False,False,sds_full,LOW,source_filename,47.23,52.77,Chlorpyrifos-Methyl,multi_7p,high,approximate,5.0,,
MIX567,Revus Top,UNKNOWN,unknown,pesticide/fungicide,concentrate,MEDIUM,pattern_inferred,UNKNOWN,[],['none_identified'],unknown,[],0.0,LOW,no_basis,study/skin_irritation_human,,,unknown,unknown,HIGH,source_filename,,UNKNOWN,unknown,False,False,sds_full,LOW,source_filename,1.0,99.0,mandipropamid,ternary,ultra_low,partial,3.0,,
MIX568,Report Herbicide,UNKNOWN,unknown,pesticide/herbicide,unknown,MEDIUM,name_explicit,UNKNOWN,[],['none_identified'],unknown,[],0.0,LOW,no_basis,agricultural/herbicide,"['weeds', 'broadleaf', 'grasses']","['pasture', 'rangeland']",spray,systemic,HIGH,product_name,,UNKNOWN,unknown,False,False,sds_full,LOW,source_filename,,,Aminocyclopyrachlor,binary,unknown,none,2.0,,
MIX569,Ridomil Gold MZ WG,WG,granule,pesticide/fungicide,concentrate,HIGH,name_explicit,UNKNOWN,[],['none_identified'],unknown,[],0.0,LOW,no_basis,study/skin_irritation_human,,,unknown,unknown,HIGH,source_filename,,UNKNOWN,unknown,False,False,product_page,LOW,no_basis,,,,multi_4_6,unknown,none,4.0,,
MIX57,BAS 536 00 F Fungicide,UNKNOWN,unknown,pesticide/fungicide,concentrate,MEDIUM,name_explicit,WARNING,"['skin_sensitization_1', 'aquatic_chronic_2']",['none_identified'],aquatic_chronic,"['H317', 'H411']",2.0,MEDIUM,snippet_keywords,study/skin_irritation_human,,,unknown,unknown,HIGH,source_filename,,UNKNOWN,unknown,False,False,sds_full,LOW,source_filename,42.91,57.09,Pyraclostrobin,multi_4_6,medium,exact,4.0,,
MIX570,Reserve Fungicide,UNKNOWN,unknown,pesticide/fungicide,concentrate,MEDIUM,name_explicit,DANGER,"['acute_toxicity_2', 'carcinogenicity_2', 'eye_damage_1', 'aquatic_acute_1', 'aquatic_chronic_1', 'skin_sensitization_1', 'stot_single_3']","['oral', 'inhalation']",both,"['H330', 'H351', 'H318', 'H400', 'H410', 'H317', 'H335']",5.0,HIGH,snippet_keywords,agricultural/fungicide,"['fungi', 'rust', 'blight']","['turf', 'ornamental']",spray,contact,HIGH,product_name,,UNKNOWN,unknown,False,False,sds_full,LOW,source_filename,,,Chlorothalonil,binary,high,approximate,2.0,,
MIX571,Rimsulfuron,UNKNOWN,powder,pesticide/herbicide,concentrate,MEDIUM,evidence_snippet,CAUTION,['eye_irritation_2'],['dermal'],none,['H320'],1.0,MEDIUM,sds_section2,agricultural/herbicide,"['weeds', 'grasses', 'broadleaf']","['corn', 'potato']",spray,post_emergent,MEDIUM,ingredient_inference,,UNKNOWN,unknown,True,False,sds_full,MEDIUM,active_ingredient_declared,,,Rimsulfuron,unknown,unknown,none,1.0,,
MIX572,Revus Opti,UNKNOWN,unknown,pesticide/fungicide,concentrate,MEDIUM,pattern_inferred,WARNING,['skin_sensitization_1'],['none_identified'],unknown,['H317'],2.0,MEDIUM,snippet_keywords,study/skin_irritation_human,,,unknown,unknown,HIGH,source_filename,,UNKNOWN,unknown,False,False,sds_full,LOW,source_filename,4.0,96.0,Mandipropamid,binary,low,partial,2.0,,
MIX573,3336 70EG,UNKNOWN,unknown,unknown,unknown,LOW,no_basis,UNKNOWN,[],['none_identified'],unknown,[],0.0,LOW,no_basis,agricultural/fungicide,"['fungi', 'turf_disease']","['turf', 'ornamental']",spray,systemic,MEDIUM,product_name,,UNKNOWN,unknown,False,False,unknown,LOW,no_basis,,,,unknown,unknown,none,1.0,,
MIX574,Aloft LC SC Insecticide,SC,suspension,pesticide/insecticide,concentrate,HIGH,name_explicit,WARNING,"['aquatic_acute_1', 'aquatic_chronic_1']",['none_identified'],both,"['H400', 'H410']",3.0,MEDIUM,sds_section2,agricultural/insecticide,"['aphids', 'beetles', 'caterpillars']","['turf', 'ornamental']",spray,systemic,HIGH,source_text,59639-213,US_EPA,registered_active,False,False,sds_full,HIGH,epa_reg_found,,,Clothianidin,unknown,unknown,none,1.0,,
MIX575,Acticide PM Industrial Mildewicide,DC,liquid,industrial_chemical,concentrate,HIGH,evidence_snippet,UNKNOWN,[],['none_identified'],unknown,[],0.0,LOW,no_basis,industrial/cleaning,"['mildew', 'fungi', 'bacteria']","['industrial', 'paint', 'coating']",topical,preventive,HIGH,product_name,,UNKNOWN,unknown,False,False,unknown,LOW,no_basis,76.4,23.6,,ternary,very_high,partial,3.0,,
MIX576,Coumaphos (97.6),UNKNOWN,unknown,pesticide/insecticide,concentrate,LOW,pattern_inferred,UNKNOWN,[],['none_identified'],unknown,[],0.0,LOW,no_basis,veterinary,"['mites', 'lice', 'ticks']","['beehives', 'livestock']",topical,contact,MEDIUM,ingredient_inference,,RESEARCH_ONLY,not_registered,False,False,chemblink_sigma,HIGH,source_filename,,,Coumaphos,unknown,very_high,none,1.0,,
MIX577,Axiom DF,UNKNOWN,powder,pesticide/herbicide,concentrate,MEDIUM,evidence_snippet,WARNING,['stot_repeated_2'],['none_identified'],unknown,['H373'],2.0,HIGH,sds_section2,agricultural/herbicide,"['weeds', 'grasses', 'broadleaf']","['corn', 'soybean']",spray,pre_emergent,HIGH,source_text,264-766,US_EPA,registered_active,False,False,sds_full,HIGH,epa_reg_found,,,Flufenacet,unknown,unknown,none,1.0,,
MIX578,Benefin(97.3%),UNKNOWN,unknown,pesticide/herbicide,concentrate,MEDIUM,pattern_inferred,DANGER,"['acute_toxicity_oral_4', 'skin_corrosion_1A', 'eye_damage_1', 'reproductive_toxicity_2', 'stot_repeated_2']",['oral'],unknown,"['H302', 'H314', 'H318', 'H361', 'H373']",5.0,HIGH,snippet_keywords,study/skin_irritation_human,,,unknown,unknown,HIGH,source_filename,,EU_REACH,not_registered,False,True,sds_full,MEDIUM,reach_text,1.0,99.0,Benefin,single,ultra_low,partial,1.0,,
MIX579,DeckMate Mosquito Repellent,UNKNOWN,unknown,pesticide/insecticide,ready-to-use,MEDIUM,name_explicit,UNKNOWN,[],['none_identified'],unknown,[],0.0,LOW,no_basis,public_health/insect_repellent,['mosquitoes'],"['residential', 'outdoor']",fumigation,residual,HIGH,product_name,,UNKNOWN,unknown,False,False,unknown,LOW,no_basis,,,metofluthrin,unknown,low,none,1.0,,
MIX58,Biflex 5T,UNKNOWN,unknown,pesticide/insecticide,concentrate,LOW,pattern_inferred,WARNING,['aquatic_chronic_1'],['none_identified'],aquatic_chronic,['H410'],3.0,MEDIUM,snippet_keywords,study/skin_irritation_human,,,unknown,unknown,HIGH,source_filename,,UNKNOWN,unknown,False,False,sds_full,LOW,source_filename,,,Bifenthrin,ternary,unknown,none,3.0,,
MIX580,Departure Herbicide,WDG,granule,pesticide/herbicide,concentrate,HIGH,name_explicit,NONE,[],['none_identified'],none,[],1.0,LOW,snippet_keywords,agricultural/herbicide,['broadleaf weeds'],,spray,post_emergent,HIGH,,,CA_PMRA,registered_active,True,False,epa_label,HIGH,pmra_reg_found,,,Tribenuron-methyl,binary,unknown,none,2.0,LOW,source_text
MIX581,DPX-E9636,UNKNOWN,unknown,pesticide/herbicide,unknown,LOW,pattern_inferred,CAUTION,['carcinogenicity'],['none_identified'],unknown,[],3.0,MEDIUM,sds_section2,agricultural/herbicide,['weeds'],,spray,post_emergent,MEDIUM,,,US_EPA,unknown,False,False,product_page,LOW,source_filename,25.0,75.0,RIMSULFURON,single,medium,approximate,1.0,MEDIUM,source_text
MIX582,DPX-E9636-22,WG,granule,pesticide/herbicide,concentrate,HIGH,evidence_snippet,DANGER,"['aquatic_acute_1', 'aquatic_chronic_1', 'skin_corrosion_1B']",['none_identified'],aquatic_acute_and_chronic,"['H400', 'H410', 'H314', 'H334']",4.0,HIGH,sds_section2,agricultural/herbicide,['weeds'],,spray,post_emergent,HIGH,,,EU_REACH,registered_active,False,True,sds_full,HIGH,reach_text,25.0,75.0,Rimsulfuron,multi_4_6,medium,approximate,4.0,MEDIUM,name_inference
MIX583,Enhance AW(19.55),UNKNOWN,unknown,cleaning_disinfectant,unknown,LOW,pattern_inferred,DANGER,"['acute_toxicity_inhalation_2', 'acute_toxicity_oral_4', 'aquatic_acute_1', 'aquatic_chronic_1', 'eye_damage_1', 'skin_irritation_2', 'skin_sensitization_1A']","['oral', 'inhalation']",aquatic_acute_and_chronic,"['H330', 'H302', 'H400', 'H410', 'H318', 'H315']",5.0,HIGH,sds_section2,industrial/chemical,"['bacteria', 'fungi']",,unknown,preventive,MEDIUM,,,EU_REACH,registered_active,False,True,sds_full,MEDIUM,reach_text,19.55,80.45,unknown,binary,medium,approximate,2.0,LOW,name_inference
MIX584,EP-Amin (Ethyl-n-propylamin),UNKNOWN,liquid,industrial_chemical,unknown,MEDIUM,evidence_snippet,DANGER,['skin_corrosion_1'],['none_identified'],none,[],4.0,MEDIUM,sds_section2,industrial/chemical,,,unknown,unknown,MEDIUM,,,RESEARCH_ONLY,not_registered,False,False,sds_full,HIGH,source_filename,,,3-(Diethylamino)propylamine,single,unknown,none,1.0,LOW,source_text
MIX585,Ethofumesate(97.5%),UNKNOWN,unknown,pesticide/herbicide,unknown,LOW,pattern_inferred,WARNING,[],['dermal'],aquatic_acute,[],2.0,LOW,snippet_keywords,agricultural/herbicide,['weeds'],,spray,pre_emergent,HIGH,,,US_EPA,unknown,False,False,epa_label,MEDIUM,source_filename,50.0,50.0,Ethofumesate,binary,high,partial,2.0,MEDIUM,source_text
MIX586,Fenhexamid(95.4%),UNKNOWN,liquid,research_compound,unknown,LOW,evidence_snippet,WARNING,['aquatic_chronic_2'],['none_identified'],aquatic_chronic,['H411'],2.0,HIGH,sds_section2,agricultural/fungicide,"['fungi', 'botrytis']",,spray,preventive,HIGH,,,EU_REACH,registered_active,False,True,sds_full,HIGH,reach_text,95.4,4.6,Fenhexamid,binary,very_high,approximate,2.0,HIGH,name_inference
MIX587,Folicur 1. 2 emulsifiable concentrate(15.4),EC,liquid,pesticide/fungicide,concentrate,HIGH,name_explicit,UNKNOWN,[],['none_identified'],unknown,[],0.0,LOW,no_basis,agricultural/fungicide,"['fungi', 'rust', 'blight']",,spray,systemic,HIGH,,,UNKNOWN,unknown,,,unknown,LOW,no_basis,25.0,75.0,Tebuconazole,binary,medium,exact,2.0,HIGH,source_text
MIX588,Flumethrin(96.2),UNKNOWN,unknown,pesticide/insecticide,unknown,LOW,pattern_inferred,UNKNOWN,[],['none_identified'],unknown,[],0.0,LOW,no_basis,veterinary,"['ticks', 'mites']",['animal_quarters'],topical,contact,MEDIUM,,,RESEARCH_ONLY,not_registered,,,sds_partial,MEDIUM,source_filename,96.2,3.8,Flumethrin,single,very_high,approximate,1.0,MEDIUM,name_inference
MIX589,Kixor Herbicide ,UNKNOWN,unknown,pesticide/herbicide,unknown,MEDIUM,evidence_snippet,WARNING,"['reproductive_toxicity_2', 'aquatic_acute_1', 'aquatic_chronic_1']",['none_identified'],aquatic_acute_and_chronic,"['H361', 'H400', 'H410']",4.0,HIGH,sds_section2,agricultural/herbicide,['weeds'],,spray,contact,HIGH,,7969-276,US_EPA,registered_active,False,False,epa_label,HIGH,epa_reg_found,,,saflufenacil,multi_4_6,unknown,none,4.0,LOW,source_text
MIX59,Biflex SFR,UNKNOWN,liquid,pesticide/insecticide,concentrate,LOW,pattern_inferred,UNKNOWN,[],['none_identified'],unknown,[],0.0,LOW,no_basis,agricultural/insecticide,"['aphids', 'beetles', 'ants']","['turf', 'ornamental']",spray,residual,HIGH,,,UNKNOWN,unknown,False,False,sds_full,MEDIUM,source_filename,,,Bifenthrin,ternary,unknown,none,3.0,MEDIUM,workbook_pct
MIX590,Larvin 500 Insecticide,WG,granule,pesticide/insecticide,concentrate,HIGH,name_explicit,DANGER,[],"['oral', 'inhalation']",unknown,[],3.0,MEDIUM,sds_section2,agricultural/insecticide,"['bollworm', 'loopers']",['cotton'],spray,contact,HIGH,,,UNKNOWN,unknown,False,False,sds_full,MEDIUM,source_filename,50.0,50.0,Thiodicarb,binary,high,approximate,2.0,MEDIUM,source_text
MIX591,Lawn 3FL2 Herbicide Ready-to-Use,RTU,liquid,pesticide/herbicide,ready-to-use,HIGH,name_explicit,WARNING,['eye_irritation_2A'],['none_identified'],none,[],2.0,MEDIUM,sds_section2,agricultural/herbicide,"['weeds', 'grasses', 'broadleaf']","['residential', 'lawn']",spray,systemic,HIGH,,71995-33,US_EPA,registered_active,False,False,epa_label,HIGH,epa_reg_found,,,Isopropylamine salt of glyphosate,binary,unknown,none,2.0,LOW,source_text
MIX592,Heat Powered by Kixor Herbicide,UNKNOWN,unknown,pesticide/herbicide,unknown,MEDIUM,evidence_snippet,CAUTION,[],"['oral', 'dermal']",none,[],2.0,MEDIUM,sds_section2,agricultural/herbicide,['weeds'],,spray,contact,HIGH,,,US_EPA,unknown,False,False,epa_label,MEDIUM,source_filename,,,saflufenacil,binary,unknown,none,2.0,LOW,source_text
MIX593,Meymik 15G,GR,granule,pesticide/insecticide,concentrate,HIGH,name_explicit,DANGER,[],"['oral', 'dermal']",unknown,[],5.0,MEDIUM,sds_section2,agricultural/insecticide,"['nematodes', 'insects']",,unknown,systemic,HIGH,,264-330,US_EPA,registered_active,False,False,epa_label,HIGH,epa_reg_found,15.0,85.0,Aldicarb,multi_4_6,medium,approximate,4.0,MEDIUM,name_inference
MIX594,Multicide 28661,UNKNOWN,liquid,pesticide/insecticide,concentrate,MEDIUM,evidence_snippet,DANGER,"['flammable_liquid_4', 'acute_toxicity_inhalation_4', 'aspiration_hazard_1', 'aquatic_acute_1', 'aquatic_chronic_1']",['inhalation'],aquatic_acute_and_chronic,"['H227', 'H332', 'H304', 'H400', 'H410']",5.0,HIGH,sds_section2,agricultural/insecticide,['mosquitoes'],"['residential', 'commercial']",spray,contact,HIGH,,,UNKNOWN,unknown,False,False,sds_full,MEDIUM,source_filename,,,d-phenothrin,multi_4_6,unknown,none,4.0,LOW,source_text
MIX595,Orvego Fungicide,UNKNOWN,unknown,pesticide/fungicide,unknown,MEDIUM,evidence_snippet,WARNING,"['acute_toxicity_oral_4', 'reproductive_toxicity_2', 'aquatic_acute_3', 'aquatic_chronic_1']",['oral'],aquatic_acute_and_chronic,"['H302', 'H361', 'H402', 'H410']",4.0,HIGH,sds_section2,agricultural/fungicide,"['downy mildew', 'late blight', 'fungi']",,spray,systemic,HIGH,,7969-301,US_EPA,registered_active,False,False,epa_label,HIGH,epa_reg_found,,,ametoctradin,multi_4_6,unknown,none,4.0,LOW,source_text
MIX596,Prodiamine/Diquat/Glyphosphate EW Manufacturing,GR,granule,pesticide/herbicide,concentrate,MEDIUM,evidence_snippet,DANGER,"['stot_single_3', 'carcinogenicity_1', 'stot_repeated_1']",['oral'],none,"['H303', 'H315', 'H319', 'H335', 'H350', 'H372']",5.0,HIGH,sds_section2,agricultural/herbicide,['weeds'],['turf'],unknown,pre_emergent,MEDIUM,,,UNKNOWN,unknown,False,False,sds_full,MEDIUM,source_filename,67.02,32.98,Prodiamine,multi_7p,very_high,inconsistent,5.0,MEDIUM,workbook_pct
MIX597,Provado 70 WG Insecticide,WG,granule,pesticide/insecticide,concentrate,HIGH,name_explicit,DANGER,['aquatic_acute_1'],['none_identified'],aquatic_acute,[],3.0,MEDIUM,snippet_keywords,agricultural/insecticide,"['aphids', 'insects']",,spray,contact,MEDIUM,,,EU_REACH,registered_active,False,True,sds_full,MEDIUM,reach_text,70.0,30.0,Imidacloprid,ternary,very_high,approximate,3.0,MEDIUM,name_inference
MIX598,Pursuit/Dimethenamide,UNKNOWN,liquid,pesticide/herbicide,concentrate,MEDIUM,evidence_snippet,DANGER,"['acute_toxicity_oral_4', 'eye_damage_1', 'skin_sensitization_1', 'aquatic_chronic_1']",['oral'],aquatic_chronic,[],4.0,MEDIUM,sds_section2,agricultural/herbicide,['broadleaf weeds'],"['turf', 'lawn']",spray,post_emergent,HIGH,,2217-543,US_EPA,registered_active,False,False,epa_label,HIGH,epa_reg_found,25.93,74.07,"2,4-D, dimethylamine salt",ternary,medium,partial,3.0,MEDIUM,source_text
MIX599,Rimfire Max Herbicide,UNKNOWN,unknown,pesticide/herbicide,unknown,MEDIUM,evidence_snippet,WARNING,"['aquatic_acute_1', 'aquatic_chronic_1']",['none_identified'],aquatic_acute_and_chronic,[],3.0,MEDIUM,sds_section2,agricultural/herbicide,['weeds'],['soybean'],spray,post_emergent,HIGH,,5481-676,US_EPA,registered_active,False,False,epa_label,HIGH,epa_reg_found,,,Cloransulam-methyl,multi_4_6,unknown,none,4.0,LOW,source_text
MIX6,Acticide CBM,SL,liquid,cleaning_disinfectant,concentrate,HIGH,evidence_snippet,DANGER,"['metal_corrosion_1', 'skin_corrosion_1B', 'eye_damage_1', 'aquatic_acute_1', 'skin_sensitization_1', 'aquatic_chronic_3']",['none_identified'],aquatic_acute_and_chronic,"['H290', 'H314', 'H318', 'H400', 'H317', 'H412']",4.0,HIGH,sds_section2,industrial/chemical,"['bacteria', 'fungi']",,unknown,preventive,HIGH,,,EU_BPR,registered_active,True,True,sds_full,HIGH,reach_text,,,"1,2-benzisothiazol-3(2H)-one",binary,unknown,none,2.0,LOW,source_text
MIX60,Bioban 425 Antimicrobial,UNKNOWN,liquid,cleaning_disinfectant,concentrate,MEDIUM,evidence_snippet,UNKNOWN,[],['none_identified'],unknown,[],0.0,LOW,no_basis,industrial/chemical,"['bacteria', 'fungi']",,unknown,preventive,HIGH,,,RESEARCH_ONLY,not_registered,True,False,product_page,MEDIUM,source_filename,25.0,75.0,2-methyl-4-isothiazolin-3-one,single,medium,approximate,1.0,MEDIUM,source_text
MIX600,Rynaxypyr,UNKNOWN,granule,pesticide/insecticide,concentrate,LOW,pattern_inferred,NONE,[],['none_identified'],none,[],1.0,LOW,snippet_keywords,agricultural/insecticide,"['caterpillars', 'borers']",,spray,systemic,HIGH,,,UNKNOWN,unknown,False,False,sds_full,MEDIUM,source_filename,4.0,96.0,Chlorantraniliprole,multi_4_6,low,partial,4.0,MEDIUM,workbook_pct
MIX601,Tebuconazole Fungicide(97%),UNKNOWN,powder,pesticide/fungicide,concentrate,LOW,pattern_inferred,UNKNOWN,[],['none_identified'],unknown,[],0.0,LOW,no_basis,agricultural/fungicide,['fungi'],,spray,systemic,HIGH,,,RESEARCH_ONLY,not_registered,False,False,sds_partial,MEDIUM,source_filename,98.5,1.5,Tebuconazole,single,very_high,approximate,1.0,HIGH,workbook_pct
MIX602,Tebuconazole Fungicide(96.2%),WDG,powder,pesticide/fungicide,concentrate,HIGH,name_explicit,WARNING,"['eye_irritation_2', 'acute_toxicity_oral_4', 'carcinogenicity_2']","['oral', 'inhalation']",terrestrial,[],3.0,HIGH,sds_section2,agricultural/fungicide,"['fungi', 'rust', 'blight']",,spray,preventive,HIGH,product_name | ingredient_inference,87290-12,US_EPA,registered_active,False,False,sds_full,HIGH,epa_reg_found,45.0,55.0,Tebuconazole,ternary,medium,partial,3.0,,
MIX603,The Andersons 0.058% Bifenthrin + 0.115% Imidacloprid Insecticide with Fertilizer,GR,granule,pesticide/insecticide,ready-to-use,HIGH,evidence_snippet,DANGER,"['eye_irritation_2', 'acute_toxicity_oral_4', 'acute_toxicity_dermal_4', 'carcinogenicity_2']","['oral', 'dermal']",unknown,[],4.0,HIGH,sds_section2,agricultural/insecticide,"['insects', 'beetles', 'aphids']",['turf'],spray,systemic,HIGH,ingredient_inference | product_name,,UNKNOWN,unknown,False,False,sds_full,LOW,no_basis,0.173,99.827,Imidacloprid,binary,ultra_low,exact,2.0,,
MIX604,The Andersons 0.077% Bifenthrin + 0.155% Imidacloprid Granular Insecticide,GR,granule,pesticide/insecticide,ready-to-use,HIGH,name_explicit,DANGER,['acute_toxicity_oral_3'],['oral'],unknown,[],4.0,MEDIUM,sds_section2,agricultural/insecticide,"['insects', 'beetles', 'aphids']",['turf'],spray,systemic,HIGH,ingredient_inference | product_name,,UNKNOWN,unknown,False,False,sds_partial,LOW,source_filename,0.232,99.768,Imidacloprid,binary,ultra_low,exact,2.0,,
MIX605,The Andersons 0.2% Imidacloprid Insecticide + Fertilizer,GR,granule,pesticide/insecticide,ready-to-use,MEDIUM,pattern_inferred,UNKNOWN,[],['none_identified'],unknown,[],0.0,LOW,no_basis,agricultural/insecticide,"['insects', 'beetles', 'aphids']",['turf'],spray,systemic,MEDIUM,product_name,,UNKNOWN,not_registered,,,unknown,LOW,no_basis,0.2,99.8,Imidacloprid,single,ultra_low,exact,1.0,,
MIX606,The Andersons GC 0.058% Bifenthrin + 0.115% Imidacloprid Insecticide with Fertilizer,GR,granule,pesticide/insecticide,ready-to-use,HIGH,evidence_snippet,DANGER,"['acute_toxicity_oral_3', 'skin_irritation_2', 'eye_irritation_2', 'stot_single_3']",['oral'],unknown,[],4.0,HIGH,sds_section2,agricultural/insecticide,"['insects', 'beetles', 'aphids']",['turf'],spray,systemic,HIGH,product_name | ingredient_inference,,UNKNOWN,unknown,False,False,sds_full,LOW,source_filename,0.173,99.827,Imidacloprid,multi_4_6,ultra_low,exact,4.0,,
MIX607,The Andersons GC 0.077% Bifenthrin + 0.155% Imidacloprid Granular Insecticide,GR,granule,pesticide/insecticide,ready-to-use,HIGH,name_explicit,DANGER,"['eye_irritation_2', 'acute_toxicity_oral_4', 'acute_toxicity_dermal_4', 'carcinogenicity_2']","['oral', 'dermal']",unknown,[],4.0,HIGH,sds_section2,agricultural/insecticide,"['insects', 'beetles', 'aphids']",['turf'],spray,systemic,HIGH,product_name | ingredient_inference,,UNKNOWN,unknown,False,False,sds_full,LOW,no_basis,0.232,99.768,Imidacloprid,binary,ultra_low,exact,2.0,,
MIX608,Stratego Pro Fungicide,EC,liquid,pesticide/fungicide,concentrate,HIGH,name_explicit,DANGER,"['eye_irritation_2A', 'acute_toxicity_inhalation_4', 'stot_single_3', 'reproductive_toxicity_1B']",['inhalation'],unknown,[],5.0,HIGH,sds_section2,agricultural/fungicide,"['fungi', 'rust', 'blight']",,spray,preventive,HIGH,product_name | ingredient_inference,264-779,US_EPA,registered_active,False,False,sds_full,HIGH,epa_reg_found,,,Trifloxystrobin,ternary,unknown,none,3.0,,
MIX609,Suprend,UNKNOWN,unknown,unknown,unknown,LOW,no_basis,UNKNOWN,[],['none_identified'],unknown,[],0.0,LOW,no_basis,study/skin_irritation_human,,,unknown,unknown,HIGH,source_filename,,EU_REACH,not_registered,,True,unknown,MEDIUM,reach_text,100.0,0.0,Free,single,very_high,exact,1.0,,
MIX61,BAS 556 01 F Fungicide,UNKNOWN,unknown,pesticide/fungicide,unknown,MEDIUM,pattern_inferred,UNKNOWN,[],['none_identified'],unknown,[],0.0,LOW,snippet_keywords,study/skin_irritation_human,,,unknown,unknown,HIGH,source_filename,,UNKNOWN,unknown,False,False,sds_full,LOW,no_basis,,,Trifloxystrobin,single,unknown,none,1.0,,
MIX610,Topramezone 2.8 SC Herbicide,SC,suspension,pesticide/herbicide,concentrate,HIGH,name_explicit,WARNING,"['skin_sensitization_1', 'reproductive_toxicity_2']",['none_identified'],none,[],3.0,HIGH,sds_section2,agricultural/herbicide,"['weeds', 'broadleaf', 'grasses']",['corn'],spray,post_emergent,HIGH,product_name | ingredient_inference,,UNKNOWN,unknown,False,False,sds_full,LOW,no_basis,,,Topramezone,unknown,unknown,none,1.0,,
MIX611,Trilux 44 - White,EC,liquid,industrial_chemical,ready-to-use,HIGH,evidence_snippet,DANGER,"['flammable_liquid_3', 'acute_toxicity_inhalation_4', 'skin_irritation_2', 'eye_damage_1', 'skin_sensitization_1', 'stot_single_3', 'stot_repeated_2', 'reproductive_toxicity_1B', 'aquatic_acute_1', 'aquatic_chronic_1']",['inhalation'],aquatic_acute_and_chronic,"['H226', 'H332', 'H315', 'H318', 'H317', 'H335', 'H373', 'H400', 'H410']",5.0,HIGH,sds_section2,study/skin_irritation_human,,,unknown,unknown,HIGH,source_filename,,UK_REACH,registered_active,False,False,product_page,MEDIUM,reach_text,,,Cuprous thiocyanate,ternary,unknown,none,3.0,,
MIX612,Ultra P,UNKNOWN,unknown,unknown,unknown,LOW,no_basis,NONE,[],['none_identified'],none,[],1.0,MEDIUM,sds_section2,industrial/chemical,,,unknown,unknown,MEDIUM,source_text,,UNKNOWN,not_registered,False,False,sds_partial,LOW,no_basis,,,"Alkanes, C, Chloro",single,unknown,none,1.0,,
MIX613,Wocosen 45 TK,UNKNOWN,unknown,wood_preservative,concentrate,MEDIUM,pattern_inferred,UNKNOWN,[],['none_identified'],unknown,[],0.0,LOW,no_basis,agricultural/other,,,unknown,unknown,LOW,no_basis,,UNKNOWN,unknown,,,unknown,LOW,no_basis,,,IPBC,unknown,unknown,none,1.0,,
MIX614,Bromuconazole(98.4%),UNKNOWN,powder,pesticide/fungicide,concentrate,MEDIUM,pattern_inferred,UNKNOWN,[],['none_identified'],unknown,[],0.0,LOW,no_basis,study/skin_irritation_human,,,unknown,unknown,HIGH,source_filename,,UNKNOWN,not_registered,,,unknown,LOW,no_basis,95.0,5.0,Bromuconazole,single,very_high,approximate,1.0,,
MIX615,Fludioxonil 50WP,WP,powder,pesticide/fungicide,concentrate,HIGH,name_explicit,UNKNOWN,[],['none_identified'],unknown,[],0.0,LOW,no_basis,agricultural/fungicide,"['fungi', 'mold']",,seed_treatment,preventive,HIGH,ingredient_inference,,UNKNOWN,not_registered,,,unknown,LOW,no_basis,,,Fludioxonil,single,unknown,none,1.0,,
MIX616,Fludioxonil(94.7%),UNKNOWN,powder,pesticide/fungicide,concentrate,MEDIUM,pattern_inferred,UNKNOWN,[],['none_identified'],unknown,[],0.0,LOW,no_basis,agricultural/fungicide,"['fungi', 'mold']",,seed_treatment,preventive,HIGH,ingredient_inference,,UNKNOWN,not_registered,,,unknown,LOW,no_basis,94.7,5.3,Fludioxonil,single,very_high,exact,1.0,,
MIX617,5-Hydroxy-Tepraloxydim,SL,liquid,research_compound,dilute,HIGH,evidence_snippet,DANGER,"['flammable_liquid_2', 'carcinogenicity_2', 'reproductive_toxicity_2', 'acute_toxicity_dermal_4', 'acute_toxicity_inhalation_4', 'eye_irritation_2']","['dermal', 'inhalation']",none,"['H225', 'H351', 'H361', 'H312', 'H332', 'H319']",5.0,HIGH,sds_section2,agricultural/herbicide,"['weeds', 'grasses']",,spray,post_emergent,MEDIUM,ingredient_inference,,RESEARCH_ONLY,not_registered,False,False,sds_full,HIGH,source_filename,,,Tepraloxydim,binary,unknown,none,2.0,,
MIX618,Abamectin A1a,EC,liquid,pesticide/insecticide,concentrate,HIGH,evidence_snippet,DANGER,"['acute_toxicity_oral_2', 'acute_toxicity_inhalation_1', 'reproductive_toxicity_1B', 'stot_repeated_1', 'aquatic_acute_1', 'aquatic_chronic_1']","['oral', 'inhalation']",aquatic_acute_and_chronic,"['H300', 'H330', 'H361', 'H372', 'H400', 'H410']",5.0,HIGH,sds_section2,agricultural/insecticide,"['mites', 'insects']",,spray,contact,HIGH,ingredient_inference,,RESEARCH_ONLY,not_registered,False,False,sds_full,HIGH,source_filename,,,Abamectin,single,unknown,none,1.0,,
MIX619,Abamectin A1b,UNKNOWN,unknown,pesticide/insecticide,unknown,MEDIUM,pattern_inferred,DANGER,[],['none_identified'],unknown,[],4.0,MEDIUM,sds_section2,agricultural/insecticide,"['mites', 'insects']",,spray,contact,HIGH,ingredient_inference,,RESEARCH_ONLY,not_registered,False,False,sds_full,HIGH,source_filename,,,Abamectin,single,unknown,none,1.0,,
MIX62,Bioguard Spaguard Brominating Concentrate,TB,tablet,cleaning_disinfectant,concentrate,MEDIUM,pattern_inferred,UNKNOWN,[],['inhalation'],unknown,[],0.0,LOW,snippet_keywords,public_health/disinfectant,"['bacteria', 'algae']","['pool', 'spa']",drench,residual,HIGH,product_name | ingredient_inference,,UNKNOWN,unknown,False,False,sds_full,LOW,no_basis,,,Troclosene sodium,binary,unknown,none,2.0,,
MIX620,Abamectin A2a,SC,suspension,pesticide/insecticide,concentrate,HIGH,evidence_snippet,UNKNOWN,[],['none_identified'],unknown,[],0.0,LOW,snippet_keywords,agricultural/insecticide,"['mites', 'insects']",,spray,contact,HIGH,ingredient_inference,,UNKNOWN,unknown,False,False,sds_full,LOW,no_basis,8.0,92.0,Abamectin,single,low,exact,1.0,,
MIX621,Abamectin B2a,EC,liquid,pesticide/insecticide,concentrate,HIGH,evidence_snippet,DANGER,"['acute_toxicity_oral_2', 'acute_toxicity_inhalation_1', 'reproductive_toxicity_1B', 'stot_repeated_1', 'aquatic_acute_1', 'aquatic_chronic_1']","['oral', 'inhalation']",aquatic_acute_and_chronic,"['H300', 'H330', 'H361', 'H372', 'H400', 'H410']",5.0,HIGH,sds_section2,agricultural/insecticide,"['mites', 'insects']",,spray,contact,HIGH,ingredient_inference,,RESEARCH_ONLY,not_registered,False,False,sds_full,HIGH,source_filename,,,Abamectin,single,unknown,none,1.0,,
MIX622,Aeris Seed-Applied Insecticide/Nematicide,FS,suspension,pesticide/insecticide,concentrate,HIGH,name_explicit,WARNING,"['skin_sensitization_1', 'eye_irritation_2B', 'acute_toxicity_oral_4', 'acute_toxicity_inhalation_4']","['oral', 'inhalation']",unknown,[],3.0,HIGH,sds_section2,agricultural/seed_treatment,"['insects', 'nematodes']",,seed_treatment,systemic,HIGH,product_name | ingredient_inference,264-1057,US_EPA,registered_active,False,False,sds_full,HIGH,epa_reg_found,,,Imidacloprid,binary,unknown,none,2.0,,
MIX623,Aloft GC G Insecticide,GR,granule,pesticide/insecticide,ready-to-use,HIGH,name_explicit,NONE,[],['none_identified'],none,[],1.0,MEDIUM,sds_section2,study/skin_irritation_human,,,unknown,unknown,HIGH,source_filename,,UNKNOWN,unknown,False,False,sds_full,LOW,no_basis,0.2,99.8,Clothianidin,binary,ultra_low,exact,2.0,,
MIX624,Bromuconazole(95.7%),UNKNOWN,powder,pesticide/fungicide,concentrate,MEDIUM,pattern_inferred,UNKNOWN,[],['none_identified'],unknown,[],0.0,LOW,snippet_keywords,study/skin_irritation_human,,,unknown,unknown,HIGH,source_filename,,UNKNOWN,unknown,False,False,sds_full,LOW,no_basis,98.0,2.0,Bromuconazole,single,very_high,exact,1.0,,
MIX625,Fludioxonil(95.4%),UNKNOWN,unknown,research_compound,concentrate,LOW,pattern_inferred,UNKNOWN,[],['none_identified'],unknown,[],0.0,LOW,no_basis,study/skin_irritation_human,,,unknown,unknown,HIGH,source_filename,,RESEARCH_ONLY,not_registered,False,False,sds_full,HIGH,source_filename,95.4,4.6,Fludioxonil,binary,very_high,approximate,2.0,,
MIX626,Bifenthrin 0.086% Plus Fertilizer,EC,liquid,pesticide/insecticide,concentrate,HIGH,sec1_text_explicit,DANGER,"['acute_toxicity_oral_3', 'acute_toxicity_dermal_4', 'acute_toxicity_inhalation_3', 'skin_sensitization_1', 'carcinogenicity_2']","['oral', 'dermal', 'inhalation']",unknown,[],5.0,HIGH,sds_section2,agricultural/insecticide,['insects'],['turf'],spray,contact,HIGH,product_name,,UNKNOWN,unknown,False,False,sds_full,MEDIUM,no_basis,0.086,99.914,Bifenthrin,multi_4_6,ultra_low,partial,4.0,,
MIX627,Dinotefuron,UNKNOWN,unknown,pesticide/insecticide,concentrate,MEDIUM,pattern_inferred,UNKNOWN,[],['none_identified'],aquatic_chronic,[],2.0,MEDIUM,snippet_keywords,agricultural/insecticide,['insects'],,unknown,systemic,HIGH,ingredient_inference,,UNKNOWN,unknown,False,False,unknown,LOW,no_basis,70.0,30.0,Dinotefuran,binary,very_high,approximate,2.0,,
MIX628,EH-1489 Broadleaf Herbicide,UNKNOWN,unknown,pesticide/herbicide,concentrate,HIGH,sec1_text_explicit,DANGER,"['acute_toxicity_oral_4', 'eye_damage_1', 'aquatic_chronic_3']",['oral'],aquatic_chronic,[],4.0,HIGH,sds_section2,agricultural/herbicide,['broadleaf weeds'],['turf'],spray,post_emergent,HIGH,product_name,2217-867,US_EPA,registered_active,False,False,sds_full,HIGH,epa_reg_found,,,"2,4-D, dimethylamine salt",multi_4_6,unknown,none,4.0,,
MIX629,F6141 EW INSECTICIDE,EW,emulsion,pesticide/insecticide,concentrate,HIGH,name_explicit,WARNING,"['acute_toxicity_oral_4', 'acute_toxicity_dermal_4', 'acute_toxicity_inhalation_4']","['oral', 'dermal', 'inhalation']",aquatic_acute,[],3.0,HIGH,sds_section2,agricultural/insecticide,['insects'],,spray,contact,HIGH,ingredient_inference,71532-15-91026,US_EPA,registered_active,False,False,sds_full,HIGH,epa_reg_found,,,"2,2-dimethylcyclopropane carboxylate",ternary,unknown,none,3.0,,
MIX63,BAS 620 H,UNKNOWN,liquid,research_compound,unknown,LOW,pattern_inferred,UNKNOWN,[],['none_identified'],unknown,[],0.0,LOW,no_basis,study/acute_dermal,,,unknown,unknown,HIGH,source_filename,,RESEARCH_ONLY,not_registered,False,False,sds_full,HIGH,source_filename,,,Cyclohexane,single,unknown,none,1.0,,
MIX630,F6141 EW,EW,unknown,pharmaceutical,unknown,MEDIUM,name_explicit,NONE,[],['none_identified'],none,[],1.0,HIGH,sds_section2,research/cancer_study,,,unknown,unknown,HIGH,source_text,,RESEARCH_ONLY,not_registered,False,False,sds_full,HIGH,source_filename,,,,single,unknown,none,1.0,,
MIX631,DPX-E9636-38,UNKNOWN,liquid,industrial_chemical,concentrate,MEDIUM,sec1_text_inferred,DANGER,"['flammable_liquid_3', 'acute_toxicity_inhalation_4', 'acute_toxicity_dermal_4', 'skin_irritation_2', 'eye_irritation_2', 'stot_single_3', 'stot_repeated_2', 'aspiration_hazard_1', 'reproductive_toxicity_1B', 'aquatic_acute_1']","['inhalation', 'dermal']",aquatic_acute,"['H226', 'H332', 'H312', 'H315', 'H319', 'H335', 'H373', 'H304', 'H360Df', 'H400']",5.0,HIGH,sds_section2,study/skin_irritation_human,,,unknown,unknown,HIGH,source_filename,,EU_REACH,not_registered,False,True,sds_full,HIGH,reach_text,20.0,80.0,Dibutyl Phthalate,multi_4_6,medium,partial,4.0,,
MIX632,Flufenpyr-Ethyl-S-3153 WDG/Atrazine Premix,WDG,granule,pesticide/herbicide,concentrate,HIGH,name_explicit,UNKNOWN,[],['none_identified'],unknown,[],0.0,LOW,no_basis,agricultural/herbicide,['weeds'],,spray,unknown,MEDIUM,source_text,,UNKNOWN,unknown,False,False,unknown,LOW,no_basis,,,Flufenpyr-Ethyl,binary,unknown,none,2.0,,
MIX633,Flumethrin(87.9),UNKNOWN,unknown,pesticide/insecticide,concentrate,LOW,pattern_inferred,UNKNOWN,[],['none_identified'],unknown,[],0.0,LOW,no_basis,veterinary,"['ticks', 'mites']",,topical,contact,HIGH,ingredient_inference,,UNKNOWN,unknown,False,False,sds_partial,LOW,no_basis,87.9,12.1,Flumethrin,unknown,very_high,approximate,1.0,,
MIX634,Flumethrin(95.1),UNKNOWN,unknown,pesticide/insecticide,concentrate,LOW,pattern_inferred,UNKNOWN,[],['none_identified'],unknown,[],0.0,LOW,no_basis,veterinary,"['ticks', 'mites']",,topical,contact,HIGH,ingredient_inference,,UNKNOWN,unknown,False,False,sds_partial,LOW,no_basis,95.1,4.9,Flumethrin,unknown,very_high,approximate,1.0,,
MIX635,Flufenpyr-Ethyl-S-3153 Acid-4-OH,UNKNOWN,unknown,pesticide/herbicide,unknown,LOW,pattern_inferred,UNKNOWN,[],['none_identified'],unknown,[],0.0,LOW,no_basis,agricultural/herbicide,['weeds'],,unknown,unknown,MEDIUM,source_text,,UNKNOWN,unknown,False,False,unknown,LOW,no_basis,,,Flufenpyr-Ethyl-S-3153 Acid-4-OH,unknown,unknown,none,1.0,,
MIX636,GA 6-Weed to Grass Killer Ready-to-Use,RTU,liquid,pesticide/herbicide,ready-to-use,HIGH,name_explicit,UNKNOWN,[],['none_identified'],unknown,[],0.0,LOW,snippet_keywords,agricultural/herbicide,"['weeds', 'grasses']","['residential', 'commercial']",spray,contact,HIGH,product_name,,UNKNOWN,unknown,False,False,sds_partial,LOW,no_basis,2.3,97.7,Diquat dibromide,single,low,partial,1.0,,
MIX637,Fontelis Fungicide,UNKNOWN,unknown,pesticide/fungicide,concentrate,HIGH,name_explicit,UNKNOWN,[],['none_identified'],unknown,[],0.0,LOW,no_basis,agricultural/fungicide,['fungi'],,spray,preventive,HIGH,product_name,,UNKNOWN,unknown,False,False,sds_full,MEDIUM,no_basis,20.4,79.6,Penthiopyrad,binary,medium,exact,2.0,,
MIX638,Gharda Permethrin (95.3),UNKNOWN,unknown,pesticide/insecticide,concentrate,LOW,pattern_inferred,UNKNOWN,[],['none_identified'],unknown,[],0.0,LOW,no_basis,agricultural/insecticide,['insects'],,spray,contact,HIGH,ingredient_inference,,UNKNOWN,unknown,False,False,sds_partial,LOW,no_basis,95.3,4.7,Permethrin,unknown,very_high,approximate,1.0,,
MIX639,Gharda Permethrin (94),UNKNOWN,unknown,pesticide/insecticide,concentrate,LOW,pattern_inferred,UNKNOWN,[],['none_identified'],unknown,[],0.0,LOW,no_basis,agricultural/insecticide,['insects'],,spray,contact,HIGH,ingredient_inference,,UNKNOWN,unknown,False,False,sds_partial,LOW,no_basis,94.0,6.0,Permethrin,unknown,very_high,approximate,1.0,,
MIX64,Bispyribac-sodium,UNKNOWN,unknown,pesticide/herbicide,unknown,LOW,pattern_inferred,UNKNOWN,[],['none_identified'],unknown,[],0.0,LOW,no_basis,study/skin_irritation_human,,,unknown,unknown,HIGH,source_filename,,RESEARCH_ONLY,not_registered,False,False,sds_full,HIGH,source_filename,,,Bispyribac-sodium,single,unknown,none,1.0,,
MIX640,"Imidacloprid + Tau-fluvalinate + Tebuconazole Ready-to-Use Insecticide, Miticide to Fungicide",RTU,liquid,pesticide/fungicide,ready-to-use,HIGH,name_explicit,WARNING,"['acute_toxicity_oral_4', 'reproductive_toxicity_2']",['oral'],unknown,[],4.0,HIGH,sds_section2,agricultural/insecticide,"['insects', 'mites', 'fungi']",,spray,systemic,HIGH,product_name,83529-11,US_EPA,registered_active,False,False,sds_full,HIGH,epa_reg_found,,,Imidacloprid,multi_4_6,unknown,none,4.0,,
MIX641,Lannate LV,SP,powder,pesticide/insecticide,concentrate,HIGH,sec1_text_explicit,DANGER,"['acute_toxicity_oral_2', 'acute_toxicity_inhalation_2', 'carcinogenicity_2']","['oral', 'inhalation']",unknown,[],5.0,HIGH,sds_section2,agricultural/insecticide,['insects'],,spray,contact,HIGH,ingredient_inference,,UNKNOWN,unknown,False,False,sds_full,MEDIUM,no_basis,,,Methomyl,unknown,unknown,none,1.0,,
MIX642,lsobutyric Acid Hydrazide,UNKNOWN,unknown,industrial_chemical,unknown,LOW,no_basis,WARNING,"['eye_irritation_2', 'skin_irritation_2', 'stot_single_3']",['none_identified'],none,"['H319', 'H315', 'H335']",2.0,HIGH,sds_section2,unknown,,,unknown,unknown,LOW,no_basis,,UK_REACH,not_registered,False,True,sds_full,HIGH,reach_text,,,Butyrohydrazide,single,unknown,none,1.0,,
MIX643,Magnate 75 SG (75.25),SG,granule,pesticide/fungicide,concentrate,HIGH,name_explicit,UNKNOWN,[],['none_identified'],unknown,[],0.0,LOW,no_basis,agricultural/fungicide,['fungi'],,spray,unknown,MEDIUM,product_name,,UNKNOWN,unknown,False,False,unknown,LOW,no_basis,75.25,24.75,,unknown,very_high,approximate,1.0,,
MIX644,Metalaxyl,UNKNOWN,unknown,pesticide/fungicide,unknown,LOW,pattern_inferred,UNKNOWN,[],['none_identified'],unknown,[],0.0,LOW,no_basis,agricultural/fungicide,['fungi'],,spray,systemic,HIGH,ingredient_inference,,UNKNOWN,unknown,False,False,sds_partial,LOW,no_basis,,,Metalaxyl,unknown,unknown,none,1.0,,
MIX645,Metarex 4% Snail to Slug Bait,UNKNOWN,granule,pesticide/other,ready-to-use,HIGH,sec1_text_explicit,CAUTION,[],['none_identified'],none,[],1.0,HIGH,sds_section2,agricultural/other,"['snails', 'slugs']",,bait,contact,HIGH,product_name,7173-257,US_EPA,registered_active,False,False,sds_full,HIGH,epa_reg_found,4.0,96.0,Metaldehyde,unknown,low,approximate,1.0,,
MIX646,Metsulfuron Methyl 75XP,WP,powder,pesticide/herbicide,concentrate,HIGH,name_explicit,UNKNOWN,[],['none_identified'],unknown,[],0.0,LOW,no_basis,agricultural/herbicide,['weeds'],,spray,systemic,HIGH,ingredient_inference,,UNKNOWN,unknown,False,False,sds_partial,LOW,no_basis,75.0,25.0,Metsulfuron-methyl,unknown,very_high,approximate,1.0,,
MIX647,Mixture of hydantoins,UNKNOWN,unknown,industrial_chemical,unknown,LOW,no_basis,UNKNOWN,[],['none_identified'],unknown,[],0.0,LOW,no_basis,study/skin_irritation_human,,,unknown,unknown,HIGH,source_filename,,EU_REACH,not_registered,False,True,sds_full,HIGH,reach_text,100.0,0.0,Hydantoin,binary,very_high,exact,2.0,,
MIX648,Optiguard Cockroach Bait,UNKNOWN,unknown,pesticide/insecticide,ready-to-use,MEDIUM,name_explicit,NONE,[],['none_identified'],none,[],1.0,HIGH,sds_section2,public_health/insect_repellent,['cockroaches'],,bait,contact,HIGH,product_name,,UNKNOWN,unknown,True,,sds_partial,LOW,active_ingredient_section_found,,,Emamectin Benzoate,unknown,unknown,none,1.0,,
MIX649,Optiguard Liquid Ant Bait,UNKNOWN,liquid,pesticide/insecticide,ready-to-use,MEDIUM,name_explicit,NONE,[],['none_identified'],none,[],1.0,HIGH,sds_section2,public_health/insect_repellent,['ants'],,bait,contact,HIGH,product_name,,UNKNOWN,unknown,False,,sds_partial,LOW,composition_section_only,,,Thiamethoxam,unknown,unknown,none,1.0,,
MIX65,Bonide Cyper WSP Insecticide,WP,powder,pesticide/insecticide,concentrate,HIGH,name_explicit,UNKNOWN,[],[],unknown,[],0.0,LOW,no_basis,agricultural/insecticide,,,spray,contact,HIGH,product_name,,UNKNOWN,unknown,False,,sds_partial,LOW,composition_section_only,40.0,60.0,Cypermethrin,binary,high,partial,2.0,,
MIX650,Orthophenylphenol/Sodium Orthophenylphenate,UNKNOWN,unknown,cleaning_disinfectant,concentrate,MEDIUM,pattern_inferred,UNKNOWN,[],[],terrestrial,[],2.0,MEDIUM,snippet_keywords,public_health/disinfectant,,,unknown,unknown,MEDIUM,ingredient_inference,,UNKNOWN,unknown,False,,product_page,LOW,composition_section_only,2.0,98.0,Phenylphenol,single,ultra_low,approximate,1.0,,
MIX651,Pen 240FS,FS,suspension,pesticide/fungicide,concentrate,HIGH,name_explicit,UNKNOWN,[],[],unknown,[],0.0,LOW,no_basis,agricultural/seed_treatment,['fungi'],,seed_treatment,systemic,HIGH,product_name,,UNKNOWN,unknown,False,,sds_partial,LOW,composition_section_only,21.7,78.3,Myclobutanil,binary,medium,partial,2.0,,
MIX652,Prequel Herbicide,UNKNOWN,unknown,pesticide/herbicide,unknown,MEDIUM,name_explicit,UNKNOWN,[],[],unknown,[],0.0,LOW,no_basis,agricultural/herbicide,['weeds'],,spray,contact,HIGH,product_name,,UNKNOWN,unknown,,,unknown,LOW,no_basis,33.14,66.86,Calcium salts of long chain fatty acid,unknown,high,partial,1.0,,
MIX653,Prosper T400 Insecticide to Fungicide,SC,suspension,pesticide/fungicide,concentrate,HIGH,sec_formulation_code,WARNING,"['acute_toxicity_inhalation_4', 'reproductive_toxicity_2']",['inhalation'],unknown,[],3.0,HIGH,sds_section2,agricultural/fungicide,['fungi'],,spray,systemic,HIGH,product_name,264-1209,US_EPA,registered_active,False,,sds_full,HIGH,epa_reg_found,,,Prothioconazole,ternary,unknown,none,3.0,,
MIX654,Pursuit,UNKNOWN,liquid,pesticide/herbicide,concentrate,MEDIUM,pattern_inferred,UNKNOWN,[],[],unknown,[],0.0,LOW,no_basis,agricultural/herbicide,['weeds'],,spray,systemic,MEDIUM,product_name,,UNKNOWN,unknown,False,,sds_partial,LOW,composition_section_only,,,Propylene Glycol,binary,medium,approximate,2.0,,
MIX655,Raxil MD Extra,UNKNOWN,unknown,pesticide/fungicide,concentrate,MEDIUM,evidence_snippet,WARNING,"['eye_irritation_2A', 'acute_toxicity_inhalation_4', 'reproductive_toxicity_2']",['inhalation'],unknown,[],3.0,HIGH,sds_section2,agricultural/seed_treatment,['fungi'],,seed_treatment,systemic,HIGH,source_text,264-1072,US_EPA,registered_active,False,,sds_full,HIGH,epa_reg_found,,,Tebuconazole,multi_4_6,unknown,none,4.0,,
MIX656,Sargeant's Spot-On for Cats,UNKNOWN,unknown,pesticide/insecticide,ready-to-use,MEDIUM,evidence_snippet,UNKNOWN,[],[],unknown,[],0.0,LOW,no_basis,veterinary,"['fleas', 'ticks']",['cats'],topical,contact,HIGH,product_name,,UNKNOWN,unknown,,,sds_partial,LOW,pmra_registration_found,,,Propoxur,single,unknown,none,1.0,,
MIX657,Secure,UNKNOWN,unknown,pesticide/insecticide,unknown,LOW,name_explicit,WARNING,"['skin_irritation_2', 'skin_sensitization_1B', 'eye_irritation_2B']",['dermal'],unknown,[],2.0,HIGH,sds_section2,agricultural/fungicide,['fungi'],,spray,contact,MEDIUM,ingredient_inference,,UNKNOWN,unknown,False,,sds_partial,LOW,composition_section_only,,,Fluazinam,unknown,unknown,none,1.0,,
MIX658,"Storicide II Grain, Bin to Warehouse Insecticide",UNKNOWN,unknown,pesticide/insecticide,unknown,MEDIUM,name_explicit,DANGER,"['flammable_liquid_4', 'acute_toxicity_4', 'skin_corrosion_1', 'carcinogenicity_2', 'stot_single_3', 'aquatic_chronic_2', 'aquatic_acute_2']",['inhalation'],both,"['H227', 'H319', 'H315', 'H332', 'H304', 'H336', 'H335', 'H351', 'H401', 'H411']",5.0,HIGH,sds_section2,agricultural/insecticide,['grain pests'],"['grain storage', 'warehouse']",spray,residual,HIGH,product_name,,UNKNOWN,unknown,False,,sds_partial,LOW,composition_section_only,,,sethoxydim,multi_7p,unknown,none,5.0,,
MIX659,Touchdown Diquat Home to Garden Concentrate,UNKNOWN,liquid,pesticide/herbicide,concentrate,MEDIUM,name_explicit,NONE,[],['none_identified'],none,[],1.0,HIGH,sds_section2,agricultural/herbicide,['weeds'],"['home', 'garden']",spray,contact,HIGH,product_name,,UNKNOWN,unknown,False,,sds_partial,LOW,composition_section_only,,,Glyphosate,unknown,unknown,none,1.0,,
MIX66,BAS 650 00 F Fungicide,UNKNOWN,unknown,pesticide/fungicide,unknown,LOW,name_explicit,UNKNOWN,[],[],unknown,[],0.0,LOW,no_basis,agricultural/fungicide,['fungi'],,spray,unknown,MEDIUM,product_name,,UNKNOWN,unknown,,,unknown,LOW,no_basis,,,,unknown,unknown,none,1.0,,
MIX660,TC 25,UNKNOWN,powder,industrial_chemical,unknown,MEDIUM,evidence_snippet,DANGER,"['skin_corrosion_1B', 'eye_damage_2A', 'respiratory_sensitization_1B', 'carcinogenicity_1', 'stot_repeated_1']",['inhalation'],none,"['H314', 'H317', 'H319', 'H334', 'H350', 'H372']",5.0,HIGH,sds_section2,industrial/chemical,,,unknown,unknown,LOW,source_text,,UNKNOWN,unknown,False,,sds_partial,LOW,composition_section_only,40.0,60.0,Silica,single,high,exact,1.0,,
MIX661,Accent Q Herbicide,UNKNOWN,unknown,pesticide/herbicide,concentrate,MEDIUM,name_explicit,NONE,[],['none_identified'],none,[],1.0,HIGH,sds_section2,agricultural/herbicide,['weeds'],,spray,post_emergent,HIGH,product_name,,UNKNOWN,unknown,False,,sds_partial,LOW,composition_section_only,,,Nicosulfuron,multi_7p,unknown,none,5.0,,
MIX662,Acetochlor 3.1 + ATZ 2.5,EC,liquid,pesticide/herbicide,concentrate,HIGH,sec_formulation_code,WARNING,"['eye_irritation_2B', 'skin_sensitization_1']",['dermal'],unknown,[],2.0,HIGH,sds_section2,agricultural/herbicide,['weeds'],,spray,pre_emergent,HIGH,ingredient_inference,,UNKNOWN,unknown,False,,sds_partial,LOW,composition_section_only,75.9,24.1,Acetochlor,binary,very_high,partial,2.0,,
MIX663,Acticide CBM 2,UNKNOWN,unknown,industrial_chemical,unknown,MEDIUM,evidence_snippet,WARNING,"['metal_corrosion_1', 'eye_damage_1', 'aquatic_acute_1', 'aquatic_chronic_2', 'skin_sensitization_1']",[],both,"['H290', 'H318', 'H400', 'H411', 'H315', 'H317']",3.0,HIGH,sds_section2,industrial/chemical,"['bacteria', 'fungi']",,unknown,unknown,MEDIUM,product_name,,EU_BPR,unknown,False,True,sds_full,MEDIUM,reach_text,,,Bronopol,binary,unknown,none,2.0,,
MIX664,Aqucar GA 23 SB Water Treatment Microbiocide,UNKNOWN,liquid,industrial_chemical,concentrate,MEDIUM,evidence_snippet,DANGER,"['metal_corrosion_1', 'acute_toxicity_oral_4', 'skin_corrosion_1']",['oral'],unknown,[],4.0,HIGH,sds_section2,industrial/chemical,['bacteria'],['water treatment'],unknown,unknown,HIGH,product_name,,UNKNOWN,unknown,False,,sds_partial,LOW,composition_section_only,,,"2,2-Dibromo-3-nitrilopropionamide",ternary,unknown,none,3.0,,
MIX665,BAS 500 F Crystalline,UNKNOWN,powder,pesticide/fungicide,unknown,LOW,name_explicit,UNKNOWN,[],[],unknown,[],0.0,LOW,no_basis,agricultural/fungicide,['fungi'],,unknown,unknown,MEDIUM,product_name,,UNKNOWN,unknown,,,unknown,LOW,no_basis,,,,unknown,unknown,none,1.0,,
MIX666,Bifenthrin 0.073 Insecticide with X-X-X Fertilizer,UNKNOWN,granule,pesticide/insecticide,ready-to-use,MEDIUM,pattern_inferred,UNKNOWN,[],[],unknown,[],0.0,LOW,no_basis,agricultural/insecticide,,['turf'],spray,contact,HIGH,product_name,,UNKNOWN,unknown,False,,sds_partial,LOW,composition_section_only,7.9,92.1,Bifenthrin,single,low,exact,1.0,,
MIX667,Bifenthrin 0.073 RU Insecticide with X-X-X Fertilizer,RTU,granule,pesticide/insecticide,ready-to-use,HIGH,name_explicit,UNKNOWN,[],[],unknown,[],0.0,LOW,no_basis,agricultural/insecticide,,['turf'],spray,contact,HIGH,product_name,,UNKNOWN,unknown,False,,sds_partial,LOW,composition_section_only,7.9,92.1,Bifenthrin,single,low,exact,1.0,,
MIX668,Bifenthrin 0.083 Insecticide with X-X-X Fertilizer,UNKNOWN,granule,pesticide/insecticide,ready-to-use,MEDIUM,pattern_inferred,UNKNOWN,[],[],unknown,[],0.0,LOW,no_basis,agricultural/insecticide,,['turf'],spray,contact,HIGH,product_name,,UNKNOWN,unknown,False,,sds_partial,LOW,composition_section_only,7.9,92.1,Bifenthrin,single,low,exact,1.0,,
MIX669,Bifenthrin 0.069 Insecticide With X-X-X Fertilizer,UNKNOWN,granule,pesticide/insecticide,ready-to-use,MEDIUM,pattern_inferred,UNKNOWN,[],[],unknown,[],0.0,LOW,no_basis,agricultural/insecticide,,['turf'],spray,contact,HIGH,product_name,,UNKNOWN,unknown,,,unknown,LOW,no_basis,,,Bifenthrin,single,low,none,1.0,,
MIX67,Bonide Spinosad Dust,UNKNOWN,powder,pesticide/insecticide,ready-to-use,MEDIUM,name_explicit,NONE,[],['none_identified'],none,[],1.0,HIGH,sds_section2,agricultural/insecticide,,,spray,contact,HIGH,product_name,,UNKNOWN,unknown,False,,sds_partial,LOW,composition_section_only,,,Spinosad,single,unknown,none,1.0,,
MIX670,Bifenthrin 0.069 RU Insecticide With X-X-X Fertilizer,RU,liquid,pesticide/insecticide,ready-to-use,HIGH,name_explicit,DANGER,"['acute_toxicity_oral_2', 'acute_toxicity_inhalation_4', 'skin_sensitization_1B', 'carcinogenicity_2', 'stot_repeated_1', 'aquatic_acute_1', 'aquatic_chronic_1']","['oral', 'inhalation']",both,"['H300', 'H332', 'H317', 'H351', 'H372', 'H400', 'H410']",5.0,HIGH,sds_section2,agricultural/insecticide,,,unknown,unknown,HIGH,"product_name, ingredient_inference",89442-24,US_EPA,registered_active,True,False,sds_full,HIGH,epa_reg_found,,,Bifenthrin,single,unknown,none,1.0,LOW,name_inference
MIX671,Bug Stomper II,UNKNOWN,unknown,pesticide/insecticide,unknown,LOW,pattern_inferred,UNKNOWN,[],['none_identified'],unknown,[],0.0,LOW,no_basis,agricultural/insecticide,,,unknown,contact,HIGH,"product_name, ingredient_inference",,UNKNOWN,unknown,,,unknown,LOW,no_basis,0.55,99.45,Permethrin,single,ultra_low,approximate,1.0,MEDIUM,workbook_pct
MIX672,Calypso 4F,UNKNOWN,liquid,pesticide/insecticide,concentrate,MEDIUM,name_explicit,UNKNOWN,[],['none_identified'],unknown,[],0.0,LOW,no_basis,agricultural/insecticide,['terrestrial invertebrates'],,unknown,unknown,MEDIUM,source_text,,UNKNOWN,unknown,,,sds_partial,LOW,source_filename,,,,unknown,unknown,none,0.0,LOW,no_basis
MIX673,Bravo 500,UNKNOWN,unknown,pesticide/fungicide,concentrate,MEDIUM,pattern_inferred,WARNING,"['acute_toxicity_inhalation_4', 'eye_irritation_2', 'skin_sensitization_1', 'respiratory_irritation_3']",['inhalation'],unknown,"['H332', 'H319', 'H317', 'H335']",3.0,MEDIUM,snippet_keywords,agricultural/fungicide,['fungi'],,unknown,preventive,HIGH,"product_name, ingredient_inference",,UNKNOWN,unknown,False,False,sds_partial,MEDIUM,source_filename,,,chlorothalonil,unknown,unknown,none,0.0,LOW,source_text
MIX674,Bravo Zn,UNKNOWN,unknown,pesticide/fungicide,concentrate,MEDIUM,pattern_inferred,WARNING,"['acute_toxicity_inhalation_4', 'skin_sensitization_1B', 'eye_irritation_2A', 'respiratory_irritation_3', 'carcinogenicity_2']",['inhalation'],unknown,"['H332', 'H317', 'H319', 'H335', 'H351']",3.0,HIGH,sds_section2,agricultural/fungicide,['fungi'],,unknown,preventive,HIGH,"product_name, ingredient_inference",,UNKNOWN,unknown,False,False,sds_partial,MEDIUM,source_filename,44.5,55.5,Chlorothalonil,binary,medium,exact,2.0,HIGH,workbook_pct
MIX675,Charger,UNKNOWN,liquid,pesticide/herbicide,concentrate,MEDIUM,pattern_inferred,DANGER,"['acute_toxicity_inhalation_4', 'skin_sensitization_1B', 'stot_repeated_2', 'respiratory_irritation_3', 'eye_irritation_2B', 'carcinogenicity_2']",['inhalation'],unknown,"['H332', 'H317', 'H373', 'H335', 'H320', 'H351']",4.0,HIGH,sds_section2,agricultural/herbicide,['weeds'],,unknown,pre_emergent,HIGH,ingredient_inference,,UNKNOWN,unknown,False,False,sds_partial,MEDIUM,source_filename,,,S-Metolachlor,unknown,unknown,none,0.0,LOW,source_text
MIX676,Chlorothalonil 825 MUP,UNKNOWN,unknown,pesticide/fungicide,concentrate,MEDIUM,pattern_inferred,UNKNOWN,[],['none_identified'],aquatic_chronic,['H410'],2.0,MEDIUM,snippet_keywords,agricultural/fungicide,['fungi'],,unknown,preventive,HIGH,"product_name, ingredient_inference",,UNKNOWN,unknown,False,False,sds_partial,MEDIUM,source_filename,,,Chlorothalonil,single,unknown,none,1.0,LOW,name_inference
MIX677,Chlorothalonil FB,UNKNOWN,unknown,pesticide/fungicide,concentrate,MEDIUM,pattern_inferred,UNKNOWN,[],['none_identified'],unknown,[],0.0,LOW,no_basis,agricultural/fungicide,['fungi'],,unknown,preventive,HIGH,"product_name, ingredient_inference",,UNKNOWN,unknown,False,False,sds_partial,MEDIUM,source_filename,82.5,17.5,Chlorothalonil,single,very_high,exact,1.0,HIGH,workbook_pct
MIX678,Cloak Ex Bulk Product,UNKNOWN,liquid,pesticide/herbicide,concentrate,HIGH,evidence_snippet,WARNING,"['eye_irritation_2A', 'carcinogenicity_2', 'aquatic_acute_1', 'aquatic_chronic_1']",['none_identified'],both,"['H319', 'H351', 'H400', 'H410']",4.0,HIGH,sds_section2,agricultural/herbicide,['weeds'],,unknown,pre_emergent,HIGH,"ingredient_inference, source_text",71368-83,US_EPA,registered_active,False,False,sds_full,HIGH,epa_reg_found,,,,unknown,unknown,none,0.0,LOW,no_basis
MIX679,Consus Glyphosate,UNKNOWN,liquid,pesticide/herbicide,concentrate,MEDIUM,pattern_inferred,UNKNOWN,[],['none_identified'],unknown,[],0.0,LOW,no_basis,agricultural/herbicide,"['weeds', 'grasses', 'broadleaf']",,spray,post_emergent,HIGH,"product_name, ingredient_inference",,RESEARCH_ONLY,not_registered,,,chemblink_sigma,HIGH,source_filename,,,Glyphosate,unknown,unknown,none,0.0,LOW,name_inference
MIX68,BAS 670 336SC Herbicide,SC,suspension,pesticide/herbicide,concentrate,HIGH,name_explicit,UNKNOWN,[],['none_identified'],unknown,[],0.0,LOW,no_basis,agricultural/herbicide,['weeds'],,unknown,unknown,HIGH,"product_name, ingredient_inference",,UNKNOWN,unknown,False,False,sds_full,MEDIUM,source_filename,29.8,70.2,Topramezone technical,multi_4_6,medium,approximate,4.0,MEDIUM,workbook_pct
MIX680,Countdown L&G,UNKNOWN,liquid,pesticide/herbicide,concentrate,MEDIUM,pattern_inferred,DANGER,"['skin_sensitization_1', 'respiratory_irritation_3', 'carcinogenicity_1B', 'stot_repeated_2', 'aquatic_acute_1', 'aquatic_chronic_1']",['inhalation'],both,"['H317', 'H335', 'H350', 'H373', 'H400', 'H410']",5.0,HIGH,sds_section2,unknown,,,unknown,unknown,LOW,no_basis,,UNKNOWN,unknown,False,False,sds_partial,LOW,no_basis,,,,unknown,unknown,none,0.0,LOW,no_basis
MIX681,Cypermethrin(95%),UNKNOWN,unknown,pesticide/insecticide,concentrate,HIGH,evidence_snippet,WARNING,['respiratory_irritation_3'],['inhalation'],unknown,['H335'],2.0,MEDIUM,sds_section2,agricultural/insecticide,,,unknown,contact,HIGH,ingredient_inference,,RESEARCH_ONLY,not_registered,False,False,chemblink_sigma,HIGH,source_filename,,,Cypermethrin,unknown,very_high,none,0.0,MEDIUM,name_inference
MIX682,Daconil 2787 Flowable Fungicide,WP,powder,pesticide/fungicide,concentrate,HIGH,evidence_snippet,WARNING,['carcinogenicity_2'],['none_identified'],unknown,['H351'],3.0,MEDIUM,sds_section2,agricultural/fungicide,['fungi'],,spray,preventive,HIGH,"product_name, ingredient_inference, source_text",,UNKNOWN,unknown,True,False,sds_partial,MEDIUM,source_filename,50.0,50.0,Tetrachloroisophthalonitrile,single,medium,exact,1.0,HIGH,source_text
MIX683,Daconil Zn Flowable Fungicide,UNKNOWN,liquid,pesticide/fungicide,concentrate,MEDIUM,evidence_snippet,WARNING,"['skin_irritation_2', 'skin_sensitization_1', 'acute_toxicity_inhalation_2', 'respiratory_irritation_3', 'carcinogenicity_2', 'stot_repeated_2']",['inhalation'],unknown,"['H315', 'H317', 'H330', 'H335', 'H351', 'H373']",5.0,HIGH,sds_section2,agricultural/fungicide,['fungi'],,spray,preventive,HIGH,"product_name, ingredient_inference",,UNKNOWN,unknown,False,False,sds_partial,MEDIUM,source_filename,6.0,94.0,Zinc Oxide,single,low,exact,1.0,HIGH,workbook_pct
MIX684,Chemsico Pesticide Concentrate WI-S,UNKNOWN,liquid,pesticide/other,concentrate,MEDIUM,name_explicit,DANGER,"['flammable_liquid_3', 'skin_corrosion_1', 'eye_damage_1', 'stot_single_3']","['inhalation', 'dermal']",unknown,"['H226', 'H314', 'H318', 'H336']",4.0,MEDIUM,snippet_keywords,agricultural/other,,,unknown,unknown,MEDIUM,product_name,,UNKNOWN,unknown,False,False,sds_partial,LOW,source_filename,,,ACETIC ACID,single,unknown,none,1.0,LOW,source_text
MIX685,Chemsico Pesticide Granules WI-S,GR,granule,pesticide/other,ready-to-use,HIGH,name_explicit,DANGER,"['flammable_liquid_3', 'skin_corrosion_1', 'eye_damage_1', 'stot_single_3']","['inhalation', 'dermal']",unknown,"['H226', 'H314', 'H318', 'H336']",4.0,MEDIUM,snippet_keywords,agricultural/other,,,unknown,unknown,MEDIUM,product_name,,UNKNOWN,unknown,False,False,sds_partial,LOW,source_filename,,,ACETIC ACID,single,unknown,none,1.0,LOW,source_text
MIX686,Disarm G Fungicide,GR,granule,pesticide/fungicide,ready-to-use,HIGH,name_explicit,WARNING,['eye_irritation_2B'],['none_identified'],aquatic_acute,"['H320', 'H401']",2.0,MEDIUM,sds_section2,agricultural/fungicide,['fungi'],,unknown,preventive,HIGH,"product_name, source_text",70506-424,US_EPA,registered_active,False,False,sds_full,HIGH,epa_reg_found,,,Fluoxastrobin,unknown,unknown,none,0.0,LOW,source_text
MIX687,Echo 825,UNKNOWN,unknown,pesticide/fungicide,concentrate,MEDIUM,pattern_inferred,UNKNOWN,[],['none_identified'],unknown,[],0.0,LOW,no_basis,agricultural/fungicide,['fungi'],,unknown,preventive,HIGH,product_name,,UNKNOWN,unknown,,,unknown,LOW,no_basis,,,Calcium Carbonate,single,unknown,none,1.0,LOW,source_text
MIX688,EH-1480 Herbicide,UNKNOWN,liquid,pesticide/herbicide,concentrate,HIGH,evidence_snippet,WARNING,['acute_toxicity_inhalation_4'],['inhalation'],unknown,['H332'],2.0,MEDIUM,sds_section2,agricultural/herbicide,"['weeds', 'grasses', 'broadleaf']",,spray,post_emergent,HIGH,"product_name, ingredient_inference",524-579,US_EPA,registered_active,False,False,sds_full,HIGH,epa_reg_found,,,glyphosate,unknown,unknown,none,0.0,LOW,source_text
MIX689,Ethofumesate(97.7%),UNKNOWN,unknown,pesticide/herbicide,concentrate,MEDIUM,pattern_inferred,WARNING,['acute_toxicity_dermal_4'],['dermal'],aquatic_acute,"['H312', 'H401']",2.0,MEDIUM,snippet_keywords,agricultural/herbicide,['weeds'],,unknown,unknown,HIGH,ingredient_inference,,UNKNOWN,unknown,False,False,sds_partial,MEDIUM,source_filename,,,Ethofumesate,binary,unknown,none,2.0,LOW,source_text
MIX69,Boscalid,UNKNOWN,unknown,pesticide/fungicide,unknown,LOW,no_basis,UNKNOWN,[],['none_identified'],unknown,[],0.0,LOW,no_basis,agricultural/fungicide,['fungi'],,unknown,systemic,HIGH,ingredient_inference,,RESEARCH_ONLY,not_registered,,,chemblink_sigma,HIGH,source_filename,,,Boscalid,single,unknown,none,1.0,LOW,name_inference
MIX690,Fipronil,UNKNOWN,unknown,pesticide/insecticide,unknown,MEDIUM,pattern_inferred,UNKNOWN,[],['none_identified'],unknown,[],0.0,LOW,no_basis,agricultural/insecticide,"['termites', 'ants', 'beetles']",,unknown,systemic,HIGH,ingredient_inference,,RESEARCH_ONLY,not_registered,False,False,chemblink_sigma,HIGH,source_filename,,,Fipronil,single,unknown,none,1.0,LOW,name_inference
MIX691,FujiMite 5 EC Miticide/Insecticide,SC,suspension,pesticide/insecticide,concentrate,HIGH,evidence_snippet,WARNING,"['eye_irritation_2A', 'acute_toxicity_inhalation_4']",['inhalation'],unknown,"['H319', 'H332']",2.0,MEDIUM,sds_section2,agricultural/insecticide,['mites'],,spray,contact,HIGH,"product_name, ingredient_inference",71711-4,US_EPA,registered_active,False,False,sds_full,HIGH,epa_reg_found,,,Fenpyroximate,unknown,unknown,none,0.0,LOW,source_text
MIX692,Glyphosphate (96.5),UNKNOWN,unknown,pesticide/herbicide,concentrate,MEDIUM,pattern_inferred,UNKNOWN,[],['none_identified'],unknown,[],0.0,LOW,no_basis,agricultural/herbicide,"['weeds', 'grasses', 'broadleaf']",,spray,post_emergent,HIGH,ingredient_inference,,RESEARCH_ONLY,not_registered,,,chemblink_sigma,HIGH,source_filename,,,Glyphosate,unknown,very_high,none,0.0,MEDIUM,name_inference
MIX693,GF-1593 Naturalyte Insect Control,UNKNOWN,liquid,pesticide/insecticide,concentrate,MEDIUM,evidence_snippet,WARNING,"['eye_irritation_2A', 'combustible_dust']",['none_identified'],none,[],2.0,HIGH,sds_section2,agricultural/insecticide,['insects'],,spray,contact,HIGH,product_name,,US_EPA,registered_active,False,False,sds_full,MEDIUM,source_filename,,,Spinosad,multi_4_6,unknown,none,4.0,LOW,source_text
MIX694,Glyphosphate 62% IPA Salt,UNKNOWN,liquid,pesticide/herbicide,concentrate,LOW,pattern_inferred,NONE,[],"['oral', 'dermal', 'inhalation']",unknown,[],1.0,MEDIUM,snippet_keywords,agricultural/herbicide,['weeds'],,spray,systemic,HIGH,ingredient_inference,,UNKNOWN,unknown,False,False,product_page,LOW,no_basis,62.0,38.0,Isopropylamine salt of Glyphosate,single,very_high,approximate,1.0,HIGH,name_inference
MIX695,Glyphosphate (99),UNKNOWN,powder,pesticide/herbicide,unknown,MEDIUM,evidence_snippet,DANGER,"['carcinogenicity_2', 'eye_damage_1']",['none_identified'],none,[],5.0,HIGH,sds_section2,agricultural/herbicide,['weeds'],,spray,systemic,HIGH,ingredient_inference,,RESEARCH_ONLY,not_registered,False,False,sds_full,HIGH,source_filename,99.0,1.0,Glyphosate,single,very_high,approximate,1.0,HIGH,name_inference
MIX696,GF-1983 Naturalyte Insect Control,UNKNOWN,liquid,pesticide/insecticide,concentrate,MEDIUM,evidence_snippet,CAUTION,['eye_irritation_2'],['none_identified'],aquatic_chronic,[],2.0,MEDIUM,snippet_keywords,agricultural/insecticide,"['aquatic invertebrates', 'marine mollusks', 'fish']",,spray,contact,HIGH,source_text,,US_EPA,registered_active,True,False,product_page,MEDIUM,active_ingredient_text,,,Spinosad,multi_4_6,unknown,none,4.0,LOW,source_text
MIX697,Greenclean 6% Liquid,UNKNOWN,liquid,cleaning_disinfectant,unknown,LOW,pattern_inferred,NONE,[],['none_identified'],none,[],1.0,HIGH,sds_section2,agricultural/other,,,unknown,unknown,LOW,ingredient_inference,,UNKNOWN,not_registered,False,False,sds_partial,LOW,no_basis,6.0,94.0,Tri Sodium Citrate Dihydrate,single,low,approximate,1.0,HIGH,name_inference
MIX698,Insecticide TD Granule,GR,granule,pesticide/insecticide,ready-to-use,HIGH,name_explicit,UNKNOWN,[],['none_identified'],unknown,[],0.0,LOW,no_basis,agricultural/insecticide,['insects'],,unknown,systemic,HIGH,product_name,,UNKNOWN,unknown,False,False,sds_partial,LOW,no_basis,0.22,99.78,Imidacloprid,single,ultra_low,exact,1.0,HIGH,workbook_pct
MIX699,Klean-Pik 500 SC,SC,suspension,pesticide/herbicide,concentrate,HIGH,name_explicit,NONE,[],['none_identified'],none,[],1.0,HIGH,sds_section2,agricultural/other,,,spray,unknown,MEDIUM,ingredient_inference,66222-124,US_EPA,registered_active,False,False,epa_label,HIGH,epa_reg_found,,,Thidiazuron,single,unknown,none,1.0,MEDIUM,source_text
MIX7,241-GOL Acrobat MZ WDG Fungicide,WDG,granule,pesticide/fungicide,concentrate,HIGH,name_explicit,WARNING,"['skin_sensitization_1', 'aquatic_chronic_1']",['none_identified'],aquatic_chronic,"['H317', 'H410']",3.0,MEDIUM,snippet_keywords,study/acute_dermal,,,unknown,unknown,HIGH,source_filename,,EU_REACH,registered_active,False,True,sds_full,MEDIUM,reach_text,,,dimethomorph,multi_4_6,unknown,none,4.0,LOW,source_text
MIX70,BAS 700 01 Fungicide,WDG,granule,pesticide/fungicide,concentrate,HIGH,name_explicit,DANGER,"['acute_toxicity_oral_4', 'acute_toxicity_inhalation_2', 'eye_damage_1', 'skin_sensitization_1A', 'carcinogenicity_2', 'aquatic_acute_1', 'aquatic_chronic_1']","['oral', 'inhalation']",both,"['H301', 'H302', 'H317', 'H318', 'H330', 'H351', 'H400', 'H410']",5.0,HIGH,sds_section2,study/skin_irritation_human,,,unknown,unknown,HIGH,source_filename,,EU_REACH,registered_active,False,True,sds_full,MEDIUM,reach_text,75.0,25.0,Dithianon,binary,very_high,exact,2.0,HIGH,workbook_pct
MIX700,NUP-08041 Ready-To-Use,RTU,liquid,pesticide/herbicide,ready-to-use,HIGH,name_explicit,UNKNOWN,[],['none_identified'],unknown,[],0.0,LOW,no_basis,agricultural/herbicide,['weeds'],,spray,pre_emergent,HIGH,source_text,,US_EPA,unknown,False,False,epa_label,MEDIUM,source_filename,,,indaziflam,binary,unknown,none,2.0,MEDIUM,source_text
MIX701,NEUl l 71H RTU,RTU,liquid,cleaning_disinfectant,ready-to-use,HIGH,name_explicit,NONE,[],['none_identified'],none,[],1.0,HIGH,sds_section2,public_health/disinfectant,['bacteria'],,topical,contact,MEDIUM,ingredient_inference,,UNKNOWN,not_registered,False,False,sds_full,LOW,no_basis,0.5,99.5,Benzododecinium chloride,ternary,ultra_low,approximate,3.0,MEDIUM,source_text
MIX702,NUP-12004 Herbicide,UNKNOWN,unknown,pesticide/herbicide,unknown,LOW,pattern_inferred,UNKNOWN,[],['none_identified'],unknown,[],0.0,LOW,no_basis,agricultural/herbicide,['weeds'],,unknown,unknown,HIGH,product_name,,RESEARCH_ONLY,not_registered,False,False,sds_full,HIGH,source_filename,,,Ethylene sulfite,single,unknown,none,1.0,MEDIUM,source_text
MIX703,Norm 1,UNKNOWN,unknown,unknown,unknown,LOW,no_basis,UNKNOWN,[],['none_identified'],unknown,[],0.0,LOW,no_basis,unknown,,,unknown,unknown,LOW,no_basis,,UNKNOWN,unknown,False,False,unknown,LOW,no_basis,,,,unknown,unknown,none,0.0,LOW,no_basis
MIX704,Regiment Herbicide,UNKNOWN,liquid,pesticide/herbicide,concentrate,MEDIUM,evidence_snippet,NONE,[],['none_identified'],none,[],1.0,MEDIUM,sds_section2,agricultural/herbicide,['weeds'],['rice'],spray,unknown,HIGH,source_text,59639-105,US_EPA,registered_active,False,False,epa_label,HIGH,epa_reg_found,,,Bispyribac-sodium,binary,unknown,none,2.0,LOW,source_text
MIX705,DPX-MAT28 0.05G Turf Herbicide + Fertilizer,GR,granule,pesticide/herbicide,ready-to-use,HIGH,name_explicit,UNKNOWN,[],['none_identified'],unknown,[],0.0,LOW,no_basis,agricultural/herbicide,['weeds'],"['rangeland', 'pasture', 'turf']",spray,pre_emergent,HIGH,source_text,,RESEARCH_ONLY,not_registered,False,False,unknown,MEDIUM,source_filename,0.05,99.95,DPX-MAT28,binary,ultra_low,approximate,2.0,MEDIUM,name_inference
MIX706,Safari 2 G Insecticide,GR,granule,pesticide/insecticide,ready-to-use,HIGH,name_explicit,NONE,[],['none_identified'],none,[],1.0,MEDIUM,sds_section2,agricultural/insecticide,['insects'],,unknown,systemic,HIGH,product_name,59639-149,US_EPA,registered_active,False,False,epa_label,HIGH,epa_reg_found,2.0,98.0,dinotefuran,ternary,low,approximate,3.0,MEDIUM,name_inference
MIX707,DuPont DPX-QFU31 (MP) Herbicide,UNKNOWN,liquid,pesticide/herbicide,concentrate,MEDIUM,evidence_snippet,DANGER,"['flammable_liquid_2', 'skin_sensitization_1B', 'reproductive_toxicity_2']",['none_identified'],none,[],4.0,HIGH,sds_section2,agricultural/herbicide,['weeds'],,unknown,unknown,HIGH,product_name,,UNKNOWN,unknown,False,False,sds_full,LOW,no_basis,,,DPX-QFU31,multi_4_6,unknown,none,4.0,LOW,source_text
MIX708,Safer Brand Garden Fungicide RTU II,RTU,liquid,pesticide/fungicide,ready-to-use,HIGH,name_explicit,NONE,[],['none_identified'],none,[],1.0,HIGH,sds_section2,agricultural/fungicide,['fungi'],['garden'],spray,preventive,HIGH,product_name,,UNKNOWN,not_registered,False,False,sds_full,LOW,no_basis,,,Sulphur,binary,unknown,none,2.0,MEDIUM,source_text
MIX709,Safer Garden Fungicide Ready to Use,RTU,liquid,pesticide/fungicide,ready-to-use,HIGH,name_explicit,NONE,[],['none_identified'],none,[],1.0,HIGH,sds_section2,agricultural/fungicide,['fungi'],['garden'],spray,preventive,HIGH,product_name,,UNKNOWN,not_registered,False,False,sds_full,LOW,no_basis,,,Sulphur,binary,unknown,none,2.0,MEDIUM,source_text
MIX71,Bravo Top,UNKNOWN,liquid,pesticide/fungicide,concentrate,MEDIUM,pattern_inferred,DANGER,"['skin_corrosion_1B', 'eye_damage_1', 'acute_toxicity_oral_4', 'acute_toxicity_dermal_4', 'skin_sensitization_1', 'aquatic_chronic_3']","['oral', 'dermal']",aquatic_chronic,"['H302', 'H312', 'H314', 'H317', 'H318', 'H412']",4.0,HIGH,snippet_keywords,study/skin_irritation_human,,,unknown,unknown,HIGH,source_filename,,EU_REACH,registered_active,False,True,sds_full,MEDIUM,reach_text,70.0,30.0,Isophorone diamine,multi_4_6,very_high,approximate,4.0,MEDIUM,workbook_pct
MIX710,Scholar EZ,SC,suspension,pesticide/fungicide,concentrate,HIGH,name_explicit,WARNING,"['eye_irritation_2B', 'acute_toxicity_inhalation_4']",['inhalation'],none,[],2.0,HIGH,sds_section2,agricultural/fungicide,['fungi'],,unknown,unknown,MEDIUM,ingredient_inference,,UNKNOWN,unknown,False,False,sds_partial,LOW,no_basis,,,Fludioxonil,single,unknown,none,1.0,MEDIUM,source_text
MIX711,Shelter Island Plus - White,UNKNOWN,liquid,industrial_chemical,unknown,LOW,evidence_snippet,DANGER,"['flammable_liquid_3', 'skin_corrosion_1', 'eye_damage_1']","['inhalation', 'dermal']",none,[],4.0,MEDIUM,sds_section2,industrial/chemical,,,unknown,unknown,LOW,source_text,,UNKNOWN,unknown,False,False,sds_partial,LOW,no_basis,,,ACETIC ACID,binary,unknown,none,2.0,LOW,source_text
MIX712,Steadfast Q Herbicide,WG,granule,pesticide/herbicide,concentrate,HIGH,name_explicit,WARNING,['eye_irritation_2B'],['none_identified'],none,[],2.0,HIGH,sds_section2,agricultural/herbicide,['weeds'],,spray,post_emergent,HIGH,product_name,,UNKNOWN,unknown,False,False,sds_full,LOW,no_basis,,,Rimsulfuron,multi_7p,unknown,none,5.0,LOW,source_text
MIX713,Solida Grande Herbicide,UNKNOWN,liquid,pesticide/herbicide,concentrate,MEDIUM,evidence_snippet,WARNING,"['flammable_liquid_4', 'acute_toxicity_oral_4', 'skin_irritation_2', 'skin_sensitization_1', 'eye_irritation_2', 'stot_single_3', 'aquatic_chronic_1']",['oral'],aquatic_chronic,"['H227', 'H302', 'H315', 'H317', 'H320', 'H335', 'H410']",3.0,HIGH,sds_section2,agricultural/herbicide,['weeds'],,spray,pre_emergent,HIGH,source_text,,UNKNOWN,unknown,False,False,sds_full,LOW,no_basis,,,Pendimethalin,single,unknown,none,1.0,MEDIUM,source_text
MIX714,Tebuconazole Fungicide(93.4%),UNKNOWN,liquid,pesticide/fungicide,concentrate,MEDIUM,pattern_inferred,CAUTION,"['reproductive_toxicity_2', 'aquatic_chronic_2']",['none_identified'],aquatic_chronic,[],3.0,MEDIUM,sds_section2,agricultural/fungicide,['fungi'],,spray,systemic,HIGH,ingredient_inference,,UNKNOWN,unknown,False,False,sds_full,LOW,no_basis,39.5,60.5,Tebuconazole,binary,medium,exact,2.0,HIGH,workbook_pct
MIX715,Texan Glyphosate,UNKNOWN,unknown,pesticide/herbicide,unknown,LOW,pattern_inferred,UNKNOWN,[],[],unknown,[],0.0,LOW,no_basis,agricultural/herbicide,,,unknown,unknown,MEDIUM,product_name,,RESEARCH_ONLY,not_registered,,,sds_full,HIGH,source_filename,,,,unknown,unknown,none,1.0,LOW,no_basis
MIX716,Thidiazuron 4 SC,SC,suspension,pesticide/other,concentrate,HIGH,name_explicit,WARNING,"['acute_toxicity_oral_4', 'acute_toxicity_inhalation_4', 'skin_irritation_2', 'eye_damage_2A']","['oral', 'inhalation']",unknown,[],3.0,HIGH,sds_section2,agricultural/other,,,spray,unknown,MEDIUM,ingredient_inference,1381-212,US_EPA,registered_active,True,False,epa_label,HIGH,epa_reg_found,,,Thidiazuron,multi_4_6,unknown,none,4.0,MEDIUM,source_text
MIX717,Tide Glyphosate,SL,liquid,pesticide/herbicide,concentrate,HIGH,sec_formulation_code,DANGER,"['acute_toxicity_oral_4', 'acute_toxicity_dermal_4', 'acute_toxicity_inhalation_4', 'skin_sensitization_1', 'carcinogenicity_2']","['oral', 'dermal', 'inhalation']",unknown,[],4.0,HIGH,sds_section2,agricultural/herbicide,,,unknown,unknown,MEDIUM,product_name,84229-45,US_EPA,registered_active,False,False,sds_full,HIGH,epa_reg_found,,,Glufosinate-ammonium,multi_4_6,unknown,none,4.0,MEDIUM,source_text
MIX718,Tradewind Herbicide,SP,powder,pesticide/herbicide,concentrate,HIGH,sec_formulation_code,CAUTION,['eye_irritation_2B'],"['dermal', 'inhalation']",unknown,[],2.0,MEDIUM,sds_section2,agricultural/herbicide,,,unknown,unknown,HIGH,product_name,59639-165,US_EPA,registered_active,False,False,epa_label,HIGH,epa_reg_found,,,,unknown,unknown,none,1.0,LOW,no_basis
MIX719,Troysan ALF4,UNKNOWN,liquid,industrial_chemical,unknown,MEDIUM,evidence_snippet,WARNING,"['flammable_liquid_3', 'acute_toxicity_inhalation_4', 'skin_irritation_2', 'eye_irritation_2A', 'carcinogenicity_2']",['inhalation'],unknown,[],4.0,HIGH,sds_section2,wood_preservation,,,unknown,unknown,LOW,no_basis,,UNKNOWN,not_registered,False,False,sds_full,MEDIUM,source_filename,,,zinc bis(2-ethylhexanoate),multi_7p,unknown,none,5.0,MEDIUM,source_text
MIX72,BAS 703 01 F Fungicide,EC,liquid,pesticide/fungicide,concentrate,HIGH,sec_formulation_code,UNKNOWN,[],[],unknown,[],0.0,LOW,no_basis,agricultural/fungicide,['fungi'],,unknown,systemic,HIGH,source_text,,US_EPA,registered_active,True,False,product_page,HIGH,epa_registration_doc,,,,single,unknown,none,1.0,LOW,source_text
MIX720,Willowed Ethofumesate,UNKNOWN,unknown,pesticide/herbicide,concentrate,MEDIUM,pattern_inferred,CAUTION,"['skin_irritation_2', 'aquatic_toxicity']",['dermal'],aquatic_chronic,[],2.0,MEDIUM,snippet_keywords,agricultural/herbicide,['weeds'],,unknown,pre_emergent,HIGH,ingredient_inference,,UNKNOWN,unknown,False,False,sds_partial,LOW,no_basis,42.0,8.0,Ethofumesate,binary,high,partial,2.0,HIGH,source_text
MIX73,Britz Dryout Dust,UNKNOWN,powder,pesticide/other,unknown,MEDIUM,name_explicit,UNKNOWN,[],[],unknown,[],0.0,LOW,no_basis,unknown,,,unknown,unknown,LOW,no_basis,,UNKNOWN,unknown,False,False,unknown,LOW,no_basis,0.1,99.9,,single,ultra_low,approximate,1.0,MEDIUM,workbook_pct
MIX74,Bromuconazole(20%),UNKNOWN,unknown,pesticide/fungicide,concentrate,MEDIUM,pattern_inferred,UNKNOWN,[],[],unknown,[],0.0,LOW,no_basis,agricultural/fungicide,['fungi'],,unknown,systemic,HIGH,ingredient_inference,,UNKNOWN,not_registered,False,False,sds_full,MEDIUM,source_filename,98.0,2.0,Bromuconazole,single,very_high,exact,1.0,HIGH,workbook_pct
MIX742,Apogee,UNKNOWN,liquid,industrial_chemical,unknown,LOW,evidence_snippet,NONE,[],[],none,[],1.0,MEDIUM,snippet_keywords,industrial/chemical,,,unknown,unknown,LOW,source_text,,UNKNOWN,not_registered,False,False,sds_full,LOW,no_basis,,,,single,unknown,none,1.0,LOW,source_text
MIX743,BASF MCPP-P,UNKNOWN,unknown,pesticide/herbicide,concentrate,MEDIUM,pattern_inferred,UNKNOWN,[],[],unknown,[],0.0,LOW,no_basis,agricultural/herbicide,"['weeds', 'broadleaf']",['turf'],spray,post_emergent,HIGH,ingredient_inference,,UNKNOWN,not_registered,False,False,sds_full,LOW,source_filename,95.0,5.0,3-(p-Methoxyphenyl)propionic acid,single,very_high,approximate,1.0,HIGH,source_text
MIX746,Cyprodinil,UNKNOWN,unknown,pesticide/fungicide,unknown,LOW,pattern_inferred,WARNING,['aquatic_chronic_1'],[],aquatic_chronic,[],3.0,HIGH,snippet_keywords,agricultural/fungicide,['fungi'],,unknown,systemic,HIGH,ingredient_inference,,EU_REACH,not_registered,False,True,sds_full,HIGH,reach_text,,,Cyprodinil,single,unknown,none,1.0,MEDIUM,name_inference
MIX747,DEVRINOL 2-XT Selective Herbicide,UNKNOWN,unknown,pesticide/herbicide,concentrate,MEDIUM,name_explicit,CAUTION,['aquatic_toxicity'],[],aquatic_chronic,[],2.0,MEDIUM,snippet_keywords,agricultural/herbicide,['weeds'],,unknown,pre_emergent,HIGH,product_name,,UNKNOWN,not_registered,False,False,sds_full,LOW,no_basis,,,Napropamide,binary,unknown,none,2.0,MEDIUM,source_text
MIX748,DuPont Rynaxypyr,UNKNOWN,unknown,pesticide/insecticide,unknown,MEDIUM,evidence_snippet,UNKNOWN,[],[],unknown,[],0.0,LOW,no_basis,agricultural/insecticide,,,spray,systemic,HIGH,source_text,,UNKNOWN,unknown,False,False,unknown,LOW,no_basis,,,3-Bromo-N-[4-chloro-2-methyl-6-[(methylamino)carbonyl]phenyl]-1-(3-chloro-2-pyridinyl)-1H-pyrazole-5-carboxamide,binary,unknown,none,2.0,MEDIUM,source_text
MIX749,DuPont Steadfast Q Herbicide,WG,granule,pesticide/herbicide,concentrate,HIGH,sec_formulation_code,WARNING,['eye_irritation_2B'],[],unknown,[],2.0,HIGH,sds_section2,agricultural/herbicide,['weeds'],['corn'],spray,post_emergent,HIGH,source_text,,UNKNOWN,not_registered,False,False,epa_label,MEDIUM,source_filename,,,Rimsulfuron,multi_7p,unknown,none,5.0,MEDIUM,source_text
MIX75,Bromuconazole(97.8%),UNKNOWN,unknown,pesticide/fungicide,concentrate,MEDIUM,pattern_inferred,UNKNOWN,[],[],unknown,[],0.0,LOW,no_basis,agricultural/fungicide,['fungi'],,unknown,systemic,HIGH,ingredient_inference,,UNKNOWN,not_registered,False,False,sds_full,MEDIUM,source_filename,98.0,2.0,Bromuconazole,single,very_high,exact,1.0,HIGH,workbook_pct
MIX750,DuPont Accent Q Herbicide,UNKNOWN,unknown,pesticide/herbicide,concentrate,MEDIUM,evidence_snippet,CAUTION,"['skin_sensitization_1', 'eye_irritation_2', 'carcinogenicity_2']",['dermal'],unknown,[],3.0,HIGH,sds_section2,agricultural/herbicide,['weeds'],['corn'],spray,post_emergent,HIGH,source_text,,UNKNOWN,not_registered,False,False,epa_label,MEDIUM,source_filename,54.5,45.5,Nicosulfuron,ternary,high,partial,3.0,HIGH,workbook_pct
MIX751,DuPont Accent SC,SC,suspension,pesticide/herbicide,concentrate,HIGH,name_explicit,CAUTION,"['acute_toxicity_oral_4', 'acute_toxicity_dermal_4', 'acute_toxicity_inhalation_4', 'eye_irritation_2', 'skin_sensitization_1', 'carcinogenicity_2']","['oral', 'dermal', 'inhalation']",unknown,[],3.0,HIGH,sds_section2,agricultural/herbicide,['weeds'],['corn'],spray,post_emergent,HIGH,source_text,,UNKNOWN,not_registered,False,False,sds_full,LOW,no_basis,2.68,97.32,NICOSULFURON,ternary,low,exact,3.0,HIGH,source_text
MIX752,DuPont DPX-KJM44 80 MUP Herbicide,UNKNOWN,powder,pesticide/herbicide,concentrate,MEDIUM,evidence_snippet,WARNING,"['acute_toxicity_oral_4', 'skin_irritation_2', 'eye_irritation_2B', 'stot_single_3']",['oral'],unknown,[],3.0,HIGH,sds_section2,agricultural/herbicide,['weeds'],['soybean'],spray,pre_emergent,HIGH,source_text,,UNKNOWN,not_registered,False,False,epa_label,MEDIUM,source_filename,,,Metribuzin,ternary,unknown,none,3.0,MEDIUM,source_text
MIX753,DuPont DPX-KJM44 Herbicide,UNKNOWN,liquid,industrial_chemical,unknown,LOW,evidence_snippet,DANGER,"['flammable_liquid_2', 'skin_sensitization_1B']",[],unknown,[],4.0,HIGH,sds_section2,industrial/chemical,,,unknown,unknown,LOW,source_text,,UNKNOWN,not_registered,False,False,sds_full,LOW,no_basis,,,,multi_4_6,unknown,none,4.0,LOW,source_text
MIX754,DuPont DPX-LEM17 50WDG Fungicide,WDG,granule,pesticide/fungicide,concentrate,MEDIUM,name_explicit,DANGER,"['flammable_liquid_2', 'skin_sensitization_1B']",[],unknown,[],4.0,HIGH,sds_section2,agricultural/fungicide,['fungi'],,unknown,systemic,MEDIUM,product_name,,UNKNOWN,not_registered,False,False,sds_full,LOW,no_basis,,,,multi_4_6,unknown,none,4.0,LOW,source_text
MIX755,DuPont DPX-MAT28 0.05G Turf Herbicide + Fertilizer,GR,granule,pesticide/herbicide,ready-to-use,MEDIUM,name_explicit,UNKNOWN,[],[],unknown,[],0.0,LOW,no_basis,agricultural/herbicide,['weeds'],['turf'],spray,post_emergent,HIGH,product_name,,UNKNOWN,unknown,,,unknown,LOW,no_basis,,,,unknown,unknown,none,1.0,LOW,no_basis
MIX756,DuPont DPX-MAT28 Herbicide,UNKNOWN,liquid,industrial_chemical,unknown,LOW,evidence_snippet,DANGER,"['flammable_liquid_2', 'skin_sensitization_1B']",[],unknown,[],4.0,HIGH,sds_section2,agricultural/herbicide,['weeds'],,unknown,unknown,MEDIUM,product_name,,UNKNOWN,not_registered,False,False,sds_full,LOW,no_basis,,,,multi_4_6,unknown,none,4.0,LOW,source_text
MIX758,EX2108,UNKNOWN,unknown,industrial_chemical,unknown,LOW,evidence_snippet,UNKNOWN,[],[],unknown,[],0.0,LOW,no_basis,research/toxicology,,,unknown,unknown,MEDIUM,source_text,,UNKNOWN,unknown,,,unknown,LOW,no_basis,,,Sodium azide,single,unknown,none,1.0,MEDIUM,source_text
MIX759,F6141 EW Insecticide,EW,emulsion,pesticide/insecticide,concentrate,HIGH,name_explicit,WARNING,"['acute_toxicity_oral_4', 'acute_toxicity_inhalation_4', 'acute_toxicity_dermal_4', 'combustible_liquid']","['oral', 'inhalation', 'dermal']",aquatic_acute,[],3.0,HIGH,sds_section2,agricultural/insecticide,,,spray,contact,HIGH,source_text,71532-15-91026,US_EPA,registered_active,False,False,sds_full,HIGH,epa_reg_found,,,"2,2-dimethylcyclopropane carboxylate",ternary,unknown,none,3.0,MEDIUM,source_text
MIX76,BAS 703 02 F Fungicide,UNKNOWN,unknown,pesticide/fungicide,concentrate,MEDIUM,name_explicit,UNKNOWN,[],['none_identified'],unknown,[],0.0,LOW,no_basis,study/skin_irritation_human,,,unknown,unknown,HIGH,source_filename,,UNKNOWN,not_registered,True,,sds_partial,MEDIUM,active_ingredient_text,49.0,51.0,PotassiumSaltsofFattyAcids,single,high,exact,1.0,,
MIX760,Fosthiazate 900EC (Nemathorin 500EC),EC,liquid,pesticide/other,concentrate,HIGH,name_explicit,UNKNOWN,[],['none_identified'],unknown,[],0.0,LOW,no_basis,agricultural/other,['nematodes'],,unknown,unknown,MEDIUM,product_name,,UNKNOWN,not_registered,False,,sds_partial,MEDIUM,source_filename,100.0,0.0,fosthiazate,single,very_high,exact,1.0,,
MIX765,Pyraflufen-ethyl_ ET-751,EC,liquid,pesticide/herbicide,concentrate,HIGH,evidence_snippet,DANGER,"['flammable_liquid_4', 'acute_toxicity_inhalation_4', 'skin_irritation_2', 'eye_damage_1', 'carcinogenicity_2', 'reproductive_toxicity']",['inhalation'],unknown,[],5.0,HIGH,sds_section2,agricultural/herbicide,,,spray,post_emergent,MEDIUM,ingredient_inference,71711-7,US_EPA,registered_active,True,False,epa_label,HIGH,epa_reg_found,,,pyraflufen-ethyl,multi_4_6,unknown,none,4.0,,
MIX766,Quinoxyfen,UNKNOWN,unknown,pesticide/fungicide,unknown,LOW,no_basis,UNKNOWN,[],['none_identified'],unknown,[],0.0,LOW,no_basis,study/skin_irritation_human,,,unknown,unknown,HIGH,source_filename,,EU_REACH,not_registered,False,True,sds_full,MEDIUM,reach_text,,,quinoxyfen,binary,unknown,none,2.0,,
MIX769,TC-314,UNKNOWN,unknown,unknown,unknown,LOW,no_basis,UNKNOWN,[],['none_identified'],unknown,[],0.0,LOW,no_basis,research/toxicology,,,unknown,unknown,LOW,source_filename,,UNKNOWN,not_registered,,,sds_full,LOW,no_basis,,,,unknown,unknown,none,1.0,,
MIX77,Cabrio EG Funcgicide,WG,granule,pesticide/fungicide,concentrate,HIGH,name_explicit,UNKNOWN,[],['none_identified'],unknown,[],0.0,LOW,no_basis,study/skin_irritation_human,,,unknown,unknown,HIGH,source_filename,,UNKNOWN,not_registered,False,,sds_full,MEDIUM,source_filename,20.0,80.0,Pyraclostrobin,multi_4_6,medium,approximate,4.0,,
MIX770,Tebuconazole Fungicide(96.3%),UNKNOWN,unknown,pesticide/fungicide,concentrate,MEDIUM,pattern_inferred,UNKNOWN,[],['none_identified'],unknown,[],0.0,LOW,no_basis,study/skin_irritation_human,,,unknown,unknown,HIGH,source_filename,,EU_REACH,not_registered,,True,sds_full,MEDIUM,reach_text,,,tebuconazole,binary,very_high,none,2.0,,
MIX771,Touchdown Diquat Home and Garden Ready to Use,RTU,liquid,pesticide/herbicide,ready-to-use,HIGH,name_explicit,UNKNOWN,[],['none_identified'],unknown,[],0.0,LOW,no_basis,study/skin_irritation_human,,,unknown,unknown,HIGH,source_filename,,US_EPA,not_registered,True,False,sds_full,MEDIUM,active_ingredient_text,37.3,62.7,Diquat dibromide,single,medium,exact,1.0,,
MIX773,VOLIAM Xpress Insecticide,UNKNOWN,liquid,pesticide/insecticide,unknown,MEDIUM,name_explicit,DANGER,"['carcinogenicity_1A', 'acute_toxicity_oral_3']",['oral'],unknown,[],5.0,HIGH,sds_section2,agricultural/insecticide,,,spray,contact,HIGH,product_name,,UNKNOWN,not_registered,False,,sds_partial,MEDIUM,source_filename,,,Chlorantraniliprole,multi_4_6,unknown,none,4.0,,
MIX775,Armeen 2C,UNKNOWN,liquid,industrial_chemical,unknown,LOW,pattern_inferred,UNKNOWN,[],['none_identified'],unknown,[],0.0,LOW,no_basis,industrial/chemical,,,unknown,unknown,MEDIUM,product_name,,UNKNOWN,not_registered,,,sds_full,LOW,no_basis,,,,unknown,unknown,partial,1.0,,
MIX776,Armeen CD,UNKNOWN,unknown,industrial_chemical,unknown,LOW,no_basis,UNKNOWN,[],['none_identified'],unknown,[],0.0,LOW,no_basis,industrial/chemical,,,unknown,unknown,MEDIUM,product_name,,UNKNOWN,not_registered,,,sds_full,LOW,no_basis,,,coconut oil amine,single,unknown,none,1.0,,
MIX777,Armeen TD,UNKNOWN,liquid,industrial_chemical,unknown,LOW,pattern_inferred,UNKNOWN,[],['none_identified'],unknown,[],0.0,LOW,no_basis,industrial/chemical,,,unknown,unknown,MEDIUM,product_name,,UNKNOWN,not_registered,,,sds_full,LOW,no_basis,,,,unknown,unknown,partial,1.0,,
MIX778,Arquad 16-50,UNKNOWN,liquid,industrial_chemical,concentrate,MEDIUM,pattern_inferred,UNKNOWN,[],['none_identified'],unknown,[],0.0,LOW,no_basis,industrial/chemical,,,unknown,unknown,MEDIUM,product_name,,UNKNOWN,not_registered,,,sds_full,LOW,no_basis,,,cetyl trimethyl ammonium chloride,unknown,unknown,none,1.0,,
MIX779,Arquad DMMCB-50,UNKNOWN,liquid,industrial_chemical,concentrate,MEDIUM,pattern_inferred,WARNING,"['flammable_liquid_3', 'skin_irritation_2', 'eye_irritation_2', 'aquatic_chronic_3']",['none_identified'],aquatic_chronic,"['H226', 'H315', 'H319', 'H412']",2.0,HIGH,sds_section2,industrial/chemical,,,unknown,unknown,MEDIUM,product_name,,EU_REACH,not_registered,False,False,sds_full,MEDIUM,source_filename,,,quaternary ammonium compound,multi_4_6,unknown,none,4.0,,
MIX78,Callisto Xtra,UNKNOWN,liquid,pesticide/herbicide,concentrate,MEDIUM,pattern_inferred,UNKNOWN,[],['none_identified'],unknown,[],0.0,LOW,no_basis,study/skin_irritation_human,,,unknown,unknown,HIGH,source_filename,,UNKNOWN,not_registered,False,,sds_full,MEDIUM,source_filename,100.0,0.0,Atrazine,ternary,very_high,exact,3.0,,
MIX780,boron trifluoride-acetic acid complex,UNKNOWN,liquid,research_compound,concentrate,MEDIUM,pattern_inferred,UNKNOWN,[],['none_identified'],unknown,[],0.0,LOW,no_basis,industrial/chemical,,,unknown,unknown,HIGH,product_name,,UNKNOWN,not_registered,False,,sds_partial,MEDIUM,source_filename,36.0,64.0,boron trifluoride-acetic acid complex,single,medium,approximate,1.0,,
MIX781,butylamine (in ethanol/ethylene glycol;1:1),UNKNOWN,liquid,research_compound,dilute,MEDIUM,pattern_inferred,UNKNOWN,[],['none_identified'],unknown,[],0.0,LOW,no_basis,industrial/chemical,,,unknown,unknown,MEDIUM,product_name,,UNKNOWN,not_registered,False,,sds_partial,MEDIUM,source_filename,,,Ethylene Glycol Monobutyl Ether,single,unknown,none,1.0,,
MIX782,Dequest 2000,UNKNOWN,liquid,industrial_chemical,concentrate,MEDIUM,pattern_inferred,NONE,[],['none_identified'],none,[],1.0,MEDIUM,sds_section2,industrial/chemical,,,unknown,unknown,MEDIUM,product_name,,UNKNOWN,not_registered,False,,sds_partial,MEDIUM,source_filename,,,HEDP,single,unknown,none,1.0,,
MIX783,Capric/caprylic acid,UNKNOWN,liquid,industrial_chemical,unknown,MEDIUM,pattern_inferred,DANGER,"['skin_corrosion_1', 'eye_damage_1']",['none_identified'],none,"['H314', 'H318']",4.0,HIGH,sds_section2,industrial/chemical,,,unknown,unknown,HIGH,product_name,,UNKNOWN,not_registered,False,,sds_full,MEDIUM,source_filename,,,Caprylic/Capric Acid,single,unknown,none,1.0,,
MIX784,Dowanol PNB,UNKNOWN,liquid,industrial_chemical,unknown,MEDIUM,pattern_inferred,UNKNOWN,[],['none_identified'],unknown,[],0.0,LOW,no_basis,industrial/chemical,,,unknown,unknown,HIGH,product_name,,UNKNOWN,not_registered,False,,sds_partial,MEDIUM,source_filename,,,Propylene Glycol Butyl Ether,single,unknown,none,1.0,,
MIX785,Cellosolve + TX100,UNKNOWN,liquid,industrial_chemical,unknown,LOW,pattern_inferred,UNKNOWN,[],['none_identified'],unknown,[],0.0,LOW,no_basis,industrial/chemical,,,unknown,unknown,MEDIUM,product_name,,UNKNOWN,not_registered,,,sds_full,LOW,no_basis,,,,unknown,unknown,none,1.0,,
MIX786,Duoquad T50,UNKNOWN,liquid,industrial_chemical,concentrate,MEDIUM,pattern_inferred,UNKNOWN,[],['none_identified'],unknown,[],0.0,LOW,no_basis,industrial/cleaning,,,unknown,unknown,MEDIUM,source_text,,UNKNOWN,not_registered,False,,product_page,MEDIUM,source_filename,52.0,48.0,quaternary ammonium compound,single,high,approximate,1.0,,
MIX787,Empicol LZPV/C,UNKNOWN,liquid,industrial_chemical,unknown,MEDIUM,pattern_inferred,WARNING,"['skin_irritation_2', 'eye_irritation_2A']",['none_identified'],none,"['H319', 'H315']",2.0,HIGH,sds_section2,industrial/cleaning,,,unknown,unknown,MEDIUM,product_name,,UNKNOWN,not_registered,False,,sds_full,MEDIUM,source_filename,,,sodium laureth sulfosuccinate,binary,unknown,none,2.0,,
MIX788,Empigen OB,UNKNOWN,unknown,industrial_chemical,unknown,LOW,pattern_inferred,UNKNOWN,[],['none_identified'],unknown,[],0.0,LOW,no_basis,industrial/cleaning,,,unknown,unknown,MEDIUM,product_name,,UNKNOWN,not_registered,,,sds_full,LOW,no_basis,,,cocamidopropyl betaine,unknown,unknown,none,1.0,,
MIX789,Empilan CME,UNKNOWN,liquid,industrial_chemical,unknown,MEDIUM,pattern_inferred,UNKNOWN,"['acute_toxicity_oral', 'eye_damage_1']",['oral'],aquatic_acute,[],3.0,MEDIUM,snippet_keywords,industrial/cleaning,,,unknown,unknown,MEDIUM,source_text,,UNKNOWN,not_registered,False,,sds_full,MEDIUM,source_filename,,,ethoxylated alcohol,unknown,unknown,none,1.0,,
MIX79,Bayocide Pour On Insecticide,UNKNOWN,liquid,pesticide/insecticide,unknown,MEDIUM,name_explicit,UNKNOWN,[],['none_identified'],unknown,[],0.0,LOW,no_basis,study/skin_irritation_human,,,unknown,unknown,HIGH,source_filename,,UNKNOWN,unknown,False,False,sds_full,MEDIUM,sds_structure,,,Permethrin,ternary,unknown,none,3.0,MEDIUM,name_inference
MIX790,Hydrochloric acid + Sulfuric acid + Citric acid,UNKNOWN,liquid,industrial_chemical,unknown,MEDIUM,evidence_snippet,DANGER,['skin_corrosion_1'],['none_identified'],none,[],4.0,HIGH,sds_section2,industrial/cleaning,,,unknown,unknown,MEDIUM,ingredient_inference,,RESEARCH_ONLY,not_registered,False,False,sds_full,HIGH,source_filename,,,Hydrochloric acid,binary,unknown,none,2.0,LOW,source_text
MIX791,Genapol LRO,UNKNOWN,unknown,industrial_chemical,unknown,LOW,no_basis,UNKNOWN,[],['none_identified'],unknown,[],0.0,LOW,no_basis,industrial/chemical,,,unknown,unknown,LOW,no_basis,,UNKNOWN,unknown,,False,unknown,LOW,no_basis,,,,unknown,unknown,none,1.0,LOW,no_basis
MIX792,Larc Super,UNKNOWN,liquid,industrial_chemical,concentrate,MEDIUM,evidence_snippet,WARNING,"['flammable_liquid_3', 'carcinogenicity_2', 'stot_repeated_2', 'acute_toxicity_inhalation_4', 'skin_irritation_2', 'aspiration_hazard_1']",['inhalation'],none,"['H226', 'H351', 'H373', 'H332', 'H315', 'H304']",4.0,HIGH,sds_section2,industrial/chemical,,,unknown,unknown,MEDIUM,source_text,,UNKNOWN,unknown,False,False,sds_full,MEDIUM,sds_structure,30.0,70.0,Modified Alkyd Resin,multi_7p,medium,partial,5.0,MEDIUM,source_text
MIX793,liquid bleach,UNKNOWN,liquid,cleaning_disinfectant,ready-to-use,HIGH,evidence_snippet,DANGER,"['skin_corrosion_1B', 'eye_damage_1']",['none_identified'],none,[],4.0,HIGH,sds_section2,public_health/disinfectant,"['bacteria', 'viruses']",,topical,contact,HIGH,product_name,5813-111,US_EPA,registered_active,False,False,sds_full,HIGH,epa_reg_found,,,Sodium hypochlorite,single,unknown,none,1.0,MEDIUM,source_text
MIX794,Oleic/caprylic acid,UNKNOWN,liquid,industrial_chemical,unknown,LOW,name_explicit,UNKNOWN,[],['none_identified'],unknown,[],0.0,LOW,no_basis,industrial/chemical,,,unknown,unknown,MEDIUM,ingredient_inference,,UNKNOWN,unknown,,False,unknown,LOW,no_basis,,,Oleic acid,binary,unknown,none,2.0,MEDIUM,name_inference
MIX795,Proxel AB,UNKNOWN,liquid,industrial_chemical,concentrate,MEDIUM,evidence_snippet,DANGER,"['metal_corrosion_1', 'acute_toxicity_oral_4', 'skin_corrosion_1', 'skin_sensitization_1', 'aquatic_acute_1', 'aquatic_chronic_1']",['oral'],aquatic_acute_and_chronic,"['H290', 'H302', 'H314', 'H317', 'H410']",5.0,HIGH,sds_section2,industrial/chemical,"['bacteria', 'fungi']",,unknown,unknown,MEDIUM,source_text,,UNKNOWN,unknown,False,False,sds_full,MEDIUM,sds_structure,,,"1,2-Benzisothiazol-3(2H)-one",single,unknown,none,1.0,HIGH,workbook_pct
MIX796,Proxel BD,UNKNOWN,liquid,industrial_chemical,concentrate,MEDIUM,evidence_snippet,UNKNOWN,[],['none_identified'],unknown,[],0.0,LOW,no_basis,industrial/chemical,"['bacteria', 'fungi']",,unknown,unknown,MEDIUM,source_text,,UNKNOWN,unknown,,False,unknown,LOW,no_basis,,,"1,2-benzisothiazolin-3-one",single,unknown,none,1.0,MEDIUM,source_text
MIX797,"sodium hydroxide/N,N'-bis(acrylyl)cystamine (BAC) (1:10)",UNKNOWN,powder,research_compound,unknown,MEDIUM,evidence_snippet,UNKNOWN,[],['none_identified'],unknown,[],0.0,LOW,no_basis,study/skin_irritation,,,unknown,unknown,HIGH,source_filename,,RESEARCH_ONLY,not_registered,False,False,sds_full,HIGH,source_filename,,,"N,N'-Bis(acryloyl)cystamine",single,unknown,none,1.0,HIGH,workbook_pct
MIX798,sodium hydroxide/SMS (0.5:1),UNKNOWN,liquid,research_compound,dilute,MEDIUM,evidence_snippet,UNKNOWN,[],['none_identified'],unknown,[],0.0,LOW,no_basis,study/skin_irritation,,,unknown,unknown,HIGH,source_filename,,RESEARCH_ONLY,not_registered,False,False,sds_full,HIGH,source_filename,,,Sodium hydroxide,single,unknown,none,1.0,HIGH,workbook_pct
MIX799,sodium hydroxide/SMS (1:10),UNKNOWN,liquid,research_compound,dilute,HIGH,evidence_snippet,DANGER,"['skin_corrosion_1', 'eye_damage_1']",['none_identified'],none,"['H314', 'H318']",4.0,HIGH,sds_section2,study/skin_irritation,,,unknown,unknown,HIGH,source_filename,,RESEARCH_ONLY,not_registered,False,False,sds_full,HIGH,source_filename,,,Sodium hydroxide,single,unknown,none,1.0,HIGH,workbook_pct
MIX8,Acticide LA 2605-F,UNKNOWN,liquid,industrial_chemical,concentrate,MEDIUM,evidence_snippet,DANGER,"['acute_toxicity_oral_3', 'acute_toxicity_inhalation_2', 'skin_corrosion_1B', 'eye_damage_1', 'skin_sensitization_1A', 'aquatic_acute_1', 'aquatic_chronic_2']","['oral', 'inhalation']",aquatic_acute_and_chronic,"['H301', 'H330', 'H314', 'H318', 'H317', 'H400', 'H411']",5.0,HIGH,snippet_keywords,study/skin_irritation_human,,,unknown,unknown,HIGH,source_filename,,UNKNOWN,unknown,False,False,sds_full,MEDIUM,sds_structure,20.0,80.0,2-methylisothiazol-3(2H)-one,single,low,exact,1.0,HIGH,workbook_pct
MIX80,Bayonet 2,UNKNOWN,liquid,industrial_chemical,concentrate,MEDIUM,evidence_snippet,UNKNOWN,[],['none_identified'],unknown,[],0.0,LOW,no_basis,study/skin_irritation_human,,,unknown,unknown,HIGH,source_filename,,UNKNOWN,unknown,False,False,sds_full,MEDIUM,sds_structure,5.0,95.0,5-chloro-2-methyl-4-isothiazolin-3-one,single,low,exact,1.0,HIGH,workbook_pct
MIX800,sulfuric acid + cellusolve,UNKNOWN,liquid,industrial_chemical,unknown,LOW,name_explicit,UNKNOWN,[],['none_identified'],unknown,[],0.0,LOW,no_basis,study/skin_irritation,,,unknown,unknown,HIGH,source_filename,,UNKNOWN,unknown,,False,unknown,LOW,no_basis,,,Sulfuric acid,binary,unknown,none,2.0,HIGH,workbook_pct
MIX801,sodium hydroxide/SMS (5:3),UNKNOWN,liquid,research_compound,unknown,MEDIUM,evidence_snippet,UNKNOWN,[],['none_identified'],unknown,[],0.0,LOW,no_basis,study/skin_irritation,,,unknown,unknown,HIGH,source_filename,,RESEARCH_ONLY,not_registered,False,False,sds_full,HIGH,source_filename,,,Sodium hydroxide,single,unknown,none,1.0,HIGH,workbook_pct
MIX802,Sulfuric acid/ Ferric chloride,UNKNOWN,liquid,research_compound,unknown,MEDIUM,evidence_snippet,DANGER,"['skin_corrosion_1', 'eye_damage_1', 'metal_corrosion_1']",['none_identified'],none,"['H314', 'H318', 'H290']",4.0,HIGH,sds_section2,study/skin_irritation,,,unknown,unknown,HIGH,source_filename,,RESEARCH_ONLY,not_registered,False,False,sds_full,HIGH,source_filename,,,Sulfuric acid,binary,unknown,none,2.0,HIGH,workbook_pct
MIX803,Sodium hydroxide/ Sodium dodecyl sulfate(1:10),UNKNOWN,powder,research_compound,unknown,MEDIUM,evidence_snippet,UNKNOWN,[],['none_identified'],unknown,[],0.0,LOW,no_basis,study/skin_irritation,,,unknown,unknown,HIGH,source_filename,,RESEARCH_ONLY,not_registered,,False,unknown,MEDIUM,source_filename,,,Sodium dodecyl sulfate,binary,unknown,none,2.0,MEDIUM,name_inference
MIX804,Sulfuric acid/ Sodium dodecyl sulfate,UNKNOWN,powder,research_compound,unknown,HIGH,evidence_snippet,UNKNOWN,[],['none_identified'],unknown,[],0.0,LOW,no_basis,study/skin_irritation,,,unknown,unknown,HIGH,source_filename,,RESEARCH_ONLY,not_registered,False,False,sds_full,HIGH,source_filename,99.0,1.0,Sodium n-dodecyl sulfate,single,very_high,exact,1.0,HIGH,workbook_pct
MIX805,sodium hydroxide/tx 100,UNKNOWN,liquid,research_compound,dilute,HIGH,evidence_snippet,DANGER,"['skin_corrosion_1', 'eye_damage_1']",['none_identified'],none,"['H314', 'H318']",4.0,HIGH,sds_section2,study/skin_irritation,,,unknown,unknown,HIGH,source_filename,,RESEARCH_ONLY,not_registered,False,False,sds_full,HIGH,source_filename,,,Sodium hydroxide,single,unknown,none,1.0,HIGH,workbook_pct
MIX806,Sulfuric acid/ Triton X-100,UNKNOWN,liquid,research_compound,unknown,MEDIUM,evidence_snippet,UNKNOWN,[],['none_identified'],unknown,[],0.0,LOW,no_basis,study/skin_irritation,,,unknown,unknown,HIGH,source_filename,,RESEARCH_ONLY,not_registered,,False,unknown,MEDIUM,source_filename,,,Triton X-100,binary,unknown,none,2.0,HIGH,workbook_pct
MIX807,sodium hypochlorite w/5% chlorine,UNKNOWN,liquid,cleaning_disinfectant,dilute,HIGH,name_explicit,UNKNOWN,[],['none_identified'],unknown,[],0.0,LOW,no_basis,study/skin_irritation,,,unknown,unknown,HIGH,source_filename,,UNKNOWN,unknown,,False,unknown,LOW,no_basis,5.0,95.0,Sodium hypochlorite,single,low,approximate,1.0,HIGH,name_inference
MIX808,Synprolam 35X2,UNKNOWN,unknown,industrial_chemical,unknown,LOW,no_basis,UNKNOWN,[],['none_identified'],unknown,[],0.0,LOW,no_basis,study/skin_irritation,,,unknown,unknown,HIGH,source_filename,,UNKNOWN,unknown,,False,unknown,LOW,no_basis,,,,unknown,unknown,none,1.0,LOW,no_basis
MIX809,"Mixture of isomers: ethyl exo-tricyclo[5.2.1.0(2,6)]decane-endo-2-carboxylate; ethyl endo-tricyclo[5.2.1.0(2,6)]decane-exo-2-carboxylate",UNKNOWN,liquid,research_compound,unknown,MEDIUM,evidence_snippet,WARNING,['acute_toxicity_oral_4'],['oral'],none,['H302'],3.0,HIGH,sds_section2,study/skin_irritation,,,unknown,unknown,HIGH,source_filename,,UNKNOWN,unknown,False,False,sds_full,MEDIUM,sds_structure,,,"ethyl exo-tricyclo[5.2.1.0(2,6)]decane-endo-2-carboxylate",binary,unknown,none,2.0,MEDIUM,name_inference
MIX81,Canguard BIT 20 DPG Preservative,EC,liquid,industrial_chemical,concentrate,HIGH,evidence_snippet,UNKNOWN,[],['none_identified'],unknown,[],0.0,LOW,no_basis,study/skin_irritation_human,,,unknown,unknown,HIGH,source_filename,,UNKNOWN,unknown,False,False,product_page,LOW,product_page_only,20.0,80.0,"1,2-Benzisothiazol-3(2H)-one",single,low,exact,1.0,HIGH,workbook_pct
MIX810,"Mixture of: diethyl cis-1,4-cyclohexanedicarboxylate; diethyl trans-1,4-cyclohexanedicarboxylate",UNKNOWN,liquid,research_compound,unknown,MEDIUM,evidence_snippet,NONE,[],['none_identified'],none,[],1.0,HIGH,sds_section2,study/skin_irritation,,,unknown,unknown,HIGH,source_filename,,RESEARCH_ONLY,not_registered,False,False,sds_full,HIGH,source_filename,,,"diethyl cis-1,4-cyclohexanedicarboxylate",binary,unknown,none,2.0,MEDIUM,name_inference
MIX811,"Mixture of isomers: 1-(1,1-dimethylpropyl)-4-ethoxy-cis-cyclohexane; 1-(1,1-dimethylpropyl)-4-ethoxy-trans-cyclohexane",,liquid,research_compound,unknown,MEDIUM,evidence_snippet,NONE,[],['none_identified'],none,[],1.0,HIGH,sds_section2,study/skin_irritation,,,unknown,unknown,HIGH,source_filename,,RESEARCH_ONLY,not_registered,False,,sds_partial,HIGH,source_filename,,,"1-(1,1-dimethylpropyl)-4-ethoxy-cis-cyclohexane",unknown,unknown,none,1.0,,
MIX812,Mixture of isomers: 1-(2-isopropylphenyl)-1-phenylethane (CAS# 191044-60-7); 1-(3-isopropylphenyl)-1-phenylethane (CAS# 191044-59-4); 1-(4-isopropylphenyl)-1-phenylethane (CAS# 2320-06-1),,liquid,research_compound,unknown,LOW,pattern_inferred,UNKNOWN,[],['none_identified'],unknown,[],0.0,LOW,no_basis,study/skin_irritation,,,unknown,unknown,HIGH,source_filename,,RESEARCH_ONLY,not_registered,,,unknown,HIGH,source_filename,,,1-(2-isopropylphenyl)-1-phenylethane,ternary,unknown,none,3.0,,
MIX813,"Mixture of: 2-methyl-4-(2',2',3'-trimethyl-3'-cyclopenten-1'-yl)-4-penten-1-ol 56% (1'R,2R) & 40%(1'R,2S) isomer",,liquid,research_compound,unknown,LOW,pattern_inferred,WARNING,[],['none_identified'],unknown,[],2.0,MEDIUM,snippet_keywords,study/skin_irritation,,,unknown,unknown,HIGH,source_filename,,RESEARCH_ONLY,not_registered,False,,unknown,HIGH,source_filename,96.0,4.0,"2-methyl-4-(2',2',3'-trimethyl-3'-cyclopenten-1'-yl)-4-penten-1-ol",multi_4_6,very_high,partial,4.0,,
MIX814,Mixture of: 5-exo-decylbicyclo[2.2.1]hept-2-ene; 5-endo-decylbicyclo [2.2.1]hept-2-ene,,liquid,research_compound,unknown,LOW,pattern_inferred,UNKNOWN,[],['none_identified'],unknown,[],0.0,LOW,no_basis,study/skin_irritation,,,unknown,unknown,HIGH,source_filename,,RESEARCH_ONLY,not_registered,,,unknown,HIGH,source_filename,,,5-exo-decylbicyclo[2.2.1]hept-2-ene,unknown,unknown,none,1.0,,
MIX815,Soap 20/80 coconut oil/tallow,,unknown,consumer_product,unknown,MEDIUM,name_explicit,UNKNOWN,[],['none_identified'],unknown,[],0.0,LOW,snippet_keywords,study/skin_irritation,,,unknown,unknown,HIGH,source_filename,,RESEARCH_ONLY,not_registered,False,,sds_partial,HIGH,source_filename,,,Soap 20/80 coconut oil/tallow,single,unknown,none,1.0,,
MIX816,Soap from 20/80 coconut oil/tallow,,liquid,consumer_product,unknown,MEDIUM,name_explicit,WARNING,['eye_irritation_2'],['none_identified'],none,['H320'],2.0,HIGH,sds_section2,study/skin_irritation,,,unknown,unknown,HIGH,source_filename,,RESEARCH_ONLY,not_registered,False,,sds_partial,HIGH,source_filename,,,Sodium lauryl ether sulfate,single,unknown,none,1.0,,
MIX817,Mixture of isomers: 1-(spiro[4.5]dec-7-en-7-yl)pent-4-en-1-one (CAS# 224031-70-3); 1-(spiro[4.5]dec-6-en-7-yl)pent-4-en-1-one (CAS# 224031-71-4),,liquid,research_compound,unknown,LOW,pattern_inferred,UNKNOWN,[],['none_identified'],unknown,[],0.0,LOW,no_basis,study/skin_irritation,,,unknown,unknown,HIGH,source_filename,,RESEARCH_ONLY,not_registered,,,unknown,HIGH,source_filename,,,1-(spiro[4.5]dec-7-en-7-yl)pent-4-en-1-one,unknown,unknown,none,1.0,,
MIX818,60/40 Octanoic/decanoic acid,,liquid,industrial_chemical,unknown,MEDIUM,name_explicit,NONE,[],['none_identified'],none,[],1.0,HIGH,sds_section2,study/skin_irritation,,,unknown,unknown,HIGH,source_filename,,RESEARCH_ONLY,not_registered,False,,sds_partial,HIGH,source_filename,60.0,40.0,Octanoic acid,binary,very_high,approximate,2.0,,
MIX819,55/45 Octanoic/decanoic acid,,liquid,industrial_chemical,unknown,MEDIUM,name_explicit,NONE,[],['none_identified'],none,[],1.0,HIGH,sds_section2,study/skin_irritation,,,unknown,unknown,HIGH,source_filename,,RESEARCH_ONLY,not_registered,False,,sds_partial,HIGH,source_filename,55.0,45.0,Octanoic acid,binary,high,approximate,2.0,,
MIX82,Captan 4L,,liquid,pesticide/fungicide,concentrate,MEDIUM,name_explicit,UNKNOWN,[],['none_identified'],unknown,[],0.0,LOW,snippet_keywords,agricultural/fungicide,['fungi'],,spray,contact,HIGH,ingredient_inference,,UNKNOWN,unknown,False,,sds_partial,LOW,no_basis,38.75,61.25,Captan,single,medium,exact,1.0,,
MIX820,65/35 Octanoic/decanoic acid,,liquid,industrial_chemical,unknown,MEDIUM,name_explicit,UNKNOWN,[],['none_identified'],unknown,[],0.0,LOW,no_basis,study/skin_irritation,,,unknown,unknown,HIGH,source_filename,,RESEARCH_ONLY,not_registered,,,unknown,HIGH,source_filename,65.0,35.0,Octanoic acid,binary,very_high,approximate,2.0,,
MIX821,"Hydrochloric acid 5%, Sulphuric acid 5%, Citric acid 5%",,liquid,industrial_chemical,dilute,HIGH,name_explicit,DANGER,['skin_corrosion_1'],['dermal'],none,[],4.0,HIGH,sds_section2,study/skin_irritation,,,unknown,unknown,HIGH,source_filename,,RESEARCH_ONLY,not_registered,False,,sds_partial,HIGH,source_filename,15.0,85.0,Hydrochloric acid,ternary,medium,approximate,3.0,,
MIX822,Sodium silicate A140,,liquid,industrial_chemical,unknown,MEDIUM,evidence_snippet,NONE,[],['none_identified'],none,[],1.0,HIGH,sds_section2,study/skin_irritation,,,unknown,unknown,HIGH,source_filename,,RESEARCH_ONLY,not_registered,False,,sds_partial,HIGH,source_filename,40.0,60.0,Sodium silicate,binary,medium,partial,2.0,,
MIX823,dicyanamine/formaldehyde condensate,,powder,industrial_chemical,unknown,MEDIUM,evidence_snippet,NONE,[],['none_identified'],none,[],1.0,HIGH,sds_section2,study/skin_irritation,,,unknown,unknown,HIGH,source_filename,,RESEARCH_ONLY,not_registered,False,,sds_partial,HIGH,source_filename,,,dicyanamine,unknown,unknown,none,1.0,,
MIX824,Ethomeen T/25,,liquid,industrial_chemical,unknown,LOW,pattern_inferred,UNKNOWN,[],['none_identified'],unknown,[],0.0,LOW,no_basis,study/skin_irritation,,,unknown,unknown,HIGH,source_filename,,RESEARCH_ONLY,not_registered,,,unknown,HIGH,source_filename,,,Ethomeen T/25,unknown,unknown,none,1.0,,
MIX825,lubricant (ethylene oxide + propylene oxide)_PID_13,,liquid,industrial_chemical,unknown,MEDIUM,evidence_snippet,DANGER,"['carcinogenicity_1', 'explosive']",['none_identified'],none,[],5.0,HIGH,sds_section2,study/skin_irritation,,,unknown,unknown,HIGH,source_filename,,RESEARCH_ONLY,not_registered,False,,sds_partial,HIGH,source_filename,,,ethylene oxide,unknown,unknown,none,1.0,,
MIX826,lubricant (ethylene oxide + propylene oxide)_PID_14,,liquid,industrial_chemical,unknown,MEDIUM,evidence_snippet,NONE,[],['none_identified'],none,[],1.0,HIGH,sds_section2,study/skin_irritation,,,unknown,unknown,HIGH,source_filename,,RESEARCH_ONLY,not_registered,False,,sds_partial,HIGH,source_filename,,,Propylene oxide,single,unknown,none,1.0,,
MIX827,lubricant (ethylene oxide + propylene oxide)_PID_15,,liquid,industrial_chemical,unknown,MEDIUM,evidence_snippet,NONE,[],['none_identified'],none,[],1.0,HIGH,sds_section2,study/skin_irritation,,,unknown,unknown,HIGH,source_filename,,RESEARCH_ONLY,not_registered,False,,sds_partial,HIGH,source_filename,,,Propylene oxide,single,unknown,none,1.0,,
MIX828,Sodium silicate H100,,liquid,industrial_chemical,unknown,MEDIUM,evidence_snippet,NONE,[],['none_identified'],none,[],1.0,HIGH,sds_section2,study/skin_irritation,,,unknown,unknown,HIGH,source_filename,,RESEARCH_ONLY,not_registered,False,,sds_partial,HIGH,source_filename,40.0,60.0,Sodium silicate,binary,medium,partial,2.0,,
MIX829,Elfan OS 46,,unknown,unknown,unknown,LOW,no_basis,UNKNOWN,[],['none_identified'],unknown,[],0.0,LOW,no_basis,study/skin_irritation,,,unknown,unknown,HIGH,source_filename,,RESEARCH_ONLY,not_registered,,,unknown,HIGH,source_filename,,,Elfan OS 46,unknown,unknown,none,1.0,,
MIX83,Bellacide 325 8-month,,unknown,pesticide/other,unknown,LOW,pattern_inferred,,,,,,,,,agricultural/other,,,unknown,unknown,MEDIUM,product_name,,UNKNOWN,unknown,False,,sds_partial,LOW,no_basis,,,,,,,,,
MIX830,Flumethrin,,unknown,pesticide/insecticide,unknown,LOW,pattern_inferred,UNKNOWN,[],['none_identified'],unknown,[],0.0,LOW,snippet_keywords,veterinary,"['ticks', 'mites']",['animal_quarters'],topical,contact,HIGH,ingredient_inference,,UNKNOWN,unknown,False,,sds_partial,LOW,no_basis,,,Flumethrin,single,unknown,none,1.0,,
MIX831,Clodinafop Technical,,unknown,pesticide/herbicide,concentrate,MEDIUM,name_explicit,UNKNOWN,[],['none_identified'],unknown,[],0.0,LOW,snippet_keywords,agricultural/herbicide,"['weeds', 'grasses']",['cereal'],spray,post_emergent,HIGH,ingredient_inference,,UNKNOWN,unknown,False,,sds_partial,LOW,no_basis,98.0,2.0,clodinafop-propargyl,single,very_high,approximate,1.0,,
MIX832,Cyhalofop-butyl(29.6%),,unknown,pesticide/herbicide,concentrate,MEDIUM,pattern_inferred,UNKNOWN,"['acute_toxicity_oral_4', 'aquatic_acute_1']",['oral'],aquatic_acute,"['H302', 'H400']",3.0,HIGH,snippet_keywords,agricultural/herbicide,"['weeds', 'grasses']",['rice'],spray,post_emergent,HIGH,ingredient_inference,,EU_REACH,unknown,False,True,sds_partial,MEDIUM,reach_text,0.1,99.9,Cyhalofop-butyl,single,ultra_low,exact,1.0,,
MIX833,Tebuconazole Fungicide,,unknown,pesticide/fungicide,unknown,MEDIUM,name_explicit,WARNING,"['acute_toxicity_oral_4', 'acute_toxicity_dermal_4']","['oral', 'dermal']",unknown,"['H302', 'H312']",3.0,HIGH,snippet_keywords,agricultural/fungicide,"['fungi', 'rust', 'blight']","['cereal', 'fruit']",spray,systemic,HIGH,ingredient_inference,,UNKNOWN,unknown,False,,sds_partial,LOW,no_basis,,,Tebuconazole,binary,unknown,none,2.0,,
MIX834,Tebuconazole Fungicide(15.4%),UNKNOWN,unknown,pesticide/fungicide,unknown,LOW,no_basis,UNKNOWN,[],['none_identified'],unknown,[],0.0,LOW,no_basis,study/skin_irritation_human,,,unknown,unknown,HIGH,,,RESEARCH_ONLY,not_registered,False,False,unknown,HIGH,source_filename,98.5,1.5,Tebuconazole,single,very_high,approximate,1.0,MEDIUM,name_inference
MIX835,Tebuconazole Fungicide(15%),UNKNOWN,unknown,pesticide/fungicide,unknown,LOW,no_basis,UNKNOWN,[],['none_identified'],unknown,[],0.0,LOW,no_basis,study/skin_irritation_human,,,unknown,unknown,HIGH,,,RESEARCH_ONLY,not_registered,False,False,sds_partial,HIGH,source_filename,34.0,66.0,Tebuconazole,binary,medium,exact,2.0,HIGH,workbook_pct
MIX836,"1,3-Dichloro-5,5-dimethylhydantoin",UNKNOWN,unknown,cleaning_disinfectant,unknown,LOW,no_basis,WARNING,['acute_toxicity_oral_4'],['oral'],none,[],2.0,MEDIUM,snippet_keywords,study/skin_irritation_human,,,unknown,unknown,HIGH,,,EU_REACH,not_registered,False,True,sds_full,HIGH,reach_text,0.1,99.9,"1,3-Dichloro-5,5-dimethylhydantoin",single,ultra_low,exact,1.0,HIGH,workbook_pct
MIX837,Ethofumesate (95%),UNKNOWN,unknown,pesticide/herbicide,unknown,LOW,no_basis,UNKNOWN,[],['none_identified'],unknown,[],0.0,LOW,no_basis,study/skin_irritation_human,,,unknown,unknown,HIGH,,,RESEARCH_ONLY,not_registered,False,False,sds_partial,HIGH,source_filename,33.0,67.0,Ethofumesate (ISO),ternary,medium,exact,3.0,HIGH,workbook_pct
MIX838,Ethofumesate (98%),UNKNOWN,unknown,pesticide/herbicide,unknown,LOW,no_basis,DANGER,"['acute_toxicity_inhalation_2', 'acute_toxicity_oral_4', 'acute_toxicity_dermal_4', 'aquatic_acute_1', 'aquatic_chronic_1']","['oral', 'dermal', 'inhalation']",both,"['H330', 'H302', 'H312', 'H400', 'H410']",5.0,HIGH,snippet_keywords,study/skin_irritation_human,,,unknown,unknown,HIGH,,,EU_REACH,not_registered,False,True,sds_full,HIGH,reach_text,0.1,99.9,Ethofumesate carboxylic acid,single,ultra_low,exact,1.0,HIGH,workbook_pct
MIX839,Potassium Silicate(>80%),UNKNOWN,unknown,industrial_chemical,unknown,LOW,no_basis,CAUTION,[],['none_identified'],terrestrial,[],1.0,MEDIUM,snippet_keywords,study/skin_irritation_human,,,unknown,unknown,HIGH,,,RESEARCH_ONLY,not_registered,False,False,sds_partial,HIGH,source_filename,,,Potassium silicate,single,very_high,none,1.0,LOW,name_inference
MIX84,Captan 80 WDG,WDG,granule,pesticide/fungicide,concentrate,HIGH,name_explicit,UNKNOWN,[],['none_identified'],unknown,[],0.0,LOW,no_basis,study/skin_irritation_human,,,unknown,unknown,HIGH,,,RESEARCH_ONLY,not_registered,,False,sds_full,MEDIUM,source_filename,4.0,96.0,Captan,multi_4_6,low,partial,4.0,MEDIUM,workbook_pct
MIX840,Potassium Silicate (Agsil25) (Sodium silicate powder),UNKNOWN,powder,industrial_chemical,unknown,MEDIUM,name_explicit,NONE,[],['none_identified'],none,[],1.0,MEDIUM,snippet_keywords,study/skin_irritation_human,,,unknown,unknown,HIGH,,,EU_REACH,not_registered,False,True,sds_full,HIGH,reach_text,29.1,70.9,Potassium silicate,binary,medium,exact,2.0,HIGH,workbook_pct
MIX841,Benefin(98.2%),UNKNOWN,unknown,consumer_product,unknown,MEDIUM,evidence_snippet,DANGER,"['skin_corrosion_2', 'eye_damage_1', 'stot_repeated_1', 'aquatic_chronic_2']",['dermal'],aquatic_chronic,"['H315', 'H318', 'H372', 'H412']",4.0,HIGH,sds_section2,agricultural/herbicide,['weeds'],,spray,pre_emergent,MEDIUM,,,RESEARCH_ONLY,not_registered,False,True,sds_partial,HIGH,source_filename,,,"Benzoin gum, Sumatra",single,very_high,none,1.0,LOW,name_inference
MIX842,Clincher CA,UNKNOWN,liquid,pesticide/herbicide,unknown,LOW,no_basis,UNKNOWN,[],['none_identified'],unknown,[],0.0,LOW,no_basis,agricultural/herbicide,['grasses'],['rice'],spray,post_emergent,MEDIUM,,,UNKNOWN,unknown,,False,unknown,LOW,no_basis,,,2-Butoxyethanol,single,unknown,none,1.0,LOW,workbook_ingredients
MIX843,Cyproconazole 40WG,WG,granule,pesticide/fungicide,concentrate,HIGH,name_explicit,UNKNOWN,[],['none_identified'],unknown,[],0.0,LOW,no_basis,agricultural/fungicide,['fungi'],,spray,systemic,MEDIUM,,,UNKNOWN,unknown,,False,sds_full,LOW,no_basis,,,Cyproconazole,unknown,medium,none,1.0,LOW,name_inference
MIX844,Ethofumesate,UNKNOWN,unknown,pesticide/herbicide,unknown,LOW,no_basis,WARNING,[],['dermal'],aquatic_acute,[],2.0,MEDIUM,snippet_keywords,agricultural/herbicide,"['weeds', 'grasses']",['sugar beet'],spray,residual,MEDIUM,,,RESEARCH_ONLY,not_registered,False,False,sds_partial,HIGH,source_filename,,,Ethofumesate,binary,unknown,none,2.0,MEDIUM,source_text
MIX845,F6132 G Insecticide,GR,granule,pesticide/insecticide,concentrate,HIGH,evidence_snippet,CAUTION,['carcinogenicity_1A'],['inhalation'],none,[],3.0,MEDIUM,sds_section2,agricultural/insecticide,,,unknown,contact,HIGH,,,RESEARCH_ONLY,not_registered,True,False,sds_partial,HIGH,source_filename,,,Zeta-cypermethrin,unknown,unknown,none,1.0,LOW,source_text
MIX846,Fenhexamid(50%),EC,liquid,pesticide/fungicide,concentrate,HIGH,evidence_snippet,CAUTION,['aquatic_chronic_2'],['none_identified'],aquatic_chronic,['H411'],2.0,HIGH,sds_section2,agricultural/fungicide,"['mold', 'botrytis']",,spray,preventive,MEDIUM,,,EU_REACH,not_registered,False,True,sds_full,HIGH,reach_text,,,Fenhexamid,unknown,high,none,1.0,LOW,name_inference
MIX847,FLUFENPYR-ETHYL,EC,liquid,pesticide/herbicide,concentrate,HIGH,evidence_snippet,WARNING,"['skin_corrosion_2', 'eye_damage_2', 'stot_single_3', 'aquatic_acute_1', 'aquatic_chronic_1']",['inhalation'],both,"['H315', 'H319', 'H335', 'H400', 'H410']",3.0,HIGH,sds_section2,agricultural/herbicide,['broadleaf weeds'],,spray,post_emergent,MEDIUM,,,RESEARCH_ONLY,not_registered,False,False,sds_full,HIGH,source_filename,,,Flufenpyr-ethyl,unknown,unknown,none,1.0,LOW,name_inference
MIX848,Magnate 75 SG (74.25%),SG,granule,pesticide/fungicide,concentrate,HIGH,name_explicit,WARNING,"['skin_sensitization_1', 'reproductive_toxicity_2']",['dermal'],aquatic_acute,[],3.0,MEDIUM,sds_section2,agricultural/fungicide,"['fungi', 'blight']",,spray,preventive,MEDIUM,,,RESEARCH_ONLY,not_registered,False,False,sds_partial,HIGH,source_filename,,,Mancozeb,binary,very_high,none,2.0,MEDIUM,name_inference
MIX849,MON 37500,EC,liquid,pesticide/herbicide,concentrate,MEDIUM,evidence_snippet,DANGER,"['flammable_liquid_2', 'skin_corrosion_2', 'reproductive_toxicity_2', 'stot_single_3', 'stot_repeated_2', 'aquatic_chronic_3']",['inhalation'],aquatic_chronic,"['H225', 'H315', 'H336', 'H373', 'H304', 'H412']",4.0,HIGH,sds_section2,agricultural/herbicide,"['grasses', 'weeds']",['wheat'],spray,post_emergent,LOW,,,EU_REACH,not_registered,False,True,sds_full,HIGH,reach_text,,,UNKNOWN,unknown,unknown,none,1.0,LOW,no_basis
MIX85,Bengal Dry Roach Spray,RTU,liquid,pesticide/insecticide,ready-to-use,MEDIUM,pattern_inferred,UNKNOWN,[],['none_identified'],unknown,[],0.0,LOW,no_basis,study/skin_irritation_human,,,unknown,unknown,HIGH,,,RESEARCH_ONLY,not_registered,False,False,sds_partial,HIGH,source_filename,,98.0,Permethrin,binary,ultra_low,approximate,2.0,MEDIUM,workbook_pct
MIX850,Tebuconazole (HWG-1608; Folicur) (15%),UNKNOWN,unknown,pesticide/fungicide,concentrate,MEDIUM,evidence_snippet,WARNING,"['acute_toxicity_oral_4', 'reproductive_toxicity_2']",['oral'],unknown,[],3.0,MEDIUM,sds_section2,agricultural/fungicide,['fungi'],,spray,systemic,MEDIUM,,264-748,US_EPA,registered_active,False,False,sds_full,HIGH,epa_reg_found,,,Tebuconazole,unknown,low,none,1.0,LOW,name_inference
MIX851,Tebuconazole (HWG-1608; Folicur) (15.4%),UNKNOWN,unknown,pesticide/fungicide,unknown,LOW,no_basis,UNKNOWN,[],['none_identified'],unknown,[],0.0,LOW,no_basis,agricultural/fungicide,['fungi'],,spray,systemic,MEDIUM,,,UNKNOWN,unknown,,False,sds_full,LOW,no_basis,,,Tebuconazole,unknown,low,none,1.0,LOW,name_inference
MIX852,Tebuconazole (HWG-1608; Folicur) (16.6%),UNKNOWN,unknown,pesticide/fungicide,unknown,LOW,no_basis,UNKNOWN,[],['none_identified'],unknown,[],0.0,LOW,no_basis,agricultural/fungicide,['fungi'],,spray,systemic,MEDIUM,,,UNKNOWN,unknown,,False,sds_full,LOW,no_basis,,,Tebuconazole,unknown,low,none,1.0,LOW,name_inference
MIX853,Tebuconazole (HWG-1608; Folicur) (93.4%),EC,liquid,pesticide/fungicide,concentrate,MEDIUM,evidence_snippet,WARNING,"['acute_toxicity_oral_4', 'reproductive_toxicity_2', 'aquatic_acute_1', 'aquatic_chronic_1']",['oral'],both,"['H302', 'H400', 'H410']",3.0,HIGH,sds_section2,agricultural/fungicide,['fungi'],,spray,systemic,MEDIUM,,,EU_REACH,not_registered,False,False,sds_full,MEDIUM,reach_text,,,Tebuconazole,unknown,very_high,partial,1.0,LOW,name_inference
MIX854,Tebuconazole (HWG-1608; Folicur) (96.2%),EC,liquid,pesticide/fungicide,concentrate,MEDIUM,evidence_snippet,WARNING,"['acute_toxicity_oral_4', 'reproductive_toxicity_2', 'aquatic_acute_1', 'aquatic_chronic_1']",['oral'],both,"['H302', 'H400', 'H410']",3.0,HIGH,sds_section2,agricultural/fungicide,['fungi'],,spray,systemic,MEDIUM,,,EU_REACH,not_registered,False,False,sds_full,MEDIUM,reach_text,,,Tebuconazole,unknown,very_high,partial,1.0,LOW,name_inference
MIX855,Tebuconazole Fungicide(97.4),WDG,granule,pesticide/fungicide,concentrate,MEDIUM,evidence_snippet,WARNING,['carcinogenicity_2'],"['oral', 'inhalation']",unknown,[],3.0,MEDIUM,sds_section2,agricultural/fungicide,['fungi'],,spray,systemic,HIGH,,,RESEARCH_ONLY,not_registered,False,False,sds_partial,HIGH,source_filename,,,Tebuconazole,single,very_high,none,1.0,MEDIUM,source_text
MIX856,Pseudo lilyl acetate,UNKNOWN,liquid,consumer_product,unknown,LOW,evidence_snippet,UNKNOWN,[],['none_identified'],unknown,[],0.0,LOW,no_basis,industrial/chemical,,,unknown,unknown,LOW,,,RESEARCH_ONLY,not_registered,False,False,sds_partial,HIGH,source_filename,,,Linalyl acetate,single,unknown,none,1.0,MEDIUM,source_text
MIX857,Terpinyl acetate,UNKNOWN,liquid,industrial_chemical,concentrate,MEDIUM,pattern_inferred,UNKNOWN,[],['none_identified'],unknown,[],0.0,LOW,no_basis,study/skin_irritation,,,unknown,unknown,HIGH,source_filename,,EU_REACH,not_registered,,,sds_full,MEDIUM,source_filename,85.0,15.0,alpha-Terpinyl acetate,single,very_high,exact,1.0,,
MIX858,Methyl and propyl parabens,UNKNOWN,powder,pharmaceutical,concentrate,MEDIUM,pattern_inferred,WARNING,"['skin_irritation_2', 'eye_irritation_2', 'stot_single_3']",['none_identified'],none,"['H315', 'H320', 'H335']",3.0,HIGH,sds_section2,study/skin_irritation,,,unknown,unknown,HIGH,source_filename,,MULTI,not_registered,False,,sds_full,MEDIUM,source_filename,100.0,0.0,Methylparaben,single,very_high,exact,1.0,,
MIX859,Angelica seed oil,UNKNOWN,liquid,consumer_product,concentrate,MEDIUM,pattern_inferred,UNKNOWN,[],['none_identified'],unknown,[],0.0,LOW,no_basis,study/skin_irritation,,,unknown,unknown,HIGH,source_filename,,UNKNOWN,not_registered,,,sds_partial,LOW,no_basis,,,ANGELICA ARCHANGELICA SEED OIL,unknown,unknown,none,1.0,,
MIX86,Captevate 68 WDG,WDG,granule,pesticide/fungicide,concentrate,HIGH,name_explicit,DANGER,"['acute_toxicity_inhalation_3', 'eye_damage_1', 'skin_sensitization_1', 'carcinogenicity_2', 'stot_repeated_2']",['inhalation'],aquatic_acute,"['H331', 'H318', 'H317', 'H351', 'H373']",5.0,HIGH,sds_section2,agricultural/fungicide,"['fungi', 'mold']",,spray,preventive,HIGH,ingredient_inference,66330-48,US_EPA,registered_active,True,,epa_label,HIGH,epa_reg_found,65.0,35.0,Captan,binary,very_high,approximate,2.0,,
MIX860,Ambrette seed oil,EC,liquid,consumer_product,concentrate,HIGH,evidence_snippet,NONE,['aquatic_chronic_3'],['none_identified'],aquatic_chronic,['H412'],2.0,HIGH,sds_section2,study/skin_irritation,,,unknown,unknown,HIGH,source_filename,,EU_REACH,not_registered,False,,sds_full,MEDIUM,reach_text,,,Farnesol,single,unknown,none,1.0,,
MIX861,Anise oil,UNKNOWN,liquid,consumer_product,concentrate,MEDIUM,pattern_inferred,UNKNOWN,[],['none_identified'],unknown,[],0.0,LOW,snippet_keywords,study/skin_irritation,,,unknown,unknown,HIGH,source_filename,,UNKNOWN,not_registered,,,sds_partial,LOW,no_basis,,,ANISE SEED OIL,single,unknown,none,1.0,,
MIX862,Angelica root oil,UNKNOWN,liquid,consumer_product,concentrate,MEDIUM,pattern_inferred,UNKNOWN,[],['none_identified'],unknown,[],0.0,LOW,no_basis,study/skin_irritation,,,unknown,unknown,HIGH,source_filename,,UNKNOWN,not_registered,False,,sds_partial,LOW,no_basis,,,Angelica Archangelica Root Oil,binary,unknown,none,2.0,,
MIX863,Balsam tolu,UNKNOWN,liquid,consumer_product,concentrate,MEDIUM,evidence_snippet,WARNING,"['skin_irritation_2', 'eye_irritation_2']",['none_identified'],none,[],2.0,MEDIUM,sds_section2,study/skin_irritation,,,unknown,unknown,HIGH,source_filename,,UNKNOWN,not_registered,False,,sds_full,MEDIUM,source_filename,,,,single,unknown,none,1.0,,
MIX864,Mimosa absolute,UNKNOWN,liquid,consumer_product,concentrate,LOW,pattern_inferred,UNKNOWN,[],['none_identified'],unknown,[],0.0,LOW,no_basis,study/skin_irritation,,,unknown,unknown,HIGH,source_filename,,EU_REACH,not_registered,False,,sds_full,MEDIUM,reach_text,,,Mimosa absolute,single,unknown,none,1.0,,
MIX865,"Nutmeg oil, east Indian",UNKNOWN,liquid,consumer_product,concentrate,MEDIUM,evidence_snippet,DANGER,"['flammable_liquid_3', 'skin_irritation_2', 'skin_sensitization_1', 'germ_cell_mutagenicity_2', 'carcinogenicity_1B', 'aquatic_acute_1', 'aquatic_chronic_1']",['none_identified'],aquatic_acute_and_chronic,"['H226', 'H315', 'H317', 'H319', 'H341', 'H350', 'H400', 'H410']",5.0,HIGH,sds_section2,study/skin_irritation,,,unknown,unknown,HIGH,source_filename,,UNKNOWN,not_registered,False,,sds_full,MEDIUM,source_filename,20.0,80.0,(+-)-alpha-Pinene,single,medium,approximate,1.0,,
MIX866,Tobacco leaf absolute,UNKNOWN,liquid,consumer_product,concentrate,MEDIUM,pattern_inferred,UNKNOWN,[],['none_identified'],unknown,[],0.0,LOW,snippet_keywords,study/skin_irritation,,,unknown,unknown,HIGH,source_filename,,EU_REACH,not_registered,False,True,sds_full,MEDIUM,reach_text,95.0,5.0,Ethanol,single,very_high,exact,1.0,,
MIX867,Birch tar oil,UNKNOWN,liquid,industrial_chemical,concentrate,LOW,no_basis,UNKNOWN,"['skin_irritation_2', 'eye_irritation_2A']",['none_identified'],unknown,"['H315', 'H319']",2.0,MEDIUM,snippet_keywords,study/skin_irritation,,,unknown,unknown,HIGH,source_filename,,UNKNOWN,not_registered,False,,sds_full,MEDIUM,source_filename,,,,single,unknown,none,1.0,,
MIX868,Juniperus phoenicea oil,EC,liquid,consumer_product,concentrate,HIGH,evidence_snippet,DANGER,"['flammable_liquid_3', 'acute_toxicity_oral_4', 'aspiration_hazard_1', 'skin_irritation_2', 'skin_sensitization_1', 'aquatic_acute_1', 'aquatic_chronic_1']",['oral'],aquatic_acute_and_chronic,"['H226', 'H302', 'H304', 'H315', 'H317', 'H400', 'H410']",2.0,HIGH,sds_section2,study/skin_irritation,,,unknown,unknown,HIGH,source_filename,,EU_REACH,not_registered,False,,sds_full,MEDIUM,reach_text,,,(+)-Limonene,single,unknown,none,1.0,,
MIX869,Methyl abietate,UNKNOWN,unknown,industrial_chemical,unknown,LOW,no_basis,UNKNOWN,[],['none_identified'],unknown,[],0.0,LOW,snippet_keywords,study/skin_irritation,,,unknown,unknown,HIGH,source_filename,,UNKNOWN,not_registered,False,,sds_full,MEDIUM,source_filename,,,Methyl Abietate,single,unknown,none,1.0,,
MIX87,Bentazone,UNKNOWN,unknown,pesticide/herbicide,concentrate,MEDIUM,pattern_inferred,WARNING,[],"['oral', 'dermal', 'inhalation']",unknown,[],2.0,MEDIUM,sds_section2,agricultural/herbicide,['weeds'],,spray,post_emergent,HIGH,product_name,,US_EPA,not_registered,False,,product_page,MEDIUM,source_filename,,,,unknown,unknown,none,1.0,,
MIX870,Grisalva,UNKNOWN,unknown,industrial_chemical,unknown,LOW,no_basis,UNKNOWN,[],['none_identified'],unknown,[],0.0,LOW,no_basis,study/skin_irritation,,,unknown,unknown,HIGH,source_filename,,UNKNOWN,not_registered,False,,sds_partial,LOW,no_basis,,,,binary,unknown,none,2.0,,
MIX871,"Balsam, Canadian",UNKNOWN,liquid,research_compound,concentrate,MEDIUM,pattern_inferred,UNKNOWN,[],['none_identified'],unknown,[],0.0,LOW,no_basis,study/skin_irritation,,,unknown,unknown,HIGH,source_filename,,UNKNOWN,not_registered,False,,sds_full,MEDIUM,source_filename,,,Canada balsam,single,unknown,none,1.0,,
MIX872,Bran absolute,UNKNOWN,unknown,industrial_chemical,unknown,LOW,no_basis,UNKNOWN,[],['none_identified'],unknown,[],0.0,LOW,no_basis,study/skin_irritation,,,unknown,unknown,HIGH,source_filename,,UNKNOWN,not_registered,,,unknown,LOW,no_basis,,,,unknown,unknown,none,1.0,,
MIX873,Origanum oil,EC,liquid,consumer_product,concentrate,HIGH,evidence_snippet,DANGER,"['acute_toxicity_oral_4', 'acute_toxicity_dermal_4', 'skin_irritation_2', 'skin_sensitization_1', 'aspiration_hazard_1', 'aquatic_chronic_3']","['oral', 'dermal']",aquatic_chronic,"['H302', 'H312', 'H315', 'H317', 'H304', 'H412']",2.0,HIGH,sds_section2,study/skin_irritation,,,unknown,unknown,HIGH,source_filename,,EU_REACH,not_registered,False,,sds_full,MEDIUM,reach_text,,,Oil of origanum,single,unknown,none,1.0,,
MIX874,Tuberose concrete,UNKNOWN,liquid,consumer_product,concentrate,MEDIUM,evidence_snippet,DANGER,"['skin_irritation_2', 'skin_sensitization_1', 'eye_damage_1', 'germ_cell_mutagenicity_2', 'carcinogenicity_2', 'reproductive_toxicity_2', 'aspiration_hazard_1', 'aquatic_acute_3', 'aquatic_chronic_3']",['none_identified'],aquatic_acute_and_chronic,"['H315', 'H317', 'H318', 'H341', 'H351', 'H361', 'H304', 'H402', 'H412']",5.0,HIGH,sds_section2,study/skin_irritation,,,unknown,unknown,HIGH,source_filename,,EU_REACH,not_registered,False,,sds_full,MEDIUM,reach_text,,,Tuberose absolute,single,unknown,none,1.0,,
MIX875,Rose oil Bulgarian,UNKNOWN,liquid,consumer_product,concentrate,MEDIUM,evidence_snippet,DANGER,"['aspiration_hazard_1', 'acute_toxicity_dermal_5', 'skin_irritation_2', 'skin_sensitization_1', 'eye_damage_1', 'germ_cell_mutagenicity_2', 'carcinogenicity_2', 'aquatic_acute_2', 'aquatic_chronic_3']",['dermal'],aquatic_acute_and_chronic,"['H304', 'H313', 'H315', 'H317', 'H318', 'H341', 'H351', 'H401', 'H412']",5.0,HIGH,sds_section2,study/skin_irritation,,,unknown,unknown,HIGH,source_filename,,EU_REACH,not_registered,False,,sds_full,MEDIUM,reach_text,,,Rose oil,single,unknown,none,1.0,,
MIX876,Rose oil Moroccan,UNKNOWN,liquid,consumer_product,concentrate,MEDIUM,pattern_inferred,UNKNOWN,[],['none_identified'],unknown,[],0.0,LOW,no_basis,study/skin_irritation,,,unknown,unknown,HIGH,source_filename,,UNKNOWN,not_registered,,,unknown,LOW,no_basis,,,,unknown,unknown,none,1.0,,
MIX877,Rose absolute French,UNKNOWN,liquid,consumer_product,concentrate,MEDIUM,evidence_snippet,DANGER,['skin_irritation_2'],['none_identified'],unknown,[],2.0,MEDIUM,sds_section2,study/skin_irritation,,,unknown,unknown,HIGH,source_filename,,UNKNOWN,not_registered,False,,sds_full,MEDIUM,source_filename,100.0,0.0,Rose oil,unknown,very_high,exact,1.0,,
MIX878,Artemisia oil (wormwood),UNKNOWN,liquid,consumer_product,concentrate,MEDIUM,pattern_inferred,NONE,[],['none_identified'],none,[],0.0,MEDIUM,sds_section2,study/skin_irritation,,,unknown,unknown,HIGH,source_filename,,UNKNOWN,not_registered,False,,sds_full,MEDIUM,source_filename,100.0,0.0,Artemisia absinthum oil extract,single,very_high,exact,1.0,,
MIX879,Cade oil rectified (juniper tar),UNKNOWN,liquid,industrial_chemical,concentrate,MEDIUM,pattern_inferred,UNKNOWN,[],['none_identified'],unknown,[],0.0,LOW,no_basis,study/skin_irritation,,,unknown,unknown,HIGH,source_filename,,UNKNOWN,not_registered,,,unknown,LOW,no_basis,,,Cade oil,single,unknown,none,1.0,,
MIX88,Capture 1.15G,GR,granule,pesticide/insecticide,ready-to-use,HIGH,name_explicit,NONE,[],['none_identified'],none,[],1.0,HIGH,sds_section3_no_hazard_classification,study/skin_irritation_human,,,unknown,unknown,HIGH,source_filename,,RESEARCH_ONLY,not_registered,False,,sds_partial,HIGH,source_filename,2.0,98.0,Polypropylene,ternary,ultra_low,partial,3.0,,
MIX880,Oil rose Turkish,UNKNOWN,liquid,consumer_product,concentrate,LOW,pattern_inferred,NONE,[],['none_identified'],none,[],1.0,MEDIUM,sds_section3_uvcb_no_classification,study/skin_sensitization,,,unknown,unknown,HIGH,source_filename,,RESEARCH_ONLY,not_registered,False,,sds_partial,HIGH,source_filename,,,ROSE OIL TURKISH,binary,unknown,none,2.0,,
MIX881,Parsley seed oil,UNKNOWN,liquid,consumer_product,concentrate,MEDIUM,evidence_snippet,WARNING,"['flammable_liquid_3', 'acute_toxicity_oral_5', 'skin_corrosion_2', 'eye_irritation_2', 'stot_single_3']",['oral'],none,"['H226', 'H303', 'H315', 'H319', 'H335']",3.0,HIGH,sds_section2,study/skin_sensitization,,,unknown,unknown,HIGH,source_filename,,RESEARCH_ONLY,not_registered,False,,sds_full,HIGH,source_filename,,,Petroselinum sativum (Parsley) Seed Oil,binary,unknown,none,2.0,,
MIX882,Tagetes oil,UNKNOWN,liquid,consumer_product,concentrate,LOW,pattern_inferred,WARNING,"['flammable_liquid_3', 'acute_toxicity_oral_5', 'skin_corrosion_2', 'skin_sensitization_1', 'aquatic_acute_2', 'aquatic_chronic_2']",['oral'],aquatic_chronic,[],3.0,MEDIUM,snippet_classification_codes,study/skin_sensitization,,,unknown,unknown,HIGH,source_filename,,RESEARCH_ONLY,not_registered,False,True,sds_full,HIGH,reach_text,,,Tagetes minuta essential oil,single,unknown,none,1.0,,
MIX883,Parsley herb oil,UNKNOWN,liquid,consumer_product,concentrate,MEDIUM,evidence_snippet,WARNING,"['flammable_liquid_3', 'acute_toxicity_oral_5', 'aspiration_hazard_1', 'skin_corrosion_2', 'skin_sensitization_1', 'eye_irritation_2', 'aquatic_acute_2', 'aquatic_chronic_2']","['oral', 'inhalation']",aquatic_chronic,"['H304', 'H303', 'H319', 'H401', 'H411', 'H226', 'H315', 'H317']",3.0,HIGH,sds_section2,study/skin_sensitization,,,unknown,unknown,HIGH,source_filename,,RESEARCH_ONLY,not_registered,False,,sds_full,HIGH,source_filename,,,PARSLEY HERB OIL,unknown,unknown,none,1.0,,
MIX884,Laurel leaf oil,EC,liquid,consumer_product,concentrate,HIGH,name_explicit,DANGER,"['flammable_liquid_3', 'aspiration_hazard_1', 'skin_corrosion_2', 'skin_sensitization_1', 'eye_irritation_2', 'mutagenicity_2', 'carcinogenicity_2']",['oral'],none,"['H226', 'H304', 'H315', 'H317', 'H319', 'H341', 'H351']",5.0,HIGH,sds_section2,study/skin_sensitization,,,unknown,unknown,HIGH,source_filename,,RESEARCH_ONLY,not_registered,False,,sds_full,HIGH,source_filename,34.8,65.2,Cineoles,binary,medium,partial,2.0,,
MIX885,Jonquil absolute,UNKNOWN,liquid,consumer_product,concentrate,MEDIUM,evidence_snippet,NONE,[],['none_identified'],none,[],1.0,HIGH,sds_section2_not_classified,study/skin_sensitization,,,unknown,unknown,HIGH,source_filename,,RESEARCH_ONLY,not_registered,False,,sds_partial,HIGH,source_filename,,,Narcissus jonquilla absolute,single,unknown,none,1.0,,
MIX886,Violet leaf absolute,UNKNOWN,liquid,consumer_product,concentrate,MEDIUM,evidence_snippet,NONE,[],['none_identified'],none,[],1.0,MEDIUM,sds_section3_no_classification,study/skin_sensitization,,,unknown,unknown,HIGH,source_filename,,RESEARCH_ONLY,not_registered,False,,sds_full,HIGH,source_filename,,,VIOLET LEAF ABSOLUTE,binary,unknown,none,2.0,,
MIX887,Hydroxycitronellal-indole (Schiff base),UNKNOWN,liquid,research_compound,unknown,LOW,pattern_inferred,NONE,[],['none_identified'],none,[],1.0,MEDIUM,sds_section3_no_classification,study/skin_sensitization,,,unknown,unknown,HIGH,source_filename,,RESEARCH_ONLY,not_registered,False,,sds_full,HIGH,source_filename,,,Hydroxycitronellal,single,unknown,none,1.0,,
MIX888,Fenugreek absolute,UNKNOWN,liquid,consumer_product,concentrate,MEDIUM,evidence_snippet,NONE,[],['none_identified'],none,[],0.0,HIGH,sds_section2_not_hazardous,study/skin_sensitization,,,unknown,unknown,HIGH,source_filename,,RESEARCH_ONLY,not_registered,False,,sds_full,HIGH,source_filename,,,Fenugreek Absolute,binary,unknown,none,2.0,,
MIX889,"Fir needle oil, Siberian",UNKNOWN,liquid,consumer_product,concentrate,MEDIUM,evidence_snippet,DANGER,"['flammable_liquid_3', 'aspiration_hazard_1', 'skin_irritation_2', 'skin_sensitization_1', 'eye_irritation_2', 'aquatic_acute_1', 'aquatic_chronic_1']","['oral', 'inhalation']",aquatic_acute_and_chronic,"['H226', 'H315', 'H317', 'H319', 'H304', 'H400', 'H410']",4.0,HIGH,sds_section2,study/skin_sensitization,,,unknown,unknown,HIGH,source_filename,,RESEARCH_ONLY,not_registered,False,,sds_full,HIGH,source_filename,,,Camphene,single,unknown,none,1.0,,
MIX89,Betamix,UNKNOWN,liquid,pesticide/herbicide,concentrate,MEDIUM,pattern_inferred,NONE,[],['none_identified'],none,[],1.0,MEDIUM,sds_section3_no_classification,agricultural/herbicide,"['weeds', 'broadleaf']",,unknown,unknown,HIGH,product_name,,RESEARCH_ONLY,not_registered,False,,sds_partial,HIGH,source_filename,40.0,60.0,desmedipham,binary,medium,approximate,2.0,,
MIX890,Lovage oil,UNKNOWN,liquid,consumer_product,concentrate,LOW,no_basis,UNKNOWN,[],['none_identified'],unknown,[],0.0,LOW,no_basis,study/skin_sensitization,,,unknown,unknown,HIGH,source_filename,,RESEARCH_ONLY,not_registered,False,,unknown,MEDIUM,source_filename,,,Lovage oil,single,unknown,none,1.0,,
MIX891,Orris absolute,UNKNOWN,liquid,consumer_product,concentrate,MEDIUM,evidence_snippet,WARNING,"['flammable_liquid_3', 'eye_irritation_2']",['none_identified'],none,"['H226', 'H319']",2.0,HIGH,sds_section2,study/skin_sensitization,,,unknown,unknown,HIGH,source_filename,,RESEARCH_ONLY,not_registered,False,,sds_full,HIGH,source_filename,,,Orris Root Extract,single,unknown,none,1.0,,
MIX892,Honeysuckle absolute,UNKNOWN,liquid,consumer_product,ready-to-use,MEDIUM,evidence_snippet,DANGER,['flammable_gas_1'],['none_identified'],none,['H222'],2.0,HIGH,sds_section2,study/skin_sensitization,,,unknown,unknown,HIGH,source_filename,,RESEARCH_ONLY,not_registered,False,,sds_full,HIGH,source_filename,,,Honeysuckle,unknown,unknown,none,1.0,,
MIX893,Narcissus absolute,EC,liquid,consumer_product,concentrate,HIGH,name_explicit,WARNING,"['skin_irritation_2', 'eye_irritation_2', 'skin_sensitization_1', 'aquatic_chronic_3']",['none_identified'],aquatic_chronic,"['H315', 'H319', 'H317', 'H412']",2.0,HIGH,sds_section2,study/skin_sensitization,,,unknown,unknown,HIGH,source_filename,,RESEARCH_ONLY,not_registered,False,True,sds_full,HIGH,reach_text,20.0,80.0,BENZYL ACETATE,single,medium,approximate,1.0,,
MIX894,Lemongrass oil West Indian,UNKNOWN,liquid,consumer_product,concentrate,MEDIUM,evidence_snippet,UNKNOWN,[],['none_identified'],unknown,[],0.0,LOW,no_basis,study/skin_sensitization,,,unknown,unknown,HIGH,source_filename,,RESEARCH_ONLY,not_registered,False,,sds_full,HIGH,source_filename,,,LEMONGRASS OIL,single,unknown,none,1.0,,
MIX895,Immortelle absolute,UNKNOWN,liquid,consumer_product,concentrate,MEDIUM,evidence_snippet,WARNING,"['flammable_liquid_4', 'aquatic_chronic_3']",['none_identified'],aquatic_chronic,"['H227', 'H412']",2.0,HIGH,sds_section2,study/skin_sensitization,,,unknown,unknown,HIGH,source_filename,,RESEARCH_ONLY,not_registered,False,,sds_full,HIGH,source_filename,,,IMMORTELLE ABSOLUTE,unknown,unknown,none,1.0,,
MIX896,Galbanum oil,UNKNOWN,liquid,consumer_product,concentrate,MEDIUM,evidence_snippet,DANGER,"['flammable_liquid_3', 'acute_toxicity_oral_5', 'aspiration_hazard_1', 'skin_corrosion_2', 'skin_sensitization_1', 'aquatic_acute_1', 'aquatic_chronic_1']",['oral'],aquatic_acute_and_chronic,"['H226', 'H303', 'H304', 'H315', 'H317', 'H410']",4.0,HIGH,sds_section2,study/skin_sensitization,,,unknown,unknown,HIGH,source_filename,,RESEARCH_ONLY,not_registered,False,,sds_full,HIGH,source_filename,,,Galbanum oil,unknown,unknown,none,1.0,,
MIX897,"Basil oil, sweet",UNKNOWN,liquid,consumer_product,concentrate,MEDIUM,evidence_snippet,UNKNOWN,[],['none_identified'],unknown,[],0.0,LOW,no_basis,study/skin_sensitization,,,unknown,unknown,HIGH,source_filename,,RESEARCH_ONLY,not_registered,False,,sds_full,HIGH,source_filename,,,BASIL OIL,single,unknown,none,1.0,,
MIX898,Caraway oil,UNKNOWN,liquid,consumer_product,concentrate,MEDIUM,evidence_snippet,UNKNOWN,[],['none_identified'],unknown,[],0.0,LOW,no_basis,study/skin_sensitization,,,unknown,unknown,HIGH,source_filename,,RESEARCH_ONLY,not_registered,False,,sds_full,HIGH,source_filename,,,CARAWAY OIL,single,unknown,none,1.0,,
MIX899,Castoreum,UNKNOWN,liquid,consumer_product,concentrate,MEDIUM,evidence_snippet,NONE,[],['none_identified'],none,[],1.0,MEDIUM,sds_section3_ethanol_dilution,study/skin_sensitization,,,unknown,unknown,HIGH,source_filename,,RESEARCH_ONLY,not_registered,False,,sds_partial,HIGH,source_filename,50.0,50.0,Ethyl alcohol,single,high,exact,1.0,,
MIX9,Acticide MKW1,UNKNOWN,liquid,industrial_chemical,concentrate,MEDIUM,pattern_inferred,DANGER,"['acute_toxicity_oral_4', 'acute_toxicity_dermal_3', 'acute_toxicity_inhalation_3', 'skin_corrosion_1B', 'eye_damage_1', 'skin_sensitization_1', 'aquatic_acute_1', 'aquatic_chronic_1']","['oral', 'dermal', 'inhalation']",aquatic_acute_and_chronic,"['H302', 'H311', 'H331', 'H314', 'H318', 'H400', 'H410']",4.0,HIGH,sds_section3,industrial/cleaning,"['bacteria', 'fungi']",,unknown,unknown,MEDIUM,ingredient_inference,,RESEARCH_ONLY,not_registered,False,,sds_full,HIGH,source_filename,46.5,53.5,2-n-Octyl-4-isothiazolin-3-one,binary,high,partial,2.0,,
MIX90,Cavicide 1,UNKNOWN,liquid,cleaning_disinfectant,ready-to-use,MEDIUM,pattern_inferred,WARNING,"['flammable_liquid_3', 'eye_irritation_2', 'acute_toxicity_oral_4']",['oral'],none,[],2.0,MEDIUM,sds_section3_component_hazards,public_health/disinfectant,"['bacteria', 'viruses']",,spray,unknown,HIGH,product_name,,RESEARCH_ONLY,not_registered,False,,sds_full,HIGH,source_filename,2.0,98.0,Didecyldimethylammonium chloride,multi_4_6,ultra_low,partial,4.0,,
MIX900,Civet absolute,EC,liquid,consumer_product,concentrate,HIGH,name_explicit,DANGER,"['eye_damage_1', 'skin_irritation_2']",['none_identified'],none,"['H318', 'H315']",4.0,HIGH,sds_section2,study/skin_sensitization,,,unknown,unknown,HIGH,source_filename,,RESEARCH_ONLY,not_registered,False,,sds_full,HIGH,source_filename,,,Civet absolute,unknown,unknown,none,1.0,,
MIX901,"Costus root, essential oil, absolute and concrete",,liquid,consumer_product,unknown,LOW,name_explicit,NONE,[],['none_identified'],unknown,[],1.0,LOW,snippet_keywords,study/skin_irritation,,,unknown,unknown,HIGH,source_filename,,RESEARCH_ONLY,not_registered,False,False,sds_full,HIGH,source_filename,,,Costus root essential oil,binary,unknown,none,2.0,,
MIX902,Cedar leaf oil,,liquid,consumer_product,concentrate,MEDIUM,evidence_snippet,WARNING,"['flammable_liquid_3', 'acute_toxicity_oral_4', 'acute_toxicity_dermal_5', 'skin_irritation_2']","['oral', 'dermal']",none,"['H226', 'H302', 'H313', 'H315']",3.0,HIGH,sds_section2,study/skin_irritation,,,unknown,unknown,HIGH,source_filename,,RESEARCH_ONLY,not_registered,False,False,sds_full,HIGH,source_filename,,,Thuja occidentalis (Cedar) Leaf Oil,single,unknown,none,1.0,,
MIX903,Celery seed oil,,liquid,consumer_product,concentrate,MEDIUM,evidence_snippet,NONE,[],['none_identified'],unknown,[],1.0,LOW,no_basis,study/skin_irritation,,,unknown,unknown,HIGH,source_filename,,RESEARCH_ONLY,not_registered,False,False,sds_full,HIGH,source_filename,100.0,0.0,Celery seed oil,single,very_high,exact,1.0,,
MIX904,Estragon oil,,liquid,consumer_product,unknown,LOW,name_explicit,UNKNOWN,[],['none_identified'],unknown,[],0.0,LOW,no_basis,study/skin_irritation,,,unknown,unknown,HIGH,source_filename,,RESEARCH_ONLY,not_registered,False,False,product_page,HIGH,source_filename,,,Estragon oil,single,unknown,none,1.0,,
MIX905,Chamomile oil German,EC,liquid,consumer_product,concentrate,HIGH,name_explicit,DANGER,"['aspiration_hazard_1', 'aquatic_chronic_3']",['inhalation'],aquatic_chronic,"['H304', 'H412']",4.0,HIGH,sds_section2,study/skin_irritation,,,unknown,unknown,HIGH,source_filename,,EU_REACH,not_registered,False,True,sds_full,HIGH,reach_text,,,Chamomile oil blue,single,unknown,none,1.0,,
MIX906,Ginger oil,,liquid,consumer_product,concentrate,MEDIUM,evidence_snippet,DANGER,"['flammable_liquid_2', 'aspiration_hazard_1', 'skin_irritation_2', 'skin_sensitization_1', 'eye_irritation_2', 'aquatic_chronic_2']",['inhalation'],aquatic_chronic,"['H227', 'H304', 'H315', 'H317', 'H319', 'H411']",4.0,HIGH,sds_section2,study/skin_irritation,,,unknown,unknown,HIGH,source_filename,,RESEARCH_ONLY,not_registered,False,False,sds_full,HIGH,source_filename,,,Ginger extract,single,unknown,none,1.0,,
MIX907,Chamomile oil Roman,EC,liquid,consumer_product,concentrate,HIGH,name_explicit,DANGER,"['flammable_liquid_3', 'aspiration_hazard_1', 'skin_sensitization_1']",['inhalation'],none,"['H226', 'H304', 'H317']",4.0,HIGH,sds_section2,study/skin_irritation,,,unknown,unknown,HIGH,source_filename,,EU_REACH,not_registered,False,True,sds_full,HIGH,reach_text,,,Anthemis nobilis,single,unknown,none,1.0,,
MIX908,Cassia oil,,liquid,consumer_product,concentrate,HIGH,evidence_snippet,UNKNOWN,[],['none_identified'],unknown,[],0.0,LOW,no_basis,study/skin_irritation,,,unknown,unknown,HIGH,source_filename,,RESEARCH_ONLY,not_registered,False,False,sds_full,HIGH,source_filename,100.0,0.0,Cinnamomum Cassia Leaf Oil,single,very_high,exact,1.0,,
MIX909,Cyste absolute,,liquid,consumer_product,unknown,MEDIUM,name_explicit,UNKNOWN,[],['none_identified'],unknown,[],0.0,LOW,no_basis,study/skin_irritation,,,unknown,unknown,HIGH,source_filename,,UNKNOWN,unknown,,,unknown,LOW,no_basis,,,Cistus Absolute,single,unknown,none,1.0,,
MIX91,Bifenthrin,UNKNOWN,unknown,pesticide/insecticide,unknown,LOW,no_basis,UNKNOWN,[],['none_identified'],unknown,[],0.0,LOW,no_basis,study/skin_irritation_human,,,unknown,unknown,HIGH,source_filename,,RESEARCH_ONLY,not_registered,False,False,sds_partial,MEDIUM,source_filename,7.9,92.1,Bifenthrin,single,low,exact,1.0,,
MIX910,Fennel oil,EC,liquid,consumer_product,concentrate,HIGH,name_explicit,DANGER,"['aspiration_hazard_1', 'skin_irritation_2', 'skin_sensitization_1', 'aquatic_chronic_2']",['inhalation'],aquatic_chronic,"['H304', 'H315', 'H317', 'H411']",4.0,HIGH,sds_section2,study/skin_irritation,,,unknown,unknown,HIGH,source_filename,,RESEARCH_ONLY,not_registered,False,False,sds_full,HIGH,source_filename,,,Fennel (Sweet) Essential Oil,single,unknown,none,1.0,,
MIX911,Lemongrass oil East Indian,,liquid,consumer_product,concentrate,MEDIUM,evidence_snippet,UNKNOWN,[],['none_identified'],unknown,[],0.0,LOW,no_basis,study/skin_irritation,,,unknown,unknown,HIGH,source_filename,,RESEARCH_ONLY,not_registered,False,False,product_page,HIGH,source_filename,,,Lemongrass oil,single,unknown,none,1.0,,
MIX912,"Costus oil, absolute",,liquid,consumer_product,concentrate,MEDIUM,evidence_snippet,UNKNOWN,[],['none_identified'],unknown,[],0.0,LOW,snippet_keywords,study/skin_irritation,,,unknown,unknown,HIGH,source_filename,,RESEARCH_ONLY,not_registered,False,False,product_page,HIGH,source_filename,,,Costus oil absolute,single,unknown,none,1.0,,
MIX913,Black pepper oil,EC,liquid,consumer_product,concentrate,HIGH,name_explicit,DANGER,"['flammable_liquid_3', 'skin_irritation_2', 'skin_sensitization_1', 'aspiration_hazard_1', 'aquatic_chronic_2']",['inhalation'],aquatic_chronic,"['H226', 'H315', 'H317', 'H304', 'H411']",4.0,HIGH,sds_section2,study/skin_irritation,,,unknown,unknown,HIGH,source_filename,,EU_REACH,not_registered,False,True,sds_full,HIGH,reach_text,,,Oil of pepper,single,unknown,none,1.0,,
MIX914,Cardamom oil,EC,liquid,consumer_product,dilute,HIGH,evidence_snippet,DANGER,"['skin_sensitization_1', 'aquatic_chronic_3']",['none_identified'],aquatic_chronic,"['H317', 'H412']",2.0,HIGH,sds_section2,study/skin_irritation,,,unknown,unknown,HIGH,source_filename,,RESEARCH_ONLY,not_registered,False,False,sds_full,HIGH,source_filename,5.0,95.0,"1,8-Cineole",single,low,exact,1.0,,
MIX915,Star anise oil,,liquid,consumer_product,unknown,LOW,name_explicit,UNKNOWN,[],['none_identified'],unknown,[],0.0,LOW,no_basis,study/skin_irritation,,,unknown,unknown,HIGH,source_filename,,RESEARCH_ONLY,not_registered,False,False,product_page,HIGH,source_filename,,,Anise seed oil,single,unknown,none,1.0,,
MIX916,Camphor oil yellow,,liquid,consumer_product,unknown,MEDIUM,evidence_snippet,NONE,[],['none_identified'],none,[],1.0,MEDIUM,snippet_keywords,study/skin_irritation,,,unknown,unknown,HIGH,source_filename,,RESEARCH_ONLY,not_registered,False,False,sds_partial,HIGH,source_filename,,,DL-Camphor,single,unknown,none,1.0,,
MIX917,"Cognac oil, green",,liquid,consumer_product,unknown,MEDIUM,evidence_snippet,UNKNOWN,[],['none_identified'],unknown,[],0.0,LOW,no_basis,study/skin_irritation,,,unknown,unknown,HIGH,source_filename,,RESEARCH_ONLY,not_registered,False,False,product_page,HIGH,source_filename,,,Cognac oil,single,unknown,none,1.0,,
MIX918,Cajeput oil,,liquid,consumer_product,concentrate,MEDIUM,evidence_snippet,DANGER,"['flammable_liquid_3', 'aspiration_hazard_1', 'skin_irritation_2', 'eye_irritation_2', 'skin_sensitization_1', 'aquatic_acute_1', 'aquatic_chronic_1']",['inhalation'],both,"['H226', 'H304', 'H315', 'H317', 'H319', 'H400', 'H410']",4.0,HIGH,snippet_keywords,study/skin_irritation,,,unknown,unknown,HIGH,source_filename,,RESEARCH_ONLY,not_registered,False,False,sds_full,HIGH,source_filename,,,Cajeput oil,single,unknown,none,1.0,,
MIX919,Carrot seed oil,,liquid,consumer_product,concentrate,MEDIUM,evidence_snippet,DANGER,"['flammable_liquid_3', 'aspiration_hazard_1', 'skin_irritation_2', 'skin_sensitization_1', 'aquatic_chronic_2']",['inhalation'],aquatic_chronic,"['H226', 'H304', 'H315', 'H317', 'H411']",4.0,HIGH,sds_section2,study/skin_irritation,,,unknown,unknown,HIGH,source_filename,,RESEARCH_ONLY,not_registered,False,False,sds_full,HIGH,source_filename,,,Daucus Carota Sativa (Carrot) Seed Oil,single,unknown,none,1.0,,
MIX92,Bifenthrin 0.2% Granular,GR,granule,pesticide/insecticide,ready-to-use,HIGH,name_explicit,UNKNOWN,[],['none_identified'],unknown,[],0.0,LOW,no_basis,study/skin_irritation_human,,,unknown,unknown,HIGH,source_filename,,RESEARCH_ONLY,not_registered,False,False,sds_partial,MEDIUM,source_filename,,,Bifenithrin technical,single,unknown,none,1.0,,
MIX920,Camphor oil brown,,liquid,consumer_product,unknown,LOW,no_basis,UNKNOWN,[],['none_identified'],unknown,[],0.0,LOW,no_basis,study/skin_irritation,,,unknown,unknown,HIGH,source_filename,,UNKNOWN,unknown,,,unknown,LOW,no_basis,,,,unknown,unknown,none,0.0,,
MIX921,Cascarilla oil,,liquid,consumer_product,concentrate,MEDIUM,evidence_snippet,UNKNOWN,[],['none_identified'],unknown,[],0.0,LOW,no_basis,study/skin_irritation,,,unknown,unknown,HIGH,source_filename,,RESEARCH_ONLY,not_registered,False,False,sds_full,HIGH,source_filename,,,Croton eluteria oil,single,unknown,none,1.0,,
MIX922,Chenopodium oil,,unknown,consumer_product,unknown,LOW,evidence_snippet,WARNING,"['skin_irritation_2', 'eye_irritation_2']",['none_identified'],none,[],2.0,MEDIUM,sds_section2,study/skin_irritation,,,unknown,unknown,HIGH,source_filename,,RESEARCH_ONLY,not_registered,False,False,sds_partial,HIGH,source_filename,,,,unknown,unknown,none,0.0,,
MIX923,Schinus molle oil,,liquid,consumer_product,concentrate,HIGH,evidence_snippet,UNKNOWN,[],['none_identified'],unknown,[],0.0,LOW,no_basis,study/skin_irritation,,,unknown,unknown,HIGH,source_filename,,RESEARCH_ONLY,not_registered,False,False,sds_full,HIGH,source_filename,100.0,0.0,Schinus Molle Oil,single,very_high,exact,1.0,,
MIX924,Dill weed oil,UNKNOWN,liquid,research_compound,unknown,MEDIUM,pattern_inferred,UNKNOWN,[],['oral'],unknown,[],0.0,LOW,snippet_keywords,study/skin_irritation,,,unknown,unknown,HIGH,source_filename,,RESEARCH_ONLY,not_registered,False,False,sds_full,HIGH,source_filename,,,DILLWEED OIL,single,unknown,none,1.0,,
MIX925,Tansy oil,UNKNOWN,liquid,research_compound,unknown,LOW,no_basis,UNKNOWN,[],['oral'],unknown,[],0.0,LOW,snippet_keywords,study/skin_irritation,,,unknown,unknown,HIGH,source_filename,,EU_REACH,not_registered,False,True,sds_full,HIGH,reach_text,,,Tansy oil,single,unknown,none,1.0,,
MIX926,Elemi oil,UNKNOWN,liquid,research_compound,concentrate,MEDIUM,pattern_inferred,UNKNOWN,[],['none_identified'],unknown,[],0.0,LOW,no_basis,study/skin_irritation,,,unknown,unknown,HIGH,source_filename,,RESEARCH_ONLY,not_registered,False,False,sds_partial,HIGH,source_filename,100.0,0.0,Canarium Luzonicum (Elemi) Gum Oil,binary,very_high,exact,2.0,,
MIX927,Tetrahydromugyl acetate,UNKNOWN,unknown,research_compound,unknown,LOW,no_basis,UNKNOWN,[],['none_identified'],unknown,[],0.0,LOW,no_basis,study/skin_irritation,,,unknown,unknown,HIGH,source_filename,,RESEARCH_ONLY,not_registered,False,False,sds_partial,HIGH,source_filename,,,Δ9-THC Acetate,single,unknown,none,1.0,,
MIX928,"Fennel oil, bitter",UNKNOWN,liquid,consumer_product,concentrate,MEDIUM,evidence_snippet,DANGER,"['flammable_liquid_4', 'aspiration_hazard_1', 'skin_irritation_2', 'skin_sensitization_1', 'germ_cell_mutagenicity_2', 'carcinogenicity_2', 'aquatic_acute_1', 'aquatic_chronic_1']",['none_identified'],aquatic_acute_and_chronic,"['H226', 'H304', 'H315', 'H317', 'H341', 'H351', 'H410']",5.0,HIGH,sds_section2,study/skin_irritation,,,unknown,unknown,HIGH,source_filename,,RESEARCH_ONLY,not_registered,False,False,sds_full,HIGH,source_filename,,,Foeniculum Vulgare Oil,single,unknown,none,1.0,,
MIX929,Calamus oil,UNKNOWN,liquid,consumer_product,concentrate,MEDIUM,evidence_snippet,UNKNOWN,[],['none_identified'],unknown,[],0.0,LOW,no_basis,study/skin_irritation,,,unknown,unknown,HIGH,source_filename,,RESEARCH_ONLY,not_registered,False,False,sds_full,HIGH,source_filename,100.0,0.0,Acorus Calamus Root Oil,binary,very_high,exact,2.0,,
MIX93,Bifenthrin 8% ME,UNKNOWN,unknown,pesticide/insecticide,concentrate,MEDIUM,pattern_inferred,DANGER,"['acute_toxicity_oral_3', 'acute_toxicity_inhalation_3', 'stot_repeated_2', 'aquatic_acute_1', 'aquatic_chronic_1']","['oral', 'inhalation']",both,"['H301', 'H331', 'H373', 'H400', 'H410']",4.0,HIGH,snippet_keywords,agricultural/insecticide,"['mites', 'insects']",,spray,contact,HIGH,product_name,,RESEARCH_ONLY,not_registered,False,False,sds_full,MEDIUM,source_filename,8.0,92.0,Bifenthrin,single,low,approximate,1.0,,
MIX930,Alantroot oil,EC,liquid,consumer_product,concentrate,HIGH,evidence_snippet,WARNING,"['skin_irritation_2', 'eye_irritation_2', 'skin_sensitization_1B']",['none_identified'],none,"['H315', 'H319', 'H317']",2.0,HIGH,sds_section2,study/skin_irritation,,,unknown,unknown,HIGH,source_filename,,EU_REACH,registered_active,False,True,sds_full,HIGH,reach_text,,,,unknown,unknown,none,1.0,,
MIX931,"Neroli oil, Tunisian",UNKNOWN,liquid,consumer_product,concentrate,MEDIUM,pattern_inferred,UNKNOWN,[],['oral'],unknown,[],0.0,LOW,snippet_keywords,study/skin_irritation,,,unknown,unknown,HIGH,source_filename,,RESEARCH_ONLY,not_registered,False,False,sds_full,HIGH,source_filename,,,NEROLI OIL,single,unknown,none,1.0,,
MIX932,Flouve oil,UNKNOWN,liquid,research_compound,unknown,LOW,no_basis,UNKNOWN,[],['none_identified'],unknown,[],0.0,LOW,no_basis,study/skin_irritation,,,unknown,unknown,HIGH,source_filename,,RESEARCH_ONLY,not_registered,False,False,sds_partial,HIGH,source_filename,,,Flouve oil,single,unknown,none,1.0,,
MIX933,Hyssop oil,UNKNOWN,liquid,consumer_product,concentrate,MEDIUM,pattern_inferred,WARNING,"['flammable_liquid_3', 'skin_sensitization_1', 'aspiration_hazard_1', 'aquatic_acute_1', 'aquatic_chronic_1']",['none_identified'],aquatic_acute_and_chronic,"['H226', 'H317', 'H304', 'H400', 'H410']",3.0,HIGH,sds_section2,study/skin_irritation,,,unknown,unknown,HIGH,source_filename,,RESEARCH_ONLY,not_registered,False,False,sds_full,HIGH,source_filename,,,3-Pinanone,single,unknown,none,1.0,,
MIX934,Beeswax absolute,UNKNOWN,unknown,consumer_product,concentrate,MEDIUM,evidence_snippet,NONE,[],['none_identified'],none,[],1.0,HIGH,sds_section2,study/skin_irritation,,,unknown,unknown,HIGH,source_filename,,RESEARCH_ONLY,not_registered,False,False,sds_full,HIGH,source_filename,,,,unknown,unknown,none,1.0,,
MIX935,Snakeroot oil Canadian,UNKNOWN,liquid,industrial_chemical,unknown,MEDIUM,evidence_snippet,CAUTION,['acute_toxicity_oral_4'],['oral'],none,[],1.0,MEDIUM,sds_section2,study/skin_irritation,,,unknown,unknown,HIGH,source_filename,,RESEARCH_ONLY,not_registered,False,False,sds_partial,MEDIUM,source_filename,,,,unknown,unknown,none,1.0,,
MIX936,Eau de brouts absolute,UNKNOWN,unknown,research_compound,unknown,LOW,no_basis,NONE,[],['none_identified'],none,[],1.0,HIGH,no_basis,study/skin_irritation,,,unknown,unknown,HIGH,source_filename,,RESEARCH_ONLY,not_registered,False,False,product_page,LOW,no_basis,,,woody dioxolane,single,unknown,none,1.0,,
MIX937,Davana oil,UNKNOWN,liquid,consumer_product,concentrate,HIGH,evidence_snippet,UNKNOWN,[],['none_identified'],unknown,[],0.0,LOW,no_basis,study/skin_irritation,,,unknown,unknown,HIGH,source_filename,,RESEARCH_ONLY,not_registered,False,False,sds_full,HIGH,source_filename,100.0,0.0,DAVANA OIL,single,very_high,exact,1.0,,
MIX938,Foin absolute,EC,liquid,consumer_product,concentrate,HIGH,evidence_snippet,WARNING,['eye_irritation_2'],['none_identified'],none,['H319'],2.0,HIGH,sds_section2,study/skin_irritation,,,unknown,unknown,HIGH,source_filename,,RESEARCH_ONLY,not_registered,False,False,sds_full,HIGH,source_filename,,,,unknown,unknown,none,1.0,,
MIX939,Helichrysum oil,UNKNOWN,liquid,consumer_product,concentrate,HIGH,evidence_snippet,UNKNOWN,[],['none_identified'],unknown,[],0.0,LOW,no_basis,study/skin_irritation,,,unknown,unknown,HIGH,source_filename,,RESEARCH_ONLY,not_registered,False,False,sds_full,HIGH,source_filename,100.0,0.0,Helichrysum Italicum Flower Oil,single,very_high,exact,1.0,,
MIX94,Bifenture 10WSB/10DF Insecticide/Miticide,WDG,powder,pesticide/insecticide,concentrate,HIGH,name_explicit,DANGER,"['aquatic_acute_1', 'aquatic_chronic_1']",['none_identified'],both,[],3.0,MEDIUM,snippet_keywords,agricultural/insecticide,"['mites', 'insects']",,spray,contact,HIGH,product_name,,RESEARCH_ONLY,not_registered,False,False,sds_full,MEDIUM,source_filename,1.0,99.0,Bifenithrin technical,binary,ultra_low,partial,2.0,,
MIX940,Spearmint oil,EC,liquid,consumer_product,concentrate,HIGH,evidence_snippet,DANGER,"['aspiration_hazard_1', 'flammable_liquid_3', 'skin_irritation_2', 'skin_sensitization_1B', 'aquatic_acute_1', 'aquatic_chronic_3']",['none_identified'],aquatic_chronic,"['H304', 'H315', 'H317', 'H411']",3.0,HIGH,sds_section2,study/skin_irritation,,,unknown,unknown,HIGH,source_filename,,EU_REACH,not_registered,False,False,sds_full,HIGH,reach_text,,,Mentha spicata,unknown,unknown,none,1.0,,
MIX941,Almond oil bitter FFPA,UNKNOWN,liquid,consumer_product,concentrate,MEDIUM,pattern_inferred,UNKNOWN,[],['none_identified'],unknown,[],0.0,LOW,no_basis,study/skin_irritation,,,unknown,unknown,HIGH,source_filename,,RESEARCH_ONLY,not_registered,False,False,sds_full,HIGH,source_filename,,,ALMOND OIL BITTER,single,unknown,none,1.0,,
MIX942,Myrtle oil,EC,liquid,consumer_product,concentrate,HIGH,evidence_snippet,DANGER,"['aspiration_hazard_1', 'flammable_liquid_3', 'skin_irritation_2', 'skin_sensitization_1B', 'aquatic_chronic_2']",['none_identified'],aquatic_chronic,"['H304', 'H226', 'H315', 'H317', 'H411']",3.0,HIGH,sds_section2,study/skin_irritation,,,unknown,unknown,HIGH,source_filename,,EU_REACH,registered_active,False,True,sds_full,HIGH,reach_text,,,MYRTLE OIL,single,unknown,none,1.0,,
MIX943,Almond oil sweet,UNKNOWN,liquid,consumer_product,concentrate,HIGH,evidence_snippet,NONE,[],['none_identified'],none,[],1.0,HIGH,sds_section2,study/skin_irritation,,,unknown,unknown,HIGH,source_filename,,RESEARCH_ONLY,not_registered,False,False,sds_full,HIGH,source_filename,100.0,0.0,SWEET ALMOND OIL,unknown,very_high,exact,1.0,,
MIX944,Perilla oil,EC,liquid,consumer_product,concentrate,HIGH,evidence_snippet,NONE,[],['none_identified'],none,[],1.0,HIGH,sds_section2,study/skin_irritation,,,unknown,unknown,HIGH,source_filename,,RESEARCH_ONLY,not_registered,False,False,sds_full,HIGH,source_filename,,,PERILLA OCYMOIDES SEED OIL,single,unknown,none,1.0,,
MIX945,Sassafras oil,UNKNOWN,liquid,consumer_product,concentrate,HIGH,evidence_snippet,NONE,[],['none_identified'],none,[],1.0,MEDIUM,sds_section2,study/skin_irritation,,,unknown,unknown,HIGH,source_filename,,RESEARCH_ONLY,not_registered,False,False,sds_full,HIGH,source_filename,100.0,0.0,Sassafras oil,single,very_high,exact,1.0,,
MIX946,Almond oil bitter,UNKNOWN,liquid,consumer_product,concentrate,MEDIUM,pattern_inferred,UNKNOWN,[],['none_identified'],unknown,[],0.0,LOW,no_basis,study/skin_irritation,,,unknown,unknown,HIGH,source_filename,,RESEARCH_ONLY,not_registered,False,False,sds_full,HIGH,source_filename,,,Bitter almond oil,single,unknown,none,1.0,,
MIX947,Cassie absolute (acacia farnesiana (l.) willd),UNKNOWN,unknown,consumer_product,unknown,LOW,no_basis,UNKNOWN,[],[],unknown,[],0.0,LOW,no_basis,study/skin_irritation,,,unknown,unknown,HIGH,source_filename,,RESEARCH_ONLY,not_registered,,,unknown,MEDIUM,source_filename,,,acacia farnesiana,unknown,unknown,none,1.0,LOW,name_inference
MIX948,Sweet birch oil,UNKNOWN,liquid,consumer_product,unknown,MEDIUM,evidence_snippet,DANGER,"['acute_toxicity_oral_4', 'eye_damage_1', 'skin_sensitization_1', 'reproductive_toxicity_2', 'aquatic_chronic_3']",['oral'],aquatic_chronic,"['H302', 'H317', 'H318', 'H361', 'H412']",5.0,HIGH,sds_section2,study/skin_irritation,,,unknown,unknown,HIGH,source_filename,,EU_REACH,not_registered,False,True,sds_full,HIGH,reach_text,,,Methyl salicylate,single,unknown,none,1.0,MEDIUM,source_text
MIX949,Curcuma oil,UNKNOWN,liquid,consumer_product,concentrate,MEDIUM,pattern_inferred,UNKNOWN,[],[],unknown,[],0.0,LOW,no_basis,study/skin_irritation,,,unknown,unknown,HIGH,source_filename,,RESEARCH_ONLY,not_registered,False,,sds_partial,MEDIUM,source_filename,100.0,0.0,Curcuma longa Root Oil,single,very_high,exact,1.0,HIGH,source_text
MIX95,Chemsico Aerosol LEG,UNKNOWN,liquid,pesticide/other,ready-to-use,MEDIUM,name_explicit,DANGER,"['flammable_aerosol_1', 'pressurized_gas', 'flammable_liquid_2', 'skin_irritation_2', 'eye_irritation_2', 'stot_single_3', 'aquatic_chronic_3']",[],aquatic_chronic,"['H222', 'H280', 'H225', 'H315', 'H319', 'H336', 'H412']",2.0,HIGH,sds_section2,agricultural/insecticide,,,spray,contact,MEDIUM,product_name,,UNKNOWN,not_registered,False,,sds_full,LOW,no_basis,,,Acetone,ternary,unknown,none,3.0,LOW,source_text
MIX950,Baccartol,UNKNOWN,liquid,consumer_product,concentrate,MEDIUM,pattern_inferred,UNKNOWN,[],[],unknown,[],0.0,LOW,no_basis,study/skin_irritation,,,unknown,unknown,HIGH,source_filename,,EU_REACH,not_registered,False,True,sds_partial,HIGH,reach_text,98.0,2.0,"Beta-citronellol, (S)-",single,very_high,exact,1.0,HIGH,workbook_pct
MIX951,Lavandin oil,EC,liquid,consumer_product,concentrate,HIGH,name_explicit,WARNING,"['eye_irritation_2', 'skin_sensitization_1', 'aspiration_hazard_1', 'aquatic_chronic_3']",[],aquatic_chronic,"['H319', 'H317', 'H304', 'H412']",2.0,HIGH,sds_section2,study/skin_irritation,,,unknown,unknown,HIGH,source_filename,,EU_REACH,registered_active,False,True,sds_full,HIGH,reach_text,,,Lavandin Oil,single,unknown,none,1.0,MEDIUM,source_text
MIX952,Tangerine oil,UNKNOWN,liquid,consumer_product,unknown,MEDIUM,evidence_snippet,UNKNOWN,[],[],unknown,[],0.0,LOW,no_basis,study/skin_irritation,,,unknown,unknown,HIGH,source_filename,,RESEARCH_ONLY,not_registered,False,,sds_partial,MEDIUM,source_filename,,,Tangerine oil,single,unknown,none,1.0,MEDIUM,source_text
MIX953,Boldo leaf oil,UNKNOWN,liquid,consumer_product,unknown,LOW,evidence_snippet,UNKNOWN,[],[],unknown,[],0.0,LOW,no_basis,study/skin_irritation,,,unknown,unknown,HIGH,source_filename,,RESEARCH_ONLY,not_registered,,,unknown,MEDIUM,source_filename,,,Boldo oil,unknown,unknown,none,1.0,LOW,name_inference
MIX954,"Dill seed oil, Indian",UNKNOWN,liquid,consumer_product,unknown,MEDIUM,evidence_snippet,UNKNOWN,[],[],unknown,[],0.0,LOW,no_basis,study/skin_irritation,,,unknown,unknown,HIGH,source_filename,,EU_REACH,not_registered,False,True,sds_partial,HIGH,reach_text,,,Anethum Graveolens Seed Oil,binary,unknown,none,2.0,MEDIUM,source_text
MIX955,Clove bud oil,EC,liquid,consumer_product,concentrate,HIGH,name_explicit,DANGER,"['aspiration_hazard_1', 'skin_irritation_2', 'skin_sensitization_1B', 'eye_irritation_2', 'aquatic_acute_2']",[],aquatic_acute,"['H304', 'H315', 'H317', 'H319', 'H401']",2.0,HIGH,sds_section2,study/skin_irritation,,,unknown,unknown,HIGH,source_filename,,EU_REACH,not_registered,False,True,sds_full,HIGH,reach_text,,,Eugenol,single,unknown,none,1.0,MEDIUM,source_text
MIX956,Bois de rose oil Brazilian,UNKNOWN,liquid,consumer_product,unknown,MEDIUM,evidence_snippet,NONE,[],[],none,[],0.0,MEDIUM,sds_section2,study/skin_irritation,,,unknown,unknown,HIGH,source_filename,,RESEARCH_ONLY,not_registered,False,,sds_full,MEDIUM,source_filename,,,Bois-De-Rose Oil,single,unknown,none,1.0,MEDIUM,source_text
MIX957,Clove leaf oil Madagascar,UNKNOWN,liquid,consumer_product,unknown,MEDIUM,evidence_snippet,UNKNOWN,[],[],unknown,[],0.0,LOW,no_basis,study/skin_irritation,,,unknown,unknown,HIGH,source_filename,,RESEARCH_ONLY,not_registered,False,,sds_partial,MEDIUM,source_filename,,,Clove oil,single,unknown,none,1.0,MEDIUM,source_text
MIX958,Deertongue incolore,UNKNOWN,unknown,consumer_product,unknown,LOW,no_basis,UNKNOWN,[],[],unknown,[],0.0,LOW,no_basis,study/skin_irritation,,,unknown,unknown,HIGH,source_filename,,RESEARCH_ONLY,not_registered,,,unknown,LOW,source_filename,,,Deertongue,unknown,unknown,none,1.0,LOW,name_inference
MIX959,"Marjoram oil, Spanish",UNKNOWN,liquid,consumer_product,unknown,MEDIUM,evidence_snippet,UNKNOWN,[],[],unknown,[],0.0,LOW,no_basis,study/skin_irritation,,,unknown,unknown,HIGH,source_filename,,RESEARCH_ONLY,not_registered,,,sds_partial,MEDIUM,source_filename,,,Marjoram Oil,single,unknown,none,1.0,LOW,name_inference
MIX96,Chemsico Pesticide Concentrate WI-N,UNKNOWN,liquid,pesticide/other,concentrate,MEDIUM,name_explicit,UNKNOWN,[],[],unknown,[],0.0,LOW,no_basis,agricultural/insecticide,,,spray,unknown,MEDIUM,product_name,,UNKNOWN,unknown,,,unknown,LOW,no_basis,0.1,99.9,,single,ultra_low,partial,1.0,LOW,workbook_pct
MIX960,Savory oil (summer variety),UNKNOWN,liquid,consumer_product,unknown,MEDIUM,evidence_snippet,UNKNOWN,[],[],unknown,[],0.0,LOW,no_basis,study/skin_irritation,,,unknown,unknown,HIGH,source_filename,,RESEARCH_ONLY,not_registered,,,chemblink_sigma,LOW,source_filename,,,Summer savory oil,single,unknown,none,1.0,MEDIUM,source_text
MIX961,Musk tonquin tincture,UNKNOWN,liquid,consumer_product,unknown,MEDIUM,evidence_snippet,WARNING,"['skin_sensitization_1', 'eye_irritation_2A']",[],none,"['H317', 'H319']",2.0,HIGH,sds_section2,study/skin_irritation,,,unknown,unknown,HIGH,source_filename,,RESEARCH_ONLY,not_registered,False,,sds_full,MEDIUM,source_filename,,,,unknown,unknown,none,1.0,LOW,no_basis
MIX962,Petitgrain Paraguay oil,UNKNOWN,liquid,consumer_product,unknown,MEDIUM,evidence_snippet,UNKNOWN,[],[],unknown,[],0.0,LOW,no_basis,study/skin_irritation,,,unknown,unknown,HIGH,source_filename,,RESEARCH_ONLY,not_registered,,,sds_partial,MEDIUM,source_filename,,,Petitgrain Oil,single,unknown,none,1.0,MEDIUM,source_text
MIX963,Cypress oil,UNKNOWN,liquid,consumer_product,unknown,MEDIUM,evidence_snippet,DANGER,"['skin_irritation_2', 'eye_irritation_2', 'aquatic_chronic_3']",[],aquatic_chronic,"['H315', 'H319', 'H412']",2.0,HIGH,sds_section2,study/skin_irritation,,,unknown,unknown,HIGH,source_filename,,EU_REACH,not_registered,False,True,sds_full,HIGH,reach_text,,,beta-Eudesmol,single,unknown,none,1.0,MEDIUM,source_text
MIX964,Deertongue absolute,UNKNOWN,liquid,consumer_product,unknown,MEDIUM,evidence_snippet,UNKNOWN,[],[],unknown,[],0.0,LOW,no_basis,study/skin_irritation,,,unknown,unknown,HIGH,source_filename,,RESEARCH_ONLY,not_registered,,,product_page,LOW,source_filename,65.0,35.0,Coumarin,ternary,high,approximate,3.0,HIGH,source_text
MIX965,Copaiba oil,UNKNOWN,liquid,consumer_product,concentrate,MEDIUM,pattern_inferred,UNKNOWN,[],[],unknown,[],0.0,LOW,no_basis,study/skin_irritation,,,unknown,unknown,HIGH,source_filename,,RESEARCH_ONLY,not_registered,False,,sds_full,MEDIUM,source_filename,100.0,0.0,Copaiba oil,single,very_high,exact,1.0,HIGH,source_text
MIX966,"Undecylenic aldehyde, mixed isomers",UNKNOWN,unknown,research_compound,unknown,MEDIUM,evidence_snippet,UNKNOWN,[],[],unknown,[],0.0,LOW,no_basis,study/skin_irritation,,,unknown,unknown,HIGH,source_filename,,RESEARCH_ONLY,not_registered,False,,sds_partial,MEDIUM,source_filename,,,10-Undecanal,single,unknown,none,1.0,MEDIUM,source_text
MIX967,Guaiac wood oil,UNKNOWN,liquid,consumer_product,concentrate,MEDIUM,pattern_inferred,UNKNOWN,[],[],unknown,[],0.0,LOW,no_basis,study/skin_irritation,,,unknown,unknown,HIGH,source_filename,,RESEARCH_ONLY,not_registered,False,,sds_partial,MEDIUM,source_filename,100.0,0.0,Guaiacwood oil,single,very_high,exact,1.0,HIGH,source_text
MIX968,Fig leaf absolute,UNKNOWN,liquid,consumer_product,unknown,MEDIUM,evidence_snippet,WARNING,"['skin_sensitization_1', 'aquatic_chronic_3']",[],aquatic_chronic,"['H412', 'H317']",2.0,HIGH,sds_section2,study/skin_irritation,,,unknown,unknown,HIGH,source_filename,,EU_REACH,registered_active,False,True,sds_full,HIGH,reach_text,5.0,95.0,Methyl 2-nonynoate,single,low,approximate,1.0,MEDIUM,workbook_pct
MIX969,Peru balsam,UNKNOWN,liquid,consumer_product,unknown,MEDIUM,evidence_snippet,DANGER,"['acute_toxicity_oral_4', 'skin_corrosion_3']",['oral'],none,[],2.0,MEDIUM,sds_section2,study/skin_irritation,,,unknown,unknown,HIGH,source_filename,,RESEARCH_ONLY,not_registered,False,,sds_partial,MEDIUM,source_filename,,,Peru balsam oil,single,unknown,none,1.0,MEDIUM,source_text
MIX97,Celsius WG,WG,granule,pesticide/herbicide,concentrate,HIGH,name_explicit,CAUTION,[],['none_identified'],none,[],1.0,HIGH,sds_section2,agricultural/herbicide,['weeds'],['turf'],spray,post_emergent,HIGH,product_name | ingredient_inference | source_text,,US_EPA,registered_active,True,False,epa_label,HIGH,epa_url_domain+active_declared,68.0,32.0,Dicamba,ternary,very_high,inconsistent,3.0,MEDIUM,workbook_pct
MIX970,Vetiver oil,UNKNOWN,liquid,consumer_product,unknown,MEDIUM,pattern_inferred,NONE,[],['none_identified'],unknown,[],1.0,LOW,no_basis,study/skin_sensitization,,,unknown,unknown,HIGH,source_filename,,RESEARCH_ONLY,not_registered,,False,sds_full,HIGH,source_filename+sds_structure,100.0,0.0,Vetiveria Zizanoides Root Oil,single,very_high,exact,1.0,HIGH,workbook_pct
MIX971,Coriander oil,EC,liquid,consumer_product,concentrate,HIGH,sec_formulation_code,DANGER,"['aspiration_hazard_1', 'skin_irritation_2', 'skin_sensitization_1', 'eye_irritation_2A', 'aquatic_chronic_2']",['oral'],aquatic_chronic,"['H304', 'H315', 'H317', 'H319', 'H411']",4.0,HIGH,sds_section2,study/skin_sensitization,,,unknown,unknown,HIGH,source_filename,,RESEARCH_ONLY,not_registered,,False,sds_full,HIGH,source_filename+sds_sec1,75.0,25.0,Linalool,binary,very_high,partial,2.0,MEDIUM,workbook_pct
MIX972,Labdanum oil,UNKNOWN,liquid,consumer_product,unknown,LOW,pattern_inferred,WARNING,"['skin_irritation_3', 'skin_sensitization_1', 'aquatic_chronic_2']",['none_identified'],aquatic_chronic,"['H316', 'H317', 'H411']",3.0,HIGH,sds_section2,study/skin_sensitization,,,unknown,unknown,HIGH,source_filename,,RESEARCH_ONLY,not_registered,,False,sds_full,HIGH,source_filename+sds_sec1,,,,unknown,unknown,none,0.0,LOW,no_basis
MIX973,Pennyroyal oil Eurafrican,UNKNOWN,liquid,consumer_product,unknown,LOW,no_basis,NONE,[],"['dermal', 'inhalation']",unknown,[],2.0,MEDIUM,snippet_keywords,study/skin_sensitization,,,unknown,unknown,HIGH,source_filename,,RESEARCH_ONLY,not_registered,,False,sds_partial,HIGH,source_filename,,,Pennyroyal Oil,single,unknown,none,1.0,LOW,source_text
MIX974,Olibanum gum,UNKNOWN,powder,consumer_product,unknown,MEDIUM,pattern_inferred,NONE,[],['none_identified'],none,[],1.0,HIGH,sds_section2,study/skin_sensitization,,,unknown,unknown,HIGH,source_filename,,RESEARCH_ONLY,not_registered,,False,sds_full,HIGH,source_filename+sds_sec1,100.0,0.0,OLIBANUM RESINOID,single,very_high,approximate,1.0,MEDIUM,source_text
MIX975,Marjoram oil sweet,UNKNOWN,liquid,consumer_product,unknown,MEDIUM,pattern_inferred,NONE,[],['none_identified'],unknown,[],1.0,LOW,no_basis,study/skin_sensitization,,,unknown,unknown,HIGH,source_filename,,RESEARCH_ONLY,not_registered,,False,sds_full,HIGH,source_filename,,,MARJORAM OIL,single,unknown,none,1.0,LOW,source_text
MIX976,"1,3-nonanediol acetate (mixed esters)",UNKNOWN,liquid,industrial_chemical,unknown,LOW,no_basis,NONE,[],['none_identified'],unknown,[],1.0,LOW,snippet_keywords,study/skin_sensitization,,,unknown,unknown,HIGH,source_filename,,RESEARCH_ONLY,not_registered,,False,sds_partial,MEDIUM,source_filename,,,,unknown,unknown,none,0.0,LOW,no_basis
MIX977,"Cinnamon bark oil, ""Ceylon""",UNKNOWN,liquid,consumer_product,unknown,MEDIUM,pattern_inferred,WARNING,"['flammable_liquid_3', 'skin_irritation_2', 'eye_irritation_2A', 'skin_sensitization_1']",['oral'],unknown,[],3.0,HIGH,sds_section2,study/skin_sensitization,,,unknown,unknown,HIGH,source_filename,,RESEARCH_ONLY,not_registered,,False,sds_full,HIGH,source_filename+sds_sec1,,,Cinnamon Bark Oil,single,unknown,none,1.0,LOW,source_text
MIX978,Clary sage oil,UNKNOWN,liquid,consumer_product,unknown,MEDIUM,pattern_inferred,NONE,[],['none_identified'],unknown,[],1.0,LOW,no_basis,study/skin_sensitization,,,unknown,unknown,HIGH,source_filename,,RESEARCH_ONLY,not_registered,,False,sds_full,HIGH,source_filename,100.0,0.0,Clary Sage Oil,binary,very_high,exact,2.0,HIGH,workbook_pct
MIX979,Juniper berry oil,UNKNOWN,liquid,consumer_product,unknown,MEDIUM,pattern_inferred,NONE,[],['none_identified'],unknown,[],1.0,LOW,no_basis,study/skin_sensitization,,,unknown,unknown,HIGH,source_filename,,RESEARCH_ONLY,not_registered,,False,sds_full,HIGH,source_filename,,,JUNIPER BERRY OIL,single,unknown,none,1.0,LOW,source_text
MIX98,Chemsico Pesticide Granules WI-N,GR,granule,pesticide/other,ready-to-use,HIGH,name_explicit,DANGER,[],['none_identified'],unknown,[],2.0,MEDIUM,snippet_keywords,agricultural/other,,,unknown,unknown,MEDIUM,product_name,,RESEARCH_ONLY,not_registered,,False,sds_full,HIGH,source_filename,,,Dolomite granules,multi_4_6,unknown,none,4.0,LOW,source_text
MIX980,Cumin oil,UNKNOWN,liquid,consumer_product,unknown,MEDIUM,pattern_inferred,NONE,[],['none_identified'],unknown,[],1.0,LOW,no_basis,study/skin_sensitization,,,unknown,unknown,HIGH,source_filename,,RESEARCH_ONLY,not_registered,,False,sds_full,HIGH,source_filename,,,CUMIN OIL,single,unknown,none,1.0,LOW,source_text
MIX981,Spike lavender oil,EC,liquid,consumer_product,concentrate,HIGH,sec_formulation_code,DANGER,"['flammable_liquid_3', 'aspiration_hazard_1', 'skin_irritation_2', 'skin_sensitization_1B', 'eye_damage_1', 'stot_single_2', 'aquatic_chronic_2']","['oral', 'inhalation']",aquatic_chronic,"['H226', 'H304', 'H315', 'H317', 'H318', 'H371', 'H411']",5.0,HIGH,sds_section2,study/skin_sensitization,,,unknown,unknown,HIGH,source_filename,,EU_REACH,not_registered,,True,sds_full,HIGH,reach_text+sds_sec1,100.0,0.0,Spike Lavender Essential Oil,single,very_high,exact,1.0,HIGH,workbook_pct
MIX982,Peru balsam oil,UNKNOWN,liquid,consumer_product,unknown,MEDIUM,pattern_inferred,DANGER,"['acute_toxicity_oral_4', 'skin_irritation_3']",['oral'],none,[],4.0,HIGH,sds_section2,study/skin_sensitization,,,unknown,unknown,HIGH,source_filename,,RESEARCH_ONLY,not_registered,,False,sds_full,HIGH,source_filename+sds_sec1,,,PERU BALSAM OIL,single,unknown,none,1.0,LOW,source_text
MIX983,Cedarwood oil Virginia,UNKNOWN,liquid,consumer_product,unknown,MEDIUM,pattern_inferred,NONE,[],['none_identified'],unknown,[],1.0,LOW,no_basis,study/skin_sensitization,,,unknown,unknown,HIGH,source_filename,,RESEARCH_ONLY,not_registered,,False,sds_full,HIGH,source_filename,,,CEDARWOOD OIL,single,unknown,none,1.0,LOW,source_text
MIX984,Cedryl acetate,UNKNOWN,liquid,consumer_product,unknown,LOW,pattern_inferred,NONE,[],['none_identified'],unknown,[],1.0,LOW,no_basis,study/skin_sensitization,,,unknown,unknown,HIGH,source_filename,,RESEARCH_ONLY,not_registered,,False,sds_partial,MEDIUM,source_filename+sds_sec1,,,Cedryl Acetate,single,unknown,none,1.0,LOW,source_text
MIX985,Guaiac wood acetate,UNKNOWN,unknown,consumer_product,unknown,LOW,no_basis,NONE,[],['none_identified'],unknown,[],1.0,LOW,no_basis,study/skin_sensitization,,,unknown,unknown,HIGH,source_filename,,EU_REACH,not_registered,,True,sds_full,HIGH,reach_text+endocrine_disruptor_statement,,,,single,unknown,none,1.0,LOW,no_basis
MIX986,Orange oil expressed,UNKNOWN,liquid,consumer_product,unknown,MEDIUM,pattern_inferred,DANGER,"['skin_sensitization_1', 'skin_irritation_2', 'eye_damage_1']",['none_identified'],none,"['H317', 'H315', 'H318']",4.0,HIGH,sds_section2,study/skin_sensitization,,,unknown,unknown,HIGH,source_filename,,RESEARCH_ONLY,not_registered,,False,sds_full,HIGH,source_filename+sds_sec1,,,D-Limonene,unknown,unknown,none,0.0,LOW,source_text
MIX987,Palmarosa oil,UNKNOWN,liquid,consumer_product,unknown,MEDIUM,pattern_inferred,DANGER,"['flammable_liquid_4', 'skin_irritation_2', 'skin_sensitization_1B', 'eye_damage_1', 'aquatic_chronic_3']",['none_identified'],aquatic_chronic,"['H227', 'H315', 'H317', 'H318', 'H412']",4.0,HIGH,sds_section2,study/skin_sensitization,,,unknown,unknown,HIGH,source_filename,,RESEARCH_ONLY,not_registered,,False,sds_full,HIGH,source_filename+sds_sec1,,,Geraniol,single,unknown,none,1.0,LOW,source_text
MIX988,Sage oil Dalmatian,UNKNOWN,liquid,consumer_product,unknown,MEDIUM,pattern_inferred,UNKNOWN,[],['none_identified'],unknown,[],0.0,LOW,no_basis,study/skin_sensitization,,,unknown,unknown,HIGH,source_filename,,UNKNOWN,unknown,,,unknown,LOW,no_evidence,,,"Sage Oil, Dalmatian",single,unknown,none,1.0,LOW,source_text
MIX989,"Thyme oil, red",UNKNOWN,liquid,consumer_product,unknown,MEDIUM,pattern_inferred,NONE,[],['none_identified'],unknown,[],1.0,LOW,no_basis,study/skin_sensitization,,,unknown,unknown,HIGH,source_filename,,RESEARCH_ONLY,not_registered,,False,sds_full,HIGH,source_filename,100.0,0.0,Thymus Vulgaris Oil,single,very_high,exact,1.0,HIGH,workbook_pct
MIX99,Certifect for Dogs,UNKNOWN,liquid,pharmaceutical,ready-to-use,MEDIUM,pattern_inferred,NONE,[],['none_identified'],unknown,[],1.0,LOW,no_basis,veterinary,"['fleas', 'ticks']",['dogs'],topical,contact,HIGH,product_name,,RESEARCH_ONLY,not_registered,,False,sds_full,HIGH,source_filename+sds_sec1,1.0,99.0,Oil Red O,binary,ultra_low,partial,2.0,MEDIUM,workbook_pct
MIX990,Tonka absolute,UNKNOWN,liquid,consumer_product,unknown,LOW,pattern_inferred,WARNING,"['acute_toxicity_oral_4', 'flammable_liquid_4', 'skin_sensitization_1B', 'skin_irritation_3']",['oral'],none,"['H302', 'H317']",3.0,HIGH,sds_section2,study/skin_sensitization,,,unknown,unknown,HIGH,source_filename,,EU_REACH,not_registered,,True,sds_full,HIGH,reach_registration_number+sds_sec1,,,Coumarin,unknown,unknown,none,0.0,LOW,source_text
MIX991,Myrrh oil,EC,liquid,consumer_product,concentrate,HIGH,sec_formulation_code,DANGER,"['acute_toxicity_oral_4', 'aquatic_acute_1', 'aquatic_chronic_2']",['oral'],both,['H302'],4.0,HIGH,sds_section2,study/skin_sensitization,,,unknown,unknown,HIGH,source_filename,,RESEARCH_ONLY,not_registered,,False,sds_full,HIGH,source_filename+sds_sec1,,,Commiphora Myrrha,single,unknown,none,1.0,LOW,source_text
MIX992,"Sage oil, Spanish",UNKNOWN,liquid,consumer_product,concentrate,MEDIUM,pattern_inferred,DANGER,"['flammable_liquid_3', 'aspiration_hazard_1', 'skin_irritation_2', 'skin_sensitization_1', 'eye_irritation_2', 'stot_se_2', 'aquatic_chronic_3']",['inhalation'],aquatic_chronic,"['H226', 'H304', 'H315', 'H317', 'H318', 'H319', 'H332', 'H371', 'H412']",4.0,HIGH,sds_section2,study/skin_irritation,,,unknown,unknown,HIGH,source_filename,,RESEARCH_ONLY,not_registered,False,False,sds_full,HIGH,source_filename,,,Salvia Lavandulifolia Herb Oil,multi_7p,unknown,none,5.0,LOW,source_text
MIX993,Galbanum resin,UNKNOWN,unknown,industrial_chemical,concentrate,MEDIUM,evidence_snippet,WARNING,"['acute_toxicity_oral_4', 'skin_irritation_2', 'skin_sensitization_1B']",['oral'],aquatic_acute_and_chronic,"['H302', 'H315', 'H317', 'H400', 'H410']",3.0,HIGH,sds_section2,study/skin_irritation,,,unknown,unknown,HIGH,source_filename,,RESEARCH_ONLY,not_registered,False,False,sds_full,HIGH,source_filename,,,Galbanum resin,multi_7p,unknown,none,5.0,LOW,source_text
MIX994,"Sage clary oil, Russian",UNKNOWN,liquid,consumer_product,concentrate,MEDIUM,pattern_inferred,NONE,[],['none_identified'],none,[],1.0,LOW,no_basis,study/skin_irritation,,,unknown,unknown,HIGH,source_filename,,RESEARCH_ONLY,not_registered,False,False,sds_full,HIGH,source_filename,100.0,0.0,Clary Sage Oil,binary,very_high,exact,2.0,HIGH,workbook_pct
MIX995,"Mandarin oil, expressed",EC,liquid,consumer_product,concentrate,HIGH,name_explicit,DANGER,"['flammable_liquid_3', 'skin_irritation_2', 'skin_sensitization_1', 'aspiration_hazard_1', 'aquatic_acute_1', 'aquatic_chronic_1']",['none_identified'],aquatic_acute_and_chronic,"['H226', 'H304', 'H315', 'H317', 'H410', 'H411', 'H412']",4.0,HIGH,sds_section2,study/skin_irritation,,,unknown,unknown,HIGH,source_filename,,EU_REACH,not_registered,False,True,sds_full,MEDIUM,reach_text,,,Citrus Reticulata,multi_7p,unknown,none,5.0,LOW,source_text
MIX996,Cornmint oil,UNKNOWN,liquid,consumer_product,concentrate,LOW,pattern_inferred,WARNING,"['acute_toxicity_oral_4', 'skin_irritation_2', 'eye_irritation_2', 'aquatic_chronic_2']",['oral'],aquatic_chronic,"['H227', 'H302', 'H315', 'H320', 'H401', 'H411']",3.0,HIGH,sds_section2,study/skin_irritation,,,unknown,unknown,HIGH,source_filename,,RESEARCH_ONLY,not_registered,False,False,sds_partial,HIGH,source_filename,,,Cornmint oil,binary,unknown,none,2.0,LOW,name_inference
MIX997,Cedarwood oil Texas,UNKNOWN,liquid,consumer_product,concentrate,LOW,pattern_inferred,NONE,[],['none_identified'],none,[],1.0,LOW,no_basis,study/skin_irritation,,,unknown,unknown,HIGH,source_filename,,RESEARCH_ONLY,not_registered,False,False,sds_partial,HIGH,source_filename,,,CEDARWOOD OIL,single,unknown,none,1.0,MEDIUM,source_text
MIX998,Balsam copaiba,UNKNOWN,unknown,consumer_product,concentrate,MEDIUM,pattern_inferred,NONE,[],['none_identified'],none,[],1.0,LOW,no_basis,study/skin_irritation,,,unknown,unknown,HIGH,source_filename,,RESEARCH_ONLY,not_registered,False,False,sds_partial,HIGH,source_filename,100.0,0.0,Copaiba oficinallis Resin,single,very_high,exact,1.0,HIGH,workbook_pct
MIX999,Hyacinth absolute,EC,liquid,consumer_product,concentrate,HIGH,name_explicit,WARNING,"['eye_irritation_2', 'skin_sensitization_1', 'aquatic_chronic_3']",['none_identified'],aquatic_chronic,"['H319', 'H317', 'H412']",2.0,HIGH,sds_section2,study/skin_irritation,,,unknown,unknown,HIGH,source_filename,,RESEARCH_ONLY,not_registered,False,False,sds_partial,HIGH,source_filename,7.5,92.5,BENZYL BENZOATE,multi_7p,low,approximate,5.0,MEDIUM,workbook_pct
Cancer_PID_1057,Xylenes (Mixed),UNKNOWN,unknown,research/cancer_study,unknown,HIGH,source_filename,UNKNOWN,,,unknown,,0,LOW,,research/cancer_study,,,unknown,unknown,HIGH,,,RESEARCH_ONLY,not_registered,False,False,unknown,HIGH,,,,,unknown,unknown,none,1,,
Cancer_PID_108,AZT; 3TC,UNKNOWN,unknown,research/cancer_study,unknown,HIGH,source_filename,UNKNOWN,,,unknown,,0,LOW,,research/cancer_study,,,unknown,unknown,HIGH,,,RESEARCH_ONLY,not_registered,False,False,unknown,HIGH,,,,,unknown,unknown,none,1,,
Cancer_PID_12,3'-Azido-3'-Deoxythymidine (AZT); Lamivudine (3TC),UNKNOWN,unknown,research/cancer_study,unknown,HIGH,source_filename,UNKNOWN,,,unknown,,0,LOW,,research/cancer_study,,,unknown,unknown,HIGH,,,RESEARCH_ONLY,not_registered,False,False,unknown,HIGH,,,,,unknown,unknown,none,1,,
Cancer_PID_13,3'-Azido-3'-Deoxythymidine (AZT); Lamivudine (3TC); Nelfinavir Mesylate (NFV),UNKNOWN,unknown,research/cancer_study,unknown,HIGH,source_filename,UNKNOWN,,,unknown,,0,LOW,,research/cancer_study,,,unknown,unknown,HIGH,,,RESEARCH_ONLY,not_registered,False,False,unknown,HIGH,,,,,unknown,unknown,none,1,,
Cancer_PID_14,3'-Azido-3'-Deoxythymidine (AZT); Lamivudine (3TC); Nevirapine (NVP),UNKNOWN,unknown,research/cancer_study,unknown,HIGH,source_filename,UNKNOWN,,,unknown,,0,LOW,,research/cancer_study,,,unknown,unknown,HIGH,,,RESEARCH_ONLY,not_registered,False,False,unknown,HIGH,,,,,unknown,unknown,none,1,,
Cancer_PID_141,Beta-nitrostyrene; Styrene,UNKNOWN,unknown,research/cancer_study,unknown,HIGH,source_filename,UNKNOWN,,,unknown,,0,LOW,,research/cancer_study,,,unknown,unknown,HIGH,,,RESEARCH_ONLY,not_registered,False,False,unknown,HIGH,,,,,unknown,unknown,none,1,,
Cancer_PID_15,"3'-Azido-3'-deoxythymidine; 2',3'-Dideoxycytidine",UNKNOWN,unknown,research/cancer_study,unknown,HIGH,source_filename,UNKNOWN,,,unknown,,0,LOW,,research/cancer_study,,,unknown,unknown,HIGH,,,RESEARCH_ONLY,not_registered,False,False,unknown,HIGH,,,,,unknown,unknown,none,1,,
Cancer_PID_159,Bis(2-chloro-1-methylethyl)ether (~70); 2-Chloro-1-methylethyl(2-chloropropyl)ether (~30),UNKNOWN,unknown,research/cancer_study,unknown,HIGH,source_filename,UNKNOWN,,,unknown,,0,LOW,,research/cancer_study,,,unknown,unknown,HIGH,,,RESEARCH_ONLY,not_registered,False,False,unknown,HIGH,,,,,unknown,unknown,none,1,,
Cancer_PID_16,"3'-Azido-3'-deoxythymidine; 2',3'-Dideoxyinosine (AIDS Initiative)",UNKNOWN,unknown,research/cancer_study,unknown,HIGH,source_filename,UNKNOWN,,,unknown,,0,LOW,,research/cancer_study,,,unknown,unknown,HIGH,,,RESEARCH_ONLY,not_registered,False,False,unknown,HIGH,,,,,unknown,unknown,none,1,,
Cancer_PID_6,"1,2,3,6,7,8-Hexachlorodibenzo-p-dioxin; 1,2,3,7,8,9-Hexachlorodibenzo-p-dioxin",UNKNOWN,unknown,research/cancer_study,unknown,HIGH,source_filename,UNKNOWN,,,unknown,,0,LOW,,research/cancer_study,,,unknown,unknown,HIGH,,,RESEARCH_ONLY,not_registered,False,False,unknown,HIGH,,,,,unknown,unknown,none,1,,
Cancer_PID_9,"2,4-Dinitrotoluene; 2,6-Dinitrotoluene",UNKNOWN,unknown,research/cancer_study,unknown,HIGH,source_filename,UNKNOWN,,,unknown,,0,LOW,,research/cancer_study,,,unknown,unknown,HIGH,,,RESEARCH_ONLY,not_registered,False,False,unknown,HIGH,,,,,unknown,unknown,none,1,,
Cancer_PID_957,TEF evaluation (Binary mixture; PCB 126/PCB 153),UNKNOWN,unknown,research/cancer_study,unknown,HIGH,source_filename,UNKNOWN,,,unknown,,0,LOW,,research/cancer_study,,,unknown,unknown,HIGH,,,RESEARCH_ONLY,not_registered,False,False,unknown,HIGH,,,,,unknown,unknown,none,1,,
Cancer_PID_958,TEF evaluation (Dioxin mixture),UNKNOWN,unknown,research/cancer_study,unknown,HIGH,source_filename,UNKNOWN,,,unknown,,0,LOW,,research/cancer_study,,,unknown,unknown,HIGH,,,RESEARCH_ONLY,not_registered,False,False,unknown,HIGH,,,,,unknown,unknown,none,1,,
Cancer_PID_959,TEF Evaluation (PCB Mixture; PCB 126/PCB 118),UNKNOWN,unknown,research/cancer_study,unknown,HIGH,source_filename,UNKNOWN,,,unknown,,0,LOW,,research/cancer_study,,,unknown,unknown,HIGH,,,RESEARCH_ONLY,not_registered,False,False,unknown,HIGH,,,,,unknown,unknown,none,1,,
Cancer_PID_97,"Asbestos, amosite; dimethyl hydrazine",UNKNOWN,unknown,research/cancer_study,unknown,HIGH,source_filename,UNKNOWN,,,unknown,,0,LOW,,research/cancer_study,,,unknown,unknown,HIGH,,,RESEARCH_ONLY,not_registered,False,False,unknown,HIGH,,,,,unknown,unknown,none,1,,
Cancer_PID_98,"Asbestos, chrysotile(IR); dimethyl hydrazine",UNKNOWN,unknown,research/cancer_study,unknown,HIGH,source_filename,UNKNOWN,,,unknown,,0,LOW,,research/cancer_study,,,unknown,unknown,HIGH,,,RESEARCH_ONLY,not_registered,False,False,unknown,HIGH,,,,,unknown,unknown,none,1,,
Cancer_PID_99,Aspirin; Phenacetin; Caffeine,UNKNOWN,unknown,research/cancer_study,unknown,HIGH,source_filename,UNKNOWN,,,unknown,,0,LOW,,research/cancer_study,,,unknown,unknown,HIGH,,,RESEARCH_ONLY,not_registered,False,False,unknown,HIGH,,,,,unknown,unknown,none,1,,
