Formulation_ID,group_key,y_eye__L0_raw,y_eye__L1_canon,y_eye__L1_fixed,y_eye_cat__UN_GHS,y_eye_bin__UN_GHS,y_eye_usable__UN_GHS,y_eye_cat__EU_CLP,y_eye_bin__EU_CLP,y_eye_usable__EU_CLP,y_eye_cat__K_REACH,y_eye_bin__K_REACH,y_eye_usable__K_REACH,y_eye_cat__US_OSHA,y_eye_bin__US_OSHA,y_eye_usable__US_OSHA,y_skin__L0_raw,y_skin__L1_canon,y_skin__L1_fixed,y_skin_cat__UN_GHS,y_skin_bin__UN_GHS,y_skin_usable__UN_GHS,y_skin_cat__EU_CLP,y_skin_bin__EU_CLP,y_skin_usable__EU_CLP,y_skin_cat__K_REACH,y_skin_bin__K_REACH,y_skin_usable__K_REACH,y_skin_cat__US_OSHA,y_skin_bin__US_OSHA,y_skin_usable__US_OSHA,y_sens__L0_raw,y_sens__L1_canon,y_sens__L1_fixed,y_sens_cat__UN_GHS,y_sens_bin__UN_GHS,y_sens_usable__UN_GHS,y_sens_cat__EU_CLP,y_sens_bin__EU_CLP,y_sens_usable__EU_CLP,y_sens_cat__K_REACH,y_sens_bin__K_REACH,y_sens_usable__K_REACH,y_sens_cat__US_OSHA,y_sens_bin__US_OSHA,y_sens_usable__US_OSHA
Cancer_PID_1057,1330-20-7,2A,2A,0,2A,1,1,2A,1,1,2A,1,1,2A,1,1,2,2,0,2,1,1,2,1,1,2,1,1,2,1,1,,,0,,,0,,,0,,,0,,,0
Cancer_PID_108,134678-17-4,NC,NC,0,Not classified,0,1,Not classified,0,1,Not classified,0,1,Not classified,0,1,NC,NC,0,Not classified,0,1,Not classified,0,1,Not classified,0,1,Not classified,0,1,NC,NC,0,Not classified,0,1,Not classified,0,1,Not classified,0,1,Not classified,0,1
Cancer_PID_12,3'-Azido-3'-Deoxythymidine,,,0,,,0,,,0,,,0,,,0,,,0,,,0,,,0,,,0,,,0,,,0,,,0,,,0,,,0,,,0
Cancer_PID_13,3'-Azido-3'-Deoxythymidine,,,0,,,0,,,0,,,0,,,0,,,0,,,0,,,0,,,0,,,0,,,0,,,0,,,0,,,0,,,0
Cancer_PID_14,3'-Azido-3'-Deoxythymidine,,,0,,,0,,,0,,,0,,,0,,,0,,,0,,,0,,,0,,,0,,,0,,,0,,,0,,,0,,,0
Cancer_PID_141,Beta-nitrostyrene,,,0,,,0,,,0,,,0,,,0,,,0,,,0,,,0,,,0,,,0,,,0,,,0,,,0,,,0,,,0
Cancer_PID_15,3'-Azido-3'-deoxythymidine,,,0,,,0,,,0,,,0,,,0,,,0,,,0,,,0,,,0,,,0,,,0,,,0,,,0,,,0,,,0
Cancer_PID_159,Bisether,,,0,,,0,,,0,,,0,,,0,,,0,,,0,,,0,,,0,,,0,,,0,,,0,,,0,,,0,,,0
Cancer_PID_16,3'-Azido-3'-deoxythymidine,,,0,,,0,,,0,,,0,,,0,,,0,,,0,,,0,,,0,,,0,,,0,,,0,,,0,,,0,,,0
Cancer_PID_6,57653-85-7,2A,2A,0,2A,1,1,2A,1,1,2A,1,1,2A,1,1,,,0,,,0,,,0,,,0,,,0,,,0,,,0,,,0,,,0,,,0
Cancer_PID_9,121-14-2,,,0,,,0,,,0,,,0,,,0,,,0,,,0,,,0,,,0,,,0,,,0,,,0,,,0,,,0,,,0
Cancer_PID_957,TEF evaluation (Binary mixture,,,0,,,0,,,0,,,0,,,0,,,0,,,0,,,0,,,0,,,0,,,0,,,0,,,0,,,0,,,0
Cancer_PID_958,TEF evaluation,,,0,,,0,,,0,,,0,,,0,,,0,,,0,,,0,,,0,,,0,,,0,,,0,,,0,,,0,,,0
Cancer_PID_959,1336-36-3,,,0,,,0,,,0,,,0,,,0,,,0,,,0,,,0,,,0,,,0,,,0,,,0,,,0,,,0,,,0
Cancer_PID_97,57-14-7,,,0,,,0,,,0,,,0,,,0,,,0,,,0,,,0,,,0,,,0,,,0,,,0,,,0,,,0,,,0
Cancer_PID_98,12001-29-5,2B,2B,0,2B,1,1,Not classified,0,1,2B,1,1,2B,1,1,2,2,0,2,1,1,2,1,1,2,1,1,2,1,1,,,0,,,0,,,0,,,0,,,0
Cancer_PID_99,Aspirin,NC,NC,0,Not classified,0,1,Not classified,0,1,Not classified,0,1,Not classified,0,1,NC,NC,0,Not classified,0,1,Not classified,0,1,Not classified,0,1,Not classified,0,1,NC,NC,0,Not classified,0,1,Not classified,0,1,Not classified,0,1,Not classified,0,1
EyeIrritation6pack_PID10,단일 성분,1,1,0,1,1,1,1,1,1,1,1,1,1,1,1,2,2,0,2,1,1,2,1,1,2,1,1,2,1,1,,,0,,,0,,,0,,,0,,,0
EyeIrritation6pack_PID100,64742-94-5,1,1,0,1,1,1,1,1,1,1,1,1,1,1,1,,,0,,,0,,,0,,,0,,,0,,,0,,,0,,,0,,,0,,,0
EyeIrritation6pack_PID1000,2303-17-5,2B,2B,0,2B,1,1,Not classified,0,1,2B,1,1,2B,1,1,,,0,,,0,,,0,,,0,,,0,1,1,0,1,1,1,1,1,1,1,1,1,1,1,1
EyeIrritation6pack_PID1001,199119-58-9,2B,2B,0,2B,1,1,Not classified,0,1,2B,1,1,2B,1,1,,,0,,,0,,,0,,,0,,,0,,,0,,,0,,,0,,,0,,,0
EyeIrritation6pack_PID1002,1582-09-8,2B,2B,0,2B,1,1,Not classified,0,1,2B,1,1,2B,1,1,,,0,,,0,,,0,,,0,,,0,1,1,0,1,1,1,1,1,1,1,1,1,1,1,1
EyeIrritation6pack_PID1004,131983-72-7,NC,NC,0,Not classified,0,1,Not classified,0,1,Not classified,0,1,Not classified,0,1,,,0,,,0,,,0,,,0,,,0,,,0,,,0,,,0,,,0,,,0
EyeIrritation6pack_PID1005,6440-58-0,1,1,0,1,1,1,1,1,1,1,1,1,1,1,1,,,0,,,0,,,0,,,0,,,0,,,0,,,0,,,0,,,0,,,0
EyeIrritation6pack_PID1007,330-54-1,2B,2B,0,2B,1,1,Not classified,0,1,2B,1,1,2B,1,1,,,0,,,0,,,0,,,0,,,0,,,0,,,0,,,0,,,0,,,0
EyeIrritation6pack_PID1008,60207-90-1,2A,2A,0,2A,1,1,2A,1,1,2A,1,1,2A,1,1,2,2,0,2,1,1,2,1,1,2,1,1,2,1,1,1,1,0,1,1,1,1,1,1,1,1,1,1,1,1
EyeIrritation6pack_PID1009,199119-58-9,NC,NC,0,Not classified,0,1,Not classified,0,1,Not classified,0,1,Not classified,0,1,NC,NC,0,Not classified,0,1,Not classified,0,1,Not classified,0,1,Not classified,0,1,1,1,0,1,1,1,1,1,1,1,1,1,1,1,1
EyeIrritation6pack_PID101,317815-83-1,2B,2B,0,2B,1,1,Not classified,0,1,2B,1,1,2B,1,1,NC,NC,0,Not classified,0,1,Not classified,0,1,Not classified,0,1,Not classified,0,1,NC,NC,0,Not classified,0,1,Not classified,0,1,Not classified,0,1,Not classified,0,1
EyeIrritation6pack_PID1011,64742-94-5,2A,2A,0,2A,1,1,2A,1,1,2A,1,1,2A,1,1,,,0,,,0,,,0,,,0,,,0,,,0,,,0,,,0,,,0,,,0
EyeIrritation6pack_PID1012,138261-41-3,NC,NC,0,Not classified,0,1,Not classified,0,1,Not classified,0,1,Not classified,0,1,,,0,,,0,,,0,,,0,,,0,NC,NC,0,Not classified,0,1,Not classified,0,1,Not classified,0,1,Not classified,0,1
EyeIrritation6pack_PID1013,35367-38-5,2B,2B,0,2B,1,1,Not classified,0,1,2B,1,1,2B,1,1,,,0,,,0,,,0,,,0,,,0,,,0,,,0,,,0,,,0,,,0
EyeIrritation6pack_PID1016,134-62-3,2A,2A,0,2A,1,1,2A,1,1,2A,1,1,2A,1,1,,,0,,,0,,,0,,,0,,,0,NC,NC,0,Not classified,0,1,Not classified,0,1,Not classified,0,1,Not classified,0,1
EyeIrritation6pack_PID1018,7704-34-9,2B,2B,0,2B,1,1,Not classified,0,1,2B,1,1,2B,1,1,,,0,,,0,,,0,,,0,,,0,,,0,,,0,,,0,,,0,,,0
EyeIrritation6pack_PID1019,52315-07-8,2B,2B,0,2B,1,1,Not classified,0,1,2B,1,1,2B,1,1,,,0,,,0,,,0,,,0,,,0,,,0,,,0,,,0,,,0,,,0
EyeIrritation6pack_PID102,67485-29-4,NC,NC,0,Not classified,0,1,Not classified,0,1,Not classified,0,1,Not classified,0,1,NC,NC,0,Not classified,0,1,Not classified,0,1,Not classified,0,1,Not classified,0,1,NC,NC,0,Not classified,0,1,Not classified,0,1,Not classified,0,1,Not classified,0,1
EyeIrritation6pack_PID1020,40487-42-1,NC,NC,0,Not classified,0,1,Not classified,0,1,Not classified,0,1,Not classified,0,1,,,0,,,0,,,0,,,0,,,0,NC,NC,0,Not classified,0,1,Not classified,0,1,Not classified,0,1,Not classified,0,1
EyeIrritation6pack_PID1021,1071-83-6,2B,2B,0,2B,1,1,Not classified,0,1,2B,1,1,2B,1,1,,,0,,,0,,,0,,,0,,,0,,,0,,,0,,,0,,,0,,,0
EyeIrritation6pack_PID1022,138261-41-3,NC,NC,0,Not classified,0,1,Not classified,0,1,Not classified,0,1,Not classified,0,1,,,0,,,0,,,0,,,0,,,0,,,0,,,0,,,0,,,0,,,0
EyeIrritation6pack_PID1023,108-62-3,NC,NC,0,Not classified,0,1,Not classified,0,1,Not classified,0,1,Not classified,0,1,,,0,,,0,,,0,,,0,,,0,,,0,,,0,,,0,,,0,,,0
EyeIrritation6pack_PID1024,"Metconazole (-[(4-chlorophenyl)methyl]-2,2-dimethyl-1-(1H-1,2,4- 38-43 Active Ingredient",2B,2B,0,2B,1,1,Not classified,0,1,2B,1,1,2B,1,1,NC,NC,0,Not classified,0,1,Not classified,0,1,Not classified,0,1,Not classified,0,1,NC,NC,0,Not classified,0,1,Not classified,0,1,Not classified,0,1,Not classified,0,1
EyeIrritation6pack_PID1025,125116-23-6,2B,2B,0,2B,1,1,Not classified,0,1,2B,1,1,2B,1,1,,,0,,,0,,,0,,,0,,,0,NC,NC,0,Not classified,0,1,Not classified,0,1,Not classified,0,1,Not classified,0,1
EyeIrritation6pack_PID1026,39515-41-8,2B,2B,0,2B,1,1,Not classified,0,1,2B,1,1,2B,1,1,,,0,,,0,,,0,,,0,,,0,,,0,,,0,,,0,,,0,,,0
EyeIrritation6pack_PID1027,122548-33-8,2B,2B,0,2B,1,1,Not classified,0,1,2B,1,1,2B,1,1,3,3,0,3,1,1,Not classified,0,1,Not classified,0,1,Not classified,0,1,NC,NC,0,Not classified,0,1,Not classified,0,1,Not classified,0,1,Not classified,0,1
EyeIrritation6pack_PID1028,165252-70-0,NC,NC,0,Not classified,0,1,Not classified,0,1,Not classified,0,1,Not classified,0,1,,,0,,,0,,,0,,,0,,,0,,,0,,,0,,,0,,,0,,,0
EyeIrritation6pack_PID1029,103361-09-7,NC,NC,0,Not classified,0,1,Not classified,0,1,Not classified,0,1,Not classified,0,1,,,0,,,0,,,0,,,0,,,0,,,0,,,0,,,0,,,0,,,0
EyeIrritation6pack_PID103,153719-23-4,NC,NC,0,Not classified,0,1,Not classified,0,1,Not classified,0,1,Not classified,0,1,,,0,,,0,,,0,,,0,,,0,NC,NC,0,Not classified,0,1,Not classified,0,1,Not classified,0,1,Not classified,0,1
EyeIrritation6pack_PID1031,62-73-7,1,1,0,1,1,1,1,1,1,1,1,1,1,1,1,2,2,0,2,1,1,2,1,1,2,1,1,2,1,1,1,1,0,1,1,1,1,1,1,1,1,1,1,1,1
EyeIrritation6pack_PID1032,82657-04-3,2B,2B,0,2B,1,1,Not classified,0,1,2B,1,1,2B,1,1,NC,NC,0,Not classified,0,1,Not classified,0,1,Not classified,0,1,Not classified,0,1,1,1,0,1,1,1,1,1,1,1,1,1,1,1,1
EyeIrritation6pack_PID1033,125401-92-5,2B,2B,0,2B,1,1,Not classified,0,1,2B,1,1,2B,1,1,,,0,,,0,,,0,,,0,,,0,NC,NC,0,Not classified,0,1,Not classified,0,1,Not classified,0,1,Not classified,0,1
EyeIrritation6pack_PID1034,90-43-7,1,1,0,1,1,1,1,1,1,1,1,1,1,1,1,,,0,,,0,,,0,,,0,,,0,,,0,,,0,,,0,,,0,,,0
EyeIrritation6pack_PID1037,64742-94-5,2B,2B,0,2B,1,1,Not classified,0,1,2B,1,1,2B,1,1,,,0,,,0,,,0,,,0,,,0,,,0,,,0,,,0,,,0,,,0
EyeIrritation6pack_PID1038,5234-68-4,NC,NC,0,Not classified,0,1,Not classified,0,1,Not classified,0,1,Not classified,0,1,,,0,,,0,,,0,,,0,,,0,,,0,,,0,,,0,,,0,,,0
EyeIrritation6pack_PID1039,7732-18-5,NC,NC,0,Not classified,0,1,Not classified,0,1,Not classified,0,1,Not classified,0,1,NC,NC,0,Not classified,0,1,Not classified,0,1,Not classified,0,1,Not classified,0,1,NC,NC,0,Not classified,0,1,Not classified,0,1,Not classified,0,1,Not classified,0,1
EyeIrritation6pack_PID104,243973-20-8,2B,2B,0,2B,1,1,Not classified,0,1,2B,1,1,2B,1,1,2,2,0,2,1,1,2,1,1,2,1,1,2,1,1,1A,1A,0,1A,1,1,1A,1,1,1A,1,1,1A,1,1
EyeIrritation6pack_PID1040,153719-23-4,2B,2B,0,2B,1,1,Not classified,0,1,2B,1,1,2B,1,1,NC,NC,0,Not classified,0,1,Not classified,0,1,Not classified,0,1,Not classified,0,1,NC,NC,0,Not classified,0,1,Not classified,0,1,Not classified,0,1,Not classified,0,1
EyeIrritation6pack_PID1042,500008-45-7,2B,2B,0,2B,1,1,Not classified,0,1,2B,1,1,2B,1,1,,,0,,,0,,,0,,,0,,,0,,,0,,,0,,,0,,,0,,,0
EyeIrritation6pack_PID1043,107534-96-3,NC,NC,0,Not classified,0,1,Not classified,0,1,Not classified,0,1,Not classified,0,1,,,0,,,0,,,0,,,0,,,0,,,0,,,0,,,0,,,0,,,0
EyeIrritation6pack_PID1044,29450-45-1,2B,2B,0,2B,1,1,Not classified,0,1,2B,1,1,2B,1,1,2,2,0,2,1,1,2,1,1,2,1,1,2,1,1,NC,NC,0,Not classified,0,1,Not classified,0,1,Not classified,0,1,Not classified,0,1
EyeIrritation6pack_PID1045,26225-79-6,NC,NC,0,Not classified,0,1,Not classified,0,1,Not classified,0,1,Not classified,0,1,,,0,,,0,,,0,,,0,,,0,,,0,,,0,,,0,,,0,,,0
EyeIrritation6pack_PID1048,12069-69-1,1,1,0,1,1,1,1,1,1,1,1,1,1,1,1,,,0,,,0,,,0,,,0,,,0,,,0,,,0,,,0,,,0,,,0
EyeIrritation6pack_PID105,81406-37-3,2B,2B,0,2B,1,1,Not classified,0,1,2B,1,1,2B,1,1,2,2,0,2,1,1,2,1,1,2,1,1,2,1,1,1,1,0,1,1,1,1,1,1,1,1,1,1,1,1
EyeIrritation6pack_PID1050,91465-08-6,NC,NC,0,Not classified,0,1,Not classified,0,1,Not classified,0,1,Not classified,0,1,NC,NC,0,Not classified,0,1,Not classified,0,1,Not classified,0,1,Not classified,0,1,,,0,,,0,,,0,,,0,,,0
EyeIrritation6pack_PID1051,104-55-2,2A,2A,0,2A,1,1,2A,1,1,2A,1,1,2A,1,1,1,1,0,1,1,1,1,1,1,1,1,1,1,1,1,NC,NC,0,Not classified,0,1,Not classified,0,1,Not classified,0,1,Not classified,0,1
EyeIrritation6pack_PID1052,121451-02-3,NC,NC,0,Not classified,0,1,Not classified,0,1,Not classified,0,1,Not classified,0,1,,,0,,,0,,,0,,,0,,,0,,,0,,,0,,,0,,,0,,,0
EyeIrritation6pack_PID1053,2758-42-1,NC,NC,0,Not classified,0,1,Not classified,0,1,Not classified,0,1,Not classified,0,1,,,0,,,0,,,0,,,0,,,0,,,0,,,0,,,0,,,0,,,0
EyeIrritation6pack_PID1054,422556-08-9,NC,NC,0,Not classified,0,1,Not classified,0,1,Not classified,0,1,Not classified,0,1,,,0,,,0,,,0,,,0,,,0,1,1,0,1,1,1,1,1,1,1,1,1,1,1,1
EyeIrritation6pack_PID1055,34256-82-1,2B,2B,0,2B,1,1,Not classified,0,1,2B,1,1,2B,1,1,NC,NC,0,Not classified,0,1,Not classified,0,1,Not classified,0,1,Not classified,0,1,NC,NC,0,Not classified,0,1,Not classified,0,1,Not classified,0,1,Not classified,0,1
EyeIrritation6pack_PID1056,175013-18-0,NC,NC,0,Not classified,0,1,Not classified,0,1,Not classified,0,1,Not classified,0,1,,,0,,,0,,,0,,,0,,,0,,,0,,,0,,,0,,,0,,,0
EyeIrritation6pack_PID1059,7722-84-1,1,1,0,1,1,1,1,1,1,1,1,1,1,1,1,,,0,,,0,,,0,,,0,,,0,,,0,,,0,,,0,,,0,,,0
EyeIrritation6pack_PID1060,110488-70-5,NC,NC,0,Not classified,0,1,Not classified,0,1,Not classified,0,1,Not classified,0,1,NC,NC,0,Not classified,0,1,Not classified,0,1,Not classified,0,1,Not classified,0,1,NC,NC,0,Not classified,0,1,Not classified,0,1,Not classified,0,1,Not classified,0,1
EyeIrritation6pack_PID1061,8018-01-7,2B,2B,0,2B,1,1,Not classified,0,1,2B,1,1,2B,1,1,NC,NC,0,Not classified,0,1,Not classified,0,1,Not classified,0,1,Not classified,0,1,1,1,0,1,1,1,1,1,1,1,1,1,1,1,1
EyeIrritation6pack_PID1062,471-46-5,2B,2B,0,2B,1,1,Not classified,0,1,2B,1,1,2B,1,1,2,2,0,2,1,1,2,1,1,2,1,1,2,1,1,,,0,,,0,,,0,,,0,,,0
EyeIrritation6pack_PID1064,156052-68-5,2B,2B,0,2B,1,1,Not classified,0,1,2B,1,1,2B,1,1,,,0,,,0,,,0,,,0,,,0,1,1,0,1,1,1,1,1,1,1,1,1,1,1,1
EyeIrritation6pack_PID107,131860-33-8,2B,2B,0,2B,1,1,Not classified,0,1,2B,1,1,2B,1,1,,,0,,,0,,,0,,,0,,,0,,,0,,,0,,,0,,,0,,,0
EyeIrritation6pack_PID110,85409-22-9,1,1,0,1,1,1,1,1,1,1,1,1,1,1,1,,,0,,,0,,,0,,,0,,,0,,,0,,,0,,,0,,,0,,,0
EyeIrritation6pack_PID115,60207-90-1,2B,2B,0,2B,1,1,Not classified,0,1,2B,1,1,2B,1,1,,,0,,,0,,,0,,,0,,,0,1,1,0,1,1,1,1,1,1,1,1,1,1,1,1
EyeIrritation6pack_PID116,139968-49-3,NC,NC,0,Not classified,0,1,Not classified,0,1,Not classified,0,1,Not classified,0,1,,,0,,,0,,,0,,,0,,,0,NC,NC,0,Not classified,0,1,Not classified,0,1,Not classified,0,1,Not classified,0,1
EyeIrritation6pack_PID117,175013-18-0,2B,2B,0,2B,1,1,Not classified,0,1,2B,1,1,2B,1,1,2,2,0,2,1,1,2,1,1,2,1,1,2,1,1,,,0,,,0,,,0,,,0,,,0
EyeIrritation6pack_PID118,175013-18-0,2B,2B,0,2B,1,1,Not classified,0,1,2B,1,1,2B,1,1,NC,NC,0,Not classified,0,1,Not classified,0,1,Not classified,0,1,Not classified,0,1,1,1,0,1,1,1,1,1,1,1,1,1,1,1,1
EyeIrritation6pack_PID119,188425-85-6,2A,2A,0,2A,1,1,2A,1,1,2A,1,1,2A,1,1,,,0,,,0,,,0,,,0,,,0,,,0,,,0,,,0,,,0,,,0
EyeIrritation6pack_PID120,110488-70-5,2B,2B,0,2B,1,1,Not classified,0,1,2B,1,1,2B,1,1,,,0,,,0,,,0,,,0,,,0,,,0,,,0,,,0,,,0,,,0
EyeIrritation6pack_PID121,141517-21-7,2A,2A,0,2A,1,1,2A,1,1,2A,1,1,2A,1,1,,,0,,,0,,,0,,,0,,,0,,,0,,,0,,,0,,,0,,,0
EyeIrritation6pack_PID123,865318-97-4,NC,NC,0,Not classified,0,1,Not classified,0,1,Not classified,0,1,Not classified,0,1,,,0,,,0,,,0,,,0,,,0,,,0,,,0,,,0,,,0,,,0
EyeIrritation6pack_PID124,210631-68-8,2B,2B,0,2B,1,1,Not classified,0,1,2B,1,1,2B,1,1,,,0,,,0,,,0,,,0,,,0,,,0,,,0,,,0,,,0,,,0
EyeIrritation6pack_PID125,907204-31-3,1,1,0,1,1,1,1,1,1,1,1,1,1,1,1,NC,NC,0,Not classified,0,1,Not classified,0,1,Not classified,0,1,Not classified,0,1,1,1,0,1,1,1,1,1,1,1,1,1,1,1,1
EyeIrritation6pack_PID126,175013-18-0,NC,NC,0,Not classified,0,1,Not classified,0,1,Not classified,0,1,Not classified,0,1,,,0,,,0,,,0,,,0,,,0,,,0,,,0,,,0,,,0,,,0
EyeIrritation6pack_PID127,67701-09-1,NC,NC,0,Not classified,0,1,Not classified,0,1,Not classified,0,1,Not classified,0,1,,,0,,,0,,,0,,,0,,,0,,,0,,,0,,,0,,,0,,,0
EyeIrritation6pack_PID128,93-65-2,1,1,0,1,1,1,1,1,1,1,1,1,1,1,1,NC,NC,0,Not classified,0,1,Not classified,0,1,Not classified,0,1,Not classified,0,1,1,1,0,1,1,1,1,1,1,1,1,1,1,1,1
EyeIrritation6pack_PID131,68359-37-5,2A,2A,0,2A,1,1,2A,1,1,2A,1,1,2A,1,1,,,0,,,0,,,0,,,0,,,0,,,0,,,0,,,0,,,0,,,0
EyeIrritation6pack_PID132,1582-09-8,2B,2B,0,2B,1,1,Not classified,0,1,2B,1,1,2B,1,1,3,3,0,3,1,1,Not classified,0,1,Not classified,0,1,Not classified,0,1,,,0,,,0,,,0,,,0,,,0
EyeIrritation6pack_PID134,5915-41-3,NC,NC,0,Not classified,0,1,Not classified,0,1,Not classified,0,1,Not classified,0,1,,,0,,,0,,,0,,,0,,,0,,,0,,,0,,,0,,,0,,,0
EyeIrritation6pack_PID137,95737-68-1,2B,2B,0,2B,1,1,Not classified,0,1,2B,1,1,2B,1,1,,,0,,,0,,,0,,,0,,,0,NC,NC,0,Not classified,0,1,Not classified,0,1,Not classified,0,1,Not classified,0,1
EyeIrritation6pack_PID138,Bentazon,2A,2A,0,2A,1,1,2A,1,1,2A,1,1,2A,1,1,,,0,,,0,,,0,,,0,,,0,1,1,0,1,1,1,1,1,1,1,1,1,1,1,1
EyeIrritation6pack_PID142,13684-56-5,2A,2A,0,2A,1,1,2A,1,1,2A,1,1,2A,1,1,,,0,,,0,,,0,,,0,,,0,,,0,,,0,,,0,,,0,,,0
EyeIrritation6pack_PID143,82657-04-3,2B,2B,0,2B,1,1,Not classified,0,1,2B,1,1,2B,1,1,,,0,,,0,,,0,,,0,,,0,,,0,,,0,,,0,,,0,,,0
EyeIrritation6pack_PID144,82657-04-3,NC,NC,0,Not classified,0,1,Not classified,0,1,Not classified,0,1,Not classified,0,1,,,0,,,0,,,0,,,0,,,0,,,0,,,0,,,0,,,0,,,0
EyeIrritation6pack_PID145,57-13-6,NC,NC,0,Not classified,0,1,Not classified,0,1,Not classified,0,1,Not classified,0,1,2,2,0,2,1,1,2,1,1,2,1,1,2,1,1,,,0,,,0,,,0,,,0,,,0
EyeIrritation6pack_PID146,82657-04-3,NC,NC,0,Not classified,0,1,Not classified,0,1,Not classified,0,1,Not classified,0,1,,,0,,,0,,,0,,,0,,,0,,,0,,,0,,,0,,,0,,,0
EyeIrritation6pack_PID147,Bifenthrin,NC,NC,0,Not classified,0,1,Not classified,0,1,Not classified,0,1,Not classified,0,1,,,0,,,0,,,0,,,0,,,0,,,0,,,0,,,0,,,0,,,0
EyeIrritation6pack_PID148,82657-04-3,NC,NC,0,Not classified,0,1,Not classified,0,1,Not classified,0,1,Not classified,0,1,,,0,,,0,,,0,,,0,,,0,,,0,,,0,,,0,,,0,,,0
EyeIrritation6pack_PID149,82657-04-3,NC,NC,0,Not classified,0,1,Not classified,0,1,Not classified,0,1,Not classified,0,1,,,0,,,0,,,0,,,0,,,0,,,0,,,0,,,0,,,0,,,0
EyeIrritation6pack_PID150,82657-04-3,NC,NC,0,Not classified,0,1,Not classified,0,1,Not classified,0,1,Not classified,0,1,,,0,,,0,,,0,,,0,,,0,,,0,,,0,,,0,,,0,,,0
EyeIrritation6pack_PID151,82657-04-3,2B,2B,0,2B,1,1,Not classified,0,1,2B,1,1,2B,1,1,,,0,,,0,,,0,,,0,,,0,,,0,,,0,,,0,,,0,,,0
EyeIrritation6pack_PID152,82657-04-3,2B,2B,0,2B,1,1,Not classified,0,1,2B,1,1,2B,1,1,,,0,,,0,,,0,,,0,,,0,NC,NC,0,Not classified,0,1,Not classified,0,1,Not classified,0,1,Not classified,0,1
EyeIrritation6pack_PID153,82657-04-3,2B,2B,0,2B,1,1,Not classified,0,1,2B,1,1,2B,1,1,NC,NC,0,Not classified,0,1,Not classified,0,1,Not classified,0,1,Not classified,0,1,1,1,0,1,1,1,1,1,1,1,1,1,1,1,1
EyeIrritation6pack_PID154,82657-04-3,2B,2B,0,2B,1,1,Not classified,0,1,2B,1,1,2B,1,1,,,0,,,0,,,0,,,0,,,0,,,0,,,0,,,0,,,0,,,0
EyeIrritation6pack_PID155,82657-04-3,2B,2B,0,2B,1,1,Not classified,0,1,2B,1,1,2B,1,1,,,0,,,0,,,0,,,0,,,0,,,0,,,0,,,0,,,0,,,0
EyeIrritation6pack_PID157,2893-78-9,1,1,0,1,1,1,1,1,1,1,1,1,1,1,1,,,0,,,0,,,0,,,0,,,0,,,0,,,0,,,0,,,0,,,0
EyeIrritation6pack_PID160,125401-92-5,2B,2B,0,2B,1,1,Not classified,0,1,2B,1,1,2B,1,1,NC,NC,0,Not classified,0,1,Not classified,0,1,Not classified,0,1,Not classified,0,1,,,0,,,0,,,0,,,0,,,0
EyeIrritation6pack_PID167,52315-07-8,2B,2B,0,2B,1,1,Not classified,0,1,2B,1,1,2B,1,1,,,0,,,0,,,0,,,0,,,0,NC,NC,0,Not classified,0,1,Not classified,0,1,Not classified,0,1,Not classified,0,1
EyeIrritation6pack_PID168,131929-60-7,NC,NC,0,Not classified,0,1,Not classified,0,1,Not classified,0,1,Not classified,0,1,NC,NC,0,Not classified,0,1,Not classified,0,1,Not classified,0,1,Not classified,0,1,NC,NC,0,Not classified,0,1,Not classified,0,1,Not classified,0,1,Not classified,0,1
EyeIrritation6pack_PID17,23564-05-8,2B,2B,0,2B,1,1,Not classified,0,1,2B,1,1,2B,1,1,2,2,0,2,1,1,2,1,1,2,1,1,2,1,1,,,0,,,0,,,0,,,0,,,0
EyeIrritation6pack_PID170,188425-85-6,NC,NC,0,Not classified,0,1,Not classified,0,1,Not classified,0,1,Not classified,0,1,NC,NC,0,Not classified,0,1,Not classified,0,1,Not classified,0,1,Not classified,0,1,,,0,,,0,,,0,,,0,,,0
EyeIrritation6pack_PID173,1897-45-6,2B,2B,0,2B,1,1,Not classified,0,1,2B,1,1,2B,1,1,,,0,,,0,,,0,,,0,,,0,,,0,,,0,,,0,,,0,,,0
EyeIrritation6pack_PID175,7704-34-9,1,1,0,1,1,1,1,1,1,1,1,1,1,1,1,2,2,0,2,1,1,2,1,1,2,1,1,2,1,1,,,0,,,0,,,0,,,0,,,0
EyeIrritation6pack_PID176,116255-48-2,2B,2B,0,2B,1,1,Not classified,0,1,2B,1,1,2B,1,1,NC,NC,0,Not classified,0,1,Not classified,0,1,Not classified,0,1,Not classified,0,1,,,0,,,0,,,0,,,0,,,0
EyeIrritation6pack_PID177,116255-48-2,2B,2B,0,2B,1,1,Not classified,0,1,2B,1,1,2B,1,1,NC,NC,0,Not classified,0,1,Not classified,0,1,Not classified,0,1,Not classified,0,1,,,0,,,0,,,0,,,0,,,0
EyeIrritation6pack_PID178,116255-48-2,2B,2B,0,2B,1,1,Not classified,0,1,2B,1,1,2B,1,1,NC,NC,0,Not classified,0,1,Not classified,0,1,Not classified,0,1,Not classified,0,1,,,0,,,0,,,0,,,0,,,0
EyeIrritation6pack_PID179,116255-48-2,2B,2B,0,2B,1,1,Not classified,0,1,2B,1,1,2B,1,1,,,0,,,0,,,0,,,0,,,0,NC,NC,0,Not classified,0,1,Not classified,0,1,Not classified,0,1,Not classified,0,1
EyeIrritation6pack_PID18,2634-33-5,1,1,0,1,1,1,1,1,1,1,1,1,1,1,1,,,0,,,0,,,0,,,0,,,0,,,0,,,0,,,0,,,0,,,0
EyeIrritation6pack_PID180,51-03-6,2B,2B,0,2B,1,1,Not classified,0,1,2B,1,1,2B,1,1,,,0,,,0,,,0,,,0,,,0,,,0,,,0,,,0,,,0,,,0
EyeIrritation6pack_PID182,175013-18-0,2B,2B,0,2B,1,1,Not classified,0,1,2B,1,1,2B,1,1,2,2,0,2,1,1,2,1,1,2,1,1,2,1,1,,,0,,,0,,,0,,,0,,,0
EyeIrritation6pack_PID186,1912-24-9,2B,2B,0,2B,1,1,Not classified,0,1,2B,1,1,2B,1,1,NC,NC,0,Not classified,0,1,Not classified,0,1,Not classified,0,1,Not classified,0,1,1,1,0,1,1,1,1,1,1,1,1,1,1,1,1
EyeIrritation6pack_PID194,133-06-2,2B,2B,0,2B,1,1,Not classified,0,1,2B,1,1,2B,1,1,,,0,,,0,,,0,,,0,,,0,1,1,0,1,1,1,1,1,1,1,1,1,1,1,1
EyeIrritation6pack_PID195,Captan,2A,2A,0,2A,1,1,2A,1,1,2A,1,1,2A,1,1,,,0,,,0,,,0,,,0,,,0,1,1,0,1,1,1,1,1,1,1,1,1,1,1,1
EyeIrritation6pack_PID196,133-06-2,1,1,0,1,1,1,1,1,1,1,1,1,1,1,1,2,2,0,2,1,1,2,1,1,2,1,1,2,1,1,1,1,0,1,1,1,1,1,1,1,1,1,1,1,1
EyeIrritation6pack_PID197,82657-04-3,2B,2B,0,2B,1,1,Not classified,0,1,2B,1,1,2B,1,1,,,0,,,0,,,0,,,0,,,0,,,0,,,0,,,0,,,0,,,0
EyeIrritation6pack_PID205,67-63-0,2A,2A,0,2A,1,1,2A,1,1,2A,1,1,2A,1,1,,,0,,,0,,,0,,,0,,,0,,,0,,,0,,,0,,,0,,,0
EyeIrritation6pack_PID213,1918-00-9,2B,2B,0,2B,1,1,Not classified,0,1,2B,1,1,2B,1,1,,,0,,,0,,,0,,,0,,,0,,,0,,,0,,,0,,,0,,,0
EyeIrritation6pack_PID214,33089-61-1,2B,2B,0,2B,1,1,Not classified,0,1,2B,1,1,2B,1,1,,,0,,,0,,,0,,,0,,,0,,,0,,,0,,,0,,,0,,,0
EyeIrritation6pack_PID217,21087-64-9,2B,2B,0,2B,1,1,Not classified,0,1,2B,1,1,2B,1,1,,,0,,,0,,,0,,,0,,,0,,,0,,,0,,,0,,,0,,,0
EyeIrritation6pack_PID218,56-81-5,2A,2A,0,2A,1,1,2A,1,1,2A,1,1,2A,1,1,,,0,,,0,,,0,,,0,,,0,,,0,,,0,,,0,,,0,,,0
EyeIrritation6pack_PID219,103361-09-7,2B,2B,0,2B,1,1,Not classified,0,1,2B,1,1,2B,1,1,,,0,,,0,,,0,,,0,,,0,,,0,,,0,,,0,,,0,,,0
EyeIrritation6pack_PID220,Abamectin 2 NE NE,2B,2B,0,2B,1,1,Not classified,0,1,2B,1,1,2B,1,1,,,0,,,0,,,0,,,0,,,0,NC,NC,0,Not classified,0,1,Not classified,0,1,Not classified,0,1,Not classified,0,1
EyeIrritation6pack_PID221,111991-09-4,NC,NC,0,Not classified,0,1,Not classified,0,1,Not classified,0,1,Not classified,0,1,2,2,0,2,1,1,2,1,1,2,1,1,2,1,1,,,0,,,0,,,0,,,0,,,0
EyeIrritation6pack_PID222,90-43-7,2B,2B,0,2B,1,1,Not classified,0,1,2B,1,1,2B,1,1,2,2,0,2,1,1,2,1,1,2,1,1,2,1,1,NC,NC,0,Not classified,0,1,Not classified,0,1,Not classified,0,1,Not classified,0,1
EyeIrritation6pack_PID223,2008-39-1,2B,2B,0,2B,1,1,Not classified,0,1,2B,1,1,2B,1,1,,,0,,,0,,,0,,,0,,,0,,,0,,,0,,,0,,,0,,,0
EyeIrritation6pack_PID224,2008-39-1,2B,2B,0,2B,1,1,Not classified,0,1,2B,1,1,2B,1,1,,,0,,,0,,,0,,,0,,,0,,,0,,,0,,,0,,,0,,,0
EyeIrritation6pack_PID225,2008-39-1,2B,2B,0,2B,1,1,Not classified,0,1,2B,1,1,2B,1,1,,,0,,,0,,,0,,,0,,,0,,,0,,,0,,,0,,,0,,,0
EyeIrritation6pack_PID226,2008-39-1,2B,2B,0,2B,1,1,Not classified,0,1,2B,1,1,2B,1,1,,,0,,,0,,,0,,,0,,,0,,,0,,,0,,,0,,,0,,,0
EyeIrritation6pack_PID228,131983-72-7,2B,2B,0,2B,1,1,Not classified,0,1,2B,1,1,2B,1,1,,,0,,,0,,,0,,,0,,,0,,,0,,,0,,,0,,,0,,,0
EyeIrritation6pack_PID229,2893-78-9,1,1,0,1,1,1,1,1,1,1,1,1,1,1,1,,,0,,,0,,,0,,,0,,,0,,,0,,,0,,,0,,,0,,,0
EyeIrritation6pack_PID23,131860-33-8,2B,2B,0,2B,1,1,Not classified,0,1,2B,1,1,2B,1,1,,,0,,,0,,,0,,,0,,,0,,,0,,,0,,,0,,,0,,,0
EyeIrritation6pack_PID231,1897-45-6,1,1,0,1,1,1,1,1,1,1,1,1,1,1,1,,,0,,,0,,,0,,,0,,,0,1,1,0,1,1,1,1,1,1,1,1,1,1,1,1
EyeIrritation6pack_PID233,2921-88-2,2B,2B,0,2B,1,1,Not classified,0,1,2B,1,1,2B,1,1,,,0,,,0,,,0,,,0,,,0,,,0,,,0,,,0,,,0,,,0
EyeIrritation6pack_PID24,14433-76-2,NC,NC,0,Not classified,0,1,Not classified,0,1,Not classified,0,1,Not classified,0,1,NC,NC,0,Not classified,0,1,Not classified,0,1,Not classified,0,1,Not classified,0,1,,,0,,,0,,,0,,,0,,,0
EyeIrritation6pack_PID240,114311-32-9,2B,2B,0,2B,1,1,Not classified,0,1,2B,1,1,2B,1,1,NC,NC,0,Not classified,0,1,Not classified,0,1,Not classified,0,1,Not classified,0,1,,,0,,,0,,,0,,,0,,,0
EyeIrritation6pack_PID241,122008-85-9,2A,2A,0,2A,1,1,2A,1,1,2A,1,1,2A,1,1,,,0,,,0,,,0,,,0,,,0,NC,NC,0,Not classified,0,1,Not classified,0,1,Not classified,0,1,Not classified,0,1
EyeIrritation6pack_PID242,101200-48-0,2B,2B,0,2B,1,1,Not classified,0,1,2B,1,1,2B,1,1,,,0,,,0,,,0,,,0,,,0,,,0,,,0,,,0,,,0,,,0
EyeIrritation6pack_PID243,101200-48-0,2B,2B,0,2B,1,1,Not classified,0,1,2B,1,1,2B,1,1,,,0,,,0,,,0,,,0,,,0,,,0,,,0,,,0,,,0,,,0
EyeIrritation6pack_PID246,Clothianidin,NC,NC,0,Not classified,0,1,Not classified,0,1,Not classified,0,1,Not classified,0,1,NC,NC,0,Not classified,0,1,Not classified,0,1,Not classified,0,1,Not classified,0,1,NC,NC,0,Not classified,0,1,Not classified,0,1,Not classified,0,1,Not classified,0,1
EyeIrritation6pack_PID247,Clothianidin,NC,NC,0,Not classified,0,1,Not classified,0,1,Not classified,0,1,Not classified,0,1,NC,NC,0,Not classified,0,1,Not classified,0,1,Not classified,0,1,Not classified,0,1,NC,NC,0,Not classified,0,1,Not classified,0,1,Not classified,0,1,Not classified,0,1
EyeIrritation6pack_PID251,210880-92-5,2B,2B,0,2B,1,1,Not classified,0,1,2B,1,1,2B,1,1,,,0,,,0,,,0,,,0,,,0,,,0,,,0,,,0,,,0,,,0
EyeIrritation6pack_PID252,56-72-4,2B,2B,0,2B,1,1,Not classified,0,1,2B,1,1,2B,1,1,,,0,,,0,,,0,,,0,,,0,,,0,,,0,,,0,,,0,,,0
EyeIrritation6pack_PID253,56-72-4,2B,2B,0,2B,1,1,Not classified,0,1,2B,1,1,2B,1,1,,,0,,,0,,,0,,,0,,,0,,,0,,,0,,,0,,,0,,,0
EyeIrritation6pack_PID254,68477-31-6,1,1,0,1,1,1,1,1,1,1,1,1,1,1,1,,,0,,,0,,,0,,,0,,,0,,,0,,,0,,,0,,,0,,,0
EyeIrritation6pack_PID255,56-72-4,2B,2B,0,2B,1,1,Not classified,0,1,2B,1,1,2B,1,1,,,0,,,0,,,0,,,0,,,0,,,0,,,0,,,0,,,0,,,0
EyeIrritation6pack_PID256,56-72-4,2B,2B,0,2B,1,1,Not classified,0,1,2B,1,1,2B,1,1,,,0,,,0,,,0,,,0,,,0,,,0,,,0,,,0,,,0,,,0
EyeIrritation6pack_PID258,1071-83-6,1,1,0,1,1,1,1,1,1,1,1,1,1,1,1,,,0,,,0,,,0,,,0,,,0,,,0,,,0,,,0,,,0,,,0
EyeIrritation6pack_PID263,188425-85-6,NC,NC,0,Not classified,0,1,Not classified,0,1,Not classified,0,1,Not classified,0,1,2,2,0,2,1,1,2,1,1,2,1,1,2,1,1,,,0,,,0,,,0,,,0,,,0
EyeIrritation6pack_PID267,Coumaphos,2A,2A,0,2A,1,1,2A,1,1,2A,1,1,2A,1,1,,,0,,,0,,,0,,,0,,,0,,,0,,,0,,,0,,,0,,,0
EyeIrritation6pack_PID269,68157-60-8,2B,2B,0,2B,1,1,Not classified,0,1,2B,1,1,2B,1,1,,,0,,,0,,,0,,,0,,,0,,,0,,,0,,,0,,,0,,,0
EyeIrritation6pack_PID270,153719-23-4,NC,NC,0,Not classified,0,1,Not classified,0,1,Not classified,0,1,Not classified,0,1,,,0,,,0,,,0,,,0,,,0,,,0,,,0,,,0,,,0,,,0
EyeIrritation6pack_PID271,119446-68-3,NC,NC,0,Not classified,0,1,Not classified,0,1,Not classified,0,1,Not classified,0,1,,,0,,,0,,,0,,,0,,,0,NC,NC,0,Not classified,0,1,Not classified,0,1,Not classified,0,1,Not classified,0,1
EyeIrritation6pack_PID272,153719-23-4,NC,NC,0,Not classified,0,1,Not classified,0,1,Not classified,0,1,Not classified,0,1,,,0,,,0,,,0,,,0,,,0,NC,NC,0,Not classified,0,1,Not classified,0,1,Not classified,0,1,Not classified,0,1
EyeIrritation6pack_PID273,153719-23-4,2B,2B,0,2B,1,1,Not classified,0,1,2B,1,1,2B,1,1,,,0,,,0,,,0,,,0,,,0,,,0,,,0,,,0,,,0,,,0
EyeIrritation6pack_PID274,7173-51-5,2A,2A,0,2A,1,1,2A,1,1,2A,1,1,2A,1,1,,,0,,,0,,,0,,,0,,,0,,,0,,,0,,,0,,,0,,,0
EyeIrritation6pack_PID275,120068-37-3,NC,NC,0,Not classified,0,1,Not classified,0,1,Not classified,0,1,Not classified,0,1,,,0,,,0,,,0,,,0,,,0,,,0,,,0,,,0,,,0,,,0
EyeIrritation6pack_PID276,91465-08-6,2B,2B,0,2B,1,1,Not classified,0,1,2B,1,1,2B,1,1,,,0,,,0,,,0,,,0,,,0,,,0,,,0,,,0,,,0,,,0
EyeIrritation6pack_PID277,1897-45-6,2B,2B,0,2B,1,1,Not classified,0,1,2B,1,1,2B,1,1,,,0,,,0,,,0,,,0,,,0,1,1,0,1,1,1,1,1,1,1,1,1,1,1,1
EyeIrritation6pack_PID28,65195-55-3,NC,NC,0,Not classified,0,1,Not classified,0,1,Not classified,0,1,Not classified,0,1,NC,NC,0,Not classified,0,1,Not classified,0,1,Not classified,0,1,Not classified,0,1,NC,NC,0,Not classified,0,1,Not classified,0,1,Not classified,0,1,Not classified,0,1
EyeIrritation6pack_PID281,120116-88-3,NC,NC,0,Not classified,0,1,Not classified,0,1,Not classified,0,1,Not classified,0,1,NC,NC,0,Not classified,0,1,Not classified,0,1,Not classified,0,1,Not classified,0,1,NC,NC,0,Not classified,0,1,Not classified,0,1,Not classified,0,1,Not classified,0,1
EyeIrritation6pack_PID282,68359-37-5,2A,2A,0,2A,1,1,2A,1,1,2A,1,1,2A,1,1,NC,NC,0,Not classified,0,1,Not classified,0,1,Not classified,0,1,Not classified,0,1,NC,NC,0,Not classified,0,1,Not classified,0,1,Not classified,0,1,Not classified,0,1
EyeIrritation6pack_PID283,180409-60-3,2B,2B,0,2B,1,1,Not classified,0,1,2B,1,1,2B,1,1,2,2,0,2,1,1,2,1,1,2,1,1,2,1,1,1,1,0,1,1,1,1,1,1,1,1,1,1,1,1
EyeIrritation6pack_PID286,68085-85-8,1,1,0,1,1,1,1,1,1,1,1,1,1,1,1,2,2,0,2,1,1,2,1,1,2,1,1,2,1,1,1,1,0,1,1,1,1,1,1,1,1,1,1,1,1
EyeIrritation6pack_PID287,57966-95-7,2B,2B,0,2B,1,1,Not classified,0,1,2B,1,1,2B,1,1,NC,NC,0,Not classified,0,1,Not classified,0,1,Not classified,0,1,Not classified,0,1,1,1,0,1,1,1,1,1,1,1,1,1,1,1,1
EyeIrritation6pack_PID288,52315-07-8,2B,2B,0,2B,1,1,Not classified,0,1,2B,1,1,2B,1,1,NC,NC,0,Not classified,0,1,Not classified,0,1,Not classified,0,1,Not classified,0,1,NC,NC,0,Not classified,0,1,Not classified,0,1,Not classified,0,1,Not classified,0,1
EyeIrritation6pack_PID289,86753-92-6,2B,2B,0,2B,1,1,Not classified,0,1,2B,1,1,2B,1,1,,,0,,,0,,,0,,,0,,,0,,,0,,,0,,,0,,,0,,,0
EyeIrritation6pack_PID29,65195-56-4,NC,NC,0,Not classified,0,1,Not classified,0,1,Not classified,0,1,Not classified,0,1,NC,NC,0,Not classified,0,1,Not classified,0,1,Not classified,0,1,Not classified,0,1,NC,NC,0,Not classified,0,1,Not classified,0,1,Not classified,0,1,Not classified,0,1
EyeIrritation6pack_PID291,Cyproconazole,,,0,,,0,,,0,,,0,,,0,,,0,,,0,,,0,,,0,,,0,,,0,,,0,,,0,,,0,,,0
EyeIrritation6pack_PID293,121552-61-2,1,1,0,1,1,1,1,1,1,1,1,1,1,1,1,,,0,,,0,,,0,,,0,,,0,1,1,0,1,1,1,1,1,1,1,1,1,1,1,1
EyeIrritation6pack_PID298,62-73-7,1,1,0,1,1,1,1,1,1,1,1,1,1,1,1,2,2,0,2,1,1,2,1,1,2,1,1,2,1,1,1,1,0,1,1,1,1,1,1,1,1,1,1,1,1
EyeIrritation6pack_PID299,108-62-3,NC,NC,0,Not classified,0,1,Not classified,0,1,Not classified,0,1,Not classified,0,1,,,0,,,0,,,0,,,0,,,0,NC,NC,0,Not classified,0,1,Not classified,0,1,Not classified,0,1,Not classified,0,1
EyeIrritation6pack_PID3,104206-82-8,2B,2B,0,2B,1,1,Not classified,0,1,2B,1,1,2B,1,1,,,0,,,0,,,0,,,0,,,0,,,0,,,0,,,0,,,0,,,0
EyeIrritation6pack_PID300,64742-71-8,NC,NC,0,Not classified,0,1,Not classified,0,1,Not classified,0,1,Not classified,0,1,,,0,,,0,,,0,,,0,,,0,1,1,0,1,1,1,1,1,1,1,1,1,1,1,1
EyeIrritation6pack_PID301,52918-63-5,1,1,0,1,1,1,1,1,1,1,1,1,1,1,1,2,2,0,2,1,1,2,1,1,2,1,1,2,1,1,,,0,,,0,,,0,,,0,,,0
EyeIrritation6pack_PID302,240494-70-6,NC,NC,0,Not classified,0,1,Not classified,0,1,Not classified,0,1,Not classified,0,1,,,0,,,0,,,0,,,0,,,0,,,0,,,0,,,0,,,0,,,0
EyeIrritation6pack_PID303,137-26-8,NC,NC,0,Not classified,0,1,Not classified,0,1,Not classified,0,1,Not classified,0,1,1,1,0,1,1,1,1,1,1,1,1,1,1,1,1,1,1,0,1,1,1,1,1,1,1,1,1,1,1,1
EyeIrritation6pack_PID306,1897-45-6,2A,2A,0,2A,1,1,2A,1,1,2A,1,1,2A,1,1,,,0,,,0,,,0,,,0,,,0,NC,NC,0,Not classified,0,1,Not classified,0,1,Not classified,0,1,Not classified,0,1
EyeIrritation6pack_PID31,71751-41-2,2B,2B,0,2B,1,1,Not classified,0,1,2B,1,1,2B,1,1,,,0,,,0,,,0,,,0,,,0,,,0,,,0,,,0,,,0,,,0
EyeIrritation6pack_PID310,"Component CAS No. Weight, % Hazard Code Napropamide   - Surfactant  to <  , ,  Surfactant 2 - <  , ,  Solvent - >",2B,2B,0,2B,1,1,Not classified,0,1,2B,1,1,2B,1,1,2,2,0,2,1,1,2,1,1,2,1,1,2,1,1,,,0,,,0,,,0,,,0,,,0
EyeIrritation6pack_PID312,15299-99-7,NC,NC,0,Not classified,0,1,Not classified,0,1,Not classified,0,1,Not classified,0,1,,,0,,,0,,,0,,,0,,,0,,,0,,,0,,,0,,,0,,,0
EyeIrritation6pack_PID313,Napropamide,NC,NC,0,Not classified,0,1,Not classified,0,1,Not classified,0,1,Not classified,0,1,2,2,0,2,1,1,2,1,1,2,1,1,2,1,1,1,1,0,1,1,1,1,1,1,1,1,1,1,1,1
EyeIrritation6pack_PID314,15165-67-0,1,1,0,1,1,1,1,1,1,1,1,1,1,1,1,2,2,0,2,1,1,2,1,1,2,1,1,2,1,1,1,1,0,1,1,1,1,1,1,1,1,1,1,1,1
EyeIrritation6pack_PID316,35367-38-5,2B,2B,0,2B,1,1,Not classified,0,1,2B,1,1,2B,1,1,,,0,,,0,,,0,,,0,,,0,,,0,,,0,,,0,,,0,,,0
EyeIrritation6pack_PID319,60-51-5,2A,2A,0,2A,1,1,2A,1,1,2A,1,1,2A,1,1,,,0,,,0,,,0,,,0,,,0,1,1,0,1,1,1,1,1,1,1,1,1,1,1,1
EyeIrritation6pack_PID32,Name : Abamectin techn. min,2B,2B,0,2B,1,1,Not classified,0,1,2B,1,1,2B,1,1,,,0,,,0,,,0,,,0,,,0,,,0,,,0,,,0,,,0,,,0
EyeIrritation6pack_PID321,165252-70-0,2B,2B,0,2B,1,1,Not classified,0,1,2B,1,1,2B,1,1,,,0,,,0,,,0,,,0,,,0,1,1,0,1,1,1,1,1,1,1,1,1,1,1,1
EyeIrritation6pack_PID323,165252-70-0,NC,NC,0,Not classified,0,1,Not classified,0,1,Not classified,0,1,Not classified,0,1,,,0,,,0,,,0,,,0,,,0,1,1,0,1,1,1,1,1,1,1,1,1,1,1,1
EyeIrritation6pack_PID324,165252-70-0,NC,NC,0,Not classified,0,1,Not classified,0,1,Not classified,0,1,Not classified,0,1,2,2,0,2,1,1,2,1,1,2,1,1,2,1,1,,,0,,,0,,,0,,,0,,,0
EyeIrritation6pack_PID325,165252-70-0,NC,NC,0,Not classified,0,1,Not classified,0,1,Not classified,0,1,Not classified,0,1,NC,NC,0,Not classified,0,1,Not classified,0,1,Not classified,0,1,Not classified,0,1,,,0,,,0,,,0,,,0,,,0
EyeIrritation6pack_PID326,361377-29-9,2B,2B,0,2B,1,1,Not classified,0,1,2B,1,1,2B,1,1,,,0,,,0,,,0,,,0,,,0,,,0,,,0,,,0,,,0,,,0
EyeIrritation6pack_PID327,330-54-1,NC,NC,0,Not classified,0,1,Not classified,0,1,Not classified,0,1,Not classified,0,1,NC,NC,0,Not classified,0,1,Not classified,0,1,Not classified,0,1,Not classified,0,1,,,0,,,0,,,0,,,0,,,0
EyeIrritation6pack_PID328,330-54-1,NC,NC,0,Not classified,0,1,Not classified,0,1,Not classified,0,1,Not classified,0,1,NC,NC,0,Not classified,0,1,Not classified,0,1,Not classified,0,1,Not classified,0,1,,,0,,,0,,,0,,,0,,,0
EyeIrritation6pack_PID329,112281-77-3,2B,2B,0,2B,1,1,Not classified,0,1,2B,1,1,2B,1,1,,,0,,,0,,,0,,,0,,,0,,,0,,,0,,,0,,,0,,,0
EyeIrritation6pack_PID330,82657-04-3,NC,NC,0,Not classified,0,1,Not classified,0,1,Not classified,0,1,Not classified,0,1,,,0,,,0,,,0,,,0,,,0,,,0,,,0,,,0,,,0,,,0
EyeIrritation6pack_PID332,Deltamethrin (ISO),NC,NC,0,Not classified,0,1,Not classified,0,1,Not classified,0,1,Not classified,0,1,,,0,,,0,,,0,,,0,,,0,,,0,,,0,,,0,,,0,,,0
EyeIrritation6pack_PID333,122931-48-0,NC,NC,0,Not classified,0,1,Not classified,0,1,Not classified,0,1,Not classified,0,1,NC,NC,0,Not classified,0,1,Not classified,0,1,Not classified,0,1,Not classified,0,1,NC,NC,0,Not classified,0,1,Not classified,0,1,Not classified,0,1,Not classified,0,1
EyeIrritation6pack_PID343,Elemental Sulfur,2B,2B,0,2B,1,1,Not classified,0,1,2B,1,1,2B,1,1,NC,NC,0,Not classified,0,1,Not classified,0,1,Not classified,0,1,Not classified,0,1,NC,NC,0,Not classified,0,1,Not classified,0,1,Not classified,0,1,Not classified,0,1
EyeIrritation6pack_PID344,7704-34-9,2B,2B,0,2B,1,1,Not classified,0,1,2B,1,1,2B,1,1,NC,NC,0,Not classified,0,1,Not classified,0,1,Not classified,0,1,Not classified,0,1,NC,NC,0,Not classified,0,1,Not classified,0,1,Not classified,0,1,Not classified,0,1
EyeIrritation6pack_PID345,51707-55-2,2B,2B,0,2B,1,1,Not classified,0,1,2B,1,1,2B,1,1,NC,NC,0,Not classified,0,1,Not classified,0,1,Not classified,0,1,Not classified,0,1,NC,NC,0,Not classified,0,1,Not classified,0,1,Not classified,0,1,Not classified,0,1
EyeIrritation6pack_PID347,111991-09-4,2B,2B,0,2B,1,1,Not classified,0,1,2B,1,1,2B,1,1,,,0,,,0,,,0,,,0,,,0,,,0,,,0,,,0,,,0,,,0
EyeIrritation6pack_PID348,111991-09-4,NC,NC,0,Not classified,0,1,Not classified,0,1,Not classified,0,1,Not classified,0,1,,,0,,,0,,,0,,,0,,,0,,,0,,,0,,,0,,,0,,,0
EyeIrritation6pack_PID349,117428-22-5,NC,NC,0,Not classified,0,1,Not classified,0,1,Not classified,0,1,Not classified,0,1,NC,NC,0,Not classified,0,1,Not classified,0,1,Not classified,0,1,Not classified,0,1,1,1,0,1,1,1,1,1,1,1,1,1,1,1,1
EyeIrritation6pack_PID350,57966-95-7,NC,NC,0,Not classified,0,1,Not classified,0,1,Not classified,0,1,Not classified,0,1,NC,NC,0,Not classified,0,1,Not classified,0,1,Not classified,0,1,Not classified,0,1,1,1,0,1,1,1,1,1,1,1,1,1,1,1,1
EyeIrritation6pack_PID351,858954-83-3,NC,NC,0,Not classified,0,1,Not classified,0,1,Not classified,0,1,Not classified,0,1,,,0,,,0,,,0,,,0,,,0,,,0,,,0,,,0,,,0,,,0
EyeIrritation6pack_PID352,858954-83-3,2B,2B,0,2B,1,1,Not classified,0,1,2B,1,1,2B,1,1,,,0,,,0,,,0,,,0,,,0,,,0,,,0,,,0,,,0,,,0
EyeIrritation6pack_PID354,183675-82-3,2B,2B,0,2B,1,1,Not classified,0,1,2B,1,1,2B,1,1,,,0,,,0,,,0,,,0,,,0,,,0,,,0,,,0,,,0,,,0
EyeIrritation6pack_PID355,858956-08-8,2B,2B,0,2B,1,1,Not classified,0,1,2B,1,1,2B,1,1,,,0,,,0,,,0,,,0,,,0,,,0,,,0,,,0,,,0,,,0
EyeIrritation6pack_PID356,858956-08-8,2B,2B,0,2B,1,1,Not classified,0,1,2B,1,1,2B,1,1,NC,NC,0,Not classified,0,1,Not classified,0,1,Not classified,0,1,Not classified,0,1,,,0,,,0,,,0,,,0,,,0
EyeIrritation6pack_PID358,183675-82-3,NC,NC,0,Not classified,0,1,Not classified,0,1,Not classified,0,1,Not classified,0,1,NC,NC,0,Not classified,0,1,Not classified,0,1,Not classified,0,1,Not classified,0,1,NC,NC,0,Not classified,0,1,Not classified,0,1,Not classified,0,1,Not classified,0,1
EyeIrritation6pack_PID360,141112-29-0,2B,2B,0,2B,1,1,Not classified,0,1,2B,1,1,2B,1,1,NC,NC,0,Not classified,0,1,Not classified,0,1,Not classified,0,1,Not classified,0,1,,,0,,,0,,,0,,,0,,,0
EyeIrritation6pack_PID361,500008-45-7,NC,NC,0,Not classified,0,1,Not classified,0,1,Not classified,0,1,Not classified,0,1,NC,NC,0,Not classified,0,1,Not classified,0,1,Not classified,0,1,Not classified,0,1,,,0,,,0,,,0,,,0,,,0
EyeIrritation6pack_PID362,500008-45-7,NC,NC,0,Not classified,0,1,Not classified,0,1,Not classified,0,1,Not classified,0,1,,,0,,,0,,,0,,,0,,,0,,,0,,,0,,,0,,,0,,,0
EyeIrritation6pack_PID363,111991-09-4,2B,2B,0,2B,1,1,Not classified,0,1,2B,1,1,2B,1,1,NC,NC,0,Not classified,0,1,Not classified,0,1,Not classified,0,1,Not classified,0,1,NC,NC,0,Not classified,0,1,Not classified,0,1,Not classified,0,1,Not classified,0,1
EyeIrritation6pack_PID364,1897-45-6,2B,2B,0,2B,1,1,Not classified,0,1,2B,1,1,2B,1,1,,,0,,,0,,,0,,,0,,,0,1,1,0,1,1,1,1,1,1,1,1,1,1,1,1
EyeIrritation6pack_PID365,183675-82-3,2A,2A,0,2A,1,1,2A,1,1,2A,1,1,2A,1,1,NC,NC,0,Not classified,0,1,Not classified,0,1,Not classified,0,1,Not classified,0,1,,,0,,,0,,,0,,,0,,,0
EyeIrritation6pack_PID366,108-62-3,NC,NC,0,Not classified,0,1,Not classified,0,1,Not classified,0,1,Not classified,0,1,NC,NC,0,Not classified,0,1,Not classified,0,1,Not classified,0,1,Not classified,0,1,NC,NC,0,Not classified,0,1,Not classified,0,1,Not classified,0,1,Not classified,0,1
EyeIrritation6pack_PID367,153719-23-4,NC,NC,0,Not classified,0,1,Not classified,0,1,Not classified,0,1,Not classified,0,1,NC,NC,0,Not classified,0,1,Not classified,0,1,Not classified,0,1,Not classified,0,1,NC,NC,0,Not classified,0,1,Not classified,0,1,Not classified,0,1,Not classified,0,1
EyeIrritation6pack_PID368,111-77-3,2B,2B,0,2B,1,1,Not classified,0,1,2B,1,1,2B,1,1,,,0,,,0,,,0,,,0,,,0,NC,NC,0,Not classified,0,1,Not classified,0,1,Not classified,0,1,Not classified,0,1
EyeIrritation6pack_PID369,52-68-6,2B,2B,0,2B,1,1,Not classified,0,1,2B,1,1,2B,1,1,,,0,,,0,,,0,,,0,,,0,NC,NC,0,Not classified,0,1,Not classified,0,1,Not classified,0,1,Not classified,0,1
EyeIrritation6pack_PID37,107534-96-3,NC,NC,0,Not classified,0,1,Not classified,0,1,Not classified,0,1,Not classified,0,1,NC,NC,0,Not classified,0,1,Not classified,0,1,Not classified,0,1,Not classified,0,1,NC,NC,0,Not classified,0,1,Not classified,0,1,Not classified,0,1,Not classified,0,1
EyeIrritation6pack_PID370,88671-89-0,NC,NC,0,Not classified,0,1,Not classified,0,1,Not classified,0,1,Not classified,0,1,,,0,,,0,,,0,,,0,,,0,1B,1B,0,1B,1,1,1B,1,1,1B,1,1,1B,1,1
EyeIrritation6pack_PID371,1897-45-6,NC,NC,0,Not classified,0,1,Not classified,0,1,Not classified,0,1,Not classified,0,1,,,0,,,0,,,0,,,0,,,0,,,0,,,0,,,0,,,0,,,0
EyeIrritation6pack_PID373,1897-45-6,2B,2B,0,2B,1,1,Not classified,0,1,2B,1,1,2B,1,1,,,0,,,0,,,0,,,0,,,0,,,0,,,0,,,0,,,0,,,0
EyeIrritation6pack_PID375,138261-41-3,2B,2B,0,2B,1,1,Not classified,0,1,2B,1,1,2B,1,1,,,0,,,0,,,0,,,0,,,0,,,0,,,0,,,0,,,0,,,0
EyeIrritation6pack_PID376,95737-68-1,NC,NC,0,Not classified,0,1,Not classified,0,1,Not classified,0,1,Not classified,0,1,,,0,,,0,,,0,,,0,,,0,NC,NC,0,Not classified,0,1,Not classified,0,1,Not classified,0,1,Not classified,0,1
EyeIrritation6pack_PID377,1928-43-4,NC,NC,0,Not classified,0,1,Not classified,0,1,Not classified,0,1,Not classified,0,1,,,0,,,0,,,0,,,0,,,0,,,0,,,0,,,0,,,0,,,0
EyeIrritation6pack_PID378,2008-39-1,2B,2B,0,2B,1,1,Not classified,0,1,2B,1,1,2B,1,1,,,0,,,0,,,0,,,0,,,0,,,0,,,0,,,0,,,0,,,0
EyeIrritation6pack_PID379,2008-39-1,2B,2B,0,2B,1,1,Not classified,0,1,2B,1,1,2B,1,1,,,0,,,0,,,0,,,0,,,0,,,0,,,0,,,0,,,0,,,0
EyeIrritation6pack_PID380,2008-39-1,2A,2A,0,2A,1,1,2A,1,1,2A,1,1,2A,1,1,,,0,,,0,,,0,,,0,,,0,,,0,,,0,,,0,,,0,,,0
EyeIrritation6pack_PID381,2008-39-1,NC,NC,0,Not classified,0,1,Not classified,0,1,Not classified,0,1,Not classified,0,1,,,0,,,0,,,0,,,0,,,0,,,0,,,0,,,0,,,0,,,0
EyeIrritation6pack_PID382,104206-82-8,NC,NC,0,Not classified,0,1,Not classified,0,1,Not classified,0,1,Not classified,0,1,,,0,,,0,,,0,,,0,,,0,,,0,,,0,,,0,,,0,,,0
EyeIrritation6pack_PID383,7732-18-5,2B,2B,0,2B,1,1,Not classified,0,1,2B,1,1,2B,1,1,,,0,,,0,,,0,,,0,,,0,,,0,,,0,,,0,,,0,,,0
EyeIrritation6pack_PID386,155569-91-8,2B,2B,0,2B,1,1,Not classified,0,1,2B,1,1,2B,1,1,,,0,,,0,,,0,,,0,,,0,,,0,,,0,,,0,,,0,,,0
EyeIrritation6pack_PID390,1897-45-6,2B,2B,0,2B,1,1,Not classified,0,1,2B,1,1,2B,1,1,,,0,,,0,,,0,,,0,,,0,,,0,,,0,,,0,,,0,,,0
EyeIrritation6pack_PID391,153719-23-4,2B,2B,0,2B,1,1,Not classified,0,1,2B,1,1,2B,1,1,2,2,0,2,1,1,2,1,1,2,1,1,2,1,1,1,1,0,1,1,1,1,1,1,1,1,1,1,1,1
EyeIrritation6pack_PID392,138261-41-3,NC,NC,0,Not classified,0,1,Not classified,0,1,Not classified,0,1,Not classified,0,1,,,0,,,0,,,0,,,0,,,0,,,0,,,0,,,0,,,0,,,0
EyeIrritation6pack_PID393,148477-71-8,NC,NC,0,Not classified,0,1,Not classified,0,1,Not classified,0,1,Not classified,0,1,,,0,,,0,,,0,,,0,,,0,1,1,0,1,1,1,1,1,1,1,1,1,1,1,1
EyeIrritation6pack_PID396,36734-19-7,2B,2B,0,2B,1,1,Not classified,0,1,2B,1,1,2B,1,1,,,0,,,0,,,0,,,0,,,0,,,0,,,0,,,0,,,0,,,0
EyeIrritation6pack_PID398,16672-87-0,1,1,0,1,1,1,1,1,1,1,1,1,1,1,1,1,1,0,1,1,1,1,1,1,1,1,1,1,1,1,,,0,,,0,,,0,,,0,,,0
EyeIrritation6pack_PID4,104206-82-8,2B,2B,0,2B,1,1,Not classified,0,1,2B,1,1,2B,1,1,,,0,,,0,,,0,,,0,,,0,,,0,,,0,,,0,,,0,,,0
EyeIrritation6pack_PID40,30560-19-1,2B,2B,0,2B,1,1,Not classified,0,1,2B,1,1,2B,1,1,NC,NC,0,Not classified,0,1,Not classified,0,1,Not classified,0,1,Not classified,0,1,NC,NC,0,Not classified,0,1,Not classified,0,1,Not classified,0,1,Not classified,0,1
EyeIrritation6pack_PID404,26225-79-6,NC,NC,0,Not classified,0,1,Not classified,0,1,Not classified,0,1,Not classified,0,1,,,0,,,0,,,0,,,0,,,0,,,0,,,0,,,0,,,0,,,0
EyeIrritation6pack_PID406,13194-48-4,NC,NC,0,Not classified,0,1,Not classified,0,1,Not classified,0,1,Not classified,0,1,,,0,,,0,,,0,,,0,,,0,1,1,0,1,1,1,1,1,1,1,1,1,1,1,1
EyeIrritation6pack_PID408,153233-91-1,NC,NC,0,Not classified,0,1,Not classified,0,1,Not classified,0,1,Not classified,0,1,,,0,,,0,,,0,,,0,,,0,,,0,,,0,,,0,,,0,,,0
EyeIrritation6pack_PID41,30560-19-1,2B,2B,0,2B,1,1,Not classified,0,1,2B,1,1,2B,1,1,,,0,,,0,,,0,,,0,,,0,1B,1B,0,1B,1,1,1B,1,1,1B,1,1,1B,1,1
EyeIrritation6pack_PID411,68476-86-8,2B,2B,0,2B,1,1,Not classified,0,1,2B,1,1,2B,1,1,,,0,,,0,,,0,,,0,,,0,NC,NC,0,Not classified,0,1,Not classified,0,1,Not classified,0,1,Not classified,0,1
EyeIrritation6pack_PID412,10605-21-7,2B,2B,0,2B,1,1,Not classified,0,1,2B,1,1,2B,1,1,,,0,,,0,,,0,,,0,,,0,,,0,,,0,,,0,,,0,,,0
EyeIrritation6pack_PID413,64742-94-5,2A,2A,0,2A,1,1,2A,1,1,2A,1,1,2A,1,1,2,2,0,2,1,1,2,1,1,2,1,1,2,1,1,1,1,0,1,1,1,1,1,1,1,1,1,1,1,1
EyeIrritation6pack_PID414,64742-94-5,2B,2B,0,2B,1,1,Not classified,0,1,2B,1,1,2B,1,1,,,0,,,0,,,0,,,0,,,0,,,0,,,0,,,0,,,0,,,0
EyeIrritation6pack_PID417,82657-04-3,NC,NC,0,Not classified,0,1,Not classified,0,1,Not classified,0,1,Not classified,0,1,,,0,,,0,,,0,,,0,,,0,1,1,0,1,1,1,1,1,1,1,1,1,1,1,1
EyeIrritation6pack_PID419,82657-04-3,2B,2B,0,2B,1,1,Not classified,0,1,2B,1,1,2B,1,1,,,0,,,0,,,0,,,0,,,0,,,0,,,0,,,0,,,0,,,0
EyeIrritation6pack_PID42,57960-19-7,NC,NC,0,Not classified,0,1,Not classified,0,1,Not classified,0,1,Not classified,0,1,,,0,,,0,,,0,,,0,,,0,1,1,0,1,1,1,1,1,1,1,1,1,1,1,1
EyeIrritation6pack_PID420,82657-04-3,NC,NC,0,Not classified,0,1,Not classified,0,1,Not classified,0,1,Not classified,0,1,,,0,,,0,,,0,,,0,,,0,,,0,,,0,,,0,,,0,,,0
EyeIrritation6pack_PID422,126833-17-8,NC,NC,0,Not classified,0,1,Not classified,0,1,Not classified,0,1,Not classified,0,1,NC,NC,0,Not classified,0,1,Not classified,0,1,Not classified,0,1,Not classified,0,1,NC,NC,0,Not classified,0,1,Not classified,0,1,Not classified,0,1,Not classified,0,1
EyeIrritation6pack_PID426,Fenpropimorph,1,1,0,1,1,1,1,1,1,1,1,1,1,1,1,2,2,0,2,1,1,2,1,1,2,1,1,2,1,1,NC,NC,0,Not classified,0,1,Not classified,0,1,Not classified,0,1,Not classified,0,1
EyeIrritation6pack_PID429,120068-37-3,NC,NC,0,Not classified,0,1,Not classified,0,1,Not classified,0,1,Not classified,0,1,NC,NC,0,Not classified,0,1,Not classified,0,1,Not classified,0,1,Not classified,0,1,,,0,,,0,,,0,,,0,,,0
EyeIrritation6pack_PID43,131983-72-7,2B,2B,0,2B,1,1,Not classified,0,1,2B,1,1,2B,1,1,,,0,,,0,,,0,,,0,,,0,,,0,,,0,,,0,,,0,,,0
EyeIrritation6pack_PID433,7778-77-0,NC,NC,0,Not classified,0,1,Not classified,0,1,Not classified,0,1,Not classified,0,1,,,0,,,0,,,0,,,0,,,0,,,0,,,0,,,0,,,0,,,0
EyeIrritation6pack_PID434,60207-90-1,2A,2A,0,2A,1,1,2A,1,1,2A,1,1,2A,1,1,,,0,,,0,,,0,,,0,,,0,,,0,,,0,,,0,,,0,,,0
EyeIrritation6pack_PID435,158062-67-0,NC,NC,0,Not classified,0,1,Not classified,0,1,Not classified,0,1,Not classified,0,1,,,0,,,0,,,0,,,0,,,0,,,0,,,0,,,0,,,0,,,0
EyeIrritation6pack_PID437,107534-96-3,2B,2B,0,2B,1,1,Not classified,0,1,2B,1,1,2B,1,1,,,0,,,0,,,0,,,0,,,0,,,0,,,0,,,0,,,0,,,0
EyeIrritation6pack_PID438,104040-78-0,NC,NC,0,Not classified,0,1,Not classified,0,1,Not classified,0,1,Not classified,0,1,,,0,,,0,,,0,,,0,,,0,,,0,,,0,,,0,,,0,,,0
EyeIrritation6pack_PID439,Fluazinam,2B,2B,0,2B,1,1,Not classified,0,1,2B,1,1,2B,1,1,2,2,0,2,1,1,2,1,1,2,1,1,2,1,1,1,1,0,1,1,1,1,1,1,1,1,1,1,1,1
EyeIrritation6pack_PID44,34256-82-1,2A,2A,0,2A,1,1,2A,1,1,2A,1,1,2A,1,1,2,2,0,2,1,1,2,1,1,2,1,1,2,1,1,1,1,0,1,1,1,1,1,1,1,1,1,1,1,1
EyeIrritation6pack_PID441,131341-86-1,2B,2B,0,2B,1,1,Not classified,0,1,2B,1,1,2B,1,1,,,0,,,0,,,0,,,0,,,0,,,0,,,0,,,0,,,0,,,0
EyeIrritation6pack_PID443,141112-29-0,NC,NC,0,Not classified,0,1,Not classified,0,1,Not classified,0,1,Not classified,0,1,NC,NC,0,Not classified,0,1,Not classified,0,1,Not classified,0,1,Not classified,0,1,1,1,0,1,1,1,1,1,1,1,1,1,1,1,1
EyeIrritation6pack_PID444,142459-58-3,NC,NC,0,Not classified,0,1,Not classified,0,1,Not classified,0,1,Not classified,0,1,NC,NC,0,Not classified,0,1,Not classified,0,1,Not classified,0,1,Not classified,0,1,1,1,0,1,1,1,1,1,1,1,1,1,1,1,1
EyeIrritation6pack_PID445,188489-07-8,NC,NC,0,Not classified,0,1,Not classified,0,1,Not classified,0,1,Not classified,0,1,,,0,,,0,,,0,,,0,,,0,,,0,,,0,,,0,,,0,,,0
EyeIrritation6pack_PID45,34256-82-1,2B,2B,0,2B,1,1,Not classified,0,1,2B,1,1,2B,1,1,,,0,,,0,,,0,,,0,,,0,,,0,,,0,,,0,,,0,,,0
EyeIrritation6pack_PID456,8012-95-1,NC,NC,0,Not classified,0,1,Not classified,0,1,Not classified,0,1,Not classified,0,1,,,0,,,0,,,0,,,0,,,0,,,0,,,0,,,0,,,0,,,0
EyeIrritation6pack_PID457,239110-15-7,NC,NC,0,Not classified,0,1,Not classified,0,1,Not classified,0,1,Not classified,0,1,,,0,,,0,,,0,,,0,,,0,,,0,,,0,,,0,,,0,,,0
EyeIrritation6pack_PID458,658066-35-4,NC,NC,0,Not classified,0,1,Not classified,0,1,Not classified,0,1,Not classified,0,1,,,0,,,0,,,0,,,0,,,0,,,0,,,0,,,0,,,0,,,0
EyeIrritation6pack_PID459,658066-35-4,NC,NC,0,Not classified,0,1,Not classified,0,1,Not classified,0,1,Not classified,0,1,NC,NC,0,Not classified,0,1,Not classified,0,1,Not classified,0,1,Not classified,0,1,NC,NC,0,Not classified,0,1,Not classified,0,1,Not classified,0,1,Not classified,0,1
EyeIrritation6pack_PID46,110488-70-5,NC,NC,0,Not classified,0,1,Not classified,0,1,Not classified,0,1,Not classified,0,1,NC,NC,0,Not classified,0,1,Not classified,0,1,Not classified,0,1,Not classified,0,1,,,0,,,0,,,0,,,0,,,0
EyeIrritation6pack_PID460,658066-35-4,NC,NC,0,Not classified,0,1,Not classified,0,1,Not classified,0,1,Not classified,0,1,NC,NC,0,Not classified,0,1,Not classified,0,1,Not classified,0,1,Not classified,0,1,,,0,,,0,,,0,,,0,,,0
EyeIrritation6pack_PID462,361377-29-9,2B,2B,0,2B,1,1,Not classified,0,1,2B,1,1,2B,1,1,,,0,,,0,,,0,,,0,,,0,1,1,0,1,1,1,1,1,1,1,1,1,1,1,1
EyeIrritation6pack_PID463,66332-96-5,NC,NC,0,Not classified,0,1,Not classified,0,1,Not classified,0,1,Not classified,0,1,,,0,,,0,,,0,,,0,,,0,,,0,,,0,,,0,,,0,,,0
EyeIrritation6pack_PID464,76674-21-0,2B,2B,0,2B,1,1,Not classified,0,1,2B,1,1,2B,1,1,,,0,,,0,,,0,,,0,,,0,,,0,,,0,,,0,,,0,,,0
EyeIrritation6pack_PID466,107534-96-3,2B,2B,0,2B,1,1,Not classified,0,1,2B,1,1,2B,1,1,NC,NC,0,Not classified,0,1,Not classified,0,1,Not classified,0,1,Not classified,0,1,,,0,,,0,,,0,,,0,,,0
EyeIrritation6pack_PID467,Tebuconazole,1,1,0,1,1,1,1,1,1,1,1,1,1,1,1,NC,NC,0,Not classified,0,1,Not classified,0,1,Not classified,0,1,Not classified,0,1,,,0,,,0,,,0,,,0,,,0
EyeIrritation6pack_PID469,133-07-3,1,1,0,1,1,1,1,1,1,1,1,1,1,1,1,,,0,,,0,,,0,,,0,,,0,1,1,0,1,1,1,1,1,1,1,1,1,1,1,1
EyeIrritation6pack_PID47,2682-20-4,1,1,0,1,1,1,1,1,1,1,1,1,1,1,1,1,1,0,1,1,1,1,1,1,1,1,1,1,1,1,1,1,0,1,1,1,1,1,1,1,1,1,1,1,1
EyeIrritation6pack_PID471,7732-18-5,NC,NC,0,Not classified,0,1,Not classified,0,1,Not classified,0,1,Not classified,0,1,,,0,,,0,,,0,,,0,,,0,,,0,,,0,,,0,,,0,,,0
EyeIrritation6pack_PID473,39148-24-8,2B,2B,0,2B,1,1,Not classified,0,1,2B,1,1,2B,1,1,,,0,,,0,,,0,,,0,,,0,,,0,,,0,,,0,,,0,,,0
EyeIrritation6pack_PID474,98886-44-3,2A,2A,0,2A,1,1,2A,1,1,2A,1,1,2A,1,1,,,0,,,0,,,0,,,0,,,0,,,0,,,0,,,0,,,0,,,0
EyeIrritation6pack_PID475,36734-19-7,2B,2B,0,2B,1,1,Not classified,0,1,2B,1,1,2B,1,1,NC,NC,0,Not classified,0,1,Not classified,0,1,Not classified,0,1,Not classified,0,1,NC,NC,0,Not classified,0,1,Not classified,0,1,Not classified,0,1,Not classified,0,1
EyeIrritation6pack_PID476,153719-23-4,2B,2B,0,2B,1,1,Not classified,0,1,2B,1,1,2B,1,1,,,0,,,0,,,0,,,0,,,0,,,0,,,0,,,0,,,0,,,0
EyeIrritation6pack_PID477,40487-42-1,2B,2B,0,2B,1,1,Not classified,0,1,2B,1,1,2B,1,1,NC,NC,0,Not classified,0,1,Not classified,0,1,Not classified,0,1,Not classified,0,1,NC,NC,0,Not classified,0,1,Not classified,0,1,Not classified,0,1,Not classified,0,1
EyeIrritation6pack_PID478,57-55-6,2A,2A,0,2A,1,1,2A,1,1,2A,1,1,2A,1,1,,,0,,,0,,,0,,,0,,,0,NC,NC,0,Not classified,0,1,Not classified,0,1,Not classified,0,1,Not classified,0,1
EyeIrritation6pack_PID48,2634-33-5,1,1,0,1,1,1,1,1,1,1,1,1,1,1,1,1,1,0,1,1,1,1,1,1,1,1,1,1,1,1,1,1,0,1,1,1,1,1,1,1,1,1,1,1,1
EyeIrritation6pack_PID480,121-75-5,2A,2A,0,2A,1,1,2A,1,1,2A,1,1,2A,1,1,2,2,0,2,1,1,2,1,1,2,1,1,2,1,1,1,1,0,1,1,1,1,1,1,1,1,1,1,1,1
EyeIrritation6pack_PID481,64-19-7,2A,2A,0,2A,1,1,2A,1,1,2A,1,1,2A,1,1,,,0,,,0,,,0,,,0,,,0,,,0,,,0,,,0,,,0,,,0
EyeIrritation6pack_PID486,91465-08-6,2B,2B,0,2B,1,1,Not classified,0,1,2B,1,1,2B,1,1,,,0,,,0,,,0,,,0,,,0,,,0,,,0,,,0,,,0,,,0
EyeIrritation6pack_PID489,88-04-0,1,1,0,1,1,1,1,1,1,1,1,1,1,1,1,NC,NC,0,Not classified,0,1,Not classified,0,1,Not classified,0,1,Not classified,0,1,,,0,,,0,,,0,,,0,,,0
EyeIrritation6pack_PID49,52-51-7,1,1,0,1,1,1,1,1,1,1,1,1,1,1,1,,,0,,,0,,,0,,,0,,,0,,,0,,,0,,,0,,,0,,,0
EyeIrritation6pack_PID493,121451-02-3,NC,NC,0,Not classified,0,1,Not classified,0,1,Not classified,0,1,Not classified,0,1,,,0,,,0,,,0,,,0,,,0,,,0,,,0,,,0,,,0,,,0
EyeIrritation6pack_PID494,577-11-7,2B,2B,0,2B,1,1,Not classified,0,1,2B,1,1,2B,1,1,,,0,,,0,,,0,,,0,,,0,,,0,,,0,,,0,,,0,,,0
EyeIrritation6pack_PID495,1332-58-7,2B,2B,0,2B,1,1,Not classified,0,1,2B,1,1,2B,1,1,,,0,,,0,,,0,,,0,,,0,,,0,,,0,,,0,,,0,,,0
EyeIrritation6pack_PID497,Spinetoram,NC,NC,0,Not classified,0,1,Not classified,0,1,Not classified,0,1,Not classified,0,1,2,2,0,2,1,1,2,1,1,2,1,1,2,1,1,1,1,0,1,1,1,1,1,1,1,1,1,1,1,1
EyeIrritation6pack_PID498,"p1r-oUpnedneyclaanmolino-, monosodium salt, polymer with - 1 EzeFlo F103 #1Surfactant, fracturing X S",2B,2B,0,2B,1,1,Not classified,0,1,2B,1,1,2B,1,1,,,0,,,0,,,0,,,0,,,0,,,0,,,0,,,0,,,0,,,0
EyeIrritation6pack_PID499,"1,2,4-Trimethylbenzene",2A,2A,0,2A,1,1,2A,1,1,2A,1,1,2A,1,1,2,2,0,2,1,1,2,1,1,2,1,1,2,1,1,1,1,0,1,1,1,1,1,1,1,1,1,1,1,1
EyeIrritation6pack_PID5,104206-82-8,2B,2B,0,2B,1,1,Not classified,0,1,2B,1,1,2B,1,1,,,0,,,0,,,0,,,0,,,0,,,0,,,0,,,0,,,0,,,0
EyeIrritation6pack_PID50,330-54-1,2B,2B,0,2B,1,1,Not classified,0,1,2B,1,1,2B,1,1,,,0,,,0,,,0,,,0,,,0,,,0,,,0,,,0,,,0,,,0
EyeIrritation6pack_PID500,577-11-7,2B,2B,0,2B,1,1,Not classified,0,1,2B,1,1,2B,1,1,NC,NC,0,Not classified,0,1,Not classified,0,1,Not classified,0,1,Not classified,0,1,,,0,,,0,,,0,,,0,,,0
EyeIrritation6pack_PID501,25036-25-3,2B,2B,0,2B,1,1,Not classified,0,1,2B,1,1,2B,1,1,,,0,,,0,,,0,,,0,,,0,,,0,,,0,,,0,,,0,,,0
EyeIrritation6pack_PID502,422556-08-9,NC,NC,0,Not classified,0,1,Not classified,0,1,Not classified,0,1,Not classified,0,1,NC,NC,0,Not classified,0,1,Not classified,0,1,Not classified,0,1,Not classified,0,1,1,1,0,1,1,1,1,1,1,1,1,1,1,1,1
EyeIrritation6pack_PID503,81406-37-3,2B,2B,0,2B,1,1,Not classified,0,1,2B,1,1,2B,1,1,,,0,,,0,,,0,,,0,,,0,,,0,,,0,,,0,,,0,,,0
EyeIrritation6pack_PID504,34256-82-1,NC,NC,0,Not classified,0,1,Not classified,0,1,Not classified,0,1,Not classified,0,1,,,0,,,0,,,0,,,0,,,0,,,0,,,0,,,0,,,0,,,0
EyeIrritation6pack_PID505,161050-58-4,NC,NC,0,Not classified,0,1,Not classified,0,1,Not classified,0,1,Not classified,0,1,,,0,,,0,,,0,,,0,,,0,,,0,,,0,,,0,,,0,,,0
EyeIrritation6pack_PID506,161050-58-4,2B,2B,0,2B,1,1,Not classified,0,1,2B,1,1,2B,1,1,1,1,0,1,1,1,1,1,1,1,1,1,1,1,1,1,1,0,1,1,1,1,1,1,1,1,1,1,1,1
EyeIrritation6pack_PID507,219714-96-2,NC,NC,0,Not classified,0,1,Not classified,0,1,Not classified,0,1,Not classified,0,1,,,0,,,0,,,0,,,0,,,0,,,0,,,0,,,0,,,0,,,0
EyeIrritation6pack_PID508,120068-37-3,NC,NC,0,Not classified,0,1,Not classified,0,1,Not classified,0,1,Not classified,0,1,,,0,,,0,,,0,,,0,,,0,,,0,,,0,,,0,,,0,,,0
EyeIrritation6pack_PID51,330-54-1,1,1,0,1,1,1,1,1,1,1,1,1,1,1,1,,,0,,,0,,,0,,,0,,,0,,,0,,,0,,,0,,,0,,,0
EyeIrritation6pack_PID511,52645-53-1,NC,NC,0,Not classified,0,1,Not classified,0,1,Not classified,0,1,Not classified,0,1,NC,NC,0,Not classified,0,1,Not classified,0,1,Not classified,0,1,Not classified,0,1,1,1,0,1,1,1,1,1,1,1,1,1,1,1,1
EyeIrritation6pack_PID512,Permethrin,NC,NC,0,Not classified,0,1,Not classified,0,1,Not classified,0,1,Not classified,0,1,,,0,,,0,,,0,,,0,,,0,1,1,0,1,1,1,1,1,1,1,1,1,1,1,1
EyeIrritation6pack_PID514,1071-83-6,1,1,0,1,1,1,1,1,1,1,1,1,1,1,1,NC,NC,0,Not classified,0,1,Not classified,0,1,Not classified,0,1,Not classified,0,1,NC,NC,0,Not classified,0,1,Not classified,0,1,Not classified,0,1,Not classified,0,1
EyeIrritation6pack_PID515,1071-83-6,2B,2B,0,2B,1,1,Not classified,0,1,2B,1,1,2B,1,1,,,0,,,0,,,0,,,0,,,0,,,0,,,0,,,0,,,0,,,0
EyeIrritation6pack_PID516,1071-83-6,2B,2B,0,2B,1,1,Not classified,0,1,2B,1,1,2B,1,1,NC,NC,0,Not classified,0,1,Not classified,0,1,Not classified,0,1,Not classified,0,1,NC,NC,0,Not classified,0,1,Not classified,0,1,Not classified,0,1,Not classified,0,1
EyeIrritation6pack_PID519,1071-83-6,2A,2A,0,2A,1,1,2A,1,1,2A,1,1,2A,1,1,,,0,,,0,,,0,,,0,,,0,,,0,,,0,,,0,,,0,,,0
EyeIrritation6pack_PID52,2634-33-5,1,1,0,1,1,1,1,1,1,1,1,1,1,1,1,,,0,,,0,,,0,,,0,,,0,,,0,,,0,,,0,,,0,,,0
EyeIrritation6pack_PID520,9003-13-8,NC,NC,0,Not classified,0,1,Not classified,0,1,Not classified,0,1,Not classified,0,1,,,0,,,0,,,0,,,0,,,0,,,0,,,0,,,0,,,0,,,0
EyeIrritation6pack_PID521,131341-86-1,2B,2B,0,2B,1,1,Not classified,0,1,2B,1,1,2B,1,1,,,0,,,0,,,0,,,0,,,0,,,0,,,0,,,0,,,0,,,0
EyeIrritation6pack_PID523,15630-89-4,1,1,0,1,1,1,1,1,1,1,1,1,1,1,1,1,1,0,1,1,1,1,1,1,1,1,1,1,1,1,,,0,,,0,,,0,,,0,,,0
EyeIrritation6pack_PID529,34256-82-1,NC,NC,0,Not classified,0,1,Not classified,0,1,Not classified,0,1,Not classified,0,1,,,0,,,0,,,0,,,0,,,0,,,0,,,0,,,0,,,0,,,0
EyeIrritation6pack_PID53,153719-23-4,NC,NC,0,Not classified,0,1,Not classified,0,1,Not classified,0,1,Not classified,0,1,,,0,,,0,,,0,,,0,,,0,,,0,,,0,,,0,,,0,,,0
EyeIrritation6pack_PID530,372137-35-4,2B,2B,0,2B,1,1,Not classified,0,1,2B,1,1,2B,1,1,,,0,,,0,,,0,,,0,,,0,,,0,,,0,,,0,,,0,,,0
EyeIrritation6pack_PID533,64742-94-5,2B,2B,0,2B,1,1,Not classified,0,1,2B,1,1,2B,1,1,,,0,,,0,,,0,,,0,,,0,1,1,0,1,1,1,1,1,1,1,1,1,1,1,1
EyeIrritation6pack_PID535,94-75-7,1,1,0,1,1,1,1,1,1,1,1,1,1,1,1,,,0,,,0,,,0,,,0,,,0,,,0,,,0,,,0,,,0,,,0
EyeIrritation6pack_PID536,55335-06-3,1,1,0,1,1,1,1,1,1,1,1,1,1,1,1,,,0,,,0,,,0,,,0,,,0,,,0,,,0,,,0,,,0,,,0
EyeIrritation6pack_PID538,82657-04-3,NC,NC,0,Not classified,0,1,Not classified,0,1,Not classified,0,1,Not classified,0,1,,,0,,,0,,,0,,,0,,,0,,,0,,,0,,,0,,,0,,,0
EyeIrritation6pack_PID54,100-51-6,2B,2B,0,2B,1,1,Not classified,0,1,2B,1,1,2B,1,1,,,0,,,0,,,0,,,0,,,0,,,0,,,0,,,0,,,0,,,0
EyeIrritation6pack_PID540,131341-86-1,2B,2B,0,2B,1,1,Not classified,0,1,2B,1,1,2B,1,1,,,0,,,0,,,0,,,0,,,0,,,0,,,0,,,0,,,0,,,0
EyeIrritation6pack_PID546,138261-41-3,2B,2B,0,2B,1,1,Not classified,0,1,2B,1,1,2B,1,1,,,0,,,0,,,0,,,0,,,0,,,0,,,0,,,0,,,0,,,0
EyeIrritation6pack_PID547,122548-33-8,NC,NC,0,Not classified,0,1,Not classified,0,1,Not classified,0,1,Not classified,0,1,,,0,,,0,,,0,,,0,,,0,,,0,,,0,,,0,,,0,,,0
EyeIrritation6pack_PID548,5234-68-4,2B,2B,0,2B,1,1,Not classified,0,1,2B,1,1,2B,1,1,,,0,,,0,,,0,,,0,,,0,1,1,0,1,1,1,1,1,1,1,1,1,1,1,1
EyeIrritation6pack_PID549,107534-96-3,NC,NC,0,Not classified,0,1,Not classified,0,1,Not classified,0,1,Not classified,0,1,,,0,,,0,,,0,,,0,,,0,,,0,,,0,,,0,,,0,,,0
EyeIrritation6pack_PID55,335104-84-2,NC,NC,0,Not classified,0,1,Not classified,0,1,Not classified,0,1,Not classified,0,1,,,0,,,0,,,0,,,0,,,0,1,1,0,1,1,1,1,1,1,1,1,1,1,1,1
EyeIrritation6pack_PID551,732-11-6,2B,2B,0,2B,1,1,Not classified,0,1,2B,1,1,2B,1,1,,,0,,,0,,,0,,,0,,,0,1,1,0,1,1,1,1,1,1,1,1,1,1,1,1
EyeIrritation6pack_PID553,52645-53-1,2B,2B,0,2B,1,1,Not classified,0,1,2B,1,1,2B,1,1,1,1,0,1,1,1,1,1,1,1,1,1,1,1,1,1,1,0,1,1,1,1,1,1,1,1,1,1,1,1
EyeIrritation6pack_PID554,865318-97-4,NC,NC,0,Not classified,0,1,Not classified,0,1,Not classified,0,1,Not classified,0,1,,,0,,,0,,,0,,,0,,,0,,,0,,,0,,,0,,,0,,,0
EyeIrritation6pack_PID555,138261-41-3,NC,NC,0,Not classified,0,1,Not classified,0,1,Not classified,0,1,Not classified,0,1,,,0,,,0,,,0,,,0,,,0,,,0,,,0,,,0,,,0,,,0
EyeIrritation6pack_PID556,161050-58-4,NC,NC,0,Not classified,0,1,Not classified,0,1,Not classified,0,1,Not classified,0,1,NC,NC,0,Not classified,0,1,Not classified,0,1,Not classified,0,1,Not classified,0,1,NC,NC,0,Not classified,0,1,Not classified,0,1,Not classified,0,1,Not classified,0,1
EyeIrritation6pack_PID557,125225-28-7,2B,2B,0,2B,1,1,Not classified,0,1,2B,1,1,2B,1,1,,,0,,,0,,,0,,,0,,,0,,,0,,,0,,,0,,,0,,,0
EyeIrritation6pack_PID558,57837-19-1,2A,2A,0,2A,1,1,2A,1,1,2A,1,1,2A,1,1,,,0,,,0,,,0,,,0,,,0,,,0,,,0,,,0,,,0,,,0
EyeIrritation6pack_PID559,36734-19-7,NC,NC,0,Not classified,0,1,Not classified,0,1,Not classified,0,1,Not classified,0,1,,,0,,,0,,,0,,,0,,,0,,,0,,,0,,,0,,,0,,,0
EyeIrritation6pack_PID560,111991-09-4,2B,2B,0,2B,1,1,Not classified,0,1,2B,1,1,2B,1,1,NC,NC,0,Not classified,0,1,Not classified,0,1,Not classified,0,1,Not classified,0,1,NC,NC,0,Not classified,0,1,Not classified,0,1,Not classified,0,1,Not classified,0,1
EyeIrritation6pack_PID563,Glyphosate,1,1,0,1,1,1,1,1,1,1,1,1,1,1,1,,,0,,,0,,,0,,,0,,,0,,,0,,,0,,,0,,,0,,,0
EyeIrritation6pack_PID567,160430-64-8,2B,2B,0,2B,1,1,Not classified,0,1,2B,1,1,2B,1,1,2,2,0,2,1,1,2,1,1,2,1,1,2,1,1,,,0,,,0,,,0,,,0,,,0
EyeIrritation6pack_PID568,138261-41-3,2B,2B,0,2B,1,1,Not classified,0,1,2B,1,1,2B,1,1,NC,NC,0,Not classified,0,1,Not classified,0,1,Not classified,0,1,Not classified,0,1,,,0,,,0,,,0,,,0,,,0
EyeIrritation6pack_PID57,7722-84-1,NC,NC,0,Not classified,0,1,Not classified,0,1,Not classified,0,1,Not classified,0,1,1,1,0,1,1,1,1,1,1,1,1,1,1,1,1,,,0,,,0,,,0,,,0,,,0
EyeIrritation6pack_PID570,91465-08-6,NC,NC,0,Not classified,0,1,Not classified,0,1,Not classified,0,1,Not classified,0,1,,,0,,,0,,,0,,,0,,,0,,,0,,,0,,,0,,,0,,,0
EyeIrritation6pack_PID571,138261-41-3,1,1,0,1,1,1,1,1,1,1,1,1,1,1,1,,,0,,,0,,,0,,,0,,,0,,,0,,,0,,,0,,,0,,,0
EyeIrritation6pack_PID572,2893-78-9,2A,2A,0,2A,1,1,2A,1,1,2A,1,1,2A,1,1,,,0,,,0,,,0,,,0,,,0,,,0,,,0,,,0,,,0,,,0
EyeIrritation6pack_PID573,372137-35-4,NC,NC,0,Not classified,0,1,Not classified,0,1,Not classified,0,1,Not classified,0,1,NC,NC,0,Not classified,0,1,Not classified,0,1,Not classified,0,1,Not classified,0,1,NC,NC,0,Not classified,0,1,Not classified,0,1,Not classified,0,1,Not classified,0,1
EyeIrritation6pack_PID574,51707-55-2,NC,NC,0,Not classified,0,1,Not classified,0,1,Not classified,0,1,Not classified,0,1,,,0,,,0,,,0,,,0,,,0,,,0,,,0,,,0,,,0,,,0
EyeIrritation6pack_PID578,64742-94-5,2B,2B,0,2B,1,1,Not classified,0,1,2B,1,1,2B,1,1,,,0,,,0,,,0,,,0,,,0,,,0,,,0,,,0,,,0,,,0
EyeIrritation6pack_PID579,30560-19-1,NC,NC,0,Not classified,0,1,Not classified,0,1,Not classified,0,1,Not classified,0,1,,,0,,,0,,,0,,,0,,,0,,,0,,,0,,,0,,,0,,,0
EyeIrritation6pack_PID58,153719-23-4,2B,2B,0,2B,1,1,Not classified,0,1,2B,1,1,2B,1,1,,,0,,,0,,,0,,,0,,,0,,,0,,,0,,,0,,,0,,,0
EyeIrritation6pack_PID583,59669-26-0,2B,2B,0,2B,1,1,Not classified,0,1,2B,1,1,2B,1,1,,,0,,,0,,,0,,,0,,,0,,,0,,,0,,,0,,,0,,,0
EyeIrritation6pack_PID585,59669-26-0,2A,2A,0,2A,1,1,2A,1,1,2A,1,1,2A,1,1,,,0,,,0,,,0,,,0,,,0,,,0,,,0,,,0,,,0,,,0
EyeIrritation6pack_PID59,153719-23-4,2B,2B,0,2B,1,1,Not classified,0,1,2B,1,1,2B,1,1,,,0,,,0,,,0,,,0,,,0,,,0,,,0,,,0,,,0,,,0
EyeIrritation6pack_PID592,2008-39-1,2B,2B,0,2B,1,1,Not classified,0,1,2B,1,1,2B,1,1,,,0,,,0,,,0,,,0,,,0,,,0,,,0,,,0,,,0,,,0
EyeIrritation6pack_PID593,84087-01-4,2B,2B,0,2B,1,1,Not classified,0,1,2B,1,1,2B,1,1,,,0,,,0,,,0,,,0,,,0,,,0,,,0,,,0,,,0,,,0
EyeIrritation6pack_PID594,1918-00-9,NC,NC,0,Not classified,0,1,Not classified,0,1,Not classified,0,1,Not classified,0,1,,,0,,,0,,,0,,,0,,,0,,,0,,,0,,,0,,,0,,,0
EyeIrritation6pack_PID600,52645-53-1,2B,2B,0,2B,1,1,Not classified,0,1,2B,1,1,2B,1,1,,,0,,,0,,,0,,,0,,,0,,,0,,,0,,,0,,,0,,,0
EyeIrritation6pack_PID601,68585-34-2,2A,2A,0,2A,1,1,2A,1,1,2A,1,1,2A,1,1,,,0,,,0,,,0,,,0,,,0,,,0,,,0,,,0,,,0,,,0
EyeIrritation6pack_PID602,Other/Inert Ingredients,2B,2B,0,2B,1,1,Not classified,0,1,2B,1,1,2B,1,1,,,0,,,0,,,0,,,0,,,0,,,0,,,0,,,0,,,0,,,0
EyeIrritation6pack_PID607,7732-18-5,2A,2A,0,2A,1,1,2A,1,1,2A,1,1,2A,1,1,,,0,,,0,,,0,,,0,,,0,,,0,,,0,,,0,,,0,,,0
EyeIrritation6pack_PID608,32426-11-2,NC,NC,0,Not classified,0,1,Not classified,0,1,Not classified,0,1,Not classified,0,1,,,0,,,0,,,0,,,0,,,0,,,0,,,0,,,0,,,0,,,0
EyeIrritation6pack_PID61,1071-83-6,2B,2B,0,2B,1,1,Not classified,0,1,2B,1,1,2B,1,1,,,0,,,0,,,0,,,0,,,0,,,0,,,0,,,0,,,0,,,0
EyeIrritation6pack_PID610,131860-33-8,NC,NC,0,Not classified,0,1,Not classified,0,1,Not classified,0,1,Not classified,0,1,,,0,,,0,,,0,,,0,,,0,,,0,,,0,,,0,,,0,,,0
EyeIrritation6pack_PID616,138261-41-3,2B,2B,0,2B,1,1,Not classified,0,1,2B,1,1,2B,1,1,,,0,,,0,,,0,,,0,,,0,,,0,,,0,,,0,,,0,,,0
EyeIrritation6pack_PID618,35554-44-0,2A,2A,0,2A,1,1,2A,1,1,2A,1,1,2A,1,1,,,0,,,0,,,0,,,0,,,0,,,0,,,0,,,0,,,0,,,0
EyeIrritation6pack_PID62,1582-09-8,2B,2B,0,2B,1,1,Not classified,0,1,2B,1,1,2B,1,1,,,0,,,0,,,0,,,0,,,0,1,1,0,1,1,1,1,1,1,1,1,1,1,1,1
EyeIrritation6pack_PID621,82657-04-3,NC,NC,0,Not classified,0,1,Not classified,0,1,Not classified,0,1,Not classified,0,1,,,0,,,0,,,0,,,0,,,0,,,0,,,0,,,0,,,0,,,0
EyeIrritation6pack_PID626,121-75-5,2B,2B,0,2B,1,1,Not classified,0,1,2B,1,1,2B,1,1,,,0,,,0,,,0,,,0,,,0,1,1,0,1,1,1,1,1,1,1,1,1,1,1,1
EyeIrritation6pack_PID627,8018-01-7,2B,2B,0,2B,1,1,Not classified,0,1,2B,1,1,2B,1,1,,,0,,,0,,,0,,,0,,,0,1,1,0,1,1,1,1,1,1,1,1,1,1,1,1
EyeIrritation6pack_PID628,148-79-8,2B,2B,0,2B,1,1,Not classified,0,1,2B,1,1,2B,1,1,,,0,,,0,,,0,,,0,,,0,1B,1B,0,1B,1,1,1B,1,1,1B,1,1,1B,1,1
EyeIrritation6pack_PID629,120068-37-3,2B,2B,0,2B,1,1,Not classified,0,1,2B,1,1,2B,1,1,,,0,,,0,,,0,,,0,,,0,,,0,,,0,,,0,,,0,,,0
EyeIrritation6pack_PID631,74-98-6,NC,NC,0,Not classified,0,1,Not classified,0,1,Not classified,0,1,Not classified,0,1,,,0,,,0,,,0,,,0,,,0,1,1,0,1,1,1,1,1,1,1,1,1,1,1,1
EyeIrritation6pack_PID632,16484-77-8,1,1,0,1,1,1,1,1,1,1,1,1,1,1,1,2,2,0,2,1,1,2,1,1,2,1,1,2,1,1,,,0,,,0,,,0,,,0,,,0
EyeIrritation6pack_PID633,131341-86-1,2B,2B,0,2B,1,1,Not classified,0,1,2B,1,1,2B,1,1,,,0,,,0,,,0,,,0,,,0,,,0,,,0,,,0,,,0,,,0
EyeIrritation6pack_PID635,1897-45-6,1,1,0,1,1,1,1,1,1,1,1,1,1,1,1,,,0,,,0,,,0,,,0,,,0,,,0,,,0,,,0,,,0,,,0
EyeIrritation6pack_PID639,208465-21-8,2B,2B,0,2B,1,1,Not classified,0,1,2B,1,1,2B,1,1,,,0,,,0,,,0,,,0,,,0,,,0,,,0,,,0,,,0,,,0
EyeIrritation6pack_PID640,104206-82-8,2B,2B,0,2B,1,1,Not classified,0,1,2B,1,1,2B,1,1,,,0,,,0,,,0,,,0,,,0,,,0,,,0,,,0,,,0,,,0
EyeIrritation6pack_PID641,104206-82-8,2B,2B,0,2B,1,1,Not classified,0,1,2B,1,1,2B,1,1,,,0,,,0,,,0,,,0,,,0,,,0,,,0,,,0,,,0,,,0
EyeIrritation6pack_PID642,139968-49-3,NC,NC,0,Not classified,0,1,Not classified,0,1,Not classified,0,1,Not classified,0,1,,,0,,,0,,,0,,,0,,,0,NC,NC,0,Not classified,0,1,Not classified,0,1,Not classified,0,1,Not classified,0,1
EyeIrritation6pack_PID643,139968-49-3,NC,NC,0,Not classified,0,1,Not classified,0,1,Not classified,0,1,Not classified,0,1,,,0,,,0,,,0,,,0,,,0,,,0,,,0,,,0,,,0,,,0
EyeIrritation6pack_PID645,108-62-3,NC,NC,0,Not classified,0,1,Not classified,0,1,Not classified,0,1,Not classified,0,1,,,0,,,0,,,0,,,0,,,0,,,0,,,0,,,0,,,0,,,0
EyeIrritation6pack_PID65,138261-41-3,NC,NC,0,Not classified,0,1,Not classified,0,1,Not classified,0,1,Not classified,0,1,,,0,,,0,,,0,,,0,,,0,,,0,,,0,,,0,,,0,,,0
EyeIrritation6pack_PID650,220899-03-6,NC,NC,0,Not classified,0,1,Not classified,0,1,Not classified,0,1,Not classified,0,1,,,0,,,0,,,0,,,0,,,0,,,0,,,0,,,0,,,0,,,0
EyeIrritation6pack_PID651,21087-64-9,NC,NC,0,Not classified,0,1,Not classified,0,1,Not classified,0,1,Not classified,0,1,,,0,,,0,,,0,,,0,,,0,1,1,0,1,1,1,1,1,1,1,1,1,1,1,1
EyeIrritation6pack_PID652,74223-64-6,2B,2B,0,2B,1,1,Not classified,0,1,2B,1,1,2B,1,1,,,0,,,0,,,0,,,0,,,0,,,0,,,0,,,0,,,0,,,0
EyeIrritation6pack_PID654,116-06-3,NC,NC,0,Not classified,0,1,Not classified,0,1,Not classified,0,1,Not classified,0,1,,,0,,,0,,,0,,,0,,,0,,,0,,,0,,,0,,,0,,,0
EyeIrritation6pack_PID655,52315-07-8,2B,2B,0,2B,1,1,Not classified,0,1,2B,1,1,2B,1,1,,,0,,,0,,,0,,,0,,,0,,,0,,,0,,,0,,,0,,,0
EyeIrritation6pack_PID656,82657-04-3,NC,NC,0,Not classified,0,1,Not classified,0,1,Not classified,0,1,Not classified,0,1,,,0,,,0,,,0,,,0,,,0,,,0,,,0,,,0,,,0,,,0
EyeIrritation6pack_PID657,26002-80-2,NC,NC,0,Not classified,0,1,Not classified,0,1,Not classified,0,1,Not classified,0,1,,,0,,,0,,,0,,,0,,,0,,,0,,,0,,,0,,,0,,,0
EyeIrritation6pack_PID658,68439-49-6,NC,NC,0,Not classified,0,1,Not classified,0,1,Not classified,0,1,Not classified,0,1,,,0,,,0,,,0,,,0,,,0,,,0,,,0,,,0,,,0,,,0
EyeIrritation6pack_PID659,95737-68-1,NC,NC,0,Not classified,0,1,Not classified,0,1,Not classified,0,1,Not classified,0,1,,,0,,,0,,,0,,,0,,,0,,,0,,,0,,,0,,,0,,,0
EyeIrritation6pack_PID660,51-03-6,NC,NC,0,Not classified,0,1,Not classified,0,1,Not classified,0,1,Not classified,0,1,,,0,,,0,,,0,,,0,,,0,,,0,,,0,,,0,,,0,,,0
EyeIrritation6pack_PID661,35367-38-5,2B,2B,0,2B,1,1,Not classified,0,1,2B,1,1,2B,1,1,,,0,,,0,,,0,,,0,,,0,,,0,,,0,,,0,,,0,,,0
EyeIrritation6pack_PID663,3567-25-7,1,1,0,1,1,1,1,1,1,1,1,1,1,1,1,,,0,,,0,,,0,,,0,,,0,,,0,,,0,,,0,,,0,,,0
EyeIrritation6pack_PID668,7778-18-9,2B,2B,0,2B,1,1,Not classified,0,1,2B,1,1,2B,1,1,,,0,,,0,,,0,,,0,,,0,,,0,,,0,,,0,,,0,,,0
EyeIrritation6pack_PID669,141776-32-1,2B,2B,0,2B,1,1,Not classified,0,1,2B,1,1,2B,1,1,2,2,0,2,1,1,2,1,1,2,1,1,2,1,1,NC,NC,0,Not classified,0,1,Not classified,0,1,Not classified,0,1,Not classified,0,1
EyeIrritation6pack_PID673,34256-82-1,NC,NC,0,Not classified,0,1,Not classified,0,1,Not classified,0,1,Not classified,0,1,,,0,,,0,,,0,,,0,,,0,,,0,,,0,,,0,,,0,,,0
EyeIrritation6pack_PID674,34256-82-1,2B,2B,0,2B,1,1,Not classified,0,1,2B,1,1,2B,1,1,,,0,,,0,,,0,,,0,,,0,,,0,,,0,,,0,,,0,,,0
EyeIrritation6pack_PID675,34256-82-1,2B,2B,0,2B,1,1,Not classified,0,1,2B,1,1,2B,1,1,,,0,,,0,,,0,,,0,,,0,1,1,0,1,1,1,1,1,1,1,1,1,1,1,1
EyeIrritation6pack_PID676,203313-25-1,2B,2B,0,2B,1,1,Not classified,0,1,2B,1,1,2B,1,1,NC,NC,0,Not classified,0,1,Not classified,0,1,Not classified,0,1,Not classified,0,1,1B,1B,0,1B,1,1,1B,1,1,1B,1,1,1B,1,1
EyeIrritation6pack_PID677,52315-07-8,2B,2B,0,2B,1,1,Not classified,0,1,2B,1,1,2B,1,1,,,0,,,0,,,0,,,0,,,0,,,0,,,0,,,0,,,0,,,0
EyeIrritation6pack_PID678,75-28-5,NC,NC,0,Not classified,0,1,Not classified,0,1,Not classified,0,1,Not classified,0,1,,,0,,,0,,,0,,,0,,,0,,,0,,,0,,,0,,,0,,,0
EyeIrritation6pack_PID680,60207-90-1,1,1,0,1,1,1,1,1,1,1,1,1,1,1,1,2,2,0,2,1,1,2,1,1,2,1,1,2,1,1,NC,NC,0,Not classified,0,1,Not classified,0,1,Not classified,0,1,Not classified,0,1
EyeIrritation6pack_PID684,008018-01-7,2B,2B,0,2B,1,1,Not classified,0,1,2B,1,1,2B,1,1,,,0,,,0,,,0,,,0,,,0,,,0,,,0,,,0,,,0,,,0
EyeIrritation6pack_PID687,111991-09-4,2B,2B,0,2B,1,1,Not classified,0,1,2B,1,1,2B,1,1,,,0,,,0,,,0,,,0,,,0,,,0,,,0,,,0,,,0,,,0
EyeIrritation6pack_PID689,120068-37-3,NC,NC,0,Not classified,0,1,Not classified,0,1,Not classified,0,1,Not classified,0,1,,,0,,,0,,,0,,,0,,,0,,,0,,,0,,,0,,,0,,,0
EyeIrritation6pack_PID690,98886-44-3,2A,2A,0,2A,1,1,2A,1,1,2A,1,1,2A,1,1,NC,NC,0,Not classified,0,1,Not classified,0,1,Not classified,0,1,Not classified,0,1,1,1,0,1,1,1,1,1,1,1,1,1,1,1,1
EyeIrritation6pack_PID691,2893-78-9,1,1,0,1,1,1,1,1,1,1,1,1,1,1,1,1B,1B,0,1B,1,1,1B,1,1,1B,1,1,1B,1,1,,,0,,,0,,,0,,,0,,,0
EyeIrritation6pack_PID692,66215-27-8,2B,2B,0,2B,1,1,Not classified,0,1,2B,1,1,2B,1,1,,,0,,,0,,,0,,,0,,,0,,,0,,,0,,,0,,,0,,,0
EyeIrritation6pack_PID694,123-33-1,2A,2A,0,2A,1,1,2A,1,1,2A,1,1,2A,1,1,NC,NC,0,Not classified,0,1,Not classified,0,1,Not classified,0,1,Not classified,0,1,1,1,0,1,1,1,1,1,1,1,1,1,1,1,1
EyeIrritation6pack_PID695,123-33-1,2B,2B,0,2B,1,1,Not classified,0,1,2B,1,1,2B,1,1,2,2,0,2,1,1,2,1,1,2,1,1,2,1,1,NC,NC,0,Not classified,0,1,Not classified,0,1,Not classified,0,1,Not classified,0,1
EyeIrritation6pack_PID696,111991-09-4,NC,NC,0,Not classified,0,1,Not classified,0,1,Not classified,0,1,Not classified,0,1,,,0,,,0,,,0,,,0,,,0,,,0,,,0,,,0,,,0,,,0
EyeIrritation6pack_PID698,210880-92-5,NC,NC,0,Not classified,0,1,Not classified,0,1,Not classified,0,1,Not classified,0,1,,,0,,,0,,,0,,,0,,,0,,,0,,,0,,,0,,,0,,,0
EyeIrritation6pack_PID699,272451-65-7,NC,NC,0,Not classified,0,1,Not classified,0,1,Not classified,0,1,Not classified,0,1,NC,NC,0,Not classified,0,1,Not classified,0,1,Not classified,0,1,Not classified,0,1,NC,NC,0,Not classified,0,1,Not classified,0,1,Not classified,0,1,Not classified,0,1
EyeIrritation6pack_PID70,210880-92-5,NC,NC,0,Not classified,0,1,Not classified,0,1,Not classified,0,1,Not classified,0,1,,,0,,,0,,,0,,,0,,,0,NC,NC,0,Not classified,0,1,Not classified,0,1,Not classified,0,1,Not classified,0,1
EyeIrritation6pack_PID700,240494-70-6,NC,NC,0,Not classified,0,1,Not classified,0,1,Not classified,0,1,Not classified,0,1,,,0,,,0,,,0,,,0,,,0,,,0,,,0,,,0,,,0,,,0
EyeIrritation6pack_PID702,138261-41-3,2B,2B,0,2B,1,1,Not classified,0,1,2B,1,1,2B,1,1,,,0,,,0,,,0,,,0,,,0,,,0,,,0,,,0,,,0,,,0
EyeIrritation6pack_PID704,101200-48-0,2B,2B,0,2B,1,1,Not classified,0,1,2B,1,1,2B,1,1,,,0,,,0,,,0,,,0,,,0,,,0,,,0,,,0,,,0,,,0
EyeIrritation6pack_PID705,1928-43-4,2B,2B,0,2B,1,1,Not classified,0,1,2B,1,1,2B,1,1,,,0,,,0,,,0,,,0,,,0,,,0,,,0,,,0,,,0,,,0
EyeIrritation6pack_PID707,1928-43-4,2B,2B,0,2B,1,1,Not classified,0,1,2B,1,1,2B,1,1,,,0,,,0,,,0,,,0,,,0,,,0,,,0,,,0,,,0,,,0
EyeIrritation6pack_PID708,7704-34-9,2B,2B,0,2B,1,1,Not classified,0,1,2B,1,1,2B,1,1,,,0,,,0,,,0,,,0,,,0,,,0,,,0,,,0,,,0,,,0
EyeIrritation6pack_PID71,210880-92-5,2B,2B,0,2B,1,1,Not classified,0,1,2B,1,1,2B,1,1,,,0,,,0,,,0,,,0,,,0,,,0,,,0,,,0,,,0,,,0
EyeIrritation6pack_PID710,64742-47-8,2B,2B,0,2B,1,1,Not classified,0,1,2B,1,1,2B,1,1,,,0,,,0,,,0,,,0,,,0,,,0,,,0,,,0,,,0,,,0
EyeIrritation6pack_PID716,208465-21-8,1,1,0,1,1,1,1,1,1,1,1,1,1,1,1,NC,NC,0,Not classified,0,1,Not classified,0,1,Not classified,0,1,Not classified,0,1,NC,NC,0,Not classified,0,1,Not classified,0,1,Not classified,0,1,Not classified,0,1
EyeIrritation6pack_PID717,138261-41-3,NC,NC,0,Not classified,0,1,Not classified,0,1,Not classified,0,1,Not classified,0,1,,,0,,,0,,,0,,,0,,,0,,,0,,,0,,,0,,,0,,,0
EyeIrritation6pack_PID718,57-50-1,2B,2B,0,2B,1,1,Not classified,0,1,2B,1,1,2B,1,1,NC,NC,0,Not classified,0,1,Not classified,0,1,Not classified,0,1,Not classified,0,1,,,0,,,0,,,0,,,0,,,0
EyeIrritation6pack_PID719,153719-23-4,NC,NC,0,Not classified,0,1,Not classified,0,1,Not classified,0,1,Not classified,0,1,,,0,,,0,,,0,,,0,,,0,,,0,,,0,,,0,,,0,,,0
EyeIrritation6pack_PID722,81335-77-5,2B,2B,0,2B,1,1,Not classified,0,1,2B,1,1,2B,1,1,NC,NC,0,Not classified,0,1,Not classified,0,1,Not classified,0,1,Not classified,0,1,NC,NC,0,Not classified,0,1,Not classified,0,1,Not classified,0,1,Not classified,0,1
EyeIrritation6pack_PID723,107534-96-3,1,1,0,1,1,1,1,1,1,1,1,1,1,1,1,2,2,0,2,1,1,2,1,1,2,1,1,2,1,1,1,1,0,1,1,1,1,1,1,1,1,1,1,1,1
EyeIrritation6pack_PID726,107534-96-3,2B,2B,0,2B,1,1,Not classified,0,1,2B,1,1,2B,1,1,,,0,,,0,,,0,,,0,,,0,,,0,,,0,,,0,,,0,,,0
EyeIrritation6pack_PID727,1184-64-1,2B,2B,0,2B,1,1,Not classified,0,1,2B,1,1,2B,1,1,,,0,,,0,,,0,,,0,,,0,,,0,,,0,,,0,,,0,,,0
EyeIrritation6pack_PID728,107534-96-3,1,1,0,1,1,1,1,1,1,1,1,1,1,1,1,1,1,0,1,1,1,1,1,1,1,1,1,1,1,1,1,1,0,1,1,1,1,1,1,1,1,1,1,1,1
EyeIrritation6pack_PID732,110488-70-5,NC,NC,0,Not classified,0,1,Not classified,0,1,Not classified,0,1,Not classified,0,1,NC,NC,0,Not classified,0,1,Not classified,0,1,Not classified,0,1,Not classified,0,1,NC,NC,0,Not classified,0,1,Not classified,0,1,Not classified,0,1,Not classified,0,1
EyeIrritation6pack_PID737,494793-67-8,NC,NC,0,Not classified,0,1,Not classified,0,1,Not classified,0,1,Not classified,0,1,,,0,,,0,,,0,,,0,,,0,,,0,,,0,,,0,,,0,,,0
EyeIrritation6pack_PID738,53112-28-0,NC,NC,0,Not classified,0,1,Not classified,0,1,Not classified,0,1,Not classified,0,1,NC,NC,0,Not classified,0,1,Not classified,0,1,Not classified,0,1,Not classified,0,1,NC,NC,0,Not classified,0,1,Not classified,0,1,Not classified,0,1,Not classified,0,1
EyeIrritation6pack_PID739,210880-92-5,NC,NC,0,Not classified,0,1,Not classified,0,1,Not classified,0,1,Not classified,0,1,NC,NC,0,Not classified,0,1,Not classified,0,1,Not classified,0,1,Not classified,0,1,NC,NC,0,Not classified,0,1,Not classified,0,1,Not classified,0,1,Not classified,0,1
EyeIrritation6pack_PID740,210880-92-5,NC,NC,0,Not classified,0,1,Not classified,0,1,Not classified,0,1,Not classified,0,1,2,2,0,2,1,1,2,1,1,2,1,1,2,1,1,,,0,,,0,,,0,,,0,,,0
EyeIrritation6pack_PID741,494793-67-8,2B,2B,0,2B,1,1,Not classified,0,1,2B,1,1,2B,1,1,,,0,,,0,,,0,,,0,,,0,,,0,,,0,,,0,,,0,,,0
EyeIrritation6pack_PID743,219714-96-2,NC,NC,0,Not classified,0,1,Not classified,0,1,Not classified,0,1,Not classified,0,1,,,0,,,0,,,0,,,0,,,0,NC,NC,0,Not classified,0,1,Not classified,0,1,Not classified,0,1,Not classified,0,1
EyeIrritation6pack_PID744,494793-67-8,NC,NC,0,Not classified,0,1,Not classified,0,1,Not classified,0,1,Not classified,0,1,,,0,,,0,,,0,,,0,,,0,,,0,,,0,,,0,,,0,,,0
EyeIrritation6pack_PID745,178928-70-6,NC,NC,0,Not classified,0,1,Not classified,0,1,Not classified,0,1,Not classified,0,1,,,0,,,0,,,0,,,0,,,0,1,1,0,1,1,1,1,1,1,1,1,1,1,1,1
EyeIrritation6pack_PID746,183675-82-3,NC,NC,0,Not classified,0,1,Not classified,0,1,Not classified,0,1,Not classified,0,1,NC,NC,0,Not classified,0,1,Not classified,0,1,Not classified,0,1,Not classified,0,1,,,0,,,0,,,0,,,0,,,0
EyeIrritation6pack_PID747,183675-82-3,NC,NC,0,Not classified,0,1,Not classified,0,1,Not classified,0,1,Not classified,0,1,,,0,,,0,,,0,,,0,,,0,,,0,,,0,,,0,,,0,,,0
EyeIrritation6pack_PID748,141517-21-7,NC,NC,0,Not classified,0,1,Not classified,0,1,Not classified,0,1,Not classified,0,1,NC,NC,0,Not classified,0,1,Not classified,0,1,Not classified,0,1,Not classified,0,1,NC,NC,0,Not classified,0,1,Not classified,0,1,Not classified,0,1,Not classified,0,1
EyeIrritation6pack_PID75,834-12-8,2B,2B,0,2B,1,1,Not classified,0,1,2B,1,1,2B,1,1,3,3,0,3,1,1,Not classified,0,1,Not classified,0,1,Not classified,0,1,,,0,,,0,,,0,,,0,,,0
EyeIrritation6pack_PID750,Permethrin,2B,2B,0,2B,1,1,Not classified,0,1,2B,1,1,2B,1,1,,,0,,,0,,,0,,,0,,,0,1,1,0,1,1,1,1,1,1,1,1,1,1,1,1
EyeIrritation6pack_PID751,135397-30-7,2A,2A,0,2A,1,1,2A,1,1,2A,1,1,2A,1,1,,,0,,,0,,,0,,,0,,,0,,,0,,,0,,,0,,,0,,,0
EyeIrritation6pack_PID756,117428-22-5,2B,2B,0,2B,1,1,Not classified,0,1,2B,1,1,2B,1,1,,,0,,,0,,,0,,,0,,,0,,,0,,,0,,,0,,,0,,,0
EyeIrritation6pack_PID757,14808-60-7,2B,2B,0,2B,1,1,Not classified,0,1,2B,1,1,2B,1,1,2,2,0,2,1,1,2,1,1,2,1,1,2,1,1,,,0,,,0,,,0,,,0,,,0
EyeIrritation6pack_PID76,129909-90-6,NC,NC,0,Not classified,0,1,Not classified,0,1,Not classified,0,1,Not classified,0,1,,,0,,,0,,,0,,,0,,,0,,,0,,,0,,,0,,,0,,,0
EyeIrritation6pack_PID760,97-99-4,1,1,0,1,1,1,1,1,1,1,1,1,1,1,1,2,2,0,2,1,1,2,1,1,2,1,1,2,1,1,1,1,0,1,1,1,1,1,1,1,1,1,1,1,1
EyeIrritation6pack_PID764,153719-23-4,NC,NC,0,Not classified,0,1,Not classified,0,1,Not classified,0,1,Not classified,0,1,,,0,,,0,,,0,,,0,,,0,,,0,,,0,,,0,,,0,,,0
EyeIrritation6pack_PID765,Other/Inert Ingredients,2B,2B,0,2B,1,1,Not classified,0,1,2B,1,1,2B,1,1,2,2,0,2,1,1,2,1,1,2,1,1,2,1,1,NC,NC,0,Not classified,0,1,Not classified,0,1,Not classified,0,1,Not classified,0,1
EyeIrritation6pack_PID768,30560-19-1,NC,NC,0,Not classified,0,1,Not classified,0,1,Not classified,0,1,Not classified,0,1,NC,NC,0,Not classified,0,1,Not classified,0,1,Not classified,0,1,Not classified,0,1,NC,NC,0,Not classified,0,1,Not classified,0,1,Not classified,0,1,Not classified,0,1
EyeIrritation6pack_PID77,566191-89-7,1,1,0,1,1,1,1,1,1,1,1,1,1,1,1,,,0,,,0,,,0,,,0,,,0,,,0,,,0,,,0,,,0,,,0
EyeIrritation6pack_PID770,149877-41-8,NC,NC,0,Not classified,0,1,Not classified,0,1,Not classified,0,1,Not classified,0,1,,,0,,,0,,,0,,,0,,,0,1,1,0,1,1,1,1,1,1,1,1,1,1,1,1
EyeIrritation6pack_PID771,330-54-1,1,1,0,1,1,1,1,1,1,1,1,1,1,1,1,,,0,,,0,,,0,,,0,,,0,,,0,,,0,,,0,,,0,,,0
EyeIrritation6pack_PID772,2634-33-5,1,1,0,1,1,1,1,1,1,1,1,1,1,1,1,,,0,,,0,,,0,,,0,,,0,,,0,,,0,,,0,,,0,,,0
EyeIrritation6pack_PID773,52-51-7,1,1,0,1,1,1,1,1,1,1,1,1,1,1,1,,,0,,,0,,,0,,,0,,,0,,,0,,,0,,,0,,,0,,,0
EyeIrritation6pack_PID774,57-55-6,2A,2A,0,2A,1,1,2A,1,1,2A,1,1,2A,1,1,,,0,,,0,,,0,,,0,,,0,,,0,,,0,,,0,,,0,,,0
EyeIrritation6pack_PID776,1071-83-6,NC,NC,0,Not classified,0,1,Not classified,0,1,Not classified,0,1,Not classified,0,1,2,2,0,2,1,1,2,1,1,2,1,1,2,1,1,,,0,,,0,,,0,,,0,,,0
EyeIrritation6pack_PID777,7783-20-2,2B,2B,0,2B,1,1,Not classified,0,1,2B,1,1,2B,1,1,,,0,,,0,,,0,,,0,,,0,,,0,,,0,,,0,,,0,,,0
EyeIrritation6pack_PID779,60207-90-1,2B,2B,0,2B,1,1,Not classified,0,1,2B,1,1,2B,1,1,,,0,,,0,,,0,,,0,,,0,1,1,0,1,1,1,1,1,1,1,1,1,1,1,1
EyeIrritation6pack_PID78,33089-61-1,2B,2B,0,2B,1,1,Not classified,0,1,2B,1,1,2B,1,1,,,0,,,0,,,0,,,0,,,0,1,1,0,1,1,1,1,1,1,1,1,1,1,1,1
EyeIrritation6pack_PID780,108-88-3,2B,2B,0,2B,1,1,Not classified,0,1,2B,1,1,2B,1,1,,,0,,,0,,,0,,,0,,,0,1,1,0,1,1,1,1,1,1,1,1,1,1,1,1
EyeIrritation6pack_PID781,5234-68-4,NC,NC,0,Not classified,0,1,Not classified,0,1,Not classified,0,1,Not classified,0,1,,,0,,,0,,,0,,,0,,,0,,,0,,,0,,,0,,,0,,,0
EyeIrritation6pack_PID783,107534-96-3,NC,NC,0,Not classified,0,1,Not classified,0,1,Not classified,0,1,Not classified,0,1,NC,NC,0,Not classified,0,1,Not classified,0,1,Not classified,0,1,Not classified,0,1,,,0,,,0,,,0,,,0,,,0
EyeIrritation6pack_PID784,138261-41-3,NC,NC,0,Not classified,0,1,Not classified,0,1,Not classified,0,1,Not classified,0,1,,,0,,,0,,,0,,,0,,,0,,,0,,,0,,,0,,,0,,,0
EyeIrritation6pack_PID788,107534-96-3,NC,NC,0,Not classified,0,1,Not classified,0,1,Not classified,0,1,Not classified,0,1,NC,NC,0,Not classified,0,1,Not classified,0,1,Not classified,0,1,Not classified,0,1,NC,NC,0,Not classified,0,1,Not classified,0,1,Not classified,0,1,Not classified,0,1
EyeIrritation6pack_PID79,33089-61-1,NC,NC,0,Not classified,0,1,Not classified,0,1,Not classified,0,1,Not classified,0,1,2,2,0,2,1,1,2,1,1,2,1,1,2,1,1,1,1,0,1,1,1,1,1,1,1,1,1,1,1,1
EyeIrritation6pack_PID790,81335-77-5,1,1,0,1,1,1,1,1,1,1,1,1,1,1,1,,,0,,,0,,,0,,,0,,,0,1,1,0,1,1,1,1,1,1,1,1,1,1,1,1
EyeIrritation6pack_PID791,110-82-7,2B,2B,0,2B,1,1,Not classified,0,1,2B,1,1,2B,1,1,,,0,,,0,,,0,,,0,,,0,,,0,,,0,,,0,,,0,,,0
EyeIrritation6pack_PID792,51-03-6,2B,2B,0,2B,1,1,Not classified,0,1,2B,1,1,2B,1,1,2,2,0,2,1,1,2,1,1,2,1,1,2,1,1,,,0,,,0,,,0,,,0,,,0
EyeIrritation6pack_PID793,365400-11-9,2B,2B,0,2B,1,1,Not classified,0,1,2B,1,1,2B,1,1,NC,NC,0,Not classified,0,1,Not classified,0,1,Not classified,0,1,Not classified,0,1,,,0,,,0,,,0,,,0,,,0
EyeIrritation6pack_PID794,179101-81-6,NC,NC,0,Not classified,0,1,Not classified,0,1,Not classified,0,1,Not classified,0,1,NC,NC,0,Not classified,0,1,Not classified,0,1,Not classified,0,1,Not classified,0,1,1,1,0,1,1,1,1,1,1,1,1,1,1,1,1
EyeIrritation6pack_PID795,7786-80-3,2B,2B,0,2B,1,1,Not classified,0,1,2B,1,1,2B,1,1,,,0,,,0,,,0,,,0,,,0,,,0,,,0,,,0,,,0,,,0
EyeIrritation6pack_PID796,119446-68-3,2B,2B,0,2B,1,1,Not classified,0,1,2B,1,1,2B,1,1,2,2,0,2,1,1,2,1,1,2,1,1,2,1,1,1,1,0,1,1,1,1,1,1,1,1,1,1,1,1
EyeIrritation6pack_PID797,1897-45-6,2B,2B,0,2B,1,1,Not classified,0,1,2B,1,1,2B,1,1,,,0,,,0,,,0,,,0,,,0,,,0,,,0,,,0,,,0,,,0
EyeIrritation6pack_PID798,124495-18-7,2B,2B,0,2B,1,1,Not classified,0,1,2B,1,1,2B,1,1,NC,NC,0,Not classified,0,1,Not classified,0,1,Not classified,0,1,Not classified,0,1,1,1,0,1,1,1,1,1,1,1,1,1,1,1,1
EyeIrritation6pack_PID799,124495-18-7,2B,2B,0,2B,1,1,Not classified,0,1,2B,1,1,2B,1,1,,,0,,,0,,,0,,,0,,,0,,,0,,,0,,,0,,,0,,,0
EyeIrritation6pack_PID80,82558-50-7,2B,2B,0,2B,1,1,Not classified,0,1,2B,1,1,2B,1,1,3,3,0,3,1,1,Not classified,0,1,Not classified,0,1,Not classified,0,1,1,1,0,1,1,1,1,1,1,1,1,1,1,1,1
EyeIrritation6pack_PID800,5131-66-8,2B,2B,0,2B,1,1,Not classified,0,1,2B,1,1,2B,1,1,NC,NC,0,Not classified,0,1,Not classified,0,1,Not classified,0,1,Not classified,0,1,,,0,,,0,,,0,,,0,,,0
EyeIrritation6pack_PID801,72490-01-8,2A,2A,0,2A,1,1,2A,1,1,2A,1,1,2A,1,1,,,0,,,0,,,0,,,0,,,0,,,0,,,0,,,0,,,0,,,0
EyeIrritation6pack_PID802,114-26-1,2A,2A,0,2A,1,1,2A,1,1,2A,1,1,2A,1,1,,,0,,,0,,,0,,,0,,,0,,,0,,,0,,,0,,,0,,,0
EyeIrritation6pack_PID803,57-55-6,NC,NC,0,Not classified,0,1,Not classified,0,1,Not classified,0,1,Not classified,0,1,,,0,,,0,,,0,,,0,,,0,,,0,,,0,,,0,,,0,,,0
EyeIrritation6pack_PID804,22248-79-9,1,1,0,1,1,1,1,1,1,1,1,1,1,1,1,,,0,,,0,,,0,,,0,,,0,,,0,,,0,,,0,,,0,,,0
EyeIrritation6pack_PID806,1982-69-0,2B,2B,0,2B,1,1,Not classified,0,1,2B,1,1,2B,1,1,,,0,,,0,,,0,,,0,,,0,,,0,,,0,,,0,,,0,,,0
EyeIrritation6pack_PID808,35554-44-0,2B,2B,0,2B,1,1,Not classified,0,1,2B,1,1,2B,1,1,,,0,,,0,,,0,,,0,,,0,,,0,,,0,,,0,,,0,,,0
EyeIrritation6pack_PID809,35554-44-0,NC,NC,0,Not classified,0,1,Not classified,0,1,Not classified,0,1,Not classified,0,1,,,0,,,0,,,0,,,0,,,0,NC,NC,0,Not classified,0,1,Not classified,0,1,Not classified,0,1,Not classified,0,1
EyeIrritation6pack_PID81,107534-96-3,2B,2B,0,2B,1,1,Not classified,0,1,2B,1,1,2B,1,1,,,0,,,0,,,0,,,0,,,0,,,0,,,0,,,0,,,0,,,0
EyeIrritation6pack_PID810,52645-53-1,2B,2B,0,2B,1,1,Not classified,0,1,2B,1,1,2B,1,1,,,0,,,0,,,0,,,0,,,0,,,0,,,0,,,0,,,0,,,0
EyeIrritation6pack_PID811,122008-85-9,NC,NC,0,Not classified,0,1,Not classified,0,1,Not classified,0,1,Not classified,0,1,2,2,0,2,1,1,2,1,1,2,1,1,2,1,1,1,1,0,1,1,1,1,1,1,1,1,1,1,1,1
EyeIrritation6pack_PID812,123-42-2,NC,NC,0,Not classified,0,1,Not classified,0,1,Not classified,0,1,Not classified,0,1,,,0,,,0,,,0,,,0,,,0,,,0,,,0,,,0,,,0,,,0
EyeIrritation6pack_PID813,Bispyribac-sodium,2B,2B,0,2B,1,1,Not classified,0,1,2B,1,1,2B,1,1,,,0,,,0,,,0,,,0,,,0,,,0,,,0,,,0,,,0,,,0
EyeIrritation6pack_PID814,64742-94-5,NC,NC,0,Not classified,0,1,Not classified,0,1,Not classified,0,1,Not classified,0,1,,,0,,,0,,,0,,,0,,,0,,,0,,,0,,,0,,,0,,,0
EyeIrritation6pack_PID815,858956-08-8,2B,2B,0,2B,1,1,Not classified,0,1,2B,1,1,2B,1,1,,,0,,,0,,,0,,,0,,,0,,,0,,,0,,,0,,,0,,,0
EyeIrritation6pack_PID816,1897-45-6,2A,2A,0,2A,1,1,2A,1,1,2A,1,1,2A,1,1,,,0,,,0,,,0,,,0,,,0,,,0,,,0,,,0,,,0,,,0
EyeIrritation6pack_PID817,1897-45-6,2B,2B,0,2B,1,1,Not classified,0,1,2B,1,1,2B,1,1,,,0,,,0,,,0,,,0,,,0,,,0,,,0,,,0,,,0,,,0
EyeIrritation6pack_PID818,119446-68-3,NC,NC,0,Not classified,0,1,Not classified,0,1,Not classified,0,1,Not classified,0,1,,,0,,,0,,,0,,,0,,,0,,,0,,,0,,,0,,,0,,,0
EyeIrritation6pack_PID819,8018-01-7,2B,2B,0,2B,1,1,Not classified,0,1,2B,1,1,2B,1,1,,,0,,,0,,,0,,,0,,,0,,,0,,,0,,,0,,,0,,,0
EyeIrritation6pack_PID822,52-51-7,1,1,0,1,1,1,1,1,1,1,1,1,1,1,1,,,0,,,0,,,0,,,0,,,0,,,0,,,0,,,0,,,0,,,0
EyeIrritation6pack_PID827,138261-41-3,NC,NC,0,Not classified,0,1,Not classified,0,1,Not classified,0,1,Not classified,0,1,NC,NC,0,Not classified,0,1,Not classified,0,1,Not classified,0,1,Not classified,0,1,NC,NC,0,Not classified,0,1,Not classified,0,1,Not classified,0,1,Not classified,0,1
EyeIrritation6pack_PID828,138261-41-3,NC,NC,0,Not classified,0,1,Not classified,0,1,Not classified,0,1,Not classified,0,1,NC,NC,0,Not classified,0,1,Not classified,0,1,Not classified,0,1,Not classified,0,1,NC,NC,0,Not classified,0,1,Not classified,0,1,Not classified,0,1,Not classified,0,1
EyeIrritation6pack_PID829,16752-77-5,1,1,0,1,1,1,1,1,1,1,1,1,1,1,1,NC,NC,0,Not classified,0,1,Not classified,0,1,Not classified,0,1,Not classified,0,1,,,0,,,0,,,0,,,0,,,0
EyeIrritation6pack_PID830,111991-09-4,NC,NC,0,Not classified,0,1,Not classified,0,1,Not classified,0,1,Not classified,0,1,,,0,,,0,,,0,,,0,,,0,,,0,,,0,,,0,,,0,,,0
EyeIrritation6pack_PID831,107534-96-3,NC,NC,0,Not classified,0,1,Not classified,0,1,Not classified,0,1,Not classified,0,1,,,0,,,0,,,0,,,0,,,0,,,0,,,0,,,0,,,0,,,0
EyeIrritation6pack_PID832,79277-27-3,2B,2B,0,2B,1,1,Not classified,0,1,2B,1,1,2B,1,1,,,0,,,0,,,0,,,0,,,0,,,0,,,0,,,0,,,0,,,0
EyeIrritation6pack_PID833,36734-19-7,2A,2A,0,2A,1,1,2A,1,1,2A,1,1,2A,1,1,,,0,,,0,,,0,,,0,,,0,,,0,,,0,,,0,,,0,,,0
EyeIrritation6pack_PID834,27176-87-0,1,1,0,1,1,1,1,1,1,1,1,1,1,1,1,,,0,,,0,,,0,,,0,,,0,,,0,,,0,,,0,,,0,,,0
EyeIrritation6pack_PID835,7704-34-9,2B,2B,0,2B,1,1,Not classified,0,1,2B,1,1,2B,1,1,,,0,,,0,,,0,,,0,,,0,,,0,,,0,,,0,,,0,,,0
EyeIrritation6pack_PID837,188489-07-8,2B,2B,0,2B,1,1,Not classified,0,1,2B,1,1,2B,1,1,,,0,,,0,,,0,,,0,,,0,,,0,,,0,,,0,,,0,,,0
EyeIrritation6pack_PID838,104206-82-8,2B,2B,0,2B,1,1,Not classified,0,1,2B,1,1,2B,1,1,NC,NC,0,Not classified,0,1,Not classified,0,1,Not classified,0,1,Not classified,0,1,1,1,0,1,1,1,1,1,1,1,1,1,1,1,1
EyeIrritation6pack_PID839,165252-70-0,NC,NC,0,Not classified,0,1,Not classified,0,1,Not classified,0,1,Not classified,0,1,,,0,,,0,,,0,,,0,,,0,,,0,,,0,,,0,,,0,,,0
EyeIrritation6pack_PID840,1333-86-4,NC,NC,0,Not classified,0,1,Not classified,0,1,Not classified,0,1,Not classified,0,1,,,0,,,0,,,0,,,0,,,0,,,0,,,0,,,0,,,0,,,0
EyeIrritation6pack_PID841,7704-34-9,NC,NC,0,Not classified,0,1,Not classified,0,1,Not classified,0,1,Not classified,0,1,,,0,,,0,,,0,,,0,,,0,,,0,,,0,,,0,,,0,,,0
EyeIrritation6pack_PID843,7704-34-9,NC,NC,0,Not classified,0,1,Not classified,0,1,Not classified,0,1,Not classified,0,1,,,0,,,0,,,0,,,0,,,0,,,0,,,0,,,0,,,0,,,0
EyeIrritation6pack_PID844,7704-34-9,NC,NC,0,Not classified,0,1,Not classified,0,1,Not classified,0,1,Not classified,0,1,,,0,,,0,,,0,,,0,,,0,,,0,,,0,,,0,,,0,,,0
EyeIrritation6pack_PID852,107534-96-3,NC,NC,0,Not classified,0,1,Not classified,0,1,Not classified,0,1,Not classified,0,1,,,0,,,0,,,0,,,0,,,0,,,0,,,0,,,0,,,0,,,0
EyeIrritation6pack_PID853,138261-41-3,NC,NC,0,Not classified,0,1,Not classified,0,1,Not classified,0,1,Not classified,0,1,,,0,,,0,,,0,,,0,,,0,,,0,,,0,,,0,,,0,,,0
EyeIrritation6pack_PID854,137-26-8,NC,NC,0,Not classified,0,1,Not classified,0,1,Not classified,0,1,Not classified,0,1,2,2,0,2,1,1,2,1,1,2,1,1,2,1,1,1,1,0,1,1,1,1,1,1,1,1,1,1,1,1
EyeIrritation6pack_PID856,141112-29-0,2B,2B,0,2B,1,1,Not classified,0,1,2B,1,1,2B,1,1,,,0,,,0,,,0,,,0,,,0,,,0,,,0,,,0,,,0,,,0
EyeIrritation6pack_PID857,53112-28-0,NC,NC,0,Not classified,0,1,Not classified,0,1,Not classified,0,1,Not classified,0,1,NC,NC,0,Not classified,0,1,Not classified,0,1,Not classified,0,1,Not classified,0,1,NC,NC,0,Not classified,0,1,Not classified,0,1,Not classified,0,1,Not classified,0,1
EyeIrritation6pack_PID86,127277-53-6,2B,2B,0,2B,1,1,Not classified,0,1,2B,1,1,2B,1,1,,,0,,,0,,,0,,,0,,,0,,,0,,,0,,,0,,,0,,,0
EyeIrritation6pack_PID860,91465-08-6,2B,2B,0,2B,1,1,Not classified,0,1,2B,1,1,2B,1,1,,,0,,,0,,,0,,,0,,,0,,,0,,,0,,,0,,,0,,,0
EyeIrritation6pack_PID861,165252-70-0,2B,2B,0,2B,1,1,Not classified,0,1,2B,1,1,2B,1,1,,,0,,,0,,,0,,,0,,,0,,,0,,,0,,,0,,,0,,,0
EyeIrritation6pack_PID863,64-17-5,2B,2B,0,2B,1,1,Not classified,0,1,2B,1,1,2B,1,1,NC,NC,0,Not classified,0,1,Not classified,0,1,Not classified,0,1,Not classified,0,1,NC,NC,0,Not classified,0,1,Not classified,0,1,Not classified,0,1,Not classified,0,1
EyeIrritation6pack_PID865,874967-67-6,NC,NC,0,Not classified,0,1,Not classified,0,1,Not classified,0,1,Not classified,0,1,,,0,,,0,,,0,,,0,,,0,NC,NC,0,Not classified,0,1,Not classified,0,1,Not classified,0,1,Not classified,0,1
EyeIrritation6pack_PID866,874967-67-6,NC,NC,0,Not classified,0,1,Not classified,0,1,Not classified,0,1,Not classified,0,1,,,0,,,0,,,0,,,0,,,0,,,0,,,0,,,0,,,0,,,0
EyeIrritation6pack_PID867,138261-41-3,2B,2B,0,2B,1,1,Not classified,0,1,2B,1,1,2B,1,1,,,0,,,0,,,0,,,0,,,0,,,0,,,0,,,0,,,0,,,0
EyeIrritation6pack_PID868,80844-07-1,2B,2B,0,2B,1,1,Not classified,0,1,2B,1,1,2B,1,1,,,0,,,0,,,0,,,0,,,0,,,0,,,0,,,0,,,0,,,0
EyeIrritation6pack_PID869,38641-94-0,1,1,0,1,1,1,1,1,1,1,1,1,1,1,1,1,1,0,1,1,1,1,1,1,1,1,1,1,1,1,NC,NC,0,Not classified,0,1,Not classified,0,1,Not classified,0,1,Not classified,0,1
EyeIrritation6pack_PID87,117428-22-5,NC,NC,0,Not classified,0,1,Not classified,0,1,Not classified,0,1,Not classified,0,1,NC,NC,0,Not classified,0,1,Not classified,0,1,Not classified,0,1,Not classified,0,1,1,1,0,1,1,1,1,1,1,1,1,1,1,1,1
EyeIrritation6pack_PID870,7783-20-2,2B,2B,0,2B,1,1,Not classified,0,1,2B,1,1,2B,1,1,,,0,,,0,,,0,,,0,,,0,,,0,,,0,,,0,,,0,,,0
EyeIrritation6pack_PID871,1330-20-7,1,1,0,1,1,1,1,1,1,1,1,1,1,1,1,1,1,0,1,1,1,1,1,1,1,1,1,1,1,1,1,1,0,1,1,1,1,1,1,1,1,1,1,1,1
EyeIrritation6pack_PID873,77182-82-2,2B,2B,0,2B,1,1,Not classified,0,1,2B,1,1,2B,1,1,,,0,,,0,,,0,,,0,,,0,NC,NC,0,Not classified,0,1,Not classified,0,1,Not classified,0,1,Not classified,0,1
EyeIrritation6pack_PID874,68476-86-8,2B,2B,0,2B,1,1,Not classified,0,1,2B,1,1,2B,1,1,,,0,,,0,,,0,,,0,,,0,,,0,,,0,,,0,,,0,,,0
EyeIrritation6pack_PID875,1317-39-1,1,1,0,1,1,1,1,1,1,1,1,1,1,1,1,,,0,,,0,,,0,,,0,,,0,,,0,,,0,,,0,,,0,,,0
EyeIrritation6pack_PID876,66230-04-4,NC,NC,0,Not classified,0,1,Not classified,0,1,Not classified,0,1,Not classified,0,1,,,0,,,0,,,0,,,0,,,0,,,0,,,0,,,0,,,0,,,0
EyeIrritation6pack_PID877,138261-41-3,NC,NC,0,Not classified,0,1,Not classified,0,1,Not classified,0,1,Not classified,0,1,,,0,,,0,,,0,,,0,,,0,,,0,,,0,,,0,,,0,,,0
EyeIrritation6pack_PID891,111991-09-4,2B,2B,0,2B,1,1,Not classified,0,1,2B,1,1,2B,1,1,,,0,,,0,,,0,,,0,,,0,,,0,,,0,,,0,,,0,,,0
EyeIrritation6pack_PID892,2008-39-1,2A,2A,0,2A,1,1,2A,1,1,2A,1,1,2A,1,1,,,0,,,0,,,0,,,0,,,0,,,0,,,0,,,0,,,0,,,0
EyeIrritation6pack_PID893,56425-91-3,2A,2A,0,2A,1,1,2A,1,1,2A,1,1,2A,1,1,,,0,,,0,,,0,,,0,,,0,,,0,,,0,,,0,,,0,,,0
EyeIrritation6pack_PID896,148477-71-8,NC,NC,0,Not classified,0,1,Not classified,0,1,Not classified,0,1,Not classified,0,1,NC,NC,0,Not classified,0,1,Not classified,0,1,Not classified,0,1,Not classified,0,1,1,1,0,1,1,1,1,1,1,1,1,1,1,1,1
EyeIrritation6pack_PID897,203313-25-1,2A,2A,0,2A,1,1,2A,1,1,2A,1,1,2A,1,1,NC,NC,0,Not classified,0,1,Not classified,0,1,Not classified,0,1,Not classified,0,1,1,1,0,1,1,1,1,1,1,1,1,1,1,1,1
EyeIrritation6pack_PID899,118134-30-8,NC,NC,0,Not classified,0,1,Not classified,0,1,Not classified,0,1,Not classified,0,1,2,2,0,2,1,1,2,1,1,2,1,1,2,1,1,1,1,0,1,1,1,1,1,1,1,1,1,1,1,1
EyeIrritation6pack_PID900,93-15-2,NC,NC,0,Not classified,0,1,Not classified,0,1,Not classified,0,1,Not classified,0,1,,,0,,,0,,,0,,,0,,,0,,,0,,,0,,,0,,,0,,,0
EyeIrritation6pack_PID901,131860-33-8,2B,2B,0,2B,1,1,Not classified,0,1,2B,1,1,2B,1,1,,,0,,,0,,,0,,,0,,,0,,,0,,,0,,,0,,,0,,,0
EyeIrritation6pack_PID903,1689-99-2,2A,2A,0,2A,1,1,2A,1,1,2A,1,1,2A,1,1,,,0,,,0,,,0,,,0,,,0,1,1,0,1,1,1,1,1,1,1,1,1,1,1,1
EyeIrritation6pack_PID905,64742-95-6,1,1,0,1,1,1,1,1,1,1,1,1,1,1,1,,,0,,,0,,,0,,,0,,,0,1,1,0,1,1,1,1,1,1,1,1,1,1,1,1
EyeIrritation6pack_PID907,84087-01-4,2B,2B,0,2B,1,1,Not classified,0,1,2B,1,1,2B,1,1,,,0,,,0,,,0,,,0,,,0,1,1,0,1,1,1,1,1,1,1,1,1,1,1,1
EyeIrritation6pack_PID908,178928-70-6,NC,NC,0,Not classified,0,1,Not classified,0,1,Not classified,0,1,Not classified,0,1,,,0,,,0,,,0,,,0,,,0,,,0,,,0,,,0,,,0,,,0
EyeIrritation6pack_PID914,240494-70-6,NC,NC,0,Not classified,0,1,Not classified,0,1,Not classified,0,1,Not classified,0,1,,,0,,,0,,,0,,,0,,,0,,,0,,,0,,,0,,,0,,,0
EyeIrritation6pack_PID915,121-75-5,2B,2B,0,2B,1,1,Not classified,0,1,2B,1,1,2B,1,1,,,0,,,0,,,0,,,0,,,0,,,0,,,0,,,0,,,0,,,0
EyeIrritation6pack_PID916,7704-34-9,2B,2B,0,2B,1,1,Not classified,0,1,2B,1,1,2B,1,1,2,2,0,2,1,1,2,1,1,2,1,1,2,1,1,NC,NC,0,Not classified,0,1,Not classified,0,1,Not classified,0,1,Not classified,0,1
EyeIrritation6pack_PID917,81406-37-3,2A,2A,0,2A,1,1,2A,1,1,2A,1,1,2A,1,1,,,0,,,0,,,0,,,0,,,0,,,0,,,0,,,0,,,0,,,0
EyeIrritation6pack_PID918,7287-19-6,2B,2B,0,2B,1,1,Not classified,0,1,2B,1,1,2B,1,1,,,0,,,0,,,0,,,0,,,0,,,0,,,0,,,0,,,0,,,0
EyeIrritation6pack_PID919,165252-70-0,2A,2A,0,2A,1,1,2A,1,1,2A,1,1,2A,1,1,,,0,,,0,,,0,,,0,,,0,,,0,,,0,,,0,,,0,,,0
EyeIrritation6pack_PID920,82657-04-3,1,1,0,1,1,1,1,1,1,1,1,1,1,1,1,,,0,,,0,,,0,,,0,,,0,NC,NC,0,Not classified,0,1,Not classified,0,1,Not classified,0,1,Not classified,0,1
EyeIrritation6pack_PID922,121552-61-2,2B,2B,0,2B,1,1,Not classified,0,1,2B,1,1,2B,1,1,,,0,,,0,,,0,,,0,,,0,,,0,,,0,,,0,,,0,,,0
EyeIrritation6pack_PID923,67-63-0,2B,2B,0,2B,1,1,Not classified,0,1,2B,1,1,2B,1,1,,,0,,,0,,,0,,,0,,,0,,,0,,,0,,,0,,,0,,,0
EyeIrritation6pack_PID924,9016-87-9,NC,NC,0,Not classified,0,1,Not classified,0,1,Not classified,0,1,Not classified,0,1,,,0,,,0,,,0,,,0,,,0,,,0,,,0,,,0,,,0,,,0
EyeIrritation6pack_PID926,23564-05-8,2B,2B,0,2B,1,1,Not classified,0,1,2B,1,1,2B,1,1,,,0,,,0,,,0,,,0,,,0,NC,NC,0,Not classified,0,1,Not classified,0,1,Not classified,0,1,Not classified,0,1
EyeIrritation6pack_PID928,153719-23-4,NC,NC,0,Not classified,0,1,Not classified,0,1,Not classified,0,1,Not classified,0,1,,,0,,,0,,,0,,,0,,,0,,,0,,,0,,,0,,,0,,,0
EyeIrritation6pack_PID932,122453-73-0,NC,NC,0,Not classified,0,1,Not classified,0,1,Not classified,0,1,Not classified,0,1,1,1,0,1,1,1,1,1,1,1,1,1,1,1,1,NC,NC,0,Not classified,0,1,Not classified,0,1,Not classified,0,1,Not classified,0,1
EyeIrritation6pack_PID933,7631-86-9,NC,NC,0,Not classified,0,1,Not classified,0,1,Not classified,0,1,Not classified,0,1,,,0,,,0,,,0,,,0,,,0,,,0,,,0,,,0,,,0,,,0
EyeIrritation6pack_PID934,51-03-6,2B,2B,0,2B,1,1,Not classified,0,1,2B,1,1,2B,1,1,,,0,,,0,,,0,,,0,,,0,,,0,,,0,,,0,,,0,,,0
EyeIrritation6pack_PID935,68359-37-5,2B,2B,0,2B,1,1,Not classified,0,1,2B,1,1,2B,1,1,,,0,,,0,,,0,,,0,,,0,,,0,,,0,,,0,,,0,,,0
EyeIrritation6pack_PID936,91465-08-6,2B,2B,0,2B,1,1,Not classified,0,1,2B,1,1,2B,1,1,2,2,0,2,1,1,2,1,1,2,1,1,2,1,1,NC,NC,0,Not classified,0,1,Not classified,0,1,Not classified,0,1,Not classified,0,1
EyeIrritation6pack_PID937,35554-44-0,2B,2B,0,2B,1,1,Not classified,0,1,2B,1,1,2B,1,1,,,0,,,0,,,0,,,0,,,0,,,0,,,0,,,0,,,0,,,0
EyeIrritation6pack_PID938,165252-70-0,2B,2B,0,2B,1,1,Not classified,0,1,2B,1,1,2B,1,1,,,0,,,0,,,0,,,0,,,0,1,1,0,1,1,1,1,1,1,1,1,1,1,1,1
EyeIrritation6pack_PID940,131341-86-1,NC,NC,0,Not classified,0,1,Not classified,0,1,Not classified,0,1,Not classified,0,1,2,2,0,2,1,1,2,1,1,2,1,1,2,1,1,NC,NC,0,Not classified,0,1,Not classified,0,1,Not classified,0,1,Not classified,0,1
EyeIrritation6pack_PID946,107534-96-3,2B,2B,0,2B,1,1,Not classified,0,1,2B,1,1,2B,1,1,,,0,,,0,,,0,,,0,,,0,,,0,,,0,,,0,,,0,,,0
EyeIrritation6pack_PID951,107534-96-3,2B,2B,0,2B,1,1,Not classified,0,1,2B,1,1,2B,1,1,,,0,,,0,,,0,,,0,,,0,,,0,,,0,,,0,,,0,,,0
EyeIrritation6pack_PID952,107534-96-3,NC,NC,0,Not classified,0,1,Not classified,0,1,Not classified,0,1,Not classified,0,1,,,0,,,0,,,0,,,0,,,0,,,0,,,0,,,0,,,0,,,0
EyeIrritation6pack_PID953,107534-96-3,2B,2B,0,2B,1,1,Not classified,0,1,2B,1,1,2B,1,1,,,0,,,0,,,0,,,0,,,0,,,0,,,0,,,0,,,0,,,0
EyeIrritation6pack_PID955,Active ingredient (% w/w): Tebuconazole Technical,2B,2B,0,2B,1,1,Not classified,0,1,2B,1,1,2B,1,1,2,2,0,2,1,1,2,1,1,2,1,1,2,1,1,,,0,,,0,,,0,,,0,,,0
EyeIrritation6pack_PID956,79-14-1,2B,2B,0,2B,1,1,Not classified,0,1,2B,1,1,2B,1,1,,,0,,,0,,,0,,,0,,,0,,,0,,,0,,,0,,,0,,,0
EyeIrritation6pack_PID96,129909-90-6,NC,NC,0,Not classified,0,1,Not classified,0,1,Not classified,0,1,Not classified,0,1,,,0,,,0,,,0,,,0,,,0,,,0,,,0,,,0,,,0,,,0
EyeIrritation6pack_PID960,68359-37-5,2B,2B,0,2B,1,1,Not classified,0,1,2B,1,1,2B,1,1,NC,NC,0,Not classified,0,1,Not classified,0,1,Not classified,0,1,Not classified,0,1,NC,NC,0,Not classified,0,1,Not classified,0,1,Not classified,0,1,Not classified,0,1
EyeIrritation6pack_PID961,5915-41-3,2B,2B,0,2B,1,1,Not classified,0,1,2B,1,1,2B,1,1,,,0,,,0,,,0,,,0,,,0,,,0,,,0,,,0,,,0,,,0
EyeIrritation6pack_PID962,120068-37-3,NC,NC,0,Not classified,0,1,Not classified,0,1,Not classified,0,1,Not classified,0,1,,,0,,,0,,,0,,,0,,,0,,,0,,,0,,,0,,,0,,,0
EyeIrritation6pack_PID965,7783-20-2,2B,2B,0,2B,1,1,Not classified,0,1,2B,1,1,2B,1,1,,,0,,,0,,,0,,,0,,,0,NC,NC,0,Not classified,0,1,Not classified,0,1,Not classified,0,1,Not classified,0,1
EyeIrritation6pack_PID966,1071-83-6,1,1,0,1,1,1,1,1,1,1,1,1,1,1,1,NC,NC,0,Not classified,0,1,Not classified,0,1,Not classified,0,1,Not classified,0,1,NC,NC,0,Not classified,0,1,Not classified,0,1,Not classified,0,1,Not classified,0,1
EyeIrritation6pack_PID967,138261-41-3,2B,2B,0,2B,1,1,Not classified,0,1,2B,1,1,2B,1,1,,,0,,,0,,,0,,,0,,,0,,,0,,,0,,,0,,,0,,,0
EyeIrritation6pack_PID968,138261-41-3,2B,2B,0,2B,1,1,Not classified,0,1,2B,1,1,2B,1,1,,,0,,,0,,,0,,,0,,,0,,,0,,,0,,,0,,,0,,,0
EyeIrritation6pack_PID969,16389-88-1,2B,2B,0,2B,1,1,Not classified,0,1,2B,1,1,2B,1,1,2,2,0,2,1,1,2,1,1,2,1,1,2,1,1,,,0,,,0,,,0,,,0,,,0
EyeIrritation6pack_PID970,82-68-8,2B,2B,0,2B,1,1,Not classified,0,1,2B,1,1,2B,1,1,,,0,,,0,,,0,,,0,,,0,,,0,,,0,,,0,,,0,,,0
EyeIrritation6pack_PID971,138261-41-3,2B,2B,0,2B,1,1,Not classified,0,1,2B,1,1,2B,1,1,,,0,,,0,,,0,,,0,,,0,,,0,,,0,,,0,,,0,,,0
EyeIrritation6pack_PID972,138261-41-3,2B,2B,0,2B,1,1,Not classified,0,1,2B,1,1,2B,1,1,,,0,,,0,,,0,,,0,,,0,,,0,,,0,,,0,,,0,,,0
EyeIrritation6pack_PID974,51707-55-2,NC,NC,0,Not classified,0,1,Not classified,0,1,Not classified,0,1,Not classified,0,1,,,0,,,0,,,0,,,0,,,0,,,0,,,0,,,0,,,0,,,0
EyeIrritation6pack_PID976,317815-83-1,NC,NC,0,Not classified,0,1,Not classified,0,1,Not classified,0,1,Not classified,0,1,,,0,,,0,,,0,,,0,,,0,,,0,,,0,,,0,,,0,,,0
EyeIrritation6pack_PID977,210880-92-5,NC,NC,0,Not classified,0,1,Not classified,0,1,Not classified,0,1,Not classified,0,1,NC,NC,0,Not classified,0,1,Not classified,0,1,Not classified,0,1,Not classified,0,1,NC,NC,0,Not classified,0,1,Not classified,0,1,Not classified,0,1,Not classified,0,1
EyeIrritation6pack_PID978,133-06-2,2B,2B,0,2B,1,1,Not classified,0,1,2B,1,1,2B,1,1,NC,NC,0,Not classified,0,1,Not classified,0,1,Not classified,0,1,Not classified,0,1,NC,NC,0,Not classified,0,1,Not classified,0,1,Not classified,0,1,Not classified,0,1
EyeIrritation6pack_PID979,153719-23-4,NC,NC,0,Not classified,0,1,Not classified,0,1,Not classified,0,1,Not classified,0,1,,,0,,,0,,,0,,,0,,,0,,,0,,,0,,,0,,,0,,,0
EyeIrritation6pack_PID980,153719-23-4,NC,NC,0,Not classified,0,1,Not classified,0,1,Not classified,0,1,Not classified,0,1,,,0,,,0,,,0,,,0,,,0,,,0,,,0,,,0,,,0,,,0
EyeIrritation6pack_PID982,1071-83-6,1,1,0,1,1,1,1,1,1,1,1,1,1,1,1,,,0,,,0,,,0,,,0,,,0,,,0,,,0,,,0,,,0,,,0
EyeIrritation6pack_PID983,137-26-8,NC,NC,0,Not classified,0,1,Not classified,0,1,Not classified,0,1,Not classified,0,1,2,2,0,2,1,1,2,1,1,2,1,1,2,1,1,1,1,0,1,1,1,1,1,1,1,1,1,1,1,1
EyeIrritation6pack_PID985,129558-76-5,2A,2A,0,2A,1,1,2A,1,1,2A,1,1,2A,1,1,,,0,,,0,,,0,,,0,,,0,,,0,,,0,,,0,,,0,,,0
EyeIrritation6pack_PID986,68359-37-5,2A,2A,0,2A,1,1,2A,1,1,2A,1,1,2A,1,1,,,0,,,0,,,0,,,0,,,0,,,0,,,0,,,0,,,0,,,0
EyeIrritation6pack_PID988,76674-21-0,2B,2B,0,2B,1,1,Not classified,0,1,2B,1,1,2B,1,1,,,0,,,0,,,0,,,0,,,0,,,0,,,0,,,0,,,0,,,0
EyeIrritation6pack_PID989,210631-68-8,2B,2B,0,2B,1,1,Not classified,0,1,2B,1,1,2B,1,1,,,0,,,0,,,0,,,0,,,0,,,0,,,0,,,0,,,0,,,0
EyeIrritation6pack_PID990,8018-01-7,2B,2B,0,2B,1,1,Not classified,0,1,2B,1,1,2B,1,1,,,0,,,0,,,0,,,0,,,0,,,0,,,0,,,0,,,0,,,0
EyeIrritation6pack_PID991,23564-05-8,NC,NC,0,Not classified,0,1,Not classified,0,1,Not classified,0,1,Not classified,0,1,,,0,,,0,,,0,,,0,,,0,,,0,,,0,,,0,,,0,,,0
EyeIrritation6pack_PID992,23564-05-8,2B,2B,0,2B,1,1,Not classified,0,1,2B,1,1,2B,1,1,,,0,,,0,,,0,,,0,,,0,,,0,,,0,,,0,,,0,,,0
EyeIrritation6pack_PID993,1071-83-6,NC,NC,0,Not classified,0,1,Not classified,0,1,Not classified,0,1,Not classified,0,1,,,0,,,0,,,0,,,0,,,0,,,0,,,0,,,0,,,0,,,0
EyeIrritation6pack_PID994,85-00-7,NC,NC,0,Not classified,0,1,Not classified,0,1,Not classified,0,1,Not classified,0,1,,,0,,,0,,,0,,,0,,,0,,,0,,,0,,,0,,,0,,,0
EyeIrritation6pack_PID996,76-87-9,1,1,0,1,1,1,1,1,1,1,1,1,1,1,1,2,2,0,2,1,1,2,1,1,2,1,1,2,1,1,NC,NC,0,Not classified,0,1,Not classified,0,1,Not classified,0,1,Not classified,0,1
EyeIrritation6pack_PID997,52645-53-1,2A,2A,0,2A,1,1,2A,1,1,2A,1,1,2A,1,1,,,0,,,0,,,0,,,0,,,0,,,0,,,0,,,0,,,0,,,0
EyeIrritation6pack_PID998,125401-92-5,2B,2B,0,2B,1,1,Not classified,0,1,2B,1,1,2B,1,1,NC,NC,0,Not classified,0,1,Not classified,0,1,Not classified,0,1,Not classified,0,1,NC,NC,0,Not classified,0,1,Not classified,0,1,Not classified,0,1,Not classified,0,1
EyeIrritation6pack_PID999,34590-94-8,2A,2A,0,2A,1,1,2A,1,1,2A,1,1,2A,1,1,NC,NC,0,Not classified,0,1,Not classified,0,1,Not classified,0,1,Not classified,0,1,NC,NC,0,Not classified,0,1,Not classified,0,1,Not classified,0,1,Not classified,0,1
MIX1,104206-82-8,,,0,,,0,,,0,,,0,,,0,NC,NC,0,판별불가(EPA IV ↔ Cat3/무범주 경계),,0,Not classified,0,1,Not classified,0,1,Not classified,0,1,,,0,,,0,,,0,,,0,,,0
MIX10,131860-33-8,,,0,,,0,,,0,,,0,,,0,NC,NC,0,판별불가(EPA IV ↔ Cat3/무범주 경계),,0,Not classified,0,1,Not classified,0,1,Not classified,0,1,,,0,,,0,,,0,,,0,,,0
MIX100,131983-72-7,,,0,,,0,,,0,,,0,,,0,NC,NC,0,판별불가(EPA IV ↔ Cat3/무범주 경계),,0,Not classified,0,1,Not classified,0,1,Not classified,0,1,,,0,,,0,,,0,,,0,,,0
MIX1000,MIX1000,2A,2A,0,2A,1,1,2A,1,1,2A,1,1,2A,1,1,2,2,0,2,1,1,2,1,1,2,1,1,2,1,1,1,1,0,1,1,1,1,1,1,1,1,1,1,1,1
MIX1001,106-26-3,2A,2A,0,2A,1,1,2A,1,1,2A,1,1,2A,1,1,2,2,0,2,1,1,2,1,1,2,1,1,2,1,1,1,1,0,1,1,1,1,1,1,1,1,1,1,1,1
MIX1002,VAT: RO8999719,NC,NC,0,Not classified,0,1,Not classified,0,1,Not classified,0,1,Not classified,0,1,2,2,0,2,1,1,2,1,1,2,1,1,2,1,1,1,1,0,1,1,1,1,1,1,1,1,1,1,1,1
MIX1003,MIX1003,,,0,,,0,,,0,,,0,,,0,,,0,,,0,,,0,,,0,,,0,,,0,,,0,,,0,,,0,,,0
MIX1004,87-44-5,NC,NC,0,Not classified,0,1,Not classified,0,1,Not classified,0,1,Not classified,0,1,NC,NC,0,Not classified,0,1,Not classified,0,1,Not classified,0,1,Not classified,0,1,1,1,0,1,1,1,1,1,1,1,1,1,1,1,1
MIX1005,MIX1005,2A,2A,0,2A,1,1,2A,1,1,2A,1,1,2A,1,1,2,2,0,2,1,1,2,1,1,2,1,1,2,1,1,1,1,0,1,1,1,1,1,1,1,1,1,1,1,1
MIX1006,80-56-8,NC,NC,0,Not classified,0,1,Not classified,0,1,Not classified,0,1,Not classified,0,1,NC,NC,0,Not classified,0,1,Not classified,0,1,Not classified,0,1,Not classified,0,1,NC,NC,0,Not classified,0,1,Not classified,0,1,Not classified,0,1,Not classified,0,1
MIX1007,8016-37-3,2B,2B,0,2B,1,1,Not classified,0,1,2B,1,1,2B,1,1,3,3,0,3,1,1,Not classified,0,1,Not classified,0,1,Not classified,0,1,1,1,0,1,1,1,1,1,1,1,1,1,1,1,1
MIX1008,3779-61-1,1,1,0,1,1,1,1,1,1,1,1,1,1,1,1,2,2,0,2,1,1,2,1,1,2,1,1,2,1,1,1,1,0,1,1,1,1,1,1,1,1,1,1,1,1
MIX1009,MIX1009,,,0,,,0,,,0,,,0,,,0,2,2,0,2,1,1,2,1,1,2,1,1,2,1,1,1,1,0,1,1,1,1,1,1,1,1,1,1,1,1
MIX101,2893-78-9,,,0,,,0,,,0,,,0,,,0,NC,NC,0,판별불가(EPA IV ↔ Cat3/무범주 경계),,0,Not classified,0,1,Not classified,0,1,Not classified,0,1,,,0,,,0,,,0,,,0,,,0
MIX1010,(+)-Limonene,NC,NC,0,Not classified,0,1,Not classified,0,1,Not classified,0,1,Not classified,0,1,2,2,0,2,1,1,2,1,1,2,1,1,2,1,1,1,1,0,1,1,1,1,1,1,1,1,1,1,1,1
MIX1011,MIX1011,,,0,,,0,,,0,,,0,,,0,2,2,0,2,1,1,2,1,1,2,1,1,2,1,1,,,0,,,0,,,0,,,0,,,0
MIX1012,68606-83-7,2A,2A,0,2A,1,1,2A,1,1,2A,1,1,2A,1,1,2,2,0,2,1,1,2,1,1,2,1,1,2,1,1,1,1,0,1,1,1,1,1,1,1,1,1,1,1,1
MIX1013,International Journal of Pharma Growth Research Review www.pharmagrowthjournal.com 36,2A,2A,0,2A,1,1,2A,1,1,2A,1,1,2A,1,1,2,2,0,2,1,1,2,1,1,2,1,1,2,1,1,NC,NC,0,Not classified,0,1,Not classified,0,1,Not classified,0,1,Not classified,0,1
MIX1014,MIX1014,2A,2A,0,2A,1,1,2A,1,1,2A,1,1,2A,1,1,2,2,0,2,1,1,2,1,1,2,1,1,2,1,1,,,0,,,0,,,0,,,0,,,0
MIX1015,MIX1015,NC,NC,0,Not classified,0,1,Not classified,0,1,Not classified,0,1,Not classified,0,1,NC,NC,0,Not classified,0,1,Not classified,0,1,Not classified,0,1,Not classified,0,1,NC,NC,0,Not classified,0,1,Not classified,0,1,Not classified,0,1,Not classified,0,1
MIX1016,MIX1016,2A,2A,0,2A,1,1,2A,1,1,2A,1,1,2A,1,1,2,2,0,2,1,1,2,1,1,2,1,1,2,1,1,NC,NC,0,Not classified,0,1,Not classified,0,1,Not classified,0,1,Not classified,0,1
MIX1017,MIX1017,,,0,,,0,,,0,,,0,,,0,,,0,,,0,,,0,,,0,,,0,1,1,0,1,1,1,1,1,1,1,1,1,1,1,1
MIX1018,MIX1018,NC,NC,0,Not classified,0,1,Not classified,0,1,Not classified,0,1,Not classified,0,1,2,2,0,2,1,1,2,1,1,2,1,1,2,1,1,1,1,0,1,1,1,1,1,1,1,1,1,1,1,1
MIX1019,MIX1019,,,0,,,0,,,0,,,0,,,0,,,0,,,0,,,0,,,0,,,0,,,0,,,0,,,0,,,0,,,0
MIX102,1897-45-6,1,1,0,1,1,1,1,1,1,1,1,1,1,1,1,NC,NC,0,판별불가(EPA IV ↔ Cat3/무범주 경계),,0,Not classified,0,1,Not classified,0,1,Not classified,0,1,1,1,0,1,1,1,1,1,1,1,1,1,1,1,1
MIX1020,"1,8-Cineole",1,1,0,1,1,1,1,1,1,1,1,1,1,1,1,2,2,0,2,1,1,2,1,1,2,1,1,2,1,1,1,1,0,1,1,1,1,1,1,1,1,1,1,1,1
MIX1021,MIX1021,2A,2A,0,2A,1,1,2A,1,1,2A,1,1,2A,1,1,2,2,0,2,1,1,2,1,1,2,1,1,2,1,1,1,1,0,1,1,1,1,1,1,1,1,1,1,1,1
MIX1022,MIX1022,2A,2A,0,2A,1,1,2A,1,1,2A,1,1,2A,1,1,2,2,0,2,1,1,2,1,1,2,1,1,2,1,1,1,1,0,1,1,1,1,1,1,1,1,1,1,1,1
MIX1023,MIX1023,NC,NC,0,Not classified,0,1,Not classified,0,1,Not classified,0,1,Not classified,0,1,NC,NC,0,Not classified,0,1,Not classified,0,1,Not classified,0,1,Not classified,0,1,1,1,0,1,1,1,1,1,1,1,1,1,1,1,1
MIX1024,MIX1024,NC,NC,0,Not classified,0,1,Not classified,0,1,Not classified,0,1,Not classified,0,1,NC,NC,0,Not classified,0,1,Not classified,0,1,Not classified,0,1,Not classified,0,1,NC,NC,0,Not classified,0,1,Not classified,0,1,Not classified,0,1,Not classified,0,1
MIX1025,64-17-5,,,0,,,0,,,0,,,0,,,0,,,0,,,0,,,0,,,0,,,0,,,0,,,0,,,0,,,0,,,0
MIX1026,Citronellol,1,1,0,1,1,1,1,1,1,1,1,1,1,1,1,2,2,0,2,1,1,2,1,1,2,1,1,2,1,1,1,1,0,1,1,1,1,1,1,1,1,1,1,1,1
MIX1027,MIX1027,,,0,,,0,,,0,,,0,,,0,,,0,,,0,,,0,,,0,,,0,,,0,,,0,,,0,,,0,,,0
MIX1028,MIX1028,2A,2A,0,2A,1,1,2A,1,1,2A,1,1,2A,1,1,2,2,0,2,1,1,2,1,1,2,1,1,2,1,1,1,1,0,1,1,1,1,1,1,1,1,1,1,1,1
MIX1029,150-84-5,,,0,,,0,,,0,,,0,,,0,2,2,0,2,1,1,2,1,1,2,1,1,2,1,1,,,0,,,0,,,0,,,0,,,0
MIX103,2921-88-2,,,0,,,0,,,0,,,0,,,0,NC,NC,0,판별불가(EPA IV ↔ Cat3/무범주 경계),,0,Not classified,0,1,Not classified,0,1,Not classified,0,1,,,0,,,0,,,0,,,0,,,0
MIX1030,78-70-6,1,1,0,1,1,1,1,1,1,1,1,1,1,1,1,2,2,0,2,1,1,2,1,1,2,1,1,2,1,1,1,1,0,1,1,1,1,1,1,1,1,1,1,1,1
MIX1031,MIX1031,,,0,,,0,,,0,,,0,,,0,,,0,,,0,,,0,,,0,,,0,,,0,,,0,,,0,,,0,,,0
MIX1032,106-23-0,2A,2A,0,2A,1,1,2A,1,1,2A,1,1,2A,1,1,2,2,0,2,1,1,2,1,1,2,1,1,2,1,1,1,1,0,1,1,1,1,1,1,1,1,1,1,1,1
MIX1033,MIX1033,,,0,,,0,,,0,,,0,,,0,2,2,0,2,1,1,2,1,1,2,1,1,2,1,1,1,1,0,1,1,1,1,1,1,1,1,1,1,1,1
MIX1034,78-70-6,2A,2A,0,2A,1,1,2A,1,1,2A,1,1,2A,1,1,2,2,0,2,1,1,2,1,1,2,1,1,2,1,1,1,1,0,1,1,1,1,1,1,1,1,1,1,1,1
MIX1035,MIX1035,1,1,0,1,1,1,1,1,1,1,1,1,1,1,1,2,2,0,2,1,1,2,1,1,2,1,1,2,1,1,1,1,0,1,1,1,1,1,1,1,1,1,1,1,1
MIX1036,MIX1036,2A,2A,0,2A,1,1,2A,1,1,2A,1,1,2A,1,1,,,0,,,0,,,0,,,0,,,0,1,1,0,1,1,1,1,1,1,1,1,1,1,1,1
MIX1037,8000-34-8,2A,2A,0,2A,1,1,2A,1,1,2A,1,1,2A,1,1,2,2,0,2,1,1,2,1,1,2,1,1,2,1,1,,,0,,,0,,,0,,,0,,,0
MIX1038,MIX1038,2A,2A,0,2A,1,1,2A,1,1,2A,1,1,2A,1,1,2,2,0,2,1,1,2,1,1,2,1,1,2,1,1,,,0,,,0,,,0,,,0,,,0
MIX1039,MIX1039,1,1,0,1,1,1,1,1,1,1,1,1,1,1,1,2,2,0,2,1,1,2,1,1,2,1,1,2,1,1,1,1,0,1,1,1,1,1,1,1,1,1,1,1,1
MIX104,114311-32-9,,,0,,,0,,,0,,,0,,,0,NC,NC,0,판별불가(EPA IV ↔ Cat3/무범주 경계),,0,Not classified,0,1,Not classified,0,1,Not classified,0,1,,,0,,,0,,,0,,,0,,,0
MIX1040,MIX1040,,,0,,,0,,,0,,,0,,,0,,,0,,,0,,,0,,,0,,,0,,,0,,,0,,,0,,,0,,,0
MIX1041,470-82-6,2A,2A,0,2A,1,1,2A,1,1,2A,1,1,2A,1,1,2,2,0,2,1,1,2,1,1,2,1,1,2,1,1,1,1,0,1,1,1,1,1,1,1,1,1,1,1,1
MIX1042,3856-25-5,,,0,,,0,,,0,,,0,,,0,,,0,,,0,,,0,,,0,,,0,1,1,0,1,1,1,1,1,1,1,1,1,1,1,1
MIX1043,8000-26-8,,,0,,,0,,,0,,,0,,,0,2,2,0,2,1,1,2,1,1,2,1,1,2,1,1,1,1,0,1,1,1,1,1,1,1,1,1,1,1,1
MIX1044,78-70-6,1,1,0,1,1,1,1,1,1,1,1,1,1,1,1,2,2,0,2,1,1,2,1,1,2,1,1,2,1,1,1,1,0,1,1,1,1,1,1,1,1,1,1,1,1
MIX1045,80-56-8,NC,NC,0,Not classified,0,1,Not classified,0,1,Not classified,0,1,Not classified,0,1,2,2,0,2,1,1,2,1,1,2,1,1,2,1,1,1,1,0,1,1,1,1,1,1,1,1,1,1,1,1
MIX1046,MIX1046,,,0,,,0,,,0,,,0,,,0,,,0,,,0,,,0,,,0,,,0,,,0,,,0,,,0,,,0,,,0
MIX1047,Thujopsene,NC,NC,0,Not classified,0,1,Not classified,0,1,Not classified,0,1,Not classified,0,1,NC,NC,0,Not classified,0,1,Not classified,0,1,Not classified,0,1,Not classified,0,1,NC,NC,0,Not classified,0,1,Not classified,0,1,Not classified,0,1,Not classified,0,1
MIX1048,Diethylene Glycol Monobutyl Ether,,,0,,,0,,,0,,,0,,,0,,,0,,,0,,,0,,,0,,,0,,,0,,,0,,,0,,,0,,,0
MIX1049,MIX1049,,,0,,,0,,,0,,,0,,,0,,,0,,,0,,,0,,,0,,,0,,,0,,,0,,,0,,,0,,,0
MIX105,131341-86-1,2B,2B,0,2B,1,1,Not classified,0,1,2B,1,1,2B,1,1,,,0,,,0,,,0,,,0,,,0,,,0,,,0,,,0,,,0,,,0
MIX1050,78-70-6,,,0,,,0,,,0,,,0,,,0,,,0,,,0,,,0,,,0,,,0,,,0,,,0,,,0,,,0,,,0
MIX1051,134-20-3,,,0,,,0,,,0,,,0,,,0,,,0,,,0,,,0,,,0,,,0,,,0,,,0,,,0,,,0,,,0
MIX1052,80-56-8,,,0,,,0,,,0,,,0,,,0,,,0,,,0,,,0,,,0,,,0,,,0,,,0,,,0,,,0,,,0
MIX1053,14901-07-6,,,0,,,0,,,0,,,0,,,0,2,2,0,2,1,1,2,1,1,2,1,1,2,1,1,,,0,,,0,,,0,,,0,,,0
MIX1054,5989-54-8,,,0,,,0,,,0,,,0,,,0,,,0,,,0,,,0,,,0,,,0,,,0,,,0,,,0,,,0,,,0
MIX1055,107-75-5,,,0,,,0,,,0,,,0,,,0,,,0,,,0,,,0,,,0,,,0,1,1,0,1,1,1,1,1,1,1,1,1,1,1,1
MIX1056,1323-00-8,NC,NC,0,Not classified,0,1,Not classified,0,1,Not classified,0,1,Not classified,0,1,NC,NC,0,Not classified,0,1,Not classified,0,1,Not classified,0,1,Not classified,0,1,NC,NC,0,Not classified,0,1,Not classified,0,1,Not classified,0,1,Not classified,0,1
MIX1057,MIX1057,,,0,,,0,,,0,,,0,,,0,,,0,,,0,,,0,,,0,,,0,,,0,,,0,,,0,,,0,,,0
MIX1058,107-75-5,2A,2A,0,2A,1,1,2A,1,1,2A,1,1,2A,1,1,,,0,,,0,,,0,,,0,,,0,1,1,0,1,1,1,1,1,1,1,1,1,1,1,1
MIX1059,MIX1059,,,0,,,0,,,0,,,0,,,0,,,0,,,0,,,0,,,0,,,0,,,0,,,0,,,0,,,0,,,0
MIX106,56-81-5,,,0,,,0,,,0,,,0,,,0,NC,NC,0,판별불가(EPA IV ↔ Cat3/무범주 경계),,0,Not classified,0,1,Not classified,0,1,Not classified,0,1,,,0,,,0,,,0,,,0,,,0
MIX1060,5989-27-5,,,0,,,0,,,0,,,0,,,0,2,2,0,2,1,1,2,1,1,2,1,1,2,1,1,1,1,0,1,1,1,1,1,1,1,1,1,1,1,1
MIX1061,MIX1061,,,0,,,0,,,0,,,0,,,0,,,0,,,0,,,0,,,0,,,0,,,0,,,0,,,0,,,0,,,0
MIX1062,MIX1062,2A,2A,0,2A,1,1,2A,1,1,2A,1,1,2A,1,1,2,2,0,2,1,1,2,1,1,2,1,1,2,1,1,1,1,0,1,1,1,1,1,1,1,1,1,1,1,1
MIX1063,"1,8-Cineole",2A,2A,0,2A,1,1,2A,1,1,2A,1,1,2A,1,1,2,2,0,2,1,1,2,1,1,2,1,1,2,1,1,1,1,0,1,1,1,1,1,1,1,1,1,1,1,1
MIX1064,25013-16-5,2A,2A,0,2A,1,1,2A,1,1,2A,1,1,2A,1,1,2,2,0,2,1,1,2,1,1,2,1,1,2,1,1,,,0,,,0,,,0,,,0,,,0
MIX1065,7732-18-5,,,0,,,0,,,0,,,0,,,0,,,0,,,0,,,0,,,0,,,0,,,0,,,0,,,0,,,0,,,0
MIX1066,MIX1066,2A,2A,0,2A,1,1,2A,1,1,2A,1,1,2A,1,1,2,2,0,2,1,1,2,1,1,2,1,1,2,1,1,1,1,0,1,1,1,1,1,1,1,1,1,1,1,1
MIX1067,127-19-5,,,0,,,0,,,0,,,0,,,0,,,0,,,0,,,0,,,0,,,0,NC,NC,0,Not classified,0,1,Not classified,0,1,Not classified,0,1,Not classified,0,1
MIX1068,7664-41-7,,,0,,,0,,,0,,,0,,,0,,,0,,,0,,,0,,,0,,,0,,,0,,,0,,,0,,,0,,,0
MIX1069,MIX1069,2A,2A,0,2A,1,1,2A,1,1,2A,1,1,2A,1,1,2,2,0,2,1,1,2,1,1,2,1,1,2,1,1,1,1,0,1,1,1,1,1,1,1,1,1,1,1,1
MIX107,122008-85-9,,,0,,,0,,,0,,,0,,,0,2B,2,1,2,1,1,2,1,1,2,1,1,2,1,1,,,0,,,0,,,0,,,0,,,0
MIX1070,MIX1070,,,0,,,0,,,0,,,0,,,0,2,2,0,2,1,1,2,1,1,2,1,1,2,1,1,1,1,0,1,1,1,1,1,1,1,1,1,1,1,1
MIX1071,64-17-5,2A,2A,0,2A,1,1,2A,1,1,2A,1,1,2A,1,1,2,2,0,2,1,1,2,1,1,2,1,1,2,1,1,1,1,0,1,1,1,1,1,1,1,1,1,1,1,1
MIX1072,Anethole,NC,NC,0,Not classified,0,1,Not classified,0,1,Not classified,0,1,Not classified,0,1,2,2,0,2,1,1,2,1,1,2,1,1,2,1,1,1,1,0,1,1,1,1,1,1,1,1,1,1,1,1
MIX1073,MIX1073,,,0,,,0,,,0,,,0,,,0,,,0,,,0,,,0,,,0,,,0,1,1,0,1,1,1,1,1,1,1,1,1,1,1,1
MIX1074,MIX1074,2A,2A,0,2A,1,1,2A,1,1,2A,1,1,2A,1,1,2,2,0,2,1,1,2,1,1,2,1,1,2,1,1,1,1,0,1,1,1,1,1,1,1,1,1,1,1,1
MIX1075,MIX1075,2A,2A,0,2A,1,1,2A,1,1,2A,1,1,2A,1,1,2,2,0,2,1,1,2,1,1,2,1,1,2,1,1,1,1,0,1,1,1,1,1,1,1,1,1,1,1,1
MIX1076,8007-00-9,1,1,0,1,1,1,1,1,1,1,1,1,1,1,1,NC,NC,0,Not classified,0,1,Not classified,0,1,Not classified,0,1,Not classified,0,1,1,1,0,1,1,1,1,1,1,1,1,1,1,1,1
MIX1077,MIX1077,2A,2A,0,2A,1,1,2A,1,1,2A,1,1,2A,1,1,2,2,0,2,1,1,2,1,1,2,1,1,2,1,1,,,0,,,0,,,0,,,0,,,0
MIX1078,MIX1078,,,0,,,0,,,0,,,0,,,0,,,0,,,0,,,0,,,0,,,0,,,0,,,0,,,0,,,0,,,0
MIX108,21087-64-9,,,0,,,0,,,0,,,0,,,0,NC,NC,0,판별불가(EPA IV ↔ Cat3/무범주 경계),,0,Not classified,0,1,Not classified,0,1,Not classified,0,1,,,0,,,0,,,0,,,0,,,0
MIX109,103361-09-7,,,0,,,0,,,0,,,0,,,0,NC,NC,0,판별불가(EPA IV ↔ Cat3/무범주 경계),,0,Not classified,0,1,Not classified,0,1,Not classified,0,1,,,0,,,0,,,0,,,0,,,0
MIX11,2682-20-4,,,0,,,0,,,0,,,0,,,0,2B,2,1,2,1,1,2,1,1,2,1,1,2,1,1,,,0,,,0,,,0,,,0,,,0
MIX110,105512-06-9,2A,2A,0,2A,1,1,2A,1,1,2A,1,1,2A,1,1,2,2,0,2,1,1,2,1,1,2,1,1,2,1,1,1,1,0,1,1,1,1,1,1,1,1,1,1,1,1
MIX111,71751-41-2,,,0,,,0,,,0,,,0,,,0,NC,NC,0,판별불가(EPA IV ↔ Cat3/무범주 경계),,0,Not classified,0,1,Not classified,0,1,Not classified,0,1,NC,NC,0,Not classified,0,1,Not classified,0,1,Not classified,0,1,Not classified,0,1
MIX112,Clothianidin,NC,NC,0,Not classified,0,1,Not classified,0,1,Not classified,0,1,Not classified,0,1,NC,NC,0,판별불가(EPA IV ↔ Cat3/무범주 경계),,0,Not classified,0,1,Not classified,0,1,Not classified,0,1,NC,NC,0,Not classified,0,1,Not classified,0,1,Not classified,0,1,Not classified,0,1
MIX113,111991-09-4,2A,2A,0,2A,1,1,2A,1,1,2A,1,1,2A,1,1,NC,NC,0,판별불가(EPA IV ↔ Cat3/무범주 경계),,0,Not classified,0,1,Not classified,0,1,Not classified,0,1,,,0,,,0,,,0,,,0,,,0
MIX114,Clothianidin,NC,NC,0,Not classified,0,1,Not classified,0,1,Not classified,0,1,Not classified,0,1,NC,NC,0,판별불가(EPA IV ↔ Cat3/무범주 경계),,0,Not classified,0,1,Not classified,0,1,Not classified,0,1,NC,NC,0,Not classified,0,1,Not classified,0,1,Not classified,0,1,Not classified,0,1
MIX115,210880-92-5,,,0,,,0,,,0,,,0,,,0,NC,NC,0,판별불가(EPA IV ↔ Cat3/무범주 경계),,0,Not classified,0,1,Not classified,0,1,Not classified,0,1,,,0,,,0,,,0,,,0,,,0
MIX116,1317-39-1,NC,NC,0,Not classified,0,1,Not classified,0,1,Not classified,0,1,Not classified,0,1,NC,NC,0,Not classified,0,1,Not classified,0,1,Not classified,0,1,Not classified,0,1,NC,NC,0,Not classified,0,1,Not classified,0,1,Not classified,0,1,Not classified,0,1
MIX117,56-72-4,2B,2B,0,2B,1,1,Not classified,0,1,2B,1,1,2B,1,1,NC,NC,0,판별불가(EPA IV ↔ Cat3/무범주 경계),,0,Not classified,0,1,Not classified,0,1,Not classified,0,1,,,0,,,0,,,0,,,0,,,0
MIX118,153719-23-4,,,0,,,0,,,0,,,0,,,0,NC,NC,0,판별불가(EPA IV ↔ Cat3/무범주 경계),,0,Not classified,0,1,Not classified,0,1,Not classified,0,1,,,0,,,0,,,0,,,0,,,0
MIX119,56-72-4,2B,2B,0,2B,1,1,Not classified,0,1,2B,1,1,2B,1,1,NC,NC,0,판별불가(EPA IV ↔ Cat3/무범주 경계),,0,Not classified,0,1,Not classified,0,1,Not classified,0,1,,,0,,,0,,,0,,,0,,,0
MIX12,14433-76-2,NC,NC,0,Not classified,0,1,Not classified,0,1,Not classified,0,1,Not classified,0,1,NC,NC,0,판별불가(EPA IV ↔ Cat3/무범주 경계),,0,Not classified,0,1,Not classified,0,1,Not classified,0,1,,,0,,,0,,,0,,,0,,,0
MIX120,68477-31-6,2B,2B,0,2B,1,1,Not classified,0,1,2B,1,1,2B,1,1,NC,NC,0,판별불가(EPA IV ↔ Cat3/무범주 경계),,0,Not classified,0,1,Not classified,0,1,Not classified,0,1,,,0,,,0,,,0,,,0,,,0
MIX121,56-72-4,2B,2B,0,2B,1,1,Not classified,0,1,2B,1,1,2B,1,1,NC,NC,0,판별불가(EPA IV ↔ Cat3/무범주 경계),,0,Not classified,0,1,Not classified,0,1,Not classified,0,1,,,0,,,0,,,0,,,0,,,0
MIX122,7173-51-5,,,0,,,0,,,0,,,0,,,0,2A,2,1,2,1,1,2,1,1,2,1,1,2,1,1,,,0,,,0,,,0,,,0,,,0
MIX123,Coumaphos,2B,2B,0,2B,1,1,Not classified,0,1,2B,1,1,2B,1,1,2B,2,1,2,1,1,2,1,1,2,1,1,2,1,1,,,0,,,0,,,0,,,0,,,0
MIX124,120068-37-3,,,0,,,0,,,0,,,0,,,0,NC,NC,0,판별불가(EPA IV ↔ Cat3/무범주 경계),,0,Not classified,0,1,Not classified,0,1,Not classified,0,1,,,0,,,0,,,0,,,0,,,0
MIX125,188425-85-6,NC,NC,0,Not classified,0,1,Not classified,0,1,Not classified,0,1,Not classified,0,1,2B,2,1,2,1,1,2,1,1,2,1,1,2,1,1,,,0,,,0,,,0,,,0,,,0
MIX126,91465-08-6,,,0,,,0,,,0,,,0,,,0,NC,NC,0,판별불가(EPA IV ↔ Cat3/무범주 경계),,0,Not classified,0,1,Not classified,0,1,Not classified,0,1,,,0,,,0,,,0,,,0,,,0
MIX127,1897-45-6,1,1,0,1,1,1,1,1,1,1,1,1,1,1,1,NC,NC,0,판별불가(EPA IV ↔ Cat3/무범주 경계),,0,Not classified,0,1,Not classified,0,1,Not classified,0,1,1,1,0,1,1,1,1,1,1,1,1,1,1,1,1
MIX128,57966-95-7,NC,NC,0,Not classified,0,1,Not classified,0,1,Not classified,0,1,Not classified,0,1,NC,NC,0,판별불가(EPA IV ↔ Cat3/무범주 경계),,0,Not classified,0,1,Not classified,0,1,Not classified,0,1,1,1,0,1,1,1,1,1,1,1,1,1,1,1,1
MIX129,68157-60-8,2B,2B,0,2B,1,1,Not classified,0,1,2B,1,1,2B,1,1,NC,NC,0,판별불가(EPA IV ↔ Cat3/무범주 경계),,0,Not classified,0,1,Not classified,0,1,Not classified,0,1,,,0,,,0,,,0,,,0,,,0
MIX13,71751-41-2,NC,NC,0,Not classified,0,1,Not classified,0,1,Not classified,0,1,Not classified,0,1,NC,NC,0,판별불가(EPA IV ↔ Cat3/무범주 경계),,0,Not classified,0,1,Not classified,0,1,Not classified,0,1,NC,NC,0,Not classified,0,1,Not classified,0,1,Not classified,0,1,Not classified,0,1
MIX130,120116-88-3,NC,NC,0,Not classified,0,1,Not classified,0,1,Not classified,0,1,Not classified,0,1,NC,NC,0,판별불가(EPA IV ↔ Cat3/무범주 경계),,0,Not classified,0,1,Not classified,0,1,Not classified,0,1,NC,NC,0,Not classified,0,1,Not classified,0,1,Not classified,0,1,Not classified,0,1
MIX131,119446-68-3,NC,NC,0,Not classified,0,1,Not classified,0,1,Not classified,0,1,Not classified,0,1,NC,NC,0,판별불가(EPA IV ↔ Cat3/무범주 경계),,0,Not classified,0,1,Not classified,0,1,Not classified,0,1,NC,NC,0,Not classified,0,1,Not classified,0,1,Not classified,0,1,Not classified,0,1
MIX132,68359-37-5,NC,NC,0,Not classified,0,1,Not classified,0,1,Not classified,0,1,Not classified,0,1,2B,2,1,2,1,1,2,1,1,2,1,1,2,1,1,NC,NC,0,Not classified,0,1,Not classified,0,1,Not classified,0,1,Not classified,0,1
MIX133,180409-60-3,1,1,0,1,1,1,1,1,1,1,1,1,1,1,1,NC,NC,0,판별불가(EPA IV ↔ Cat3/무범주 경계),,0,Not classified,0,1,Not classified,0,1,Not classified,0,1,1,1,0,1,1,1,1,1,1,1,1,1,1,1,1
MIX135,57966-95-7,NC,NC,0,Not classified,0,1,Not classified,0,1,Not classified,0,1,Not classified,0,1,NC,NC,0,판별불가(EPA IV ↔ Cat3/무범주 경계),,0,Not classified,0,1,Not classified,0,1,Not classified,0,1,1,1,0,1,1,1,1,1,1,1,1,1,1,1,1
MIX136,86753-92-6,,,0,,,0,,,0,,,0,,,0,NC,NC,0,판별불가(EPA IV ↔ Cat3/무범주 경계),,0,Not classified,0,1,Not classified,0,1,Not classified,0,1,,,0,,,0,,,0,,,0,,,0
MIX137,94361-06-5,,,0,,,0,,,0,,,0,,,0,NC,NC,0,판별불가(EPA IV ↔ Cat3/무범주 경계),,0,Not classified,0,1,Not classified,0,1,Not classified,0,1,,,0,,,0,,,0,,,0,,,0
MIX138,153719-23-4,,,0,,,0,,,0,,,0,,,0,NC,NC,0,판별불가(EPA IV ↔ Cat3/무범주 경계),,0,Not classified,0,1,Not classified,0,1,Not classified,0,1,,,0,,,0,,,0,,,0,,,0
MIX139,62-73-7,2B,2B,0,2B,1,1,Not classified,0,1,2B,1,1,2B,1,1,2B,2,1,2,1,1,2,1,1,2,1,1,2,1,1,1,1,0,1,1,1,1,1,1,1,1,1,1,1,1
MIX14,153719-23-4,,,0,,,0,,,0,,,0,,,0,NC,NC,0,판별불가(EPA IV ↔ Cat3/무범주 경계),,0,Not classified,0,1,Not classified,0,1,Not classified,0,1,,,0,,,0,,,0,,,0,,,0
MIX140,108-62-3,,,0,,,0,,,0,,,0,,,0,NC,NC,0,판별불가(EPA IV ↔ Cat3/무범주 경계),,0,Not classified,0,1,Not classified,0,1,Not classified,0,1,NC,NC,0,Not classified,0,1,Not classified,0,1,Not classified,0,1,Not classified,0,1
MIX141,64742-71-8,NC,NC,0,Not classified,0,1,Not classified,0,1,Not classified,0,1,Not classified,0,1,NC,NC,0,판별불가(EPA IV ↔ Cat3/무범주 경계),,0,Not classified,0,1,Not classified,0,1,Not classified,0,1,1,1,0,1,1,1,1,1,1,1,1,1,1,1,1
MIX142,872-05-9,NC,NC,0,Not classified,0,1,Not classified,0,1,Not classified,0,1,Not classified,0,1,2A,2,1,2,1,1,2,1,1,2,1,1,2,1,1,,,0,,,0,,,0,,,0,,,0
MIX143,153719-23-4,,,0,,,0,,,0,,,0,,,0,NC,NC,0,판별불가(EPA IV ↔ Cat3/무범주 경계),,0,Not classified,0,1,Not classified,0,1,Not classified,0,1,NC,NC,0,Not classified,0,1,Not classified,0,1,Not classified,0,1,Not classified,0,1
MIX144,64-19-7,1,1,0,1,1,1,1,1,1,1,1,1,1,1,1,NC,NC,0,판별불가(EPA IV ↔ Cat3/무범주 경계),,0,Not classified,0,1,Not classified,0,1,Not classified,0,1,1,1,0,1,1,1,1,1,1,1,1,1,1,1,1
MIX145,1897-45-6,2A,2A,0,2A,1,1,2A,1,1,2A,1,1,2A,1,1,2B,2,1,2,1,1,2,1,1,2,1,1,2,1,1,NC,NC,0,Not classified,0,1,Not classified,0,1,Not classified,0,1,Not classified,0,1
MIX146,26225-79-6,,,0,,,0,,,0,,,0,,,0,NC,NC,0,판별불가(EPA IV ↔ Cat3/무범주 경계),,0,Not classified,0,1,Not classified,0,1,Not classified,0,1,,,0,,,0,,,0,,,0,,,0
MIX147,15299-99-7,2A,2A,0,2A,1,1,2A,1,1,2A,1,1,2A,1,1,2,2,0,2,1,1,2,1,1,2,1,1,2,1,1,,,0,,,0,,,0,,,0,,,0
MIX148,15299-99-7,2A,2A,0,2A,1,1,2A,1,1,2A,1,1,2A,1,1,,,0,,,0,,,0,,,0,,,0,,,0,,,0,,,0,,,0,,,0
MIX149,15299-99-7,1,1,0,1,1,1,1,1,1,1,1,1,1,1,1,NC,NC,0,판별불가(EPA IV ↔ Cat3/무범주 경계),,0,Not classified,0,1,Not classified,0,1,Not classified,0,1,1,1,0,1,1,1,1,1,1,1,1,1,1,1,1
MIX15,98-86-2,NC,NC,0,Not classified,0,1,Not classified,0,1,Not classified,0,1,Not classified,0,1,NC,NC,0,판별불가(EPA IV ↔ Cat3/무범주 경계),,0,Not classified,0,1,Not classified,0,1,Not classified,0,1,NC,NC,0,Not classified,0,1,Not classified,0,1,Not classified,0,1,Not classified,0,1
MIX150,15165-67-0,1,1,0,1,1,1,1,1,1,1,1,1,1,1,1,NC,NC,0,판별불가(EPA IV ↔ Cat3/무범주 경계),,0,Not classified,0,1,Not classified,0,1,Not classified,0,1,1,1,0,1,1,1,1,1,1,1,1,1,1,1,1
MIX151,35367-38-5,,,0,,,0,,,0,,,0,,,0,2B,2,1,2,1,1,2,1,1,2,1,1,2,1,1,,,0,,,0,,,0,,,0,,,0
MIX152,60-51-5,2A,2A,0,2A,1,1,2A,1,1,2A,1,1,2A,1,1,NC,NC,0,판별불가(EPA IV ↔ Cat3/무범주 경계),,0,Not classified,0,1,Not classified,0,1,Not classified,0,1,1,1,0,1,1,1,1,1,1,1,1,1,1,1,1
MIX153,183675-82-3,,,0,,,0,,,0,,,0,,,0,NC,NC,0,판별불가(EPA IV ↔ Cat3/무범주 경계),,0,Not classified,0,1,Not classified,0,1,Not classified,0,1,,,0,,,0,,,0,,,0,,,0
MIX154,35367-38-5,,,0,,,0,,,0,,,0,,,0,,,0,,,0,,,0,,,0,,,0,,,0,,,0,,,0,,,0,,,0
MIX155,858956-35-1,,,0,,,0,,,0,,,0,,,0,NC,NC,0,판별불가(EPA IV ↔ Cat3/무범주 경계),,0,Not classified,0,1,Not classified,0,1,Not classified,0,1,,,0,,,0,,,0,,,0,,,0
MIX156,163520-33-0,2A,2A,0,2A,1,1,2A,1,1,2A,1,1,2A,1,1,2,2,0,2,1,1,2,1,1,2,1,1,2,1,1,,,0,,,0,,,0,,,0,,,0
MIX157,165252-70-0,,,0,,,0,,,0,,,0,,,0,NC,NC,0,판별불가(EPA IV ↔ Cat3/무범주 경계),,0,Not classified,0,1,Not classified,0,1,Not classified,0,1,1,1,0,1,1,1,1,1,1,1,1,1,1,1,1
MIX158,7704-34-9,2B,2B,0,2B,1,1,Not classified,0,1,2B,1,1,2B,1,1,NC,NC,0,Not classified,0,1,Not classified,0,1,Not classified,0,1,Not classified,0,1,NC,NC,0,Not classified,0,1,Not classified,0,1,Not classified,0,1,Not classified,0,1
MIX159,165252-70-0,NC,NC,0,Not classified,0,1,Not classified,0,1,Not classified,0,1,Not classified,0,1,NC,NC,0,판별불가(EPA IV ↔ Cat3/무범주 경계),,0,Not classified,0,1,Not classified,0,1,Not classified,0,1,,,0,,,0,,,0,,,0,,,0
MIX16,71751-41-2,,,0,,,0,,,0,,,0,,,0,NC,NC,0,판별불가(EPA IV ↔ Cat3/무범주 경계),,0,Not classified,0,1,Not classified,0,1,Not classified,0,1,,,0,,,0,,,0,,,0,,,0
MIX160,7704-34-9,2B,2B,0,2B,1,1,Not classified,0,1,2B,1,1,2B,1,1,NC,NC,0,판별불가(EPA IV ↔ Cat3/무범주 경계),,0,Not classified,0,1,Not classified,0,1,Not classified,0,1,NC,NC,0,Not classified,0,1,Not classified,0,1,Not classified,0,1,Not classified,0,1
MIX161,165252-70-0,,,0,,,0,,,0,,,0,,,0,,,0,,,0,,,0,,,0,,,0,1,1,0,1,1,1,1,1,1,1,1,1,1,1,1
MIX162,51707-55-2,,,0,,,0,,,0,,,0,,,0,NC,NC,0,판별불가(EPA IV ↔ Cat3/무범주 경계),,0,Not classified,0,1,Not classified,0,1,Not classified,0,1,NC,NC,0,Not classified,0,1,Not classified,0,1,Not classified,0,1,Not classified,0,1
MIX163,117428-22-5,NC,NC,0,Not classified,0,1,Not classified,0,1,Not classified,0,1,Not classified,0,1,NC,NC,0,판별불가(EPA IV ↔ Cat3/무범주 경계),,0,Not classified,0,1,Not classified,0,1,Not classified,0,1,1,1,0,1,1,1,1,1,1,1,1,1,1,1,1
MIX164,131807-57-3,NC,NC,0,Not classified,0,1,Not classified,0,1,Not classified,0,1,Not classified,0,1,NC,NC,0,판별불가(EPA IV ↔ Cat3/무범주 경계),,0,Not classified,0,1,Not classified,0,1,Not classified,0,1,1,1,0,1,1,1,1,1,1,1,1,1,1,1,1
MIX165,16752-77-5,1,1,0,1,1,1,1,1,1,1,1,1,1,1,1,NC,NC,0,Not classified,0,1,Not classified,0,1,Not classified,0,1,Not classified,0,1,,,0,,,0,,,0,,,0,,,0
MIX166,500008-45-7,NC,NC,0,Not classified,0,1,Not classified,0,1,Not classified,0,1,Not classified,0,1,NC,NC,0,판별불가(EPA IV ↔ Cat3/무범주 경계),,0,Not classified,0,1,Not classified,0,1,Not classified,0,1,,,0,,,0,,,0,,,0,,,0
MIX167,108-62-3,NC,NC,0,Not classified,0,1,Not classified,0,1,Not classified,0,1,Not classified,0,1,NC,NC,0,판별불가(EPA IV ↔ Cat3/무범주 경계),,0,Not classified,0,1,Not classified,0,1,Not classified,0,1,NC,NC,0,Not classified,0,1,Not classified,0,1,Not classified,0,1,Not classified,0,1
MIX168,153719-23-4,NC,NC,0,Not classified,0,1,Not classified,0,1,Not classified,0,1,Not classified,0,1,NC,NC,0,판별불가(EPA IV ↔ Cat3/무범주 경계),,0,Not classified,0,1,Not classified,0,1,Not classified,0,1,NC,NC,0,Not classified,0,1,Not classified,0,1,Not classified,0,1,Not classified,0,1
MIX169,111-77-3,2B,2B,0,2B,1,1,Not classified,0,1,2B,1,1,2B,1,1,NC,NC,0,판별불가(EPA IV ↔ Cat3/무범주 경계),,0,Not classified,0,1,Not classified,0,1,Not classified,0,1,NC,NC,0,Not classified,0,1,Not classified,0,1,Not classified,0,1,Not classified,0,1
MIX17,71751-41-2,,,0,,,0,,,0,,,0,,,0,NC,NC,0,판별불가(EPA IV ↔ Cat3/무범주 경계),,0,Not classified,0,1,Not classified,0,1,Not classified,0,1,,,0,,,0,,,0,,,0,,,0
MIX170,65733-16-6,,,0,,,0,,,0,,,0,,,0,NC,NC,0,판별불가(EPA IV ↔ Cat3/무범주 경계),,0,Not classified,0,1,Not classified,0,1,Not classified,0,1,,,0,,,0,,,0,,,0,,,0
MIX171,52-68-6,2B,2B,0,2B,1,1,Not classified,0,1,2B,1,1,2B,1,1,NC,NC,0,판별불가(EPA IV ↔ Cat3/무범주 경계),,0,Not classified,0,1,Not classified,0,1,Not classified,0,1,NC,NC,0,Not classified,0,1,Not classified,0,1,Not classified,0,1,Not classified,0,1
MIX172,330-54-1,NC,NC,0,Not classified,0,1,Not classified,0,1,Not classified,0,1,Not classified,0,1,NC,NC,0,판별불가(EPA IV ↔ Cat3/무범주 경계),,0,Not classified,0,1,Not classified,0,1,Not classified,0,1,,,0,,,0,,,0,,,0,,,0
MIX173,88671-89-0,,,0,,,0,,,0,,,0,,,0,NC,NC,0,판별불가(EPA IV ↔ Cat3/무범주 경계),,0,Not classified,0,1,Not classified,0,1,Not classified,0,1,1B,1B,0,1B,1,1,1B,1,1,1B,1,1,1B,1,1
MIX174,330-54-1,NC,NC,0,Not classified,0,1,Not classified,0,1,Not classified,0,1,Not classified,0,1,NC,NC,0,Not classified,0,1,Not classified,0,1,Not classified,0,1,Not classified,0,1,,,0,,,0,,,0,,,0,,,0
MIX175,1897-45-6,,,0,,,0,,,0,,,0,,,0,NC,NC,0,판별불가(EPA IV ↔ Cat3/무범주 경계),,0,Not classified,0,1,Not classified,0,1,Not classified,0,1,,,0,,,0,,,0,,,0,,,0
MIX176,112281-77-3,2B,2B,0,2B,1,1,Not classified,0,1,2B,1,1,2B,1,1,NC,NC,0,판별불가(EPA IV ↔ Cat3/무범주 경계),,0,Not classified,0,1,Not classified,0,1,Not classified,0,1,,,0,,,0,,,0,,,0,,,0
MIX177,82657-04-3,,,0,,,0,,,0,,,0,,,0,NC,NC,0,판별불가(EPA IV ↔ Cat3/무범주 경계),,0,Not classified,0,1,Not classified,0,1,Not classified,0,1,,,0,,,0,,,0,,,0,,,0
MIX178,138261-41-3,,,0,,,0,,,0,,,0,,,0,2A,2,1,2,1,1,2,1,1,2,1,1,2,1,1,,,0,,,0,,,0,,,0,,,0
MIX179,52918-63-5,,,0,,,0,,,0,,,0,,,0,NC,NC,0,판별불가(EPA IV ↔ Cat3/무범주 경계),,0,Not classified,0,1,Not classified,0,1,Not classified,0,1,,,0,,,0,,,0,,,0,,,0
MIX18,95737-68-1,,,0,,,0,,,0,,,0,,,0,,,0,,,0,,,0,,,0,,,0,,,0,,,0,,,0,,,0,,,0
MIX180,122931-48-0,2A,2A,0,2A,1,1,2A,1,1,2A,1,1,2A,1,1,NC,NC,0,Not classified,0,1,Not classified,0,1,Not classified,0,1,Not classified,0,1,1,1,0,1,1,1,1,1,1,1,1,1,1,1,1
MIX181,858954-83-3,,,0,,,0,,,0,,,0,,,0,NC,NC,0,판별불가(EPA IV ↔ Cat3/무범주 경계),,0,Not classified,0,1,Not classified,0,1,Not classified,0,1,,,0,,,0,,,0,,,0,,,0
MIX182,858954-83-3,NC,NC,0,Not classified,0,1,Not classified,0,1,Not classified,0,1,Not classified,0,1,NC,NC,0,판별불가(EPA IV ↔ Cat3/무범주 경계),,0,Not classified,0,1,Not classified,0,1,Not classified,0,1,NC,NC,0,Not classified,0,1,Not classified,0,1,Not classified,0,1,Not classified,0,1
MIX183,120068-37-7,NC,NC,0,Not classified,0,1,Not classified,0,1,Not classified,0,1,Not classified,0,1,NC,NC,0,판별불가(EPA IV ↔ Cat3/무범주 경계),,0,Not classified,0,1,Not classified,0,1,Not classified,0,1,NC,NC,0,Not classified,0,1,Not classified,0,1,Not classified,0,1,Not classified,0,1
MIX184,1897-45-6,,,0,,,0,,,0,,,0,,,0,NC,NC,0,판별불가(EPA IV ↔ Cat3/무범주 경계),,0,Not classified,0,1,Not classified,0,1,Not classified,0,1,,,0,,,0,,,0,,,0,,,0
MIX185,1928-43-4,,,0,,,0,,,0,,,0,,,0,NC,NC,0,판별불가(EPA IV ↔ Cat3/무범주 경계),,0,Not classified,0,1,Not classified,0,1,Not classified,0,1,,,0,,,0,,,0,,,0,,,0
MIX186,153719-23-4,NC,NC,0,Not classified,0,1,Not classified,0,1,Not classified,0,1,Not classified,0,1,2B,2,1,2,1,1,2,1,1,2,1,1,2,1,1,1,1,0,1,1,1,1,1,1,1,1,1,1,1,1
MIX187,138261-41-3,,,0,,,0,,,0,,,0,,,0,,,0,,,0,,,0,,,0,,,0,,,0,,,0,,,0,,,0,,,0
MIX188,148477-71-8,,,0,,,0,,,0,,,0,,,0,NC,NC,0,판별불가(EPA IV ↔ Cat3/무범주 경계),,0,Not classified,0,1,Not classified,0,1,Not classified,0,1,1,1,0,1,1,1,1,1,1,1,1,1,1,1,1
MIX189,2008-39-1,,,0,,,0,,,0,,,0,,,0,NC,NC,0,판별불가(EPA IV ↔ Cat3/무범주 경계),,0,Not classified,0,1,Not classified,0,1,Not classified,0,1,,,0,,,0,,,0,,,0,,,0
MIX19,107534-96-3,NC,NC,0,Not classified,0,1,Not classified,0,1,Not classified,0,1,Not classified,0,1,NC,NC,0,판별불가(EPA IV ↔ Cat3/무범주 경계),,0,Not classified,0,1,Not classified,0,1,Not classified,0,1,NC,NC,0,Not classified,0,1,Not classified,0,1,Not classified,0,1,Not classified,0,1
MIX190,1897-45-6,,,0,,,0,,,0,,,0,,,0,NC,NC,0,판별불가(EPA IV ↔ Cat3/무범주 경계),,0,Not classified,0,1,Not classified,0,1,Not classified,0,1,,,0,,,0,,,0,,,0,,,0
MIX191,36734-19-7,,,0,,,0,,,0,,,0,,,0,NC,NC,0,판별불가(EPA IV ↔ Cat3/무범주 경계),,0,Not classified,0,1,Not classified,0,1,Not classified,0,1,,,0,,,0,,,0,,,0,,,0
MIX192,129630-19-9,NC,NC,0,Not classified,0,1,Not classified,0,1,Not classified,0,1,Not classified,0,1,NC,NC,0,판별불가(EPA IV ↔ Cat3/무범주 경계),,0,Not classified,0,1,Not classified,0,1,Not classified,0,1,NC,NC,0,Not classified,0,1,Not classified,0,1,Not classified,0,1,Not classified,0,1
MIX193,16672-87-0,1,1,0,1,1,1,1,1,1,1,1,1,1,1,1,2B,2,1,2,1,1,2,1,1,2,1,1,2,1,1,,,0,,,0,,,0,,,0,,,0
MIX194,7732-18-5,NC,NC,0,Not classified,0,1,Not classified,0,1,Not classified,0,1,Not classified,0,1,NC,NC,0,Not classified,0,1,Not classified,0,1,Not classified,0,1,Not classified,0,1,NC,NC,0,Not classified,0,1,Not classified,0,1,Not classified,0,1,Not classified,0,1
MIX195,153233-91-1,,,0,,,0,,,0,,,0,,,0,NC,NC,0,판별불가(EPA IV ↔ Cat3/무범주 경계),,0,Not classified,0,1,Not classified,0,1,Not classified,0,1,,,0,,,0,,,0,,,0,,,0
MIX196,52645-53-1,,,0,,,0,,,0,,,0,,,0,2B,2,1,2,1,1,2,1,1,2,1,1,2,1,1,NC,NC,0,Not classified,0,1,Not classified,0,1,Not classified,0,1,Not classified,0,1
MIX197,2008-39-1,,,0,,,0,,,0,,,0,,,0,NC,NC,0,판별불가(EPA IV ↔ Cat3/무범주 경계),,0,Not classified,0,1,Not classified,0,1,Not classified,0,1,,,0,,,0,,,0,,,0,,,0
MIX198,64742-94-5,2A,2A,0,2A,1,1,2A,1,1,2A,1,1,2A,1,1,2B,2,1,2,1,1,2,1,1,2,1,1,2,1,1,1,1,0,1,1,1,1,1,1,1,1,1,1,1,1
MIX199,38641-94-0,,,0,,,0,,,0,,,0,,,0,NC,NC,0,판별불가(EPA IV ↔ Cat3/무범주 경계),,0,Not classified,0,1,Not classified,0,1,Not classified,0,1,,,0,,,0,,,0,,,0,,,0
MIX2,34256-82-1,,,0,,,0,,,0,,,0,,,0,NC,NC,0,판별불가(EPA IV ↔ Cat3/무범주 경계),,0,Not classified,0,1,Not classified,0,1,Not classified,0,1,1,1,0,1,1,1,1,1,1,1,1,1,1,1,1
MIX20,335104-84-2,,,0,,,0,,,0,,,0,,,0,NC,NC,0,판별불가(EPA IV ↔ Cat3/무범주 경계),,0,Not classified,0,1,Not classified,0,1,Not classified,0,1,1,1,0,1,1,1,1,1,1,1,1,1,1,1,1
MIX200,82657-04-3,,,0,,,0,,,0,,,0,,,0,2B,2,1,2,1,1,2,1,1,2,1,1,2,1,1,,,0,,,0,,,0,,,0,,,0
MIX201,104206-82-8,,,0,,,0,,,0,,,0,,,0,2B,2,1,2,1,1,2,1,1,2,1,1,2,1,1,,,0,,,0,,,0,,,0,,,0
MIX202,82657-04-3,,,0,,,0,,,0,,,0,,,0,NC,NC,0,판별불가(EPA IV ↔ Cat3/무범주 경계),,0,Not classified,0,1,Not classified,0,1,Not classified,0,1,,,0,,,0,,,0,,,0,,,0
MIX203,126833-17-8,NC,NC,0,Not classified,0,1,Not classified,0,1,Not classified,0,1,Not classified,0,1,NC,NC,0,Not classified,0,1,Not classified,0,1,Not classified,0,1,Not classified,0,1,NC,NC,0,Not classified,0,1,Not classified,0,1,Not classified,0,1,Not classified,0,1
MIX204,67564-91-4,1,1,0,1,1,1,1,1,1,1,1,1,1,1,1,1,1,0,1,1,1,1,1,1,1,1,1,1,1,1,NC,NC,0,Not classified,0,1,Not classified,0,1,Not classified,0,1,Not classified,0,1
MIX205,7778-77-0,,,0,,,0,,,0,,,0,,,0,NC,NC,0,판별불가(EPA IV ↔ Cat3/무범주 경계),,0,Not classified,0,1,Not classified,0,1,Not classified,0,1,,,0,,,0,,,0,,,0,,,0
MIX206,52645-53-1,,,0,,,0,,,0,,,0,,,0,2B,2,1,2,1,1,2,1,1,2,1,1,2,1,1,,,0,,,0,,,0,,,0,,,0
MIX207,60207-90-1,,,0,,,0,,,0,,,0,,,0,NC,NC,0,판별불가(EPA IV ↔ Cat3/무범주 경계),,0,Not classified,0,1,Not classified,0,1,Not classified,0,1,,,0,,,0,,,0,,,0,,,0
MIX208,155569-91-8,1,1,0,1,1,1,1,1,1,1,1,1,1,1,1,NC,NC,0,판별불가(EPA IV ↔ Cat3/무범주 경계),,0,Not classified,0,1,Not classified,0,1,Not classified,0,1,,,0,,,0,,,0,,,0,,,0
MIX209,158062-67-0,,,0,,,0,,,0,,,0,,,0,NC,NC,0,판별불가(EPA IV ↔ Cat3/무범주 경계),,0,Not classified,0,1,Not classified,0,1,Not classified,0,1,,,0,,,0,,,0,,,0,,,0
MIX21,111991-09-4,2A,2A,0,2A,1,1,2A,1,1,2A,1,1,2A,1,1,NC,NC,0,판별불가(EPA IV ↔ Cat3/무범주 경계),,0,Not classified,0,1,Not classified,0,1,Not classified,0,1,,,0,,,0,,,0,,,0,,,0
MIX210,107534-96-3,,,0,,,0,,,0,,,0,,,0,NC,NC,0,판별불가(EPA IV ↔ Cat3/무범주 경계),,0,Not classified,0,1,Not classified,0,1,Not classified,0,1,,,0,,,0,,,0,,,0,,,0
MIX211,658066-35-4,NC,NC,0,Not classified,0,1,Not classified,0,1,Not classified,0,1,Not classified,0,1,NC,NC,0,판별불가(EPA IV ↔ Cat3/무범주 경계),,0,Not classified,0,1,Not classified,0,1,Not classified,0,1,,,0,,,0,,,0,,,0,,,0
MIX212,361377-29-9,,,0,,,0,,,0,,,0,,,0,NC,NC,0,판별불가(EPA IV ↔ Cat3/무범주 경계),,0,Not classified,0,1,Not classified,0,1,Not classified,0,1,1,1,0,1,1,1,1,1,1,1,1,1,1,1,1
MIX213,66332-96-5,,,0,,,0,,,0,,,0,,,0,NC,NC,0,판별불가(EPA IV ↔ Cat3/무범주 경계),,0,Not classified,0,1,Not classified,0,1,Not classified,0,1,,,0,,,0,,,0,,,0,,,0
MIX214,104040-78-0,,,0,,,0,,,0,,,0,,,0,NC,NC,0,판별불가(EPA IV ↔ Cat3/무범주 경계),,0,Not classified,0,1,Not classified,0,1,Not classified,0,1,,,0,,,0,,,0,,,0,,,0
MIX215,76674-21-0,,,0,,,0,,,0,,,0,,,0,NC,NC,0,판별불가(EPA IV ↔ Cat3/무범주 경계),,0,Not classified,0,1,Not classified,0,1,Not classified,0,1,,,0,,,0,,,0,,,0,,,0
MIX216,107534-96-3,NC,NC,0,Not classified,0,1,Not classified,0,1,Not classified,0,1,Not classified,0,1,NC,NC,0,판별불가(EPA IV ↔ Cat3/무범주 경계),,0,Not classified,0,1,Not classified,0,1,Not classified,0,1,,,0,,,0,,,0,,,0,,,0
MIX217,107534-96-3,NC,NC,0,Not classified,0,1,Not classified,0,1,Not classified,0,1,Not classified,0,1,NC,NC,0,판별불가(EPA IV ↔ Cat3/무범주 경계),,0,Not classified,0,1,Not classified,0,1,Not classified,0,1,,,0,,,0,,,0,,,0,,,0
MIX218,79622-59-6,1,1,0,1,1,1,1,1,1,1,1,1,1,1,1,NC,NC,0,판별불가(EPA IV ↔ Cat3/무범주 경계),,0,Not classified,0,1,Not classified,0,1,Not classified,0,1,1,1,0,1,1,1,1,1,1,1,1,1,1,1,1
MIX219,107534-96-3,NC,NC,0,Not classified,0,1,Not classified,0,1,Not classified,0,1,Not classified,0,1,NC,NC,0,Not classified,0,1,Not classified,0,1,Not classified,0,1,Not classified,0,1,,,0,,,0,,,0,,,0,,,0
MIX22,153719-23-4,,,0,,,0,,,0,,,0,,,0,NC,NC,0,판별불가(EPA IV ↔ Cat3/무범주 경계),,0,Not classified,0,1,Not classified,0,1,Not classified,0,1,,,0,,,0,,,0,,,0,,,0
MIX220,133-07-3,2A,2A,0,2A,1,1,2A,1,1,2A,1,1,2A,1,1,2A,2,1,2,1,1,2,1,1,2,1,1,2,1,1,1,1,0,1,1,1,1,1,1,1,1,1,1,1,1
MIX221,183675-82-3,NC,NC,0,Not classified,0,1,Not classified,0,1,Not classified,0,1,Not classified,0,1,NC,NC,0,판별불가(EPA IV ↔ Cat3/무범주 경계),,0,Not classified,0,1,Not classified,0,1,Not classified,0,1,NC,NC,0,Not classified,0,1,Not classified,0,1,Not classified,0,1,Not classified,0,1
MIX222,141112-29-0,NC,NC,0,Not classified,0,1,Not classified,0,1,Not classified,0,1,Not classified,0,1,NC,NC,0,판별불가(EPA IV ↔ Cat3/무범주 경계),,0,Not classified,0,1,Not classified,0,1,Not classified,0,1,1,1,0,1,1,1,1,1,1,1,1,1,1,1,1
MIX223,122453-73-0,,,0,,,0,,,0,,,0,,,0,NC,NC,0,판별불가(EPA IV ↔ Cat3/무범주 경계),,0,Not classified,0,1,Not classified,0,1,Not classified,0,1,,,0,,,0,,,0,,,0,,,0
MIX224,68085-85-8,2A,2A,0,2A,1,1,2A,1,1,2A,1,1,2A,1,1,2A,2,1,2,1,1,2,1,1,2,1,1,2,1,1,1,1,0,1,1,1,1,1,1,1,1,1,1,1,1
MIX225,39148-24-8,2A,2A,0,2A,1,1,2A,1,1,2A,1,1,2A,1,1,NC,NC,0,판별불가(EPA IV ↔ Cat3/무범주 경계),,0,Not classified,0,1,Not classified,0,1,Not classified,0,1,,,0,,,0,,,0,,,0,,,0
MIX226,142459-58-3,NC,NC,0,Not classified,0,1,Not classified,0,1,Not classified,0,1,Not classified,0,1,NC,NC,0,판별불가(EPA IV ↔ Cat3/무범주 경계),,0,Not classified,0,1,Not classified,0,1,Not classified,0,1,1,1,0,1,1,1,1,1,1,1,1,1,1,1,1
MIX227,36734-19-7,NC,NC,0,Not classified,0,1,Not classified,0,1,Not classified,0,1,Not classified,0,1,NC,NC,0,판별불가(EPA IV ↔ Cat3/무범주 경계),,0,Not classified,0,1,Not classified,0,1,Not classified,0,1,NC,NC,0,Not classified,0,1,Not classified,0,1,Not classified,0,1,Not classified,0,1
MIX228,153719-23-4,,,0,,,0,,,0,,,0,,,0,NC,NC,0,판별불가(EPA IV ↔ Cat3/무범주 경계),,0,Not classified,0,1,Not classified,0,1,Not classified,0,1,,,0,,,0,,,0,,,0,,,0
MIX229,40487-42-1,2A,2A,0,2A,1,1,2A,1,1,2A,1,1,2A,1,1,NC,NC,0,판별불가(EPA IV ↔ Cat3/무범주 경계),,0,Not classified,0,1,Not classified,0,1,Not classified,0,1,NC,NC,0,Not classified,0,1,Not classified,0,1,Not classified,0,1,Not classified,0,1
MIX23,30560-19-1,NC,NC,0,Not classified,0,1,Not classified,0,1,Not classified,0,1,Not classified,0,1,NC,NC,0,판별불가(EPA IV ↔ Cat3/무범주 경계),,0,Not classified,0,1,Not classified,0,1,Not classified,0,1,NC,NC,0,Not classified,0,1,Not classified,0,1,Not classified,0,1,Not classified,0,1
MIX230,133-07-3,2A,2A,0,2A,1,1,2A,1,1,2A,1,1,2A,1,1,,,0,,,0,,,0,,,0,,,0,1,1,0,1,1,1,1,1,1,1,1,1,1,1,1
MIX231,121-75-5,2A,2A,0,2A,1,1,2A,1,1,2A,1,1,2A,1,1,2B,2,1,2,1,1,2,1,1,2,1,1,2,1,1,1,1,0,1,1,1,1,1,1,1,1,1,1,1,1
MIX232,188489-07-8,,,0,,,0,,,0,,,0,,,0,NC,NC,0,판별불가(EPA IV ↔ Cat3/무범주 경계),,0,Not classified,0,1,Not classified,0,1,Not classified,0,1,,,0,,,0,,,0,,,0,,,0
MIX233,64-19-7,,,0,,,0,,,0,,,0,,,0,NC,NC,0,판별불가(EPA IV ↔ Cat3/무범주 경계),,0,Not classified,0,1,Not classified,0,1,Not classified,0,1,,,0,,,0,,,0,,,0,,,0
MIX234,188489-07-8,,,0,,,0,,,0,,,0,,,0,NC,NC,0,판별불가(EPA IV ↔ Cat3/무범주 경계),,0,Not classified,0,1,Not classified,0,1,Not classified,0,1,,,0,,,0,,,0,,,0,,,0
MIX235,64742-94-5,,,0,,,0,,,0,,,0,,,0,,,0,,,0,,,0,,,0,,,0,1,1,0,1,1,1,1,1,1,1,1,1,1,1,1
MIX236,69770-45-2,2A,2A,0,2A,1,1,2A,1,1,2A,1,1,2A,1,1,2,2,0,2,1,1,2,1,1,2,1,1,2,1,1,1,1,0,1,1,1,1,1,1,1,1,1,1,1,1
MIX237,91465-08-6,,,0,,,0,,,0,,,0,,,0,NC,NC,0,판별불가(EPA IV ↔ Cat3/무범주 경계),,0,Not classified,0,1,Not classified,0,1,Not classified,0,1,,,0,,,0,,,0,,,0,,,0
MIX238,69770-45-2,2A,2A,0,2A,1,1,2A,1,1,2A,1,1,2A,1,1,2,2,0,2,1,1,2,1,1,2,1,1,2,1,1,1,1,0,1,1,1,1,1,1,1,1,1,1,1,1
MIX239,69770-45-2,2A,2A,0,2A,1,1,2A,1,1,2A,1,1,2A,1,1,2,2,0,2,1,1,2,1,1,2,1,1,2,1,1,1,1,0,1,1,1,1,1,1,1,1,1,1,1,1
MIX24,30560-19-1,,,0,,,0,,,0,,,0,,,0,NC,NC,0,판별불가(EPA IV ↔ Cat3/무범주 경계),,0,Not classified,0,1,Not classified,0,1,Not classified,0,1,1B,1B,0,1B,1,1,1B,1,1,1B,1,1,1B,1,1
MIX240,239110-15-7,,,0,,,0,,,0,,,0,,,0,,,0,,,0,,,0,,,0,,,0,,,0,,,0,,,0,,,0,,,0
MIX241,658066-35-4,,,0,,,0,,,0,,,0,,,0,NC,NC,0,판별불가(EPA IV ↔ Cat3/무범주 경계),,0,Not classified,0,1,Not classified,0,1,Not classified,0,1,,,0,,,0,,,0,,,0,,,0
MIX242,658066-35-4,NC,NC,0,Not classified,0,1,Not classified,0,1,Not classified,0,1,Not classified,0,1,NC,NC,0,판별불가(EPA IV ↔ Cat3/무범주 경계),,0,Not classified,0,1,Not classified,0,1,Not classified,0,1,NC,NC,0,Not classified,0,1,Not classified,0,1,Not classified,0,1,Not classified,0,1
MIX243,88-04-0,,,0,,,0,,,0,,,0,,,0,NC,NC,0,판별불가(EPA IV ↔ Cat3/무범주 경계),,0,Not classified,0,1,Not classified,0,1,Not classified,0,1,,,0,,,0,,,0,,,0,,,0
MIX244,120068-37-3,2A,2A,0,2A,1,1,2A,1,1,2A,1,1,2A,1,1,NC,NC,0,판별불가(EPA IV ↔ Cat3/무범주 경계),,0,Not classified,0,1,Not classified,0,1,Not classified,0,1,,,0,,,0,,,0,,,0,,,0
MIX245,52645-53-1,NC,NC,0,Not classified,0,1,Not classified,0,1,Not classified,0,1,Not classified,0,1,NC,NC,0,판별불가(EPA IV ↔ Cat3/무범주 경계),,0,Not classified,0,1,Not classified,0,1,Not classified,0,1,1,1,0,1,1,1,1,1,1,1,1,1,1,1,1
MIX246,52645-53-1,,,0,,,0,,,0,,,0,,,0,NC,NC,0,판별불가(EPA IV ↔ Cat3/무범주 경계),,0,Not classified,0,1,Not classified,0,1,Not classified,0,1,1,1,0,1,1,1,1,1,1,1,1,1,1,1,1
MIX247,121451-02-3,,,0,,,0,,,0,,,0,,,0,NC,NC,0,판별불가(EPA IV ↔ Cat3/무범주 경계),,0,Not classified,0,1,Not classified,0,1,Not classified,0,1,,,0,,,0,,,0,,,0,,,0
MIX248,1071-83-6,1,1,0,1,1,1,1,1,1,1,1,1,1,1,1,NC,NC,0,판별불가(EPA IV ↔ Cat3/무범주 경계),,0,Not classified,0,1,Not classified,0,1,Not classified,0,1,NC,NC,0,Not classified,0,1,Not classified,0,1,Not classified,0,1,Not classified,0,1
MIX249,131929-60-7,2A,2A,0,2A,1,1,2A,1,1,2A,1,1,2A,1,1,,,0,,,0,,,0,,,0,,,0,NC,NC,0,Not classified,0,1,Not classified,0,1,Not classified,0,1,Not classified,0,1
MIX25,1071-83-6,,,0,,,0,,,0,,,0,,,0,NC,NC,0,판별불가(EPA IV ↔ Cat3/무범주 경계),,0,Not classified,0,1,Not classified,0,1,Not classified,0,1,,,0,,,0,,,0,,,0,,,0
MIX250,1071-83-6,1,1,0,1,1,1,1,1,1,1,1,1,1,1,1,NC,NC,0,판별불가(EPA IV ↔ Cat3/무범주 경계),,0,Not classified,0,1,Not classified,0,1,Not classified,0,1,NC,NC,0,Not classified,0,1,Not classified,0,1,Not classified,0,1,Not classified,0,1
MIX251,131929-60-7,NC,NC,0,Not classified,0,1,Not classified,0,1,Not classified,0,1,Not classified,0,1,NC,NC,0,Not classified,0,1,Not classified,0,1,Not classified,0,1,Not classified,0,1,NC,NC,0,Not classified,0,1,Not classified,0,1,Not classified,0,1,Not classified,0,1
MIX252,1071-83-6,1,1,0,1,1,1,1,1,1,1,1,1,1,1,1,NC,NC,0,판별불가(EPA IV ↔ Cat3/무범주 경계),,0,Not classified,0,1,Not classified,0,1,Not classified,0,1,,,0,,,0,,,0,,,0,,,0
MIX253,9003-13-8,,,0,,,0,,,0,,,0,,,0,NC,NC,0,판별불가(EPA IV ↔ Cat3/무범주 경계),,0,Not classified,0,1,Not classified,0,1,Not classified,0,1,,,0,,,0,,,0,,,0,,,0
MIX254,935545-74-7,1,1,0,1,1,1,1,1,1,1,1,1,1,1,1,NC,NC,0,판별불가(EPA IV ↔ Cat3/무범주 경계),,0,Not classified,0,1,Not classified,0,1,Not classified,0,1,1,1,0,1,1,1,1,1,1,1,1,1,1,1,1
MIX255,935545-74-7,,,0,,,0,,,0,,,0,,,0,NC,NC,0,판별불가(EPA IV ↔ Cat3/무범주 경계),,0,Not classified,0,1,Not classified,0,1,Not classified,0,1,,,0,,,0,,,0,,,0,,,0
MIX256,81406-37-3,2A,2A,0,2A,1,1,2A,1,1,2A,1,1,2A,1,1,2B,2,1,2,1,1,2,1,1,2,1,1,2,1,1,1,1,0,1,1,1,1,1,1,1,1,1,1,1,1
MIX257,131341-86-1,,,0,,,0,,,0,,,0,,,0,NC,NC,0,판별불가(EPA IV ↔ Cat3/무범주 경계),,0,Not classified,0,1,Not classified,0,1,Not classified,0,1,,,0,,,0,,,0,,,0,,,0
MIX258,34256-82-1,,,0,,,0,,,0,,,0,,,0,NC,NC,0,판별불가(EPA IV ↔ Cat3/무범주 경계),,0,Not classified,0,1,Not classified,0,1,Not classified,0,1,,,0,,,0,,,0,,,0,,,0
MIX259,25036-25-3,,,0,,,0,,,0,,,0,,,0,NC,NC,0,판별불가(EPA IV ↔ Cat3/무범주 경계),,0,Not classified,0,1,Not classified,0,1,Not classified,0,1,,,0,,,0,,,0,,,0,,,0
MIX26,57960-19-7,,,0,,,0,,,0,,,0,,,0,NC,NC,0,판별불가(EPA IV ↔ Cat3/무범주 경계),,0,Not classified,0,1,Not classified,0,1,Not classified,0,1,1,1,0,1,1,1,1,1,1,1,1,1,1,1,1
MIX260,422556-08-9,NC,NC,0,Not classified,0,1,Not classified,0,1,Not classified,0,1,Not classified,0,1,NC,NC,0,판별불가(EPA IV ↔ Cat3/무범주 경계),,0,Not classified,0,1,Not classified,0,1,Not classified,0,1,1,1,0,1,1,1,1,1,1,1,1,1,1,1,1
MIX261,64742-94-5,,,0,,,0,,,0,,,0,,,0,2B,2,1,2,1,1,2,1,1,2,1,1,2,1,1,1,1,0,1,1,1,1,1,1,1,1,1,1,1,1
MIX262,94-75-7,1,1,0,1,1,1,1,1,1,1,1,1,1,1,1,NC,NC,0,판별불가(EPA IV ↔ Cat3/무범주 경계),,0,Not classified,0,1,Not classified,0,1,Not classified,0,1,,,0,,,0,,,0,,,0,,,0
MIX263,55335-06-3,,,0,,,0,,,0,,,0,,,0,NC,NC,0,판별불가(EPA IV ↔ Cat3/무범주 경계),,0,Not classified,0,1,Not classified,0,1,Not classified,0,1,,,0,,,0,,,0,,,0,,,0
MIX264,81406-37-3,,,0,,,0,,,0,,,0,,,0,NC,NC,0,판별불가(EPA IV ↔ Cat3/무범주 경계),,0,Not classified,0,1,Not classified,0,1,Not classified,0,1,,,0,,,0,,,0,,,0,,,0
MIX265,82657-04-3,,,0,,,0,,,0,,,0,,,0,NC,NC,0,판별불가(EPA IV ↔ Cat3/무범주 경계),,0,Not classified,0,1,Not classified,0,1,Not classified,0,1,,,0,,,0,,,0,,,0,,,0
MIX266,131341-86-1,,,0,,,0,,,0,,,0,,,0,NC,NC,0,판별불가(EPA IV ↔ Cat3/무범주 경계),,0,Not classified,0,1,Not classified,0,1,Not classified,0,1,,,0,,,0,,,0,,,0,,,0
MIX267,138261-41-3,2A,2A,0,2A,1,1,2A,1,1,2A,1,1,2A,1,1,NC,NC,0,판별불가(EPA IV ↔ Cat3/무범주 경계),,0,Not classified,0,1,Not classified,0,1,Not classified,0,1,,,0,,,0,,,0,,,0,,,0
MIX268,34256-82-1,,,0,,,0,,,0,,,0,,,0,NC,NC,0,판별불가(EPA IV ↔ Cat3/무범주 경계),,0,Not classified,0,1,Not classified,0,1,Not classified,0,1,,,0,,,0,,,0,,,0,,,0
MIX269,122548-33-8,,,0,,,0,,,0,,,0,,,0,NC,NC,0,판별불가(EPA IV ↔ Cat3/무범주 경계),,0,Not classified,0,1,Not classified,0,1,Not classified,0,1,,,0,,,0,,,0,,,0,,,0
MIX27,1582-09-8,,,0,,,0,,,0,,,0,,,0,NC,NC,0,판별불가(EPA IV ↔ Cat3/무범주 경계),,0,Not classified,0,1,Not classified,0,1,Not classified,0,1,1,1,0,1,1,1,1,1,1,1,1,1,1,1,1
MIX270,5234-68-4,2A,2A,0,2A,1,1,2A,1,1,2A,1,1,2A,1,1,NC,NC,0,판별불가(EPA IV ↔ Cat3/무범주 경계),,0,Not classified,0,1,Not classified,0,1,Not classified,0,1,1,1,0,1,1,1,1,1,1,1,1,1,1,1,1
MIX271,161050-58-4,,,0,,,0,,,0,,,0,,,0,NC,NC,0,판별불가(EPA IV ↔ Cat3/무범주 경계),,0,Not classified,0,1,Not classified,0,1,Not classified,0,1,,,0,,,0,,,0,,,0,,,0
MIX272,107534-96-3,NC,NC,0,Not classified,0,1,Not classified,0,1,Not classified,0,1,Not classified,0,1,NC,NC,0,판별불가(EPA IV ↔ Cat3/무범주 경계),,0,Not classified,0,1,Not classified,0,1,Not classified,0,1,,,0,,,0,,,0,,,0,,,0
MIX273,161050-58-4,1,1,0,1,1,1,1,1,1,1,1,1,1,1,1,NC,NC,0,판별불가(EPA IV ↔ Cat3/무범주 경계),,0,Not classified,0,1,Not classified,0,1,Not classified,0,1,1,1,0,1,1,1,1,1,1,1,1,1,1,1,1
MIX274,732-11-6,2B,2B,0,2B,1,1,Not classified,0,1,2B,1,1,2B,1,1,NC,NC,0,판별불가(EPA IV ↔ Cat3/무범주 경계),,0,Not classified,0,1,Not classified,0,1,Not classified,0,1,1,1,0,1,1,1,1,1,1,1,1,1,1,1,1
MIX275,52645-53-1,2A,2A,0,2A,1,1,2A,1,1,2A,1,1,2A,1,1,NC,NC,0,판별불가(EPA IV ↔ Cat3/무범주 경계),,0,Not classified,0,1,Not classified,0,1,Not classified,0,1,1,1,0,1,1,1,1,1,1,1,1,1,1,1,1
MIX276,219714-96-2,,,0,,,0,,,0,,,0,,,0,NC,NC,0,판별불가(EPA IV ↔ Cat3/무범주 경계),,0,Not classified,0,1,Not classified,0,1,Not classified,0,1,,,0,,,0,,,0,,,0,,,0
MIX277,138261-41-3,,,0,,,0,,,0,,,0,,,0,NC,NC,0,판별불가(EPA IV ↔ Cat3/무범주 경계),,0,Not classified,0,1,Not classified,0,1,Not classified,0,1,,,0,,,0,,,0,,,0,,,0
MIX278,26172-55-4,,,0,,,0,,,0,,,0,,,0,,,0,,,0,,,0,,,0,,,0,,,0,,,0,,,0,,,0,,,0
MIX279,865318-97-4,,,0,,,0,,,0,,,0,,,0,NC,NC,0,판별불가(EPA IV ↔ Cat3/무범주 경계),,0,Not classified,0,1,Not classified,0,1,Not classified,0,1,,,0,,,0,,,0,,,0,,,0
MIX28,131983-72-7,,,0,,,0,,,0,,,0,,,0,NC,NC,0,판별불가(EPA IV ↔ Cat3/무범주 경계),,0,Not classified,0,1,Not classified,0,1,Not classified,0,1,,,0,,,0,,,0,,,0,,,0
MIX280,91465-08-6,NC,NC,0,Not classified,0,1,Not classified,0,1,Not classified,0,1,Not classified,0,1,NC,NC,0,Not classified,0,1,Not classified,0,1,Not classified,0,1,Not classified,0,1,1,1,0,1,1,1,1,1,1,1,1,1,1,1,1
MIX281,161050-58-4,NC,NC,0,Not classified,0,1,Not classified,0,1,Not classified,0,1,Not classified,0,1,NC,NC,0,판별불가(EPA IV ↔ Cat3/무범주 경계),,0,Not classified,0,1,Not classified,0,1,Not classified,0,1,NC,NC,0,Not classified,0,1,Not classified,0,1,Not classified,0,1,Not classified,0,1
MIX282,138261-41-3,1,1,0,1,1,1,1,1,1,1,1,1,1,1,1,2B,2,1,2,1,1,2,1,1,2,1,1,2,1,1,,,0,,,0,,,0,,,0,,,0
MIX283,125225-28-7,,,0,,,0,,,0,,,0,,,0,NC,NC,0,판별불가(EPA IV ↔ Cat3/무범주 경계),,0,Not classified,0,1,Not classified,0,1,Not classified,0,1,,,0,,,0,,,0,,,0,,,0
MIX284,107-21-1,,,0,,,0,,,0,,,0,,,0,2B,2,1,2,1,1,2,1,1,2,1,1,2,1,1,,,0,,,0,,,0,,,0,,,0
MIX285,2893-78-9,,,0,,,0,,,0,,,0,,,0,,,0,,,0,,,0,,,0,,,0,,,0,,,0,,,0,,,0,,,0
MIX286,372137-35-4,NC,NC,0,Not classified,0,1,Not classified,0,1,Not classified,0,1,Not classified,0,1,NC,NC,0,판별불가(EPA IV ↔ Cat3/무범주 경계),,0,Not classified,0,1,Not classified,0,1,Not classified,0,1,NC,NC,0,Not classified,0,1,Not classified,0,1,Not classified,0,1,Not classified,0,1
MIX287,91465-08-6,,,0,,,0,,,0,,,0,,,0,2B,2,1,2,1,1,2,1,1,2,1,1,2,1,1,,,0,,,0,,,0,,,0,,,0
MIX288,30560-19-1,,,0,,,0,,,0,,,0,,,0,NC,NC,0,판별불가(EPA IV ↔ Cat3/무범주 경계),,0,Not classified,0,1,Not classified,0,1,Not classified,0,1,,,0,,,0,,,0,,,0,,,0
MIX289,66215-27-8,2A,2A,0,2A,1,1,2A,1,1,2A,1,1,2A,1,1,2,2,0,2,1,1,2,1,1,2,1,1,2,1,1,NC,NC,0,Not classified,0,1,Not classified,0,1,Not classified,0,1,Not classified,0,1
MIX29,116-06-3,,,0,,,0,,,0,,,0,,,0,,,0,,,0,,,0,,,0,,,0,,,0,,,0,,,0,,,0,,,0
MIX290,59669-26-0,,,0,,,0,,,0,,,0,,,0,NC,NC,0,판별불가(EPA IV ↔ Cat3/무범주 경계),,0,Not classified,0,1,Not classified,0,1,Not classified,0,1,,,0,,,0,,,0,,,0,,,0
MIX291,2008-39-1,,,0,,,0,,,0,,,0,,,0,NC,NC,0,판별불가(EPA IV ↔ Cat3/무범주 경계),,0,Not classified,0,1,Not classified,0,1,Not classified,0,1,,,0,,,0,,,0,,,0,,,0
MIX292,1918-00-9,,,0,,,0,,,0,,,0,,,0,NC,NC,0,판별불가(EPA IV ↔ Cat3/무범주 경계),,0,Not classified,0,1,Not classified,0,1,Not classified,0,1,,,0,,,0,,,0,,,0,,,0
MIX293,36734-19-7,NC,NC,0,Not classified,0,1,Not classified,0,1,Not classified,0,1,Not classified,0,1,NC,NC,0,판별불가(EPA IV ↔ Cat3/무범주 경계),,0,Not classified,0,1,Not classified,0,1,Not classified,0,1,,,0,,,0,,,0,,,0,,,0
MIX294,111991-09-4,NC,NC,0,Not classified,0,1,Not classified,0,1,Not classified,0,1,Not classified,0,1,NC,NC,0,판별불가(EPA IV ↔ Cat3/무범주 경계),,0,Not classified,0,1,Not classified,0,1,Not classified,0,1,NC,NC,0,Not classified,0,1,Not classified,0,1,Not classified,0,1,Not classified,0,1
MIX295,52645-53-1,,,0,,,0,,,0,,,0,,,0,NC,NC,0,판별불가(EPA IV ↔ Cat3/무범주 경계),,0,Not classified,0,1,Not classified,0,1,Not classified,0,1,,,0,,,0,,,0,,,0,,,0
MIX296,1071-83-6,1,1,0,1,1,1,1,1,1,1,1,1,1,1,1,NC,NC,0,판별불가(EPA IV ↔ Cat3/무범주 경계),,0,Not classified,0,1,Not classified,0,1,Not classified,0,1,,,0,,,0,,,0,,,0,,,0
MIX297,68585-34-2,,,0,,,0,,,0,,,0,,,0,NC,NC,0,판별불가(EPA IV ↔ Cat3/무범주 경계),,0,Not classified,0,1,Not classified,0,1,Not classified,0,1,,,0,,,0,,,0,,,0,,,0
MIX298,1912-24-9,,,0,,,0,,,0,,,0,,,0,NC,NC,0,판별불가(EPA IV ↔ Cat3/무범주 경계),,0,Not classified,0,1,Not classified,0,1,Not classified,0,1,,,0,,,0,,,0,,,0,,,0
MIX299,135410-20-7,1,1,0,1,1,1,1,1,1,1,1,1,1,1,1,NC,NC,0,판별불가(EPA IV ↔ Cat3/무범주 경계),,0,Not classified,0,1,Not classified,0,1,Not classified,0,1,,,0,,,0,,,0,,,0,,,0
MIX3,110488-70-5,NC,NC,0,Not classified,0,1,Not classified,0,1,Not classified,0,1,Not classified,0,1,NC,NC,0,판별불가(EPA IV ↔ Cat3/무범주 경계),,0,Not classified,0,1,Not classified,0,1,Not classified,0,1,,,0,,,0,,,0,,,0,,,0
MIX30,138261-41-3,,,0,,,0,,,0,,,0,,,0,NC,NC,0,판별불가(EPA IV ↔ Cat3/무범주 경계),,0,Not classified,0,1,Not classified,0,1,Not classified,0,1,,,0,,,0,,,0,,,0,,,0
MIX300,32426-11-2,,,0,,,0,,,0,,,0,,,0,NC,NC,0,판별불가(EPA IV ↔ Cat3/무범주 경계),,0,Not classified,0,1,Not classified,0,1,Not classified,0,1,,,0,,,0,,,0,,,0,,,0
MIX301,16484-77-8,1,1,0,1,1,1,1,1,1,1,1,1,1,1,1,2B,2,1,2,1,1,2,1,1,2,1,1,2,1,1,,,0,,,0,,,0,,,0,,,0
MIX302,74-98-6,,,0,,,0,,,0,,,0,,,0,NC,NC,0,판별불가(EPA IV ↔ Cat3/무범주 경계),,0,Not classified,0,1,Not classified,0,1,Not classified,0,1,,,0,,,0,,,0,,,0,,,0
MIX303,16484-77-8,1,1,0,1,1,1,1,1,1,1,1,1,1,1,1,2B,2,1,2,1,1,2,1,1,2,1,1,2,1,1,,,0,,,0,,,0,,,0,,,0
MIX304,131341-86-1,,,0,,,0,,,0,,,0,,,0,NC,NC,0,판별불가(EPA IV ↔ Cat3/무범주 경계),,0,Not classified,0,1,Not classified,0,1,Not classified,0,1,,,0,,,0,,,0,,,0,,,0
MIX305,67-63-0,,,0,,,0,,,0,,,0,,,0,,,0,,,0,,,0,,,0,,,0,,,0,,,0,,,0,,,0,,,0
MIX306,7732-18-5,,,0,,,0,,,0,,,0,,,0,NC,NC,0,판별불가(EPA IV ↔ Cat3/무범주 경계),,0,Not classified,0,1,Not classified,0,1,Not classified,0,1,,,0,,,0,,,0,,,0,,,0
MIX307,1897-45-6,1,1,0,1,1,1,1,1,1,1,1,1,1,1,1,NC,NC,0,판별불가(EPA IV ↔ Cat3/무범주 경계),,0,Not classified,0,1,Not classified,0,1,Not classified,0,1,,,0,,,0,,,0,,,0,,,0
MIX308,131860-33-8,,,0,,,0,,,0,,,0,,,0,NC,NC,0,판별불가(EPA IV ↔ Cat3/무범주 경계),,0,Not classified,0,1,Not classified,0,1,Not classified,0,1,,,0,,,0,,,0,,,0,,,0
MIX309,2634-33-5,1,1,0,1,1,1,1,1,1,1,1,1,1,1,1,2,2,0,2,1,1,2,1,1,2,1,1,2,1,1,1,1,0,1,1,1,1,1,1,1,1,1,1,1,1
MIX31,317815-83-1,2B,2B,0,2B,1,1,Not classified,0,1,2B,1,1,2B,1,1,NC,NC,0,판별불가(EPA IV ↔ Cat3/무범주 경계),,0,Not classified,0,1,Not classified,0,1,Not classified,0,1,NC,NC,0,Not classified,0,1,Not classified,0,1,Not classified,0,1,Not classified,0,1
MIX310,208465-21-8,,,0,,,0,,,0,,,0,,,0,NC,NC,0,판별불가(EPA IV ↔ Cat3/무범주 경계),,0,Not classified,0,1,Not classified,0,1,Not classified,0,1,,,0,,,0,,,0,,,0,,,0
MIX311,87392-12-9,,,0,,,0,,,0,,,0,,,0,2,2,0,2,1,1,2,1,1,2,1,1,2,1,1,1B,1B,0,1B,1,1,1B,1,1,1B,1,1,1B,1,1
MIX312,104206-82-8,,,0,,,0,,,0,,,0,,,0,NC,NC,0,판별불가(EPA IV ↔ Cat3/무범주 경계),,0,Not classified,0,1,Not classified,0,1,Not classified,0,1,,,0,,,0,,,0,,,0,,,0
MIX313,104206-82-8,,,0,,,0,,,0,,,0,,,0,NC,NC,0,판별불가(EPA IV ↔ Cat3/무범주 경계),,0,Not classified,0,1,Not classified,0,1,Not classified,0,1,,,0,,,0,,,0,,,0,,,0
MIX314,108-62-3,,,0,,,0,,,0,,,0,,,0,NC,NC,0,판별불가(EPA IV ↔ Cat3/무범주 경계),,0,Not classified,0,1,Not classified,0,1,Not classified,0,1,,,0,,,0,,,0,,,0,,,0
MIX315,220899-03-6,,,0,,,0,,,0,,,0,,,0,NC,NC,0,판별불가(EPA IV ↔ Cat3/무범주 경계),,0,Not classified,0,1,Not classified,0,1,Not classified,0,1,,,0,,,0,,,0,,,0,,,0
MIX316,142459-58-3,,,0,,,0,,,0,,,0,,,0,NC,NC,0,판별불가(EPA IV ↔ Cat3/무범주 경계),,0,Not classified,0,1,Not classified,0,1,Not classified,0,1,1,1,0,1,1,1,1,1,1,1,1,1,1,1,1
MIX317,138261-41-3,,,0,,,0,,,0,,,0,,,0,NC,NC,0,판별불가(EPA IV ↔ Cat3/무범주 경계),,0,Not classified,0,1,Not classified,0,1,Not classified,0,1,,,0,,,0,,,0,,,0,,,0
MIX318,35554-44-0,1,1,0,1,1,1,1,1,1,1,1,1,1,1,1,NC,NC,0,판별불가(EPA IV ↔ Cat3/무범주 경계),,0,Not classified,0,1,Not classified,0,1,Not classified,0,1,,,0,,,0,,,0,,,0,,,0
MIX319,74223-64-6,,,0,,,0,,,0,,,0,,,0,NC,NC,0,판별불가(EPA IV ↔ Cat3/무범주 경계),,0,Not classified,0,1,Not classified,0,1,Not classified,0,1,,,0,,,0,,,0,,,0,,,0
MIX32,71751-41-2,NC,NC,0,Not classified,0,1,Not classified,0,1,Not classified,0,1,Not classified,0,1,NC,NC,0,판별불가(EPA IV ↔ Cat3/무범주 경계),,0,Not classified,0,1,Not classified,0,1,Not classified,0,1,NC,NC,0,Not classified,0,1,Not classified,0,1,Not classified,0,1,Not classified,0,1
MIX320,82657-04-3,,,0,,,0,,,0,,,0,,,0,NC,NC,0,판별불가(EPA IV ↔ Cat3/무범주 경계),,0,Not classified,0,1,Not classified,0,1,Not classified,0,1,,,0,,,0,,,0,,,0,,,0
MIX321,51-03-6,,,0,,,0,,,0,,,0,,,0,NC,NC,0,판별불가(EPA IV ↔ Cat3/무범주 경계),,0,Not classified,0,1,Not classified,0,1,Not classified,0,1,,,0,,,0,,,0,,,0,,,0
MIX322,121-75-5,NC,NC,0,Not classified,0,1,Not classified,0,1,Not classified,0,1,Not classified,0,1,NC,NC,0,판별불가(EPA IV ↔ Cat3/무범주 경계),,0,Not classified,0,1,Not classified,0,1,Not classified,0,1,1,1,0,1,1,1,1,1,1,1,1,1,1,1,1
MIX323,8018-01-7,,,0,,,0,,,0,,,0,,,0,NC,NC,0,판별불가(EPA IV ↔ Cat3/무범주 경계),,0,Not classified,0,1,Not classified,0,1,Not classified,0,1,1,1,0,1,1,1,1,1,1,1,1,1,1,1,1
MIX324,148-79-8,,,0,,,0,,,0,,,0,,,0,NC,NC,0,판별불가(EPA IV ↔ Cat3/무범주 경계),,0,Not classified,0,1,Not classified,0,1,Not classified,0,1,1B,1B,0,1B,1,1,1B,1,1,1B,1,1,1B,1,1
MIX325,82657-04-3,,,0,,,0,,,0,,,0,,,0,NC,NC,0,판별불가(EPA IV ↔ Cat3/무범주 경계),,0,Not classified,0,1,Not classified,0,1,Not classified,0,1,,,0,,,0,,,0,,,0,,,0
MIX326,64742-47-8,,,0,,,0,,,0,,,0,,,0,NC,NC,0,판별불가(EPA IV ↔ Cat3/무범주 경계),,0,Not classified,0,1,Not classified,0,1,Not classified,0,1,,,0,,,0,,,0,,,0,,,0
MIX327,120068-37-3,,,0,,,0,,,0,,,0,,,0,NC,NC,0,판별불가(EPA IV ↔ Cat3/무범주 경계),,0,Not classified,0,1,Not classified,0,1,Not classified,0,1,,,0,,,0,,,0,,,0,,,0
MIX328,68439-49-6,,,0,,,0,,,0,,,0,,,0,NC,NC,0,판별불가(EPA IV ↔ Cat3/무범주 경계),,0,Not classified,0,1,Not classified,0,1,Not classified,0,1,,,0,,,0,,,0,,,0,,,0
MIX329,34256-82-1,NC,NC,0,Not classified,0,1,Not classified,0,1,Not classified,0,1,Not classified,0,1,NC,NC,0,Not classified,0,1,Not classified,0,1,Not classified,0,1,Not classified,0,1,NC,NC,0,Not classified,0,1,Not classified,0,1,Not classified,0,1,Not classified,0,1
MIX33,153719-23-4,NC,NC,0,Not classified,0,1,Not classified,0,1,Not classified,0,1,Not classified,0,1,NC,NC,0,판별불가(EPA IV ↔ Cat3/무범주 경계),,0,Not classified,0,1,Not classified,0,1,Not classified,0,1,NC,NC,0,Not classified,0,1,Not classified,0,1,Not classified,0,1,Not classified,0,1
MIX330,95737-68-1,,,0,,,0,,,0,,,0,,,0,NC,NC,0,판별불가(EPA IV ↔ Cat3/무범주 경계),,0,Not classified,0,1,Not classified,0,1,Not classified,0,1,,,0,,,0,,,0,,,0,,,0
MIX331,34256-82-1,,,0,,,0,,,0,,,0,,,0,NC,NC,0,판별불가(EPA IV ↔ Cat3/무범주 경계),,0,Not classified,0,1,Not classified,0,1,Not classified,0,1,,,0,,,0,,,0,,,0,,,0
MIX332,51-03-6,,,0,,,0,,,0,,,0,,,0,NC,NC,0,판별불가(EPA IV ↔ Cat3/무범주 경계),,0,Not classified,0,1,Not classified,0,1,Not classified,0,1,,,0,,,0,,,0,,,0,,,0
MIX333,34256-82-1,,,0,,,0,,,0,,,0,,,0,NC,NC,0,판별불가(EPA IV ↔ Cat3/무범주 경계),,0,Not classified,0,1,Not classified,0,1,Not classified,0,1,,,0,,,0,,,0,,,0,,,0
MIX334,34256-82-1,,,0,,,0,,,0,,,0,,,0,NC,NC,0,판별불가(EPA IV ↔ Cat3/무범주 경계),,0,Not classified,0,1,Not classified,0,1,Not classified,0,1,1,1,0,1,1,1,1,1,1,1,1,1,1,1,1
MIX335,203313-25-1,,,0,,,0,,,0,,,0,,,0,NC,NC,0,판별불가(EPA IV ↔ Cat3/무범주 경계),,0,Not classified,0,1,Not classified,0,1,Not classified,0,1,1B,1B,0,1B,1,1,1B,1,1,1B,1,1,1B,1,1
MIX336,75-28-5,,,0,,,0,,,0,,,0,,,0,2B,2,1,2,1,1,2,1,1,2,1,1,2,1,1,,,0,,,0,,,0,,,0,,,0
MIX337,35367-38-5,2B,2B,0,2B,1,1,Not classified,0,1,2B,1,1,2B,1,1,NC,NC,0,판별불가(EPA IV ↔ Cat3/무범주 경계),,0,Not classified,0,1,Not classified,0,1,Not classified,0,1,,,0,,,0,,,0,,,0,,,0
MIX338,60207-90-1,2B,2B,0,2B,1,1,Not classified,0,1,2B,1,1,2B,1,1,1,1,0,1,1,1,1,1,1,1,1,1,1,1,1,NC,NC,0,Not classified,0,1,Not classified,0,1,Not classified,0,1,Not classified,0,1
MIX339,8018-01-7,NC,NC,0,Not classified,0,1,Not classified,0,1,Not classified,0,1,Not classified,0,1,NC,NC,0,Not classified,0,1,Not classified,0,1,Not classified,0,1,Not classified,0,1,NC,NC,0,Not classified,0,1,Not classified,0,1,Not classified,0,1,Not classified,0,1
MIX34,210880-92-5,,,0,,,0,,,0,,,0,,,0,NC,NC,0,판별불가(EPA IV ↔ Cat3/무범주 경계),,0,Not classified,0,1,Not classified,0,1,Not classified,0,1,NC,NC,0,Not classified,0,1,Not classified,0,1,Not classified,0,1,Not classified,0,1
MIX340,111991-09-4,,,0,,,0,,,0,,,0,,,0,NC,NC,0,판별불가(EPA IV ↔ Cat3/무범주 경계),,0,Not classified,0,1,Not classified,0,1,Not classified,0,1,,,0,,,0,,,0,,,0,,,0
MIX341,120068-37-3,,,0,,,0,,,0,,,0,,,0,NC,NC,0,판별불가(EPA IV ↔ Cat3/무범주 경계),,0,Not classified,0,1,Not classified,0,1,Not classified,0,1,,,0,,,0,,,0,,,0,,,0
MIX342,98886-44-3,NC,NC,0,Not classified,0,1,Not classified,0,1,Not classified,0,1,Not classified,0,1,2B,2,1,2,1,1,2,1,1,2,1,1,2,1,1,1,1,0,1,1,1,1,1,1,1,1,1,1,1,1
MIX343,2893-78-9,1,1,0,1,1,1,1,1,1,1,1,1,1,1,1,2B,2,1,2,1,1,2,1,1,2,1,1,2,1,1,,,0,,,0,,,0,,,0,,,0
MIX344,66215-27-8,,,0,,,0,,,0,,,0,,,0,NC,NC,0,판별불가(EPA IV ↔ Cat3/무범주 경계),,0,Not classified,0,1,Not classified,0,1,Not classified,0,1,,,0,,,0,,,0,,,0,,,0
MIX345,123-33-1,NC,NC,0,Not classified,0,1,Not classified,0,1,Not classified,0,1,Not classified,0,1,NC,NC,0,판별불가(EPA IV ↔ Cat3/무범주 경계),,0,Not classified,0,1,Not classified,0,1,Not classified,0,1,1,1,0,1,1,1,1,1,1,1,1,1,1,1,1
MIX346,3567-25-7,,,0,,,0,,,0,,,0,,,0,NC,NC,0,판별불가(EPA IV ↔ Cat3/무범주 경계),,0,Not classified,0,1,Not classified,0,1,Not classified,0,1,,,0,,,0,,,0,,,0,,,0
MIX347,129909-90-6,1,1,0,1,1,1,1,1,1,1,1,1,1,1,1,2,2,0,2,1,1,2,1,1,2,1,1,2,1,1,1,1,0,1,1,1,1,1,1,1,1,1,1,1,1
MIX348,111991-09-4,,,0,,,0,,,0,,,0,,,0,NC,NC,0,판별불가(EPA IV ↔ Cat3/무범주 경계),,0,Not classified,0,1,Not classified,0,1,Not classified,0,1,,,0,,,0,,,0,,,0,,,0
MIX349,2032-65-7,,,0,,,0,,,0,,,0,,,0,,,0,,,0,,,0,,,0,,,0,,,0,,,0,,,0,,,0,,,0
MIX35,82657-04-3,,,0,,,0,,,0,,,0,,,0,,,0,,,0,,,0,,,0,,,0,,,0,,,0,,,0,,,0,,,0
MIX350,88-04-0,2A,2A,0,2A,1,1,2A,1,1,2A,1,1,2A,1,1,2,2,0,2,1,1,2,1,1,2,1,1,2,1,1,1,1,0,1,1,1,1,1,1,1,1,1,1,1,1
MIX351,141776-32-1,NC,NC,0,Not classified,0,1,Not classified,0,1,Not classified,0,1,Not classified,0,1,NC,NC,0,판별불가(EPA IV ↔ Cat3/무범주 경계),,0,Not classified,0,1,Not classified,0,1,Not classified,0,1,NC,NC,0,Not classified,0,1,Not classified,0,1,Not classified,0,1,Not classified,0,1
MIX352,210880-92-5,,,0,,,0,,,0,,,0,,,0,NC,NC,0,판별불가(EPA IV ↔ Cat3/무범주 경계),,0,Not classified,0,1,Not classified,0,1,Not classified,0,1,,,0,,,0,,,0,,,0,,,0
MIX353,141776-32-1,,,0,,,0,,,0,,,0,,,0,NC,NC,0,판별불가(EPA IV ↔ Cat3/무범주 경계),,0,Not classified,0,1,Not classified,0,1,Not classified,0,1,,,0,,,0,,,0,,,0,,,0
MIX354,181274-15-7,,,0,,,0,,,0,,,0,,,0,NC,NC,0,판별불가(EPA IV ↔ Cat3/무범주 경계),,0,Not classified,0,1,Not classified,0,1,Not classified,0,1,NC,NC,0,Not classified,0,1,Not classified,0,1,Not classified,0,1,Not classified,0,1
MIX355,138261-41-3,,,0,,,0,,,0,,,0,,,0,2B,2,1,2,1,1,2,1,1,2,1,1,2,1,1,,,0,,,0,,,0,,,0,,,0
MIX356,57-50-1,NC,NC,0,Not classified,0,1,Not classified,0,1,Not classified,0,1,Not classified,0,1,NC,NC,0,판별불가(EPA IV ↔ Cat3/무범주 경계),,0,Not classified,0,1,Not classified,0,1,Not classified,0,1,,,0,,,0,,,0,,,0,,,0
MIX357,141112-29-0,NC,NC,0,Not classified,0,1,Not classified,0,1,Not classified,0,1,Not classified,0,1,NC,NC,0,판별불가(EPA IV ↔ Cat3/무범주 경계),,0,Not classified,0,1,Not classified,0,1,Not classified,0,1,,,0,,,0,,,0,,,0,,,0
MIX358,149877-41-8,2A,2A,0,2A,1,1,2A,1,1,2A,1,1,2A,1,1,NC,NC,0,판별불가(EPA IV ↔ Cat3/무범주 경계),,0,Not classified,0,1,Not classified,0,1,Not classified,0,1,1,1,0,1,1,1,1,1,1,1,1,1,1,1,1
MIX359,330-54-1,,,0,,,0,,,0,,,0,,,0,1,1,0,1,1,1,1,1,1,1,1,1,1,1,1,,,0,,,0,,,0,,,0,,,0
MIX36,243973-20-8,NC,NC,0,Not classified,0,1,Not classified,0,1,Not classified,0,1,Not classified,0,1,2B,2,1,2,1,1,2,1,1,2,1,1,2,1,1,1A,1A,0,1A,1,1,1A,1,1,1A,1,1,1A,1,1
MIX360,2634-33-5,,,0,,,0,,,0,,,0,,,0,2A,2,1,2,1,1,2,1,1,2,1,1,2,1,1,,,0,,,0,,,0,,,0,,,0
MIX361,52-51-7,,,0,,,0,,,0,,,0,,,0,2A,2,1,2,1,1,2,1,1,2,1,1,2,1,1,,,0,,,0,,,0,,,0,,,0
MIX362,57-55-6,,,0,,,0,,,0,,,0,,,0,NC,NC,0,판별불가(EPA IV ↔ Cat3/무범주 경계),,0,Not classified,0,1,Not classified,0,1,Not classified,0,1,,,0,,,0,,,0,,,0,,,0
MIX363,1071-83-6,2A,2A,0,2A,1,1,2A,1,1,2A,1,1,2A,1,1,2,2,0,2,1,1,2,1,1,2,1,1,2,1,1,,,0,,,0,,,0,,,0,,,0
MIX364,127277-53-6,NC,NC,0,Not classified,0,1,Not classified,0,1,Not classified,0,1,Not classified,0,1,NC,NC,0,Not classified,0,1,Not classified,0,1,Not classified,0,1,Not classified,0,1,NC,NC,0,Not classified,0,1,Not classified,0,1,Not classified,0,1,Not classified,0,1
MIX365,7783-20-2,,,0,,,0,,,0,,,0,,,0,NC,NC,0,판별불가(EPA IV ↔ Cat3/무범주 경계),,0,Not classified,0,1,Not classified,0,1,Not classified,0,1,,,0,,,0,,,0,,,0,,,0
MIX366,60207-90-1,,,0,,,0,,,0,,,0,,,0,NC,NC,0,판별불가(EPA IV ↔ Cat3/무범주 경계),,0,Not classified,0,1,Not classified,0,1,Not classified,0,1,1,1,0,1,1,1,1,1,1,1,1,1,1,1,1
MIX367,60207-90-1,,,0,,,0,,,0,,,0,,,0,NC,NC,0,판별불가(EPA IV ↔ Cat3/무범주 경계),,0,Not classified,0,1,Not classified,0,1,Not classified,0,1,1,1,0,1,1,1,1,1,1,1,1,1,1,1,1
MIX368,210880-92-5,,,0,,,0,,,0,,,0,,,0,NC,NC,0,판별불가(EPA IV ↔ Cat3/무범주 경계),,0,Not classified,0,1,Not classified,0,1,Not classified,0,1,,,0,,,0,,,0,,,0,,,0
MIX369,107534-96-3,,,0,,,0,,,0,,,0,,,0,NC,NC,0,판별불가(EPA IV ↔ Cat3/무범주 경계),,0,Not classified,0,1,Not classified,0,1,Not classified,0,1,,,0,,,0,,,0,,,0,,,0
MIX37,81406-37-3,2A,2A,0,2A,1,1,2A,1,1,2A,1,1,2A,1,1,2B,2,1,2,1,1,2,1,1,2,1,1,2,1,1,1,1,0,1,1,1,1,1,1,1,1,1,1,1,1
MIX370,107534-96-3,NC,NC,0,Not classified,0,1,Not classified,0,1,Not classified,0,1,Not classified,0,1,NC,NC,0,판별불가(EPA IV ↔ Cat3/무범주 경계),,0,Not classified,0,1,Not classified,0,1,Not classified,0,1,NC,NC,0,Not classified,0,1,Not classified,0,1,Not classified,0,1,Not classified,0,1
MIX371,51-03-6,2B,2B,0,2B,1,1,Not classified,0,1,2B,1,1,2B,1,1,2B,2,1,2,1,1,2,1,1,2,1,1,2,1,1,,,0,,,0,,,0,,,0,,,0
MIX372,365400-11-9,NC,NC,0,Not classified,0,1,Not classified,0,1,Not classified,0,1,Not classified,0,1,NC,NC,0,판별불가(EPA IV ↔ Cat3/무범주 경계),,0,Not classified,0,1,Not classified,0,1,Not classified,0,1,,,0,,,0,,,0,,,0,,,0
MIX373,179101-81-6,,,0,,,0,,,0,,,0,,,0,NC,NC,0,판별불가(EPA IV ↔ Cat3/무범주 경계),,0,Not classified,0,1,Not classified,0,1,Not classified,0,1,1,1,0,1,1,1,1,1,1,1,1,1,1,1,1
MIX374,7786-80-3,,,0,,,0,,,0,,,0,,,0,2B,2,1,2,1,1,2,1,1,2,1,1,2,1,1,,,0,,,0,,,0,,,0,,,0
MIX375,131860-33-8,1,1,0,1,1,1,1,1,1,1,1,1,1,1,1,NC,NC,0,판별불가(EPA IV ↔ Cat3/무범주 경계),,0,Not classified,0,1,Not classified,0,1,Not classified,0,1,1,1,0,1,1,1,1,1,1,1,1,1,1,1,1
MIX376,1897-45-6,,,0,,,0,,,0,,,0,,,0,NC,NC,0,판별불가(EPA IV ↔ Cat3/무범주 경계),,0,Not classified,0,1,Not classified,0,1,Not classified,0,1,,,0,,,0,,,0,,,0,,,0
MIX377,124495-18-7,NC,NC,0,Not classified,0,1,Not classified,0,1,Not classified,0,1,Not classified,0,1,NC,NC,0,Not classified,0,1,Not classified,0,1,Not classified,0,1,Not classified,0,1,1,1,0,1,1,1,1,1,1,1,1,1,1,1,1
MIX378,5131-66-8,NC,NC,0,Not classified,0,1,Not classified,0,1,Not classified,0,1,Not classified,0,1,2A,2,1,2,1,1,2,1,1,2,1,1,2,1,1,,,0,,,0,,,0,,,0,,,0
MIX379,72490-01-8,,,0,,,0,,,0,,,0,,,0,NC,NC,0,판별불가(EPA IV ↔ Cat3/무범주 경계),,0,Not classified,0,1,Not classified,0,1,Not classified,0,1,,,0,,,0,,,0,,,0,,,0
MIX38,834-12-8,2A,2A,0,2A,1,1,2A,1,1,2A,1,1,2A,1,1,NC,NC,0,판별불가(EPA IV ↔ Cat3/무범주 경계),,0,Not classified,0,1,Not classified,0,1,Not classified,0,1,,,0,,,0,,,0,,,0,,,0
MIX380,114-26-1,,,0,,,0,,,0,,,0,,,0,NC,NC,0,판별불가(EPA IV ↔ Cat3/무범주 경계),,0,Not classified,0,1,Not classified,0,1,Not classified,0,1,,,0,,,0,,,0,,,0,,,0
MIX381,56-81-5,,,0,,,0,,,0,,,0,,,0,NC,NC,0,판별불가(EPA IV ↔ Cat3/무범주 경계),,0,Not classified,0,1,Not classified,0,1,Not classified,0,1,,,0,,,0,,,0,,,0,,,0
MIX382,22248-79-9,,,0,,,0,,,0,,,0,,,0,1,1,0,1,1,1,1,1,1,1,1,1,1,1,1,,,0,,,0,,,0,,,0,,,0
MIX383,272451-65-7,NC,NC,0,Not classified,0,1,Not classified,0,1,Not classified,0,1,Not classified,0,1,NC,NC,0,판별불가(EPA IV ↔ Cat3/무범주 경계),,0,Not classified,0,1,Not classified,0,1,Not classified,0,1,NC,NC,0,Not classified,0,1,Not classified,0,1,Not classified,0,1,Not classified,0,1
MIX384,33089-61-1,,,0,,,0,,,0,,,0,,,0,,,0,,,0,,,0,,,0,,,0,,,0,,,0,,,0,,,0,,,0
MIX385,153719-23-4,,,0,,,0,,,0,,,0,,,0,NC,NC,0,판별불가(EPA IV ↔ Cat3/무범주 경계),,0,Not classified,0,1,Not classified,0,1,Not classified,0,1,,,0,,,0,,,0,,,0,,,0
MIX386,138261-41-3,,,0,,,0,,,0,,,0,,,0,NC,NC,0,판별불가(EPA IV ↔ Cat3/무범주 경계),,0,Not classified,0,1,Not classified,0,1,Not classified,0,1,,,0,,,0,,,0,,,0,,,0
MIX387,81335-77-5,NC,NC,0,Not classified,0,1,Not classified,0,1,Not classified,0,1,Not classified,0,1,NC,NC,0,판별불가(EPA IV ↔ Cat3/무범주 경계),,0,Not classified,0,1,Not classified,0,1,Not classified,0,1,NC,NC,0,Not classified,0,1,Not classified,0,1,Not classified,0,1,Not classified,0,1
MIX388,1310-73-2,1,1,0,1,1,1,1,1,1,1,1,1,1,1,1,2B,2,1,2,1,1,2,1,1,2,1,1,2,1,1,1,1,0,1,1,1,1,1,1,1,1,1,1,1,1
MIX389,101200-48-0,,,0,,,0,,,0,,,0,,,0,NC,NC,0,판별불가(EPA IV ↔ Cat3/무범주 경계),,0,Not classified,0,1,Not classified,0,1,Not classified,0,1,,,0,,,0,,,0,,,0,,,0
MIX39,131860-33-8,,,0,,,0,,,0,,,0,,,0,NC,NC,0,판별불가(EPA IV ↔ Cat3/무범주 경계),,0,Not classified,0,1,Not classified,0,1,Not classified,0,1,,,0,,,0,,,0,,,0,,,0
MIX390,107534-96-3,,,0,,,0,,,0,,,0,,,0,NC,NC,0,판별불가(EPA IV ↔ Cat3/무범주 경계),,0,Not classified,0,1,Not classified,0,1,Not classified,0,1,,,0,,,0,,,0,,,0,,,0
MIX391,7704-34-9,,,0,,,0,,,0,,,0,,,0,NC,NC,0,판별불가(EPA IV ↔ Cat3/무범주 경계),,0,Not classified,0,1,Not classified,0,1,Not classified,0,1,,,0,,,0,,,0,,,0,,,0
MIX392,12069-69-1,,,0,,,0,,,0,,,0,,,0,NC,NC,0,판별불가(EPA IV ↔ Cat3/무범주 경계),,0,Not classified,0,1,Not classified,0,1,Not classified,0,1,,,0,,,0,,,0,,,0,,,0
MIX393,1928-43-4,,,0,,,0,,,0,,,0,,,0,2B,2,1,2,1,1,2,1,1,2,1,1,2,1,1,,,0,,,0,,,0,,,0,,,0
MIX394,107534-96-3,1,1,0,1,1,1,1,1,1,1,1,1,1,1,1,1,1,0,1,1,1,1,1,1,1,1,1,1,1,1,1,1,0,1,1,1,1,1,1,1,1,1,1,1,1
MIX395,107534-96-3,1,1,0,1,1,1,1,1,1,1,1,1,1,1,1,2B,2,1,2,1,1,2,1,1,2,1,1,2,1,1,1,1,0,1,1,1,1,1,1,1,1,1,1,1,1
MIX396,64742-47-8,,,0,,,0,,,0,,,0,,,0,NC,NC,0,판별불가(EPA IV ↔ Cat3/무범주 경계),,0,Not classified,0,1,Not classified,0,1,Not classified,0,1,,,0,,,0,,,0,,,0,,,0
MIX397,53112-28-0,NC,NC,0,Not classified,0,1,Not classified,0,1,Not classified,0,1,Not classified,0,1,NC,NC,0,판별불가(EPA IV ↔ Cat3/무범주 경계),,0,Not classified,0,1,Not classified,0,1,Not classified,0,1,NC,NC,0,Not classified,0,1,Not classified,0,1,Not classified,0,1,Not classified,0,1
MIX398,210880-92-5,,,0,,,0,,,0,,,0,,,0,NC,NC,0,판별불가(EPA IV ↔ Cat3/무범주 경계),,0,Not classified,0,1,Not classified,0,1,Not classified,0,1,NC,NC,0,Not classified,0,1,Not classified,0,1,Not classified,0,1,Not classified,0,1
MIX399,210880-92-5,1,1,0,1,1,1,1,1,1,1,1,1,1,1,1,NC,NC,0,판별불가(EPA IV ↔ Cat3/무범주 경계),,0,Not classified,0,1,Not classified,0,1,Not classified,0,1,,,0,,,0,,,0,,,0,,,0
MIX4,104206-82-8,,,0,,,0,,,0,,,0,,,0,NC,NC,0,판별불가(EPA IV ↔ Cat3/무범주 경계),,0,Not classified,0,1,Not classified,0,1,Not classified,0,1,,,0,,,0,,,0,,,0,,,0
MIX40,129909-90-6,,,0,,,0,,,0,,,0,,,0,NC,NC,0,판별불가(EPA IV ↔ Cat3/무범주 경계),,0,Not classified,0,1,Not classified,0,1,Not classified,0,1,,,0,,,0,,,0,,,0,,,0
MIX400,52-51-7,,,0,,,0,,,0,,,0,,,0,1,1,0,1,1,1,1,1,1,1,1,1,1,1,1,,,0,,,0,,,0,,,0,,,0
MIX401,494793-67-8,2B,2B,0,2B,1,1,Not classified,0,1,2B,1,1,2B,1,1,NC,NC,0,판별불가(EPA IV ↔ Cat3/무범주 경계),,0,Not classified,0,1,Not classified,0,1,Not classified,0,1,,,0,,,0,,,0,,,0,,,0
MIX402,219714-96-2,,,0,,,0,,,0,,,0,,,0,NC,NC,0,판별불가(EPA IV ↔ Cat3/무범주 경계),,0,Not classified,0,1,Not classified,0,1,Not classified,0,1,NC,NC,0,Not classified,0,1,Not classified,0,1,Not classified,0,1,Not classified,0,1
MIX403,138261-41-3,2B,2B,0,2B,1,1,Not classified,0,1,2B,1,1,2B,1,1,NC,NC,0,판별불가(EPA IV ↔ Cat3/무범주 경계),,0,Not classified,0,1,Not classified,0,1,Not classified,0,1,NC,NC,0,Not classified,0,1,Not classified,0,1,Not classified,0,1,Not classified,0,1
MIX404,494793-67-8,,,0,,,0,,,0,,,0,,,0,NC,NC,0,판별불가(EPA IV ↔ Cat3/무범주 경계),,0,Not classified,0,1,Not classified,0,1,Not classified,0,1,,,0,,,0,,,0,,,0,,,0
MIX405,138261-41-3,NC,NC,0,Not classified,0,1,Not classified,0,1,Not classified,0,1,Not classified,0,1,NC,NC,0,판별불가(EPA IV ↔ Cat3/무범주 경계),,0,Not classified,0,1,Not classified,0,1,Not classified,0,1,NC,NC,0,Not classified,0,1,Not classified,0,1,Not classified,0,1,Not classified,0,1
MIX406,16752-77-5,1,1,0,1,1,1,1,1,1,1,1,1,1,1,1,NC,NC,0,판별불가(EPA IV ↔ Cat3/무범주 경계),,0,Not classified,0,1,Not classified,0,1,Not classified,0,1,,,0,,,0,,,0,,,0,,,0
MIX407,178928-70-6,,,0,,,0,,,0,,,0,,,0,NC,NC,0,판별불가(EPA IV ↔ Cat3/무범주 경계),,0,Not classified,0,1,Not classified,0,1,Not classified,0,1,1,1,0,1,1,1,1,1,1,1,1,1,1,1,1
MIX408,111991-09-4,,,0,,,0,,,0,,,0,,,0,NC,NC,0,판별불가(EPA IV ↔ Cat3/무범주 경계),,0,Not classified,0,1,Not classified,0,1,Not classified,0,1,,,0,,,0,,,0,,,0,,,0
MIX409,107534-96-3,,,0,,,0,,,0,,,0,,,0,NC,NC,0,판별불가(EPA IV ↔ Cat3/무범주 경계),,0,Not classified,0,1,Not classified,0,1,Not classified,0,1,,,0,,,0,,,0,,,0,,,0
MIX41,111-30-8,,,0,,,0,,,0,,,0,,,0,2B,2,1,2,1,1,2,1,1,2,1,1,2,1,1,,,0,,,0,,,0,,,0,,,0
MIX410,79277-27-3,,,0,,,0,,,0,,,0,,,0,NC,NC,0,판별불가(EPA IV ↔ Cat3/무범주 경계),,0,Not classified,0,1,Not classified,0,1,Not classified,0,1,,,0,,,0,,,0,,,0,,,0
MIX411,183675-82-3,,,0,,,0,,,0,,,0,,,0,NC,NC,0,판별불가(EPA IV ↔ Cat3/무범주 경계),,0,Not classified,0,1,Not classified,0,1,Not classified,0,1,,,0,,,0,,,0,,,0,,,0
MIX412,36734-19-7,,,0,,,0,,,0,,,0,,,0,NC,NC,0,판별불가(EPA IV ↔ Cat3/무범주 경계),,0,Not classified,0,1,Not classified,0,1,Not classified,0,1,,,0,,,0,,,0,,,0,,,0
MIX413,183675-82-3,,,0,,,0,,,0,,,0,,,0,NC,NC,0,판별불가(EPA IV ↔ Cat3/무범주 경계),,0,Not classified,0,1,Not classified,0,1,Not classified,0,1,,,0,,,0,,,0,,,0,,,0
MIX414,94-75-7,,,0,,,0,,,0,,,0,,,0,NC,NC,0,판별불가(EPA IV ↔ Cat3/무범주 경계),,0,Not classified,0,1,Not classified,0,1,Not classified,0,1,,,0,,,0,,,0,,,0,,,0
MIX415,141517-21-7,,,0,,,0,,,0,,,0,,,0,NC,NC,0,판별불가(EPA IV ↔ Cat3/무범주 경계),,0,Not classified,0,1,Not classified,0,1,Not classified,0,1,NC,NC,0,Not classified,0,1,Not classified,0,1,Not classified,0,1,Not classified,0,1
MIX416,7704-34-9,,,0,,,0,,,0,,,0,,,0,NC,NC,0,판별불가(EPA IV ↔ Cat3/무범주 경계),,0,Not classified,0,1,Not classified,0,1,Not classified,0,1,,,0,,,0,,,0,,,0,,,0
MIX417,188489-07-8,,,0,,,0,,,0,,,0,,,0,NC,NC,0,판별불가(EPA IV ↔ Cat3/무범주 경계),,0,Not classified,0,1,Not classified,0,1,Not classified,0,1,,,0,,,0,,,0,,,0,,,0
MIX418,52645-53-1,,,0,,,0,,,0,,,0,,,0,NC,NC,0,판별불가(EPA IV ↔ Cat3/무범주 경계),,0,Not classified,0,1,Not classified,0,1,Not classified,0,1,1,1,0,1,1,1,1,1,1,1,1,1,1,1,1
MIX419,7704-34-9,NC,NC,0,Not classified,0,1,Not classified,0,1,Not classified,0,1,Not classified,0,1,2B,2,1,2,1,1,2,1,1,2,1,1,2,1,1,,,0,,,0,,,0,,,0,,,0
MIX42,566191-89-7,NC,NC,0,Not classified,0,1,Not classified,0,1,Not classified,0,1,Not classified,0,1,NC,NC,0,Not classified,0,1,Not classified,0,1,Not classified,0,1,Not classified,0,1,NC,NC,0,Not classified,0,1,Not classified,0,1,Not classified,0,1,Not classified,0,1
MIX420,135397-30-7,,,0,,,0,,,0,,,0,,,0,2B,2,1,2,1,1,2,1,1,2,1,1,2,1,1,,,0,,,0,,,0,,,0,,,0
MIX421,7704-34-9,,,0,,,0,,,0,,,0,,,0,NC,NC,0,판별불가(EPA IV ↔ Cat3/무범주 경계),,0,Not classified,0,1,Not classified,0,1,Not classified,0,1,,,0,,,0,,,0,,,0,,,0
MIX422,117428-22-5,2A,2A,0,2A,1,1,2A,1,1,2A,1,1,2A,1,1,NC,NC,0,판별불가(EPA IV ↔ Cat3/무범주 경계),,0,Not classified,0,1,Not classified,0,1,Not classified,0,1,,,0,,,0,,,0,,,0,,,0
MIX423,14808-60-7,,,0,,,0,,,0,,,0,,,0,NC,NC,0,판별불가(EPA IV ↔ Cat3/무범주 경계),,0,Not classified,0,1,Not classified,0,1,Not classified,0,1,,,0,,,0,,,0,,,0,,,0
MIX424,80844-07-1,,,0,,,0,,,0,,,0,,,0,NC,NC,0,판별불가(EPA IV ↔ Cat3/무범주 경계),,0,Not classified,0,1,Not classified,0,1,Not classified,0,1,,,0,,,0,,,0,,,0,,,0
MIX425,97-99-4,2A,2A,0,2A,1,1,2A,1,1,2A,1,1,2A,1,1,NC,NC,0,판별불가(EPA IV ↔ Cat3/무범주 경계),,0,Not classified,0,1,Not classified,0,1,Not classified,0,1,1,1,0,1,1,1,1,1,1,1,1,1,1,1,1
MIX426,56-81-5,,,0,,,0,,,0,,,0,,,0,NC,NC,0,판별불가(EPA IV ↔ Cat3/무범주 경계),,0,Not classified,0,1,Not classified,0,1,Not classified,0,1,,,0,,,0,,,0,,,0,,,0
MIX427,138261-41-3,,,0,,,0,,,0,,,0,,,0,NC,NC,0,판별불가(EPA IV ↔ Cat3/무범주 경계),,0,Not classified,0,1,Not classified,0,1,Not classified,0,1,,,0,,,0,,,0,,,0,,,0
MIX428,153719-23-4,,,0,,,0,,,0,,,0,,,0,NC,NC,0,판별불가(EPA IV ↔ Cat3/무범주 경계),,0,Not classified,0,1,Not classified,0,1,Not classified,0,1,,,0,,,0,,,0,,,0,,,0
MIX429,330-54-1,2A,2A,0,2A,1,1,2A,1,1,2A,1,1,2A,1,1,2B,2,1,2,1,1,2,1,1,2,1,1,2,1,1,NC,NC,0,Not classified,0,1,Not classified,0,1,Not classified,0,1,Not classified,0,1
MIX43,33089-61-1,,,0,,,0,,,0,,,0,,,0,2B,2,1,2,1,1,2,1,1,2,1,1,2,1,1,1,1,0,1,1,1,1,1,1,1,1,1,1,1,1
MIX430,137-26-8,2A,2A,0,2A,1,1,2A,1,1,2A,1,1,2A,1,1,2B,2,1,2,1,1,2,1,1,2,1,1,2,1,1,1,1,0,1,1,1,1,1,1,1,1,1,1,1,1
MIX431,30560-19-1,NC,NC,0,Not classified,0,1,Not classified,0,1,Not classified,0,1,Not classified,0,1,NC,NC,0,판별불가(EPA IV ↔ Cat3/무범주 경계),,0,Not classified,0,1,Not classified,0,1,Not classified,0,1,NC,NC,0,Not classified,0,1,Not classified,0,1,Not classified,0,1,Not classified,0,1
MIX432,21087-64-9,,,0,,,0,,,0,,,0,,,0,NC,NC,0,판별불가(EPA IV ↔ Cat3/무범주 경계),,0,Not classified,0,1,Not classified,0,1,Not classified,0,1,,,0,,,0,,,0,,,0,,,0
MIX433,53112-28-0,NC,NC,0,Not classified,0,1,Not classified,0,1,Not classified,0,1,Not classified,0,1,2A,2,1,2,1,1,2,1,1,2,1,1,2,1,1,NC,NC,0,Not classified,0,1,Not classified,0,1,Not classified,0,1,Not classified,0,1
MIX434,91465-08-6,NC,NC,0,Not classified,0,1,Not classified,0,1,Not classified,0,1,Not classified,0,1,NC,NC,0,판별불가(EPA IV ↔ Cat3/무범주 경계),,0,Not classified,0,1,Not classified,0,1,Not classified,0,1,,,0,,,0,,,0,,,0,,,0
MIX435,23031-36-9,,,0,,,0,,,0,,,0,,,0,NC,NC,0,판별불가(EPA IV ↔ Cat3/무범주 경계),,0,Not classified,0,1,Not classified,0,1,Not classified,0,1,,,0,,,0,,,0,,,0,,,0
MIX436,57754-85-5,,,0,,,0,,,0,,,0,,,0,NC,NC,0,판별불가(EPA IV ↔ Cat3/무범주 경계),,0,Not classified,0,1,Not classified,0,1,Not classified,0,1,NC,NC,0,Not classified,0,1,Not classified,0,1,Not classified,0,1,Not classified,0,1
MIX437,79622-59-6,,,0,,,0,,,0,,,0,,,0,1,1,0,1,1,1,1,1,1,1,1,1,1,1,1,,,0,,,0,,,0,,,0,,,0
MIX438,68476-86-8,,,0,,,0,,,0,,,0,,,0,2B,2,1,2,1,1,2,1,1,2,1,1,2,1,1,,,0,,,0,,,0,,,0,,,0
MIX439,64-17-5,2B,2B,0,2B,1,1,Not classified,0,1,2B,1,1,2B,1,1,NC,NC,0,판별불가(EPA IV ↔ Cat3/무범주 경계),,0,Not classified,0,1,Not classified,0,1,Not classified,0,1,NC,NC,0,Not classified,0,1,Not classified,0,1,Not classified,0,1,Not classified,0,1
MIX44,33089-61-1,NC,NC,0,Not classified,0,1,Not classified,0,1,Not classified,0,1,Not classified,0,1,NC,NC,0,판별불가(EPA IV ↔ Cat3/무범주 경계),,0,Not classified,0,1,Not classified,0,1,Not classified,0,1,1,1,0,1,1,1,1,1,1,1,1,1,1,1,1
MIX440,874967-67-6,2B,2B,0,2B,1,1,Not classified,0,1,2B,1,1,2B,1,1,NC,NC,0,판별불가(EPA IV ↔ Cat3/무범주 경계),,0,Not classified,0,1,Not classified,0,1,Not classified,0,1,NC,NC,0,Not classified,0,1,Not classified,0,1,Not classified,0,1,Not classified,0,1
MIX441,874967-67-6,NC,NC,0,Not classified,0,1,Not classified,0,1,Not classified,0,1,Not classified,0,1,NC,NC,0,판별불가(EPA IV ↔ Cat3/무범주 경계),,0,Not classified,0,1,Not classified,0,1,Not classified,0,1,,,0,,,0,,,0,,,0,,,0
MIX442,1317-39-1,,,0,,,0,,,0,,,0,,,0,2B,2,1,2,1,1,2,1,1,2,1,1,2,1,1,,,0,,,0,,,0,,,0,,,0
MIX443,56-81-5,,,0,,,0,,,0,,,0,,,0,NC,NC,0,판별불가(EPA IV ↔ Cat3/무범주 경계),,0,Not classified,0,1,Not classified,0,1,Not classified,0,1,,,0,,,0,,,0,,,0,,,0
MIX444,66230-04-4,,,0,,,0,,,0,,,0,,,0,,,0,,,0,,,0,,,0,,,0,,,0,,,0,,,0,,,0,,,0
MIX445,38641-94-0,1,1,0,1,1,1,1,1,1,1,1,1,1,1,1,NC,NC,0,판별불가(EPA IV ↔ Cat3/무범주 경계),,0,Not classified,0,1,Not classified,0,1,Not classified,0,1,NC,NC,0,Not classified,0,1,Not classified,0,1,Not classified,0,1,Not classified,0,1
MIX446,138261-41-3,,,0,,,0,,,0,,,0,,,0,NC,NC,0,판별불가(EPA IV ↔ Cat3/무범주 경계),,0,Not classified,0,1,Not classified,0,1,Not classified,0,1,,,0,,,0,,,0,,,0,,,0
MIX447,87392-12-9,NC,NC,0,Not classified,0,1,Not classified,0,1,Not classified,0,1,Not classified,0,1,NC,NC,0,판별불가(EPA IV ↔ Cat3/무범주 경계),,0,Not classified,0,1,Not classified,0,1,Not classified,0,1,1,1,0,1,1,1,1,1,1,1,1,1,1,1,1
MIX448,372137-35-4,,,0,,,0,,,0,,,0,,,0,NC,NC,0,판별불가(EPA IV ↔ Cat3/무범주 경계),,0,Not classified,0,1,Not classified,0,1,Not classified,0,1,,,0,,,0,,,0,,,0,,,0
MIX449,1330-20-7,,,0,,,0,,,0,,,0,,,0,NC,NC,0,판별불가(EPA IV ↔ Cat3/무범주 경계),,0,Not classified,0,1,Not classified,0,1,Not classified,0,1,1,1,0,1,1,1,1,1,1,1,1,1,1,1,1
MIX45,97-99-4,,,0,,,0,,,0,,,0,,,0,NC,NC,0,판별불가(EPA IV ↔ Cat3/무범주 경계),,0,Not classified,0,1,Not classified,0,1,Not classified,0,1,1,1,0,1,1,1,1,1,1,1,1,1,1,1,1
MIX450,2008-39-1,,,0,,,0,,,0,,,0,,,0,NC,NC,0,판별불가(EPA IV ↔ Cat3/무범주 경계),,0,Not classified,0,1,Not classified,0,1,Not classified,0,1,,,0,,,0,,,0,,,0,,,0
MIX451,56425-91-3,,,0,,,0,,,0,,,0,,,0,2B,2,1,2,1,1,2,1,1,2,1,1,2,1,1,,,0,,,0,,,0,,,0,,,0
MIX452,9016-87-9,,,0,,,0,,,0,,,0,,,0,NC,NC,0,판별불가(EPA IV ↔ Cat3/무범주 경계),,0,Not classified,0,1,Not classified,0,1,Not classified,0,1,,,0,,,0,,,0,,,0,,,0
MIX453,148477-71-8,NC,NC,0,Not classified,0,1,Not classified,0,1,Not classified,0,1,Not classified,0,1,NC,NC,0,판별불가(EPA IV ↔ Cat3/무범주 경계),,0,Not classified,0,1,Not classified,0,1,Not classified,0,1,1,1,0,1,1,1,1,1,1,1,1,1,1,1,1
MIX454,203313-25-1,,,0,,,0,,,0,,,0,,,0,NC,NC,0,판별불가(EPA IV ↔ Cat3/무범주 경계),,0,Not classified,0,1,Not classified,0,1,Not classified,0,1,1,1,0,1,1,1,1,1,1,1,1,1,1,1,1
MIX455,6062-26-6,,,0,,,0,,,0,,,0,,,0,NC,NC,0,판별불가(EPA IV ↔ Cat3/무범주 경계),,0,Not classified,0,1,Not classified,0,1,Not classified,0,1,,,0,,,0,,,0,,,0,,,0
MIX456,118134-30-8,,,0,,,0,,,0,,,0,,,0,,,0,,,0,,,0,,,0,,,0,NC,NC,0,Not classified,0,1,Not classified,0,1,Not classified,0,1,Not classified,0,1
MIX457,68359-37-5,,,0,,,0,,,0,,,0,,,0,2B,2,1,2,1,1,2,1,1,2,1,1,2,1,1,,,0,,,0,,,0,,,0,,,0
MIX458,118134-30-8,,,0,,,0,,,0,,,0,,,0,1,1,0,1,1,1,1,1,1,1,1,1,1,1,1,1,1,0,1,1,1,1,1,1,1,1,1,1,1,1
MIX459,91465-08-6,2A,2A,0,2A,1,1,2A,1,1,2A,1,1,2A,1,1,2B,2,1,2,1,1,2,1,1,2,1,1,2,1,1,NC,NC,0,Not classified,0,1,Not classified,0,1,Not classified,0,1,Not classified,0,1
MIX46,82558-50-7,2A,2A,0,2A,1,1,2A,1,1,2A,1,1,2A,1,1,NC,NC,0,판별불가(EPA IV ↔ Cat3/무범주 경계),,0,Not classified,0,1,Not classified,0,1,Not classified,0,1,1,1,0,1,1,1,1,1,1,1,1,1,1,1,1
MIX460,93-15-2,,,0,,,0,,,0,,,0,,,0,NC,NC,0,판별불가(EPA IV ↔ Cat3/무범주 경계),,0,Not classified,0,1,Not classified,0,1,Not classified,0,1,,,0,,,0,,,0,,,0,,,0
MIX461,35554-44-0,,,0,,,0,,,0,,,0,,,0,NC,NC,0,판별불가(EPA IV ↔ Cat3/무범주 경계),,0,Not classified,0,1,Not classified,0,1,Not classified,0,1,,,0,,,0,,,0,,,0,,,0
MIX462,131860-33-8,,,0,,,0,,,0,,,0,,,0,NC,NC,0,판별불가(EPA IV ↔ Cat3/무범주 경계),,0,Not classified,0,1,Not classified,0,1,Not classified,0,1,,,0,,,0,,,0,,,0,,,0
MIX463,165252-70-0,,,0,,,0,,,0,,,0,,,0,NC,NC,0,판별불가(EPA IV ↔ Cat3/무범주 경계),,0,Not classified,0,1,Not classified,0,1,Not classified,0,1,1,1,0,1,1,1,1,1,1,1,1,1,1,1,1
MIX464,131341-86-1,1,1,0,1,1,1,1,1,1,1,1,1,1,1,1,NC,NC,0,판별불가(EPA IV ↔ Cat3/무범주 경계),,0,Not classified,0,1,Not classified,0,1,Not classified,0,1,NC,NC,0,Not classified,0,1,Not classified,0,1,Not classified,0,1,Not classified,0,1
MIX465,7631-86-9,,,0,,,0,,,0,,,0,,,0,NC,NC,0,판별불가(EPA IV ↔ Cat3/무범주 경계),,0,Not classified,0,1,Not classified,0,1,Not classified,0,1,,,0,,,0,,,0,,,0,,,0
MIX466,1689-99-2,,,0,,,0,,,0,,,0,,,0,NC,NC,0,판별불가(EPA IV ↔ Cat3/무범주 경계),,0,Not classified,0,1,Not classified,0,1,Not classified,0,1,1,1,0,1,1,1,1,1,1,1,1,1,1,1,1
MIX467,51-03-6,,,0,,,0,,,0,,,0,,,0,NC,NC,0,판별불가(EPA IV ↔ Cat3/무범주 경계),,0,Not classified,0,1,Not classified,0,1,Not classified,0,1,,,0,,,0,,,0,,,0,,,0
MIX468,64742-95-6,,,0,,,0,,,0,,,0,,,0,NC,NC,0,판별불가(EPA IV ↔ Cat3/무범주 경계),,0,Not classified,0,1,Not classified,0,1,Not classified,0,1,1,1,0,1,1,1,1,1,1,1,1,1,1,1,1
MIX469,107534-96-3,,,0,,,0,,,0,,,0,,,0,NC,NC,0,판별불가(EPA IV ↔ Cat3/무범주 경계),,0,Not classified,0,1,Not classified,0,1,Not classified,0,1,,,0,,,0,,,0,,,0,,,0
MIX47,139968-49-3,NC,NC,0,Not classified,0,1,Not classified,0,1,Not classified,0,1,Not classified,0,1,NC,NC,0,판별불가(EPA IV ↔ Cat3/무범주 경계),,0,Not classified,0,1,Not classified,0,1,Not classified,0,1,NC,NC,0,Not classified,0,1,Not classified,0,1,Not classified,0,1,Not classified,0,1
MIX470,1332-58-7,,,0,,,0,,,0,,,0,,,0,NC,NC,0,판별불가(EPA IV ↔ Cat3/무범주 경계),,0,Not classified,0,1,Not classified,0,1,Not classified,0,1,1,1,0,1,1,1,1,1,1,1,1,1,1,1,1
MIX471,107534-96-3,,,0,,,0,,,0,,,0,,,0,NC,NC,0,판별불가(EPA IV ↔ Cat3/무범주 경계),,0,Not classified,0,1,Not classified,0,1,Not classified,0,1,,,0,,,0,,,0,,,0,,,0
MIX472,107534-96-3,2B,2B,0,2B,1,1,Not classified,0,1,2B,1,1,2B,1,1,NC,NC,0,판별불가(EPA IV ↔ Cat3/무범주 경계),,0,Not classified,0,1,Not classified,0,1,Not classified,0,1,,,0,,,0,,,0,,,0,,,0
MIX473,79-14-1,,,0,,,0,,,0,,,0,,,0,NC,NC,0,판별불가(EPA IV ↔ Cat3/무범주 경계),,0,Not classified,0,1,Not classified,0,1,Not classified,0,1,,,0,,,0,,,0,,,0,,,0
MIX474,68359-37-5,NC,NC,0,Not classified,0,1,Not classified,0,1,Not classified,0,1,Not classified,0,1,NC,NC,0,Not classified,0,1,Not classified,0,1,Not classified,0,1,Not classified,0,1,NC,NC,0,Not classified,0,1,Not classified,0,1,Not classified,0,1,Not classified,0,1
MIX475,5915-41-3,,,0,,,0,,,0,,,0,,,0,,,0,,,0,,,0,,,0,,,0,,,0,,,0,,,0,,,0,,,0
MIX476,872-50-4,,,0,,,0,,,0,,,0,,,0,NC,NC,0,판별불가(EPA IV ↔ Cat3/무범주 경계),,0,Not classified,0,1,Not classified,0,1,Not classified,0,1,,,0,,,0,,,0,,,0,,,0
MIX477,120068-37-3,,,0,,,0,,,0,,,0,,,0,NC,NC,0,판별불가(EPA IV ↔ Cat3/무범주 경계),,0,Not classified,0,1,Not classified,0,1,Not classified,0,1,,,0,,,0,,,0,,,0,,,0
MIX478,7783-20-2,,,0,,,0,,,0,,,0,,,0,NC,NC,0,판별불가(EPA IV ↔ Cat3/무범주 경계),,0,Not classified,0,1,Not classified,0,1,Not classified,0,1,NC,NC,0,Not classified,0,1,Not classified,0,1,Not classified,0,1,Not classified,0,1
MIX479,240494-70-6,,,0,,,0,,,0,,,0,,,0,NC,NC,0,판별불가(EPA IV ↔ Cat3/무범주 경계),,0,Not classified,0,1,Not classified,0,1,Not classified,0,1,,,0,,,0,,,0,,,0,,,0
MIX48,139968-49-3,NC,NC,0,Not classified,0,1,Not classified,0,1,Not classified,0,1,Not classified,0,1,NC,NC,0,판별불가(EPA IV ↔ Cat3/무범주 경계),,0,Not classified,0,1,Not classified,0,1,Not classified,0,1,,,0,,,0,,,0,,,0,,,0
MIX480,82-68-8,,,0,,,0,,,0,,,0,,,0,2B,2,1,2,1,1,2,1,1,2,1,1,2,1,1,,,0,,,0,,,0,,,0,,,0
MIX481,121-75-5,,,0,,,0,,,0,,,0,,,0,2B,2,1,2,1,1,2,1,1,2,1,1,2,1,1,,,0,,,0,,,0,,,0,,,0
MIX482,7704-34-9,2B,2B,0,2B,1,1,Not classified,0,1,2B,1,1,2B,1,1,NC,NC,0,판별불가(EPA IV ↔ Cat3/무범주 경계),,0,Not classified,0,1,Not classified,0,1,Not classified,0,1,NC,NC,0,Not classified,0,1,Not classified,0,1,Not classified,0,1,Not classified,0,1
MIX483,81406-37-3,,,0,,,0,,,0,,,0,,,0,NC,NC,0,판별불가(EPA IV ↔ Cat3/무범주 경계),,0,Not classified,0,1,Not classified,0,1,Not classified,0,1,,,0,,,0,,,0,,,0,,,0
MIX484,148-79-8,NC,NC,0,Not classified,0,1,Not classified,0,1,Not classified,0,1,Not classified,0,1,NC,NC,0,Not classified,0,1,Not classified,0,1,Not classified,0,1,Not classified,0,1,NC,NC,0,Not classified,0,1,Not classified,0,1,Not classified,0,1,Not classified,0,1
MIX485,64742-47-8,,,0,,,0,,,0,,,0,,,0,NC,NC,0,판별불가(EPA IV ↔ Cat3/무범주 경계),,0,Not classified,0,1,Not classified,0,1,Not classified,0,1,,,0,,,0,,,0,,,0,,,0
MIX486,165252-70-0,,,0,,,0,,,0,,,0,,,0,NC,NC,0,판별불가(EPA IV ↔ Cat3/무범주 경계),,0,Not classified,0,1,Not classified,0,1,Not classified,0,1,,,0,,,0,,,0,,,0,,,0
MIX487,317815-83-1,,,0,,,0,,,0,,,0,,,0,NC,NC,0,판별불가(EPA IV ↔ Cat3/무범주 경계),,0,Not classified,0,1,Not classified,0,1,Not classified,0,1,,,0,,,0,,,0,,,0,,,0
MIX488,133-06-2,2A,2A,0,2A,1,1,2A,1,1,2A,1,1,2A,1,1,2,2,0,2,1,1,2,1,1,2,1,1,2,1,1,1,1,0,1,1,1,1,1,1,1,1,1,1,1,1
MIX489,872-50-4,,,0,,,0,,,0,,,0,,,0,NC,NC,0,판별불가(EPA IV ↔ Cat3/무범주 경계),,0,Not classified,0,1,Not classified,0,1,Not classified,0,1,NC,NC,0,Not classified,0,1,Not classified,0,1,Not classified,0,1,Not classified,0,1
MIX49,107534-96-3,,,0,,,0,,,0,,,0,,,0,NC,NC,0,판별불가(EPA IV ↔ Cat3/무범주 경계),,0,Not classified,0,1,Not classified,0,1,Not classified,0,1,,,0,,,0,,,0,,,0,,,0
MIX490,14808-60-7,,,0,,,0,,,0,,,0,,,0,NC,NC,0,판별불가(EPA IV ↔ Cat3/무범주 경계),,0,Not classified,0,1,Not classified,0,1,Not classified,0,1,,,0,,,0,,,0,,,0,,,0
MIX491,210880-92-5,2B,2B,0,2B,1,1,Not classified,0,1,2B,1,1,2B,1,1,NC,NC,0,판별불가(EPA IV ↔ Cat3/무범주 경계),,0,Not classified,0,1,Not classified,0,1,Not classified,0,1,NC,NC,0,Not classified,0,1,Not classified,0,1,Not classified,0,1,Not classified,0,1
MIX492,67-63-0,,,0,,,0,,,0,,,0,,,0,NC,NC,0,판별불가(EPA IV ↔ Cat3/무범주 경계),,0,Not classified,0,1,Not classified,0,1,Not classified,0,1,,,0,,,0,,,0,,,0,,,0
MIX493,153719-23-4,,,0,,,0,,,0,,,0,,,0,NC,NC,0,판별불가(EPA IV ↔ Cat3/무범주 경계),,0,Not classified,0,1,Not classified,0,1,Not classified,0,1,,,0,,,0,,,0,,,0,,,0
MIX494,137-26-8,NC,NC,0,Not classified,0,1,Not classified,0,1,Not classified,0,1,Not classified,0,1,NC,NC,0,판별불가(EPA IV ↔ Cat3/무범주 경계),,0,Not classified,0,1,Not classified,0,1,Not classified,0,1,1,1,0,1,1,1,1,1,1,1,1,1,1,1,1
MIX495,23564-05-8,,,0,,,0,,,0,,,0,,,0,NC,NC,0,판별불가(EPA IV ↔ Cat3/무범주 경계),,0,Not classified,0,1,Not classified,0,1,Not classified,0,1,NC,NC,0,Not classified,0,1,Not classified,0,1,Not classified,0,1,Not classified,0,1
MIX496,153719-23-4,,,0,,,0,,,0,,,0,,,0,NC,NC,0,판별불가(EPA IV ↔ Cat3/무범주 경계),,0,Not classified,0,1,Not classified,0,1,Not classified,0,1,,,0,,,0,,,0,,,0,,,0
MIX497,129558-76-5,2A,2A,0,2A,1,1,2A,1,1,2A,1,1,2A,1,1,2A,2,1,2,1,1,2,1,1,2,1,1,2,1,1,,,0,,,0,,,0,,,0,,,0
MIX498,64742-94-5,1,1,0,1,1,1,1,1,1,1,1,1,1,1,1,,,0,,,0,,,0,,,0,,,0,1,1,0,1,1,1,1,1,1,1,1,1,1,1,1
MIX499,76674-21-0,,,0,,,0,,,0,,,0,,,0,NC,NC,0,판별불가(EPA IV ↔ Cat3/무범주 경계),,0,Not classified,0,1,Not classified,0,1,Not classified,0,1,,,0,,,0,,,0,,,0,,,0
MIX5,104206-82-8,,,0,,,0,,,0,,,0,,,0,NC,NC,0,판별불가(EPA IV ↔ Cat3/무범주 경계),,0,Not classified,0,1,Not classified,0,1,Not classified,0,1,,,0,,,0,,,0,,,0,,,0
MIX50,117428-22-5,NC,NC,0,Not classified,0,1,Not classified,0,1,Not classified,0,1,Not classified,0,1,NC,NC,0,판별불가(EPA IV ↔ Cat3/무범주 경계),,0,Not classified,0,1,Not classified,0,1,Not classified,0,1,1,1,0,1,1,1,1,1,1,1,1,1,1,1,1
MIX500,8018-01-7,,,0,,,0,,,0,,,0,,,0,NC,NC,0,판별불가(EPA IV ↔ Cat3/무범주 경계),,0,Not classified,0,1,Not classified,0,1,Not classified,0,1,,,0,,,0,,,0,,,0,,,0
MIX501,23564-05-8,,,0,,,0,,,0,,,0,,,0,NC,NC,0,판별불가(EPA IV ↔ Cat3/무범주 경계),,0,Not classified,0,1,Not classified,0,1,Not classified,0,1,,,0,,,0,,,0,,,0,,,0
MIX502,23564-05-8,,,0,,,0,,,0,,,0,,,0,NC,NC,0,판별불가(EPA IV ↔ Cat3/무범주 경계),,0,Not classified,0,1,Not classified,0,1,Not classified,0,1,,,0,,,0,,,0,,,0,,,0
MIX503,1071-83-6,,,0,,,0,,,0,,,0,,,0,NC,NC,0,판별불가(EPA IV ↔ Cat3/무범주 경계),,0,Not classified,0,1,Not classified,0,1,Not classified,0,1,,,0,,,0,,,0,,,0,,,0
MIX504,125116-23-6,,,0,,,0,,,0,,,0,,,0,2B,2,1,2,1,1,2,1,1,2,1,1,2,1,1,NC,NC,0,Not classified,0,1,Not classified,0,1,Not classified,0,1,Not classified,0,1
MIX505,39515-41-8,,,0,,,0,,,0,,,0,,,0,2B,2,1,2,1,1,2,1,1,2,1,1,2,1,1,,,0,,,0,,,0,,,0,,,0
MIX506,76-87-9,1,1,0,1,1,1,1,1,1,1,1,1,1,1,1,2B,2,1,2,1,1,2,1,1,2,1,1,2,1,1,NC,NC,0,Not classified,0,1,Not classified,0,1,Not classified,0,1,Not classified,0,1
MIX507,52645-53-1,,,0,,,0,,,0,,,0,,,0,2B,2,1,2,1,1,2,1,1,2,1,1,2,1,1,,,0,,,0,,,0,,,0,,,0
MIX508,122548-33-8,2B,2B,0,2B,1,1,Not classified,0,1,2B,1,1,2B,1,1,2B,2,1,2,1,1,2,1,1,2,1,1,2,1,1,NC,NC,0,Not classified,0,1,Not classified,0,1,Not classified,0,1,Not classified,0,1
MIX509,165252-70-0,,,0,,,0,,,0,,,0,,,0,NC,NC,0,판별불가(EPA IV ↔ Cat3/무범주 경계),,0,Not classified,0,1,Not classified,0,1,Not classified,0,1,,,0,,,0,,,0,,,0,,,0
MIX51,129909-90-6,,,0,,,0,,,0,,,0,,,0,NC,NC,0,판별불가(EPA IV ↔ Cat3/무범주 경계),,0,Not classified,0,1,Not classified,0,1,Not classified,0,1,,,0,,,0,,,0,,,0,,,0
MIX510,34590-94-8,1,1,0,1,1,1,1,1,1,1,1,1,1,1,1,NC,NC,0,판별불가(EPA IV ↔ Cat3/무범주 경계),,0,Not classified,0,1,Not classified,0,1,Not classified,0,1,NC,NC,0,Not classified,0,1,Not classified,0,1,Not classified,0,1,Not classified,0,1
MIX511,1897-45-6,NC,NC,0,Not classified,0,1,Not classified,0,1,Not classified,0,1,Not classified,0,1,NC,NC,0,판별불가(EPA IV ↔ Cat3/무범주 경계),,0,Not classified,0,1,Not classified,0,1,Not classified,0,1,1,1,0,1,1,1,1,1,1,1,1,1,1,1,1
MIX512,70901-12-1,,,0,,,0,,,0,,,0,,,0,NC,NC,0,판별불가(EPA IV ↔ Cat3/무범주 경계),,0,Not classified,0,1,Not classified,0,1,Not classified,0,1,,,0,,,0,,,0,,,0,,,0
MIX513,199119-58-9,,,0,,,0,,,0,,,0,,,0,NC,NC,0,판별불가(EPA IV ↔ Cat3/무범주 경계),,0,Not classified,0,1,Not classified,0,1,Not classified,0,1,,,0,,,0,,,0,,,0,,,0
MIX514,62-73-7,2A,2A,0,2A,1,1,2A,1,1,2A,1,1,2A,1,1,1,1,0,1,1,1,1,1,1,1,1,1,1,1,1,1,1,0,1,1,1,1,1,1,1,1,1,1,1,1
MIX515,1582-09-8,2A,2A,0,2A,1,1,2A,1,1,2A,1,1,2A,1,1,2B,2,1,2,1,1,2,1,1,2,1,1,2,1,1,1,1,0,1,1,1,1,1,1,1,1,1,1,1,1
MIX516,131983-72-7,NC,NC,0,Not classified,0,1,Not classified,0,1,Not classified,0,1,Not classified,0,1,NC,NC,0,판별불가(EPA IV ↔ Cat3/무범주 경계),,0,Not classified,0,1,Not classified,0,1,Not classified,0,1,,,0,,,0,,,0,,,0,,,0
MIX517,82657-04-3,NC,NC,0,Not classified,0,1,Not classified,0,1,Not classified,0,1,Not classified,0,1,NC,NC,0,판별불가(EPA IV ↔ Cat3/무범주 경계),,0,Not classified,0,1,Not classified,0,1,Not classified,0,1,1,1,0,1,1,1,1,1,1,1,1,1,1,1,1
MIX518,8042-47-5,,,0,,,0,,,0,,,0,,,0,NC,NC,0,판별불가(EPA IV ↔ Cat3/무범주 경계),,0,Not classified,0,1,Not classified,0,1,Not classified,0,1,,,0,,,0,,,0,,,0,,,0
MIX519,64742-94-5,,,0,,,0,,,0,,,0,,,0,NC,NC,0,판별불가(EPA IV ↔ Cat3/무범주 경계),,0,Not classified,0,1,Not classified,0,1,Not classified,0,1,NC,NC,0,Not classified,0,1,Not classified,0,1,Not classified,0,1,Not classified,0,1
MIX52,64742-94-5,,,0,,,0,,,0,,,0,,,0,NC,NC,0,판별불가(EPA IV ↔ Cat3/무범주 경계),,0,Not classified,0,1,Not classified,0,1,Not classified,0,1,,,0,,,0,,,0,,,0,,,0
MIX520,90-43-7,1,1,0,1,1,1,1,1,1,1,1,1,1,1,1,NC,NC,0,판별불가(EPA IV ↔ Cat3/무범주 경계),,0,Not classified,0,1,Not classified,0,1,Not classified,0,1,,,0,,,0,,,0,,,0,,,0
MIX521,330-54-1,,,0,,,0,,,0,,,0,,,0,2B,2,1,2,1,1,2,1,1,2,1,1,2,1,1,,,0,,,0,,,0,,,0,,,0
MIX522,183675-82-3,,,0,,,0,,,0,,,0,,,0,NC,NC,0,판별불가(EPA IV ↔ Cat3/무범주 경계),,0,Not classified,0,1,Not classified,0,1,Not classified,0,1,,,0,,,0,,,0,,,0,,,0
MIX523,60207-90-1,1,1,0,1,1,1,1,1,1,1,1,1,1,1,1,2B,2,1,2,1,1,2,1,1,2,1,1,2,1,1,1,1,0,1,1,1,1,1,1,1,1,1,1,1,1
MIX524,52315-07-8,,,0,,,0,,,0,,,0,,,0,NC,NC,0,판별불가(EPA IV ↔ Cat3/무범주 경계),,0,Not classified,0,1,Not classified,0,1,Not classified,0,1,,,0,,,0,,,0,,,0,,,0
MIX525,5234-68-4,,,0,,,0,,,0,,,0,,,0,2B,2,1,2,1,1,2,1,1,2,1,1,2,1,1,,,0,,,0,,,0,,,0,,,0
MIX526,199119-58-9,NC,NC,0,Not classified,0,1,Not classified,0,1,Not classified,0,1,Not classified,0,1,NC,NC,0,판별불가(EPA IV ↔ Cat3/무범주 경계),,0,Not classified,0,1,Not classified,0,1,Not classified,0,1,1,1,0,1,1,1,1,1,1,1,1,1,1,1,1
MIX527,7732-18-5,NC,NC,0,Not classified,0,1,Not classified,0,1,Not classified,0,1,Not classified,0,1,NC,NC,0,판별불가(EPA IV ↔ Cat3/무범주 경계),,0,Not classified,0,1,Not classified,0,1,Not classified,0,1,NC,NC,0,Not classified,0,1,Not classified,0,1,Not classified,0,1,Not classified,0,1
MIX528,64742-94-5,,,0,,,0,,,0,,,0,,,0,NC,NC,0,판별불가(EPA IV ↔ Cat3/무범주 경계),,0,Not classified,0,1,Not classified,0,1,Not classified,0,1,,,0,,,0,,,0,,,0,,,0
MIX529,138261-41-3,2B,2B,0,2B,1,1,Not classified,0,1,2B,1,1,2B,1,1,NC,NC,0,판별불가(EPA IV ↔ Cat3/무범주 경계),,0,Not classified,0,1,Not classified,0,1,Not classified,0,1,NC,NC,0,Not classified,0,1,Not classified,0,1,Not classified,0,1,Not classified,0,1
MIX53,139968-49-3,NC,NC,0,Not classified,0,1,Not classified,0,1,Not classified,0,1,Not classified,0,1,NC,NC,0,판별불가(EPA IV ↔ Cat3/무범주 경계),,0,Not classified,0,1,Not classified,0,1,Not classified,0,1,NC,NC,0,Not classified,0,1,Not classified,0,1,Not classified,0,1,Not classified,0,1
MIX530,500008-45-7,NC,NC,0,Not classified,0,1,Not classified,0,1,Not classified,0,1,Not classified,0,1,NC,NC,0,판별불가(EPA IV ↔ Cat3/무범주 경계),,0,Not classified,0,1,Not classified,0,1,Not classified,0,1,NC,NC,0,Not classified,0,1,Not classified,0,1,Not classified,0,1,Not classified,0,1
MIX531,500008-45-7,,,0,,,0,,,0,,,0,,,0,NC,NC,0,판별불가(EPA IV ↔ Cat3/무범주 경계),,0,Not classified,0,1,Not classified,0,1,Not classified,0,1,,,0,,,0,,,0,,,0,,,0
MIX532,35367-38-5,,,0,,,0,,,0,,,0,,,0,NC,NC,0,판별불가(EPA IV ↔ Cat3/무범주 경계),,0,Not classified,0,1,Not classified,0,1,Not classified,0,1,,,0,,,0,,,0,,,0,,,0
MIX533,107534-96-3,,,0,,,0,,,0,,,0,,,0,2B,2,1,2,1,1,2,1,1,2,1,1,2,1,1,,,0,,,0,,,0,,,0,,,0
MIX534,67-64-1,,,0,,,0,,,0,,,0,,,0,1,1,0,1,1,1,1,1,1,1,1,1,1,1,1,1,1,0,1,1,1,1,1,1,1,1,1,1,1,1
MIX535,134-62-3,2A,2A,0,2A,1,1,2A,1,1,2A,1,1,2A,1,1,NC,NC,0,판별불가(EPA IV ↔ Cat3/무범주 경계),,0,Not classified,0,1,Not classified,0,1,Not classified,0,1,NC,NC,0,Not classified,0,1,Not classified,0,1,Not classified,0,1,Not classified,0,1
MIX536,7704-34-9,,,0,,,0,,,0,,,0,,,0,NC,NC,0,판별불가(EPA IV ↔ Cat3/무범주 경계),,0,Not classified,0,1,Not classified,0,1,Not classified,0,1,,,0,,,0,,,0,,,0,,,0
MIX537,29450-45-1,2A,2A,0,2A,1,1,2A,1,1,2A,1,1,2A,1,1,NC,NC,0,판별불가(EPA IV ↔ Cat3/무범주 경계),,0,Not classified,0,1,Not classified,0,1,Not classified,0,1,NC,NC,0,Not classified,0,1,Not classified,0,1,Not classified,0,1,Not classified,0,1
MIX538,74742-95-6,,,0,,,0,,,0,,,0,,,0,NC,NC,0,판별불가(EPA IV ↔ Cat3/무범주 경계),,0,Not classified,0,1,Not classified,0,1,Not classified,0,1,,,0,,,0,,,0,,,0,,,0
MIX539,40487-42-1,,,0,,,0,,,0,,,0,,,0,NC,NC,0,판별불가(EPA IV ↔ Cat3/무범주 경계),,0,Not classified,0,1,Not classified,0,1,Not classified,0,1,NC,NC,0,Not classified,0,1,Not classified,0,1,Not classified,0,1,Not classified,0,1
MIX54,175013-18-0,1,1,0,1,1,1,1,1,1,1,1,1,1,1,1,2B,2,1,2,1,1,2,1,1,2,1,1,2,1,1,1,1,0,1,1,1,1,1,1,1,1,1,1,1,1
MIX540,60207-90-1,2B,2B,0,2B,1,1,Not classified,0,1,2B,1,1,2B,1,1,3,3,0,3,1,1,Not classified,0,1,Not classified,0,1,Not classified,0,1,1,1,0,1,1,1,1,1,1,1,1,1,1,1,1
MIX541,1071-83-6,,,0,,,0,,,0,,,0,,,0,NC,NC,0,판별불가(EPA IV ↔ Cat3/무범주 경계),,0,Not classified,0,1,Not classified,0,1,Not classified,0,1,,,0,,,0,,,0,,,0,,,0
MIX542,12069-69-1,,,0,,,0,,,0,,,0,,,0,NC,NC,0,판별불가(EPA IV ↔ Cat3/무범주 경계),,0,Not classified,0,1,Not classified,0,1,Not classified,0,1,,,0,,,0,,,0,,,0,,,0
MIX543,138261-41-3,,,0,,,0,,,0,,,0,,,0,NC,NC,0,판별불가(EPA IV ↔ Cat3/무범주 경계),,0,Not classified,0,1,Not classified,0,1,Not classified,0,1,,,0,,,0,,,0,,,0,,,0
MIX544,108-62-3,,,0,,,0,,,0,,,0,,,0,NC,NC,0,판별불가(EPA IV ↔ Cat3/무범주 경계),,0,Not classified,0,1,Not classified,0,1,Not classified,0,1,,,0,,,0,,,0,,,0,,,0
MIX545,"Metconazole (-[(4-chlorophenyl)methyl]-2,2-dimethyl-1-(1H-1,2,4- 38-43 Active Ingredient",NC,NC,0,Not classified,0,1,Not classified,0,1,Not classified,0,1,Not classified,0,1,NC,NC,0,판별불가(EPA IV ↔ Cat3/무범주 경계),,0,Not classified,0,1,Not classified,0,1,Not classified,0,1,NC,NC,0,Not classified,0,1,Not classified,0,1,Not classified,0,1,Not classified,0,1
MIX546,10043-35-3,,,0,,,0,,,0,,,0,,,0,,,0,,,0,,,0,,,0,,,0,,,0,,,0,,,0,,,0,,,0
MIX547,34256-82-1,NC,NC,0,Not classified,0,1,Not classified,0,1,Not classified,0,1,Not classified,0,1,NC,NC,0,판별불가(EPA IV ↔ Cat3/무범주 경계),,0,Not classified,0,1,Not classified,0,1,Not classified,0,1,NC,NC,0,Not classified,0,1,Not classified,0,1,Not classified,0,1,Not classified,0,1
MIX548,91465-08-6,NC,NC,0,Not classified,0,1,Not classified,0,1,Not classified,0,1,Not classified,0,1,NC,NC,0,Not classified,0,1,Not classified,0,1,Not classified,0,1,Not classified,0,1,,,0,,,0,,,0,,,0,,,0
MIX549,104-55-2,1,1,0,1,1,1,1,1,1,1,1,1,1,1,1,2B,2,1,2,1,1,2,1,1,2,1,1,2,1,1,NC,NC,0,Not classified,0,1,Not classified,0,1,Not classified,0,1,Not classified,0,1
MIX55,188425-85-6,NC,NC,0,Not classified,0,1,Not classified,0,1,Not classified,0,1,Not classified,0,1,NC,NC,0,Not classified,0,1,Not classified,0,1,Not classified,0,1,Not classified,0,1,NC,NC,0,Not classified,0,1,Not classified,0,1,Not classified,0,1,Not classified,0,1
MIX550,175013-18-0,,,0,,,0,,,0,,,0,,,0,NC,NC,0,판별불가(EPA IV ↔ Cat3/무범주 경계),,0,Not classified,0,1,Not classified,0,1,Not classified,0,1,,,0,,,0,,,0,,,0,,,0
MIX551,121451-02-3,,,0,,,0,,,0,,,0,,,0,,,0,,,0,,,0,,,0,,,0,,,0,,,0,,,0,,,0,,,0
MIX552,7722-84-1,,,0,,,0,,,0,,,0,,,0,2B,2,1,2,1,1,2,1,1,2,1,1,2,1,1,,,0,,,0,,,0,,,0,,,0
MIX553,2758-42-1,,,0,,,0,,,0,,,0,,,0,NC,NC,0,판별불가(EPA IV ↔ Cat3/무범주 경계),,0,Not classified,0,1,Not classified,0,1,Not classified,0,1,,,0,,,0,,,0,,,0,,,0
MIX554,422556-08-9,,,0,,,0,,,0,,,0,,,0,NC,NC,0,판별불가(EPA IV ↔ Cat3/무범주 경계),,0,Not classified,0,1,Not classified,0,1,Not classified,0,1,1,1,0,1,1,1,1,1,1,1,1,1,1,1,1
MIX555,865318-97-4,NC,NC,0,Not classified,0,1,Not classified,0,1,Not classified,0,1,Not classified,0,1,NC,NC,0,판별불가(EPA IV ↔ Cat3/무범주 경계),,0,Not classified,0,1,Not classified,0,1,Not classified,0,1,NC,NC,0,Not classified,0,1,Not classified,0,1,Not classified,0,1,Not classified,0,1
MIX556,156052-68-5,,,0,,,0,,,0,,,0,,,0,2B,2,1,2,1,1,2,1,1,2,1,1,2,1,1,1,1,0,1,1,1,1,1,1,1,1,1,1,1,1
MIX557,156052-68-5,2A,2A,0,2A,1,1,2A,1,1,2A,1,1,2A,1,1,NC,NC,0,판별불가(EPA IV ↔ Cat3/무범주 경계),,0,Not classified,0,1,Not classified,0,1,Not classified,0,1,,,0,,,0,,,0,,,0,,,0
MIX558,156052-68-5,2A,2A,0,2A,1,1,2A,1,1,2A,1,1,2A,1,1,,,0,,,0,,,0,,,0,,,0,1,1,0,1,1,1,1,1,1,1,1,1,1,1,1
MIX559,22248-79-9,,,0,,,0,,,0,,,0,,,0,1,1,0,1,1,1,1,1,1,1,1,1,1,1,1,,,0,,,0,,,0,,,0,,,0
MIX56,82657-04-3,NC,NC,0,Not classified,0,1,Not classified,0,1,Not classified,0,1,Not classified,0,1,NC,NC,0,판별불가(EPA IV ↔ Cat3/무범주 경계),,0,Not classified,0,1,Not classified,0,1,Not classified,0,1,1,1,0,1,1,1,1,1,1,1,1,1,1,1,1
MIX560,1982-69-0,,,0,,,0,,,0,,,0,,,0,NC,NC,0,판별불가(EPA IV ↔ Cat3/무범주 경계),,0,Not classified,0,1,Not classified,0,1,Not classified,0,1,,,0,,,0,,,0,,,0,,,0
MIX561,35554-44-0,,,0,,,0,,,0,,,0,,,0,2B,2,1,2,1,1,2,1,1,2,1,1,2,1,1,,,0,,,0,,,0,,,0,,,0
MIX562,57-55-6,,,0,,,0,,,0,,,0,,,0,NC,NC,0,판별불가(EPA IV ↔ Cat3/무범주 경계),,0,Not classified,0,1,Not classified,0,1,Not classified,0,1,NC,NC,0,Not classified,0,1,Not classified,0,1,Not classified,0,1,Not classified,0,1
MIX563,52645-53-1,,,0,,,0,,,0,,,0,,,0,NC,NC,0,판별불가(EPA IV ↔ Cat3/무범주 경계),,0,Not classified,0,1,Not classified,0,1,Not classified,0,1,,,0,,,0,,,0,,,0,,,0
MIX564,122008-85-9,2A,2A,0,2A,1,1,2A,1,1,2A,1,1,2A,1,1,NC,NC,0,판별불가(EPA IV ↔ Cat3/무범주 경계),,0,Not classified,0,1,Not classified,0,1,Not classified,0,1,1,1,0,1,1,1,1,1,1,1,1,1,1,1,1
MIX565,123-42-2,,,0,,,0,,,0,,,0,,,0,NC,NC,0,판별불가(EPA IV ↔ Cat3/무범주 경계),,0,Not classified,0,1,Not classified,0,1,Not classified,0,1,,,0,,,0,,,0,,,0,,,0
MIX566,64742-94-5,,,0,,,0,,,0,,,0,,,0,NC,NC,0,판별불가(EPA IV ↔ Cat3/무범주 경계),,0,Not classified,0,1,Not classified,0,1,Not classified,0,1,,,0,,,0,,,0,,,0,,,0
MIX567,374726-62-2,,,0,,,0,,,0,,,0,,,0,NC,NC,0,판별불가(EPA IV ↔ Cat3/무범주 경계),,0,Not classified,0,1,Not classified,0,1,Not classified,0,1,,,0,,,0,,,0,,,0,,,0
MIX568,858956-08-8,,,0,,,0,,,0,,,0,,,0,NC,NC,0,판별불가(EPA IV ↔ Cat3/무범주 경계),,0,Not classified,0,1,Not classified,0,1,Not classified,0,1,,,0,,,0,,,0,,,0,,,0
MIX569,8018-01-7,1,1,0,1,1,1,1,1,1,1,1,1,1,1,1,NC,NC,0,판별불가(EPA IV ↔ Cat3/무범주 경계),,0,Not classified,0,1,Not classified,0,1,Not classified,0,1,,,0,,,0,,,0,,,0,,,0
MIX57,175013-18-0,,,0,,,0,,,0,,,0,,,0,2B,2,1,2,1,1,2,1,1,2,1,1,2,1,1,,,0,,,0,,,0,,,0,,,0
MIX570,1897-45-6,,,0,,,0,,,0,,,0,,,0,NC,NC,0,판별불가(EPA IV ↔ Cat3/무범주 경계),,0,Not classified,0,1,Not classified,0,1,Not classified,0,1,,,0,,,0,,,0,,,0,,,0
MIX571,122931-48-0,,,0,,,0,,,0,,,0,,,0,NC,NC,0,Not classified,0,1,Not classified,0,1,Not classified,0,1,Not classified,0,1,NC,NC,0,Not classified,0,1,Not classified,0,1,Not classified,0,1,Not classified,0,1
MIX572,1897-45-6,,,0,,,0,,,0,,,0,,,0,NC,NC,0,판별불가(EPA IV ↔ Cat3/무범주 경계),,0,Not classified,0,1,Not classified,0,1,Not classified,0,1,,,0,,,0,,,0,,,0,,,0
MIX573,23564-05-8,2B,2B,0,2B,1,1,Not classified,0,1,2B,1,1,2B,1,1,2,2,0,2,1,1,2,1,1,2,1,1,2,1,1,,,0,,,0,,,0,,,0,,,0
MIX574,210880-92-5,,,0,,,0,,,0,,,0,,,0,,,0,,,0,,,0,,,0,,,0,NC,NC,0,Not classified,0,1,Not classified,0,1,Not classified,0,1,Not classified,0,1
MIX575,330-54-1,NC,NC,0,Not classified,0,1,Not classified,0,1,Not classified,0,1,Not classified,0,1,NC,NC,0,판별불가(EPA IV ↔ Cat3/무범주 경계),,0,Not classified,0,1,Not classified,0,1,Not classified,0,1,,,0,,,0,,,0,,,0,,,0
MIX576,56-72-4,,,0,,,0,,,0,,,0,,,0,,,0,,,0,,,0,,,0,,,0,,,0,,,0,,,0,,,0,,,0
MIX577,142459-58-3,NC,NC,0,Not classified,0,1,Not classified,0,1,Not classified,0,1,Not classified,0,1,NC,NC,0,Not classified,0,1,Not classified,0,1,Not classified,0,1,Not classified,0,1,NC,NC,0,Not classified,0,1,Not classified,0,1,Not classified,0,1,Not classified,0,1
MIX578,1861-40-1,2A,2A,0,2A,1,1,2A,1,1,2A,1,1,2A,1,1,2B,2,1,2,1,1,2,1,1,2,1,1,2,1,1,1,1,0,1,1,1,1,1,1,1,1,1,1,1,1
MIX579,240494-70-6,NC,NC,0,Not classified,0,1,Not classified,0,1,Not classified,0,1,Not classified,0,1,,,0,,,0,,,0,,,0,,,0,,,0,,,0,,,0,,,0,,,0
MIX58,82657-04-3,,,0,,,0,,,0,,,0,,,0,NC,NC,0,판별불가(EPA IV ↔ Cat3/무범주 경계),,0,Not classified,0,1,Not classified,0,1,Not classified,0,1,,,0,,,0,,,0,,,0,,,0
MIX580,1071-83-6,,,0,,,0,,,0,,,0,,,0,,,0,,,0,,,0,,,0,,,0,NC,NC,0,Not classified,0,1,Not classified,0,1,Not classified,0,1,Not classified,0,1
MIX581,122931-48-0,NC,NC,0,Not classified,0,1,Not classified,0,1,Not classified,0,1,Not classified,0,1,NC,NC,0,Not classified,0,1,Not classified,0,1,Not classified,0,1,Not classified,0,1,NC,NC,0,Not classified,0,1,Not classified,0,1,Not classified,0,1,Not classified,0,1
MIX582,122931-48-0,2A,2A,0,2A,1,1,2A,1,1,2A,1,1,2A,1,1,1,1,0,1,1,1,1,1,1,1,1,1,1,1,1,NC,NC,0,Not classified,0,1,Not classified,0,1,Not classified,0,1,Not classified,0,1
MIX583,133-06-2,1,1,0,1,1,1,1,1,1,1,1,1,1,1,1,2,2,0,2,1,1,2,1,1,2,1,1,2,1,1,1,1,0,1,1,1,1,1,1,1,1,1,1,1,1
MIX584,20520-69-2,1,1,0,1,1,1,1,1,1,1,1,1,1,1,1,1B,1B,0,1B,1,1,1B,1,1,1B,1,1,1B,1,1,1,1,0,1,1,1,1,1,1,1,1,1,1,1,1
MIX585,26225-79-6,,,0,,,0,,,0,,,0,,,0,,,0,,,0,,,0,,,0,,,0,,,0,,,0,,,0,,,0,,,0
MIX586,126833-17-8,NC,NC,0,Not classified,0,1,Not classified,0,1,Not classified,0,1,Not classified,0,1,NC,NC,0,판별불가(EPA IV ↔ Cat3/무범주 경계),,0,Not classified,0,1,Not classified,0,1,Not classified,0,1,NC,NC,0,Not classified,0,1,Not classified,0,1,Not classified,0,1,Not classified,0,1
MIX587,107534-96-3,NC,NC,0,Not classified,0,1,Not classified,0,1,Not classified,0,1,Not classified,0,1,NC,NC,0,Not classified,0,1,Not classified,0,1,Not classified,0,1,Not classified,0,1,,,0,,,0,,,0,,,0,,,0
MIX588,69770-45-2,2A,2A,0,2A,1,1,2A,1,1,2A,1,1,2A,1,1,2,2,0,2,1,1,2,1,1,2,1,1,2,1,1,1,1,0,1,1,1,1,1,1,1,1,1,1,1,1
MIX589,372137-35-4,NC,NC,0,Not classified,0,1,Not classified,0,1,Not classified,0,1,Not classified,0,1,NC,NC,0,Not classified,0,1,Not classified,0,1,Not classified,0,1,Not classified,0,1,NC,NC,0,Not classified,0,1,Not classified,0,1,Not classified,0,1,Not classified,0,1
MIX59,82657-04-3,,,0,,,0,,,0,,,0,,,0,2A,2,1,2,1,1,2,1,1,2,1,1,2,1,1,,,0,,,0,,,0,,,0,,,0
MIX590,59669-26-0,,,0,,,0,,,0,,,0,,,0,,,0,,,0,,,0,,,0,,,0,,,0,,,0,,,0,,,0,,,0
MIX591,1918-00-9,2A,2A,0,2A,1,1,2A,1,1,2A,1,1,2A,1,1,,,0,,,0,,,0,,,0,,,0,,,0,,,0,,,0,,,0,,,0
MIX592,372137-35-4,NC,NC,0,Not classified,0,1,Not classified,0,1,Not classified,0,1,Not classified,0,1,,,0,,,0,,,0,,,0,,,0,NC,NC,0,Not classified,0,1,Not classified,0,1,Not classified,0,1,Not classified,0,1
MIX593,116-06-3,,,0,,,0,,,0,,,0,,,0,NC,NC,0,판별불가(EPA IV ↔ Cat3/무범주 경계),,0,Not classified,0,1,Not classified,0,1,Not classified,0,1,,,0,,,0,,,0,,,0,,,0
MIX594,52315-07-8,NC,NC,0,Not classified,0,1,Not classified,0,1,Not classified,0,1,Not classified,0,1,NC,NC,0,Not classified,0,1,Not classified,0,1,Not classified,0,1,Not classified,0,1,NC,NC,0,Not classified,0,1,Not classified,0,1,Not classified,0,1,Not classified,0,1
MIX595,865318-97-4,NC,NC,0,Not classified,0,1,Not classified,0,1,Not classified,0,1,Not classified,0,1,NC,NC,0,Not classified,0,1,Not classified,0,1,Not classified,0,1,Not classified,0,1,NC,NC,0,Not classified,0,1,Not classified,0,1,Not classified,0,1,Not classified,0,1
MIX596,1071-83-6,2A,2A,0,2A,1,1,2A,1,1,2A,1,1,2A,1,1,NC,NC,0,판별불가(EPA IV ↔ Cat3/무범주 경계),,0,Not classified,0,1,Not classified,0,1,Not classified,0,1,,,0,,,0,,,0,,,0,,,0
MIX597,138261-41-3,,,0,,,0,,,0,,,0,,,0,NC,NC,0,판별불가(EPA IV ↔ Cat3/무범주 경계),,0,Not classified,0,1,Not classified,0,1,Not classified,0,1,,,0,,,0,,,0,,,0,,,0
MIX598,87674-68-8,1,1,0,1,1,1,1,1,1,1,1,1,1,1,1,,,0,,,0,,,0,,,0,,,0,1,1,0,1,1,1,1,1,1,1,1,1,1,1,1
MIX599,181274-15-7,2A,2A,0,2A,1,1,2A,1,1,2A,1,1,2A,1,1,,,0,,,0,,,0,,,0,,,0,NC,NC,0,Not classified,0,1,Not classified,0,1,Not classified,0,1,Not classified,0,1
MIX6,2682-20-4,1,1,0,1,1,1,1,1,1,1,1,1,1,1,1,1,1,0,1,1,1,1,1,1,1,1,1,1,1,1,1,1,0,1,1,1,1,1,1,1,1,1,1,1,1
MIX60,2682-20-4,,,0,,,0,,,0,,,0,,,0,1,1,0,1,1,1,1,1,1,1,1,1,1,1,1,,,0,,,0,,,0,,,0,,,0
MIX600,133-37-9,2A,2A,0,2A,1,1,2A,1,1,2A,1,1,2A,1,1,NC,NC,0,판별불가(EPA IV ↔ Cat3/무범주 경계),,0,Not classified,0,1,Not classified,0,1,Not classified,0,1,NC,NC,0,Not classified,0,1,Not classified,0,1,Not classified,0,1,Not classified,0,1
MIX601,107534-96-3,,,0,,,0,,,0,,,0,,,0,NC,NC,0,판별불가(EPA IV ↔ Cat3/무범주 경계),,0,Not classified,0,1,Not classified,0,1,Not classified,0,1,,,0,,,0,,,0,,,0,,,0
MIX602,107534-96-3,,,0,,,0,,,0,,,0,,,0,,,0,,,0,,,0,,,0,,,0,,,0,,,0,,,0,,,0,,,0
MIX603,138261-41-3,2B,2B,0,2B,1,1,Not classified,0,1,2B,1,1,2B,1,1,NC,NC,0,Not classified,0,1,Not classified,0,1,Not classified,0,1,Not classified,0,1,NC,NC,0,Not classified,0,1,Not classified,0,1,Not classified,0,1,Not classified,0,1
MIX604,138261-41-3,,,0,,,0,,,0,,,0,,,0,,,0,,,0,,,0,,,0,,,0,,,0,,,0,,,0,,,0,,,0
MIX605,138261-41-3,2B,2B,0,2B,1,1,Not classified,0,1,2B,1,1,2B,1,1,2,2,0,2,1,1,2,1,1,2,1,1,2,1,1,,,0,,,0,,,0,,,0,,,0
MIX606,82657-04-3,2B,2B,0,2B,1,1,Not classified,0,1,2B,1,1,2B,1,1,3,3,0,3,1,1,Not classified,0,1,Not classified,0,1,Not classified,0,1,,,0,,,0,,,0,,,0,,,0
MIX607,138261-41-3,2B,2B,0,2B,1,1,Not classified,0,1,2B,1,1,2B,1,1,NC,NC,0,Not classified,0,1,Not classified,0,1,Not classified,0,1,Not classified,0,1,NC,NC,0,Not classified,0,1,Not classified,0,1,Not classified,0,1,Not classified,0,1
MIX608,141517-21-7,2A,2A,0,2A,1,1,2A,1,1,2A,1,1,2A,1,1,NC,NC,0,Not classified,0,1,Not classified,0,1,Not classified,0,1,Not classified,0,1,NC,NC,0,Not classified,0,1,Not classified,0,1,Not classified,0,1,Not classified,0,1
MIX609,7287-19-6,,,0,,,0,,,0,,,0,,,0,NC,NC,0,판별불가(EPA IV ↔ Cat3/무범주 경계),,0,Not classified,0,1,Not classified,0,1,Not classified,0,1,,,0,,,0,,,0,,,0,,,0
MIX61,125116-23-6,,,0,,,0,,,0,,,0,,,0,NC,NC,0,판별불가(EPA IV ↔ Cat3/무범주 경계),,0,Not classified,0,1,Not classified,0,1,Not classified,0,1,,,0,,,0,,,0,,,0,,,0
MIX610,210631-68-8,NC,NC,0,Not classified,0,1,Not classified,0,1,Not classified,0,1,Not classified,0,1,NC,NC,0,Not classified,0,1,Not classified,0,1,Not classified,0,1,Not classified,0,1,1,1,0,1,1,1,1,1,1,1,1,1,1,1,1
MIX611,122454-29-9,1,1,0,1,1,1,1,1,1,1,1,1,1,1,1,2B,2,1,2,1,1,2,1,1,2,1,1,2,1,1,1,1,0,1,1,1,1,1,1,1,1,1,1,1,1
MIX612,1317-39-1,NC,NC,0,Not classified,0,1,Not classified,0,1,Not classified,0,1,Not classified,0,1,NC,NC,0,Not classified,0,1,Not classified,0,1,Not classified,0,1,Not classified,0,1,NC,NC,0,Not classified,0,1,Not classified,0,1,Not classified,0,1,Not classified,0,1
MIX613,55406-53-6,,,0,,,0,,,0,,,0,,,0,,,0,,,0,,,0,,,0,,,0,,,0,,,0,,,0,,,0,,,0
MIX614,116255-48-2,1,1,0,1,1,1,1,1,1,1,1,1,1,1,1,NC,NC,0,판별불가(EPA IV ↔ Cat3/무범주 경계),,0,Not classified,0,1,Not classified,0,1,Not classified,0,1,NC,NC,0,Not classified,0,1,Not classified,0,1,Not classified,0,1,Not classified,0,1
MIX615,131341-86-1,,,0,,,0,,,0,,,0,,,0,,,0,,,0,,,0,,,0,,,0,,,0,,,0,,,0,,,0,,,0
MIX616,131341-86-1,,,0,,,0,,,0,,,0,,,0,,,0,,,0,,,0,,,0,,,0,,,0,,,0,,,0,,,0,,,0
MIX617,154749-55-0,2A,2A,0,2A,1,1,2A,1,1,2A,1,1,2A,1,1,NC,NC,0,Not classified,0,1,Not classified,0,1,Not classified,0,1,Not classified,0,1,NC,NC,0,Not classified,0,1,Not classified,0,1,Not classified,0,1,Not classified,0,1
MIX618,71751-41-2,NC,NC,0,Not classified,0,1,Not classified,0,1,Not classified,0,1,Not classified,0,1,NC,NC,0,Not classified,0,1,Not classified,0,1,Not classified,0,1,Not classified,0,1,NC,NC,0,Not classified,0,1,Not classified,0,1,Not classified,0,1,Not classified,0,1
MIX619,65195-52-0,,,0,,,0,,,0,,,0,,,0,,,0,,,0,,,0,,,0,,,0,,,0,,,0,,,0,,,0,,,0
MIX62,2893-78-9,,,0,,,0,,,0,,,0,,,0,,,0,,,0,,,0,,,0,,,0,,,0,,,0,,,0,,,0,,,0
MIX620,65195-53-1,,,0,,,0,,,0,,,0,,,0,,,0,,,0,,,0,,,0,,,0,,,0,,,0,,,0,,,0,,,0
MIX621,71751-41-2,NC,NC,0,Not classified,0,1,Not classified,0,1,Not classified,0,1,Not classified,0,1,NC,NC,0,Not classified,0,1,Not classified,0,1,Not classified,0,1,Not classified,0,1,NC,NC,0,Not classified,0,1,Not classified,0,1,Not classified,0,1,Not classified,0,1
MIX622,138261-41-3,2B,2B,0,2B,1,1,Not classified,0,1,2B,1,1,2B,1,1,,,0,,,0,,,0,,,0,,,0,1,1,0,1,1,1,1,1,1,1,1,1,1,1,1
MIX623,210880-92-5,NC,NC,0,Not classified,0,1,Not classified,0,1,Not classified,0,1,Not classified,0,1,NC,NC,0,판별불가(EPA IV ↔ Cat3/무범주 경계),,0,Not classified,0,1,Not classified,0,1,Not classified,0,1,NC,NC,0,Not classified,0,1,Not classified,0,1,Not classified,0,1,Not classified,0,1
MIX624,116255-48-2,NC,NC,0,Not classified,0,1,Not classified,0,1,Not classified,0,1,Not classified,0,1,NC,NC,0,판별불가(EPA IV ↔ Cat3/무범주 경계),,0,Not classified,0,1,Not classified,0,1,Not classified,0,1,,,0,,,0,,,0,,,0,,,0
MIX625,131341-86-1,,,0,,,0,,,0,,,0,,,0,NC,NC,0,판별불가(EPA IV ↔ Cat3/무범주 경계),,0,Not classified,0,1,Not classified,0,1,Not classified,0,1,,,0,,,0,,,0,,,0,,,0
MIX626,82657-04-3,,,0,,,0,,,0,,,0,,,0,,,0,,,0,,,0,,,0,,,0,1B,1B,0,1B,1,1,1B,1,1,1B,1,1,1B,1,1
MIX627,165252-70-0,,,0,,,0,,,0,,,0,,,0,,,0,,,0,,,0,,,0,,,0,1,1,0,1,1,1,1,1,1,1,1,1,1,1,1
MIX628,2008-39-1,1,1,0,1,1,1,1,1,1,1,1,1,1,1,1,,,0,,,0,,,0,,,0,,,0,NC,NC,0,Not classified,0,1,Not classified,0,1,Not classified,0,1,Not classified,0,1
MIX629,82657-04-3,NC,NC,0,Not classified,0,1,Not classified,0,1,Not classified,0,1,Not classified,0,1,NC,NC,0,Not classified,0,1,Not classified,0,1,Not classified,0,1,Not classified,0,1,NC,NC,0,Not classified,0,1,Not classified,0,1,Not classified,0,1,Not classified,0,1
MIX63,149979-41-9,,,0,,,0,,,0,,,0,,,0,,,0,,,0,,,0,,,0,,,0,,,0,,,0,,,0,,,0,,,0
MIX630,52315-07-8,NC,NC,0,Not classified,0,1,Not classified,0,1,Not classified,0,1,Not classified,0,1,NC,NC,0,Not classified,0,1,Not classified,0,1,Not classified,0,1,Not classified,0,1,NC,NC,0,Not classified,0,1,Not classified,0,1,Not classified,0,1,Not classified,0,1
MIX631,122931-48-0,2A,2A,0,2A,1,1,2A,1,1,2A,1,1,2A,1,1,NC,NC,0,판별불가(EPA IV ↔ Cat3/무범주 경계),,0,Not classified,0,1,Not classified,0,1,Not classified,0,1,,,0,,,0,,,0,,,0,,,0
MIX632,188489-07-8,NC,NC,0,Not classified,0,1,Not classified,0,1,Not classified,0,1,Not classified,0,1,NC,NC,0,Not classified,0,1,Not classified,0,1,Not classified,0,1,Not classified,0,1,NC,NC,0,Not classified,0,1,Not classified,0,1,Not classified,0,1,Not classified,0,1
MIX633,69770-45-2,2A,2A,0,2A,1,1,2A,1,1,2A,1,1,2A,1,1,2,2,0,2,1,1,2,1,1,2,1,1,2,1,1,1,1,0,1,1,1,1,1,1,1,1,1,1,1,1
MIX634,69770-45-2,2A,2A,0,2A,1,1,2A,1,1,2A,1,1,2A,1,1,2,2,0,2,1,1,2,1,1,2,1,1,2,1,1,1,1,0,1,1,1,1,1,1,1,1,1,1,1,1
MIX635,188489-07-2,,,0,,,0,,,0,,,0,,,0,,,0,,,0,,,0,,,0,,,0,,,0,,,0,,,0,,,0,,,0
MIX636,77182-82-2,,,0,,,0,,,0,,,0,,,0,,,0,,,0,,,0,,,0,,,0,,,0,,,0,,,0,,,0,,,0
MIX637,183675-82-3,NC,NC,0,Not classified,0,1,Not classified,0,1,Not classified,0,1,Not classified,0,1,NC,NC,0,Not classified,0,1,Not classified,0,1,Not classified,0,1,Not classified,0,1,NC,NC,0,Not classified,0,1,Not classified,0,1,Not classified,0,1,Not classified,0,1
MIX638,52645-53-1,,,0,,,0,,,0,,,0,,,0,,,0,,,0,,,0,,,0,,,0,1,1,0,1,1,1,1,1,1,1,1,1,1,1,1
MIX639,52645-53-1,,,0,,,0,,,0,,,0,,,0,,,0,,,0,,,0,,,0,,,0,1,1,0,1,1,1,1,1,1,1,1,1,1,1,1
MIX64,125401-92-5,2A,2A,0,2A,1,1,2A,1,1,2A,1,1,2A,1,1,NC,NC,0,판별불가(EPA IV ↔ Cat3/무범주 경계),,0,Not classified,0,1,Not classified,0,1,Not classified,0,1,,,0,,,0,,,0,,,0,,,0
MIX640,107534-96-3,NC,NC,0,Not classified,0,1,Not classified,0,1,Not classified,0,1,Not classified,0,1,NC,NC,0,Not classified,0,1,Not classified,0,1,Not classified,0,1,Not classified,0,1,NC,NC,0,Not classified,0,1,Not classified,0,1,Not classified,0,1,Not classified,0,1
MIX641,108-94-1,,,0,,,0,,,0,,,0,,,0,NC,NC,0,Not classified,0,1,Not classified,0,1,Not classified,0,1,Not classified,0,1,NC,NC,0,Not classified,0,1,Not classified,0,1,Not classified,0,1,Not classified,0,1
MIX642,3619-17-8,,,0,,,0,,,0,,,0,,,0,,,0,,,0,,,0,,,0,,,0,,,0,,,0,,,0,,,0,,,0
MIX643,35554-44-0,,,0,,,0,,,0,,,0,,,0,,,0,,,0,,,0,,,0,,,0,1,1,0,1,1,1,1,1,1,1,1,1,1,1,1
MIX644,57837-19-1,,,0,,,0,,,0,,,0,,,0,,,0,,,0,,,0,,,0,,,0,1,1,0,1,1,1,1,1,1,1,1,1,1,1,1
MIX645,108-62-3,NC,NC,0,Not classified,0,1,Not classified,0,1,Not classified,0,1,Not classified,0,1,NC,NC,0,Not classified,0,1,Not classified,0,1,Not classified,0,1,Not classified,0,1,NC,NC,0,Not classified,0,1,Not classified,0,1,Not classified,0,1,Not classified,0,1
MIX646,74223-64-6,,,0,,,0,,,0,,,0,,,0,,,0,,,0,,,0,,,0,,,0,,,0,,,0,,,0,,,0,,,0
MIX647,16079-88-2,1,1,0,1,1,1,1,1,1,1,1,1,1,1,1,1,1,0,1,1,1,1,1,1,1,1,1,1,1,1,1,1,0,1,1,1,1,1,1,1,1,1,1,1,1
MIX648,MIX648,NC,NC,0,Not classified,0,1,Not classified,0,1,Not classified,0,1,Not classified,0,1,NC,NC,0,Not classified,0,1,Not classified,0,1,Not classified,0,1,Not classified,0,1,NC,NC,0,Not classified,0,1,Not classified,0,1,Not classified,0,1,Not classified,0,1
MIX649,153719-23-4,NC,NC,0,Not classified,0,1,Not classified,0,1,Not classified,0,1,Not classified,0,1,NC,NC,0,Not classified,0,1,Not classified,0,1,Not classified,0,1,Not classified,0,1,NC,NC,0,Not classified,0,1,Not classified,0,1,Not classified,0,1,Not classified,0,1
MIX65,52315-07-8,2B,2B,0,2B,1,1,Not classified,0,1,2B,1,1,2B,1,1,NC,NC,0,판별불가(EPA IV ↔ Cat3/무범주 경계),,0,Not classified,0,1,Not classified,0,1,Not classified,0,1,NC,NC,0,Not classified,0,1,Not classified,0,1,Not classified,0,1,Not classified,0,1
MIX650,90-43-7,,,0,,,0,,,0,,,0,,,0,1,1,0,1,1,1,1,1,1,1,1,1,1,1,1,,,0,,,0,,,0,,,0,,,0
MIX651,494793-67-8,,,0,,,0,,,0,,,0,,,0,NC,NC,0,판별불가(EPA IV ↔ Cat3/무범주 경계),,0,Not classified,0,1,Not classified,0,1,Not classified,0,1,,,0,,,0,,,0,,,0,,,0
MIX652,141112-29-0,,,0,,,0,,,0,,,0,,,0,,,0,,,0,,,0,,,0,,,0,,,0,,,0,,,0,,,0,,,0
MIX653,210880-92-5,NC,NC,0,Not classified,0,1,Not classified,0,1,Not classified,0,1,Not classified,0,1,NC,NC,0,Not classified,0,1,Not classified,0,1,Not classified,0,1,Not classified,0,1,NC,NC,0,Not classified,0,1,Not classified,0,1,Not classified,0,1,Not classified,0,1
MIX654,87674-68-8,,,0,,,0,,,0,,,0,,,0,1,1,0,1,1,1,1,1,1,1,1,1,1,1,1,,,0,,,0,,,0,,,0,,,0
MIX655,35554-44-0,2A,2A,0,2A,1,1,2A,1,1,2A,1,1,2A,1,1,NC,NC,0,Not classified,0,1,Not classified,0,1,Not classified,0,1,Not classified,0,1,NC,NC,0,Not classified,0,1,Not classified,0,1,Not classified,0,1,Not classified,0,1
MIX656,80844-07-1,,,0,,,0,,,0,,,0,,,0,,,0,,,0,,,0,,,0,,,0,,,0,,,0,,,0,,,0,,,0
MIX657,7173-51-5,2B,2B,0,2B,1,1,Not classified,0,1,2B,1,1,2B,1,1,2,2,0,2,1,1,2,1,1,2,1,1,2,1,1,1B,1B,0,1B,1,1,1B,1,1,1B,1,1,1B,1,1
MIX658,5598-13-0,2A,2A,0,2A,1,1,2A,1,1,2A,1,1,2A,1,1,2,2,0,2,1,1,2,1,1,2,1,1,2,1,1,NC,NC,0,Not classified,0,1,Not classified,0,1,Not classified,0,1,Not classified,0,1
MIX659,1071-83-6,NC,NC,0,Not classified,0,1,Not classified,0,1,Not classified,0,1,Not classified,0,1,NC,NC,0,Not classified,0,1,Not classified,0,1,Not classified,0,1,Not classified,0,1,NC,NC,0,Not classified,0,1,Not classified,0,1,Not classified,0,1,Not classified,0,1
MIX66,865318-97-4,,,0,,,0,,,0,,,0,,,0,NC,NC,0,판별불가(EPA IV ↔ Cat3/무범주 경계),,0,Not classified,0,1,Not classified,0,1,Not classified,0,1,,,0,,,0,,,0,,,0,,,0
MIX660,7631-86-9,2A,2A,0,2A,1,1,2A,1,1,2A,1,1,2A,1,1,1,1,0,1,1,1,1,1,1,1,1,1,1,1,1,1,1,0,1,1,1,1,1,1,1,1,1,1,1,1
MIX661,111991-09-4,NC,NC,0,Not classified,0,1,Not classified,0,1,Not classified,0,1,Not classified,0,1,NC,NC,0,Not classified,0,1,Not classified,0,1,Not classified,0,1,Not classified,0,1,NC,NC,0,Not classified,0,1,Not classified,0,1,Not classified,0,1,Not classified,0,1
MIX662,34256-82-1,2B,2B,0,2B,1,1,Not classified,0,1,2B,1,1,2B,1,1,NC,NC,0,Not classified,0,1,Not classified,0,1,Not classified,0,1,Not classified,0,1,1,1,0,1,1,1,1,1,1,1,1,1,1,1,1
MIX663,2634-33-5,1,1,0,1,1,1,1,1,1,1,1,1,1,1,1,1,1,0,1,1,1,1,1,1,1,1,1,1,1,1,1,1,0,1,1,1,1,1,1,1,1,1,1,1,1
MIX664,111-30-8,1,1,0,1,1,1,1,1,1,1,1,1,1,1,1,1,1,0,1,1,1,1,1,1,1,1,1,1,1,1,1,1,0,1,1,1,1,1,1,1,1,1,1,1,1
MIX665,175013-18-0,,,0,,,0,,,0,,,0,,,0,2,2,0,2,1,1,2,1,1,2,1,1,2,1,1,,,0,,,0,,,0,,,0,,,0
MIX666,82657-04-3,,,0,,,0,,,0,,,0,,,0,,,0,,,0,,,0,,,0,,,0,,,0,,,0,,,0,,,0,,,0
MIX667,82657-04-3,,,0,,,0,,,0,,,0,,,0,,,0,,,0,,,0,,,0,,,0,,,0,,,0,,,0,,,0,,,0
MIX668,82657-04-3,NC,NC,0,Not classified,0,1,Not classified,0,1,Not classified,0,1,Not classified,0,1,NC,NC,0,Not classified,0,1,Not classified,0,1,Not classified,0,1,Not classified,0,1,1,1,0,1,1,1,1,1,1,1,1,1,1,1,1
MIX669,82657-04-3,,,0,,,0,,,0,,,0,,,0,,,0,,,0,,,0,,,0,,,0,,,0,,,0,,,0,,,0,,,0
MIX67,168316-95-8,NC,NC,0,Not classified,0,1,Not classified,0,1,Not classified,0,1,Not classified,0,1,NC,NC,0,판별불가(EPA IV ↔ Cat3/무범주 경계),,0,Not classified,0,1,Not classified,0,1,Not classified,0,1,NC,NC,0,Not classified,0,1,Not classified,0,1,Not classified,0,1,Not classified,0,1
MIX670,82657-04-3,NC,NC,0,Not classified,0,1,Not classified,0,1,Not classified,0,1,Not classified,0,1,NC,NC,0,Not classified,0,1,Not classified,0,1,Not classified,0,1,Not classified,0,1,1B,1B,0,1B,1,1,1B,1,1,1B,1,1,1B,1,1
MIX671,51-03-6,,,0,,,0,,,0,,,0,,,0,,,0,,,0,,,0,,,0,,,0,,,0,,,0,,,0,,,0,,,0
MIX672,111988-49-9,NC,NC,0,Not classified,0,1,Not classified,0,1,Not classified,0,1,Not classified,0,1,NC,NC,0,Not classified,0,1,Not classified,0,1,Not classified,0,1,Not classified,0,1,NC,NC,0,Not classified,0,1,Not classified,0,1,Not classified,0,1,Not classified,0,1
MIX673,1897-45-6,,,0,,,0,,,0,,,0,,,0,,,0,,,0,,,0,,,0,,,0,,,0,,,0,,,0,,,0,,,0
MIX674,1897-45-6,2A,2A,0,2A,1,1,2A,1,1,2A,1,1,2A,1,1,,,0,,,0,,,0,,,0,,,0,1B,1B,0,1B,1,1,1B,1,1,1B,1,1,1B,1,1
MIX675,240494-70-6,2B,2B,0,2B,1,1,Not classified,0,1,2B,1,1,2B,1,1,,,0,,,0,,,0,,,0,,,0,1B,1B,0,1B,1,1,1B,1,1,1B,1,1,1B,1,1
MIX676,1897-45-6,1,1,0,1,1,1,1,1,1,1,1,1,1,1,1,,,0,,,0,,,0,,,0,,,0,1,1,0,1,1,1,1,1,1,1,1,1,1,1,1
MIX677,1897-45-6,1,1,0,1,1,1,1,1,1,1,1,1,1,1,1,,,0,,,0,,,0,,,0,,,0,1,1,0,1,1,1,1,1,1,1,1,1,1,1,1
MIX678,90982-32-4,2A,2A,0,2A,1,1,2A,1,1,2A,1,1,2A,1,1,,,0,,,0,,,0,,,0,,,0,NC,NC,0,Not classified,0,1,Not classified,0,1,Not classified,0,1,Not classified,0,1
MIX679,1071-83-6,1,1,0,1,1,1,1,1,1,1,1,1,1,1,1,NC,NC,0,Not classified,0,1,Not classified,0,1,Not classified,0,1,Not classified,0,1,,,0,,,0,,,0,,,0,,,0
MIX68,210631-68-8,NC,NC,0,Not classified,0,1,Not classified,0,1,Not classified,0,1,Not classified,0,1,NC,NC,0,판별불가(EPA IV ↔ Cat3/무범주 경계),,0,Not classified,0,1,Not classified,0,1,Not classified,0,1,,,0,,,0,,,0,,,0,,,0
MIX680,1897-45-6,,,0,,,0,,,0,,,0,,,0,,,0,,,0,,,0,,,0,,,0,1,1,0,1,1,1,1,1,1,1,1,1,1,1,1
MIX681,Cypermethrin,NC,NC,0,Not classified,0,1,Not classified,0,1,Not classified,0,1,Not classified,0,1,NC,NC,0,Not classified,0,1,Not classified,0,1,Not classified,0,1,Not classified,0,1,NC,NC,0,Not classified,0,1,Not classified,0,1,Not classified,0,1,Not classified,0,1
MIX682,1897-45-6,1,1,0,1,1,1,1,1,1,1,1,1,1,1,1,2,2,0,2,1,1,2,1,1,2,1,1,2,1,1,1,1,0,1,1,1,1,1,1,1,1,1,1,1,1
MIX683,1897-45-6,,,0,,,0,,,0,,,0,,,0,2,2,0,2,1,1,2,1,1,2,1,1,2,1,1,1B,1B,0,1B,1,1,1B,1,1,1B,1,1,1B,1,1
MIX684,2008-39-1,,,0,,,0,,,0,,,0,,,0,,,0,,,0,,,0,,,0,,,0,,,0,,,0,,,0,,,0,,,0
MIX685,2008-39-1,,,0,,,0,,,0,,,0,,,0,,,0,,,0,,,0,,,0,,,0,,,0,,,0,,,0,,,0,,,0
MIX686,97-64-3,2B,2B,0,2B,1,1,Not classified,0,1,2B,1,1,2B,1,1,,,0,,,0,,,0,,,0,,,0,NC,NC,0,Not classified,0,1,Not classified,0,1,Not classified,0,1,Not classified,0,1
MIX687,1897-45-6,1,1,0,1,1,1,1,1,1,1,1,1,1,1,1,,,0,,,0,,,0,,,0,,,0,1,1,0,1,1,1,1,1,1,1,1,1,1,1,1
MIX688,2008-39-1,,,0,,,0,,,0,,,0,,,0,NC,NC,0,Not classified,0,1,Not classified,0,1,Not classified,0,1,Not classified,0,1,NC,NC,0,Not classified,0,1,Not classified,0,1,Not classified,0,1,Not classified,0,1
MIX689,26225-79-6,,,0,,,0,,,0,,,0,,,0,,,0,,,0,,,0,,,0,,,0,,,0,,,0,,,0,,,0,,,0
MIX69,188425-85-6,,,0,,,0,,,0,,,0,,,0,NC,NC,0,판별불가(EPA IV ↔ Cat3/무범주 경계),,0,Not classified,0,1,Not classified,0,1,Not classified,0,1,,,0,,,0,,,0,,,0,,,0
MIX690,120068-37-3,NC,NC,0,Not classified,0,1,Not classified,0,1,Not classified,0,1,Not classified,0,1,NC,NC,0,Not classified,0,1,Not classified,0,1,Not classified,0,1,Not classified,0,1,,,0,,,0,,,0,,,0,,,0
MIX691,134098-61-6,2A,2A,0,2A,1,1,2A,1,1,2A,1,1,2A,1,1,NC,NC,0,Not classified,0,1,Not classified,0,1,Not classified,0,1,Not classified,0,1,NC,NC,0,Not classified,0,1,Not classified,0,1,Not classified,0,1,Not classified,0,1
MIX692,1071-83-6,1,1,0,1,1,1,1,1,1,1,1,1,1,1,1,,,0,,,0,,,0,,,0,,,0,,,0,,,0,,,0,,,0,,,0
MIX693,168316-95-8,2A,2A,0,2A,1,1,2A,1,1,2A,1,1,2A,1,1,,,0,,,0,,,0,,,0,,,0,NC,NC,0,Not classified,0,1,Not classified,0,1,Not classified,0,1,Not classified,0,1
MIX694,38641-94-0,,,0,,,0,,,0,,,0,,,0,,,0,,,0,,,0,,,0,,,0,,,0,,,0,,,0,,,0,,,0
MIX695,1071-83-6,1,1,0,1,1,1,1,1,1,1,1,1,1,1,1,,,0,,,0,,,0,,,0,,,0,,,0,,,0,,,0,,,0,,,0
MIX696,168316-95-8,2A,2A,0,2A,1,1,2A,1,1,2A,1,1,2A,1,1,NC,NC,0,Not classified,0,1,Not classified,0,1,Not classified,0,1,Not classified,0,1,NC,NC,0,Not classified,0,1,Not classified,0,1,Not classified,0,1,Not classified,0,1
MIX697,7722-84-1,1,1,0,1,1,1,1,1,1,1,1,1,1,1,1,1,1,0,1,1,1,1,1,1,1,1,1,1,1,1,,,0,,,0,,,0,,,0,,,0
MIX698,210880-92-5,,,0,,,0,,,0,,,0,,,0,,,0,,,0,,,0,,,0,,,0,,,0,,,0,,,0,,,0,,,0
MIX699,51707-55-2,,,0,,,0,,,0,,,0,,,0,,,0,,,0,,,0,,,0,,,0,NC,NC,0,Not classified,0,1,Not classified,0,1,Not classified,0,1,Not classified,0,1
MIX7,8018-01-7,NC,NC,0,Not classified,0,1,Not classified,0,1,Not classified,0,1,Not classified,0,1,NC,NC,0,Not classified,0,1,Not classified,0,1,Not classified,0,1,Not classified,0,1,1,1,0,1,1,1,1,1,1,1,1,1,1,1,1
MIX70,907204-31-3,1,1,0,1,1,1,1,1,1,1,1,1,1,1,1,NC,NC,0,판별불가(EPA IV ↔ Cat3/무범주 경계),,0,Not classified,0,1,Not classified,0,1,Not classified,0,1,1,1,0,1,1,1,1,1,1,1,1,1,1,1,1
MIX700,1928-43-4,,,0,,,0,,,0,,,0,,,0,,,0,,,0,,,0,,,0,,,0,,,0,,,0,,,0,,,0,,,0
MIX701,123-33-1,NC,NC,0,Not classified,0,1,Not classified,0,1,Not classified,0,1,Not classified,0,1,NC,NC,0,Not classified,0,1,Not classified,0,1,Not classified,0,1,Not classified,0,1,NC,NC,0,Not classified,0,1,Not classified,0,1,Not classified,0,1,Not classified,0,1
MIX702,1928-43-4,,,0,,,0,,,0,,,0,,,0,,,0,,,0,,,0,,,0,,,0,,,0,,,0,,,0,,,0,,,0
MIX703,240494-70-6,,,0,,,0,,,0,,,0,,,0,,,0,,,0,,,0,,,0,,,0,,,0,,,0,,,0,,,0,,,0
MIX704,125401-92-5,NC,NC,0,Not classified,0,1,Not classified,0,1,Not classified,0,1,Not classified,0,1,NC,NC,0,Not classified,0,1,Not classified,0,1,Not classified,0,1,Not classified,0,1,NC,NC,0,Not classified,0,1,Not classified,0,1,Not classified,0,1,Not classified,0,1
MIX705,858956-08-8,,,0,,,0,,,0,,,0,,,0,,,0,,,0,,,0,,,0,,,0,,,0,,,0,,,0,,,0,,,0
MIX706,165252-70-0,NC,NC,0,Not classified,0,1,Not classified,0,1,Not classified,0,1,Not classified,0,1,,,0,,,0,,,0,,,0,,,0,NC,NC,0,Not classified,0,1,Not classified,0,1,Not classified,0,1,Not classified,0,1
MIX707,1982-69-0,,,0,,,0,,,0,,,0,,,0,,,0,,,0,,,0,,,0,,,0,1B,1B,0,1B,1,1,1B,1,1,1B,1,1,1B,1,1
MIX708,7704-34-9,NC,NC,0,Not classified,0,1,Not classified,0,1,Not classified,0,1,Not classified,0,1,NC,NC,0,Not classified,0,1,Not classified,0,1,Not classified,0,1,Not classified,0,1,NC,NC,0,Not classified,0,1,Not classified,0,1,Not classified,0,1,Not classified,0,1
MIX709,7704-34-9,NC,NC,0,Not classified,0,1,Not classified,0,1,Not classified,0,1,Not classified,0,1,NC,NC,0,Not classified,0,1,Not classified,0,1,Not classified,0,1,Not classified,0,1,NC,NC,0,Not classified,0,1,Not classified,0,1,Not classified,0,1,Not classified,0,1
MIX71,1897-45-6,,,0,,,0,,,0,,,0,,,0,NC,NC,0,판별불가(EPA IV ↔ Cat3/무범주 경계),,0,Not classified,0,1,Not classified,0,1,Not classified,0,1,,,0,,,0,,,0,,,0,,,0
MIX710,131341-86-1,2B,2B,0,2B,1,1,Not classified,0,1,2B,1,1,2B,1,1,NC,NC,0,Not classified,0,1,Not classified,0,1,Not classified,0,1,Not classified,0,1,NC,NC,0,Not classified,0,1,Not classified,0,1,Not classified,0,1,Not classified,0,1
MIX711,122454-29-9,NC,NC,0,Not classified,0,1,Not classified,0,1,Not classified,0,1,Not classified,0,1,NC,NC,0,Not classified,0,1,Not classified,0,1,Not classified,0,1,Not classified,0,1,1,1,0,1,1,1,1,1,1,1,1,1,1,1,1
MIX712,111991-09-4,2B,2B,0,2B,1,1,Not classified,0,1,2B,1,1,2B,1,1,NC,NC,0,Not classified,0,1,Not classified,0,1,Not classified,0,1,Not classified,0,1,NC,NC,0,Not classified,0,1,Not classified,0,1,Not classified,0,1,Not classified,0,1
MIX713,111991-09-4,2B,2B,0,2B,1,1,Not classified,0,1,2B,1,1,2B,1,1,2,2,0,2,1,1,2,1,1,2,1,1,2,1,1,1,1,0,1,1,1,1,1,1,1,1,1,1,1,1
MIX714,107534-96-3,,,0,,,0,,,0,,,0,,,0,NC,NC,0,판별불가(EPA IV ↔ Cat3/무범주 경계),,0,Not classified,0,1,Not classified,0,1,Not classified,0,1,,,0,,,0,,,0,,,0,,,0
MIX715,1071-83-6,1,1,0,1,1,1,1,1,1,1,1,1,1,1,1,NC,NC,0,Not classified,0,1,Not classified,0,1,Not classified,0,1,Not classified,0,1,NC,NC,0,Not classified,0,1,Not classified,0,1,Not classified,0,1,Not classified,0,1
MIX716,51707-55-2,2B,2B,0,2B,1,1,Not classified,0,1,2B,1,1,2B,1,1,2,2,0,2,1,1,2,1,1,2,1,1,2,1,1,NC,NC,0,Not classified,0,1,Not classified,0,1,Not classified,0,1,Not classified,0,1
MIX717,38641-94-0,2A,2A,0,2A,1,1,2A,1,1,2A,1,1,2A,1,1,NC,NC,0,Not classified,0,1,Not classified,0,1,Not classified,0,1,Not classified,0,1,1,1,0,1,1,1,1,1,1,1,1,1,1,1,1
MIX718,125401-92-5,,,0,,,0,,,0,,,0,,,0,NC,NC,0,Not classified,0,1,Not classified,0,1,Not classified,0,1,Not classified,0,1,NC,NC,0,Not classified,0,1,Not classified,0,1,Not classified,0,1,Not classified,0,1
MIX719,28159-98-0,2A,2A,0,2A,1,1,2A,1,1,2A,1,1,2A,1,1,2,2,0,2,1,1,2,1,1,2,1,1,2,1,1,,,0,,,0,,,0,,,0,,,0
MIX72,907204-31-3,,,0,,,0,,,0,,,0,,,0,NC,NC,0,판별불가(EPA IV ↔ Cat3/무범주 경계),,0,Not classified,0,1,Not classified,0,1,Not classified,0,1,,,0,,,0,,,0,,,0,,,0
MIX720,26225-79-6,,,0,,,0,,,0,,,0,,,0,,,0,,,0,,,0,,,0,,,0,,,0,,,0,,,0,,,0,,,0
MIX73,7704-34-9,,,0,,,0,,,0,,,0,,,0,NC,NC,0,판별불가(EPA IV ↔ Cat3/무범주 경계),,0,Not classified,0,1,Not classified,0,1,Not classified,0,1,,,0,,,0,,,0,,,0,,,0
MIX74,116255-48-2,NC,NC,0,Not classified,0,1,Not classified,0,1,Not classified,0,1,Not classified,0,1,NC,NC,0,판별불가(EPA IV ↔ Cat3/무범주 경계),,0,Not classified,0,1,Not classified,0,1,Not classified,0,1,,,0,,,0,,,0,,,0,,,0
MIX742,MIX742,,,0,,,0,,,0,,,0,,,0,,,0,,,0,,,0,,,0,,,0,,,0,,,0,,,0,,,0,,,0
MIX743,3-(4-Methoxyphenyl)propionic acid,NC,NC,0,Not classified,0,1,Not classified,0,1,Not classified,0,1,Not classified,0,1,NC,NC,0,Not classified,0,1,Not classified,0,1,Not classified,0,1,Not classified,0,1,1,1,0,1,1,1,1,1,1,1,1,1,1,1,1
MIX746,121552-61-2,NC,NC,0,Not classified,0,1,Not classified,0,1,Not classified,0,1,Not classified,0,1,NC,NC,0,판별불가(EPA IV ↔ Cat3/무범주 경계),,0,Not classified,0,1,Not classified,0,1,Not classified,0,1,1,1,0,1,1,1,1,1,1,1,1,1,1,1,1
MIX747,15299-99-7,,,0,,,0,,,0,,,0,,,0,NC,NC,0,판별불가(EPA IV ↔ Cat3/무범주 경계),,0,Not classified,0,1,Not classified,0,1,Not classified,0,1,,,0,,,0,,,0,,,0,,,0
MIX748,500008-45-7,,,0,,,0,,,0,,,0,,,0,,,0,,,0,,,0,,,0,,,0,,,0,,,0,,,0,,,0,,,0
MIX749,111991-09-4,2B,2B,0,2B,1,1,Not classified,0,1,2B,1,1,2B,1,1,NC,NC,0,Not classified,0,1,Not classified,0,1,Not classified,0,1,Not classified,0,1,NC,NC,0,Not classified,0,1,Not classified,0,1,Not classified,0,1,Not classified,0,1
MIX75,116255-48-2,NC,NC,0,Not classified,0,1,Not classified,0,1,Not classified,0,1,Not classified,0,1,NC,NC,0,판별불가(EPA IV ↔ Cat3/무범주 경계),,0,Not classified,0,1,Not classified,0,1,Not classified,0,1,,,0,,,0,,,0,,,0,,,0
MIX750,111991-09-4,,,0,,,0,,,0,,,0,,,0,,,0,,,0,,,0,,,0,,,0,,,0,,,0,,,0,,,0,,,0
MIX751,MIX751,NC,NC,0,Not classified,0,1,Not classified,0,1,Not classified,0,1,Not classified,0,1,NC,NC,0,Not classified,0,1,Not classified,0,1,Not classified,0,1,Not classified,0,1,NC,NC,0,Not classified,0,1,Not classified,0,1,Not classified,0,1,Not classified,0,1
MIX752,MIX752,2B,2B,0,2B,1,1,Not classified,0,1,2B,1,1,2B,1,1,2,2,0,2,1,1,2,1,1,2,1,1,2,1,1,NC,NC,0,Not classified,0,1,Not classified,0,1,Not classified,0,1,Not classified,0,1
MIX753,MIX753,,,0,,,0,,,0,,,0,,,0,,,0,,,0,,,0,,,0,,,0,1B,1B,0,1B,1,1,1B,1,1,1B,1,1,1B,1,1
MIX754,MIX754,,,0,,,0,,,0,,,0,,,0,,,0,,,0,,,0,,,0,,,0,1B,1B,0,1B,1,1,1B,1,1,1B,1,1,1B,1,1
MIX755,MIX755,,,0,,,0,,,0,,,0,,,0,,,0,,,0,,,0,,,0,,,0,,,0,,,0,,,0,,,0,,,0
MIX756,MIX756,,,0,,,0,,,0,,,0,,,0,NC,NC,0,Not classified,0,1,Not classified,0,1,Not classified,0,1,Not classified,0,1,1B,1B,0,1B,1,1,1B,1,1,1B,1,1,1B,1,1
MIX758,MIX758,NC,NC,0,Not classified,0,1,Not classified,0,1,Not classified,0,1,Not classified,0,1,NC,NC,0,Not classified,0,1,Not classified,0,1,Not classified,0,1,Not classified,0,1,NC,NC,0,Not classified,0,1,Not classified,0,1,Not classified,0,1,Not classified,0,1
MIX759,MIX759,NC,NC,0,Not classified,0,1,Not classified,0,1,Not classified,0,1,Not classified,0,1,NC,NC,0,Not classified,0,1,Not classified,0,1,Not classified,0,1,Not classified,0,1,NC,NC,0,Not classified,0,1,Not classified,0,1,Not classified,0,1,Not classified,0,1
MIX76,67701-09-1,,,0,,,0,,,0,,,0,,,0,NC,NC,0,판별불가(EPA IV ↔ Cat3/무범주 경계),,0,Not classified,0,1,Not classified,0,1,Not classified,0,1,,,0,,,0,,,0,,,0,,,0
MIX760,98886-44-3,,,0,,,0,,,0,,,0,,,0,,,0,,,0,,,0,,,0,,,0,,,0,,,0,,,0,,,0,,,0
MIX765,129630-19-9,1,1,0,1,1,1,1,1,1,1,1,1,1,1,1,2,2,0,2,1,1,2,1,1,2,1,1,2,1,1,NC,NC,0,Not classified,0,1,Not classified,0,1,Not classified,0,1,Not classified,0,1
MIX766,124495-18-7,,,0,,,0,,,0,,,0,,,0,NC,NC,0,판별불가(EPA IV ↔ Cat3/무범주 경계),,0,Not classified,0,1,Not classified,0,1,Not classified,0,1,1,1,0,1,1,1,1,1,1,1,1,1,1,1,1
MIX769,121451-02-3,,,0,,,0,,,0,,,0,,,0,,,0,,,0,,,0,,,0,,,0,,,0,,,0,,,0,,,0,,,0
MIX77,175013-18-0,,,0,,,0,,,0,,,0,,,0,NC,NC,0,판별불가(EPA IV ↔ Cat3/무범주 경계),,0,Not classified,0,1,Not classified,0,1,Not classified,0,1,,,0,,,0,,,0,,,0,,,0
MIX770,107534-96-3,,,0,,,0,,,0,,,0,,,0,NC,NC,0,판별불가(EPA IV ↔ Cat3/무범주 경계),,0,Not classified,0,1,Not classified,0,1,Not classified,0,1,,,0,,,0,,,0,,,0,,,0
MIX771,85-00-7,,,0,,,0,,,0,,,0,,,0,NC,NC,0,판별불가(EPA IV ↔ Cat3/무범주 경계),,0,Not classified,0,1,Not classified,0,1,Not classified,0,1,,,0,,,0,,,0,,,0,,,0
MIX773,500008-45-7,NC,NC,0,Not classified,0,1,Not classified,0,1,Not classified,0,1,Not classified,0,1,,,0,,,0,,,0,,,0,,,0,,,0,,,0,,,0,,,0,,,0
MIX775,"Coco alkylamine (fatty amine, Armeen 2C - exact CAS/composition unverified)",1,1,0,1,1,1,1,1,1,1,1,1,1,1,1,1,1,0,1,1,1,1,1,1,1,1,1,1,1,1,,,0,,,0,,,0,,,0,,,0
MIX776,61788-46-3,,,0,,,0,,,0,,,0,,,0,1,1,0,1,1,1,1,1,1,1,1,1,1,1,1,,,0,,,0,,,0,,,0,,,0
MIX777,61790-33-8,,,0,,,0,,,0,,,0,,,0,1,1,0,1,1,1,1,1,1,1,1,1,1,1,1,,,0,,,0,,,0,,,0,,,0
MIX778,112-02-7,1,1,0,1,1,1,1,1,1,1,1,1,1,1,1,1,1,0,1,1,1,1,1,1,1,1,1,1,1,1,,,0,,,0,,,0,,,0,,,0
MIX779,"Arquad MCB-50., ,... (The data for the hazardous ingredients were taken respectively from the last version",2A,2A,0,2A,1,1,2A,1,1,2A,1,1,2A,1,1,2,2,0,2,1,1,2,1,1,2,1,1,2,1,1,NC,NC,0,Not classified,0,1,Not classified,0,1,Not classified,0,1,Not classified,0,1
MIX78,1912-24-9,NC,NC,0,Not classified,0,1,Not classified,0,1,Not classified,0,1,Not classified,0,1,NC,NC,0,판별불가(EPA IV ↔ Cat3/무범주 경계),,0,Not classified,0,1,Not classified,0,1,Not classified,0,1,1,1,0,1,1,1,1,1,1,1,1,1,1,1,1
MIX780,373-61-5,,,0,,,0,,,0,,,0,,,0,,,0,,,0,,,0,,,0,,,0,,,0,,,0,,,0,,,0,,,0
MIX781,109-73-9,,,0,,,0,,,0,,,0,,,0,,,0,,,0,,,0,,,0,,,0,,,0,,,0,,,0,,,0,,,0
MIX782,6419-19-8,,,0,,,0,,,0,,,0,,,0,,,0,,,0,,,0,,,0,,,0,,,0,,,0,,,0,,,0,,,0
MIX783,124-07-2,1,1,0,1,1,1,1,1,1,1,1,1,1,1,1,1,1,0,1,1,1,1,1,1,1,1,1,1,1,1,NC,NC,0,Not classified,0,1,Not classified,0,1,Not classified,0,1,Not classified,0,1
MIX784,29387-86-8,2A,2A,0,2A,1,1,2A,1,1,2A,1,1,2A,1,1,2,2,0,2,1,1,2,1,1,2,1,1,2,1,1,,,0,,,0,,,0,,,0,,,0
MIX785,110-80-5,1,1,0,1,1,1,1,1,1,1,1,1,1,1,1,1,1,0,1,1,1,1,1,1,1,1,1,1,1,1,NC,NC,0,Not classified,0,1,Not classified,0,1,Not classified,0,1,Not classified,0,1
MIX786,MIX786,,,0,,,0,,,0,,,0,,,0,,,0,,,0,,,0,,,0,,,0,,,0,,,0,,,0,,,0,,,0
MIX787,151-21-3,2A,2A,0,2A,1,1,2A,1,1,2A,1,1,2A,1,1,2,2,0,2,1,1,2,1,1,2,1,1,2,1,1,,,0,,,0,,,0,,,0,,,0
MIX788,1643-20-5,1,1,0,1,1,1,1,1,1,1,1,1,1,1,1,2,2,0,2,1,1,2,1,1,2,1,1,2,1,1,,,0,,,0,,,0,,,0,,,0
MIX789,MIX789,,,0,,,0,,,0,,,0,,,0,,,0,,,0,,,0,,,0,,,0,,,0,,,0,,,0,,,0,,,0
MIX79,68359-37-5,,,0,,,0,,,0,,,0,,,0,2B,2,1,2,1,1,2,1,1,2,1,1,2,1,1,,,0,,,0,,,0,,,0,,,0
MIX790,7647-01-0,1,1,0,1,1,1,1,1,1,1,1,1,1,1,1,1B,1B,0,1B,1,1,1B,1,1,1B,1,1,1B,1,1,NC,NC,0,Not classified,0,1,Not classified,0,1,Not classified,0,1,Not classified,0,1
MIX791,9004-82-4,2A,2A,0,2A,1,1,2A,1,1,2A,1,1,2A,1,1,2,2,0,2,1,1,2,1,1,2,1,1,2,1,1,NC,NC,0,Not classified,0,1,Not classified,0,1,Not classified,0,1,Not classified,0,1
MIX792,7664-38-2,,,0,,,0,,,0,,,0,,,0,2,2,0,2,1,1,2,1,1,2,1,1,2,1,1,,,0,,,0,,,0,,,0,,,0
MIX793,7681-52-9,1,1,0,1,1,1,1,1,1,1,1,1,1,1,1,1,1,0,1,1,1,1,1,1,1,1,1,1,1,1,,,0,,,0,,,0,,,0,,,0
MIX794,112-80-1,NC,NC,0,Not classified,0,1,Not classified,0,1,Not classified,0,1,Not classified,0,1,NC,NC,0,Not classified,0,1,Not classified,0,1,Not classified,0,1,Not classified,0,1,NC,NC,0,Not classified,0,1,Not classified,0,1,Not classified,0,1,Not classified,0,1
MIX795,2634-33-5,1,1,0,1,1,1,1,1,1,1,1,1,1,1,1,1,1,0,1,1,1,1,1,1,1,1,1,1,1,1,1,1,0,1,1,1,1,1,1,1,1,1,1,1,1
MIX796,2634-33-5,1,1,0,1,1,1,1,1,1,1,1,1,1,1,1,2,2,0,2,1,1,2,1,1,2,1,1,2,1,1,1,1,0,1,1,1,1,1,1,1,1,1,1,1,1
MIX797,60984-57-8,,,0,,,0,,,0,,,0,,,0,,,0,,,0,,,0,,,0,,,0,,,0,,,0,,,0,,,0,,,0
MIX798,7681-57-4,,,0,,,0,,,0,,,0,,,0,,,0,,,0,,,0,,,0,,,0,,,0,,,0,,,0,,,0,,,0
MIX799,7681-57-4,1,1,0,1,1,1,1,1,1,1,1,1,1,1,1,1,1,0,1,1,1,1,1,1,1,1,1,1,1,1,NC,NC,0,Not classified,0,1,Not classified,0,1,Not classified,0,1,Not classified,0,1
MIX8,26172-55-4,,,0,,,0,,,0,,,0,,,0,1,1,0,1,1,1,1,1,1,1,1,1,1,1,1,,,0,,,0,,,0,,,0,,,0
MIX80,1582-09-8,2B,2B,0,2B,1,1,Not classified,0,1,2B,1,1,2B,1,1,NC,NC,0,판별불가(EPA IV ↔ Cat3/무범주 경계),,0,Not classified,0,1,Not classified,0,1,Not classified,0,1,,,0,,,0,,,0,,,0,,,0
MIX800,110-80-5,1,1,0,1,1,1,1,1,1,1,1,1,1,1,1,1,1,0,1,1,1,1,1,1,1,1,1,1,1,1,,,0,,,0,,,0,,,0,,,0
MIX801,7681-57-4,,,0,,,0,,,0,,,0,,,0,,,0,,,0,,,0,,,0,,,0,,,0,,,0,,,0,,,0,,,0
MIX802,7664-93-9,1,1,0,1,1,1,1,1,1,1,1,1,1,1,1,1,1,0,1,1,1,1,1,1,1,1,1,1,1,1,NC,NC,0,Not classified,0,1,Not classified,0,1,Not classified,0,1,Not classified,0,1
MIX803,151-21-3,1,1,0,1,1,1,1,1,1,1,1,1,1,1,1,2,2,0,2,1,1,2,1,1,2,1,1,2,1,1,NC,NC,0,Not classified,0,1,Not classified,0,1,Not classified,0,1,Not classified,0,1
MIX804,7664-93-9,,,0,,,0,,,0,,,0,,,0,,,0,,,0,,,0,,,0,,,0,,,0,,,0,,,0,,,0,,,0
MIX805,7732-18-5,1,1,0,1,1,1,1,1,1,1,1,1,1,1,1,1,1,0,1,1,1,1,1,1,1,1,1,1,1,1,NC,NC,0,Not classified,0,1,Not classified,0,1,Not classified,0,1,Not classified,0,1
MIX806,9002-93-1,1,1,0,1,1,1,1,1,1,1,1,1,1,1,1,1,1,0,1,1,1,1,1,1,1,1,1,1,1,1,NC,NC,0,Not classified,0,1,Not classified,0,1,Not classified,0,1,Not classified,0,1
MIX807,7681-52-9,1,1,0,1,1,1,1,1,1,1,1,1,1,1,1,1,1,0,1,1,1,1,1,1,1,1,1,1,1,1,,,0,,,0,,,0,,,0,,,0
MIX808,"Access Dow's Safety Data Sheet (SDS) database and search by product name, grade, or trade product code.",,,0,,,0,,,0,,,0,,,0,,,0,,,0,,,0,,,0,,,0,,,0,,,0,,,0,,,0,,,0
MIX809,2825-83-4,NC,NC,0,Not classified,0,1,Not classified,0,1,Not classified,0,1,Not classified,0,1,NC,NC,0,Not classified,0,1,Not classified,0,1,Not classified,0,1,Not classified,0,1,NC,NC,0,Not classified,0,1,Not classified,0,1,Not classified,0,1,Not classified,0,1
MIX81,2634-33-5,,,0,,,0,,,0,,,0,,,0,2B,2,1,2,1,1,2,1,1,2,1,1,2,1,1,,,0,,,0,,,0,,,0,,,0
MIX810,72903-27-6,NC,NC,0,Not classified,0,1,Not classified,0,1,Not classified,0,1,Not classified,0,1,NC,NC,0,Not classified,0,1,Not classified,0,1,Not classified,0,1,Not classified,0,1,NC,NC,0,Not classified,0,1,Not classified,0,1,Not classified,0,1,Not classified,0,1
MIX811,556-48-9,NC,NC,0,Not classified,0,1,Not classified,0,1,Not classified,0,1,Not classified,0,1,NC,NC,0,Not classified,0,1,Not classified,0,1,Not classified,0,1,Not classified,0,1,NC,NC,0,Not classified,0,1,Not classified,0,1,Not classified,0,1,Not classified,0,1
MIX812,191044-59-4,,,0,,,0,,,0,,,0,,,0,,,0,,,0,,,0,,,0,,,0,,,0,,,0,,,0,,,0,,,0
MIX813,104864-90-6,,,0,,,0,,,0,,,0,,,0,,,0,,,0,,,0,,,0,,,0,,,0,,,0,,,0,,,0,,,0
MIX814,22094-85-5,,,0,,,0,,,0,,,0,,,0,,,0,,,0,,,0,,,0,,,0,,,0,,,0,,,0,,,0,,,0
MIX815,MIX815,,,0,,,0,,,0,,,0,,,0,,,0,,,0,,,0,,,0,,,0,,,0,,,0,,,0,,,0,,,0
MIX816,MIX816,2B,2B,0,2B,1,1,Not classified,0,1,2B,1,1,2B,1,1,NC,NC,0,Not classified,0,1,Not classified,0,1,Not classified,0,1,Not classified,0,1,,,0,,,0,,,0,,,0,,,0
MIX817,224031-70-3,,,0,,,0,,,0,,,0,,,0,,,0,,,0,,,0,,,0,,,0,,,0,,,0,,,0,,,0,,,0
MIX818,124-07-2,1,1,0,1,1,1,1,1,1,1,1,1,1,1,1,1,1,0,1,1,1,1,1,1,1,1,1,1,1,1,,,0,,,0,,,0,,,0,,,0
MIX819,124-07-2,2A,2A,0,2A,1,1,2A,1,1,2A,1,1,2A,1,1,1,1,0,1,1,1,1,1,1,1,1,1,1,1,1,,,0,,,0,,,0,,,0,,,0
MIX82,133-06-2,1,1,0,1,1,1,1,1,1,1,1,1,1,1,1,NC,NC,0,판별불가(EPA IV ↔ Cat3/무범주 경계),,0,Not classified,0,1,Not classified,0,1,Not classified,0,1,1,1,0,1,1,1,1,1,1,1,1,1,1,1,1
MIX820,124-07-2,2A,2A,0,2A,1,1,2A,1,1,2A,1,1,2A,1,1,2,2,0,2,1,1,2,1,1,2,1,1,2,1,1,,,0,,,0,,,0,,,0,,,0
MIX821,7647-01-0,1,1,0,1,1,1,1,1,1,1,1,1,1,1,1,1B,1B,0,1B,1,1,1B,1,1,1B,1,1,1B,1,1,NC,NC,0,Not classified,0,1,Not classified,0,1,Not classified,0,1,Not classified,0,1
MIX822,1344-09-8,2A,2A,0,2A,1,1,2A,1,1,2A,1,1,2A,1,1,2,2,0,2,1,1,2,1,1,2,1,1,2,1,1,NC,NC,0,Not classified,0,1,Not classified,0,1,Not classified,0,1,Not classified,0,1
MIX823,461-58-5,NC,NC,0,Not classified,0,1,Not classified,0,1,Not classified,0,1,Not classified,0,1,NC,NC,0,Not classified,0,1,Not classified,0,1,Not classified,0,1,Not classified,0,1,NC,NC,0,Not classified,0,1,Not classified,0,1,Not classified,0,1,Not classified,0,1
MIX824,MIX824,,,0,,,0,,,0,,,0,,,0,,,0,,,0,,,0,,,0,,,0,,,0,,,0,,,0,,,0,,,0
MIX825,75-21-8,2,2,0,2,1,1,2,1,1,2,1,1,2,1,1,2,2,0,2,1,1,2,1,1,2,1,1,2,1,1,,,0,,,0,,,0,,,0,,,0
MIX826,75-21-8,1,1,0,1,1,1,1,1,1,1,1,1,1,1,1,2,2,0,2,1,1,2,1,1,2,1,1,2,1,1,,,0,,,0,,,0,,,0,,,0
MIX827,75-21-8,2A,2A,0,2A,1,1,2A,1,1,2A,1,1,2A,1,1,2,2,0,2,1,1,2,1,1,2,1,1,2,1,1,,,0,,,0,,,0,,,0,,,0
MIX828,1344-09-8,1,1,0,1,1,1,1,1,1,1,1,1,1,1,1,1,1,0,1,1,1,1,1,1,1,1,1,1,1,1,,,0,,,0,,,0,,,0,,,0
MIX829,68439-57-6,,,0,,,0,,,0,,,0,,,0,,,0,,,0,,,0,,,0,,,0,,,0,,,0,,,0,,,0,,,0
MIX83,5915-41-3,,,0,,,0,,,0,,,0,,,0,NC,NC,0,판별불가(EPA IV ↔ Cat3/무범주 경계),,0,Not classified,0,1,Not classified,0,1,Not classified,0,1,,,0,,,0,,,0,,,0,,,0
MIX830,69770-45-2,2A,2A,0,2A,1,1,2A,1,1,2A,1,1,2A,1,1,NC,NC,0,판별불가(EPA IV ↔ Cat3/무범주 경계),,0,Not classified,0,1,Not classified,0,1,Not classified,0,1,1,1,0,1,1,1,1,1,1,1,1,1,1,1,1
MIX831,105512-06-9,,,0,,,0,,,0,,,0,,,0,NC,NC,0,판별불가(EPA IV ↔ Cat3/무범주 경계),,0,Not classified,0,1,Not classified,0,1,Not classified,0,1,1,1,0,1,1,1,1,1,1,1,1,1,1,1,1
MIX832,122008-85-9,,,0,,,0,,,0,,,0,,,0,2B,2,1,2,1,1,2,1,1,2,1,1,2,1,1,,,0,,,0,,,0,,,0,,,0
MIX833,107534-96-3,,,0,,,0,,,0,,,0,,,0,NC,NC,0,판별불가(EPA IV ↔ Cat3/무범주 경계),,0,Not classified,0,1,Not classified,0,1,Not classified,0,1,,,0,,,0,,,0,,,0,,,0
MIX834,107534-96-3,,,0,,,0,,,0,,,0,,,0,NC,NC,0,판별불가(EPA IV ↔ Cat3/무범주 경계),,0,Not classified,0,1,Not classified,0,1,Not classified,0,1,,,0,,,0,,,0,,,0,,,0
MIX835,107534-96-3,,,0,,,0,,,0,,,0,,,0,NC,NC,0,판별불가(EPA IV ↔ Cat3/무범주 경계),,0,Not classified,0,1,Not classified,0,1,Not classified,0,1,,,0,,,0,,,0,,,0,,,0
MIX836,118-52-5,2A,2A,0,2A,1,1,2A,1,1,2A,1,1,2A,1,1,1,1,0,1,1,1,1,1,1,1,1,1,1,1,1,1,1,0,1,1,1,1,1,1,1,1,1,1,1,1
MIX837,26225-79-6,NC,NC,0,Not classified,0,1,Not classified,0,1,Not classified,0,1,Not classified,0,1,NC,NC,0,판별불가(EPA IV ↔ Cat3/무범주 경계),,0,Not classified,0,1,Not classified,0,1,Not classified,0,1,,,0,,,0,,,0,,,0,,,0
MIX838,26225-79-6,NC,NC,0,Not classified,0,1,Not classified,0,1,Not classified,0,1,Not classified,0,1,NC,NC,0,판별불가(EPA IV ↔ Cat3/무범주 경계),,0,Not classified,0,1,Not classified,0,1,Not classified,0,1,,,0,,,0,,,0,,,0,,,0
MIX839,1312-76-1,1,1,0,1,1,1,1,1,1,1,1,1,1,1,1,1,1,0,1,1,1,1,1,1,1,1,1,1,1,1,NC,NC,0,Not classified,0,1,Not classified,0,1,Not classified,0,1,Not classified,0,1
MIX84,Captan,1,1,0,1,1,1,1,1,1,1,1,1,1,1,1,NC,NC,0,판별불가(EPA IV ↔ Cat3/무범주 경계),,0,Not classified,0,1,Not classified,0,1,Not classified,0,1,1,1,0,1,1,1,1,1,1,1,1,1,1,1,1
MIX840,7732-18-5,,,0,,,0,,,0,,,0,,,0,NC,NC,0,판별불가(EPA IV ↔ Cat3/무범주 경계),,0,Not classified,0,1,Not classified,0,1,Not classified,0,1,,,0,,,0,,,0,,,0,,,0
MIX841,MIX841,1,1,0,1,1,1,1,1,1,1,1,1,1,1,1,2,2,0,2,1,1,2,1,1,2,1,1,2,1,1,NC,NC,0,Not classified,0,1,Not classified,0,1,Not classified,0,1,Not classified,0,1
MIX842,111-76-2,,,0,,,0,,,0,,,0,,,0,,,0,,,0,,,0,,,0,,,0,,,0,,,0,,,0,,,0,,,0
MIX843,MIX843,NC,NC,0,Not classified,0,1,Not classified,0,1,Not classified,0,1,Not classified,0,1,NC,NC,0,Not classified,0,1,Not classified,0,1,Not classified,0,1,Not classified,0,1,,,0,,,0,,,0,,,0,,,0
MIX844,26225-79-6,,,0,,,0,,,0,,,0,,,0,,,0,,,0,,,0,,,0,,,0,,,0,,,0,,,0,,,0,,,0
MIX845,52315-07-8,,,0,,,0,,,0,,,0,,,0,,,0,,,0,,,0,,,0,,,0,,,0,,,0,,,0,,,0,,,0
MIX846,MIX846,NC,NC,0,Not classified,0,1,Not classified,0,1,Not classified,0,1,Not classified,0,1,NC,NC,0,Not classified,0,1,Not classified,0,1,Not classified,0,1,Not classified,0,1,NC,NC,0,Not classified,0,1,Not classified,0,1,Not classified,0,1,Not classified,0,1
MIX847,188489-07-8,2A,2A,0,2A,1,1,2A,1,1,2A,1,1,2A,1,1,2,2,0,2,1,1,2,1,1,2,1,1,2,1,1,,,0,,,0,,,0,,,0,,,0
MIX848,MIX848,,,0,,,0,,,0,,,0,,,0,,,0,,,0,,,0,,,0,,,0,1,1,0,1,1,1,1,1,1,1,1,1,1,1,1
MIX849,MIX849,NC,NC,0,Not classified,0,1,Not classified,0,1,Not classified,0,1,Not classified,0,1,2,2,0,2,1,1,2,1,1,2,1,1,2,1,1,NC,NC,0,Not classified,0,1,Not classified,0,1,Not classified,0,1,Not classified,0,1
MIX85,52645-53-1,,,0,,,0,,,0,,,0,,,0,NC,NC,0,판별불가(EPA IV ↔ Cat3/무범주 경계),,0,Not classified,0,1,Not classified,0,1,Not classified,0,1,NC,NC,0,Not classified,0,1,Not classified,0,1,Not classified,0,1,Not classified,0,1
MIX850,107534-96-3,,,0,,,0,,,0,,,0,,,0,NC,NC,0,Not classified,0,1,Not classified,0,1,Not classified,0,1,Not classified,0,1,NC,NC,0,Not classified,0,1,Not classified,0,1,Not classified,0,1,Not classified,0,1
MIX851,107534-96-3,NC,NC,0,Not classified,0,1,Not classified,0,1,Not classified,0,1,Not classified,0,1,NC,NC,0,Not classified,0,1,Not classified,0,1,Not classified,0,1,Not classified,0,1,,,0,,,0,,,0,,,0,,,0
MIX852,107534-96-3,NC,NC,0,Not classified,0,1,Not classified,0,1,Not classified,0,1,Not classified,0,1,NC,NC,0,Not classified,0,1,Not classified,0,1,Not classified,0,1,Not classified,0,1,,,0,,,0,,,0,,,0,,,0
MIX853,MIX853,NC,NC,0,Not classified,0,1,Not classified,0,1,Not classified,0,1,Not classified,0,1,NC,NC,0,Not classified,0,1,Not classified,0,1,Not classified,0,1,Not classified,0,1,NC,NC,0,Not classified,0,1,Not classified,0,1,Not classified,0,1,Not classified,0,1
MIX854,MIX854,NC,NC,0,Not classified,0,1,Not classified,0,1,Not classified,0,1,Not classified,0,1,NC,NC,0,Not classified,0,1,Not classified,0,1,Not classified,0,1,Not classified,0,1,NC,NC,0,Not classified,0,1,Not classified,0,1,Not classified,0,1,Not classified,0,1
MIX855,107534-96-3,,,0,,,0,,,0,,,0,,,0,,,0,,,0,,,0,,,0,,,0,,,0,,,0,,,0,,,0,,,0
MIX856,115-95-7,,,0,,,0,,,0,,,0,,,0,,,0,,,0,,,0,,,0,,,0,,,0,,,0,,,0,,,0,,,0
MIX857,80-26-2,2A,2A,0,2A,1,1,2A,1,1,2A,1,1,2A,1,1,2,2,0,2,1,1,2,1,1,2,1,1,2,1,1,,,0,,,0,,,0,,,0,,,0
MIX858,99-76-3,2B,2B,0,2B,1,1,Not classified,0,1,2B,1,1,2B,1,1,2,2,0,2,1,1,2,1,1,2,1,1,2,1,1,NC,NC,0,Not classified,0,1,Not classified,0,1,Not classified,0,1,Not classified,0,1
MIX859,84775-41-7,NC,NC,0,Not classified,0,1,Not classified,0,1,Not classified,0,1,Not classified,0,1,NC,NC,0,Not classified,0,1,Not classified,0,1,Not classified,0,1,Not classified,0,1,NC,NC,0,Not classified,0,1,Not classified,0,1,Not classified,0,1,Not classified,0,1
MIX86,133-06-2,1,1,0,1,1,1,1,1,1,1,1,1,1,1,1,NC,NC,0,판별불가(EPA IV ↔ Cat3/무범주 경계),,0,Not classified,0,1,Not classified,0,1,Not classified,0,1,1,1,0,1,1,1,1,1,1,1,1,1,1,1,1
MIX860,4602-84-0,2A,2A,0,2A,1,1,2A,1,1,2A,1,1,2A,1,1,2,2,0,2,1,1,2,1,1,2,1,1,2,1,1,1,1,0,1,1,1,1,1,1,1,1,1,1,1,1
MIX861,84650-59-9,NC,NC,0,Not classified,0,1,Not classified,0,1,Not classified,0,1,Not classified,0,1,NC,NC,0,Not classified,0,1,Not classified,0,1,Not classified,0,1,Not classified,0,1,NC,NC,0,Not classified,0,1,Not classified,0,1,Not classified,0,1,Not classified,0,1
MIX862,84775-41-7,,,0,,,0,,,0,,,0,,,0,,,0,,,0,,,0,,,0,,,0,1,1,0,1,1,1,1,1,1,1,1,1,1,1,1
MIX863,8007-00-9,,,0,,,0,,,0,,,0,,,0,,,0,,,0,,,0,,,0,,,0,,,0,,,0,,,0,,,0,,,0
MIX864,8031-03-6,NC,NC,0,Not classified,0,1,Not classified,0,1,Not classified,0,1,Not classified,0,1,NC,NC,0,Not classified,0,1,Not classified,0,1,Not classified,0,1,Not classified,0,1,NC,NC,0,Not classified,0,1,Not classified,0,1,Not classified,0,1,Not classified,0,1
MIX865,80-56-8,2A,2A,0,2A,1,1,2A,1,1,2A,1,1,2A,1,1,2,2,0,2,1,1,2,1,1,2,1,1,2,1,1,1,1,0,1,1,1,1,1,1,1,1,1,1,1,1
MIX866,64-17-5,,,0,,,0,,,0,,,0,,,0,,,0,,,0,,,0,,,0,,,0,,,0,,,0,,,0,,,0,,,0
MIX867,8001-88-5,2A,2A,0,2A,1,1,2A,1,1,2A,1,1,2A,1,1,2,2,0,2,1,1,2,1,1,2,1,1,2,1,1,,,0,,,0,,,0,,,0,,,0
MIX868,5989-27-5,NC,NC,0,Not classified,0,1,Not classified,0,1,Not classified,0,1,Not classified,0,1,2,2,0,2,1,1,2,1,1,2,1,1,2,1,1,1,1,0,1,1,1,1,1,1,1,1,1,1,1,1
MIX869,127-25-3,,,0,,,0,,,0,,,0,,,0,,,0,,,0,,,0,,,0,,,0,,,0,,,0,,,0,,,0,,,0
MIX87,50723-80-3,2A,2A,0,2A,1,1,2A,1,1,2A,1,1,2A,1,1,,,0,,,0,,,0,,,0,,,0,1,1,0,1,1,1,1,1,1,1,1,1,1,1,1
MIX870,68611-23-4,NC,NC,0,Not classified,0,1,Not classified,0,1,Not classified,0,1,Not classified,0,1,NC,NC,0,Not classified,0,1,Not classified,0,1,Not classified,0,1,Not classified,0,1,NC,NC,0,Not classified,0,1,Not classified,0,1,Not classified,0,1,Not classified,0,1
MIX871,8007-47-4,NC,NC,0,Not classified,0,1,Not classified,0,1,Not classified,0,1,Not classified,0,1,NC,NC,0,Not classified,0,1,Not classified,0,1,Not classified,0,1,Not classified,0,1,NC,NC,0,Not classified,0,1,Not classified,0,1,Not classified,0,1,Not classified,0,1
MIX872,MIX872,,,0,,,0,,,0,,,0,,,0,3,3,0,3,1,1,Not classified,0,1,Not classified,0,1,Not classified,0,1,1,1,0,1,1,1,1,1,1,1,1,1,1,1,1
MIX873,84012-24-8,NC,NC,0,Not classified,0,1,Not classified,0,1,Not classified,0,1,Not classified,0,1,2,2,0,2,1,1,2,1,1,2,1,1,2,1,1,1,1,0,1,1,1,1,1,1,1,1,1,1,1,1
MIX874,8024-05-3,1,1,0,1,1,1,1,1,1,1,1,1,1,1,1,2,2,0,2,1,1,2,1,1,2,1,1,2,1,1,1,1,0,1,1,1,1,1,1,1,1,1,1,1,1
MIX875,8007-01-0,1,1,0,1,1,1,1,1,1,1,1,1,1,1,1,2,2,0,2,1,1,2,1,1,2,1,1,2,1,1,1,1,0,1,1,1,1,1,1,1,1,1,1,1,1
MIX876,8007-01-0,NC,NC,0,Not classified,0,1,Not classified,0,1,Not classified,0,1,Not classified,0,1,NC,NC,0,Not classified,0,1,Not classified,0,1,Not classified,0,1,Not classified,0,1,NC,NC,0,Not classified,0,1,Not classified,0,1,Not classified,0,1,Not classified,0,1
MIX877,8007-01-0,1,1,0,1,1,1,1,1,1,1,1,1,1,1,1,3,3,0,3,1,1,Not classified,0,1,Not classified,0,1,Not classified,0,1,1,1,0,1,1,1,1,1,1,1,1,1,1,1,1
MIX878,8023-85-6,,,0,,,0,,,0,,,0,,,0,,,0,,,0,,,0,,,0,,,0,,,0,,,0,,,0,,,0,,,0
MIX879,8013-10-3,2A,2A,0,2A,1,1,2A,1,1,2A,1,1,2A,1,1,2,2,0,2,1,1,2,1,1,2,1,1,2,1,1,,,0,,,0,,,0,,,0,,,0
MIX88,82657-04-3,,,0,,,0,,,0,,,0,,,0,NC,NC,0,판별불가(EPA IV ↔ Cat3/무범주 경계),,0,Not classified,0,1,Not classified,0,1,Not classified,0,1,,,0,,,0,,,0,,,0,,,0
MIX880,8007-01-0,NC,NC,0,Not classified,0,1,Not classified,0,1,Not classified,0,1,Not classified,0,1,NC,NC,0,Not classified,0,1,Not classified,0,1,Not classified,0,1,Not classified,0,1,NC,NC,0,Not classified,0,1,Not classified,0,1,Not classified,0,1,Not classified,0,1
MIX881,7705-14-8,2A,2A,0,2A,1,1,2A,1,1,2A,1,1,2A,1,1,2,2,0,2,1,1,2,1,1,2,1,1,2,1,1,NC,NC,0,Not classified,0,1,Not classified,0,1,Not classified,0,1,Not classified,0,1
MIX882,8016-84-0,2,2,0,2,1,1,2,1,1,2,1,1,2,1,1,2,2,0,2,1,1,2,1,1,2,1,1,2,1,1,1,1,0,1,1,1,1,1,1,1,1,1,1,1,1
MIX883,80-56-8,2A,2A,0,2A,1,1,2A,1,1,2A,1,1,2A,1,1,2,2,0,2,1,1,2,1,1,2,1,1,2,1,1,1,1,0,1,1,1,1,1,1,1,1,1,1,1,1
MIX884,470-82-6,2A,2A,0,2A,1,1,2A,1,1,2A,1,1,2A,1,1,2,2,0,2,1,1,2,1,1,2,1,1,2,1,1,1,1,0,1,1,1,1,1,1,1,1,1,1,1,1
MIX885,8023-75-4,NC,NC,0,Not classified,0,1,Not classified,0,1,Not classified,0,1,Not classified,0,1,NC,NC,0,Not classified,0,1,Not classified,0,1,Not classified,0,1,Not classified,0,1,NC,NC,0,Not classified,0,1,Not classified,0,1,Not classified,0,1,Not classified,0,1
MIX886,MIX886,,,0,,,0,,,0,,,0,,,0,,,0,,,0,,,0,,,0,,,0,,,0,,,0,,,0,,,0,,,0
MIX887,107-75-5,2B,2B,0,2B,1,1,Not classified,0,1,2B,1,1,2B,1,1,2,2,0,2,1,1,2,1,1,2,1,1,2,1,1,1,1,0,1,1,1,1,1,1,1,1,1,1,1,1
MIX888,68990-15-8,NC,NC,0,Not classified,0,1,Not classified,0,1,Not classified,0,1,Not classified,0,1,NC,NC,0,Not classified,0,1,Not classified,0,1,Not classified,0,1,Not classified,0,1,NC,NC,0,Not classified,0,1,Not classified,0,1,Not classified,0,1,Not classified,0,1
MIX889,8021-29-2,2A,2A,0,2A,1,1,2A,1,1,2A,1,1,2A,1,1,2,2,0,2,1,1,2,1,1,2,1,1,2,1,1,1,1,0,1,1,1,1,1,1,1,1,1,1,1,1
MIX89,13684-56-5,,,0,,,0,,,0,,,0,,,0,NC,NC,0,판별불가(EPA IV ↔ Cat3/무범주 경계),,0,Not classified,0,1,Not classified,0,1,Not classified,0,1,,,0,,,0,,,0,,,0,,,0
MIX890,127-91-3,2A,2A,0,2A,1,1,2A,1,1,2A,1,1,2A,1,1,2,2,0,2,1,1,2,1,1,2,1,1,2,1,1,,,0,,,0,,,0,,,0,,,0
MIX891,90045-89-9,2A,2A,0,2A,1,1,2A,1,1,2A,1,1,2A,1,1,NC,NC,0,Not classified,0,1,Not classified,0,1,Not classified,0,1,Not classified,0,1,NC,NC,0,Not classified,0,1,Not classified,0,1,Not classified,0,1,Not classified,0,1
MIX892,MIX892,2A,2A,0,2A,1,1,2A,1,1,2A,1,1,2A,1,1,,,0,,,0,,,0,,,0,,,0,NC,NC,0,Not classified,0,1,Not classified,0,1,Not classified,0,1,Not classified,0,1
MIX893,140-11-4,2A,2A,0,2A,1,1,2A,1,1,2A,1,1,2A,1,1,2,2,0,2,1,1,2,1,1,2,1,1,2,1,1,1,1,0,1,1,1,1,1,1,1,1,1,1,1,1
MIX894,8007-02-1,NC,NC,0,Not classified,0,1,Not classified,0,1,Not classified,0,1,Not classified,0,1,NC,NC,0,Not classified,0,1,Not classified,0,1,Not classified,0,1,Not classified,0,1,NC,NC,0,Not classified,0,1,Not classified,0,1,Not classified,0,1,Not classified,0,1
MIX895,MIX895,,,0,,,0,,,0,,,0,,,0,,,0,,,0,,,0,,,0,,,0,,,0,,,0,,,0,,,0,,,0
MIX896,9000-24-2,,,0,,,0,,,0,,,0,,,0,2,2,0,2,1,1,2,1,1,2,1,1,2,1,1,1,1,0,1,1,1,1,1,1,1,1,1,1,1,1
MIX897,8015-73-4,2A,2A,0,2A,1,1,2A,1,1,2A,1,1,2A,1,1,2,2,0,2,1,1,2,1,1,2,1,1,2,1,1,,,0,,,0,,,0,,,0,,,0
MIX898,8000-42-8,,,0,,,0,,,0,,,0,,,0,,,0,,,0,,,0,,,0,,,0,,,0,,,0,,,0,,,0,,,0
MIX899,"Castoreum (natural extract, tincture base; balance not individually itemized in Section 3)",NC,NC,0,Not classified,0,1,Not classified,0,1,Not classified,0,1,Not classified,0,1,NC,NC,0,Not classified,0,1,Not classified,0,1,Not classified,0,1,Not classified,0,1,NC,NC,0,Not classified,0,1,Not classified,0,1,Not classified,0,1,Not classified,0,1
MIX9,330-54-1,,,0,,,0,,,0,,,0,,,0,2B,2,1,2,1,1,2,1,1,2,1,1,2,1,1,,,0,,,0,,,0,,,0,,,0
MIX90,67-63-0,,,0,,,0,,,0,,,0,,,0,NC,NC,0,판별불가(EPA IV ↔ Cat3/무범주 경계),,0,Not classified,0,1,Not classified,0,1,Not classified,0,1,,,0,,,0,,,0,,,0,,,0
MIX900,64-17-5,1,1,0,1,1,1,1,1,1,1,1,1,1,1,1,1,1,0,1,1,1,1,1,1,1,1,1,1,1,1,NC,NC,0,Not classified,0,1,Not classified,0,1,Not classified,0,1,Not classified,0,1
MIX901,8023-88-9,NC,NC,0,Not classified,0,1,Not classified,0,1,Not classified,0,1,Not classified,0,1,NC,NC,0,Not classified,0,1,Not classified,0,1,Not classified,0,1,Not classified,0,1,NC,NC,0,Not classified,0,1,Not classified,0,1,Not classified,0,1,Not classified,0,1
MIX902,8007-20-3,,,0,,,0,,,0,,,0,,,0,2,2,0,2,1,1,2,1,1,2,1,1,2,1,1,,,0,,,0,,,0,,,0,,,0
MIX903,8015-90-5,NC,NC,0,Not classified,0,1,Not classified,0,1,Not classified,0,1,Not classified,0,1,NC,NC,0,Not classified,0,1,Not classified,0,1,Not classified,0,1,Not classified,0,1,NC,NC,0,Not classified,0,1,Not classified,0,1,Not classified,0,1,Not classified,0,1
MIX904,8016-88-4,,,0,,,0,,,0,,,0,,,0,,,0,,,0,,,0,,,0,,,0,1,1,0,1,1,1,1,1,1,1,1,1,1,1,1
MIX905,8002-66-2,NC,NC,0,Not classified,0,1,Not classified,0,1,Not classified,0,1,Not classified,0,1,NC,NC,0,Not classified,0,1,Not classified,0,1,Not classified,0,1,Not classified,0,1,NC,NC,0,Not classified,0,1,Not classified,0,1,Not classified,0,1,Not classified,0,1
MIX906,8007-08-7,2A,2A,0,2A,1,1,2A,1,1,2A,1,1,2A,1,1,2,2,0,2,1,1,2,1,1,2,1,1,2,1,1,1,1,0,1,1,1,1,1,1,1,1,1,1,1,1
MIX907,84649-86-5,,,0,,,0,,,0,,,0,,,0,3,3,0,3,1,1,Not classified,0,1,Not classified,0,1,Not classified,0,1,1,1,0,1,1,1,1,1,1,1,1,1,1,1,1
MIX908,8007-80-5,2A,2A,0,2A,1,1,2A,1,1,2A,1,1,2A,1,1,2,2,0,2,1,1,2,1,1,2,1,1,2,1,1,,,0,,,0,,,0,,,0,,,0
MIX909,8016-26-0,2,2,0,2,1,1,2,1,1,2,1,1,2,1,1,2,2,0,2,1,1,2,1,1,2,1,1,2,1,1,,,0,,,0,,,0,,,0,,,0
MIX91,82657-04-3,,,0,,,0,,,0,,,0,,,0,2B,2,1,2,1,1,2,1,1,2,1,1,2,1,1,,,0,,,0,,,0,,,0,,,0
MIX910,4180-23-8,NC,NC,0,Not classified,0,1,Not classified,0,1,Not classified,0,1,Not classified,0,1,2,2,0,2,1,1,2,1,1,2,1,1,2,1,1,1,1,0,1,1,1,1,1,1,1,1,1,1,1,1
MIX911,8007-02-1,2A,2A,0,2A,1,1,2A,1,1,2A,1,1,2A,1,1,2,2,0,2,1,1,2,1,1,2,1,1,2,1,1,,,0,,,0,,,0,,,0,,,0
MIX912,8023-88-9,,,0,,,0,,,0,,,0,,,0,,,0,,,0,,,0,,,0,,,0,,,0,,,0,,,0,,,0,,,0
MIX913,84929-41-9,NC,NC,0,Not classified,0,1,Not classified,0,1,Not classified,0,1,Not classified,0,1,2,2,0,2,1,1,2,1,1,2,1,1,2,1,1,1,1,0,1,1,1,1,1,1,1,1,1,1,1,1
MIX914,470-82-6,NC,NC,0,Not classified,0,1,Not classified,0,1,Not classified,0,1,Not classified,0,1,NC,NC,0,Not classified,0,1,Not classified,0,1,Not classified,0,1,Not classified,0,1,1,1,0,1,1,1,1,1,1,1,1,1,1,1,1
MIX915,84650-59-9,,,0,,,0,,,0,,,0,,,0,,,0,,,0,,,0,,,0,,,0,1,1,0,1,1,1,1,1,1,1,1,1,1,1,1
MIX916,76-22-2,,,0,,,0,,,0,,,0,,,0,,,0,,,0,,,0,,,0,,,0,,,0,,,0,,,0,,,0,,,0
MIX917,8016-21-5,2,2,0,2,1,1,2,1,1,2,1,1,2,1,1,2,2,0,2,1,1,2,1,1,2,1,1,2,1,1,,,0,,,0,,,0,,,0,,,0
MIX918,470-82-6,2A,2A,0,2A,1,1,2A,1,1,2A,1,1,2A,1,1,2,2,0,2,1,1,2,1,1,2,1,1,2,1,1,1,1,0,1,1,1,1,1,1,1,1,1,1,1,1
MIX919,105-87-3,NC,NC,0,Not classified,0,1,Not classified,0,1,Not classified,0,1,Not classified,0,1,2,2,0,2,1,1,2,1,1,2,1,1,2,1,1,1,1,0,1,1,1,1,1,1,1,1,1,1,1,1
MIX92,82657-04-3,,,0,,,0,,,0,,,0,,,0,NC,NC,0,판별불가(EPA IV ↔ Cat3/무범주 경계),,0,Not classified,0,1,Not classified,0,1,Not classified,0,1,,,0,,,0,,,0,,,0,,,0
MIX920,8008-51-3,,,0,,,0,,,0,,,0,,,0,,,0,,,0,,,0,,,0,,,0,,,0,,,0,,,0,,,0,,,0
MIX921,8007-06-5,2B,2B,0,2B,1,1,Not classified,0,1,2B,1,1,2B,1,1,2,2,0,2,1,1,2,1,1,2,1,1,2,1,1,1,1,0,1,1,1,1,1,1,1,1,1,1,1,1
MIX922,8006-99-3,2,2,0,2,1,1,2,1,1,2,1,1,2,1,1,2,2,0,2,1,1,2,1,1,2,1,1,2,1,1,NC,NC,0,Not classified,0,1,Not classified,0,1,Not classified,0,1,Not classified,0,1
MIX923,68917-52-2,NC,NC,0,Not classified,0,1,Not classified,0,1,Not classified,0,1,Not classified,0,1,NC,NC,0,Not classified,0,1,Not classified,0,1,Not classified,0,1,Not classified,0,1,NC,NC,0,Not classified,0,1,Not classified,0,1,Not classified,0,1,Not classified,0,1
MIX924,8006-75-5,NC,NC,0,Not classified,0,1,Not classified,0,1,Not classified,0,1,Not classified,0,1,NC,NC,0,Not classified,0,1,Not classified,0,1,Not classified,0,1,Not classified,0,1,NC,NC,0,Not classified,0,1,Not classified,0,1,Not classified,0,1,Not classified,0,1
MIX925,84961-64-8,NC,NC,0,Not classified,0,1,Not classified,0,1,Not classified,0,1,Not classified,0,1,NC,NC,0,Not classified,0,1,Not classified,0,1,Not classified,0,1,Not classified,0,1,NC,NC,0,Not classified,0,1,Not classified,0,1,Not classified,0,1,Not classified,0,1
MIX926,8023-89-0,,,0,,,0,,,0,,,0,,,0,2,2,0,2,1,1,2,1,1,2,1,1,2,1,1,1,1,0,1,1,1,1,1,1,1,1,1,1,1,1
MIX927,75-05-8,2A,2A,0,2A,1,1,2A,1,1,2A,1,1,2A,1,1,,,0,,,0,,,0,,,0,,,0,,,0,,,0,,,0,,,0,,,0
MIX928,84625-39-8,,,0,,,0,,,0,,,0,,,0,2,2,0,2,1,1,2,1,1,2,1,1,2,1,1,1,1,0,1,1,1,1,1,1,1,1,1,1,1,1
MIX929,84775-39-3,,,0,,,0,,,0,,,0,,,0,3,3,0,3,1,1,Not classified,0,1,Not classified,0,1,Not classified,0,1,1,1,0,1,1,1,1,1,1,1,1,1,1,1,1
MIX93,82657-04-3,,,0,,,0,,,0,,,0,,,0,NC,NC,0,판별불가(EPA IV ↔ Cat3/무범주 경계),,0,Not classified,0,1,Not classified,0,1,Not classified,0,1,,,0,,,0,,,0,,,0,,,0
MIX930,MIX930,2A,2A,0,2A,1,1,2A,1,1,2A,1,1,2A,1,1,2,2,0,2,1,1,2,1,1,2,1,1,2,1,1,1,1,0,1,1,1,1,1,1,1,1,1,1,1,1
MIX931,8016-38-4,NC,NC,0,Not classified,0,1,Not classified,0,1,Not classified,0,1,Not classified,0,1,NC,NC,0,Not classified,0,1,Not classified,0,1,Not classified,0,1,Not classified,0,1,NC,NC,0,Not classified,0,1,Not classified,0,1,Not classified,0,1,Not classified,0,1
MIX932,68916-09-6,2A,2A,0,2A,1,1,2A,1,1,2A,1,1,2A,1,1,2,2,0,2,1,1,2,1,1,2,1,1,2,1,1,,,0,,,0,,,0,,,0,,,0
MIX933,15358-88-0,NC,NC,0,Not classified,0,1,Not classified,0,1,Not classified,0,1,Not classified,0,1,NC,NC,0,Not classified,0,1,Not classified,0,1,Not classified,0,1,Not classified,0,1,1,1,0,1,1,1,1,1,1,1,1,1,1,1,1
MIX934,8012-89-3,2A,2A,0,2A,1,1,2A,1,1,2A,1,1,2A,1,1,NC,NC,0,Not classified,0,1,Not classified,0,1,Not classified,0,1,Not classified,0,1,NC,NC,0,Not classified,0,1,Not classified,0,1,Not classified,0,1,Not classified,0,1
MIX935,MIX935,NC,NC,0,Not classified,0,1,Not classified,0,1,Not classified,0,1,Not classified,0,1,NC,NC,0,Not classified,0,1,Not classified,0,1,Not classified,0,1,Not classified,0,1,NC,NC,0,Not classified,0,1,Not classified,0,1,Not classified,0,1,Not classified,0,1
MIX936,131812-67-4,NC,NC,0,Not classified,0,1,Not classified,0,1,Not classified,0,1,Not classified,0,1,NC,NC,0,Not classified,0,1,Not classified,0,1,Not classified,0,1,Not classified,0,1,,,0,,,0,,,0,,,0,,,0
MIX937,8016-03-3,,,0,,,0,,,0,,,0,,,0,,,0,,,0,,,0,,,0,,,0,1,1,0,1,1,1,1,1,1,1,1,1,1,1,1
MIX938,MIX938,2A,2A,0,2A,1,1,2A,1,1,2A,1,1,2A,1,1,NC,NC,0,Not classified,0,1,Not classified,0,1,Not classified,0,1,Not classified,0,1,NC,NC,0,Not classified,0,1,Not classified,0,1,Not classified,0,1,Not classified,0,1
MIX939,90045-56-0,,,0,,,0,,,0,,,0,,,0,2,2,0,2,1,1,2,1,1,2,1,1,2,1,1,1,1,0,1,1,1,1,1,1,1,1,1,1,1,1
MIX94,82657-04-3,,,0,,,0,,,0,,,0,,,0,NC,NC,0,판별불가(EPA IV ↔ Cat3/무범주 경계),,0,Not classified,0,1,Not classified,0,1,Not classified,0,1,NC,NC,0,Not classified,0,1,Not classified,0,1,Not classified,0,1,Not classified,0,1
MIX940,8008-79-5,2A,2A,0,2A,1,1,2A,1,1,2A,1,1,2A,1,1,2,2,0,2,1,1,2,1,1,2,1,1,2,1,1,1,1,0,1,1,1,1,1,1,1,1,1,1,1,1
MIX941,8013-76-1,2A,2A,0,2A,1,1,2A,1,1,2A,1,1,2A,1,1,NC,NC,0,Not classified,0,1,Not classified,0,1,Not classified,0,1,Not classified,0,1,NC,NC,0,Not classified,0,1,Not classified,0,1,Not classified,0,1,Not classified,0,1
MIX942,8008-46-6,NC,NC,0,Not classified,0,1,Not classified,0,1,Not classified,0,1,Not classified,0,1,2,2,0,2,1,1,2,1,1,2,1,1,2,1,1,1,1,0,1,1,1,1,1,1,1,1,1,1,1,1
MIX943,8007-69-0,NC,NC,0,Not classified,0,1,Not classified,0,1,Not classified,0,1,Not classified,0,1,NC,NC,0,Not classified,0,1,Not classified,0,1,Not classified,0,1,Not classified,0,1,NC,NC,0,Not classified,0,1,Not classified,0,1,Not classified,0,1,Not classified,0,1
MIX944,90082-61-4,NC,NC,0,Not classified,0,1,Not classified,0,1,Not classified,0,1,Not classified,0,1,NC,NC,0,Not classified,0,1,Not classified,0,1,Not classified,0,1,Not classified,0,1,NC,NC,0,Not classified,0,1,Not classified,0,1,Not classified,0,1,Not classified,0,1
MIX945,8006-80-2,NC,NC,0,Not classified,0,1,Not classified,0,1,Not classified,0,1,Not classified,0,1,NC,NC,0,Not classified,0,1,Not classified,0,1,Not classified,0,1,Not classified,0,1,NC,NC,0,Not classified,0,1,Not classified,0,1,Not classified,0,1,Not classified,0,1
MIX946,8013-76-1,NC,NC,0,Not classified,0,1,Not classified,0,1,Not classified,0,1,Not classified,0,1,NC,NC,0,Not classified,0,1,Not classified,0,1,Not classified,0,1,Not classified,0,1,NC,NC,0,Not classified,0,1,Not classified,0,1,Not classified,0,1,Not classified,0,1
MIX947,Cassie Absolute (Acacia Farnesiana Absolute / Mimosa Absolute),,,0,,,0,,,0,,,0,,,0,,,0,,,0,,,0,,,0,,,0,,,0,,,0,,,0,,,0,,,0
MIX948,85251-66-7,1,1,0,1,1,1,1,1,1,1,1,1,1,1,1,NC,NC,0,Not classified,0,1,Not classified,0,1,Not classified,0,1,Not classified,0,1,1,1,0,1,1,1,1,1,1,1,1,1,1,1,1
MIX949,458-37-7,NC,NC,0,Not classified,0,1,Not classified,0,1,Not classified,0,1,Not classified,0,1,NC,NC,0,Not classified,0,1,Not classified,0,1,Not classified,0,1,Not classified,0,1,1,1,0,1,1,1,1,1,1,1,1,1,1,1,1
MIX95,90-43-7,2A,2A,0,2A,1,1,2A,1,1,2A,1,1,2A,1,1,2B,2,1,2,1,1,2,1,1,2,1,1,2,1,1,NC,NC,0,Not classified,0,1,Not classified,0,1,Not classified,0,1,Not classified,0,1
MIX950,7540-51-4,2A,2A,0,2A,1,1,2A,1,1,2A,1,1,2A,1,1,2,2,0,2,1,1,2,1,1,2,1,1,2,1,1,1,1,0,1,1,1,1,1,1,1,1,1,1,1,1
MIX951,91722-69-9,1,1,0,1,1,1,1,1,1,1,1,1,1,1,1,2,2,0,2,1,1,2,1,1,2,1,1,2,1,1,1,1,0,1,1,1,1,1,1,1,1,1,1,1,1
MIX952,8016-85-1,NC,NC,0,Not classified,0,1,Not classified,0,1,Not classified,0,1,Not classified,0,1,NC,NC,0,Not classified,0,1,Not classified,0,1,Not classified,0,1,Not classified,0,1,NC,NC,0,Not classified,0,1,Not classified,0,1,Not classified,0,1,Not classified,0,1
MIX953,MIX953,,,0,,,0,,,0,,,0,,,0,,,0,,,0,,,0,,,0,,,0,,,0,,,0,,,0,,,0,,,0
MIX954,90028-03-8,NC,NC,0,Not classified,0,1,Not classified,0,1,Not classified,0,1,Not classified,0,1,2,2,0,2,1,1,2,1,1,2,1,1,2,1,1,1,1,0,1,1,1,1,1,1,1,1,1,1,1,1
MIX955,97-53-0,2A,2A,0,2A,1,1,2A,1,1,2A,1,1,2A,1,1,2,2,0,2,1,1,2,1,1,2,1,1,2,1,1,1,1,0,1,1,1,1,1,1,1,1,1,1,1,1
MIX956,8015-77-8,,,0,,,0,,,0,,,0,,,0,,,0,,,0,,,0,,,0,,,0,,,0,,,0,,,0,,,0,,,0
MIX957,8000-34-8,2A,2A,0,2A,1,1,2A,1,1,2A,1,1,2A,1,1,NC,NC,0,Not classified,0,1,Not classified,0,1,Not classified,0,1,Not classified,0,1,1,1,0,1,1,1,1,1,1,1,1,1,1,1,1
MIX958,MIX958,,,0,,,0,,,0,,,0,,,0,,,0,,,0,,,0,,,0,,,0,,,0,,,0,,,0,,,0,,,0
MIX959,470-82-6,2A,2A,0,2A,1,1,2A,1,1,2A,1,1,2A,1,1,2,2,0,2,1,1,2,1,1,2,1,1,2,1,1,1,1,0,1,1,1,1,1,1,1,1,1,1,1,1
MIX96,2008-39-1,,,0,,,0,,,0,,,0,,,0,NC,NC,0,판별불가(EPA IV ↔ Cat3/무범주 경계),,0,Not classified,0,1,Not classified,0,1,Not classified,0,1,,,0,,,0,,,0,,,0,,,0
MIX960,8016-68-0,2A,2A,0,2A,1,1,2A,1,1,2A,1,1,2A,1,1,2,2,0,2,1,1,2,1,1,2,1,1,2,1,1,1,1,0,1,1,1,1,1,1,1,1,1,1,1,1
MIX961,1222-05-5,2A,2A,0,2A,1,1,2A,1,1,2A,1,1,2A,1,1,,,0,,,0,,,0,,,0,,,0,1,1,0,1,1,1,1,1,1,1,1,1,1,1,1
MIX962,72968-50-4,2A,2A,0,2A,1,1,2A,1,1,2A,1,1,2A,1,1,2,2,0,2,1,1,2,1,1,2,1,1,2,1,1,1,1,0,1,1,1,1,1,1,1,1,1,1,1,1
MIX963,180287-43-8,2A,2A,0,2A,1,1,2A,1,1,2A,1,1,2A,1,1,2,2,0,2,1,1,2,1,1,2,1,1,2,1,1,NC,NC,0,Not classified,0,1,Not classified,0,1,Not classified,0,1,Not classified,0,1
MIX964,119-84-6,2A,2A,0,2A,1,1,2A,1,1,2A,1,1,2A,1,1,2,2,0,2,1,1,2,1,1,2,1,1,2,1,1,1,1,0,1,1,1,1,1,1,1,1,1,1,1,1
MIX965,8013-97-6,NC,NC,0,Not classified,0,1,Not classified,0,1,Not classified,0,1,Not classified,0,1,NC,NC,0,Not classified,0,1,Not classified,0,1,Not classified,0,1,Not classified,0,1,NC,NC,0,Not classified,0,1,Not classified,0,1,Not classified,0,1,Not classified,0,1
MIX966,112-45-8,2A,2A,0,2A,1,1,2A,1,1,2A,1,1,2A,1,1,2,2,0,2,1,1,2,1,1,2,1,1,2,1,1,,,0,,,0,,,0,,,0,,,0
MIX967,8016-23-7,NC,NC,0,Not classified,0,1,Not classified,0,1,Not classified,0,1,Not classified,0,1,2,2,0,2,1,1,2,1,1,2,1,1,2,1,1,1,1,0,1,1,1,1,1,1,1,1,1,1,1,1
MIX968,111-80-8,,,0,,,0,,,0,,,0,,,0,2,2,0,2,1,1,2,1,1,2,1,1,2,1,1,1,1,0,1,1,1,1,1,1,1,1,1,1,1,1
MIX969,8007-00-9,1,1,0,1,1,1,1,1,1,1,1,1,1,1,1,3,3,0,3,1,1,Not classified,0,1,Not classified,0,1,Not classified,0,1,1,1,0,1,1,1,1,1,1,1,1,1,1,1,1
MIX97,1918-00-9,,,0,,,0,,,0,,,0,,,0,NC,NC,0,판별불가(EPA IV ↔ Cat3/무범주 경계),,0,Not classified,0,1,Not classified,0,1,Not classified,0,1,,,0,,,0,,,0,,,0,,,0
MIX970,84238-29-9,2A,2A,0,2A,1,1,2A,1,1,2A,1,1,2A,1,1,2,2,0,2,1,1,2,1,1,2,1,1,2,1,1,1,1,0,1,1,1,1,1,1,1,1,1,1,1,1
MIX971,78-70-6,2A,2A,0,2A,1,1,2A,1,1,2A,1,1,2A,1,1,2,2,0,2,1,1,2,1,1,2,1,1,2,1,1,1,1,0,1,1,1,1,1,1,1,1,1,1,1,1
MIX972,89997-74-0,,,0,,,0,,,0,,,0,,,0,3,3,0,3,1,1,Not classified,0,1,Not classified,0,1,Not classified,0,1,1,1,0,1,1,1,1,1,1,1,1,1,1,1,1
MIX973,8013-99-8,NC,NC,0,Not classified,0,1,Not classified,0,1,Not classified,0,1,Not classified,0,1,NC,NC,0,Not classified,0,1,Not classified,0,1,Not classified,0,1,Not classified,0,1,1,1,0,1,1,1,1,1,1,1,1,1,1,1,1
MIX974,8016-36-2,NC,NC,0,Not classified,0,1,Not classified,0,1,Not classified,0,1,Not classified,0,1,NC,NC,0,Not classified,0,1,Not classified,0,1,Not classified,0,1,Not classified,0,1,NC,NC,0,Not classified,0,1,Not classified,0,1,Not classified,0,1,Not classified,0,1
MIX975,562-74-3,2,2,0,2,1,1,2,1,1,2,1,1,2,1,1,,,0,,,0,,,0,,,0,,,0,1,1,0,1,1,1,1,1,1,1,1,1,1,1,1
MIX976,"Jasmonyl (1,3-Nonanediol acetate, mixed esters / Jasmonate)",NC,NC,0,Not classified,0,1,Not classified,0,1,Not classified,0,1,Not classified,0,1,NC,NC,0,Not classified,0,1,Not classified,0,1,Not classified,0,1,Not classified,0,1,NC,NC,0,Not classified,0,1,Not classified,0,1,Not classified,0,1,Not classified,0,1
MIX977,8015-91-6,2A,2A,0,2A,1,1,2A,1,1,2A,1,1,2A,1,1,2,2,0,2,1,1,2,1,1,2,1,1,2,1,1,,,0,,,0,,,0,,,0,,,0
MIX978,115-95-7,,,0,,,0,,,0,,,0,,,0,2,2,0,2,1,1,2,1,1,2,1,1,2,1,1,1,1,0,1,1,1,1,1,1,1,1,1,1,1,1
MIX979,8002-68-4,,,0,,,0,,,0,,,0,,,0,2,2,0,2,1,1,2,1,1,2,1,1,2,1,1,1,1,0,1,1,1,1,1,1,1,1,1,1,1,1
MIX98,2008-39-1,,,0,,,0,,,0,,,0,,,0,NC,NC,0,판별불가(EPA IV ↔ Cat3/무범주 경계),,0,Not classified,0,1,Not classified,0,1,Not classified,0,1,,,0,,,0,,,0,,,0,,,0
MIX980,8014-13-9,2,2,0,2,1,1,2,1,1,2,1,1,2,1,1,,,0,,,0,,,0,,,0,,,0,,,0,,,0,,,0,,,0,,,0
MIX981,84837-04-7,1,1,0,1,1,1,1,1,1,1,1,1,1,1,1,2,2,0,2,1,1,2,1,1,2,1,1,2,1,1,1,1,0,1,1,1,1,1,1,1,1,1,1,1,1
MIX982,8007-00-9,1,1,0,1,1,1,1,1,1,1,1,1,1,1,1,3,3,0,3,1,1,Not classified,0,1,Not classified,0,1,Not classified,0,1,1,1,0,1,1,1,1,1,1,1,1,1,1,1,1
MIX983,8000-27-9,NC,NC,0,Not classified,0,1,Not classified,0,1,Not classified,0,1,Not classified,0,1,2,2,0,2,1,1,2,1,1,2,1,1,2,1,1,1,1,0,1,1,1,1,1,1,1,1,1,1,1,1
MIX984,77-54-3,,,0,,,0,,,0,,,0,,,0,,,0,,,0,,,0,,,0,,,0,1,1,0,1,1,1,1,1,1,1,1,1,1,1,1
MIX985,61789-17-1,2A,2A,0,2A,1,1,2A,1,1,2A,1,1,2A,1,1,2,2,0,2,1,1,2,1,1,2,1,1,2,1,1,,,0,,,0,,,0,,,0,,,0
MIX986,5989-27-5,1,1,0,1,1,1,1,1,1,1,1,1,1,1,1,2,2,0,2,1,1,2,1,1,2,1,1,2,1,1,1,1,0,1,1,1,1,1,1,1,1,1,1,1,1
MIX987,106-24-1,1,1,0,1,1,1,1,1,1,1,1,1,1,1,1,2,2,0,2,1,1,2,1,1,2,1,1,2,1,1,1,1,0,1,1,1,1,1,1,1,1,1,1,1,1
MIX988,MIX988,,,0,,,0,,,0,,,0,,,0,,,0,,,0,,,0,,,0,,,0,1,1,0,1,1,1,1,1,1,1,1,1,1,1,1
MIX989,84929-51-1,,,0,,,0,,,0,,,0,,,0,1B,1B,0,1B,1,1,1B,1,1,1B,1,1,1B,1,1,,,0,,,0,,,0,,,0,,,0
MIX99,33089-61-1,,,0,,,0,,,0,,,0,,,0,NC,NC,0,판별불가(EPA IV ↔ Cat3/무범주 경계),,0,Not classified,0,1,Not classified,0,1,Not classified,0,1,,,0,,,0,,,0,,,0,,,0
MIX990,91-64-5,,,0,,,0,,,0,,,0,,,0,3,3,0,3,1,1,Not classified,0,1,Not classified,0,1,Not classified,0,1,1,1,0,1,1,1,1,1,1,1,1,1,1,1,1
MIX991,9000-45-7,NC,NC,0,Not classified,0,1,Not classified,0,1,Not classified,0,1,Not classified,0,1,NC,NC,0,Not classified,0,1,Not classified,0,1,Not classified,0,1,Not classified,0,1,1,1,0,1,1,1,1,1,1,1,1,1,1,1,1
MIX992,76-22-2,1,1,0,1,1,1,1,1,1,1,1,1,1,1,1,2,2,0,2,1,1,2,1,1,2,1,1,2,1,1,1,1,0,1,1,1,1,1,1,1,1,1,1,1,1
MIX993,127-91-3,2A,2A,0,2A,1,1,2A,1,1,2A,1,1,2A,1,1,2,2,0,2,1,1,2,1,1,2,1,1,2,1,1,1,1,0,1,1,1,1,1,1,1,1,1,1,1,1
MIX994,115-95-7,NC,NC,0,Not classified,0,1,Not classified,0,1,Not classified,0,1,Not classified,0,1,NC,NC,0,Not classified,0,1,Not classified,0,1,Not classified,0,1,Not classified,0,1,NC,NC,0,Not classified,0,1,Not classified,0,1,Not classified,0,1,Not classified,0,1
MIX995,5989-27-5,NC,NC,0,Not classified,0,1,Not classified,0,1,Not classified,0,1,Not classified,0,1,2,2,0,2,1,1,2,1,1,2,1,1,2,1,1,1,1,0,1,1,1,1,1,1,1,1,1,1,1,1
MIX996,89-78-1,2B,2B,0,2B,1,1,Not classified,0,1,2B,1,1,2B,1,1,2,2,0,2,1,1,2,1,1,2,1,1,2,1,1,,,0,,,0,,,0,,,0,,,0
MIX997,68990-83-0,2A,2A,0,2A,1,1,2A,1,1,2A,1,1,2A,1,1,2,2,0,2,1,1,2,1,1,2,1,1,2,1,1,,,0,,,0,,,0,,,0,,,0
MIX998,9000-12-8,NC,NC,0,Not classified,0,1,Not classified,0,1,Not classified,0,1,Not classified,0,1,NC,NC,0,Not classified,0,1,Not classified,0,1,Not classified,0,1,Not classified,0,1,NC,NC,0,Not classified,0,1,Not classified,0,1,Not classified,0,1,Not classified,0,1
MIX999,120-51-4,2A,2A,0,2A,1,1,2A,1,1,2A,1,1,2A,1,1,2,2,0,2,1,1,2,1,1,2,1,1,2,1,1,1,1,0,1,1,1,1,1,1,1,1,1,1,1,1
