Formulation_ID,y,oof_proba_mean,n_misclassified_of_5_seeds,oof_majority_pred,y_eye_src,label_confidence_eye,label_tier_eye,y_eye_conflict,n_ingredients,f_smiles_coverage,f_pct_with_structure,ph_best,f_pct_active,f_pct_surf_total,f_max_pct,f_ct_eye_coverage,f_ct_eye_ord,f_pct_water,formulation_type,form_code_best,always_wrong
EyeIrritation6pack_PID750,1,0.13218044969204962,5,0,ntp_measured,high,NONE,False,1.0,1.0,,,,0.0,,0.0,,,__NA__,__NA__,True
EyeIrritation6pack_PID151,1,0.22822154442384585,5,0,ntp_measured,high,NONE,False,1.0,1.0,8.0,,8.0,0.0,8.0,1.0,0.0,0.0,__RARE__,__RARE__,True
MIX830,1,0.25452394787123817,5,0,sds_2nd,high,NONE,False,1.0,1.0,,,,0.0,,0.0,,,__NA__,SL,True
MIX244,1,0.2568982171303693,5,0,sds_2nd_sec11,high,NONE,False,1.0,1.0,98.0,5.0,98.0,0.0,98.0,1.0,0.0,0.0,__NA__,__NA__,True
EyeIrritation6pack_PID810,1,0.2595695095609089,5,0,ntp_measured,high,NONE,False,2.0,0.5,25.0,,25.0,0.0,25.0,0.0,,0.0,__NA__,SL,True
EyeIrritation6pack_PID251,1,0.28618850585814337,5,0,ntp_measured,high,NONE,False,2.0,0.5,45.0,,45.0,0.0,45.0,0.5,0.0,0.0,__NA__,WG,True
EyeIrritation6pack_PID121,1,0.30295414602935417,5,0,ntp_measured,high,NONE,False,3.0,1.0,41.4,6.5,22.0,0.0,22.0,0.0,,0.0,__NA__,SC,True
MIX498,1,0.3123421496654365,5,0,sds_v1,high,NONE,False,1.0,0.5,24.74,4.33,0.0,0.0,67.96,0.0,,0.0,__NA__,SL,True
EyeIrritation6pack_PID288,1,0.31592467782977185,5,0,ntp_measured,medium,SOURCE_CONFLICT,True,2.0,0.5,,,,0.0,,0.0,,,__NA__,EC,True
MIX847,1,0.3187173421861399,5,0,sds_v1,high,NONE,False,0.0,0.0,0.0,,100.0,0.0,100.0,0.0,,0.0,__NA__,__NA__,True
MIX239,1,0.3201412639412484,5,0,sds_v1,high,NONE,False,1.0,0.5,96.2,,96.2,0.0,96.2,0.0,,0.0,__NA__,SL,True
MIX588,1,0.3201412639412484,5,0,sds_v1,high,NONE,False,1.0,0.5,96.2,,96.2,0.0,96.2,0.0,,0.0,__NA__,SL,True
MIX238,1,0.3217526121583303,5,0,sds_v1,high,NONE,False,1.0,0.5,95.1,,95.1,0.0,95.1,0.0,,0.0,__NA__,SL,True
MIX634,1,0.3217526121583303,5,0,sds_v1,high,NONE,False,1.0,0.5,95.1,,95.1,0.0,95.1,0.0,,0.0,__NA__,SL,True
MIX236,1,0.32243489664088243,5,0,sds_v1,high,NONE,False,1.0,0.5,87.9,,87.9,0.0,87.9,0.0,,0.0,__NA__,SL,True
MIX633,1,0.32243489664088243,5,0,sds_v1,high,NONE,False,1.0,0.5,87.9,,87.9,0.0,87.9,0.0,,0.0,__NA__,SL,True
MIX149,1,0.33023507736489444,5,0,sds_v1,high,NONE,False,3.0,1.0,53.5,7.27,45.0,0.0,45.0,0.0,,0.0,액상수화제,SC,True
EyeIrritation6pack_PID286,1,0.3417482598892839,5,0,ntp_measured,medium,SOURCE_CONFLICT,True,2.0,1.0,98.8,,98.8,0.0,98.8,0.0,,0.0,__NA__,SL,True
EyeIrritation6pack_PID616,1,0.35102709649692737,5,0,ntp_measured,high,NONE,False,5.0,0.2,21.4,,21.4,0.0,21.4,0.2,0.0,0.0,__NA__,SL,True
MIX608,1,0.3521263838791575,5,0,sds_v1,high,NONE,False,2.0,0.6666666666666666,43.099999999999994,,32.3,0.0,32.3,0.0,,0.0,__NA__,SC,True
EyeIrritation6pack_PID639,1,0.35263887906075575,5,0,ntp_measured,high,NONE,False,2.0,0.5,95.0,,95.0,0.0,95.0,0.0,,0.0,__NA__,__NA__,True
EyeIrritation6pack_PID897,1,0.3556019597334058,5,0,ntp_measured,high,NONE,False,2.0,0.5,,,,0.0,,0.0,,,__RARE__,__NA__,True
MIX208,1,0.358093407728563,5,0,sds_2nd,high,NONE,False,1.0,1.0,,,,0.0,,0.0,,,__RARE__,__NA__,True
EyeIrritation6pack_PID365,1,0.3597457767175877,5,0,ntp_measured,high,NONE,False,3.0,0.3333333333333333,20.6,5.8,0.0,0.0,79.4,0.3333333333333333,0.0,0.0,__NA__,GR,True
EyeIrritation6pack_PID600,1,0.3602213443726685,5,0,ntp_measured,high,NONE,False,4.0,0.25,95.2,4.5,95.2,0.0,95.2,0.0,,0.0,__NA__,EC,True
MIX963,1,0.37179926835383964,5,0,sds_v1,high,NONE,False,1.0,0.0,0.0,,100.0,0.0,100.0,0.0,,0.0,__NA__,__NA__,True
EyeIrritation6pack_PID798,1,0.3747217663585999,5,0,ntp_measured,high,NONE,False,2.0,0.5,,,,0.0,,0.5,0.0,,__NA__,__NA__,True
MIX874,1,0.37659370620634935,5,0,sds_v1,high,NONE,False,0.0,0.0,0.0,,100.0,0.0,100.0,0.0,,0.0,__NA__,SL,True
MIX889,1,0.3783166922976374,5,0,sds_v1,high,NONE,False,0.0,0.0,0.0,,100.0,0.0,100.0,0.0,,0.0,__NA__,EC,True
EyeIrritation6pack_PID117,1,0.37891110352108504,5,0,ntp_measured,high,NONE,False,9.0,0.1111111111111111,90.2,,90.2,0.0,90.2,0.0,,0.0,__NA__,SC,True
EyeIrritation6pack_PID793,1,0.3840224321835605,5,0,ntp_measured,medium,SOURCE_CONFLICT,True,1.0,1.0,,,,0.0,,0.0,,,__NA__,__NA__,True
MIX985,1,0.38454200787683046,5,0,sds_2nd,high,NONE,False,0.0,0.0,0.0,,100.0,0.0,100.0,0.0,,0.0,__NA__,GR,True
EyeIrritation6pack_PID486,1,0.38469297787917944,5,0,ntp_measured,high,NONE,False,3.0,0.3333333333333333,23.6,,23.6,0.0,23.6,0.0,,0.0,__RARE__,CS,True
EyeIrritation6pack_PID356,1,0.38503368538200144,5,0,ntp_measured,high,NONE,False,4.0,0.25,,6.9,,0.0,,0.25,0.0,,__NA__,SL,True
MIX921,1,0.3891863244111346,5,0,phase1_sds,high,NONE,False,0.0,0.0,0.0,,100.0,0.0,100.0,0.0,,0.0,__NA__,__NA__,True
EyeIrritation6pack_PID856,1,0.38996044841943667,5,0,ntp_measured,high,NONE,False,2.0,1.0,20.0,,20.0,0.0,20.0,0.5,0.0,0.0,액상수화제,SC,True
MIX403,1,0.3911380715496568,5,0,sds_v1,high,NONE,False,3.0,1.0,21.4,3.66,21.4,0.0,21.4,0.3333333333333333,0.0,0.0,__NA__,SC,True
MIX911,1,0.3931449676353247,5,0,sds_2nd,high,NONE,False,0.0,0.0,0.0,,100.0,0.0,100.0,0.0,,0.0,__NA__,GR,True
MIX897,1,0.39440502212480394,5,0,sds_2nd,high,NONE,False,0.0,0.0,0.0,,100.0,0.0,100.0,0.0,,0.0,__NA__,EC,True
EyeIrritation6pack_PID741,1,0.3954403915389947,5,0,ntp_measured,high,NONE,False,1.0,1.0,,,,0.0,,0.0,,,__NA__,SL,True
MIX401,1,0.3954403915389947,5,0,sds_2nd_sec11,high,NONE,False,1.0,1.0,,,,0.0,,0.0,,,__NA__,SL,True
EyeIrritation6pack_PID999,1,0.39618607969579733,5,0,ntp_measured,medium,SOURCE_CONFLICT,True,2.0,1.0,85.0,,0.0,0.0,75.0,0.0,,0.0,__NA__,GR,True
EyeIrritation6pack_PID546,1,0.3963621700316574,5,0,ntp_measured,medium,SOURCE_CONFLICT,True,1.0,1.0,10.0,5.68,10.0,0.0,10.0,1.0,0.0,0.0,__NA__,SL,True
EyeIrritation6pack_PID663,1,0.39783171821009455,5,0,ntp_measured,high,NONE,False,2.0,0.5,33.0,,0.0,33.0,33.0,0.0,,0.0,__RARE__,SL,True
MIX510,1,0.3998951146595259,5,0,sds_2nd_sec11,high,NONE,False,2.0,1.0,82.5,,0.0,0.0,82.5,0.0,,0.0,__NA__,GR,True
MIX957,1,0.40143768648921085,5,0,sds_2nd,high,NONE,False,0.0,0.0,0.0,,100.0,0.0,100.0,0.0,,0.0,__NA__,__NA__,True
MIX922,1,0.40406190494011895,5,0,sds_v1,medium,SOURCE_CONFLICT,True,0.0,0.0,0.0,,100.0,0.0,100.0,0.0,,0.0,__NA__,__NA__,True
MIX605,1,0.40467969033822937,5,0,sds_2nd_sec11,high,NONE,False,1.0,0.5,0.2,,0.2,0.0,0.2,0.5,0.0,0.0,__NA__,GR,True
EyeIrritation6pack_PID1019,1,0.4049888436924812,5,0,ntp_measured,high,NONE,False,3.0,0.3333333333333333,0.0,,51.1,0.0,51.1,0.0,,0.0,유제,EC,True
MIX932,1,0.4051540755925567,5,0,sds_2nd,high,NONE,False,0.0,0.0,0.0,,100.0,0.0,100.0,0.0,,0.0,__NA__,__NA__,True
EyeIrritation6pack_PID1042,1,0.4057312668122096,5,0,ntp_measured,medium,SOURCE_CONFLICT,True,7.0,0.2857142857142857,13.8889,4.0,9.2593,0.0,9.2593,0.2857142857142857,2.0,0.0,__NA__,CS,True
MIX980,1,0.40637684816989494,5,0,sds_2nd_sec11,high,NONE,False,0.0,0.0,0.0,,100.0,0.0,100.0,0.0,,0.0,__NA__,__NA__,True
EyeIrritation6pack_PID104,1,0.4074333781850309,5,0,ntp_measured,medium,SOURCE_CONFLICT,True,2.0,0.5,5.05,5.0,5.05,0.0,5.05,0.0,,0.0,__NA__,EC,True
MIX970,1,0.4077851858563985,5,0,sds_2nd,high,NONE,False,0.0,0.0,0.0,,100.0,0.0,100.0,0.0,,0.0,__NA__,__NA__,True
MIX841,1,0.4079005101959365,5,0,sds_v1,high,NONE,False,0.0,0.0,,,,0.0,,0.0,,,__NA__,SL,True
MIX960,1,0.4098362905395187,5,0,sds_2nd,high,NONE,False,2.0,0.0,0.0,,100.0,0.0,100.0,0.0,,0.0,__NA__,EC,True
MIX941,1,0.41012496059380743,5,0,phase1_sds,high,NONE,False,0.0,0.0,0.0,,100.0,0.0,100.0,0.0,,0.0,__NA__,EC,True
MIX940,1,0.41482804772124393,5,0,sds_v1,high,NONE,False,0.0,0.0,0.0,,100.0,0.0,100.0,0.0,,0.0,__NA__,__NA__,True
EyeIrritation6pack_PID652,1,0.4179429438515315,5,0,ntp_measured,high,NONE,False,1.0,1.0,98.0,,98.0,0.0,98.0,0.0,,0.0,__NA__,__NA__,True
MIX909,1,0.4193637834255438,5,0,sds_2nd_sec11,high,NONE,False,0.0,0.0,0.0,,100.0,0.0,100.0,0.0,,0.0,__NA__,__NA__,True
EyeIrritation6pack_PID568,1,0.42126556287670425,5,0,ntp_measured,high,NONE,False,4.0,0.5,0.0275,,0.0,0.0,99.975,0.25,0.0,0.0,__NA__,RB,True
MIX962,1,0.42189860765258363,5,0,sds_2nd,high,NONE,False,1.0,0.0,0.0,,100.0,0.0,100.0,0.0,,0.0,__RARE__,__NA__,True
EyeIrritation6pack_PID792,1,0.4241997781396588,5,0,ntp_measured,high,NONE,False,3.0,1.0,7.15,6.5,0.0,5.5,5.5,0.0,,0.0,Concentrate,SL,True
MIX371,1,0.4241997781396588,5,0,sds_2nd_sec11,high,NONE,False,3.0,1.0,7.15,6.5,0.0,5.5,5.5,0.0,,0.0,Concentrate,SL,True
EyeIrritation6pack_PID972,1,0.4288037769084931,5,0,ntp_measured,high,NONE,False,5.0,0.4,0.23199999999999998,,0.0,0.0,99.8,0.4,0.0,0.0,Granular / Granules,EC,True
MIX607,1,0.4296782670437517,5,0,sds_v1,high,NONE,False,3.0,0.6666666666666666,0.23199999999999998,,0.155,0.0,0.155,0.6666666666666666,0.0,0.0,Granular / Granules,EC,True
MIX765,1,0.4388471582215768,5,0,sds_v1,high,NONE,False,0.0,0.0,0.0,7.78,2.5,0.0,2.5,1.0,0.0,0.0,__NA__,SL,True
MIX969,1,0.4419217791152413,5,0,sds_v1,high,NONE,False,0.0,0.0,0.0,,100.0,0.0,100.0,0.0,,0.0,__NA__,__NA__,True
MIX982,1,0.4419217791152413,5,0,sds_v1,high,NONE,False,0.0,0.0,0.0,,100.0,0.0,100.0,0.0,,0.0,__NA__,__NA__,True
EyeIrritation6pack_PID32,1,0.4486398015017777,5,0,ntp_measured,high,NONE,False,2.0,1.0,,4.5,,0.0,,0.0,,,__NA__,EC,True
MIX603,1,0.4497466760252669,5,0,sds_v1,high,NONE,False,3.0,0.6666666666666666,0.17300000000000001,7.0,0.115,0.0,0.115,0.6666666666666666,0.0,0.0,__NA__,GR,True
MIX981,1,0.45314090028060683,5,0,sds_v1,high,NONE,False,1.0,0.0,0.0,,100.0,0.0,100.0,0.0,,0.0,__NA__,__NA__,True
MIX948,1,0.46333800887907695,5,0,sds_v1,high,NONE,False,0.0,0.0,0.0,,75.0,0.0,75.0,0.0,,0.0,__NA__,__NA__,True
MIX758,0,0.5343192704258118,5,1,sds_v1,medium,RECOVERED_negative,False,0.0,0.0,,,,0.0,,0.0,,,__NA__,SL,True
EyeIrritation6pack_PID393,0,0.5501162496789438,5,1,ntp_measured,high,NONE,False,4.0,1.0,,4.5,,0.0,,0.25,0.0,,액상수화제,SC,True
EyeIrritation6pack_PID37,0,0.5501228528219217,5,1,ntp_measured,high,NONE,False,3.0,0.6666666666666666,45.26,9.0,22.63,0.0,22.63,0.0,,0.0,액상수화제,SC,True
MIX19,0,0.5501228528219217,5,1,sds_2nd_sec11,high,NONE,False,3.0,0.6666666666666666,45.26,9.0,22.63,0.0,22.63,0.0,,0.0,액상수화제,SC,True
EyeIrritation6pack_PID349,0,0.5502986336342529,5,1,ntp_measured,high,NONE,False,4.0,0.5,25.11,7.0,0.0,0.0,74.89,0.0,,0.0,__NA__,GR,True
EyeIrritation6pack_PID678,0,0.5515082509447005,5,1,ntp_measured,high,NONE,False,8.0,0.875,32.541000000000004,,0.0,2.5,15.0,0.125,0.0,0.0,__NA__,GR,True
EyeIrritation6pack_PID281,0,0.5521518022082372,5,1,ntp_measured,high,NONE,False,1.0,1.0,34.5,6.0,34.5,0.0,34.5,0.0,,0.0,__NA__,GR,True
MIX130,0,0.5521518022082372,5,1,sds_2nd_sec11,high,NONE,False,1.0,1.0,34.5,6.0,34.5,0.0,34.5,0.0,,0.0,__NA__,GR,True
EyeIrritation6pack_PID417,0,0.5568906016967949,5,1,ntp_measured,medium,SOURCE_CONFLICT,True,2.0,1.0,0.376,4.2,0.3,0.0,0.3,0.5,0.0,0.0,__RARE__,__RARE__,True
MIX530,0,0.558286368868461,5,1,sds_v1,medium,RECOVERED_negative,False,3.0,1.0,40.0,5.0,20.0,0.0,20.0,0.6666666666666666,2.0,0.0,__NA__,WG,True
EyeIrritation6pack_PID784,0,0.5588012200842172,5,1,ntp_measured,high,NONE,False,3.0,1.0,70.0,,70.0,0.0,70.0,0.3333333333333333,0.0,0.0,입상수화제,WG,True
MIX632,0,0.5592879221746176,5,1,sds_v1,medium,RECOVERED_negative,False,2.0,0.6666666666666666,76.58999999999999,,74.6,0.0,74.6,0.3333333333333333,0.0,0.0,__NA__,WG,True
MIX899,0,0.5600050517262518,5,1,phase1_sds,high,NONE,False,0.0,0.0,0.0,,50.0,0.0,50.0,0.0,,0.0,__NA__,SL,True
MIX935,0,0.5605919043654252,5,1,sds_2nd,high,NONE,False,0.0,0.0,,,,0.0,,0.0,,,__NA__,EC,True
EyeIrritation6pack_PID748,0,0.5608589681696808,5,1,ntp_measured,high,NONE,False,4.0,1.0,26.6,,13.3,0.0,13.3,0.5,0.0,0.0,종자처리수화제,FS,True
EyeIrritation6pack_PID116,0,0.5609282443307262,5,1,sds_v1,medium,RECOVERED_negative,False,2.0,1.0,0.063,,0.063,0.0,0.063,0.0,,0.0,__NA__,RB,True
MIX47,0,0.5609282443307262,5,1,sds_v1,medium,RECOVERED_negative,False,2.0,1.0,0.06,,0.06,0.0,0.06,0.0,,0.0,__NA__,RB,True
MIX431,0,0.5624619898251042,5,1,sds_v1,medium,RECOVERED_negative,False,3.0,0.6666666666666666,100.0,,96.0,0.0,96.0,0.0,,0.0,__NA__,SL,True
MIX1023,0,0.5657951590759984,5,1,sds_v1,medium,RECOVERED_negative,False,0.0,0.0,,,,0.0,,0.0,,,__NA__,EC,True
EyeIrritation6pack_PID717,0,0.5666353960897899,5,1,ntp_measured,high,NONE,False,2.0,1.0,20.87,,20.87,0.0,20.87,0.5,0.0,0.0,Seed Treatment,FS,True
EyeIrritation6pack_PID841,0,0.5667838140078759,5,1,ntp_measured,high,NONE,False,8.0,0.125,6.48,,6.48,0.0,6.48,0.125,0.0,0.0,Concentrate,SL,True
MIX419,0,0.5667838140078759,5,1,sds_2nd_sec11,high,NONE,False,8.0,0.125,6.48,,6.48,0.0,6.48,0.125,0.0,0.0,Concentrate,SL,True
EyeIrritation6pack_PID739,0,0.5683217487649038,5,1,ntp_measured,high,NONE,False,4.0,1.0,24.590000000000003,,18.6,0.0,18.6,0.5,0.0,0.0,종자처리수화제,FS,True
EyeIrritation6pack_PID520,0,0.5696802556420147,5,1,ntp_measured,high,NONE,False,4.0,1.0,10.5,,0.0,0.0,10.0,0.0,,0.0,__RARE__,GR,True
EyeIrritation6pack_PID272,0,0.5701939946904111,5,1,ntp_measured,high,NONE,False,5.0,0.8,23.599999999999998,8.9,18.0,0.0,18.0,0.2,0.0,0.0,__NA__,SL,True
MIX159,0,0.5718518370822956,5,1,sds_2nd_sec11,high,NONE,False,1.0,1.0,99.0,,99.0,0.0,99.0,1.0,0.0,0.0,__NA__,SL,True
EyeIrritation6pack_PID809,0,0.5737963695729043,5,1,ntp_measured,high,NONE,False,6.0,1.0,0.965,6.5,0.965,0.0,0.965,0.16666666666666666,0.0,0.0,Seed Treatment,FS,True
EyeIrritation6pack_PID908,0,0.5744890041450557,5,1,ntp_measured,high,NONE,False,4.0,1.0,10.8,6.0,10.8,0.0,10.8,0.25,0.0,0.0,__NA__,SC,True
MIX387,0,0.5778007514117591,5,1,sds_2nd_sec11,high,NONE,False,6.0,0.6666666666666666,68.0,,50.2,0.0,50.2,0.0,,0.0,__NA__,SL,True
EyeIrritation6pack_PID574,0,0.5778748883912483,5,1,ntp_measured,high,NONE,False,3.0,0.6666666666666666,42.4,6.5,42.4,0.0,42.4,0.0,,0.0,액상수화제,SC,True
EyeIrritation6pack_PID974,0,0.5784839178156933,5,1,ntp_measured,high,NONE,False,2.0,0.6666666666666666,18.0,6.0,12.0,0.0,12.0,0.0,,0.0,액상수화제,SC,True
EyeIrritation6pack_PID1038,0,0.5797908188716907,5,1,ntp_measured,high,NONE,False,4.0,0.5,37.74,,35.52,0.0,35.52,0.0,,0.0,종자처리수화제,FS,True
EyeIrritation6pack_PID783,0,0.5801468235708415,5,1,ntp_measured,high,NONE,False,4.0,1.0,41.4,5.5,25.8,1.3,25.8,0.0,,0.0,__NA__,GR,True
EyeIrritation6pack_PID123,0,0.582600003121509,5,1,ntp_measured,high,NONE,False,1.0,0.5,19.16,,19.16,0.0,19.16,0.0,,0.0,__NA__,SC,True
EyeIrritation6pack_PID463,0,0.5853596549471245,5,1,ntp_measured,high,NONE,False,4.0,1.0,46.1,6.68,40.0,0.0,40.0,0.25,0.0,0.0,액상수화제,SC,True
EyeIrritation6pack_PID1029,0,0.5854771089216454,5,1,ntp_measured,high,NONE,False,4.0,0.75,61.5,4.3,33.5,0.0,33.5,0.0,,0.0,__NA__,SL,True
EyeIrritation6pack_PID556,0,0.5855095376715037,5,1,ntp_measured,high,NONE,False,3.0,0.6666666666666666,25.6,7.0,22.6,0.0,22.6,0.0,,0.0,__NA__,SC,True
MIX484,0,0.5861084286957932,5,1,sds_2nd,high,NONE,False,1.0,0.5,98.0,,98.0,0.0,98.0,0.0,,0.0,__NA__,SL,True
EyeIrritation6pack_PID330,0,0.5870086523549263,5,1,ntp_measured,high,NONE,False,4.0,1.0,15.299999999999999,,12.2,0.0,12.2,0.25,0.0,0.0,__NA__,SC,True
EyeIrritation6pack_PID493,0,0.589025625652201,5,1,ntp_measured,high,NONE,False,2.0,1.0,0.5,,0.5,0.0,0.5,0.5,0.0,0.0,__NA__,GR,True
MIX281,0,0.5891315094076522,5,1,sds_2nd_sec11,high,NONE,False,3.0,0.6666666666666666,25.6,7.0,22.6,0.0,22.6,0.0,,0.0,__NA__,SC,True
EyeIrritation6pack_PID840,0,0.5906919721983618,5,1,ntp_measured,high,NONE,False,1.0,1.0,,,,0.0,,0.0,,,__NA__,GR,True
EyeIrritation6pack_PID924,0,0.5912477196505523,5,1,ntp_measured,high,NONE,False,5.0,1.0,36.53,,30.0,0.0,30.0,0.2,0.0,0.0,__NA__,GR,True
EyeIrritation6pack_PID979,0,0.5921639213693176,5,1,ntp_measured,high,NONE,False,3.0,1.0,25.78,,21.5,0.0,21.5,0.3333333333333333,0.0,0.0,__NA__,GR,True
EyeIrritation6pack_PID740,0,0.592479968661509,5,1,ntp_measured,medium,SOURCE_CONFLICT,True,5.0,1.0,24.220000000000002,,22.3,0.0,22.3,0.2,0.0,0.0,종자처리수화제,FS,True
EyeIrritation6pack_PID420,0,0.5959796502782352,5,1,ntp_measured,high,NONE,False,5.0,0.4,22.6,,22.6,0.0,22.6,0.4,0.0,0.0,액상수화제,SC,True
EyeIrritation6pack_PID698,0,0.5965169500067347,5,1,ntp_measured,high,NONE,False,4.0,1.0,,5.94,,0.0,,0.25,0.0,,__NA__,FS,True
EyeIrritation6pack_PID658,0,0.6005223609549748,5,1,ntp_measured,high,NONE,False,7.0,0.8571428571428571,7.505,,0.0,0.0,17.5,0.14285714285714285,0.0,0.0,__NA__,GR,True
MIX973,0,0.601073955796584,5,1,phase1_sds,high,NONE,False,0.0,0.0,0.0,,100.0,0.0,100.0,0.0,,0.0,__NA__,EC,True
EyeIrritation6pack_PID76,0,0.6013295293690508,5,1,ntp_measured,high,NONE,False,1.0,1.0,70.0,,70.0,0.0,70.0,0.0,,0.0,__NA__,SL,True
MIX759,0,0.6023046079777657,5,1,sds_v1,low,FLIP_pos_to_neg,True,0.0,0.0,,4.2,,0.0,,0.0,,,__RARE__,__RARE__,True
MIX7,0,0.6107983365024314,5,1,sds_v1,medium,RECOVERED_negative,False,2.0,0.6666666666666666,69.0,6.0,60.0,0.0,60.0,0.6666666666666666,0.0,0.0,__RARE__,WG,True
EyeIrritation6pack_PID422,0,0.611873080868975,5,1,ntp_measured,high,NONE,False,2.0,0.5,,,,0.0,,0.5,0.0,,__NA__,__NA__,True
EyeIrritation6pack_PID460,0,0.6119346789758203,5,1,ntp_measured,high,NONE,False,3.0,1.0,41.728325000000005,5.0,41.7,0.0,41.7,0.0,,0.0,액상수화제,SC,True
MIX706,0,0.612035973226764,5,1,sds_v1,medium,RECOVERED_negative,False,1.0,0.5,2.0,6.6,2.0,0.0,2.0,0.5,0.0,0.0,__NA__,GR,True
MIX1015,0,0.6122735376512856,5,1,phase1_sds,high,NONE,False,0.0,0.0,,,,0.0,,0.0,,,__NA__,__NA__,True
MIX511,0,0.6124421405143643,5,1,sds_2nd_sec11,high,NONE,False,6.0,0.3333333333333333,31.200000000000003,,0.0,0.0,68.8,0.16666666666666666,0.0,0.0,__NA__,GR,True
MIX211,0,0.6127211736295034,5,1,sds_2nd_sec11,high,NONE,False,3.0,1.0,41.70515,5.0,41.7,0.0,41.7,0.0,,0.0,액상수화제,SC,True
EyeIrritation6pack_PID502,0,0.6130175148449324,5,1,ntp_measured,high,NONE,False,2.0,1.0,13.13,,13.13,0.0,13.13,0.0,,0.0,__NA__,GR,True
MIX260,0,0.6130175148449324,5,1,sds_2nd_sec11,high,NONE,False,2.0,1.0,13.13,,13.13,0.0,13.13,0.0,,0.0,__NA__,GR,True
EyeIrritation6pack_PID70,0,0.6130906307395623,5,1,ntp_measured,high,NONE,False,2.0,0.6666666666666666,37.0,6.6,24.7,0.0,24.7,0.6666666666666666,0.0,0.0,액상수화제,SC,True
EyeIrritation6pack_PID547,0,0.6155080366036437,5,1,ntp_measured,high,NONE,False,1.0,1.0,99.5,,99.5,0.0,99.5,0.0,,0.0,__NA__,__NA__,True
EyeIrritation6pack_PID764,0,0.6156082597302835,5,1,ntp_measured,high,NONE,False,2.0,1.0,75.0,,75.0,0.0,75.0,0.5,0.0,0.0,__RARE__,__RARE__,True
EyeIrritation6pack_PID830,0,0.6156998243026045,5,1,ntp_measured,medium,CT_CONTRADICTION,False,3.0,0.3333333333333333,97.5,,97.5,0.0,97.5,0.3333333333333333,2.0,0.0,__NA__,SL,True
EyeIrritation6pack_PID857,0,0.616128826551434,5,1,ntp_measured,high,NONE,False,3.0,1.0,44.9,6.0,37.4,0.0,37.4,0.0,,0.0,액상수화제,SC,True
EyeIrritation6pack_PID994,0,0.6162269936543812,5,1,ntp_measured,medium,CT_CONTRADICTION,False,2.0,1.0,38.11,,37.3,0.0,37.3,1.0,2.0,0.0,__NA__,SL,True
EyeIrritation6pack_PID471,0,0.618801317357512,5,1,ntp_measured,high,NONE,False,6.0,1.0,100.00999999999999,,0.0,0.13,98.02,0.3333333333333333,0.0,98.02,__RARE__,__NA__,True
EyeIrritation6pack_PID983,0,0.6193033041209474,5,1,ntp_measured,high,NONE,False,9.0,0.4444444444444444,23.726,,9.49,0.0,9.49,0.1111111111111111,0.0,0.0,__NA__,__NA__,True
EyeIrritation6pack_PID781,0,0.6196756494119047,5,1,ntp_measured,high,NONE,False,8.0,0.75,3.81,7.5,3.81,0.0,3.81,0.25,0.0,0.0,__NA__,GR,True
MIX182,0,0.6205019834262895,5,1,sds_2nd_sec11,high,NONE,False,2.0,1.0,95.6,,95.6,0.0,95.6,0.5,0.0,0.0,__NA__,SL,True
MIX494,0,0.6212978808067235,5,1,sds_v1,medium,RECOVERED_negative,False,9.0,0.4444444444444444,23.72,,9.49,0.0,9.49,0.1111111111111111,0.0,0.0,__NA__,__NA__,True
MIX135,0,0.6222263421637944,5,1,sds_2nd_sec11,high,NONE,False,1.0,1.0,95.0,,95.0,0.0,95.0,0.0,,0.0,__NA__,__NA__,True
EyeIrritation6pack_PID852,0,0.6232633718216336,5,1,ntp_measured,high,NONE,False,2.0,1.0,28.3,6.97,28.3,0.0,28.3,0.5,0.0,0.0,__NA__,SL,True
MIX203,0,0.6248363569058674,5,1,sds_v1,medium,RECOVERED_negative,False,1.0,1.0,95.5,,95.5,0.0,95.5,1.0,0.0,0.0,__NA__,SL,True
EyeIrritation6pack_PID899,0,0.6250816475868903,5,1,ntp_measured,high,NONE,False,1.0,1.0,,,,0.0,,0.0,,,__NA__,GR,True
Cancer_PID_99,0,0.6252008867414813,5,1,sds_v1,medium,RECOVERED_negative,False,3.0,1.0,,,,0.0,,0.6666666666666666,0.0,,__NA__,__NA__,True
MIX586,0,0.6258428715506665,5,1,sds_v1,medium,RECOVERED_negative,False,2.0,0.5,95.4,,95.4,0.0,95.4,0.5,0.0,0.0,__NA__,__NA__,True
EyeIrritation6pack_PID610,0,0.6261994219734153,5,1,ntp_measured,high,NONE,False,3.0,1.0,22.9,,22.9,0.0,22.9,0.0,,0.0,__NA__,GR,True
MIX901,0,0.6280667961092405,5,1,phase1_sds,high,NONE,False,0.0,0.0,0.0,,0.0,0.0,100.0,0.0,,0.0,__NA__,__NA__,True
EyeIrritation6pack_PID1039,0,0.6289195090851265,5,1,ntp_measured,medium,SOURCE_CONFLICT,True,6.0,0.8333333333333334,49.309999999999995,,0.0,0.0,33.0,0.3333333333333333,0.0,33.0,__NA__,FS,True
MIX527,0,0.6289195090851265,5,1,sds_v1,low,FLIP_pos_to_neg,True,6.0,0.8333333333333334,49.309999999999995,,0.0,0.0,33.0,0.3333333333333333,0.0,33.0,__NA__,FS,True
EyeIrritation6pack_PID435,0,0.6301422914574013,5,1,ntp_measured,high,NONE,False,2.0,0.5,98.4,6.0,98.4,0.0,98.4,0.0,,0.0,__NA__,SL,True
EyeIrritation6pack_PID928,0,0.6302243078582578,5,1,ntp_measured,high,NONE,False,4.0,1.0,15.1,7.0,11.6,0.0,11.6,0.25,0.0,0.0,__RARE__,CS,True
MIX164,0,0.6315007740358707,5,1,sds_2nd_sec11,high,NONE,False,7.0,0.42857142857142855,53.0,6.0,25.0,0.0,25.0,0.0,,0.0,__NA__,WG,True
MIX517,0,0.6320127203383074,5,1,sds_v1,medium,RECOVERED_negative,False,2.0,1.0,100.0,,90.0,0.0,90.0,0.5,0.0,0.0,__NA__,SL,True
EyeIrritation6pack_PID507,0,0.6330666913187905,5,1,ntp_measured,high,NONE,False,2.0,1.0,85.0,,50.0,0.0,50.0,0.0,,0.0,Concentrate,__NA__,True
MIX1024,0,0.6340403282743048,5,1,sds_v1,low,T1_evidence_contradicted,False,0.0,0.0,,,,0.0,,0.0,,,__NA__,__NA__,True
EyeIrritation6pack_PID221,0,0.634772411325186,5,1,ntp_measured,medium,CT_CONTRADICTION,True,3.0,0.3333333333333333,94.5,4.3,94.5,0.0,94.5,0.3333333333333333,2.0,0.0,__NA__,EC,True
MIX227,0,0.6366190419310639,5,1,sds_v1,medium,RECOVERED_negative,False,4.0,0.5,17.0,,10.2,0.0,10.2,0.0,,0.0,__NA__,SL,True
MIX823,0,0.6371303940797495,5,1,sds_v1,medium,RECOVERED_negative,False,2.0,0.6666666666666666,,,,0.0,,0.6666666666666666,0.0,,__NA__,SL,True
MIX3,0,0.6376717285346025,5,1,sds_2nd_sec11,high,NONE,False,3.0,1.0,55.54,4.0,50.04,0.0,50.04,0.3333333333333333,0.0,0.0,수화제,WP,True
MIX991,0,0.6382162141613048,5,1,sds_v1,medium,RECOVERED_negative,False,1.0,0.0,,,,0.0,,0.0,,,__NA__,__NA__,True
EyeIrritation6pack_PID46,0,0.6398518161179985,5,1,ntp_measured,high,NONE,False,3.0,1.0,55.54,4.0,50.04,5.0,50.04,0.6666666666666666,0.0,0.0,수화제,WP,True
EyeIrritation6pack_PID768,0,0.6399816776668381,5,1,ntp_measured,high,NONE,False,3.0,0.6666666666666666,4.0,,4.0,0.0,4.0,0.0,,0.0,__NA__,__NA__,True
EyeIrritation6pack_PID745,0,0.6401371500542543,5,1,ntp_measured,high,NONE,False,4.0,1.0,16.509999999999998,,7.18,0.0,7.18,0.0,,0.0,종자처리수화제,FS,True
EyeIrritation6pack_PID312,0,0.6409319092419409,5,1,ntp_measured,high,NONE,False,2.0,1.0,25.48,6.77,22.98,0.0,22.98,0.5,0.0,0.0,__NA__,WG,True
EyeIrritation6pack_PID579,0,0.6410302382143234,5,1,ntp_measured,high,NONE,False,6.0,0.3333333333333333,51.8,4.5,50.0,0.0,50.0,0.16666666666666666,0.0,0.0,__NA__,GR,True
EyeIrritation6pack_PID1054,0,0.6427064342289268,5,1,ntp_measured,high,NONE,False,2.0,1.0,99.0,,99.0,0.0,99.0,0.0,,0.0,__NA__,__RARE__,True
MIX1002,0,0.6428944427914323,5,1,sds_v1,medium,T2_endpoint_no_data,False,5.0,0.0,,,,0.0,,0.0,,,__NA__,__NA__,True
MIX364,0,0.643270641560445,5,1,sds_v1,medium,RECOVERED_negative,False,1.0,0.5,89.9,,89.9,0.0,89.9,0.0,,0.0,__NA__,SL,True
EyeIrritation6pack_PID976,0,0.6453822468147583,5,1,ntp_measured,high,NONE,False,1.0,1.0,,,,0.0,,0.0,,,__NA__,__NA__,True
EyeIrritation6pack_PID812,0,0.646481168294286,5,1,ntp_measured,high,NONE,False,2.0,1.0,3.3,,0.0,0.0,3.0,0.5,0.0,0.0,__NA__,FS,True
EyeIrritation6pack_PID263,0,0.6466102759812762,5,1,ntp_measured,high,NONE,False,4.0,1.0,35.6,6.2,18.0,0.0,18.0,0.5,0.0,0.0,Seed Treatment,FS,True
MIX125,0,0.6466102759812762,5,1,sds_2nd_sec11,high,NONE,False,4.0,1.0,35.6,6.2,18.0,0.0,18.0,0.5,0.0,0.0,Seed Treatment,FS,True
EyeIrritation6pack_PID1009,0,0.6469203402280466,5,1,ntp_measured,high,NONE,False,2.0,0.5,75.0,,75.0,0.0,75.0,0.0,,0.0,입상수화제,WG,True
MIX526,0,0.6469203402280466,5,1,sds_2nd_sec11,high,NONE,False,2.0,0.5,75.0,,75.0,0.0,75.0,0.0,,0.0,입상수화제,WG,True
EyeIrritation6pack_PID738,0,0.6473624496582981,5,1,ntp_measured,high,NONE,False,1.0,1.0,30.0,7.76,30.0,0.0,30.0,0.0,,0.0,__NA__,SL,True
MIX397,0,0.6473624496582981,5,1,sds_v1,medium,RECOVERED_negative,False,1.0,1.0,30.0,7.76,30.0,0.0,30.0,0.0,,0.0,__NA__,SL,True
EyeIrritation6pack_PID324,0,0.6474740629820736,5,1,ntp_measured,high,NONE,False,2.0,1.0,,6.71,,0.0,,1.0,0.0,,__NA__,RB,True
EyeIrritation6pack_PID351,0,0.6476163218964356,5,1,ntp_measured,high,NONE,False,5.0,0.6,80.0,7.0,80.0,0.0,80.0,0.4,0.0,0.0,__NA__,SL,True
MIX711,0,0.6486435345877875,5,1,phase1_sds,high,NONE,False,3.0,1.0,9.6,,5.6,0.0,5.6,1.0,0.0,0.0,__NA__,SL,True
EyeIrritation6pack_PID594,0,0.6510195031635381,5,1,ntp_measured,high,NONE,False,4.0,1.0,0.13999999999999999,,0.102,0.0,0.102,0.0,,0.0,__RARE__,GR,True
EyeIrritation6pack_PID651,0,0.6524635128314383,5,1,ntp_measured,high,NONE,False,5.0,0.8,84.5,,75.0,7.5,75.0,0.0,,0.0,__NA__,SL,True
MIX672,0,0.6528170993920431,5,1,sds_v1,medium,RECOVERED_negative,False,1.0,0.5,40.3,,40.3,0.0,40.3,0.0,,0.0,__NA__,SC,True
MIX919,0,0.6544237038983469,5,1,sds_v1,medium,RECOVERED_negative,False,0.0,0.0,0.0,,1.0,0.0,1.0,0.0,,0.0,__NA__,__NA__,True
MIX78,0,0.6559865191023351,5,1,sds_2nd_sec11,high,NONE,False,5.0,0.6,94.64,3.2,60.34,0.0,60.34,0.4,0.0,0.0,__NA__,SC,True
EyeIrritation6pack_PID811,0,0.6562926081245731,5,1,ntp_measured,medium,SOURCE_CONFLICT,True,6.0,0.3333333333333333,24.29,,21.3,0.0,21.3,0.0,,0.0,__NA__,__RARE__,True
MIX547,0,0.6574677230764214,5,1,sds_v1,medium,RECOVERED_negative,False,4.0,1.0,47.239999999999995,,41.67,0.0,41.67,0.25,0.0,0.0,__NA__,SL,True
EyeIrritation6pack_PID497,0,0.6612421687763563,5,1,ntp_measured,medium,SOURCE_CONFLICT,True,5.0,1.0,17.6467,7.38,5.87,0.0,5.87,0.0,,0.0,액상수화제,SC,True
MIX42,0,0.661659599465531,5,1,sds_v1,low,FLIP_pos_to_neg,True,1.0,0.5,40.6,7.3,0.0,0.0,40.6,0.0,,0.0,__NA__,SL,True
EyeIrritation6pack_PID952,0,0.6645818726004423,5,1,ntp_measured,high,NONE,False,2.0,0.5,97.0,,97.0,0.0,97.0,0.0,,0.0,__NA__,__NA__,True
EyeIrritation6pack_PID313,0,0.6646894845911417,5,1,ntp_measured,medium,SOURCE_CONFLICT,True,3.0,1.0,,7.27,,0.0,,0.0,,,액상수화제,SC,True
MIX838,0,0.6648803898645946,5,1,sds_2nd_sec11,high,NONE,False,2.0,1.0,98.1,,98.0,0.0,98.0,0.5,0.0,0.0,__NA__,__NA__,True
EyeIrritation6pack_PID381,0,0.665820061533883,5,1,ntp_measured,medium,CT_CONTRADICTION,False,9.0,0.4444444444444444,8.34,8.3,4.88,0.0,4.88,0.2222222222222222,3.0,0.0,__NA__,SL,True
MIX659,0,0.6659145661309513,5,1,sds_v1,medium,RECOVERED_negative,False,2.0,0.6666666666666666,14.13,,13.4,0.0,13.4,0.6666666666666666,3.0,0.0,Concentrate,SL,True
EyeIrritation6pack_PID370,0,0.6660863827951926,5,1,ntp_measured,high,NONE,False,6.0,1.0,9.7,,9.7,0.0,9.7,0.0,,0.0,__NA__,SL,True
EyeIrritation6pack_PID371,0,0.6664833699158159,5,1,ntp_measured,high,NONE,False,3.0,0.6666666666666666,38.980000000000004,,30.51,0.0,30.51,0.0,,0.0,__NA__,GR,True
MIX217,0,0.666967576492651,5,1,sds_v1,low,FLIP_pos_to_neg,True,5.0,0.2,38.8,,38.8,0.0,38.8,0.2,0.0,0.0,유제,EC,True
EyeIrritation6pack_PID770,0,0.6670015275524531,5,1,ntp_measured,medium,SOURCE_CONFLICT,True,1.0,1.0,22.6,,22.6,0.0,22.6,0.0,,0.0,__NA__,SL,True
EyeIrritation6pack_PID433,0,0.6681244184045744,5,1,ntp_measured,high,NONE,False,2.0,1.0,,3.5,,0.0,,0.5,0.0,,__NA__,GR,True
MIX1006,0,0.6691546259358396,5,1,phase1_sds,high,NONE,False,2.0,1.0,,,,0.0,,1.0,0.0,,__NA__,__NA__,True
EyeIrritation6pack_PID940,0,0.6711721073947929,5,1,ntp_measured,medium,SOURCE_CONFLICT,True,2.0,1.0,6.5,,6.5,0.0,6.5,0.0,,0.0,__NA__,SL,True
EyeIrritation6pack_PID631,0,0.6734244159369167,5,1,ntp_measured,high,NONE,False,8.0,0.875,22.330000000000002,,0.0,0.1,11.5,0.0,,0.0,Aerosol / Fogger,AE,True
MIX994,0,0.6737371998865518,5,1,sds_2nd,high,NONE,False,0.0,0.0,0.0,,35.0,0.0,35.0,0.0,,0.0,__NA__,GR,True
MIX976,0,0.6737918178404876,5,1,phase1_sds,high,NONE,False,0.0,0.0,0.0,,3.0,0.0,3.0,0.0,,0.0,__NA__,SL,True
MIX56,0,0.67454437869158,5,1,sds_2nd_sec11,high,NONE,False,3.0,1.0,17.15,,17.15,0.0,17.15,0.3333333333333333,0.0,0.0,__NA__,EC,True
MIX624,0,0.6747247201215731,5,1,sds_2nd_sec11,high,NONE,False,1.0,1.0,98.0,,98.0,0.0,98.0,0.0,,0.0,__NA__,__NA__,True
MIX74,0,0.6747247201215731,5,1,sds_2nd_sec11,high,NONE,False,1.0,1.0,98.0,,98.0,0.0,98.0,0.0,,0.0,__NA__,__NA__,True
MIX75,0,0.6747247201215731,5,1,sds_2nd_sec11,high,NONE,False,1.0,1.0,98.0,,98.0,0.0,98.0,0.0,,0.0,__NA__,__NA__,True
MIX23,0,0.6759169594048393,5,1,sds_v1,low,FLIP_pos_to_neg,True,3.0,0.6666666666666666,96.0,,96.0,0.0,96.0,0.0,,0.0,__NA__,SL,True
EyeIrritation6pack_PID134,0,0.6764999174924726,5,1,ntp_measured,high,NONE,False,3.0,0.6666666666666666,4.0,6.0,4.0,0.0,4.0,0.0,,0.0,__NA__,SL,True
EyeIrritation6pack_PID993,0,0.6781763785981842,5,1,ntp_measured,medium,CT_CONTRADICTION,False,5.0,0.6,74.13000000000001,,0.0,0.0,60.0,0.6,3.0,60.0,Concentrate,SL,True
MIX743,0,0.6788883970911755,5,1,sds_2nd_sec11,high,NONE,False,1.0,1.0,,6.5,,0.0,,0.0,,,__NA__,__NA__,True
EyeIrritation6pack_PID700,0,0.6795862736945792,5,1,ntp_measured,high,NONE,False,3.0,1.0,31.2,,31.2,0.0,31.2,1.0,0.0,0.0,__NA__,SL,True
EyeIrritation6pack_PID348,0,0.6802026976575237,5,1,ntp_measured,high,NONE,False,16.0,0.5625,43.2,,0.0,0.0,45.0,0.0625,0.0,0.0,액상수화제,SC,True
MIX910,0,0.6837934199790374,5,1,sds_v1,medium,RECOVERED_negative,False,2.0,0.0,0.0,,75.0,0.0,75.0,0.5,0.0,0.0,__NA__,__NA__,True
EyeIrritation6pack_PID621,0,0.6838777984784524,5,1,ntp_measured,high,NONE,False,7.0,0.2857142857142857,32.45,,21.65,0.0,21.65,0.2857142857142857,0.0,0.0,__NA__,SL,True
EyeIrritation6pack_PID643,0,0.6846665628589145,5,1,ntp_measured,high,NONE,False,1.0,1.0,,,,0.0,,0.0,,,__NA__,SL,True
MIX48,0,0.6846665628589145,5,1,sds_2nd_sec11,high,NONE,False,1.0,1.0,,,,0.0,,0.0,,,__NA__,SL,True
MIX623,0,0.6851272710989265,5,1,sds_v1,medium,RECOVERED_negative,False,2.0,1.0,0.45,7.0,0.3,0.0,0.3,1.0,0.0,0.0,__NA__,GR,True
EyeIrritation6pack_PID932,0,0.6881033786960262,5,1,ntp_measured,high,NONE,False,4.0,1.0,1.6,,1.0,0.0,1.0,0.75,0.0,0.0,__NA__,__NA__,True
EyeIrritation6pack_PID1028,0,0.688303178040274,5,1,ntp_measured,high,NONE,False,5.0,1.0,1.04,8.85,0.78,0.0,0.78,0.4,0.0,0.0,__RARE__,SL,True
MIX251,0,0.6885298646250166,5,1,phase1_sds,high,NONE,False,0.0,0.0,0.0,7.9,22.8,0.0,22.8,0.0,,0.0,__NA__,GR,True
EyeIrritation6pack_PID642,0,0.6886858207289784,5,1,ntp_measured,high,NONE,False,2.0,0.5,,,,0.0,,0.0,,,__NA__,SL,True
MIX53,0,0.6886858207289784,5,1,sds_2nd_sec11,high,NONE,False,2.0,0.5,,,,0.0,,0.0,,,__NA__,SL,True
EyeIrritation6pack_PID554,0,0.6912585336106634,5,1,ntp_measured,high,NONE,False,4.0,1.0,99.2,,99.2,0.0,99.2,0.0,,0.0,__NA__,GR,True
EyeIrritation6pack_PID456,0,0.6922295256339023,5,1,ntp_measured,high,NONE,False,3.0,0.6666666666666666,12.0,,50.0,0.0,50.0,0.0,,0.0,__RARE__,SL,True
MIX294,0,0.6931192595119742,5,1,sds_v1,medium,RECOVERED_negative,False,3.0,0.6666666666666666,75.0,,50.0,0.0,50.0,0.6666666666666666,2.0,0.0,__NA__,__NA__,True
EyeIrritation6pack_PID1020,0,0.693545829892263,5,1,ntp_measured,high,NONE,False,5.0,0.4,38.7,,38.7,0.0,38.7,0.2,0.0,0.0,__NA__,SL,True
MIX378,0,0.6960223039226261,5,1,sds_v1,medium,RECOVERED_negative,False,11.0,0.8181818181818182,11.18,,6.0,0.255,6.0,0.18181818181818182,0.0,0.0,__NA__,AE,True
MIX1047,0,0.6967567946140226,5,1,sds_v1,medium,RECOVERED_negative,False,9.0,1.0,,,,0.0,,0.0,,,__NA__,__NA__,True
EyeIrritation6pack_PID977,0,0.6968592147181691,5,1,ntp_measured,medium,SOURCE_CONFLICT,True,7.0,0.8571428571428571,39.720000000000006,3.96,37.89,0.0,37.89,0.14285714285714285,0.0,0.0,__NA__,SL,True
MIX357,0,0.6982910814954022,5,1,sds_2nd_sec11,medium,CT_CONTRADICTION,False,6.0,0.5,48.0,6.4,49.0,0.0,49.0,0.3333333333333333,2.0,0.0,__NA__,SL,True
MIX142,0,0.6990047398032495,5,1,sds_v1,low,FLIP_pos_to_neg,True,2.0,1.0,100.0,,88.3,0.0,88.3,0.0,,0.0,__RARE__,GR,True
MIX356,0,0.700200416117932,5,1,sds_2nd_sec11,medium,CT_CONTRADICTION,False,7.0,0.14285714285714285,0.1,,0.0,0.0,15.0,0.14285714285714285,3.0,0.0,__NA__,RB,True
EyeIrritation6pack_PID377,0,0.7002917040210498,5,1,ntp_measured,high,NONE,False,5.0,1.0,7.3100000000000005,,5.96,0.0,5.96,0.4,0.0,0.0,__NA__,SL,True
MIX128,0,0.7032696990804302,5,1,sds_2nd_sec11,high,NONE,False,2.0,1.0,63.0,,60.0,0.0,60.0,0.0,,0.0,__NA__,WG,True
MIX587,0,0.7056187080676677,5,1,sds_v1,medium,RECOVERED_negative,False,1.0,0.5,15.4,,15.4,0.0,15.4,0.0,,0.0,유제,EC,True
EyeIrritation6pack_PID350,0,0.7063652705802907,5,1,ntp_measured,high,NONE,False,2.0,1.0,65.0,,60.0,0.0,60.0,0.0,,0.0,__NA__,WG,True
EyeIrritation6pack_PID1045,0,0.7082012813031062,5,1,ntp_measured,high,NONE,False,3.0,1.0,33.0,7.0,30.0,2.0,30.0,0.3333333333333333,0.0,0.0,__NA__,SC,True
MIX681,0,0.70944231423805,5,1,sds_2nd_sec11,high,NONE,False,1.0,1.0,,,,0.0,,0.0,,,__RARE__,__NA__,True
MIX995,0,0.7101137372019618,5,1,sds_v1,medium,RECOVERED_negative,False,1.0,0.0,0.0,,0.0,0.0,75.0,1.0,0.0,0.0,__NA__,__NA__,True
MIX594,0,0.7122092155701746,5,1,sds_v1,medium,RECOVERED_negative,False,2.0,0.6666666666666666,0.1,,0.05,0.0,0.05,0.0,,0.0,__NA__,SL,True
MIX194,0,0.7141008691955587,5,1,sds_v1,medium,RECOVERED_negative,False,3.0,1.0,95.0,6.5,50.0,0.0,50.0,0.6666666666666666,0.0,0.0,__NA__,SL,True
MIX339,0,0.7146434586148653,5,1,sds_v1,medium,RECOVERED_negative,False,2.0,0.6666666666666666,75.0,6.5,66.7,0.0,66.7,0.3333333333333333,0.0,0.0,__NA__,WG,True
EyeIrritation6pack_PID803,0,0.7147077632748562,5,1,ntp_measured,high,NONE,False,5.0,1.0,2.0,5.0,0.0,0.0,1.0,0.2,0.0,0.0,__NA__,SL,True
EyeIrritation6pack_PID144,0,0.7163684747619343,5,1,ntp_measured,high,NONE,False,5.0,1.0,69.0,,69.0,0.0,69.0,0.4,0.0,0.0,__NA__,GR,True
EyeIrritation6pack_PID814,0,0.7201524187992063,5,1,ntp_measured,high,NONE,False,10.0,0.7,56.230000000000004,4.7,0.0,0.0,50.0,0.1,0.0,0.0,__NA__,SL,True
EyeIrritation6pack_PID844,0,0.7204218029948363,5,1,ntp_measured,high,NONE,False,2.0,0.5,0.4,6.5,0.4,0.0,0.4,0.5,0.0,0.0,__NA__,GR,True
MIX709,0,0.7204218029948363,5,1,sds_v1,medium,RECOVERED_negative,False,1.0,0.5,0.4,6.5,0.4,0.0,0.4,0.5,0.0,0.0,__NA__,GR,True
EyeIrritation6pack_PID504,0,0.7219680704790078,5,1,ntp_measured,high,NONE,False,4.0,0.5,36.5,,21.9,0.0,21.9,0.5,0.0,0.0,__NA__,GR,True
EyeIrritation6pack_PID933,0,0.7220550714050462,5,1,ntp_measured,high,NONE,False,6.0,0.8333333333333334,,,,0.0,,0.16666666666666666,0.0,,__NA__,SL,True
EyeIrritation6pack_PID404,0,0.7236285600681706,5,1,ntp_measured,high,NONE,False,3.0,1.0,33.0,7.0,30.0,2.0,30.0,0.3333333333333333,0.0,0.0,__NA__,__NA__,True
MIX837,0,0.7236285600681706,5,1,sds_2nd_sec11,high,NONE,False,3.0,1.0,33.0,7.0,30.0,2.0,30.0,0.3333333333333333,0.0,0.0,__NA__,__NA__,True
EyeIrritation6pack_PID645,0,0.7248379793714431,5,1,ntp_measured,high,NONE,False,1.0,1.0,4.0,5.8,4.0,0.0,4.0,1.0,0.0,0.0,__NA__,RB,True
MIX219,0,0.7268246751617612,5,1,sds_2nd_sec11,high,NONE,False,2.0,1.0,25.8,5.0,25.8,0.0,25.8,0.0,,0.0,유제,EC,True
MIX612,0,0.7270503572524956,5,1,sds_v1,medium,RECOVERED_negative,False,3.0,1.0,66.29,,64.65,0.0,64.65,1.0,3.0,0.0,__NA__,SL,True
EyeIrritation6pack_PID96,0,0.7275871904149458,5,1,ntp_measured,high,NONE,False,2.0,1.0,46.2,,46.2,0.0,46.2,0.0,,0.0,__NA__,SL,True
EyeIrritation6pack_PID145,0,0.7324459762070237,5,1,ntp_measured,medium,SOURCE_CONFLICT,True,15.0,0.13333333333333333,,,,0.0,,0.06666666666666667,0.0,,__NA__,GR,True
MIX704,0,0.7338259788209103,5,1,sds_v1,medium,RECOVERED_negative,False,1.0,0.5,80.0,8.84,80.0,0.0,80.0,0.0,,0.0,__NA__,GR,True
EyeIrritation6pack_PID406,0,0.7339982441061984,5,1,ntp_measured,medium,SOURCE_CONFLICT,True,3.0,0.3333333333333333,96.69,,96.69,0.0,96.69,0.0,,0.0,__NA__,SL,True
EyeIrritation6pack_PID529,0,0.7372883016333563,5,1,ntp_measured,high,NONE,False,3.0,1.0,66.1,7.0,46.3,0.0,46.3,1.0,0.0,0.0,__NA__,EC,True
MIX1045,0,0.7375606145192578,5,1,sds_v1,medium,RECOVERED_negative,False,11.0,1.0,146.15550000000002,,75.0005,0.0,75.0005,0.6363636363636364,3.0,0.0,__NA__,__NA__,True
MIX645,0,0.7443819435172521,5,1,sds_v1,medium,RECOVERED_negative,False,1.0,0.5,4.0,,4.0,0.0,4.0,0.5,0.0,0.0,__NA__,RB,True
EyeIrritation6pack_PID1053,0,0.7444143711661714,5,1,ntp_measured,high,NONE,False,1.0,1.0,23.0,7.29,23.0,0.0,23.0,0.0,,0.0,__NA__,SL,True
EyeIrritation6pack_PID299,0,0.7448868019733687,5,1,ntp_measured,high,NONE,False,2.0,0.5,4.0,,4.0,0.0,4.0,0.5,0.0,0.0,__NA__,SL,True
EyeIrritation6pack_PID854,0,0.745017142538994,5,1,ntp_measured,medium,SOURCE_CONFLICT,True,29.0,1.0,22.569999999999997,,10.78,0.0,10.78,0.3103448275862069,0.0,0.0,__NA__,SL,True
MIX810,0,0.7477635382892435,5,1,sds_v1,low,FLIP_pos_to_neg,True,2.0,0.6666666666666666,0.0,,97.0,0.0,97.0,0.0,,0.0,__NA__,__NA__,True
MIX701,0,0.7552633922508847,5,1,sds_v1,low,FLIP_pos_to_neg,True,2.0,0.5,0.5,,0.5,0.0,0.5,0.0,,0.0,__NA__,SL,True
EyeIrritation6pack_PID303,0,0.7558649224073652,5,1,ntp_measured,medium,SOURCE_CONFLICT,True,2.0,1.0,25.8,,25.8,0.0,25.8,0.5,0.0,0.0,__NA__,SL,True
MIX342,0,0.7564507969713847,5,1,sds_v1,medium,RECOVERED_negative,False,4.0,0.25,10.0,,10.0,0.0,10.0,0.0,,0.0,유제,EC,True
MIX329,0,0.7578298362572441,5,1,sds_v1,medium,RECOVERED_negative,False,3.0,0.75,66.68,,46.65,0.0,46.65,0.75,0.0,0.0,__NA__,SL,True
MIX933,0,0.7591609233407488,5,1,sds_v1,medium,RECOVERED_negative,False,1.0,1.0,42.25,,42.25,0.0,42.25,0.0,,0.0,__NA__,__NA__,True
EyeIrritation6pack_PID608,0,0.7663353582368233,5,1,ntp_measured,high,NONE,False,6.0,0.5,13.020000000000001,,6.51,10.416,6.51,0.0,,0.0,__NA__,SL,True
EyeIrritation6pack_PID327,0,0.7690610260902999,5,1,ntp_measured,high,NONE,False,3.0,0.3333333333333333,40.7,6.0,0.0,0.0,40.7,0.0,,0.0,__RARE__,SC,True
MIX172,0,0.7690610260902999,5,1,sds_2nd_sec11,high,NONE,False,3.0,0.3333333333333333,40.7,6.0,0.0,0.0,40.7,0.0,,0.0,__RARE__,SC,True
MIX794,0,0.7692301463792867,5,1,sds_v1,medium,RECOVERED_negative,False,2.0,0.6666666666666666,100.0,,80.0,0.0,80.0,0.0,,0.0,__NA__,__NA__,True
EyeIrritation6pack_PID673,0,0.7694666827881829,5,1,ntp_measured,high,NONE,False,3.0,1.0,43.5,,29.0,0.0,29.0,0.6666666666666666,0.0,0.0,__NA__,SL,True
MIX322,0,0.7703665973283627,5,1,sds_2nd_sec11,high,NONE,False,1.0,1.0,6.0,6.0,6.0,0.0,6.0,0.0,,0.0,__NA__,WP,True
EyeIrritation6pack_PID362,0,0.771215592577709,5,1,ntp_measured,high,NONE,False,4.0,1.0,3.5,7.03,2.5,0.0,2.5,0.75,0.0,0.0,__NA__,SL,True
EyeIrritation6pack_PID505,0,0.7800538551993682,5,1,ntp_measured,medium,CT_CONTRADICTION,False,7.0,0.8571428571428571,57.6,,20.6,10.0,20.6,0.2857142857142857,3.0,0.0,__NA__,GR,True
EyeIrritation6pack_PID900,0,0.7831855392878287,5,1,ntp_measured,high,NONE,False,8.0,0.125,51.0,,0.0,0.0,51.0,0.0,,0.0,__RARE__,__RARE__,True
EyeIrritation6pack_PID438,0,0.7856216634231435,5,1,ntp_measured,high,NONE,False,2.0,1.0,37.5,5.06,25.0,0.0,25.0,0.0,,0.0,입상수화제,WG,True
EyeIrritation6pack_PID776,0,0.7869664407035389,5,1,ntp_measured,medium,CT_CONTRADICTION,True,18.0,0.2222222222222222,16.79,,15.0,0.0,15.0,0.1111111111111111,3.0,0.0,__RARE__,__RARE__,True
MIX1072,0,0.788315594634644,5,1,sds_v1,low,T1_evidence_contradicted,False,6.0,1.0,53.5,,22.5,0.0,22.5,0.6666666666666666,3.0,0.0,__NA__,SL,True
EyeIrritation6pack_PID654,0,0.7894958358538912,5,1,ntp_measured,high,NONE,False,1.0,0.5,15.0,6.0,15.0,0.0,15.0,0.0,,0.0,__NA__,GR,True
MIX345,0,0.790901748745419,5,1,sds_v1,low,FLIP_pos_to_neg,True,3.0,1.0,3.0,,3.0,0.0,3.0,0.0,,0.0,__NA__,SL,True
EyeIrritation6pack_PID366,0,0.7948946347038911,5,1,ntp_measured,high,NONE,False,2.0,1.0,3.5,,3.5,0.0,3.5,1.0,0.0,0.0,Granular / Granules,GR,True
MIX167,0,0.7948946347038911,5,1,sds_2nd,high,NONE,False,2.0,1.0,3.5,,3.5,0.0,3.5,1.0,0.0,0.0,Granular / Granules,GR,True
MIX447,0,0.8045998844579845,5,1,sds_v1,low,FLIP_pos_to_neg,True,3.0,0.6666666666666666,40.48,,36.8,0.0,36.8,0.0,,0.0,__NA__,EC,True
EyeIrritation6pack_PID57,0,0.806764521877479,5,1,ntp_measured,medium,CT_CONTRADICTION,True,5.0,1.0,43.0,2.0,23.2,0.0,23.2,0.6,3.0,0.0,__NA__,SL,True
MIX811,0,0.8076574475134816,5,1,sds_v1,medium,RECOVERED_negative,False,3.0,1.0,,,,0.0,,0.0,,,__RARE__,__NA__,True
EyeIrritation6pack_PID328,0,0.809786443858556,5,1,ntp_measured,high,NONE,False,3.0,0.3333333333333333,98.5,8.4,98.5,0.0,98.5,0.0,,0.0,__NA__,SC,True
MIX116,0,0.8125339234170683,5,1,sds_v1,medium,RECOVERED_negative,False,2.0,1.0,97.6,7.0,97.6,0.0,97.6,0.5,3.0,0.0,__NA__,__NA__,True
MIX575,0,0.8289381994487129,5,1,sds_v1,medium,RECOVERED_negative,False,5.0,0.4,33.7,,19.0,0.0,19.0,0.0,,0.0,__NA__,SL,True
EyeIrritation6pack_PID1023,0,0.8307777918482635,5,1,ntp_measured,high,NONE,False,3.0,1.0,3.0,,3.0,0.0,3.0,1.0,0.0,0.0,__NA__,SL,True
MIX174,0,0.8310354554978108,5,1,sds_2nd_sec11,high,NONE,False,1.0,1.0,80.0,8.4,0.0,0.0,80.0,0.0,,0.0,__NA__,SC,True
EyeIrritation6pack_PID1043,0,0.9182070343511948,5,1,ntp_measured,medium,CT_CONTRADICTION,False,4.0,0.75,4.2299999999999995,,0.0,0.0,95.77,0.5,2.0,0.0,Concentrate,SL,True
EyeIrritation6pack_PID702,1,0.34522551474766494,4,0,ntp_measured,high,NONE,False,3.0,0.3333333333333333,,6.2,,0.0,,0.3333333333333333,0.0,,수화제,WP,False
MIX267,1,0.36503202770277143,4,0,sds_2nd,high,NONE,False,1.0,1.0,,5.68,,0.0,,1.0,0.0,,__NA__,SL,False
EyeIrritation6pack_PID860,1,0.40756298547634506,4,0,ntp_measured,medium,SOURCE_CONFLICT,True,5.0,0.2,0.045,,9.7,0.0,9.7,0.0,,0.0,__RARE__,GR,False
MIX997,1,0.4112937207900714,4,0,sds_2nd,high,NONE,False,0.0,0.0,0.0,,100.0,0.0,100.0,0.0,,0.0,__NA__,EC,False
MIX716,1,0.41306421608667404,4,0,sds_v1,high,NONE,False,1.0,0.5,42.4,5.5,42.4,0.0,42.4,0.0,,0.0,액상수화제,SC,False
MIX529,1,0.4262372705357763,4,0,sds_2nd,high,NONE,False,1.0,1.0,75.0,7.0,75.0,0.0,75.0,1.0,0.0,0.0,수화제,WP,False
MIX975,1,0.4417670178328822,4,0,sds_2nd_sec11,high,NONE,False,0.0,0.0,0.0,,25.5,0.0,25.5,0.0,,0.0,__NA__,EC,False
MIX917,1,0.4443675365905163,4,0,sds_2nd_sec11,high,NONE,False,0.0,0.0,0.0,,100.0,0.0,100.0,0.0,,0.0,__NA__,GR,False
EyeIrritation6pack_PID283,1,0.44804190330558935,4,0,ntp_measured,medium,SOURCE_CONFLICT,True,2.0,1.0,98.95,7.0,98.9,0.0,98.9,0.0,,0.0,__NA__,GR,False
EyeIrritation6pack_PID867,1,0.4487824151072181,4,0,ntp_measured,high,NONE,False,2.0,1.0,48.7,6.96,48.7,0.0,48.7,1.0,0.0,0.0,종자처리수화제,FS,False
EyeIrritation6pack_PID289,1,0.4507464565044105,4,0,ntp_measured,high,NONE,False,1.0,1.0,,,,0.0,,0.0,,,__NA__,EC,False
MIX877,1,0.45096199700157824,4,0,sds_v1,high,NONE,False,0.0,0.0,0.0,,100.0,0.0,100.0,0.0,,0.0,__NA__,__NA__,False
MIX867,1,0.4527321650223198,4,0,sds_2nd,high,NONE,False,0.0,0.0,0.0,,100.0,0.0,100.0,0.0,,0.0,__NA__,__NA__,False
MIX882,1,0.4558491466478804,4,0,sds_2nd_sec11,high,NONE,False,0.0,0.0,0.0,,100.0,0.0,100.0,0.0,,0.0,__NA__,__NA__,False
EyeIrritation6pack_PID143,1,0.4573634424131063,4,0,ntp_measured,high,NONE,False,1.0,1.0,,6.8,,0.0,,1.0,0.0,,__NA__,EC,False
EyeIrritation6pack_PID1008,1,0.4650708115910579,4,0,ntp_measured,medium,SOURCE_CONFLICT,True,4.0,0.75,3.7700000000000005,,0.0,0.0,6.5,0.5,2.0,6.5,Concentrate,SL,False
MIX523,1,0.4650708115910579,4,0,sds_2nd_sec11,high,NONE,False,4.0,0.75,3.7700000000000005,,0.0,0.0,6.5,0.5,2.0,6.5,Concentrate,SL,False
EyeIrritation6pack_PID967,1,0.4700624576557023,4,0,ntp_measured,high,NONE,False,4.0,0.5,0.17300000000000001,7.0,0.115,0.0,0.115,0.5,0.0,0.0,__NA__,GR,False
MIX875,1,0.4776714206410223,4,0,sds_v1,high,NONE,False,0.0,0.0,0.0,,100.0,0.0,100.0,0.0,,0.0,__NA__,GR,False
MIX691,1,0.4788520050302233,4,0,sds_v1,high,NONE,False,1.0,0.5,5.0,,89.5,0.0,89.5,0.0,,0.0,유제,EC,False
MIX816,1,0.4793753206939588,4,0,sds_v1,high,NONE,False,0.0,0.0,,,,0.0,,0.0,,,__NA__,EC,False
EyeIrritation6pack_PID386,1,0.4935668601344278,4,0,ntp_measured,medium,SOURCE_CONFLICT,True,1.0,1.0,100.0,,0.0,0.0,100.0,0.0,,0.0,__NA__,__NA__,False
EyeIrritation6pack_PID105,1,0.4951781888097358,4,0,ntp_measured,medium,SOURCE_CONFLICT,True,3.0,0.6666666666666666,17.3,,12.4,0.0,12.4,0.0,,0.0,__NA__,EC,False
MIX37,1,0.49533526154512175,4,0,sds_2nd,high,NONE,False,3.0,0.6666666666666666,17.2451,,12.3431,0.0,12.3431,0.0,,0.0,__NA__,EC,False
EyeIrritation6pack_PID53,0,0.507022203803199,4,1,ntp_measured,high,NONE,False,5.0,0.8333333333333334,31.52,,24.0,0.0,24.0,0.16666666666666666,0.0,0.0,__NA__,GR,False
EyeIrritation6pack_PID1056,0,0.5110845377603705,4,1,ntp_measured,high,NONE,False,10.0,0.3,42.91,6.0,28.58,0.0,28.58,0.0,,0.0,__NA__,SC,False
MIX864,0,0.5236765992583193,4,1,sds_2nd,high,NONE,False,0.0,0.0,0.0,,100.0,0.0,100.0,0.0,,0.0,__NA__,__NA__,False
EyeIrritation6pack_PID1004,0,0.5240331499254491,4,1,ntp_measured,high,NONE,False,1.0,1.0,,,,0.0,,0.0,,,__NA__,__NA__,False
EyeIrritation6pack_PID818,0,0.5332734907121208,4,1,ntp_measured,high,NONE,False,5.0,0.4,43.8,,21.9,0.0,21.9,0.0,,0.0,__NA__,SC,False
MIX68,0,0.5340950741110215,4,1,sds_2nd_sec11,high,NONE,False,6.0,0.3333333333333333,29.8,2.5,29.7,0.0,29.7,0.16666666666666666,0.0,0.0,액상수화제,SC,False
MIX708,0,0.5469765014818674,4,1,sds_v1,medium,RECOVERED_negative,False,1.0,0.5,0.4,,0.4,0.0,0.4,0.5,0.0,0.0,__NA__,SL,False
MIX870,0,0.5491932111722682,4,1,sds_2nd,medium,SOURCE_CONFLICT,True,0.0,0.0,,,,0.0,,0.0,,,__NA__,GR,False
MIX1004,0,0.5541493908535045,4,1,sds_v1,medium,RECOVERED_negative,False,1.0,1.0,6.0,4.5,6.0,0.0,6.0,0.0,,0.0,__NA__,__NA__,False
MIX849,0,0.560805463655545,4,1,sds_v1,medium,RECOVERED_negative,False,0.0,0.0,,,,0.0,,0.0,,,__NA__,SL,False
EyeIrritation6pack_PID843,0,0.5618813946244476,4,1,ntp_measured,high,NONE,False,5.0,0.2,0.4,,0.4,0.0,0.4,0.2,0.0,0.0,__NA__,SL,False
EyeIrritation6pack_PID270,0,0.5675082502208902,4,1,ntp_measured,high,NONE,False,5.0,0.6,26.75,,25.0,0.0,25.0,0.2,0.0,0.0,__NA__,FS,False
EyeIrritation6pack_PID459,0,0.5683909885421036,4,1,ntp_measured,high,NONE,False,4.0,1.0,34.8,5.0,17.4,0.0,17.4,0.0,,0.0,__NA__,SL,False
EyeIrritation6pack_PID980,0,0.5685621400102846,4,1,ntp_measured,high,NONE,False,4.0,0.8,27.56,,22.61,0.0,22.61,0.2,0.0,0.0,종자처리수화제,FS,False
MIX242,0,0.5727851149977103,4,1,sds_2nd_sec11,high,NONE,False,4.0,1.0,24.544999999999998,5.0,11.77,0.0,11.77,0.0,,0.0,__NA__,SL,False
MIX545,0,0.581647534200167,4,1,sds_v1,medium,T2_endpoint_no_data,False,2.0,1.0,,5.33,,0.0,,0.0,,,종자처리수화제,FS,False
MIX351,0,0.5819600562134795,4,1,sds_v1,medium,RECOVERED_negative,False,3.0,1.0,75.0,,75.0,0.0,75.0,0.0,,0.0,__NA__,SL,False
EyeIrritation6pack_PID991,0,0.5863842628310147,4,1,ntp_measured,high,NONE,False,1.0,1.0,,,,0.0,,0.0,,,__NA__,GR,False
MIX773,0,0.587950397231375,4,1,sds_v1,medium,RECOVERED_negative,False,0.0,0.0,0.0,4.0,9.26,0.0,9.26,1.0,0.0,0.0,__NA__,WG,False
EyeIrritation6pack_PID333,0,0.5894616487591178,4,1,ntp_measured,medium,CT_CONTRADICTION,False,2.0,0.5,25.0,6.7,25.0,0.0,25.0,0.5,2.0,0.0,__NA__,SL,False
EyeIrritation6pack_PID839,0,0.5908421232641752,4,1,ntp_measured,high,NONE,False,2.0,0.5,20.0,6.6,80.0,0.0,80.0,0.5,0.0,0.0,__NA__,GR,False
MIX661,0,0.5960750284806646,4,1,sds_v1,medium,RECOVERED_negative,False,1.0,0.5,75.0,3.9,75.0,0.0,75.0,0.5,2.0,0.0,__NA__,WG,False
EyeIrritation6pack_PID282,1,0.46150290786236914,3,0,ntp_measured,medium,SOURCE_CONFLICT,True,1.0,1.0,98.0,,98.0,0.0,98.0,0.0,,0.0,__NA__,SL,False
EyeIrritation6pack_PID832,1,0.4695603473486892,3,0,ntp_measured,high,NONE,False,3.0,0.3333333333333333,50.0,,50.0,0.0,50.0,0.0,,0.0,__NA__,SL,False
MIX675,1,0.47220146181052736,3,0,sds_v1,high,NONE,False,1.0,0.5,31.68,5.0,31.68,0.0,31.68,0.5,0.0,0.0,__NA__,EC,False
EyeIrritation6pack_PID326,1,0.4729516285746279,3,0,ntp_measured,high,NONE,False,1.0,1.0,,6.07,,0.0,,0.0,,,__NA__,GR,False
MIX908,1,0.474411133324992,3,0,sds_2nd,high,NONE,False,0.0,0.0,0.0,,100.0,0.0,100.0,0.0,,0.0,__NA__,__NA__,False
EyeIrritation6pack_PID1040,1,0.4746524479677644,3,0,ntp_measured,medium,SOURCE_CONFLICT,True,3.0,1.0,20.0,5.0,20.0,0.0,20.0,0.6666666666666666,0.0,0.0,__NA__,WG,False
EyeIrritation6pack_PID219,1,0.4754847858452357,3,0,ntp_measured,high,NONE,False,4.0,0.25,50.0,5.4,50.0,0.0,50.0,0.0,,0.0,__NA__,WG,False
MIX50,0,0.4820967570305651,3,1,sds_2nd_sec11,high,NONE,False,4.0,0.5,25.11,7.0,74.89,0.0,74.89,0.0,,0.0,__NA__,SC,False
EyeIrritation6pack_PID1013,1,0.4823332401660462,3,0,ntp_measured,high,NONE,False,21.0,0.09523809523809523,33.0,,22.0,0.0,22.0,0.0,,0.0,__NA__,SL,False
MIX906,1,0.4832551009482146,3,0,sds_v1,high,NONE,False,0.0,0.0,0.0,,100.0,0.0,100.0,0.0,,0.0,__NA__,__NA__,False
MIX977,1,0.4833821063666887,3,0,sds_v1,high,NONE,False,0.0,0.0,0.0,,100.0,0.0,100.0,0.0,,0.0,__NA__,__NA__,False
EyeIrritation6pack_PID467,1,0.4835729094821094,3,0,ntp_measured,medium,SOURCE_CONFLICT,True,5.0,0.2,,,,0.0,,0.0,,,유제,EC,False
MIX1012,1,0.48545457536151215,3,0,sds_v1,high,NONE,False,1.0,0.0,0.0,,100.0,0.0,100.0,0.0,,0.0,__RARE__,__NA__,False
MIX996,1,0.48902152382983644,3,0,sds_v1,high,NONE,False,0.0,0.0,0.0,,37.5,0.0,37.5,0.0,,0.0,__NA__,__NA__,False
MIX923,0,0.49167667531152326,3,1,sds_2nd,medium,SOURCE_CONFLICT,True,0.0,0.0,0.0,,100.0,0.0,100.0,0.0,,0.0,__NA__,__NA__,False
MIX931,0,0.4922744113615399,3,1,sds_2nd,medium,SOURCE_CONFLICT,True,0.0,0.0,0.0,,100.0,0.0,100.0,0.0,,0.0,__NA__,EC,False
MIX618,0,0.49236573895084224,3,1,sds_v1,medium,RECOVERED_negative,False,1.0,0.5,,,,0.0,,0.0,,,__NA__,EC,False
EyeIrritation6pack_PID692,1,0.4926417422538642,3,0,ntp_measured,high,NONE,False,1.0,1.0,,,,0.0,,0.0,,,__NA__,GR,False
Cancer_PID_6,1,0.4932581041835486,3,0,sds_2nd,high,NONE,False,2.0,1.0,,,,0.0,,0.0,,,__NA__,__NA__,False
MIX540,1,0.49584458310047025,3,0,sds_v1,high,NONE,False,1.0,0.5,0.19,,0.19,0.0,0.19,0.5,0.0,0.0,__NA__,SL,False
EyeIrritation6pack_PID271,0,0.5006706631596007,3,1,ntp_measured,high,NONE,False,6.0,0.6666666666666666,7.7,5.2,3.34,0.0,3.34,0.16666666666666666,0.0,0.0,__NA__,SL,False
MIX131,0,0.5006706631596007,3,1,sds_2nd_sec11,high,NONE,False,6.0,0.6666666666666666,7.7,5.2,3.34,0.0,3.34,0.16666666666666666,0.0,0.0,__NA__,SL,False
EyeIrritation6pack_PID815,1,0.5014360873056184,3,0,ntp_measured,high,NONE,False,2.0,1.0,,5.6,,0.0,,0.5,0.0,,__NA__,SL,False
MIX779,1,0.5021200094903733,3,0,sds_v1,medium,SOURCE_CONFLICT,True,1.0,0.0,,,,0.0,,0.0,,,__NA__,SL,False
MIX873,0,0.5037403555494783,3,1,sds_v1,medium,RECOVERED_negative,False,0.0,0.0,0.0,,100.0,0.0,100.0,0.0,,0.0,__NA__,__NA__,False
MIX961,1,0.5044014552042055,3,0,sds_v1,high,NONE,False,0.0,0.0,0.0,,20.0,0.0,20.0,0.0,,0.0,__NA__,__NA__,False
MIX1063,1,0.504615919588846,3,0,sds_v1,high,NONE,False,12.0,1.0,,,,0.0,,0.5833333333333334,0.0,,__NA__,__NA__,False
MIX577,0,0.5064520822392861,3,1,sds_v1,medium,RECOVERED_negative,False,1.0,0.5,54.4,4.0,54.4,0.0,54.4,0.0,,0.0,__NA__,WG,False
EyeIrritation6pack_PID79,0,0.5068861734486962,3,1,ntp_measured,high,NONE,False,1.0,1.0,98.0,,98.0,0.0,98.0,1.0,0.0,0.0,__NA__,SL,False
MIX44,0,0.5068861734486962,3,1,sds_v1,medium,RECOVERED_negative,False,1.0,1.0,98.0,,98.0,0.0,98.0,1.0,0.0,0.0,__NA__,SL,False
EyeIrritation6pack_PID1052,0,0.5071082809074537,3,1,ntp_measured,high,NONE,False,2.0,1.0,50.0,,50.0,0.0,50.0,0.5,0.0,0.0,Concentrate,SC,False
MIX186,0,0.5081147042220182,3,1,sds_2nd_sec11,high,NONE,False,9.0,0.2222222222222222,28.76,5.5,19.17,0.0,19.17,0.3333333333333333,0.0,0.0,__NA__,GR,False
MIX216,0,0.5081760338334955,3,1,sds_2nd_sec11,high,NONE,False,1.0,1.0,95.37,6.0,95.37,0.0,95.37,0.0,,0.0,__NA__,SC,False
MIX163,0,0.5093179674445214,3,1,sds_2nd_sec11,high,NONE,False,4.0,0.5,25.11,7.0,74.89,0.0,74.89,0.0,,0.0,__NA__,GR,False
MIX854,0,0.5111365761777127,3,1,sds_v1,medium,RECOVERED_negative,False,0.0,0.0,,,,0.0,,0.0,,,__NA__,__NA__,False
EyeIrritation6pack_PID137,1,0.5124207786994546,3,0,ntp_measured,high,NONE,False,3.0,0.6666666666666666,0.05,,0.05,0.0,0.05,0.3333333333333333,0.0,0.0,__RARE__,GR,False
EyeIrritation6pack_PID218,1,0.5132420484875168,3,0,ntp_measured,high,NONE,False,4.0,1.0,16.61,6.0,12.5,0.0,12.5,0.25,0.0,0.0,Seed Treatment,FS,False
EyeIrritation6pack_PID87,0,0.5141747714298754,3,1,ntp_measured,high,NONE,False,4.0,0.5,25.11,7.0,0.0,0.0,74.89,0.0,,0.0,__NA__,SC,False
EyeIrritation6pack_PID831,0,0.5165556816500569,3,1,ntp_measured,high,NONE,False,3.0,1.0,38.7,,38.7,0.0,38.7,0.3333333333333333,0.0,0.0,__NA__,SC,False
EyeIrritation6pack_PID989,1,0.516851666968966,3,0,ntp_measured,high,NONE,False,3.0,0.3333333333333333,29.7,,29.7,0.0,29.7,0.0,,0.0,액상수화제,SC,False
EyeIrritation6pack_PID5,1,0.5189032256911034,3,0,ntp_measured,high,NONE,False,1.0,1.0,0.25,,0.25,0.0,0.25,0.0,,0.0,__RARE__,GR,False
EyeIrritation6pack_PID220,1,0.520239505765488,3,0,ntp_measured,high,NONE,False,3.0,0.0,,6.0,,0.0,,0.0,,,__NA__,EC,False
MIX851,0,0.5203508399791683,3,1,sds_v1,medium,RECOVERED_negative,False,0.0,0.0,0.0,,25.0,0.0,25.0,0.0,,0.0,__NA__,__NA__,False
MIX852,0,0.5203508399791683,3,1,sds_v1,medium,RECOVERED_negative,False,0.0,0.0,0.0,,25.0,0.0,25.0,0.0,,0.0,__NA__,__NA__,False
EyeIrritation6pack_PID382,0,0.5207783438084885,3,1,ntp_measured,high,NONE,False,9.0,0.5555555555555556,49.489999999999995,3.4,41.4,0.0,41.4,0.2222222222222222,0.0,0.0,__NA__,SL,False
EyeIrritation6pack_PID853,0,0.5217021356708995,3,1,ntp_measured,high,NONE,False,5.0,1.0,16.659999999999997,6.65,11.2,0.0,11.2,0.4,0.0,0.0,__NA__,SL,False
EyeIrritation6pack_PID120,1,0.522354702544457,3,0,ntp_measured,high,NONE,False,7.0,1.0,48.09,6.0,14.33,0.0,14.33,0.14285714285714285,0.0,0.0,__NA__,SC,False
MIX377,0,0.5230334950222492,3,1,sds_v1,medium,RECOVERED_negative,False,1.0,0.5,22.58,,22.58,0.0,22.58,0.5,0.0,0.0,Concentrate,GR,False
Cancer_PID_108,0,0.5274793455878771,3,1,sds_2nd_sec11,high,NONE,False,1.0,1.0,,,,0.0,,1.0,0.0,,__NA__,__NA__,False
EyeIrritation6pack_PID131,1,0.5301617566948713,3,0,ntp_measured,high,NONE,False,4.0,0.75,1.0,,1.0,0.0,1.0,0.0,,0.0,__NA__,SL,False
EyeIrritation6pack_PID170,0,0.5329922018629721,3,1,ntp_measured,high,NONE,False,1.0,1.0,,5.5,,0.0,,1.0,0.0,,__NA__,__NA__,False
EyeIrritation6pack_PID247,0,0.5339902217101263,3,1,ntp_measured,high,NONE,False,1.0,1.0,,,,0.0,,1.0,0.0,,__NA__,FS,False
MIX114,0,0.5339902217101263,3,1,sds_v1,medium,RECOVERED_negative,False,1.0,1.0,,,,0.0,,1.0,0.0,,__NA__,FS,False
MIX370,0,0.535941188258151,3,1,sds_v1,medium,RECOVERED_negative,False,2.0,0.5,97.0,,97.0,0.0,97.0,0.0,,0.0,__NA__,SC,False
EyeIrritation6pack_PID865,0,0.536606748938447,3,1,ntp_measured,medium,SOURCE_CONFLICT,True,1.0,0.5,1.44,,1.44,0.0,1.44,0.0,,0.0,__NA__,SL,False
MIX582,1,0.5372679001712403,3,0,sds_v1,high,NONE,False,1.0,0.5,98.6,7.0,98.6,0.0,98.6,0.5,2.0,0.0,__NA__,SL,False
MIX621,0,0.5421089151751232,3,1,sds_v1,medium,RECOVERED_negative,False,1.0,0.5,,,,0.0,,0.0,,,__NA__,EC,False
EyeIrritation6pack_PID696,0,0.551032640059551,3,1,ntp_measured,high,NONE,False,1.0,1.0,4.18,4.25,4.18,0.0,4.18,1.0,0.0,0.0,액상수화제,SC,False
EyeIrritation6pack_PID323,0,0.554103813874782,3,1,ntp_measured,high,NONE,False,1.0,1.0,,,,0.0,,1.0,0.0,,__RARE__,SL,False
EyeIrritation6pack_PID325,0,0.5667227565908235,3,1,ntp_measured,high,NONE,False,1.0,1.0,,,,0.0,,1.0,0.0,,__NA__,SL,False
MIX581,0,0.5680658866478927,3,1,sds_v1,medium,RECOVERED_negative,False,1.0,0.5,25.0,6.7,0.0,0.0,75.0,0.5,2.0,0.0,__NA__,SL,False
MIX433,0,0.575188565427123,3,1,sds_2nd_sec11,high,NONE,False,3.0,1.0,38.405,6.0,37.4,0.0,37.4,0.0,,0.0,액상수화제,SC,False
EyeIrritation6pack_PID737,0,0.44400954474968046,2,0,ntp_measured,high,NONE,False,3.0,1.0,22.7,7.17,22.7,0.0,22.7,0.3333333333333333,0.0,0.0,종자처리수화제,FS,False
MIX67,0,0.453893370333342,2,0,sds_v1,medium,RECOVERED_negative,False,1.0,1.0,0.001,,0.001,0.0,0.001,0.0,,0.0,__RARE__,__RARE__,False
MIX1018,0,0.45481892343596203,2,0,sds_2nd_sec11,high,NONE,False,0.0,0.0,,,,0.0,,0.0,,,__NA__,EC,False
MIX132,0,0.46150290786236914,2,0,sds_2nd_sec11,high,NONE,False,1.0,1.0,98.0,,98.0,0.0,98.0,0.0,,0.0,__NA__,SL,False
MIX280,0,0.4636426116725185,2,0,sds_v1,medium,RECOVERED_negative,False,1.0,0.5,22.8,3.4,22.8,0.0,22.8,0.0,,0.0,__RARE__,CS,False
EyeIrritation6pack_PID246,0,0.4652135009326302,2,0,ntp_measured,high,NONE,False,1.0,1.0,,,,0.0,,1.0,0.0,,종자처리수화제,FS,False
MIX112,0,0.4652135009326302,2,0,sds_v1,medium,RECOVERED_negative,False,1.0,1.0,,,,0.0,,1.0,0.0,,종자처리수화제,FS,False
MIX943,0,0.4703375119690074,2,0,sds_v1,medium,RECOVERED_negative,False,0.0,0.0,0.0,,100.0,0.0,100.0,0.0,,0.0,__NA__,EC,False
EyeIrritation6pack_PID659,0,0.47057979305274866,2,0,ntp_measured,high,NONE,False,2.0,1.0,0.55,5.1,0.5,0.0,0.5,0.5,0.0,0.0,__NA__,GR,False
MIX293,0,0.4745875931416177,2,0,sds_2nd_sec11,high,NONE,False,1.0,1.0,41.6,,41.6,0.0,41.6,0.0,,0.0,__NA__,SC,False
MIX888,0,0.47644817200935086,2,0,sds_v1,medium,RECOVERED_negative,False,0.0,0.0,0.0,,100.0,0.0,100.0,0.0,,0.0,__NA__,__NA__,False
EyeIrritation6pack_PID866,0,0.4805807833797016,2,0,ntp_measured,high,NONE,False,1.0,0.5,45.45,,45.45,0.0,45.45,0.0,,0.0,종자처리수화제,FS,False
MIX441,0,0.4805807833797016,2,0,sds_2nd_sec11,high,NONE,False,1.0,0.5,45.45,,45.45,0.0,45.45,0.0,,0.0,종자처리수화제,FS,False
MIX879,1,0.48232724180345343,2,1,sds_v1,high,NONE,False,4.0,0.5,0.0,,10.0,0.0,10.0,0.25,0.0,0.0,__NA__,EC,False
MIX254,1,0.48344689173924066,2,1,sds_v1,high,NONE,False,5.0,1.0,6.9317,7.38,5.87,0.0,5.87,0.0,,0.0,액상수화제,SC,False
MIX133,1,0.483468955201724,2,1,sds_v1,high,NONE,False,2.0,1.0,9.75,7.0,9.7,0.0,9.7,0.0,,0.0,__NA__,GR,False
MIX273,1,0.4893041748887465,2,1,sds_v1,medium,SOURCE_CONFLICT,True,5.0,1.0,35.677499999999995,8.16,27.79,0.0,27.79,0.2,0.0,0.0,__NA__,GR,False
MIX746,0,0.49235044130345695,2,0,sds_2nd_sec11,high,NONE,False,1.0,1.0,100.0,,100.0,0.0,100.0,0.0,,0.0,__NA__,SL,False
MIX648,0,0.49277606548275343,2,0,sds_2nd_sec11,high,NONE,False,0.0,0.0,,3.0,,0.0,,0.0,,,__NA__,RB,False
EyeIrritation6pack_PID555,0,0.492947936370039,2,0,ntp_measured,high,NONE,False,3.0,1.0,0.8250000000000001,,0.55,0.0,0.55,1.0,0.0,0.0,Granular / Granules,GR,False
MIX649,0,0.4950344324141465,2,0,sds_v1,medium,RECOVERED_negative,False,1.0,0.5,0.01,,99.99,0.0,99.99,0.5,0.0,0.0,__RARE__,RB,False
EyeIrritation6pack_PID65,0,0.49508164882721556,2,0,ntp_measured,high,NONE,False,11.0,1.0,,,,0.0,,0.45454545454545453,0.0,,액상수화제,SC,False
EyeIrritation6pack_PID788,0,0.49627111340796554,2,0,ntp_measured,high,NONE,False,2.0,0.5,,,,0.0,,0.0,,,__NA__,SC,False
EyeIrritation6pack_PID392,0,0.49660173928359114,2,0,ntp_measured,high,NONE,False,8.0,0.125,99.0,9.5,99.0,0.0,99.0,0.125,0.0,0.0,__NA__,SL,False
EyeIrritation6pack_PID557,1,0.4972176471525094,2,1,ntp_measured,high,NONE,False,2.0,1.0,50.7,7.5,40.7,0.0,40.7,0.5,0.0,0.0,__NA__,__NA__,False
EyeIrritation6pack_PID838,1,0.49898315961660267,2,1,ntp_measured,medium,SOURCE_CONFLICT,True,3.0,0.6666666666666666,3.68,,3.68,0.0,3.68,0.0,,0.0,__NA__,EC,False
MIX853,0,0.4990949068860314,2,0,sds_v1,medium,RECOVERED_negative,False,0.0,0.0,,,,0.0,,0.0,,,__NA__,__NA__,False
MIX914,0,0.5030273549977771,2,0,sds_v1,low,FLIP_pos_to_neg,True,1.0,1.0,1.0,,1.0,0.0,1.0,1.0,0.0,0.0,__NA__,__NA__,False
MIX610,0,0.5057612273638993,2,0,phase1_sds,high,NONE,False,1.0,0.5,29.7,,0.0,0.0,70.3,0.0,,0.0,액상수화제,SC,False
EyeIrritation6pack_PID391,1,0.5081147042220182,2,1,ntp_measured,medium,SOURCE_CONFLICT,True,9.0,0.2222222222222222,28.76,5.5,19.17,0.0,19.17,0.3333333333333333,0.0,0.0,__NA__,GR,False
EyeIrritation6pack_PID466,1,0.5081760338334955,2,1,ntp_measured,medium,SOURCE_CONFLICT,True,1.0,1.0,95.37,6.0,95.37,0.0,95.37,0.0,,0.0,__NA__,SC,False
MIX775,1,0.5082036012924518,2,1,sds_2nd,high,NONE,False,0.0,0.0,,,,0.0,,0.0,,,__NA__,SL,False
MIX127,1,0.5123547672269381,2,1,sds_2nd,high,NONE,False,3.0,1.0,,6.5,,0.0,,0.0,,,__NA__,SC,False
MIX1039,1,0.5145175175426308,2,1,sds_2nd,high,NONE,False,0.0,0.0,,,,0.0,,0.0,,,__NA__,GR,False
MIX617,1,0.5145907650550553,2,1,sds_v1,high,NONE,False,0.0,0.0,,,,0.0,,0.0,,,__NA__,SL,False
MIX936,0,0.5147741672475844,2,0,sds_2nd_sec11,high,NONE,False,1.0,1.0,,,,0.0,,0.0,,,__NA__,__NA__,False
EyeIrritation6pack_PID680,1,0.517688972806087,2,1,ntp_measured,medium,SOURCE_CONFLICT,True,2.0,0.5,2.0,,2.0,0.0,2.0,0.5,0.0,0.0,__NA__,SL,False
MIX338,1,0.517688972806087,2,1,sds_v1,high,NONE,False,2.0,0.5,2.0,,2.0,0.0,2.0,0.5,0.0,0.0,__NA__,SL,False
EyeIrritation6pack_PID935,1,0.5180951086819683,2,1,ntp_measured,high,NONE,False,3.0,0.6666666666666666,0.4,,0.4,0.0,0.4,0.0,,0.0,__NA__,SL,False
EyeIrritation6pack_PID273,1,0.5211949496188122,2,1,ntp_measured,high,NONE,False,6.0,0.8333333333333334,56.05,6.8,26.4,0.0,26.4,0.3333333333333333,0.0,0.0,__NA__,SL,False
EyeIrritation6pack_PID743,0,0.5220447905346481,2,0,ntp_measured,high,NONE,False,1.0,1.0,95.0,,95.0,0.0,95.0,0.0,,0.0,__NA__,__NA__,False
EyeIrritation6pack_PID3,1,0.5230466062320024,2,1,ntp_measured,high,NONE,False,1.0,1.0,40.0,,40.0,0.0,40.0,0.0,,0.0,__NA__,GR,False
EyeIrritation6pack_PID640,1,0.5230466062320024,2,1,ntp_measured,high,NONE,False,1.0,1.0,40.0,,40.0,0.0,40.0,0.0,,0.0,__NA__,GR,False
EyeIrritation6pack_PID607,1,0.524179938854622,2,1,ntp_measured,high,NONE,False,1.0,1.0,,,,0.0,,1.0,0.0,,__NA__,SL,False
EyeIrritation6pack_PID868,1,0.5326093455207721,2,1,ntp_measured,high,NONE,False,3.0,1.0,26.8,,15.0,0.0,15.0,1.0,0.0,0.0,__NA__,SL,False
MIX148,1,0.5363464357667621,2,1,sds_2nd,high,NONE,False,1.0,0.5,22.98,6.77,22.98,0.0,22.98,0.5,0.0,0.0,__NA__,WG,False
MIX992,1,0.5365259039008043,2,1,sds_v1,high,NONE,False,0.0,0.0,0.0,,23.5,0.0,23.5,0.0,,0.0,__NA__,GR,False
MIX440,1,0.536606748938447,2,1,sds_v1,medium,SOURCE_CONFLICT,True,1.0,0.5,1.44,,1.44,0.0,1.44,0.0,,0.0,__NA__,SL,False
EyeIrritation6pack_PID548,1,0.5469064744510075,2,1,ntp_measured,medium,SOURCE_CONFLICT,True,4.0,1.0,82.5,,34.0,0.0,34.0,0.25,0.0,0.0,Seed Treatment,FS,False
MIX270,1,0.5469064744510075,2,1,sds_2nd,high,NONE,False,4.0,1.0,82.5,,34.0,0.0,34.0,0.25,0.0,0.0,Seed Treatment,FS,False
MIX555,0,0.2633097659301781,1,0,sds_v1,medium,RECOVERED_negative,False,9.0,0.3333333333333333,47.2,6.0,26.9,0.0,26.9,0.3333333333333333,0.0,0.0,__NA__,SC,False
EyeIrritation6pack_PID1060,0,0.36039629236668874,1,0,ntp_measured,high,NONE,False,9.0,0.3333333333333333,48.099999999999994,6.0,26.9,0.0,26.9,0.2222222222222222,0.0,0.0,__NA__,SC,False
EyeIrritation6pack_PID168,0,0.36444635691777977,1,0,ntp_measured,high,NONE,False,1.0,1.0,,,,0.0,,0.0,,,__RARE__,__RARE__,False
EyeIrritation6pack_PID699,0,0.3853324999642833,1,0,ntp_measured,high,NONE,False,3.0,0.3333333333333333,97.76,,97.76,0.0,97.76,0.0,,0.0,__NA__,__NA__,False
MIX383,0,0.3853324999642833,1,0,sds_v1,medium,T2_endpoint_no_data,False,3.0,0.3333333333333333,97.76,,97.76,0.0,97.76,0.0,,0.0,__NA__,__NA__,False
EyeIrritation6pack_PID732,0,0.3894367946376641,1,0,ntp_measured,high,NONE,False,9.0,0.3333333333333333,48.099999999999994,6.0,26.9,0.0,26.9,0.2222222222222222,0.0,0.0,__NA__,GR,False
EyeIrritation6pack_PID1050,0,0.3937857286469641,1,0,sds_2nd_sec11,high,NONE,False,2.0,0.5,10.0,,10.0,0.0,10.0,0.0,,0.0,__NA__,SL,False
MIX548,0,0.3937857286469641,1,0,sds_2nd_sec11,high,NONE,False,1.0,0.5,10.0,,10.0,0.0,10.0,0.0,,0.0,__NA__,SL,False
MIX434,0,0.39775276629416456,1,0,sds_v1,low,FLIP_pos_to_neg,True,5.0,0.2,0.04,,0.0,0.0,99.96,0.0,,0.0,__RARE__,GR,False
MIX168,0,0.40574453151834555,1,0,sds_2nd,high,NONE,False,5.0,0.4,26.3,4.0,73.7,0.0,73.7,0.4,0.0,0.0,__NA__,SL,False
MIX905,0,0.4186899447492059,1,0,sds_v1,medium,RECOVERED_negative,False,0.0,0.0,0.0,,100.0,0.0,100.0,0.0,,0.0,__NA__,GR,False
EyeIrritation6pack_PID1012,0,0.4262372705357763,1,0,ntp_measured,medium,SOURCE_CONFLICT,True,1.0,1.0,75.0,7.0,75.0,0.0,75.0,1.0,0.0,0.0,수화제,WP,False
EyeIrritation6pack_PID367,0,0.43316221336379385,1,0,ntp_measured,medium,CT_CONTRADICTION,False,5.0,0.4,30.0,4.0,59.95,0.0,59.95,0.4,2.0,0.0,__NA__,SL,False
EyeIrritation6pack_PID302,0,0.43481483099763674,1,0,ntp_measured,high,NONE,False,1.0,0.5,1.82,,1.82,0.0,1.82,0.5,0.0,0.0,__NA__,SL,False
MIX579,0,0.43481483099763674,1,0,sds_2nd_sec11,high,NONE,False,1.0,0.5,1.82,,1.82,0.0,1.82,0.5,0.0,0.0,__NA__,SL,False
EyeIrritation6pack_PID570,0,0.4446651051085187,1,0,ntp_measured,high,NONE,False,1.0,1.0,22.8,3.4,22.8,0.0,22.8,0.0,,0.0,__RARE__,CS,False
EyeIrritation6pack_PID914,0,0.45016508342001016,1,0,ntp_measured,high,NONE,False,1.0,0.5,95.9,,95.9,0.0,95.9,0.5,0.0,0.0,__NA__,SL,False
EyeIrritation6pack_PID744,0,0.4533800844094717,1,0,ntp_measured,high,NONE,False,4.0,1.0,11.03,,9.35,0.0,9.35,0.5,0.0,0.0,종자처리수화제,FS,False
EyeIrritation6pack_PID408,0,0.4575785625858688,1,0,ntp_measured,high,NONE,False,1.0,1.0,90.0,,90.0,0.0,90.0,0.0,,0.0,__NA__,SL,False
MIX974,0,0.46055463766273375,1,0,sds_v1,medium,RECOVERED_negative,False,0.0,0.0,0.0,,100.0,0.0,100.0,0.0,,0.0,__NA__,GR,False
MIX846,0,0.46419883220544433,1,0,sds_v1,medium,RECOVERED_negative,False,0.0,0.0,,,,0.0,,0.0,,,__NA__,SL,False
MIX954,0,0.46939555507397024,1,0,sds_2nd_sec11,high,NONE,False,0.0,0.0,0.0,,100.0,0.0,100.0,0.0,,0.0,__NA__,FS,False
MIX946,0,0.4766608999112524,1,0,sds_2nd,high,NONE,False,0.0,0.0,0.0,,100.0,0.0,100.0,0.0,,0.0,__NA__,EC,False
MIX983,0,0.47837978516474833,1,0,sds_2nd_sec11,high,NONE,False,0.0,0.0,0.0,,100.0,0.0,100.0,0.0,,0.0,__NA__,GR,False
MIX653,0,0.49479001963672875,1,0,sds_v1,medium,RECOVERED_negative,False,4.0,0.8,26.509999999999998,,21.75,0.0,21.75,0.2,0.0,0.0,__NA__,GR,False
EyeIrritation6pack_PID329,1,0.5087305580133583,1,1,ntp_measured,high,NONE,False,1.0,1.0,20.5,6.0,20.5,0.0,20.5,0.0,,0.0,__RARE__,__RARE__,False
MIX176,1,0.5087305580133583,1,1,sds_2nd,high,NONE,False,1.0,1.0,20.5,6.0,20.5,0.0,20.5,0.0,,0.0,__RARE__,__RARE__,False
EyeIrritation6pack_PID961,1,0.5119791003437064,1,1,ntp_measured,high,NONE,False,2.0,0.5,,,,0.0,,0.0,,,__NA__,SL,False
MIX21,1,0.519613674692242,1,1,sds_2nd,high,NONE,False,2.0,1.0,80.0,4.5,75.0,5.0,75.0,0.5,2.0,0.0,액상수화제,SC,False
MIX459,1,0.5202621094793098,1,1,sds_v1,high,NONE,False,5.0,0.4,0.08,,0.05,0.0,0.05,0.2,0.0,0.0,__NA__,SL,False
EyeIrritation6pack_PID813,1,0.5222865168395544,1,1,ntp_measured,high,NONE,False,3.0,0.3333333333333333,80.0,8.84,80.0,0.0,80.0,0.0,,0.0,__NA__,GR,False
MIX893,1,0.5250214056719178,1,1,sds_v1,high,NONE,False,0.0,0.0,0.0,,20.0,0.0,20.0,0.0,,0.0,__NA__,__NA__,False
EyeIrritation6pack_PID916,1,0.5289865118151835,1,1,ntp_measured,high,NONE,False,1.0,1.0,99.5,,99.5,0.0,99.5,1.0,0.0,0.0,__NA__,SL,False
MIX482,1,0.5289865118151835,1,1,sds_v1,high,NONE,False,1.0,1.0,99.5,,99.5,0.0,99.5,1.0,0.0,0.0,__NA__,SL,False
EyeIrritation6pack_PID779,1,0.5297804585963956,1,1,ntp_measured,high,NONE,False,1.0,1.0,0.51,6.0,0.51,0.0,0.51,1.0,0.0,0.0,Granular / Granules,GR,False
MIX289,1,0.5304910407621807,1,1,sds_2nd,high,NONE,False,1.0,0.5,2.0,,2.0,0.0,2.0,0.5,0.0,0.0,__NA__,SL,False
MIX147,1,0.5320578220484629,1,1,sds_v1,medium,SOURCE_CONFLICT,True,1.0,1.0,21.8,,21.8,0.0,21.8,0.0,,0.0,유제,EC,False
EyeIrritation6pack_PID124,1,0.5320963529718914,1,1,ntp_measured,medium,SOURCE_CONFLICT,True,6.0,0.3333333333333333,29.8,2.5,29.7,0.0,29.7,0.16666666666666666,0.0,0.0,액상수화제,SC,False
EyeIrritation6pack_PID80,1,0.5323529873740849,1,1,ntp_measured,medium,SOURCE_CONFLICT,True,7.0,0.2857142857142857,78.12,,75.0,0.0,75.0,0.0,,0.0,__NA__,WG,False
MIX46,1,0.5323529873740849,1,1,sds_v1,high,NONE,False,7.0,0.2857142857142857,78.12,,75.0,0.0,75.0,0.0,,0.0,__NA__,WG,False
EyeIrritation6pack_PID833,1,0.5325488411695463,1,1,ntp_measured,high,NONE,False,5.0,0.2,75.0,,75.0,0.0,75.0,0.0,,0.0,입상수화제,WG,False
EyeIrritation6pack_PID23,1,0.5330716868278735,1,1,ntp_measured,high,NONE,False,3.0,1.0,25.5,,18.2,0.0,18.2,0.0,,0.0,__NA__,__NA__,False
MIX508,1,0.5372715147062175,1,1,sds_v1,high,NONE,False,5.0,0.4,6.16,6.6,75.0,6.16,75.0,0.0,,0.0,__NA__,SL,False
EyeIrritation6pack_PID978,1,0.540349591732069,1,1,ntp_measured,medium,SOURCE_CONFLICT,True,7.0,1.0,51.699999999999996,6.56,48.9,0.0,48.9,0.14285714285714285,0.0,0.0,Seed Treatment,FS,False
EyeIrritation6pack_PID78,1,0.5404497545535608,1,1,ntp_measured,high,NONE,False,1.0,1.0,7.0,,7.0,0.0,7.0,1.0,0.0,0.0,__NA__,SL,False
EyeIrritation6pack_PID997,1,0.5416290103633221,1,1,ntp_measured,high,NONE,False,5.0,0.6,50.89,,44.88,0.0,44.88,0.2,0.0,0.0,__NA__,GR,False
EyeIrritation6pack_PID240,1,0.541933291567408,1,1,ntp_measured,high,NONE,False,2.0,0.5,2.7,7.8,97.3,0.0,97.3,0.0,,0.0,__NA__,GR,False
MIX347,1,0.5421609864882547,1,1,sds_v1,medium,SOURCE_CONFLICT,True,1.0,0.5,97.8,,97.8,0.0,97.8,0.0,,0.0,__NA__,SL,False
EyeIrritation6pack_PID269,1,0.5422216414785783,1,1,ntp_measured,high,NONE,False,1.0,1.0,1.0,,1.0,0.0,1.0,0.0,,0.0,__NA__,GR,False
MIX129,1,0.5422216414785783,1,1,sds_2nd,high,NONE,False,1.0,1.0,1.0,,1.0,0.0,1.0,0.0,,0.0,__NA__,GR,False
EyeIrritation6pack_PID241,1,0.5483887598645808,1,1,ntp_measured,high,NONE,False,3.0,0.3333333333333333,29.6,,29.6,0.0,29.6,0.0,,0.0,__NA__,EC,False
EyeIrritation6pack_PID301,1,0.5498184629619062,1,1,ntp_measured,medium,SOURCE_CONFLICT,True,2.0,1.0,11.7,,11.7,0.0,11.7,0.0,,0.0,__RARE__,GR,False
EyeIrritation6pack_PID1026,1,0.5528617142839931,1,1,ntp_measured,high,NONE,False,3.0,1.0,32.5,4.0,25.5,0.0,25.5,0.0,,0.0,유제,EC,False
EyeIrritation6pack_PID628,1,0.5535052964051836,1,1,ntp_measured,high,NONE,False,5.0,0.8,33.8,6.0,26.5,0.0,26.5,0.0,,0.0,__NA__,FS,False
MIX218,1,0.5589038710644367,1,1,sds_v1,medium,SOURCE_CONFLICT,True,1.0,1.0,,,,0.0,,0.0,,,__NA__,SL,False
MIX686,1,0.5589492287389948,1,1,sds_v1,high,NONE,False,1.0,0.5,0.25,6.07,3.065,0.0,3.065,0.0,,0.0,__NA__,GR,False
MIX890,1,0.5621262272780745,1,1,sds_2nd,high,NONE,False,5.0,0.8,16.0,,5.0,0.0,5.0,0.6,3.0,0.0,__NA__,__NA__,False
EyeIrritation6pack_PID439,1,0.56366411946545,1,1,ntp_measured,medium,SOURCE_CONFLICT,True,1.0,1.0,,,,0.0,,0.0,,,__NA__,SL,False
MIX622,1,0.5681275470727993,1,1,sds_v1,medium,SOURCE_CONFLICT,True,2.0,0.6666666666666666,48.0,4.9,24.0,0.0,24.0,0.6666666666666666,0.0,0.0,__NA__,FS,False
EyeIrritation6pack_PID951,1,0.5789158223107425,1,1,ntp_measured,high,NONE,False,2.0,0.5,,,,0.0,,0.0,,,__NA__,__NA__,False
EyeIrritation6pack_PID1024,1,0.581647534200167,1,1,ntp_measured,medium,SOURCE_CONFLICT,True,2.0,1.0,,5.33,,0.0,,0.0,,,종자처리수화제,FS,False
EyeIrritation6pack_PID669,1,0.5821388874114704,1,1,ntp_measured,medium,SOURCE_CONFLICT,True,3.0,1.0,75.0,,75.0,0.0,75.0,0.0,,0.0,__NA__,__NA__,False
MIX1041,1,0.5843286635360465,1,1,sds_v1,high,NONE,False,16.0,0.9375,74.0,,50.0,0.0,50.0,0.5,0.0,0.0,__NA__,__NA__,False
EyeIrritation6pack_PID799,1,0.5922277744443203,1,1,ntp_measured,high,NONE,False,2.0,1.0,53.5,,53.5,0.0,53.5,1.0,0.0,0.0,Concentrate,__NA__,False
EyeIrritation6pack_PID462,1,0.6007423080191808,1,1,ntp_measured,high,NONE,False,2.0,1.0,94.8,,94.8,0.0,94.8,0.0,,0.0,__NA__,SL,False
MIX156,1,0.6036953924663787,1,1,sds_v1,high,NONE,False,1.0,0.5,50.5,,50.5,0.0,50.5,0.0,,0.0,입상수화제,WG,False
EyeIrritation6pack_PID519,1,0.6266298839296431,1,1,ntp_measured,medium,SOURCE_CONFLICT,True,1.0,1.0,,,,0.0,,1.0,0.0,,__NA__,__NA__,False
MIX252,1,0.6266298839296431,1,1,sds_2nd,high,NONE,False,1.0,1.0,,,,0.0,,1.0,0.0,,__NA__,__NA__,False
EyeIrritation6pack_PID515,1,0.6358446887679187,1,1,ntp_measured,medium,SOURCE_CONFLICT,True,1.0,1.0,,2.5,,0.0,,1.0,0.0,,__NA__,GR,False
EyeIrritation6pack_PID982,1,0.6447513407863055,1,1,ntp_measured,high,NONE,False,1.0,1.0,,,,0.0,,1.0,0.0,,__NA__,__NA__,False
MIX248,1,0.6447513407863055,1,1,sds_v1,high,NONE,False,2.0,0.5,,,,0.0,,0.5,0.0,,__NA__,__NA__,False
EyeIrritation6pack_PID514,1,0.646084776035822,1,1,sds_v1,high,NONE,False,2.0,0.5,,,,0.0,,0.5,0.0,,__NA__,GR,False
EyeIrritation6pack_PID516,1,0.646084776035822,1,1,ntp_measured,medium,SOURCE_CONFLICT,True,2.0,0.5,,,,0.0,,0.5,0.0,,__NA__,GR,False
EyeIrritation6pack_PID267,1,0.7176346534314147,1,1,ntp_measured,high,NONE,False,1.0,1.0,100.0,,100.0,0.0,100.0,0.0,,0.0,__NA__,SL,False
EyeIrritation6pack_PID255,1,0.7253823859101086,1,1,ntp_measured,high,NONE,False,3.0,0.3333333333333333,4.0,,95.0,0.0,95.0,0.0,,0.0,__NA__,SL,False
MIX121,1,0.7253823859101086,1,1,sds_2nd,high,NONE,False,3.0,0.3333333333333333,4.0,,95.0,0.0,95.0,0.0,,0.0,__NA__,SL,False
MIX123,1,0.7606097053283276,1,1,sds_2nd,high,NONE,False,1.0,1.0,11.6,,11.6,0.0,11.6,0.0,,0.0,__RARE__,__NA__,False
EyeIrritation6pack_PID256,1,0.772732778692015,1,1,ntp_measured,high,NONE,False,1.0,1.0,11.6,,11.6,0.0,11.6,0.0,,0.0,__RARE__,__NA__,False
EyeIrritation6pack_PID147,0,0.07955751366999425,0,0,ntp_measured,high,NONE,False,1.0,1.0,0.07,,0.07,0.0,0.07,1.0,0.0,0.0,__NA__,GR,False
MIX32,0,0.15786964916822616,0,0,sds_2nd_sec11,high,NONE,False,1.0,1.0,0.01,,0.01,0.0,0.01,0.0,,0.0,Granular / Granules,RB,False
EyeIrritation6pack_PID102,0,0.16931997181706973,0,0,ntp_measured,high,NONE,False,1.0,1.0,0.73,,0.73,0.0,0.73,0.0,,0.0,Granular / Granules,RB,False
EyeIrritation6pack_PID538,0,0.18066575965264572,0,0,ntp_measured,high,NONE,False,2.0,0.5,0.05,,0.05,0.0,0.05,0.5,0.0,0.0,Aerosol / Fogger,AE,False
EyeIrritation6pack_PID512,0,0.18352257066959904,0,0,ntp_measured,high,NONE,False,1.0,1.0,,,,0.0,,0.0,,,__NA__,EC,False
EyeIrritation6pack_PID146,0,0.18534526749768368,0,0,ntp_measured,high,NONE,False,1.0,1.0,0.073,,0.073,0.0,0.073,1.0,0.0,0.0,__NA__,GR,False
EyeIrritation6pack_PID148,0,0.19210297332483067,0,0,ntp_measured,high,NONE,False,1.0,1.0,0.083,,0.083,0.0,0.083,1.0,0.0,0.0,__NA__,GR,False
MIX629,0,0.20138335620444967,0,0,sds_v1,medium,RECOVERED_negative,False,1.0,0.5,0.3,,0.3,0.0,0.3,0.5,0.0,0.0,__RARE__,__RARE__,False
EyeIrritation6pack_PID29,0,0.20859584754190835,0,0,ntp_measured,high,NONE,False,4.0,1.0,92.0,,92.0,0.0,92.0,0.0,,0.0,__NA__,EC,False
EyeIrritation6pack_PID28,0,0.21514151412810242,0,0,ntp_measured,high,NONE,False,4.0,1.0,92.0,,92.0,0.0,92.0,0.0,,0.0,__NA__,EC,False
MIX668,0,0.2319801607567007,0,0,sds_v1,medium,RECOVERED_negative,False,1.0,1.0,7.9,,7.9,0.0,7.9,1.0,0.0,0.0,__NA__,GR,False
MIX15,0,0.23579162327431197,0,0,sds_v1,medium,RECOVERED_negative,False,4.0,1.0,14.95,,13.0,0.0,13.0,0.25,0.0,0.0,__NA__,EC,False
MIX630,0,0.23839474550040446,0,0,sds_v1,medium,RECOVERED_negative,False,1.0,0.5,0.075,,0.075,0.0,0.075,0.0,,0.0,__RARE__,__RARE__,False
EyeIrritation6pack_PID508,0,0.2435718901793109,0,0,ntp_measured,medium,SOURCE_CONFLICT,True,2.0,0.5,98.0,5.0,98.0,0.0,98.0,0.5,0.0,0.0,__NA__,SC,False
EyeIrritation6pack_PID962,0,0.24554952833400492,0,0,ntp_measured,high,NONE,False,1.0,1.0,0.5,,0.5,0.0,0.5,1.0,0.0,0.0,__NA__,SC,False
EyeIrritation6pack_PID332,0,0.24782817270783233,0,0,ntp_measured,high,NONE,False,1.0,1.0,0.02,,0.02,0.0,0.02,0.0,,0.0,__RARE__,__NA__,False
EyeIrritation6pack_PID747,0,0.25489214464925586,0,0,ntp_measured,high,NONE,False,1.0,1.0,19.5,,19.5,0.0,19.5,1.0,0.0,0.0,액상수화제,SC,False
EyeIrritation6pack_PID376,0,0.25968179322780693,0,0,ntp_measured,high,NONE,False,3.0,0.6666666666666666,12.719999999999999,,0.0,0.0,85.0,0.6666666666666666,0.0,0.0,__NA__,GR,False
EyeIrritation6pack_PID149,0,0.26173510756308893,0,0,ntp_measured,high,NONE,False,1.0,1.0,7.9,,7.9,0.0,7.9,1.0,0.0,0.0,__RARE__,GR,False
EyeIrritation6pack_PID828,0,0.26407258970042174,0,0,ntp_measured,high,NONE,False,2.0,0.5,,,,0.0,,0.5,0.0,,__NA__,SC,False
EyeIrritation6pack_PID429,0,0.2663067217488221,0,0,ntp_measured,high,NONE,False,1.0,1.0,96.0,5.0,96.0,0.0,96.0,1.0,0.0,0.0,__NA__,__NA__,False
MIX690,0,0.2703408832964432,0,0,sds_2nd_sec11,high,NONE,False,1.0,0.5,95.0,5.0,95.0,0.0,95.0,0.5,0.0,0.0,__RARE__,__NA__,False
MIX183,0,0.27262656292038356,0,0,sds_2nd_sec11,high,NONE,False,3.0,0.6666666666666666,12.719999999999999,,0.0,0.0,85.0,0.6666666666666666,0.0,0.0,__NA__,__RARE__,False
MIX405,0,0.27883292519581027,0,0,sds_v1,medium,RECOVERED_negative,False,2.0,0.5,,,,0.0,,0.5,0.0,,__NA__,__NA__,False
EyeIrritation6pack_PID896,0,0.2911318368651393,0,0,ntp_measured,high,NONE,False,1.0,1.0,,,,0.0,,0.0,,,__NA__,__NA__,False
MIX453,0,0.2974842394099356,0,0,sds_2nd_sec11,high,NONE,False,1.0,1.0,,,,0.0,,0.0,,,__RARE__,__NA__,False
MIX474,0,0.3014104138960102,0,0,sds_2nd_sec11,high,NONE,False,1.0,1.0,1.0,,1.0,0.0,1.0,0.0,,0.0,Granular / Granules,GR,False
MIX670,0,0.3153467990692203,0,0,sds_v1,low,FLIP_pos_to_neg,True,1.0,1.0,,,,0.0,,1.0,0.0,,__NA__,GR,False
MIX751,0,0.31569701792086197,0,0,phase1_sds,high,NONE,False,0.0,0.0,,3.9,,0.0,,0.0,,,액상수화제,SC,False
EyeIrritation6pack_PID445,0,0.31882319130014003,0,0,ntp_measured,high,NONE,False,1.0,1.0,98.0,,98.0,0.0,98.0,0.0,,0.0,__NA__,__NA__,False
EyeIrritation6pack_PID458,0,0.32511462576704125,0,0,ntp_measured,high,NONE,False,1.0,1.0,98.6,6.6,98.6,0.0,98.6,0.0,,0.0,__NA__,__NA__,False
EyeIrritation6pack_PID150,0,0.32940460792692,0,0,ntp_measured,high,NONE,False,1.0,1.0,0.2,6.68,0.2,0.0,0.2,1.0,0.0,0.0,Granular / Granules,GR,False
MIX221,0,0.3350582093939494,0,0,sds_2nd,high,NONE,False,3.0,0.3333333333333333,20.4,6.66,79.6,0.0,79.6,0.3333333333333333,0.0,0.0,__NA__,SC,False
EyeIrritation6pack_PID719,0,0.34460940075714624,0,0,ntp_measured,high,NONE,False,1.0,1.0,,,,0.0,,1.0,0.0,,__RARE__,RB,False
EyeIrritation6pack_PID275,0,0.34498031424079123,0,0,ntp_measured,high,NONE,False,2.0,1.0,8.6,,6.6,0.0,6.6,1.0,0.0,0.0,액상수화제,SC,False
MIX55,0,0.3450805000285483,0,0,phase1_sds,high,NONE,False,1.0,0.5,70.0,,70.0,0.0,70.0,0.5,0.0,0.0,__NA__,SC,False
MIX166,0,0.3472715505183143,0,0,sds_2nd_sec11,high,NONE,False,3.0,0.3333333333333333,5.0,5.0,95.0,0.0,95.0,0.3333333333333333,0.0,0.0,__NA__,SL,False
EyeIrritation6pack_PID511,0,0.347314230647879,0,0,ntp_measured,high,NONE,False,2.0,0.5,,,,0.0,,0.0,,,__NA__,__NA__,False
EyeIrritation6pack_PID876,0,0.34760675679636444,0,0,ntp_measured,high,NONE,False,1.0,0.5,0.025,,0.025,0.0,0.025,0.5,0.0,0.0,__NA__,SL,False
EyeIrritation6pack_PID126,0,0.34979417402401836,0,0,ntp_measured,high,NONE,False,2.0,1.0,21.26,,21.26,0.0,21.26,0.0,,0.0,__NA__,SC,False
EyeIrritation6pack_PID358,0,0.35252220227751024,0,0,ntp_measured,high,NONE,False,3.0,0.3333333333333333,20.4,6.66,0.0,0.0,79.6,0.3333333333333333,0.0,0.0,__NA__,SC,False
MIX868,0,0.3579614837012371,0,0,sds_v1,medium,RECOVERED_negative,False,1.0,1.0,12.0,,0.0,0.0,12.0,1.0,0.0,0.0,__NA__,__NA__,False
MIX13,0,0.35884299674221853,0,0,sds_v1,medium,RECOVERED_negative,False,4.0,1.0,,,,0.0,,0.25,0.0,,__NA__,EC,False
EyeIrritation6pack_PID300,0,0.36031405754456747,0,0,ntp_measured,high,NONE,False,2.0,0.5,,,,0.0,,0.0,,,__NA__,RB,False
MIX141,0,0.36031405754456747,0,0,sds_2nd_sec11,high,NONE,False,2.0,0.5,,,,0.0,,0.0,,,__NA__,RB,False
MIX1056,0,0.3617360220157694,0,0,phase1_sds,high,NONE,False,1.0,1.0,,,,0.0,,1.0,0.0,,__NA__,SL,False
EyeIrritation6pack_PID361,0,0.36248704081596006,0,0,ntp_measured,high,NONE,False,3.0,0.3333333333333333,5.0,5.0,0.0,0.0,95.0,0.3333333333333333,0.0,0.0,__NA__,SL,False
MIX245,0,0.3629985758146913,0,0,sds_v1,medium,RECOVERED_negative,False,2.0,0.5,,,,0.0,,0.0,,,__NA__,EC,False
EyeIrritation6pack_PID457,0,0.36471528977373235,0,0,ntp_measured,high,NONE,False,2.0,0.5,98.8,6.5,98.8,0.0,98.8,0.0,,0.0,__NA__,__NA__,False
MIX589,0,0.3670826082975711,0,0,sds_v1,medium,RECOVERED_negative,False,1.0,0.5,97.4,4.0,97.4,0.0,97.4,0.0,,0.0,__NA__,SL,False
MIX637,0,0.37033129480680227,0,0,sds_2nd,high,NONE,False,1.0,1.0,20.4,6.66,20.4,0.0,20.4,1.0,0.0,0.0,__NA__,SC,False
EyeIrritation6pack_PID877,0,0.370606597995882,0,0,ntp_measured,high,NONE,False,2.0,0.6666666666666666,0.025,,0.02,0.0,0.02,0.3333333333333333,0.0,0.0,__NA__,RB,False
EyeIrritation6pack_PID650,0,0.3712724084471365,0,0,ntp_measured,high,NONE,False,1.0,1.0,,,,0.0,,0.0,,,__NA__,GR,False
EyeIrritation6pack_PID1022,0,0.37612510610141414,0,0,ntp_measured,high,NONE,False,1.0,1.0,2.0,,2.0,0.0,2.0,1.0,0.0,0.0,__NA__,__NA__,False
MIX949,0,0.3815701051977226,0,0,sds_2nd_sec11,high,NONE,False,0.0,0.0,0.0,,100.0,0.0,100.0,0.0,,0.0,__NA__,__NA__,False
MIX372,0,0.3840224321835605,0,0,sds_2nd_sec11,high,NONE,False,1.0,1.0,,,,0.0,,0.0,,,__NA__,__NA__,False
MIX286,0,0.3887966195050434,0,0,sds_2nd_sec11,high,NONE,False,2.0,0.5,29.74,4.0,70.26,0.0,70.26,0.0,,0.0,__NA__,SL,False
EyeIrritation6pack_PID443,0,0.3891148909193783,0,0,ntp_measured,high,NONE,False,3.0,0.6666666666666666,4.29,,4.29,0.0,4.29,0.3333333333333333,0.0,0.0,액상수화제,SC,False
MIX222,0,0.3891148909193783,0,0,sds_v1,medium,RECOVERED_negative,False,3.0,0.6666666666666666,4.29,,4.29,0.0,4.29,0.3333333333333333,0.0,0.0,액상수화제,SC,False
EyeIrritation6pack_PID689,0,0.3904964889210093,0,0,ntp_measured,high,NONE,False,1.0,1.0,,,,0.0,,1.0,0.0,,입상수화제,WG,False
EyeIrritation6pack_PID827,0,0.3911380715496568,0,0,ntp_measured,medium,SOURCE_CONFLICT,True,3.0,1.0,21.4,3.66,21.4,0.0,21.4,0.3333333333333333,0.0,0.0,__NA__,SC,False
MIX516,0,0.3915839680575076,0,0,sds_2nd_sec11,high,NONE,False,1.0,1.0,98.0,,98.0,0.0,98.0,0.0,,0.0,__RARE__,__NA__,False
EyeIrritation6pack_PID573,0,0.39222479061739,0,0,ntp_measured,high,NONE,False,2.0,0.5,70.0,4.0,70.0,0.0,70.0,0.0,,0.0,__NA__,SL,False
MIX894,0,0.3931449676353247,0,0,sds_2nd,high,NONE,False,0.0,0.0,0.0,,100.0,0.0,100.0,0.0,,0.0,__NA__,GR,False
MIX1010,0,0.39317845726191236,0,0,sds_v1,medium,RECOVERED_negative,False,1.0,1.0,90.0,,0.0,0.0,90.0,1.0,0.0,0.0,__NA__,__NA__,False
MIX192,0,0.39722548768053784,0,0,sds_2nd_sec11,high,NONE,False,2.0,1.0,97.9,,97.9,0.0,97.9,0.5,0.0,0.0,__NA__,SL,False
EyeIrritation6pack_PID103,0,0.4011355148767648,0,0,ntp_measured,high,NONE,False,9.0,1.0,24.759999999999998,6.6,11.7,0.0,11.7,0.2222222222222222,0.0,0.0,__NA__,FS,False
MIX33,0,0.4028054871093604,0,0,sds_2nd_sec11,high,NONE,False,9.0,1.0,100.0,6.6,75.01,0.0,75.01,0.2222222222222222,0.0,0.0,__NA__,FS,False
MIX965,0,0.4031577729726349,0,0,phase1_sds,high,NONE,False,0.0,0.0,0.0,,100.0,0.0,100.0,0.0,,0.0,__NA__,__NA__,False
MIX592,0,0.4032926191126142,0,0,sds_2nd_sec11,high,NONE,False,1.0,0.5,70.0,4.0,70.0,0.0,70.0,0.0,,0.0,__NA__,SL,False
MIX880,0,0.40473925143746986,0,0,sds_2nd,medium,SOURCE_CONFLICT,True,1.0,0.0,0.0,,100.0,0.0,100.0,0.0,,0.0,__NA__,EC,False
MIX945,0,0.4065806595020144,0,0,sds_2nd,medium,SOURCE_CONFLICT,True,1.0,0.0,0.0,,100.0,0.0,100.0,0.0,,0.0,__NA__,__NA__,False
MIX36,0,0.4074333781850309,0,0,sds_2nd_sec11,high,NONE,False,2.0,0.5,5.05,5.0,5.05,0.0,5.05,0.0,,0.0,__NA__,EC,False
EyeIrritation6pack_PID794,0,0.40750122999726546,0,0,ntp_measured,high,NONE,False,1.0,1.0,,,,0.0,,0.0,,,__NA__,__NA__,False
EyeIrritation6pack_PID127,0,0.4085107160511308,0,0,ntp_measured,high,NONE,False,3.0,0.6666666666666666,42.91,,49.0,0.0,49.0,0.0,,0.0,__RARE__,SC,False
MIX843,0,0.40960646223631764,0,0,sds_2nd_sec11,high,NONE,False,0.0,0.0,,,,0.0,,0.0,,,입상수화제,WG,False
EyeIrritation6pack_PID444,0,0.4109193927909859,0,0,ntp_measured,high,NONE,False,1.0,1.0,42.4,,42.4,0.0,42.4,0.0,,0.0,액상수화제,SC,False
MIX226,0,0.41172141429819675,0,0,sds_2nd_sec11,high,NONE,False,1.0,1.0,50.0,,50.0,0.0,50.0,0.0,,0.0,액상수화제,SC,False
MIX640,0,0.41336976451214247,0,0,sds_2nd_sec11,high,NONE,False,3.0,0.75,0.040999999999999995,,99.959,0.0,99.959,0.25,0.0,0.0,__NA__,SC,False
MIX272,0,0.414609607770754,0,0,sds_2nd_sec11,high,NONE,False,6.0,0.5,0.040999999999999995,,99.959,0.0,99.959,0.16666666666666666,0.0,0.0,__NA__,SC,False
MIX595,0,0.41467724464842803,0,0,sds_v1,medium,RECOVERED_negative,False,2.0,0.6666666666666666,47.099999999999994,6.0,26.9,0.0,26.9,0.3333333333333333,0.0,0.0,__NA__,GR,False
MIX809,0,0.4165668714727085,0,0,sds_v1,medium,RECOVERED_negative,False,0.0,0.0,0.0,,100.0,0.0,100.0,0.0,,0.0,__NA__,__NA__,False
MIX871,0,0.42212146465836203,0,0,sds_2nd,high,NONE,False,1.0,0.0,0.0,,100.0,0.0,100.0,0.0,,0.0,__NA__,__NA__,False
MIX903,0,0.42220447145998524,0,0,phase1_sds,high,NONE,False,0.0,0.0,0.0,,100.0,0.0,100.0,0.0,,0.0,__NA__,__NA__,False
EyeIrritation6pack_PID660,0,0.42437432307065376,0,0,ntp_measured,high,NONE,False,3.0,1.0,36.5,5.3,0.0,27.5,27.5,0.0,,0.0,__NA__,GR,False
MIX967,0,0.42656119086428773,0,0,phase1_sds,high,NONE,False,0.0,0.0,0.0,,100.0,0.0,100.0,0.0,,0.0,__NA__,__NA__,False
MIX942,0,0.42739478829320426,0,0,sds_v1,medium,RECOVERED_negative,False,0.0,0.0,0.0,,100.0,0.0,100.0,0.0,,0.0,__NA__,__NA__,False
EyeIrritation6pack_PID657,0,0.42768137423888036,0,0,ntp_measured,high,NONE,False,8.0,0.625,6.0,,5.0,0.0,5.0,0.25,0.0,0.0,Concentrate,GR,False
MIX998,0,0.4290875024093782,0,0,sds_2nd,high,NONE,False,0.0,0.0,0.0,2.0,100.0,0.0,100.0,0.0,,0.0,__NA__,__NA__,False
MIX876,0,0.43093117110986673,0,0,sds_2nd,medium,SOURCE_CONFLICT,True,0.0,0.0,0.0,,100.0,0.0,100.0,0.0,,0.0,__NA__,EC,False
EyeIrritation6pack_PID549,0,0.43149151270315267,0,0,ntp_measured,high,NONE,False,6.0,0.5,0.040999999999999995,,0.0,0.0,60.5,0.16666666666666666,0.0,0.0,__NA__,SC,False
MIX944,0,0.431556426076167,0,0,sds_v1,medium,RECOVERED_negative,False,1.0,0.0,0.0,,100.0,0.0,100.0,0.0,,0.0,__NA__,__NA__,False
EyeIrritation6pack_PID24,0,0.43212554741950704,0,0,ntp_measured,high,NONE,False,3.0,0.6666666666666666,33.5,3.92,27.5,0.0,27.5,0.0,,0.0,__NA__,EC,False
MIX12,0,0.43212554741950704,0,0,sds_2nd_sec11,high,NONE,False,3.0,0.6666666666666666,33.5,3.92,27.5,0.0,27.5,0.0,,0.0,__NA__,EC,False
EyeIrritation6pack_PID55,0,0.4369198304909109,0,0,ntp_measured,high,NONE,False,1.0,1.0,,,,0.0,,0.0,,,__NA__,__NA__,False
MIX925,0,0.43693408235468023,0,0,sds_2nd,high,NONE,False,0.0,0.0,0.0,4.0,100.0,0.0,100.0,0.0,,0.0,__NA__,__NA__,False
EyeIrritation6pack_PID42,0,0.4375548465067605,0,0,ntp_measured,high,NONE,False,2.0,0.5,96.8,,96.8,0.0,96.8,0.0,,0.0,__NA__,SL,False
MIX859,0,0.4391580952564699,0,0,phase1_sds,high,NONE,False,2.0,0.0,0.0,,100.0,0.0,100.0,0.0,,0.0,__NA__,__NA__,False
MIX861,0,0.4397938953304056,0,0,sds_2nd,high,NONE,False,0.0,0.0,0.0,,100.0,0.0,100.0,0.0,,0.0,__NA__,__NA__,False
MIX924,0,0.44139494505155275,0,0,sds_2nd,high,NONE,False,0.0,0.0,0.0,,100.0,0.0,100.0,0.0,,0.0,__NA__,__NA__,False
EyeIrritation6pack_PID746,0,0.4434543790204846,0,0,ntp_measured,high,NONE,False,1.0,1.0,,,,0.0,,1.0,0.0,,__NA__,SL,False
EyeIrritation6pack_PID559,0,0.44525855079343657,0,0,ntp_measured,high,NONE,False,1.0,1.0,,,,0.0,,0.0,,,__NA__,SC,False
MIX952,0,0.44922766240212636,0,0,sds_2nd_sec11,high,NONE,False,0.0,0.0,0.0,,100.0,0.0,100.0,0.0,,0.0,__NA__,__NA__,False
EyeIrritation6pack_PID656,0,0.45383343334661613,0,0,ntp_measured,high,NONE,False,5.0,0.8,0.1,,0.1,0.0,0.1,0.2,0.0,0.0,__NA__,GR,False
MIX885,0,0.4547628555643047,0,0,phase1_sds,high,NONE,False,0.0,0.0,0.0,,100.0,0.0,100.0,0.0,,0.0,__NA__,__NA__,False
MIX913,0,0.45798902541357445,0,0,sds_v1,medium,RECOVERED_negative,False,0.0,0.0,0.0,,100.0,0.0,100.0,0.0,,0.0,__NA__,__NA__,False
EyeIrritation6pack_PID655,1,0.5212899351078846,0,1,ntp_measured,high,NONE,False,9.0,0.8888888888888888,0.064,,0.03,0.009000000000000001,0.03,0.1111111111111111,0.0,0.0,__NA__,GR,False
MIX102,1,0.524482250621752,0,1,sds_v1,high,NONE,False,2.0,1.0,98.0,6.0,98.0,0.0,98.0,0.0,,0.0,__NA__,SC,False
EyeIrritation6pack_PID936,1,0.5249441040748498,0,1,ntp_measured,medium,SOURCE_CONFLICT,True,5.0,0.4,0.08,,30.0,0.0,30.0,0.2,0.0,0.0,__NA__,SL,False
EyeIrritation6pack_PID231,1,0.528538839935789,0,1,ntp_measured,high,NONE,False,1.0,1.0,82.5,,82.5,0.0,82.5,0.0,,0.0,__NA__,SC,False
MIX677,1,0.528538839935789,0,1,sds_2nd,high,NONE,False,1.0,1.0,82.5,,82.5,0.0,82.5,0.0,,0.0,__NA__,SC,False
EyeIrritation6pack_PID345,1,0.5389924933394041,0,1,ntp_measured,high,NONE,False,6.0,0.6666666666666666,42.145,6.0,56.81,0.0,56.81,0.0,,0.0,액상수화제,SC,False
MIX1021,1,0.5391244752212068,0,1,sds_v1,high,NONE,False,0.0,0.0,,,,0.0,,0.0,,,__NA__,EC,False
MIX682,1,0.5397422525355765,0,1,sds_v1,high,NONE,False,1.0,0.5,50.0,4.0,50.0,0.0,50.0,0.0,,0.0,__RARE__,SC,False
EyeIrritation6pack_PID118,1,0.5475016278137482,0,1,ntp_measured,medium,SOURCE_CONFLICT,True,6.0,1.0,98.0,,98.0,0.0,98.0,0.0,,0.0,__NA__,SC,False
MIX54,1,0.5475016278137482,0,1,sds_v1,high,NONE,False,6.0,1.0,98.0,,98.0,0.0,98.0,0.0,,0.0,__NA__,SC,False
EyeIrritation6pack_PID837,1,0.5490558271038457,0,1,ntp_measured,high,NONE,False,2.0,1.0,57.6,,57.6,0.0,57.6,0.0,,0.0,__NA__,WG,False
EyeIrritation6pack_PID498,1,0.5497118442741751,0,1,ntp_measured,high,NONE,False,15.0,0.0,0.0,,0.0,0.0,2.0,0.0,,0.0,입상수화제,WG,False
EyeIrritation6pack_PID437,1,0.5497208206948764,0,1,ntp_measured,high,NONE,False,4.0,0.75,1.2200000000000002,,1.06,0.0,1.06,0.5,0.0,0.0,__NA__,SL,False
MIX1028,1,0.5500385069488886,0,1,sds_v1,high,NONE,False,0.0,0.0,,,,0.0,,0.0,,,__NA__,__NA__,False
EyeIrritation6pack_PID214,1,0.5517700959415769,0,1,ntp_measured,high,NONE,False,5.0,1.0,19.8,,7.6,0.0,7.6,0.6,0.0,0.0,__NA__,GR,False
MIX938,1,0.5525279143824037,0,1,sds_v1,high,NONE,False,0.0,0.0,,,,0.0,,0.0,,,__NA__,__NA__,False
EyeIrritation6pack_PID893,1,0.5526472690991165,0,1,ntp_measured,high,NONE,False,4.0,1.0,12.6,,5.6,0.0,5.6,0.0,,0.0,__NA__,__RARE__,False
MIX1036,1,0.5550520068025134,0,1,sds_2nd,high,NONE,False,0.0,0.0,,,,0.0,,0.0,,,__NA__,__NA__,False
EyeIrritation6pack_PID919,1,0.5552469772465524,0,1,ntp_measured,high,NONE,False,4.0,0.5,25.0,,22.0,0.0,22.0,0.5,0.0,0.0,__NA__,SL,False
MIX934,1,0.5564245622075914,0,1,sds_v1,high,NONE,False,0.0,0.0,0.0,,3.0,0.0,3.0,0.0,,0.0,__NA__,__NA__,False
MIX892,1,0.5589663682818296,0,1,sds_v1,high,NONE,False,0.0,0.0,,,,0.0,,0.0,,,__NA__,__NA__,False
EyeIrritation6pack_PID119,1,0.5601573728955611,0,1,ntp_measured,high,NONE,False,2.0,1.0,70.0,,70.0,0.0,70.0,0.5,0.0,0.0,__NA__,WG,False
EyeIrritation6pack_PID988,1,0.5626032794497197,0,1,ntp_measured,high,NONE,False,4.0,0.25,11.6,6.5,11.6,0.0,11.6,0.0,,0.0,__NA__,GR,False
EyeIrritation6pack_PID316,1,0.5644785928260339,0,1,ntp_measured,high,NONE,False,1.0,1.0,,,,0.0,,0.0,,,__NA__,SL,False
MIX674,1,0.5649581735939277,0,1,sds_v1,high,NONE,False,1.0,0.5,38.5,7.5,38.5,0.0,38.5,0.0,,0.0,__NA__,SC,False
MIX1037,1,0.5659506560494305,0,1,sds_2nd,high,NONE,False,1.0,0.0,,,,0.0,,0.0,,,__NA__,__NA__,False
EyeIrritation6pack_PID726,1,0.5664958644130549,0,1,ntp_measured,high,NONE,False,2.0,0.6666666666666666,42.5,,40.0,0.0,40.0,0.3333333333333333,0.0,0.0,__NA__,SL,False
EyeIrritation6pack_PID934,1,0.5679150404221124,0,1,ntp_measured,high,NONE,False,3.0,1.0,4.2,,0.0,4.0,4.0,0.3333333333333333,0.0,0.0,__NA__,SL,False
EyeIrritation6pack_PID4,1,0.569535619216329,0,1,ntp_measured,high,NONE,False,7.0,0.14285714285714285,0.19,3.05,25.0,0.0,25.0,0.0,,0.0,__NA__,GR,False
EyeIrritation6pack_PID1059,1,0.5718047951629195,0,1,ntp_measured,high,NONE,False,3.0,1.0,5.8999999999999995,4.0,5.6,0.0,5.6,0.3333333333333333,0.0,0.0,__NA__,GR,False
MIX955,1,0.5722137000958039,0,1,sds_v1,high,NONE,False,2.0,0.0,0.0,,75.0,0.0,75.0,0.0,,0.0,__NA__,__NA__,False
EyeIrritation6pack_PID571,1,0.5730470817052218,0,1,ntp_measured,high,NONE,False,3.0,1.0,33.355000000000004,5.29,14.495000000000001,0.0,14.495000000000001,0.3333333333333333,0.0,0.0,__NA__,SL,False
MIX282,1,0.5730470817052218,0,1,sds_2nd_sec11,high,NONE,False,3.0,1.0,33.355000000000004,5.29,14.495000000000001,0.0,14.495000000000001,0.3333333333333333,0.0,0.0,__NA__,SL,False
EyeIrritation6pack_PID396,1,0.5735105048916594,0,1,ntp_measured,high,NONE,False,3.0,1.0,23.3,,23.3,0.0,23.3,0.6666666666666666,0.0,0.0,__NA__,SL,False
EyeIrritation6pack_PID347,1,0.5736465830260566,0,1,ntp_measured,high,NONE,False,3.0,0.3333333333333333,,5.3,,0.0,,0.3333333333333333,0.0,,__NA__,WG,False
MIX1007,1,0.5737693912530718,0,1,sds_2nd_sec11,high,NONE,False,2.0,0.0,,,,0.0,,0.0,,,__NA__,__NA__,False
MIX1005,1,0.574191193484145,0,1,sds_2nd,high,NONE,False,0.0,0.0,,,,0.0,,0.0,,,__NA__,__NA__,False
EyeIrritation6pack_PID321,1,0.5743450526835792,0,1,ntp_measured,high,NONE,False,1.0,1.0,99.0,,99.0,0.0,99.0,1.0,0.0,0.0,__NA__,__RARE__,False
EyeIrritation6pack_PID59,1,0.5747815252637356,0,1,ntp_measured,high,NONE,False,2.0,1.0,1.1,5.5,1.0,0.0,1.0,0.5,0.0,0.0,__NA__,RB,False
MIX1013,1,0.5749942070806463,0,1,phase1_sds,high,NONE,False,1.0,0.0,,,,0.0,,0.0,,,__NA__,__NA__,False
EyeIrritation6pack_PID629,1,0.5756692889589858,0,1,ntp_measured,high,NONE,False,4.0,0.75,96.5,,96.5,0.0,96.5,0.25,0.0,0.0,__NA__,SL,False
EyeIrritation6pack_PID277,1,0.5769909003643956,0,1,ntp_measured,medium,SOURCE_CONFLICT,True,3.0,1.0,54.0,6.5,54.0,0.0,54.0,0.0,,0.0,__NA__,GR,False
MIX1022,1,0.5797743958629157,0,1,sds_v1,high,NONE,False,0.0,0.0,,,,0.0,,0.0,,,__NA__,__NA__,False
EyeIrritation6pack_PID968,1,0.5800897230957859,0,1,ntp_measured,high,NONE,False,4.0,1.0,0.155,,0.155,0.0,0.155,0.5,0.0,0.0,Granular / Granules,EC,False
EyeIrritation6pack_PID1016,1,0.5802219117389112,0,1,ntp_measured,high,NONE,False,1.0,0.5,34.34,6.9,34.34,0.0,34.34,0.0,,0.0,__NA__,SL,False
EyeIrritation6pack_PID226,1,0.583274619110324,0,1,ntp_measured,high,NONE,False,5.0,1.0,0.8250000000000001,,0.5925,0.0,0.5925,0.6,0.0,0.0,Granular / Granules,SL,False
MIX1075,1,0.5849537960712512,0,1,sds_v1,high,NONE,False,0.0,0.0,,,,0.0,,0.0,,,__NA__,__NA__,False
EyeIrritation6pack_PID710,1,0.5865350449487898,0,1,ntp_measured,high,NONE,False,4.0,0.75,1.4400000000000002,7.8,0.0,0.0,50.0,0.75,0.0,0.0,Aerosol / Fogger,AE,False
EyeIrritation6pack_PID476,1,0.5874188939936621,0,1,ntp_measured,high,NONE,False,7.0,1.0,26.32,,22.6,0.0,22.6,0.14285714285714285,0.0,0.0,__NA__,SL,False
EyeIrritation6pack_PID722,1,0.5878223002787164,0,1,ntp_measured,medium,SOURCE_CONFLICT,True,6.0,0.6666666666666666,30.0,,30.0,0.0,30.0,0.0,,0.0,__NA__,SL,False
EyeIrritation6pack_PID797,1,0.5890668706557531,0,1,ntp_measured,high,NONE,False,5.0,0.8,50.3,,28.7,0.0,28.7,0.0,,0.0,__NA__,SC,False
MIX399,1,0.592479968661509,0,1,sds_v1,high,NONE,False,5.0,1.0,24.220000000000002,,22.3,0.0,22.3,0.2,0.0,0.0,종자처리수화제,FS,False
EyeIrritation6pack_PID618,1,0.592683448172839,0,1,ntp_measured,medium,SOURCE_CONFLICT,True,22.0,0.045454545454545456,98.5,,98.5,0.0,98.5,0.0,,0.0,__NA__,__NA__,False
EyeIrritation6pack_PID354,1,0.5930844177479502,0,1,ntp_measured,high,NONE,False,2.0,1.0,62.5,,50.0,0.0,50.0,0.5,0.0,0.0,__NA__,WG,False
EyeIrritation6pack_PID464,1,0.5935794099315149,0,1,ntp_measured,high,NONE,False,4.0,0.5,98.3,,98.3,0.0,98.3,0.0,,0.0,__NA__,__NA__,False
EyeIrritation6pack_PID217,1,0.5939542042848516,0,1,ntp_measured,high,NONE,False,3.0,0.6666666666666666,75.0,5.0,75.0,0.0,75.0,0.3333333333333333,0.0,0.0,__NA__,EC,False
EyeIrritation6pack_PID31,1,0.5944456080092926,0,1,ntp_measured,high,NONE,False,1.0,1.0,100.0,,100.0,0.0,100.0,0.0,,0.0,__NA__,EC,False
MIX790,1,0.5948596475174811,0,1,sds_v1,high,NONE,False,3.0,0.75,,,,0.0,,0.25,0.0,,__NA__,SL,False
MIX70,1,0.5950797499758863,0,1,sds_v1,high,NONE,False,3.0,1.0,5.96,3.0,5.96,0.0,5.96,0.0,,0.0,__NA__,GR,False
MIX422,1,0.595644625518455,0,1,sds_2nd,high,NONE,False,3.0,1.0,22.0,5.0,20.0,1.0,20.0,0.3333333333333333,0.0,0.0,__NA__,__NA__,False
EyeIrritation6pack_PID953,1,0.5957204553410504,0,1,ntp_measured,high,NONE,False,1.0,1.0,16.0,6.8,16.0,0.0,16.0,0.0,,0.0,__NA__,SC,False
EyeIrritation6pack_PID293,1,0.5965121126226915,0,1,ntp_measured,medium,SOURCE_CONFLICT,True,1.0,1.0,,,,0.0,,0.0,,,__NA__,SL,False
MIX606,1,0.5967885091681367,0,1,sds_v1,high,NONE,False,2.0,1.0,,,,0.0,,1.0,0.0,,__RARE__,GR,False
EyeIrritation6pack_PID18,1,0.5968010607063765,0,1,ntp_measured,high,NONE,False,2.0,1.0,40.0,,20.0,0.0,20.0,0.0,,0.0,__NA__,__NA__,False
MIX1076,1,0.5978002908077598,0,1,sds_2nd,high,NONE,False,1.0,0.0,0.0,,0.4,0.0,0.4,0.0,,0.0,__RARE__,__NA__,False
EyeIrritation6pack_PID228,1,0.5979570152091926,0,1,ntp_measured,high,NONE,False,4.0,1.0,75.0,,75.0,0.0,75.0,0.25,0.0,0.0,__NA__,WG,False
EyeIrritation6pack_PID306,1,0.598192265843102,0,1,ntp_measured,high,NONE,False,5.0,0.6,53.0,,47.0,0.0,47.0,0.0,,0.0,__NA__,SL,False
MIX860,1,0.5982412286130894,0,1,sds_v1,high,NONE,False,1.0,1.0,3.0004999999999997,,3.0004999999999997,0.0,3.0004999999999997,1.0,0.0,0.0,__NA__,__NA__,False
EyeIrritation6pack_PID996,1,0.5988255893096875,0,1,ntp_measured,high,NONE,False,3.0,1.0,96.0,,96.0,0.0,96.0,0.6666666666666666,0.0,0.0,__NA__,SL,False
MIX506,1,0.5988255893096875,0,1,sds_2nd,high,NONE,False,3.0,1.0,96.0,,96.0,0.0,96.0,0.6666666666666666,0.0,0.0,__NA__,SL,False
EyeIrritation6pack_PID413,1,0.5989429803673361,0,1,ntp_measured,high,NONE,False,7.0,0.7142857142857143,22.81,6.7,0.0,0.0,57.4,0.0,,0.0,유제,EC,False
MIX198,1,0.5989429803673361,0,1,sds_2nd,high,NONE,False,7.0,0.7142857142857143,22.81,6.7,0.0,0.0,57.4,0.0,,0.0,유제,EC,False
MIX676,1,0.5991286252138381,0,1,sds_2nd,high,NONE,False,1.0,1.0,82.5,8.8,82.5,0.0,82.5,0.0,,0.0,__NA__,SC,False
EyeIrritation6pack_PID125,1,0.5995703621580255,0,1,ntp_measured,high,NONE,False,3.0,1.0,5.96,3.0,5.96,0.0,5.96,0.0,,0.0,__NA__,WG,False
MIX1077,1,0.6000615718829463,0,1,sds_2nd,high,NONE,False,0.0,0.0,,,,0.0,,0.0,,,__NA__,__NA__,False
MIX488,1,0.6010440352473816,0,1,sds_v1,medium,SOURCE_CONFLICT,True,3.0,0.75,51.8,6.56,49.0,0.0,49.0,0.0,,0.0,Seed Treatment,FS,False
EyeIrritation6pack_PID1032,1,0.6012480834717053,0,1,ntp_measured,medium,SOURCE_CONFLICT,True,2.0,1.0,10.0,,10.0,0.0,10.0,0.5,0.0,0.0,__NA__,SL,False
MIX930,1,0.6013998711307034,0,1,sds_v1,medium,SOURCE_CONFLICT,True,0.0,0.0,,,,0.0,,0.0,,,__NA__,__NA__,False
MIX309,1,0.6034352641449757,0,1,sds_2nd,high,NONE,False,1.0,0.5,9.5,,0.0,0.0,90.5,0.0,,0.0,__NA__,GR,False
EyeIrritation6pack_PID593,1,0.604549844055072,0,1,ntp_measured,high,NONE,False,5.0,1.0,8.4191,8.0,8.0,0.0,8.0,0.4,0.0,0.0,__NA__,SC,False
EyeIrritation6pack_PID506,1,0.6048914065201569,0,1,ntp_measured,medium,SOURCE_CONFLICT,True,5.0,1.0,,8.16,,0.0,,0.0,,,__NA__,GR,False
EyeIrritation6pack_PID175,1,0.6057727572009669,0,1,ntp_measured,high,NONE,False,1.0,0.5,49.35,,49.35,0.0,49.35,0.5,0.0,0.0,__RARE__,__RARE__,False
EyeIrritation6pack_PID971,1,0.6059726647141052,0,1,ntp_measured,high,NONE,False,4.0,1.0,0.17300000000000001,,0.115,0.0,0.115,0.5,0.0,0.0,__RARE__,GR,False
EyeIrritation6pack_PID553,1,0.6063979879931021,0,1,ntp_measured,medium,SOURCE_CONFLICT,True,5.0,1.0,55.51,,42.5,0.0,42.5,0.0,,0.0,__NA__,SL,False
MIX275,1,0.6063979879931021,0,1,sds_v1,high,NONE,False,5.0,1.0,55.51,,42.5,0.0,42.5,0.0,,0.0,__NA__,SL,False
MIX224,1,0.6066028159611325,0,1,sds_2nd,high,NONE,False,3.0,1.0,98.8,,98.8,0.0,98.8,0.3333333333333333,0.0,0.0,__NA__,SL,False
MIX999,1,0.6066232167075946,0,1,sds_v1,high,NONE,False,0.0,0.0,0.0,,0.0,0.0,7.5,0.0,,0.0,__NA__,__NA__,False
EyeIrritation6pack_PID222,1,0.6072369733641722,0,1,ntp_measured,medium,SOURCE_CONFLICT,True,5.0,0.6,0.135,,0.1,0.0,0.1,0.4,0.0,0.0,Aerosol / Fogger,AE,False
EyeIrritation6pack_PID411,1,0.6087611050718268,0,1,ntp_measured,high,NONE,False,7.0,0.2857142857142857,1.2000000000000002,7.2,37.5,0.0,37.5,0.14285714285714285,0.0,0.0,Aerosol / Fogger,AE,False
MIX687,1,0.6090540915133927,0,1,sds_2nd,high,NONE,False,1.0,0.5,82.5,,82.5,0.0,82.5,0.0,,0.0,__NA__,SL,False
MIX900,1,0.6095141158609736,0,1,sds_v1,high,NONE,False,0.0,0.0,0.0,,0.0,0.0,3.0,1.0,0.0,0.0,__NA__,__NA__,False
MIX95,1,0.6099137602932652,0,1,sds_v1,high,NONE,False,5.0,0.6,0.14,,0.1,0.0,0.1,0.4,0.0,0.0,Aerosol / Fogger,AE,False
MIX1014,1,0.6102351782398395,0,1,sds_v1,high,NONE,False,0.0,0.0,,,,0.0,,0.0,,,__NA__,GR,False
EyeIrritation6pack_PID756,1,0.6110335377967377,0,1,ntp_measured,medium,SOURCE_CONFLICT,True,3.0,1.0,98.0,5.0,98.0,0.0,98.0,0.3333333333333333,0.0,0.0,__NA__,__NA__,False
MIX884,1,0.611339910647536,0,1,sds_v1,high,NONE,False,1.0,1.0,24.0,,24.0,0.0,24.0,1.0,2.0,0.0,__RARE__,__NA__,False
EyeIrritation6pack_PID708,1,0.6120506391331888,0,1,ntp_measured,high,NONE,False,5.0,0.6,81.56,,80.0,0.0,80.0,0.4,0.0,0.0,__NA__,SL,False
EyeIrritation6pack_PID186,1,0.6120945493318656,0,1,ntp_measured,medium,SOURCE_CONFLICT,True,5.0,0.6,39.66,3.2,34.3,0.0,34.3,0.4,0.0,0.0,__NA__,SC,False
MIX535,1,0.6124267143834615,0,1,sds_2nd_sec11,high,NONE,False,1.0,0.5,34.34,6.9,65.66,0.0,65.66,0.0,,0.0,__NA__,SL,False
EyeIrritation6pack_PID115,1,0.6126240224811812,0,1,ntp_measured,high,NONE,False,2.0,1.0,,5.0,,0.0,,0.5,0.0,,__NA__,WG,False
MIX558,1,0.6129291625389868,0,1,sds_2nd,high,NONE,False,1.0,0.5,97.0,6.9,97.0,0.0,97.0,0.0,,0.0,__NA__,__NA__,False
MIX796,1,0.6130863952972108,0,1,sds_2nd,high,NONE,False,1.0,0.5,19.3,,0.0,0.0,80.7,0.0,,0.0,__NA__,SL,False
EyeIrritation6pack_PID160,1,0.6136853055118212,0,1,ntp_measured,medium,SOURCE_CONFLICT,True,1.0,1.0,,,,0.0,,0.0,,,__NA__,__NA__,False
MIX64,1,0.6136853055118212,0,1,sds_v1,high,NONE,False,1.0,1.0,,,,0.0,,0.0,,,__NA__,__NA__,False
MIX145,1,0.6139375911102387,0,1,sds_2nd_sec11,high,NONE,False,5.0,0.6,100.0,,0.0,0.0,47.0,0.0,,0.0,__NA__,SL,False
EyeIrritation6pack_PID795,1,0.6140666781245969,0,1,ntp_measured,high,NONE,False,6.0,0.6666666666666666,5.3,,3.0,2.0,3.0,0.3333333333333333,0.0,0.0,__NA__,SL,False
MIX180,1,0.6140799836765611,0,1,sds_2nd,high,NONE,False,2.0,1.0,37.5,7.0,25.0,0.0,25.0,0.5,2.0,0.0,__NA__,SL,False
EyeIrritation6pack_PID676,1,0.614092684412866,0,1,ntp_measured,high,NONE,False,3.0,1.0,22.4,4.0,22.4,0.0,22.4,0.0,,0.0,액상수화제,SC,False
EyeIrritation6pack_PID390,1,0.6141733190834907,0,1,ntp_measured,high,NONE,False,5.0,0.6,63.84,5.0,54.14,0.0,54.14,0.4,0.0,0.0,__NA__,GR,False
MIX631,1,0.6162173608513035,0,1,sds_v1,high,NONE,False,2.0,1.0,25.0,,25.0,0.0,25.0,0.5,2.0,0.0,__NA__,SL,False
EyeIrritation6pack_PID364,1,0.6175150688842586,0,1,ntp_measured,medium,SOURCE_CONFLICT,True,6.0,0.3333333333333333,22.3,,22.3,0.0,22.3,0.0,,0.0,__NA__,GR,False
EyeIrritation6pack_PID62,1,0.6176923888718079,0,1,ntp_measured,high,NONE,False,3.0,1.0,10.0,7.7,10.0,0.0,10.0,0.3333333333333333,0.0,0.0,__NA__,GR,False
EyeIrritation6pack_PID816,1,0.6184383635811683,0,1,ntp_measured,high,NONE,False,3.0,1.0,60.0,6.0,45.0,0.0,45.0,0.0,,0.0,__NA__,GR,False
EyeIrritation6pack_PID835,1,0.6207983014624259,0,1,ntp_measured,high,NONE,False,3.0,1.0,99.07,,99.0,0.0,99.0,0.6666666666666666,0.0,0.0,__NA__,SL,False
EyeIrritation6pack_PID751,1,0.6208259142935953,0,1,ntp_measured,high,NONE,False,4.0,1.0,75.0,,67.0,0.0,67.0,0.5,0.0,0.0,__NA__,SL,False
EyeIrritation6pack_PID441,1,0.6209120518740514,0,1,ntp_measured,high,NONE,False,3.0,1.0,95.4,5.5,95.4,0.0,95.4,0.0,,0.0,__NA__,__NA__,False
MIX105,1,0.621251964559073,0,1,sds_2nd,high,NONE,False,3.0,1.0,97.5,5.5,97.5,0.0,97.5,0.0,,0.0,__NA__,__NA__,False
EyeIrritation6pack_PID343,1,0.621934840425687,0,1,ntp_measured,high,NONE,False,2.0,0.5,52.0,5.0,52.0,0.0,52.0,0.0,,0.0,__NA__,SL,False
EyeIrritation6pack_PID592,1,0.6222671945782655,0,1,ntp_measured,high,NONE,False,6.0,1.0,41.72,,30.56,0.0,30.56,0.3333333333333333,3.0,0.0,Granular / Granules,SC,False
MIX951,1,0.6238285361517881,0,1,sds_v1,high,NONE,False,0.0,0.0,0.0,,37.5,0.0,37.5,0.0,,0.0,__NA__,__NA__,False
EyeIrritation6pack_PID817,1,0.6239751670557017,0,1,ntp_measured,high,NONE,False,4.0,0.5,36.629999999999995,,33.3,0.0,33.3,0.0,,0.0,__NA__,SC,False
MIX865,1,0.6242133961484477,0,1,sds_v1,high,NONE,False,1.0,1.0,20.0,,20.0,0.0,20.0,1.0,3.0,0.0,__RARE__,__NA__,False
EyeIrritation6pack_PID419,1,0.6246617322310007,0,1,ntp_measured,high,NONE,False,4.0,1.0,0.06,4.88,0.06,0.0,0.06,0.25,0.0,0.0,__NA__,SL,False
EyeIrritation6pack_PID287,1,0.6255139688652707,0,1,ntp_measured,medium,SOURCE_CONFLICT,True,1.0,1.0,98.0,,98.0,0.0,98.0,0.0,,0.0,__RARE__,__NA__,False
MIX891,1,0.6256400514910238,0,1,sds_v1,high,NONE,False,0.0,0.0,,,,0.0,,0.0,,,__NA__,__NA__,False
MIX1074,1,0.625763432498334,0,1,sds_v1,high,NONE,False,0.0,0.0,,,,0.0,,0.0,,,__NA__,__NA__,False
EyeIrritation6pack_PID796,1,0.6258605401531312,0,1,ntp_measured,medium,SOURCE_CONFLICT,True,5.0,1.0,11.4,,11.4,0.0,11.4,0.2,0.0,0.0,__NA__,SC,False
EyeIrritation6pack_PID142,1,0.625871356949587,0,1,ntp_measured,high,NONE,False,2.0,1.0,40.0,3.1,20.0,0.0,20.0,0.0,,0.0,__NA__,__NA__,False
EyeIrritation6pack_PID917,1,0.6261656574722064,0,1,ntp_measured,high,NONE,False,8.0,1.0,42.0,5.22,36.0,0.0,36.0,0.0,,0.0,__NA__,SL,False
EyeIrritation6pack_PID252,1,0.6262899142021892,0,1,ntp_measured,high,NONE,False,2.0,1.0,1.0,,1.0,0.0,1.0,0.5,0.0,0.0,__RARE__,__RARE__,False
MIX117,1,0.6262899142021892,0,1,sds_2nd_sec11,high,NONE,False,2.0,1.0,1.0,,1.0,0.0,1.0,0.5,0.0,0.0,__RARE__,__RARE__,False
MIX825,1,0.6263953167693804,0,1,sds_v1,high,NONE,False,2.0,0.6666666666666666,,,,0.0,,0.0,,,__NA__,SL,False
MIX826,1,0.6263953167693804,0,1,sds_2nd,high,NONE,False,2.0,0.6666666666666666,,,,0.0,,0.0,,,__NA__,SL,False
MIX827,1,0.6263953167693804,0,1,sds_2nd,high,NONE,False,2.0,0.6666666666666666,,,,0.0,,0.0,,,__NA__,SL,False
MIX836,1,0.626891730057045,0,1,sds_2nd,high,NONE,False,1.0,1.0,100.0,,100.0,0.0,100.0,0.0,,0.0,__NA__,SL,False
MIX678,1,0.627565071294399,0,1,sds_v1,high,NONE,False,2.0,0.6666666666666666,29.5,5.66,22.7,0.0,22.7,0.3333333333333333,0.0,0.0,__NA__,WG,False
EyeIrritation6pack_PID173,1,0.6277532150221841,0,1,ntp_measured,high,NONE,False,6.0,1.0,44.0,,40.0,0.0,40.0,0.16666666666666666,0.0,0.0,__NA__,SC,False
Cancer_PID_1057,1,0.6281909709150604,0,1,sds_2nd,high,NONE,False,3.0,1.0,100.55,,0.0,0.0,80.0,0.0,,0.0,__NA__,__NA__,False
EyeIrritation6pack_PID901,1,0.6292913657708048,0,1,ntp_measured,high,NONE,False,5.0,0.6,40.0,,19.04,0.0,19.04,0.0,,0.0,__NA__,GR,False
MIX918,1,0.630365985689791,0,1,sds_v1,high,NONE,False,0.0,0.0,0.0,,67.0,0.0,67.0,1.0,2.0,0.0,__NA__,__NA__,False
EyeIrritation6pack_PID375,1,0.6306816652429161,0,1,ntp_measured,high,NONE,False,2.0,1.0,0.05,,0.05,0.0,0.05,0.5,0.0,0.0,__NA__,SL,False
EyeIrritation6pack_PID373,1,0.630735242289582,0,1,ntp_measured,high,NONE,False,4.0,1.0,35.71,,31.51,0.0,31.51,0.5,0.0,0.0,__NA__,SL,False
MIX710,1,0.6313971151004996,0,1,sds_v1,high,NONE,False,1.0,0.5,90.0,,90.0,0.0,90.0,0.0,,0.0,__NA__,SL,False
MIX1020,1,0.6322564875717896,0,1,sds_v1,high,NONE,False,8.0,1.0,,,,0.0,,0.625,0.0,,__NA__,__NA__,False
EyeIrritation6pack_PID412,1,0.6324363084429269,0,1,ntp_measured,high,NONE,False,3.0,0.6666666666666666,20.0,,20.0,0.0,20.0,0.0,,0.0,__NA__,SL,False
MIX65,1,0.632505680556973,0,1,sds_2nd_sec11,high,NONE,False,2.0,1.0,40.0,7.68,40.0,0.0,40.0,0.0,,0.0,__NA__,WP,False
MIX881,1,0.632522032804612,0,1,sds_v1,high,NONE,False,0.0,0.0,0.0,,0.0,0.0,35.0,1.0,0.0,0.0,__NA__,__NA__,False
EyeIrritation6pack_PID369,1,0.6327434727013685,0,1,ntp_measured,high,NONE,False,1.0,1.0,9.3,,9.3,0.0,9.3,0.0,,0.0,Granular / Granules,GR,False
MIX171,1,0.6327434727013685,0,1,sds_2nd,high,NONE,False,1.0,1.0,9.3,,9.3,0.0,9.3,0.0,,0.0,Granular / Granules,GR,False
MIX1069,1,0.6342261134868363,0,1,sds_v1,high,NONE,False,0.0,0.0,,,,0.0,,0.0,,,__NA__,__NA__,False
EyeIrritation6pack_PID970,1,0.6347651676046666,0,1,ntp_measured,high,NONE,False,6.0,0.8333333333333334,12.02,,7.5,0.0,7.5,0.16666666666666666,0.0,0.0,__NA__,SL,False
MIX113,1,0.634772411325186,0,1,sds_2nd,high,NONE,False,3.0,0.3333333333333333,94.5,4.3,94.5,0.0,94.5,0.3333333333333333,2.0,0.0,__NA__,EC,False
EyeIrritation6pack_PID179,1,0.6362624243479136,0,1,ntp_measured,medium,SOURCE_CONFLICT,True,6.0,0.6666666666666666,,,,0.0,,0.16666666666666666,0.0,,__RARE__,__NA__,False
MIX614,1,0.6362624243479136,0,1,sds_2nd,high,NONE,False,6.0,0.6666666666666666,,,,0.0,,0.16666666666666666,0.0,,__RARE__,__NA__,False
EyeIrritation6pack_PID907,1,0.6366082286714068,0,1,ntp_measured,high,NONE,False,8.0,0.25,70.0,6.86,60.0,0.0,60.0,0.125,0.0,0.0,__NA__,WG,False
EyeIrritation6pack_PID475,1,0.6366190419310639,0,1,ntp_measured,medium,SOURCE_CONFLICT,True,4.0,0.5,17.0,,10.2,0.0,10.2,0.0,,0.0,__NA__,SL,False
MIX158,1,0.6367630681175546,0,1,sds_v1,high,NONE,False,1.0,1.0,,5.0,,0.0,,1.0,0.0,,__NA__,SL,False
EyeIrritation6pack_PID414,1,0.6372854628586327,0,1,ntp_measured,high,NONE,False,7.0,0.7142857142857143,,4.29,,0.0,,0.14285714285714285,0.0,,__RARE__,__RARE__,False
EyeIrritation6pack_PID58,1,0.6373058278374438,0,1,ntp_measured,high,NONE,False,3.0,1.0,13.05,6.8,10.0,3.0,10.0,0.3333333333333333,0.0,0.0,입상수화제,WG,False
EyeIrritation6pack_PID1025,1,0.6381797721444331,0,1,ntp_measured,high,NONE,False,1.0,1.0,5.0,8.0,5.0,0.0,5.0,0.0,,0.0,__NA__,WG,False
MIX86,1,0.6384692296082844,0,1,sds_v1,high,NONE,False,3.0,1.0,71.5,7.9,55.0,1.5,55.0,0.3333333333333333,0.0,0.0,__NA__,WG,False
EyeIrritation6pack_PID687,1,0.638749817673803,0,1,ntp_measured,high,NONE,False,2.0,1.0,98.0,,98.0,0.0,98.0,0.5,2.0,0.0,__NA__,SL,False
EyeIrritation6pack_PID535,1,0.6393356062069377,0,1,ntp_measured,high,NONE,False,3.0,1.0,19.6,,19.6,0.0,19.6,0.6666666666666666,0.0,0.0,__NA__,SL,False
MIX262,1,0.6396289615537329,0,1,sds_2nd_sec11,high,NONE,False,3.0,1.0,19.6,,19.6,0.0,19.6,0.6666666666666666,0.0,0.0,__NA__,SL,False
EyeIrritation6pack_PID1000,1,0.6396324800445428,0,1,ntp_measured,high,NONE,False,3.0,0.3333333333333333,50.0,,50.0,0.0,50.0,0.0,,0.0,__NA__,EC,False
EyeIrritation6pack_PID380,1,0.6400497948354964,0,1,ntp_measured,high,NONE,False,4.0,0.8,29.599999999999998,,26.15,0.0,26.15,0.4,3.0,0.0,__NA__,SL,False
MIX658,1,0.6409020968191468,0,1,sds_v1,high,NONE,False,2.0,0.6666666666666666,25.3,,21.6,0.0,21.6,0.0,,0.0,__NA__,GR,False
EyeIrritation6pack_PID691,1,0.6410094564574684,0,1,ntp_measured,high,NONE,False,4.0,0.5,30.69,,30.69,0.0,30.69,0.5,2.0,0.0,__RARE__,GR,False
MIX343,1,0.6410094564574684,0,1,sds_v1,high,NONE,False,4.0,0.5,30.69,,30.69,0.0,30.69,0.5,2.0,0.0,__RARE__,GR,False
EyeIrritation6pack_PID992,1,0.6411164273377084,0,1,ntp_measured,high,NONE,False,1.0,1.0,72.2,,72.2,0.0,72.2,0.0,,0.0,__NA__,WG,False
EyeIrritation6pack_PID567,1,0.6416179501660074,0,1,ntp_measured,medium,SOURCE_CONFLICT,True,4.0,0.5,23.0,6.2,13.0,0.0,13.0,0.25,0.0,0.0,__NA__,SC,False
EyeIrritation6pack_PID1027,1,0.6419913617716235,0,1,ntp_measured,high,NONE,False,5.0,0.4,0.16,6.6,75.0,0.16,75.0,0.0,,0.0,__NA__,__RARE__,False
MIX573,1,0.642293949363685,0,1,sds_2nd,high,NONE,False,1.0,0.5,70.0,,70.0,0.0,70.0,0.0,,0.0,__NA__,WG,False
MIX752,1,0.6433715776295534,0,1,sds_v1,high,NONE,False,0.0,0.0,,7.0,,0.0,,0.0,,,__NA__,SL,False
EyeIrritation6pack_PID355,1,0.6436075318538558,0,1,ntp_measured,high,NONE,False,6.0,0.5,51.98,,0.0,0.0,51.5,0.16666666666666666,0.0,0.0,__NA__,GR,False
EyeIrritation6pack_PID180,1,0.6437660255368152,0,1,ntp_measured,high,NONE,False,2.0,0.6666666666666666,18.0,,0.0,15.0,15.0,0.0,,0.0,__NA__,GR,False
MIX230,1,0.6446891928812553,0,1,sds_2nd,high,NONE,False,1.0,0.5,95.9,,95.9,0.0,95.9,0.0,,0.0,__NA__,GR,False
EyeIrritation6pack_PID926,1,0.6447292855632245,0,1,ntp_measured,high,NONE,False,2.0,0.5,50.0,,50.0,0.0,50.0,0.0,,0.0,__NA__,GR,False
EyeIrritation6pack_PID633,1,0.6449695629297507,0,1,ntp_measured,high,NONE,False,4.0,0.25,50.7,,50.7,0.0,50.7,0.0,,0.0,__NA__,WG,False
EyeIrritation6pack_PID75,1,0.6453110976368363,0,1,ntp_measured,medium,SOURCE_CONFLICT,True,1.0,1.0,97.0,,97.0,0.0,97.0,0.0,,0.0,__NA__,SL,False
MIX38,1,0.6453110976368363,0,1,sds_2nd,high,NONE,False,1.0,1.0,97.0,,97.0,0.0,97.0,0.0,,0.0,__NA__,SL,False
EyeIrritation6pack_PID310,1,0.6459826384865444,0,1,ntp_measured,medium,SOURCE_CONFLICT,True,1.0,1.0,,,,0.0,,0.0,,,유제,EC,False
EyeIrritation6pack_PID558,1,0.646313268042181,0,1,ntp_measured,high,NONE,False,7.0,0.2857142857142857,25.31,7.5,19.27,0.0,19.27,0.14285714285714285,0.0,0.0,Seed Treatment,FS,False
EyeIrritation6pack_PID627,1,0.6467660966824799,0,1,ntp_measured,high,NONE,False,2.0,1.0,6.2,6.2,5.7,0.0,5.7,0.5,0.0,0.0,__NA__,FS,False
EyeIrritation6pack_PID363,1,0.6478704687437146,0,1,ntp_measured,high,NONE,False,8.0,0.625,49.3,5.3,0.0,0.0,47.4,0.375,2.0,0.0,__NA__,SL,False
EyeIrritation6pack_PID17,1,0.6480335724092564,0,1,ntp_measured,high,NONE,False,2.0,1.0,70.0,,70.0,0.0,70.0,0.0,,0.0,__RARE__,__NA__,False
EyeIrritation6pack_PID383,1,0.6480858373728963,0,1,ntp_measured,high,NONE,False,5.0,1.0,88.91,5.5,0.0,1.0,85.0,0.6,0.0,85.0,__NA__,SL,False
EyeIrritation6pack_PID874,1,0.6483647709782421,0,1,ntp_measured,high,NONE,False,3.0,0.6666666666666666,18.03,,0.0,0.0,35.0,0.3333333333333333,3.0,0.0,__NA__,SL,False
MIX611,1,0.6495943906635404,0,1,sds_v1,high,NONE,False,4.0,1.0,3.9,,3.9,0.0,3.9,0.25,0.0,0.0,__NA__,SL,False
MIX1000,1,0.6507091431880199,0,1,sds_v1,high,NONE,False,0.0,0.0,,,,0.0,,0.0,,,__NA__,__NA__,False
EyeIrritation6pack_PID86,1,0.6510953346325613,0,1,ntp_measured,high,NONE,False,3.0,0.3333333333333333,27.5,,27.5,0.0,27.5,0.0,,0.0,__NA__,WG,False
MIX1062,1,0.6516960574200651,0,1,sds_2nd_sec11,high,NONE,False,0.0,0.0,,,,0.0,,0.0,,,__NA__,__NA__,False
EyeIrritation6pack_PID495,1,0.6520912126113539,0,1,ntp_measured,high,NONE,False,3.0,1.0,3.4,7.9,0.0,0.0,3.4,0.0,,0.0,__NA__,GR,False
EyeIrritation6pack_PID81,1,0.6521967566533343,0,1,ntp_measured,high,NONE,False,2.0,0.5,45.0,,45.0,0.0,45.0,0.0,,0.0,__NA__,WG,False
EyeIrritation6pack_PID478,1,0.6522398893253477,0,1,ntp_measured,high,NONE,False,5.0,0.4,,,,0.0,,0.0,,,유제,EC,False
MIX394,1,0.6527977584971538,0,1,sds_v1,high,NONE,False,3.0,0.3333333333333333,5.6,,5.6,0.0,5.6,0.0,,0.0,__NA__,__NA__,False
EyeIrritation6pack_PID43,1,0.6533905801327857,0,1,ntp_measured,high,NONE,False,2.0,1.0,1.04,,0.78,0.0,0.78,0.0,,0.0,Concentrate,__NA__,False
MIX591,1,0.6539007264028498,0,1,sds_v1,high,NONE,False,4.0,0.8,0.155,,0.102,0.0,0.102,0.0,,0.0,__NA__,SL,False
MIX87,1,0.654450317532496,0,1,sds_2nd,high,NONE,False,1.0,0.5,44.0,8.0,0.0,0.0,56.0,0.0,,0.0,__NA__,__NA__,False
MIX778,1,0.655090926076262,0,1,sds_2nd,high,NONE,False,2.0,0.5,50.0,,50.0,50.0,50.0,0.0,,0.0,__NA__,SL,False
EyeIrritation6pack_PID937,1,0.6556196345764449,0,1,ntp_measured,high,NONE,False,3.0,0.3333333333333333,14.0,,23.5,0.0,23.5,0.0,,0.0,__NA__,SL,False
EyeIrritation6pack_PID641,1,0.6556652209601003,0,1,ntp_measured,high,NONE,False,2.0,1.0,50.0,4.0,50.0,0.0,50.0,0.5,0.0,0.0,입상수화제,WG,False
EyeIrritation6pack_PID834,1,0.6560414935027101,0,1,ntp_measured,high,NONE,False,21.0,0.14285714285714285,3.0,2.76,3.0,3.0,3.0,0.0,,0.0,__NA__,GR,False
EyeIrritation6pack_PID523,1,0.65617131422688,0,1,ntp_measured,high,NONE,False,3.0,1.0,49.2,,42.5,0.0,42.5,0.0,,0.0,__RARE__,GR,False
EyeIrritation6pack_PID728,1,0.6565455412951418,0,1,ntp_measured,high,NONE,False,3.0,0.3333333333333333,5.6,,5.6,0.0,5.6,0.0,,0.0,__NA__,SL,False
EyeIrritation6pack_PID225,1,0.6565945567757183,0,1,ntp_measured,high,NONE,False,8.0,1.0,1.6225,,1.185,0.0,1.185,0.5,2.0,0.0,Granular / Granules,SL,False
EyeIrritation6pack_PID1055,1,0.6574677230764214,0,1,ntp_measured,medium,SOURCE_CONFLICT,True,4.0,1.0,47.239999999999995,,41.67,0.0,41.67,0.25,0.0,0.0,__NA__,SL,False
EyeIrritation6pack_PID802,1,0.6578568859174753,0,1,ntp_measured,high,NONE,False,8.0,0.875,1.351,7.0,0.665,0.0,0.665,0.125,0.0,0.0,__NA__,AE,False
MIX1035,1,0.658575544360626,0,1,sds_2nd,high,NONE,False,0.0,0.0,,,,0.0,,0.0,,,__NA__,GR,False
EyeIrritation6pack_PID774,1,0.6587865271528263,0,1,ntp_measured,high,NONE,False,5.0,0.6,2.3499999999999996,7.2,0.0,0.0,23.0,0.2,3.0,0.0,__NA__,GR,False
EyeIrritation6pack_PID772,1,0.6595476224428667,0,1,ntp_measured,high,NONE,False,10.0,0.1,20.5,10.0,20.5,0.0,20.5,0.0,,0.15,__NA__,SL,False
MIX564,1,0.6599764642715453,0,1,sds_v1,medium,SOURCE_CONFLICT,True,6.0,0.3333333333333333,24.29,,21.3,0.0,21.3,0.0,,0.0,__NA__,SL,False
MIX375,1,0.6607935000763748,0,1,sds_v1,medium,SOURCE_CONFLICT,True,5.0,1.0,100.00000000000001,,0.0,0.0,70.4,0.0,,0.0,__NA__,SC,False
EyeIrritation6pack_PID521,1,0.6608956619382897,0,1,ntp_measured,high,NONE,False,3.0,0.6666666666666666,41.2,7.74,20.6,0.0,20.6,0.0,,0.0,__NA__,GR,False
MIX927,1,0.6616147629826147,0,1,sds_2nd,high,NONE,False,2.0,1.0,100.0,,99.9,0.0,99.9,0.0,,0.0,__RARE__,__NA__,False
EyeIrritation6pack_PID154,1,0.6618076839663941,0,1,ntp_measured,high,NONE,False,3.0,1.0,,5.51,,0.0,,0.3333333333333333,0.0,,__NA__,EC,False
EyeIrritation6pack_PID155,1,0.6618076839663941,0,1,ntp_measured,high,NONE,False,3.0,1.0,,5.51,,0.0,,0.3333333333333333,0.0,,__NA__,EC,False
EyeIrritation6pack_PID477,1,0.6619657697569761,0,1,ntp_measured,medium,SOURCE_CONFLICT,True,4.0,1.0,2.6,3.0,1.0,0.0,1.0,0.25,0.0,0.0,__NA__,GR,False
MIX229,1,0.6619657697569761,0,1,sds_v1,high,NONE,False,4.0,1.0,2.6,3.0,1.0,0.0,1.0,0.25,0.0,0.0,__NA__,GR,False
EyeIrritation6pack_PID1048,1,0.6622751650177009,0,1,ntp_measured,high,NONE,False,6.0,0.5,44.4,8.8,43.4,0.0,43.4,0.16666666666666666,0.0,0.0,__NA__,__NA__,False
MIX787,1,0.6624779426050869,0,1,sds_v1,high,NONE,False,1.0,0.5,,,,0.0,,0.5,0.0,,__NA__,SL,False
MIX358,1,0.6631150215299708,0,1,sds_2nd,high,NONE,False,1.0,1.0,43.2,,43.2,0.0,43.2,0.0,,0.0,__NA__,SL,False
EyeIrritation6pack_PID602,1,0.6634286303509598,0,1,ntp_measured,high,NONE,False,4.0,0.5,41.75,,0.0,0.0,58.25,0.25,0.0,0.0,__NA__,SL,False
EyeIrritation6pack_PID677,1,0.6635201637144696,0,1,ntp_measured,high,NONE,False,3.0,1.0,0.1,,0.05,0.0,0.05,0.0,,0.0,__NA__,SL,False
MIX993,1,0.6637255597893479,0,1,sds_v1,high,NONE,False,1.0,0.0,0.0,,35.0,0.0,35.0,1.0,0.0,0.0,__NA__,__NA__,False
EyeIrritation6pack_PID223,1,0.6640404816205742,0,1,ntp_measured,high,NONE,False,4.0,0.8,6.5,,4.74,0.0,4.74,0.6,3.0,0.0,Concentrate,SL,False
EyeIrritation6pack_PID918,1,0.6643728539422491,0,1,ntp_measured,high,NONE,False,3.0,0.6666666666666666,80.0,,79.3,0.0,79.3,0.0,,0.0,__NA__,SL,False
EyeIrritation6pack_PID10,1,0.6655266382328486,0,1,ntp_measured,high,NONE,False,1.0,1.0,,,,0.0,,0.0,,,__NA__,__NA__,False
EyeIrritation6pack_PID578,1,0.6656146505854477,0,1,ntp_measured,high,NONE,False,4.0,0.75,14.0,,0.0,0.0,25.0,0.0,,0.0,__NA__,SL,False
EyeIrritation6pack_PID1033,1,0.6656740005324826,0,1,ntp_measured,high,NONE,False,10.0,0.5,17.6,3.0,17.6,0.0,17.6,0.0,,0.0,__RARE__,__RARE__,False
EyeIrritation6pack_PID960,1,0.6662103412533871,0,1,ntp_measured,medium,SOURCE_CONFLICT,True,7.0,1.0,0.1,,0.1,0.0,0.1,0.0,,0.0,Granular / Granules,GR,False
MIX318,1,0.6665357543957157,0,1,sds_v1,high,NONE,False,22.0,0.045454545454545456,50.0,,50.0,0.0,50.0,0.0,,0.0,__NA__,__NA__,False
MIX599,1,0.6672698085279529,0,1,sds_2nd_sec11,high,NONE,False,2.0,0.6666666666666666,6.67,,4.76,0.0,4.76,0.0,,0.0,__NA__,SL,False
MIX788,1,0.6680683708740421,0,1,sds_2nd,high,NONE,False,1.0,0.5,30.0,,30.0,30.0,30.0,0.0,,0.0,__NA__,GR,False
EyeIrritation6pack_PID196,1,0.6680873571239052,0,1,ntp_measured,high,NONE,False,3.0,1.0,56.5,7.9,55.0,1.5,55.0,0.0,,0.0,__NA__,WG,False
EyeIrritation6pack_PID344,1,0.6685464157591221,0,1,ntp_measured,high,NONE,False,2.0,0.5,90.0,5.0,90.0,0.0,90.0,0.5,0.0,0.0,__NA__,WP,False
MIX160,1,0.6685464157591221,0,1,sds_2nd_sec11,high,NONE,False,2.0,0.5,90.0,5.0,90.0,0.0,90.0,0.5,0.0,0.0,__NA__,WP,False
EyeIrritation6pack_PID52,1,0.6686384833103617,0,1,ntp_measured,high,NONE,False,3.0,1.0,25.0,,10.0,0.0,10.0,0.6666666666666666,3.0,0.0,__NA__,__NA__,False
MIX628,1,0.669686510945344,0,1,sds_v1,medium,SOURCE_CONFLICT,True,4.0,0.8,23.18,8.3,18.79,0.0,18.79,0.4,3.0,0.0,__NA__,SL,False
EyeIrritation6pack_PID829,1,0.6697605392770068,0,1,ntp_measured,high,NONE,False,2.0,0.5,29.0,,29.0,0.0,29.0,0.0,,0.0,__NA__,SL,False
MIX406,1,0.6697605392770068,0,1,sds_2nd_sec11,high,NONE,False,2.0,0.5,29.0,,29.0,0.0,29.0,0.0,,0.0,__NA__,SL,False
EyeIrritation6pack_PID1002,1,0.6708159544765537,0,1,ntp_measured,medium,SOURCE_CONFLICT,True,1.0,1.0,42.775000000000006,5.59,42.775000000000006,0.0,42.775000000000006,0.0,,0.0,__NA__,EC,False
MIX515,1,0.6708159544765537,0,1,sds_2nd,high,NONE,False,1.0,1.0,42.78,5.59,42.78,0.0,42.78,0.0,,0.0,__NA__,EC,False
MIX464,1,0.6711721073947929,0,1,sds_v1,high,NONE,False,2.0,1.0,6.5,,6.5,0.0,6.5,0.0,,0.0,__NA__,SL,False
MIX165,1,0.6711975681690259,0,1,sds_2nd_sec11,high,NONE,False,1.0,1.0,90.0,,90.0,0.0,90.0,0.0,,0.0,__NA__,SL,False
EyeIrritation6pack_PID632,1,0.6723524532045273,0,1,ntp_measured,high,NONE,False,2.0,1.0,90.5,,90.5,0.0,90.5,0.5,0.0,0.0,__NA__,__NA__,False
MIX303,1,0.6723524532045273,0,1,sds_2nd,high,NONE,False,2.0,1.0,90.5,,90.5,0.0,90.5,0.5,0.0,0.0,__NA__,__NA__,False
EyeIrritation6pack_PID1051,1,0.6726371693969284,0,1,ntp_measured,medium,SOURCE_CONFLICT,True,4.0,1.0,50.0,,50.0,0.0,50.0,0.25,0.0,0.0,__NA__,SL,False
MIX986,1,0.6732277890400324,0,1,sds_v1,medium,SOURCE_CONFLICT,True,0.0,0.0,0.0,8.0,0.0,0.0,10.0,1.0,0.0,0.0,__NA__,GR,False
EyeIrritation6pack_PID583,1,0.6735270844548444,0,1,ntp_measured,high,NONE,False,3.0,0.3333333333333333,34.0,,34.0,0.0,34.0,0.3333333333333333,0.0,0.0,__NA__,SL,False
EyeIrritation6pack_PID40,1,0.6735522705938692,0,1,ntp_measured,medium,SOURCE_CONFLICT,True,3.0,0.6666666666666666,98.6,,98.6,0.0,98.6,0.0,,0.0,__NA__,SL,False
MIX1038,1,0.6741029823197902,0,1,sds_2nd,high,NONE,False,0.0,0.0,,,,0.0,,0.0,,,__NA__,__NA__,False
EyeIrritation6pack_PID152,1,0.6743500191385451,0,1,ntp_measured,high,NONE,False,3.0,1.0,10.0,,10.0,0.0,10.0,0.3333333333333333,0.0,0.0,__NA__,WG,False
EyeIrritation6pack_PID153,1,0.67454437869158,0,1,ntp_measured,medium,SOURCE_CONFLICT,True,3.0,1.0,17.15,,17.15,0.0,17.15,0.3333333333333333,0.0,0.0,__NA__,EC,False
EyeIrritation6pack_PID176,1,0.6747247201215731,0,1,ntp_measured,medium,SOURCE_CONFLICT,True,1.0,1.0,98.0,,98.0,0.0,98.0,0.0,,0.0,__NA__,__NA__,False
EyeIrritation6pack_PID177,1,0.6747247201215731,0,1,ntp_measured,medium,SOURCE_CONFLICT,True,1.0,1.0,98.0,,98.0,0.0,98.0,0.0,,0.0,__NA__,__NA__,False
EyeIrritation6pack_PID178,1,0.6747247201215731,0,1,ntp_measured,medium,SOURCE_CONFLICT,True,1.0,1.0,98.0,,98.0,0.0,98.0,0.0,,0.0,__NA__,__NA__,False
EyeIrritation6pack_PID922,1,0.6749513091918254,0,1,ntp_measured,high,NONE,False,3.0,1.0,62.5,9.3,37.5,0.0,37.5,0.3333333333333333,0.0,0.0,입상수화제,WG,False
EyeIrritation6pack_PID132,1,0.6751573750650557,0,1,ntp_measured,high,NONE,False,2.0,1.0,15.0,,10.0,0.0,10.0,0.0,,0.0,__NA__,SL,False
MIX657,1,0.6762048196061397,0,1,sds_v1,high,NONE,False,2.0,0.6666666666666666,22.0,,18.0,18.0,18.0,0.3333333333333333,3.0,0.0,__NA__,SC,False
MIX1066,1,0.6770800440292843,0,1,sds_v1,high,NONE,False,0.0,0.0,,,,0.0,,0.0,,,__NA__,GR,False
EyeIrritation6pack_PID661,1,0.6780130846679076,0,1,ntp_measured,high,NONE,False,4.0,0.25,0.0,9.0,80.0,0.0,80.0,0.0,,0.0,입상수화제,WG,False
MIX337,1,0.6780130846679076,0,1,sds_2nd_sec11,high,NONE,False,4.0,0.25,0.0,9.0,80.0,0.0,80.0,0.0,,0.0,입상수화제,WG,False
EyeIrritation6pack_PID194,1,0.6785022815103836,0,1,ntp_measured,medium,SOURCE_CONFLICT,True,1.0,1.0,38.75,5.5,38.75,0.0,38.75,0.0,,0.0,__NA__,SL,False
MIX82,1,0.6785022815103836,0,1,sds_2nd,high,NONE,False,1.0,1.0,38.75,5.5,38.75,0.0,38.75,0.0,,0.0,__NA__,SL,False
EyeIrritation6pack_PID107,1,0.6790235675665265,0,1,ntp_measured,high,NONE,False,3.0,1.0,76.0,,50.0,0.0,50.0,0.0,,0.0,입상수화제,WG,False
MIX858,1,0.6798728877172697,0,1,sds_v1,high,NONE,False,1.0,1.0,100.0,,0.0,0.0,100.0,0.0,,0.0,__NA__,SL,False
EyeIrritation6pack_PID946,1,0.6801903189890699,0,1,ntp_measured,high,NONE,False,1.0,1.0,1.0,7.31,1.0,0.0,1.0,0.0,,0.0,수화제,WP,False
MIX472,1,0.6803018173395833,0,1,sds_2nd,medium,SOURCE_CONFLICT,True,2.0,1.0,16.0,6.8,16.0,0.0,16.0,0.5,0.0,0.0,__NA__,SL,False
EyeIrritation6pack_PID1005,1,0.6804570751314808,0,1,ntp_measured,high,NONE,False,4.0,0.75,27.0,,13.4,0.0,13.4,0.0,,0.0,__NA__,SL,False
EyeIrritation6pack_PID1061,1,0.6804928620342022,0,1,ntp_measured,medium,SOURCE_CONFLICT,True,3.0,1.0,75.0,,66.7,0.0,66.7,0.3333333333333333,0.0,0.0,__NA__,__NA__,False
EyeIrritation6pack_PID540,1,0.6807172267803016,0,1,ntp_measured,high,NONE,False,4.0,1.0,32.0,7.0,32.0,0.0,32.0,0.25,0.0,0.0,__NA__,WG,False
MIX600,1,0.6808530791926094,0,1,sds_2nd,high,NONE,False,4.0,1.0,24.5,7.03,20.0,0.0,20.0,1.0,3.0,0.0,__NA__,SL,False
MIX655,1,0.6822474796367353,0,1,sds_v1,high,NONE,False,3.0,0.75,2.01,,1.0,0.0,1.0,0.0,,0.0,__NA__,FS,False
EyeIrritation6pack_PID100,1,0.6823279690026652,0,1,ntp_measured,high,NONE,False,9.0,0.3333333333333333,12.25,5.5,0.0,0.0,25.0,0.0,,0.0,__NA__,__RARE__,False
EyeIrritation6pack_PID938,1,0.6824634637108653,0,1,ntp_measured,high,NONE,False,2.0,1.0,0.25,,0.25,0.0,0.25,0.5,0.0,0.0,__NA__,SL,False
MIX964,1,0.6825973204830571,0,1,sds_2nd,high,NONE,False,1.0,1.0,7.5,,7.5,0.0,7.5,0.0,,0.0,__NA__,__NA__,False
MIX583,1,0.682976001472381,0,1,sds_v1,high,NONE,False,1.0,0.5,19.55,8.6,19.55,0.0,19.55,0.0,,0.0,__NA__,SL,False
MIX795,1,0.6829764766190983,0,1,sds_v1,high,NONE,False,1.0,0.5,20.0,,20.0,0.0,20.0,0.5,3.0,0.0,__NA__,SL,False
EyeIrritation6pack_PID533,1,0.6830919516060591,0,1,ntp_measured,high,NONE,False,9.0,0.6666666666666666,46.75,4.2,0.0,0.0,46.0,0.1111111111111111,0.0,0.0,__NA__,SL,False
EyeIrritation6pack_PID870,1,0.6833025786282503,0,1,ntp_measured,high,NONE,False,3.0,1.0,23.0,4.0,0.0,23.0,20.0,0.0,,0.0,__NA__,WG,False
EyeIrritation6pack_PID808,1,0.6840138686625825,0,1,ntp_measured,high,NONE,False,3.0,1.0,2.01,5.0,1.0,0.0,1.0,0.0,,0.0,__NA__,FS,False
EyeIrritation6pack_PID489,1,0.6840427686277217,0,1,ntp_measured,high,NONE,False,7.0,0.42857142857142855,10.0,,10.0,0.0,10.0,0.0,,0.0,__NA__,__NA__,False
EyeIrritation6pack_PID71,1,0.6847212904474022,0,1,ntp_measured,high,NONE,False,2.0,1.0,0.44999999999999996,7.0,0.3,0.0,0.3,1.0,0.0,0.0,__NA__,GR,False
EyeIrritation6pack_PID138,1,0.6866217726042528,0,1,ntp_measured,high,NONE,False,1.0,1.0,,8.0,,0.0,,0.0,,,__NA__,__NA__,False
EyeIrritation6pack_PID723,1,0.6877448001059198,0,1,ntp_measured,high,NONE,False,5.0,0.6,21.0,,10.0,0.0,10.0,0.4,0.0,0.0,__NA__,__NA__,False
EyeIrritation6pack_PID716,1,0.6880255770491785,0,1,ntp_measured,high,NONE,False,2.0,1.0,4.5,7.5,4.5,0.0,4.5,0.0,,0.0,__NA__,SL,False
MIX966,1,0.6884065667619022,0,1,sds_2nd,high,NONE,False,1.0,1.0,,,,0.0,,0.0,,,__NA__,__NA__,False
EyeIrritation6pack_PID182,1,0.688669099406652,0,1,ntp_measured,high,NONE,False,10.0,0.5,43.1,5.0,20.0,10.0,20.0,0.0,,0.0,__NA__,WG,False
MIX719,1,0.6898166827418662,0,1,sds_v1,high,NONE,False,3.0,0.75,22.0,,10.0,0.0,10.0,0.25,3.0,0.0,__NA__,SL,False
EyeIrritation6pack_PID891,1,0.6911609969499166,0,1,ntp_measured,high,NONE,False,2.0,1.0,16.0,6.17,16.0,0.0,16.0,1.0,0.0,0.0,__NA__,GR,False
MIX395,1,0.6921665150579154,0,1,sds_v1,high,NONE,False,5.0,0.6,21.0,,10.0,0.0,10.0,0.4,0.0,0.0,__NA__,SL,False
EyeIrritation6pack_PID819,1,0.6924078837963085,0,1,ntp_measured,medium,SOURCE_CONFLICT,True,5.0,0.4,68.0,,64.0,0.0,64.0,0.2,0.0,0.0,입상수화제,WG,False
MIX569,1,0.6924078837963085,0,1,sds_v1,high,NONE,False,5.0,0.4,68.0,,64.0,0.0,64.0,0.2,0.0,0.0,입상수화제,WG,False
EyeIrritation6pack_PID757,1,0.6935144621625926,0,1,ntp_measured,high,NONE,False,7.0,0.5714285714285714,6.710000000000001,5.0,0.0,0.0,5.0,0.14285714285714285,0.0,0.0,Granular / Granules,GR,False
EyeIrritation6pack_PID503,1,0.6935915783882136,0,1,ntp_measured,high,NONE,False,6.0,0.8333333333333334,25.549999999999997,,13.1,0.0,13.1,0.0,,0.0,__NA__,GR,False
EyeIrritation6pack_PID560,1,0.6939136345918155,0,1,ntp_measured,medium,SOURCE_CONFLICT,True,3.0,0.6666666666666666,75.0,,50.0,0.0,50.0,0.6666666666666666,2.0,0.0,__NA__,SL,False
EyeIrritation6pack_PID1034,1,0.6943514232824034,0,1,ntp_measured,high,NONE,False,3.0,1.0,20.0,,15.0,0.0,15.0,0.3333333333333333,2.0,0.0,__RARE__,__RARE__,False
MIX712,1,0.694705862745981,0,1,sds_v1,high,NONE,False,2.0,0.6666666666666666,37.7,5.3,25.2,0.0,25.2,1.0,2.0,0.0,__NA__,WG,False
EyeIrritation6pack_PID684,1,0.6950664648775041,0,1,ntp_measured,high,NONE,False,5.0,0.8,75.0,6.5,66.7,0.0,66.7,0.2,0.0,0.0,__NA__,WG,False
MIX80,1,0.6954219504081112,0,1,sds_2nd_sec11,high,NONE,False,2.0,1.0,10.001,,10.0,0.0,10.0,0.0,,0.0,__NA__,SL,False
EyeIrritation6pack_PID873,1,0.6959979060233715,0,1,ntp_measured,high,NONE,False,3.0,1.0,1.0,6.9,1.0,0.0,1.0,0.3333333333333333,0.0,0.0,__NA__,SL,False
EyeIrritation6pack_PID800,1,0.6960223039226261,0,1,ntp_measured,medium,SOURCE_CONFLICT,True,11.0,0.8181818181818182,11.18,,6.0,0.255,6.0,0.18181818181818182,0.0,0.0,__NA__,AE,False
EyeIrritation6pack_PID801,1,0.6960572629488858,0,1,ntp_measured,high,NONE,False,8.0,0.375,1.851,,1.0,0.0,1.0,0.0,,0.0,__NA__,__NA__,False
MIX491,1,0.6968592147181691,0,1,sds_v1,high,NONE,False,7.0,0.8571428571428571,39.720000000000006,3.96,37.89,0.0,37.89,0.14285714285714285,0.0,0.0,__NA__,SL,False
EyeIrritation6pack_PID1001,1,0.6987828595012997,0,1,ntp_measured,high,NONE,False,1.0,1.0,,,,0.0,,0.0,,,__NA__,__NA__,False
MIX697,1,0.7002021738380774,0,1,sds_2nd_sec11,high,NONE,False,2.0,0.6666666666666666,6.7,,5.34,0.0,5.34,0.0,,0.0,__RARE__,GR,False
EyeIrritation6pack_PID965,1,0.7009507430695134,0,1,ntp_measured,high,NONE,False,3.0,0.6666666666666666,45.0,5.6,0.0,40.0,40.0,0.0,,0.0,__NA__,WG,False
EyeIrritation6pack_PID274,1,0.7011868863554215,0,1,ntp_measured,high,NONE,False,4.0,0.75,2.4699999999999998,9.0,0.0,1.0,99.0,0.0,,0.0,__NA__,SL,False
EyeIrritation6pack_PID920,1,0.701656463229945,0,1,ntp_measured,high,NONE,False,3.0,1.0,13.4,4.3,5.7,0.0,5.7,1.0,0.0,0.0,__NA__,GR,False
MIX110,1,0.7017107038954127,0,1,phase1_sds,high,NONE,False,3.0,1.0,40.0,4.0,24.0,0.0,24.0,1.0,2.0,0.0,유제,EC,False
MIX299,1,0.7017753588747835,0,1,sds_v1,high,NONE,False,4.0,0.5,23.0,6.2,13.0,0.0,13.0,0.25,0.0,0.0,__NA__,SL,False
MIX1016,1,0.702144323310419,0,1,sds_2nd,high,NONE,False,0.0,0.0,,,,0.0,,0.0,,,__NA__,__NA__,False
MIX350,1,0.7024207721229454,0,1,sds_2nd,high,NONE,False,1.0,1.0,98.5,,98.5,0.0,98.5,0.0,,0.0,__RARE__,__NA__,False
MIX598,1,0.7027800472948688,0,1,sds_v1,high,NONE,False,2.0,0.6666666666666666,67.73,,62.52,0.0,62.52,0.0,,0.0,__NA__,SL,False
MIX578,1,0.7027856511502991,0,1,sds_2nd,high,NONE,False,2.0,1.0,98.3,,97.3,0.0,97.3,0.0,,0.0,__NA__,__NA__,False
EyeIrritation6pack_PID128,1,0.7029940044227588,0,1,ntp_measured,medium,SOURCE_CONFLICT,True,8.0,1.0,93.0,6.5,93.0,0.0,93.0,0.125,3.0,0.0,__NA__,SL,False
MIX713,1,0.7030893454885042,0,1,sds_v1,high,NONE,False,3.0,0.6666666666666666,24.0,,16.0,0.0,16.0,0.6666666666666666,2.0,0.0,__NA__,GR,False
MIX1008,1,0.705943007352978,0,1,sds_v1,high,NONE,False,16.0,1.0,54.0,,0.0,0.0,50.0,0.4375,0.0,0.0,__NA__,__NA__,False
MIX802,1,0.7061064730249595,0,1,sds_v1,high,NONE,False,2.0,0.6666666666666666,6.0,0.5,0.0,0.0,3.0,0.3333333333333333,3.0,0.0,__NA__,__NA__,False
EyeIrritation6pack_PID360,1,0.7069179659617703,0,1,ntp_measured,medium,SOURCE_CONFLICT,True,6.0,0.5,48.0,6.4,0.0,0.0,49.0,0.3333333333333333,2.0,0.0,__NA__,SL,False
EyeIrritation6pack_PID379,1,0.7074388662377437,0,1,ntp_measured,high,NONE,False,8.0,0.5,8.629999999999999,,12.5,0.0,12.5,0.5,3.0,0.0,__NA__,SL,False
EyeIrritation6pack_PID718,1,0.7077293529320003,0,1,ntp_measured,medium,SOURCE_CONFLICT,True,7.0,0.14285714285714285,0.1,,0.0,0.0,10.0,0.14285714285714285,2.0,0.0,__NA__,RB,False
MIX520,1,0.7081675795648759,0,1,sds_2nd_sec11,high,NONE,False,3.0,1.0,22.4,,15.0,2.4,15.0,0.3333333333333333,2.0,0.0,__RARE__,__RARE__,False
EyeIrritation6pack_PID871,1,0.7083790215882739,0,1,ntp_measured,high,NONE,False,6.0,0.8333333333333334,36.0,,0.0,9.0,18.0,0.5,0.0,0.0,__NA__,SL,False
EyeIrritation6pack_PID777,1,0.708543741776456,0,1,ntp_measured,high,NONE,False,6.0,0.6666666666666666,97.5,6.0,0.0,0.0,60.0,0.0,,0.0,__NA__,__NA__,False
MIX987,1,0.7086634722753147,0,1,sds_v1,high,NONE,False,0.0,0.0,0.0,,90.0,0.0,90.0,1.0,3.0,0.0,__NA__,__NA__,False
MIX693,1,0.7100675865021626,0,1,sds_v1,high,NONE,False,0.0,0.0,0.0,9.4,80.0,0.0,80.0,0.0,,0.0,__NA__,GR,False
EyeIrritation6pack_PID213,1,0.710856008443674,0,1,ntp_measured,high,NONE,False,3.0,1.0,68.0,,57.4,0.0,57.4,0.0,,0.0,입상수화제,WG,False
EyeIrritation6pack_PID875,1,0.711784765484778,0,1,ntp_measured,high,NONE,False,11.0,0.8181818181818182,55.3,,25.0,0.0,25.0,0.18181818181818182,3.0,0.0,__NA__,GR,False
EyeIrritation6pack_PID378,1,0.7120748235502996,0,1,ntp_measured,high,NONE,False,5.0,1.0,9.889999999999999,,6.33,0.0,6.33,0.8,3.0,0.0,__NA__,__NA__,False
EyeIrritation6pack_PID1018,1,0.7138251272965765,0,1,ntp_measured,high,NONE,False,2.0,1.0,74.5,6.0,70.0,0.0,70.0,0.5,0.0,0.0,__NA__,WG,False
EyeIrritation6pack_PID707,1,0.7147259172161388,0,1,ntp_measured,high,NONE,False,3.0,1.0,60.2,,60.0,0.0,60.0,0.6666666666666666,0.0,0.0,__NA__,SL,False
MIX144,1,0.715540091150876,0,1,sds_2nd,high,NONE,False,2.0,1.0,100.0,,0.0,0.0,74.2,0.5,3.0,0.0,__NA__,SL,False
EyeIrritation6pack_PID352,1,0.7157585317433934,0,1,ntp_measured,high,NONE,False,7.0,0.5714285714285714,95.6,,95.6,0.0,95.6,0.42857142857142855,0.0,0.0,__NA__,SL,False
EyeIrritation6pack_PID224,1,0.7161273880528246,0,1,ntp_measured,high,NONE,False,10.0,0.9,3.2800000000000002,,2.37,0.0,2.37,0.4,2.0,0.0,Concentrate,SL,False
EyeIrritation6pack_PID585,1,0.7162888408775947,0,1,ntp_measured,high,NONE,False,5.0,0.6,36.515,3.5,35.51,0.0,35.51,0.2,0.0,0.0,__NA__,SL,False
MIX800,1,0.7164151886144585,0,1,sds_v1,high,NONE,False,2.0,1.0,20.0,,0.0,0.0,20.0,0.5,0.0,0.0,__NA__,SL,False
EyeIrritation6pack_PID530,1,0.7173148931784754,0,1,ntp_measured,medium,SOURCE_CONFLICT,True,5.0,0.6,,4.0,,0.0,,0.0,,,__NA__,SL,False
MIX363,1,0.7178242999749418,0,1,sds_v1,high,NONE,False,3.0,0.75,16.79,,15.0,0.0,15.0,0.5,3.0,0.0,__RARE__,__RARE__,False
MIX696,1,0.7179855897413511,0,1,sds_2nd,high,NONE,False,0.0,0.0,0.0,9.4,22.8,0.0,22.8,0.0,,0.0,__NA__,GR,False
MIX307,1,0.718438150527087,0,1,sds_v1,high,NONE,False,3.0,1.0,,,,0.0,,0.0,,,__NA__,__NA__,False
MIX857,1,0.7186819673785968,0,1,sds_v1,high,NONE,False,1.0,1.0,70.0,,70.0,0.0,70.0,0.0,,0.0,__NA__,SL,False
EyeIrritation6pack_PID474,1,0.7190437950472697,0,1,ntp_measured,high,NONE,False,1.0,1.0,100.0,,100.0,0.0,100.0,0.0,,0.0,유제,EC,False
EyeIrritation6pack_PID861,1,0.7191075488121703,0,1,ntp_measured,high,NONE,False,6.0,0.8333333333333334,47.87,6.0,35.0,0.0,35.0,0.5,0.0,0.0,__NA__,SL,False
EyeIrritation6pack_PID990,1,0.7191830780219929,0,1,ntp_measured,high,NONE,False,5.0,0.6,8.5,,6.0,0.0,6.0,0.2,0.0,0.0,__NA__,WG,False
MIX557,1,0.719605357679999,0,1,sds_v1,high,NONE,False,2.0,1.0,100.0,,100.0,0.0,100.0,0.0,,0.0,__NA__,__NA__,False
MIX805,1,0.7203748942138282,0,1,sds_v1,high,NONE,False,2.0,0.6666666666666666,0.0,,0.0,0.0,91.06,0.6666666666666666,0.0,91.06,__NA__,SL,False
MIX1058,1,0.7218967093232143,0,1,sds_2nd,high,NONE,False,1.0,1.0,,7.0,,0.0,,0.0,,,__NA__,SL,False
EyeIrritation6pack_PID998,1,0.7223088765042942,0,1,ntp_measured,high,NONE,False,3.0,0.3333333333333333,80.0,8.84,80.0,0.0,80.0,0.0,,0.0,__NA__,SL,False
EyeIrritation6pack_PID47,1,0.7224653368835001,0,1,ntp_measured,high,NONE,False,27.0,0.14814814814814814,4.368,,3.903,0.0,3.903,0.1111111111111111,0.0,0.0,__NA__,SL,False
MIX6,1,0.7224653368835001,0,1,sds_v1,high,NONE,False,27.0,0.14814814814814814,4.37,,3.9,0.0,3.9,0.1111111111111111,0.0,0.0,__NA__,SL,False
EyeIrritation6pack_PID674,1,0.7225568084527518,0,1,ntp_measured,high,NONE,False,2.0,1.0,85.5,,85.5,0.0,85.5,0.5,0.0,0.0,__NA__,__NA__,False
MIX514,1,0.723050928628599,0,1,sds_2nd,high,NONE,False,1.0,1.0,40.2,3.9,40.2,0.0,40.2,0.0,,0.0,Concentrate,SC,False
EyeIrritation6pack_PID1011,1,0.7243233513064089,0,1,ntp_measured,high,NONE,False,6.0,0.6666666666666666,42.5,4.6,0.0,0.0,46.1,0.16666666666666666,0.0,0.0,__NA__,EC,False
EyeIrritation6pack_PID635,1,0.7243317300479558,0,1,ntp_measured,high,NONE,False,3.0,1.0,,,,0.0,,0.0,,,__NA__,SL,False
MIX785,1,0.7256486518154723,0,1,sds_v1,high,NONE,False,2.0,0.6666666666666666,,,,0.0,,0.0,,,__NA__,SL,False
EyeIrritation6pack_PID1037,1,0.7257406611841873,0,1,ntp_measured,high,NONE,False,4.0,0.5,25.7,3.98,0.0,0.0,35.0,0.0,,0.0,수화제,WP,False
MIX821,1,0.7262521058237227,0,1,sds_v1,medium,SOURCE_CONFLICT,True,3.0,0.75,15.0,,0.0,0.0,5.0,0.25,3.0,0.0,__NA__,SL,False
EyeIrritation6pack_PID1044,1,0.7270659572008856,0,1,ntp_measured,medium,SOURCE_CONFLICT,True,4.0,1.0,46.699999999999996,,30.73,0.0,30.73,0.0,,0.0,__NA__,__NA__,False
MIX537,1,0.7271097896430434,0,1,sds_v1,medium,SOURCE_CONFLICT,True,4.0,1.0,46.699999999999996,,30.73,0.0,30.73,0.0,,0.0,__NA__,EC,False
MIX31,1,0.7278327577740402,0,1,sds_2nd_sec11,high,NONE,False,4.0,0.5,51.0,9.0,45.0,0.0,45.0,0.0,,0.0,__NA__,WG,False
MIX959,1,0.7281645237434715,0,1,sds_2nd,high,NONE,False,2.0,0.0,0.0,,75.0,0.0,75.0,1.0,2.0,0.0,__RARE__,EC,False
EyeIrritation6pack_PID101,1,0.7282289290173187,0,1,ntp_measured,high,NONE,False,4.0,0.5,51.0,9.0,45.0,0.0,45.0,0.0,,0.0,__NA__,WG,False
EyeIrritation6pack_PID923,1,0.7293261376078164,0,1,ntp_measured,high,NONE,False,3.0,1.0,66.0,,60.0,0.0,60.0,0.3333333333333333,0.0,0.0,__NA__,SL,False
EyeIrritation6pack_PID704,1,0.7297908522781597,0,1,ntp_measured,high,NONE,False,2.0,0.6666666666666666,50.0,,25.0,0.0,25.0,0.0,,0.0,__NA__,SL,False
EyeIrritation6pack_PID242,1,0.7305631093778744,0,1,ntp_measured,high,NONE,False,7.0,0.8571428571428571,6.8,5.66,6.8,0.0,6.8,0.42857142857142855,0.0,0.0,__NA__,WG,False
EyeIrritation6pack_PID243,1,0.7305631093778744,0,1,ntp_measured,high,NONE,False,7.0,0.8571428571428571,6.8,5.66,6.8,0.0,6.8,0.42857142857142855,0.0,0.0,__NA__,WG,False
EyeIrritation6pack_PID77,1,0.7309792582967913,0,1,ntp_measured,high,NONE,False,4.0,0.75,42.1,7.3,0.0,0.0,40.6,0.0,,0.0,__NA__,SL,False
EyeIrritation6pack_PID551,1,0.731393069073422,0,1,ntp_measured,high,NONE,False,1.0,1.0,70.0,6.6,70.0,0.0,70.0,0.0,,0.0,__NA__,WG,False
MIX274,1,0.731393069073422,0,1,sds_v1,high,NONE,False,1.0,1.0,70.0,6.6,70.0,0.0,70.0,0.0,,0.0,__NA__,WG,False
EyeIrritation6pack_PID791,1,0.7314321784173577,0,1,ntp_measured,high,NONE,False,2.0,1.0,99.1,7.78,99.0,0.0,99.0,0.5,0.0,0.0,__NA__,SL,False
EyeIrritation6pack_PID501,1,0.7318008232064646,0,1,ntp_measured,high,NONE,False,9.0,0.7777777777777778,36.4,,15.0,0.0,15.0,0.1111111111111111,0.0,0.0,__NA__,__NA__,False
MIX1064,1,0.7319145189788516,0,1,sds_2nd,high,NONE,False,1.0,1.0,,,,0.0,,0.0,,,__NA__,__NA__,False
EyeIrritation6pack_PID167,1,0.732220669855472,0,1,ntp_measured,high,NONE,False,2.0,1.0,,7.68,,0.0,,0.0,,,__NA__,WP,False
EyeIrritation6pack_PID790,1,0.733310669375415,0,1,ntp_measured,high,NONE,False,2.0,1.0,5.21,,5.21,0.0,5.21,0.0,,0.0,__NA__,SL,False
EyeIrritation6pack_PID1064,1,0.7345024306853838,0,1,ntp_measured,high,NONE,False,2.0,1.0,80.0,,80.0,0.0,80.0,0.0,,0.0,수화제,WP,False
EyeIrritation6pack_PID197,1,0.7364205178422232,0,1,ntp_measured,high,NONE,False,4.0,0.75,1.21,,1.21,0.0,1.21,0.25,0.0,0.0,__NA__,GR,False
EyeIrritation6pack_PID903,1,0.7372056762852328,0,1,ntp_measured,high,NONE,False,7.0,0.42857142857142855,46.519999999999996,,37.29,0.0,37.29,0.14285714285714285,0.0,0.0,__NA__,EC,False
EyeIrritation6pack_PID760,1,0.7374207502785044,0,1,ntp_measured,medium,SOURCE_CONFLICT,True,5.0,0.4,45.0,3.0,45.0,0.0,45.0,0.2,0.0,0.0,__NA__,__NA__,False
MIX301,1,0.7375101026612385,0,1,sds_2nd,high,NONE,False,2.0,1.0,93.0,,93.0,0.0,93.0,0.0,,0.0,__NA__,SL,False
MIX791,1,0.7376934524165225,0,1,phase1_sds,high,NONE,False,1.0,0.5,70.0,,0.0,70.0,70.0,0.0,,0.0,__NA__,GR,False
MIX662,1,0.7378869237353926,0,1,sds_v1,high,NONE,False,2.0,0.6666666666666666,60.3,,33.4,0.0,33.4,0.6666666666666666,0.0,0.0,__NA__,EC,False
EyeIrritation6pack_PID601,1,0.738170541656425,0,1,ntp_measured,high,NONE,False,5.0,0.6,34.1,6.6,0.0,0.0,31.6,0.2,0.0,0.0,__RARE__,SL,False
EyeIrritation6pack_PID45,1,0.738439847853324,0,1,ntp_measured,high,NONE,False,3.0,0.6666666666666666,59.805,,32.9,0.0,32.9,0.6666666666666666,0.0,0.0,__NA__,EC,False
MIX497,1,0.7392731286822625,0,1,sds_2nd,high,NONE,False,2.0,1.0,20.0,5.0,15.0,0.0,15.0,0.5,0.0,0.0,유제,EC,False
MIX807,1,0.7406624818154945,0,1,sds_2nd,high,NONE,False,2.0,1.0,10.0,12.0,5.0,0.0,5.0,0.0,,0.0,__NA__,SL,False
EyeIrritation6pack_PID905,1,0.7408136342406418,0,1,ntp_measured,high,NONE,False,8.0,0.75,36.8,,0.0,0.0,39.4,0.0,,0.0,__RARE__,GR,False
EyeIrritation6pack_PID727,1,0.741556155474738,0,1,ntp_measured,high,NONE,False,2.0,0.6666666666666666,58.92,,57.6,0.0,57.6,0.0,,0.0,__NA__,SL,False
EyeIrritation6pack_PID195,1,0.7423615315769473,0,1,ntp_measured,medium,SOURCE_CONFLICT,True,5.0,1.0,,8.9,,0.0,,0.0,,,__NA__,WG,False
MIX84,1,0.7423615315769473,0,1,sds_v1,high,NONE,False,5.0,1.0,,8.9,,0.0,,0.0,,,__NA__,WG,False
EyeIrritation6pack_PID434,1,0.7427166446417789,0,1,ntp_measured,high,NONE,False,2.0,1.0,,6.0,,0.0,,0.5,0.0,,__NA__,GR,False
EyeIrritation6pack_PID44,1,0.7457530034066661,0,1,ntp_measured,high,NONE,False,1.0,1.0,80.0,5.0,80.0,0.0,80.0,1.0,0.0,0.0,__NA__,EC,False
EyeIrritation6pack_PID773,1,0.7472421773358727,0,1,ntp_measured,high,NONE,False,5.0,1.0,10.770000000000001,,9.97,0.0,9.97,0.2,0.0,0.0,__NA__,SL,False
MIX150,1,0.7476703689767523,0,1,sds_2nd,high,NONE,False,1.0,0.5,90.0,,90.0,0.0,90.0,0.0,,0.0,__RARE__,__NA__,False
MIX663,1,0.747834161422724,0,1,sds_v1,high,NONE,False,3.0,0.75,16.0,,10.0,0.0,10.0,0.5,3.0,0.0,__NA__,SL,False
EyeIrritation6pack_PID956,1,0.748049632196901,0,1,ntp_measured,high,NONE,False,2.0,1.0,33.44,,20.0,0.0,20.0,0.0,,0.0,__NA__,SL,False
EyeIrritation6pack_PID771,1,0.7486689980092753,0,1,ntp_measured,high,NONE,False,5.0,0.6,35.0,,32.5,0.0,32.5,0.0,,0.0,__NA__,SL,False
MIX783,1,0.7529974824996668,0,1,sds_v1,high,NONE,False,2.0,0.6666666666666666,100.0,,55.0,0.0,55.0,0.0,,0.0,__NA__,__NA__,False
EyeIrritation6pack_PID695,1,0.7533249040258314,0,1,ntp_measured,medium,SOURCE_CONFLICT,True,3.0,0.3333333333333333,0.5,,0.5,0.0,0.5,0.0,,0.0,__NA__,__NA__,False
EyeIrritation6pack_PID969,1,0.7545780922019363,0,1,ntp_measured,high,NONE,False,3.0,1.0,95.2,,0.0,0.0,85.0,0.3333333333333333,0.0,0.0,__RARE__,GR,False
EyeIrritation6pack_PID51,1,0.755014123397105,0,1,ntp_measured,high,NONE,False,2.0,1.0,,,,0.0,,0.0,,,__RARE__,SL,False
EyeIrritation6pack_PID298,1,0.7552255741783934,0,1,ntp_measured,medium,SOURCE_CONFLICT,True,2.0,0.5,,,,0.0,,0.0,,,유제,EC,False
EyeIrritation6pack_PID572,1,0.7575989613794885,0,1,ntp_measured,high,NONE,False,3.0,0.3333333333333333,0.8,9.5,0.8,0.0,0.8,0.3333333333333333,0.0,0.0,__NA__,SL,False
MIX883,1,0.7584385251716574,0,1,sds_v1,high,NONE,False,0.0,0.0,0.0,,27.5,0.0,27.5,1.0,3.0,0.0,__NA__,__NA__,False
MIX803,1,0.7594836858801868,0,1,sds_v1,high,NONE,False,2.0,0.6666666666666666,100.0,,0.0,90.91,90.91,0.6666666666666666,3.0,0.0,__NA__,SL,False
EyeIrritation6pack_PID276,1,0.7599261560559345,0,1,ntp_measured,high,NONE,False,2.0,1.0,,5.0,,0.0,,0.5,0.0,,__RARE__,CS,False
MIX249,1,0.7601529768844115,0,1,sds_v1,high,NONE,False,0.0,0.0,0.0,9.4,80.0,0.0,80.0,0.0,,0.0,__NA__,GR,False
EyeIrritation6pack_PID892,1,0.7602541544909757,0,1,ntp_measured,high,NONE,False,2.0,0.6666666666666666,30.0,,20.96,0.0,20.96,0.3333333333333333,3.0,0.0,__NA__,__RARE__,False
MIX430,1,0.7606491429757083,0,1,sds_v1,high,NONE,False,29.0,1.0,22.569999999999997,,10.78,0.0,10.78,0.3103448275862069,0.0,0.0,__NA__,SL,False
MIX818,1,0.7629931542283132,0,1,sds_2nd,high,NONE,False,2.0,0.6666666666666666,,,,0.0,,0.0,,,__NA__,SL,False
MIX819,1,0.7629931542283132,0,1,sds_2nd,high,NONE,False,2.0,0.6666666666666666,,,,0.0,,0.0,,,__NA__,SL,False
MIX1030,1,0.7635920134175489,0,1,sds_v1,high,NONE,False,19.0,1.0,112.75,,0.0,0.0,37.5,0.3157894736842105,2.0,0.0,__NA__,__NA__,False
MIX220,1,0.76473067761351,0,1,sds_2nd,high,NONE,False,1.0,1.0,81.5,8.7,81.5,0.0,81.5,0.0,,0.0,__NA__,WG,False
EyeIrritation6pack_PID469,1,0.7653973442801766,0,1,ntp_measured,medium,SOURCE_CONFLICT,True,1.0,1.0,78.0,8.7,78.0,0.0,78.0,0.0,,0.0,__NA__,WG,False
MIX425,1,0.7654911950372264,0,1,sds_2nd,high,NONE,False,5.0,0.4,45.0,3.0,45.0,0.0,45.0,0.2,0.0,0.0,__NA__,__NA__,False
MIX820,1,0.7675893977205202,0,1,sds_v1,high,NONE,False,2.0,0.6666666666666666,100.0,,65.0,0.0,65.0,0.0,,0.0,__NA__,SL,False
EyeIrritation6pack_PID494,1,0.7676386486004354,0,1,ntp_measured,high,NONE,False,6.0,0.0,,9.4,,0.0,,0.0,,,__NA__,__NA__,False
EyeIrritation6pack_PID780,1,0.7685756485176931,0,1,ntp_measured,high,NONE,False,2.0,1.0,70.0,,0.0,0.0,45.0,0.5,0.0,0.0,__NA__,__NA__,False
EyeIrritation6pack_PID253,1,0.7686082809327357,0,1,ntp_measured,high,NONE,False,3.0,0.6666666666666666,50.0,,25.0,0.0,25.0,0.0,,0.0,수화제,WP,False
MIX119,1,0.7686082809327357,0,1,sds_2nd,high,NONE,False,3.0,0.6666666666666666,50.0,,25.0,0.0,25.0,0.0,,0.0,수화제,WP,False
MIX749,1,0.76872712353234,0,1,sds_v1,high,NONE,False,0.0,0.0,0.0,5.3,25.2,0.0,25.2,1.0,2.0,0.0,__NA__,SL,False
EyeIrritation6pack_PID986,1,0.7694479613422738,0,1,ntp_measured,high,NONE,False,2.0,1.0,24.74,4.33,24.74,0.0,24.74,0.0,,0.0,__NA__,SL,False
EyeIrritation6pack_PID1062,1,0.7696788369178328,0,1,ntp_measured,medium,SOURCE_CONFLICT,True,2.0,1.0,,,,0.0,,0.0,,,__NA__,__NA__,False
MIX971,1,0.7699594842161304,0,1,sds_v1,high,NONE,False,0.0,0.0,0.0,,0.0,0.0,69.0,1.0,2.0,0.0,__NA__,__NA__,False
EyeIrritation6pack_PID626,1,0.7703665973283627,0,1,ntp_measured,medium,SOURCE_CONFLICT,True,1.0,1.0,6.0,6.0,6.0,0.0,6.0,0.0,,0.0,__NA__,WP,False
EyeIrritation6pack_PID500,1,0.7714176557319732,0,1,ntp_measured,medium,SOURCE_CONFLICT,True,6.0,0.0,,9.4,,0.0,,0.0,,,__NA__,__NA__,False
MIX1034,1,0.7714524973263046,0,1,sds_v1,high,NONE,False,1.0,1.0,95.0,,0.0,0.0,95.0,1.0,2.0,0.0,__NA__,SL,False
EyeIrritation6pack_PID254,1,0.7716187386467694,0,1,ntp_measured,medium,SOURCE_CONFLICT,True,3.0,0.6666666666666666,26.15,,75.0,0.0,75.0,0.0,,0.0,__RARE__,EC,False
MIX120,1,0.7716187386467694,0,1,sds_2nd,high,NONE,False,3.0,0.6666666666666666,26.15,,75.0,0.0,75.0,0.0,,0.0,__RARE__,EC,False
EyeIrritation6pack_PID50,1,0.7727189635331058,0,1,ntp_measured,high,NONE,False,4.0,1.0,25.0,,15.0,0.0,15.0,0.25,3.0,0.0,__NA__,SL,False
EyeIrritation6pack_PID398,1,0.774900076286768,0,1,ntp_measured,high,NONE,False,3.0,0.3333333333333333,27.0,,27.0,0.0,27.0,0.0,,0.0,__NA__,GR,False
MIX152,1,0.7759710195032151,0,1,sds_2nd,high,NONE,False,2.0,1.0,82.22,3.59,43.5,0.0,43.5,0.0,,0.0,__NA__,EC,False
EyeIrritation6pack_PID690,1,0.7765380942697467,0,1,ntp_measured,medium,SOURCE_CONFLICT,True,4.0,0.25,47.2,,47.2,0.0,47.2,0.0,,0.0,유제,EC,False
Cancer_PID_98,1,0.7771964651171929,0,1,sds_2nd,high,NONE,False,1.0,1.0,,,,0.0,,0.0,,,__NA__,__NA__,False
EyeIrritation6pack_PID955,1,0.7780687308522983,0,1,ntp_measured,medium,SOURCE_CONFLICT,True,2.0,1.0,,6.8,,0.0,,0.0,,,__NA__,SL,False
EyeIrritation6pack_PID233,1,0.7784089718595008,0,1,ntp_measured,high,NONE,False,2.0,0.5,40.35,4.16,40.35,0.0,40.35,0.0,,0.0,__NA__,SL,False
MIX1044,1,0.7793718595214244,0,1,sds_v1,high,NONE,False,9.0,1.0,83.25450000000001,,0.0,0.0,35.0005,0.4444444444444444,2.0,0.0,__NA__,__NA__,False
EyeIrritation6pack_PID863,1,0.7793979096359245,0,1,ntp_measured,high,NONE,False,4.0,1.0,61.5,,0.0,0.0,35.0,0.25,2.0,0.0,__NA__,SL,False
MIX439,1,0.7793979096359245,0,1,sds_v1,high,NONE,False,4.0,1.0,61.5,,0.0,0.0,35.0,0.25,2.0,0.0,__NA__,SL,False
EyeIrritation6pack_PID473,1,0.7798069181373133,0,1,ntp_measured,medium,SOURCE_CONFLICT,True,1.0,1.0,76.0,,76.0,0.0,76.0,0.0,,0.0,__NA__,SL,False
MIX225,1,0.7798069181373133,0,1,sds_2nd,high,NONE,False,1.0,1.0,76.0,,76.0,0.0,76.0,0.0,,0.0,__NA__,SL,False
EyeIrritation6pack_PID205,1,0.7798874005503287,0,1,ntp_measured,high,NONE,False,4.0,1.0,26.26,,0.0,0.76,15.0,0.5,2.0,0.0,__NA__,SL,False
EyeIrritation6pack_PID48,1,0.7806192564059515,0,1,ntp_measured,high,NONE,False,6.0,0.5,16.0,,10.0,0.0,10.0,0.3333333333333333,3.0,0.0,__NA__,SL,False
EyeIrritation6pack_PID319,1,0.78235408570143,0,1,ntp_measured,high,NONE,False,2.0,1.0,82.22,3.59,43.5,0.0,43.5,0.0,,0.0,__NA__,SL,False
EyeIrritation6pack_PID536,1,0.7826363020357707,0,1,ntp_measured,high,NONE,False,4.0,0.25,29.4,,29.4,0.0,29.4,0.0,,0.0,__NA__,__NA__,False
EyeIrritation6pack_PID675,1,0.7841794907325617,0,1,ntp_measured,high,NONE,False,7.0,0.8571428571428571,60.3,,33.4,0.0,33.4,0.2857142857142857,0.0,0.0,__NA__,SL,False
EyeIrritation6pack_PID480,1,0.7853262802731231,0,1,ntp_measured,high,NONE,False,1.0,1.0,41.0,4.53,41.0,0.0,41.0,0.0,,0.0,유제,EC,False
MIX231,1,0.7853262802731231,0,1,sds_2nd,high,NONE,False,1.0,1.0,41.0,4.53,41.0,0.0,41.0,0.0,,0.0,유제,EC,False
EyeIrritation6pack_PID705,1,0.7866250879439651,0,1,ntp_measured,high,NONE,False,6.0,1.0,46.964999999999996,,38.05,0.0,38.05,0.5,3.0,0.0,__NA__,SL,False
MIX596,1,0.7869664407035389,0,1,sds_v1,high,NONE,False,18.0,0.2222222222222222,16.79,,15.0,0.0,15.0,0.1111111111111111,3.0,0.0,__RARE__,__RARE__,False
MIX584,1,0.7870353000707575,0,1,sds_v1,high,NONE,False,1.0,0.5,84.1,,84.1,0.0,84.1,0.0,,0.0,__NA__,SL,False
MIX1071,1,0.7884413093254429,0,1,sds_2nd,high,NONE,False,2.0,1.0,76.0,,0.0,0.0,75.0,1.0,2.0,0.0,__NA__,__NA__,False
EyeIrritation6pack_PID765,1,0.7885569790204972,0,1,ntp_measured,medium,SOURCE_CONFLICT,True,5.0,0.6,27.0,,0.0,0.0,73.0,0.0,,0.0,__NA__,SL,False
EyeIrritation6pack_PID694,1,0.7904104634315562,0,1,ntp_measured,medium,SOURCE_CONFLICT,True,3.0,1.0,25.0,,20.0,0.0,20.0,0.0,,0.0,__NA__,SL,False
EyeIrritation6pack_PID1031,1,0.7906192713907518,0,1,ntp_measured,medium,SOURCE_CONFLICT,True,1.0,1.0,40.2,3.9,40.2,0.0,40.2,0.0,,0.0,Concentrate,EC,False
MIX1001,1,0.7914954663451329,0,1,sds_v1,high,NONE,False,13.0,1.0,64.5,,37.5,0.0,37.5,0.46153846153846156,3.0,0.0,__NA__,__NA__,False
EyeIrritation6pack_PID985,1,0.7917923141412413,0,1,ntp_measured,high,NONE,False,2.0,1.0,15.0,5.0,15.0,0.0,15.0,0.0,,0.0,유제,EC,False
EyeIrritation6pack_PID806,1,0.792874002043509,0,1,ntp_measured,high,NONE,False,4.0,1.0,58.8,13.0,50.0,0.0,50.0,0.25,0.0,0.0,__NA__,SL,False
EyeIrritation6pack_PID157,1,0.7934305498935093,0,1,ntp_measured,high,NONE,False,2.0,1.0,97.2,4.5,82.5,0.0,82.5,0.5,2.0,0.0,Concentrate,GR,False
EyeIrritation6pack_PID49,1,0.7941624881801387,0,1,ntp_measured,high,NONE,False,3.0,1.0,7.9,,5.3,0.0,5.3,0.6666666666666666,2.0,0.0,__NA__,SL,False
MIX647,1,0.7968094187198318,0,1,sds_2nd_sec11,high,NONE,False,5.0,0.6,98.0,,60.0,0.0,60.0,0.0,,0.0,__NA__,SL,False
MIX549,1,0.798487001443015,0,1,sds_v1,medium,SOURCE_CONFLICT,True,4.0,1.0,60.3,,50.0,0.0,50.0,0.25,3.0,0.0,__NA__,SL,False
EyeIrritation6pack_PID54,1,0.7991932824855696,0,1,ntp_measured,high,NONE,False,4.0,1.0,95.46,,0.0,0.0,75.0,0.75,2.0,0.0,__NA__,SL,False
EyeIrritation6pack_PID869,1,0.8000986789073756,0,1,ntp_measured,medium,SOURCE_CONFLICT,True,3.0,1.0,44.0,5.72,41.0,0.0,41.0,0.6666666666666666,0.0,0.0,__NA__,GR,False
MIX793,1,0.8010156025740127,0,1,sds_v1,high,NONE,False,1.0,0.5,100.0,12.1,100.0,0.0,100.0,0.0,,0.0,__RARE__,SL,False
MIX660,1,0.802699251275272,0,1,sds_v1,high,NONE,False,1.0,1.0,40.0,,0.0,0.0,40.0,0.0,,0.0,__NA__,SL,False
EyeIrritation6pack_PID314,1,0.8055501252821422,0,1,ntp_measured,high,NONE,False,2.0,1.0,90.1,,90.0,0.0,90.0,0.0,,0.0,__RARE__,__NA__,False
MIX887,1,0.8055976224778357,0,1,sds_2nd,medium,SOURCE_CONFLICT,True,1.0,1.0,,,,0.0,,0.0,,,__NA__,SL,False
MIX1032,1,0.8056209664362408,0,1,sds_2nd,high,NONE,False,1.0,1.0,70.0,,70.0,0.0,70.0,0.0,,0.0,__NA__,__NA__,False
EyeIrritation6pack_PID668,1,0.8075881217321113,0,1,ntp_measured,high,NONE,False,4.0,0.5,9.5,5.5,90.25,7.5,90.25,0.0,,0.0,__NA__,RB,False
EyeIrritation6pack_PID481,1,0.8079453882946204,0,1,ntp_measured,high,NONE,False,2.0,1.0,91.0,,90.0,0.0,90.0,1.0,3.0,0.0,__NA__,GR,False
EyeIrritation6pack_PID61,1,0.8080624440010838,0,1,ntp_measured,high,NONE,False,2.0,1.0,96.5,4.74,96.5,0.0,96.5,1.0,3.0,0.0,__NA__,__NA__,False
MIX139,1,0.8083438760066886,0,1,sds_2nd,high,NONE,False,2.0,0.5,20.84,,20.84,0.0,20.84,0.0,,0.0,유제,EC,False
MIX193,1,0.8085124942599103,0,1,sds_2nd,high,NONE,False,3.0,0.3333333333333333,27.0,,48.0,0.0,48.0,0.0,,0.0,__NA__,GR,False
EyeIrritation6pack_PID1007,1,0.8087530396390488,0,1,ntp_measured,high,NONE,False,3.0,1.0,51.0,,48.0,0.0,48.0,0.0,,0.0,__NA__,SL,False
EyeIrritation6pack_PID41,1,0.8094405739515999,0,1,ntp_measured,high,NONE,False,4.0,0.75,95.0,3.5,90.0,1.0,90.0,0.0,,0.0,__NA__,WG,False
EyeIrritation6pack_PID822,1,0.809908087644458,0,1,ntp_measured,high,NONE,False,4.0,1.0,13.5,4.3,10.0,0.0,10.0,0.5,2.0,0.0,__NA__,SL,False
MIX256,1,0.8103480061339905,0,1,sds_v1,high,NONE,False,6.0,1.0,39.7,5.8,14.5,0.0,14.5,0.0,,0.0,__NA__,GR,False
EyeIrritation6pack_PID368,1,0.8157765440939644,0,1,ntp_measured,high,NONE,False,2.0,1.0,100.0,2.3,0.0,0.0,62.7,0.0,,0.0,__RARE__,SL,False
MIX169,1,0.8157765440939644,0,1,sds_2nd,high,NONE,False,2.0,1.0,100.0,2.3,0.0,0.0,62.7,0.0,,0.0,__RARE__,SL,False
MIX664,1,0.8193672984724689,0,1,sds_v1,high,NONE,False,1.0,0.5,23.0,,23.0,0.0,23.0,0.0,,0.0,__NA__,SL,False
EyeIrritation6pack_PID804,1,0.8225948880671915,0,1,ntp_measured,high,NONE,False,3.0,1.0,48.3,,23.0,0.0,23.0,0.0,,0.0,유제,EC,False
MIX828,1,0.8233415440559251,0,1,sds_2nd,high,NONE,False,1.0,1.0,,,,0.0,,0.0,,,__RARE__,SL,False
MIX950,1,0.8250726508646548,0,1,sds_2nd,high,NONE,False,1.0,1.0,98.0,,98.0,0.0,98.0,0.0,,0.0,__NA__,SL,False
MIX445,1,0.825741143149043,0,1,sds_v1,medium,SOURCE_CONFLICT,True,3.0,1.0,46.55,5.72,41.0,0.0,41.0,0.3333333333333333,0.0,0.0,__NA__,GR,False
EyeIrritation6pack_PID915,1,0.8299390619933759,0,1,ntp_measured,high,NONE,False,2.0,0.5,50.0,,50.0,0.0,50.0,0.0,,0.0,__RARE__,AE,False
MIX784,1,0.832653174677152,0,1,sds_2nd,high,NONE,False,1.0,1.0,100.0,,0.0,0.0,100.0,0.0,,0.0,__NA__,__NA__,False
MIX806,1,0.8333971016237797,0,1,sds_v1,high,NONE,False,2.0,0.6666666666666666,15.0,,10.0,10.0,10.0,0.3333333333333333,3.0,0.0,__NA__,__NA__,False
EyeIrritation6pack_PID229,1,0.8338527579590899,0,1,ntp_measured,high,NONE,False,2.0,1.0,19.0,11.0,10.0,0.0,10.0,0.5,2.0,0.0,__NA__,SL,False
MIX204,1,0.8353951475195845,0,1,sds_v1,high,NONE,False,3.0,1.0,104.8,8.0,79.8,0.0,79.8,0.3333333333333333,0.0,0.0,__NA__,__NA__,False
EyeIrritation6pack_PID1021,1,0.8429823947220656,0,1,ntp_measured,high,NONE,False,3.0,0.3333333333333333,97.73,4.4,97.73,0.0,97.73,0.3333333333333333,3.0,0.0,__NA__,SL,False
MIX799,1,0.8429943332082331,0,1,sds_v1,high,NONE,False,2.0,0.6666666666666666,100.19,,90.0,0.0,90.0,1.0,3.0,0.0,__NA__,SL,False
MIX1026,1,0.8432380217904388,0,1,sds_v1,high,NONE,False,20.0,1.0,142.15000000000003,,35.0,0.0,35.0,0.35,3.0,0.0,__NA__,GR,False
MIX388,1,0.8438007345226728,0,1,sds_2nd_sec11,high,NONE,False,2.0,1.0,8.0,,0.0,0.0,5.0,0.5,3.0,0.0,__RARE__,SL,False
EyeIrritation6pack_PID426,1,0.8476991205724623,0,1,sds_v1,high,NONE,False,3.0,1.0,104.8,8.0,79.8,0.0,79.8,0.0,,0.0,__NA__,__NA__,False
MIX429,1,0.8485734703087665,0,1,sds_2nd,high,NONE,False,4.0,0.75,27.0,,15.0,0.0,15.0,0.5,3.0,0.0,__NA__,SL,False
MIX692,1,0.8528076420593645,0,1,sds_2nd,high,NONE,False,1.0,0.5,96.5,2.5,96.5,0.0,96.5,0.5,3.0,0.0,__NA__,GR,False
MIX822,1,0.8565463257350612,0,1,sds_2nd_sec11,high,NONE,False,1.0,1.0,,11.3,,0.0,,0.0,,,__RARE__,SL,False
MIX839,1,0.860513481470585,0,1,sds_2nd,high,NONE,False,1.0,1.0,,,,0.0,,0.0,,,__NA__,SL,False
EyeIrritation6pack_PID499,1,0.8613783999022754,0,1,ntp_measured,high,NONE,False,6.0,1.0,25.2,5.8,0.0,0.0,10.0,0.0,,0.0,__NA__,GR,False
MIX695,1,0.8650242681681549,0,1,sds_v1,high,NONE,False,1.0,1.0,99.0,2.5,99.0,0.0,99.0,1.0,3.0,0.0,__RARE__,__NA__,False
EyeIrritation6pack_PID110,1,0.8684431009759626,0,1,ntp_measured,high,NONE,False,2.0,0.5,5.0,,80.0,0.0,80.0,0.0,,0.0,__RARE__,SL,False
MIX250,1,0.876421231065722,0,1,sds_v1,high,NONE,False,2.0,0.5,97.0,,97.0,0.0,97.0,0.5,3.0,0.0,__NA__,GR,False
MIX679,1,0.8807761287000098,0,1,sds_v1,high,NONE,False,1.0,0.5,96.6,,96.6,0.0,96.6,0.5,3.0,0.0,__NA__,GR,False
EyeIrritation6pack_PID258,1,0.881324149043154,0,1,ntp_measured,high,NONE,False,1.0,1.0,96.7,,96.7,0.0,96.7,1.0,3.0,0.0,__RARE__,__NA__,False
MIX715,1,0.8813424478371543,0,1,sds_v1,high,NONE,False,1.0,0.5,98.3,,98.3,0.0,98.3,0.5,3.0,0.0,__NA__,GR,False
MIX296,1,0.8817544247491312,0,1,sds_v1,high,NONE,False,1.0,1.0,98.5,,98.5,0.0,98.5,1.0,3.0,0.0,__NA__,GR,False
EyeIrritation6pack_PID966,1,0.902365311625377,0,1,ntp_measured,high,NONE,False,1.0,1.0,35.0,,35.0,0.0,35.0,1.0,3.0,0.0,__NA__,GR,False
MIX717,1,0.9383746073071266,0,1,sds_v1,medium,SOURCE_CONFLICT,True,1.0,0.5,15.0,,41.0,15.0,41.0,1.0,3.0,0.0,__NA__,GR,False
EyeIrritation6pack_PID563,1,0.9591003541926945,0,1,ntp_measured,high,NONE,False,1.0,1.0,100.0,,100.0,0.0,100.0,1.0,3.0,0.0,__NA__,GR,False
