assigned_to,task_type,endpoint,Formulation_ID,priority_score,unc_eye,unc_skin,unc_sens,diversity,cas,priority_rank
김보경,pH수집,전체,MIX813,0.5954342225967273,0.06734487457937145,0.5701493165722604,0.5463827718917705,0.8397381558911282,,1.0
김보경,pH수집,전체,MIX672,0.5290458103781641,0.2162840453698461,0.5718843831496666,0.7249930438175155,0.48330658238745633,,2.0
김보경,pH수집,전체,MIX823,0.4893126843720479,0.3319350251902911,0.2291620888166631,0.2373598171599712,0.8348504303075335,,3.0
김보경,pH수집,전체,MIX829,0.4720577130748874,0.2316187609402302,0.5196536755103153,0.4069364952642844,0.5932147475700508,,4.0
김보경,pH수집,전체,MIX1023,0.4706710093612224,0.29270034607673945,0.49236339523761224,0.38541849712016446,0.5932147475700508,,5.0
김보경,pH수집,전체,MIX816,0.4704452941768372,0.15282513411448123,0.29906063953598994,0.5512550970041541,0.5932147475700508,,6.0
김보경,pH수집,전체,MIX760,0.46051558949379107,0.46458365328398693,0.40997252432939596,0.3068208794125444,0.5932147475700508,,7.0
김보경,pH수집,전체,MIX1051,0.4429198427373472,0.5829361429767234,0.3839305220022083,0.29614111768280194,0.5226187692141672,,8.0
김보경,pH수집,전체,MIX946,0.44092246075402397,0.2696520431234692,0.2708858161159506,0.40851960946696886,0.5932147475700508,,9.0
김보경,pH수집,전체,MIX797,0.44032905068461303,0.2566319014245292,0.24858581591956525,0.11438465434078283,0.8255774919519101,,10.0
김보경,pH수집,전체,MIX997,0.43991836619809155,0.3051545372746378,0.25197283826851996,0.3968778694619919,0.5932147475700508,,11.0
김보경,pH수집,전체,MIX931,0.4337308434638113,0.38895729152295416,0.24764242989259247,0.3365166207448634,0.5932147475700508,,12.0
김보경,pH수집,전체,MIX935,0.4312298769274131,0.4329040703312914,0.2842202633895826,0.2879177594708722,0.5932147475700508,,13.0
김보경,pH수집,전체,MIX824,0.4267292309523665,0.29462321960203797,0.49570148720499474,0.2363154196776376,0.5932147475700508,,14.0
김보경,pH수집,전체,MIX1021,0.4113098008945457,0.3154623705225994,0.23315370849054767,0.3057716333818444,0.5932147475700508,,15.0
김보경,pH수집,전체,MIX956,0.4103485804607969,0.4600232181463096,0.3701444382571383,0.161791776574198,0.5932147475700508,,16.0
김보경,pH수집,전체,MIX975,0.4077902085948173,0.39878248126057186,0.3393365606656224,0.19928817759289266,0.5932147475700508,,17.0
김보경,pH수집,전체,MIX808,0.40485506374438274,0.2684167018137687,0.48168083772720977,0.18351511261738532,0.5932147475700508,,18.0
김보경,pH수집,전체,MIX751,0.40314149008680433,0.3974690099789524,0.28199026530954696,0.21312233255169702,0.5932147475700508,,19.0
김보경,pH수집,전체,MIX815,0.4029204704657122,0.411969479578778,0.21276056010546476,0.2397502182835182,0.5932147475700508,,20.0
김보경,pH수집,전체,MIX973,0.3997758508456443,0.3683676740910375,0.12636240967153467,0.29426813084412723,0.5932147475700508,,21.0
김보경,pH수집,전체,MIX1018,0.3974122353654459,0.47486512300102895,0.2863776876670571,0.15313304912404205,0.5932147475700508,,22.0
김보경,pH수집,전체,MIX897,0.3945930925412441,0.16151865559558687,0.3826251977027011,0.25228538506160186,0.5932147475700508,,23.0
김보경,pH수집,전체,MIX621,0.39201848900467984,0.5869518324438505,0.3875167539704065,0.6419329707860874,0.13317077451678755,,24.0
김보경,pH수집,전체,MIX63,0.3915295764923,0.4324141958079741,0.2697846563131802,0.0928428769204188,0.645867213995003,,25.0
김보경,pH수집,전체,MIX989,0.3899009634566952,0.20991292395311792,0.2743896364764484,0.2665656012141332,0.5932147475700508,,26.0
김보경,pH수집,전체,MIX876,0.3895281856452638,0.26273036386374965,0.35701247455774776,0.19760286951339626,0.5932147475700508,,27.0
김보경,pH수집,전체,MIX880,0.38194733641037504,0.406644216595304,0.1981881035116371,0.17978863122104521,0.5932147475700508,,28.0
김보경,pH수집,전체,MIX878,0.364545021744588,0.17835551885328726,0.22575300402070844,0.22214281428489452,0.5932147475700508,,29.0
김보경,pH수집,전체,MIX1017,0.35868274120514726,0.40160471748001253,0.11901072000514636,0.1443484218478436,0.5932147475700508,,30.0
김보경,pH수집,전체,MIX920,0.35550309018541104,0.06159515637830062,0.25704920107949447,0.23473512512907152,0.5932147475700508,,31.0
김보경,pH수집,전체,MIX941,0.35550309018541104,0.06159515637830062,0.25704920107949447,0.23473512512907152,0.5932147475700508,,32.0
김보경,pH수집,전체,MIX620,0.35549296540133807,0.712546601538078,0.3640825102121908,0.40453341738368803,0.1815964335592284,,33.0
김보경,pH수집,전체,EyeIrritation6pack_PID970,0.35539428052559857,0.3887464106813065,0.8287368014521195,0.5759059956852822,0.0,,34.0
김보경,pH수집,전체,MIX960,0.3526267449542246,0.18293893560932808,0.1914583905296109,0.1972708233512114,0.5932147475700508,,35.0
김보경,pH수집,전체,MIX907,0.3386687976718197,0.42189527929197257,0.09841528463616618,0.07778771351526184,0.5932147475700508,,36.0
김보경,pH수집,전체,MIX72,0.3354367415235784,0.5712399103906737,0.28930579642015875,0.6878492411841558,2.8286676699479447e-07,,37.0
김보경,pH수집,전체,MIX618,0.3336988482638189,0.5157947099569632,0.33609043162278973,0.604924877507401,0.061096534436589155,,38.0
김보경,pH수집,전체,EyeIrritation6pack_PID933,0.3329172259605646,0.7258724084538539,0.14778199725454746,0.6728966951031701,1.4143338349739723e-07,,39.0
김보경,pH수집,전체,MIX959,0.33135346517506614,0.0988553791102939,0.2087599303116176,0.15975089911253018,0.5932147475700508,,40.0
김보경,pH수집,전체,MIX928,0.32921514074421865,0.2545204079439741,0.11326078000685467,0.12254021174524667,0.5932147475700508,,41.0
김보경,pH수집,전체,MIX1033,0.32176509190014635,0.15984885517617667,0.06001026653473508,0.17166774871829746,0.5932147475700508,,42.0
김보경,pH수집,전체,EyeIrritation6pack_PID968,0.32131530328769137,0.339404451117503,0.4307165508058574,0.6859902271305239,2.1215007524609585e-07,,43.0
김보경,pH수집,전체,MIX889,0.3178149113570655,0.28540307543323773,0.0971564603179581,0.07715027322121937,0.5932147475700508,,44.0
김보경,pH수집,전체,MIX179,0.31720854848505936,0.19027093915060503,0.3103106523633331,0.8070708439487175,1.4143338349739723e-07,,45.0
김보경,pH수집,전체,MIX899,0.3156560282568288,0.1296412839999952,0.2541219600628613,0.06935214206460005,0.5932147475700508,,46.0
김보경,pH수집,전체,EyeIrritation6pack_PID126,0.303929588351456,0.4083340692600988,0.493900409378787,0.5619810113630546,2.8286676699479447e-07,,47.0
김보경,pH수집,전체,MIX943,0.30127413621310845,0.08316166855895353,0.10266791332621003,0.12037933300771192,0.5932147475700508,,48.0
김보경,pH수집,전체,EyeIrritation6pack_PID127,0.3007522564116351,0.4551876658883888,0.3047131591150728,0.6225567317146969,2.8286676699479447e-07,,49.0
김보경,pH수집,전체,MIX107,0.3000478043589015,0.33907488993241547,0.4744594083016948,0.5933920101681053,1.4143338349739723e-07,,50.0
김보경,pH수집,전체,MIX76,0.29298669390068555,0.5825818371826545,0.15146688737757535,0.6095975735664809,2.8286676699479447e-07,,51.0
김보경,pH수집,전체,MIX375,0.2830966725143978,0.4819399609608389,0.6431048317563314,0.38113299011156293,1.4143338349739723e-07,,52.0
김보경,pH수집,전체,MIX828,0.28206621449988545,0.24897347492003302,0.47748648375313085,0.5769907356630362,0.0,,53.0
김보경,pH수집,전체,EyeIrritation6pack_PID705,0.27840282297664315,0.06694815073711093,0.4480165335878293,0.6705268791818291,1.4143338349739723e-07,,54.0
김보경,pH수집,전체,MIX30,0.2781853938610178,0.3346820655121872,0.45529328021832643,0.5322967847602913,1.4143338349739723e-07,,55.0
김보경,pH수집,전체,EyeIrritation6pack_PID993,0.2757356414728862,0.39463612411149784,0.5960207809663445,0.42379016379285495,1.4143338349739723e-07,,56.0
김보경,pH수집,전체,MIX798,0.2756180384674628,0.38194639016168835,0.48539592721449376,0.4850554476256071,1.4143338349739723e-07,,57.0
김보경,pH수집,전체,EyeIrritation6pack_PID934,0.2749225236396566,0.477891521483885,0.3945782430523285,0.4801733412862372,1.4143338349739723e-07,,58.0
김보경,pH수집,전체,EyeIrritation6pack_PID1052,0.27477895965440424,0.3913115390790851,0.49762340418223083,0.4714623938840228,0.0,,59.0
김보경,pH수집,전체,MIX596,0.270500807888389,0.3796310586069177,0.6485296980295251,0.38758898130974184,0.0,,60.0
김보경,pH수집,전체,EyeIrritation6pack_PID677,0.2671755990625812,0.28405930163973847,0.7318025371934925,0.3826540336362993,2.8286676699479447e-07,,61.0
김보경,pH수집,전체,MIX629,0.2666998853222963,0.21968577699149966,0.4204372261087961,0.5689379276129953,1.4143338349739723e-07,,62.0
김보경,pH수집,전체,MIX587,0.26625565759161196,0.42292092810725607,0.5820923019348669,0.3850120550398004,1.4143338349739723e-07,,63.0
김보경,pH수집,전체,MIX665,0.26513761819167303,0.8060860433245006,0.40281206519210544,0.2793428178027626,1.4143338349739723e-07,,64.0
김보경,pH수집,전체,EyeIrritation6pack_PID972,0.2643756008829638,0.1619740786578879,0.6081270866377199,0.4962012317175641,1.4143338349739723e-07,,65.0
김보경,pH수집,전체,EyeIrritation6pack_PID241,0.2602876830649289,0.4497610290763849,0.5147609272037247,0.38536444349853033,1.4143338349739723e-07,,66.0
김보경,pH수집,전체,EyeIrritation6pack_PID771,0.2582238678640687,0.29625852774205,0.8369812787868797,0.29412632294909746,0.0,,67.0
김보경,pH수집,전체,MIX607,0.2569695418818634,0.09998724157255048,0.6103916555282232,0.5013755024779798,1.4143338349739723e-07,,68.0
김보경,pH수집,전체,MIX363,0.2547971438326887,0.29560953268833756,0.282773804541811,0.5601321441605547,0.0,,69.0
김보경,pH수집,전체,EyeIrritation6pack_PID1000,0.2534065115405693,0.2068403406203112,0.7374798887816439,0.37252806852307546,1.4143338349739723e-07,,70.0
김보경,pH수집,전체,EyeIrritation6pack_PID751,0.25275206353846336,0.2833610615656195,0.06446015587884349,0.6685958925836238,2.8286676699479447e-07,,71.0
김보경,pH수집,전체,MIX382,0.25070990461240034,0.21521786668919607,0.5109153473280539,0.47263288645486484,1.4143338349739723e-07,,72.0
김보경,pH수집,전체,MIX619,0.24869895501446349,0.49201494034760396,0.24268880376326227,0.33709614421750117,0.09341137533145798,,73.0
김보경,pH수집,전체,EyeIrritation6pack_PID994,0.2435488634621765,0.4907286019206685,0.3842663208978283,0.3743317063089839,2.8286676699479447e-07,,74.0
김보경,pH수집,전체,EyeIrritation6pack_PID804,0.24184313829250978,0.23855904095105337,0.3673369639008828,0.5031956033045533,1.4143338349739723e-07,,75.0
김보경,pH수집,전체,EyeIrritation6pack_PID773,0.24110450478298698,0.18017109576549448,0.6287299126838247,0.399231178385297,0.0,,76.0
김보경,pH수집,전체,MIX147,0.24063337216530317,0.37611227836849864,0.3195528442477133,0.45427830208721526,2.8286676699479447e-07,,77.0
김보경,pH수집,전체,MIX604,0.23721969599794362,0.3573973796155719,0.6343914651600702,0.29483770902747986,1.4143338349739723e-07,,78.0
김보경,pH수집,전체,EyeIrritation6pack_PID31,0.2319321303059266,0.19757354662029594,0.2493826389859311,0.5496288196387972,1.4143338349739723e-07,,79.0
김보경,pH수집,전체,MIX16,0.2319321303059266,0.19757354662029594,0.2493826389859311,0.5496288196387972,1.4143338349739723e-07,,80.0
김보경,pH수집,전체,EyeIrritation6pack_PID916,0.23114198280706427,0.1825242542582564,0.5464170653258296,0.40600242765366,1.4143338349739723e-07,,81.0
김보경,pH수집,전체,MIX610,0.23081826756336726,0.49645170173038444,0.3391900008122431,0.3515731853620659,1.4143338349739723e-07,,82.0
김보경,pH수집,전체,MIX1054,0.22974238809058678,0.18629344155155514,0.3426722600369636,0.18312121164607736,0.23865292339621438,,83.0
김보경,pH수집,전체,EyeIrritation6pack_PID65,0.22928563916592232,0.3651838307197152,0.5104902168621408,0.3264482515176351,1.4143338349739723e-07,,84.0
김보경,pH수집,전체,EyeIrritation6pack_PID76,0.22899101693577867,0.4248111980896255,0.17941136536029054,0.4611919194831263,1.4143338349739723e-07,,85.0
김보경,pH수집,전체,EyeIrritation6pack_PID727,0.2270299516269468,0.07326271353126781,0.1859477411761196,0.6271609952026954,2.1215007524609585e-07,,86.0
김보경,pH수집,전체,MIX803,0.22683476154533636,0.25422274217236723,0.4260071987438334,0.4160006184929206,2.1215007524609585e-07,,87.0
김보경,pH수집,전체,MIX601,0.22590981650894648,0.31288110263834523,0.05173120515751568,0.5707263792207132,1.4143338349739723e-07,,88.0
김보경,pH수집,전체,EyeIrritation6pack_PID254,0.22226651182794155,0.18988370840669958,0.3194922296084979,0.48620021517436185,1.4143338349739723e-07,,89.0
김보경,pH수집,전체,MIX120,0.22226651182794155,0.18988370840669958,0.3194922296084979,0.48620021517436185,1.4143338349739723e-07,,90.0
김보경,pH수집,전체,EyeIrritation6pack_PID700,0.2207871660802386,0.1990803759853507,0.34936699570251806,0.461733345845683,1.4143338349739723e-07,,91.0
김보경,pH수집,전체,EyeIrritation6pack_PID818,0.21971366491341368,0.3043380944648117,0.2449200955164187,0.4577495051873301,2.1215007524609585e-07,,92.0
김보경,pH수집,전체,EyeIrritation6pack_PID299,0.21867053248180615,0.4109665054059308,0.6085005503088055,0.21916824708198565,0.0,,93.0
김보경,pH수집,전체,EyeIrritation6pack_PID478,0.21858943416588114,0.38083136944777596,0.17210119804600466,0.4521651634727135,0.0,,94.0
김보경,pH수집,전체,EyeIrritation6pack_PID708,0.21804826215630513,0.26243690777339357,0.18068787812985307,0.5052649589915491,1.4143338349739723e-07,,95.0
김보경,pH수집,전체,MIX567,0.21803934449949203,0.38907946495852763,0.22170397923465432,0.4214058100349488,2.1215007524609585e-07,,96.0
김보경,pH수집,전체,EyeIrritation6pack_PID874,0.21705795118907123,0.10554876718653874,0.542716139799754,0.3993940504704245,0.0,,97.0
김보경,pH수집,전체,EyeIrritation6pack_PID151,0.2160134020474935,0.3507437404824506,0.2947703080562613,0.3972874606444444,1.4143338349739723e-07,,98.0
김보경,pH수집,전체,MIX630,0.21542148913241516,0.20830211922578704,0.1421971649568688,0.5428217997722113,1.4143338349739723e-07,,99.0
김보경,pH수집,전체,MIX799,0.21511422292025675,0.4066605526699381,0.41326431660168067,0.30708478652053517,1.4143338349739723e-07,,100.0
김보경,pH수집,전체,EyeIrritation6pack_PID989,0.21442475522707072,0.6836518008563806,0.17722400027720253,0.2843110949455996,1.4143338349739723e-07,,101.0
김보경,pH수집,전체,MIX93,0.2143040387044367,0.3538202991186425,0.28029799379969084,0.3972874606444444,1.4143338349739723e-07,,102.0
김보경,pH수집,전체,EyeIrritation6pack_PID940,0.21379207765917252,0.3595351146563742,0.2981267387338516,0.3838091435909508,1.4143338349739723e-07,,103.0
김보경,pH수집,전체,EyeIrritation6pack_PID578,0.21326277171084806,0.1840982588561585,0.4239740299233114,0.4068397613130919,0.0,,104.0
김보경,pH수집,전체,EyeIrritation6pack_PID863,0.2121955260838737,0.14929457637664426,0.33371280212980925,0.4658147310263523,0.0,,105.0
김보경,pH수집,전체,EyeIrritation6pack_PID420,0.2115327230026277,0.3309138073273157,0.3683541590256938,0.355474810632154,2.1215007524609585e-07,,106.0
김보경,pH수집,전체,MIX520,0.20999435430628396,0.28035034228541256,0.41499587139507044,0.35230788560286047,1.4143338349739723e-07,,107.0
김보경,pH수집,전체,EyeIrritation6pack_PID936,0.2095015453551011,0.25482767994455213,0.40961940325530843,0.3661147543392288,1.4143338349739723e-07,,108.0
김보경,pH수집,전체,EyeIrritation6pack_PID835,0.20304399316567634,0.2598462506813903,0.5550349554328156,0.2693723303394621,2.8286676699479447e-07,,109.0
김보경,pH수집,전체,EyeIrritation6pack_PID831,0.20265744149898637,0.18393281769068207,0.14672937692320778,0.5101937076896763,0.0,,110.0
김보경,pH수집,전체,EyeIrritation6pack_PID255,0.20241273066932525,0.2957070853508851,0.29453570963475323,0.379587704738265,0.0,,111.0
김보경,pH수집,전체,EyeIrritation6pack_PID935,0.20200217738755386,0.19242607337089446,0.3614522962794536,0.39640121788882754,1.4143338349739723e-07,,112.0
김보경,pH수집,전체,MIX90,0.20168792048839726,0.31856477982389564,0.28738828885399975,0.36931653395570985,0.0,,113.0
김보경,pH수집,전체,EyeIrritation6pack_PID282,0.20161353016530933,0.44705646804372257,0.40661385237238107,0.24520994034297938,0.0,,114.0
김보경,pH수집,전체,EyeIrritation6pack_PID486,0.19997185073953158,0.21131125252790633,0.5644034738858993,0.27871547259153584,0.0,,115.0
김보경,pH수집,전체,EyeIrritation6pack_PID293,0.19944609499990895,0.3372794242339221,0.7066267030566281,0.14286725302108808,0.0,,116.0
김보경,pH수집,전체,EyeIrritation6pack_PID302,0.19939872816243182,0.15773551517474096,0.3140673309369816,0.42876062699655554,2.8286676699479447e-07,,117.0
김보경,pH수집,전체,EyeIrritation6pack_PID1034,0.1993052382743438,0.2418219945850846,0.6277082088777137,0.22958550393856894,1.4143338349739723e-07,,118.0
김보경,pH수집,전체,EyeIrritation6pack_PID810,0.19916076307767802,0.3658445411293198,0.2411766520039003,0.36035842511447197,1.4143338349739723e-07,,119.0
김보경,pH수집,전체,MIX13,0.19851486601538668,0.3494263589080947,0.36475283448569945,0.3046264347765472,1.4143338349739723e-07,,120.0
김보경,pH수집,전체,MIX821,0.19820068694497958,0.2039143692536484,0.4206525113960899,0.34838532758055146,1.4143338349739723e-07,,121.0
김보경,pH수집,전체,MIX551,0.19550318194279512,0.4884519035160867,0.332168729669336,0.2106471542096927,0.023039851755184755,,122.0
김보경,pH수집,전체,EyeIrritation6pack_PID117,0.19540273156862148,0.3353902691725869,0.5461727741995911,0.21056072829813793,1.4143338349739723e-07,,123.0
김보경,pH수집,전체,EyeIrritation6pack_PID961,0.19427280543235934,0.24774858449797468,0.3217917206784648,0.36280567694180005,1.4143338349739723e-07,,124.0
김보경,pH수집,전체,EyeIrritation6pack_PID923,0.1940619369393276,0.19509409894772545,0.3687562375361808,0.3649479548891389,0.0,,125.0
김보경,pH수집,전체,MIX287,0.19333988473007574,0.3100024702995478,0.4352796516516904,0.2718252214579668,0.0,,126.0
김보경,pH수집,전체,MIX66,0.19333857265873267,0.5367932803656854,0.355169605011966,0.19848008901792727,2.8286676699479447e-07,,127.0
김보경,pH수집,전체,EyeIrritation6pack_PID843,0.19250593377981956,0.30892021215678045,0.357767300535154,0.30834250100892,1.4143338349739723e-07,,128.0
김보경,pH수집,전체,MIX559,0.19241567822248926,0.31988307688209955,0.2786985246081204,0.3420946047520096,1.4143338349739723e-07,,129.0
김보경,pH수집,전체,MIX662,0.19240776021478648,0.343427623797296,0.6714852353083526,0.13390277116313065,0.0,,130.0
김보경,pH수집,전체,MIX80,0.1921767470075618,0.265581128545291,0.4883063593917324,0.2636452241455162,1.4143338349739723e-07,,131.0
김보경,pH수집,전체,MIX237,0.19198850194329461,0.32973223506970933,0.3994513418253366,0.2753698846967924,0.0,,132.0
김보경,pH수집,전체,EyeIrritation6pack_PID123,0.1915633590115185,0.5367932803656854,0.3433348473638712,0.19848008901792727,2.8286676699479447e-07,,133.0
김보경,pH수집,전체,EyeIrritation6pack_PID348,0.19049553903725489,0.21754034401274255,0.1650101767290718,0.4437098697532758,0.0,,134.0
김보경,pH수집,전체,EyeIrritation6pack_PID746,0.1903024760363457,0.2002772272097745,0.11460086813738413,0.476902350536395,1.4143338349739723e-07,,135.0
김보경,pH수집,전체,EyeIrritation6pack_PID267,0.19028947092093487,0.2473255420928057,0.5522516867697049,0.23450962197186095,0.0,,136.0
김보경,pH수집,전체,EyeIrritation6pack_PID876,0.1902163727187534,0.22972851861024537,0.3693923447717098,0.3344939554603559,1.4143338349739723e-07,,137.0
김보경,pH수집,전체,EyeIrritation6pack_PID797,0.19017608025352217,0.3098018427692787,0.20461307582828514,0.3767125253461917,2.1215007524609585e-07,,138.0
김보경,pH수집,전체,MIX9,0.18920180159416,0.24548923230028255,0.28715135273927417,0.3643520023050657,2.8286676699479447e-07,,139.0
김보경,pH수집,전체,MIX202,0.18745869587262154,0.3673286089852934,0.3568866016249777,0.2627544314035027,2.1215007524609585e-07,,140.0
김보경,pH수집,전체,EyeIrritation6pack_PID673,0.18712277528327476,0.4086571511667574,0.2383251357284525,0.3002514408299777,0.0,,141.0
김보경,pH수집,전체,EyeIrritation6pack_PID871,0.1846241055213804,0.4481128969431798,0.48841850622445476,0.14714798348745073,0.0,,142.0
김보경,pH수집,전체,MIX342,0.18440918179120055,0.41440464463811083,0.6054172026839247,0.10478597182062807,2.8286676699479447e-07,,143.0
김보경,pH수집,전체,EyeIrritation6pack_PID868,0.18430687789898154,0.41778799316410675,0.24928864978096799,0.2808179381907344,0.0,,144.0
김보경,pH수집,전체,EyeIrritation6pack_PID225,0.1833399655933375,0.5170339208766191,0.16054154040821603,0.2723452051352739,2.1215007524609585e-07,,145.0
김보경,pH수집,전체,EyeIrritation6pack_PID286,0.18226882056282026,0.4142976170574662,0.6090744517341375,0.09587670081359906,0.0,,146.0
김보경,pH수집,전체,MIX602,0.18172937840212539,0.48786036019594053,0.2721307987500523,0.22576882662291015,1.4143338349739723e-07,,147.0
김보경,pH수집,전체,EyeIrritation6pack_PID306,0.1810996612648218,0.25306417967315953,0.3382912848277729,0.30798742814325036,2.8286676699479447e-07,,148.0
김보경,pH수집,전체,MIX272,0.17995725226383893,0.32057646851672517,0.29154253394093477,0.2937977234505329,2.1215007524609585e-07,,149.0
김보경,pH수집,전체,EyeIrritation6pack_PID96,0.1799351483969854,0.34512101663510597,0.18623536402048146,0.3341054490843131,1.4143338349739723e-07,,150.0
김보경,pH수집,전체,EyeIrritation6pack_PID153,0.1792708362627495,0.1323319941183646,0.3598264934576027,0.3514900218433368,1.4143338349739723e-07,,151.0
김보경,pH수집,전체,MIX56,0.1792708362627495,0.1323319941183646,0.3598264934576027,0.3514900218433368,1.4143338349739723e-07,,152.0
김보경,pH수집,전체,MIX801,0.17841706340751814,0.30435718683924434,0.3953036033161164,0.24489296103620212,1.4143338349739723e-07,,153.0
김보경,pH수집,전체,EyeIrritation6pack_PID832,0.17776289023707192,0.28319823858673,0.09351993966189136,0.40418368975475116,1.4143338349739723e-07,,154.0
김보경,pH수집,전체,MIX608,0.17767976300962443,0.36618450415016274,0.36557037078472854,0.22638825065345788,1.4143338349739723e-07,,155.0
김보경,pH수집,전체,MIX691,0.17615532081211888,0.46445409165304524,0.20529520673781218,0.25230975351163426,0.0,,156.0
김보경,pH수집,전체,EyeIrritation6pack_PID914,0.17576182401773355,0.12812774449768155,0.395497066082513,0.3240599642799919,2.8286676699479447e-07,,157.0
김보경,pH수집,전체,EyeIrritation6pack_PID900,0.17547752249269558,0.17188041775043242,0.3748771273759332,0.31154611383462444,1.4143338349739723e-07,,158.0
김보경,pH수집,전체,EyeIrritation6pack_PID830,0.17515945156633,0.43201858285535916,0.18255616437386163,0.2765772763619783,1.4143338349739723e-07,,159.0
김보경,pH수집,전체,MIX136,0.17441225287384346,0.25141785468618916,0.17247270733978434,0.3694287066553135,1.4143338349739723e-07,,160.0
김보경,pH수집,전체,EyeIrritation6pack_PID303,0.17355656193160243,0.5467432799207028,0.2609058481837031,0.17469730905313843,0.0,,161.0
김보경,pH수집,전체,MIX8,0.1730968410737304,0.14069107094101502,0.20859743903610126,0.40234521525720995,0.0,,162.0
김보경,pH수집,전체,EyeIrritation6pack_PID788,0.1730508254250092,0.05589447791374525,0.24789461588022013,0.42494134927520344,1.4143338349739723e-07,,163.0
김보경,pH수집,전체,MIX55,0.1728446802350669,0.26563772005325564,0.42000467658012225,0.23332754722235605,1.4143338349739723e-07,,164.0
김보경,pH수집,전체,EyeIrritation6pack_PID559,0.17267730037289267,0.37147442187730617,0.148917639219602,0.3153947821166768,1.4143338349739723e-07,,165.0
김보경,pH수집,전체,EyeIrritation6pack_PID687,0.17233229356098123,0.2570140210421097,0.17290071218997408,0.3594834233427176,1.4143338349739723e-07,,166.0
김보경,pH수집,전체,MIX376,0.17156124773663875,0.13719225892079293,0.09074727393950807,0.4579007764918784,2.1215007524609585e-07,,167.0
김보경,pH수집,전체,EyeIrritation6pack_PID856,0.1711512609936632,0.27361463430896205,0.2207624317773304,0.3233154816912199,1.4143338349739723e-07,,168.0
김보경,pH수집,전체,EyeIrritation6pack_PID903,0.17090639509359012,0.22970437412043748,0.47107579278141154,0.21929752303868655,2.8286676699479447e-07,,169.0
김보경,pH수집,전체,MIX640,0.17085365358575993,0.21693338242910412,0.41164946430004234,0.25522047238785966,2.1215007524609585e-07,,170.0
김보경,pH수집,전체,EyeIrritation6pack_PID962,0.1682224263824756,0.21168754613840648,0.12235057751766865,0.3937223594468811,0.0,,171.0
김보경,pH수집,전체,MIX477,0.1682224263824756,0.21168754613840648,0.12235057751766865,0.3937223594468811,0.0,,172.0
김보경,pH수집,전체,EyeIrritation6pack_PID323,0.167368977910189,0.22136044540395744,0.43113776116495645,0.2316473011716618,1.4143338349739723e-07,,173.0
김보경,pH수집,전체,EyeIrritation6pack_PID675,0.16735133177357375,0.32815994895766076,0.3402874011847437,0.22361390892953242,1.4143338349739723e-07,,174.0
김보경,pH수집,전체,EyeIrritation6pack_PID45,0.16733755751352014,0.35267872430194885,0.4127383485191169,0.17508332196786763,0.0,,175.0
김보경,pH수집,전체,EyeIrritation6pack_PID741,0.16603323097444586,0.29371012976209143,0.3226535746549648,0.2452620624617802,1.4143338349739723e-07,,176.0
김보경,pH수집,전체,EyeIrritation6pack_PID817,0.16581723302915283,0.22028985066154738,0.14235102946543948,0.37140348145583807,1.4143338349739723e-07,,177.0
김보경,pH수집,전체,EyeIrritation6pack_PID288,0.16525471580995157,0.5207382464876653,0.10512522907051958,0.23791712634290146,1.4143338349739723e-07,,178.0
김보경,pH수집,전체,EyeIrritation6pack_PID275,0.16518115227435784,0.31411584333536086,0.11118809901247577,0.3379516811627632,1.4143338349739723e-07,,179.0
김보경,pH수집,전체,MIX124,0.16518115227435784,0.31411584333536086,0.11118809901247577,0.3379516811627632,1.4143338349739723e-07,,180.0
김보경,pH수집,전체,EyeIrritation6pack_PID865,0.16431138045487528,0.2901923638952411,0.2480852346205459,0.27856561368051275,1.4143338349739723e-07,,181.0
김보경,pH수집,전체,EyeIrritation6pack_PID316,0.16018758059233337,0.18579548443956304,0.27507927042971264,0.30352122453980673,0.0,,182.0
김보경,pH수집,전체,EyeIrritation6pack_PID854,0.16008438592843635,0.4282711438042495,0.4212189596286012,0.10886937946718449,1.4143338349739723e-07,,183.0
김보경,pH수집,전체,MIX770,0.15870123602759803,0.4242144377307556,0.05109477896243704,0.2913493231675525,1.4143338349739723e-07,,184.0
김보경,pH수집,전체,EyeIrritation6pack_PID330,0.15865853285939746,0.2222353439589289,0.30663815919974846,0.26442483604080824,1.4143338349739723e-07,,185.0
김보경,pH수집,전체,MIX177,0.15865853285939746,0.2222353439589289,0.30663815919974846,0.26442483604080824,1.4143338349739723e-07,,186.0
김보경,pH수집,전체,MIX432,0.158003207734482,0.22376046423334228,0.29627012954490667,0.26666187364797084,1.4143338349739723e-07,,187.0
김보경,pH수집,전체,EyeIrritation6pack_PID289,0.15784216114410873,0.2856528664169136,0.15889871134429406,0.3038645596885806,1.4143338349739723e-07,,188.0
김보경,pH수집,전체,EyeIrritation6pack_PID75,0.15671974854268522,0.24045681221955065,0.3737555758335141,0.21529296778241838,0.0,,189.0
김보경,pH수집,전체,MIX827,0.15605581931808346,0.19372207382229387,0.09270709976815224,0.3769712890205439,1.4143338349739723e-07,,190.0
김보경,pH수집,전체,MIX308,0.1559707359692923,0.2401979916171154,0.35570009054674845,0.2219534121490425,0.0,,191.0
김보경,pH수집,전체,EyeIrritation6pack_PID841,0.1554799026751678,0.3099245651854059,0.43350979928013994,0.14654897143994186,1.4143338349739723e-07,,192.0
김보경,pH수집,전체,MIX460,0.15415606816568503,0.3459397146704132,0.3596586165240764,0.161054206377194,1.4143338349739723e-07,,193.0
김보경,pH수집,전체,MIX805,0.1536386100168633,0.29652991232827863,0.1409263330917494,0.29340029447943,2.1215007524609585e-07,,194.0
김보경,pH수집,전체,EyeIrritation6pack_PID79,0.15257287367170821,0.3091577126469572,0.3457690937661038,0.18111265378798566,1.4143338349739723e-07,,195.0
김보경,pH수집,전체,MIX217,0.15119243358667092,0.2076465558260868,0.0860485549733755,0.35712703464466067,1.4143338349739723e-07,,196.0
김보경,pH수집,전체,EyeIrritation6pack_PID728,0.14816568906118469,0.242963151285449,0.2963669704131847,0.22422038077678746,1.4143338349739723e-07,,197.0
김보경,pH수집,전체,EyeIrritation6pack_PID707,0.14775227040192307,0.14990426612736096,0.036583430968734516,0.39926371945836253,0.0,,198.0
김보경,pH수집,전체,MIX466,0.14765372110366604,0.313542570144393,0.3170041426947905,0.17690533677027231,2.8286676699479447e-07,,199.0
김보경,pH수집,전체,EyeIrritation6pack_PID105,0.14757781963185604,0.28668434431416134,0.22066592294074863,0.2382507432342206,1.4143338349739723e-07,,200.0
김보경,pH수집,전체,MIX1060,0.14742800279208398,0.4605927441677603,0.16419476187909468,0.17903273437234118,1.4143338349739723e-07,,201.0
김보경,pH수집,전체,EyeIrritation6pack_PID796,0.14704612002593206,0.12525565707311162,0.5063298900315223,0.17436077128961205,1.4143338349739723e-07,,202.0
김보경,pH수집,전체,EyeIrritation6pack_PID690,0.1467113060316844,0.29598822761077936,0.4485288384557331,0.11677877658333576,2.8286676699479447e-07,,203.0
김보경,pH수집,전체,EyeIrritation6pack_PID722,0.14575012878958657,0.421407928874766,0.10969968342588211,0.22027995648163115,0.0,,204.0
김보경,pH수집,전체,EyeIrritation6pack_PID694,0.14489742596376604,0.07818794015931654,0.2348176272566037,0.32648835330449305,2.1215007524609585e-07,,205.0
김보경,pH수집,전체,MIX639,0.14439695011696332,0.37358631961766625,0.2357944853121381,0.17663257601379756,1.4143338349739723e-07,,206.0
김보경,pH수집,전체,EyeIrritation6pack_PID765,0.14418168808041534,0.10434463118074767,0.4144985533919198,0.22118403464838404,0.0,,207.0
김보경,pH수집,전체,EyeIrritation6pack_PID838,0.14381928128528101,0.10530011089618695,0.5729264700119847,0.14028431383018422,0.0,,208.0
김보경,pH수집,전체,EyeIrritation6pack_PID795,0.1433253012844391,0.410451393417579,0.27548272722823974,0.1347839439585543,0.0,,209.0
김보경,pH수집,전체,EyeIrritation6pack_PID776,0.1430413493515981,0.3828477598967066,0.07669637280098582,0.2470324314898141,0.0,,210.0
김보경,pH수집,전체,EyeIrritation6pack_PID1054,0.14303836853431298,0.1844702124237466,0.32823637128069544,0.22044126992882226,0.0,,211.0
김보경,pH수집,전체,MIX447,0.14289511643854363,0.22462572007082307,0.3340299663202678,0.19698921159960003,0.0,,212.0
김보경,pH수집,전체,MIX37,0.1424566488888544,0.2736850871039347,0.233878470732824,0.22107352879995734,1.4143338349739723e-07,,213.0
김보경,pH수집,전체,EyeIrritation6pack_PID549,0.1410962755835731,0.1860235640974964,0.2744137120452057,0.24010199767379234,2.1215007524609585e-07,,214.0
김보경,pH수집,전체,MIX370,0.1406900858446694,0.38304300209176606,0.21691131507350303,0.16898960565508556,1.4143338349739723e-07,,215.0
김보경,pH수집,전체,MIX657,0.1393220467133551,0.24795647188987732,0.3555038230425902,0.16267648633377188,1.4143338349739723e-07,,216.0
김보경,pH수집,전체,MIX800,0.1379042207626367,0.22714829631946987,0.245363191207043,0.22342461495650986,2.8286676699479447e-07,,217.0
김보경,pH수집,전체,MIX537,0.13567379889660341,0.15624702829515133,0.3595237944505271,0.1943603963713276,1.4143338349739723e-07,,218.0
김보경,pH수집,전체,EyeIrritation6pack_PID78,0.13566928814981408,0.4886858308933372,0.22005162052236552,0.09786204621368422,1.4143338349739723e-07,,219.0
김보경,pH수집,전체,EyeIrritation6pack_PID938,0.13496560382081899,0.11030102593899085,0.5241584189519709,0.13265543504607114,1.4143338349739723e-07,,220.0
김보경,pH수집,전체,EyeIrritation6pack_PID956,0.1326135705464106,0.330205202897701,0.17834695327373312,0.18776896849114033,1.4143338349739723e-07,,221.0
김보경,pH수집,전체,EyeIrritation6pack_PID443,0.1323101833098682,0.17683593739215625,0.27963364129086504,0.21279877786902737,2.8286676699479447e-07,,222.0
김보경,pH수집,전체,MIX222,0.1323101833098682,0.17683593739215625,0.27963364129086504,0.21279877786902737,2.8286676699479447e-07,,223.0
김보경,pH수집,전체,MIX1034,0.13185628965463955,0.14696312785873075,0.27667280668543953,0.2277028096655355,1.4143338349739723e-07,,224.0
김보경,pH수집,전체,MIX834,0.13161456535741164,0.15832289920357498,0.1318775514254531,0.2936148039656802,1.4143338349739723e-07,,225.0
김보경,pH수집,전체,EyeIrritation6pack_PID173,0.13050437132660228,0.3137237531386062,0.19322999869846463,0.1815376951701389,0.0,,226.0
김보경,pH수집,전체,MIX71,0.13050437132660228,0.3137237531386062,0.19322999869846463,0.1815376951701389,0.0,,227.0
김보경,pH수집,전체,MIX409,0.12943719721129793,0.44769760531456176,0.06848218372641553,0.17336742951717113,0.0,,228.0
김보경,pH수집,전체,EyeIrritation6pack_PID1019,0.12858652299639103,0.2036376008698789,0.22947597262559896,0.21206476799571988,1.4143338349739723e-07,,229.0
김보경,pH수집,전체,MIX572,0.12750608048785447,0.08469282709265931,0.10415927198118054,0.33059403017808375,1.4143338349739723e-07,,230.0
김보경,pH수집,전체,EyeIrritation6pack_PID467,0.126568452751257,0.28723043799270337,0.17193242001356837,0.1923132249232095,1.4143338349739723e-07,,231.0
김보경,pH수집,전체,EyeIrritation6pack_PID919,0.12562054802602998,0.35128866016249555,0.3040889031470155,0.09104618985416653,1.4143338349739723e-07,,232.0
김보경,pH수집,전체,EyeIrritation6pack_PID996,0.1254212032443833,0.17087960417955592,0.37343272300032165,0.14591432531349421,1.4143338349739723e-07,,233.0
김보경,pH수집,전체,EyeIrritation6pack_PID918,0.12434117026817568,0.3383560772195743,0.15585422425660034,0.1673652282446536,1.4143338349739723e-07,,234.0
김보경,pH수집,전체,EyeIrritation6pack_PID828,0.1242368800706052,0.2800687233215849,0.12221135558513715,0.21298270553747833,1.4143338349739723e-07,,235.0
김보경,pH수집,전체,EyeIrritation6pack_PID726,0.12414170131402824,0.3275893222151367,0.09425443327015356,0.20288379330411563,0.0,,236.0
김보경,pH수집,전체,EyeIrritation6pack_PID592,0.12123067285645683,0.11690203249497001,0.14158204871537583,0.27486001367183854,1.4143338349739723e-07,,237.0
김보경,pH수집,전체,MIX291,0.12123067285645683,0.11690203249497001,0.14158204871537583,0.27486001367183854,1.4143338349739723e-07,,238.0
김보경,pH수집,전체,EyeIrritation6pack_PID811,0.12030498645596183,0.26497509058227453,0.36623512765015453,0.08541122953689124,2.1215007524609585e-07,,239.0
김보경,pH수집,전체,MIX638,0.11970656362953665,0.3667609434046892,0.09808922448082791,0.16659660624451897,1.4143338349739723e-07,,240.0
김보경,pH수집,전체,EyeIrritation6pack_PID680,0.11859012825920674,0.08552561900443417,0.22389738686939134,0.24058873601593175,1.4143338349739723e-07,,241.0
김보경,pH수집,전체,EyeIrritation6pack_PID298,0.1185718962819208,0.03197106449815201,0.2439098311787128,0.25729901785679227,1.4143338349739723e-07,,242.0
김보경,pH수집,전체,MIX245,0.1184788453046184,0.2687302510781238,0.06800695340204775,0.2265606935307975,1.4143338349739723e-07,,243.0
김보경,pH수집,전체,MIX293,0.11791098422604986,0.23484428089276402,0.19560195727599503,0.17781330642460869,1.4143338349739723e-07,,244.0
김보경,pH수집,전체,EyeIrritation6pack_PID937,0.11619803724759709,0.29354991214507764,0.17506520241950901,0.15301923354303026,0.0,,245.0
김보경,pH수집,전체,EyeIrritation6pack_PID474,0.11584333468756938,0.2858385819650784,0.3534471327686539,0.06650121443600916,2.8286676699479447e-07,,246.0
김보경,pH수집,전체,EyeIrritation6pack_PID704,0.11312739443487854,0.34797506397526345,0.09743929495515205,0.15438375816203143,2.8286676699479447e-07,,247.0
김보경,pH수집,전체,MIX538,0.11230434124248305,0.1587550293034145,0.16183088602977078,0.21405465789717287,1.4143338349739723e-07,,248.0
김보경,pH수집,전체,EyeIrritation6pack_PID829,0.11225128818207034,0.11656493924039345,0.189993554328763,0.2208914309555559,2.1215007524609585e-07,,249.0
김보경,pH수집,전체,MIX830,0.11086660757814802,0.2745439702764329,0.23352778417642098,0.11551948136739981,0.0,,250.0
김보경,pH수집,전체,EyeIrritation6pack_PID790,0.11075225084945794,0.21392107267653873,0.3086148402639757,0.10790621302793593,0.0,,251.0
김보경,pH수집,전체,EyeIrritation6pack_PID747,0.10950953001064674,0.20582651386408649,0.07533879248653316,0.22444892494900132,1.4143338349739723e-07,,252.0
김보경,pH수집,전체,MIX413,0.10950953001064674,0.20582651386408649,0.07533879248653316,0.22444892494900132,1.4143338349739723e-07,,253.0
김보경,pH수집,전체,MIX826,0.10827477234313118,0.23157856244268588,0.17520246565725334,0.15752520518262297,1.4143338349739723e-07,,254.0
김보경,pH수집,전체,MIX879,0.10724604638546913,0.3611543012363864,0.14038232049903662,0.10671851041718561,0.0,,255.0
김보경,pH수집,전체,EyeIrritation6pack_PID770,0.10412598334709053,0.29203873826772897,0.18450557048725333,0.1088142682016326,1.4143338349739723e-07,,256.0
김보경,pH수집,전체,EyeIrritation6pack_PID28,0.10323249713413973,0.12166186177627832,0.13641970552436408,0.21506735155229992,1.4143338349739723e-07,,257.0
김보경,pH수집,전체,EyeIrritation6pack_PID231,0.10278870096709981,0.255698213120396,0.3094549994615117,0.06005211406594527,2.1215007524609585e-07,,258.0
김보경,pH수집,전체,MIX819,0.1018655156791032,0.12978151176611125,0.25700725410083824,0.14615714741902455,1.4143338349739723e-07,,259.0
김보경,pH수집,전체,MIX818,0.10023852985506167,0.11661846713883893,0.08029563413803294,0.23567119363392497,1.4143338349739723e-07,,260.0
김보경,pH수집,전체,MIX820,0.09938100700462842,0.08281459658789456,0.11407185478545191,0.23282660908424346,1.4143338349739723e-07,,261.0
김보경,pH수집,전체,EyeIrritation6pack_PID444,0.09866058923718066,0.2311279272456705,0.12107905030670127,0.15276495343657165,1.4143338349739723e-07,,262.0
김보경,pH수집,전체,MIX226,0.09433177649195058,0.2622851228618613,0.09049136588057934,0.13805082202410365,1.4143338349739723e-07,,263.0
김보경,pH수집,전체,MIX825,0.09404160609672305,0.2741930781370767,0.19509425096510394,0.07882816719347518,1.4143338349739723e-07,,264.0
김보경,pH수집,전체,EyeIrritation6pack_PID118,0.09279881628070283,0.1262411247746972,0.4098315469788666,0.04129286314771621,1.4143338349739723e-07,,265.0
김보경,pH수집,전체,MIX54,0.09181188270251701,0.13120253304574994,0.418951339588677,0.030962484113331936,1.4143338349739723e-07,,266.0
김보경,pH수집,전체,MIX887,0.08962546803397564,0.17361702855409566,0.15000143050954348,0.13694204771466556,2.1215007524609585e-07,,267.0
김보경,pH수집,전체,MIX246,0.08929499307332173,0.24789138053925197,0.09796988335715012,0.12471915638502673,1.4143338349739723e-07,,268.0
김보경,pH수집,전체,MIX139,0.08719260414347921,0.2235051454236335,0.13409617420206002,0.11184116542090591,1.4143338349739723e-07,,269.0
김보경,pH수집,전체,EyeIrritation6pack_PID29,0.08472225757254605,0.15267222409923764,0.24070743987131968,0.08571750467869681,1.4143338349739723e-07,,270.0
김보경,pH수집,전체,MIX15,0.08449954406039961,0.11505824979492062,0.1727076686963187,0.1377819990445344,1.4143338349739723e-07,,271.0
김보경,pH수집,전체,MIX677,0.08358752222158419,0.261658993823984,0.22138017791095677,0.037105205337709925,2.1215007524609585e-07,,272.0
김보경,pH수집,전체,EyeIrritation6pack_PID512,0.08194596408642313,0.1823266522581168,0.10120864984203944,0.1313853739934876,1.4143338349739723e-07,,273.0
김보경,pH수집,전체,EyeIrritation6pack_PID310,0.06602899401137896,0.25740808168685797,0.08240537290788966,0.0501895422515334,2.8286676699479447e-07,,274.0
이서윤,pH수집,전체,MIX612,0.5969162146878699,0.4494201297776984,0.5105829256746232,0.476240562409095,0.7751089691182329,,1.0
이서윤,pH수집,전체,MIX869,0.5510015248995386,0.30579228778434875,0.497984872477806,0.6330552118856178,0.601295968236325,,2.0
이서윤,pH수집,전체,MIX782,0.5259861960012908,0.5017935714220201,0.43940158790884015,0.5963616175763928,0.5147460920718597,,3.0
이서윤,pH수집,전체,MIX1068,0.5099903891192401,0.2542270411808211,0.45739410333664066,0.2749501475087467,0.801905432972492,,4.0
이서윤,pH수집,전체,MIX1078,0.48116998523145416,0.5813102566770314,0.37840662849523066,0.33308851142531504,0.5932147475700508,,5.0
이서윤,pH수집,전체,MIX780,0.4701951930560718,0.3142158355111201,0.423851027884221,0.4261408617118654,0.5791072625830276,,6.0
이서윤,pH수집,전체,MIX642,0.4666512935713554,0.1411815080841543,0.36485843053759476,0.34710655151484154,0.7165333433091013,,7.0
이서윤,pH수집,전체,MIX846,0.46382931180320003,0.2563361458429002,0.44565044863208664,0.40415141201310567,0.5932147475700508,,8.0
이서윤,pH수집,전체,MIX789,0.45592476206919874,0.2593353626807094,0.46544688561220593,0.36640508599080374,0.5932147475700508,,9.0
이서윤,pH수집,전체,MIX1067,0.45481898220516026,0.4578840495942975,0.3481392466428074,0.4744121056727435,0.47897964016942873,,10.0
이서윤,pH수집,전체,MIX779,0.44577577031396626,0.16177245941567275,0.15632774069961353,0.5359161375621767,0.5932147475700508,,11.0
이서윤,pH수집,전체,MIX617,0.43928140761513235,0.2881357162096139,0.3321580273188958,0.36317149019278505,0.5932147475700508,,12.0
이서윤,pH수집,전체,MIX769,0.4380017683722951,0.3045231971629758,0.5285533064525516,0.25251464600648565,0.5932147475700508,,13.0
이서윤,pH수집,전체,MIX753,0.4350917736321356,0.4852276744960894,0.23794622905821783,0.2977659635698971,0.5932147475700508,,14.0
이서윤,pH수집,전체,MIX849,0.4294162238205,0.4098798815364347,0.18308227087164433,0.34395333977089276,0.5932147475700508,,15.0
이서윤,pH수집,전체,MIX874,0.4193447570149183,0.3760856005766124,0.2507334744823883,0.2934533224268263,0.5932147475700508,,16.0
이서윤,pH수집,전체,MIX758,0.410523770003088,0.12076037943488113,0.6135094863866363,0.2103246370061335,0.5932147475700508,,17.0
이서윤,pH수집,전체,MIX976,0.39676875335697015,0.23208259547056384,0.28191483292698094,0.2746108002310602,0.5932147475700508,,18.0
이서윤,pH수집,전체,MIX776,0.3820679388558679,0.17043537258074154,0.15360614059954786,0.3205860428360138,0.5932147475700508,,19.0
이서윤,pH수집,전체,MIX841,0.36979185123414804,0.25232113184749316,0.15895685232464432,0.23604751526769033,0.5932147475700508,,20.0
이서윤,pH수집,전체,MIX856,0.3649928627237999,0.13450183206818836,0.23020306556447626,0.24333743016959955,0.5932147475700508,,21.0
이서윤,pH수집,전체,MIX777,0.3614264621853816,0.1368439034083246,0.1346306732414818,0.27806458886630103,0.5932147475700508,,22.0
이서윤,pH수집,전체,MIX546,0.3471839138414926,0.5785313117381398,0.19066875354033858,0.43363632755715426,0.2542825144564365,,23.0
이서윤,pH수집,전체,MIX465,0.334641885513172,0.6429125716912084,0.15295916740912963,0.7175368935825597,1.4143338349739723e-07,,24.0
이서윤,pH수집,전체,MIX775,0.3278585568206771,0.07525327454851398,0.11081634563651764,0.20887404921634004,0.5932147475700508,,25.0
이서윤,pH수집,전체,MIX384,0.31984335779791184,0.5014163284499326,0.3682037944551601,0.40409175007462317,0.17043203584940259,,26.0
이서윤,pH수집,전체,MIX480,0.31943889886368926,0.3307877086584084,0.6539134361322542,0.5724457571502996,0.0,,27.0
이서윤,pH수집,전체,MIX517,0.3153891430487011,0.44891007932785154,0.4002920527322974,0.6266957945988287,2.1215007524609585e-07,,28.0
이서윤,pH수집,전체,MIX652,0.309738975021452,0.3484371854062518,0.6466385857919996,0.4691791132643926,0.049309688405991314,,29.0
이서윤,pH수집,전체,EyeIrritation6pack_PID408,0.29817550755190025,0.30456129696985773,0.3015971220129725,0.6908389604370745,1.4143338349739723e-07,,30.0
이서윤,pH수집,전체,MIX195,0.29817550755190025,0.30456129696985773,0.3015971220129725,0.6908389604370745,1.4143338349739723e-07,,31.0
이서윤,pH수집,전체,MIX650,0.2977399450622172,0.2708728900836973,0.4114346753034474,0.6513125122693071,1.4143338349739723e-07,,32.0
이서윤,pH수집,전체,MIX408,0.2929999153526503,0.5145197844009084,0.20257217781450834,0.6181202148232813,1.4143338349739723e-07,,33.0
이서윤,pH수집,전체,MIX18,0.2863384426689237,0.3811488642515168,0.4179136430743223,0.42364911524805027,0.09846082998908205,,34.0
이서윤,pH수집,전체,MIX393,0.2752103835510731,0.057388725174119345,0.4362930296470206,0.6705268791818291,1.4143338349739723e-07,,35.0
이서윤,pH수집,전체,MIX513,0.27476400151444325,0.42875500157193946,0.23000525282418718,0.5864996892722362,1.4143338349739723e-07,,36.0
이서윤,pH수집,전체,MIX616,0.2745908729310339,0.415642246166314,0.43071034857815554,0.49212642382003363,1.4143338349739723e-07,,37.0
이서윤,pH수집,전체,MIX278,0.27304921480642685,0.18355489822419144,0.3146309980540578,0.3556787106758184,0.22904429290485995,,38.0
이서윤,pH수집,전체,MIX467,0.2709633990100163,0.594196611059894,0.28408144789553097,0.46407211197783055,1.4143338349739723e-07,,39.0
이서윤,pH수집,전체,EyeIrritation6pack_PID51,0.26738768901777415,0.3600019649782775,0.3108863768009528,0.555847937258454,1.4143338349739723e-07,,40.0
이서윤,pH수집,전체,MIX165,0.2659127481619702,0.13661392943677705,0.612713929280525,0.5117116149811491,2.1215007524609585e-07,,41.0
이서윤,pH수집,전체,EyeIrritation6pack_PID663,0.2655730144992002,0.4108569039336328,0.3824262161043262,0.4886016330671766,1.4143338349739723e-07,,42.0
이서윤,pH수집,전체,MIX346,0.2655730144992002,0.4108569039336328,0.3824262161043262,0.4886016330671766,1.4143338349739723e-07,,43.0
이서윤,pH수집,전체,MIX778,0.26341787213214435,0.32858265713883006,0.2727494385221918,0.5773933373654591,1.4143338349739723e-07,,44.0
이서윤,pH수집,전체,EyeIrritation6pack_PID40,0.26283157064374424,0.19755883144496772,0.2176337389485371,0.668508667415628,2.1215007524609585e-07,,45.0
이서윤,pH수집,전체,EyeIrritation6pack_PID325,0.26257879405087275,0.34221679424566787,0.39504731992020536,0.5066304011754612,1.4143338349739723e-07,,46.0
이서윤,pH수집,전체,MIX359,0.2614385842323591,0.28505121955591683,0.7454471865748449,0.35621274437581635,0.0,,47.0
이서윤,pH수집,전체,MIX700,0.2607626490579035,0.4178297317133074,0.5549095048391675,0.30166097565754,0.06088367719442557,,48.0
이서윤,pH수집,전체,MIX787,0.25769315735591897,0.2907285724796204,0.25328023730658783,0.5869725977154477,1.4143338349739723e-07,,49.0
이서윤,pH수집,전체,MIX353,0.25710102130086887,0.5942145281820469,0.16131245308051811,0.4792397251271025,1.4143338349739723e-07,,50.0
이서윤,pH수집,전체,EyeIrritation6pack_PID379,0.25561014498252094,0.35632205031211217,0.7435408739168947,0.3021021659160551,1.4143338349739723e-07,,51.0
이서윤,pH수집,전체,MIX575,0.2552805217912383,0.4085819164519849,0.3393394295714199,0.47697421104791393,1.4143338349739723e-07,,52.0
이서윤,pH수집,전체,MIX40,0.25459053649747126,0.5184258553593684,0.29961371463453085,0.4396151480834434,1.4143338349739723e-07,,53.0
이서윤,pH수집,전체,MIX635,0.25255957288094844,0.2682455435021617,0.7750535908756353,0.3202154871697517,1.4143338349739723e-07,,54.0
이서윤,pH수집,전체,MIX23,0.25147807513270337,0.31583909685127504,0.2396324418025257,0.5605241982486773,2.1215007524609585e-07,,55.0
이서윤,pH수집,전체,MIX140,0.2507103903183969,0.6337327844792904,0.3979271489338814,0.31987133435473725,0.0,,56.0
이서윤,pH수집,전체,EyeIrritation6pack_PID602,0.2504414656584689,0.307125093880627,0.3175379511851262,0.5224731744175085,1.4143338349739723e-07,,57.0
이서윤,pH수집,전체,MIX298,0.24629040855844764,0.24061064933856188,0.3404716699012609,0.5304266803304027,1.4143338349739723e-07,,58.0
이서윤,pH수집,전체,EyeIrritation6pack_PID226,0.24555508864442996,0.548455614060286,0.31565700887227244,0.38646036781505383,2.1215007524609585e-07,,59.0
이서윤,pH수집,전체,MIX790,0.24528774374320123,0.2132998174116247,0.4943056314297753,0.46382289947879285,1.4143338349739723e-07,,60.0
이서윤,pH수집,전체,MIX771,0.2435488634621765,0.4907286019206685,0.3842663208978283,0.3743317063089839,2.8286676699479447e-07,,61.0
이서윤,pH수집,전체,EyeIrritation6pack_PID1050,0.24267285044591355,0.21895752531965593,0.42103903258530223,0.4889112225338994,0.0,,62.0
이서윤,pH수집,전체,EyeIrritation6pack_PID1032,0.240639091677509,0.39229497487479015,0.39443738536872036,0.40876384260317444,2.1215007524609585e-07,,63.0
이서윤,pH수집,전체,MIX301,0.23985736195672033,0.2159549579472004,0.07643461971470271,0.6533294681580161,2.1215007524609585e-07,,64.0
이서윤,pH수집,전체,MIX262,0.23919461862101096,0.10778720046782095,0.15454812784555821,0.6661475426688357,1.4143338349739723e-07,,65.0
이서윤,pH수집,전체,MIX579,0.2368189531249421,0.24554857082888226,0.4258042887975745,0.45371970344755597,2.8286676699479447e-07,,66.0
이서윤,pH수집,전체,MIX548,0.23574634554592572,0.2795950465144645,0.339753658652141,0.47614679923644965,0.0,,67.0
이서윤,pH수집,전체,MIX594,0.2351507373180645,0.3815762681759741,0.4725150258058838,0.3252537053727257,0.023652329022420232,,68.0
이서윤,pH수집,전체,MIX785,0.23484619154431988,0.289453814635958,0.29071055824168546,0.4927384520422446,0.0,,69.0
이서윤,pH수집,전체,MIX482,0.23347040437791416,0.18201659116436333,0.5530887838537213,0.410681805172827,1.4143338349739723e-07,,70.0
이서윤,pH수집,전체,MIX431,0.2311461303954442,0.48234050066347056,0.178166140024406,0.4402334981074421,2.1215007524609585e-07,,71.0
이서윤,pH수집,전체,MIX351,0.23050096753569363,0.3759318840011873,0.34001136594876835,0.4103647448994897,1.4143338349739723e-07,,72.0
이서윤,pH수집,전체,EyeIrritation6pack_PID560,0.22955171365664412,0.3717812121052718,0.5353779836995637,0.31159278095306264,0.0,,73.0
이서윤,pH수집,전체,MIX710,0.22949858054277275,0.3178591744528294,0.4723955707219301,0.36986770731068486,1.4143338349739723e-07,,74.0
이서윤,pH수집,전체,EyeIrritation6pack_PID131,0.22918722001729844,0.29151132746476804,0.34019500780207435,0.4481039495574733,2.1215007524609585e-07,,75.0
이서윤,pH수집,전체,MIX79,0.22918722001729844,0.29151132746476804,0.34019500780207435,0.4481039495574733,2.1215007524609585e-07,,76.0
이서윤,pH수집,전체,MIX839,0.2289410121426703,0.31913963574332116,0.4973730580752685,0.3548801716550949,1.4143338349739723e-07,,77.0
이서윤,pH수집,전체,MIX613,0.22824678299863538,0.31762820756711857,0.19144601582568752,0.36683189930384746,0.1045901992464005,,78.0
이서윤,pH수집,전체,MIX711,0.2270969025802724,0.36130256397242805,0.42301527557617236,0.36483047262650753,2.1215007524609585e-07,,79.0
이서윤,pH수집,전체,MIX392,0.2270299516269468,0.07326271353126781,0.1859477411761196,0.6271609952026954,2.1215007524609585e-07,,80.0
이서윤,pH수집,전체,EyeIrritation6pack_PID583,0.22438340343609983,0.3301422665427475,0.29930033221497226,0.4332230958747059,2.1215007524609585e-07,,81.0
이서윤,pH수집,전체,EyeIrritation6pack_PID370,0.22283169828434632,0.46932168039657185,0.5535805615650128,0.23132101805585076,1.4143338349739723e-07,,82.0
이서윤,pH수집,전체,MIX173,0.22153874378449537,0.6793396675768624,0.5292278697415296,0.13417852204461067,1.4143338349739723e-07,,83.0
이서윤,pH수집,전체,MIX685,0.2193551197255687,0.4362232217707228,0.302258145347778,0.3469480929630732,0.011246216922179038,,84.0
이서윤,pH수집,전체,EyeIrritation6pack_PID377,0.2190448469136299,0.1773351929036944,0.37528926640068905,0.4538369771931411,2.1215007524609585e-07,,85.0
이서윤,pH수집,전체,MIX185,0.2190448469136299,0.1773351929036944,0.37528926640068905,0.4538369771931411,2.1215007524609585e-07,,86.0
이서윤,pH수집,전체,EyeIrritation6pack_PID1023,0.21872660865620736,0.30252734888171456,0.3676259164835915,0.39401187426019346,1.4143338349739723e-07,,87.0
이서윤,pH수집,전체,MIX544,0.21872660865620736,0.30252734888171456,0.3676259164835915,0.39401187426019346,1.4143338349739723e-07,,88.0
이서윤,pH수집,전체,MIX391,0.21804826215630513,0.26243690777339357,0.18068787812985307,0.5052649589915491,1.4143338349739723e-07,,89.0
이서윤,pH수집,전체,EyeIrritation6pack_PID49,0.21787013096134386,0.09494759004204822,0.45008209349125466,0.45371892810449477,0.0,,90.0
이서윤,pH수집,전체,MIX151,0.2174164216641283,0.2805777944501903,0.378644754720056,0.39511013096197123,0.0,,91.0
이서윤,pH수집,전체,MIX438,0.21705795118907123,0.10554876718653874,0.542716139799754,0.3993940504704245,0.0,,92.0
이서윤,pH수집,전체,MIX591,0.21547106717255035,0.5236206702836761,0.3654485465248475,0.27370209359306147,1.4143338349739723e-07,,93.0
이서윤,pH수집,전체,MIX701,0.21530523421696235,0.2128955631092979,0.25309964647955274,0.4846862263953488,2.1215007524609585e-07,,94.0
이서윤,pH수집,전체,MIX347,0.21441766392865122,0.30527235625879345,0.14098122721685302,0.49159856611316954,1.4143338349739723e-07,,95.0
이서윤,pH수집,전체,EyeIrritation6pack_PID412,0.2142310501173364,0.33627891263346593,0.6004152157961123,0.24575605902064288,2.8286676699479447e-07,,96.0
이서윤,pH수집,전체,MIX464,0.21379207765917252,0.3595351146563742,0.2981267387338516,0.3838091435909508,1.4143338349739723e-07,,97.0
이서윤,pH수집,전체,EyeIrritation6pack_PID54,0.21366949210563446,0.19588237494376382,0.43709360105948775,0.39574346377264447,1.4143338349739723e-07,,98.0
이서윤,pH수집,전체,MIX459,0.21281451143861088,0.35432567372443885,0.4284554790053951,0.317990939852608,1.4143338349739723e-07,,99.0
이서윤,pH수집,전체,MIX203,0.21253984833417752,0.34906627197020695,0.34061583306180826,0.3636251085979176,0.0,,100.0
이서윤,pH수집,전체,MIX439,0.2121955260838737,0.14929457637664426,0.33371280212980925,0.4658147310263523,0.0,,101.0
이서윤,pH수집,전체,EyeIrritation6pack_PID456,0.21056750589242867,0.5035029007278831,0.21779745885669266,0.3412413179379631,1.4143338349739723e-07,,102.0
이서윤,pH수집,전체,MIX60,0.21030245165559117,0.4876494748812651,0.2301096305164481,0.34212843090860273,1.4143338349739723e-07,,103.0
이서윤,pH수집,전체,MIX300,0.20707115653619618,0.47469337164585274,0.40270044436748925,0.25154009186947157,1.4143338349739723e-07,,104.0
이서윤,pH수집,전체,MIX518,0.20593113541300684,0.2772137709470872,0.31817870483884625,0.3887408801503894,0.0,,105.0
이서윤,pH수집,전체,EyeIrritation6pack_PID535,0.20549910967872626,0.18307721059617257,0.14242205151068632,0.5222472126311468,1.4143338349739723e-07,,106.0
이서윤,pH수집,전체,MIX161,0.20400838506088892,0.32603237157167897,0.4991404954146057,0.2674413281319761,1.4143338349739723e-07,,107.0
이서윤,pH수집,전체,EyeIrritation6pack_PID1008,0.2036680030600267,0.34127082273053594,0.12097097554770161,0.4477722558164589,1.4143338349739723e-07,,108.0
이서윤,pH수집,전체,MIX523,0.2036680030600267,0.34127082273053594,0.12097097554770161,0.4477722558164589,1.4143338349739723e-07,,109.0
이서윤,pH수집,전체,MIX416,0.20304399316567634,0.2598462506813903,0.5550349554328156,0.2693723303394621,2.8286676699479447e-07,,110.0
이서윤,pH수집,전체,MIX121,0.20241273066932525,0.2957070853508851,0.29453570963475323,0.379587704738265,0.0,,111.0
이서윤,pH수집,전체,MIX457,0.20200217738755386,0.19242607337089446,0.3614522962794536,0.39640121788882754,1.4143338349739723e-07,,112.0
이서윤,pH수집,전체,MIX132,0.20161353016530933,0.44705646804372257,0.40661385237238107,0.24520994034297938,0.0,,113.0
이서윤,pH수집,전체,MIX563,0.19916076307767802,0.3658445411293198,0.2411766520039003,0.36035842511447197,1.4143338349739723e-07,,114.0
이서윤,pH수집,전체,EyeIrritation6pack_PID607,0.19489623038546314,0.19980230906312826,0.2896971263445007,0.40490419500321806,1.4143338349739723e-07,,115.0
이서윤,pH수집,전체,MIX306,0.19489623038546314,0.19980230906312826,0.2896971263445007,0.40490419500321806,1.4143338349739723e-07,,116.0
이서윤,pH수집,전체,EyeIrritation6pack_PID396,0.19465856616759133,0.4152494959496011,0.16829333216276665,0.3570904731691206,0.0,,117.0
이서윤,pH수집,전체,MIX191,0.19465856616759133,0.4152494959496011,0.16829333216276665,0.3570904731691206,0.0,,118.0
이서윤,pH수집,전체,EyeIrritation6pack_PID42,0.19426148976552676,0.2301430021882482,0.6900683336240949,0.18743225415656162,2.8286676699479447e-07,,119.0
이서윤,pH수집,전체,MIX492,0.1940619369393276,0.19509409894772545,0.3687562375361808,0.3649479548891389,0.0,,120.0
이서윤,pH수집,전체,MIX792,0.1934625894501249,0.2205066453021496,0.2147430409748425,0.42725017216182004,2.1215007524609585e-07,,121.0
이서윤,pH수집,전체,MIX684,0.1925066588752053,0.3825341892916848,0.23746892594716512,0.31669234940168733,0.011246216922179038,,122.0
이서윤,pH수집,전체,MIX421,0.19250593377981956,0.30892021215678045,0.357767300535154,0.30834250100892,1.4143338349739723e-07,,123.0
이서윤,pH수집,전체,MIX11,0.19244184007292953,0.4557661537468095,0.36476626313024313,0.2312064032267275,1.4143338349739723e-07,,124.0
이서윤,pH수집,전체,MIX145,0.19182470707435784,0.2748921592590841,0.4171750484704868,0.2933817092273847,2.8286676699479447e-07,,125.0
이서윤,pH수집,전체,MIX361,0.18999271205213053,0.32959826469935394,0.3198893809882255,0.30856521732997877,0.0,,126.0
이서윤,pH수집,전체,EyeIrritation6pack_PID50,0.18920180159416,0.24548923230028255,0.28715135273927417,0.3643520023050657,2.8286676699479447e-07,,127.0
이서윤,pH수집,전체,MIX345,0.18896323237717816,0.3170488966218795,0.14944842164101024,0.39662849925904875,2.1215007524609585e-07,,128.0
이서윤,pH수집,전체,MIX98,0.1886959659577751,0.5235033299274,0.18977880045368578,0.2723452051352739,2.1215007524609585e-07,,129.0
이서윤,pH수집,전체,EyeIrritation6pack_PID1055,0.18843379424304543,0.32698211601693544,0.3533527647352007,0.28794520710075017,0.0,,130.0
이서윤,pH수집,전체,MIX647,0.1871624991221418,0.14741158724545272,0.33559893111208494,0.3823695493171926,1.4143338349739723e-07,,131.0
이서윤,pH수집,전체,MIX331,0.18712277528327476,0.4086571511667574,0.2383251357284525,0.3002514408299777,0.0,,132.0
이서윤,pH수집,전체,EyeIrritation6pack_PID635,0.18680633216134948,0.17179183614239577,0.41008860008660364,0.3317475557566652,0.0,,133.0
이서윤,pH수집,전체,EyeIrritation6pack_PID352,0.18657980485786932,0.19428215889569164,0.27303598921517386,0.38827323164844235,2.8286676699479447e-07,,134.0
이서윤,pH수집,전체,MIX547,0.18593043056496839,0.33641043039160934,0.3272353591733463,0.28794520710075017,0.0,,135.0
이서윤,pH수집,전체,MIX708,0.18512929789891844,0.19808492679955914,0.5705336836754592,0.23278816584770773,1.4143338349739723e-07,,136.0
이서윤,pH수집,전체,MIX444,0.1848860721167618,0.25523904493775834,0.22457934747437072,0.3763775222719636,1.4143338349739723e-07,,137.0
이서윤,pH수집,전체,EyeIrritation6pack_PID608,0.18397657870064307,0.29287801721584733,0.5902196454273384,0.17170624243603946,1.4143338349739723e-07,,138.0
이서윤,pH수집,전체,EyeIrritation6pack_PID643,0.1830817045900985,0.1611354232644176,0.17536090686073857,0.44202418357108364,0.0,,139.0
이서윤,pH수집,전체,MIX48,0.1830817045900985,0.1611354232644176,0.17536090686073857,0.44202418357108364,0.0,,140.0
이서윤,pH수집,전체,MIX388,0.18299450453249944,0.341205257489936,0.48825214566557673,0.19525269733047484,2.1215007524609585e-07,,141.0
이서윤,pH수집,전체,MIX26,0.18288975921930853,0.19699236484333174,0.6963375936174366,0.16296717434495486,2.8286676699479447e-07,,142.0
이서윤,pH수집,전체,MIX51,0.1825954577031965,0.36285641200984625,0.18623536402048146,0.3341054490843131,1.4143338349739723e-07,,143.0
이서윤,pH수집,전체,EyeIrritation6pack_PID110,0.1823057271279024,0.2157131140316758,0.44575518232834016,0.2769514203351554,1.4143338349739723e-07,,144.0
이서윤,pH수집,전체,EyeIrritation6pack_PID642,0.17891602438543816,0.24341023765685707,0.0597695329663803,0.4447968626398418,0.0,,145.0
이서윤,pH수집,전체,MIX53,0.17891602438543816,0.24341023765685707,0.0597695329663803,0.4447968626398418,0.0,,146.0
이서윤,pH수집,전체,MIX503,0.17874963200572838,0.26618269065144023,0.2090441639431618,0.3582184908106157,1.4143338349739723e-07,,147.0
이서윤,pH수집,전체,MIX533,0.17822852574764755,0.34488612159047055,0.44084495234437127,0.2012293602802263,1.4143338349739723e-07,,148.0
이서윤,pH수집,전체,MIX410,0.17776289023707192,0.28319823858673,0.09351993966189136,0.40418368975475116,1.4143338349739723e-07,,149.0
이서윤,pH수집,전체,EyeIrritation6pack_PID1051,0.17730271339591647,0.2102419130438218,0.21931789658655068,0.3762291398378687,0.0,,150.0
이서윤,pH수집,전체,MIX719,0.17670115965756988,0.3466365274613959,0.3537997627663391,0.23878572041136545,0.0,,151.0
이서윤,pH수집,전체,MIX475,0.1766363121024818,0.27068502562950186,0.34143639015501903,0.2827268105381675,1.4143338349739723e-07,,152.0
이서윤,pH수집,전체,MIX631,0.17567585478200207,0.42068430439431437,0.16669382939368815,0.2918968328459053,2.1215007524609585e-07,,153.0
이서윤,pH수집,전체,EyeIrritation6pack_PID1007,0.1741976996574391,0.24664915636388893,0.260739601511355,0.32696461992050835,0.0,,154.0
이서윤,pH수집,전체,MIX521,0.1741976996574391,0.24664915636388893,0.260739601511355,0.32696461992050835,0.0,,155.0
이서윤,pH수집,전체,EyeIrritation6pack_PID132,0.1741832551610196,0.21900600669384696,0.42024242655397137,0.2609864453349782,1.4143338349739723e-07,,156.0
이서윤,pH수집,전체,MIX374,0.17409626426420685,0.46001744491063157,0.3887195751393905,0.15595237085567853,0.0,,157.0
이서윤,pH수집,전체,MIX688,0.17326940208482963,0.36472314939700046,0.47334122140035756,0.15853229963957516,1.4143338349739723e-07,,158.0
이서윤,pH수집,전체,MIX479,0.17284875330162972,0.12237574006234728,0.403324911638477,0.3133118079993309,2.8286676699479447e-07,,159.0
이서윤,pH수집,전체,MIX41,0.17262689250705981,0.20218242538002798,0.4355856241306043,0.256538761690372,1.4143338349739723e-07,,160.0
이서윤,pH수집,전체,EyeIrritation6pack_PID373,0.17259181236588172,0.3350505705228349,0.09271108810623842,0.36142502332722454,1.4143338349739723e-07,,161.0
이서윤,pH수집,전체,MIX175,0.17259181236588172,0.3350505705228349,0.09271108810623842,0.36142502332722454,1.4143338349739723e-07,,162.0
이서윤,pH수집,전체,EyeIrritation6pack_PID205,0.17240238688134638,0.345660890806359,0.46916982402762897,0.1672592655208272,0.0,,163.0
이서윤,pH수집,전체,MIX340,0.17233229356098123,0.2570140210421097,0.17290071218997408,0.3594834233427176,1.4143338349739723e-07,,164.0
이서윤,pH수집,전체,EyeIrritation6pack_PID375,0.17217697776263857,0.3463769257874428,0.3053321442101413,0.24806872421000326,0.0,,165.0
이서윤,pH수집,전체,MIX178,0.17217697776263857,0.3463769257874428,0.3053321442101413,0.24806872421000326,0.0,,166.0
이서윤,pH수집,전체,MIX424,0.17188471555056647,0.44913079482447016,0.19586740317094367,0.25044995283751464,0.0,,167.0
이서윤,pH수집,전체,MIX451,0.17183465590465552,0.2618274148529079,0.4411635859140304,0.22128649738753803,1.4143338349739723e-07,,168.0
이서윤,pH수집,전체,MIX836,0.1712123509124956,0.28805661651931536,0.17885665078816387,0.3372508255655564,2.8286676699479447e-07,,169.0
이서윤,pH수집,전체,EyeIrritation6pack_PID629,0.17111521540825067,0.3416667642616063,0.19412419655383042,0.30248819379742786,2.8286676699479447e-07,,170.0
이서윤,pH수집,전체,MIX327,0.17111521540825067,0.3416667642616063,0.19412419655383042,0.30248819379742786,2.8286676699479447e-07,,171.0
이서윤,pH수집,전체,MIX1053,0.17052485317846416,0.50963510468522,0.18908999745560567,0.21905343761328983,1.4143338349739723e-07,,172.0
이서윤,pH수집,전체,MIX580,0.17038143755425494,0.08353214136797585,0.21368527892245426,0.41932903787994547,2.8286676699479447e-07,,173.0
이서윤,pH수집,전체,MIX646,0.1700943205715441,0.29317375836782594,0.4053785376600671,0.2177047319800226,1.4143338349739723e-07,,174.0
이서윤,pH수집,전체,MIX317,0.16985278272419888,0.4222948433762257,0.19386498980100653,0.25809583724753543,1.4143338349739723e-07,,175.0
이서윤,pH수집,전체,MIX656,0.16964703540634357,0.3135265498389603,0.39191203969353533,0.2127708232548974,0.0,,176.0
이서윤,pH수집,전체,MIX590,0.16896424386794692,0.22680304638385027,0.38838482988683654,0.2556199252243794,2.1215007524609585e-07,,177.0
이서윤,pH수집,전체,MIX316,0.16878295141869162,0.352282350184368,0.20003801148786896,0.28644937435942,2.1215007524609585e-07,,178.0
이서윤,pH수집,전체,MIX660,0.16876300545203057,0.14640524562916987,0.22401853984591258,0.3773312701913827,1.4143338349739723e-07,,179.0
이서윤,pH수집,전체,MIX644,0.1684737769831159,0.6794598558962079,0.34593706360006177,0.04888079686225151,0.0,,180.0
이서윤,pH수집,전체,MIX334,0.16735133177357375,0.32815994895766076,0.3402874011847437,0.22361390892953242,1.4143338349739723e-07,,181.0
이서윤,pH수집,전체,MIX429,0.16609544712923663,0.2956456726310182,0.2845927459525582,0.2635322811390006,0.0,,182.0
이서윤,pH수집,전체,MIX401,0.16603323097444586,0.29371012976209143,0.3226535746549648,0.2452620624617802,1.4143338349739723e-07,,183.0
이서윤,pH수집,전체,MIX289,0.16597437911662807,0.3427250347399,0.26132378662139255,0.2512233311302694,1.4143338349739723e-07,,184.0
이서윤,pH수집,전체,MIX539,0.1648593529107368,0.42074873312983296,0.21069149746816168,0.23381087249228072,1.4143338349739723e-07,,185.0
이서윤,pH수집,전체,MIX659,0.16473176917861732,0.33325146038842,0.20715175466017846,0.2789039125820692,2.8286676699479447e-07,,186.0
이서윤,pH수집,전체,MIX440,0.16431138045487528,0.2901923638952411,0.2480852346205459,0.27856561368051275,1.4143338349739723e-07,,187.0
이서윤,pH수집,전체,MIX44,0.16418525597460176,0.2988766547003104,0.4334660337320408,0.18111265378798566,1.4143338349739723e-07,,188.0
이서윤,pH수집,전체,MIX364,0.16259937478486713,0.2770578083050246,0.16953190795424056,0.3187028692420799,1.4143338349739723e-07,,189.0
이서윤,pH수집,전체,EyeIrritation6pack_PID616,0.16193772962940098,0.46950010059858677,0.28206445087139576,0.16400996778516738,1.4143338349739723e-07,,190.0
이서윤,pH수집,전체,MIX554,0.1609707101461973,0.29780165070295783,0.36330103998439467,0.20601768847698146,0.0,,191.0
이서윤,pH수집,전체,EyeIrritation6pack_PID439,0.16066175830976903,0.3056375299849106,0.3394918498686429,0.21297431586127538,1.4143338349739723e-07,,192.0
이서윤,pH수집,전체,MIX218,0.16066175830976903,0.3056375299849106,0.3394918498686429,0.21297431586127538,1.4143338349739723e-07,,193.0
이서윤,pH수집,전체,MIX703,0.15896789133018596,0.16483398242811245,0.4638494740673185,0.21555086569721502,2.8286676699479447e-07,,194.0
이서윤,pH수집,전체,MIX182,0.1587225556958741,0.30846580836508636,0.3557912868405654,0.19694644947224318,1.4143338349739723e-07,,195.0
이서윤,pH수집,전체,MIX598,0.15741442529177632,0.2469563603967082,0.5283743539642433,0.13704939379211203,0.0,,196.0
이서윤,pH수집,전체,MIX795,0.15736850027794078,0.23642418587069952,0.23701445954489925,0.2878421563074918,1.4143338349739723e-07,,197.0
이서윤,pH수집,전체,MIX38,0.15671974854268522,0.24045681221955065,0.3737555758335141,0.21529296778241838,0.0,,198.0
이서윤,pH수집,전체,MIX641,0.15647842696010567,0.07276271109293171,0.5425366018983153,0.21394481717129504,2.1215007524609585e-07,,199.0
이서윤,pH수집,전체,MIX419,0.15624855121335654,0.3259934142655985,0.4046130665246379,0.15552507507155902,1.4143338349739723e-07,,200.0
이서윤,pH수집,전체,MIX411,0.15260821416046272,0.17681617353459708,0.24012395092586114,0.30022379639346863,1.4143338349739723e-07,,201.0
이서윤,pH수집,전체,EyeIrritation6pack_PID1043,0.15251380116686383,0.25805702591603935,0.4377179659746953,0.1604916526996675,1.4143338349739723e-07,,202.0
이서윤,pH수집,전체,EyeIrritation6pack_PID462,0.15245936323942338,0.18403801374401163,0.5309346828706114,0.1507113405795885,1.4143338349739723e-07,,203.0
이서윤,pH수집,전체,MIX212,0.15245936323942338,0.18403801374401163,0.5309346828706114,0.1507113405795885,1.4143338349739723e-07,,204.0
이서윤,pH수집,전체,EyeIrritation6pack_PID48,0.15115430832910312,0.31551966040053964,0.23017026952880854,0.2310027294656696,0.0,,205.0
이서윤,pH수집,전체,MIX430,0.1509241460569631,0.25983924675084713,0.35440167924332117,0.19595983528161487,1.4143338349739723e-07,,206.0
이서윤,pH수집,전체,EyeIrritation6pack_PID223,0.1487079961648212,0.17833111598616114,0.10273473151654108,0.3551602082202082,1.4143338349739723e-07,,207.0
이서윤,pH수집,전체,MIX96,0.1487079961648212,0.17833111598616114,0.10273473151654108,0.3551602082202082,1.4143338349739723e-07,,208.0
이서윤,pH수집,전체,EyeIrritation6pack_PID476,0.14858435435918868,0.3761530981566413,0.2639514394959209,0.17522872379316992,1.4143338349739723e-07,,209.0
이서윤,pH수집,전체,MIX228,0.14858435435918868,0.3761530981566413,0.2639514394959209,0.17522872379316992,1.4143338349739723e-07,,210.0
이서윤,pH수집,전체,EyeIrritation6pack_PID1020,0.14774843786130287,0.4485264112280881,0.13353886365095777,0.201461966853642,1.4143338349739723e-07,,211.0
이서윤,pH수집,전체,MIX43,0.14734812565587022,0.4796949205015006,0.28557834528027504,0.10852359738416832,1.4143338349739723e-07,,212.0
이서윤,pH수집,전체,EyeIrritation6pack_PID1005,0.14606773895556513,0.14664550823642197,0.23017573439213784,0.2984815590041702,2.1215007524609585e-07,,213.0
이서윤,pH수집,전체,EyeIrritation6pack_PID224,0.14533471584363525,0.23785485350774743,0.21240709442641167,0.25931779597827104,2.1215007524609585e-07,,214.0
이서윤,pH수집,전체,EyeIrritation6pack_PID475,0.14273625369166762,0.31874898893564235,0.16660889004809,0.23310838423584793,1.4143338349739723e-07,,215.0
이서윤,pH수집,전체,MIX319,0.14250899879169032,0.3230999954639955,0.22832600276945741,0.19931680827773005,1.4143338349739723e-07,,216.0
이서윤,pH수집,전체,MIX627,0.14145495034836736,0.28590965796968376,0.28439431747168625,0.18636432486269486,1.4143338349739723e-07,,217.0
이서윤,pH수집,전체,MIX449,0.14063443111890434,0.23578878347023413,0.40919272137665536,0.1462906846395698,0.0,,218.0
이서윤,pH수집,전체,MIX576,0.14031461833388717,0.5230017733484444,0.19773267754279028,0.10734816900067319,0.0,,219.0
이서윤,pH수집,전체,MIX224,0.14007132485619578,0.2413342195389986,0.34531560799025446,0.1735793138448481,1.4143338349739723e-07,,220.0
이서윤,pH수집,전체,MIX387,0.13985008814305308,0.36356225351094795,0.10525496503128318,0.231758351205728,0.0,,221.0
이서윤,pH수집,전체,EyeIrritation6pack_PID621,0.13952265298448743,0.18386828957425969,0.18189477282191302,0.28219379017236046,1.4143338349739723e-07,,222.0
이서윤,pH수집,전체,MIX320,0.13952265298448743,0.18386828957425969,0.18189477282191302,0.28219379017236046,1.4143338349739723e-07,,223.0
이서윤,pH수집,전체,MIX1056,0.1394604708511452,0.22539822882683308,0.4149151553150815,0.1447113555216821,1.4143338349739723e-07,,224.0
이서윤,pH수집,전체,EyeIrritation6pack_PID1013,0.1394515215550443,0.2338711864865901,0.2709953641450848,0.21240494128979892,1.4143338349739723e-07,,225.0
이서윤,pH수집,전체,MIX532,0.1394515215550443,0.2338711864865901,0.2709953641450848,0.21240494128979892,1.4143338349739723e-07,,226.0
이서윤,pH수집,전체,MIX484,0.13917194459433857,0.43370900535061696,0.18393971546076593,0.15508183870867015,2.1215007524609585e-07,,227.0
이서윤,pH수집,전체,EyeIrritation6pack_PID473,0.13907633409627776,0.12950815943539495,0.19670705990667495,0.300479887783124,2.1215007524609585e-07,,228.0
이서윤,pH수집,전체,MIX225,0.13907633409627776,0.12950815943539495,0.19670705990667495,0.300479887783124,2.1215007524609585e-07,,229.0
이서윤,pH수집,전체,MIX707,0.13784747422412635,0.40588714984844876,0.1358771319340655,0.18860943985583078,0.0,,230.0
이서윤,pH수집,전체,MIX611,0.13715796952368844,0.13061321455812688,0.18634380858611607,0.298714531595662,1.4143338349739723e-07,,231.0
이서윤,pH수집,전체,MIX584,0.13708111115435465,0.24448635321223355,0.2412222191240761,0.21408256243518267,1.4143338349739723e-07,,232.0
이서윤,pH수집,전체,MIX599,0.1369003435390496,0.08567910901975544,0.32915888677423394,0.2489152919886594,1.4143338349739723e-07,,233.0
이서윤,pH수집,전체,MIX858,0.13598497497034567,0.11234135816647803,0.1955676920910271,0.2993285361945551,1.4143338349739723e-07,,234.0
이서윤,pH수집,전체,MIX534,0.13585434013788147,0.1595463781648064,0.12783883550676478,0.3091550050459747,1.4143338349739723e-07,,235.0
이서윤,pH수집,전체,EyeIrritation6pack_PID553,0.1351440497218328,0.3483526986327401,0.1885463585842933,0.18203044855308143,1.4143338349739723e-07,,236.0
이서윤,pH수집,전체,MIX275,0.1351440497218328,0.3483526986327401,0.1885463585842933,0.18203044855308143,1.4143338349739723e-07,,237.0
이서윤,pH수집,전체,MIX463,0.13496560382081899,0.11030102593899085,0.5241584189519709,0.13265543504607114,1.4143338349739723e-07,,238.0
이서윤,pH수집,전체,MIX549,0.134730933862569,0.1957326305948596,0.09727558602591588,0.30259900456484234,0.0,,239.0
이서윤,pH수집,전체,MIX192,0.13421686413393824,0.2449076585634223,0.20302112143785728,0.2234249685346431,1.4143338349739723e-07,,240.0
이서윤,pH수집,전체,MIX189,0.1337168910863994,0.12061448412569087,0.37021184123406964,0.20030961903027306,1.4143338349739723e-07,,241.0
이서윤,pH수집,전체,MIX227,0.13337279183954892,0.29141659127609376,0.16060328949561947,0.21856584383479513,1.4143338349739723e-07,,242.0
이서윤,pH수집,전체,MIX197,0.13290126018461298,0.3966946467198048,0.09826859100517842,0.1955223931750404,1.4143338349739723e-07,,243.0
이서윤,pH수집,전체,MIX473,0.1326135705464106,0.330205202897701,0.17834695327373312,0.18776896849114033,1.4143338349739723e-07,,244.0
이서윤,pH수집,전체,MIX6,0.12805508470189358,0.30212073666141037,0.25417792232105085,0.14870076427057005,1.4143338349739723e-07,,245.0
이서윤,pH수집,전체,MIX984,0.1275821983308937,0.44422653036787557,0.3972803110212632,0.004520385163898351,1.4143338349739723e-07,,246.0
이서윤,pH수집,전체,EyeIrritation6pack_PID47,0.12751817547750793,0.3078226081421233,0.2448966560111002,0.14870076427057005,1.4143338349739723e-07,,247.0
이서윤,pH수집,전체,MIX329,0.12651369949040359,0.29768891488387256,0.3184234768821904,0.11365594717380258,1.4143338349739723e-07,,248.0
이서윤,pH수집,전체,MIX486,0.12562054802602998,0.35128866016249555,0.3040889031470155,0.09104618985416653,1.4143338349739723e-07,,249.0
이서윤,pH수집,전체,MIX506,0.1254212032443833,0.17087960417955592,0.37343272300032165,0.14591432531349421,1.4143338349739723e-07,,250.0
이서윤,pH수집,전체,MIX540,0.1250686865478507,0.22652012968004281,0.21748615168530924,0.19489229256564838,1.4143338349739723e-07,,251.0
이서윤,pH수집,전체,MIX609,0.12434117026817568,0.3383560772195743,0.15585422425660034,0.1673652282446536,1.4143338349739723e-07,,252.0
이서윤,pH수집,전체,MIX687,0.12417570210770003,0.20964614594995398,0.3853057502546894,0.11644277605657812,2.1215007524609585e-07,,253.0
이서윤,pH수집,전체,MIX390,0.12414170131402824,0.3275893222151367,0.09425443327015356,0.20288379330411563,0.0,,254.0
이서윤,pH수집,전체,MIX338,0.12274534855370717,0.07273683455540689,0.25316104292254454,0.24620203452887018,1.4143338349739723e-07,,255.0
이서윤,pH수집,전체,MIX461,0.11910879144931437,0.24851379435093068,0.16678577357179014,0.1893795208696875,0.0,,256.0
이서윤,pH수집,전체,MIX564,0.11908306561377642,0.2619944778487933,0.37927413270456073,0.07630896390247736,2.1215007524609585e-07,,257.0
이서윤,pH수집,전체,EyeIrritation6pack_PID380,0.1165285363678535,0.33347212009568344,0.12207387513987655,0.16065526836388702,1.4143338349739723e-07,,258.0
이서윤,pH수집,전체,MIX389,0.11312739443487854,0.34797506397526345,0.09743929495515205,0.15438375816203143,2.8286676699479447e-07,,259.0
이서윤,pH수집,전체,MIX395,0.11291428476075631,0.21755440401659082,0.21930490158197638,0.15795101353647048,2.1215007524609585e-07,,260.0
이서윤,pH수집,전체,MIX406,0.11225128818207034,0.11656493924039345,0.189993554328763,0.2208914309555559,2.1215007524609585e-07,,261.0
이서윤,pH수집,전체,EyeIrritation6pack_PID651,0.11161001646948789,0.185768466981613,0.16559770226562442,0.19635002074124058,2.1215007524609585e-07,,262.0
이서윤,pH수집,전체,MIX857,0.11144124927031576,0.12438543052369622,0.20657048557707713,0.2059926842728212,1.4143338349739723e-07,,263.0
이서윤,pH수집,전체,MIX664,0.10632298967136661,0.21414856701681373,0.01784533457235851,0.2384128261987912,1.4143338349739723e-07,,264.0
이서윤,pH수집,전체,EyeIrritation6pack_PID437,0.10142556478256373,0.10684056508765638,0.1849019624353718,0.19221376360252035,1.4143338349739723e-07,,265.0
이서윤,pH수집,전체,MIX746,0.09854608755291193,0.21884064815969825,0.3055407405925779,0.06629626413356836,0.0,,266.0
이서윤,pH수집,전체,MIX358,0.09521012622499728,0.36320702946519695,0.11540914409449926,0.07805881205896482,1.4143338349739723e-07,,267.0
이서윤,pH수집,전체,MIX1072,0.09417078827632068,0.26294175325563124,0.15657974859784876,0.10414149950530625,2.8286676699479447e-07,,268.0
이서윤,pH수집,전체,MIX144,0.08970062173030172,0.1338177393162087,0.2131501891116145,0.12551810822042747,0.0,,269.0
이서윤,pH수집,전체,MIX663,0.08915610076066839,0.08149861501378622,0.13601109121129537,0.1884321494230205,0.0,,270.0
이서윤,pH수집,전체,MIX796,0.08893996068012408,0.10417016484145258,0.19594745261268687,0.14640753829549916,1.4143338349739723e-07,,271.0
이서윤,pH수집,전체,MIX159,0.08705185098938797,0.11452700182808959,0.0469880415305,0.20941512637415377,1.4143338349739723e-07,,272.0
이서윤,pH수집,전체,EyeIrritation6pack_PID406,0.08425517137548498,0.13478910012918013,0.2399487755848911,0.09348144481673631,1.4143338349739723e-07,,273.0
이서윤,pH수집,전체,MIX950,0.08385698331787753,0.03927764392447002,0.13754279878756748,0.19111286779239497,1.4143338349739723e-07,,274.0
이서윤,pH수집,전체,MIX588,0.07533075495586918,0.12065858304361288,0.12656209493218462,0.12749217753166522,0.0,,275.0
이서윤,pH수집,전체,MIX236,0.07297308843266745,0.23696297540585193,0.12909824708618237,0.06021301686287436,0.0,,276.0
이서윤,pH수집,전체,MIX238,0.06681794184930019,0.23019673534318555,0.0959833485264399,0.05963643089618796,0.0,,277.0
이서윤,pH수집,전체,MIX633,0.0395091783300137,0.11976959645787968,0.0810755792621444,0.03127467324003363,0.0,,278.0
이서윤,pH수집,전체,MIX239,0.028206371545210718,0.06552552791148977,0.08942584066657153,0.01654555419500509,0.0,,279.0
이서윤,pH수집,전체,MIX634,0.018293005786561903,0.05978568963902088,0.0504115266548926,0.005878077808249609,0.0,,280.0
정채윤,GHS조사,전체,Cancer_PID_97,0.5479656159901646,,,,,57-14-7,1.0
정채윤,GHS조사,전체,Cancer_PID_9,0.5429760330214669,,,,,121-14-2,2.0
정채윤,GHS조사,전체,Cancer_PID_9,0.5429760330214669,,,,,606-20-2,3.0
정채윤,GHS조사,전체,MIX672,0.5290458103781641,,,,,111988-49-9,4.0
정채윤,GHS조사,전체,MIX782,0.5259861960012908,,,,,6419-19-8,5.0
정채윤,GHS조사,전체,MIX642,0.4666512935713554,,,,,3619-17-8,6.0
정채윤,GHS조사,전체,MIX349,0.41239919552070187,,,,,2032-65-7,7.0
정채윤,GHS조사,전체,EyeIrritation6pack_PID107,0.4089217158803803,,,,,1317-65-3,8.0
정채윤,GHS조사,전체,EyeIrritation6pack_PID380,0.4082940794754423,,,,,122836-35-5,9.0
정채윤,GHS조사,전체,EyeIrritation6pack_PID380,0.4082940794754423,,,,,219714-96-2,10.0
정채윤,GHS조사,전체,MIX981,0.3983398149213244,,,,,84837-04-7,11.0
정채윤,GHS조사,전체,MIX63,0.3915295764923,,,,,149979-41-9,12.0
정채윤,GHS조사,전체,MIX1012,0.37477973478943494,,,,,68606-83-7,13.0
정채윤,GHS조사,전체,EyeIrritation6pack_PID173,0.35539428052559857,,,,,1897-45-6,14.0
정채윤,GHS조사,전체,EyeIrritation6pack_PID970,0.35539428052559857,,,,,82-68-8,15.0
정채윤,GHS조사,전체,EyeIrritation6pack_PID1005,0.3463533006245735,,,,,64742-47-8,16.0
정채윤,GHS조사,전체,EyeIrritation6pack_PID224,0.3463533006245735,,,,,113-48-4,17.0
정채윤,GHS조사,전체,EyeIrritation6pack_PID678,0.3463533006245735,,,,,75-28-5,18.0
정채윤,GHS조사,전체,EyeIrritation6pack_PID131,0.34211348313942636,,,,,52645-53-1,19.0
정채윤,GHS조사,전체,EyeIrritation6pack_PID1028,0.3354367415235784,,,,,175013-18-0,20.0
정채윤,GHS조사,전체,EyeIrritation6pack_PID125,0.3354367415235784,,,,,907204-31-3,21.0
정채윤,GHS조사,전체,EyeIrritation6pack_PID218,0.334641885513172,,,,,131983-72-7,22.0
정채윤,GHS조사,전체,EyeIrritation6pack_PID438,0.334641885513172,,,,,7631-86-9,23.0
정채윤,GHS조사,전체,EyeIrritation6pack_PID933,0.334641885513172,,,,,65997-15-1,24.0
정채윤,GHS조사,전체,EyeIrritation6pack_PID933,0.334641885513172,,,,,13397-24-5,25.0
정채윤,GHS조사,전체,EyeIrritation6pack_PID123,0.329205910715284,,,,,865318-97-4,26.0
정채윤,GHS조사,전체,EyeIrritation6pack_PID1025,0.3263462822626777,,,,,125116-23-6,27.0
정채윤,GHS조사,전체,EyeIrritation6pack_PID1028,0.3263462822626777,,,,,57-55-6,28.0
정채윤,GHS조사,전체,EyeIrritation6pack_PID241,0.32275694659344323,,,,,122008-85-9,29.0
정채윤,GHS조사,전체,EyeIrritation6pack_PID1061,0.3214907540431936,,,,,156052-68-5,30.0
정채윤,GHS조사,전체,EyeIrritation6pack_PID1026,0.31720854848505936,,,,,52918-63-5,31.0
정채윤,GHS조사,전체,EyeIrritation6pack_PID1008,0.3089316370661519,,,,,107534-96-3,32.0
정채윤,GHS조사,전체,EyeIrritation6pack_PID1013,0.30826950849832524,,,,,91465-08-6,33.0
정채윤,GHS조사,전체,EyeIrritation6pack_PID654,0.30402874325980883,,,,,116-06-3,34.0
정채윤,GHS조사,전체,EyeIrritation6pack_PID127,0.3007522564116351,,,,,67701-09-1,35.0
정채윤,GHS조사,전체,EyeIrritation6pack_PID574,0.3003001703286732,,,,,51707-55-2,36.0
정채윤,GHS조사,전체,EyeIrritation6pack_PID131,0.2993016848764969,,,,,51-03-6,37.0
정채윤,GHS조사,전체,EyeIrritation6pack_PID224,0.2993016848764969,,,,,106-97-8,38.0
정채윤,GHS조사,전체,EyeIrritation6pack_PID224,0.2993016848764969,,,,,74-98-6,39.0
정채윤,GHS조사,전체,EyeIrritation6pack_PID631,0.2993016848764969,,,,,65733-18-8,40.0
정채윤,GHS조사,전체,EyeIrritation6pack_PID631,0.2993016848764969,,,,,41096-46-2,41.0
정채윤,GHS조사,전체,EyeIrritation6pack_PID77,0.299254266805914,,,,,150114-71-9,42.0
정채윤,GHS조사,전체,EyeIrritation6pack_PID1026,0.29817550755190025,,,,,153233-91-1,43.0
정채윤,GHS조사,전체,EyeIrritation6pack_PID101,0.2967173295622087,,,,,317815-83-1,44.0
정채윤,GHS조사,전체,EyeIrritation6pack_PID412,0.2960527969311218,,,,,10605-21-7,45.0
정채윤,GHS조사,전체,EyeIrritation6pack_PID692,0.2960420209371784,,,,,66215-27-8,46.0
정채윤,GHS조사,전체,EyeIrritation6pack_PID1001,0.2946953758232506,,,,,199119-58-9,47.0
정채윤,GHS조사,전체,EyeIrritation6pack_PID704,0.2903702302391605,,,,,79277-67-1,48.0
정채윤,GHS조사,전체,EyeIrritation6pack_PID751,0.2903702302391605,,,,,135397-30-7,49.0
정채윤,GHS조사,전체,EyeIrritation6pack_PID1044,0.28993755702131807,,,,,81406-37-3,50.0
정채윤,GHS조사,전체,EyeIrritation6pack_PID242,0.28993755702131807,,,,,101200-48-0,51.0
정채윤,GHS조사,전체,EyeIrritation6pack_PID503,0.28993755702131807,,,,,79277-27-3,52.0
정채윤,GHS조사,전체,EyeIrritation6pack_PID17,0.289684171191443,,,,,23564-05-8,53.0
정채윤,GHS조사,전체,EyeIrritation6pack_PID131,0.2862959096481181,,,,,68359-37-5,54.0
정채윤,GHS조사,전체,EyeIrritation6pack_PID312,0.2852338448439337,,,,,15299-99-7,55.0
정채윤,GHS조사,전체,EyeIrritation6pack_PID1044,0.28458975900249683,,,,,57754-85-5,56.0
정채윤,GHS조사,전체,EyeIrritation6pack_PID173,0.2830966725143978,,,,,119446-68-3,57.0
정채윤,GHS조사,전체,EyeIrritation6pack_PID40,0.28300227450613114,,,,,30560-19-1,58.0
정채윤,GHS조사,전체,EyeIrritation6pack_PID1007,0.28263115700270003,,,,,330-54-1,59.0
정채윤,GHS조사,전체,EyeIrritation6pack_PID411,0.2788492375011649,,,,,7786-80-3,60.0
정채윤,GHS조사,전체,MIX87,0.27881277342302685,,,,,25057-89-0,61.0
정채윤,GHS조사,전체,EyeIrritation6pack_PID1011,0.278276378743856,,,,,64742-94-5,62.0
정채윤,GHS조사,전체,EyeIrritation6pack_PID1011,0.278276378743856,,,,,91-20-3,63.0
정채윤,GHS조사,전체,EyeIrritation6pack_PID1011,0.278276378743856,,,,,68953-96-8,64.0
정채윤,GHS조사,전체,EyeIrritation6pack_PID377,0.278276378743856,,,,,128639-02-1,65.0
정채윤,GHS조사,전체,EyeIrritation6pack_PID414,0.278276378743856,,,,,91-57-6,66.0
정채윤,GHS조사,전체,EyeIrritation6pack_PID414,0.278276378743856,,,,,90-12-0,67.0
정채윤,GHS조사,전체,EyeIrritation6pack_PID1059,0.27809040187936795,,,,,7722-84-1,68.0
정채윤,GHS조사,전체,EyeIrritation6pack_PID1059,0.27809040187936795,,,,,79-21-0,69.0
정채윤,GHS조사,전체,EyeIrritation6pack_PID270,0.2771992944777834,,,,,131341-86-1,70.0
정채윤,GHS조사,전체,EyeIrritation6pack_PID445,0.2771283307030302,,,,,188489-07-8,71.0
정채윤,GHS조사,전체,EyeIrritation6pack_PID419,0.27447015320402,,,,,107-21-1,72.0
정채윤,GHS조사,전체,EyeIrritation6pack_PID463,0.27447015320402,,,,,66332-96-5,73.0
정채윤,GHS조사,전체,EyeIrritation6pack_PID744,0.27317787704564644,,,,,178928-70-6,74.0
정채윤,GHS조사,전체,EyeIrritation6pack_PID776,0.270500807888389,,,,,29091-21-2,75.0
정채윤,GHS조사,전체,EyeIrritation6pack_PID457,0.2700719400646666,,,,,239110-15-7,76.0
정채윤,GHS조사,전체,EyeIrritation6pack_PID104,0.26817171233841613,,,,,243973-20-8,77.0
정채윤,GHS조사,전체,EyeIrritation6pack_PID1019,0.2671755990625812,,,,,52315-07-8,78.0
정채윤,GHS조사,전체,EyeIrritation6pack_PID677,0.2671755990625812,,,,,7696-12-0,79.0
정채윤,GHS조사,전체,EyeIrritation6pack_PID877,0.2658750406644637,,,,,28772-56-7,80.0
정채윤,GHS조사,전체,EyeIrritation6pack_PID386,0.26560562842689595,,,,,155569-91-8,81.0
정채윤,GHS조사,전체,EyeIrritation6pack_PID663,0.2655730144992002,,,,,3567-25-7,82.0
정채윤,GHS조사,전체,EyeIrritation6pack_PID657,0.2653576871056317,,,,,26002-80-2,83.0
정채윤,GHS조사,전체,MIX778,0.26341787213214435,,,,,112-02-7,84.0
정채윤,GHS조사,전체,EyeIrritation6pack_PID217,0.26306065467794854,,,,,21087-64-9,85.0
정채윤,GHS조사,전체,EyeIrritation6pack_PID217,0.26306065467794854,,,,,1332-58-7,86.0
정채윤,GHS조사,전체,EyeIrritation6pack_PID771,0.2614385842323591,,,,,26530-20-1,87.0
정채윤,GHS조사,전체,EyeIrritation6pack_PID223,0.2607626490579035,,,,,32351-70-5,88.0
정채윤,GHS조사,전체,EyeIrritation6pack_PID377,0.2607626490579035,,,,,1918-00-9,89.0
정채윤,GHS조사,전체,EyeIrritation6pack_PID24,0.259604682010463,,,,,71751-41-2,90.0
정채윤,GHS조사,전체,EyeIrritation6pack_PID1039,0.258143154792536,,,,,125225-28-7,91.0
정채윤,GHS조사,전체,EyeIrritation6pack_PID1039,0.258143154792536,,,,,57837-19-1,92.0
정채윤,GHS조사,전체,EyeIrritation6pack_PID578,0.258143154792536,,,,,95-63-6,93.0
정채윤,GHS조사,전체,EyeIrritation6pack_PID977,0.258143154792536,,,,,99129-21-2,94.0
정채윤,GHS조사,전체,EyeIrritation6pack_PID618,0.2578988740212438,,,,,35554-44-0,95.0
정채윤,GHS조사,전체,EyeIrritation6pack_PID520,0.25727639703893274,,,,,8003-34-7,96.0
정채윤,GHS조사,전체,EyeIrritation6pack_PID669,0.25710102130086887,,,,,141776-32-1,97.0
정채윤,GHS조사,전체,EyeIrritation6pack_PID907,0.25542282822109386,,,,,213464-77-8,98.0
정채윤,GHS조사,전체,EyeIrritation6pack_PID1005,0.2550096918825902,,,,,2634-33-5,99.0
정채윤,GHS조사,전체,EyeIrritation6pack_PID18,0.2550096918825902,,,,,6393-42-6,100.0
정채윤,GHS조사,전체,EyeIrritation6pack_PID76,0.25459053649747126,,,,,129909-90-6,101.0
정채윤,GHS조사,전체,EyeIrritation6pack_PID124,0.25336293814869787,,,,,210631-68-8,102.0
정채윤,GHS조사,전체,EyeIrritation6pack_PID226,0.25271370528826564,,,,,82-66-6,103.0
정채윤,GHS조사,전체,EyeIrritation6pack_PID1031,0.25070990461240034,,,,,62-73-7,104.0
정채윤,GHS조사,전체,EyeIrritation6pack_PID107,0.25070990461240034,,,,,108-95-2,105.0
정채윤,GHS조사,전체,EyeIrritation6pack_PID804,0.25070990461240034,,,,,22248-79-9,106.0
정채윤,GHS조사,전체,EyeIrritation6pack_PID370,0.24926209836615937,,,,,88671-89-0,107.0
정채윤,GHS조사,전체,EyeIrritation6pack_PID737,0.24926209836615937,,,,,494793-67-8,108.0
정채윤,GHS조사,전체,EyeIrritation6pack_PID228,0.24830592231150167,,,,,39148-24-8,109.0
정채윤,GHS조사,전체,EyeIrritation6pack_PID791,0.24532482268988484,,,,,110-82-7,110.0
정채윤,GHS조사,전체,MIX790,0.24528774374320123,,,,,7647-01-0,111.0
정채윤,GHS조사,전체,MIX790,0.24528774374320123,,,,,77-92-9,112.0
정채윤,GHS조사,전체,EyeIrritation6pack_PID608,0.2440405644325614,,,,,32426-11-2,113.0
정채윤,GHS조사,전체,EyeIrritation6pack_PID608,0.2440405644325614,,,,,5538-94-3,114.0
정채윤,GHS조사,전체,EyeIrritation6pack_PID608,0.2440405644325614,,,,,7173-51-5,115.0
정채윤,GHS조사,전체,EyeIrritation6pack_PID49,0.24110450478298698,,,,,52-51-7,116.0
정채윤,GHS조사,전체,EyeIrritation6pack_PID377,0.23985736195672033,,,,,16484-77-8,117.0
정채윤,GHS조사,전체,EyeIrritation6pack_PID535,0.23919461862101096,,,,,94-75-7,118.0
정채윤,GHS조사,전체,EyeIrritation6pack_PID107,0.2384441368420967,,,,,131860-33-8,119.0
정채윤,GHS조사,전체,EyeIrritation6pack_PID23,0.2384441368420967,,,,,20427-59-2,120.0
정채윤,GHS조사,전체,EyeIrritation6pack_PID23,0.2384441368420967,,,,,94361-06-5,121.0
정채윤,GHS조사,전체,EyeIrritation6pack_PID533,0.2351795143496937,,,,,64742-56-9,122.0
정채윤,GHS조사,전체,EyeIrritation6pack_PID533,0.2351795143496937,,,,,64742-65-0,123.0
정채윤,GHS조사,전체,EyeIrritation6pack_PID533,0.2351795143496937,,,,,1315501-18-8,124.0
정채윤,GHS조사,전체,MIX785,0.23484619154431988,,,,,110-80-5,125.0
정채윤,GHS조사,전체,MIX785,0.23484619154431988,,,,,9002-93-1,126.0
정채윤,GHS조사,전체,MIX788,0.23469154134651413,,,,,1643-20-5,127.0
정채윤,GHS조사,전체,EyeIrritation6pack_PID592,0.2324764183566875,,,,,950782-86-2,128.0
정채윤,GHS조사,전체,EyeIrritation6pack_PID593,0.2324764183566875,,,,,10007-85-9,129.0
정채윤,GHS조사,전체,EyeIrritation6pack_PID593,0.2324764183566875,,,,,66423-05-0,130.0
정채윤,GHS조사,전체,EyeIrritation6pack_PID520,0.23121751206498595,,,,,9003-13-8,131.0
정채윤,GHS조사,전체,MIX839,0.2289410121426703,,,,,1312-76-1,132.0
정채윤,GHS조사,전체,EyeIrritation6pack_PID154,0.22891171180394412,,,,,108-32-7,133.0
정채윤,GHS조사,전체,EyeIrritation6pack_PID58,0.2285642480865275,,,,,27519-02-4,134.0
정채윤,GHS조사,전체,EyeIrritation6pack_PID477,0.22854316154393037,,,,,87674-68-8,135.0
정채윤,GHS조사,전체,EyeIrritation6pack_PID722,0.22854316154393037,,,,,81335-77-5,136.0
정채윤,GHS조사,전체,EyeIrritation6pack_PID727,0.2270299516269468,,,,,1184-64-1,137.0
정채윤,GHS조사,전체,EyeIrritation6pack_PID1039,0.2266264054838447,,,,,5234-68-4,138.0
정채윤,GHS조사,전체,EyeIrritation6pack_PID121,0.2266264054838447,,,,,141517-21-7,139.0
정채윤,GHS조사,전체,EyeIrritation6pack_PID822,0.22618501338108896,,,,,10377-60-3,140.0
정채윤,GHS조사,전체,EyeIrritation6pack_PID101,0.22438340343609983,,,,,68425-94-5,141.0
정채윤,GHS조사,전체,EyeIrritation6pack_PID252,0.22226651182794155,,,,,56-72-4,142.0
정채윤,GHS조사,전체,EyeIrritation6pack_PID254,0.22226651182794155,,,,,68477-31-6,143.0
정채윤,GHS조사,전체,EyeIrritation6pack_PID53,0.22204658617789963,,,,,148-79-8,144.0
정채윤,GHS조사,전체,EyeIrritation6pack_PID100,0.22161708658853027,,,,,144550-36-7,145.0
정채윤,GHS조사,전체,EyeIrritation6pack_PID134,0.22027815047391605,,,,,5915-41-3,146.0
정채윤,GHS조사,전체,EyeIrritation6pack_PID505,0.22010497892829267,,,,,112926-00-8,147.0
정채윤,GHS조사,전체,EyeIrritation6pack_PID817,0.21971366491341368,,,,,374726-62-2,148.0
정채윤,GHS조사,전체,EyeIrritation6pack_PID3,0.21888881979348798,,,,,104206-82-8,149.0
정채윤,GHS조사,전체,EyeIrritation6pack_PID478,0.21858943416588114,,,,,134098-61-6,150.0
정채윤,GHS조사,전체,EyeIrritation6pack_PID1013,0.2174164216641283,,,,,35367-38-5,151.0
정채윤,GHS조사,전체,EyeIrritation6pack_PID874,0.21705795118907123,,,,,68476-86-8,152.0
정채윤,GHS조사,전체,EyeIrritation6pack_PID594,0.21547106717255035,,,,,74223-64-6,153.0
정채윤,GHS조사,전체,EyeIrritation6pack_PID694,0.21530523421696235,,,,,123-33-1,154.0
정채윤,GHS조사,전체,EyeIrritation6pack_PID1048,0.21428436393423728,,,,,12069-69-1,155.0
정채윤,GHS조사,전체,EyeIrritation6pack_PID270,0.21372069039410155,,,,,70630-17-0,156.0
정채윤,GHS조사,전체,EyeIrritation6pack_PID1027,0.213577446959951,,,,,122548-33-8,157.0
정채윤,GHS조사,전체,Cancer_PID_1057,0.2131837247828356,,,,,1330-20-7,158.0
정채윤,GHS조사,전체,Cancer_PID_1057,0.2131837247828356,,,,,100-41-4,159.0
정채윤,GHS조사,전체,EyeIrritation6pack_PID875,0.2131837247828356,,,,,8050-09-7,160.0
정채윤,GHS조사,전체,EyeIrritation6pack_PID875,0.2131837247828356,,,,,1314-13-2,161.0
정채윤,GHS조사,전체,EyeIrritation6pack_PID875,0.2131837247828356,,,,,108-10-1,162.0
정채윤,GHS조사,전체,EyeIrritation6pack_PID875,0.2131837247828356,,,,,25154-85-2,163.0
정채윤,GHS조사,전체,EyeIrritation6pack_PID875,0.2131837247828356,,,,,1317-38-0,164.0
정채윤,GHS조사,전체,EyeIrritation6pack_PID875,0.2131837247828356,,,,,7440-50-8,165.0
정채윤,GHS조사,전체,EyeIrritation6pack_PID1016,0.2121955260838737,,,,,134-62-3,166.0
정채윤,GHS조사,전체,EyeIrritation6pack_PID469,0.21183376227440467,,,,,133-07-3,167.0
정채윤,GHS조사,전체,EyeIrritation6pack_PID326,0.2116412508843203,,,,,361377-29-9,168.0
정채윤,GHS조사,전체,EyeIrritation6pack_PID456,0.21056750589242867,,,,,69770-45-2,169.0
정채윤,GHS조사,전체,EyeIrritation6pack_PID456,0.21056750589242867,,,,,8012-95-1,170.0
정채윤,GHS조사,전체,EyeIrritation6pack_PID1034,0.20999435430628396,,,,,533-74-4,171.0
정채윤,GHS조사,전체,EyeIrritation6pack_PID1033,0.20701464837115002,,,,,125401-92-5,172.0
정채윤,GHS조사,전체,EyeIrritation6pack_PID1005,0.20593113541300684,,,,,6440-58-0,173.0
정채윤,GHS조사,전체,EyeIrritation6pack_PID1005,0.20593113541300684,,,,,67-47-0,174.0
정채윤,GHS조사,전체,EyeIrritation6pack_PID629,0.20593113541300684,,,,,8042-47-5,175.0
정채윤,GHS조사,전체,MIX518,0.20593113541300684,,,,,123-95-5,176.0
정채윤,GHS조사,전체,MIX518,0.20593113541300684,,,,,8009-03-8,177.0
정채윤,GHS조사,전체,MIX518,0.20593113541300684,,,,,64742-54-7,178.0
정채윤,GHS조사,전체,MIX21,0.20553531300438654,,,,,11067-82-6,179.0
정채윤,GHS조사,전체,EyeIrritation6pack_PID58,0.2046678351710007,,,,,68585-47-7,180.0
정채윤,GHS조사,전체,EyeIrritation6pack_PID132,0.20395427357739757,,,,,55965-84-9,181.0
정채윤,GHS조사,전체,EyeIrritation6pack_PID1029,0.20342690702169475,,,,,103361-09-7,182.0
정채윤,GHS조사,전체,EyeIrritation6pack_PID1029,0.20342690702169475,,,,,447399-55-5,183.0
정채윤,GHS조사,전체,EyeIrritation6pack_PID777,0.20328605810559164,,,,,127277-53-6,184.0
정채윤,GHS조사,전체,EyeIrritation6pack_PID443,0.20189802790670067,,,,,142459-58-3,185.0
정채윤,GHS조사,전체,EyeIrritation6pack_PID396,0.19935596020509128,,,,,36734-19-7,186.0
정채윤,GHS조사,전체,EyeIrritation6pack_PID28,0.19851486601538668,,,,,65195-55-3,187.0
정채윤,GHS조사,전체,EyeIrritation6pack_PID536,0.1974966066644662,,,,,55335-06-3,188.0
정채윤,GHS조사,전체,EyeIrritation6pack_PID480,0.19679160134450982,,,,,121-75-5,189.0
정채윤,GHS조사,전체,EyeIrritation6pack_PID1026,0.19451584898021843,,,,,39515-41-8,190.0
정채윤,GHS조사,전체,EyeIrritation6pack_PID42,0.19426148976552676,,,,,57960-19-7,191.0
정채윤,GHS조사,전체,EyeIrritation6pack_PID675,0.1940619369393276,,,,,67-63-0,192.0
정채윤,GHS조사,전체,EyeIrritation6pack_PID923,0.1940619369393276,,,,,94-09-7,193.0
정채윤,GHS조사,전체,EyeIrritation6pack_PID801,0.1938781169981456,,,,,114-26-1,194.0
정채윤,GHS조사,전체,EyeIrritation6pack_PID801,0.1938781169981456,,,,,72490-01-8,195.0
정채윤,GHS조사,전체,EyeIrritation6pack_PID687,0.19350567879195887,,,,,7681-52-9,196.0
정채윤,GHS조사,전체,EyeIrritation6pack_PID489,0.1928491628314389,,,,,88-04-0,197.0
정채윤,GHS조사,전체,EyeIrritation6pack_PID1002,0.1921767470075618,,,,,1582-09-8,198.0
정채윤,GHS조사,전체,MIX783,0.1921456253742944,,,,,124-07-2,199.0
정채윤,GHS조사,전체,MIX794,0.1921456253742944,,,,,112-80-1,200.0
정채윤,GHS조사,전체,EyeIrritation6pack_PID306,0.19182470707435784,,,,,28159-98-0,201.0
정채윤,GHS조사,전체,EyeIrritation6pack_PID281,0.1905917495143483,,,,,120116-88-3,202.0
정채윤,GHS조사,전체,MIX807,0.1889034569867443,,,,,7782-50-5,203.0
정채윤,GHS조사,전체,EyeIrritation6pack_PID1055,0.18843379424304543,,,,,98967-40-9,204.0
정채윤,GHS조사,전체,EyeIrritation6pack_PID814,0.1877495321540214,,,,,5598-13-0,205.0
정채윤,GHS조사,전체,MIX647,0.1871624991221418,,,,,118-52-5,206.0
정채윤,GHS조사,전체,MIX647,0.1871624991221418,,,,,16079-88-2,207.0
정채윤,GHS조사,전체,MIX647,0.1871624991221418,,,,,89415-87-2,208.0
정채윤,GHS조사,전체,EyeIrritation6pack_PID274,0.18610932045702028,,,,,10049-04-4,209.0
정채윤,GHS조사,전체,EyeIrritation6pack_PID699,0.18539593193588685,,,,,272451-65-7,210.0
정채윤,GHS조사,전체,EyeIrritation6pack_PID871,0.1846241055213804,,,,,7727-43-1,211.0
정채윤,GHS조사,전체,EyeIrritation6pack_PID474,0.18440918179120055,,,,,98886-44-3,212.0
정채윤,GHS조사,전체,EyeIrritation6pack_PID716,0.18334502261750274,,,,,181274-15-7,213.0
정채윤,GHS조사,전체,EyeIrritation6pack_PID116,0.1830817045900985,,,,,139968-49-3,214.0
정채윤,GHS조사,전체,EyeIrritation6pack_PID110,0.1823057271279024,,,,,85409-22-9,215.0
정채윤,GHS조사,전체,EyeIrritation6pack_PID110,0.1823057271279024,,,,,111-30-8,216.0
정채윤,GHS조사,전체,EyeIrritation6pack_PID286,0.18226882056282026,,,,,68085-85-8,217.0
정채윤,GHS조사,전체,EyeIrritation6pack_PID176,0.18132924893984234,,,,,116255-48-2,218.0
정채윤,GHS조사,전체,EyeIrritation6pack_PID329,0.18054623265268438,,,,,112281-77-3,219.0
정채윤,GHS조사,전체,EyeIrritation6pack_PID1011,0.18032151211508718,,,,,2921-88-2,220.0
정채윤,GHS조사,전체,EyeIrritation6pack_PID1011,0.18032151211508718,,,,,71-36-3,221.0
정채윤,GHS조사,전체,EyeIrritation6pack_PID419,0.17995725226383893,,,,,102851-06-9,222.0
정채윤,GHS조사,전체,EyeIrritation6pack_PID865,0.17912147556359156,,,,,874967-67-6,223.0
정채윤,GHS조사,전체,EyeIrritation6pack_PID1051,0.17730271339591647,,,,,104-55-2,224.0
정채윤,GHS조사,전체,EyeIrritation6pack_PID501,0.17723474753364662,,,,,25036-25-3,225.0
정채윤,GHS조사,전체,EyeIrritation6pack_PID501,0.17723474753364662,,,,,64742-95-6,226.0
정채윤,GHS조사,전체,EyeIrritation6pack_PID501,0.17723474753364662,,,,,107-98-2,227.0
정채윤,GHS조사,전체,EyeIrritation6pack_PID501,0.17723474753364662,,,,,78-83-1,228.0
정채윤,GHS조사,전체,EyeIrritation6pack_PID501,0.17723474753364662,,,,,7779-90-0,229.0
정채윤,GHS조사,전체,EyeIrritation6pack_PID501,0.17723474753364662,,,,,68002-19-7,230.0
정채윤,GHS조사,전체,EyeIrritation6pack_PID102,0.1768805321870242,,,,,67485-29-4,231.0
정채윤,GHS조사,전체,EyeIrritation6pack_PID1039,0.17617820574815699,,,,,11138-66-2,232.0
정채윤,GHS조사,전체,EyeIrritation6pack_PID900,0.17547752249269558,,,,,93-15-2,233.0
정채윤,GHS조사,전체,EyeIrritation6pack_PID676,0.17488951743285447,,,,,203313-25-1,234.0
정채윤,GHS조사,전체,MIX927,0.17443016450954008,,,,,23132-17-4,235.0
정채윤,GHS조사,전체,MIX927,0.17443016450954008,,,,,75-05-8,236.0
정채윤,GHS조사,전체,EyeIrritation6pack_PID1007,0.1741976996574391,,,,,4719-04-4,237.0
정채윤,GHS조사,전체,EyeIrritation6pack_PID1007,0.1741976996574391,,,,,141-43-5,238.0
정채윤,GHS조사,전체,EyeIrritation6pack_PID464,0.17364757857444144,,,,,76674-21-0,239.0
정채윤,GHS조사,전체,EyeIrritation6pack_PID303,0.17355656193160243,,,,,137-26-8,240.0
정채윤,GHS조사,전체,EyeIrritation6pack_PID142,0.1734096013212941,,,,,13684-56-5,241.0
정채윤,GHS조사,전체,EyeIrritation6pack_PID142,0.1734096013212941,,,,,13684-63-4,242.0
정채윤,GHS조사,전체,EyeIrritation6pack_PID1053,0.17284137819702544,,,,,2758-42-1,243.0
정채윤,GHS조사,전체,MIX838,0.17284131864050664,,,,,572912-13-1,244.0
정채윤,GHS조사,전체,EyeIrritation6pack_PID287,0.17259181236588172,,,,,57966-95-7,245.0
정채윤,GHS조사,전체,EyeIrritation6pack_PID893,0.17183465590465552,,,,,56425-91-3,246.0
정채윤,GHS조사,전체,EyeIrritation6pack_PID893,0.17183465590465552,,,,,76738-62-0,247.0
정채윤,GHS조사,전체,EyeIrritation6pack_PID893,0.17183465590465552,,,,,95266-40-3,248.0
정채윤,GHS조사,전체,MIX589,0.17133408899264987,,,,,372137-35-4,249.0
정채윤,GHS조사,전체,EyeIrritation6pack_PID903,0.17090639509359012,,,,,1689-99-2,250.0
정채윤,GHS조사,전체,EyeIrritation6pack_PID651,0.16878295141869162,,,,,9084-06-4,251.0
정채윤,GHS조사,전체,EyeIrritation6pack_PID651,0.16878295141869162,,,,,1344-00-9,252.0
정채윤,GHS조사,전체,MIX802,0.16870518353443714,,,,,7705-08-0,253.0
정채윤,GHS조사,전체,EyeIrritation6pack_PID812,0.16806308829515587,,,,,123-42-2,254.0
정채윤,GHS조사,전체,EyeIrritation6pack_PID194,0.16786476524745406,,,,,133-06-2,255.0
정채윤,GHS조사,전체,EyeIrritation6pack_PID675,0.16735133177357375,,,,,78-93-3,256.0
정채윤,GHS조사,전체,EyeIrritation6pack_PID675,0.16735133177357375,,,,,68410-23-1,257.0
정채윤,GHS조사,전체,EyeIrritation6pack_PID675,0.16735133177357375,,,,,112-24-3,258.0
정채윤,GHS조사,전체,EyeIrritation6pack_PID567,0.16586091135275724,,,,,160430-64-8,259.0
정채윤,GHS조사,전체,EyeIrritation6pack_PID1020,0.1648593529107368,,,,,40487-42-1,260.0
정채윤,GHS조사,전체,EyeIrritation6pack_PID354,0.16435198865244624,,,,,146659-78-1,261.0
정채윤,GHS조사,전체,EyeIrritation6pack_PID1054,0.1609707101461973,,,,,422556-08-9,262.0
정채윤,GHS조사,전체,EyeIrritation6pack_PID814,0.1609582529887641,,,,,128-37-0,263.0
정채윤,GHS조사,전체,EyeIrritation6pack_PID814,0.1609582529887641,,,,,2402-79-1,264.0
정채윤,GHS조사,전체,EyeIrritation6pack_PID413,0.15871165359894743,,,,,78330-21-9,265.0
정채윤,GHS조사,전체,EyeIrritation6pack_PID505,0.15871165359894743,,,,,161050-58-4,266.0
정채윤,GHS조사,전체,EyeIrritation6pack_PID806,0.15868303515162216,,,,,1982-69-0,267.0
정채윤,GHS조사,전체,EyeIrritation6pack_PID806,0.15868303515162216,,,,,82097-50-5,268.0
정채윤,GHS조사,전체,EyeIrritation6pack_PID739,0.15867561730297727,,,,,16961-83-4,269.0
정채윤,GHS조사,전체,EyeIrritation6pack_PID330,0.15865853285939746,,,,,29232-93-7,270.0
정채윤,GHS조사,전체,EyeIrritation6pack_PID330,0.15865853285939746,,,,,117-81-7,271.0
정채윤,GHS조사,전체,EyeIrritation6pack_PID80,0.15819973815560007,,,,,82558-50-7,272.0
정채윤,GHS조사,전체,EyeIrritation6pack_PID75,0.15671974854268522,,,,,834-12-8,273.0
정채윤,GHS조사,전체,EyeIrritation6pack_PID829,0.15647842696010567,,,,,16752-77-5,274.0
정채윤,GHS조사,전체,EyeIrritation6pack_PID41,0.15466314866904093,,,,,7757-82-6,275.0
정채윤,GHS조사,전체,EyeIrritation6pack_PID41,0.15466314866904093,,,,,26361-40-5,276.0
정채윤,GHS조사,전체,EyeIrritation6pack_PID41,0.15466314866904093,,,,,9003-39-8,277.0
정채윤,GHS조사,전체,EyeIrritation6pack_PID29,0.15357378653314688,,,,,65195-56-4,278.0
정채윤,GHS조사,전체,EyeIrritation6pack_PID413,0.15325763286758315,,,,,71283-80-2,279.0
정채윤,GHS조사,전체,EyeIrritation6pack_PID413,0.15325763286758315,,,,,135590-91-9,280.0
정채윤,GHS조사,전체,EyeIrritation6pack_PID413,0.15325763286758315,,,,,149253-65-6,281.0
정채윤,GHS조사,전체,EyeIrritation6pack_PID382,0.1532119512570305,,,,,91078-64-7,282.0
정채윤,GHS조사,전체,EyeIrritation6pack_PID382,0.1532119512570305,,,,,105859-97-0,283.0
정채윤,GHS조사,전체,EyeIrritation6pack_PID1037,0.1518335942191015,,,,,64742-46-7,284.0
정채윤,GHS조사,전체,EyeIrritation6pack_PID738,0.15155430968453432,,,,,53112-28-0,285.0
정채윤,GHS조사,전체,EyeIrritation6pack_PID283,0.15116740338628248,,,,,180409-60-3,286.0
정채윤,GHS조사,전체,EyeIrritation6pack_PID674,0.15049540152926633,,,,,627-91-8,287.0
정채윤,GHS조사,전체,EyeIrritation6pack_PID838,0.14919145651312374,,,,,87392-12-9,288.0
정채윤,GHS조사,전체,EyeIrritation6pack_PID314,0.147511203275731,,,,,15165-67-0,289.0
정채윤,GHS조사,전체,EyeIrritation6pack_PID1044,0.14350022008201302,,,,,75-09-0,290.0
정채윤,GHS조사,전체,EyeIrritation6pack_PID1044,0.14350022008201302,,,,,29450-45-1,291.0
정채윤,GHS조사,전체,EyeIrritation6pack_PID1045,0.1414647968240324,,,,,137-20-2,292.0
정채윤,GHS조사,전체,EyeIrritation6pack_PID924,0.14052709895908042,,,,,101-68-8,293.0
정채윤,GHS조사,전체,EyeIrritation6pack_PID924,0.14052709895908042,,,,,9016-87-9,294.0
정채윤,GHS조사,전체,EyeIrritation6pack_PID924,0.14052709895908042,,,,,5873-54-1,295.0
정채윤,GHS조사,전체,EyeIrritation6pack_PID505,0.14007132485619578,,,,,6834-92-0,296.0
정채윤,GHS조사,전체,Cancer_PID_1057,0.13756602939348522,,,,,98-82-8,297.0
정채윤,GHS조사,전체,EyeIrritation6pack_PID800,0.1372103155096439,,,,,85409-23-0,298.0
정채윤,GHS조사,전체,EyeIrritation6pack_PID800,0.1372103155096439,,,,,68391-01-5,299.0
정채윤,GHS조사,전체,EyeIrritation6pack_PID800,0.1372103155096439,,,,,5131-66-8,300.0
정채윤,GHS조사,전체,MIX584,0.13708111115435465,,,,,20193-20-8,301.0
정채윤,GHS조사,전체,EyeIrritation6pack_PID639,0.1369003435390496,,,,,208465-21-8,302.0
정채윤,GHS조사,전체,MIX858,0.13598497497034567,,,,,99-76-3,303.0
정채윤,GHS조사,전체,EyeIrritation6pack_PID553,0.1351440497218328,,,,,173584-44-6,304.0
정채윤,GHS조사,전체,EyeIrritation6pack_PID956,0.1326135705464106,,,,,79-14-1,305.0
정채윤,GHS조사,전체,EyeIrritation6pack_PID869,0.12931196935355233,,,,,431040-31-2,306.0
정채윤,GHS조사,전체,EyeIrritation6pack_PID996,0.1254212032443833,,,,,76-87-9,307.0
정채윤,GHS조사,전체,EyeIrritation6pack_PID918,0.12434117026817568,,,,,7287-19-6,308.0
정채윤,GHS조사,전체,MIX156,0.12175514852074074,,,,,163520-33-0,309.0
정채윤,GHS조사,전체,EyeIrritation6pack_PID592,0.12123067285645683,,,,,66423-09-4,310.0
정채윤,GHS조사,전체,EyeIrritation6pack_PID398,0.11755060465596813,,,,,16672-87-0,311.0
정채윤,GHS조사,전체,EyeIrritation6pack_PID319,0.11531644352140712,,,,,60-51-5,312.0
정채윤,GHS조사,전체,EyeIrritation6pack_PID319,0.11531644352140712,,,,,108-94-1,313.0
정채윤,GHS조사,전체,EyeIrritation6pack_PID523,0.11422334534486996,,,,,15630-89-4,314.0
정채윤,GHS조사,전체,MIX578,0.1139032760808434,,,,,920-66-1,315.0
정채윤,GHS조사,전체,MIX578,0.1139032760808434,,,,,1861-40-1,316.0
정채윤,GHS조사,전체,MIX857,0.11144124927031576,,,,,80-26-2,317.0
정채윤,GHS조사,전체,EyeIrritation6pack_PID551,0.1088809534009382,,,,,732-11-6,318.0
정채윤,GHS조사,전체,MIX879,0.10724604638546913,,,,,8013-10-3,319.0
정채윤,GHS조사,전체,EyeIrritation6pack_PID770,0.10412598334709053,,,,,149877-41-8,320.0
정채윤,GHS조사,전체,MIX783,0.1018655156791032,,,,,334-48-5,321.0
정채윤,GHS조사,전체,EyeIrritation6pack_PID179,0.0989222357262406,,,,,24938-91-8,322.0
정채윤,GHS조사,전체,EyeIrritation6pack_PID179,0.0989222357262406,,,,,70528-83-5,323.0
정채윤,GHS조사,전체,EyeIrritation6pack_PID477,0.09144116575487189,,,,,163515-14-8,324.0
정채윤,GHS조사,전체,EyeIrritation6pack_PID406,0.08425517137548498,,,,,13194-48-4,325.0
정채윤,GHS조사,전체,MIX950,0.08385698331787753,,,,,7540-51-4,326.0
정채윤,GHS조사,전체,MIX890,0.0828785783630339,,,,,3338-55-4,327.0
정채윤,GHS조사,전체,EyeIrritation6pack_PID505,0.08201712420171184,,,,,68551-12-2,328.0
정채윤,GHS조사,전체,EyeIrritation6pack_PID505,0.08201712420171184,,,,,9004-32-4,329.0
정채윤,GHS조사,전체,MIX791,0.06405525460752948,,,,,9004-82-4,330.0
정채윤,GHS조사,전체,EyeIrritation6pack_PID369,0.05992485152958822,,,,,52-68-6,331.0
최소빈,S11판독,sens,EyeIrritation6pack_PID500,0.6638496197623904,0.42053973076168794,0.3193661128428021,0.7109395345572836,0.5932147475700508,,1.0
최소빈,S11판독,skin,MIX855,0.6010670299896701,0.1842281470922383,0.6063018849360831,0.24927443324008355,0.5932147475700508,,2.0
최소빈,S11판독,sens,MIX692,0.6000001131467068,0.053548642250490545,0.4314239230637117,1.0,2.8286676699479447e-07,,3.0
최소빈,S11판독,skin,EyeIrritation6pack_PID533,0.6000000565733534,0.28771054960657716,1.0,0.14007625111784575,1.4143338349739723e-07,,4.0
최소빈,S11판독,sens,MIX902,0.5894535934463125,0.32240431885984505,0.1544234783916707,0.5869461573638203,0.5932147475700508,,5.0
최소빈,S11판독,sens,MIX985,0.5861222236925623,0.24594465794912032,0.34001570617863514,0.5813938744409032,0.5932147475700508,,6.0
최소빈,S11판독,eye,MIX1078,0.5860720530342391,0.5813102566770314,0.37840662849523066,0.33308851142531504,0.5932147475700508,,7.0
최소빈,S11판독,eye,MIX844,0.5807108349294974,0.5723748931691284,0.48073629057560874,0.42662514139606167,0.5932147475700508,,8.0
최소빈,S11판독,eye,MIX904,0.5690974341234123,0.5530192251589865,0.34963153575989314,0.11086199997811276,0.5932147475700508,,9.0
최소빈,S11판독,sens,Cancer_PID_9,0.5544024263450517,0.4371701481591579,0.4583267852567378,0.48583644445323027,0.6572513991827837,,10.0
최소빈,S11판독,eye,Cancer_PID_97,0.5528164625897772,0.360541292758529,0.3436048293025647,0.3528400358211356,0.8412292173366496,,11.0
최소빈,S11판독,sens,MIX851,0.5498432306117744,0.10109856039080072,0.04497253088653454,0.5209288859729234,0.5932147475700508,,12.0
최소빈,S11판독,sens,Cancer_PID_97,0.5481957084273412,0.360541292758529,0.3436048293025647,0.3528400358211356,0.8412292173366496,,13.0
최소빈,S11판독,eye,MIX896,0.5451121345680332,0.5130437259000216,0.2227920445617923,0.2892861869713592,0.5932147475700508,,14.0
최소빈,S11판독,skin,Cancer_PID_97,0.5426545845161986,0.360541292758529,0.3436048293025647,0.3528400358211356,0.8412292173366496,,15.0
최소빈,S11판독,sens,MIX773,0.540963206426256,0.40956932709463234,0.1345038526113964,0.5061288456637262,0.5932147475700508,,16.0
최소빈,S11판독,skin,Cancer_PID_9,0.5378966308271562,0.4371701481591579,0.4583267852567378,0.48583644445323027,0.6572513991827837,,17.0
최소빈,S11판독,skin,MIX934,0.537702938790368,0.40426134159925564,0.5006950662705795,0.30666977625245806,0.5932147475700508,,18.0
최소빈,S11판독,skin,MIX863,0.5319558372992348,0.09904754503904739,0.4911165637853574,0.04033758599498705,0.5932147475700508,,19.0
최소빈,S11판독,sens,MIX648,0.5305698002709963,0.17810911499708046,0.32355753805072746,0.4888065020716266,0.5932147475700508,,20.0
최소빈,S11판독,sens,MIX847,0.5300659145943123,0.21222715438213177,0.38637904670397527,0.48796669261048664,0.5932147475700508,,21.0
최소빈,S11판독,eye,MIX756,0.5259749569550095,0.48114842987831535,0.22094405904528483,0.39509899720762537,0.5932147475700508,,22.0
최소빈,S11판독,skin,MIX844,0.5257276733733856,0.5723748931691284,0.48073629057560874,0.42662514139606167,0.5932147475700508,,23.0
최소빈,S11판독,eye,Cancer_PID_9,0.5252026485686082,0.4371701481591579,0.4583267852567378,0.48583644445323027,0.6572513991827837,,24.0
최소빈,S11판독,eye,MIX760,0.5160360909984125,0.46458365328398693,0.40997252432939596,0.3068208794125444,0.5932147475700508,,25.0
최소빈,S11판독,skin,MIX759,0.511854410972178,0.5629068075598919,0.4576141865735961,0.4625446880337759,0.5932147475700508,,26.0
최소빈,S11판독,skin,MIX622,0.5086014978396333,0.2619559896190196,0.8476690687771331,0.20883660604601179,1.4143338349739723e-07,,27.0
최소빈,S11판독,skin,MIX846,0.5046761682072722,0.2563361458429002,0.44565044863208664,0.40415141201310567,0.5932147475700508,,28.0
최소빈,S11판독,sens,EyeIrritation6pack_PID220,0.5040989629269562,0.3570736943191097,0.18746432732593415,0.44468843983155987,0.5932147475700508,,29.0
최소빈,S11판독,sens,MIX111,0.5040989629269562,0.3570736943191097,0.18746432732593415,0.44468843983155987,0.5932147475700508,,30.0
최소빈,S11판독,eye,MIX1070,0.49759587236029557,0.4338499555537921,0.07825974247825117,0.2785811465398563,0.5932147475700508,,31.0
최소빈,S11판독,eye,MIX935,0.4970283412267952,0.4329040703312914,0.2842202633895826,0.2879177594708722,0.5932147475700508,,32.0
최소빈,S11판독,eye,MIX1046,0.49437200428227673,0.42847684209042736,0.32197285121264607,0.5236231712522335,0.5932147475700508,,33.0
최소빈,S11판독,sens,MIX844,0.4932609838656573,0.5723748931691284,0.48073629057560874,0.42662514139606167,0.5932147475700508,,34.0
최소빈,S11판독,eye,MIX907,0.49042306660320384,0.42189527929197257,0.09841528463616618,0.07778771351526184,0.5932147475700508,,35.0
최소빈,S11판독,sens,MIX945,0.49030038352713273,0.3226436746884546,0.4054348012333489,0.4216908074985207,0.5932147475700508,,36.0
최소빈,S11판독,sens,MIX179,0.4842425629425839,0.19027093915060503,0.3103106523633331,0.8070708439487175,1.4143338349739723e-07,,37.0
최소빈,S11판독,eye,MIX665,0.48365168256805374,0.8060860433245006,0.40281206519210544,0.2793428178027626,1.4143338349739723e-07,,38.0
최소빈,S11판독,skin,MIX760,0.4832694136256579,0.46458365328398693,0.40997252432939596,0.3068208794125444,0.5932147475700508,,39.0
최소빈,S11판독,eye,MIX849,0.4832138279498811,0.4098798815364347,0.18308227087164433,0.34395333977089276,0.5932147475700508,,40.0
최소빈,S11판독,sens,MIX67,0.4807714898330512,0.5190499442231902,0.2476787394638606,0.8012857220994963,1.4143338349739723e-07,,41.0
최소빈,S11판독,skin,MIX945,0.4805467797680297,0.3226436746884546,0.4054348012333489,0.4216908074985207,0.5932147475700508,,42.0
최소빈,S11판독,sens,MIX846,0.47977674623588373,0.2563361458429002,0.44565044863208664,0.40415141201310567,0.5932147475700508,,43.0
최소빈,S11판독,eye,MIX1017,0.4782487295160278,0.40160471748001253,0.11901072000514636,0.1443484218478436,0.5932147475700508,,44.0
최소빈,S11판독,sens,MIX1067,0.4762391194714176,0.4578840495942975,0.3481392466428074,0.4744121056727435,0.47897964016942873,,45.0
최소빈,S11판독,sens,MIX756,0.47434529735259556,0.48114842987831535,0.22094405904528483,0.39509899720762537,0.5932147475700508,,46.0
최소빈,S11판독,sens,MIX909,0.47430211868388317,0.2857789548500182,0.27406043667482155,0.3950270327597714,0.5932147475700508,,47.0
최소빈,S11판독,skin,MIX870,0.4708751085230068,0.1306689350985167,0.3893153491583108,0.2748796572193803,0.5932147475700508,,48.0
최소빈,S11판독,eye,MIX937,0.4697554145760437,0.38744919258003896,0.12272438376702036,0.04862222284157122,0.5932147475700508,,49.0
최소빈,S11판독,eye,MIX1067,0.46632228582435004,0.4578840495942975,0.3481392466428074,0.4744121056727435,0.47897964016942873,,50.0
최소빈,S11판독,sens,MIX850,0.4599434673916819,0.24153709901348297,0.24422423781181118,0.37109594727276934,0.5932147475700508,,51.0
최소빈,S11판독,sens,MIX696,0.45671649479863363,0.14941185556473502,0.3419870813027802,0.3657176596176889,0.5932147475700508,,52.0
최소빈,S11판독,eye,EyeIrritation6pack_PID220,0.45153011561948614,0.3570736943191097,0.18746432732593415,0.44468843983155987,0.5932147475700508,,53.0
최소빈,S11판독,eye,MIX111,0.45153011561948614,0.3570736943191097,0.18746432732593415,0.44468843983155987,0.5932147475700508,,54.0
최소빈,S11판독,skin,MIX876,0.451493383762669,0.26273036386374965,0.35701247455774776,0.19760286951339626,0.5932147475700508,,55.0
최소빈,S11판독,skin,MIX980,0.45054732756712146,0.40234887490555504,0.3554357142318353,0.38314066873574903,0.5932147475700508,,56.0
최소빈,S11판독,eye,MIX848,0.4503276854637485,0.355069644059547,0.3521238721611946,0.35546837691790156,0.5932147475700508,,57.0
최소빈,S11판독,skin,MIX848,0.44856022232473713,0.355069644059547,0.3521238721611946,0.35546837691790156,0.5932147475700508,,58.0
최소빈,S11판독,sens,MIX923,0.44715661879088464,0.3893931563706302,0.25043107573351625,0.3497845329381072,0.5932147475700508,,59.0
최소빈,S11판독,skin,MIX904,0.44706482048395624,0.5530192251589865,0.34963153575989314,0.11086199997811276,0.5932147475700508,,60.0
최소빈,S11판독,sens,EyeIrritation6pack_PID332,0.4461739994211341,0.21679678406556507,0.3717342447058945,0.7436232380796346,1.4143338349739723e-07,,61.0
최소빈,S11판독,eye,MIX1024,0.4445215816602143,0.34539280438699,0.4055964616480527,0.36026586359431817,0.5932147475700508,,62.0
최소빈,S11판독,sens,MIX996,0.44437024820046594,0.18257813593672442,0.15055970460999257,0.34514058195407604,0.5932147475700508,,63.0
최소빈,S11판독,sens,MIX849,0.44365790289055596,0.4098798815364347,0.18308227087164433,0.34395333977089276,0.5932147475700508,,64.0
최소빈,S11판독,skin,MIX975,0.44088783542739374,0.39878248126057186,0.3393365606656224,0.19928817759289266,0.5932147475700508,,65.0
최소빈,S11판독,sens,MIX931,0.4391958714749383,0.38895729152295416,0.24764242989259247,0.3365166207448634,0.5932147475700508,,66.0
최소빈,S11판독,skin,EyeIrritation6pack_PID677,0.43908163546280227,0.28405930163973847,0.7318025371934925,0.3826540336362993,2.8286676699479447e-07,,67.0
최소빈,S11판독,sens,MIX1078,0.4371390058832093,0.5813102566770314,0.37840662849523066,0.33308851142531504,0.5932147475700508,,68.0
최소빈,S11판독,sens,MIX932,0.43557404782485465,0.17366146998257068,0.16007823798584087,0.33048024799472386,0.5932147475700508,,69.0
최소빈,S11판독,eye,EyeIrritation6pack_PID540,0.4355511714763696,0.725918430549438,0.40648545354350923,0.4725232112659013,2.8286676699479447e-07,,70.0
최소빈,S11판독,eye,MIX1073,0.432703308844435,0.3256956830273577,0.2331639394124928,0.1094306955657346,0.5932147475700508,,71.0
최소빈,S11판독,eye,MIX902,0.43072849034392735,0.32240431885984505,0.1544234783916707,0.5869461573638203,0.5932147475700508,,72.0
최소빈,S11판독,skin,MIX1046,0.430469609755608,0.42847684209042736,0.32197285121264607,0.5236231712522335,0.5932147475700508,,73.0
최소빈,S11판독,skin,MIX339,0.4293128159983838,0.4670833194138633,0.6171227606969631,0.2362952108165364,0.14759789895051478,,74.0
최소빈,S11판독,skin,MIX961,0.42506006143629516,0.14613291374166903,0.31295693734712465,0.13948355595049652,0.5932147475700508,,75.0
최소빈,S11판독,skin,MIX194,0.4234007703393421,0.3856707488398865,0.5361462742612791,0.28623850873151313,0.2542825144564365,,76.0
최소빈,S11판독,sens,MIX934,0.42128776477949514,0.40426134159925564,0.5006950662705795,0.30666977625245806,0.5932147475700508,,77.0
최소빈,S11판독,sens,MIX1038,0.41664198239075934,0.09521066394159663,0.36204505530293474,0.29892680560456497,0.5932147475700508,,78.0
최소빈,S11판독,eye,MIX1002,0.4152700340596869,0.29664022505277765,0.11774479721331785,0.2472163882752375,0.5932147475700508,,79.0
최소빈,S11판독,skin,MIX456,0.41215480961162315,0.40398333232315403,0.686924494108194,0.3407898071702805,2.8286676699479447e-07,,80.0
최소빈,S11판독,skin,MIX1025,0.411903202562355,0.28331621650116273,0.3400295192591713,0.25571432638843106,0.5197137275171306,,81.0
최소빈,S11판독,sens,EyeIrritation6pack_PID926,0.41134280365228365,0.3189672833933937,0.2411176571307697,0.6855712451315504,1.4143338349739723e-07,,82.0
최소빈,S11판독,sens,MIX896,0.41085761121083586,0.5130437259000216,0.2227920445617923,0.2892861869713592,0.5932147475700508,,83.0
최소빈,S11판독,sens,MIX935,0.4100365547105437,0.4329040703312914,0.2842202633895826,0.2879177594708722,0.5932147475700508,,84.0
최소빈,S11판독,skin,MIX935,0.4078180570617699,0.4329040703312914,0.2842202633895826,0.2879177594708722,0.5932147475700508,,85.0
최소빈,S11판독,eye,MIX173,0.4076038571194708,0.6793396675768624,0.5292278697415296,0.13417852204461067,1.4143338349739723e-07,,86.0
최소빈,S11판독,eye,MIX871,0.406822466280396,0.2825609454206261,0.10089573497154175,0.13351001697956344,0.5932147475700508,,87.0
최소빈,S11판독,sens,MIX495,0.40674474591082843,0.29559185621720774,0.27939002790302303,0.6779078155624584,1.4143338349739723e-07,,88.0
최소빈,S11판독,eye,MIX864,0.40618883091941493,0.28150488648565763,0.10443081787739623,0.21725599068178206,0.5932147475700508,,89.0
최소빈,S11판독,skin,MIX845,0.4051717239430669,0.19366841027717463,0.27980970819174433,0.20022299223495849,0.5932147475700508,,90.0
최소빈,S11판독,sens,MIX870,0.4022136933596485,0.1306689350985167,0.3893153491583108,0.2748796572193803,0.5932147475700508,,91.0
최소빈,S11판독,sens,MIX1040,0.4017884624307843,0.27245305917440815,0.13804452695258984,0.27417093900460665,0.5932147475700508,,92.0
최소빈,S11판독,skin,MIX230,0.4014023683477413,0.4133729704653916,0.669003805812852,0.16492386990879343,2.1215007524609585e-07,,93.0
최소빈,S11판독,sens,EyeIrritation6pack_PID751,0.4011576486968811,0.2833610615656195,0.06446015587884349,0.6685958925836238,2.8286676699479447e-07,,94.0
최소빈,S11판독,eye,MIX1040,0.4007577345326652,0.27245305917440815,0.13804452695258984,0.27417093900460665,0.5932147475700508,,95.0
최소빈,S11판독,skin,MIX1067,0.40047540405345594,0.4578840495942975,0.3481392466428074,0.4744121056727435,0.47897964016942873,,96.0
최소빈,S11판독,sens,MIX420,0.40030178127069266,0.38386880207038454,0.21759308479935385,0.6671694468733098,2.8286676699479447e-07,,97.0
최소빈,S11판독,sens,EyeIrritation6pack_PID1001,0.3935267405786391,0.4068413243755929,0.2460385239394362,0.6558778066754762,1.4143338349739723e-07,,98.0
최소빈,S11판독,sens,MIX301,0.39199776575483974,0.2159549579472004,0.07643461971470271,0.6533294681580161,2.1215007524609585e-07,,99.0
최소빈,S11판독,eye,MIX846,0.3910875865337604,0.2563361458429002,0.44565044863208664,0.40415141201310567,0.5932147475700508,,100.0
최소빈,S11판독,sens,MIX905,0.38873598639524454,0.16195284469607282,0.18416503852729385,0.252416812278707,0.5932147475700508,,101.0
최소빈,S11판독,skin,MIX923,0.3875445444681301,0.3893931563706302,0.25043107573351625,0.3497845329381072,0.5932147475700508,,102.0
최소빈,S11판독,sens,MIX855,0.38685055897207044,0.1842281470922383,0.6063018849360831,0.24927443324008355,0.5932147475700508,,103.0
최소빈,S11판독,skin,MIX931,0.3858713569635758,0.38895729152295416,0.24764242989259247,0.3365166207448634,0.5932147475700508,,104.0
최소빈,S11판독,skin,EyeIrritation6pack_PID1016,0.3849321360270553,0.23791740156735383,0.6415535600450921,0.19989982383701094,0.0,,105.0
최소빈,S11판독,sens,MIX25,0.38344207554056153,0.26058204529505086,0.35226615450072,0.6390700316120136,1.4143338349739723e-07,,106.0
최소빈,S11판독,eye,MIX850,0.3822081584361101,0.24153709901348297,0.24422423781181118,0.37109594727276934,0.5932147475700508,,107.0
최소빈,S11판독,eye,MIX1025,0.3778752209075499,0.28331621650116273,0.3400295192591713,0.25571432638843106,0.5197137275171306,,108.0
최소빈,S11판독,skin,MIX1073,0.37718426267551597,0.3256956830273577,0.2331639394124928,0.1094306955657346,0.5932147475700508,,109.0
최소빈,S11판독,skin,EyeIrritation6pack_PID1034,0.3766249818999816,0.2418219945850846,0.6277082088777137,0.22958550393856894,1.4143338349739723e-07,,110.0
최소빈,S11판독,eye,MIX939,0.3762851942099096,0.23166549196981548,0.18955609718256466,0.2954525964229371,0.5932147475700508,,111.0
최소빈,S11판독,sens,MIX717,0.3753163835672816,0.14065250692805292,0.2627880462714801,0.6255271173676247,2.8286676699479447e-07,,112.0
최소빈,S11판독,sens,MIX615,0.3746087044672376,0.2426457577583871,0.35665366862486564,0.6243477464898071,1.4143338349739723e-07,,113.0
최소빈,S11판독,sens,EyeIrritation6pack_PID168,0.37048539238106537,0.4085805194739239,0.3840357148735052,0.61747555967952,1.4143338349739723e-07,,114.0
최소빈,S11판독,sens,EyeIrritation6pack_PID422,0.36988490328275364,0.3208908871813181,0.39509438561526794,0.6164748388045894,0.0,,115.0
최소빈,S11판독,sens,MIX864,0.36763949343708957,0.28150488648565763,0.10443081787739623,0.21725599068178206,0.5932147475700508,,116.0
최소빈,S11판독,sens,MIX930,0.36716743649952044,0.06379463834394254,0.06522566169034785,0.21646922911916683,0.5932147475700508,,117.0
최소빈,S11판독,skin,MIX699,0.3657196506751081,0.3221622774070033,0.6095326096917967,0.5205098298327002,2.1215007524609585e-07,,118.0
최소빈,S11판독,sens,EyeIrritation6pack_PID61,0.3620467024928472,0.03741761507364704,0.3693953829475773,0.6034110765324897,1.4143338349739723e-07,,119.0
최소빈,S11판독,sens,MIX1014,0.36080768604721025,0.14730880971482282,0.15110499269247282,0.20586964503198318,0.5932147475700508,,120.0
최소빈,S11판독,eye,EyeIrritation6pack_PID70,0.35978693374424214,0.599644889573737,0.1412865165774845,0.10346673827927128,0.0,,121.0
최소빈,S11판독,eye,MIX34,0.35818418900379406,0.5969736483396568,0.16076675291296086,0.12267918838998763,0.0,,122.0
최소빈,S11판독,sens,MIX845,0.3574196943689954,0.19366841027717463,0.27980970819174433,0.20022299223495849,0.5932147475700508,,123.0
최소빈,S11판독,skin,MIX700,0.3572991737812707,0.4178297317133074,0.5549095048391675,0.30166097565754,0.06088367719442557,,124.0
최소빈,S11판독,sens,EyeIrritation6pack_PID386,0.35654842291890876,0.28716880545911183,0.295040452412654,0.5942472772425923,1.4143338349739723e-07,,125.0
최소빈,S11판독,skin,MIX880,0.3561987611350026,0.406644216595304,0.1981881035116371,0.17978863122104521,0.5932147475700508,,126.0
최소빈,S11판독,sens,MIX107,0.35603526267421653,0.33907488993241547,0.4744594083016948,0.5933920101681053,1.4143338349739723e-07,,127.0
최소빈,S11판독,eye,MIX845,0.3534869451943251,0.19366841027717463,0.27980970819174433,0.20022299223495849,0.5932147475700508,,128.0
최소빈,S11판독,sens,MIX787,0.35218361520262204,0.2907285724796204,0.25328023730658783,0.5869725977154477,1.4143338349739723e-07,,129.0
최소빈,S11판독,sens,MIX513,0.3518998701366951,0.42875500157193946,0.23000525282418718,0.5864996892722362,1.4143338349739723e-07,,130.0
최소빈,S11판독,skin,MIX324,0.3507866251948164,0.2831307430398887,0.5846442338913105,0.27851452998130527,2.1215007524609585e-07,,131.0
최소빈,S11판독,skin,EyeIrritation6pack_PID220,0.3497644954235808,0.3570736943191097,0.18746432732593415,0.44468843983155987,0.5932147475700508,,132.0
최소빈,S11판독,skin,MIX111,0.3497644954235808,0.3570736943191097,0.18746432732593415,0.44468843983155987,0.5932147475700508,,133.0
최소빈,S11판독,sens,EyeIrritation6pack_PID691,0.3495566155336684,0.3998269862292585,0.3984250602431044,0.5825942649338584,1.4143338349739723e-07,,134.0
최소빈,S11판독,eye,MIX855,0.3478227872833633,0.1842281470922383,0.6063018849360831,0.24927443324008355,0.5932147475700508,,135.0
최소빈,S11판독,skin,MIX905,0.34778492214439666,0.16195284469607282,0.18416503852729385,0.252416812278707,0.5932147475700508,,136.0
최소빈,S11판독,skin,MIX849,0.34713526155100694,0.4098798815364347,0.18308227087164433,0.34395333977089276,0.5932147475700508,,137.0
최소빈,S11판독,sens,MIX842,0.3448437625392061,0.0352238594606746,0.2331481223872904,0.3602877006694942,0.32167785534377397,,138.0
최소빈,S11판독,skin,EyeIrritation6pack_PID570,0.3447645042904783,0.3020288339680362,0.5746075071507971,0.399442950470426,0.0,,139.0
최소빈,S11판독,sens,MIX697,0.34367038564906177,0.16579056119741975,0.1933248609487379,0.5727838346483861,2.1215007524609585e-07,,140.0
최소빈,S11판독,eye,EyeIrritation6pack_PID175,0.3434987438584661,0.5724978121418546,0.8233283088686945,0.39266793560341445,1.4143338349739723e-07,,141.0
최소빈,S11판독,eye,MIX73,0.3434987438584661,0.5724978121418546,0.8233283088686945,0.39266793560341445,1.4143338349739723e-07,,142.0
최소빈,S11판독,eye,MIX886,0.3417465848728169,0.17410114307466093,0.07530397948689486,0.11185543752056815,0.5932147475700508,,143.0
최소빈,S11판독,eye,MIX339,0.3392891512285239,0.4670833194138633,0.6171227606969631,0.2362952108165364,0.14759789895051478,,144.0
최소빈,S11판독,sens,EyeIrritation6pack_PID530,0.33918597997830985,0.3888236936854076,0.36957688971936353,0.5653098723415941,1.4143338349739723e-07,,145.0
최소빈,S11판독,skin,MIX895,0.3384243928774842,0.14253842446282391,0.16856415641577316,0.11187604903036544,0.5932147475700508,,146.0
최소빈,S11판독,sens,MIX363,0.3360792864963328,0.29560953268833756,0.282773804541811,0.5601321441605547,0.0,,147.0
최소빈,S11판독,skin,MIX927,0.33588836936583033,0.2097342097040002,0.5598138546541283,0.19665966094155812,1.4143338349739723e-07,,148.0
최소빈,S11판독,sens,MIX977,0.335233322744438,0.24584945356537524,0.07103206752369498,0.1632457061940295,0.5932147475700508,,149.0
최소빈,S11판독,eye,EyeIrritation6pack_PID574,0.3350997549482461,0.5584994030025656,0.20105759125325684,0.49715326310330776,2.8286676699479447e-07,,150.0
최소빈,S11판독,skin,EyeIrritation6pack_PID143,0.3348469819953468,0.4415270005699268,0.5580782090366557,0.3994498686872606,1.4143338349739723e-07,,151.0
최소빈,S11판독,eye,MIX905,0.33445760584566403,0.16195284469607282,0.18416503852729385,0.252416812278707,0.5932147475700508,,152.0
최소빈,S11판독,eye,MIX1033,0.3331952121337263,0.15984885517617667,0.06001026653473508,0.17166774871829746,0.5932147475700508,,153.0
최소빈,S11판독,eye,MIX194,0.33311545508650653,0.3856707488398865,0.5361462742612791,0.28623850873151313,0.2542825144564365,,154.0
최소빈,S11판독,skin,EyeIrritation6pack_PID370,0.33214839351236103,0.46932168039657185,0.5535805615650128,0.23132101805585076,1.4143338349739723e-07,,155.0
최소빈,S11판독,sens,MIX673,0.3306092256727944,0.2104842025329738,0.17343406546400933,0.5510152346879404,2.1215007524609585e-07,,156.0
최소빈,S11판독,sens,MIX1077,0.3302746675669007,0.44484015984257697,0.33589401407392516,0.15498128089813396,0.5932147475700508,,157.0
최소빈,S11판독,sens,MIX867,0.33026288831721784,0.27105187009518494,0.10668680607398298,0.15496164881532917,0.5932147475700508,,158.0
최소빈,S11판독,sens,EyeIrritation6pack_PID240,0.32954124185325123,0.42959773420957287,0.09767512256649319,0.5492353087998297,1.4143338349739723e-07,,159.0
최소빈,S11판독,sens,MIX104,0.32954124185325123,0.42959773420957287,0.09767512256649319,0.5492353087998297,1.4143338349739723e-07,,160.0
최소빈,S11판독,eye,MIX91,0.32920284439402475,0.5486713130344523,0.34975256604909,0.12183923125373679,1.4143338349739723e-07,,161.0
최소빈,S11판독,eye,MIX196,0.3276067076371876,0.5460110851063903,0.27376227775801676,0.5196105883271682,1.4143338349739723e-07,,162.0
최소빈,S11판독,sens,MIX402,0.3272759353521925,0.40335920177212153,0.19647189288332395,0.5454598922536542,0.0,,163.0
최소빈,S11판독,sens,MIX498,0.3269972710585849,0.2759551289389978,0.5426933651865066,0.5449954517643082,0.0,,164.0
최소빈,S11판독,skin,EyeIrritation6pack_PID628,0.32666598311936296,0.2156374978452361,0.5444431637655548,0.27991091662539885,2.1215007524609585e-07,,165.0
최소빈,S11판독,skin,MIX498,0.3256160191119039,0.2759551289389978,0.5426933651865066,0.5449954517643082,0.0,,166.0
최소빈,S11판독,skin,MIX641,0.3255220459990193,0.07276271109293171,0.5425366018983153,0.21394481717129504,2.1215007524609585e-07,,167.0
최소빈,S11판독,sens,EyeIrritation6pack_PID568,0.3247460707478171,0.31927932651952806,0.2829916176650081,0.5412433569574395,1.4143338349739723e-07,,168.0
최소빈,S11판독,sens,MIX290,0.3241025012975931,0.1764784770963236,0.2163523341067606,0.5401708354959885,0.0,,169.0
최소빈,S11판독,eye,MIX895,0.32280895370571466,0.14253842446282391,0.16856415641577316,0.11187604903036544,0.5932147475700508,,170.0
최소빈,S11판독,eye,MIX972,0.3225203561269545,0.14205742849822361,0.13061716234929188,0.14402026843185922,0.5932147475700508,,171.0
최소빈,S11판독,skin,EyeIrritation6pack_PID560,0.3212267902197382,0.3717812121052718,0.5353779836995637,0.31159278095306264,0.0,,172.0
최소빈,S11판독,sens,EyeIrritation6pack_PID743,0.32113805704110243,0.43703837280586977,0.1349793141820464,0.535230095068504,0.0,,173.0
최소빈,S11판독,skin,MIX1040,0.32011261519957424,0.27245305917440815,0.13804452695258984,0.27417093900460665,0.5932147475700508,,174.0
최소빈,S11판독,eye,MIX750,0.31966331794650943,0.5327721022885934,0.4430916058606161,0.17235571746897968,1.4143338349739723e-07,,175.0
최소빈,S11판독,skin,MIX535,0.31854850722872646,0.25918284994698326,0.5309141787145442,0.30157271121953344,0.0,,176.0
최소빈,S11판독,skin,MIX773,0.31798821059485816,0.40956932709463234,0.1345038526113964,0.5061288456637262,0.5932147475700508,,177.0
최소빈,S11판독,skin,EyeIrritation6pack_PID116,0.31777376978620503,0.22526382423942626,0.5296228553547527,0.13425967629512311,1.4143338349739723e-07,,178.0
최소빈,S11판독,skin,MIX173,0.3175367784182711,0.6793396675768624,0.5292278697415296,0.13417852204461067,1.4143338349739723e-07,,179.0
최소빈,S11판독,sens,MIX871,0.3173919092157584,0.2825609454206261,0.10089573497154175,0.13351001697956344,0.5932147475700508,,180.0
최소빈,S11판독,sens,EyeIrritation6pack_PID360,0.3171224482191356,0.501202317082208,0.19287364317612507,0.528537319409637,1.4143338349739723e-07,,181.0
최소빈,S11판독,skin,MIX598,0.31702461237854596,0.2469563603967082,0.5283743539642433,0.13704939379211203,0.0,,182.0
최소빈,S11판독,eye,MIX85,0.3156064428473654,0.52601064379002,0.22580257458616929,0.5051712705754536,1.4143338349739723e-07,,183.0
최소빈,S11판독,eye,MIX1043,0.3149006310476008,0.12935788669930082,0.08047990172525533,0.16037315694060322,0.5932147475700508,,184.0
최소빈,S11판독,eye,MIX443,0.31481479647568444,0.5246912331705518,0.18612602685086732,0.2829851474748694,1.4143338349739723e-07,,185.0
최소빈,S11판독,eye,MIX591,0.31417245874355904,0.5236206702836761,0.3654485465248475,0.27370209359306147,1.4143338349739723e-07,,186.0
최소빈,S11판독,sens,EyeIrritation6pack_PID178,0.31416172357196415,0.15904545019098934,0.0026102755902343436,0.523602778331018,1.4143338349739723e-07,,187.0
최소빈,S11판독,sens,MIX75,0.31416172357196415,0.15904545019098934,0.0026102755902343436,0.523602778331018,1.4143338349739723e-07,,188.0
최소빈,S11판독,skin,EyeIrritation6pack_PID626,0.3139846633429096,0.24327433209709676,0.5233076779492604,0.27268081088067625,1.4143338349739723e-07,,189.0
최소빈,S11판독,skin,MIX322,0.3139846633429096,0.24327433209709676,0.5233076779492604,0.27268081088067625,1.4143338349739723e-07,,190.0
최소빈,S11판독,eye,EyeIrritation6pack_PID1024,0.31245207862813773,0.5207533700913073,0.2973561373334153,0.1178645521977714,1.4143338349739723e-07,,191.0
최소빈,S11판독,sens,MIX699,0.3123059827596502,0.3221622774070033,0.6095326096917967,0.5205098298327002,2.1215007524609585e-07,,192.0
최소빈,S11판독,skin,MIX261,0.3122668026938863,0.27801561679348985,0.5204445768675549,0.05975576289932304,1.4143338349739723e-07,,193.0
최소빈,S11판독,skin,EyeIrritation6pack_PID515,0.31151613888957647,0.09603406773528379,0.5191933762381161,0.22652644639624372,2.8286676699479447e-07,,194.0
최소빈,S11판독,eye,MIX67,0.3114300231072675,0.5190499442231902,0.2476787394638606,0.8012857220994963,1.4143338349739723e-07,,195.0
최소빈,S11판독,skin,MIX937,0.31092052928823255,0.38744919258003896,0.12272438376702036,0.04862222284157122,0.5932147475700508,,196.0
최소빈,S11판독,sens,EyeIrritation6pack_PID618,0.3105091837533579,0.16306040695767604,0.16862912825650334,0.5175153062555965,0.0,,197.0
최소빈,S11판독,sens,MIX35,0.30895596473119286,0.2779693566037251,0.3886085629364819,0.5149266078853214,0.0,,198.0
최소빈,S11판독,skin,EyeIrritation6pack_PID241,0.3088566128955882,0.4497610290763849,0.5147609272037247,0.38536444349853033,1.4143338349739723e-07,,199.0
최소빈,S11판독,skin,MIX1017,0.30869233103110816,0.40160471748001253,0.11901072000514636,0.1443484218478436,0.5932147475700508,,200.0
최소빈,S11판독,sens,EyeIrritation6pack_PID783,0.3073812446480274,0.21085117552259652,0.0809676408626173,0.5123019801244567,1.4143338349739723e-07,,201.0
최소빈,S11판독,sens,MIX369,0.3073812446480274,0.21085117552259652,0.0809676408626173,0.5123019801244567,1.4143338349739723e-07,,202.0
최소빈,S11판독,sens,MIX165,0.3070270538487196,0.13661392943677705,0.612713929280525,0.5117116149811491,2.1215007524609585e-07,,203.0
최소빈,S11판독,skin,MIX294,0.3067992179529507,0.314959238155561,0.5113320299215844,0.21488753065738403,0.0,,204.0
최소빈,S11판독,eye,EyeIrritation6pack_PID71,0.3060555958226568,0.510092659704428,0.376595195275492,0.21995060733087018,0.0,,205.0
최소빈,S11판독,sens,MIX491,0.30555643623237944,0.2203235116922055,0.48210902232774744,0.5092605384761211,2.8286676699479447e-07,,206.0
최소빈,S11판독,sens,MIX895,0.3044115284462396,0.14253842446282391,0.16856415641577316,0.11187604903036544,0.5932147475700508,,207.0
최소빈,S11판독,sens,EyeIrritation6pack_PID325,0.3039782972786301,0.34221679424566787,0.39504731992020536,0.5066304011754612,1.4143338349739723e-07,,208.0
최소빈,S11판독,eye,EyeIrritation6pack_PID456,0.3021017970100832,0.5035029007278831,0.21779745885669266,0.3412413179379631,1.4143338349739723e-07,,209.0
최소빈,S11판독,sens,EyeIrritation6pack_PID977,0.3012488623926232,0.2347522422545102,0.4752893847118716,0.502081248743194,2.8286676699479447e-07,,210.0
최소빈,S11판독,skin,EyeIrritation6pack_PID920,0.3005551469719566,0.3807641260298188,0.5009251035198775,0.26487090829357185,2.1215007524609585e-07,,211.0
최소빈,S11판독,eye,MIX545,0.3005447500505322,0.5009078224619647,0.26623959794119056,0.09979943628055467,1.4143338349739723e-07,,212.0
최소빈,S11판독,skin,EyeIrritation6pack_PID684,0.3003847533166473,0.26910125552460257,0.5006411140943621,0.41754851604649257,2.1215007524609585e-07,,213.0
최소빈,S11판독,skin,EyeIrritation6pack_PID745,0.29994320619842724,0.3637246297916517,0.4999052493751231,0.24911522956066948,1.4143338349739723e-07,,214.0
최소빈,S11판독,sens,MIX250,0.29888333129657374,0.0,0.016277512719166193,0.4981386969164449,2.8286676699479447e-07,,215.0
최소빈,S11판독,sens,EyeIrritation6pack_PID574,0.29829207100869143,0.5584994030025656,0.20105759125325684,0.49715326310330776,2.8286676699479447e-07,,216.0
최소빈,S11판독,eye,MIX863,0.29671442605144877,0.09904754503904739,0.4911165637853574,0.04033758599498705,0.5932147475700508,,217.0
최소빈,S11판독,skin,MIX907,0.29633506980972,0.42189527929197257,0.09841528463616618,0.07778771351526184,0.5932147475700508,,218.0
최소빈,S11판독,eye,MIX311,0.2954852467732207,0.49247531699977887,0.24132507703170086,0.13040446945016132,1.4143338349739723e-07,,219.0
최소빈,S11판독,skin,MIX592,0.29534569468120897,0.1763454729981121,0.4922428244686817,0.2368194812421027,0.0,,220.0
최소빈,S11판독,sens,MIX616,0.2952759108653736,0.415642246166314,0.43071034857815554,0.49212642382003363,1.4143338349739723e-07,,221.0
최소빈,S11판독,sens,EyeIrritation6pack_PID1050,0.29334673352033963,0.21895752531965593,0.42103903258530223,0.4889112225338994,0.0,,222.0
최소빈,S11판독,skin,MIX594,0.29296994709249835,0.3815762681759741,0.4725150258058838,0.3252537053727257,0.023652329022420232,,223.0
최소빈,S11판독,eye,MIX602,0.2927162726909177,0.48786036019594053,0.2721307987500523,0.22576882662291015,1.4143338349739723e-07,,224.0
최소빈,S11판독,sens,MIX788,0.29248148110662403,0.3413874002652633,0.248284416444906,0.48746904088878446,1.4143338349739723e-07,,225.0
최소빈,S11판독,skin,MIX29,0.29001714075586627,0.37444696212067463,0.4833619012597771,0.31674334619196537,0.0,,226.0
최소빈,S11판독,skin,MIX407,0.28992501793838354,0.3710326997414719,0.483208268941717,0.2550951632228636,1.4143338349739723e-07,,227.0
최소빈,S11판독,skin,MIX491,0.28926552654335524,0.2203235116922055,0.48210902232774744,0.5092605384761211,2.8286676699479447e-07,,228.0
최소빈,S11판독,sens,EyeIrritation6pack_PID176,0.288282612641656,0.20141488367345195,0.02774941504526296,0.48047092678050435,1.4143338349739723e-07,,229.0
최소빈,S11판독,sens,MIX74,0.288282612641656,0.20141488367345195,0.02774941504526296,0.48047092678050435,1.4143338349739723e-07,,230.0
최소빈,S11판독,eye,MIX574,0.2882785641826048,0.4804642736376747,0.3090422862378283,0.15907613597682443,0.0,,231.0
최소빈,S11판독,skin,EyeIrritation6pack_PID1042,0.28772722786034716,0.12789502144784626,0.4795453797672453,0.378495828069743,0.0,,232.0
최소빈,S11판독,sens,EyeIrritation6pack_PID746,0.2861414668951904,0.2002772272097745,0.11460086813738413,0.476902350536395,1.4143338349739723e-07,,233.0
최소빈,S11판독,sens,MIX548,0.28568807954186975,0.2795950465144645,0.339753658652141,0.47614679923644965,0.0,,234.0
최소빈,S11판독,eye,MIX577,0.2855402318186817,0.47590029207554724,0.22029750145827623,0.32489434101091247,1.4143338349739723e-07,,235.0
최소빈,S11판독,skin,EyeIrritation6pack_PID977,0.2851737439738297,0.2347522422545102,0.4752893847118716,0.502081248743194,2.8286676699479447e-07,,236.0
최소빈,S11판독,sens,MIX891,0.2844007196042725,0.19783345095243732,0.4454427759769754,0.07852470096042029,0.5932147475700508,,237.0
최소빈,S11판독,sens,MIX343,0.28435766180096794,0.22049621717234658,0.19229046017773072,0.47392934204602427,1.4143338349739723e-07,,238.0
최소빈,S11판독,eye,MIX280,0.2836435263947603,0.47273921065793384,0.4514442850688938,0.2127261870556462,0.0,,239.0
최소빈,S11판독,sens,MIX947,0.28256338439050316,0.1867565944182871,0.10939940851277163,0.07546247560413809,0.5932147475700508,,240.0
최소빈,S11판독,skin,MIX886,0.2824682867201572,0.17410114307466093,0.07530397948689486,0.11185543752056815,0.5932147475700508,,241.0
최소빈,S11판독,eye,EyeIrritation6pack_PID370,0.2815930648112965,0.46932168039657185,0.5535805615650128,0.23132101805585076,1.4143338349739723e-07,,242.0
최소빈,S11판독,skin,EyeIrritation6pack_PID809,0.28010457504444397,0.05831789803568185,0.46684095840740664,0.1943329366182463,0.0,,243.0
최소빈,S11판독,sens,EyeIrritation6pack_PID46,0.2796536877282862,0.13802974544002927,0.3338652897822792,0.4660894795471437,0.0,,244.0
최소빈,S11판독,sens,EyeIrritation6pack_PID863,0.27948883861581136,0.14929457637664426,0.33371280212980925,0.4658147310263523,0.0,,245.0
최소빈,S11판독,sens,MIX439,0.27948883861581136,0.14929457637664426,0.33371280212980925,0.4658147310263523,0.0,,246.0
최소빈,S11판독,skin,EyeIrritation6pack_PID103,0.2791309600443407,0.24502065448935023,0.4652181724516455,0.296402389247481,1.4143338349739723e-07,,247.0
최소빈,S11판독,eye,MIX691,0.27867245499182713,0.46445409165304524,0.20529520673781218,0.25230975351163426,0.0,,248.0
최소빈,S11판독,eye,MIX57,0.277670939159514,0.4627848043102677,0.2948010130709753,0.39870236617646015,1.4143338349739723e-07,,249.0
최소빈,S11판독,eye,EyeIrritation6pack_PID356,0.276491781346462,0.4608195412885144,0.2230657111686951,0.31835778160706074,1.4143338349739723e-07,,250.0
최소빈,S11판독,eye,MIX1060,0.2763557030740096,0.4605927441677603,0.16419476187909468,0.17903273437234118,1.4143338349739723e-07,,251.0
최소빈,S11판독,sens,MIX357,0.27607651328509325,0.2852980736073617,0.13739709220248697,0.4601274278528998,1.4143338349739723e-07,,252.0
최소빈,S11판독,sens,MIX810,0.2755274505841745,0.392923111923605,0.19434954963962797,0.4592122290624462,2.8286676699479447e-07,,253.0
최소빈,S11판독,eye,MIX700,0.27505130990575466,0.4178297317133074,0.5549095048391675,0.30166097565754,0.06088367719442557,,254.0
최소빈,S11판독,skin,MIX478,0.27453904978350185,0.25685794618316854,0.45756498868358075,0.23345582264777842,1.4143338349739723e-07,,255.0
최소빈,S11판독,sens,MIX194,0.2734561110214825,0.3856707488398865,0.5361462742612791,0.28623850873151313,0.2542825144564365,,256.0
최소빈,S11판독,sens,EyeIrritation6pack_PID177,0.27312181910486893,0.1740283668743575,0.015734104292828028,0.4552029375525259,1.4143338349739723e-07,,257.0
최소빈,S11판독,sens,MIX624,0.27312181910486893,0.1740283668743575,0.015734104292828028,0.4552029375525259,1.4143338349739723e-07,,258.0
최소빈,S11판독,skin,EyeIrritation6pack_PID59,0.2724795881649639,0.3086309178927313,0.4541325526526842,0.3804989031045393,1.4143338349739723e-07,,259.0
최소빈,S11판독,sens,MIX21,0.27192730737279824,0.127386843210675,0.33642403033139645,0.4532120846657415,1.4143338349739723e-07,,260.0
최소빈,S11판독,skin,MIX280,0.27086657104133627,0.47273921065793384,0.4514442850688938,0.2127261870556462,0.0,,261.0
최소빈,S11판독,eye,EyeIrritation6pack_PID241,0.2698566740191843,0.4497610290763849,0.5147609272037247,0.38536444349853033,1.4143338349739723e-07,,262.0
최소빈,S11판독,eye,MIX517,0.26934613245674105,0.44891007932785154,0.4002920527322974,0.6266957945988287,2.1215007524609585e-07,,263.0
최소빈,S11판독,eye,EyeIrritation6pack_PID1020,0.26911590331020624,0.4485264112280881,0.13353886365095777,0.201461966853642,1.4143338349739723e-07,,264.0
최소빈,S11판독,eye,EyeIrritation6pack_PID871,0.26886773816590787,0.4481128969431798,0.48841850622445476,0.14714798348745073,0.0,,265.0
최소빈,S11판독,skin,MIX842,0.26856001556988385,0.0352238594606746,0.2331481223872904,0.3602877006694942,0.32167785534377397,,266.0
최소빈,S11판독,eye,MIX18,0.26807365054654286,0.3811488642515168,0.4179136430743223,0.42364911524805027,0.09846082998908205,,267.0
최소빈,S11판독,eye,MIX984,0.2665359747940787,0.44422653036787557,0.3972803110212632,0.004520385163898351,1.4143338349739723e-07,,268.0
최소빈,S11판독,skin,MIX750,0.265855020089723,0.5327721022885934,0.4430916058606161,0.17235571746897968,1.4143338349739723e-07,,269.0
최소빈,S11판독,eye,EyeIrritation6pack_PID867,0.2655147313939265,0.4425244580342885,0.03916129152426693,0.3157138674868578,1.4143338349739723e-07,,270.0
최소빈,S11판독,eye,EyeIrritation6pack_PID143,0.26491625691530946,0.4415270005699268,0.5580782090366557,0.3994498686872606,1.4143338349739723e-07,,271.0
최소빈,S11판독,skin,EyeIrritation6pack_PID965,0.26302404581848404,0.2529092382308207,0.43837331540855107,0.22703028136698494,1.4143338349739723e-07,,272.0
최소빈,S11판독,eye,EyeIrritation6pack_PID743,0.26222302368352185,0.43703837280586977,0.1349793141820464,0.535230095068504,0.0,,273.0
최소빈,S11판독,eye,EyeIrritation6pack_PID739,0.26189262890597925,0.4364877148432988,0.10853069255890631,0.2273864436879862,0.0,,274.0
최소빈,S11판독,eye,MIX398,0.26189262890597925,0.4364877148432988,0.1272989780086888,0.24702537791726387,0.0,,275.0
최소빈,S11판독,sens,EyeIrritation6pack_PID557,0.26156535248541535,0.12562218059397745,0.12600237408064954,0.4359421598534366,1.4143338349739723e-07,,276.0
최소빈,S11판독,sens,MIX283,0.26156535248541535,0.12562218059397745,0.12600237408064954,0.4359421598534366,1.4143338349739723e-07,,277.0
최소빈,S11판독,sens,MIX863,0.2614884506250126,0.09904754503904739,0.4911165637853574,0.04033758599498705,0.5932147475700508,,278.0
최소빈,S11판독,skin,MIX287,0.2611677909910142,0.3100024702995478,0.4352796516516904,0.2718252214579668,0.0,,279.0
최소빈,S11판독,sens,EyeIrritation6pack_PID124,0.2602414890201866,0.5036617396519392,0.31795260173865764,0.43373567360026083,2.1215007524609585e-07,,280.0
최소빈,S11판독,eye,MIX484,0.2602254880704003,0.43370900535061696,0.18393971546076593,0.15508183870867015,2.1215007524609585e-07,,281.0
최소빈,S11판독,skin,MIX692,0.2588544669849338,0.053548642250490545,0.4314239230637117,1.0,2.8286676699479447e-07,,282.0
최소빈,S11판독,skin,MIX616,0.2584262657202467,0.415642246166314,0.43071034857815554,0.49212642382003363,1.4143338349739723e-07,,283.0
최소빈,S11판독,eye,EyeIrritation6pack_PID240,0.2577586970990971,0.42959773420957287,0.09767512256649319,0.5492353087998297,1.4143338349739723e-07,,284.0
최소빈,S11판독,eye,MIX104,0.2577586970990971,0.42959773420957287,0.09767512256649319,0.5492353087998297,1.4143338349739723e-07,,285.0
최소빈,S11판독,eye,MIX513,0.25725305751651706,0.42875500157193946,0.23000525282418718,0.5864996892722362,1.4143338349739723e-07,,286.0
최소빈,S11판독,sens,MIX318,0.2570613061826522,0.20554895998753317,0.17447319890857751,0.4284355103044204,0.0,,287.0
최소빈,S11판독,eye,MIX69,0.257042429064344,0.42840395415165106,0.16322802373909406,0.40597105005539363,1.4143338349739723e-07,,288.0
최소빈,S11판독,eye,MIX265,0.2562397805262672,0.4270661122992674,0.28598538957487696,0.4063289174227817,2.8286676699479447e-07,,289.0
최소빈,S11판독,sens,EyeIrritation6pack_PID327,0.25539277696904245,0.1567474363686688,0.12334375831645379,0.42565462828173745,0.0,,290.0
최소빈,S11판독,sens,MIX172,0.25539277696904245,0.1567474363686688,0.12334375831645379,0.42565462828173745,0.0,,291.0
최소빈,S11판독,skin,EyeIrritation6pack_PID1038,0.2553816440714807,0.2975605024840968,0.4256359791635455,0.12143632578353832,1.4143338349739723e-07,,292.0
최소빈,S11판독,skin,MIX525,0.2553816440714807,0.2975605024840968,0.4256359791635455,0.12143632578353832,1.4143338349739723e-07,,293.0
최소빈,S11판독,skin,EyeIrritation6pack_PID578,0.2543844179539868,0.1840982588561585,0.4239740299233114,0.4068397613130919,0.0,,294.0
최소빈,S11판독,skin,EyeIrritation6pack_PID157,0.2542950904228655,0.20757501931093675,0.42382505641585355,0.2436608587307648,1.4143338349739723e-07,,295.0
최소빈,S11판독,eye,Cancer_PID_98,0.2528771281698702,0.421461880283117,0.22276308920661067,0.30092713698267054,0.0,,296.0
최소빈,S11판독,sens,EyeIrritation6pack_PID793,0.25283468763315664,0.17431294011456983,0.11198091122538646,0.4213911460552611,0.0,,297.0
최소빈,S11판독,sens,MIX372,0.25283468763315664,0.17431294011456983,0.11198091122538646,0.4213911460552611,0.0,,298.0
최소빈,S11판독,eye,MIX539,0.25244929645125314,0.42074873312983296,0.21069149746816168,0.23381087249228072,1.4143338349739723e-07,,299.0
최소빈,S11판독,sens,MIX3,0.2505791662871452,0.14032187362817772,0.29357702098029315,0.4176319438119087,0.0,,300.0
최소빈,S11판독,sens,EyeIrritation6pack_PID684,0.25052919448792565,0.26910125552460257,0.5006411140943621,0.41754851604649257,2.1215007524609585e-07,,301.0
최소빈,S11판독,skin,MIX145,0.25030514222899886,0.2748921592590841,0.4171750484704868,0.2933817092273847,2.8286676699479447e-07,,302.0
최소빈,S11판독,eye,MIX504,0.24997721143612575,0.41662859143795394,0.3398841913152895,0.1304890192715091,1.4143338349739723e-07,,303.0
최소빈,S11판독,eye,MIX365,0.2498301077684069,0.4163835129473448,0.4130940260498534,0.2628814241867063,0.0,,304.0
최소빈,S11판독,sens,EyeIrritation6pack_PID1062,0.24940149910095868,0.05424961197075539,0.38655652966631493,0.4156690708793422,1.4143338349739723e-07,,305.0
최소빈,S11판독,eye,MIX616,0.2493854042731418,0.415642246166314,0.43071034857815554,0.49212642382003363,1.4143338349739723e-07,,306.0
최소빈,S11판독,skin,MIX520,0.24899757941039563,0.28035034228541256,0.41499587139507044,0.35230788560286047,1.4143338349739723e-07,,307.0
최소빈,S11판독,eye,EyeIrritation6pack_PID390,0.24778636583341332,0.4129772763890222,0.5135866841691223,0.3620641359374021,0.0,,308.0
최소빈,S11판독,eye,MIX184,0.24778636583341332,0.4129772763890222,0.5135866841691223,0.3620641359374021,0.0,,309.0
최소빈,S11판독,sens,MIX482,0.24640913967704958,0.18201659116436333,0.5530887838537213,0.410681805172827,1.4143338349739723e-07,,310.0
최소빈,S11판독,eye,EyeIrritation6pack_PID168,0.2451483682577077,0.4085805194739239,0.3840357148735052,0.61747555967952,1.4143338349739723e-07,,311.0
최소빈,S11판독,sens,EyeIrritation6pack_PID813,0.24461838096589456,0.11449853280052057,0.29041415720632735,0.40769730160982426,0.0,,312.0
최소빈,S11판독,eye,EyeIrritation6pack_PID1001,0.24410485119870912,0.4068413243755929,0.2460385239394362,0.6558778066754762,1.4143338349739723e-07,,313.0
최소빈,S11판독,sens,MIX265,0.24379746360037582,0.4270661122992674,0.28598538957487696,0.4063289174227817,2.8286676699479447e-07,,314.0
최소빈,S11판독,sens,MIX68,0.24361474172836464,0.5175578617515416,0.2634258801924702,0.40602442811389095,2.1215007524609585e-07,,315.0
최소빈,S11판독,sens,EyeIrritation6pack_PID916,0.2436015131655494,0.1825242542582564,0.5464170653258296,0.40600242765366,1.4143338349739723e-07,,316.0
최소빈,S11판독,sens,MIX69,0.24358268660658955,0.42840395415165106,0.16322802373909406,0.40597105005539363,1.4143338349739723e-07,,317.0
최소빈,S11판독,skin,EyeIrritation6pack_PID1033,0.24284993427879764,0.21528593329470516,0.4047497961757404,0.3769249600780653,1.4143338349739723e-07,,318.0
최소빈,S11판독,eye,MIX456,0.24239011254059922,0.40398333232315403,0.686924494108194,0.3407898071702805,2.8286676699479447e-07,,319.0
최소빈,S11판독,eye,MIX402,0.2420155210632729,0.40335920177212153,0.19647189288332395,0.5454598922536542,0.0,,320.0
최소빈,S11판독,skin,EyeIrritation6pack_PID312,0.2404772990741398,0.11530496787163227,0.4007954041679774,0.3936274435941055,1.4143338349739723e-07,,321.0
최소빈,S11판독,skin,MIX747,0.2404772990741398,0.11530496787163227,0.4007954041679774,0.3936274435941055,1.4143338349739723e-07,,322.0
최소빈,S11판독,sens,EyeIrritation6pack_PID143,0.23966997778570975,0.4415270005699268,0.5580782090366557,0.3994498686872606,1.4143338349739723e-07,,323.0
최소빈,S11판독,sens,EyeIrritation6pack_PID570,0.23966577028225558,0.3020288339680362,0.5746075071507971,0.399442950470426,0.0,,324.0
최소빈,S11판독,sens,MIX807,0.23961516433829194,0.18968062187111706,0.27095835500169385,0.39935851294156427,1.4143338349739723e-07,,325.0
최소빈,S11판독,skin,MIX489,0.2393147848335196,0.13177214552426025,0.3988578332891492,0.21964282770010657,2.1215007524609585e-07,,326.0
최소빈,S11판독,eye,MIX594,0.23840669251455257,0.3815762681759741,0.4725150258058838,0.3252537053727257,0.023652329022420232,,327.0
최소빈,S11판독,skin,MIX984,0.2383682431861113,0.44422653036787557,0.3972803110212632,0.004520385163898351,1.4143338349739723e-07,,328.0
최소빈,S11판독,eye,MIX197,0.23801684460523626,0.3966946467198048,0.09826859100517842,0.1955223931750404,1.4143338349739723e-07,,329.0
최소빈,S11판독,eye,EyeIrritation6pack_PID137,0.23798414368207788,0.3966401451812075,0.2392965961129401,0.6154739467562557,1.4143338349739723e-07,,330.0
최소빈,S11판독,skin,EyeIrritation6pack_PID368,0.23783977072212323,0.12895771654395627,0.39639947643682194,0.07031745376680328,2.1215007524609585e-07,,331.0
최소빈,S11판독,skin,MIX169,0.23783977072212323,0.12895771654395627,0.39639947643682194,0.07031745376680328,2.1215007524609585e-07,,332.0
최소빈,S11판독,skin,EyeIrritation6pack_PID422,0.23705663136916075,0.3208908871813181,0.39509438561526794,0.6164748388045894,0.0,,333.0
최소빈,S11판독,eye,MIX519,0.2370190001076044,0.39503157255708504,0.381204101945971,0.30193080207446077,1.4143338349739723e-07,,334.0
최소빈,S11판독,eye,MIX705,0.23576498424309933,0.39294154611624327,0.5125029097142482,0.3517920121506976,1.4143338349739723e-07,,335.0
최소빈,S11판독,sens,EyeIrritation6pack_PID175,0.23560081793540205,0.5724978121418546,0.8233283088686945,0.39266793560341445,1.4143338349739723e-07,,336.0
최소빈,S11판독,sens,MIX73,0.23560081793540205,0.5724978121418546,0.8233283088686945,0.39266793560341445,1.4143338349739723e-07,,337.0
최소빈,S11판독,eye,EyeIrritation6pack_PID1032,0.23537706978490416,0.39229497487479015,0.39443738536872036,0.40876384260317444,2.1215007524609585e-07,,338.0
최소빈,S11판독,sens,MIX586,0.23471550860617085,0.1954140323251069,0.34301452813776984,0.3911925143436181,0.0,,339.0
최소빈,S11판독,eye,MIX968,0.23383255020390015,0.38972082271757796,0.29217176639167286,0.03652478250258237,1.4143338349739723e-07,,340.0
최소빈,S11판독,sens,MIX448,0.23342272197627278,0.22452624761082862,0.19166754753949583,0.38903777567153236,1.4143338349739723e-07,,341.0
최소빈,S11판독,eye,EyeIrritation6pack_PID716,0.23340803071641525,0.38901329023843645,0.24261170687490935,0.08612633548256333,1.4143338349739723e-07,,342.0
최소빈,S11판독,skin,MIX35,0.23316513776188913,0.2779693566037251,0.3886085629364819,0.5149266078853214,0.0,,343.0
최소빈,S11판독,eye,EyeIrritation6pack_PID170,0.23301959932483912,0.38836590458580955,0.16024762564753806,0.3317480906093299,1.4143338349739723e-07,,344.0
최소빈,S11판독,sens,EyeIrritation6pack_PID792,0.2329022086608791,0.5929128342452534,0.3459221676112674,0.38817020633474836,2.1215007524609585e-07,,345.0
최소빈,S11판독,sens,MIX371,0.2329022086608791,0.5929128342452534,0.3459221676112674,0.38817020633474836,2.1215007524609585e-07,,346.0
최소빈,S11판독,skin,MIX62,0.23183711882673147,0.18629479706526123,0.38639510375563013,0.2211178352331419,1.4143338349739723e-07,,347.0
최소빈,S11판독,sens,EyeIrritation6pack_PID241,0.23121872267247157,0.4497610290763849,0.5147609272037247,0.38536444349853033,1.4143338349739723e-07,,348.0
최소빈,S11판독,skin,EyeIrritation6pack_PID364,0.2308192768693781,0.1717493280586529,0.38469865334891334,0.19553286005866694,2.1215007524609585e-07,,349.0
최소빈,S11판독,skin,EyeIrritation6pack_PID168,0.2304214854974565,0.4085805194739239,0.3840357148735052,0.61747555967952,1.4143338349739723e-07,,350.0
최소빈,S11판독,eye,MIX420,0.23032139438893753,0.38386880207038454,0.21759308479935385,0.6671694468733098,2.8286676699479447e-07,,351.0
최소빈,S11판독,sens,EyeIrritation6pack_PID677,0.22959253332848636,0.28405930163973847,0.7318025371934925,0.3826540336362993,2.8286676699479447e-07,,352.0
최소빈,S11판독,skin,MIX519,0.22872251774093597,0.39503157255708504,0.381204101945971,0.30193080207446077,1.4143338349739723e-07,,353.0
최소빈,S11판독,eye,EyeIrritation6pack_PID478,0.22849882166866556,0.38083136944777596,0.17210119804600466,0.4521651634727135,0.0,,354.0
최소빈,S11판독,eye,EyeIrritation6pack_PID920,0.22845856047792135,0.3807641260298188,0.5009251035198775,0.26487090829357185,2.1215007524609585e-07,,355.0
최소빈,S11판독,eye,MIX354,0.22824432475845088,0.38040711364182916,0.14036434302102146,0.12470816503134771,1.4143338349739723e-07,,356.0
최소빈,S11판독,sens,EyeIrritation6pack_PID1042,0.2270974968418458,0.12789502144784626,0.4795453797672453,0.378495828069743,0.0,,357.0
최소빈,S11판독,sens,MIX208,0.22667767422579976,0.6176887141128269,0.29510296665191305,0.377796029420744,1.4143338349739723e-07,,358.0
최소빈,S11판독,sens,EyeIrritation6pack_PID870,0.22630202106888003,0.14349851204310116,0.16410577118636915,0.37716994082587774,1.4143338349739723e-07,,359.0
최소빈,S11판독,skin,EyeIrritation6pack_PID71,0.2259571171652952,0.510092659704428,0.376595195275492,0.21995060733087018,0.0,,360.0
최소빈,S11판독,eye,EyeIrritation6pack_PID476,0.22569191546733813,0.3761530981566413,0.2639514394959209,0.17522872379316992,1.4143338349739723e-07,,361.0
최소빈,S11판독,eye,MIX228,0.22569191546733813,0.3761530981566413,0.2639514394959209,0.17522872379316992,1.4143338349739723e-07,,362.0
최소빈,S11판독,sens,EyeIrritation6pack_PID519,0.22529163424725696,0.14851633839408127,0.3452445544637433,0.3754858685009169,2.8286676699479447e-07,,363.0
최소빈,S11판독,sens,MIX252,0.22529163424725696,0.14851633839408127,0.3452445544637433,0.3754858685009169,2.8286676699479447e-07,,364.0
최소빈,S11판독,eye,MIX29,0.22466817727240476,0.37444696212067463,0.4833619012597771,0.31674334619196537,0.0,,365.0
최소빈,S11판독,skin,EyeIrritation6pack_PID167,0.22442807679820484,0.1620790308794671,0.3740467003747524,0.46951791900312445,1.4143338349739723e-07,,366.0
최소빈,S11판독,skin,MIX524,0.22402963041024293,0.31869762829621734,0.37338262306148257,0.16007166647364376,1.4143338349739723e-07,,367.0
최소빈,S11판독,sens,MIX557,0.2234499271597665,0.0979028005854939,0.34147376595255213,0.3724164509773552,1.4143338349739723e-07,,368.0
최소빈,S11판독,eye,EyeIrritation6pack_PID560,0.2230687272631631,0.3717812121052718,0.5353779836995637,0.31159278095306264,0.0,,369.0
최소빈,S11판독,eye,MIX407,0.22261967641823652,0.3710326997414719,0.483208268941717,0.2550951632228636,1.4143338349739723e-07,,370.0
최소빈,S11판독,skin,EyeIrritation6pack_PID530,0.2217461904049715,0.3888236936854076,0.36957688971936353,0.5653098723415941,1.4143338349739723e-07,,371.0
최소빈,S11판독,skin,EyeIrritation6pack_PID61,0.22163728634189975,0.03741761507364704,0.3693953829475773,0.6034110765324897,1.4143338349739723e-07,,372.0
최소빈,S11판독,skin,MIX511,0.21991002211384925,0.3847748692619359,0.3665165620896986,0.1644865284924663,2.1215007524609585e-07,,373.0
최소빈,S11판독,eye,EyeIrritation6pack_PID798,0.21980134304902876,0.3663353831705366,0.45884392460531664,0.10382443098617145,2.8286676699479447e-07,,374.0
최소빈,S11판독,eye,MIX766,0.21980134304902876,0.3663353831705366,0.45884392460531664,0.10382443098617145,2.8286676699479447e-07,,375.0
최소빈,S11판독,eye,MIX1047,0.21883549425397228,0.36472572946769816,0.22701240115877558,0.14847021772395355,1.4143338349739723e-07,,376.0
최소빈,S11판독,eye,EyeIrritation6pack_PID745,0.2182348344483444,0.3637246297916517,0.4999052493751231,0.24911522956066948,1.4143338349739723e-07,,377.0
최소빈,S11판독,skin,EyeIrritation6pack_PID417,0.21821052990599984,0.47768022209247785,0.36368412222107743,0.42238200323167685,1.4143338349739723e-07,,378.0
최소빈,S11판독,skin,EyeIrritation6pack_PID347,0.21736293832255785,0.31750642432757664,0.36227146958200745,0.24556031125562897,1.4143338349739723e-07,,379.0
최소빈,S11판독,skin,MIX615,0.21399225774827277,0.2426457577583871,0.35665366862486564,0.6243477464898071,1.4143338349739723e-07,,380.0
최소빈,S11판독,skin,MIX1004,0.2138730115140333,0.23186572254677765,0.356454877756672,0.07844597369584011,2.1215007524609585e-07,,381.0
최소빈,S11판독,eye,EyeIrritation6pack_PID1025,0.21220597462339202,0.3536765300833977,0.34672690472294454,0.15366759808620142,1.4143338349739723e-07,,382.0
최소빈,S11판독,skin,EyeIrritation6pack_PID474,0.21206839280789916,0.2858385819650784,0.3534471327686539,0.06650121443600916,2.8286676699479447e-07,,383.0
최소빈,S11판독,skin,MIX25,0.2113597492737854,0.26058204529505086,0.35226615450072,0.6390700316120136,1.4143338349739723e-07,,384.0
최소빈,S11판독,skin,MIX91,0.20985159620280738,0.5486713130344523,0.34975256604909,0.12183923125373679,1.4143338349739723e-07,,385.0
최소빈,S11판독,eye,EyeIrritation6pack_PID553,0.20901167575299745,0.3483526986327401,0.1885463585842933,0.18203044855308143,1.4143338349739723e-07,,386.0
최소빈,S11판독,eye,MIX275,0.20901167575299745,0.3483526986327401,0.1885463585842933,0.18203044855308143,1.4143338349739723e-07,,387.0
최소빈,S11판독,skin,EyeIrritation6pack_PID1025,0.20803619940712012,0.3536765300833977,0.34672690472294454,0.15366759808620142,1.4143338349739723e-07,,388.0
최소빈,S11판독,sens,MIX793,0.20718753500473158,0.146056123099421,0.45335643025335476,0.345312464052297,1.4143338349739723e-07,,389.0
최소빈,S11판독,skin,EyeIrritation6pack_PID519,0.2071468458249528,0.14851633839408127,0.3452445544637433,0.3754858685009169,2.8286676699479447e-07,,390.0
최소빈,S11판독,skin,MIX252,0.2071468458249528,0.14851633839408127,0.3452445544637433,0.3754858685009169,2.8286676699479447e-07,,391.0
최소빈,S11판독,eye,EyeIrritation6pack_PID654,0.2058319311073677,0.3430532185122795,0.08711233721166003,0.798346366337393,0.0,,392.0
최소빈,S11판독,skin,MIX586,0.2058087168826619,0.1954140323251069,0.34301452813776984,0.3911925143436181,0.0,,393.0
최소빈,S11판독,sens,EyeIrritation6pack_PID456,0.20474484733613124,0.5035029007278831,0.21779745885669266,0.3412413179379631,1.4143338349739723e-07,,394.0
최소빈,S11판독,sens,MIX594,0.2046131548326035,0.3815762681759741,0.4725150258058838,0.3252537053727257,0.023652329022420232,,395.0
최소빈,S11판독,sens,EyeIrritation6pack_PID1018,0.20453952346071128,0.2059413041031514,0.28054384966395196,0.3408991114789298,1.4143338349739723e-07,,396.0
최소빈,S11판독,sens,MIX536,0.20453952346071128,0.2059413041031514,0.28054384966395196,0.3408991114789298,1.4143338349739723e-07,,397.0
최소빈,S11판독,eye,MIX310,0.204528663087942,0.34088101085764766,0.048670271450271,0.21728748667238032,1.4143338349739723e-07,,398.0
최소빈,S11판독,skin,EyeIrritation6pack_PID675,0.20417249728419962,0.32815994895766076,0.3402874011847437,0.22361390892953242,1.4143338349739723e-07,,399.0
최소빈,S11판독,skin,MIX334,0.20417249728419962,0.32815994895766076,0.3402874011847437,0.22361390892953242,1.4143338349739723e-07,,400.0
최소빈,S11판독,skin,MIX504,0.2039305713625271,0.41662859143795394,0.3398841913152895,0.1304890192715091,1.4143338349739723e-07,,401.0
최소빈,S11판독,eye,MIX107,0.20344499053280266,0.33907488993241547,0.4744594083016948,0.5933920101681053,1.4143338349739723e-07,,402.0
최소빈,S11판독,skin,EyeIrritation6pack_PID306,0.20297488404337052,0.25306417967315953,0.3382912848277729,0.30798742814325036,2.8286676699479447e-07,,403.0
최소빈,S11판독,sens,MIX277,0.20206890231879884,0.2023110411040751,0.18229651635269042,0.33678140957574243,1.4143338349739723e-07,,404.0
최소빈,S11판독,eye,EyeIrritation6pack_PID117,0.20123421807690553,0.3353902691725869,0.5461727741995911,0.21056072829813793,1.4143338349739723e-07,,405.0
최소빈,S11판독,sens,MIX339,0.20081628607012775,0.4670833194138633,0.6171227606969631,0.2362952108165364,0.14759789895051478,,406.0
최소빈,S11판독,skin,EyeIrritation6pack_PID986,0.20079243251101997,0.22506869923938266,0.33465395989611096,0.057992472478358655,1.4143338349739723e-07,,407.0
최소빈,S11판독,skin,EyeIrritation6pack_PID863,0.20022768127788554,0.14929457637664426,0.33371280212980925,0.4658147310263523,0.0,,408.0
최소빈,S11판독,skin,MIX439,0.20022768127788554,0.14929457637664426,0.33371280212980925,0.4658147310263523,0.0,,409.0
최소빈,S11판독,eye,EyeIrritation6pack_PID380,0.20008332863076345,0.33347212009568344,0.12207387513987655,0.16065526836388702,1.4143338349739723e-07,,410.0
최소빈,S11판독,eye,EyeIrritation6pack_PID121,0.1996442316382976,0.332740291774907,0.29499529978690237,0.2932508403922056,1.4143338349739723e-07,,411.0
최소빈,S11판독,eye,EyeIrritation6pack_PID365,0.19962219238074644,0.3327035596789884,0.045626539199264946,0.24872815595144673,1.4143338349739723e-07,,412.0
최소빈,S11판독,sens,EyeIrritation6pack_PID170,0.19904891093895133,0.38836590458580955,0.16024762564753806,0.3317480906093299,1.4143338349739723e-07,,413.0
최소빈,S11판독,eye,EyeIrritation6pack_PID676,0.19810081944591226,0.3301678909764703,0.33397433076173105,0.23481143452400316,2.1215007524609585e-07,,414.0
최소빈,S11판독,skin,MIX599,0.19749538863789376,0.08567910901975544,0.32915888677423394,0.2489152919886594,1.4143338349739723e-07,,415.0
최소빈,S11판독,eye,EyeIrritation6pack_PID675,0.19689602594794983,0.32815994895766076,0.3402874011847437,0.22361390892953242,1.4143338349739723e-07,,416.0
최소빈,S11판독,eye,MIX334,0.19689602594794983,0.32815994895766076,0.3402874011847437,0.22361390892953242,1.4143338349739723e-07,,417.0
최소빈,S11판독,skin,MIX235,0.19585441086492775,0.1822435217541059,0.3264240181082129,0.06821045158391391,0.0,,418.0
최소빈,S11판독,eye,EyeIrritation6pack_PID777,0.19511862116025644,0.32519770193376074,0.3766435453900713,0.2984434833889507,0.0,,419.0
최소빈,S11판독,eye,MIX1029,0.19496470882162975,0.32494118136938294,0.1777058062258596,0.20926464744958628,0.0,,420.0
최소빈,S11판독,eye,MIX699,0.19329745130423207,0.3221622774070033,0.6095326096917967,0.5205098298327002,2.1215007524609585e-07,,421.0
최소빈,S11판독,eye,MIX266,0.19328944962512792,0.32214889413070186,0.28568377441735787,0.27757295142431404,2.8286676699479447e-07,,422.0
최소빈,S11판독,eye,EyeIrritation6pack_PID422,0.19253453230879083,0.3208908871813181,0.39509438561526794,0.6164748388045894,0.0,,423.0
최소빈,S11판독,eye,EyeIrritation6pack_PID568,0.1915676524850702,0.31927932651952806,0.2829916176650081,0.5412433569574395,1.4143338349739723e-07,,424.0
최소빈,S11판독,eye,EyeIrritation6pack_PID926,0.19138042660938961,0.3189672833933937,0.2411176571307697,0.6855712451315504,1.4143338349739723e-07,,425.0
최소빈,S11판독,sens,MIX364,0.19122177811860133,0.2770578083050246,0.16953190795424056,0.3187028692420799,1.4143338349739723e-07,,426.0
최소빈,S11판독,eye,MIX524,0.1912186335510838,0.31869762829621734,0.37338262306148257,0.16007166647364376,1.4143338349739723e-07,,427.0
최소빈,S11판독,sens,EyeIrritation6pack_PID356,0.19101472553758983,0.4608195412885144,0.2230657111686951,0.31835778160706074,1.4143338349739723e-07,,428.0
최소빈,S11판독,skin,EyeIrritation6pack_PID124,0.19077164590322465,0.5036617396519392,0.31795260173865764,0.43373567360026083,2.1215007524609585e-07,,429.0
최소빈,S11판독,sens,EyeIrritation6pack_PID571,0.19074816686303755,0.25311839739383424,0.12097069413198636,0.31791347000501247,2.1215007524609585e-07,,430.0
최소빈,S11판독,sens,MIX282,0.19074816686303755,0.25311839739383424,0.12097069413198636,0.31791347000501247,2.1215007524609585e-07,,431.0
최소빈,S11판독,eye,EyeIrritation6pack_PID347,0.19050391116989937,0.31750642432757664,0.36227146958200745,0.24556031125562897,1.4143338349739723e-07,,432.0
최소빈,S11판독,eye,EyeIrritation6pack_PID366,0.19031665455364227,0.31719432996714814,0.1905283488436873,0.16806875298301838,1.4143338349739723e-07,,433.0
최소빈,S11판독,eye,MIX167,0.19031665455364227,0.31719432996714814,0.1905283488436873,0.16806875298301838,1.4143338349739723e-07,,434.0
최소빈,S11판독,sens,MIX29,0.1900460077151792,0.37444696212067463,0.4833619012597771,0.31674334619196537,0.0,,435.0
최소빈,S11판독,sens,EyeIrritation6pack_PID867,0.18942837706546808,0.4425244580342885,0.03916129152426693,0.3157138674868578,1.4143338349739723e-07,,436.0
최소빈,S11판독,eye,EyeIrritation6pack_PID48,0.18931179624032377,0.31551966040053964,0.23017026952880854,0.2310027294656696,0.0,,437.0
최소빈,S11판독,sens,EyeIrritation6pack_PID559,0.18923692584335947,0.37147442187730617,0.148917639219602,0.3153947821166768,1.4143338349739723e-07,,438.0
최소빈,S11판독,eye,EyeIrritation6pack_PID998,0.18916819200725096,0.31528032001208495,0.2728714485960417,0.2283771051199977,0.0,,439.0
최소빈,S11판독,eye,MIX294,0.1889755428933366,0.314959238155561,0.5113320299215844,0.21488753065738403,0.0,,440.0
최소빈,S11판독,eye,EyeIrritation6pack_PID62,0.1878405028626169,0.31306741048210585,0.23958249688490443,0.12904927880370554,1.4143338349739723e-07,,441.0
최소빈,S11판독,eye,MIX27,0.1878405028626169,0.31306741048210585,0.23958249688490443,0.12904927880370554,1.4143338349739723e-07,,442.0
최소빈,S11판독,eye,MIX49,0.1878197774536768,0.3130328681338724,0.2747656830382129,0.3063172976775113,1.4143338349739723e-07,,443.0
최소빈,S11판독,skin,MIX704,0.18764703835480576,0.26259492046755445,0.31274506392467627,0.19678944067232854,0.0,,444.0
최소빈,S11판독,sens,EyeIrritation6pack_PID718,0.18729743111973624,0.3615147264956186,0.19056789471124877,0.3121622909106381,1.4143338349739723e-07,,445.0
최소빈,S11판독,sens,MIX356,0.18646802549145816,0.27080157609544586,0.15322398912977825,0.3107799481968413,1.4143338349739723e-07,,446.0
최소빈,S11판독,eye,MIX287,0.18600148217972867,0.3100024702995478,0.4352796516516904,0.2718252214579668,0.0,,447.0
최소빈,S11판독,skin,EyeIrritation6pack_PID231,0.18567308453693712,0.255698213120396,0.3094549994615117,0.06005211406594527,2.1215007524609585e-07,,448.0
최소빈,S11판독,skin,MIX574,0.185425371742697,0.4804642736376747,0.3090422862378283,0.15907613597682443,0.0,,449.0
최소빈,S11판독,eye,EyeIrritation6pack_PID59,0.18517860730899216,0.3086309178927313,0.4541325526526842,0.3804989031045393,1.4143338349739723e-07,,450.0
최소빈,S11판독,skin,EyeIrritation6pack_PID790,0.1851689041583854,0.21392107267653873,0.3086148402639757,0.10790621302793593,0.0,,451.0
최소빈,S11판독,skin,EyeIrritation6pack_PID661,0.1849439576178367,0.048441896456136946,0.30823992936306116,0.35512257529294966,0.0,,452.0
최소빈,S11판독,skin,MIX337,0.1849439576178367,0.048441896456136946,0.30823992936306116,0.35512257529294966,0.0,,453.0
최소빈,S11판독,sens,MIX219,0.18405551319672545,0.24096665774758563,0.4102376573708087,0.30675909437228677,1.4143338349739723e-07,,454.0
최소빈,S11판독,sens,MIX49,0.18379043517986018,0.3130328681338724,0.2747656830382129,0.3063172976775113,1.4143338349739723e-07,,455.0
최소빈,S11판독,eye,MIX1,0.18214125794127875,0.3035686689465423,0.17520272069981857,0.4902435159106015,1.4143338349739723e-07,,456.0
최소빈,S11판독,eye,EyeIrritation6pack_PID3,0.18196286869747993,0.3032713535402109,0.17520272069981857,0.4902435159106015,1.4143338349739723e-07,,457.0
최소빈,S11판독,eye,EyeIrritation6pack_PID570,0.1812173003808217,0.3020288339680362,0.5746075071507971,0.399442950470426,0.0,,458.0
최소빈,S11판독,sens,Cancer_PID_98,0.18055628218960232,0.421461880283117,0.22276308920661067,0.30092713698267054,0.0,,459.0
최소빈,S11판독,sens,MIX411,0.18013433440943458,0.17681617353459708,0.24012395092586114,0.30022379639346863,1.4143338349739723e-07,,460.0
최소빈,S11판독,skin,EyeIrritation6pack_PID149,0.17992574612320364,0.27943174134449295,0.2998761492497504,0.17608864800855095,1.4143338349739723e-07,,461.0
최소빈,S11판독,eye,EyeIrritation6pack_PID1037,0.1797277680150624,0.2995461857361817,0.20034153988702166,0.2511325049141302,1.4143338349739723e-07,,462.0
최소빈,S11판독,skin,EyeIrritation6pack_PID627,0.17882291545439047,0.21225800296905267,0.2980380981350618,0.22183000450477994,1.4143338349739723e-07,,463.0
최소빈,S11판독,skin,MIX323,0.17882291545439047,0.21225800296905267,0.2980380981350618,0.22183000450477994,1.4143338349739723e-07,,464.0
최소빈,S11판독,eye,EyeIrritation6pack_PID1038,0.1785363580638115,0.2975605024840968,0.4256359791635455,0.12143632578353832,1.4143338349739723e-07,,465.0
최소빈,S11판독,eye,MIX525,0.1785363580638115,0.2975605024840968,0.4256359791635455,0.12143632578353832,1.4143338349739723e-07,,466.0
최소빈,S11판독,skin,EyeIrritation6pack_PID1024,0.17841373897340257,0.5207533700913073,0.2973561373334153,0.1178645521977714,1.4143338349739723e-07,,467.0
최소빈,S11판독,skin,MIX562,0.17801155431266338,0.21159789997844458,0.296685923854439,0.18382005156966216,0.0,,468.0
최소빈,S11판독,sens,MIX802,0.1776369830572838,0.2868049645795498,0.24577298212575185,0.29606163842880634,0.0,,469.0
최소빈,S11판독,eye,MIX495,0.17735517030367803,0.29559185621720774,0.27939002790302303,0.6779078155624584,1.4143338349739723e-07,,470.0
최소빈,S11판독,skin,MIX208,0.17706183656450122,0.6176887141128269,0.29510296665191305,0.377796029420744,1.4143338349739723e-07,,471.0
최소빈,S11판독,skin,EyeIrritation6pack_PID386,0.17702432802094578,0.28716880545911183,0.295040452412654,0.5942472772425923,1.4143338349739723e-07,,472.0
최소빈,S11판독,skin,EyeIrritation6pack_PID1027,0.1755715556826748,0.11915466663559253,0.2926191180377412,0.09900631787587909,2.1215007524609585e-07,,473.0
최소빈,S11판독,eye,MIX61,0.1754576470155146,0.29242931740360206,0.25437953738086433,0.46424744333778584,1.4143338349739723e-07,,474.0
최소빈,S11판독,sens,MIX631,0.17513818456757324,0.42068430439431437,0.16669382939368815,0.2918968328459053,2.1215007524609585e-07,,475.0
최소빈,S11판독,skin,MIX272,0.17492560522459094,0.32057646851672517,0.29154253394093477,0.2937977234505329,2.1215007524609585e-07,,476.0
최소빈,S11판독,skin,EyeIrritation6pack_PID411,0.17434002115135117,0.20932754707180348,0.2905666076299963,0.3172217738590792,1.4143338349739723e-07,,477.0
최소빈,S11판독,skin,EyeIrritation6pack_PID982,0.1743053135890873,0.11133274084679781,0.29050866740396747,0.22303092245614317,2.8286676699479447e-07,,478.0
최소빈,S11판독,skin,EyeIrritation6pack_PID813,0.1742484943237964,0.11449853280052057,0.29041415720632735,0.40769730160982426,0.0,,479.0
최소빈,S11판독,sens,EyeIrritation6pack_PID81,0.17419999665962907,0.22119235889029898,0.2492077358638964,0.29033323347712614,1.4143338349739723e-07,,480.0
최소빈,S11판독,sens,Cancer_PID_1057,0.17292378338890707,0.19124130407205028,0.14945294725482758,0.28820630564817845,0.0,,481.0
최소빈,S11판독,eye,EyeIrritation6pack_PID533,0.17262638633729968,0.28771054960657716,1.0,0.14007625111784575,1.4143338349739723e-07,,482.0
최소빈,S11판독,skin,MIX265,0.17159134689163297,0.4270661122992674,0.28598538957487696,0.4063289174227817,2.8286676699479447e-07,,483.0
최소빈,S11판독,eye,EyeIrritation6pack_PID474,0.17150326232575383,0.2858385819650784,0.3534471327686539,0.06650121443600916,2.8286676699479447e-07,,484.0
최소빈,S11판독,sens,EyeIrritation6pack_PID160,0.17087169439129765,0.34473170140506715,0.03891987845291929,0.28478615731882945,0.0,,485.0
최소빈,S11판독,sens,MIX64,0.17087169439129765,0.34473170140506715,0.03891987845291929,0.28478615731882945,0.0,,486.0
최소빈,S11판독,eye,EyeIrritation6pack_PID677,0.17043569413054988,0.28405930163973847,0.7318025371934925,0.3826540336362993,2.8286676699479447e-07,,487.0
최소빈,S11판독,eye,MIX626,0.1704204352448471,0.2840339644524895,0.20311762848081402,0.0639158318791636,1.4143338349739723e-07,,488.0
최소빈,S11판독,eye,EyeIrritation6pack_PID751,0.17001675008607853,0.2833610615656195,0.06446015587884349,0.6685958925836238,2.8286676699479447e-07,,489.0
최소빈,S11판독,eye,MIX868,0.1699744245951868,0.2832905662252612,0.06683306513841852,0.1091963018057964,2.1215007524609585e-07,,490.0
최소빈,S11판독,eye,MIX324,0.1698785306839633,0.2831307430398887,0.5846442338913105,0.27851452998130527,2.1215007524609585e-07,,491.0
최소빈,S11판독,sens,MIX443,0.16979114505827503,0.5246912331705518,0.18612602685086732,0.2829851474748694,1.4143338349739723e-07,,492.0
최소빈,S11판독,sens,EyeIrritation6pack_PID621,0.16931633067676966,0.18386828957425969,0.18189477282191302,0.28219379017236046,1.4143338349739723e-07,,493.0
최소빈,S11판독,sens,MIX320,0.16931633067676966,0.18386828957425969,0.18189477282191302,0.28219379017236046,1.4143338349739723e-07,,494.0
최소빈,S11판독,skin,EyeIrritation6pack_PID1018,0.16832636637172457,0.2059413041031514,0.28054384966395196,0.3408991114789298,1.4143338349739723e-07,,495.0
최소빈,S11판독,skin,MIX536,0.16832636637172457,0.2059413041031514,0.28054384966395196,0.3408991114789298,1.4143338349739723e-07,,496.0
최소빈,S11판독,eye,EyeIrritation6pack_PID149,0.16765910138004916,0.27943174134449295,0.2998761492497504,0.17608864800855095,1.4143338349739723e-07,,497.0
최소빈,S11판독,skin,MIX495,0.1676340733151672,0.29559185621720774,0.27939002790302303,0.6779078155624584,1.4143338349739723e-07,,498.0
최소빈,S11판독,sens,EyeIrritation6pack_PID24,0.1670450781688751,0.14833535288969787,0.28881345937153785,0.2784084636147918,0.0,,499.0
최소빈,S11판독,sens,MIX12,0.1670450781688751,0.14833535288969787,0.28881345937153785,0.2784084636147918,0.0,,500.0
최소빈,S11판독,eye,MIX261,0.16680942664944728,0.27801561679348985,0.5204445768675549,0.05975576289932304,1.4143338349739723e-07,,501.0
최소빈,S11판독,eye,MIX35,0.16678161396223506,0.2779693566037251,0.3886085629364819,0.5149266078853214,0.0,,502.0
최소빈,S11판독,eye,MIX364,0.16623474155636814,0.2770578083050246,0.16953190795424056,0.3187028692420799,1.4143338349739723e-07,,503.0
최소빈,S11판독,eye,MIX498,0.16557307736339869,0.2759551289389978,0.5426933651865066,0.5449954517643082,0.0,,504.0
최소빈,S11판독,skin,MIX49,0.16485946639628113,0.3130328681338724,0.2747656830382129,0.3063172976775113,1.4143338349739723e-07,,505.0
최소빈,S11판독,skin,MIX36,0.16478848055600503,0.18449738413290845,0.2746473733044194,0.2527823037104647,1.4143338349739723e-07,,506.0
최소빈,S11판독,skin,EyeIrritation6pack_PID549,0.1646483120871535,0.1860235640974964,0.2744137120452057,0.24010199767379234,2.1215007524609585e-07,,507.0
최소빈,S11판독,eye,MIX522,0.16431196351493915,0.27385317823597627,0.020393666472802354,0.18945448867028838,1.4143338349739723e-07,,508.0
최소빈,S11판독,skin,MIX196,0.16425742322816345,0.5460110851063903,0.27376227775801676,0.5196105883271682,1.4143338349739723e-07,,509.0
최소빈,S11판독,skin,EyeIrritation6pack_PID179,0.16350568491534823,0.2186594045043719,0.2725093805699914,0.08415620463910899,1.4143338349739723e-07,,510.0
최소빈,S11판독,skin,MIX602,0.16327853582338478,0.48786036019594053,0.2721307987500523,0.22576882662291015,1.4143338349739723e-07,,511.0
최소빈,S11판독,sens,MIX287,0.16309513287478006,0.3100024702995478,0.4352796516516904,0.2718252214579668,0.0,,512.0
최소빈,S11판독,sens,EyeIrritation6pack_PID740,0.16299279901682337,0.1387274711407332,0.2341328238104284,0.271654665028039,0.0,,513.0
최소빈,S11판독,sens,MIX399,0.16299279901682337,0.1387274711407332,0.2341328238104284,0.271654665028039,0.0,,514.0
최소빈,S11판독,skin,MIX82,0.16292710894064355,0.19962033022247616,0.27154508727881693,0.12764719965587512,1.4143338349739723e-07,,515.0
최소빈,S11판독,skin,MIX807,0.1625750695743697,0.18968062187111706,0.27095835500169385,0.39935851294156427,1.4143338349739723e-07,,516.0
최소빈,S11판독,eye,MIX335,0.16254896178658557,0.27091479487759246,0.21609469211512997,0.25061536524121414,2.1215007524609585e-07,,517.0
최소빈,S11판독,skin,MIX614,0.1622950410008834,0.22040420085482668,0.27049164071255005,0.038978721407320435,1.4143338349739723e-07,,518.0
최소빈,S11판독,eye,EyeIrritation6pack_PID684,0.16146083817479162,0.26910125552460257,0.5006411140943621,0.41754851604649257,2.1215007524609585e-07,,519.0
최소빈,S11판독,skin,EyeIrritation6pack_PID808,0.1604247951530902,0.08400780557846539,0.2673745171551002,0.5715011263655392,2.1215007524609585e-07,,520.0
최소빈,S11판독,skin,MIX561,0.1604247951530902,0.08400780557846539,0.2673745171551002,0.5715011263655392,2.1215007524609585e-07,,521.0
최소빈,S11판독,skin,EyeIrritation6pack_PID631,0.16020007695691174,0.3528731402767624,0.26700003397259725,0.26879774844816984,1.4143338349739723e-07,,522.0
최소빈,S11판독,sens,EyeIrritation6pack_PID1039,0.15977854235028296,0.4424026848886537,0.19952354559811628,0.26629757058380493,0.0,,523.0
최소빈,S11판독,sens,MIX527,0.15977854235028296,0.4424026848886537,0.19952354559811628,0.26629757058380493,0.0,,524.0
최소빈,S11판독,skin,MIX545,0.15974381533806772,0.5009078224619647,0.26623959794119056,0.09979943628055467,1.4143338349739723e-07,,525.0
최소빈,S11판독,sens,MIX80,0.15818719106066312,0.265581128545291,0.4883063593917324,0.2636452241455162,1.4143338349739723e-07,,526.0
최소빈,S11판독,skin,MIX68,0.1580556129755122,0.5175578617515416,0.2634258801924702,0.40602442811389095,2.1215007524609585e-07,,527.0
최소빈,S11판독,skin,MIX717,0.15767294090959488,0.14065250692805292,0.2627880462714801,0.6255271173676247,2.8286676699479447e-07,,528.0
최소빈,S11판독,eye,MIX704,0.15755695228053265,0.26259492046755445,0.31274506392467627,0.19678944067232854,0.0,,529.0
최소빈,S11판독,eye,MIX677,0.15699548115442047,0.261658993823984,0.22138017791095677,0.037105205337709925,2.1215007524609585e-07,,530.0
최소빈,S11판독,sens,EyeIrritation6pack_PID132,0.1565919237743403,0.21900600669384696,0.42024242655397137,0.2609864453349782,1.4143338349739723e-07,,531.0
최소빈,S11판독,eye,MIX25,0.1563492837503839,0.26058204529505086,0.35226615450072,0.6390700316120136,1.4143338349739723e-07,,532.0
최소빈,S11판독,sens,MIX174,0.15596745324342434,0.3338394710683904,0.4156341928396825,0.25994575540570725,0.0,,533.0
최소빈,S11판독,skin,MIX65,0.1558992004248643,0.3219725966754938,0.25983190641918485,0.23650650081566113,1.4143338349739723e-07,,534.0
최소빈,S11판독,eye,MIX478,0.15411482428325451,0.25685794618316854,0.45756498868358075,0.23345582264777842,1.4143338349739723e-07,,535.0
최소빈,S11판독,skin,MIX593,0.15372984693453093,0.18480397917115643,0.25621641155755154,0.7737930038286519,0.0,,536.0
최소빈,S11판독,eye,EyeIrritation6pack_PID231,0.15341901273226766,0.255698213120396,0.3094549994615117,0.06005211406594527,2.1215007524609585e-07,,537.0
최소빈,S11판독,eye,MIX571,0.15327548727133383,0.25545905116330075,0.22686222193202216,0.20457426836810938,1.4143338349739723e-07,,538.0
최소빈,S11판독,sens,MIX211,0.1522728474500648,0.24105579474736552,0.27987941864583765,0.25378807908344136,0.0,,539.0
최소빈,S11판독,eye,EyeIrritation6pack_PID965,0.1517455995118458,0.2529092382308207,0.43837331540855107,0.22703028136698494,1.4143338349739723e-07,,540.0
최소빈,S11판독,sens,EyeIrritation6pack_PID460,0.15068399894424214,0.2224074161908348,0.2545386164527949,0.25113999824040356,0.0,,541.0
최소빈,S11판독,sens,EyeIrritation6pack_PID1037,0.1506795595218315,0.2995461857361817,0.20034153988702166,0.2511325049141302,1.4143338349739723e-07,,542.0
최소빈,S11판독,skin,MIX183,0.1503967965548137,0.09107032003360774,0.2506613275913562,0.2859837388483075,0.0,,543.0
최소빈,S11판독,eye,MIX842,0.14980545781391436,0.0352238594606746,0.2331481223872904,0.3602877006694942,0.32167785534377397,,544.0
최소빈,S11판독,skin,EyeIrritation6pack_PID81,0.14952469809169122,0.22119235889029898,0.2492077358638964,0.29033323347712614,1.4143338349739723e-07,,545.0
최소빈,S11판독,sens,MIX569,0.14937789570784152,0.05445429458253771,0.22372700521260858,0.2489630652241469,1.4143338349739723e-07,,546.0
최소빈,S11판독,sens,EyeIrritation6pack_PID365,0.14923695014422142,0.3327035596789884,0.045626539199264946,0.24872815595144673,1.4143338349739723e-07,,547.0
최소빈,S11판독,eye,MIX246,0.14873488489690456,0.24789138053925197,0.09796988335715012,0.12471915638502673,1.4143338349739723e-07,,548.0
최소빈,S11판독,eye,EyeIrritation6pack_PID897,0.1487031468470392,0.24783848378947634,0.25439267359465645,0.3318492908396039,1.4143338349739723e-07,,549.0
최소빈,S11판독,skin,MIX67,0.14860730025166974,0.5190499442231902,0.2476787394638606,0.8012857220994963,1.4143338349739723e-07,,550.0
최소빈,S11판독,eye,MIX598,0.14817381623802492,0.2469563603967082,0.5283743539642433,0.13704939379211203,0.0,,551.0
최소빈,S11판독,eye,EyeIrritation6pack_PID272,0.14799007490546282,0.24665012484243803,0.12166781511553192,0.16958822217801975,0.0,,552.0
최소빈,S11판독,skin,EyeIrritation6pack_PID1001,0.1476231709370151,0.4068413243755929,0.2460385239394362,0.6558778066754762,1.4143338349739723e-07,,553.0
최소빈,S11판독,sens,EyeIrritation6pack_PID347,0.14733624332673076,0.31750642432757664,0.36227146958200745,0.24556031125562897,1.4143338349739723e-07,,554.0
최소빈,S11판독,sens,EyeIrritation6pack_PID480,0.14664960476182579,0.16492693590835983,0.12863253785969705,0.244415913647454,1.4143338349739723e-07,,555.0
최소빈,S11판독,sens,MIX231,0.14664960476182579,0.16492693590835983,0.12863253785969705,0.244415913647454,1.4143338349739723e-07,,556.0
최소빈,S11판독,sens,EyeIrritation6pack_PID819,0.14633074521195116,0.060554614632668174,0.22766057959465752,0.2438844810643296,1.4143338349739723e-07,,557.0
최소빈,S11판독,sens,EyeIrritation6pack_PID157,0.14619657181181225,0.20757501931093675,0.42382505641585355,0.2436608587307648,1.4143338349739723e-07,,558.0
최소빈,S11판독,eye,MIX615,0.14558751122838565,0.2426457577583871,0.35665366862486564,0.6243477464898071,1.4143338349739723e-07,,559.0
최소빈,S11판독,skin,EyeIrritation6pack_PID926,0.1446706508518152,0.3189672833933937,0.2411176571307697,0.6855712451315504,1.4143338349739723e-07,,560.0
최소빈,S11판독,skin,EyeIrritation6pack_PID104,0.14449128675435696,0.1745169682638413,0.24081871696833929,0.24552311174661134,1.4143338349739723e-07,,561.0
최소빈,S11판독,eye,EyeIrritation6pack_PID44,0.1444548204069372,0.24075793972263967,0.3702850564655481,0.051850588395121945,1.4143338349739723e-07,,562.0
최소빈,S11판독,eye,MIX2,0.1444548204069372,0.24075793972263967,0.3702850564655481,0.051850588395121945,1.4143338349739723e-07,,563.0
최소빈,S11판독,skin,EyeIrritation6pack_PID406,0.14396932192428805,0.13478910012918013,0.2399487755848911,0.09348144481673631,1.4143338349739723e-07,,564.0
최소빈,S11판독,skin,EyeIrritation6pack_PID62,0.14374955470429604,0.31306741048210585,0.23958249688490443,0.12904927880370554,1.4143338349739723e-07,,565.0
최소빈,S11판독,skin,MIX27,0.14374955470429604,0.31306741048210585,0.23958249688490443,0.12904927880370554,1.4143338349739723e-07,,566.0
최소빈,S11판독,skin,EyeIrritation6pack_PID41,0.14367995899110328,0.1633647376720536,0.23946650402958314,0.3141280194681401,1.4143338349739723e-07,,567.0
최소빈,S11판독,skin,MIX24,0.14367995899110328,0.1633647376720536,0.23946650402958314,0.3141280194681401,1.4143338349739723e-07,,568.0
최소빈,S11판독,skin,EyeIrritation6pack_PID137,0.14357801424111744,0.3966401451812075,0.2392965961129401,0.6154739467562557,1.4143338349739723e-07,,569.0
최소빈,S11판독,skin,MIX508,0.14234949708874672,0.13442381718581298,0.2372490203811944,0.10241336610420937,2.1215007524609585e-07,,570.0
최소빈,S11판독,sens,MIX592,0.14209168874526162,0.1763454729981121,0.4922428244686817,0.2368194812421027,0.0,,571.0
최소빈,S11판독,skin,MIX639,0.14147674776063623,0.37358631961766625,0.2357944853121381,0.17663257601379756,1.4143338349739723e-07,,572.0
최소빈,S11판독,eye,MIX449,0.14147327008214047,0.23578878347023413,0.40919272137665536,0.1462906846395698,0.0,,573.0
최소빈,S11판독,sens,MIX820,0.13969602202389947,0.08281459658789456,0.11407185478545191,0.23282660908424346,1.4143338349739723e-07,,574.0
최소빈,S11판독,eye,EyeIrritation6pack_PID283,0.13931781319968659,0.23219635533281097,0.37892220126942927,0.1964959926105422,0.0,,575.0
최소빈,S11판독,eye,MIX1004,0.13911951838809666,0.23186572254677765,0.356454877756672,0.07844597369584011,2.1215007524609585e-07,,576.0
최소빈,S11판독,sens,EyeIrritation6pack_PID48,0.13860163767940176,0.31551966040053964,0.23017026952880854,0.2310027294656696,0.0,,577.0
최소빈,S11판독,skin,EyeIrritation6pack_PID48,0.13810216171728512,0.31551966040053964,0.23017026952880854,0.2310027294656696,0.0,,578.0
최소빈,S11판독,skin,EyeIrritation6pack_PID376,0.13802215351621938,0.12303361102835908,0.2300369225270323,0.23850940079535407,0.0,,579.0
최소빈,S11판독,skin,MIX513,0.1380032082678657,0.42875500157193946,0.23000525282418718,0.5864996892722362,1.4143338349739723e-07,,580.0
최소빈,S11판독,skin,MIX1047,0.13620749726861872,0.36472572946769816,0.22701240115877558,0.14847021772395355,1.4143338349739723e-07,,581.0
최소빈,S11판독,skin,MIX571,0.13611738973256668,0.25545905116330075,0.22686222193202216,0.20457426836810938,1.4143338349739723e-07,,582.0
최소빈,S11판독,sens,EyeIrritation6pack_PID515,0.13591598098445304,0.09603406773528379,0.5191933762381161,0.22652644639624372,2.8286676699479447e-07,,583.0
최소빈,S11판독,skin,MIX85,0.13548160132505496,0.52601064379002,0.22580257458616929,0.5051712705754536,1.4143338349739723e-07,,584.0
최소빈,S11판독,sens,MIX602,0.13546135254709948,0.48786036019594053,0.2721307987500523,0.22576882662291015,1.4143338349739723e-07,,585.0
최소빈,S11판독,eye,EyeIrritation6pack_PID986,0.135041276116983,0.22506869923938266,0.33465395989611096,0.057992472478358655,1.4143338349739723e-07,,586.0
최소빈,S11판독,eye,MIX448,0.13471580513985057,0.22452624761082862,0.19166754753949583,0.38903777567153236,1.4143338349739723e-07,,587.0
최소빈,S11판독,sens,EyeIrritation6pack_PID675,0.13416840193107285,0.32815994895766076,0.3402874011847437,0.22361390892953242,1.4143338349739723e-07,,588.0
최소빈,S11판독,sens,MIX334,0.13416840193107285,0.32815994895766076,0.3402874011847437,0.22361390892953242,1.4143338349739723e-07,,589.0
최소빈,S11판독,sens,EyeIrritation6pack_PID982,0.1338186666203927,0.11133274084679781,0.29050866740396747,0.22303092245614317,2.8286676699479447e-07,,590.0
최소빈,S11판독,eye,MIX718,0.1337826689879471,0.22297111497991184,0.4119378321162429,0.14811276763465067,0.0,,591.0
최소빈,S11판독,skin,MIX677,0.13282819160660414,0.261658993823984,0.22138017791095677,0.037105205337709925,2.1215007524609585e-07,,592.0
최소빈,S11판독,eye,EyeIrritation6pack_PID81,0.13271547190753277,0.22119235889029898,0.2492077358638964,0.29033323347712614,1.4143338349739723e-07,,593.0
최소빈,S11판독,sens,MIX62,0.13267075771323852,0.18629479706526123,0.38639510375563013,0.2211178352331419,1.4143338349739723e-07,,594.0
최소빈,S11판독,sens,EyeIrritation6pack_PID829,0.13253494343336364,0.11656493924039345,0.189993554328763,0.2208914309555559,2.1215007524609585e-07,,595.0
최소빈,S11판독,sens,MIX406,0.13253494343336364,0.11656493924039345,0.189993554328763,0.2208914309555559,2.1215007524609585e-07,,596.0
최소빈,S11판독,eye,MIX614,0.1322425770862494,0.22040420085482668,0.27049164071255005,0.038978721407320435,1.4143338349739723e-07,,597.0
최소빈,S11판독,sens,EyeIrritation6pack_PID71,0.1319703643985221,0.510092659704428,0.376595195275492,0.21995060733087018,0.0,,598.0
최소빈,S11판독,eye,EyeIrritation6pack_PID179,0.13119569927597652,0.2186594045043719,0.2725093805699914,0.08415620463910899,1.4143338349739723e-07,,599.0
최소빈,S11판독,skin,EyeIrritation6pack_PID456,0.13067853188736897,0.5035029007278831,0.21779745885669266,0.3412413179379631,1.4143338349739723e-07,,600.0
최소빈,S11판독,skin,MIX420,0.1305559640263191,0.38386880207038454,0.21759308479935385,0.6671694468733098,2.8286676699479447e-07,,601.0
최소빈,S11판독,eye,MIX454,0.1299620155760366,0.21660326500447202,0.13883174613495045,0.08976636860069565,1.4143338349739723e-07,,602.0
최소빈,S11판독,skin,MIX290,0.12981140046405637,0.1764784770963236,0.2163523341067606,0.5401708354959885,0.0,,603.0
최소빈,S11판독,eye,EyeIrritation6pack_PID628,0.12938258356717172,0.2156374978452361,0.5444431637655548,0.27991091662539885,2.1215007524609585e-07,,604.0
최소빈,S11판독,eye,EyeIrritation6pack_PID1033,0.12917161655017648,0.21528593329470516,0.4047497961757404,0.3769249600780653,1.4143338349739723e-07,,605.0
최소빈,S11판독,sens,MIX1064,0.12878369658849462,0.2426687618312584,0.41890721607611026,0.2146393528807742,2.1215007524609585e-07,,606.0
최소빈,S11판독,sens,MIX584,0.128449594034463,0.24448635321223355,0.2412222191240761,0.21408256243518267,1.4143338349739723e-07,,607.0
최소빈,S11판독,sens,MIX538,0.1284328513116571,0.1587550293034145,0.16183088602977078,0.21405465789717287,1.4143338349739723e-07,,608.0
최소빈,S11판독,eye,EyeIrritation6pack_PID790,0.12835264360592324,0.21392107267653873,0.3086148402639757,0.10790621302793593,0.0,,609.0
최소빈,S11판독,sens,MIX280,0.1276357122333877,0.47273921065793384,0.4514442850688938,0.2127261870556462,0.0,,610.0
최소빈,S11판독,eye,EyeIrritation6pack_PID627,0.127354858354785,0.21225800296905267,0.2980380981350618,0.22183000450477994,1.4143338349739723e-07,,611.0
최소빈,S11판독,eye,MIX323,0.127354858354785,0.21225800296905267,0.2980380981350618,0.22183000450477994,1.4143338349739723e-07,,612.0
최소빈,S11판독,sens,EyeIrritation6pack_PID1019,0.12723891737078533,0.2036376008698789,0.22947597262559896,0.21206476799571988,1.4143338349739723e-07,,613.0
최소빈,S11판독,eye,MIX562,0.12695873998706675,0.21159789997844458,0.296685923854439,0.18382005156966216,0.0,,614.0
최소빈,S11판독,eye,EyeIrritation6pack_PID783,0.1265107618869113,0.21085117552259652,0.0809676408626173,0.5123019801244567,1.4143338349739723e-07,,615.0
최소빈,S11판독,eye,MIX369,0.1265107618869113,0.21085117552259652,0.0809676408626173,0.5123019801244567,1.4143338349739723e-07,,616.0
최소빈,S11판독,skin,MIX539,0.1264149550542504,0.42074873312983296,0.21069149746816168,0.23381087249228072,1.4143338349739723e-07,,617.0
최소빈,S11판독,eye,MIX673,0.12629060637981437,0.2104842025329738,0.17343406546400933,0.5510152346879404,2.1215007524609585e-07,,618.0
최소빈,S11판독,sens,MIX936,0.1262625806323024,0.303422489292666,0.3053731603338971,0.21043754009824833,1.4143338349739723e-07,,619.0
최소빈,S11판독,sens,MIX296,0.12565864930412232,0.04662729269618445,0.08831162303740804,0.20943089359569253,2.8286676699479447e-07,,620.0
최소빈,S11판독,sens,MIX159,0.12564913239784564,0.11452700182808959,0.0469880415305,0.20941512637415377,1.4143338349739723e-07,,621.0
최소빈,S11판독,eye,EyeIrritation6pack_PID411,0.12559658481643549,0.20932754707180348,0.2905666076299963,0.3172217738590792,1.4143338349739723e-07,,622.0
최소빈,S11판독,sens,MIX1029,0.12555878846975177,0.32494118136938294,0.1777058062258596,0.20926464744958628,0.0,,623.0
최소빈,S11판독,eye,EyeIrritation6pack_PID157,0.12454506815991545,0.20757501931093675,0.42382505641585355,0.2436608587307648,1.4143338349739723e-07,,624.0
최소빈,S11판독,sens,MIX221,0.12444773343173855,0.13960915929293924,0.03529397086424571,0.20741279476397526,1.4143338349739723e-07,,625.0
최소빈,S11판독,eye,EyeIrritation6pack_PID1018,0.12356483903524423,0.2059413041031514,0.28054384966395196,0.3408991114789298,1.4143338349739723e-07,,626.0
최소빈,S11판독,eye,MIX536,0.12356483903524423,0.2059413041031514,0.28054384966395196,0.3408991114789298,1.4143338349739723e-07,,627.0
최소빈,S11판독,sens,EyeIrritation6pack_PID516,0.12338579215542687,0.14319249908647852,0.16833147422316136,0.2056427983478668,2.8286676699479447e-07,,628.0
최소빈,S11판독,skin,MIX691,0.1231771240426873,0.46445409165304524,0.20529520673781218,0.25230975351163426,0.0,,629.0
최소빈,S11판독,sens,MIX571,0.12274461759421902,0.25545905116330075,0.22686222193202216,0.20457426836810938,1.4143338349739723e-07,,630.0
최소빈,S11판독,eye,EyeIrritation6pack_PID481,0.12203342953270879,0.20338904922118134,0.4077141037884843,0.38296068388292515,0.0,,631.0
최소빈,S11판독,eye,MIX233,0.12203342953270879,0.20338904922118134,0.4077141037884843,0.38296068388292515,0.0,,632.0
최소빈,S11판독,skin,MIX626,0.12187063366184181,0.2840339644524895,0.20311762848081402,0.0639158318791636,1.4143338349739723e-07,,633.0
최소빈,S11판독,eye,MIX277,0.12138668123579846,0.2023110411040751,0.18229651635269042,0.33678140957574243,1.4143338349739723e-07,,634.0
최소빈,S11판독,sens,MIX135,0.12093002303136512,0.298176700147239,0.30345140358945527,0.2015499440966862,1.4143338349739723e-07,,635.0
최소빈,S11판독,skin,EyeIrritation6pack_PID574,0.1206346678986609,0.5584994030025656,0.20105759125325684,0.49715326310330776,2.8286676699479447e-07,,636.0
최소빈,S11판독,skin,EyeIrritation6pack_PID1037,0.1202049805055664,0.2995461857361817,0.20034153988702166,0.2511325049141302,1.4143338349739723e-07,,637.0
최소빈,S11판독,eye,EyeIrritation6pack_PID746,0.1201663928992181,0.2002772272097745,0.11460086813738413,0.476902350536395,1.4143338349739723e-07,,638.0
최소빈,S11판독,skin,EyeIrritation6pack_PID1039,0.11971412735886976,0.4424026848886537,0.19952354559811628,0.26629757058380493,0.0,,639.0
최소빈,S11판독,skin,MIX527,0.11971412735886976,0.4424026848886537,0.19952354559811628,0.26629757058380493,0.0,,640.0
최소빈,S11판독,eye,MIX143,0.1196433972091905,0.1994056620153175,0.04160775099154166,0.16234834469808868,0.0,,641.0
최소빈,S11판독,sens,EyeIrritation6pack_PID358,0.11949668838544776,0.2179349821589252,0.04734477729408856,0.19916105302015727,1.4143338349739723e-07,,642.0
최소빈,S11판독,sens,MIX704,0.11807366440339712,0.26259492046755445,0.31274506392467627,0.19678944067232854,0.0,,643.0
최소빈,S11판독,skin,EyeIrritation6pack_PID473,0.11802432080403506,0.12950815943539495,0.19670705990667495,0.300479887783124,2.1215007524609585e-07,,644.0
최소빈,S11판독,skin,MIX225,0.11802432080403506,0.12950815943539495,0.19670705990667495,0.300479887783124,2.1215007524609585e-07,,645.0
최소빈,S11판독,sens,MIX927,0.11799585313828827,0.2097342097040002,0.5598138546541283,0.19665966094155812,1.4143338349739723e-07,,646.0
최소빈,S11판독,skin,EyeIrritation6pack_PID922,0.11794631756968127,0.19378838776856477,0.1965771959494688,0.6091566060586108,0.0,,647.0
최소빈,S11판독,skin,MIX402,0.11788313572999437,0.40335920177212153,0.19647189288332395,0.5454598922536542,0.0,,648.0
최소빈,S11판독,eye,EyeIrritation6pack_PID54,0.1175294815396117,0.19588237494376382,0.43709360105948775,0.39574346377264447,1.4143338349739723e-07,,649.0
최소빈,S11판독,sens,EyeIrritation6pack_PID367,0.11747544564498923,0.3262350000067967,0.20164626929500237,0.19579231511939305,1.4143338349739723e-07,,650.0
최소빈,S11판독,skin,MIX293,0.11736123093895041,0.23484428089276402,0.19560195727599503,0.17781330642460869,1.4143338349739723e-07,,651.0
최소빈,S11판독,skin,EyeIrritation6pack_PID194,0.11728999369387542,0.1520789409267287,0.19548322853420338,0.1381742226600573,1.4143338349739723e-07,,652.0
최소빈,S11판독,eye,MIX586,0.11724841939506414,0.1954140323251069,0.34301452813776984,0.3911925143436181,0.0,,653.0
최소빈,S11판독,skin,MIX47,0.11712540811100226,0.22935543070723435,0.19520891922941477,0.1198957352911572,1.4143338349739723e-07,,654.0
최소빈,S11판독,eye,EyeIrritation6pack_PID922,0.11627303266113886,0.19378838776856477,0.1965771959494688,0.6091566060586108,0.0,,655.0
최소빈,S11판독,eye,EyeIrritation6pack_PID639,0.11556185377210992,0.19260299533126088,0.15527548999814744,0.25195530167564406,1.4143338349739723e-07,,656.0
최소빈,S11판독,skin,MIX448,0.1150005850970509,0.22452624761082862,0.19166754753949583,0.38903777567153236,1.4143338349739723e-07,,657.0
최소빈,S11판독,skin,EyeIrritation6pack_PID366,0.11431706587956578,0.31719432996714814,0.1905283488436873,0.16806875298301838,1.4143338349739723e-07,,658.0
최소빈,S11판독,skin,MIX167,0.11431706587956578,0.31719432996714814,0.1905283488436873,0.16806875298301838,1.4143338349739723e-07,,659.0
최소빈,S11판독,eye,MIX807,0.11380842969602363,0.18968062187111706,0.27095835500169385,0.39935851294156427,1.4143338349739723e-07,,660.0
최소빈,S11판독,sens,MIX522,0.11367274977552642,0.27385317823597627,0.020393666472802354,0.18945448867028838,1.4143338349739723e-07,,661.0
최소빈,S11판독,skin,EyeIrritation6pack_PID553,0.11312787172392938,0.3483526986327401,0.1885463585842933,0.18203044855308143,1.4143338349739723e-07,,662.0
최소빈,S11판독,skin,MIX275,0.11312787172392938,0.3483526986327401,0.1885463585842933,0.18203044855308143,1.4143338349739723e-07,,663.0
최소빈,S11판독,sens,MIX663,0.11305928965381229,0.08149861501378622,0.13601109121129537,0.1884321494230205,0.0,,664.0
최소빈,S11판독,sens,EyeIrritation6pack_PID538,0.11280842975954206,0.18323554471773282,0.18481598490111753,0.18801395531031442,1.4143338349739723e-07,,665.0
최소빈,S11판독,eye,MIX62,0.11177693481251014,0.18629479706526123,0.38639510375563013,0.2211178352331419,1.4143338349739723e-07,,666.0
최소빈,S11판독,skin,MIX443,0.1116756726838738,0.5246912331705518,0.18612602685086732,0.2829851474748694,1.4143338349739723e-07,,667.0
최소빈,S11판독,skin,EyeIrritation6pack_PID727,0.11156872956570185,0.07326271353126781,0.1859477411761196,0.6271609952026954,2.1215007524609585e-07,,668.0
최소빈,S11판독,skin,MIX392,0.11156872956570185,0.07326271353126781,0.1859477411761196,0.6271609952026954,2.1215007524609585e-07,,669.0
최소빈,S11판독,skin,EyeIrritation6pack_PID538,0.11088964751402391,0.18323554471773282,0.18481598490111753,0.18801395531031442,1.4143338349739723e-07,,670.0
최소빈,S11판독,eye,MIX593,0.11088238750269386,0.18480397917115643,0.25621641155755154,0.7737930038286519,0.0,,671.0
최소빈,S11판독,eye,EyeIrritation6pack_PID578,0.1104589553136951,0.1840982588561585,0.4239740299233114,0.4068397613130919,0.0,,672.0
최소빈,S11판독,skin,MIX484,0.11036391413648966,0.43370900535061696,0.18393971546076593,0.15508183870867015,2.1215007524609585e-07,,673.0
최소빈,S11판독,eye,EyeIrritation6pack_PID621,0.11032103031790921,0.18386828957425969,0.18189477282191302,0.28219379017236046,1.4143338349739723e-07,,674.0
최소빈,S11판독,eye,MIX320,0.11032103031790921,0.18386828957425969,0.18189477282191302,0.28219379017236046,1.4143338349739723e-07,,675.0
최소빈,S11판독,eye,MIX204,0.1101666361599136,0.18361096597760032,0.16043594465300437,0.18818847380417122,1.4143338349739723e-07,,676.0
최소빈,S11판독,eye,EyeIrritation6pack_PID538,0.10994138340399309,0.18323554471773282,0.18481598490111753,0.18801395531031442,1.4143338349739723e-07,,677.0
최소빈,S11판독,eye,EyeIrritation6pack_PID512,0.1093960479282235,0.1823266522581168,0.10120864984203944,0.1313853739934876,1.4143338349739723e-07,,678.0
최소빈,S11판독,eye,MIX235,0.10934611305246354,0.1822435217541059,0.3264240181082129,0.06821045158391391,0.0,,679.0
최소빈,S11판독,sens,EyeIrritation6pack_PID553,0.10921832570520226,0.3483526986327401,0.1885463585842933,0.18203044855308143,1.4143338349739723e-07,,680.0
최소빈,S11판독,sens,MIX275,0.10921832570520226,0.3483526986327401,0.1885463585842933,0.18203044855308143,1.4143338349739723e-07,,681.0
최소빈,S11판독,skin,EyeIrritation6pack_PID621,0.10913692026650121,0.18386828957425969,0.18189477282191302,0.28219379017236046,1.4143338349739723e-07,,682.0
최소빈,S11판독,skin,MIX320,0.10913692026650121,0.18386828957425969,0.18189477282191302,0.28219379017236046,1.4143338349739723e-07,,683.0
최소빈,S11판독,sens,MIX293,0.10668804042811861,0.23484428089276402,0.19560195727599503,0.17781330642460869,1.4143338349739723e-07,,684.0
최소빈,S11판독,sens,EyeIrritation6pack_PID247,0.10645213001028203,0.047308811293748046,0.07735835154176093,0.17742012239488106,1.4143338349739723e-07,,685.0
최소빈,S11판독,sens,MIX114,0.10645213001028203,0.047308811293748046,0.07735835154176093,0.17742012239488106,1.4143338349739723e-07,,686.0
최소빈,S11판독,eye,MIX411,0.10608976069411165,0.17681617353459708,0.24012395092586114,0.30022379639346863,1.4143338349739723e-07,,687.0
최소빈,S11판독,eye,MIX290,0.10588708625779417,0.1764784770963236,0.2163523341067606,0.5401708354959885,0.0,,688.0
최소빈,S11판독,sens,EyeIrritation6pack_PID149,0.10565324537848397,0.27943174134449295,0.2998761492497504,0.17608864800855095,1.4143338349739723e-07,,689.0
최소빈,S11판독,skin,EyeIrritation6pack_PID3,0.10512168899324455,0.3032713535402109,0.17520272069981857,0.4902435159106015,1.4143338349739723e-07,,690.0
최소빈,S11판독,skin,MIX1,0.10512168899324455,0.3035686689465423,0.17520272069981857,0.4902435159106015,1.4143338349739723e-07,,691.0
최소빈,S11판독,eye,EyeIrritation6pack_PID120,0.10434883085975807,0.17391462381067446,0.33356555474211735,0.38145579491141807,1.4143338349739723e-07,,692.0
최소빈,S11판독,skin,MIX673,0.1040605241384357,0.2104842025329738,0.17343406546400933,0.5510152346879404,2.1215007524609585e-07,,693.0
최소빈,S11판독,sens,MIX750,0.10341348705474121,0.5327721022885934,0.4430916058606161,0.17235571746897968,1.4143338349739723e-07,,694.0
최소빈,S11판독,skin,EyeIrritation6pack_PID478,0.1032607188276028,0.38083136944777596,0.17210119804600466,0.4521651634727135,0.0,,695.0
최소빈,S11판독,skin,MIX364,0.10171920134589774,0.2770578083050246,0.16953190795424056,0.3187028692420799,1.4143338349739723e-07,,696.0
최소빈,S11판독,eye,EyeIrritation6pack_PID748,0.10148596385346467,0.16914313165572428,0.18214327899238233,0.14049820268854782,2.1215007524609585e-07,,697.0
최소빈,S11판독,eye,MIX415,0.10148596385346467,0.16914313165572428,0.18214327899238233,0.14049820268854782,2.1215007524609585e-07,,698.0
최소빈,S11판독,skin,EyeIrritation6pack_PID516,0.10099899768060361,0.14319249908647852,0.16833147422316136,0.2056427983478668,2.8286676699479447e-07,,699.0
최소빈,S11판독,sens,EyeIrritation6pack_PID366,0.10084130836316443,0.31719432996714814,0.1905283488436873,0.16806875298301838,1.4143338349739723e-07,,700.0
최소빈,S11판독,sens,MIX167,0.10084130836316443,0.31719432996714814,0.1905283488436873,0.16806875298301838,1.4143338349739723e-07,,701.0
최소빈,S11판독,sens,EyeIrritation6pack_PID246,0.10083494132194998,0.016994075171552735,0.10164757805483715,0.16805814124766097,1.4143338349739723e-07,,702.0
최소빈,S11판독,sens,MIX112,0.10083494132194998,0.016994075171552735,0.10164757805483715,0.16805814124766097,1.4143338349739723e-07,,703.0
최소빈,S11판독,skin,MIX33,0.10030271581288333,0.2928025919015024,0.16717109873254987,0.22513141855387253,1.4143338349739723e-07,,704.0
최소빈,S11판독,eye,EyeIrritation6pack_PID480,0.0989562181183693,0.16492693590835983,0.12863253785969705,0.244415913647454,1.4143338349739723e-07,,705.0
최소빈,S11판독,eye,MIX231,0.0989562181183693,0.16492693590835983,0.12863253785969705,0.244415913647454,1.4143338349739723e-07,,706.0
최소빈,S11판독,skin,EyeIrritation6pack_PID870,0.0984635192851749,0.14349851204310116,0.16410577118636915,0.37716994082587774,1.4143338349739723e-07,,707.0
최소빈,S11판독,eye,EyeIrritation6pack_PID41,0.09801889917658556,0.1633647376720536,0.23946650402958314,0.3141280194681401,1.4143338349739723e-07,,708.0
최소빈,S11판독,eye,MIX24,0.09801889917658556,0.1633647376720536,0.23946650402958314,0.3141280194681401,1.4143338349739723e-07,,709.0
최소빈,S11판독,skin,MIX490,0.09669387499230238,0.07814431154291862,0.16115645832050396,0.29230716655862926,0.0,,710.0
최소빈,S11판독,skin,MIX34,0.09646005174777651,0.5969736483396568,0.16076675291296086,0.12267918838998763,0.0,,711.0
최소빈,S11판독,skin,MIX204,0.09626162336515602,0.18361096597760032,0.16043594465300437,0.18818847380417122,1.4143338349739723e-07,,712.0
최소빈,S11판독,sens,MIX524,0.09604305645753966,0.31869762829621734,0.37338262306148257,0.16007166647364376,1.4143338349739723e-07,,713.0
최소빈,S11판독,eye,MIX534,0.09572788347223725,0.1595463781648064,0.12783883550676478,0.3091550050459747,1.4143338349739723e-07,,714.0
최소빈,S11판독,sens,EyeIrritation6pack_PID800,0.09500929735180152,0.3582891370129894,0.23974826472294214,0.15834864034182455,2.8286676699479447e-07,,715.0
최소빈,S11판독,sens,MIX378,0.09500929735180152,0.3582891370129894,0.23974826472294214,0.15834864034182455,2.8286676699479447e-07,,716.0
최소빈,S11판독,sens,MIX826,0.09451517968292719,0.23157856244268588,0.17520246565725334,0.15752520518262297,1.4143338349739723e-07,,717.0
최소빈,S11판독,skin,EyeIrritation6pack_PID639,0.09316535057224187,0.19260299533126088,0.15527548999814744,0.25195530167564406,1.4143338349739723e-07,,718.0
최소빈,S11판독,sens,MIX484,0.09304918808523219,0.43370900535061696,0.18393971546076593,0.15508183870867015,2.1215007524609585e-07,,719.0
최소빈,S11판독,skin,EyeIrritation6pack_PID551,0.09233255100634476,0.2907370503004569,0.15388749072165225,0.1398286292342237,1.4143338349739723e-07,,720.0
최소빈,S11판독,sens,EyeIrritation6pack_PID563,0.09189002803320073,0.03691141128981155,0.10154830468473378,0.15314985814415658,2.8286676699479447e-07,,721.0
최소빈,S11판독,skin,MIX418,0.09029192662556365,0.5676416388803401,0.15048645008701708,0.18569436316890012,1.4143338349739723e-07,,722.0
최소빈,S11판독,sens,EyeIrritation6pack_PID287,0.09023247805084529,0.1745626728323203,0.2163965437520611,0.15038736912915315,1.4143338349739723e-07,,723.0
최소빈,S11판독,skin,EyeIrritation6pack_PID559,0.08935064010511459,0.37147442187730617,0.148917639219602,0.3153947821166768,1.4143338349739723e-07,,724.0
최소빈,S11판독,skin,MIX274,0.08821114373139809,0.26028682217444266,0.14701847859674114,0.15928367237302413,1.4143338349739723e-07,,725.0
최소빈,S11판독,sens,MIX168,0.08736991720239465,0.18707562806053304,0.33028512545783095,0.1456164343817354,1.4143338349739723e-07,,726.0
최소빈,S11판독,eye,EyeIrritation6pack_PID870,0.08609916379921409,0.14349851204310116,0.16410577118636915,0.37716994082587774,1.4143338349739723e-07,,727.0
최소빈,S11판독,skin,EyeIrritation6pack_PID70,0.0847719099464907,0.599644889573737,0.1412865165774845,0.10346673827927128,0.0,,728.0
최소빈,S11판독,eye,MIX133,0.08381185113854248,0.13968641856423747,0.20635629954635906,0.33086998556564345,0.0,,729.0
최소빈,S11판독,skin,MIX663,0.08160665472677722,0.08149861501378622,0.13601109121129537,0.1884321494230205,0.0,,730.0
최소빈,S11판독,skin,EyeIrritation6pack_PID743,0.08098758850922784,0.43703837280586977,0.1349793141820464,0.535230095068504,0.0,,731.0
최소빈,S11판독,eye,MIX508,0.08065437517151788,0.13442381718581298,0.2372490203811944,0.10241336610420937,2.1215007524609585e-07,,732.0
최소빈,S11판독,sens,EyeIrritation6pack_PID361,0.0804721636029146,0.17076953091177188,0.09487310529068467,0.134120178382602,1.4143338349739723e-07,,733.0
최소빈,S11판독,eye,EyeIrritation6pack_PID369,0.08036253591189475,0.13393746556423558,0.09823739459743393,0.083661886439948,1.4143338349739723e-07,,734.0
최소빈,S11판독,eye,MIX171,0.08036253591189475,0.13393746556423558,0.09823739459743393,0.083661886439948,1.4143338349739723e-07,,735.0
최소빈,S11판독,skin,EyeIrritation6pack_PID1020,0.08012337476392806,0.4485264112280881,0.13353886365095777,0.201461966853642,1.4143338349739723e-07,,736.0
최소빈,S11판독,eye,MIX489,0.07906337217458625,0.13177214552426025,0.3988578332891492,0.21964282770010657,2.1215007524609585e-07,,737.0
최소빈,S11판독,eye,EyeIrritation6pack_PID368,0.07737471478640386,0.12895771654395627,0.39639947643682194,0.07031745376680328,2.1215007524609585e-07,,738.0
최소빈,S11판독,eye,MIX169,0.07737471478640386,0.12895771654395627,0.39639947643682194,0.07031745376680328,2.1215007524609585e-07,,739.0
최소빈,S11판독,skin,EyeIrritation6pack_PID480,0.07717957928917163,0.16492693590835983,0.12863253785969705,0.244415913647454,1.4143338349739723e-07,,740.0
최소빈,S11판독,skin,MIX231,0.07717957928917163,0.16492693590835983,0.12863253785969705,0.244415913647454,1.4143338349739723e-07,,741.0
최소빈,S11판독,sens,MIX588,0.07649530651899913,0.12065858304361288,0.12656209493218462,0.12749217753166522,0.0,,742.0
최소빈,S11판독,skin,MIX588,0.07593725695931076,0.12065858304361288,0.12656209493218462,0.12749217753166522,0.0,,743.0
최소빈,S11판독,skin,EyeIrritation6pack_PID557,0.07560148102174313,0.12562218059397745,0.12600237408064954,0.4359421598534366,1.4143338349739723e-07,,744.0
최소빈,S11판독,skin,MIX283,0.07560148102174313,0.12562218059397745,0.12600237408064954,0.4359421598534366,1.4143338349739723e-07,,745.0
최소빈,S11판독,eye,EyeIrritation6pack_PID557,0.07537336492973987,0.12562218059397745,0.12600237408064954,0.4359421598534366,1.4143338349739723e-07,,746.0
최소빈,S11판독,eye,MIX283,0.07537336492973987,0.12562218059397745,0.12600237408064954,0.4359421598534366,1.4143338349739723e-07,,747.0
최소빈,S11판독,sens,MIX91,0.07310359532559547,0.5486713130344523,0.34975256604909,0.12183923125373679,1.4143338349739723e-07,,748.0
최소빈,S11판독,skin,EyeIrritation6pack_PID272,0.07300068906931914,0.24665012484243803,0.12166781511553192,0.16958822217801975,0.0,,749.0
최소빈,S11판독,sens,EyeIrritation6pack_PID1038,0.0728618520434764,0.2975605024840968,0.4256359791635455,0.12143632578353832,1.4143338349739723e-07,,750.0
최소빈,S11판독,sens,MIX525,0.0728618520434764,0.2975605024840968,0.4256359791635455,0.12143632578353832,1.4143338349739723e-07,,751.0
최소빈,S11판독,skin,EyeIrritation6pack_PID571,0.07258250133922191,0.25311839739383424,0.12097069413198636,0.31791347000501247,2.1215007524609585e-07,,752.0
최소빈,S11판독,skin,MIX282,0.07258250133922191,0.25311839739383424,0.12097069413198636,0.31791347000501247,2.1215007524609585e-07,,753.0
최소빈,S11판독,sens,EyeIrritation6pack_PID55,0.07242857313561563,0.25119303733605913,0.17004039933200396,0.12071419427043703,1.4143338349739723e-07,,754.0
최소빈,S11판독,sens,MIX20,0.07242857313561563,0.25119303733605913,0.17004039933200396,0.12071419427043703,1.4143338349739723e-07,,755.0
최소빈,S11판독,eye,MIX588,0.07239514982616772,0.12065858304361288,0.12656209493218462,0.12749217753166522,0.0,,756.0
최소빈,S11판독,eye,EyeIrritation6pack_PID1027,0.07149288484138562,0.11915466663559253,0.2926191180377412,0.09900631787587909,2.1215007524609585e-07,,757.0
최소빈,S11판독,sens,MIX784,0.07123783683716675,0.02110228381090901,0.13844594514091774,0.11872953948409994,2.8286676699479447e-07,,758.0
최소빈,S11판독,eye,EyeIrritation6pack_PID312,0.06918303729633277,0.11530496787163227,0.4007954041679774,0.3936274435941055,1.4143338349739723e-07,,759.0
최소빈,S11판독,eye,MIX747,0.06918303729633277,0.11530496787163227,0.4007954041679774,0.3936274435941055,1.4143338349739723e-07,,760.0
최소빈,S11판독,eye,EyeIrritation6pack_PID813,0.06869911968031234,0.11449853280052057,0.29041415720632735,0.40769730160982426,0.0,,761.0
최소빈,S11판독,skin,EyeIrritation6pack_PID426,0.06805542395488832,0.10051344128325906,0.1134256123025582,0.321524556741491,1.4143338349739723e-07,,762.0
최소빈,S11판독,sens,MIX166,0.06463682811436176,0.1534579628860659,0.08921573416406331,0.10772795256834727,1.4143338349739723e-07,,763.0
최소빈,S11판독,sens,MIX879,0.06403110625031136,0.3611543012363864,0.14038232049903662,0.10671851041718561,0.0,,764.0
최소빈,S11판독,sens,EyeIrritation6pack_PID328,0.06256681227194642,0.35550198911246456,0.1913133714575554,0.10427802045324405,0.0,,765.0
최소빈,S11판독,skin,EyeIrritation6pack_PID563,0.06092909595754706,0.03691141128981155,0.10154830468473378,0.15314985814415658,2.8286676699479447e-07,,766.0
최소빈,S11판독,skin,EyeIrritation6pack_PID512,0.06072524647857706,0.1823266522581168,0.10120864984203944,0.1313853739934876,1.4143338349739723e-07,,767.0
최소빈,S11판독,eye,EyeIrritation6pack_PID426,0.06030812134330883,0.10051344128325906,0.1134256123025582,0.321524556741491,1.4143338349739723e-07,,768.0
최소빈,S11판독,skin,EyeIrritation6pack_PID369,0.05894249333181375,0.13393746556423558,0.09823739459743393,0.083661886439948,1.4143338349739723e-07,,769.0
최소빈,S11판독,skin,MIX171,0.05894249333181375,0.13393746556423558,0.09823739459743393,0.083661886439948,1.4143338349739723e-07,,770.0
최소빈,S11판독,skin,MIX638,0.05885359126185014,0.3667609434046892,0.09808922448082791,0.16659660624451897,1.4143338349739723e-07,,771.0
최소빈,S11판독,skin,MIX246,0.05878198658764347,0.24789138053925197,0.09796988335715012,0.12471915638502673,1.4143338349739723e-07,,772.0
최소빈,S11판독,sens,EyeIrritation6pack_PID523,0.05670557572390514,0.25148250132812594,0.32098759902455637,0.09450915143979173,2.1215007524609585e-07,,773.0
최소빈,S11판독,skin,MIX296,0.052987086969151616,0.04662729269618445,0.08831162303740804,0.20943089359569253,2.8286676699479447e-07,,774.0
최소빈,S11판독,skin,EyeIrritation6pack_PID654,0.05226740232699602,0.3430532185122795,0.08711233721166003,0.798346366337393,0.0,,775.0
최소빈,S11판독,eye,EyeIrritation6pack_PID808,0.05040476820710933,0.08400780557846539,0.2673745171551002,0.5715011263655392,2.1215007524609585e-07,,776.0
최소빈,S11판독,eye,MIX561,0.05040476820710933,0.08400780557846539,0.2673745171551002,0.5715011263655392,2.1215007524609585e-07,,777.0
최소빈,S11판독,eye,MIX663,0.04889916900827173,0.08149861501378622,0.13601109121129537,0.1884321494230205,0.0,,778.0
최소빈,S11판독,sens,MIX825,0.04729695688943851,0.2741930781370767,0.19509425096510394,0.07882816719347518,1.4143338349739723e-07,,779.0
최소빈,S11판독,eye,MIX490,0.04688658692575117,0.07814431154291862,0.16115645832050396,0.29230716655862926,0.0,,780.0
최소빈,S11판독,skin,MIX301,0.045860856688851724,0.2159549579472004,0.07643461971470271,0.6533294681580161,2.1215007524609585e-07,,781.0
최소빈,S11판독,eye,EyeIrritation6pack_PID727,0.04395771297879079,0.07326271353126781,0.1859477411761196,0.6271609952026954,2.1215007524609585e-07,,782.0
최소빈,S11판독,eye,MIX392,0.04395771297879079,0.07326271353126781,0.1859477411761196,0.6271609952026954,2.1215007524609585e-07,,783.0
최소빈,S11판독,eye,MIX641,0.04365771151578913,0.07276271109293171,0.5425366018983153,0.21394481717129504,2.1215007524609585e-07,,784.0
최소빈,S11판독,skin,EyeIrritation6pack_PID1012,0.043047855177685994,0.3181503536083462,0.071746331007221,0.24390161869474364,1.4143338349739723e-07,,785.0
최소빈,S11판독,skin,MIX529,0.043047855177685994,0.3181503536083462,0.071746331007221,0.24390161869474364,1.4143338349739723e-07,,786.0
최소빈,S11판독,skin,EyeIrritation6pack_PID751,0.038676206674012885,0.2833610615656195,0.06446015587884349,0.6685958925836238,2.8286676699479447e-07,,787.0
최소빈,S11판독,sens,MIX626,0.03834955570085155,0.2840339644524895,0.20311762848081402,0.0639158318791636,1.4143338349739723e-07,,788.0
최소빈,S11판독,eye,EyeIrritation6pack_PID809,0.03499073882140911,0.05831789803568185,0.46684095840740664,0.1943329366182463,0.0,,789.0
최소빈,S11판독,sens,EyeIrritation6pack_PID986,0.03479554006036859,0.22506869923938266,0.33465395989611096,0.057992472478358655,1.4143338349739723e-07,,790.0
최소빈,S11판독,sens,EyeIrritation6pack_PID10,0.031376550559097806,0.07469187413359676,0.411343779233343,0.05229415664290735,1.4143338349739723e-07,,791.0
최소빈,S11판독,skin,MIX310,0.029202219443515996,0.34088101085764766,0.048670271450271,0.21728748667238032,1.4143338349739723e-07,,792.0
최소빈,S11판독,skin,MIX143,0.024964650594924996,0.1994056620153175,0.04160775099154166,0.16234834469808868,0.0,,793.0
최소빈,S11판독,skin,EyeIrritation6pack_PID867,0.023496831487913556,0.4425244580342885,0.03916129152426693,0.3157138674868578,1.4143338349739723e-07,,794.0
최소빈,S11판독,eye,EyeIrritation6pack_PID61,0.02245062561754162,0.03741761507364704,0.3693953829475773,0.6034110765324897,1.4143338349739723e-07,,795.0
최소빈,S11판독,skin,EyeIrritation6pack_PID750,0.01636732806689457,0.3104027554448757,0.02727878582256862,0.09269121714703941,1.4143338349739723e-07,,796.0
최소빈,S11판독,skin,MIX250,0.009766620778206513,0.0,0.016277512719166193,0.4981386969164449,2.8286676699479447e-07,,797.0
