assigned_to,task_type,endpoint,Formulation_ID,cas,priority_score,unc_eye,unc_skin,unc_sens,diversity,priority_rank
김보경,pH수집,전체,MIX797,,0.6287822777560429,0.6287413274804771,0.27731103930616413,0.482430618059848,0.8552631578960203,1.0
김보경,pH수집,전체,MIX460,,0.6142950549413648,0.47662498787826696,0.36188996271398977,0.6239693108076833,0.7697368421095828,2.0
김보경,pH수집,전체,EyeIrritation6pack_PID797,,0.6061503846551791,0.6828959372138067,0.5237728624750683,0.6035011423828716,0.6019736842114771,3.0
김보경,pH수집,전체,MIX799,,0.5961727544149291,0.498334273450708,0.6456226153454941,0.35585689500323836,0.7785843920210213,4.0
김보경,pH수집,전체,EyeIrritation6pack_PID900,,0.593165663042234,0.31108254077575315,0.5325782244825611,0.5654136988554894,0.7697368421095828,5.0
김보경,pH수집,전체,MIX63,,0.5875226337597649,0.7159775709676817,0.6816030054809142,0.13823793210611512,0.77790814616112,6.0
김보경,pH수집,전체,MIX813,,0.5836525268190578,0.39201607510319414,0.27545569865249325,0.4693700670309664,0.8655675332905235,7.0
김보경,pH수집,전체,MIX559,,0.5723446158824819,0.8086560565616628,0.6504745358863435,0.48309997168019464,0.4861495844979057,8.0
김보경,pH수집,전체,MIX376,,0.5696635723914034,0.5666584126200718,0.22151856335147307,0.7266979861707767,0.6019736842114771,9.0
김보경,pH수집,전체,MIX610,,0.5688030726303277,0.6954348390807016,0.34608879268664705,0.3134087747584924,0.7554824561419297,10.0
김보경,pH수집,전체,EyeIrritation6pack_PID1000,,0.566622464658885,0.5549864661032223,0.27418926421710527,0.33823705358394035,0.8289473684231184,11.0
김보경,pH수집,전체,MIX1051,,0.5661985912662788,0.8425073002225558,0.6546901918746725,0.2081146253483533,0.6290322580743691,12.0
김보경,pH수집,전체,MIX798,,0.5625978039910708,0.4556579363674802,0.599331925929334,0.2842097295710243,0.7785843920210213,13.0
김보경,pH수집,전체,EyeIrritation6pack_PID919,,0.5621110568536428,0.8346109902739178,0.26411536072092395,0.4781279447535363,0.5971291866036131,14.0
김보경,pH수집,전체,MIX960,,0.5604419984488449,0.8787013056794609,0.47207722118635825,0.44695414284521356,0.5131578947331649,15.0
김보경,pH수집,전체,MIX823,,0.555147766708164,0.2927281700625903,0.2984976578681032,0.43531068011427426,0.8552631578972422,16.0
김보경,pH수집,전체,EyeIrritation6pack_PID306,,0.5514504028899085,0.24424893448541946,0.8036596987148574,0.37450489445851093,0.7175866495507995,17.0
김보경,pH수집,전체,EyeIrritation6pack_PID865,,0.5490516775836153,0.46053209488137276,0.42159843442355477,0.5791259852635401,0.6205630354974193,18.0
김보경,pH수집,전체,EyeIrritation6pack_PID75,,0.5445311129288166,0.419980793824759,0.4894222837325676,0.5534129480737009,0.6196623634604616,19.0
김보경,pH수집,전체,EyeIrritation6pack_PID173,,0.5415147110556806,0.4713361936824733,0.37817204744227145,0.5427782573336891,0.6361957525386059,20.0
김보경,pH수집,전체,MIX71,,0.5415147110556806,0.4713361936824733,0.37817204744227145,0.5427782573336891,0.6361957525386059,21.0
김보경,pH수집,전체,EyeIrritation6pack_PID316,,0.5376008427229628,0.3567996657564097,0.6232960339188943,0.539041765202452,0.5914362176669774,22.0
김보경,pH수집,전체,EyeIrritation6pack_PID241,,0.5294457943229073,0.30314330527138894,0.5767209775682517,0.5417928405665319,0.6127258444650108,23.0
김보경,pH수집,전체,EyeIrritation6pack_PID989,,0.528956150981706,0.6530017542618131,0.19390687796897743,0.2795181395956205,0.7554824561419297,24.0
김보경,pH수집,전체,EyeIrritation6pack_PID474,,0.5273209385393136,0.2903170426172263,0.6736260510138655,0.26762271450521447,0.75263157895125,25.0
김보경,pH수집,전체,EyeIrritation6pack_PID76,,0.5250047924696759,0.3993959196668866,0.25941041827042255,0.32823097056673695,0.8118617439133845,26.0
김보경,pH수집,전체,EyeIrritation6pack_PID940,,0.5181932495874834,0.5002124532158995,0.6205170726615404,0.7100848347889431,0.36529884032775634,27.0
김보경,pH수집,전체,EyeIrritation6pack_PID78,,0.5164948421891417,0.5784118520358684,0.27444408055256764,0.15206124029930262,0.8115055079590947,28.0
김보경,pH수집,전체,MIX821,,0.5080023190325924,0.47136258005805615,0.2654757515732555,0.30634146957664354,0.7464114832640728,29.0
김보경,pH수집,전체,EyeIrritation6pack_PID1034,,0.5069212302493611,0.4219402621133251,0.2354074558906847,0.4227064370619815,0.7043343653288926,30.0
김보경,pH수집,전체,MIX800,,0.5067550035607187,0.5302893021738271,0.15097278476469886,0.4357984196733679,0.6752077562392488,31.0
김보경,pH수집,전체,MIX308,,0.5052045625397371,0.7380972009015642,0.19967777130370887,0.6004059047343866,0.4473684210534969,32.0
김보경,pH수집,전체,MIX959,,0.5023881469203714,0.484454810034026,0.31319346094775685,0.6105848994876805,0.5131578947331649,33.0
김보경,pH수집,전체,MIX520,,0.49971438650671274,0.3331785490470155,0.3715413478606732,0.38110145507378707,0.7043343653288926,34.0
김보경,pH수집,전체,MIX760,,0.4970524927159833,0.5872787232724987,0.5211751669952264,0.38982509373532465,0.5131578947331649,35.0
김보경,pH수집,전체,EyeIrritation6pack_PID96,,0.49551328272963036,0.4670676535783101,0.37463755289420375,0.3317336815963325,0.6597744360939979,36.0
김보경,pH수집,전체,MIX672,,0.49545857882345046,0.3502927610396031,0.6487137459324689,0.3601969232270285,0.5941828254891682,37.0
김보경,pH수집,전체,EyeIrritation6pack_PID770,,0.4937242179752754,0.6453835197962292,0.17664315770179131,0.17494083118505802,0.7445820433469273,38.0
김보경,pH수집,전체,EyeIrritation6pack_PID299,,0.4913669156542019,0.4824985942432342,0.3269161572349216,0.16041327516364334,0.7697368421192046,39.0
김보경,pH수집,전체,MIX107,,0.48781833943870145,0.38239878547515144,0.524809565545844,0.3503173599865468,0.6127258444650108,40.0
김보경,pH수집,전체,MIX66,,0.4867389759950861,0.4431260522507925,0.4306611112438452,0.42449207805503,0.5688015218791597,41.0
김보경,pH수집,전체,MIX537,,0.4867174763462706,0.415228816388846,0.46623876847794754,0.39684481406656624,0.5864661654131648,42.0
김보경,pH수집,전체,EyeIrritation6pack_PID123,,0.4851541471368095,0.4431260522507925,0.42016799154621426,0.42449207805503,0.5688015218791597,43.0
김보경,pH수집,전체,MIX946,,0.4827255683920948,0.6365377674619362,0.49473367467571183,0.31244534123602963,0.5131578947331649,44.0
김보경,pH수집,전체,EyeIrritation6pack_PID118,,0.4804044015136094,0.2888250625123535,0.5238321339724276,0.28965068310529346,0.6785087719290993,45.0
김보경,pH수집,전체,MIX54,,0.47978275260370395,0.2701936701350788,0.5434913697773041,0.28965068310529346,0.6785087719290993,46.0
김보경,pH수집,전체,EyeIrritation6pack_PID876,,0.4765502917311104,0.3297520567408163,0.615171308616649,0.4731457684901532,0.49712171053080834,47.0
김보경,pH수집,전체,MIX342,,0.4745457700404335,0.6229883724464058,0.1749908035307415,0.10534603295602951,0.75263157895125,48.0
김보경,pH수집,전체,EyeIrritation6pack_PID868,,0.47328240759009904,0.6511817704948127,0.4530898786371775,0.31916385728434904,0.4939144736837421,49.0
김보경,pH수집,전체,MIX382,,0.4722018255552809,0.29565356669298715,0.4507660937551624,0.44920830883109575,0.5800915331872142,50.0
김보경,pH수집,전체,MIX363,,0.47111115593919417,0.3846581947988233,0.40466389990903767,0.5435165895050225,0.491475166793937,51.0
김보경,pH수집,전체,MIX876,,0.46274240127555444,0.3112087879254946,0.49295458618427157,0.48021179719101653,0.5131578947331649,52.0
김보경,pH수집,전체,EyeIrritation6pack_PID795,,0.4595800396557086,0.5384355861478088,0.2881496456215516,0.39005226480505123,0.5308529945552026,53.0
김보경,pH수집,전체,EyeIrritation6pack_PID79,,0.4564780341120914,0.23095643382708264,0.14150988483407528,0.25753989614140665,0.8115055079590947,54.0
김보경,pH수집,전체,MIX935,,0.45423981421778203,0.5133731154051474,0.3871011455339448,0.35735936905686244,0.5131578947331649,55.0
김보경,pH수집,전체,EyeIrritation6pack_PID934,,0.45274190057006636,0.6275208481648952,0.3322517085941056,0.24596608415207158,0.5464798359562801,56.0
김보경,pH수집,전체,EyeIrritation6pack_PID804,,0.4460538263493714,0.2783841560457627,0.36948408821328355,0.4080612930327743,0.5800915331872142,57.0
김보경,pH수집,전체,MIX596,,0.4442238996926555,0.5613713169916887,0.44833676751374324,0.26832398069565266,0.49890350877548983,58.0
김보경,pH수집,전체,MIX808,,0.44328137624104225,0.4870417352224836,0.5735440751904274,0.2244995899208669,0.5131578947331649,59.0
김보경,pH수집,전체,MIX989,,0.44300060029686594,0.41357109951338095,0.26574804632183696,0.4600962927849144,0.5131578947331649,60.0
김보경,pH수집,전체,EyeIrritation6pack_PID776,,0.4417257098484164,0.3389113871352794,0.49045557496390585,0.40107765803850676,0.49890350877548983,61.0
김보경,pH수집,전체,EyeIrritation6pack_PID694,,0.4413548856909332,0.2703810816631923,0.2864504409773117,0.18739595298814016,0.744906621394481,62.0
김보경,pH수집,전체,EyeIrritation6pack_PID961,,0.441254535253909,0.2930151935306333,0.42976941745110303,0.2205583423766171,0.6583912611759579,63.0
김보경,pH수집,전체,EyeIrritation6pack_PID937,,0.43919822778108086,0.3885217986018097,0.11775222130451957,0.28430623744773703,0.6842105263183506,64.0
김보경,pH수집,전체,MIX826,,0.43832101495726883,0.20591821789103396,0.13266509534573379,0.27592951229435253,0.7697368421192046,65.0
김보경,pH수집,전체,MIX827,,0.43625643654455193,0.18072094845055325,0.0551815785442515,0.3324973479806594,0.7697368421192046,66.0
김보경,pH수집,전체,MIX956,,0.4343849622098278,0.3078867442633458,0.43593078856787515,0.4056521121811693,0.5131578947331649,67.0
김보경,pH수집,전체,EyeIrritation6pack_PID705,,0.4335350359366096,0.4184324653328372,0.33096207846834924,0.33143349266587196,0.5449464368894605,68.0
김보경,pH수집,전체,MIX880,,0.43169093893752164,0.2963712451605609,0.4430846547221665,0.3995830346272837,0.5131578947331649,69.0
김보경,pH수집,전체,EyeIrritation6pack_PID690,,0.42940398882604836,0.29493040460730313,0.31844650446773587,0.0913702176769519,0.75263157895125,70.0
김보경,pH수집,전체,MIX572,,0.428302454901028,0.459291501331584,0.2380566762459895,0.407998725353141,0.49821154828955405,71.0
김보경,pH수집,전체,MIX828,,0.42593167392427567,0.4527135992705274,0.18853606035018786,0.3367255149252516,0.5598086124792115,72.0
김보경,pH수집,전체,EyeIrritation6pack_PID1054,,0.4255619104780046,0.49853891651886256,0.1699887089810756,0.2243552765874027,0.6157894736862979,73.0
김보경,pH수집,전체,EyeIrritation6pack_PID549,,0.42488754233165,0.2649033977439488,0.3401763971769084,0.5031359356384192,0.4838345864661821,74.0
김보경,pH수집,전체,EyeIrritation6pack_PID231,,0.4229299123523127,0.323347378499186,0.5814574552653726,0.05272562882255388,0.6481994459904856,75.0
김보경,pH수집,전체,MIX621,,0.42271089759233854,0.4622200288788811,0.49915219437998,0.5576270176771504,0.28838625489446706,76.0
김보경,pH수집,전체,MIX829,,0.42193164751238,0.5169954813762807,0.21820463592721714,0.3281006422921974,0.5131578947331649,77.0
김보경,pH수집,전체,EyeIrritation6pack_PID225,,0.42174215179574626,0.36238869545127156,0.20127690540532372,0.4323637068257377,0.5267815556598866,78.0
김보경,pH수집,전체,EyeIrritation6pack_PID1052,,0.42134968221654967,0.2953720892422623,0.19205843588730748,0.2790612365695463,0.6597744360918161,79.0
김보경,pH수집,전체,EyeIrritation6pack_PID741,,0.4208311957527086,0.33862834281858434,0.5517286388579693,0.3729189979664657,0.44170552965018434,80.0
김보경,pH수집,전체,EyeIrritation6pack_PID293,,0.4190478179997126,0.7085366706129907,0.550837867725265,0.2437304519186242,0.3421052631738962,81.0
김보경,pH수집,전체,EyeIrritation6pack_PID832,,0.4186322412091986,0.36343561779585865,0.08582767208782573,0.7854957779282776,0.3358851674718975,82.0
김보경,pH수집,전체,MIX824,,0.41842410000756264,0.4231798415882224,0.515328962883662,0.20983918692864567,0.5131578947331649,83.0
김보경,pH수집,전체,EyeIrritation6pack_PID829,,0.4181790698603568,0.10109971704868072,0.36087284646768525,0.5680305072177378,0.4966044142747683,84.0
김보경,pH수집,전체,EyeIrritation6pack_PID673,,0.4157328310662493,0.7525061978158353,0.14355416334811877,0.37974237077394474,0.37929061785150037,85.0
김보경,pH수집,전체,MIX931,,0.41442577663563124,0.3164072563511837,0.4759264265341662,0.29777289268216534,0.5131578947331649,86.0
김보경,pH수집,전체,EyeIrritation6pack_PID751,,0.41393246953670293,0.4300333752950325,0.2193889981943619,0.4812973668244234,0.4364791288592539,87.0
김보경,pH수집,전체,EyeIrritation6pack_PID835,,0.4115329311598665,0.33215013527840404,0.32966572049140197,0.7657027562231569,0.25382003395888714,88.0
김보경,pH수집,전체,MIX90,,0.41137834698571696,0.3831033339330229,0.19699567021642364,0.4001268455770301,0.513157894749201,89.0
김보경,pH수집,전체,MIX30,,0.4112789908763058,0.5956012254034273,0.13011699747451402,0.4751438825782888,0.38771929824589346,90.0
김보경,pH수집,전체,MIX975,,0.4105973009974033,0.2970547235729957,0.4124528866810416,0.33480231295572294,0.5131578947331649,91.0
김보경,pH수집,전체,MIX825,,0.4105254949963737,0.18387418954398155,0.17454568568463,0.15934632540149074,0.7697368421192046,92.0
김보경,pH수집,전체,EyeIrritation6pack_PID903,,0.4087124872042547,0.46236512092335186,0.17177493181727255,0.3158395141260048,0.5318181818191151,93.0
김보경,pH수집,전체,MIX907,,0.40863404614796683,0.6260876769154418,0.09227298052860379,0.26837678914593893,0.5131578947331649,94.0
김보경,pH수집,전체,MIX815,,0.40841086304301877,0.33299346739545405,0.529829855113253,0.23004939561689383,0.5131578947331649,95.0
김보경,pH수집,전체,EyeIrritation6pack_PID726,,0.4083506684482917,0.6070165528711627,0.3010197811819369,0.30949944213582337,0.4164759725446106,96.0
김보경,pH수집,전체,MIX897,,0.40715124133126357,0.3620600830158475,0.40528266528151236,0.27668398517745074,0.5131578947331649,97.0
김보경,pH수집,전체,MIX466,,0.4070194018278591,0.43310715992694254,0.2546628393371069,0.28238119761859054,0.5318181818191151,98.0
김보경,pH수집,전체,MIX9,,0.4066500725954816,0.39344826562262486,0.5444638511756467,0.21914631344478602,0.481085526317594,99.0
김보경,pH수집,전체,MIX55,,0.4048028673029922,0.5285159549943758,0.4968038689389076,0.3553948441011128,0.34210526316516626,100.0
김보경,pH수집,전체,MIX1018,,0.4038056441660497,0.5656977131901786,0.23924878287419532,0.20832276079603954,0.5131578947331649,101.0
김보경,pH수집,전체,MIX1034,,0.4030373430183782,0.2838908363578839,0.1770296609892989,0.1535627998732077,0.7055921052706899,102.0
김보경,pH수집,전체,EyeIrritation6pack_PID65,,0.4016606266549892,0.5369186296421113,0.1722610420079263,0.45690446011968466,0.38771929824589346,103.0
김보경,pH수집,전체,EyeIrritation6pack_PID817,,0.4015545826307517,0.20668246027431342,0.22001896754975828,0.5042494965755353,0.49821154828955405,104.0
김보경,pH수집,전체,MIX608,,0.3965044552678001,0.17630708531477807,0.6102832671695463,0.48891975520127157,0.3626830233482277,105.0
김보경,pH수집,전체,MIX551,,0.3957187579336496,0.2317902717818416,0.3567650247879297,0.2602727083354235,0.5761772853231681,106.0
김보경,pH수집,전체,MIX997,,0.3941491861857693,0.3513297062174713,0.21137302506528483,0.3483112268821495,0.5131578947331649,107.0
김보경,pH수집,전체,MIX816,,0.39383166419426263,0.443120876298144,0.35039747809155547,0.19608097545166342,0.5131578947331649,108.0
김보경,pH수집,전체,EyeIrritation6pack_PID914,,0.39202259062182665,0.5080246731125394,0.423211846153958,0.26800373160454516,0.40379637619222103,109.0
김보경,pH수집,전체,EyeIrritation6pack_PID771,,0.3908299016226975,0.2921945334908949,0.7102667837675184,0.26783059357773115,0.3965311004812291,110.0
김보경,pH수집,전체,EyeIrritation6pack_PID330,,0.38139680885984295,0.2999676276102357,0.5138058669717838,0.34066635749255975,0.39672711189828597,111.0
김보경,pH수집,전체,MIX177,,0.38139680885984295,0.2999676276102357,0.5138058669717838,0.34066635749255975,0.39672711189828597,112.0
김보경,pH수집,전체,EyeIrritation6pack_PID348,,0.3777347538640409,0.28348424564436686,0.4157601770723463,0.11642859370574166,0.5761772853192195,113.0
김보경,pH수집,전체,MIX657,,0.37685027987582675,0.21712663019725184,0.26845977517193637,0.2771119674097806,0.5586275816147818,114.0
김보경,pH수집,전체,EyeIrritation6pack_PID708,,0.37419113225837397,0.4761706503206246,0.19598793804079984,0.15731283038961058,0.5312693498474598,115.0
김보경,pH수집,전체,EyeIrritation6pack_PID704,,0.3726982682630714,0.5710712091992947,0.27936461342684626,0.3505345902650745,0.32655502392921937,116.0
김보경,pH수집,전체,EyeIrritation6pack_PID677,,0.37108582479834495,0.20675358017361584,0.6200245891424767,0.37914442107006024,0.351108033245205,117.0
김보경,pH수집,전체,EyeIrritation6pack_PID275,,0.37082199914047975,0.4246745936837583,0.29915667337221086,0.2023779038008816,0.4798359535233785,118.0
김보경,pH수집,전체,MIX124,,0.37082199914047975,0.4246745936837583,0.29915667337221086,0.2023779038008816,0.4798359535233785,119.0
김보경,pH수집,전체,EyeIrritation6pack_PID592,,0.3703275681902938,0.38235161539937845,0.2825653863911135,0.26756829275904526,0.4634974533103437,120.0
김보경,pH수집,전체,MIX291,,0.3703275681902938,0.38235161539937845,0.2825653863911135,0.26756829275904526,0.4634974533103437,121.0
김보경,pH수집,전체,MIX1023,,0.37026807423800323,0.32641506526386305,0.4472829272244955,0.13479419128549536,0.5131578947331649,122.0
김보경,pH수집,전체,EyeIrritation6pack_PID996,,0.36969650950416755,0.27413174192411155,0.2266546315324854,0.15173553968856188,0.6093750000099455,123.0
김보경,pH수집,전체,MIX973,,0.368086996582151,0.18183726558209276,0.3394169209063755,0.2986120017214608,0.5131578947331649,124.0
김보경,pH수집,전체,MIX80,,0.3676397509464371,0.21099078262278487,0.41168562839563483,0.2959172995945654,0.47243107769909903,125.0
김보경,pH수집,전체,EyeIrritation6pack_PID994,,0.3674705534474771,0.6015225103664101,0.5612500378629619,0.60868897580183,0.027008310268929487,126.0
김보경,pH수집,전체,MIX805,,0.3656377330465606,0.537683779132775,0.39463066494603943,0.5071945366973258,0.18111455110272506,127.0
김보경,pH수집,전체,MIX677,,0.364558064845005,0.20186162448719894,0.3125705575454076,0.07479079374656307,0.6481994459904856,128.0
김보경,pH수집,전체,MIX272,,0.36255215968588317,0.20984981168985148,0.062161254339258086,0.4651441462259978,0.4838345864661821,129.0
김보경,pH수집,전체,EyeIrritation6pack_PID854,,0.3622670431240963,0.2953513993780797,0.2376096221368812,0.09330322472804276,0.613871126412395,130.0
김보경,pH수집,전체,EyeIrritation6pack_PID302,,0.3583326775392389,0.18603325221660566,0.48075373658541065,0.34479971059106435,0.40379637619222103,131.0
김보경,pH수집,전체,MIX629,,0.3555741794134633,0.4172285565491012,0.5214065010326113,0.7665311900149938,1.3281761655486814e-11,132.0
김보경,pH수집,전체,MIX665,,0.35403539109876614,0.16566103347586697,0.3888684840755452,0.40263854935463733,0.4005134788222585,133.0
김보경,pH수집,전체,MIX920,,0.35323245342782783,0.12010121214584557,0.3515680572206221,0.2799132427072378,0.5131578947331649,134.0
김보경,pH수집,전체,MIX941,,0.35323245342782783,0.12010121214584557,0.3515680572206221,0.2799132427072378,0.5131578947331649,135.0
김보경,pH수집,전체,MIX751,,0.35275274916244226,0.3374946252414983,0.18216024608539066,0.21437868380473715,0.5131578947331649,136.0
김보경,pH수집,전체,MIX640,,0.35225771558244034,0.13601596533054724,0.2917539771008305,0.3451717155452472,0.4838345864661821,137.0
김보경,pH수집,전체,MIX928,,0.3520660850965174,0.5029984127622127,0.0788801523527451,0.1480880754716461,0.5131578947331649,138.0
김보경,pH수집,전체,EyeIrritation6pack_PID117,,0.3504971581984235,0.36575478707574044,0.4194919469277642,0.22027219635889728,0.4005134788222585,139.0
김보경,pH수집,전체,EyeIrritation6pack_PID923,,0.3503585185271984,0.1418142539104366,0.30466439476631213,0.29781400118690315,0.5017543859728216,140.0
김보경,pH수집,전체,MIX1054,,0.3484841801785026,0.24259348282852977,0.535981598333913,0.30028402165947954,0.35958509412240897,141.0
김보경,pH수집,전체,EyeIrritation6pack_PID707,,0.3476688386899602,0.1970305110446631,0.27818262545604605,0.4908399372183412,0.3547758284636756,142.0
김보경,pH수집,전체,EyeIrritation6pack_PID700,,0.34581186434244404,0.1581757627793512,0.26887779723337196,0.3888616725301893,0.437693498456526,143.0
김보경,pH수집,전체,EyeIrritation6pack_PID675,,0.3417754943690187,0.37245688591241183,0.5413051749038683,0.31847901826152547,0.26657552973809334,144.0
김보경,pH수집,전체,EyeIrritation6pack_PID938,,0.341179950981477,0.16133850604328892,0.166920240569252,0.14343874983427327,0.6203007518811444,145.0
김보경,pH수집,전체,MIX620,,0.34077415395182126,0.41203125222357617,0.5575676000941677,0.26601135890856814,0.27247321844585054,146.0
김보경,pH수집,전체,MIX1060,,0.340522951941675,0.489690308040608,0.21405787960731668,0.2941863855728113,0.3460832313333965,147.0
김보경,pH수집,전체,EyeIrritation6pack_PID811,,0.33831245758850287,0.40284100606904133,0.42684910784514407,0.13508230594840742,0.4039753639440394,148.0
김보경,pH수집,전체,EyeIrritation6pack_PID863,,0.3370241587532356,0.2166066037561252,0.7697477732135211,0.3687982239056349,0.21130030961595536,149.0
김보경,pH수집,전체,MIX889,,0.3360149191115763,0.5058355561052189,0.10273593848825137,0.06924923400617813,0.5131578947331649,150.0
김보경,pH수집,전체,EyeIrritation6pack_PID298,,0.33504358931752243,0.20305610100936872,0.3674863612883201,0.1793095086536017,0.4861495844979057,151.0
김보경,pH수집,전체,MIX1021,,0.3342053873755433,0.25768975665810223,0.18402087571697642,0.20092463974045402,0.5131578947331649,152.0
김보경,pH수집,전체,MIX803,,0.3307975474756081,0.3456451124100092,0.35426763832679253,0.4216566754429714,0.256578947390652,153.0
김보경,pH수집,전체,MIX899,,0.3254005934395511,0.16991944608771653,0.4187352141618699,0.09422971385216733,0.5131578947331649,154.0
김보경,pH수집,전체,EyeIrritation6pack_PID323,,0.32487103414059415,0.21096487384080892,0.2669111592605737,0.162064400843566,0.5059303187582407,155.0
김보경,pH수집,전체,EyeIrritation6pack_PID970,,0.3219830397744954,0.37962377911340056,0.17609457989186775,0.29212649950822395,0.3684210526354436,156.0
김보경,pH수집,전체,EyeIrritation6pack_PID254,,0.3219305241064581,0.3181473930294657,0.46769688081896627,0.570972383193767,0.10918253080841755,157.0
김보경,pH수집,전체,MIX120,,0.3219305241064581,0.3181473930294657,0.46769688081896627,0.570972383193767,0.10918253080841755,158.0
김보경,pH수집,전체,EyeIrritation6pack_PID773,,0.321854513099006,0.27060332467647286,0.5034545222836116,0.36228897643805624,0.25207756233516554,159.0
김보경,pH수집,전체,MIX139,,0.3217786511117622,0.08523856719584814,0.2717975805726511,0.2725638061212463,0.4861495844979057,160.0
김보경,pH수집,전체,MIX943,,0.31989531934604726,0.2610656238028822,0.15140019532097182,0.161765435186155,0.5131578947331649,161.0
김보경,pH수집,전체,EyeIrritation6pack_PID933,,0.31940696366745336,0.3968743329973144,0.22855476420654022,0.43313636513806025,0.24353256022202194,162.0
김보경,pH수집,전체,EyeIrritation6pack_PID871,,0.31752889419900676,0.24439970268155845,0.4639829878915972,0.22009951733262895,0.35987696514415557,163.0
김보경,pH수집,전체,EyeIrritation6pack_PID443,,0.3166083007722815,0.2085996671330208,0.5917609206290939,0.07639995133270859,0.4186288088680017,164.0
김보경,pH수집,전체,MIX222,,0.3166083007722815,0.2085996671330208,0.5917609206290939,0.07639995133270859,0.4186288088680017,165.0
김보경,pH수집,전체,EyeIrritation6pack_PID972,,0.313869750566696,0.3464158464218832,0.5540379083844748,0.6378003110934167,5.376103071524475e-12,166.0
김보경,pH수집,전체,MIX217,,0.3137055074094923,0.5082569449223013,0.23842502357747372,0.7014623662576664,2.0166254631229867e-11,167.0
김보경,pH수집,전체,EyeIrritation6pack_PID993,,0.3119218200337639,0.21370024124379472,0.5460867329369414,0.6925488014233693,0.027008310268929487,168.0
김보경,pH수집,전체,MIX1017,,0.3109747846414446,0.13002136240713386,0.4014550121303362,0.07812626824856755,0.5131578947331649,169.0
김보경,pH수집,전체,EyeIrritation6pack_PID578,,0.31071738628805545,0.4595151415362427,0.3119809726370871,0.39615081854332734,0.18381775334543654,170.0
김보경,pH수집,전체,MIX1033,,0.30865382959243365,0.16465956774557627,0.1294884452411916,0.20332375475110712,0.5131578947331649,171.0
김보경,pH수집,전체,MIX878,,0.3059871054499755,0.15488451760472594,0.1200059487547858,0.20585832894183373,0.5131578947331649,172.0
김보경,pH수집,전체,EyeIrritation6pack_PID747,,0.305835725638135,0.2108221330557344,0.2747295535862942,0.5316288997458145,0.21872303710869517,173.0
김보경,pH수집,전체,MIX413,,0.305835725638135,0.2108221330557344,0.2747295535862942,0.5316288997458145,0.21872303710869517,174.0
김보경,pH수집,전체,MIX409,,0.305775136441196,0.7108912980842366,0.06154213827336889,0.15721260098030124,0.29796264856361926,175.0
김보경,pH수집,전체,EyeIrritation6pack_PID935,,0.30528816163904937,0.16723084651476322,0.6294433460889022,0.12917051910373606,0.3622291021703874,176.0
김보경,pH수집,전체,MIX638,,0.3030523228182904,1.0,0.44461538513494675,0.16846800777087753,1.5964913601742978e-11,177.0
김보경,pH수집,전체,MIX538,,0.30264148440203575,0.3876277641477371,0.6266014599936949,0.5202084614576203,1.368421165863684e-11,178.0
김보경,pH수집,전체,MIX834,,0.2993644714158964,0.45721242185464006,0.4818933885102056,0.5403766027300576,2.0166254631229867e-11,179.0
김보경,pH수집,전체,EyeIrritation6pack_PID856,,0.2985301743627317,0.3793489842749754,0.5587233766151338,0.5504008340757582,8.947561989625936e-12,180.0
김보경,pH수집,전체,MIX226,,0.2927948405117302,0.3301195711236249,0.12630214045636898,0.16642087528894495,0.4186288088680017,181.0
김보경,pH수집,전체,MIX604,,0.29223387488256414,0.4271728512568275,0.7764903304432769,0.36149402680662984,5.376103071524475e-12,182.0
김보경,pH수집,전체,EyeIrritation6pack_PID843,,0.29001919132574694,0.4710161157104443,0.4352673124490869,0.5210053522466572,1.0194738825123865e-09,183.0
김보경,pH수집,전체,EyeIrritation6pack_PID105,,0.28937996299062263,0.20354472624290826,0.15534013093091778,0.17262575992571666,0.4561403508802033,184.0
김보경,pH수집,전체,MIX887,,0.2887917213868142,0.13474296659422383,0.006160141277600523,0.17093808807103855,0.5452302631694492,185.0
김보경,pH수집,전체,MIX136,,0.28797222883561524,0.5451394948712223,0.48143005867160116,0.4300519716836141,1.368421165863684e-11,186.0
김보경,pH수집,전체,MIX879,,0.2869462078766946,0.05277323311161419,0.2544204762495221,0.4458304855235383,0.31028151775958146,187.0
김보경,pH수집,전체,MIX37,,0.2857538888509822,0.21373150790596873,0.10166717680846243,0.1824492585598968,0.4561403508802033,188.0
김보경,pH수집,전체,EyeIrritation6pack_PID478,,0.28548526135833474,0.45674361434195454,0.47938316358960475,0.3071525684323493,0.11587436333623119,189.0
김보경,pH수집,전체,MIX587,,0.2842889226130089,0.5666030962951566,0.3836288419029195,0.4571811437819263,2.0166254631229867e-11,190.0
김보경,pH수집,전체,MIX639,,0.28425456665292254,0.9527135468735708,0.4767112378886197,0.11175496271672022,1.5964913601742978e-11,191.0
김보경,pH수집,전체,MIX819,,0.28253257755375655,0.19993784682305998,0.19258635035766503,0.8387346444363731,5.352949662509728e-11,192.0
김보경,pH수집,전체,MIX237,,0.282040301065452,0.621357787712428,0.5194538176849787,0.3271584284903712,1.1818265664416908e-11,193.0
김보경,pH수집,전체,EyeIrritation6pack_PID722,,0.27948027988613805,0.2984712159518504,0.12748370994051403,0.15021547753009218,0.4105263157902951,194.0
김보경,pH수집,전체,EyeIrritation6pack_PID444,,0.2790447032208172,0.2520353393940159,0.12572913062925545,0.17182928925296215,0.4186288088680017,195.0
김보경,pH수집,전체,MIX662,,0.2783537879836748,0.3057148067023179,0.47628479767114174,0.15949048653010778,0.26657552973809334,196.0
김보경,pH수집,전체,MIX691,,0.27758167508572007,0.5174436205505322,0.48356259493748194,0.22818618897946086,0.11587436333623119,197.0
김보경,pH수집,전체,EyeIrritation6pack_PID962,,0.27714382982485436,0.17572406024389417,0.2844106551039277,0.4098601105080386,0.23825187970794798,198.0
김보경,pH수집,전체,MIX477,,0.27714382982485436,0.17572406024389417,0.2844106551039277,0.4098601105080386,0.23825187970794798,199.0
김보경,pH수집,전체,EyeIrritation6pack_PID45,,0.27362158484552457,0.5328437644343766,0.21441013716067436,0.12454100439479487,0.26657552973809334,200.0
김보경,pH수집,전체,EyeIrritation6pack_PID831,,0.27245468561136327,0.3395323704686713,0.17028407027092787,0.24240411458482392,0.29796264856361926,201.0
김보경,pH수집,전체,MIX618,,0.2701332889815521,0.39313572740526453,0.15157991754456523,0.36000509099405026,0.1980609418298998,202.0
김보경,pH수집,전체,MIX432,,0.2691053216126072,0.3124472496382527,0.16423584467104407,0.718415570485812,8.947561989625936e-12,203.0
김보경,pH수집,전체,EyeIrritation6pack_PID874,,0.26890832216458815,0.49425093155147826,0.19443655319459616,0.1804888665699707,0.24509033779109007,204.0
김보경,pH수집,전체,EyeIrritation6pack_PID746,,0.2683942454654724,0.22387478367756966,0.3582772107445664,0.3264407379111109,0.21872303710869517,205.0
김보경,pH수집,전체,MIX76,,0.2678427765472275,0.6226869417408394,0.36385349389311755,0.3624678559653981,5.6740664798589355e-12,206.0
김보경,pH수집,전체,MIX287,,0.26583209764764487,0.46355732320069204,0.20261451524532828,0.5693567944725217,1.1818265664416908e-11,207.0
김보경,pH수집,전체,MIX820,,0.2648873408754546,0.1547851619074045,0.13504530838378656,0.8377507162558432,5.352949662509728e-11,208.0
김보경,pH수집,전체,EyeIrritation6pack_PID918,,0.26392653924288234,0.19732713478300687,0.35417155965633235,0.3194195083512549,0.22639318886080695,209.0
김보경,pH수집,전체,EyeIrritation6pack_PID687,,0.26389625288221763,0.1885270854481734,0.3141698824234104,0.36147314480639825,0.21872303710869517,210.0
김보경,pH수집,전체,EyeIrritation6pack_PID286,,0.2614210478598332,0.3934623703603862,0.8393152427578688,0.22956488843721992,1.1818265664416908e-11,211.0
김보경,pH수집,전체,EyeIrritation6pack_PID796,,0.2609815271933633,0.3520458528378276,0.8086348336725315,0.277086747499941,2.1608329161203456e-12,212.0
김보경,pH수집,전체,EyeIrritation6pack_PID841,,0.2589748135919005,0.2981678579969601,0.5583354468949945,0.4573192055954042,1.0194738825123865e-09,213.0
김보경,pH수집,전체,MIX72,,0.2566635931837399,0.5719993753523375,0.3079727531955649,0.3899036508940609,5.6740664798589355e-12,214.0
김보경,pH수집,전체,MIX830,,0.25085447514344916,0.39096079774178655,0.42074770094505975,0.2955637480114898,0.09055727554927342,215.0
김보경,pH수집,전체,EyeIrritation6pack_PID1019,,0.2501841944125426,0.33888276015630975,0.5209441801254829,0.4144271107389801,1.368421165863684e-11,216.0
김보경,pH수집,전체,EyeIrritation6pack_PID830,,0.24941362704842135,0.18296814809626247,0.6440360143622139,0.20316618992280205,0.16204986150516473,217.0
김보경,pH수집,전체,EyeIrritation6pack_PID420,,0.24929194255997442,0.2605713166874257,0.38382251492826563,0.40762461699341285,0.09163533835627845,218.0
김보경,pH수집,전체,EyeIrritation6pack_PID31,,0.24758568222401228,0.25591020346310944,0.2523788395957994,0.45021936144362407,0.11196172249019914,219.0
김보경,pH수집,전체,MIX16,,0.24758568222401228,0.25591020346310944,0.2523788395957994,0.45021936144362407,0.11196172249019914,220.0
김보경,pH수집,전체,EyeIrritation6pack_PID303,,0.2458547527977136,0.3812009526795858,0.5605378806635294,0.34236123173469835,5.017555669227708e-11,221.0
김보경,pH수집,전체,MIX630,,0.24547850844289273,0.2947619088496453,0.32355188376176647,0.5456012231308756,1.368421165863684e-11,222.0
김보경,pH수집,전체,MIX619,,0.24097748749153627,0.24177561245606186,0.2694534568324441,0.36416576731127354,0.15092879257233055,223.0
김보경,pH수집,전체,EyeIrritation6pack_PID151,,0.23917092490050507,0.16505469204975645,0.2659269202398591,0.6525146924644147,1.3281761655486814e-11,224.0
김보경,pH수집,전체,MIX93,,0.23811448526863682,0.15953893678099706,0.28518683643742754,0.6411878712510047,1.3281761655486814e-11,225.0
김보경,pH수집,전체,EyeIrritation6pack_PID936,,0.2325761946714366,0.3138589987747843,0.5319720530882379,0.18196798567968697,0.11278195489111047,226.0
김보경,pH수집,전체,EyeIrritation6pack_PID267,,0.23112574593315902,0.35059986026685314,0.6474639009683083,0.2566574868417059,1.7593970140541364e-11,227.0
김보경,pH수집,전체,EyeIrritation6pack_PID559,,0.23102938228050215,0.33679818907961084,0.28325019886236896,0.4813472197223377,2.1666668459508327e-11,228.0
김보경,pH수집,전체,EyeIrritation6pack_PID968,,0.23052425433647122,0.13063771716752692,0.5654885944016227,0.32876266920083747,0.08924485126247525,229.0
김보경,pH수집,전체,EyeIrritation6pack_PID127,,0.22837144884155616,0.5822461962032331,0.3604323672100674,0.24085794510495037,5.6740664798589355e-12,230.0
김보경,pH수집,전체,EyeIrritation6pack_PID255,,0.22835813533275226,0.3350528809421922,0.37240340993824556,0.4196838592242191,1.7593970140541364e-11,231.0
김보경,pH수집,전체,EyeIrritation6pack_PID486,,0.2251923470795051,0.41039386339405576,0.49304510605893187,0.279546814553237,1.1818265664416908e-11,232.0
김보경,pH수집,전체,EyeIrritation6pack_PID956,,0.22215790739408234,0.20744059227717113,0.19446264860007953,0.3087919549965441,0.18421052633167595,233.0
김보경,pH수집,전체,EyeIrritation6pack_PID810,,0.22116354332902036,0.562285381190778,0.27594368310347983,0.2775432612274277,1.5964913601742978e-11,234.0
김보경,pH수집,전체,MIX607,,0.2186593796816048,0.23371417397093017,0.5611564542501826,0.3467976694764771,5.376103071524475e-12,235.0
김보경,pH수집,전체,MIX602,,0.21555991802049376,0.30459575743915357,0.4381278305660209,0.35390434694432976,2.0166254631229867e-11,236.0
김보경,pH수집,전체,MIX293,,0.21460119100821343,0.49048408870077526,0.18036313072951787,0.3622794795811001,2.1666668459508327e-11,237.0
김보경,pH수집,전체,EyeIrritation6pack_PID153,,0.21324441704942387,0.12161660017646721,0.11293466414989628,0.3291030725765841,0.22105263158585733,238.0
김보경,pH수집,전체,MIX56,,0.21324441704942387,0.12161660017646721,0.11293466414989628,0.3291030725765841,0.22105263158585733,239.0
김보경,pH수집,전체,MIX801,,0.2057489943714093,0.23876013373440705,0.6712433878925887,0.22772632282403996,7.210543565780935e-11,240.0
김보경,pH수집,전체,EyeIrritation6pack_PID288,,0.20416915959830695,0.368782986106002,0.2611546771229788,0.3654852523043354,1.368421165863684e-11,241.0
김보경,pH수집,전체,MIX567,,0.20303432904200766,0.499404179599732,0.18998385794081027,0.3047569136385844,4.193706785372776e-12,242.0
김보경,pH수집,전체,EyeIrritation6pack_PID282,,0.20268062901200912,0.3826070095989783,0.331139079091824,0.308025721070581,1.1818265664416908e-11,243.0
김보경,pH수집,전체,EyeIrritation6pack_PID29,,0.20009034679180873,0.448806948872645,0.10094191884894778,0.3838111322471528,2.488193861491246e-12,244.0
김보경,pH수집,전체,MIX202,,0.19901349288387496,0.03463524128001278,0.3786412656916686,0.3844012096662335,0.09163533835627845,245.0
김보경,pH수집,전체,EyeIrritation6pack_PID916,,0.19900170563766878,0.3101405295336895,0.2678398864078817,0.38548734281714725,1.0194738825123865e-09,246.0
김보경,pH수집,전체,MIX147,,0.19638653765896263,0.40044063147934766,0.3672277240887553,0.24877525448181262,2.2481253700878523e-11,247.0
김보경,pH수집,전체,EyeIrritation6pack_PID289,,0.19003650318567541,0.24456752941649137,0.3392410476332571,0.3577343550644641,1.368421165863684e-11,248.0
김보경,pH수집,전체,EyeIrritation6pack_PID728,,0.18898731615044811,0.3262720116821406,0.3408271903120036,0.2912481591135396,2.0166254631229867e-11,249.0
김보경,pH수집,전체,MIX15,,0.1872077722270469,0.5061683070410136,0.048672796890676315,0.3211978569579155,2.488193861491246e-12,250.0
김보경,pH수집,전체,EyeIrritation6pack_PID126,,0.18669732865687855,0.39643768950821456,0.3063445358374364,0.24985936976080686,5.6740664798589355e-12,251.0
김보경,pH수집,전체,EyeIrritation6pack_PID727,,0.18454135508525069,0.18015160279329068,0.3430767271655971,0.3824798916808497,1.648324459390874e-11,252.0
김보경,pH수집,전체,MIX370,,0.18309758457505454,0.2287851300028901,0.1899453705139055,0.43052677283041085,2.0166254631229867e-11,253.0
김보경,pH수집,전체,MIX375,,0.17879187681316963,0.2405797407659608,0.4374035775665541,0.2589877994155262,2.1608329161203456e-12,254.0
김보경,pH수집,전체,EyeIrritation6pack_PID788,,0.17873331833588768,0.34632370873835727,0.16654630668240336,0.3388764822074636,2.0166254631229867e-11,255.0
김보경,pH수집,전체,MIX8,,0.17686141743763692,0.3077588106341184,0.14937492027664656,0.37070039357656087,1.7025731701778858e-11,256.0
김보경,pH수집,전체,EyeIrritation6pack_PID838,,0.17442567765590358,0.077479097828356,0.39260126834318404,0.3910375735861756,7.613164484843962e-12,257.0
김보경,pH수집,전체,EyeIrritation6pack_PID818,,0.17037288580079982,0.3356620291180741,0.1251323105980999,0.3386789621677042,4.193706785372776e-12,258.0
김보경,pH수집,전체,EyeIrritation6pack_PID790,,0.16950455158398295,0.13072603286316165,0.4976951687267324,0.2698332688026413,7.613164484843962e-12,259.0
김보경,pH수집,전체,EyeIrritation6pack_PID765,,0.16617910857740972,0.2439769290795978,0.2961845534559835,0.29044953345961,7.613164484843962e-12,260.0
김보경,pH수집,전체,EyeIrritation6pack_PID680,,0.1633887185193254,0.0741156565618202,0.3799269843173107,0.16120696416172814,0.1260387811731645,261.0
김보경,pH수집,전체,MIX13,,0.15696345416958776,0.5470690393635737,0.24768222531983955,0.05509282229112476,2.488193861491246e-12,262.0
김보경,pH수집,전체,EyeIrritation6pack_PID310,,0.1485591660209924,0.38716928481668017,0.28050092670676224,0.12322202227959472,2.2481253700878523e-11,263.0
김보경,pH수집,전체,MIX601,,0.1467899019194142,0.2158074198194691,0.1281723052765353,0.3350018210526018,2.0166254631229867e-11,264.0
김보경,pH수집,전체,EyeIrritation6pack_PID828,,0.14453090532913532,0.2002363155910776,0.1132986727705591,0.11301586364014844,0.14967105264392333,265.0
김보경,pH수집,전체,EyeIrritation6pack_PID467,,0.14168743147859184,0.24680579882186,0.42023528804185817,0.11961647424965485,2.0166254631229867e-11,266.0
김보경,pH수집,전체,MIX179,,0.1348088255125355,0.21875412647576775,0.23412512573917202,0.2235731569370323,1.3281761655486814e-11,267.0
김보경,pH수집,전체,MIX245,,0.1316097736077995,0.2675784276048867,0.29659486157870435,0.13754089508158432,1.5964913601742978e-11,268.0
김보경,pH수집,전체,MIX770,,0.12889628103386283,0.284908565550495,0.17524166110518685,0.18544671661119982,2.0166254631229867e-11,269.0
김보경,pH수집,전체,MIX447,,0.12472698417359956,0.0930889406388598,0.2476175873636769,0.27079653287251665,7.613164484843962e-12,270.0
김보경,pH수집,전체,MIX818,,0.11321965239745044,0.10153866753450447,0.17660940585424625,0.26138651490223935,5.352949662509728e-11,271.0
김보경,pH수집,전체,EyeIrritation6pack_PID28,,0.0967858495230871,0.22996410034577527,0.10438401068651876,0.14322390953273653,2.488193861491246e-12,272.0
김보경,pH수집,전체,MIX246,,0.09347737685908913,0.29409460062946907,0.11666001519495395,0.07483808903200927,1.5964913601742978e-11,273.0
김보경,pH수집,전체,EyeIrritation6pack_PID512,,0.09210861709298163,0.28863952508810486,0.1250174001444827,0.06867318771637476,1.5964913601742978e-11,274.0
이서윤,pH수집,전체,MIX869,,0.6415307900813252,0.3967521222522,0.9126331045282432,0.49527804606305903,0.75079477216495,1.0
이서윤,pH수집,전체,EyeIrritation6pack_PID643,,0.6335293225777775,0.20298218839050508,0.4278754620829968,0.8516641249133589,0.7789003759400204,2.0
이서윤,pH수집,전체,MIX48,,0.6335293225777775,0.20298218839050508,0.4278754620829968,0.8516641249133589,0.7789003759400204,3.0
이서윤,pH수집,전체,MIX289,,0.6190606642769179,0.5633687954203218,0.35801409507527715,0.47714155069186953,0.8353733170139941,4.0
이서윤,pH수집,전체,MIX1068,,0.6158759475430814,0.5680847184455234,0.6472105751484204,0.30073091642447775,0.8289473684269141,5.0
이서윤,pH수집,전체,MIX451,,0.6147260414601645,0.3935387447671378,0.472457831082856,0.6087698029262141,0.7788353863379024,6.0
이서윤,pH수집,전체,EyeIrritation6pack_PID54,,0.6094816661216782,0.4795533975919606,0.7622234066960392,0.7244788113330484,0.5407470288641928,7.0
이서윤,pH수집,전체,EyeIrritation6pack_PID607,,0.6076473725074397,0.4201214867301572,0.550015152161956,0.32936569129117244,0.8980263158042062,8.0
이서윤,pH수집,전체,MIX306,,0.6076473725074397,0.4201214867301572,0.550015152161956,0.32936569129117244,0.8980263158042062,9.0
이서윤,pH수집,전체,MIX642,,0.5905656406413808,0.2504474067924658,0.37907629740759646,0.6792187006279428,0.7775119617279805,10.0
이서윤,pH수집,전체,MIX780,,0.5868200554854452,0.509192471297243,0.47510295327368235,0.5590264987265097,0.6842105263294579,11.0
이서윤,pH수집,전체,MIX650,,0.5821409280107425,0.5940305971903069,0.20836717843994207,0.5578843780233878,0.733082706775069,12.0
이서윤,pH수집,전체,MIX591,,0.5809820842793529,0.639976742374872,0.8040641504157893,0.4371330931469737,0.5604703247479587,13.0
이서윤,pH수집,전체,EyeIrritation6pack_PID375,,0.57587618576922,0.5547216314350627,0.5937789359404129,0.8300728227607438,0.4164759725446106,14.0
이서윤,pH수집,전체,MIX178,,0.57587618576922,0.5547216314350627,0.5937789359404129,0.8300728227607438,0.4164759725446106,15.0
이서윤,pH수집,전체,MIX486,,0.5621110568536428,0.8346109902739178,0.26411536072092395,0.4781279447535363,0.5971291866036131,16.0
이서윤,pH수집,전체,EyeIrritation6pack_PID1020,,0.5620153474686158,0.8142227935734196,0.3978452826461295,0.20941166147016477,0.728353140919264,17.0
이서윤,pH수집,전체,EyeIrritation6pack_PID642,,0.5612119046710071,0.27886033008049527,0.2934281802664364,0.5916053794124294,0.7789003759400204,18.0
이서윤,pH수집,전체,MIX53,,0.5612119046710071,0.27886033008049527,0.2934281802664364,0.5916053794124294,0.7789003759400204,19.0
이서윤,pH수집,전체,EyeIrritation6pack_PID663,,0.5609142189513935,0.7305017088530298,0.20302048436999398,0.48150659504141685,0.6652046783665209,20.0
이서윤,pH수집,전체,MIX346,,0.5609142189513935,0.7305017088530298,0.20302048436999398,0.48150659504141685,0.6652046783665209,21.0
이서윤,pH수집,전체,MIX40,,0.5523907058986648,0.4148889243270864,0.22478487985771198,0.44386667340219427,0.8118617439133845,22.0
이서윤,pH수집,전체,MIX440,,0.5490516775836153,0.46053209488137276,0.42159843442355477,0.5791259852635401,0.6205630354974193,23.0
이서윤,pH수집,전체,MIX38,,0.5445311129288166,0.419980793824759,0.4894222837325676,0.5534129480737009,0.6196623634604616,24.0
이서윤,pH수집,전체,EyeIrritation6pack_PID1023,,0.5404909502494843,0.8754962122096899,0.18628040447614314,0.389760565053299,0.6093750000099455,25.0
이서윤,pH수집,전체,MIX544,,0.5404909502494843,0.8754962122096899,0.18628040447614314,0.389760565053299,0.6093750000099455,26.0
이서윤,pH수집,전체,MIX484,,0.5388335770115313,0.8508274744507602,0.24475815703129813,0.2389436512153763,0.6916475972550657,27.0
이서윤,pH수집,전체,EyeIrritation6pack_PID473,,0.5340390224060888,0.2562094676178595,0.4413897653402194,0.3851799952808047,0.7982456140416158,28.0
이서윤,pH수집,전체,MIX225,,0.5340390224060888,0.2562094676178595,0.4413897653402194,0.3851799952808047,0.7982456140416158,29.0
이서윤,pH수집,전체,MIX984,,0.531740809786239,0.5128825601082122,0.4272803459139461,0.16795093370198308,0.8133068520379427,30.0
이서윤,pH수집,전체,MIX347,,0.530017411683158,0.42951521325034925,0.4322574772987796,0.2232545404723567,0.8118617439133845,31.0
이서윤,pH수집,전체,MIX584,,0.5299582071402686,0.3348264197638602,0.11748462794541877,0.44541349820816495,0.8338815789516827,32.0
이서윤,pH수집,전체,EyeIrritation6pack_PID42,,0.527197581189597,0.32496975966350783,0.38794422673894086,0.42152960277390755,0.744906621394481,33.0
이서윤,pH수집,전체,MIX151,,0.5258787434612409,0.3017095596993536,0.636261793445719,0.5270889012662237,0.5914362176669774,34.0
이서윤,pH수집,전체,MIX140,,0.5251960837480739,0.47287531629041457,0.2098412278948015,0.3686866412374396,0.7697368421192046,35.0
이서윤,pH수집,전체,MIX358,,0.523936546300245,0.6485164141400365,0.19705080862196536,0.2784651463245401,0.7445820433469273,36.0
이서윤,pH수집,전체,MIX701,,0.5207937239621145,0.26837607940934316,0.1548924769506731,0.5069044286254504,0.7894736842176625,37.0
이서윤,pH수집,전체,MIX464,,0.5181932495874834,0.5002124532158995,0.6205170726615404,0.7100848347889431,0.36529884032775634,38.0
이서윤,pH수집,전체,MIX700,,0.515132101103174,0.7479664347438377,0.23884917392660138,0.5373494008685158,0.4930340557289811,39.0
이서윤,pH수집,전체,MIX652,,0.5125133796515866,0.7641179108234829,0.7049866646585482,0.36090674753935653,0.4157228514358294,40.0
이서윤,pH수집,전체,EyeIrritation6pack_PID51,,0.5095117732919091,0.27225523149282466,0.48612871920640843,0.6814976838721777,0.5224880382830528,41.0
이서윤,pH수집,전체,MIX145,,0.5090268751129647,0.35569938700161013,0.4065867147525135,0.3591603633069619,0.7175866495507995,42.0
이서윤,pH수집,전체,MIX1056,,0.5081301070633938,0.2745966038856686,0.3687749273391405,0.28244011591258833,0.8178453947383014,43.0
이서윤,pH수집,전체,EyeIrritation6pack_PID406,,0.506438342460606,0.4147853209095025,0.669545270036072,0.09490664732014402,0.75263157895125,44.0
이서윤,pH수집,전체,MIX858,,0.506223006782185,0.47286041827739217,0.36040448727720903,0.2504070267295922,0.741228070181087,45.0
이서윤,pH수집,전체,MIX43,,0.505302235242448,0.5752380221138859,0.21806132193962913,0.14400162086124357,0.8115055079590947,46.0
이서윤,pH수집,전체,EyeIrritation6pack_PID1051,,0.5039969853036662,0.5834011599147941,0.09790285565936895,0.49767975379769264,0.6231203007632805,47.0
이서윤,pH수집,전체,MIX431,,0.5037166048333901,0.3455127604262305,0.16443122281585046,0.6980138649024765,0.5835913312704475,48.0
이서윤,pH수집,전체,MIX656,,0.5018552414341837,0.4785995488591467,0.8872118429736876,0.30459688865265727,0.4939144736837421,49.0
이서윤,pH수집,전체,MIX627,,0.5015939726863498,0.41291232223467567,0.5343185574567758,0.4789386026290969,0.5464798359562801,50.0
이서윤,pH수집,전체,MIX1053,,0.49740449653805463,0.3528792086117785,0.2728150075106615,0.27249162166106594,0.7959183673497073,51.0
이서윤,pH수집,전체,MIX51,,0.4970671143145176,0.4751297512267655,0.37463755289420375,0.3317336815963325,0.6597744360939979,52.0
이서윤,pH수집,전체,MIX1067,,0.49621615818737475,0.2011847655268716,0.25715647815298487,0.6723819724562028,0.6157894737016926,53.0
이서윤,pH수집,전체,MIX546,,0.4956788413180775,0.36965553927348477,0.8370842143312639,0.5498531277059446,0.3927875243698735,54.0
이서윤,pH수집,전체,MIX612,,0.494033856482614,0.11725647511348103,0.47271022885060543,0.292855111845864,0.8125000000011385,55.0
이서윤,pH수집,전체,MIX790,,0.4928664484693792,0.3040900426369479,0.5359105994149294,0.21368292453028678,0.7464114832640728,56.0
이서윤,pH수집,전체,MIX26,,0.4905419847640474,0.24175721260536123,0.4366145931676686,0.3123756833273293,0.744906621394481,57.0
이서윤,pH수집,전체,MIX461,,0.4880802994729223,0.46436361430250406,0.1131443530812396,0.42074822102858134,0.6842105263183506,58.0
이서윤,pH수집,전체,MIX60,,0.4879934572556689,0.5430296286657452,0.4235160416281259,0.22101516384327285,0.6568421052652932,59.0
이서윤,pH수집,전체,EyeIrritation6pack_PID325,,0.4862297091239405,0.3478489731962797,0.3039812176091139,0.6669884848743672,0.5059303187582407,60.0
이서윤,pH수집,전체,EyeIrritation6pack_PID412,,0.48563655232207936,0.4236297771798534,0.42170187383734775,0.38814538394019305,0.6021052631604222,61.0
이서윤,pH수집,전체,MIX424,,0.47968439103239696,0.6367445119647818,0.41075735554600695,0.37996114652299534,0.4939144736837421,62.0
이서윤,pH수집,전체,MIX444,,0.47882858860102795,0.4121725461621256,0.5512952739039841,0.4576936636643855,0.49712171053080834,63.0
이서윤,pH수집,전체,MIX203,,0.47635079972674654,0.6510846073970967,0.22290686380313368,0.39234730861804534,0.5416666666698965,64.0
이서윤,pH수집,전체,MIX539,,0.4759912871989716,0.3686970418884859,0.3821275211418896,0.21806534009867903,0.728353140919264,65.0
이서윤,pH수집,전체,MIX688,,0.4726844003156119,0.32686591453742847,0.555809901937057,0.40491228744209556,0.5549707602339903,66.0
이서윤,pH수집,전체,MIX189,,0.4684384189448629,0.4902783443082958,0.18398552161512036,0.429158513363632,0.590483056957247,67.0
이서윤,pH수집,전체,MIX646,,0.4683273498909758,0.5033900787268973,0.5031912988252969,0.642722055258718,0.32655502392921937,68.0
이서윤,pH수집,전체,MIX769,,0.4650405483348523,0.6700573319312372,0.3609225674918495,0.2970874794189513,0.5131578947331649,69.0
이서윤,pH수집,전체,MIX659,,0.46226254703998687,0.9320441856228061,0.7674025988171131,0.6506690867193264,2.0896179523692794e-11,70.0
이서윤,pH수집,전체,MIX685,,0.4620421143516152,0.6437727746165144,0.35219349428222263,0.3405310751941589,0.49379344588007523,71.0
이서윤,pH수집,전체,EyeIrritation6pack_PID377,,0.4619456622705541,0.6912865287841242,0.3399753958635148,0.3496974742925737,0.4694002447984117,72.0
이서윤,pH수집,전체,MIX185,,0.4619456622705541,0.6912865287841242,0.3399753958635148,0.3496974742925737,0.4694002447984117,73.0
이서윤,pH수집,전체,MIX44,,0.46118164540722895,0.2303371330752477,0.17344267748282696,0.25753989614140665,0.8115055079590947,74.0
이서윤,pH수집,전체,MIX1078,,0.4588779419947998,0.7565336030218887,0.20449043265625774,0.30019913218289657,0.5131578947331649,75.0
이서윤,pH수집,전체,MIX345,,0.456737454720471,0.19537502286359876,0.30395727619272,0.29352850485697146,0.744906621394481,76.0
이서윤,pH수집,전체,EyeIrritation6pack_PID1055,,0.4527631358436677,0.3299510880829911,0.15951323402624393,0.3376126758983678,0.6964285714283809,77.0
이서윤,pH수집,전체,MIX575,,0.4485468133458922,0.2393142259084189,0.6126453801353681,0.3937717784889104,0.5224880382830528,78.0
이서윤,pH수집,전체,MIX684,,0.44842031213993355,0.4749290529522085,0.34647471865254037,0.41774107796643706,0.49379344588007523,79.0
이서윤,pH수집,전체,EyeIrritation6pack_PID379,,0.4474912956585068,0.27567429214845757,0.5229810099172146,0.3644470868380158,0.5549707602339903,80.0
이서윤,pH수집,전체,MIX192,,0.4473472862652073,0.6544214794764287,0.1569160564026602,0.48195161242320794,0.4350686498878514,81.0
이서윤,pH수집,전체,MIX518,,0.44634810845739253,0.618394241989446,0.2690518825044707,0.3545828973919213,0.4891785538624836,82.0
이서윤,pH수집,전체,MIX547,,0.4450821167780825,0.3055129770405538,0.13984236508071826,0.3376126758983678,0.6964285714283809,83.0
이서윤,pH수집,전체,MIX467,,0.4448048586457931,0.5398172473894588,0.1949403076813041,0.36189679951696496,0.5464798359562801,84.0
이서윤,pH수집,전체,MIX874,,0.4416976226942545,0.8446397525975875,0.1649804978071864,0.19016648363728628,0.5131578947331649,85.0
이서윤,pH수집,전체,MIX617,,0.4365593516138324,0.4490188168364571,0.4703994814594928,0.28766379261006864,0.5131578947331649,86.0
이서윤,pH수집,전체,MIX554,,0.43636802990607515,0.5422657487824465,0.21699497116616437,0.20593028297059732,0.6157894736862979,87.0
이서윤,pH수집,전체,EyeIrritation6pack_PID1007,,0.4359969274094998,0.25327083613512924,0.4735213709253077,0.3507582621561641,0.564473684214863,88.0
이서윤,pH수집,전체,MIX521,,0.4359969274094998,0.25327083613512924,0.4735213709253077,0.3507582621561641,0.564473684214863,89.0
이서윤,pH수집,전체,EyeIrritation6pack_PID226,,0.43457004147234796,0.42805974922629125,0.44670725651079485,0.2637084374200641,0.5425745893391763,90.0
이서윤,pH수집,전체,MIX836,,0.43422065146633954,0.3884778981845905,0.2790686765633375,0.5582297423311189,0.4354066985783428,91.0
이서윤,pH수집,전체,MIX393,,0.4335350359366096,0.4184324653328372,0.33096207846834924,0.33143349266587196,0.5449464368894605,92.0
이서윤,pH수집,전체,EyeIrritation6pack_PID396,,0.43146545538500874,0.7032469531863546,0.4973928700398784,0.6328492319648144,0.1466165413683908,93.0
이서윤,pH수집,전체,MIX191,,0.43146545538500874,0.7032469531863546,0.4973928700398784,0.6328492319648144,0.1466165413683908,94.0
이서윤,pH수집,전체,MIX753,,0.430221488959879,0.5124948909267354,0.39294436611797146,0.2608390660566494,0.5131578947331649,95.0
이서윤,pH수집,전체,EyeIrritation6pack_PID40,,0.4299595504433753,0.3670337005189177,0.27885430790408855,0.3265273546838684,0.5835913312704475,96.0
이서윤,pH수집,전체,MIX23,,0.4292933547843544,0.4617429669175388,0.2711979873159793,0.25720184676932895,0.5835913312704475,97.0
이서윤,pH수집,전체,EyeIrritation6pack_PID224,,0.42741194029732604,0.29807626211928,0.2876933873097213,0.5010940910085065,0.4952867242722245,98.0
이서윤,pH수집,전체,MIX351,,0.4241837260030257,0.3377270010257589,0.4722463335074034,0.5050929851496394,0.3958646616587412,99.0
이서윤,pH수집,전체,MIX594,,0.4240787105715339,0.5251170600532972,0.3927090878880024,0.52380111031258,0.32335976929101107,100.0
이서윤,pH수집,전체,MIX475,,0.4217808182792382,0.26963601978747276,0.30305657930873237,0.23683382173626238,0.6583912611759579,101.0
이서윤,pH수집,전체,MIX782,,0.4215307291503996,0.3430847618271395,0.24455239070641036,0.21293686342432908,0.6597744361136341,102.0
이서윤,pH수집,전체,MIX401,,0.4208311957527086,0.33862834281858434,0.5517286388579693,0.3729189979664657,0.44170552965018434,103.0
이서윤,pH수집,전체,MIX374,,0.4201311855615071,0.44956970872707586,0.25033401697400637,0.32522825043326503,0.5308529945552026,104.0
이서윤,pH수집,전체,MIX746,,0.4192528645765685,0.6481494441924429,0.5244235096512918,0.3055226736005852,0.3421052631738962,105.0
이서윤,pH수집,전체,MIX703,,0.4192476680840551,0.49355033099066936,0.6812766682119629,0.23302733334286804,0.40379637619222103,106.0
이서윤,pH수집,전체,MIX410,,0.4186322412091986,0.36343561779585865,0.08582767208782573,0.7854957779282776,0.3358851674718975,107.0
이서윤,pH수집,전체,MIX406,,0.4181790698603568,0.10109971704868072,0.36087284646768525,0.5680305072177378,0.4966044142747683,108.0
이서윤,pH수집,전체,MIX98,,0.41801152027163146,0.36238869545127156,0.20127690540532372,0.4178041240178469,0.5267815556598866,109.0
이서윤,pH수집,전체,MIX301,,0.4171586112388449,0.22596762415809013,0.22260823946430106,0.9027631359721124,0.2716718266424158,110.0
이서윤,pH수집,전체,MIX331,,0.4157328310662493,0.7525061978158353,0.14355416334811877,0.37974237077394474,0.37929061785150037,111.0
이서윤,pH수집,전체,MIX590,,0.4150175267007137,0.45538160987581866,0.3417928906086952,0.3004543498257451,0.4966044142747683,112.0
이서윤,pH수집,전체,MIX224,,0.414212520731854,0.4805403140491636,0.6023787966039532,0.4886620369769003,0.26351351351860486,113.0
이서윤,pH수집,전체,EyeIrritation6pack_PID131,,0.4136099041305214,0.6444207254978586,0.3807282190568885,0.5088259161897849,0.25382003395888714,114.0
이서윤,pH수집,전체,MIX79,,0.4136099041305214,0.6444207254978586,0.3807282190568885,0.5088259161897849,0.25382003395888714,115.0
이서윤,pH수집,전체,MIX159,,0.41264256878542305,0.5894638046114903,0.13359878525995356,0.29849220287628103,0.5059303187582407,116.0
이서윤,pH수집,전체,MIX416,,0.4115329311598665,0.33215013527840404,0.32966572049140197,0.7657027562231569,0.25382003395888714,117.0
이서윤,pH수집,전체,MIX579,,0.41148904292776434,0.16588976748576173,0.7701755687427175,0.3968066232417137,0.40379637619222103,118.0
이서윤,pH수집,전체,EyeIrritation6pack_PID205,,0.4111436705178467,0.28477091694140516,0.33737611299320236,0.3904280182924344,0.513157894749201,119.0
이서윤,pH수집,전체,MIX262,,0.4089448046254406,0.2297514071928816,0.524210556758053,0.36650776799850254,0.47894736842932817,120.0
이서윤,pH수집,전체,MIX390,,0.4083506684482917,0.6070165528711627,0.3010197811819369,0.30949944213582337,0.4164759725446106,121.0
이서윤,pH수집,전체,MIX707,,0.4082602104397084,0.46504720155267104,0.6387921677660521,0.30865812556391514,0.3576555023978395,122.0
이서윤,pH수집,전체,MIX197,,0.40689452885794375,0.4227526969390429,0.4081540435182772,0.2020727239303264,0.5299827437451022,123.0
이서윤,pH수집,전체,EyeIrritation6pack_PID50,,0.4066500725954816,0.39344826562262486,0.5444638511756467,0.21914631344478602,0.481085526317594,124.0
이서윤,pH수집,전체,MIX384,,0.40613099906963673,0.5397227607443407,0.41796045900813383,0.3397503260047588,0.37981765437274184,125.0
이서윤,pH수집,전체,EyeIrritation6pack_PID370,,0.4060860528570726,0.6644483035036013,0.4051185928946045,0.25485231693945126,0.37884139879885076,126.0
이서윤,pH수집,전체,EyeIrritation6pack_PID583,,0.4054100882418957,0.30489664897102425,0.5081635591869904,0.2780846431499073,0.4966044142747683,127.0
이서윤,pH수집,전체,MIX758,,0.4034356661355705,0.3577297585664445,0.3402066770689584,0.3037991583779277,0.5131578947331649,128.0
이서윤,pH수집,전체,MIX719,,0.4010002395822589,0.2743796851296915,0.2640549285136068,0.5114980201660877,0.44293628809067326,129.0
이서윤,pH수집,전체,MIX182,,0.3987717956863751,0.41330163793280167,0.11125393381346727,0.32350554832821754,0.548548094378644,130.0
이서윤,pH수집,전체,MIX857,,0.3987621408660729,0.36542084210628945,0.20877446880703227,0.2134627358059998,0.6052631579024239,131.0
이서윤,pH수집,전체,EyeIrritation6pack_PID629,,0.39652659474867913,0.19068086410690785,0.27709344476585807,0.6155354555062842,0.4005134788222585,132.0
이서윤,pH수집,전체,MIX327,,0.39652659474867913,0.19068086410690785,0.27709344476585807,0.6155354555062842,0.4005134788222585,133.0
이서윤,pH수집,전체,EyeIrritation6pack_PID437,,0.39504283759339,0.3828722004499888,0.3219067864379435,0.2883507034041585,0.4968671679202238,134.0
이서윤,pH수집,전체,MIX549,,0.3948851274980905,0.10850831197985587,0.23343695921055124,0.3491629032251924,0.6231203007632805,135.0
이서윤,pH수집,전체,EyeIrritation6pack_PID1032,,0.3946499789300358,0.5352509911287233,0.09222206002293808,0.34118383150009696,0.47534626038970096,136.0
이서윤,pH수집,전체,MIX856,,0.39388122144506515,0.22593534464405285,0.4444850387002384,0.30417768009040336,0.5131578947331649,137.0
이서윤,pH수집,전체,MIX298,,0.3937421414238427,0.5982456119439946,0.154282924125681,0.6876229321329097,0.197368421062948,138.0
이서윤,pH수집,전체,MIX687,,0.39346229206548033,0.25485167485528615,0.351231602756678,0.12494895390465059,0.6481994459904856,139.0
이서윤,pH수집,전체,MIX789,,0.3918121111501218,0.34465249288354166,0.35180262367842485,0.26143704763947245,0.5131578947331649,140.0
이서윤,pH수집,전체,EyeIrritation6pack_PID535,,0.3905430453575953,0.2161987282184729,0.48170254097066,0.32994125645824385,0.47894736842932817,141.0
이서윤,pH수집,전체,MIX660,,0.38964556987389976,0.15903464404804904,0.28912693080901075,0.1625161676348087,0.684210526341676,142.0
이서윤,pH수집,전체,EyeIrritation6pack_PID553,,0.3896244242809528,0.3403096260050393,0.1918900703760061,0.18386379882928286,0.619854090671218,143.0
이서윤,pH수집,전체,MIX275,,0.3896244242809528,0.3403096260050393,0.1918900703760061,0.18386379882928286,0.619854090671218,144.0
이서윤,pH수집,전체,MIX465,,0.3885879836391525,0.5641946716058098,0.29868561869576854,0.5359364159831932,0.24353256022202194,145.0
이서윤,pH수집,전체,MIX711,,0.38854689531096037,0.3419697166717218,0.25523145449707346,0.1642835938075138,0.6049861495858117,146.0
이서윤,pH수집,전체,MIX631,,0.3878785769581279,0.4398759045099915,0.31458229953386385,0.5330868302235061,0.29748283753415955,147.0
이서윤,pH수집,전체,EyeIrritation6pack_PID1005,,0.38669436410298497,0.15324100161331844,0.363288084865029,0.4161038009599642,0.4891785538624836,148.0
이서윤,pH수집,전체,MIX647,,0.3863433634915916,0.2863813214764677,0.4022201966645043,0.3755823494173559,0.4354066985783428,149.0
이서윤,pH수집,전체,MIX779,,0.3858810096722253,0.3136172858586783,0.12151258853573182,0.39737739366074676,0.5131578947331649,150.0
이서윤,pH수집,전체,MIX479,,0.3817542188022873,0.44876041023059743,0.4375398817979474,0.26406108161159486,0.40379637619222103,151.0
이서윤,pH수집,전체,EyeIrritation6pack_PID476,,0.38155321054539376,0.5190305727590679,0.28058146990587846,0.3487255999330197,0.37446657183486465,152.0
이서윤,pH수집,전체,MIX228,,0.38155321054539376,0.5190305727590679,0.28058146990587846,0.3487255999330197,0.37446657183486465,153.0
이서윤,pH수집,전체,EyeIrritation6pack_PID408,,0.37830475372909883,0.502944465688153,0.4642031113329417,0.6128796654713639,0.13555114201675908,154.0
이서윤,pH수집,전체,MIX195,,0.37830475372909883,0.502944465688153,0.4642031113329417,0.6128796654713639,0.13555114201675908,155.0
이서윤,pH수집,전체,MIX359,,0.3746945011470756,0.19445750522282856,0.8193051578178935,0.21410243905648932,0.3965311004812291,156.0
이서윤,pH수집,전체,MIX391,,0.37419113225837397,0.4761706503206246,0.19598793804079984,0.15731283038961058,0.5312693498474598,157.0
이서윤,pH수집,전체,MIX389,,0.3726982682630714,0.5710712091992947,0.27936461342684626,0.3505345902650745,0.32655502392921937,158.0
이서윤,pH수집,전체,MIX564,,0.37241925326000114,0.459993493330698,0.5008690678703329,0.18157150404192135,0.4039753639440394,159.0
이서윤,pH수집,전체,MIX849,,0.37220679060302414,0.31297795839648507,0.2790781604574074,0.2516152771737998,0.5131578947331649,160.0
이서윤,pH수집,전체,MIX506,,0.36969650950416755,0.27413174192411155,0.2266546315324854,0.15173553968856188,0.6093750000099455,161.0
이서윤,pH수집,전체,MIX503,,0.368641317681105,0.5979184788114139,0.3957383884286045,0.7135292626384191,0.027008310268929487,162.0
이서윤,pH수집,전체,MIX771,,0.3674705534474771,0.6015225103664101,0.5612500378629619,0.60868897580183,0.027008310268929487,163.0
이서윤,pH수집,전체,MIX165,,0.36612702723548607,0.11289436187908665,0.3345502476228106,0.3715303936438755,0.4966044142747683,164.0
이서윤,pH수집,전체,EyeIrritation6pack_PID608,,0.36501978603348223,0.565889897288215,0.5804516031180483,0.1508232576658387,0.3240997230238053,165.0
이서윤,pH수집,전체,MIX430,,0.3641225979538219,0.28213922298141203,0.13003238568384076,0.1738938871556671,0.613871126412395,166.0
이서윤,pH수집,전체,MIX792,,0.36350510703031924,0.182618057271547,0.1304160543254085,0.3305119764585927,0.5598086124792115,167.0
이서윤,pH수집,전체,EyeIrritation6pack_PID380,,0.36178299672623637,0.13567555745669366,0.11880806249336245,0.41250334693321833,0.5299827437451022,168.0
이서윤,pH수집,전체,MIX616,,0.3605023919141599,0.3173934638379339,0.3402052392482867,0.4964417315705526,0.30185758514854355,169.0
이서윤,pH수집,전체,MIX846,,0.36025556377192647,0.2406640796682978,0.34632703401305304,0.21972660584068276,0.5131578947331649,170.0
이서윤,pH수집,전체,MIX611,,0.359600626825686,0.2729528499898369,0.6398312034501108,0.2591631624713315,0.35987696514415557,171.0
이서윤,pH수집,전체,MIX517,,0.35767533175163224,0.3910997928293027,0.1779752297771469,0.25476333071025903,0.47534626038970096,172.0
이서윤,pH수집,전체,MIX841,,0.3571763071355213,0.1540260358720062,0.2213932275869335,0.3465184408464307,0.5131578947331649,173.0
이서윤,pH수집,전체,MIX778,,0.35433812138424775,0.3547510104787238,0.4682406341123013,0.33409283983236954,0.3240997230238053,174.0
이서윤,pH수집,전체,MIX449,,0.3536644652809693,0.23079367681339444,0.6670017594182801,0.2516917802675984,0.35987696514415557,175.0
이서윤,pH수집,전체,MIX787,,0.3533259068546444,0.4210570106088997,0.2822555811087178,0.5398068430067418,0.22807017546272573,176.0
이서윤,pH수집,전체,EyeIrritation6pack_PID635,,0.3523621550942325,0.15291572034456324,0.44672851314673273,0.27326644764213454,0.46349745331579034,177.0
이서윤,pH수집,전체,MIX492,,0.3503585185271984,0.1418142539104366,0.30466439476631213,0.29781400118690315,0.5017543859728216,178.0
이서윤,pH수집,전체,MIX161,,0.3489306509015766,0.07483340646886452,0.7646689620672938,0.0649561554625406,0.5059303187582407,179.0
이서윤,pH수집,전체,MIX173,,0.3479934656971973,0.4462393823590371,0.2822635834328582,0.2646827306299904,0.37884139879885076,180.0
이서윤,pH수집,전체,MIX710,,0.3471563975743871,0.1374206756352686,0.612683471347899,0.4191169832860012,0.30185758514854355,181.0
이서윤,pH수집,전체,MIX776,,0.34704988029082784,0.272335852858525,0.09132352926854938,0.29467660365308984,0.5131578947331649,182.0
이서윤,pH수집,전체,EyeIrritation6pack_PID352,,0.3422391985539774,0.24604812456460093,0.5096430553166529,0.14384985864293023,0.45246179966256034,183.0
이서윤,pH수집,전체,MIX334,,0.3417754943690187,0.37245688591241183,0.5413051749038683,0.31847901826152547,0.26657552973809334,184.0
이서윤,pH수집,전체,MIX463,,0.341179950981477,0.16133850604328892,0.166920240569252,0.14343874983427327,0.6203007518811444,185.0
이서윤,pH수집,전체,EyeIrritation6pack_PID475,,0.3400136358459838,0.10449404839143438,0.6241930388603955,0.5054736405751016,0.24020156776052523,186.0
이서윤,pH수집,전체,MIX227,,0.33843369655709143,0.07649737514562101,0.6296532892168609,0.5171476375077326,0.24020156776052523,187.0
이서윤,pH수집,전체,MIX439,,0.3370241587532356,0.2166066037561252,0.7697477732135211,0.3687982239056349,0.21130030961595536,188.0
이서윤,pH수집,전체,EyeIrritation6pack_PID223,,0.33616925432356304,0.14732995330311166,0.21028688206507942,0.3223335468850078,0.4835526315803064,189.0
이서윤,pH수집,전체,MIX96,,0.33616925432356304,0.14732995330311166,0.21028688206507942,0.3223335468850078,0.4835526315803064,190.0
이서윤,pH수집,전체,MIX278,,0.3269583272862461,0.21535388591544055,0.65902388385413,0.16668479985229126,0.3580171358738209,191.0
이서윤,pH수집,전체,EyeIrritation6pack_PID132,,0.3261663855582212,0.29282953921156557,0.21880200541736766,0.18619565623634932,0.47243107769909903,192.0
이서윤,pH수집,전체,MIX329,,0.3218469679376186,0.2138563608756549,0.32451222032154237,0.1633109219034522,0.4744289970221444,193.0
이서윤,pH수집,전체,MIX480,,0.3212293524108878,0.42260424104981836,0.20153108783652154,0.24186252147830067,0.3684210526354436,194.0
이서윤,pH수집,전체,MIX300,,0.3199042750030715,0.1994628763349441,0.5907275667806756,0.24431276377260666,0.3240997230238053,195.0
이서윤,pH수집,전체,MIX976,,0.31956812279805286,0.2249450985569183,0.2878325808857887,0.1072380822251731,0.5131578947331649,196.0
이서윤,pH수집,전체,MIX395,,0.3191880441974716,0.35334165849540083,0.5266297009264911,0.1049294202745218,0.3616541353400644,197.0
이서윤,pH수집,전체,MIX613,,0.3184780649444903,0.47361724772606517,0.4940793435437619,0.32542107882009264,0.1729745712634226,198.0
이서윤,pH수집,전체,MIX548,,0.31694375196619423,0.10849783248075558,0.2635190566316276,1.0,1.1818265664416908e-11,199.0
이서윤,pH수집,전체,EyeIrritation6pack_PID1050,,0.31563662281795185,0.13516996179428065,0.26062313430383965,0.976543367685854,1.1818265664416908e-11,200.0
이서윤,pH수집,전체,MIX387,,0.3140922877625665,0.3424628703033205,0.16167069565111725,0.23205510785200517,0.4105263157902951,201.0
이서윤,pH수집,전체,MIX777,,0.3133571462912462,0.17174594834213988,0.07894788650721431,0.24614015647054785,0.5131578947331649,202.0
이서윤,pH수집,전체,MIX708,,0.31131959388535835,0.3311542436320934,0.5918555630728729,0.6170357909046811,1.0194738825123865e-09,203.0
이서윤,pH수집,전체,MIX644,,0.3102762063781997,0.2657900148130133,0.4128694356891437,0.3496758112613542,0.2677345537870437,204.0
이서윤,pH수집,전체,EyeIrritation6pack_PID373,,0.30832256490096327,0.3320131259498979,0.20156107811572077,0.22592772113854925,0.3900000000082895,205.0
이서윤,pH수집,전체,MIX175,,0.30832256490096327,0.3320131259498979,0.20156107811572077,0.22592772113854925,0.3900000000082895,206.0
이서윤,pH수집,전체,MIX18,,0.30809127377191603,0.6630528028576298,0.2293735285279697,0.31356238093204514,0.1632775119656947,207.0
이서윤,pH수집,전체,MIX775,,0.30805303509016224,0.09542431337549091,0.11941034561219449,0.25899698170913116,0.5131578947331649,208.0
이서윤,pH수집,전체,MIX364,,0.30788245995564967,0.3031984038929994,0.4282950371543681,0.27394350554771474,0.2864137087024618,209.0
이서윤,pH수집,전체,MIX576,,0.3065909169892887,0.8158983179425583,0.7789162468858966,0.12370350635905086,1.7593970140541364e-11,210.0
이서윤,pH수집,전체,MIX457,,0.30528816163904937,0.16723084651476322,0.6294433460889022,0.12917051910373606,0.3622291021703874,211.0
이서윤,pH수집,전체,MIX144,,0.30492848057742683,0.31527208136080903,0.8726206471593415,0.43854340961942534,5.017555669227708e-11,212.0
이서윤,pH수집,전체,MIX785,,0.30421382695694865,0.3118262773970189,0.43944779386520405,0.33764142665412133,0.22807017545533442,213.0
이서윤,pH수집,전체,MIX1072,,0.30350757498725456,0.5168312097135153,0.07151140211988367,0.09816835446193986,0.41985645933278254,214.0
이서윤,pH수집,전체,EyeIrritation6pack_PID1013,,0.3002732762726725,0.25052408700216694,0.2601782726045249,0.3723178769331678,0.2932330827112539,215.0
이서윤,pH수집,전체,MIX532,,0.3002732762726725,0.25052408700216694,0.2601782726045249,0.3723178769331678,0.2932330827112539,216.0
이서윤,pH수집,전체,EyeIrritation6pack_PID602,,0.29646329427935214,0.26486546060647664,0.46797121422894683,0.373831390222011,0.197368421062948,217.0
이서윤,pH수집,전체,EyeIrritation6pack_PID621,,0.2923018108864953,0.31415143787637484,0.36368548307006004,0.6900980729615616,5.376103071524475e-12,218.0
이서윤,pH수집,전체,MIX320,,0.2923018108864953,0.31415143787637484,0.36368548307006004,0.6900980729615616,5.376103071524475e-12,219.0
이서윤,pH수집,전체,MIX421,,0.29001919132574694,0.4710161157104443,0.4352673124490869,0.5210053522466572,1.0194738825123865e-09,220.0
이서윤,pH수집,전체,MIX635,,0.2873922077451262,0.5641549573417863,0.6230885801883277,0.32998513755551223,1.2522439225987448e-11,221.0
이서윤,pH수집,전체,MIX950,,0.28296960163041884,0.08670871916282051,0.1742975153411569,0.24974665614431527,0.43984962407696626,222.0
이서윤,pH수집,전체,MIX429,,0.2806078953411474,0.429554394836719,0.20344579448306788,0.6521088553377347,7.613164484843962e-12,223.0
이서윤,pH수집,전체,MIX513,,0.27964269577113415,0.6727897700500485,0.07689714937037616,0.1865595050103144,0.22639318886080695,224.0
이서윤,pH수집,전체,EyeIrritation6pack_PID439,,0.27524776233364207,0.36477622340899135,0.5395911957899959,0.4817750219641835,1.5964913601742978e-11,225.0
이서윤,pH수집,전체,MIX218,,0.27524776233364207,0.36477622340899135,0.5395911957899959,0.4817750219641835,1.5964913601742978e-11,226.0
이서윤,pH수집,전체,EyeIrritation6pack_PID560,,0.2744911394491679,0.2803914550397713,0.5103570092385507,0.5595267613882878,1.1163429829733105e-11,227.0
이서윤,pH수집,전체,MIX438,,0.26890832216458815,0.49425093155147826,0.19443655319459616,0.1804888665699707,0.24509033779109007,228.0
이서윤,pH수집,전체,MIX609,,0.26392653924288234,0.19732713478300687,0.35417155965633235,0.3194195083512549,0.22639318886080695,229.0
이서윤,pH수집,전체,MIX340,,0.26389625288221763,0.1885270854481734,0.3141698824234104,0.36147314480639825,0.21872303710869517,230.0
이서윤,pH수집,전체,MIX353,,0.2613953142667322,0.22868620515062174,0.13228898522738045,0.3558067319005533,0.2654264972855907,231.0
이서윤,pH수집,전체,MIX408,,0.25922426161306006,0.17510465908756048,0.43583693595681766,0.370091242959309,0.16204986150516473,232.0
이서윤,pH수집,전체,MIX599,,0.2592002369073576,0.30221393871830127,0.6967791147782149,0.3735504623234544,5.376103071524475e-12,233.0
이서윤,pH수집,전체,EyeIrritation6pack_PID456,,0.25864312993911537,0.3682654329913232,0.43779457708742947,0.3329834361513546,0.09055727554927342,234.0
이서윤,pH수집,전체,EyeIrritation6pack_PID1043,,0.25766064302098385,0.3968761767772525,0.5053959273719102,0.40914884596597983,4.6897047649062006e-12,235.0
이서윤,pH수집,전체,MIX419,,0.254759646499531,0.2471817530845954,0.5954892966630515,0.4573192055954042,1.0194738825123865e-09,236.0
이서윤,pH수집,전체,MIX319,,0.25266655761934514,0.03162470463147012,0.17374328988819482,0.35010493604161685,0.32655502392921937,237.0
이서윤,pH수집,전체,EyeIrritation6pack_PID462,,0.2433880477141951,0.3052556673673228,0.49647201041975725,0.42762240194242024,1.2522439225987448e-11,238.0
이서윤,pH수집,전체,MIX212,,0.2433880477141951,0.3052556673673228,0.49647201041975725,0.42762240194242024,1.2522439225987448e-11,239.0
이서윤,pH수집,전체,MIX361,,0.24286900838501468,0.29177049082260725,0.2557419209127683,0.18412300544859422,0.25207756233516554,240.0
이서윤,pH수집,전체,MIX316,,0.2423704042948339,0.6076685995937579,0.3223716334097475,0.2988043544677455,4.193706785372776e-12,241.0
이서윤,pH수집,전체,MIX388,,0.24206573483212304,0.14667497193282786,0.5155065234278507,0.3912045814192364,0.08924485129303183,242.0
이서윤,pH수집,전체,MIX411,,0.24196198329635998,0.3366594460504111,0.07181984310358755,0.30729997693798716,0.21872303710869517,243.0
이서윤,pH수집,전체,MIX459,,0.23827879246479747,0.2418154050078233,0.395263555698627,0.3389957534386499,0.11278195489111047,244.0
이서윤,pH수집,전체,MIX795,,0.23810068643967422,0.38330692384450804,0.1383752519204179,0.4200387046789997,0.08924485129303183,245.0
이서윤,pH수집,전체,MIX533,,0.23156900039329362,0.222164707694251,0.541311784454376,0.4175648698052327,4.6897047649062006e-12,246.0
이서윤,pH수집,전체,MIX121,,0.22835813533275226,0.3350528809421922,0.37240340993824556,0.4196838592242191,1.7593970140541364e-11,247.0
이서윤,pH수집,전체,MIX839,,0.22835198099970644,0.35762101548957714,0.08973513243046931,0.4090856883727386,0.10263157903352779,248.0
이서윤,pH수집,전체,EyeIrritation6pack_PID616,,0.2267735282650199,0.3452061532104185,0.16550947536199084,0.2941661338783063,0.14967105264392333,249.0
이서윤,pH수집,전체,MIX473,,0.22215790739408234,0.20744059227717113,0.19446264860007953,0.3087919549965441,0.18421052633167595,250.0
이서윤,pH수집,전체,MIX563,,0.22116354332902036,0.562285381190778,0.27594368310347983,0.2775432612274277,1.5964913601742978e-11,251.0
이서윤,pH수집,전체,MIX317,,0.22070229737598962,0.06751823102082173,0.062204301634810825,0.5402363575425778,0.14967105264392333,252.0
이서윤,pH수집,전체,MIX641,,0.20983971371456334,0.1472115705343145,0.548007787219896,0.3851931128156016,3.7780392849505537e-11,253.0
이서윤,pH수집,전체,MIX132,,0.20268062901200912,0.3826070095989783,0.331139079091824,0.308025721070581,1.1818265664416908e-11,254.0
이서윤,pH수집,전체,MIX11,,0.20134583131904668,0.31614834051958857,0.3179324211351744,0.36058996671876653,1.368421165863684e-11,255.0
이서윤,pH수집,전체,MIX580,,0.19614164954849972,0.0974306365169766,0.596439596785312,0.3406298308564061,4.7174615091778156e-11,256.0
이서윤,pH수집,전체,EyeIrritation6pack_PID110,,0.19574373746706167,0.4466620165523079,0.3837249795241692,0.2017754858970403,9.578959555439987e-11,257.0
이서윤,pH수집,전체,EyeIrritation6pack_PID47,,0.19439207631569205,0.36871463384763087,0.2577424039770716,0.2581834826472426,0.04561403510295194,258.0
이서윤,pH수집,전체,MIX6,,0.19279678665307182,0.36871463384763087,0.2625896378753426,0.2491003409490215,0.04561403510295194,259.0
이서윤,pH수집,전체,MIX392,,0.18454135508525069,0.18015160279329068,0.3430767271655971,0.3824798916808497,1.648324459390874e-11,260.0
이서윤,pH수집,전체,MIX41,,0.18160887801614942,0.38172502065804215,0.3789211258853075,0.1982871920341107,9.578959555439987e-11,261.0
이서윤,pH수집,전체,MIX482,,0.18127429256376798,0.27502149753056704,0.19528176400153768,0.38548734281714725,1.0194738825123865e-09,262.0
이서윤,pH수집,전체,EyeIrritation6pack_PID49,,0.17473376657251255,0.21120386311906642,0.2580252402166373,0.3709800587270492,1.7025731701778858e-11,263.0
이서윤,pH수집,전체,MIX540,,0.171386495814862,0.1295242281741054,0.2627234913939309,0.21982788246216198,0.1260387811731645,264.0
이서윤,pH수집,전체,EyeIrritation6pack_PID651,,0.1713839553344213,0.3374251394042657,0.47870746712108153,0.13288509488083677,4.193706785372776e-12,265.0
이서윤,pH수집,전체,MIX588,,0.1690897344797711,0.17204879154060929,0.2597015754756411,0.23604901213622623,0.09055727554927342,266.0
이서윤,pH수집,전체,MIX338,,0.16609767863610594,0.08447553978321722,0.3778552881009136,0.1652079016827458,0.1260387811731645,267.0
이서윤,pH수집,전체,MIX598,,0.16338944531741093,0.26928207792141784,0.4583133088012755,0.16496201153573517,7.613164484843962e-12,268.0
이서윤,pH수집,전체,MIX663,,0.16170949777155946,0.15165044311416154,0.2815683316821074,0.27986026329175434,0.04561403510295194,269.0
이서윤,pH수집,전체,EyeIrritation6pack_PID1008,,0.15331617561872765,0.3527003858309261,0.28643270691827244,0.16421765462089813,4.6897047649062006e-12,270.0
이서윤,pH수집,전체,MIX523,,0.15331617561872765,0.3527003858309261,0.28643270691827244,0.16421765462089813,4.6897047649062006e-12,271.0
이서윤,pH수집,전체,EyeIrritation6pack_PID48,,0.15272873269887158,0.14856368249695545,0.21148164547643253,0.28844506597250863,0.04561403510295194,272.0
이서윤,pH수집,전체,MIX796,,0.14993359273399684,0.1649704302206056,0.10806585563040855,0.2580422407040912,0.08924485129303183,273.0
이서윤,pH수집,전체,MIX534,,0.13697940905515626,0.3607200661509621,0.24673098759623677,0.11782973193121471,9.578959555439987e-11,274.0
이서윤,pH수집,전체,MIX664,,0.11414485651292498,0.28471714932447184,0.15612516438855945,0.1392882753762019,9.578959555439987e-11,275.0
이서윤,pH수집,전체,MIX236,,0.10456095839398521,0.13048835350582752,0.18204578157979132,0.06124664962458878,0.09055727554927342,276.0
이서윤,pH수집,전체,MIX238,,0.10151475458367393,0.13850309872457653,0.15937285877906673,0.0566941236429525,0.09055727554927342,277.0
이서윤,pH수집,전체,MIX239,,0.09658039899833001,0.09885108122430279,0.11298646745888888,0.09460454458426544,0.09055727554927342,278.0
이서윤,pH수집,전체,MIX634,,0.06945330467083793,0.08931982275426786,0.10603846324578824,0.0,0.09055727554927342,279.0
이서윤,pH수집,전체,MIX633,,0.06519950163939159,0.05276358768172525,0.07432712924622745,0.029587673007946045,0.09055727554927342,280.0
정채윤,GHS조사,전체,EyeIrritation6pack_PID134,5915-41-3,0.6912052024891263,,,,,1.0
정채윤,GHS조사,전체,Cancer_PID_97,57-14-7,0.6651976813983342,,,,,2.0
정채윤,GHS조사,전체,MIX927,23132-17-4,0.6486659830010748,,,,,3.0
정채윤,GHS조사,전체,MIX927,75-05-8,0.6486659830010748,,,,,4.0
정채윤,GHS조사,전체,EyeIrritation6pack_PID1028,57-55-6,0.6359994388467365,,,,,5.0
정채윤,GHS조사,전체,EyeIrritation6pack_PID419,107-21-1,0.6359994388467365,,,,,6.0
정채윤,GHS조사,전체,EyeIrritation6pack_PID463,66332-96-5,0.6359994388467365,,,,,7.0
정채윤,GHS조사,전체,EyeIrritation6pack_PID124,210631-68-8,0.6336173753449585,,,,,8.0
정채윤,GHS조사,전체,EyeIrritation6pack_PID116,139968-49-3,0.6335293225777775,,,,,9.0
정채윤,GHS조사,전체,EyeIrritation6pack_PID692,66215-27-8,0.6190606642769179,,,,,10.0
정채윤,GHS조사,전체,EyeIrritation6pack_PID893,56425-91-3,0.6147260414601645,,,,,11.0
정채윤,GHS조사,전체,EyeIrritation6pack_PID893,76738-62-0,0.6147260414601645,,,,,12.0
정채윤,GHS조사,전체,EyeIrritation6pack_PID893,95266-40-3,0.6147260414601645,,,,,13.0
정채윤,GHS조사,전체,EyeIrritation6pack_PID900,93-15-2,0.6142950549413648,,,,,14.0
정채윤,GHS조사,전체,MIX838,572912-13-1,0.6125174877767602,,,,,15.0
정채윤,GHS조사,전체,EyeIrritation6pack_PID154,108-32-7,0.6094816661216782,,,,,16.0
정채윤,GHS조사,전체,EyeIrritation6pack_PID1008,107534-96-3,0.6061503846551791,,,,,17.0
정채윤,GHS조사,전체,EyeIrritation6pack_PID17,23564-05-8,0.6061503846551791,,,,,18.0
정채윤,GHS조사,전체,EyeIrritation6pack_PID173,1897-45-6,0.6061503846551791,,,,,19.0
정채윤,GHS조사,전체,EyeIrritation6pack_PID396,36734-19-7,0.6061503846551791,,,,,20.0
정채윤,GHS조사,전체,EyeIrritation6pack_PID1059,7722-84-1,0.5957319961144152,,,,,21.0
정채윤,GHS조사,전체,EyeIrritation6pack_PID1059,79-21-0,0.5957319961144152,,,,,22.0
정채윤,GHS조사,전체,MIX642,3619-17-8,0.5905656406413808,,,,,23.0
정채윤,GHS조사,전체,MIX63,149979-41-9,0.5875226337597649,,,,,24.0
정채윤,GHS조사,전체,EyeIrritation6pack_PID101,317815-83-1,0.5864170826558393,,,,,25.0
정채윤,GHS조사,전체,EyeIrritation6pack_PID377,1918-00-9,0.5864170826558393,,,,,26.0
정채윤,GHS조사,전체,EyeIrritation6pack_PID592,950782-86-2,0.5864170826558393,,,,,27.0
정채윤,GHS조사,전체,EyeIrritation6pack_PID594,74223-64-6,0.5864170826558393,,,,,28.0
정채윤,GHS조사,전체,EyeIrritation6pack_PID107,1317-65-3,0.5794647328333343,,,,,29.0
정채윤,GHS조사,전체,EyeIrritation6pack_PID505,112926-00-8,0.5790815978929553,,,,,30.0
정채윤,GHS조사,전체,EyeIrritation6pack_PID608,7173-51-5,0.5790815978929553,,,,,31.0
정채윤,GHS조사,전체,EyeIrritation6pack_PID1016,134-62-3,0.576407858745724,,,,,32.0
정채윤,GHS조사,전체,EyeIrritation6pack_PID131,52645-53-1,0.576407858745724,,,,,33.0
정채윤,GHS조사,전체,EyeIrritation6pack_PID224,113-48-4,0.576407858745724,,,,,34.0
정채윤,GHS조사,전체,EyeIrritation6pack_PID489,88-04-0,0.5743224946152411,,,,,35.0
정채윤,GHS조사,전체,EyeIrritation6pack_PID804,22248-79-9,0.5723446158824819,,,,,36.0
정채윤,GHS조사,전체,EyeIrritation6pack_PID40,30560-19-1,0.5658476261900416,,,,,37.0
정채윤,GHS조사,전체,EyeIrritation6pack_PID1020,40487-42-1,0.5620153474686158,,,,,38.0
정채윤,GHS조사,전체,EyeIrritation6pack_PID663,3567-25-7,0.5609142189513935,,,,,39.0
정채윤,GHS조사,전체,Cancer_PID_9,121-14-2,0.5606246621936981,,,,,40.0
정채윤,GHS조사,전체,Cancer_PID_9,606-20-2,0.5606246621936981,,,,,41.0
정채윤,GHS조사,전체,EyeIrritation6pack_PID505,6834-92-0,0.5582877560979289,,,,,42.0
정채윤,GHS조사,전체,EyeIrritation6pack_PID505,68551-12-2,0.5582877560979289,,,,,43.0
정채윤,GHS조사,전체,EyeIrritation6pack_PID505,9004-32-4,0.5582877560979289,,,,,44.0
정채윤,GHS조사,전체,EyeIrritation6pack_PID505,161050-58-4,0.5582877560979289,,,,,45.0
정채윤,GHS조사,전체,EyeIrritation6pack_PID76,129909-90-6,0.5523907058986648,,,,,46.0
정채윤,GHS조사,전체,EyeIrritation6pack_PID306,28159-98-0,0.5514504028899085,,,,,47.0
정채윤,GHS조사,전체,EyeIrritation6pack_PID1025,125116-23-6,0.5510473526206963,,,,,48.0
정채윤,GHS조사,전체,EyeIrritation6pack_PID1028,175013-18-0,0.5510473526206963,,,,,49.0
정채윤,GHS조사,전체,EyeIrritation6pack_PID865,874967-67-6,0.5490516775836153,,,,,50.0
정채윤,GHS조사,전체,EyeIrritation6pack_PID1013,35367-38-5,0.5469316324521161,,,,,51.0
정채윤,GHS조사,전체,EyeIrritation6pack_PID1005,2634-33-5,0.5466315717954693,,,,,52.0
정채윤,GHS조사,전체,EyeIrritation6pack_PID1045,137-20-2,0.5466315717954693,,,,,53.0
정채윤,GHS조사,전체,EyeIrritation6pack_PID75,834-12-8,0.5445311129288166,,,,,54.0
정채윤,GHS조사,전체,EyeIrritation6pack_PID413,78330-21-9,0.5438696255800146,,,,,55.0
정채윤,GHS조사,전체,EyeIrritation6pack_PID173,119446-68-3,0.5415147110556806,,,,,56.0
정채윤,GHS조사,전체,EyeIrritation6pack_PID53,148-79-8,0.5388335770115313,,,,,57.0
정채윤,GHS조사,전체,EyeIrritation6pack_PID228,39148-24-8,0.5340390224060888,,,,,58.0
정채윤,GHS조사,전체,EyeIrritation6pack_PID676,203313-25-1,0.5332075243221089,,,,,59.0
정채윤,GHS조사,전체,EyeIrritation6pack_PID699,272451-65-7,0.5307456471386343,,,,,60.0
정채윤,GHS조사,전체,MIX584,20193-20-8,0.5299582071402686,,,,,61.0
정채윤,GHS조사,전체,EyeIrritation6pack_PID241,122008-85-9,0.5294457943229073,,,,,62.0
정채윤,GHS조사,전체,EyeIrritation6pack_PID474,98886-44-3,0.5273209385393136,,,,,63.0
정채윤,GHS조사,전체,EyeIrritation6pack_PID42,57960-19-7,0.527197581189597,,,,,64.0
정채윤,GHS조사,전체,MIX156,163520-33-0,0.5240997228967971,,,,,65.0
정채윤,GHS조사,전체,EyeIrritation6pack_PID770,149877-41-8,0.523936546300245,,,,,66.0
정채윤,GHS조사,전체,EyeIrritation6pack_PID480,121-75-5,0.523184646702216,,,,,67.0
정채윤,GHS조사,전체,EyeIrritation6pack_PID1044,57754-85-5,0.5224159946018688,,,,,68.0
정채윤,GHS조사,전체,EyeIrritation6pack_PID1044,81406-37-3,0.5224159946018688,,,,,69.0
정채윤,GHS조사,전체,EyeIrritation6pack_PID503,79277-27-3,0.5224159946018688,,,,,70.0
정채윤,GHS조사,전체,EyeIrritation6pack_PID1039,5234-68-4,0.5224034485067167,,,,,71.0
정채윤,GHS조사,전체,EyeIrritation6pack_PID1039,57837-19-1,0.5224034485067167,,,,,72.0
정채윤,GHS조사,전체,EyeIrritation6pack_PID303,137-26-8,0.5224034485067167,,,,,73.0
정채윤,GHS조사,전체,EyeIrritation6pack_PID694,123-33-1,0.5207937239621145,,,,,74.0
정채윤,GHS조사,전체,EyeIrritation6pack_PID270,131341-86-1,0.5181932495874834,,,,,75.0
정채윤,GHS조사,전체,EyeIrritation6pack_PID58,68585-47-7,0.5161312488282748,,,,,76.0
정채윤,GHS조사,전체,EyeIrritation6pack_PID58,27519-02-4,0.5161312488282748,,,,,77.0
정채윤,GHS조사,전체,EyeIrritation6pack_PID223,32351-70-5,0.515132101103174,,,,,78.0
정채윤,GHS조사,전체,EyeIrritation6pack_PID654,116-06-3,0.5115407334504083,,,,,79.0
정채윤,GHS조사,전체,EyeIrritation6pack_PID281,120116-88-3,0.5109424288741626,,,,,80.0
정채윤,GHS조사,전체,EyeIrritation6pack_PID1007,330-54-1,0.5095117732919091,,,,,81.0
정채윤,GHS조사,전체,EyeIrritation6pack_PID218,131983-72-7,0.5085397200093658,,,,,82.0
정채윤,GHS조사,전체,MIX790,7647-01-0,0.5080023190325924,,,,,83.0
정채윤,GHS조사,전체,MIX790,77-92-9,0.5080023190325924,,,,,84.0
정채윤,GHS조사,전체,EyeIrritation6pack_PID1034,533-74-4,0.5069212302493611,,,,,85.0
정채윤,GHS조사,전체,MIX785,110-80-5,0.5067550035607187,,,,,86.0
정채윤,GHS조사,전체,EyeIrritation6pack_PID406,13194-48-4,0.506438342460606,,,,,87.0
정채윤,GHS조사,전체,MIX858,99-76-3,0.506223006782185,,,,,88.0
정채윤,GHS조사,전체,EyeIrritation6pack_PID107,131860-33-8,0.5052045625397371,,,,,89.0
정채윤,GHS조사,전체,EyeIrritation6pack_PID1051,104-55-2,0.5039969853036662,,,,,90.0
정채윤,GHS조사,전체,EyeIrritation6pack_PID1005,64742-47-8,0.5026423014864857,,,,,91.0
정채윤,GHS조사,전체,EyeIrritation6pack_PID687,7681-52-9,0.4995560693360263,,,,,92.0
정채윤,GHS조사,전체,EyeIrritation6pack_PID737,494793-67-8,0.49895190057334116,,,,,93.0
정채윤,GHS조사,전체,EyeIrritation6pack_PID744,178928-70-6,0.49895190057334116,,,,,94.0
정채윤,GHS조사,전체,EyeIrritation6pack_PID593,10007-85-9,0.4989217484350684,,,,,95.0
정채윤,GHS조사,전체,EyeIrritation6pack_PID593,66423-05-0,0.4989217484350684,,,,,96.0
정채윤,GHS조사,전체,EyeIrritation6pack_PID380,122836-35-5,0.498403867596105,,,,,97.0
정채윤,GHS조사,전체,EyeIrritation6pack_PID380,219714-96-2,0.498403867596105,,,,,98.0
정채윤,GHS조사,전체,MIX672,111988-49-9,0.49545857882345046,,,,,99.0
정채윤,GHS조사,전체,Cancer_PID_1057,1330-20-7,0.4948693746682815,,,,,100.0
정채윤,GHS조사,전체,Cancer_PID_1057,100-41-4,0.4948693746682815,,,,,101.0
정채윤,GHS조사,전체,EyeIrritation6pack_PID875,8050-09-7,0.4948693746682815,,,,,102.0
정채윤,GHS조사,전체,EyeIrritation6pack_PID875,1314-13-2,0.4948693746682815,,,,,103.0
정채윤,GHS조사,전체,EyeIrritation6pack_PID875,108-10-1,0.4948693746682815,,,,,104.0
정채윤,GHS조사,전체,EyeIrritation6pack_PID875,25154-85-2,0.4948693746682815,,,,,105.0
정채윤,GHS조사,전체,EyeIrritation6pack_PID875,1317-38-0,0.4948693746682815,,,,,106.0
정채윤,GHS조사,전체,EyeIrritation6pack_PID875,7440-50-8,0.4948693746682815,,,,,107.0
정채윤,GHS조사,전체,EyeIrritation6pack_PID1029,103361-09-7,0.4910605783467963,,,,,108.0
정채윤,GHS조사,전체,EyeIrritation6pack_PID464,76674-21-0,0.4882074604871143,,,,,109.0
정채윤,GHS조사,전체,EyeIrritation6pack_PID618,35554-44-0,0.4880802994729223,,,,,110.0
정채윤,GHS조사,전체,EyeIrritation6pack_PID771,26530-20-1,0.4879934572556689,,,,,111.0
정채윤,GHS조사,전체,EyeIrritation6pack_PID283,180409-60-3,0.48709648860567156,,,,,112.0
정채윤,GHS조사,전체,EyeIrritation6pack_PID123,865318-97-4,0.4867389759950861,,,,,113.0
정채윤,GHS조사,전체,EyeIrritation6pack_PID1044,75-09-0,0.4867174763462706,,,,,114.0
정채윤,GHS조사,전체,EyeIrritation6pack_PID1044,29450-45-1,0.4867174763462706,,,,,115.0
정채윤,GHS조사,전체,EyeIrritation6pack_PID1013,91465-08-6,0.48613510103931484,,,,,116.0
정채윤,GHS조사,전체,EyeIrritation6pack_PID412,10605-21-7,0.48563655232207936,,,,,117.0
정채윤,GHS조사,전체,MIX807,7782-50-5,0.48031672683556165,,,,,118.0
정채윤,GHS조사,전체,EyeIrritation6pack_PID226,82-66-6,0.48003160031531555,,,,,119.0
정채윤,GHS조사,전체,EyeIrritation6pack_PID445,188489-07-8,0.47969766171633554,,,,,120.0
정채윤,GHS조사,전체,EyeIrritation6pack_PID877,28772-56-7,0.4796946146043206,,,,,121.0
정채윤,GHS조사,전체,EyeIrritation6pack_PID438,7631-86-9,0.47627101178871756,,,,,122.0
정채윤,GHS조사,전체,EyeIrritation6pack_PID1031,62-73-7,0.4722018255552809,,,,,123.0
정채윤,GHS조사,전체,EyeIrritation6pack_PID107,108-95-2,0.4722018255552809,,,,,124.0
정채윤,GHS조사,전체,EyeIrritation6pack_PID217,21087-64-9,0.4720018912029156,,,,,125.0
정채윤,GHS조사,전체,EyeIrritation6pack_PID217,1332-58-7,0.4720018912029156,,,,,126.0
정채윤,GHS조사,전체,EyeIrritation6pack_PID776,29091-21-2,0.47111115593919417,,,,,127.0
정채윤,GHS조사,전체,EyeIrritation6pack_PID354,146659-78-1,0.47098391004579243,,,,,128.0
정채윤,GHS조사,전체,Cancer_PID_1057,98-82-8,0.47081603103860753,,,,,129.0
정채윤,GHS조사,전체,EyeIrritation6pack_PID100,144550-36-7,0.46820404814703154,,,,,130.0
정채윤,GHS조사,전체,EyeIrritation6pack_PID18,6393-42-6,0.46656163154125796,,,,,131.0
정채윤,GHS조사,전체,EyeIrritation6pack_PID1026,52918-63-5,0.4657176399052359,,,,,132.0
정채윤,GHS조사,전체,EyeIrritation6pack_PID1026,153233-91-1,0.4657176399052359,,,,,133.0
정채윤,GHS조사,전체,EyeIrritation6pack_PID1026,39515-41-8,0.4657176399052359,,,,,134.0
정채윤,GHS조사,전체,MIX802,7705-08-0,0.4657133147370869,,,,,135.0
정채윤,GHS조사,전체,EyeIrritation6pack_PID41,7757-82-6,0.46244970801332336,,,,,136.0
정채윤,GHS조사,전체,EyeIrritation6pack_PID41,26361-40-5,0.46244970801332336,,,,,137.0
정채윤,GHS조사,전체,EyeIrritation6pack_PID41,9003-39-8,0.46244970801332336,,,,,138.0
정채윤,GHS조사,전체,EyeIrritation6pack_PID377,128639-02-1,0.4619456622705541,,,,,139.0
정채윤,GHS조사,전체,EyeIrritation6pack_PID377,16484-77-8,0.4619456622705541,,,,,140.0
정채윤,GHS조사,전체,EyeIrritation6pack_PID287,57966-95-7,0.46126735915362266,,,,,141.0
정채윤,GHS조사,전체,EyeIrritation6pack_PID131,51-03-6,0.4595800396557086,,,,,142.0
정채윤,GHS조사,전체,EyeIrritation6pack_PID411,7786-80-3,0.4595800396557086,,,,,143.0
정채윤,GHS조사,전체,EyeIrritation6pack_PID329,112281-77-3,0.45732113868638913,,,,,144.0
정채윤,GHS조사,전체,EyeIrritation6pack_PID270,70630-17-0,0.45492975211308473,,,,,145.0
정채윤,GHS조사,전체,EyeIrritation6pack_PID501,25036-25-3,0.45481227692542403,,,,,146.0
정채윤,GHS조사,전체,EyeIrritation6pack_PID501,64742-95-6,0.45481227692542403,,,,,147.0
정채윤,GHS조사,전체,EyeIrritation6pack_PID501,107-98-2,0.45481227692542403,,,,,148.0
정채윤,GHS조사,전체,EyeIrritation6pack_PID501,78-83-1,0.45481227692542403,,,,,149.0
정채윤,GHS조사,전체,EyeIrritation6pack_PID501,7779-90-0,0.45481227692542403,,,,,150.0
정채윤,GHS조사,전체,EyeIrritation6pack_PID501,68002-19-7,0.45481227692542403,,,,,151.0
정채윤,GHS조사,전체,EyeIrritation6pack_PID121,141517-21-7,0.45462299173756376,,,,,152.0
정채윤,GHS조사,전체,EyeIrritation6pack_PID194,133-06-2,0.45462299173756376,,,,,153.0
정채윤,GHS조사,전체,EyeIrritation6pack_PID1055,98967-40-9,0.4527631358436677,,,,,154.0
정채윤,GHS조사,전체,EyeIrritation6pack_PID443,142459-58-3,0.45034940168408444,,,,,155.0
정채윤,GHS조사,전체,EyeIrritation6pack_PID551,732-11-6,0.44880517327567315,,,,,156.0
정채윤,GHS조사,전체,MIX21,11067-82-6,0.4472073109757332,,,,,157.0
정채윤,GHS조사,전체,EyeIrritation6pack_PID1005,6440-58-0,0.44634810845739253,,,,,158.0
정채윤,GHS조사,전체,EyeIrritation6pack_PID1005,67-47-0,0.44634810845739253,,,,,159.0
정채윤,GHS조사,전체,EyeIrritation6pack_PID629,8042-47-5,0.44634810845739253,,,,,160.0
정채윤,GHS조사,전체,MIX518,123-95-5,0.44634810845739253,,,,,161.0
정채윤,GHS조사,전체,MIX518,8009-03-8,0.44634810845739253,,,,,162.0
정채윤,GHS조사,전체,MIX518,64742-54-7,0.44634810845739253,,,,,163.0
정채윤,GHS조사,전체,EyeIrritation6pack_PID224,106-97-8,0.4448152779641266,,,,,164.0
정채윤,GHS조사,전체,EyeIrritation6pack_PID224,74-98-6,0.4448152779641266,,,,,165.0
정채윤,GHS조사,전체,EyeIrritation6pack_PID631,65733-18-8,0.4448152779641266,,,,,166.0
정채윤,GHS조사,전체,EyeIrritation6pack_PID631,41096-46-2,0.4448152779641266,,,,,167.0
정채윤,GHS조사,전체,EyeIrritation6pack_PID104,243973-20-8,0.44412985046916037,,,,,168.0
정채윤,GHS조사,전체,EyeIrritation6pack_PID3,104206-82-8,0.4398594396171212,,,,,169.0
정채윤,GHS조사,전체,EyeIrritation6pack_PID907,213464-77-8,0.43893752474741465,,,,,170.0
정채윤,GHS조사,전체,EyeIrritation6pack_PID1054,422556-08-9,0.43636802990607515,,,,,171.0
정채윤,GHS조사,전체,EyeIrritation6pack_PID1007,4719-04-4,0.4359969274094998,,,,,172.0
정채윤,GHS조사,전체,EyeIrritation6pack_PID1007,141-43-5,0.4359969274094998,,,,,173.0
정채윤,GHS조사,전체,EyeIrritation6pack_PID242,101200-48-0,0.4349764111191564,,,,,174.0
정채윤,GHS조사,전체,MIX647,118-52-5,0.43422065146633954,,,,,175.0
정채윤,GHS조사,전체,EyeIrritation6pack_PID142,13684-56-5,0.43288090962268555,,,,,176.0
정채윤,GHS조사,전체,EyeIrritation6pack_PID142,13684-63-4,0.43288090962268555,,,,,177.0
정채윤,GHS조사,전체,EyeIrritation6pack_PID419,102851-06-9,0.43139512046677053,,,,,178.0
정채윤,GHS조사,전체,MIX788,1643-20-5,0.4305766312424253,,,,,179.0
정채윤,GHS조사,전체,EyeIrritation6pack_PID801,114-26-1,0.4299415358309976,,,,,180.0
정채윤,GHS조사,전체,EyeIrritation6pack_PID801,72490-01-8,0.4299415358309976,,,,,181.0
정채윤,GHS조사,전체,EyeIrritation6pack_PID817,374726-62-2,0.428302454901028,,,,,182.0
정채윤,GHS조사,전체,EyeIrritation6pack_PID469,133-07-3,0.425968367814373,,,,,183.0
정채윤,GHS조사,전체,EyeIrritation6pack_PID102,67485-29-4,0.424861740782458,,,,,184.0
정채윤,GHS조사,전체,EyeIrritation6pack_PID131,68359-37-5,0.4243186024446487,,,,,185.0
정채윤,GHS조사,전체,EyeIrritation6pack_PID669,141776-32-1,0.4241837260030257,,,,,186.0
정채윤,GHS조사,전체,EyeIrritation6pack_PID1019,52315-07-8,0.4240787105715339,,,,,187.0
정채윤,GHS조사,전체,EyeIrritation6pack_PID677,7696-12-0,0.4240787105715339,,,,,188.0
정채윤,GHS조사,전체,EyeIrritation6pack_PID23,20427-59-2,0.4223498410685144,,,,,189.0
정채윤,GHS조사,전체,EyeIrritation6pack_PID23,94361-06-5,0.4223498410685144,,,,,190.0
정채윤,GHS조사,전체,MIX782,6419-19-8,0.4215307291503996,,,,,191.0
정채윤,GHS조사,전체,EyeIrritation6pack_PID829,16752-77-5,0.4181790698603568,,,,,192.0
정채윤,GHS조사,전체,EyeIrritation6pack_PID319,60-51-5,0.4176734381751561,,,,,193.0
정채윤,GHS조사,전체,EyeIrritation6pack_PID319,108-94-1,0.4176734381751561,,,,,194.0
정채윤,GHS조사,전체,EyeIrritation6pack_PID1011,2921-88-2,0.41692375493220085,,,,,195.0
정채윤,GHS조사,전체,EyeIrritation6pack_PID1011,64742-94-5,0.4161737633478362,,,,,196.0
정채윤,GHS조사,전체,EyeIrritation6pack_PID1011,91-20-3,0.4161737633478362,,,,,197.0
정채윤,GHS조사,전체,EyeIrritation6pack_PID1039,125225-28-7,0.4161737633478362,,,,,198.0
정채윤,GHS조사,전체,EyeIrritation6pack_PID578,95-63-6,0.4161737633478362,,,,,199.0
정채윤,GHS조사,전체,EyeIrritation6pack_PID977,99129-21-2,0.4161737633478362,,,,,200.0
정채윤,GHS조사,전체,EyeIrritation6pack_PID716,181274-15-7,0.415640187907394,,,,,201.0
정채윤,GHS조사,전체,EyeIrritation6pack_PID286,68085-85-8,0.414212520731854,,,,,202.0
정채윤,GHS조사,전체,EyeIrritation6pack_PID704,79277-67-1,0.41393246953670293,,,,,203.0
정채윤,GHS조사,전체,EyeIrritation6pack_PID751,135397-30-7,0.41393246953670293,,,,,204.0
정채윤,GHS조사,전체,EyeIrritation6pack_PID413,71283-80-2,0.4133558018136585,,,,,205.0
정채윤,GHS조사,전체,EyeIrritation6pack_PID413,135590-91-9,0.4133558018136585,,,,,206.0
정채윤,GHS조사,전체,EyeIrritation6pack_PID413,149253-65-6,0.4133558018136585,,,,,207.0
정채윤,GHS조사,전체,EyeIrritation6pack_PID1011,68953-96-8,0.412338965850362,,,,,208.0
정채윤,GHS조사,전체,EyeIrritation6pack_PID814,5598-13-0,0.412338965850362,,,,,209.0
정채윤,GHS조사,전체,EyeIrritation6pack_PID814,128-37-0,0.412338965850362,,,,,210.0
정채윤,GHS조사,전체,EyeIrritation6pack_PID814,2402-79-1,0.412338965850362,,,,,211.0
정채윤,GHS조사,전체,EyeIrritation6pack_PID457,239110-15-7,0.41202802648620707,,,,,212.0
정채윤,GHS조사,전체,EyeIrritation6pack_PID535,94-75-7,0.4089448046254406,,,,,213.0
정채윤,GHS조사,전체,EyeIrritation6pack_PID903,1689-99-2,0.4087124872042547,,,,,214.0
정채윤,GHS조사,전체,EyeIrritation6pack_PID806,1982-69-0,0.4082602104397084,,,,,215.0
정채윤,GHS조사,전체,EyeIrritation6pack_PID777,127277-53-6,0.4070969496886608,,,,,216.0
정채윤,GHS조사,전체,EyeIrritation6pack_PID1053,2758-42-1,0.4065158375108292,,,,,217.0
정채윤,GHS조사,전체,EyeIrritation6pack_PID370,88671-89-0,0.4060860528570726,,,,,218.0
정채윤,GHS조사,전체,EyeIrritation6pack_PID101,68425-94-5,0.4054100882418957,,,,,219.0
정채윤,GHS조사,전체,EyeIrritation6pack_PID523,15630-89-4,0.4048604548970367,,,,,220.0
정채윤,GHS조사,전체,EyeIrritation6pack_PID382,91078-64-7,0.4038285508409666,,,,,221.0
정채윤,GHS조사,전체,EyeIrritation6pack_PID382,105859-97-0,0.4038285508409666,,,,,222.0
정채윤,GHS조사,전체,EyeIrritation6pack_PID536,55335-06-3,0.40275771750089717,,,,,223.0
정채윤,GHS조사,전체,MIX349,2032-65-7,0.40229938544338656,,,,,224.0
정채윤,GHS조사,전체,MIX857,80-26-2,0.3987621408660729,,,,,225.0
정채윤,GHS조사,전체,EyeIrritation6pack_PID77,150114-71-9,0.39463306454186575,,,,,226.0
정채윤,GHS조사,전체,EyeIrritation6pack_PID398,16672-87-0,0.3919030675128417,,,,,227.0
정채윤,GHS조사,전체,EyeIrritation6pack_PID125,907204-31-3,0.39130514751802115,,,,,228.0
정채윤,GHS조사,전체,EyeIrritation6pack_PID553,173584-44-6,0.3896244242809528,,,,,229.0
정채윤,GHS조사,전체,EyeIrritation6pack_PID739,16961-83-4,0.38932115692867675,,,,,230.0
정채윤,GHS조사,전체,EyeIrritation6pack_PID933,65997-15-1,0.3885879836391525,,,,,231.0
정채윤,GHS조사,전체,EyeIrritation6pack_PID933,13397-24-5,0.3885879836391525,,,,,232.0
정채윤,GHS조사,전체,EyeIrritation6pack_PID1011,71-36-3,0.38747178649790603,,,,,233.0
정채윤,GHS조사,전체,EyeIrritation6pack_PID1048,12069-69-1,0.3873222685643902,,,,,234.0
정채윤,GHS조사,전체,EyeIrritation6pack_PID132,55965-84-9,0.3868841606634891,,,,,235.0
정채윤,GHS조사,전체,MIX647,16079-88-2,0.3863433634915916,,,,,236.0
정채윤,GHS조사,전체,MIX647,89415-87-2,0.3863433634915916,,,,,237.0
정채윤,GHS조사,전체,EyeIrritation6pack_PID330,29232-93-7,0.38139680885984295,,,,,238.0
정채윤,GHS조사,전체,EyeIrritation6pack_PID330,117-81-7,0.38139680885984295,,,,,239.0
정채윤,GHS조사,전체,MIX783,124-07-2,0.3788789078376874,,,,,240.0
정채윤,GHS조사,전체,MIX794,112-80-1,0.3788789078376874,,,,,241.0
정채윤,GHS조사,전체,EyeIrritation6pack_PID574,51707-55-2,0.37552707254172296,,,,,242.0
정채윤,GHS조사,전체,EyeIrritation6pack_PID274,10049-04-4,0.3739430344684875,,,,,243.0
정채윤,GHS조사,전체,EyeIrritation6pack_PID1039,11138-66-2,0.3722704630281907,,,,,244.0
정채윤,GHS조사,전체,EyeIrritation6pack_PID592,66423-09-4,0.3703275681902938,,,,,245.0
정채윤,GHS조사,전체,EyeIrritation6pack_PID996,76-87-9,0.36969650950416755,,,,,246.0
정채윤,GHS조사,전체,EyeIrritation6pack_PID1002,1582-09-8,0.3676397509464371,,,,,247.0
정채윤,GHS조사,전체,MIX785,9002-93-1,0.3656377330465606,,,,,248.0
정채윤,GHS조사,전체,EyeIrritation6pack_PID24,71751-41-2,0.3650960572753,,,,,249.0
정채윤,GHS조사,전체,EyeIrritation6pack_PID608,32426-11-2,0.36501978603348223,,,,,250.0
정채윤,GHS조사,전체,EyeIrritation6pack_PID608,5538-94-3,0.36501978603348223,,,,,251.0
정채윤,GHS조사,전체,EyeIrritation6pack_PID477,163515-14-8,0.36477257021746834,,,,,252.0
정채윤,GHS조사,전체,EyeIrritation6pack_PID477,87674-68-8,0.36477257021746834,,,,,253.0
정채윤,GHS조사,전체,EyeIrritation6pack_PID1061,156052-68-5,0.3637767042504063,,,,,254.0
정채윤,GHS조사,전체,EyeIrritation6pack_PID176,116255-48-2,0.3636120546804433,,,,,255.0
정채윤,GHS조사,전체,EyeIrritation6pack_PID179,24938-91-8,0.3636120546804433,,,,,256.0
정채윤,GHS조사,전체,EyeIrritation6pack_PID179,70528-83-5,0.3636120546804433,,,,,257.0
정채윤,GHS조사,전체,MIX981,84837-04-7,0.3543806682253453,,,,,258.0
정채윤,GHS조사,전체,MIX778,112-02-7,0.35433812138424775,,,,,259.0
정채윤,GHS조사,전체,EyeIrritation6pack_PID1027,122548-33-8,0.3542761253841758,,,,,260.0
정채윤,GHS조사,전체,EyeIrritation6pack_PID871,7727-43-1,0.3536644652809693,,,,,261.0
정채윤,GHS조사,전체,EyeIrritation6pack_PID924,101-68-8,0.3509088815256729,,,,,262.0
정채윤,GHS조사,전체,EyeIrritation6pack_PID924,9016-87-9,0.3509088815256729,,,,,263.0
정채윤,GHS조사,전체,EyeIrritation6pack_PID924,5873-54-1,0.3509088815256729,,,,,264.0
정채윤,GHS조사,전체,EyeIrritation6pack_PID675,67-63-0,0.3503585185271984,,,,,265.0
정채윤,GHS조사,전체,EyeIrritation6pack_PID923,94-09-7,0.3503585185271984,,,,,266.0
정채윤,GHS조사,전체,EyeIrritation6pack_PID369,52-68-6,0.3467851667460701,,,,,267.0
정채윤,GHS조사,전체,EyeIrritation6pack_PID675,78-93-3,0.3417754943690187,,,,,268.0
정채윤,GHS조사,전체,EyeIrritation6pack_PID675,68410-23-1,0.3417754943690187,,,,,269.0
정채윤,GHS조사,전체,EyeIrritation6pack_PID675,112-24-3,0.3417754943690187,,,,,270.0
정채윤,GHS조사,전체,EyeIrritation6pack_PID812,123-42-2,0.3394912604094004,,,,,271.0
정채윤,GHS조사,전체,MIX578,920-66-1,0.33791079830292536,,,,,272.0
정채윤,GHS조사,전체,MIX578,1861-40-1,0.33791079830292536,,,,,273.0
정채윤,GHS조사,전체,EyeIrritation6pack_PID678,75-28-5,0.3370241587532356,,,,,274.0
정채윤,GHS조사,전체,EyeIrritation6pack_PID806,82097-50-5,0.3336305901759428,,,,,275.0
정채윤,GHS조사,전체,EyeIrritation6pack_PID1033,125401-92-5,0.33135601182317687,,,,,276.0
정채윤,GHS조사,전체,EyeIrritation6pack_PID791,110-82-7,0.3227794829341114,,,,,277.0
정채윤,GHS조사,전체,EyeIrritation6pack_PID970,82-68-8,0.3219830397744954,,,,,278.0
정채윤,GHS조사,전체,EyeIrritation6pack_PID252,56-72-4,0.3219305241064581,,,,,279.0
정채윤,GHS조사,전체,EyeIrritation6pack_PID254,68477-31-6,0.3219305241064581,,,,,280.0
정채윤,GHS조사,전체,EyeIrritation6pack_PID49,52-51-7,0.321854513099006,,,,,281.0
정채윤,GHS조사,전체,MIX1012,68606-83-7,0.31693270985696853,,,,,282.0
정채윤,GHS조사,전체,EyeIrritation6pack_PID414,91-57-6,0.3168729742934732,,,,,283.0
정채윤,GHS조사,전체,EyeIrritation6pack_PID414,90-12-0,0.3168729742934732,,,,,284.0
정채윤,GHS조사,전체,EyeIrritation6pack_PID533,64742-56-9,0.3168729742934732,,,,,285.0
정채윤,GHS조사,전체,EyeIrritation6pack_PID533,64742-65-0,0.3168729742934732,,,,,286.0
정채윤,GHS조사,전체,EyeIrritation6pack_PID533,1315501-18-8,0.3168729742934732,,,,,287.0
정채윤,GHS조사,전체,EyeIrritation6pack_PID520,8003-34-7,0.31507629629486195,,,,,288.0
정채윤,GHS조사,전체,EyeIrritation6pack_PID722,81335-77-5,0.3140922877625665,,,,,289.0
정채윤,GHS조사,전체,EyeIrritation6pack_PID312,15299-99-7,0.3048059510616411,,,,,290.0
정채윤,GHS조사,전체,EyeIrritation6pack_PID800,85409-23-0,0.2979766301374589,,,,,291.0
정채윤,GHS조사,전체,EyeIrritation6pack_PID800,68391-01-5,0.2979766301374589,,,,,292.0
정채윤,GHS조사,전체,EyeIrritation6pack_PID800,5131-66-8,0.2979766301374589,,,,,293.0
정채윤,GHS조사,전체,MIX589,372137-35-4,0.29703932212756234,,,,,294.0
정채윤,GHS조사,전체,EyeIrritation6pack_PID1037,64742-46-7,0.29669731581911407,,,,,295.0
정채윤,GHS조사,전체,MIX791,9004-82-4,0.29527829991327004,,,,,296.0
정채윤,GHS조사,전체,EyeIrritation6pack_PID326,361377-29-9,0.2934780028828005,,,,,297.0
정채윤,GHS조사,전체,EyeIrritation6pack_PID29,65195-56-4,0.28923976371562465,,,,,298.0
정채윤,GHS조사,전체,MIX879,8013-10-3,0.2869462078766946,,,,,299.0
정채윤,GHS조사,전체,EyeIrritation6pack_PID838,87392-12-9,0.28654594771486025,,,,,300.0
정채윤,GHS조사,전체,EyeIrritation6pack_PID80,82558-50-7,0.2860974751406461,,,,,301.0
정채윤,GHS조사,전체,EyeIrritation6pack_PID478,134098-61-6,0.28548526135833474,,,,,302.0
정채윤,GHS조사,전체,MIX950,7540-51-4,0.28296960163041884,,,,,303.0
정채윤,GHS조사,전체,MIX783,334-48-5,0.28253257755375655,,,,,304.0
정채윤,GHS조사,전체,EyeIrritation6pack_PID1001,199119-58-9,0.27964269577113415,,,,,305.0
정채윤,GHS조사,전체,MIX890,3338-55-4,0.2705785657503954,,,,,306.0
정채윤,GHS조사,전체,EyeIrritation6pack_PID874,68476-86-8,0.26890832216458815,,,,,307.0
정채윤,GHS조사,전체,EyeIrritation6pack_PID127,67701-09-1,0.2678427765472275,,,,,308.0
정채윤,GHS조사,전체,EyeIrritation6pack_PID918,7287-19-6,0.26392653924288234,,,,,309.0
정채윤,GHS조사,전체,EyeIrritation6pack_PID738,53112-28-0,0.26297384965952997,,,,,310.0
정채윤,GHS조사,전체,EyeIrritation6pack_PID639,208465-21-8,0.2592002369073576,,,,,311.0
정채윤,GHS조사,전체,EyeIrritation6pack_PID456,69770-45-2,0.25864312993911537,,,,,312.0
정채윤,GHS조사,전체,EyeIrritation6pack_PID456,8012-95-1,0.25864312993911537,,,,,313.0
정채윤,GHS조사,전체,MIX87,25057-89-0,0.24303842138510642,,,,,314.0
정채윤,GHS조사,전체,EyeIrritation6pack_PID651,9084-06-4,0.2423704042948339,,,,,315.0
정채윤,GHS조사,전체,EyeIrritation6pack_PID651,1344-00-9,0.2423704042948339,,,,,316.0
정채윤,GHS조사,전체,EyeIrritation6pack_PID386,155569-91-8,0.24179438491913785,,,,,317.0
정채윤,GHS조사,전체,MIX839,1312-76-1,0.23073801296079716,,,,,318.0
정채윤,GHS조사,전체,EyeIrritation6pack_PID657,26002-80-2,0.22401886118226835,,,,,319.0
정채윤,GHS조사,전체,EyeIrritation6pack_PID956,79-14-1,0.22215790739408234,,,,,320.0
정채윤,GHS조사,전체,EyeIrritation6pack_PID822,10377-60-3,0.21253308831566686,,,,,321.0
정채윤,GHS조사,전체,EyeIrritation6pack_PID674,627-91-8,0.1978161390844287,,,,,322.0
정채윤,GHS조사,전체,EyeIrritation6pack_PID110,85409-22-9,0.19574373746706167,,,,,323.0
정채윤,GHS조사,전체,EyeIrritation6pack_PID110,111-30-8,0.19574373746706167,,,,,324.0
정채윤,GHS조사,전체,EyeIrritation6pack_PID520,9003-13-8,0.1950042969692849,,,,,325.0
정채윤,GHS조사,전체,EyeIrritation6pack_PID727,1184-64-1,0.18454135508525069,,,,,326.0
정채윤,GHS조사,전체,EyeIrritation6pack_PID567,160430-64-8,0.17126537033964706,,,,,327.0
정채윤,GHS조사,전체,EyeIrritation6pack_PID1029,447399-55-5,0.16976273393704908,,,,,328.0
정채윤,GHS조사,전체,EyeIrritation6pack_PID314,15165-67-0,0.1622517567512709,,,,,329.0
정채윤,GHS조사,전체,EyeIrritation6pack_PID28,65195-55-3,0.15696345416958776,,,,,330.0
정채윤,GHS조사,전체,EyeIrritation6pack_PID869,431040-31-2,0.14154218595713933,,,,,331.0
최소빈,S11판독,sens,MIX927,,0.9228241011394648,0.387166541411754,0.6012842695111192,0.6896285686468235,0.766315789475035,1.0
최소빈,S11판독,sens,Cancer_PID_98,,0.9157976882833435,0.3290555430889794,0.5867700249687945,0.6439966504782382,0.8210526315908533,2.0
최소빈,S11판독,sens,EyeIrritation6pack_PID124,,0.8958671340388604,0.5122093107603399,0.3910525769857891,0.6499362480700482,0.7732516222075939,3.0
최소빈,S11판독,sens,MIX68,,0.8763774587980434,0.5158437003727091,0.31495258138050586,0.6245820474265976,0.7732516222075939,4.0
최소빈,S11판독,sens,EyeIrritation6pack_PID170,,0.8516644197680443,0.41856420025176916,0.36290996797576286,0.8798636568486579,0.34210526316516626,5.0
최소빈,S11판독,sens,MIX851,,0.8431758426513044,0.26027070570978444,0.43637060645294956,0.7547857433975983,0.5131578947331649,6.0
최소빈,S11판독,sens,Cancer_PID_9,,0.839600630113464,0.17529467424519107,0.5186335430131407,0.6016739597599035,0.7358490566069503,7.0
최소빈,S11판독,sens,MIX301,,0.8331725546694227,0.22596762415809013,0.22260823946430106,0.9027631359721124,0.2716718266424158,8.0
최소빈,S11판독,sens,MIX1067,,0.8324273815816938,0.2011847655268716,0.25715647815298487,0.6723819724562028,0.6157894737016926,9.0
최소빈,S11판독,sens,MIX793,,0.7871540698741323,0.08013004897720744,0.25680684231055784,0.49184830359384457,0.7982456140458393,10.0
최소빈,S11판독,eye,Cancer_PID_97,,0.77564290135832,0.7484990085375699,0.5313276108420187,0.33133530489180685,0.8894736842137313,11.0
최소빈,S11판독,sens,EyeIrritation6pack_PID325,,0.7719825591376379,0.3478489731962797,0.3039812176091139,0.6669884848743672,0.5059303187582407,12.0
최소빈,S11판독,sens,MIX584,,0.7697219674868073,0.3348264197638602,0.11748462794541877,0.44541349820816495,0.8338815789516827,13.0
최소빈,S11판독,sens,MIX548,,0.7686961034602802,0.10849783248075558,0.2635190566316276,1.0,1.1818265664416908e-11,14.0
최소빈,S11판독,sens,MIX696,,0.7686720754953406,0.36203954009307804,0.4043722558438483,0.6578634787716002,0.5131578947331649,15.0
최소빈,S11판독,sens,MIX62,,0.76238127915796,0.2566892897805549,0.2523277972614004,0.4941773629579759,0.7464114832598318,16.0
최소빈,S11판독,sens,MIX855,,0.7594409930692794,0.32998901301046235,0.4218862205419714,0.6458547247469859,0.5131578947331649,17.0
최소빈,S11판독,eye,MIX484,,0.7585538950769924,0.8508274744507602,0.24475815703129813,0.2389436512153763,0.6916475972550657,18.0
최소빈,S11판독,sens,EyeIrritation6pack_PID157,,0.7570406111791568,0.2732808613965351,0.5776068064462749,0.48722966548064484,0.7464114832598318,19.0
최소빈,S11판독,eye,EyeIrritation6pack_PID1020,,0.7515378473682612,0.8142227935734196,0.3978452826461295,0.20941166147016477,0.728353140919264,20.0
최소빈,S11판독,sens,MIX21,,0.7506898829523195,0.31378466724631376,0.26668367601302506,0.6966713256553053,0.41985645933278254,21.0
최소빈,S11판독,sens,EyeIrritation6pack_PID1050,,0.7506650816002378,0.13516996179428065,0.26062313430383965,0.976543367685854,1.1818265664416908e-11,22.0
최소빈,S11판독,sens,EyeIrritation6pack_PID24,,0.7499436143337841,0.35773489915274287,0.11100969494685048,0.8900784920960076,0.12828947368617785,23.0
최소빈,S11판독,sens,MIX12,,0.7499436143337841,0.35773489915274287,0.11100969494685048,0.8900784920960076,0.12828947368617785,24.0
최소빈,S11판독,sens,EyeIrritation6pack_PID241,,0.7304740248401902,0.30314330527138894,0.5767209775682517,0.5417928405665319,0.6127258444650108,25.0
최소빈,S11판독,sens,MIX3,,0.7272780793775503,0.37641430346307025,0.2260292042236762,0.6163791052735436,0.4946100190260768,26.0
최소빈,S11판독,eye,MIX277,,0.7227573410737622,0.9984674187150525,0.42723308414076355,0.28153427815044224,0.3773219814291777,27.0
최소빈,S11판독,sens,MIX934,,0.7223645899452639,0.24195607588144707,0.28524608102165266,0.5976218756959651,0.5131578947331649,28.0
최소빈,S11판독,sens,MIX810,,0.7223325092940684,0.23390290187531376,0.11132960873394428,0.42963755810538856,0.7650717703375545,29.0
최소빈,S11판독,sens,MIX69,,0.7212615649977174,0.3106982895688273,0.08468346496193951,0.7102220336059397,0.34210526316516626,30.0
최소빈,S11판독,sens,Cancer_PID_97,,0.7105194612605944,0.7484990085375699,0.5313276108420187,0.33133530489180685,0.8894736842137313,31.0
최소빈,S11판독,sens,EyeIrritation6pack_PID46,,0.7031537472588765,0.40864519446951714,0.17540799884990552,0.5849956599688667,0.4946100190260768,32.0
최소빈,S11판독,sens,EyeIrritation6pack_PID460,,0.6968445996953666,0.20042486177319596,0.043556836216194654,0.5995105321411908,0.4605263157927256,33.0
최소빈,S11판독,sens,MIX211,,0.6968445996953666,0.2493744078279285,0.006602270978290944,0.5995105321411908,0.4605263157927256,34.0
최소빈,S11판독,sens,MIX867,,0.694191584161372,0.2758564467118936,0.13323500529175433,0.560971493760512,0.5131578947331649,35.0
최소빈,S11판독,sens,EyeIrritation6pack_PID829,,0.6911347563488558,0.10109971704868072,0.36087284646768525,0.5680305072177378,0.4966044142747683,36.0
최소빈,S11판독,sens,MIX406,,0.6911347563488558,0.10109971704868072,0.36087284646768525,0.5680305072177378,0.4966044142747683,37.0
최소빈,S11판독,sens,MIX1038,,0.6873651148177323,0.20126897737143692,0.2636519735892424,0.552090911027018,0.5131578947331649,38.0
최소빈,S11판독,sens,EyeIrritation6pack_PID240,,0.6809268148343521,0.5583852208211612,0.10618008895072294,0.5756451240065087,0.4652631578982449,39.0
최소빈,S11판독,sens,MIX104,,0.6809268148343521,0.5583852208211612,0.10618008895072294,0.5756451240065087,0.4652631578982449,40.0
최소빈,S11판독,sens,MIX1064,,0.6789894623479723,0.3617314016606236,0.3581527485624185,0.39715066810129807,0.7292243767367754,41.0
최소빈,S11판독,sens,MIX339,,0.6773595552942536,0.09426132596679364,0.4299708676680752,0.7215307768262577,0.2394736842182752,42.0
최소빈,S11판독,sens,MIX363,,0.6696624482879157,0.3846581947988233,0.40466389990903767,0.5435165895050225,0.491475166793937,43.0
최소빈,S11판독,sens,MIX802,,0.6671337102512379,0.31391712382630427,0.09816495160673126,0.37915525021480917,0.7330827067785599,44.0
최소빈,S11판독,sens,MIX820,,0.6439757112792837,0.1547851619074045,0.13504530838378656,0.8377507162558432,5.352949662509728e-11,45.0
최소빈,S11판독,sens,EyeIrritation6pack_PID743,,0.6389237118223227,0.5262064614678361,0.32491701270357976,0.6225777786898572,0.3129011553311307,46.0
최소빈,S11판독,eye,MIX1078,,0.6352316153022944,0.7565336030218887,0.20449043265625774,0.30019913218289657,0.5131578947331649,47.0
최소빈,S11판독,eye,MIX845,,0.6327984227581479,0.7523253743482886,0.49751254520265814,0.3937993981122927,0.5131578947331649,48.0
최소빈,S11판독,sens,MIX985,,0.631556339897097,0.15633113261938575,0.23793437601364378,0.47948904057411457,0.5131578947331649,49.0
최소빈,S11판독,sens,MIX891,,0.6304540859935323,0.14184023324123807,0.2219560551131574,0.4780551138264549,0.5131578947331649,50.0
최소빈,S11판독,sens,Cancer_PID_1057,,0.6303669815346823,0.36805554153741,0.24741229725686886,0.3767557355139652,0.6649369903655807,51.0
최소빈,S11판독,sens,MIX343,,0.6237191091239088,0.045250156382513576,0.2843751036317353,0.3471131029014983,0.6964285714378061,52.0
최소빈,S11판독,eye,MIX700,,0.6225210370177652,0.7479664347438377,0.23884917392660138,0.5373494008685158,0.4930340557289811,53.0
최소빈,S11판독,sens,MIX773,,0.6211293465790964,0.47650458459538064,0.8555190726011362,0.4659245210310262,0.5131578947331649,54.0
최소빈,S11판독,sens,MIX784,,0.6184420896963119,0.2275631017231054,0.22266151182308433,0.3308497098544211,0.7105263157951107,55.0
최소빈,S11판독,sens,EyeIrritation6pack_PID328,,0.6174057684270704,0.6238119519067764,0.034725371605029566,0.5388316986863863,0.3965311004883857,56.0
최소빈,S11판독,sens,MIX863,,0.6169883751784337,0.15695703455741977,0.297324744788674,0.4605375138872995,0.5131578947331649,57.0
최소빈,S11판독,sens,EyeIrritation6pack_PID691,,0.6139990236114369,0.2624771257686465,0.36145628699397686,0.3344682027012844,0.6964285714378061,58.0
최소빈,S11판독,sens,MIX1029,,0.6118091315280147,0.3916879195713952,0.1903427936042446,0.4869067749378137,0.463497453324868,59.0
최소빈,S11판독,sens,MIX977,,0.6103124635011117,0.2949770472377228,0.03526833752400155,0.4518527922563157,0.5131578947331649,60.0
최소빈,S11판독,eye,MIX984,,0.6100500549565716,0.5128825601082122,0.4272803459139461,0.16795093370198308,0.8133068520379427,61.0
최소빈,S11판독,sens,MIX826,,0.6065684150768209,0.20591821789103396,0.13266509534573379,0.27592951229435253,0.7697368421192046,62.0
최소빈,S11판독,sens,MIX420,,0.6061520736937875,0.36611765335785357,0.16590916332872196,0.49755970087481466,0.4364791288592539,63.0
최소빈,S11판독,sens,MIX807,,0.6040683200075934,0.1841935055606043,0.3824849363683666,0.24566881783790423,0.8102493074887513,64.0
최소빈,S11판독,eye,MIX902,,0.6011955581471448,0.6976679320740001,0.08817862409596038,0.3780432242974353,0.5131578947331649,65.0
최소빈,S11판독,sens,MIX673,,0.5997534396348284,0.326062955012637,0.2948008751250167,0.3480888127784221,0.6481994459904856,66.0
최소빈,S11판독,eye,EyeIrritation6pack_PID568,,0.5989243957676044,0.7842972115823135,0.3597759703375573,0.11795240192528166,0.3773219814291777,67.0
최소빈,S11판독,sens,EyeIrritation6pack_PID220,,0.593659997810029,0.2894760716322373,0.49506009781334254,0.4301895294711227,0.5131578947331649,68.0
최소빈,S11판독,sens,MIX111,,0.593659997810029,0.2894760716322373,0.49506009781334254,0.4301895294711227,0.5131578947331649,69.0
최소빈,S11판독,sens,EyeIrritation6pack_PID751,,0.5936512808761808,0.4300333752950325,0.2193889981943619,0.4812973668244234,0.4364791288592539,70.0
최소빈,S11판독,sens,EyeIrritation6pack_PID571,,0.593269084150139,0.1361177205406525,0.49719882762884976,0.5167623279533524,0.3825358851688339,71.0
최소빈,S11판독,sens,MIX282,,0.593269084150139,0.1361177205406525,0.49719882762884976,0.5167623279533524,0.3825358851688339,72.0
최소빈,S11판독,eye,MIX896,,0.5886718901403877,0.6760081341548155,0.3068695873812912,0.13237658595800236,0.5131578947331649,73.0
최소빈,S11판독,skin,MIX456,,0.587870285012121,0.27048537677041545,0.744433671762033,0.49584323428439103,0.8294881038221668,74.0
최소빈,S11판독,eye,MIX848,,0.5866869242628121,0.6725751175847844,0.5558738012501632,0.5873158423500086,0.5131578947331649,75.0
최소빈,S11판독,eye,MIX591,,0.5860759097307644,0.639976742374872,0.8040641504157893,0.4371330931469737,0.5604703247479587,76.0
최소빈,S11판독,sens,MIX850,,0.5833417042498581,0.5508858684215718,0.21329334752908483,0.41676641790101787,0.5131578947331649,77.0
최소빈,S11판독,sens,MIX107,,0.5832875690113308,0.38239878547515144,0.524809565545844,0.3503173599865468,0.6127258444650108,78.0
최소빈,S11판독,eye,MIX968,,0.5814143349043117,0.5641352433906508,0.14216921983891687,0.18555836831906494,0.6621392190242694,79.0
최소빈,S11판독,eye,MIX290,,0.5811338714357696,0.6428472231083955,0.4815236546103897,0.315189178170468,0.543343653261488,80.0
최소빈,S11판독,skin,EyeIrritation6pack_PID306,,0.5809038193561966,0.24424893448541946,0.8036596987148574,0.37450489445851093,0.7175866495507995,81.0
최소빈,S11판독,sens,EyeIrritation6pack_PID718,,0.5801417889853494,0.10069500858607634,0.0792277699144732,0.503045255942783,0.37749546279413326,82.0
최소빈,S11판독,sens,MIX932,,0.5754247395696168,0.48762286100345315,0.15648452437431576,0.4064672051891732,0.5131578947331649,83.0
최소빈,S11판독,sens,EyeIrritation6pack_PID1038,,0.5743918182084026,0.24699959453814546,0.44250048907583783,0.5594062391719593,0.28173374613222635,84.0
최소빈,S11판독,sens,MIX525,,0.5743918182084026,0.24699959453814546,0.44250048907583783,0.5594062391719593,0.28173374613222635,85.0
최소빈,S11판독,sens,EyeIrritation6pack_PID977,,0.5739334227761179,0.27312509957739134,0.45238594533793125,0.4444044455000226,0.45334194381606574,86.0
최소빈,S11판독,sens,MIX318,,0.5737800477131374,0.34174075221709815,0.4067037403371147,0.29029253089946594,0.6842105263183506,87.0
최소빈,S11판독,sens,EyeIrritation6pack_PID684,,0.5719198071009991,0.3719325886924366,0.24589008670894882,0.458925167625538,0.42763157895314174,88.0
최소빈,S11판독,sens,MIX923,,0.5716490672557195,0.3513503387236823,0.2317005929383753,0.40155541716666204,0.5131578947331649,89.0
최소빈,S11판독,sens,EyeIrritation6pack_PID618,,0.5712263267863801,0.22272206146569093,0.5424203518578764,0.28697038458536095,0.6842105263183506,90.0
최소빈,S11판독,sens,MIX1077,,0.569608481555912,0.28284256192268104,0.19193828275177344,0.3989008106314685,0.5131578947331649,91.0
최소빈,S11판독,sens,EyeIrritation6pack_PID793,,0.5689767583236853,0.3009508425857215,0.14025496701336823,0.3350596086310258,0.6076869806118322,92.0
최소빈,S11판독,sens,MIX372,,0.5689767583236853,0.3009508425857215,0.14025496701336823,0.3350596086310258,0.6076869806118322,93.0
최소빈,S11판독,sens,EyeIrritation6pack_PID55,,0.5685721632989891,0.5846457356276848,0.16089130563896129,0.3269595102990918,0.6190476190510594,94.0
최소빈,S11판독,sens,MIX20,,0.5685721632989891,0.5846457356276848,0.16089130563896129,0.3269595102990918,0.6190476190510594,95.0
최소빈,S11판독,sens,EyeIrritation6pack_PID523,,0.568417599654208,0.424338147508644,0.46930442417436335,0.5570007101221338,0.2736842105713372,96.0
최소빈,S11판독,sens,MIX594,,0.568354135594181,0.5251170600532972,0.3927090878880024,0.52380111031258,0.32335976929101107,97.0
최소빈,S11판독,eye,MIX586,,0.5666192697380484,0.6188620782926136,0.21185119118490536,0.15157678785475193,0.5416666666698965,98.0
최소빈,S11판독,sens,MIX845,,0.565687045630309,0.7523253743482886,0.49751254520265814,0.3937993981122927,0.5131578947331649,99.0
최소빈,S11판독,eye,MIX143,,0.5655062511274246,0.7373948560464952,0.2002882884235046,0.13505165070657582,0.3609800362976134,100.0
최소빈,S11판독,sens,EyeIrritation6pack_PID783,,0.5644338775261482,0.1871219329494925,0.18690899099815375,0.39216914644295636,0.5131578947364971,101.0
최소빈,S11판독,sens,MIX369,,0.5644338775261482,0.1871219329494925,0.18690899099815375,0.39216914644295636,0.5131578947364971,102.0
최소빈,S11판독,sens,MIX631,,0.5622310345669154,0.4398759045099915,0.31458229953386385,0.5330868302235061,0.29748283753415955,103.0
최소빈,S11판독,sens,MIX788,,0.5610419312601668,0.4532343945007323,0.36683754945086416,0.43662872968809935,0.43984962408394807,104.0
최소빈,S11판독,eye,MIX907,,0.559807944338858,0.6260876769154418,0.09227298052860379,0.26837678914593893,0.5131578947331649,105.0
최소빈,S11판독,sens,MIX174,,0.5584402307803028,0.3509499471662612,0.42923804161038703,0.4621231823015636,0.3965311004883857,106.0
최소빈,S11판독,sens,MIX615,,0.5583793973935259,0.5972372563296855,0.5843286765869816,0.5251597207856032,0.30185758514854355,107.0
최소빈,S11판독,sens,MIX936,,0.5574966157476509,0.3800998872799347,0.6611091339255496,0.17986449438519195,0.8180778032048825,108.0
최소빈,S11판독,skin,MIX1047,,0.5566987340364957,0.3102441758177683,0.7100422018991219,0.14295480747264128,0.7778822055127257,109.0
최소빈,S11판독,sens,MIX194,,0.556397461648515,0.16337765461224643,0.31798912512725686,0.48103542201310523,0.3641765704644877,110.0
최소빈,S11판독,sens,MIX29,,0.556294470270878,0.3529257743601353,0.322780950405704,0.33270837679037557,0.5864661654228758,111.0
최소빈,S11판독,sens,MIX491,,0.5546867670997749,0.2780234523545731,0.45069039884691403,0.41936639003199566,0.45334194381606574,112.0
최소빈,S11판독,sens,MIX902,,0.5535753362134807,0.6976679320740001,0.08817862409596038,0.3780432242974353,0.5131578947331649,113.0
최소빈,S11판독,eye,MIX504,,0.5493733694066489,0.8696508916126601,0.4090956617429028,0.08022889833149134,0.12074303406738647,114.0
최소빈,S11판독,sens,MIX648,,0.5441663027055792,0.36279511668113257,0.41559203152973445,0.36580297296063136,0.5131578947331649,115.0
최소빈,S11판독,eye,MIX593,,0.5437488424852209,0.5494411334873963,0.28851220382451614,0.4414012002667674,0.5864661654228758,116.0
최소빈,S11판독,skin,MIX773,,0.5426497543270618,0.47650458459538064,0.8555190726011362,0.4659245210310262,0.5131578947331649,117.0
최소빈,S11판독,sens,MIX165,,0.5400858847163154,0.11289436187908665,0.3345502476228106,0.3715303936438755,0.4966044142747683,118.0
최소빈,S11판독,sens,MIX67,,0.5398458065597667,0.39213262005867583,0.33034516373346795,0.7022876844710425,5.8285744652132476e-12,119.0
최소빈,S11판독,sens,EyeIrritation6pack_PID356,,0.5395903494998043,0.2979877524861025,0.28337093933633667,0.3538482494257714,0.5221606648251677,120.0
최소빈,S11판독,sens,EyeIrritation6pack_PID557,,0.5386301690739768,0.25864029483155293,0.29819924532877196,0.47999318353802406,0.33106960951405345,121.0
최소빈,S11판독,sens,MIX283,,0.5386301690739768,0.25864029483155293,0.29819924532877196,0.47999318353802406,0.33106960951405345,122.0
최소빈,S11판독,sens,MIX484,,0.5381195956166818,0.8508274744507602,0.24475815703129813,0.2389436512153763,0.6916475972550657,123.0
최소빈,S11판독,sens,MIX935,,0.5376757372856411,0.5133731154051474,0.3871011455339448,0.35735936905686244,0.5131578947331649,124.0
최소빈,S11판독,eye,MIX760,,0.5373686559887413,0.5872787232724987,0.5211751669952264,0.38982509373532465,0.5131578947331649,125.0
최소빈,S11판독,eye,EyeIrritation6pack_PID654,,0.5369559576607948,0.537692777294468,0.2650924908539929,0.5201727150212625,0.5864661654228758,126.0
최소빈,S11판독,sens,MIX616,,0.5363039909848762,0.3173934638379339,0.3402052392482867,0.4964417315705526,0.30185758514854355,127.0
최소빈,S11판독,sens,MIX91,,0.5332162426561468,0.3980724185261838,0.4323884963879867,0.6936632568491921,1.3281761655486814e-11,128.0
최소빈,S11판독,skin,EyeIrritation6pack_PID474,,0.5325709292353684,0.2903170426172263,0.6736260510138655,0.26762271450521447,0.75263157895125,129.0
최소빈,S11판독,sens,MIX787,,0.5318251869654205,0.4210570106088997,0.2822555811087178,0.5398068430067418,0.22807017546272573,130.0
최소빈,S11판독,skin,MIX407,,0.5308775552742316,0.34983047560522956,0.8919658766795188,0.21309740713678585,0.4195159431427023,131.0
최소빈,S11판독,skin,EyeIrritation6pack_PID406,,0.5307219063582045,0.4147853209095025,0.669545270036072,0.09490664732014402,0.75263157895125,132.0
최소빈,S11판독,sens,EyeIrritation6pack_PID621,,0.530475699689576,0.31415143787637484,0.36368548307006004,0.6900980729615616,5.376103071524475e-12,133.0
최소빈,S11판독,sens,MIX320,,0.530475699689576,0.31415143787637484,0.36368548307006004,0.6900980729615616,5.376103071524475e-12,134.0
최소빈,S11판독,eye,EyeIrritation6pack_PID370,,0.5302135908237153,0.6644483035036013,0.4051185928946045,0.25485231693945126,0.37884139879885076,135.0
최소빈,S11판독,skin,EyeIrritation6pack_PID745,,0.5297825756738834,0.38259054042918994,0.8895492641111409,0.20973686979400005,0.4195159431427023,136.0
최소빈,S11판독,eye,EyeIrritation6pack_PID739,,0.5284272339476256,0.6194493624435851,0.27506944844103065,0.18884448254056918,0.44170552965018434,137.0
최소빈,S11판독,eye,MIX398,,0.5284272339476256,0.6194493624435851,0.2832948830781546,0.1969433943130997,0.44170552965018434,138.0
최소빈,S11판독,eye,MIX454,,0.5274908150712841,0.40617183602951834,0.26882477575013936,0.4318190667274471,0.7591925018039507,139.0
최소빈,S11판독,sens,MIX290,,0.5207287925097036,0.6428472231083955,0.4815236546103897,0.315189178170468,0.543343653261488,140.0
최소빈,S11판독,sens,MIX825,,0.5169513735840026,0.18387418954398155,0.17454568568463,0.15934632540149074,0.7697368421192046,141.0
최소빈,S11판독,eye,MIX850,,0.5163263529316374,0.5508858684215718,0.21329334752908483,0.41676641790101787,0.5131578947331649,142.0
최소빈,S11판독,sens,MIX842,,0.5158956785835526,0.1570570292236634,0.3876576048408977,0.3504071778539106,0.48108552632895285,143.0
최소빈,S11판독,sens,MIX402,,0.5140530354647569,0.3974455359301853,0.307786025557473,0.46013298965496413,0.3129011553311307,144.0
최소빈,S11판독,sens,MIX697,,0.5125889283153372,0.42306169212645156,0.3154804408557162,0.48437295633491123,0.2736842105713372,145.0
최소빈,S11판독,sens,MIX847,,0.511930249727368,0.5772003201451479,0.377524770306912,0.3238669558098291,0.5131578947331649,146.0
최소빈,S11판독,sens,MIX930,,0.5106521332475111,0.13460682693681955,0.06712159063335758,0.32220424869564773,0.5131578947331649,147.0
최소빈,S11판독,eye,EyeIrritation6pack_PID1025,,0.5097386120200634,0.8011022176054793,0.24964133180375525,0.1646190593191631,0.12074303406738647,148.0
최소빈,S11판독,skin,Cancer_PID_97,,0.5094306815760886,0.7484990085375699,0.5313276108420187,0.33133530489180685,0.8894736842137313,149.0
최소빈,S11판독,eye,MIX266,,0.5083261107566214,0.6328388503711456,0.1574218044939734,0.4489050460679922,0.36947368421253135,150.0
최소빈,S11판독,eye,MIX1002,,0.5080774967544004,0.5366193965087925,0.09442095051090409,0.3187398493726865,0.5131578947331649,151.0
최소빈,S11판독,eye,Cancer_PID_98,,0.506747237491683,0.3290555430889794,0.5867700249687945,0.6439966504782382,0.8210526315908533,152.0
최소빈,S11판독,eye,EyeIrritation6pack_PID41,,0.5061140963932934,0.34429987565010345,0.33207314085766104,0.10662080824084436,0.7965435978019713,153.0
최소빈,S11판독,eye,MIX24,,0.5061140963932934,0.34429987565010345,0.33207314085766104,0.10662080824084436,0.7965435978019713,154.0
최소빈,S11판독,eye,EyeIrritation6pack_PID390,,0.5055831813573167,0.6463405430161546,0.40810453972918426,0.44245660820724253,0.34210526316516626,155.0
최소빈,S11판독,eye,MIX184,,0.5055831813573167,0.6463405430161546,0.40810453972918426,0.44245660820724253,0.34210526316516626,156.0
최소빈,S11판독,skin,MIX927,,0.5039260863160341,0.387166541411754,0.6012842695111192,0.6896285686468235,0.766315789475035,157.0
최소빈,S11판독,eye,EyeIrritation6pack_PID240,,0.5022006845535454,0.5583852208211612,0.10618008895072294,0.5756451240065087,0.4652631578982449,158.0
최소빈,S11판독,eye,MIX104,,0.5022006845535454,0.5583852208211612,0.10618008895072294,0.5756451240065087,0.4652631578982449,159.0
최소빈,S11판독,sens,MIX879,,0.5017162861401505,0.05277323311161419,0.2544204762495221,0.4458304855235383,0.31028151775958146,160.0
최소빈,S11판독,sens,EyeIrritation6pack_PID480,,0.5007677422828707,0.06970212095719959,0.2717503170006267,0.1514508659937606,0.7500000000030972,161.0
최소빈,S11판독,sens,MIX231,,0.5007677422828707,0.06970212095719959,0.2717503170006267,0.1514508659937606,0.7500000000030972,162.0
최소빈,S11판독,eye,EyeIrritation6pack_PID540,,0.49944454201068844,0.6174780963062455,0.3533485594875048,0.5070396234161045,0.36947368421253135,163.0
최소빈,S11판독,eye,MIX972,,0.49529148734425976,0.5145058767422979,0.05520934860326318,0.13340038821934314,0.5131578947331649,164.0
최소빈,S11판독,eye,MIX935,,0.49463652615901266,0.5133731154051474,0.3871011455339448,0.35735936905686244,0.5131578947331649,165.0
최소빈,S11판독,eye,MIX539,,0.4939354162014867,0.3686970418884859,0.3821275211418896,0.21806534009867903,0.728353140919264,166.0
최소빈,S11판독,sens,EyeIrritation6pack_PID176,,0.4938800599472541,0.3658678067339793,0.08810573653051422,0.33349234881261164,0.46349745331579034,167.0
최소빈,S11판독,sens,MIX74,,0.4938800599472541,0.3658678067339793,0.08810573653051422,0.33349234881261164,0.46349745331579034,168.0
최소빈,S11판독,sens,MIX1078,,0.49373688592810316,0.7565336030218887,0.20449043265625774,0.30019913218289657,0.5131578947331649,169.0
최소빈,S11판독,sens,MIX692,,0.4935049392184249,0.12455547911670567,0.22974540329092166,0.6420026548549275,4.7174615091778156e-11,170.0
최소빈,S11판독,eye,EyeIrritation6pack_PID1032,,0.4927111934247278,0.5352509911287233,0.09222206002293808,0.34118383150009696,0.47534626038970096,171.0
최소빈,S11판독,sens,MIX871,,0.4923880819455301,0.2231759824481769,0.3294451161697525,0.2984444673985792,0.5131578947331649,172.0
최소빈,S11판독,sens,MIX931,,0.49187184507784426,0.3164072563511837,0.4759264265341662,0.29777289268216534,0.5131578947331649,173.0
최소빈,S11판독,skin,EyeIrritation6pack_PID626,,0.49072758538347616,0.3176964826741164,0.5830324602468665,0.2883938407919748,0.7500000000030972,174.0
최소빈,S11판독,skin,MIX322,,0.49072758538347616,0.3176964826741164,0.5830324602468665,0.2883938407919748,0.7500000000030972,175.0
최소빈,S11판독,sens,EyeIrritation6pack_PID287,,0.4903603395410069,0.840132556096746,0.3079619244194031,0.377911831910255,0.3900000000082895,176.0
최소빈,S11판독,sens,EyeIrritation6pack_PID366,,0.48948852580595636,0.2378274758052969,0.28926065155366676,0.18063733485988542,0.684210526341676,177.0
최소빈,S11판독,sens,MIX167,,0.48948852580595636,0.2378274758052969,0.28926065155366676,0.18063733485988542,0.684210526341676,178.0
최소빈,S11판독,sens,MIX756,,0.48898015880723344,0.30614300790399385,0.3264612321353833,0.29401108582817354,0.5131578947331649,179.0
최소빈,S11판독,sens,MIX159,,0.4887209030283402,0.5894638046114903,0.13359878525995356,0.29849220287628103,0.5059303187582407,180.0
최소빈,S11판독,skin,EyeIrritation6pack_PID157,,0.4871852100926226,0.2732808613965351,0.5776068064462749,0.48722966548064484,0.7464114832598318,181.0
최소빈,S11판독,eye,MIX939,,0.48589571381522295,0.49825580082016707,0.20079340168512252,0.2172817783456519,0.5131578947331649,182.0
최소빈,S11판독,eye,EyeIrritation6pack_PID54,,0.48571667622651715,0.4795533975919606,0.7622234066960392,0.7244788113330484,0.5407470288641928,183.0
최소빈,S11판독,sens,EyeIrritation6pack_PID327,,0.4849334842420535,0.07749663750838268,0.15882865623042947,0.36649794599824653,0.3965311004883857,184.0
최소빈,S11판독,sens,MIX172,,0.4849334842420535,0.07749663750838268,0.15882865623042947,0.36649794599824653,0.3965311004883857,185.0
최소빈,S11판독,sens,EyeIrritation6pack_PID819,,0.4846760051400291,0.35024716263493005,0.41004478867544286,0.45202735481705747,0.2677345537870437,186.0
최소빈,S11판독,sens,MIX569,,0.4846760051400291,0.35134771250251023,0.35108948060599815,0.45202735481705747,0.2677345537870437,187.0
최소빈,S11판독,eye,EyeIrritation6pack_PID897,,0.48430376805224035,0.33147944473855545,0.10190412570941156,0.253060325878078,0.7591925018039507,188.0
최소빈,S11판독,eye,MIX718,,0.48399380180964185,0.8370716898183244,0.30599394627041143,0.06879178670131139,2.3343695397889433e-11,189.0
최소빈,S11판독,sens,MIX844,,0.4838559070922832,0.4545893125733264,0.4260781862633438,0.28734492518039123,0.5131578947331649,190.0
최소빈,S11판독,sens,EyeIrritation6pack_PID500,,0.48001420754955754,0.3814912778786393,0.35149237962469954,0.41031027941928594,0.3212133386907585,191.0
최소빈,S11판독,eye,MIX1047,,0.4792298043517187,0.3102441758177683,0.7100422018991219,0.14295480747264128,0.7778822055127257,192.0
최소빈,S11판독,eye,EyeIrritation6pack_PID798,,0.4769954818890883,0.3066267239543729,0.3638220781083267,0.06491728853998752,0.7775119617242109,193.0
최소빈,S11판독,eye,MIX766,,0.4769954818890883,0.3066267239543729,0.3638220781083267,0.06491728853998752,0.7775119617242109,194.0
최소빈,S11판독,eye,MIX705,,0.4763763085399979,0.47533708637424044,0.919444335395372,0.5295004955028643,0.5228401191717211,195.0
최소빈,S11판독,eye,MIX513,,0.47627304039471186,0.6727897700500485,0.07689714937037616,0.1865595050103144,0.22639318886080695,196.0
최소빈,S11판독,eye,MIX456,,0.476133627056435,0.27048537677041545,0.744433671762033,0.49584323428439103,0.8294881038221668,197.0
최소빈,S11판독,skin,MIX230,,0.4755919821039253,0.2925248233307016,0.6471515060397376,0.11848860984085599,0.6037151702879484,198.0
최소빈,S11판독,sens,MIX265,,0.47229356565527947,0.3439502218738834,0.27945956662888877,0.38933943756034495,0.3376038781206456,199.0
최소빈,S11판독,sens,MIX135,,0.4716382788475739,0.33979724572401787,0.1499702737058242,0.35355622426595545,0.3900000000082895,200.0
최소빈,S11판독,sens,EyeIrritation6pack_PID677,,0.47137709048767285,0.20675358017361584,0.6200245891424767,0.37914442107006024,0.351108033245205,201.0
최소빈,S11판독,sens,MIX1014,,0.4713661641719491,0.2649547041996722,0.2426911645932031,0.27109696598792227,0.5131578947331649,202.0
최소빈,S11판독,skin,MIX1025,,0.47108385465174407,0.21813599869003877,0.5265209847066776,0.2456327569242739,0.7697368421159972,203.0
최소빈,S11판독,sens,MIX80,,0.4695744275283566,0.21099078262278487,0.41168562839563483,0.2959172995945654,0.47243107769909903,204.0
최소빈,S11판독,sens,MIX909,,0.4671543602762012,0.2602475643741499,0.21686783744421542,0.265617812552876,0.5131578947331649,205.0
최소빈,S11판독,sens,EyeIrritation6pack_PID178,,0.46413949645662395,0.14104355553720863,0.05113974831933494,0.29480272445132305,0.46349745331579034,206.0
최소빈,S11판독,sens,MIX75,,0.46413949645662395,0.14104355553720863,0.05113974831933494,0.29480272445132305,0.46349745331579034,207.0
최소빈,S11판독,sens,MIX870,,0.4640940903672311,0.2991249341838233,0.4544639827819437,0.26163669453339017,0.5131578947331649,208.0
최소빈,S11판독,sens,MIX945,,0.4640401387647116,0.4376961865340995,0.5562177368528449,0.26156650866633935,0.5131578947331649,209.0
최소빈,S11판독,sens,EyeIrritation6pack_PID1042,,0.4639688078597741,0.39950498826838016,0.6750241638983077,0.2994854098943703,0.4561403508789235,210.0
최소빈,S11판독,sens,MIX905,,0.46340335060084653,0.39023538560605536,0.3889569413574414,0.2607381082607648,0.5131578947331649,211.0
최소빈,S11판독,eye,MIX615,,0.4616776178921254,0.5972372563296855,0.5843286765869816,0.5251597207856032,0.30185758514854355,212.0
최소빈,S11판독,eye,MIX844,,0.46064780504595315,0.4545893125733264,0.4260781862633438,0.28734492518039123,0.5131578947331649,213.0
최소빈,S11판독,sens,EyeIrritation6pack_PID10,,0.4604875371701064,0.137788731159294,0.6440905876041738,0.5990501774189086,2.8548198892759338e-11,214.0
최소빈,S11판독,eye,EyeIrritation6pack_PID627,,0.45947543918959216,0.5934285681998926,0.048719022825927154,0.32557918348265963,0.30185758514854355,215.0
최소빈,S11판독,eye,MIX323,,0.45947543918959216,0.5934285681998926,0.048719022825927154,0.32557918348265963,0.30185758514854355,216.0
최소빈,S11판독,sens,EyeIrritation6pack_PID177,,0.4592793374443185,0.239521499327607,0.03676158322501576,0.2884801231132055,0.46349745331579034,217.0
최소빈,S11판독,sens,MIX624,,0.4592793374443185,0.239521499327607,0.03676158322501576,0.2884801231132055,0.46349745331579034,218.0
최소빈,S11판독,skin,EyeIrritation6pack_PID231,,0.45926303898267645,0.323347378499186,0.5814574552653726,0.05272562882255388,0.6481994459904856,219.0
최소빈,S11판독,sens,EyeIrritation6pack_PID553,,0.4589883351991119,0.3403096260050393,0.1918900703760061,0.18386379882928286,0.619854090671218,220.0
최소빈,S11판독,sens,MIX275,,0.4589883351991119,0.3403096260050393,0.1918900703760061,0.18386379882928286,0.619854090671218,221.0
최소빈,S11판독,eye,MIX335,,0.4582400126719726,0.2956631089603568,0.17134607897745832,0.39649838358885864,0.7453007518807991,222.0
최소빈,S11판독,eye,EyeIrritation6pack_PID474,,0.45797470716228805,0.2903170426172263,0.6736260510138655,0.26762271450521447,0.75263157895125,223.0
최소빈,S11판독,eye,MIX107,,0.45728737525284785,0.38239878547515144,0.524809565545844,0.3503173599865468,0.6127258444650108,224.0
최소빈,S11판독,skin,Cancer_PID_9,,0.45727352744180705,0.17529467424519107,0.5186335430131407,0.6016739597599035,0.7358490566069503,225.0
최소빈,S11판독,sens,EyeIrritation6pack_PID800,,0.45676670994404484,0.13550186501266484,0.3903321973705223,0.41777809247096054,0.2646474677254991,226.0
최소빈,S11판독,sens,MIX378,,0.45676670994404484,0.13550186501266484,0.3903321973705223,0.41777809247096054,0.2646474677254991,227.0
최소빈,S11판독,sens,MIX849,,0.4563906658918254,0.31297795839648507,0.2790781604574074,0.2516152771737998,0.5131578947331649,228.0
최소빈,S11판독,sens,EyeIrritation6pack_PID422,,0.455508795403965,0.3909643098863265,0.3418470553574399,0.23146220018242747,0.5416666666698965,229.0
최소빈,S11판독,skin,EyeIrritation6pack_PID59,,0.4511089495297801,0.07317484865604051,0.5622610656806591,0.4608855293940674,0.6500000000003027,230.0
최소빈,S11판독,sens,MIX996,,0.450703273446577,0.5666705224224111,0.0881180735044249,0.24421652437709448,0.5131578947331649,231.0
최소빈,S11판독,eye,MIX614,,0.4490782921497108,0.45056596185808,0.35950436770685057,0.08058911056667627,0.4891785538624836,232.0
최소빈,S11판독,eye,MIX197,,0.44872531819882405,0.4227526969390429,0.4081540435182772,0.2020727239303264,0.5299827437451022,233.0
최소빈,S11판독,skin,MIX759,,0.44742594018968807,0.4124612020120732,0.645360759167633,0.24906654963529581,0.5131578947331649,234.0
최소빈,S11판독,skin,EyeIrritation6pack_PID241,,0.44640140218436936,0.30314330527138894,0.5767209775682517,0.5417928405665319,0.6127258444650108,235.0
최소빈,S11판독,eye,EyeIrritation6pack_PID179,,0.44633210359524056,0.4458164037329597,0.361107125044469,0.10723602624079712,0.4891785538624836,236.0
최소빈,S11판독,eye,MIX18,,0.44631420132478633,0.6630528028576298,0.2293735285279697,0.31356238093204514,0.1632775119656947,237.0
최소빈,S11판독,eye,EyeIrritation6pack_PID157,,0.445726774180314,0.2732808613965351,0.5776068064462749,0.48722966548064484,0.7464114832598318,238.0
최소빈,S11판독,eye,EyeIrritation6pack_PID476,,0.4444468948741758,0.5190305727590679,0.28058146990587846,0.3487255999330197,0.37446657183486465,239.0
최소빈,S11판독,eye,MIX228,,0.4444468948741758,0.5190305727590679,0.28058146990587846,0.3487255999330197,0.37446657183486465,240.0
최소빈,S11판독,sens,MIX717,,0.44421209811722673,0.17519504143127038,0.7940194774728463,0.5778773901635947,4.7174615091778156e-11,241.0
최소빈,S11판독,skin,EyeIrritation6pack_PID1042,,0.44364328646567386,0.39950498826838016,0.6750241638983077,0.2994854098943703,0.4561403508789235,242.0
최소빈,S11판독,eye,MIX448,,0.4433015707722354,0.766694105509116,0.4185140710594408,0.1496713166087256,5.986956544595619e-12,243.0
최소빈,S11판독,eye,MIX577,,0.4427496552788195,0.4866536900601469,0.3468215994750213,0.5335846326305806,0.4186288088680017,244.0
최소빈,S11판독,sens,EyeIrritation6pack_PID516,,0.4425813780824587,0.2080170405631219,0.38559494420041346,0.5757559795990813,4.7174615091778156e-11,245.0
최소빈,S11판독,sens,MIX495,,0.4412680052496968,0.24865562601436575,0.33103973717205,0.1965519445803242,0.56624319419696,246.0
최소빈,S11판독,skin,EyeIrritation6pack_PID473,,0.44112210831579096,0.2562094676178595,0.4413897653402194,0.3851799952808047,0.7982456140416158,247.0
최소빈,S11판독,skin,MIX225,,0.44112210831579096,0.2562094676178595,0.4413897653402194,0.3851799952808047,0.7982456140416158,248.0
최소빈,S11판독,sens,MIX592,,0.4407066782885078,0.24820860109974321,0.19065845803771506,0.3595013852929299,0.3207236842144823,249.0
최소빈,S11판독,skin,MIX984,,0.4392786073778074,0.5128825601082122,0.4272803459139461,0.16795093370198308,0.8133068520379427,250.0
최소빈,S11판독,eye,MIX673,,0.43838792998629966,0.326062955012637,0.2948008751250167,0.3480888127784221,0.6481994459904856,251.0
최소빈,S11판독,sens,MIX287,,0.4376623493922712,0.46355732320069204,0.20261451524532828,0.5693567944725217,1.1818265664416908e-11,252.0
최소빈,S11판독,sens,EyeIrritation6pack_PID926,,0.43697735390622755,0.28470776818579624,0.3717411182320582,0.19097021816830173,0.56624319419696,253.0
최소빈,S11판독,eye,EyeIrritation6pack_PID231,,0.4368177870501421,0.323347378499186,0.5814574552653726,0.05272562882255388,0.6481994459904856,254.0
최소빈,S11판독,eye,MIX62,,0.43613354826915124,0.2566892897805549,0.2523277972614004,0.4941773629579759,0.7464114832598318,255.0
최소빈,S11판독,eye,EyeIrritation6pack_PID553,,0.4356991713526781,0.3403096260050393,0.1918900703760061,0.18386379882928286,0.619854090671218,256.0
최소빈,S11판독,eye,MIX275,,0.4356991713526781,0.3403096260050393,0.1918900703760061,0.18386379882928286,0.619854090671218,257.0
최소빈,S11판독,sens,EyeIrritation6pack_PID168,,0.43512780549309793,0.5078108661612357,0.5557454658586534,0.5660595956383992,5.8285744652132476e-12,258.0
최소빈,S11판독,eye,EyeIrritation6pack_PID422,,0.43484906571074344,0.3909643098863265,0.3418470553574399,0.23146220018242747,0.5416666666698965,259.0
최소빈,S11판독,eye,EyeIrritation6pack_PID867,,0.4338601770324307,0.7503651290114116,0.19411124560926732,0.38863073101900913,1.410318353337711e-11,260.0
최소빈,S11판독,sens,MIX280,,0.4321057690668883,0.38900002277551965,0.48400039907002496,0.5621282157137459,1.1818265664416908e-11,261.0
최소빈,S11판독,sens,MIX846,,0.431877968493726,0.2406640796682978,0.34632703401305304,0.21972660584068276,0.5131578947331649,262.0
최소빈,S11판독,eye,MIX29,,0.4301239081658381,0.3529257743601353,0.322780950405704,0.33270837679037557,0.5864661654228758,263.0
최소빈,S11판독,eye,MIX750,,0.42977623920380503,0.6352686803345401,0.3882679357804965,0.3126975163113154,0.16204986150516473,264.0
최소빈,S11판독,skin,EyeIrritation6pack_PID530,,0.42827401893917794,0.36941397450902164,0.6825715990942849,0.2856378673055055,0.39393939394136906,265.0
최소빈,S11판독,eye,MIX594,,0.42826616808539786,0.5251170600532972,0.3927090878880024,0.52380111031258,0.32335976929101107,266.0
최소빈,S11판독,skin,EyeIrritation6pack_PID533,,0.427816291756142,0.3500061586987767,0.8288712800840049,0.2147929053810917,0.1729745712634226,267.0
최소빈,S11판독,sens,EyeIrritation6pack_PID570,,0.4270422556446376,0.11010815132965866,0.4189002442722788,0.5555410697668662,1.1818265664416908e-11,268.0
최소빈,S11판독,sens,EyeIrritation6pack_PID175,,0.4265225148666106,0.3894717329305255,0.6202279093135712,0.5548649361269546,1.0194738825123865e-09,269.0
최소빈,S11판독,sens,MIX73,,0.4265225148666106,0.3894717329305255,0.6202279093135712,0.5548649361269546,1.0194738825123865e-09,270.0
최소빈,S11판독,sens,MIX704,,0.4264569932729467,0.5814293889723604,0.5107628952653357,0.5547796994737592,2.3343695397889433e-11,271.0
최소빈,S11판독,eye,EyeIrritation6pack_PID743,,0.4248646202964462,0.5262064614678361,0.32491701270357976,0.6225777786898572,0.3129011553311307,272.0
최소빈,S11판독,eye,MIX905,,0.42343844513981355,0.39023538560605536,0.3889569413574414,0.2607381082607648,0.5131578947331649,273.0
최소빈,S11판독,eye,MIX1025,,0.42283321252156164,0.21813599869003877,0.5265209847066776,0.2456327569242739,0.7697368421159972,274.0
최소빈,S11판독,sens,EyeIrritation6pack_PID530,,0.4214485003432826,0.36941397450902164,0.6825715990942849,0.2856378673055055,0.39393939394136906,275.0
최소빈,S11판독,eye,MIX864,,0.42081151998903876,0.3856920946242195,0.3568514936784198,0.19702342197686046,0.5131578947331649,276.0
최소빈,S11판독,sens,EyeIrritation6pack_PID519,,0.4202157621550349,0.08603797425360477,0.2994305485847788,0.5466604555982164,4.7174615091778156e-11,277.0
최소빈,S11판독,sens,MIX252,,0.4202157621550349,0.08603797425360477,0.2994305485847788,0.5466604555982164,4.7174615091778156e-11,278.0
최소빈,S11판독,eye,MIX807,,0.41882387667166393,0.1841935055606043,0.3824849363683666,0.24566881783790423,0.8102493074887513,279.0
최소빈,S11판독,eye,EyeIrritation6pack_PID1001,,0.41877956297856017,0.5733542770432747,0.09846972937809256,0.13792681409955057,0.22639318886080695,280.0
최소빈,S11판독,skin,MIX807,,0.41805798382742765,0.1841935055606043,0.3824849363683666,0.24566881783790423,0.8102493074887513,281.0
최소빈,S11판독,eye,MIX1024,,0.41746090104175476,0.3798971686278417,0.310630845811068,0.14842920359476644,0.5131578947331649,282.0
최소빈,S11판독,eye,EyeIrritation6pack_PID751,,0.4168925486833279,0.4300333752950325,0.2193889981943619,0.4812973668244234,0.4364791288592539,283.0
최소빈,S11판독,eye,MIX1060,,0.4165415826580466,0.489690308040608,0.21405787960731668,0.2941863855728113,0.3460832313333965,284.0
최소빈,S11판독,sens,MIX699,,0.41592799141552117,0.3383302727562017,0.3342180550840625,0.284503529233116,0.38486842106152663,285.0
최소빈,S11판독,sens,MIX864,,0.41442611952160097,0.3856920946242195,0.3568514936784198,0.19702342197686046,0.5131578947331649,286.0
최소빈,S11판독,skin,EyeIrritation6pack_PID863,,0.41260418592293585,0.2166066037561252,0.7697477732135211,0.3687982239056349,0.21130030961595536,287.0
최소빈,S11판독,skin,MIX439,,0.41260418592293585,0.2166066037561252,0.7697477732135211,0.3687982239056349,0.21130030961595536,288.0
최소빈,S11판독,eye,EyeIrritation6pack_PID241,,0.41146195594416235,0.30314330527138894,0.5767209775682517,0.5417928405665319,0.6127258444650108,289.0
최소빈,S11판독,skin,EyeIrritation6pack_PID124,,0.4107641314214743,0.5122093107603399,0.3910525769857891,0.6499362480700482,0.7732516222075939,290.0
최소빈,S11판독,sens,MIX277,,0.4097782605178665,0.9984674187150525,0.42723308414076355,0.28153427815044224,0.3773219814291777,291.0
최소빈,S11판독,eye,MIX517,,0.40936315125859335,0.3910997928293027,0.1779752297771469,0.25476333071025903,0.47534626038970096,292.0
최소빈,S11판독,skin,EyeIrritation6pack_PID1039,,0.4085559885321192,0.5009249919932073,0.7138578046214554,0.21548703427863056,0.28173374613222635,293.0
최소빈,S11판독,skin,MIX527,,0.4085559885321192,0.5009249919932073,0.7138578046214554,0.21548703427863056,0.28173374613222635,294.0
최소빈,S11판독,skin,MIX945,,0.4070347776900279,0.4376961865340995,0.5562177368528449,0.26156650866633935,0.5131578947331649,295.0
최소빈,S11판독,skin,MIX848,,0.40687893869717573,0.6725751175847844,0.5558738012501632,0.5873158423500086,0.5131578947331649,296.0
최소빈,S11판독,eye,EyeIrritation6pack_PID676,,0.4067139780466828,0.20654836262896797,0.05897974907726641,0.3280077905893092,0.7453007518807991,297.0
최소빈,S11판독,eye,MIX1029,,0.4051358951419009,0.3916879195713952,0.1903427936042446,0.4869067749378137,0.463497453324868,298.0
최소빈,S11판독,eye,MIX173,,0.4040454661383659,0.4462393823590371,0.2822635834328582,0.2646827306299904,0.37884139879885076,299.0
최소빈,S11판독,eye,EyeIrritation6pack_PID366,,0.4012513275232598,0.2378274758052969,0.28926065155366676,0.18063733485988542,0.684210526341676,300.0
최소빈,S11판독,eye,MIX167,,0.4012513275232598,0.2378274758052969,0.28926065155366676,0.18063733485988542,0.684210526341676,301.0
최소빈,S11판독,skin,MIX145,,0.40098800538690327,0.35569938700161013,0.4065867147525135,0.3591603633069619,0.7175866495507995,302.0
최소빈,S11판독,skin,EyeIrritation6pack_PID1020,,0.40027945260540676,0.8142227935734196,0.3978452826461295,0.20941166147016477,0.728353140919264,303.0
최소빈,S11판독,eye,MIX57,,0.3998956669760122,0.6916231994320066,0.6334317096446199,0.3122887198072033,4.591940862668737e-14,304.0
최소빈,S11판독,sens,MIX538,,0.3998822173134021,0.3876277641477371,0.6266014599936949,0.5202084614576203,1.368421165863684e-11,305.0
최소빈,S11판독,sens,MIX49,,0.39787754731060937,0.33633956913639207,0.2689305408822305,0.5176005777996879,2.0166254631229867e-11,306.0
최소빈,S11판독,sens,MIX947,,0.3963851220887517,0.1907075710937587,0.14954367345532663,0.1735538123980165,0.5131578947331649,307.0
최소빈,S11판독,eye,EyeIrritation6pack_PID283,,0.39559551591999104,0.21442956824687504,0.1300106105994662,0.40619010782352594,0.704634721133491,308.0
최소빈,S11판독,sens,MIX219,,0.39514730265142123,0.41797580650073607,0.5361049236030767,0.31131974619178526,0.3040935672598699,309.0
최소빈,S11판독,sens,MIX586,,0.3941011902248469,0.6188620782926136,0.21185119118490536,0.15157678785475193,0.5416666666698965,310.0
최소빈,S11판독,skin,MIX539,,0.3931576539209646,0.3686970418884859,0.3821275211418896,0.21806534009867903,0.728353140919264,311.0
최소빈,S11판독,sens,EyeIrritation6pack_PID863,,0.3917775741174038,0.2166066037561252,0.7697477732135211,0.3687982239056349,0.21130030961595536,312.0
최소빈,S11판독,sens,MIX439,,0.3917775741174038,0.2166066037561252,0.7697477732135211,0.3687982239056349,0.21130030961595536,313.0
최소빈,S11판독,skin,MIX760,,0.39115680881741594,0.5872787232724987,0.5211751669952264,0.38982509373532465,0.5131578947331649,314.0
최소빈,S11판독,skin,EyeIrritation6pack_PID41,,0.3910760545636106,0.34429987565010345,0.33207314085766104,0.10662080824084436,0.7965435978019713,315.0
최소빈,S11판독,skin,MIX24,,0.3910760545636106,0.34429987565010345,0.33207314085766104,0.10662080824084436,0.7965435978019713,316.0
최소빈,S11판독,eye,MIX855,,0.38860406802264247,0.32998901301046235,0.4218862205419714,0.6458547247469859,0.5131578947331649,317.0
최소빈,S11판독,skin,EyeIrritation6pack_PID677,,0.3869955732019716,0.20675358017361584,0.6200245891424767,0.37914442107006024,0.351108033245205,318.0
최소빈,S11판독,sens,EyeIrritation6pack_PID132,,0.38523182781430193,0.29282953921156557,0.21880200541736766,0.18619565623634932,0.47243107769909903,319.0
최소빈,S11판독,eye,Cancer_PID_9,,0.38499982902582347,0.17529467424519107,0.5186335430131407,0.6016739597599035,0.7358490566069503,320.0
최소빈,S11판독,skin,EyeIrritation6pack_PID369,,0.38383104361183806,0.2379416367483166,0.619042340463853,0.27547993910030616,0.3421052631759696,321.0
최소빈,S11판독,skin,MIX171,,0.38383104361183806,0.2379416367483166,0.619042340463853,0.27547993910030616,0.3421052631759696,322.0
최소빈,S11판독,eye,EyeIrritation6pack_PID745,,0.38292243255365654,0.38259054042918994,0.8895492641111409,0.20973686979400005,0.4195159431427023,323.0
최소빈,S11판독,eye,EyeIrritation6pack_PID926,,0.3828850780965551,0.28470776818579624,0.3717411182320582,0.19097021816830173,0.56624319419696,324.0
최소빈,S11판독,skin,MIX290,,0.38230871944728795,0.6428472231083955,0.4815236546103897,0.315189178170468,0.543343653261488,325.0
최소빈,S11판독,sens,EyeIrritation6pack_PID143,,0.3822020932345312,0.3761617177043583,0.32059144673256695,0.4972083135458291,1.3281761655486814e-11,326.0
최소빈,S11판독,sens,EyeIrritation6pack_PID675,,0.38142396102683984,0.37245688591241183,0.5413051749038683,0.31847901826152547,0.26657552973809334,327.0
최소빈,S11판독,sens,MIX334,,0.38142396102683984,0.37245688591241183,0.5413051749038683,0.31847901826152547,0.26657552973809334,328.0
최소빈,S11판독,skin,MIX520,,0.3811056503433163,0.3331785490470155,0.3715413478606732,0.38110145507378707,0.7043343653288926,329.0
최소빈,S11판독,skin,MIX845,,0.3804351530200999,0.7523253743482886,0.49751254520265814,0.3937993981122927,0.5131578947331649,330.0
최소빈,S11판독,eye,MIX420,,0.37993655837630647,0.36611765335785357,0.16590916332872196,0.49755970087481466,0.4364791288592539,331.0
최소빈,S11판독,eye,EyeIrritation6pack_PID684,,0.3798883185208658,0.3719325886924366,0.24589008670894882,0.458925167625538,0.42763157895314174,332.0
최소빈,S11판독,skin,EyeIrritation6pack_PID220,,0.3793239364778346,0.2894760716322373,0.49506009781334254,0.4301895294711227,0.5131578947331649,333.0
최소빈,S11판독,skin,MIX111,,0.3793239364778346,0.2894760716322373,0.49506009781334254,0.4301895294711227,0.5131578947331649,334.0
최소빈,S11판독,eye,MIX849,,0.3787682975678512,0.31297795839648507,0.2790781604574074,0.2516152771737998,0.5131578947331649,335.0
최소빈,S11판독,skin,MIX876,,0.3783699183152642,0.3112087879254946,0.49295458618427157,0.48021179719101653,0.5131578947331649,336.0
최소빈,S11판독,sens,EyeIrritation6pack_PID81,,0.3781173202745164,0.27781931750337907,0.20062526815624643,0.49189441518575233,2.0166254631229867e-11,337.0
최소빈,S11판독,skin,EyeIrritation6pack_PID116,,0.37809248149619973,0.12314434606538008,0.496186164359438,0.4809290913159083,0.507392075696973,338.0
최소빈,S11판독,eye,MIX562,,0.37737391935923564,0.6526716317356978,0.1555136676694768,0.07782577929168945,6.492525815257187e-13,339.0
최소빈,S11판독,skin,MIX68,,0.37628283149580966,0.5158437003727091,0.31495258138050586,0.6245820474265976,0.7732516222075939,340.0
최소빈,S11판독,eye,MIX196,,0.3757248750643617,0.649819594598419,0.5947891936525733,0.30919960069978986,8.250908728227508e-12,341.0
최소빈,S11판독,sens,EyeIrritation6pack_PID574,,0.3751013878915536,0.3483678278258358,0.3241033977449316,0.1910494268936306,0.4453823237407287,342.0
최소빈,S11판독,eye,MIX756,,0.374816337760564,0.30614300790399385,0.3264612321353833,0.29401108582817354,0.5131578947331649,343.0
최소빈,S11판독,eye,MIX1070,,0.3738969572729479,0.30455293097430663,0.07032536091619626,0.24169619421439462,0.5131578947331649,344.0
최소빈,S11판독,eye,EyeIrritation6pack_PID170,,0.3738831854839547,0.41856420025176916,0.36290996797576286,0.8798636568486579,0.34210526316516626,345.0
최소빈,S11판독,eye,EyeIrritation6pack_PID356,,0.37357123955532384,0.2979877524861025,0.28337093933633667,0.3538482494257714,0.5221606648251677,346.0
최소빈,S11판독,eye,EyeIrritation6pack_PID574,,0.37310550891640204,0.3483678278258358,0.3241033977449316,0.1910494268936306,0.4453823237407287,347.0
최소빈,S11판독,skin,MIX931,,0.3706543714823466,0.3164072563511837,0.4759264265341662,0.29777289268216534,0.5131578947331649,348.0
최소빈,S11판독,sens,EyeIrritation6pack_PID559,,0.37000973222018846,0.33679818907961084,0.28325019886236896,0.4813472197223377,2.1666668459508327e-11,349.0
최소빈,S11판독,skin,EyeIrritation6pack_PID551,,0.368979870901978,0.2438746414441737,0.3675047141122366,0.2869945214539659,0.6702470461914541,350.0
최소빈,S11판독,sens,EyeIrritation6pack_PID986,,0.3675432295879848,0.28113012993053876,0.7298692729812747,0.4427483364257024,0.05308529946580062,351.0
최소빈,S11판독,eye,MIX677,,0.36657487636032915,0.20186162448719894,0.3125705575454076,0.07479079374656307,0.6481994459904856,352.0
최소빈,S11판독,eye,EyeIrritation6pack_PID117,,0.3658632203673801,0.36575478707574044,0.4194919469277642,0.22027219635889728,0.4005134788222585,353.0
최소빈,S11판독,skin,MIX937,,0.3657074569607045,0.269351666393159,0.465008619660056,0.3540082591445274,0.5131578947331649,354.0
최소빈,S11판독,eye,EyeIrritation6pack_PID220,,0.36517953609989945,0.2894760716322373,0.49506009781334254,0.4301895294711227,0.5131578947331649,355.0
최소빈,S11판독,eye,MIX111,,0.36517953609989945,0.2894760716322373,0.49506009781334254,0.4301895294711227,0.5131578947331649,356.0
최소빈,S11판독,sens,MIX896,,0.3647323485732606,0.6760081341548155,0.3068695873812912,0.13237658595800236,0.5131578947331649,357.0
최소빈,S11판독,eye,MIX407,,0.3639806041365165,0.34983047560522956,0.8919658766795188,0.21309740713678585,0.4195159431427023,358.0
최소빈,S11판독,sens,EyeIrritation6pack_PID746,,0.36302142081507754,0.22387478367756966,0.3582772107445664,0.3264407379111109,0.21872303710869517,359.0
최소빈,S11판독,eye,MIX1046,,0.3622888638416486,0.2844766276250562,0.36674092712880285,0.26405137738711587,0.5131578947331649,360.0
최소빈,S11판독,eye,MIX495,,0.3620397746836598,0.24865562601436575,0.33103973717205,0.1965519445803242,0.56624319419696,361.0
최소빈,S11판독,sens,EyeIrritation6pack_PID740,,0.3619925888563622,0.2898118924390668,0.38029620818045695,0.345334739450064,0.1883744170549196,362.0
최소빈,S11판독,sens,MIX399,,0.3619925888563622,0.2898118924390668,0.38029620818045695,0.345334739450064,0.1883744170549196,363.0
최소빈,S11판독,skin,MIX870,,0.360929627686084,0.2991249341838233,0.4544639827819437,0.26163669453339017,0.5131578947331649,364.0
최소빈,S11판독,sens,MIX498,,0.3600487389903665,0.46490831046689607,0.20877544499667597,0.4683889216640879,1.1818265664416908e-11,365.0
최소빈,S11판독,skin,MIX717,,0.35977431447767827,0.17519504143127038,0.7940194774728463,0.5778773901635947,4.7174615091778156e-11,366.0
최소빈,S11판독,sens,MIX443,,0.35939288386766227,0.5688024902176526,0.05890923992191332,0.46753571696989477,1.410318353337711e-11,367.0
최소빈,S11판독,skin,MIX274,,0.35840458487808846,0.25482575514888595,0.3441651294191547,0.31070294036468366,0.6702470461914541,368.0
최소빈,S11판독,sens,MIX364,,0.3573560398514225,0.3031984038929994,0.4282950371543681,0.27394350554771474,0.2864137087024618,369.0
최소빈,S11판독,eye,MIX904,,0.357225909154806,0.27572020136624525,0.34879377048035254,0.2249109251224081,0.5131578947331649,370.0
최소빈,S11판독,sens,EyeIrritation6pack_PID870,,0.3570526978341597,0.34238377104920825,0.20479784592212277,0.46449135910359696,5.986956544595619e-12,371.0
최소빈,S11판독,sens,EyeIrritation6pack_PID515,,0.3569171536779409,0.08620048590380008,0.2819812516923613,0.4643150291121779,4.7174615091778156e-11,372.0
최소빈,S11판독,skin,MIX615,,0.35594448360578274,0.5972372563296855,0.5843286765869816,0.5251597207856032,0.30185758514854355,373.0
최소빈,S11판독,skin,MIX880,,0.3557735955383703,0.2963712451605609,0.4430846547221665,0.3995830346272837,0.5131578947331649,374.0
최소빈,S11판독,eye,MIX133,,0.3557529020358432,0.14552140453340667,0.48295441387382587,0.40686868738449244,0.704634721133491,375.0
최소빈,S11판독,sens,MIX1040,,0.3546279071284225,0.2388853921414358,0.3168315558949782,0.11923167550583197,0.5131578947331649,376.0
최소빈,S11판독,eye,MIX1067,,0.35369058045647006,0.2011847655268716,0.25715647815298487,0.6723819724562028,0.6157894737016926,377.0
최소빈,S11판독,eye,MIX937,,0.3535436302161964,0.269351666393159,0.465008619660056,0.3540082591445274,0.5131578947331649,378.0
최소빈,S11판독,eye,MIX402,,0.3504152145497738,0.3974455359301853,0.307786025557473,0.46013298965496413,0.3129011553311307,379.0
최소빈,S11판독,skin,EyeIrritation6pack_PID480,,0.3496840431676589,0.06970212095719959,0.2717503170006267,0.1514508659937606,0.7500000000030972,380.0
최소빈,S11판독,skin,MIX231,,0.3496840431676589,0.06970212095719959,0.2717503170006267,0.1514508659937606,0.7500000000030972,381.0
최소빈,S11판독,sens,EyeIrritation6pack_PID246,,0.3495506186998691,0.1284933538271021,0.12623863782865793,0.45473187273720916,2.0166254631229867e-11,382.0
최소빈,S11판독,sens,MIX112,,0.3495506186998691,0.1284933538271021,0.12623863782865793,0.45473187273720916,2.0166254631229867e-11,383.0
최소빈,S11판독,sens,MIX357,,0.3492369954337921,0.4004399798377011,0.13500652852492334,0.17441957270046002,0.41985645933278254,384.0
최소빈,S11판독,sens,MIX411,,0.3483079924378886,0.3366594460504111,0.07181984310358755,0.30729997693798716,0.21872303710869517,385.0
최소빈,S11판독,eye,EyeIrritation6pack_PID481,,0.3482888228169358,0.27451781507785206,0.571514018733554,0.47358439446625444,0.49177631579680076,386.0
최소빈,S11판독,eye,MIX233,,0.3482888228169358,0.27451781507785206,0.571514018733554,0.47358439446625444,0.49177631579680076,387.0
최소빈,S11판독,skin,MIX844,,0.3480678770959331,0.4545893125733264,0.4260781862633438,0.28734492518039123,0.5131578947331649,388.0
최소빈,S11판독,sens,MIX296,,0.34762234351698895,0.03947800757823069,0.13306532698099682,0.4522233714087179,4.7174615091778156e-11,389.0
최소빈,S11판독,sens,EyeIrritation6pack_PID982,,0.3474620576925548,0.16724142810299739,0.5589333150058444,0.45201485490432314,4.7174615091778156e-11,390.0
최소빈,S11판독,skin,EyeIrritation6pack_PID986,,0.3467430081521776,0.28113012993053876,0.7298692729812747,0.4427483364257024,0.05308529946580062,391.0
최소빈,S11판독,skin,MIX855,,0.34616847583884935,0.32998901301046235,0.4218862205419714,0.6458547247469859,0.5131578947331649,392.0
최소빈,S11판독,eye,MIX699,,0.34397576537289687,0.3383302727562017,0.3342180550840625,0.284503529233116,0.38486842106152663,393.0
최소빈,S11판독,eye,EyeIrritation6pack_PID716,,0.3439630224212967,0.5948871810760769,0.1499752245755519,0.15498561002511316,5.376103071524475e-12,394.0
최소빈,S11판독,eye,MIX691,,0.34385086055384995,0.5174436205505322,0.48356259493748194,0.22818618897946086,0.11587436333623119,395.0
최소빈,S11판독,sens,EyeIrritation6pack_PID160,,0.34383551990595745,0.2638834303430368,0.15271038104785306,0.44729707663266466,2.3343695397889433e-11,396.0
최소빈,S11판독,sens,MIX64,,0.34383551990595745,0.2638834303430368,0.15271038104785306,0.44729707663266466,2.3343695397889433e-11,397.0
최소빈,S11판독,sens,MIX571,,0.3437801412502726,0.3877665416452871,0.363878553147758,0.3271880998742571,0.18005540167116496,398.0
최소빈,S11판독,skin,EyeIrritation6pack_PID977,,0.3419194479421199,0.27312509957739134,0.45238594533793125,0.4444044455000226,0.45334194381606574,399.0
최소빈,S11판독,skin,MIX975,,0.341894183684553,0.2970547235729957,0.4124528866810416,0.33480231295572294,0.5131578947331649,400.0
최소빈,S11판독,skin,MIX491,,0.34115118709493253,0.2780234523545731,0.45069039884691403,0.41936639003199566,0.45334194381606574,401.0
최소빈,S11판독,skin,EyeIrritation6pack_PID571,,0.340836002478243,0.1361177205406525,0.49719882762884976,0.5167623279533524,0.3825358851688339,402.0
최소빈,S11판독,skin,MIX282,,0.340836002478243,0.1361177205406525,0.49719882762884976,0.5167623279533524,0.3825358851688339,403.0
최소빈,S11판독,skin,MIX62,,0.3397996158357947,0.2566892897805549,0.2523277972614004,0.4941773629579759,0.7464114832598318,404.0
최소빈,S11판독,skin,EyeIrritation6pack_PID926,,0.3394829534521345,0.28470776818579624,0.3717411182320582,0.19097021816830173,0.56624319419696,405.0
최소빈,S11판독,eye,EyeIrritation6pack_PID62,,0.3393064583608126,0.3891727923907884,0.4624877576844445,0.4473620312232367,0.2964912280813803,406.0
최소빈,S11판독,eye,MIX27,,0.3393064583608126,0.3891727923907884,0.4624877576844445,0.4473620312232367,0.2964912280813803,407.0
최소빈,S11판독,eye,MIX895,,0.33916175147294364,0.24447807607529054,0.262988399425624,0.09172778863829971,0.5131578947331649,408.0
최소빈,S11판독,sens,EyeIrritation6pack_PID813,,0.3387488050249417,0.2082888422061823,0.25166105464893607,0.4406797478103147,2.3343695397889433e-11,409.0
최소빈,S11판독,skin,EyeIrritation6pack_PID366,,0.337745033043342,0.2378274758052969,0.28926065155366676,0.18063733485988542,0.684210526341676,410.0
최소빈,S11판독,skin,MIX167,,0.337745033043342,0.2378274758052969,0.28926065155366676,0.18063733485988542,0.684210526341676,411.0
최소빈,S11판독,skin,MIX677,,0.33742900085140576,0.20186162448719894,0.3125705575454076,0.07479079374656307,0.6481994459904856,412.0
최소빈,S11판독,eye,MIX886,,0.33714761252055614,0.24099460440658024,0.0,0.09852054784667622,0.5131578947331649,413.0
최소빈,S11판독,sens,EyeIrritation6pack_PID1037,,0.3371240523565508,0.5210061430533188,0.5555505079455084,0.4385661002250799,1.2522439225987448e-11,414.0
최소빈,S11판독,sens,EyeIrritation6pack_PID61,,0.33697617829129745,0.17238388654675202,0.4230977348381632,0.3059458864217397,0.19864176572566627,415.0
최소빈,S11판독,eye,MIX846,,0.3369565035311872,0.2406640796682978,0.34632703401305304,0.21972660584068276,0.5131578947331649,416.0
최소빈,S11판독,skin,MIX1017,,0.33691099008629505,0.13002136240713386,0.4014550121303362,0.07812626824856755,0.5131578947331649,417.0
최소빈,S11판독,eye,EyeIrritation6pack_PID578,,0.3365465418917343,0.4595151415362427,0.3119809726370871,0.39615081854332734,0.18381775334543654,418.0
최소빈,S11판독,eye,MIX704,,0.336181743902922,0.5814293889723604,0.5107628952653357,0.5547796994737592,2.3343695397889433e-11,419.0
최소빈,S11판독,eye,MIX1040,,0.33592806863270425,0.2388853921414358,0.3168315558949782,0.11923167550583197,0.5131578947331649,420.0
최소빈,S11판독,sens,MIX895,,0.33348577646350464,0.24447807607529054,0.262988399425624,0.09172778863829971,0.5131578947331649,421.0
최소빈,S11판독,eye,MIX508,,0.33331746896349035,0.3186571401894769,0.3778136039091037,0.31653432325278397,0.38672768879199787,422.0
최소빈,S11판독,eye,EyeIrritation6pack_PID272,,0.3321158967302487,0.3337441117276413,0.4545444181946969,0.13050310279975144,0.3609800362976134,423.0
최소빈,S11판독,skin,MIX574,,0.3317464041026765,0.24118547749957062,0.5778793032285833,0.08864295349589675,0.23142414860918945,424.0
최소빈,S11판독,skin,MIX905,,0.3312480498537144,0.39023538560605536,0.3889569413574414,0.2607381082607648,0.5131578947331649,425.0
최소빈,S11판독,skin,MIX935,,0.33040717920869245,0.5133731154051474,0.3871011455339448,0.35735936905686244,0.5131578947331649,426.0
최소빈,S11판독,eye,EyeIrritation6pack_PID480,,0.32940105222864324,0.06970212095719959,0.2717503170006267,0.1514508659937606,0.7500000000030972,427.0
최소빈,S11판독,eye,MIX231,,0.32940105222864324,0.06970212095719959,0.2717503170006267,0.1514508659937606,0.7500000000030972,428.0
최소빈,S11판독,skin,MIX673,,0.32937746623241076,0.326062955012637,0.2948008751250167,0.3480888127784221,0.6481994459904856,429.0
최소빈,S11판독,eye,MIX265,,0.3290063465860649,0.3439502218738834,0.27945956662888877,0.38933943756034495,0.3376038781206456,430.0
최소빈,S11판독,eye,MIX443,,0.3288808868669484,0.5688024902176526,0.05890923992191332,0.46753571696989477,1.410318353337711e-11,431.0
최소빈,S11판독,eye,MIX1004,,0.32886786464213574,0.3619256229975431,0.3014915179412432,0.20974990394891305,0.31028151775958146,432.0
최소빈,S11판독,eye,MIX871,,0.3268449076394869,0.2231759824481769,0.3294451161697525,0.2984444673985792,0.5131578947331649,433.0
최소빈,S11판독,sens,EyeIrritation6pack_PID1062,,0.32590647224247593,0.201028495271365,0.4127644667121152,0.4239731029830883,1.9473703351743502e-11,434.0
최소빈,S11판독,skin,EyeIrritation6pack_PID675,,0.32579265941439955,0.37245688591241183,0.5413051749038683,0.31847901826152547,0.26657552973809334,435.0
최소빈,S11판독,skin,MIX334,,0.32579265941439955,0.37245688591241183,0.5413051749038683,0.31847901826152547,0.26657552973809334,436.0
최소빈,S11판독,eye,MIX524,,0.32394553761909767,0.5602667587292283,0.4153416721081626,0.3864250347550553,1.2522439225987448e-11,437.0
최소빈,S11판독,sens,MIX750,,0.32341409375119956,0.6352686803345401,0.3882679357804965,0.3126975163113154,0.16204986150516473,438.0
최소빈,S11판독,skin,MIX29,,0.32340760420475717,0.3529257743601353,0.322780950405704,0.33270837679037557,0.5864661654228758,439.0
최소빈,S11판독,sens,EyeIrritation6pack_PID563,,0.32292650992565447,0.0699734121508952,0.16239766972717173,0.4200964574301496,4.7174615091778156e-11,440.0
최소빈,S11판독,eye,MIX1073,,0.3219836154006117,0.21476833323044547,0.2991818387279841,0.0870196422970377,0.5131578947331649,441.0
최소빈,S11판독,eye,MIX354,,0.3216661214874929,0.5563244877669203,0.15064358539765899,0.20364725663997954,5.376103071524475e-12,442.0
최소빈,S11판독,skin,MIX1046,,0.3211818593936806,0.2844766276250562,0.36674092712880285,0.26405137738711587,0.5131578947331649,443.0
최소빈,S11판독,skin,MIX495,,0.3210409480806982,0.24865562601436575,0.33103973717205,0.1965519445803242,0.56624319419696,444.0
최소빈,S11판독,skin,MIX842,,0.320971210254812,0.1570570292236634,0.3876576048408977,0.3504071778539106,0.48108552632895285,445.0
최소빈,S11판독,skin,MIX484,,0.3198272403409201,0.8508274744507602,0.24475815703129813,0.2389436512153763,0.6916475972550657,446.0
최소빈,S11판독,skin,EyeIrritation6pack_PID1034,,0.3194226827987123,0.4219402621133251,0.2354074558906847,0.4227064370619815,0.7043343653288926,447.0
최소빈,S11판독,sens,EyeIrritation6pack_PID1019,,0.31856850519785873,0.33888276015630975,0.5209441801254829,0.4144271107389801,1.368421165863684e-11,448.0
최소빈,S11판독,skin,EyeIrritation6pack_PID422,,0.31851396548029254,0.3909643098863265,0.3418470553574399,0.23146220018242747,0.5416666666698965,449.0
최소빈,S11판독,eye,EyeIrritation6pack_PID675,,0.31810986266581676,0.37245688591241183,0.5413051749038683,0.31847901826152547,0.26657552973809334,450.0
최소빈,S11판독,eye,MIX334,,0.31810986266581676,0.37245688591241183,0.5413051749038683,0.31847901826152547,0.26657552973809334,451.0
최소빈,S11판독,skin,MIX599,,0.31571420533777633,0.30221393871830127,0.6967791147782149,0.3735504623234544,5.376103071524475e-12,452.0
최소빈,S11판독,skin,EyeIrritation6pack_PID272,,0.3149976924678565,0.3337441117276413,0.4545444181946969,0.13050310279975144,0.3609800362976134,453.0
최소빈,S11판독,eye,MIX1043,,0.3139497659241266,0.20087371736551468,0.16347389380906624,0.08323622470544519,0.5131578947331649,454.0
최소빈,S11판독,eye,EyeIrritation6pack_PID808,,0.3132656446663028,0.3220493401644376,0.37910331433572025,0.49248687324271423,0.3296196696122624,455.0
최소빈,S11판독,eye,MIX561,,0.3132656446663028,0.3220493401644376,0.37910331433572025,0.49248687324271423,0.3296196696122624,456.0
최소빈,S11판독,skin,MIX904,,0.31304991028795504,0.27572020136624525,0.34879377048035254,0.2249109251224081,0.5131578947331649,457.0
최소빈,S11판독,skin,MIX846,,0.3119322192908662,0.2406640796682978,0.34632703401305304,0.21972660584068276,0.5131578947331649,458.0
최소빈,S11판독,eye,MIX69,,0.31151525113479955,0.3106982895688273,0.08468346496193951,0.7102220336059397,0.34210526316516626,459.0
최소빈,S11판독,skin,EyeIrritation6pack_PID179,,0.3113857127598981,0.4458164037329597,0.361107125044469,0.10723602624079712,0.4891785538624836,460.0
최소빈,S11판독,eye,MIX324,,0.31110965523185585,0.41091281459428763,0.39339511901681357,0.07601986495042871,0.19073125291276752,461.0
최소빈,S11판독,skin,MIX614,,0.3106594951559822,0.45056596185808,0.35950436770685057,0.08058911056667627,0.4891785538624836,462.0
최소빈,S11판독,sens,EyeIrritation6pack_PID1039,,0.310022465503826,0.5009249919932073,0.7138578046214554,0.21548703427863056,0.28173374613222635,463.0
최소빈,S11판독,sens,MIX527,,0.310022465503826,0.5009249919932073,0.7138578046214554,0.21548703427863056,0.28173374613222635,464.0
최소빈,S11판독,eye,EyeIrritation6pack_PID478,,0.30875419305027163,0.45674361434195454,0.47938316358960475,0.3071525684323493,0.11587436333623119,465.0
최소빈,S11판독,skin,MIX593,,0.3078802586439055,0.5494411334873963,0.28851220382451614,0.4414012002667674,0.5864661654228758,466.0
최소빈,S11판독,sens,EyeIrritation6pack_PID149,,0.30780557834380423,0.316858459684598,0.1974909421024591,0.4004255738436013,1.3281761655486814e-11,467.0
최소빈,S11판독,skin,MIX36,,0.3078038196961423,0.4976605639192202,0.37522737994583727,0.2738377215412102,0.4561403508802033,468.0
최소빈,S11판독,sens,EyeIrritation6pack_PID332,,0.3073826358501868,0.1910615750418132,0.26205865096951114,0.3998753661715227,1.3281761655486814e-11,469.0
최소빈,S11판독,eye,EyeIrritation6pack_PID783,,0.3059985014136487,0.1871219329494925,0.18690899099815375,0.39216914644295636,0.5131578947364971,470.0
최소빈,S11판독,eye,MIX369,,0.3059985014136487,0.1871219329494925,0.18690899099815375,0.39216914644295636,0.5131578947364971,471.0
최소빈,S11판독,sens,MIX166,,0.3058786728665741,0.08751153303420638,0.11396352549267126,0.2198366626135295,0.2671232876764382,472.0
최소빈,S11판독,skin,EyeIrritation6pack_PID104,,0.30377799707092246,0.47030712844384237,0.36634241665421696,0.27055616843682545,0.4561403508802033,473.0
최소빈,S11판독,skin,MIX1067,,0.30253051252396046,0.2011847655268716,0.25715647815298487,0.6723819724562028,0.6157894737016926,474.0
최소빈,S11판독,sens,EyeIrritation6pack_PID456,,0.3023704197871159,0.3682654329913232,0.43779457708742947,0.3329834361513546,0.09055727554927342,475.0
최소빈,S11판독,eye,EyeIrritation6pack_PID1037,,0.3012450988476688,0.5210061430533188,0.5555505079455084,0.4385661002250799,1.2522439225987448e-11,476.0
최소빈,S11판독,skin,EyeIrritation6pack_PID549,,0.3002876394034381,0.2649033977439488,0.3401763971769084,0.5031359356384192,0.4838345864661821,477.0
최소빈,S11판독,eye,MIX616,,0.2998722878518879,0.3173934638379339,0.3402052392482867,0.4964417315705526,0.30185758514854355,478.0
최소빈,S11판독,skin,EyeIrritation6pack_PID62,,0.29911671975121074,0.3891727923907884,0.4624877576844445,0.4473620312232367,0.2964912280813803,479.0
최소빈,S11판독,skin,MIX27,,0.29911671975121074,0.3891727923907884,0.4624877576844445,0.4473620312232367,0.2964912280813803,480.0
최소빈,S11판독,sens,EyeIrritation6pack_PID867,,0.2987389286241062,0.7503651290114116,0.19411124560926732,0.38863073101900913,1.410318353337711e-11,481.0
최소빈,S11판독,skin,MIX1040,,0.29856766625310477,0.2388853921414358,0.3168315558949782,0.11923167550583197,0.5131578947331649,482.0
최소빈,S11판독,eye,EyeIrritation6pack_PID628,,0.2985294547486567,0.38915524324203643,0.3951572174437021,0.062181262166356256,0.19073125291276752,483.0
최소빈,S11판독,skin,EyeIrritation6pack_PID370,,0.2979979800373162,0.6644483035036013,0.4051185928946045,0.25485231693945126,0.37884139879885076,484.0
최소빈,S11판독,eye,MIX365,,0.2972944044081705,0.3232309085659876,0.3251251328478043,0.6539421026368424,0.2864137087024618,485.0
최소빈,S11판독,skin,EyeIrritation6pack_PID654,,0.2972686660848446,0.537692777294468,0.2650924908539929,0.5201727150212625,0.5864661654228758,486.0
최소빈,S11판독,sens,MIX524,,0.29704341849979127,0.5602667587292283,0.4153416721081626,0.3864250347550553,1.2522439225987448e-11,487.0
최소빈,S11판독,sens,EyeIrritation6pack_PID916,,0.29632261887690736,0.3101405295336895,0.2678398864078817,0.38548734281714725,1.0194738825123865e-09,488.0
최소빈,S11판독,sens,MIX482,,0.29632261887690736,0.27502149753056704,0.19528176400153768,0.38548734281714725,1.0194738825123865e-09,489.0
최소빈,S11판독,eye,MIX311,,0.2940294509716539,0.37014695730916414,0.18787084376265673,0.4051155008254264,0.2075694855151692,490.0
최소빈,S11판독,eye,EyeIrritation6pack_PID168,,0.2936156062860969,0.5078108661612357,0.5557454658586534,0.5660595956383992,5.8285744652132476e-12,491.0
최소빈,S11판독,eye,MIX571,,0.2936113333555037,0.3877665416452871,0.363878553147758,0.3271880998742571,0.18005540167116496,492.0
최소빈,S11판독,sens,MIX626,,0.29301561178934965,0.25391034006854585,0.4674709531040198,0.3811852440331675,1.3281761655486814e-11,493.0
최소빈,S11판독,eye,MIX1033,,0.2930107900075771,0.16465956774557627,0.1294884452411916,0.20332375475110712,0.5131578947331649,494.0
최소빈,S11판독,sens,EyeIrritation6pack_PID361,,0.2929587654842829,0.21225233313155203,0.08606775966250242,0.203029100659938,0.2671232876764382,495.0
최소빈,S11판독,eye,EyeIrritation6pack_PID59,,0.29286239592868446,0.07317484865604051,0.5622610656806591,0.4608855293940674,0.6500000000003027,496.0
최소빈,S11판독,eye,EyeIrritation6pack_PID809,,0.2924022763560023,0.5057124009960999,0.5329851816521516,0.10698057618191631,6.492525815257187e-13,497.0
최소빈,S11판독,skin,MIX980,,0.29139007085653856,0.35671915770840945,0.30099065142464987,0.35011844145648363,0.5131578947331649,498.0
최소빈,S11판독,eye,EyeIrritation6pack_PID777,,0.2911231924663537,0.312557741287512,0.3335170352697111,0.6585106083763282,0.2864137087024618,499.0
최소빈,S11판독,skin,MIX1073,,0.29057048850824796,0.21476833323044547,0.2991818387279841,0.0870196422970377,0.5131578947331649,500.0
최소빈,S11판독,skin,MIX863,,0.2897290296802656,0.15695703455741977,0.297324744788674,0.4605375138872995,0.5131578947331649,501.0
최소빈,S11판독,eye,MIX863,,0.2885571949731534,0.15695703455741977,0.297324744788674,0.4605375138872995,0.5131578947331649,502.0
최소빈,S11판독,skin,MIX508,,0.28800816131359136,0.3186571401894769,0.3778136039091037,0.31653432325278397,0.38672768879199787,503.0
최소빈,S11판독,eye,EyeIrritation6pack_PID312,,0.2876042103401529,0.44339748159659964,0.37647264819732135,0.04252861538783243,0.08102493076645619,504.0
최소빈,S11판독,eye,MIX747,,0.2876042103401529,0.44339748159659964,0.37647264819732135,0.04252861538783243,0.08102493076645619,505.0
최소빈,S11판독,eye,MIX1,,0.28588660872950744,0.21453918824972937,0.10529300652372298,0.4526529248632205,0.41985645933507976,506.0
최소빈,S11판독,eye,MIX364,,0.28571163531658533,0.3031984038929994,0.4282950371543681,0.27394350554771474,0.2864137087024618,507.0
최소빈,S11판독,skin,EyeIrritation6pack_PID1038,,0.28560259136133087,0.24699959453814546,0.44250048907583783,0.5594062391719593,0.28173374613222635,508.0
최소빈,S11판독,skin,MIX525,,0.28560259136133087,0.24699959453814546,0.44250048907583783,0.5594062391719593,0.28173374613222635,509.0
최소빈,S11판독,skin,MIX934,,0.284256124922003,0.24195607588144707,0.28524608102165266,0.5976218756959651,0.5131578947331649,510.0
최소빈,S11판독,sens,EyeIrritation6pack_PID568,,0.28403350966785446,0.7842972115823135,0.3597759703375573,0.11795240192528166,0.3773219814291777,511.0
최소빈,S11판독,eye,EyeIrritation6pack_PID380,,0.2827376759954761,0.13567555745669366,0.11880806249336245,0.41250334693321833,0.5299827437451022,512.0
최소빈,S11판독,skin,MIX849,,0.2814614083493958,0.31297795839648507,0.2790781604574074,0.2516152771737998,0.5131578947331649,513.0
최소빈,S11판독,skin,EyeIrritation6pack_PID574,,0.28138960173709876,0.3483678278258358,0.3241033977449316,0.1910494268936306,0.4453823237407287,514.0
최소빈,S11판독,eye,EyeIrritation6pack_PID347,,0.2809326106997707,0.3778422687420162,0.18705462252804328,0.24729941848687215,0.16204986150516473,515.0
최소빈,S11판독,skin,MIX364,,0.28057970469894117,0.3031984038929994,0.4282950371543681,0.27394350554771474,0.2864137087024618,516.0
최소빈,S11판독,eye,EyeIrritation6pack_PID871,,0.2800318751723656,0.24439970268155845,0.4639829878915972,0.22009951733262895,0.35987696514415557,517.0
최소빈,S11판독,eye,EyeIrritation6pack_PID3,,0.27967462898877576,0.20379551269160054,0.13637143396147927,0.4608371321408543,0.41985645933507976,518.0
최소빈,S11판독,eye,MIX519,,0.27926919394170274,0.4829986153062963,0.46757572091158306,0.26771596535501146,1.3685806873824862e-12,519.0
최소빈,S11판독,eye,MIX411,,0.2789663269715074,0.3366594460504111,0.07181984310358755,0.30729997693798716,0.21872303710869517,520.0
최소빈,S11판독,sens,MIX293,,0.27848282432651905,0.49048408870077526,0.18036313072951787,0.3622794795811001,2.1666668459508327e-11,521.0
최소빈,S11판독,eye,MIX868,,0.27832438886789973,0.4813645663001237,0.08915591566923543,0.15596904107786339,3.5921169547863705e-11,522.0
최소빈,S11판독,skin,EyeIrritation6pack_PID103,,0.27717867505302957,0.3128115770178457,0.25934835652750504,0.27123202106916144,0.5285746555214815,523.0
최소빈,S11판독,eye,EyeIrritation6pack_PID557,,0.2771615164259392,0.25864029483155293,0.29819924532877196,0.47999318353802406,0.33106960951405345,524.0
최소빈,S11판독,eye,MIX283,,0.2771615164259392,0.25864029483155293,0.29819924532877196,0.47999318353802406,0.33106960951405345,525.0
최소빈,S11판독,eye,MIX842,,0.27625220962433095,0.1570570292236634,0.3876576048408977,0.3504071778539106,0.48108552632895285,526.0
최소빈,S11판독,sens,EyeIrritation6pack_PID358,,0.2761882618905528,0.2105833778683964,0.059925603169692906,0.2134791155816494,0.21872303710869517,527.0
최소빈,S11판독,skin,MIX594,,0.275615828035023,0.5251170600532972,0.3927090878880024,0.52380111031258,0.32335976929101107,528.0
최소빈,S11판독,eye,MIX489,,0.2749821660343369,0.475584161480229,0.35843560123548535,0.1537072761863693,3.961375087631298e-12,529.0
최소빈,S11판독,skin,EyeIrritation6pack_PID553,,0.2741857662910683,0.3403096260050393,0.1918900703760061,0.18386379882928286,0.619854090671218,530.0
최소빈,S11판독,skin,MIX275,,0.2741857662910683,0.3403096260050393,0.1918900703760061,0.18386379882928286,0.619854090671218,531.0
최소빈,S11판독,skin,MIX895,,0.2741710547632167,0.24447807607529054,0.262988399425624,0.09172778863829971,0.5131578947331649,532.0
최소빈,S11판독,eye,EyeIrritation6pack_PID748,,0.2741010429566366,0.19372399378227653,0.12738712042963493,0.3035341936361984,0.42050438596487066,533.0
최소빈,S11판독,eye,MIX415,,0.2741010429566366,0.19372399378227653,0.12738712042963493,0.3035341936361984,0.42050438596487066,534.0
최소빈,S11판독,skin,MIX33,,0.27341948907177477,0.42261675601247606,0.2510518585048187,0.33642797269439806,0.5285746555214815,535.0
최소빈,S11판독,sens,EyeIrritation6pack_PID347,,0.2731428307802319,0.3778422687420162,0.18705462252804328,0.24729941848687215,0.16204986150516473,536.0
최소빈,S11판독,eye,MIX1017,,0.2729830230991745,0.13002136240713386,0.4014550121303362,0.07812626824856755,0.5131578947331649,537.0
최소빈,S11판독,eye,MIX449,,0.27216488807026945,0.23079367681339444,0.6670017594182801,0.2516917802675984,0.35987696514415557,538.0
최소빈,S11판독,sens,MIX602,,0.27204489250195246,0.30459575743915357,0.4381278305660209,0.35390434694432976,2.0166254631229867e-11,539.0
최소빈,S11판독,eye,EyeIrritation6pack_PID120,,0.2718398845888914,0.4701495570940268,0.47481430931481433,0.2705110339320259,4.591940862668737e-14,540.0
최소빈,S11판독,skin,EyeIrritation6pack_PID808,,0.2713419106845409,0.3220493401644376,0.37910331433572025,0.49248687324271423,0.3296196696122624,541.0
최소빈,S11판독,skin,MIX561,,0.2713419106845409,0.3220493401644376,0.37910331433572025,0.49248687324271423,0.3296196696122624,542.0
최소빈,S11판독,eye,EyeIrritation6pack_PID365,,0.27015443491863517,0.32141919846097466,0.14009128420123884,0.07338613256818798,0.21872303710869517,543.0
최소빈,S11판독,skin,MIX196,,0.26950204682593165,0.649819594598419,0.5947891936525733,0.30919960069978986,8.250908728227508e-12,544.0
최소빈,S11판독,eye,EyeIrritation6pack_PID369,,0.26944744567712675,0.2379416367483166,0.619042340463853,0.27547993910030616,0.3421052631759696,545.0
최소빈,S11판독,eye,MIX171,,0.26944744567712675,0.2379416367483166,0.619042340463853,0.27547993910030616,0.3421052631759696,546.0
최소빈,S11판독,eye,EyeIrritation6pack_PID533,,0.2690489090903156,0.3500061586987767,0.8288712800840049,0.2147929053810917,0.1729745712634226,547.0
최소빈,S11판독,skin,MIX35,,0.26903285979162267,0.39516586125275505,0.5937537010441847,0.141174071324277,6.149440605890051e-12,548.0
최소빈,S11판독,eye,MIX498,,0.26880940236341816,0.46490831046689607,0.20877544499667597,0.4683889216640879,1.1818265664416908e-11,549.0
최소빈,S11판독,eye,MIX204,,0.2688031575965949,0.4648975100842567,0.13296338624358964,0.35707533482624265,1.410318353337711e-11,550.0
최소빈,S11판독,eye,MIX287,,0.26802826321953405,0.46355732320069204,0.20261451524532828,0.5693567944725217,1.1818265664416908e-11,551.0
최소빈,S11판독,skin,MIX699,,0.26769316443347946,0.3383302727562017,0.3342180550840625,0.284503529233116,0.38486842106152663,552.0
최소빈,S11판독,skin,MIX339,,0.26715985424453587,0.09426132596679364,0.4299708676680752,0.7215307768262577,0.2394736842182752,553.0
최소빈,S11판독,skin,MIX622,,0.26618420718479713,0.45599177840408334,0.3359187564020456,0.4409662480478707,0.3773219814291777,554.0
최소빈,S11판독,eye,MIX61,,0.2659524329472789,0.45996715583875103,0.2534431714978073,0.3222669055750101,2.0056412671140226e-12,555.0
최소빈,S11판독,sens,EyeIrritation6pack_PID360,,0.2618563413846704,0.24604995339754804,0.22475867550659678,0.06074571165645738,0.41985645933278254,556.0
최소빈,S11판독,eye,MIX478,,0.26173218533005027,0.3623007711247953,0.27628442742202547,0.2984490453151593,0.13555114201675908,557.0
최소빈,S11판독,eye,MIX235,,0.2609523180209618,0.4513194115117518,0.5310579103634154,0.45644760609960555,1.1818265664416908e-11,558.0
최소빈,S11판독,sens,MIX25,,0.2602373437969595,0.2573050266177132,0.34130996090524635,0.20611601327745913,0.19864176572566627,559.0
최소빈,S11판독,sens,MIX250,,0.2600954115277108,0.037619881760529876,0.12963612718383719,0.33835921677600167,4.7174615091778156e-11,560.0
최소빈,S11판독,skin,MIX923,,0.259994388510846,0.3513503387236823,0.2317005929383753,0.40155541716666204,0.5131578947331649,561.0
최소빈,S11판독,skin,MIX586,,0.259612169941714,0.6188620782926136,0.21185119118490536,0.15157678785475193,0.5416666666698965,562.0
최소빈,S11판독,sens,MIX513,,0.2594259393143631,0.6727897700500485,0.07689714937037616,0.1865595050103144,0.22639318886080695,563.0
최소빈,S11판독,skin,MIX700,,0.25715463731126637,0.7479664347438377,0.23884917392660138,0.5373494008685158,0.4930340557289811,564.0
최소빈,S11판독,eye,EyeIrritation6pack_PID411,,0.25566315936652717,0.4421717634324539,0.46332878754982804,0.3764370336105402,8.250908728227508e-12,565.0
최소빈,S11판독,eye,EyeIrritation6pack_PID677,,0.2548848107053904,0.20675358017361584,0.6200245891424767,0.37914442107006024,0.351108033245205,566.0
최소빈,S11판독,skin,MIX691,,0.2541068826481965,0.5174436205505322,0.48356259493748194,0.22818618897946086,0.11587436333623119,567.0
최소빈,S11판독,skin,MIX194,,0.25408936331126614,0.16337765461224643,0.31798912512725686,0.48103542201310523,0.3641765704644877,568.0
최소빈,S11판독,skin,EyeIrritation6pack_PID982,,0.2532555635641705,0.16724142810299739,0.5589333150058444,0.45201485490432314,4.7174615091778156e-11,569.0
최소빈,S11판독,sens,EyeIrritation6pack_PID71,,0.25226733442587634,0.23081004739413197,0.253582284708849,0.17389287258143757,0.23142414860918945,570.0
최소빈,S11판독,skin,EyeIrritation6pack_PID478,,0.2522131607802957,0.45674361434195454,0.47938316358960475,0.3071525684323493,0.11587436333623119,571.0
최소빈,S11판독,skin,EyeIrritation6pack_PID168,,0.2518111326855847,0.5078108661612357,0.5557454658586534,0.5660595956383992,5.8285744652132476e-12,572.0
최소빈,S11판독,skin,EyeIrritation6pack_PID1037,,0.25172279625312255,0.5210061430533188,0.5555505079455084,0.4385661002250799,1.2522439225987448e-11,573.0
최소빈,S11판독,skin,EyeIrritation6pack_PID61,,0.2517115006595482,0.17238388654675202,0.4230977348381632,0.3059458864217397,0.19864176572566627,574.0
최소빈,S11판독,skin,EyeIrritation6pack_PID1033,,0.2514975209070402,0.12234321296496435,0.5550533267885508,0.08231698187541066,1.3685806873824862e-12,575.0
최소빈,S11판독,eye,EyeIrritation6pack_PID1038,,0.2514135885304232,0.24699959453814546,0.44250048907583783,0.5594062391719593,0.28173374613222635,576.0
최소빈,S11판독,eye,MIX525,,0.2514135885304232,0.24699959453814546,0.44250048907583783,0.5594062391719593,0.28173374613222635,577.0
최소빈,S11판독,sens,EyeIrritation6pack_PID792,,0.2512136100961477,0.3311193975521061,0.5438253435233381,0.301924461123622,0.03732057416505847,578.0
최소빈,S11판독,sens,MIX371,,0.2512136100961477,0.3311193975521061,0.5438253435233381,0.301924461123622,0.03732057416505847,579.0
최소빈,S11판독,eye,MIX665,,0.25016926284937735,0.16566103347586697,0.3888684840755452,0.40263854935463733,0.4005134788222585,580.0
최소빈,S11판독,skin,MIX34,,0.24879599832931468,0.14414121173486188,0.3948083190018298,0.10377407965016369,0.23142414860918945,581.0
최소빈,S11판독,skin,MIX641,,0.24830515065477382,0.1472115705343145,0.548007787219896,0.3851931128156016,3.7780392849505537e-11,582.0
최소빈,S11판독,eye,EyeIrritation6pack_PID456,,0.24783734721629108,0.3682654329913232,0.43779457708742947,0.3329834361513546,0.09055727554927342,583.0
최소빈,S11판독,sens,EyeIrritation6pack_PID247,,0.24728770494282176,0.09568670501850512,0.0957257446458288,0.3216976173305312,2.0166254631229867e-11,584.0
최소빈,S11판독,sens,MIX114,,0.24728770494282176,0.09568670501850512,0.0957257446458288,0.3216976173305312,2.0166254631229867e-11,585.0
최소빈,S11판독,skin,EyeIrritation6pack_PID70,,0.24580616879161382,0.21693273293103332,0.38820978544392776,0.13844535848655667,0.23142414860918945,586.0
최소빈,S11판독,eye,EyeIrritation6pack_PID137,,0.24552645016171393,0.4246402325080356,0.5407357014680789,0.4909517991134048,8.947561989625936e-12,587.0
최소빈,S11판독,skin,MIX616,,0.2453308969057156,0.3173934638379339,0.3402052392482867,0.4964417315705526,0.30185758514854355,588.0
최소빈,S11판독,sens,EyeIrritation6pack_PID48,,0.24510215230463944,0.14856368249695545,0.21148164547643253,0.28844506597250863,0.04561403510295194,589.0
최소빈,S11판독,skin,EyeIrritation6pack_PID137,,0.24501013114048964,0.4246402325080356,0.5407357014680789,0.4909517991134048,8.947561989625936e-12,590.0
최소빈,S11판독,eye,EyeIrritation6pack_PID965,,0.244523212880813,0.33253769648514636,0.3422281401412319,0.2923586863753619,0.13555114201675908,591.0
최소빈,S11판독,sens,EyeIrritation6pack_PID538,,0.24449513890191452,0.26942028412634705,0.3730470481632065,0.3180647564056085,1.3281761655486814e-11,592.0
최소빈,S11판독,skin,MIX173,,0.24233174254377904,0.4462393823590371,0.2822635834328582,0.2646827306299904,0.37884139879885076,593.0
최소빈,S11판독,skin,EyeIrritation6pack_PID743,,0.24173965507315195,0.5262064614678361,0.32491701270357976,0.6225777786898572,0.3129011553311307,594.0
최소빈,S11판독,skin,EyeIrritation6pack_PID809,,0.24149833069401233,0.5057124009960999,0.5329851816521516,0.10698057618191631,6.492525815257187e-13,595.0
최소빈,S11판독,skin,MIX235,,0.24062507415096374,0.4513194115117518,0.5310579103634154,0.45644760609960555,1.1818265664416908e-11,596.0
최소빈,S11판독,skin,EyeIrritation6pack_PID684,,0.24058877845279453,0.3719325886924366,0.24589008670894882,0.458925167625538,0.42763157895314174,597.0
최소빈,S11판독,sens,MIX663,,0.23850304793502025,0.15165044311416154,0.2815683316821074,0.27986026329175434,0.04561403510295194,598.0
최소빈,S11판독,eye,MIX545,,0.2367591673968897,0.3289817810497484,0.2766698483280845,0.28840569062483185,0.12074303406738647,599.0
최소빈,S11판독,skin,EyeIrritation6pack_PID628,,0.23666197893716587,0.38915524324203643,0.3951572174437021,0.062181262166356256,0.19073125291276752,600.0
최소빈,S11판독,skin,MIX324,,0.23586356306509101,0.41091281459428763,0.39339511901681357,0.07601986495042871,0.19073125291276752,601.0
최소빈,S11판독,skin,EyeIrritation6pack_PID557,,0.2351218438506344,0.25864029483155293,0.29819924532877196,0.47999318353802406,0.33106960951405345,602.0
최소빈,S11판독,skin,MIX283,,0.2351218438506344,0.25864029483155293,0.29819924532877196,0.47999318353802406,0.33106960951405345,603.0
최소빈,S11판독,eye,MIX194,,0.23484237947600842,0.16337765461224643,0.31798912512725686,0.48103542201310523,0.3641765704644877,604.0
최소빈,S11판독,skin,MIX402,,0.23397751657223198,0.3974455359301853,0.307786025557473,0.46013298965496413,0.3129011553311307,605.0
최소빈,S11판독,sens,MIX221,,0.2326299770002608,0.05427307688574001,0.05702240262222455,0.1568139592284978,0.21872303710869517,606.0
최소빈,S11판독,skin,MIX704,,0.23142929829366188,0.5814293889723604,0.5107628952653357,0.5547796994737592,2.3343695397889433e-11,607.0
최소빈,S11판독,skin,EyeIrritation6pack_PID751,,0.23125357905060018,0.4300333752950325,0.2193889981943619,0.4812973668244234,0.4364791288592539,608.0
최소빈,S11판독,skin,EyeIrritation6pack_PID560,,0.23124538924092297,0.2803914550397713,0.5103570092385507,0.5595267613882878,1.1163429829733105e-11,609.0
최소빈,S11판독,skin,EyeIrritation6pack_PID1027,,0.23091726904755372,0.059935181785982616,0.25181439100491015,0.2344037659663119,0.38672768879199787,610.0
최소빈,S11판독,skin,EyeIrritation6pack_PID661,,0.23056407123292044,0.32716661173594297,0.11456253323474044,0.7704737917800327,0.5914362176669774,611.0
최소빈,S11판독,skin,MIX337,,0.23056407123292044,0.32716661173594297,0.11456253323474044,0.7704737917800327,0.5914362176669774,612.0
최소빈,S11판독,skin,MIX1004,,0.2303341285711981,0.3619256229975431,0.3014915179412432,0.20974990394891305,0.31028151775958146,613.0
최소빈,S11판독,eye,MIX91,,0.23016497342129147,0.3980724185261838,0.4323884963879867,0.6936632568491921,1.3281761655486814e-11,614.0
최소빈,S11판독,skin,EyeIrritation6pack_PID631,,0.22996980983749452,0.45883567930557684,0.22921888817475303,0.6040177538696679,0.4174843889393402,615.0
최소빈,S11판독,eye,MIX574,,0.22865924252942033,0.24118547749957062,0.5778793032285833,0.08864295349589675,0.23142414860918945,616.0
최소빈,S11판독,skin,MIX265,,0.22860460609342675,0.3439502218738834,0.27945956662888877,0.38933943756034495,0.3376038781206456,617.0
최소빈,S11판독,eye,MIX35,,0.22848440564635608,0.39516586125275505,0.5937537010441847,0.141174071324277,6.149440605890051e-12,618.0
최소빈,S11판독,sens,MIX588,,0.22785730575610713,0.17204879154060929,0.2597015754756411,0.23604901213622623,0.09055727554927342,619.0
최소빈,S11판독,eye,MIX67,,0.22673058938992185,0.39213262005867583,0.33034516373346795,0.7022876844710425,5.8285744652132476e-12,620.0
최소빈,S11판독,sens,MIX168,,0.2259221587989206,0.12554698765938194,0.10366570143660922,0.18206098307364915,0.16776315789718482,621.0
최소빈,S11판독,skin,EyeIrritation6pack_PID456,,0.2257216228139391,0.3682654329913232,0.43779457708742947,0.3329834361513546,0.09055727554927342,622.0
최소빈,S11판독,skin,EyeIrritation6pack_PID790,,0.22550824409514542,0.13072603286316165,0.4976951687267324,0.2698332688026413,7.613164484843962e-12,623.0
최소빈,S11판독,eye,MIX25,,0.2253430571632013,0.2573050266177132,0.34130996090524635,0.20611601327745913,0.19864176572566627,624.0
최소빈,S11판독,eye,EyeIrritation6pack_PID175,,0.22519206817851872,0.3894717329305255,0.6202279093135712,0.5548649361269546,1.0194738825123865e-09,625.0
최소빈,S11판독,eye,MIX73,,0.22519206817851872,0.3894717329305255,0.6202279093135712,0.5548649361269546,1.0194738825123865e-09,626.0
최소빈,S11판독,eye,MIX280,,0.2249193255697566,0.38900002277551965,0.48400039907002496,0.5621282157137459,1.1818265664416908e-11,627.0
최소빈,S11판독,skin,MIX750,,0.22487661916447235,0.6352686803345401,0.3882679357804965,0.3126975163113154,0.16204986150516473,628.0
최소빈,S11판독,skin,EyeIrritation6pack_PID194,,0.22414675262088046,0.3611756217965306,0.14587715676265803,0.2232419403164549,0.5232198142477354,629.0
최소빈,S11판독,eye,EyeIrritation6pack_PID71,,0.222660181847846,0.23081004739413197,0.253582284708849,0.17389287258143757,0.23142414860918945,630.0
최소빈,S11판독,skin,MIX47,,0.22256293857541457,0.1586445764911819,0.1529335155822953,0.5034254034604221,0.507392075696973,631.0
최소빈,S11판독,eye,EyeIrritation6pack_PID998,,0.22220824129800876,0.38431117781951457,0.24372136353973356,0.17680070483707405,2.3343695397889433e-11,632.0
최소빈,S11판독,sens,EyeIrritation6pack_PID1001,,0.22204217931076525,0.5733542770432747,0.09846972937809256,0.13792681409955057,0.22639318886080695,633.0
최소빈,S11판독,skin,MIX504,,0.22183621156584446,0.8696508916126601,0.4090956617429028,0.08022889833149134,0.12074303406738647,634.0
최소빈,S11판독,skin,MIX280,,0.21930307343654984,0.38900002277551965,0.48400039907002496,0.5621282157137459,1.1818265664416908e-11,635.0
최소빈,S11판독,skin,MIX571,,0.219264599606441,0.3877665416452871,0.363878553147758,0.3271880998742571,0.18005540167116496,636.0
최소빈,S11판독,sens,MIX356,,0.21773699269591149,0.1347565849199142,0.3652836606917956,0.28325497126394983,2.488193861491246e-12,637.0
최소빈,S11판독,eye,EyeIrritation6pack_PID143,,0.21749623367072915,0.3761617177043583,0.32059144673256695,0.4972083135458291,1.3281761655486814e-11,638.0
최소빈,S11판독,skin,MIX639,,0.21600031696714236,0.9527135468735708,0.4767112378886197,0.11175496271672022,1.5964913601742978e-11,639.0
최소빈,S11판독,skin,MIX25,,0.21465303908143002,0.2573050266177132,0.34130996090524635,0.20611601327745913,0.19864176572566627,640.0
최소빈,S11판독,eye,EyeIrritation6pack_PID70,,0.21463633602021334,0.21693273293103332,0.38820978544392776,0.13844535848655667,0.23142414860918945,641.0
최소빈,S11판독,skin,MIX511,,0.2139067039252879,0.6118329686733128,0.32627529001064515,0.55781841542857,0.21872303710869517,642.0
최소빈,S11판독,eye,EyeIrritation6pack_PID746,,0.21375437656080729,0.22387478367756966,0.3582772107445664,0.3264407379111109,0.21872303710869517,643.0
최소빈,S11판독,eye,EyeIrritation6pack_PID44,,0.21372684096060032,0.18811727699616723,0.47129623298768886,0.14014007747818938,0.272287862523652,644.0
최소빈,S11판독,eye,MIX2,,0.21372684096060032,0.18811727699616723,0.47129623298768886,0.14014007747818938,0.272287862523652,645.0
최소빈,S11판독,skin,MIX519,,0.21186096717229344,0.4829986153062963,0.46757572091158306,0.26771596535501146,1.3685806873824862e-12,646.0
최소빈,S11판독,skin,MIX626,,0.21181349634272828,0.25391034006854585,0.4674709531040198,0.3811852440331675,1.3281761655486814e-11,647.0
최소빈,S11판독,sens,EyeIrritation6pack_PID1018,,0.21064147392631466,0.3045724801834057,0.1103818690959832,0.25648052133844323,0.026315789492645455,648.0
최소빈,S11판독,sens,MIX536,,0.21064147392631466,0.3045724801834057,0.1103818690959832,0.25648052133844323,0.026315789492645455,649.0
최소빈,S11판독,skin,EyeIrritation6pack_PID411,,0.2099366597963465,0.4421717634324539,0.46332878754982804,0.3764370336105402,8.250908728227508e-12,650.0
최소빈,S11판독,skin,EyeIrritation6pack_PID368,,0.20890639605401606,0.11627553478789698,0.23298482699702533,0.25721856423574346,0.3421052631759696,651.0
최소빈,S11판독,skin,MIX169,,0.20890639605401606,0.11627553478789698,0.23298482699702533,0.25721856423574346,0.3421052631759696,652.0
최소빈,S11판독,eye,MIX534,,0.2085678901301551,0.3607200661509621,0.24673098759623677,0.11782973193121471,9.578959555439987e-11,653.0
최소빈,S11판독,skin,MIX961,,0.20784922588050184,0.5366892666211391,0.11661657187302132,0.1539569800230407,0.5131578947331649,654.0
최소빈,S11판독,skin,MIX598,,0.20766412054534172,0.26928207792141784,0.4583133088012755,0.16496201153573517,7.613164484843962e-12,655.0
최소빈,S11판독,skin,MIX420,,0.20702159045047053,0.36611765335785357,0.16590916332872196,0.49755970087481466,0.4364791288592539,656.0
최소빈,S11판독,skin,EyeIrritation6pack_PID376,,0.20702080401686898,0.2535080193130609,0.456893513576443,0.4163828537738453,7.217209286388035e-12,657.0
최소빈,S11판독,eye,EyeIrritation6pack_PID121,,0.2064224863268407,0.35700957078915957,0.6522842203660888,0.24290010367585038,2.0056412671140226e-12,658.0
최소빈,S11판독,eye,EyeIrritation6pack_PID1024,,0.20579901014784382,0.2754359070135875,0.28584073880186656,0.27814040126244166,0.12074303406738647,659.0
최소빈,S11판독,skin,MIX535,,0.2049687574627889,0.2939153350849622,0.3114977876450393,0.33435044236944883,0.21130030961595536,660.0
최소빈,S11판독,eye,MIX490,,0.20329820773198284,0.3516061024901463,0.240129052857021,0.65626732597776,8.47617590156488e-12,661.0
최소빈,S11판독,skin,MIX638,,0.20145752078999607,1.0,0.44461538513494675,0.16846800777087753,1.5964913601742978e-11,662.0
최소빈,S11판독,eye,MIX522,,0.2008265941925841,0.20151606628839638,0.10572561207959087,0.11163273097271835,0.21872303710869517,663.0
최소빈,S11판독,skin,MIX143,,0.19979293064300144,0.7373948560464952,0.2002882884235046,0.13505165070657582,0.3609800362976134,664.0
최소빈,S11판독,eye,EyeIrritation6pack_PID368,,0.19910025802959255,0.11627553478789698,0.23298482699702533,0.25721856423574346,0.3421052631759696,665.0
최소빈,S11판독,eye,MIX169,,0.19910025802959255,0.11627553478789698,0.23298482699702533,0.25721856423574346,0.3421052631759696,666.0
최소빈,S11판독,skin,MIX602,,0.198517976405014,0.30459575743915357,0.4381278305660209,0.35390434694432976,2.0166254631229867e-11,667.0
최소빈,S11판독,eye,EyeIrritation6pack_PID870,,0.19796586725187754,0.34238377104920825,0.20479784592212277,0.46449135910359696,5.986956544595619e-12,668.0
최소빈,S11판독,sens,MIX522,,0.1978993428907673,0.20151606628839638,0.10572561207959087,0.11163273097271835,0.21872303710869517,669.0
최소빈,S11판독,sens,EyeIrritation6pack_PID386,,0.19728367899013266,0.45566180753471264,0.21829450063225478,0.2566471692809952,2.488193861491246e-12,670.0
최소빈,S11판독,skin,EyeIrritation6pack_PID578,,0.196886032549744,0.4595151415362427,0.3119809726370871,0.39615081854332734,0.18381775334543654,671.0
최소빈,S11판독,skin,MIX907,,0.1968190192722324,0.6260876769154418,0.09227298052860379,0.26837678914593893,0.5131578947331649,672.0
최소빈,S11판독,skin,MIX183,,0.19628342233813256,0.24419952420007862,0.4331961848699951,0.4043559901833647,7.217209286388035e-12,673.0
최소빈,S11판독,skin,EyeIrritation6pack_PID965,,0.1960112798080209,0.33253769648514636,0.3422281401412319,0.2923586863753619,0.13555114201675908,674.0
최소빈,S11판독,skin,MIX91,,0.1959174545291503,0.3980724185261838,0.4323884963879867,0.6936632568491921,1.3281761655486814e-11,675.0
최소빈,S11판독,skin,EyeIrritation6pack_PID312,,0.19505690468239786,0.44339748159659964,0.37647264819732135,0.04252861538783243,0.08102493076645619,676.0
최소빈,S11판독,skin,MIX747,,0.19505690468239786,0.44339748159659964,0.37647264819732135,0.04252861538783243,0.08102493076645619,677.0
최소빈,S11판독,eye,MIX49,,0.19447111728763683,0.33633956913639207,0.2689305408822305,0.5176005777996879,2.0166254631229867e-11,678.0
최소빈,S11판독,skin,MIX294,,0.19394298696915238,0.19960629361967008,0.4280308598454594,0.515624842139588,1.1163429829733105e-11,679.0
최소빈,S11판독,skin,EyeIrritation6pack_PID167,,0.19127176692743553,0.19765331219068052,0.3834065975728012,0.29899096659829755,0.05809334658576669,680.0
최소빈,S11판독,skin,EyeIrritation6pack_PID570,,0.18980585803023992,0.11010815132965866,0.4189002442722788,0.5555410697668662,1.1818265664416908e-11,681.0
최소빈,S11판독,skin,MIX448,,0.1896308809569397,0.766694105509116,0.4185140710594408,0.1496713166087256,5.986956544595619e-12,682.0
최소빈,S11판독,skin,EyeIrritation6pack_PID3,,0.18861668170840043,0.20379551269160054,0.13637143396147927,0.4608371321408543,0.41985645933507976,683.0
최소빈,S11판독,skin,MIX524,,0.18819345065615448,0.5602667587292283,0.4153416721081626,0.3864250347550553,1.2522439225987448e-11,684.0
최소빈,S11판독,eye,EyeIrritation6pack_PID1018,,0.18624726393220664,0.3045724801834057,0.1103818690959832,0.25648052133844323,0.026315789492645455,685.0
최소빈,S11판독,eye,MIX536,,0.18624726393220664,0.3045724801834057,0.1103818690959832,0.25648052133844323,0.026315789492645455,686.0
최소빈,S11판독,eye,EyeIrritation6pack_PID639,,0.1856346943178273,0.3210568951072043,0.027356441277211596,0.44474038392563625,1.3281761655486814e-11,687.0
최소빈,S11판독,skin,EyeIrritation6pack_PID71,,0.18480575487350054,0.23081004739413197,0.253582284708849,0.17389287258143757,0.23142414860918945,688.0
최소빈,S11판독,eye,EyeIrritation6pack_PID1027,,0.18372475691729448,0.059935181785982616,0.25181439100491015,0.2344037659663119,0.38672768879199787,689.0
최소빈,S11판독,skin,MIX592,,0.18326936460126061,0.24820860109974321,0.19065845803771506,0.3595013852929299,0.3207236842144823,690.0
최소빈,S11판독,eye,EyeIrritation6pack_PID149,,0.18320716421912964,0.316858459684598,0.1974909421024591,0.4004255738436013,1.3281761655486814e-11,691.0
최소빈,S11판독,eye,EyeIrritation6pack_PID986,,0.18301165780813608,0.28113012993053876,0.7298692729812747,0.4427483364257024,0.05308529946580062,692.0
최소빈,S11판독,skin,MIX301,,0.18292887558502208,0.22596762415809013,0.22260823946430106,0.9027631359721124,0.2716718266424158,693.0
최소빈,S11판독,eye,MIX261,,0.18268072115721332,0.2892904186440293,0.20603358917702635,0.19150260817660086,0.03998632946622776,694.0
최소빈,S11판독,skin,EyeIrritation6pack_PID1012,,0.18184688765722842,0.505784748441226,0.30155414876166614,0.07393487098566602,0.14967105264392333,695.0
최소빈,S11판독,skin,MIX529,,0.18184688765722842,0.505784748441226,0.30155414876166614,0.07393487098566602,0.14967105264392333,696.0
최소빈,S11판독,eye,EyeIrritation6pack_PID621,,0.18164196759976434,0.31415143787637484,0.36368548307006004,0.6900980729615616,5.376103071524475e-12,697.0
최소빈,S11판독,eye,MIX320,,0.18164196759976434,0.31415143787637484,0.36368548307006004,0.6900980729615616,5.376103071524475e-12,698.0
최소빈,S11판독,sens,EyeIrritation6pack_PID367,,0.1814203404500597,0.05972233991142398,0.22838553865597302,0.12416838006852544,0.16776315789718482,699.0
최소빈,S11판독,skin,MIX82,,0.18134370683684894,0.35875002638080733,0.05141112436017576,0.2897823007969832,0.5232198142477354,700.0
최소빈,S11판독,eye,MIX85,,0.1764821197179003,0.30522743395161206,0.1584048896292972,0.5462620537996353,8.947561989625936e-12,701.0
최소빈,S11판독,eye,EyeIrritation6pack_PID61,,0.17624176042109072,0.17238388654675202,0.4230977348381632,0.3059458864217397,0.19864176572566627,702.0
최소빈,S11판독,eye,MIX602,,0.17611688515451485,0.30459575743915357,0.4381278305660209,0.35390434694432976,2.0166254631229867e-11,703.0
최소빈,S11판독,skin,EyeIrritation6pack_PID516,,0.1747150550552163,0.2080170405631219,0.38559494420041346,0.5757559795990813,4.7174615091778156e-11,704.0
최소빈,S11판독,skin,MIX1,,0.17453488618166216,0.21453918824972937,0.10529300652372298,0.4526529248632205,0.41985645933507976,705.0
최소빈,S11판독,skin,MIX272,,0.17431754639864996,0.20984981168985148,0.062161254339258086,0.4651441462259978,0.4838345864661821,706.0
최소빈,S11판독,eye,MIX34,,0.17254836970727605,0.14414121173486188,0.3948083190018298,0.10377407965016369,0.23142414860918945,707.0
최소빈,S11판독,sens,MIX179,,0.17185981458126282,0.21875412647576775,0.23412512573917202,0.2235731569370323,1.3281761655486814e-11,708.0
최소빈,S11판독,sens,MIX557,,0.17046060518745268,0.32791617085749447,0.2072150980601905,0.22175291953671794,1.9473703351743502e-11,709.0
최소빈,S11판독,eye,MIX246,,0.17004512944852196,0.29409460062946907,0.11666001519495395,0.07483808903200927,1.5964913601742978e-11,710.0
최소빈,S11판독,skin,EyeIrritation6pack_PID538,,0.16902953872853643,0.26942028412634705,0.3730470481632065,0.3180647564056085,1.3281761655486814e-11,711.0
최소빈,S11판독,skin,EyeIrritation6pack_PID920,,0.16884873135170192,0.18305919048295452,0.3726480075122473,0.1865058281817699,3.961375087631298e-12,712.0
최소빈,S11판독,sens,EyeIrritation6pack_PID365,,0.16849933172682624,0.32141919846097466,0.14009128420123884,0.07338613256818798,0.21872303710869517,713.0
최소빈,S11판독,eye,EyeIrritation6pack_PID512,,0.16689101160833125,0.28863952508810486,0.1250174001444827,0.06867318771637476,1.5964913601742978e-11,714.0
최소빈,S11판독,skin,MIX478,,0.16613184396315261,0.3623007711247953,0.27628442742202547,0.2984490453151593,0.13555114201675908,715.0
최소빈,S11판독,skin,EyeIrritation6pack_PID1024,,0.16598877121527641,0.2754359070135875,0.28584073880186656,0.27814040126244166,0.12074303406738647,716.0
최소빈,S11판독,skin,EyeIrritation6pack_PID621,,0.16478776537014564,0.31415143787637484,0.36368548307006004,0.6900980729615616,5.376103071524475e-12,717.0
최소빈,S11판독,skin,MIX320,,0.16478776537014564,0.31415143787637484,0.36368548307006004,0.6900980729615616,5.376103071524475e-12,718.0
최소빈,S11판독,skin,MIX489,,0.16240901687344766,0.475584161480229,0.35843560123548535,0.1537072761863693,3.961375087631298e-12,719.0
최소빈,S11판독,eye,EyeIrritation6pack_PID560,,0.16212198784332174,0.2803914550397713,0.5103570092385507,0.5595267613882878,1.1163429829733105e-11,720.0
최소빈,S11판독,skin,MIX545,,0.16183339351128684,0.3289817810497484,0.2766698483280845,0.28840569062483185,0.12074303406738647,721.0
최소빈,S11판독,eye,EyeIrritation6pack_PID81,,0.16063478114737204,0.27781931750337907,0.20062526815624643,0.49189441518575233,2.0166254631229867e-11,722.0
최소빈,S11판독,skin,EyeIrritation6pack_PID922,,0.156585535711525,0.2655094257514948,0.34558321771488326,0.865581330935851,8.47617590156488e-12,723.0
최소빈,S11판독,eye,EyeIrritation6pack_PID538,,0.15577847057413563,0.26942028412634705,0.3730470481632065,0.3180647564056085,1.3281761655486814e-11,724.0
최소빈,S11판독,eye,MIX598,,0.15569855991749917,0.26928207792141784,0.4583133088012755,0.16496201153573517,7.613164484843962e-12,725.0
최소빈,S11판독,skin,EyeIrritation6pack_PID727,,0.15544983193757214,0.18015160279329068,0.3430767271655971,0.3824798916808497,1.648324459390874e-11,726.0
최소빈,S11판독,skin,MIX392,,0.15544983193757214,0.18015160279329068,0.3430767271655971,0.3824798916808497,1.648324459390874e-11,727.0
최소빈,S11판독,skin,MIX886,,0.15500965658652802,0.24099460440658024,0.0,0.09852054784667622,0.5131578947331649,728.0
최소빈,S11판독,eye,EyeIrritation6pack_PID922,,0.153517217162125,0.2655094257514948,0.34558321771488326,0.865581330935851,8.47617590156488e-12,729.0
최소빈,S11판독,skin,EyeIrritation6pack_PID417,,0.15100466444305347,0.43082242749189353,0.30660871961859243,0.3850854052755744,0.03998632946622776,730.0
최소빈,S11판독,skin,MIX67,,0.14968109497538082,0.39213262005867583,0.33034516373346795,0.7022876844710425,5.8285744652132476e-12,731.0
최소빈,S11판독,skin,EyeIrritation6pack_PID1025,,0.14958663347656645,0.8011022176054793,0.24964133180375525,0.1646190593191631,0.12074303406738647,732.0
최소빈,S11판독,eye,MIX339,,0.14681070321242934,0.09426132596679364,0.4299708676680752,0.7215307768262577,0.2394736842182752,733.0
최소빈,S11판독,eye,MIX626,,0.1468106403613139,0.25391034006854585,0.4674709531040198,0.3811852440331675,1.3281761655486814e-11,734.0
최소빈,S11판독,skin,EyeIrritation6pack_PID364,,0.1455414273063171,0.4634775962242726,0.17539358713188166,0.31677946979009847,0.21872303710869517,735.0
최소빈,S11판독,skin,EyeIrritation6pack_PID143,,0.1452616355726336,0.3761617177043583,0.32059144673256695,0.4972083135458291,1.3281761655486814e-11,736.0
최소빈,S11판독,skin,MIX588,,0.1450267666001549,0.17204879154060929,0.2597015754756411,0.23604901213622623,0.09055727554927342,737.0
최소빈,S11판독,skin,MIX65,,0.144086554267257,0.2852916698928303,0.2792691525282395,0.26997665210652877,0.05809334658576669,738.0
최소빈,S11판독,skin,MIX663,,0.1413586973149492,0.15165044311416154,0.2815683316821074,0.27986026329175434,0.04561403510295194,739.0
최소빈,S11판독,eye,MIX310,,0.14076640818124542,0.24345678544491,0.0712043639369305,0.42150200686937467,1.3281761655486814e-11,740.0
최소빈,S11판독,skin,EyeIrritation6pack_PID519,,0.13567352365294574,0.08603797425360477,0.2994305485847788,0.5466604555982164,4.7174615091778156e-11,741.0
최소빈,S11판독,skin,MIX252,,0.13567352365294574,0.08603797425360477,0.2994305485847788,0.5466604555982164,4.7174615091778156e-11,742.0
최소빈,S11판독,eye,MIX588,,0.13438513108305128,0.17204879154060929,0.2597015754756411,0.23604901213622623,0.09055727554927342,743.0
최소빈,S11판독,skin,EyeIrritation6pack_PID347,,0.13370583067611058,0.3778422687420162,0.18705462252804328,0.24729941848687215,0.16204986150516473,744.0
최소빈,S11판독,skin,MIX208,,0.1309866219563359,0.43380330569238307,0.28908658828583134,0.130655661008125,2.488193861491246e-12,745.0
최소빈,S11판독,skin,EyeIrritation6pack_PID559,,0.12834212385680455,0.33679818907961084,0.28325019886236896,0.4813472197223377,2.1666668459508327e-11,746.0
최소빈,S11판독,skin,EyeIrritation6pack_PID515,,0.12776715736666908,0.08620048590380008,0.2819812516923613,0.4643150291121779,4.7174615091778156e-11,747.0
최소빈,S11판독,skin,EyeIrritation6pack_PID1016,,0.12725479184525132,0.26324321035056036,0.13998359140785208,0.3736434092346248,0.21130030961595536,748.0
최소빈,S11판독,skin,MIX49,,0.12185381307894814,0.33633956913639207,0.2689305408822305,0.5176005777996879,2.0166254631229867e-11,749.0
최소빈,S11판독,eye,EyeIrritation6pack_PID813,,0.12043234748679206,0.2082888422061823,0.25166105464893607,0.4406797478103147,2.3343695397889433e-11,750.0
최소빈,S11판독,eye,MIX294,,0.11541210877277341,0.19960629361967008,0.4280308598454594,0.515624842139588,1.1163429829733105e-11,751.0
최소빈,S11판독,sens,MIX448,,0.1150517578790589,0.766694105509116,0.4185140710594408,0.1496713166087256,5.986956544595619e-12,752.0
최소빈,S11판독,eye,EyeIrritation6pack_PID426,,0.1146972061659253,0.19836986304578244,0.2176867294995103,0.581494416006196,1.410318353337711e-11,753.0
최소빈,S11판독,skin,EyeIrritation6pack_PID813,,0.1140289199293094,0.2082888422061823,0.25166105464893607,0.4406797478103147,2.3343695397889433e-11,754.0
최소빈,S11판독,skin,EyeIrritation6pack_PID627,,0.11325699108332454,0.5934285681998926,0.048719022825927154,0.32557918348265963,0.30185758514854355,755.0
최소빈,S11판독,skin,MIX323,,0.11325699108332454,0.5934285681998926,0.048719022825927154,0.32557918348265963,0.30185758514854355,756.0
최소빈,S11판독,skin,EyeIrritation6pack_PID1001,,0.11300375470515903,0.5733542770432747,0.09846972937809256,0.13792681409955057,0.22639318886080695,757.0
최소빈,S11판독,skin,EyeIrritation6pack_PID48,,0.10960205884694338,0.14856368249695545,0.21148164547643253,0.28844506597250863,0.04561403510295194,758.0
최소빈,S11판독,skin,MIX490,,0.10880371052279945,0.3516061024901463,0.240129052857021,0.65626732597776,8.47617590156488e-12,759.0
최소빈,S11판독,sens,MIX35,,0.10851995853889176,0.39516586125275505,0.5937537010441847,0.141174071324277,6.149440605890051e-12,760.0
최소빈,S11판독,eye,EyeIrritation6pack_PID920,,0.10584459447780505,0.18305919048295452,0.3726480075122473,0.1865058281817699,3.961375087631298e-12,761.0
최소빈,S11판독,skin,MIX261,,0.10543355487550293,0.2892904186440293,0.20603358917702635,0.19150260817660086,0.03998632946622776,762.0
최소빈,S11판독,eye,MIX663,,0.10526674806470897,0.15165044311416154,0.2815683316821074,0.27986026329175434,0.04561403510295194,763.0
최소빈,S11판독,eye,EyeIrritation6pack_PID727,,0.10416343092507009,0.18015160279329068,0.3430767271655971,0.3824798916808497,1.648324459390874e-11,764.0
최소빈,S11판독,eye,MIX392,,0.10416343092507009,0.18015160279329068,0.3430767271655971,0.3824798916808497,1.648324459390874e-11,765.0
최소빈,S11판독,skin,MIX692,,0.10409882544003043,0.12455547911670567,0.22974540329092166,0.6420026548549275,4.7174615091778156e-11,766.0
최소빈,S11판독,eye,EyeIrritation6pack_PID48,,0.10348198694503195,0.14856368249695545,0.21148164547643253,0.28844506597250863,0.04561403510295194,767.0
최소빈,S11판독,skin,MIX513,,0.10322910760432762,0.6727897700500485,0.07689714937037616,0.1865595050103144,0.22639318886080695,768.0
최소빈,S11판독,sens,MIX208,,0.10043449751245676,0.43380330569238307,0.28908658828583134,0.130655661008125,2.488193861491246e-12,769.0
최소빈,S11판독,skin,EyeIrritation6pack_PID386,,0.09891036245945042,0.45566180753471264,0.21829450063225478,0.2566471692809952,2.488193861491246e-12,770.0
최소빈,S11판독,skin,EyeIrritation6pack_PID426,,0.09863497823267565,0.19836986304578244,0.2176867294995103,0.581494416006196,1.410318353337711e-11,771.0
최소빈,S11판독,skin,MIX498,,0.09459722933040964,0.46490831046689607,0.20877544499667597,0.4683889216640879,1.1818265664416908e-11,772.0
최소빈,S11판독,skin,EyeIrritation6pack_PID870,,0.09279495870323182,0.34238377104920825,0.20479784592212277,0.46449135910359696,5.986956544595619e-12,773.0
최소빈,S11판독,skin,MIX287,,0.09180568033112925,0.46355732320069204,0.20261451524532828,0.5693567944725217,1.1818265664416908e-11,774.0
최소빈,S11판독,skin,EyeIrritation6pack_PID81,,0.0909043422329149,0.27781931750337907,0.20062526815624643,0.49189441518575233,2.0166254631229867e-11,775.0
최소빈,S11판독,skin,EyeIrritation6pack_PID149,,0.08948416295400545,0.316858459684598,0.1974909421024591,0.4004255738436013,1.3281761655486814e-11,776.0
최소빈,S11판독,skin,EyeIrritation6pack_PID867,,0.08795280506766558,0.7503651290114116,0.19411124560926732,0.38863073101900913,1.410318353337711e-11,777.0
최소빈,S11판독,eye,MIX641,,0.08511754557079883,0.1472115705343145,0.548007787219896,0.3851931128156016,3.7780392849505537e-11,778.0
최소빈,S11판독,skin,MIX293,,0.08172346341479489,0.49048408870077526,0.18036313072951787,0.3622794795811001,2.1666668459508327e-11,779.0
최소빈,S11판독,eye,EyeIrritation6pack_PID790,,0.07558562834199546,0.13072603286316165,0.4976951687267324,0.2698332688026413,7.613164484843962e-12,780.0
최소빈,S11판독,skin,EyeIrritation6pack_PID563,,0.07358322051975646,0.0699734121508952,0.16239766972717173,0.4200964574301496,4.7174615091778156e-11,781.0
최소빈,S11판독,skin,MIX85,,0.07177407128294332,0.30522743395161206,0.1584048896292972,0.5462620537996353,8.947561989625936e-12,782.0
최소빈,S11판독,eye,EyeIrritation6pack_PID1033,,0.0707386923821447,0.12234321296496435,0.5550533267885508,0.08231698187541066,1.3685806873824862e-12,783.0
최소빈,S11판독,skin,MIX562,,0.07046404372057548,0.6526716317356978,0.1555136676694768,0.07782577929168945,6.492525815257187e-13,784.0
최소빈,S11판독,eye,EyeIrritation6pack_PID570,,0.06366439508503945,0.11010815132965866,0.4189002442722788,0.5555410697668662,1.1818265664416908e-11,785.0
최소빈,S11판독,skin,MIX296,,0.06029258495915427,0.03947800757823069,0.13306532698099682,0.4522233714087179,4.7174615091778156e-11,786.0
최소빈,S11판독,skin,MIX204,,0.060246395076047794,0.4648975100842567,0.13296338624358964,0.35707533482624265,1.410318353337711e-11,787.0
최소빈,S11판독,skin,MIX250,,0.058738796870595154,0.037619881760529876,0.12963612718383719,0.33835921677600167,4.7174615091778156e-11,788.0
최소빈,S11판독,skin,EyeIrritation6pack_PID1018,,0.05796380652088822,0.3045724801834057,0.1103818690959832,0.25648052133844323,0.026315789492645455,789.0
최소빈,S11판독,skin,MIX536,,0.05796380652088822,0.3045724801834057,0.1103818690959832,0.25648052133844323,0.026315789492645455,790.0
최소빈,S11판독,skin,EyeIrritation6pack_PID512,,0.05664602785307453,0.28863952508810486,0.1250174001444827,0.06867318771637476,1.5964913601742978e-11,791.0
최소빈,S11판독,skin,MIX246,,0.05285925369169823,0.29409460062946907,0.11666001519495395,0.07483808903200927,1.5964913601742978e-11,792.0
최소빈,S11판독,skin,MIX418,,0.04905233098592802,0.2959423654085096,0.1082581625442905,0.1047846896929583,1.5964913601742978e-11,793.0
최소빈,S11판독,skin,EyeIrritation6pack_PID750,,0.03352459866008902,0.29793581683293857,0.07398856237539293,0.05263592564869489,1.5964913601742978e-11,794.0
최소빈,S11판독,skin,MIX310,,0.0322630640081185,0.24345678544491,0.0712043639369305,0.42150200686937467,1.3281761655486814e-11,795.0
최소빈,S11판독,skin,MIX443,,0.0266920799969613,0.5688024902176526,0.05890923992191332,0.46753571696989477,1.410318353337711e-11,796.0
최소빈,S11판독,skin,EyeIrritation6pack_PID639,,0.012395344433084184,0.3210568951072043,0.027356441277211596,0.44474038392563625,1.3281761655486814e-11,797.0
