assigned_to,task_type,endpoint,Formulation_ID,priority_score,unc_eye,unc_skin,unc_sens,diversity,cas,priority_rank
김보경,pH수집,전체,MIX797,0.6108680372167143,0.6287413274804775,0.2773110393061632,0.48243061805984755,0.8255774919519101,,1.0
김보경,pH수집,전체,MIX813,0.5768270485290945,0.39201607510319497,0.2754556986524922,0.4693700670309672,0.8397381558911282,,2.0
김보경,pH수집,전체,MIX960,0.5739889209114573,0.8787013056794614,0.47207722118635903,0.4469541428452128,0.5932147475700508,,3.0
김보경,pH수집,전체,MIX823,0.5532172503468995,0.2927281700625897,0.2984976578681029,0.43531068011427404,0.8348504303075335,,4.0
김보경,pH수집,전체,MIX959,0.5401086095215919,0.48445481003402563,0.31319346094775696,0.6105848994876807,0.5932147475700508,,5.0
김보경,pH수집,전체,MIX760,0.5205015106887764,0.5872787232724999,0.5211751669952247,0.38982509373532465,0.5932147475700508,,6.0
김보경,pH수집,전체,MIX63,0.5094553516971252,0.7159775709676821,0.6816030054809139,0.13823793210611512,0.645867213995003,,7.0
김보경,pH수집,전체,MIX876,0.50197394430179,0.3112087879254949,0.49295458618427046,0.4802117971910162,0.5932147475700508,,8.0
김보경,pH수집,전체,MIX946,0.5007102177194764,0.6365377674619371,0.494733674675712,0.31244534123602913,0.5932147475700508,,9.0
김보경,pH수집,전체,MIX1051,0.4960615191047567,0.8425073002225548,0.6546901918746721,0.2081146253483528,0.5226187692141672,,10.0
김보경,pH수집,전체,MIX935,0.4795648488859431,0.5133731154051473,0.38710114553394576,0.35735936905686266,0.5932147475700508,,11.0
김보경,pH수집,전체,MIX989,0.4772126587387774,0.41357109951338245,0.2657480463218363,0.4600962927849142,0.5932147475700508,,12.0
김보경,pH수집,전체,MIX956,0.47055416260705446,0.3078867442633457,0.4359307885678743,0.4056521121811705,0.5932147475700508,,13.0
김보경,pH수집,전체,MIX880,0.46807919439861434,0.29637124516056074,0.4430846547221657,0.3995830346272836,0.5932147475700508,,14.0
김보경,pH수집,전체,MIX808,0.4637236475662174,0.4870417352224847,0.5735440751904285,0.22449958992086722,0.5932147475700508,,15.0
김보경,pH수집,전체,MIX672,0.45123268596890176,0.3502927610396027,0.6487137459324687,0.3601969232270285,0.48330658238745633,,16.0
김보경,pH수집,전체,MIX829,0.44599610931120404,0.51699548137628,0.21820463592721664,0.3281006422921975,0.5932147475700508,,17.0
김보경,pH수집,전체,MIX931,0.4454678192654722,0.3164072563511836,0.47592642653416595,0.29777289268216495,0.5932147475700508,,18.0
김보경,pH수집,전체,MIX975,0.4441527344528431,0.2970547235729956,0.4124528866810422,0.33480231295572366,0.5932147475700508,,19.0
김보경,pH수집,전체,MIX824,0.44101397577739687,0.42317984158822414,0.5153289628836618,0.20983918692864545,0.5932147475700508,,20.0
김보경,pH수집,전체,MIX815,0.4357242160893944,0.33299346739545405,0.5298298551132515,0.23004939561689403,0.5932147475700508,,21.0
김보경,pH수집,전체,MIX897,0.4353925068258593,0.36206008301584747,0.4052826652815089,0.2766839851774517,0.5932147475700508,,22.0
김보경,pH수집,전체,MIX997,0.42618467678507804,0.35132970621747134,0.21137302506528227,0.348311226882149,0.5932147475700508,,23.0
김보경,pH수집,전체,MIX907,0.42555303438840886,0.6260876769154406,0.09227298052860498,0.2683767891459388,0.5932147475700508,,24.0
김보경,pH수집,전체,MIX1018,0.42052470167648803,0.5656977131901789,0.23924878287419432,0.20832276079603923,0.5932147475700508,,25.0
김보경,pH수집,전체,MIX816,0.4151379448219745,0.4431208762981437,0.350397478091554,0.19608097545166497,0.5932147475700508,,26.0
김보경,pH수집,전체,MIX973,0.40505762751772845,0.18183726558209307,0.3394169209063747,0.29861200172145985,0.5932147475700508,,27.0
김보경,pH수집,전체,MIX1023,0.3937788552869229,0.3264150652638617,0.44728292722449525,0.1347941912854969,0.5932147475700508,,28.0
김보경,pH수집,전체,MIX920,0.3920102622451619,0.1201012121458469,0.35156805722062184,0.2799132427072374,0.5932147475700508,,29.0
김보경,pH수집,전체,MIX941,0.3920102622451619,0.1201012121458469,0.35156805722062184,0.2799132427072374,0.5932147475700508,,30.0
김보경,pH수집,전체,EyeIrritation6pack_PID940,0.38113493589165215,0.5002124532158994,0.6205170726615404,0.7100848347889428,1.4143338349739723e-07,,31.0
김보경,pH수집,전체,MIX751,0.37954773486847476,0.33749462524149854,0.18216024608538978,0.21437868380473737,0.5932147475700508,,32.0
김보경,pH수집,전체,MIX629,0.3707546722151086,0.41722855654910146,0.5214065010326107,0.7665311900149947,1.4143338349739723e-07,,33.0
김보경,pH수집,전체,MIX928,0.36899410643675756,0.502998412762214,0.07888015235274459,0.14808807547164493,0.5932147475700508,,34.0
김보경,pH수집,전체,MIX621,0.3647622485986896,0.4622200288788822,0.4991521943799793,0.5576270176771511,0.13317077451678755,,35.0
김보경,pH수집,전체,MIX1021,0.36381988580641844,0.2576897566581022,0.1840208757169779,0.20092463974045377,0.5932147475700508,,36.0
김보경,pH수집,전체,MIX559,0.363799636944613,0.8086560565616638,0.6504745358863433,0.48309997168019525,1.4143338349739723e-07,,37.0
김보경,pH수집,전체,EyeIrritation6pack_PID797,0.36205074752822264,0.6828959372138086,0.5237728624750677,0.6035011423828703,2.1215007524609585e-07,,38.0
김보경,pH수집,전체,EyeIrritation6pack_PID994,0.35702268812166177,0.6015225103664105,0.5612500378629613,0.6086889758018308,2.8286676699479447e-07,,39.0
김보경,pH수집,전체,MIX899,0.3538530122211085,0.16991944608771695,0.4187352141618693,0.0942297138521674,0.5932147475700508,,40.0
김보경,pH수집,전체,MIX889,0.34934639341889384,0.5058355561052191,0.10273593848824845,0.06924923400617794,0.5932147475700508,,41.0
김보경,pH수집,전체,MIX943,0.3476854024524447,0.2610656238028822,0.15140019532097052,0.16176543518615497,0.5932147475700508,,42.0
김보경,pH수집,전체,MIX1033,0.3424052274013672,0.16465956774557636,0.12948844524119105,0.20332375475110578,0.5932147475700508,,43.0
김보경,pH수집,전체,MIX1017,0.34044523568321083,0.13002136240713474,0.4014550121303361,0.0781262682485662,0.5932147475700508,,44.0
김보경,pH수집,전체,MIX878,0.340276967664497,0.15488451760472557,0.12000594875478461,0.20585832894183376,0.5932147475700508,,45.0
김보경,pH수집,전체,MIX376,0.3362360271069944,0.5666584126200717,0.22151856335147208,0.7266979861707757,2.1215007524609585e-07,,46.0
김보경,pH수집,전체,EyeIrritation6pack_PID835,0.3289833183791248,0.33215013527840315,0.32966572049140114,0.765702756223158,2.8286676699479447e-07,,47.0
김보경,pH수집,전체,EyeIrritation6pack_PID972,0.32640821312233204,0.34641584642188167,0.5540379083844743,0.6378003110934175,1.4143338349739723e-07,,48.0
김보경,pH수집,전체,MIX217,0.3224410617256196,0.5082569449223027,0.23842502357747256,0.7014623662576664,1.4143338349739723e-07,,49.0
김보경,pH수집,전체,EyeIrritation6pack_PID993,0.32173274312747424,0.21370024124379433,0.5460867329369407,0.6925488014233685,1.4143338349739723e-07,,50.0
김보경,pH수집,전체,MIX308,0.32078801725110695,0.7380972009015637,0.19967777130370779,0.6004059047343874,0.0,,51.0
김보경,pH수집,전체,MIX460,0.31296809240449674,0.47662498787826624,0.3618899627139893,0.6239693108076834,1.4143338349739723e-07,,52.0
김보경,pH수집,전체,MIX819,0.3104990794813739,0.19993784682306,0.19258635035766397,0.8387346444363731,1.4143338349739723e-07,,53.0
김보경,pH수집,전체,EyeIrritation6pack_PID316,0.3087268845120312,0.35679966575640987,0.6232960339188949,0.5390417652024515,0.0,,54.0
김보경,pH수집,전체,EyeIrritation6pack_PID919,0.30824739264864054,0.834610990273917,0.264115360720923,0.47812794475353715,1.4143338349739723e-07,,55.0
김보경,pH수집,전체,MIX538,0.308196978631854,0.38762776414773675,0.6266014599936943,0.52020846145762,1.4143338349739723e-07,,56.0
김보경,pH수집,전체,EyeIrritation6pack_PID865,0.3060574315481547,0.4605320948813728,0.42159843442355405,0.579125985263541,1.4143338349739723e-07,,57.0
김보경,pH수집,전체,EyeIrritation6pack_PID856,0.3058311609295971,0.37934898427497526,0.5587233766151334,0.5504008340757582,1.4143338349739723e-07,,58.0
김보경,pH수집,전체,EyeIrritation6pack_PID832,0.30303828343438893,0.36343561779585865,0.08582767208782453,0.7854957779282769,1.4143338349739723e-07,,59.0
김보경,pH수집,전체,MIX834,0.30297890894709784,0.4572124218546411,0.48189338851020513,0.5403766027300583,1.4143338349739723e-07,,60.0
김보경,pH수집,전체,EyeIrritation6pack_PID75,0.3024343460557092,0.41998079382475906,0.48942228373256713,0.5534129480737009,0.0,,61.0
김보경,pH수집,전체,MIX1054,0.30233263803069566,0.24259348282853005,0.5359815983339116,0.3002840216594789,0.23865292339621438,,62.0
김보경,pH수집,전체,MIX620,0.2978818089439236,0.41203125222357695,0.5575676000941677,0.26601135890856853,0.1815964335592284,,63.0
김보경,pH수집,전체,EyeIrritation6pack_PID900,0.29617328101874757,0.3110825407757526,0.5325782244825615,0.5654136988554902,1.4143338349739723e-07,,64.0
김보경,pH수집,전체,MIX820,0.2947998419937846,0.15478516190740427,0.13504530838378542,0.8377507162558427,1.4143338349739723e-07,,65.0
김보경,pH수집,전체,EyeIrritation6pack_PID241,0.2945175511692585,0.3031433052713879,0.5767209775682515,0.5417928405665305,1.4143338349739723e-07,,66.0
김보경,pH수집,전체,EyeIrritation6pack_PID843,0.29224417647128037,0.47101611571044427,0.4352673124490867,0.5210053522466578,1.4143338349739723e-07,,67.0
김보경,pH수집,전체,MIX805,0.2920056124810497,0.5376837791327738,0.39463066494603866,0.5071945366973258,2.1215007524609585e-07,,68.0
김보경,pH수집,전체,EyeIrritation6pack_PID173,0.2902597133688183,0.47133619368247304,0.37817204744227073,0.5427782573336891,0.0,,69.0
김보경,pH수집,전체,MIX71,0.2902597133688183,0.47133619368247304,0.37817204744227073,0.5427782573336891,0.0,,70.0
김보경,pH수집,전체,EyeIrritation6pack_PID254,0.28916841260874815,0.31814739302946576,0.46769688081896565,0.5709723831937669,1.4143338349739723e-07,,71.0
김보경,pH수집,전체,MIX120,0.28916841260874815,0.31814739302946576,0.46769688081896565,0.5709723831937669,1.4143338349739723e-07,,72.0
김보경,pH수집,전체,MIX604,0.28899774187035804,0.42717285125682836,0.7764903304432765,0.3614940268066297,1.4143338349739723e-07,,73.0
김보경,pH수집,전체,MIX432,0.28702719186549164,0.312447249638252,0.16423584467104296,0.7184155704858134,1.4143338349739723e-07,,74.0
김보경,pH수집,전체,EyeIrritation6pack_PID876,0.2836822919240191,0.32975205674081615,0.6151713086166484,0.47314576849015355,1.4143338349739723e-07,,75.0
김보경,pH수집,전체,MIX136,0.28300108110986094,0.5451394948712218,0.4814300586716008,0.43005197168361403,1.4143338349739723e-07,,76.0
김보경,pH수집,전체,MIX363,0.28145329105768585,0.3846581947988213,0.40466389990903695,0.5435165895050237,0.0,,77.0
김보경,pH수집,전체,MIX587,0.27968919043764245,0.5666030962951573,0.38362884190291874,0.45718114378192565,1.4143338349739723e-07,,78.0
김보경,pH수집,전체,MIX799,0.27835065839375595,0.49833427345071224,0.6456226153454937,0.35585689500323886,1.4143338349739723e-07,,79.0
김보경,pH수집,전체,MIX287,0.27073281410866007,0.4635573232006934,0.2026145152453282,0.5693567944725227,0.0,,80.0
김보경,pH수집,전체,EyeIrritation6pack_PID306,0.26953787646430155,0.2442489344854195,0.803659698714857,0.374504894458511,2.8286676699479447e-07,,81.0
김보경,pH수집,전체,MIX237,0.26926926935672174,0.6213577877124273,0.519453817684978,0.3271584284903699,0.0,,82.0
김보경,pH수집,전체,MIX638,0.2672327666748586,1.0,0.4446153851349461,0.16846800777087773,1.4143338349739723e-07,,83.0
김보경,pH수집,전체,EyeIrritation6pack_PID841,0.26567131398576743,0.29816785799696,0.558335446894993,0.45731920559540357,1.4143338349739723e-07,,84.0
김보경,pH수집,전체,MIX608,0.26466453600638346,0.17630708531477896,0.6102832671695456,0.48891975520127134,1.4143338349739723e-07,,85.0
김보경,pH수집,전체,EyeIrritation6pack_PID293,0.2620253163263256,0.708536670612991,0.5508378677252651,0.24373045191862402,0.0,,86.0
김보경,pH수집,전체,EyeIrritation6pack_PID868,0.2613899045551029,0.6511817704948127,0.4530898786371767,0.31916385728434843,0.0,,87.0
김보경,pH수집,전체,MIX55,0.2604164833936796,0.5285159549943762,0.4968038689389067,0.35539484410111255,1.4143338349739723e-07,,88.0
김보경,pH수집,전체,EyeIrritation6pack_PID151,0.26040170615612,0.16505469204975604,0.2659269202398581,0.652514692464415,1.4143338349739723e-07,,89.0
김보경,pH수집,전체,MIX93,0.2590652839314184,0.1595389367809971,0.28518683643742665,0.641187871251005,1.4143338349739723e-07,,90.0
김보경,pH수집,전체,EyeIrritation6pack_PID863,0.25859262371713776,0.21660660375612553,0.7697477732135213,0.36879822390563577,0.0,,91.0
김보경,pH수집,전체,MIX66,0.25841581108741163,0.44312605225079343,0.43066111124384443,0.42449207805503053,2.8286676699479447e-07,,92.0
김보경,pH수집,전체,EyeIrritation6pack_PID796,0.2572281837998895,0.35204585283782747,0.8086348336725312,0.277086747499941,1.4143338349739723e-07,,93.0
김보경,pH수집,전체,EyeIrritation6pack_PID123,0.256841843132767,0.44312605225079343,0.4201679915462138,0.42449207805503053,2.8286676699479447e-07,,94.0
김보경,pH수집,전체,MIX76,0.2567215352814196,0.6226869417408396,0.36385349389311666,0.3624678559653981,2.8286676699479447e-07,,95.0
김보경,pH수집,전체,MIX630,0.2564274924043277,0.2947619088496456,0.32355188376176564,0.5456012231308754,1.4143338349739723e-07,,96.0
김보경,pH수집,전체,EyeIrritation6pack_PID286,0.25378610849890404,0.3934623703603862,0.8393152427578692,0.22956488843721917,0.0,,97.0
김보경,pH수집,전체,EyeIrritation6pack_PID1019,0.2533022308373163,0.3388827601563101,0.5209441801254824,0.4144271107389801,1.4143338349739723e-07,,98.0
김보경,pH수집,전체,MIX30,0.2514009547785312,0.5956012254034273,0.1301169974745129,0.47514388257828927,1.4143338349739723e-07,,99.0
김보경,pH수집,전체,MIX537,0.2512736385233418,0.41522881638884607,0.466238768477944,0.39684481406656624,1.4143338349739723e-07,,100.0
김보경,pH수집,전체,MIX610,0.25025123376600295,0.6954348390807022,0.34608879268664633,0.3134087747584909,1.4143338349739723e-07,,101.0
김보경,pH수집,전체,MIX72,0.2489670276971106,0.5719993753523378,0.307972753195564,0.3899036508940618,2.8286676699479447e-07,,102.0
김보경,pH수집,전체,EyeIrritation6pack_PID673,0.24833176540677626,0.7525061978158352,0.14355416334811769,0.3797423707739445,0.0,,103.0
김보경,pH수집,전체,MIX639,0.24794026310269734,0.95271354687357,0.476711237888619,0.11175496271671875,1.4143338349739723e-07,,104.0
김보경,pH수집,전체,MIX382,0.24672549828990456,0.29565356669298504,0.45076609375516363,0.4492083088310962,1.4143338349739723e-07,,105.0
김보경,pH수집,전체,EyeIrritation6pack_PID741,0.24542930321477568,0.3386283428185834,0.5517286388579689,0.3729189979664649,1.4143338349739723e-07,,106.0
김보경,pH수집,전체,EyeIrritation6pack_PID776,0.24472834172642968,0.3389113871352796,0.49045557496390474,0.40107765803850676,0.0,,107.0
김보경,pH수집,전체,EyeIrritation6pack_PID303,0.24396919452187665,0.38120095267958626,0.5605378806635282,0.34236123173469835,0.0,,108.0
김보경,pH수집,전체,MIX798,0.2435114547891828,0.45565793636747953,0.5993319259293343,0.28420972957102436,1.4143338349739723e-07,,109.0
김보경,pH수집,전체,EyeIrritation6pack_PID65,0.24344834535676388,0.536918629642111,0.1722610420079254,0.45690446011968344,1.4143338349739723e-07,,110.0
김보경,pH수집,전체,EyeIrritation6pack_PID751,0.24180267921744308,0.430033375295034,0.21938899819436172,0.4812973668244231,2.8286676699479447e-07,,111.0
김보경,pH수집,전체,EyeIrritation6pack_PID549,0.2417028347896841,0.26490339774394883,0.3401763971769076,0.5031359356384185,2.1215007524609585e-07,,112.0
김보경,pH수집,전체,MIX107,0.24117651722246664,0.3823987854751507,0.5248095655458432,0.35031735998654717,1.4143338349739723e-07,,113.0
김보경,pH수집,전체,EyeIrritation6pack_PID795,0.241003464206919,0.538435586147809,0.2881496456215503,0.3900522648050504,0.0,,114.0
김보경,pH수집,전체,EyeIrritation6pack_PID829,0.23970512155280618,0.10109971704868065,0.3608728464676844,0.5680305072177377,2.1215007524609585e-07,,115.0
김보경,pH수집,전체,EyeIrritation6pack_PID677,0.23776016486513873,0.20675358017361586,0.6200245891424764,0.37914442107006024,2.8286676699479447e-07,,116.0
김보경,pH수집,전체,EyeIrritation6pack_PID559,0.2374114806813514,0.33679818907961157,0.2832501988623681,0.4813472197223369,1.4143338349739723e-07,,117.0
김보경,pH수집,전체,EyeIrritation6pack_PID578,0.23456966268899768,0.4595151415362428,0.31198097263708585,0.3961508185433279,0.0,,118.0
김보경,pH수집,전체,MIX800,0.23292895208949518,0.5302893021738248,0.15097278476469686,0.43579841967336713,2.8286676699479447e-07,,119.0
김보경,pH수집,전체,EyeIrritation6pack_PID704,0.23272586362015024,0.5710712091992952,0.2793646134268453,0.3505345902650745,2.8286676699479447e-07,,120.0
김보경,pH수집,전체,EyeIrritation6pack_PID675,0.23260807117425294,0.3724568859124119,0.5413051749038672,0.3184790182615257,1.4143338349739723e-07,,121.0
김보경,pH수집,전체,EyeIrritation6pack_PID478,0.23256478721943868,0.4567436143419546,0.47938316358960453,0.30715256843234945,0.0,,122.0
김보경,pH수집,전체,EyeIrritation6pack_PID747,0.2323214794934019,0.21082213305573444,0.27472955358629325,0.5316288997458145,1.4143338349739723e-07,,123.0
김보경,pH수집,전체,MIX413,0.2323214794934019,0.21082213305573444,0.27472955358629325,0.5316288997458145,1.4143338349739723e-07,,124.0
김보경,pH수집,전체,EyeIrritation6pack_PID255,0.23202360139933154,0.3350528809421925,0.3724034099382449,0.4196838592242198,0.0,,125.0
김보경,pH수집,전체,MIX596,0.23195340688451072,0.5613713169916889,0.4483367675137426,0.2683239806956535,0.0,,126.0
김보경,pH수집,전체,MIX803,0.2314840001034427,0.3456451124100133,0.35426763832679325,0.4216566754429722,2.1215007524609585e-07,,127.0
김보경,pH수집,전체,EyeIrritation6pack_PID771,0.23071837566208112,0.2921945334908952,0.7102667837675193,0.2678305935777298,0.0,,128.0
김보경,pH수집,전체,EyeIrritation6pack_PID726,0.22905528274871229,0.6070165528711634,0.301019781181936,0.30949944213582464,0.0,,129.0
김보경,pH수집,전체,MIX572,0.2270019008159313,0.45929150133158364,0.23805667624598856,0.40799872535314036,1.4143338349739723e-07,,130.0
김보경,pH수집,전체,EyeIrritation6pack_PID267,0.22670681023778597,0.3505998602668532,0.6474639009683076,0.25665748684170625,0.0,,131.0
김보경,pH수집,전체,EyeIrritation6pack_PID1000,0.2258475321965846,0.5549864661032223,0.2741892642171043,0.33823705358394074,1.4143338349739723e-07,,132.0
김보경,pH수집,전체,EyeIrritation6pack_PID96,0.2257759420231302,0.46706765357831,0.3746375528942029,0.33173368159633293,1.4143338349739723e-07,,133.0
김보경,pH수집,전체,EyeIrritation6pack_PID1034,0.2254141453925491,0.4219402621133252,0.2354074558906838,0.4227064370619812,1.4143338349739723e-07,,134.0
김보경,pH수집,전체,EyeIrritation6pack_PID474,0.2248783915429349,0.2903170426172263,0.6736260510138654,0.26762271450521447,2.8286676699479447e-07,,135.0
김보경,pH수집,전체,EyeIrritation6pack_PID773,0.2247953699754299,0.27060332467647596,0.5034545222836111,0.3622889764380562,0.0,,136.0
김보경,pH수집,전체,EyeIrritation6pack_PID330,0.22426598800842384,0.2999676276102359,0.5138058669717832,0.34066635749255864,1.4143338349739723e-07,,137.0
김보경,pH수집,전체,MIX177,0.22426598800842384,0.2999676276102359,0.5138058669717832,0.34066635749255864,1.4143338349739723e-07,,138.0
김보경,pH수집,전체,EyeIrritation6pack_PID933,0.2237553306953494,0.3968743329973146,0.228554764206539,0.43313636513805986,1.4143338349739723e-07,,139.0
김보경,pH수집,전체,MIX619,0.22329864071924116,0.24177561245606216,0.26945345683244337,0.3641657673112738,0.09341137533145798,,140.0
김보경,pH수집,전체,MIX607,0.22326995164946387,0.2337141739709327,0.5611564542501831,0.3467976694764771,1.4143338349739723e-07,,141.0
김보경,pH수집,전체,EyeIrritation6pack_PID914,0.22008671051804485,0.5080246731125394,0.4232118461539573,0.26800373160454516,2.8286676699479447e-07,,142.0
김보경,pH수집,전체,MIX520,0.2200384776316425,0.33317854904701555,0.3715413478606723,0.3811014550737865,1.4143338349739723e-07,,143.0
김보경,pH수집,전체,EyeIrritation6pack_PID804,0.21959868112204242,0.27838415604576244,0.3694840882132827,0.4080612930327743,1.4143338349739723e-07,,144.0
김보경,pH수집,전체,EyeIrritation6pack_PID486,0.21937988978391915,0.4103938633940558,0.49304510605893126,0.279546814553237,0.0,,145.0
김보경,pH수집,전체,EyeIrritation6pack_PID420,0.2189465447004077,0.26057131668742556,0.38382251492826486,0.40762461699341346,2.1215007524609585e-07,,146.0
김보경,pH수집,전체,MIX691,0.21860678901704003,0.5174436205505303,0.48356259493748155,0.22818618897946097,0.0,,147.0
김보경,pH수집,전체,EyeIrritation6pack_PID707,0.2185339516406086,0.1970305110446634,0.27818262545604494,0.4908399372183412,0.0,,148.0
김보경,pH수집,전체,EyeIrritation6pack_PID934,0.21775576533282495,0.6275208481648957,0.3322517085941049,0.24596608415207163,1.4143338349739723e-07,,149.0
김보경,pH수집,전체,MIX602,0.21757989885742834,0.3045957574391533,0.4381278305660204,0.35390434694432976,1.4143338349739723e-07,,150.0
김보경,pH수집,전체,EyeIrritation6pack_PID817,0.21528011971962438,0.20668246027431275,0.22001896754975717,0.504249496575535,1.4143338349739723e-07,,151.0
김보경,pH수집,전체,EyeIrritation6pack_PID225,0.21425903703624086,0.3623886954512726,0.20127690540532267,0.4323637068257384,2.1215007524609585e-07,,152.0
김보경,pH수집,전체,MIX618,0.21414748781532494,0.3931357274052642,0.15157991754456393,0.36000509099405026,0.061096534436589155,,153.0
김보경,pH수집,전체,EyeIrritation6pack_PID127,0.21365928119018687,0.5822461962032329,0.36043236721006644,0.2408579451049506,2.8286676699479447e-07,,154.0
김보경,pH수집,전체,EyeIrritation6pack_PID705,0.21183928594329288,0.41843246533283723,0.3309620784683488,0.33143349266587196,1.4143338349739723e-07,,155.0
김보경,pH수집,전체,EyeIrritation6pack_PID31,0.21130922146527653,0.2559102034631095,0.2523788395957982,0.45021936144362334,1.4143338349739723e-07,,156.0
김보경,pH수집,전체,MIX16,0.21130922146527653,0.2559102034631095,0.2523788395957982,0.45021936144362334,1.4143338349739723e-07,,157.0
김보경,pH수집,전체,EyeIrritation6pack_PID989,0.21089179328665764,0.6530017542618116,0.19390687796897638,0.2795181395956202,1.4143338349739723e-07,,158.0
김보경,pH수집,전체,MIX830,0.21042539920647374,0.39096079774178666,0.4207477009450586,0.2955637480114899,0.0,,159.0
김보경,pH수집,전체,MIX293,0.20931098336222742,0.49048408870077537,0.18036313072951682,0.3622794795811007,1.4143338349739723e-07,,160.0
김보경,pH수집,전체,EyeIrritation6pack_PID810,0.20899739458572025,0.5622853811907772,0.275943683103479,0.2775432612274281,1.4143338349739723e-07,,161.0
김보경,pH수집,전체,MIX54,0.20894801749179895,0.27019367013507944,0.5434913697773034,0.2896506831052938,1.4143338349739723e-07,,162.0
김보경,pH수집,전체,EyeIrritation6pack_PID118,0.20879384097765824,0.288825062512351,0.523832133972427,0.2896506831052938,1.4143338349739723e-07,,163.0
김보경,pH수집,전체,MIX90,0.20705290429552578,0.383103333933023,0.1969956702164226,0.4001268455770299,0.0,,164.0
김보경,pH수집,전체,MIX9,0.20643082469988355,0.3934482656226252,0.544463851175647,0.21914631344478647,2.8286676699479447e-07,,165.0
김보경,pH수집,전체,MIX801,0.204818481664615,0.23876013373440744,0.6712433878925889,0.22772632282404048,1.4143338349739723e-07,,166.0
김보경,pH수집,전체,EyeIrritation6pack_PID288,0.20413628174900073,0.3687829861060019,0.2611546771229777,0.3654852523043347,1.4143338349739723e-07,,167.0
김보경,pH수집,전체,MIX665,0.20397104901245647,0.1656610334758679,0.3888684840755452,0.402638549354637,1.4143338349739723e-07,,168.0
김보경,pH수집,전체,EyeIrritation6pack_PID302,0.2034580746443284,0.1860332522166057,0.4807537365854101,0.3447997105910642,2.8286676699479447e-07,,169.0
김보경,pH수집,전체,EyeIrritation6pack_PID968,0.20304783235565388,0.13063771716752667,0.5654885944016222,0.3287626692008382,2.1215007524609585e-07,,170.0
김보경,pH수집,전체,MIX821,0.2024282471910433,0.47136258005805715,0.26547575157325487,0.30634146957664365,1.4143338349739723e-07,,171.0
김보경,pH수집,전체,EyeIrritation6pack_PID916,0.20234332180973302,0.3101405295336887,0.2678398864078808,0.38548734281714736,1.4143338349739723e-07,,172.0
김보경,pH수집,전체,EyeIrritation6pack_PID282,0.19946962962479464,0.3826070095989785,0.33113907909182333,0.3080257210705812,0.0,,173.0
김보경,pH수집,전체,EyeIrritation6pack_PID29,0.19760572640573792,0.4488069488726448,0.1009419188489466,0.38381113224715274,1.4143338349739723e-07,,174.0
김보경,pH수집,전체,EyeIrritation6pack_PID76,0.1972902984339707,0.399395919666886,0.25941041827042155,0.3282309705667373,1.4143338349739723e-07,,175.0
김보경,pH수집,전체,MIX828,0.19720510342068218,0.45271359927052374,0.18853606035018794,0.3367255149252514,0.0,,176.0
김보경,pH수집,전체,EyeIrritation6pack_PID289,0.19489164965015485,0.24456752941649143,0.3392410476332562,0.3577343550644643,1.4143338349739723e-07,,177.0
김보경,pH수집,전체,MIX567,0.1948353645826864,0.4994041795997327,0.18998385794080916,0.3047569136385835,2.1215007524609585e-07,,178.0
김보경,pH수집,전체,MIX1060,0.19381820039238604,0.4896903080406092,0.2140578796073147,0.29418638557281346,1.4143338349739723e-07,,179.0
김보경,pH수집,전체,EyeIrritation6pack_PID727,0.1932283018581176,0.18015160279328862,0.3430767271655962,0.3824798916808493,2.1215007524609585e-07,,180.0
김보경,pH수집,전체,EyeIrritation6pack_PID962,0.1919782404545844,0.17572406024389411,0.2844106551039269,0.40986011050803756,0.0,,181.0
김보경,pH수집,전체,MIX477,0.1919782404545844,0.17572406024389411,0.2844106551039269,0.40986011050803756,0.0,,182.0
김보경,pH수집,전체,MIX370,0.1919676634999958,0.2287851300028904,0.18994537051390445,0.43052677283041063,1.4143338349739723e-07,,183.0
김보경,pH수집,전체,EyeIrritation6pack_PID903,0.18987297529560165,0.4623651209233521,0.17177493181727146,0.3158395141260044,2.8286676699479447e-07,,184.0
김보경,pH수집,전체,MIX147,0.1897829428264664,0.4004406314793477,0.3672277240887545,0.24877525448181417,2.8286676699479447e-07,,185.0
김보경,pH수집,전체,MIX466,0.18787997232189133,0.4331071599269446,0.25466283933710593,0.2823811976185898,2.8286676699479447e-07,,186.0
김보경,pH수집,전체,EyeIrritation6pack_PID838,0.18782332700158372,0.07747909782835684,0.39260126834318354,0.3910375735861756,0.0,,187.0
김보경,pH수집,전체,EyeIrritation6pack_PID728,0.1874393846065362,0.32627201168214004,0.3408271903120031,0.2912481591135379,1.4143338349739723e-07,,188.0
김보경,pH수집,전체,EyeIrritation6pack_PID746,0.18525507711000697,0.22387478367757024,0.35827721074456564,0.32644073791111067,1.4143338349739723e-07,,189.0
김보경,pH수집,전체,EyeIrritation6pack_PID830,0.1850005379189656,0.18296814809626252,0.6440360143622138,0.20316618992280253,1.4143338349739723e-07,,190.0
김보경,pH수집,전체,EyeIrritation6pack_PID117,0.18386872558154835,0.3657547870757413,0.419491946927764,0.22027219635889728,1.4143338349739723e-07,,191.0
김보경,pH수집,전체,EyeIrritation6pack_PID687,0.18384654519601024,0.18852708544817273,0.3141698824234095,0.3614731448063984,1.4143338349739723e-07,,192.0
김보경,pH수집,전체,MIX80,0.18217670810448638,0.21099078262278587,0.4116856283956341,0.2959172995945667,1.4143338349739723e-07,,193.0
김보경,pH수집,전체,EyeIrritation6pack_PID936,0.18146511005671215,0.31385899877478396,0.5319720530882364,0.1819679856796858,1.4143338349739723e-07,,194.0
김보경,pH수집,전체,EyeIrritation6pack_PID700,0.1807165923343183,0.158175762779351,0.268877797233371,0.38886167253018866,1.4143338349739723e-07,,195.0
김보경,pH수집,전체,EyeIrritation6pack_PID126,0.18037525787679673,0.3964376895082147,0.3063445358374355,0.249859369760808,2.8286676699479447e-07,,196.0
김보경,pH수집,전체,MIX272,0.18034498863219534,0.20984981168985156,0.06216125433925693,0.46514414622599665,2.1215007524609585e-07,,197.0
김보경,pH수집,전체,EyeIrritation6pack_PID592,0.18000809466964046,0.38235161539937756,0.2825653863911125,0.26756829275904526,1.4143338349739723e-07,,198.0
김보경,pH수집,전체,MIX291,0.18000809466964046,0.38235161539937756,0.2825653863911125,0.26756829275904526,1.4143338349739723e-07,,199.0
김보경,pH수집,전체,MIX879,0.17982820206123218,0.052773233111616004,0.25442047624952024,0.4458304855235391,0.0,,200.0
김보경,pH수집,전체,MIX8,0.17978017770958263,0.30775881063411875,0.14937492027664595,0.37070039357655976,0.0,,201.0
김보경,pH수집,전체,MIX15,0.17958557925048133,0.5061683070410136,0.04867279689067516,0.3211978569579155,1.4143338349739723e-07,,202.0
김보경,pH수집,전체,MIX375,0.1793938941478881,0.2405797407659595,0.4374035775665536,0.2589877994155258,1.4143338349739723e-07,,203.0
김보경,pH수집,전체,EyeIrritation6pack_PID788,0.17859350354870654,0.34632370873835794,0.1665463066824023,0.33887648220746375,1.4143338349739723e-07,,204.0
김보경,pH수집,전체,EyeIrritation6pack_PID918,0.1785507132446309,0.19732713478300734,0.3541715596563314,0.31941950835125565,1.4143338349739723e-07,,205.0
김보경,pH수집,전체,MIX202,0.1773119238056524,0.03463524128001324,0.37864126569166784,0.3844012096662338,2.1215007524609585e-07,,206.0
김보경,pH수집,전체,EyeIrritation6pack_PID770,0.1757863075535737,0.6453835197962288,0.1766431577017902,0.17494083118505824,1.4143338349739723e-07,,207.0
김보경,pH수집,전체,MIX551,0.17558104768816646,0.23179027178184156,0.3567650247879289,0.26027270833542326,0.023039851755184755,,208.0
김보경,pH수집,전체,EyeIrritation6pack_PID790,0.1752131608792766,0.130726032863163,0.4976951687267318,0.2698332688026413,0.0,,209.0
김보경,pH수집,전체,EyeIrritation6pack_PID961,0.17458525093359867,0.293015193530633,0.4297694174511023,0.22055834237661662,1.4143338349739723e-07,,210.0
김보경,pH수집,전체,EyeIrritation6pack_PID78,0.17354681855140935,0.5784118520358678,0.27444408055256675,0.15206124029930262,1.4143338349739723e-07,,211.0
김보경,pH수집,전체,EyeIrritation6pack_PID871,0.17228725878576193,0.24439970268156014,0.4639829878915966,0.22009951733262806,0.0,,212.0
김보경,pH수집,전체,EyeIrritation6pack_PID970,0.1709957037032572,0.3796237791134003,0.17609457989186683,0.29212649950822384,0.0,,213.0
김보경,pH수집,전체,EyeIrritation6pack_PID818,0.17072292446776738,0.33566202911807413,0.12513231059809873,0.33867896216770454,2.1215007524609585e-07,,214.0
김보경,pH수집,전체,EyeIrritation6pack_PID299,0.1695361952708162,0.48249859424323466,0.32691615723492073,0.16041327516364298,0.0,,215.0
김보경,pH수집,전체,EyeIrritation6pack_PID275,0.169288117772013,0.42467459368375865,0.2991566733722099,0.20237790380088108,1.4143338349739723e-07,,216.0
김보경,pH수집,전체,MIX124,0.169288117772013,0.42467459368375865,0.2991566733722099,0.20237790380088108,1.4143338349739723e-07,,217.0
김보경,pH수집,전체,EyeIrritation6pack_PID765,0.16815908241822006,0.24397692907959787,0.2961845534559826,0.29044953345961,0.0,,218.0
김보경,pH수집,전체,MIX640,0.16771709088831077,0.13601596533054727,0.2917539771008296,0.3451717155452472,2.1215007524609585e-07,,219.0
김보경,pH수집,전체,EyeIrritation6pack_PID1054,0.16758572680121145,0.4985389165188632,0.16998870898107432,0.2243552765874027,0.0,,220.0
김보경,pH수집,전체,MIX662,0.165147086615052,0.3057148067023199,0.47628479767114096,0.1594904865301096,0.0,,221.0
김보경,pH수집,전체,EyeIrritation6pack_PID811,0.16497829373167966,0.40284100606904166,0.4268491078451428,0.13508230594840634,2.1215007524609585e-07,,222.0
김보경,pH수집,전체,MIX409,0.16302879574773083,0.7108912980842363,0.06154213827336766,0.15721260098030074,0.0,,223.0
김보경,pH수집,전체,EyeIrritation6pack_PID937,0.16123297422027022,0.38852179860180913,0.11775222130451841,0.28430623744773703,0.0,,224.0
김보경,pH수집,전체,EyeIrritation6pack_PID935,0.15825234119502432,0.1672308465147645,0.6294433460889027,0.12917051910373611,1.4143338349739723e-07,,225.0
김보경,pH수집,전체,EyeIrritation6pack_PID874,0.1574497826829018,0.49425093155147837,0.19443655319459308,0.1804888665699702,0.0,,226.0
김보경,pH수집,전체,EyeIrritation6pack_PID1052,0.15683294974029907,0.29537208924226255,0.19205843588730642,0.2790612365695458,0.0,,227.0
김보경,pH수집,전체,EyeIrritation6pack_PID923,0.1563159976575825,0.14181425391043334,0.3046643947663111,0.2978140011869029,0.0,,228.0
김보경,pH수집,전체,MIX657,0.1559716076016656,0.2171266301972514,0.2684597751719354,0.2771119674097806,1.4143338349739723e-07,,229.0
김보경,pH수집,전체,EyeIrritation6pack_PID956,0.15292312920390408,0.20744059227716977,0.19446264860007847,0.3087919549965449,1.4143338349739723e-07,,230.0
김보경,pH수집,전체,MIX601,0.15209756165353447,0.21580741981946958,0.1281723052765342,0.3350018210526018,1.4143338349739723e-07,,231.0
김보경,pH수집,전체,EyeIrritation6pack_PID231,0.15153849857147986,0.32334737849918627,0.5814574552653716,0.05272562882255365,2.1215007524609585e-07,,232.0
김보경,pH수집,전체,MIX342,0.15130079943008773,0.6229883724464075,0.1749908035307406,0.10534603295602896,2.8286676699479447e-07,,233.0
김보경,pH수집,전체,EyeIrritation6pack_PID45,0.14945038655769555,0.5328437644343769,0.21441013716067334,0.12454100439479338,0.0,,234.0
김보경,pH수집,전체,EyeIrritation6pack_PID831,0.1491937004863868,0.33953237046867085,0.1702840702709268,0.24240411458482386,0.0,,235.0
김보경,pH수집,전체,EyeIrritation6pack_PID708,0.14801769394445002,0.47617065032062406,0.19598793804079884,0.1573128303896107,1.4143338349739723e-07,,236.0
김보경,pH수집,전체,EyeIrritation6pack_PID443,0.14297418671083653,0.2085996671330208,0.5917609206290935,0.07639995133270859,2.8286676699479447e-07,,237.0
김보경,pH수집,전체,MIX222,0.14297418671083653,0.2085996671330208,0.5917609206290935,0.07639995133270859,2.8286676699479447e-07,,238.0
김보경,pH수집,전체,EyeIrritation6pack_PID348,0.1398152415192292,0.2834842456443672,0.41576017707234575,0.11642859370574081,0.0,,239.0
김보경,pH수집,전체,EyeIrritation6pack_PID694,0.1397435991525477,0.2703810816631916,0.2864504409773108,0.18739595298814088,2.1215007524609585e-07,,240.0
김보경,pH수집,전체,EyeIrritation6pack_PID298,0.13937427851408654,0.20305610100936716,0.36748636128831713,0.1793095086536017,1.4143338349739723e-07,,241.0
김보경,pH수집,전체,EyeIrritation6pack_PID310,0.13711725155910126,0.3871692848166789,0.2805009267067613,0.12322202227959472,2.8286676699479447e-07,,242.0
김보경,pH수집,전체,EyeIrritation6pack_PID467,0.13594116187780753,0.24680579882185977,0.42023528804185734,0.1196164742496552,1.4143338349739723e-07,,243.0
김보경,pH수집,전체,MIX13,0.13574059296320265,0.5470690393635738,0.24768222531983858,0.05509282229112479,1.4143338349739723e-07,,244.0
김보경,pH수집,전체,MIX139,0.1353246205750013,0.08523856719584666,0.27179758057264947,0.272563806121245,1.4143338349739723e-07,,245.0
김보경,pH수집,전체,MIX827,0.13513464001677175,0.1807209484505526,0.05518157854425133,0.3324973479806593,1.4143338349739723e-07,,246.0
김보경,pH수집,전체,MIX179,0.13500389148670391,0.21875412647576767,0.23412512573917077,0.22357315693703253,1.4143338349739723e-07,,247.0
김보경,pH수집,전체,EyeIrritation6pack_PID153,0.1339136679952829,0.12161660017646614,0.11293466414989521,0.32910307257658433,1.4143338349739723e-07,,248.0
김보경,pH수집,전체,MIX56,0.1339136679952829,0.12161660017646614,0.11293466414989521,0.32910307257658433,1.4143338349739723e-07,,249.0
김보경,pH수집,전체,MIX826,0.13356640724717395,0.2059182178910323,0.13266509534573265,0.27592951229435275,1.4143338349739723e-07,,250.0
김보경,pH수집,전체,EyeIrritation6pack_PID79,0.13313197321494885,0.23095643382708256,0.14150988483407362,0.25753989614140677,1.4143338349739723e-07,,251.0
김보경,pH수집,전체,MIX447,0.13234493906213537,0.09308894063885981,0.2476175873636759,0.27079653287251676,0.0,,252.0
김보경,pH수집,전체,MIX245,0.12588831847536716,0.2675784276048866,0.29659486157870346,0.13754089508158432,1.4143338349739723e-07,,253.0
김보경,pH수집,전체,MIX770,0.12465660555506532,0.28490856555049476,0.17524166110518577,0.18544671661119946,1.4143338349739723e-07,,254.0
김보경,pH수집,전체,EyeIrritation6pack_PID996,0.12063867449841138,0.274131741924112,0.2266546315324841,0.15173553968856188,1.4143338349739723e-07,,255.0
김보경,pH수집,전체,EyeIrritation6pack_PID323,0.1203007817916305,0.21096487384080923,0.26691115926057285,0.162064400843566,1.4143338349739723e-07,,256.0
김보경,pH수집,전체,MIX818,0.12013822205233744,0.10153866753450597,0.17660940585424484,0.2613865149022381,1.4143338349739723e-07,,257.0
김보경,pH수집,전체,EyeIrritation6pack_PID690,0.11941771481104804,0.29493040460730335,0.3184465044677344,0.0913702176769519,2.8286676699479447e-07,,258.0
김보경,pH수집,전체,MIX226,0.1183895758970361,0.33011957112362494,0.12630214045636778,0.16642087528894595,1.4143338349739723e-07,,259.0
김보경,pH수집,전체,EyeIrritation6pack_PID680,0.11646854195374126,0.07411565656182022,0.3799269843173092,0.16120696416172814,1.4143338349739723e-07,,260.0
김보경,pH수집,전체,MIX1034,0.11520697113739271,0.2838908363578822,0.17702966098929784,0.1535627998732077,1.4143338349739723e-07,,261.0
김보경,pH수집,전체,EyeIrritation6pack_PID722,0.10895788214288209,0.29847121595184994,0.1274837099405129,0.15021547753009223,0.0,,262.0
김보경,pH수집,전체,EyeIrritation6pack_PID444,0.10821351385273245,0.25203533939401584,0.1257291306292543,0.17182928925296176,1.4143338349739723e-07,,263.0
김보경,pH수집,전체,EyeIrritation6pack_PID854,0.10793517721900975,0.29535139937807786,0.237609622136879,0.09330322472804276,1.4143338349739723e-07,,264.0
김보경,pH수집,전체,EyeIrritation6pack_PID105,0.10562051312714178,0.2035447262429059,0.15534013093091636,0.17262575992571683,1.4143338349739723e-07,,265.0
김보경,pH수집,전체,MIX37,0.10204463684848653,0.21373150790596646,0.10166717680846082,0.1824492585598968,1.4143338349739723e-07,,266.0
김보경,pH수집,전체,MIX825,0.10156693547809209,0.183874189543981,0.17454568568462894,0.15934632540149063,1.4143338349739723e-07,,267.0
김보경,pH수집,전체,MIX677,0.09960215028888986,0.20186162448719897,0.3125705575454067,0.07479079374656307,2.1215007524609585e-07,,268.0
김보경,pH수집,전체,EyeIrritation6pack_PID28,0.09311944608801824,0.22996410034577522,0.10438401068651758,0.1432239095327364,1.4143338349739723e-07,,269.0
김보경,pH수집,전체,EyeIrritation6pack_PID938,0.092270493515517,0.16133850604329017,0.16692024056925056,0.14343874983427496,1.4143338349739723e-07,,270.0
김보경,pH수집,전체,MIX246,0.0840646756566195,0.2940946006294693,0.11666001519495278,0.07483808903200927,1.4143338349739723e-07,,271.0
김보경,pH수집,전체,EyeIrritation6pack_PID512,0.08265055167315377,0.2886395250881047,0.12501740014448157,0.06867318771637476,1.4143338349739723e-07,,272.0
김보경,pH수집,전체,EyeIrritation6pack_PID828,0.0809350639196432,0.20023631559107763,0.11329867277055786,0.11301586364014822,1.4143338349739723e-07,,273.0
김보경,pH수집,전체,MIX887,0.07241697746211517,0.13474296659422386,0.006160141277599777,0.17093808807103844,2.1215007524609585e-07,,274.0
이서윤,pH수집,전체,MIX1068,0.593275742155432,0.5680847184455236,0.6472105751484208,0.3007309164244787,0.801905432972492,,1.0
이서윤,pH수집,전체,MIX869,0.5855095851305138,0.39675212225220124,0.9126331045282423,0.4952780460630576,0.601295968236325,,2.0
이서윤,pH수집,전체,MIX642,0.584807503142033,0.2504474067924665,0.37907629740759563,0.6792187006279437,0.7165333433091013,,3.0
이서윤,pH수집,전체,MIX780,0.5469951683368028,0.5091924712972433,0.4751029532736821,0.5590264987265102,0.5791072625830276,,4.0
이서윤,pH수집,전체,MIX612,0.48639512679566516,0.11725647511348074,0.4727102288506048,0.2928551118458638,0.7751089691182329,,5.0
이서윤,pH수집,전체,MIX769,0.48105912776716875,0.6700573319312393,0.36092256749184864,0.2970874794189509,0.5932147475700508,,6.0
이서윤,pH수집,전체,MIX1078,0.47149924403461085,0.7565336030218877,0.20449043265625672,0.3001991321828961,0.5932147475700508,,7.0
이서윤,pH수집,전체,MIX1067,0.46205763435661057,0.20118476552687137,0.25715647815298337,0.6723819724562028,0.47897964016942873,,8.0
이서윤,pH수집,전체,MIX617,0.4614977815554333,0.44901881683645795,0.47039948145949145,0.2876637926100685,0.5932147475700508,,9.0
이서윤,pH수집,전체,MIX753,0.4513535074017213,0.512494890926736,0.3929443661179702,0.2608390660566502,0.5932147475700508,,10.0
이서윤,pH수집,전체,MIX659,0.4501178568284926,0.9320441856228071,0.7674025988171136,0.6506690867193259,2.8286676699479447e-07,,11.0
이서윤,pH수집,전체,MIX546,0.44767990713507044,0.36965553927348427,0.8370842143312651,0.5498531277059446,0.2542825144564365,,12.0
이서윤,pH수집,전체,MIX874,0.4457788816799221,0.8446397525975866,0.1649804978071853,0.19016648363728655,0.5932147475700508,,13.0
이서윤,pH수집,전체,MIX758,0.43311611188670873,0.35772975856644423,0.3402066770689576,0.30379915837792704,0.5932147475700508,,14.0
이서윤,pH수집,전체,MIX856,0.4291022605567849,0.22593534464405263,0.4444850387002375,0.3041776800904037,0.5932147475700508,,15.0
이서윤,pH수집,전체,MIX779,0.4217685982854056,0.3136172858586773,0.12151258853573127,0.39737739366074665,0.5932147475700508,,16.0
이서윤,pH수집,전체,EyeIrritation6pack_PID375,0.42129693193454415,0.5547216314350611,0.5937789359404122,0.8300728227607438,0.0,,17.0
이서윤,pH수집,전체,MIX178,0.42129693193454415,0.5547216314350611,0.5937789359404122,0.8300728227607438,0.0,,18.0
이서윤,pH수집,전체,MIX789,0.42018528080415696,0.34465249288354244,0.35180262367842424,0.26143704763947195,0.5932147475700508,,19.0
이서윤,pH수집,전체,EyeIrritation6pack_PID54,0.4036102206164677,0.4795533975919607,0.7622234066960389,0.7244788113330479,1.4143338349739723e-07,,20.0
이서윤,pH수집,전체,MIX849,0.40157890000824437,0.3129779583964851,0.2790781604574081,0.2516152771738003,0.5932147475700508,,21.0
이서윤,pH수집,전체,MIX841,0.39755432080079,0.15402603587200428,0.22139322758693125,0.34651844084643113,0.5932147475700508,,22.0
이서윤,pH수집,전체,MIX846,0.3912525478324279,0.24066407966829828,0.3463270340130522,0.21972660584068335,0.5932147475700508,,23.0
이서윤,pH수집,전체,MIX464,0.38113493589165215,0.5002124532158994,0.6205170726615404,0.7100848347889428,1.4143338349739723e-07,,24.0
이서윤,pH수집,전체,MIX776,0.3802377874430075,0.27233585285852513,0.09132352926854435,0.2946766036530891,0.5932147475700508,,25.0
이서윤,pH수집,전체,EyeIrritation6pack_PID396,0.36995074307337905,0.7032469531863538,0.4973928700398778,0.6328492319648145,0.0,,26.0
이서윤,pH수집,전체,MIX191,0.36995074307337905,0.7032469531863538,0.4973928700398778,0.6328492319648145,0.0,,27.0
이서윤,pH수집,전체,MIX503,0.3631073654508816,0.597918478811414,0.395738388428604,0.7135292626384184,1.4143338349739723e-07,,28.0
이서윤,pH수집,전체,MIX782,0.3579250687360752,0.3430847618271382,0.24455239070640938,0.21293686342433066,0.5147460920718597,,29.0
이서윤,pH수집,전체,MIX771,0.35702268812166177,0.6015225103664105,0.5612500378629613,0.6086889758018308,2.8286676699479447e-07,,30.0
이서윤,pH수집,전체,MIX548,0.35580253336685735,0.10849783248075542,0.26351905663162667,1.0,0.0,,31.0
이서윤,pH수집,전체,EyeIrritation6pack_PID1050,0.35233197472047434,0.13516996179428073,0.26062313430383865,0.9765433676858549,0.0,,32.0
이서윤,pH수집,전체,EyeIrritation6pack_PID643,0.3501278850450326,0.20298218839050516,0.4278754620829962,0.8516641249133581,0.0,,33.0
이서윤,pH수집,전체,MIX48,0.3501278850450326,0.20298218839050516,0.4278754620829962,0.8516641249133581,0.0,,34.0
이서윤,pH수집,전체,MIX777,0.3487320211965874,0.17174594834213672,0.07894788650721471,0.24614015647054785,0.5932147475700508,,35.0
이서윤,pH수집,전체,MIX652,0.3483615859465082,0.764117910823483,0.7049866646585479,0.3609067475393568,0.049309688405991314,,36.0
이서윤,pH수집,전체,MIX591,0.34774611843604425,0.6399767423748706,0.8040641504157894,0.437133093146973,1.4143338349739723e-07,,37.0
이서윤,pH수집,전체,MIX775,0.3472101923889124,0.09542431337549127,0.1194103456121935,0.25899698170913116,0.5932147475700508,,38.0
이서윤,pH수집,전체,MIX976,0.34637397561197825,0.2249450985569182,0.2878325808857876,0.10723808222517342,0.5932147475700508,,39.0
이서윤,pH수집,전체,MIX646,0.343803879783798,0.5033900787268979,0.5031912988252963,0.6427220552587183,1.4143338349739723e-07,,40.0
이서윤,pH수집,전체,MIX301,0.33811540519502253,0.22596762415809019,0.22260823946430092,0.9027631359721124,2.1215007524609585e-07,,41.0
이서윤,pH수집,전체,MIX700,0.3335806324388911,0.7479664347438378,0.23884917392660038,0.5373494008685169,0.06088367719442557,,42.0
이서윤,pH수집,전체,MIX416,0.3289833183791248,0.33215013527840315,0.32966572049140114,0.765702756223158,2.8286676699479447e-07,,43.0
이서윤,pH수집,전체,EyeIrritation6pack_PID408,0.3289360927679269,0.5029444656881533,0.464203111332941,0.6128796654713646,1.4143338349739723e-07,,44.0
이서윤,pH수집,전체,MIX195,0.3289360927679269,0.5029444656881533,0.464203111332941,0.6128796654713646,1.4143338349739723e-07,,45.0
이서윤,pH수집,전체,MIX708,0.3235622648505027,0.3311542436320935,0.5918555630728719,0.6170357909046817,1.4143338349739723e-07,,46.0
이서윤,pH수집,전체,MIX298,0.3191662166236771,0.598245611943994,0.1542829241256799,0.6876229321329089,1.4143338349739723e-07,,47.0
이서윤,pH수집,전체,EyeIrritation6pack_PID51,0.31820695433989193,0.2722552314928271,0.48612871920640777,0.6814976838721777,1.4143338349739723e-07,,48.0
이서윤,pH수집,전체,MIX384,0.3137503951040598,0.5397227607443408,0.41796045900813333,0.33975032600475874,0.17043203584940259,,49.0
이서윤,pH수집,전체,MIX451,0.3125304838287169,0.3935387447671387,0.47245783108285533,0.6087698029262146,1.4143338349739723e-07,,50.0
이서윤,pH수집,전체,MIX144,0.3097469321638502,0.315272081360809,0.8726206471593418,0.4385434096194253,0.0,,51.0
이서윤,pH수집,전체,MIX224,0.3090365342643909,0.48054031404916336,0.6023787966039535,0.4886620369769002,1.4143338349739723e-07,,52.0
이서윤,pH수집,전체,EyeIrritation6pack_PID621,0.308705016603787,0.3141514378763748,0.3636854830700595,0.6900980729615616,1.4143338349739723e-07,,53.0
이서윤,pH수집,전체,MIX320,0.308705016603787,0.3141514378763748,0.3636854830700595,0.6900980729615616,1.4143338349739723e-07,,54.0
이서윤,pH수집,전체,MIX486,0.30824739264864054,0.834610990273917,0.264115360720923,0.47812794475353715,1.4143338349739723e-07,,55.0
이서윤,pH수집,전체,EyeIrritation6pack_PID131,0.3064202014001776,0.6444207254978588,0.3807282190568868,0.5088259161897856,2.1215007524609585e-07,,56.0
이서윤,pH수집,전체,MIX79,0.3064202014001776,0.6444207254978588,0.3807282190568868,0.5088259161897856,2.1215007524609585e-07,,57.0
이서윤,pH수집,전체,MIX440,0.3060574315481547,0.4605320948813728,0.42159843442355405,0.579125985263541,1.4143338349739723e-07,,58.0
이서윤,pH수집,전체,MIX594,0.30427518689393707,0.5251170600532972,0.39270908788800163,0.5238011103125805,0.023652329022420232,,59.0
이서윤,pH수집,전체,MIX410,0.30303828343438893,0.36343561779585865,0.08582767208782453,0.7854957779282769,1.4143338349739723e-07,,60.0
이서윤,pH수집,전체,MIX38,0.3024343460557092,0.41998079382475906,0.48942228373256713,0.5534129480737009,0.0,,61.0
이서윤,pH수집,전체,MIX151,0.29882237335162815,0.30170955969935365,0.6362617934457202,0.5270889012662235,0.0,,62.0
이서윤,pH수집,전체,EyeIrritation6pack_PID325,0.29787113065647264,0.34784897319627983,0.303981217609113,0.6669884848743678,1.4143338349739723e-07,,63.0
이서윤,pH수집,전체,MIX656,0.2962507753707224,0.4785995488591474,0.8872118429736876,0.3045968886526574,0.0,,64.0
이서윤,pH수집,전체,MIX421,0.29224417647128037,0.47101611571044427,0.4352673124490867,0.5210053522466578,1.4143338349739723e-07,,65.0
이서윤,pH수집,전체,MIX429,0.29058268499928835,0.4295543948367197,0.2034457944830665,0.6521088553377347,0.0,,66.0
이서윤,pH수집,전체,MIX465,0.2902130249135478,0.5641946716058097,0.298685618695768,0.5359364159831925,1.4143338349739723e-07,,67.0
이서윤,pH수집,전체,MIX650,0.28772503632490726,0.5940305971903084,0.20836717843994176,0.5578843780233878,1.4143338349739723e-07,,68.0
이서윤,pH수집,전체,EyeIrritation6pack_PID560,0.2864702980582344,0.28039145503977,0.5103570092385503,0.5595267613882878,0.0,,69.0
이서윤,pH수집,전체,MIX431,0.28589584181708505,0.3455127604262307,0.16443122281584935,0.6980138649024765,2.1215007524609585e-07,,70.0
이서윤,pH수집,전체,MIX627,0.2857662693158003,0.41291232223467667,0.5343185574567753,0.47893860262909715,1.4143338349739723e-07,,71.0
이서윤,pH수집,전체,MIX613,0.28461689203506163,0.4736172477260647,0.4940793435437613,0.32542107882009175,0.1045901992464005,,72.0
이서윤,pH수집,전체,EyeIrritation6pack_PID663,0.2844803640692318,0.7305017088530301,0.20302048436999293,0.48150659504141646,1.4143338349739723e-07,,73.0
이서윤,pH수집,전체,MIX346,0.2844803640692318,0.7305017088530301,0.20302048436999293,0.48150659504141646,1.4143338349739723e-07,,74.0
이서윤,pH수집,전체,MIX444,0.2818283286825853,0.4121725461621253,0.5512952739039836,0.45769366366438524,1.4143338349739723e-07,,75.0
이서윤,pH수집,전체,MIX289,0.281349955355254,0.5633687954203226,0.3580140950752763,0.4771415506918693,1.4143338349739723e-07,,76.0
이서윤,pH수집,전체,EyeIrritation6pack_PID439,0.28018767604245653,0.3647762234089907,0.5395911957899963,0.4817750219641837,1.4143338349739723e-07,,77.0
이서윤,pH수집,전체,MIX218,0.28018767604245653,0.3647762234089907,0.5395911957899963,0.4817750219641837,1.4143338349739723e-07,,78.0
이서윤,pH수집,전체,MIX635,0.27708212846952407,0.5641549573417868,0.623088580188327,0.32998513755551206,1.4143338349739723e-07,,79.0
이서윤,pH수집,전체,MIX576,0.27633323663198334,0.8158983179425584,0.7789162468858956,0.12370350635905097,0.0,,80.0
이서윤,pH수집,전체,EyeIrritation6pack_PID1023,0.27619471859221795,0.8754962122096905,0.1862804044761421,0.389760565053299,1.4143338349739723e-07,,81.0
이서윤,pH수집,전체,MIX544,0.27619471859221795,0.8754962122096905,0.1862804044761421,0.389760565053299,1.4143338349739723e-07,,82.0
이서윤,pH수집,전체,MIX631,0.27309486453365983,0.43987590450998965,0.3145822995338632,0.5330868302235061,2.1215007524609585e-07,,83.0
이서윤,pH수집,전체,MIX351,0.27302395229821974,0.3377270010257602,0.4722463335074038,0.5050929851496392,1.4143338349739723e-07,,84.0
이서윤,pH수집,전체,MIX278,0.2727798225830669,0.21535388591543966,0.6590238838541302,0.16668479985229137,0.22904429290485995,,85.0
이서윤,pH수집,전체,MIX424,0.2711136240835168,0.6367445119647829,0.4107573555460064,0.3799611465229948,0.0,,86.0
이서윤,pH수집,전체,MIX836,0.26760102205823133,0.3884778981845899,0.2790686765633365,0.5582297423311187,2.8286676699479447e-07,,87.0
이서윤,pH수집,전체,MIX746,0.2675427451567352,0.6481494441924432,0.524423509651291,0.30552267360058355,0.0,,88.0
이서윤,pH수집,전체,MIX787,0.2674389982330181,0.42105701060889844,0.28225558110871696,0.5398068430067413,1.4143338349739723e-07,,89.0
이서윤,pH수집,전체,MIX18,0.26731699598308634,0.6630528028576306,0.2293735285279686,0.3135623809320455,0.09846082998908205,,90.0
이서윤,pH수집,전체,MIX192,0.26628617068217886,0.6544214794764287,0.15691605640265915,0.4819516124232077,1.4143338349739723e-07,,91.0
이서윤,pH수집,전체,MIX419,0.2635964757141213,0.24718175308459545,0.5954892966630502,0.45731920559540357,1.4143338349739723e-07,,92.0
이서윤,pH수집,전체,EyeIrritation6pack_PID642,0.2633248903757683,0.2788603300804954,0.2934281802664356,0.5916053794124289,0.0,,93.0
이서윤,pH수집,전체,MIX53,0.2633248903757683,0.2788603300804954,0.2934281802664356,0.5916053794124289,0.0,,94.0
이서윤,pH수집,전체,MIX599,0.26191415329486706,0.30221393871830116,0.6967791147782145,0.37355046232345435,1.4143338349739723e-07,,95.0
이서윤,pH수집,전체,MIX227,0.26106694748004555,0.07649737514562069,0.62965328921686,0.5171476375077334,1.4143338349739723e-07,,96.0
이서윤,pH수집,전체,EyeIrritation6pack_PID475,0.2609452118336584,0.104494048391434,0.624193038860395,0.5054736405751021,1.4143338349739723e-07,,97.0
이서윤,pH수집,전체,EyeIrritation6pack_PID377,0.25959861584494787,0.6912865287841234,0.3399753958635137,0.3496974742925739,2.1215007524609585e-07,,98.0
이서윤,pH수집,전체,MIX185,0.25959861584494787,0.6912865287841234,0.3399753958635137,0.3496974742925739,2.1215007524609585e-07,,99.0
이서윤,pH수집,전체,MIX579,0.25945190055349254,0.1658897674857617,0.770175568742717,0.3968066232417132,2.8286676699479447e-07,,100.0
이서윤,pH수집,전체,MIX439,0.25859262371713776,0.21660660375612553,0.7697477732135213,0.36879822390563577,0.0,,101.0
이서윤,pH수집,전체,MIX707,0.25817334306698325,0.46504720155267143,0.6387921677660513,0.3086581255639162,0.0,,102.0
이서윤,pH수집,전체,EyeIrritation6pack_PID1043,0.25808552598552226,0.39687617677725195,0.5053959273719101,0.4091488459659819,1.4143338349739723e-07,,103.0
이서윤,pH수집,전체,MIX685,0.2560527496619297,0.6437727746165146,0.35219349428222163,0.34053107519415876,0.011246216922179038,,104.0
이서윤,pH수집,전체,EyeIrritation6pack_PID629,0.2548268961295071,0.19068086410690901,0.27709344476585746,0.6155354555062845,2.8286676699479447e-07,,105.0
이서윤,pH수집,전체,MIX327,0.2548268961295071,0.19068086410690901,0.27709344476585746,0.6155354555062845,2.8286676699479447e-07,,106.0
이서윤,pH수집,전체,MIX688,0.2538751152771547,0.32686591453742825,0.5558099019370566,0.40491228744209523,1.4143338349739723e-07,,107.0
이서윤,pH수집,전체,MIX684,0.253031375899515,0.47492905295220894,0.34647471865254,0.41774107796643684,0.011246216922179038,,108.0
이서윤,pH수집,전체,EyeIrritation6pack_PID1051,0.25149952847543267,0.5834011599147971,0.09790285565936806,0.49767975379769297,0.0,,109.0
이서윤,pH수집,전체,MIX203,0.24880291326544798,0.6510846073970968,0.22290686380313257,0.3923473086180453,0.0,,110.0
이서윤,pH수집,전체,EyeIrritation6pack_PID462,0.2485459288241411,0.30525566736732235,0.49647201041975664,0.4276224019424195,1.4143338349739723e-07,,111.0
이서윤,pH수집,전체,MIX212,0.2485459288241411,0.30525566736732235,0.49647201041975664,0.4276224019424195,1.4143338349739723e-07,,112.0
이서윤,pH수집,전체,MIX331,0.24833176540677626,0.7525061978158352,0.14355416334811769,0.3797423707739445,0.0,,113.0
이서윤,pH수집,전체,MIX616,0.2475723815074522,0.31739346383793354,0.340205239248286,0.49644173157055294,1.4143338349739723e-07,,114.0
이서윤,pH수집,전체,MIX703,0.2461323630299623,0.4935503309906698,0.6812766682119621,0.23302733334286904,2.8286676699479447e-07,,115.0
이서윤,pH수집,전체,MIX575,0.2459255310265942,0.23931422590842008,0.6126453801353678,0.3937717784889087,1.4143338349739723e-07,,116.0
이서윤,pH수집,전체,MIX401,0.24542930321477568,0.3386283428185834,0.5517286388579689,0.3729189979664649,1.4143338349739723e-07,,117.0
이서윤,pH수집,전체,EyeIrritation6pack_PID1020,0.2446337664473351,0.81422279357342,0.39784528264612895,0.20941166147016463,1.4143338349739723e-07,,118.0
이서윤,pH수집,전체,EyeIrritation6pack_PID607,0.24433025979452208,0.4201214867301573,0.5500151521619554,0.3293656912911727,1.4143338349739723e-07,,119.0
이서윤,pH수집,전체,MIX306,0.24433025979452208,0.4201214867301573,0.5500151521619554,0.3293656912911727,1.4143338349739723e-07,,120.0
이서윤,pH수집,전체,EyeIrritation6pack_PID412,0.24324347598134435,0.4236297771798526,0.4217018738373476,0.38814538394019166,2.8286676699479447e-07,,121.0
이서윤,pH수집,전체,MIX533,0.2397909913372172,0.22216470769425106,0.5413117844543756,0.4175648698052327,1.4143338349739723e-07,,122.0
이서윤,pH수집,전체,MIX406,0.23970512155280618,0.10109971704868065,0.3608728464676844,0.5680305072177377,2.1215007524609585e-07,,123.0
이서윤,pH수집,전체,MIX518,0.23949178789166367,0.6183942419894457,0.2690518825044696,0.3545828973919213,0.0,,124.0
이서윤,pH수집,전체,MIX710,0.23825077360662894,0.13742067563526866,0.612683471347898,0.4191169832860019,1.4143338349739723e-07,,125.0
이서윤,pH수집,전체,EyeIrritation6pack_PID224,0.23819375957693226,0.29807626211928007,0.2876933873097201,0.5010940910085072,2.1215007524609585e-07,,126.0
이서윤,pH수집,전체,EyeIrritation6pack_PID370,0.23689078611491957,0.6644483035036013,0.4051185928946038,0.2548523169394515,1.4143338349739723e-07,,127.0
이서윤,pH수집,전체,MIX484,0.23602102494695162,0.8508274744507606,0.24475815703129755,0.23894365121537625,2.1215007524609585e-07,,128.0
이서윤,pH수집,전체,MIX719,0.23421459809632067,0.2743796851296924,0.2640549285136052,0.5114980201660868,0.0,,129.0
이서윤,pH수집,전체,EyeIrritation6pack_PID42,0.2333960919392465,0.3249697596635081,0.38794422673893963,0.4215296027739085,2.8286676699479447e-07,,130.0
이서윤,pH수집,전체,MIX389,0.23272586362015024,0.5710712091992952,0.2793646134268453,0.3505345902650745,2.8286676699479447e-07,,131.0
이서윤,pH수집,전체,MIX334,0.23260807117425294,0.3724568859124119,0.5413051749038672,0.3184790182615257,1.4143338349739723e-07,,132.0
이서윤,pH수집,전체,MIX121,0.23202360139933154,0.3350528809421925,0.3724034099382449,0.4196838592242198,0.0,,133.0
이서윤,pH수집,전체,MIX189,0.22988719047095524,0.4902783443082959,0.18398552161511908,0.429158513363632,1.4143338349739723e-07,,134.0
이서윤,pH수집,전체,MIX316,0.22914742615087919,0.6076685995937596,0.3223716334097465,0.298804354467744,2.1215007524609585e-07,,135.0
이서윤,pH수집,전체,EyeIrritation6pack_PID379,0.22913247793460909,0.27567429214845823,0.5229810099172142,0.3644470868380162,1.4143338349739723e-07,,136.0
이서윤,pH수집,전체,MIX40,0.22911112922173124,0.4148889243270867,0.2247848798577111,0.443866673402194,1.4143338349739723e-07,,137.0
이서윤,pH수집,전체,MIX390,0.22905528274871229,0.6070165528711634,0.301019781181936,0.30949944213582464,0.0,,138.0
이서윤,pH수집,전체,MIX51,0.22698525667039854,0.4751297512267654,0.3746375528942029,0.33173368159633293,1.4143338349739723e-07,,139.0
이서윤,pH수집,전체,EyeIrritation6pack_PID476,0.22455954295300126,0.519030572759069,0.28058146990587746,0.3487255999330197,1.4143338349739723e-07,,140.0
이서윤,pH수집,전체,MIX228,0.22455954295300126,0.519030572759069,0.28058146990587746,0.3487255999330197,1.4143338349739723e-07,,141.0
이서윤,pH수집,전체,MIX778,0.2236766552117179,0.3547510104787258,0.46824063411229966,0.3340928398323689,1.4143338349739723e-07,,142.0
이서윤,pH수집,전체,MIX262,0.2230466815655445,0.22975140719288165,0.5242105567580523,0.36650776799850343,1.4143338349739723e-07,,143.0
이서윤,pH수집,전체,MIX145,0.22209113740191383,0.35569938700161025,0.406586714752514,0.3591603633069614,2.8286676699479447e-07,,144.0
이서윤,pH수집,전체,EyeIrritation6pack_PID602,0.2220749748652701,0.26486546060647637,0.4679712142289463,0.373831390222011,1.4143338349739723e-07,,145.0
이서윤,pH수집,전체,EyeIrritation6pack_PID456,0.22080408893057243,0.36826543299132325,0.4377945770874287,0.3329834361513543,1.4143338349739723e-07,,146.0
이서윤,pH수집,전체,EyeIrritation6pack_PID473,0.22019396838798372,0.2562094676178623,0.44138976534021873,0.385179995280805,2.1215007524609585e-07,,147.0
이서윤,pH수집,전체,MIX225,0.22019396838798372,0.2562094676178623,0.44138976534021873,0.385179995280805,2.1215007524609585e-07,,148.0
이서윤,pH수집,전체,MIX641,0.21984092236784208,0.14721157053431452,0.5480077872198957,0.3851931128156016,2.1215007524609585e-07,,149.0
이서윤,pH수집,전체,MIX467,0.21878272968905726,0.5398172473894594,0.19494030768130308,0.36189679951696496,1.4143338349739723e-07,,150.0
이서윤,pH수집,전체,EyeIrritation6pack_PID608,0.21719825893404457,0.5658898972882154,0.5804516031180469,0.15082325766583946,1.4143338349739723e-07,,151.0
이서윤,pH수집,전체,MIX388,0.21668868358990223,0.14667497193282808,0.5155065234278481,0.39120458141923575,2.1215007524609585e-07,,152.0
이서윤,pH수집,전체,MIX359,0.21629513117305463,0.19445750522282843,0.8193051578178933,0.214102439056488,0.0,,153.0
이서윤,pH수집,전체,MIX647,0.21596498911970502,0.2863813214764678,0.40222019666450143,0.3755823494173542,1.4143338349739723e-07,,154.0
이서윤,pH수집,전체,MIX701,0.2155616969016672,0.26837607940934144,0.154892476950672,0.5069044286254504,2.1215007524609585e-07,,155.0
이서윤,pH수집,전체,MIX611,0.21466661333074522,0.2729528499898363,0.6398312034501098,0.25916316247133314,1.4143338349739723e-07,,156.0
이서윤,pH수집,전체,EyeIrritation6pack_PID1007,0.21424630970591493,0.25327083613512885,0.47352137092530666,0.35075826215616535,0.0,,157.0
이서윤,pH수집,전체,MIX521,0.21424630970591493,0.25327083613512885,0.47352137092530666,0.35075826215616535,0.0,,158.0
이서윤,pH수집,전체,MIX785,0.2139835386855702,0.31182627739702085,0.4394477938652043,0.3376414266541215,0.0,,159.0
이서윤,pH수집,전체,MIX140,0.21301347399901438,0.47287531629041446,0.20984122789480014,0.3686866412374407,0.0,,160.0
이서윤,pH수집,전체,MIX461,0.21285066141613632,0.4643636143025046,0.11314435308123831,0.420748221028583,0.0,,161.0
이서윤,pH수집,전체,MIX479,0.2121634814344669,0.4487604102305976,0.4375398817979466,0.26406108161159486,2.8286676699479447e-07,,162.0
이서윤,pH수집,전체,MIX393,0.21183928594329288,0.41843246533283723,0.3309620784683488,0.33143349266587196,1.4143338349739723e-07,,163.0
이서윤,pH수집,전체,MIX60,0.21128645627041584,0.5430296286657442,0.4235160416281252,0.22101516384327352,1.4143338349739723e-07,,164.0
이서윤,pH수집,전체,EyeIrritation6pack_PID205,0.21045045997792156,0.2847709169414068,0.3373761129932015,0.3904280182924344,0.0,,165.0
이서윤,pH수집,전체,MIX358,0.21037468388501576,0.6485164141400366,0.19705080862196425,0.27846514632454095,1.4143338349739723e-07,,166.0
이서윤,pH수집,전체,EyeIrritation6pack_PID226,0.2103276669466121,0.42805974922629136,0.44670725651079424,0.2637084374200639,2.1215007524609585e-07,,167.0
이서윤,pH수집,전체,MIX449,0.21017684951503046,0.2307936768133937,0.6670017594182793,0.25169178026759836,0.0,,168.0
이서윤,pH수집,전체,MIX98,0.2098911621938736,0.3623886954512726,0.20127690540532267,0.4178041240178475,2.1215007524609585e-07,,169.0
이서윤,pH수집,전체,MIX590,0.20971256488043033,0.45538160987581855,0.34179289060869383,0.3004543498257447,2.1215007524609585e-07,,170.0
이서윤,pH수집,전체,MIX563,0.20899739458572025,0.5622853811907772,0.275943683103479,0.2775432612274281,1.4143338349739723e-07,,171.0
이서윤,pH수집,전체,MIX644,0.20670166095372974,0.26579001481301257,0.41286943568914264,0.34967581126135483,0.0,,172.0
이서윤,pH수집,전체,EyeIrritation6pack_PID50,0.20643082469988355,0.3934482656226252,0.544463851175647,0.21914631344478647,2.8286676699479447e-07,,173.0
이서윤,pH수집,전체,MIX580,0.20626959739897183,0.09743063651697662,0.5964395967853111,0.34062983085640625,2.8286676699479447e-07,,174.0
이서윤,pH수집,전체,EyeIrritation6pack_PID583,0.20538450902870478,0.3048966489710243,0.5081635591869901,0.27808464314990855,2.1215007524609585e-07,,175.0
이서윤,pH수집,전체,MIX795,0.20426399434179218,0.38330692384450854,0.1383752519204161,0.42003870467900045,1.4143338349739723e-07,,176.0
이서윤,pH수집,전체,EyeIrritation6pack_PID535,0.20366762388919638,0.21619872821847377,0.4817025409706591,0.32994125645824357,1.4143338349739723e-07,,177.0
이서윤,pH수집,전체,MIX11,0.2032891608371978,0.316148340519589,0.3179324211351735,0.3605899667187667,1.4143338349739723e-07,,178.0
이서윤,pH수집,전체,MIX408,0.2026686687178029,0.17510465908756112,0.435836935956817,0.37009124295930934,1.4143338349739723e-07,,179.0
이서윤,pH수집,전체,MIX374,0.20255403398514166,0.44956970872707597,0.25033401697400537,0.32522825043326486,0.0,,180.0
이서윤,pH수집,전체,EyeIrritation6pack_PID1005,0.20231058811977082,0.15324100161331936,0.36328808486502817,0.4161038009599621,2.1215007524609585e-07,,181.0
이서윤,pH수집,전체,MIX584,0.20147076319219426,0.33482641976385985,0.11748462794541698,0.4454134982081645,1.4143338349739723e-07,,182.0
이서윤,pH수집,전체,MIX858,0.20011190042542126,0.4728604182773922,0.3604044872772086,0.2504070267295925,1.4143338349739723e-07,,183.0
이서윤,pH수집,전체,MIX132,0.19946962962479464,0.3826070095989785,0.33113907909182333,0.3080257210705812,0.0,,184.0
이서윤,pH수집,전체,MIX564,0.19860092025276102,0.4599934933306982,0.500869067870332,0.18157150404192135,2.1215007524609585e-07,,185.0
이서윤,pH수집,전체,MIX159,0.19800710591695422,0.5894638046114902,0.13359878525995242,0.2984922028762814,1.4143338349739723e-07,,186.0
이서윤,pH수집,전체,MIX459,0.19726062671091563,0.24181540500782334,0.39526355569862565,0.3389957534386497,1.4143338349739723e-07,,187.0
이서윤,pH수집,전체,EyeIrritation6pack_PID1032,0.19647619198280838,0.5352509911287249,0.09222206002293655,0.34118383150009696,2.1215007524609585e-07,,188.0
이서윤,pH수집,전체,MIX347,0.19624232229742977,0.4295152132503497,0.432257477298779,0.2232545404723569,1.4143338349739723e-07,,189.0
이서윤,pH수집,전체,MIX26,0.19546858901085987,0.2417572126053606,0.4366145931676676,0.31237568332732946,2.8286676699479447e-07,,190.0
이서윤,pH수집,전체,EyeIrritation6pack_PID40,0.1948414925286417,0.36703370051891865,0.2788543079040876,0.32652735468386884,2.1215007524609585e-07,,191.0
이서윤,pH수집,전체,MIX392,0.1932283018581176,0.18015160279328862,0.3430767271655962,0.3824798916808493,2.1215007524609585e-07,,192.0
이서윤,pH수집,전체,EyeIrritation6pack_PID437,0.192222115627791,0.3828722004499889,0.3219067864379426,0.28835070340415975,1.4143338349739723e-07,,193.0
이서윤,pH수집,전체,MIX364,0.19190712439477273,0.3031984038929988,0.42829503715436734,0.27394350554771474,1.4143338349739723e-07,,194.0
이서윤,pH수집,전체,MIX300,0.1918224521724786,0.19946287633494642,0.5907275667806744,0.24431276377260686,1.4143338349739723e-07,,195.0
이서윤,pH수집,전체,MIX984,0.19140977258727274,0.5128825601082145,0.4272803459139452,0.16795093370198466,1.4143338349739723e-07,,196.0
이서윤,pH수집,전체,EyeIrritation6pack_PID406,0.19112163941123278,0.41478532090950254,0.6695452700360722,0.09490664732014402,1.4143338349739723e-07,,197.0
이서윤,pH수집,전체,MIX790,0.19010503024022132,0.3040900426369491,0.5359105994149302,0.21368292453028687,1.4143338349739723e-07,,198.0
이서윤,pH수집,전체,MIX839,0.18982918527318246,0.35762101548957653,0.08973513243047254,0.40908568837273906,1.4143338349739723e-07,,199.0
이서윤,pH수집,전체,MIX173,0.1886803206311341,0.44623938235903665,0.2822635834328571,0.26468273062998887,1.4143338349739723e-07,,200.0
이서윤,pH수집,전체,EyeIrritation6pack_PID1013,0.18830077359430716,0.2505240870021667,0.26017827260452386,0.37231787693316726,1.4143338349739723e-07,,201.0
이서윤,pH수집,전체,MIX532,0.18830077359430716,0.2505240870021667,0.26017827260452386,0.37231787693316726,1.4143338349739723e-07,,202.0
이서윤,pH수집,전체,MIX23,0.18710178202585634,0.4617429669175388,0.2711979873159784,0.25720184676932895,2.1215007524609585e-07,,203.0
이서윤,pH수집,전체,MIX482,0.18619174864831328,0.2750214975305664,0.19528176400153824,0.38548734281714736,1.4143338349739723e-07,,204.0
이서윤,pH수집,전체,MIX197,0.18525788482104963,0.4227526969390417,0.4081540435182765,0.20207272393032844,1.4143338349739723e-07,,205.0
이서윤,pH수집,전체,EyeIrritation6pack_PID110,0.18509075175393688,0.4466620165523073,0.38372497952416873,0.2017754858970403,1.4143338349739723e-07,,206.0
이서윤,pH수집,전체,MIX340,0.18384654519601024,0.18852708544817273,0.3141698824234095,0.3614731448063984,1.4143338349739723e-07,,207.0
이서윤,pH수집,전체,EyeIrritation6pack_PID49,0.18167838311847015,0.21120386311906647,0.25802524021663636,0.37098005872704903,0.0,,208.0
이서윤,pH수집,전체,MIX317,0.18152934373447138,0.06751823102082223,0.06220430163480961,0.5402363575425774,1.4143338349739723e-07,,209.0
이서윤,pH수집,전체,MIX1056,0.18123782103085115,0.2745966038856684,0.36877492733913964,0.2824401159125886,1.4143338349739723e-07,,210.0
이서윤,pH수집,전체,MIX165,0.17857589437847718,0.11289436187908668,0.3345502476228097,0.37153039364387547,2.1215007524609585e-07,,211.0
이서윤,pH수집,전체,MIX609,0.1785507132446309,0.19732713478300734,0.3541715596563314,0.31941950835125565,1.4143338349739723e-07,,212.0
이서윤,pH수집,전체,MIX539,0.17804334305751324,0.3686970418884855,0.3821275211418887,0.21806534009867903,1.4143338349739723e-07,,213.0
이서윤,pH수집,전체,MIX182,0.17573505683375892,0.4133016379328021,0.1112539338134661,0.32350554832821765,1.4143338349739723e-07,,214.0
이서윤,pH수집,전체,MIX554,0.1756681928834704,0.5422657487824462,0.21699497116616331,0.20593028297059665,0.0,,215.0
이서윤,pH수집,전체,MIX1053,0.17560167549003913,0.35287920861177857,0.2728150075106611,0.27249162166106594,1.4143338349739723e-07,,216.0
이서윤,pH수집,전체,EyeIrritation6pack_PID1055,0.17470345108589547,0.3299510880829916,0.15951323402624296,0.33761267589836763,0.0,,217.0
이서윤,pH수집,전체,MIX41,0.17358313616508897,0.3817250206580422,0.37892112588530696,0.19828719203411074,1.4143338349739723e-07,,218.0
이서윤,pH수집,전체,EyeIrritation6pack_PID635,0.17192656931633463,0.15291572034456327,0.446728513146732,0.27326644764213454,0.0,,219.0
이서윤,pH수집,전체,EyeIrritation6pack_PID47,0.1714236570412317,0.368714633847632,0.25774240397707066,0.25818348264724306,1.4143338349739723e-07,,220.0
이서윤,pH수집,전체,MIX6,0.16942579961650595,0.368714633847632,0.2625896378753417,0.2491003409490217,1.4143338349739723e-07,,221.0
이서윤,pH수집,전체,MIX513,0.16842094598951077,0.6727897700500481,0.07689714937037495,0.1865595050103131,1.4143338349739723e-07,,222.0
이서윤,pH수집,전체,MIX547,0.16808710408770103,0.3055129770405544,0.13984236508071723,0.33761267589836763,0.0,,223.0
이서윤,pH수집,전체,MIX480,0.16617905577644101,0.42260424104981825,0.2015310878365207,0.2418625214783006,0.0,,224.0
이서윤,pH수집,전체,EyeIrritation6pack_PID616,0.16485724102270635,0.3452061532104174,0.16550947536198982,0.29416613387830626,1.4143338349739723e-07,,225.0
이서윤,pH수집,전체,MIX395,0.16347461485567122,0.35334165849540167,0.5266297009264922,0.10492942027452358,2.1215007524609585e-07,,226.0
이서윤,pH수집,전체,MIX345,0.16295848117556935,0.19537502286359956,0.3039572761927193,0.29352850485697146,2.1215007524609585e-07,,227.0
이서윤,pH수집,전체,EyeIrritation6pack_PID651,0.16228550430308303,0.3374251394042661,0.4787074671210808,0.13288509488083633,2.1215007524609585e-07,,228.0
이서윤,pH수집,전체,MIX43,0.16219544443975378,0.575238022113887,0.21806132193962746,0.14400162086124407,1.4143338349739723e-07,,229.0
이서윤,pH수집,전체,EyeIrritation6pack_PID380,0.161923603645827,0.13567555745669405,0.11880806249336125,0.4125033469332178,1.4143338349739723e-07,,230.0
이서윤,pH수집,전체,MIX517,0.16179033746407487,0.39109979282930213,0.1779752297771459,0.25476333071025853,2.1215007524609585e-07,,231.0
이서윤,pH수집,전체,MIX353,0.16088835470021942,0.22868620515062268,0.1322889852273793,0.3558067319005525,1.4143338349739723e-07,,232.0
이서윤,pH수집,전체,MIX598,0.15862791146912447,0.2692820779214179,0.4583133088012749,0.16496201153573517,0.0,,233.0
이서윤,pH수집,전체,MIX457,0.15825234119502432,0.1672308465147645,0.6294433460889027,0.12917051910373611,1.4143338349739723e-07,,234.0
이서윤,pH수집,전체,MIX438,0.1574497826829018,0.49425093155147837,0.19443655319459308,0.1804888665699702,0.0,,235.0
이서윤,pH수집,전체,MIX475,0.15695409295866242,0.2696360197874719,0.3030565793087311,0.23683382173626188,1.4143338349739723e-07,,236.0
이서윤,pH수집,전체,EyeIrritation6pack_PID352,0.15650874772177398,0.24604812456460082,0.5096430553166521,0.1438498586429307,2.8286676699479447e-07,,237.0
이서윤,pH수집,전체,MIX492,0.1563159976575825,0.14181425391043334,0.3046643947663111,0.2978140011869029,0.0,,238.0
이서윤,pH수집,전체,MIX549,0.1560406616461185,0.10850831197985551,0.23343695921055024,0.34916290322519217,0.0,,239.0
이서윤,pH수집,전체,MIX411,0.15346194302784932,0.33665944605041176,0.07181984310358633,0.3072999769379874,1.4143338349739723e-07,,240.0
이서윤,pH수집,전체,MIX473,0.15292312920390408,0.20744059227716977,0.19446264860007847,0.3087919549965449,1.4143338349739723e-07,,241.0
이서윤,pH수집,전체,EyeIrritation6pack_PID223,0.1503426459440845,0.14732995330311371,0.21028688206507842,0.3223335468850077,1.4143338349739723e-07,,242.0
이서윤,pH수집,전체,MIX96,0.1503426459440845,0.14732995330311371,0.21028688206507842,0.3223335468850077,1.4143338349739723e-07,,243.0
이서윤,pH수집,전체,MIX857,0.15016817395215204,0.3654208421062896,0.20877446880703265,0.21346273580600103,1.4143338349739723e-07,,244.0
이서윤,pH수집,전체,MIX663,0.1489408952069663,0.15165044311416012,0.28156833168210643,0.27986026329175434,0.0,,245.0
이서윤,pH수집,전체,MIX391,0.14801769394445002,0.47617065032062406,0.19598793804079884,0.1573128303896107,1.4143338349739723e-07,,246.0
이서윤,pH수집,전체,EyeIrritation6pack_PID373,0.1478145035247606,0.3320131259498982,0.20156107811571972,0.22592772113854842,1.4143338349739723e-07,,247.0
이서윤,pH수집,전체,MIX175,0.1478145035247606,0.3320131259498982,0.20156107811571972,0.22592772113854842,1.4143338349739723e-07,,248.0
이서윤,pH수집,전체,MIX792,0.14610879453715092,0.18261805727154848,0.13041605432540787,0.33051197645859126,2.1215007524609585e-07,,249.0
이서윤,pH수집,전체,MIX161,0.1454122584925393,0.07483340646886448,0.7646689620672936,0.06495615546254065,1.4143338349739723e-07,,250.0
이서윤,pH수집,전체,MIX387,0.14523656724876705,0.34246287030332057,0.16167069565111614,0.23205510785200517,0.0,,251.0
이서윤,pH수집,전체,EyeIrritation6pack_PID1008,0.145135316872002,0.35270038583092594,0.2864327069182688,0.16421765462089807,1.4143338349739723e-07,,252.0
이서윤,pH수집,전체,MIX523,0.145135316872002,0.35270038583092594,0.2864327069182688,0.16421765462089807,1.4143338349739723e-07,,253.0
이서윤,pH수집,전체,EyeIrritation6pack_PID48,0.1405403189877609,0.14856368249695548,0.21148164547643078,0.2884450659725099,0.0,,254.0
이서윤,pH수집,전체,MIX711,0.13886533867760367,0.34196971667172116,0.25523145449707274,0.16428359380751506,2.1215007524609585e-07,,255.0
이서윤,pH수집,전체,MIX44,0.13782899699948645,0.23033713307524792,0.17344267748282569,0.25753989614140677,1.4143338349739723e-07,,256.0
이서윤,pH수집,전체,MIX361,0.13736376339488413,0.2917704908226084,0.25574192091276576,0.1841230054485933,0.0,,257.0
이서윤,pH수집,전체,MIX319,0.13583673656378817,0.03162470463147115,0.17374328988819374,0.35010493604161685,1.4143338349739723e-07,,258.0
이서윤,pH수집,전체,MIX588,0.1355772586933052,0.1720487915406093,0.25970157547564016,0.236049012136226,0.0,,259.0
이서윤,pH수집,전체,EyeIrritation6pack_PID553,0.13498915067929487,0.34030962600503933,0.19189007037600478,0.18386379882928286,1.4143338349739723e-07,,260.0
이서윤,pH수집,전체,MIX275,0.13498915067929487,0.34030962600503933,0.19189007037600478,0.18386379882928286,1.4143338349739723e-07,,261.0
이서윤,pH수집,전체,EyeIrritation6pack_PID132,0.1326034851385984,0.2928295392115656,0.21880200541736708,0.18619565623635043,1.4143338349739723e-07,,262.0
이서윤,pH수집,전체,MIX329,0.12974862032396867,0.21385636087565507,0.324512220321542,0.1633109219034524,1.4143338349739723e-07,,263.0
이서윤,pH수집,전체,MIX687,0.12839726267321977,0.2548516748552862,0.35123160275667714,0.12494895390465059,2.1215007524609585e-07,,264.0
이서윤,pH수집,전체,MIX534,0.1264666342147975,0.36072006615096236,0.24673098759623577,0.11782973193121471,1.4143338349739723e-07,,265.0
이서윤,pH수집,전체,MIX540,0.12478557924720758,0.1295242281741052,0.262723491393931,0.2198278824621625,1.4143338349739723e-07,,266.0
이서윤,pH수집,전체,MIX506,0.12063867449841138,0.274131741924112,0.2266546315324841,0.15173553968856188,1.4143338349739723e-07,,267.0
이서윤,pH수집,전체,MIX338,0.11891205126079658,0.08447553978321723,0.3778552881009124,0.1652079016827458,1.4143338349739723e-07,,268.0
이서윤,pH수집,전체,MIX796,0.11836817166223303,0.16497043022060454,0.10806585563040737,0.2580422407040928,1.4143338349739723e-07,,269.0
이서윤,pH수집,전체,MIX1072,0.11770201126029849,0.5168312097135153,0.07151140211988245,0.09816835446194014,2.8286676699479447e-07,,270.0
이서윤,pH수집,전체,MIX660,0.11597914309235492,0.15903464404804954,0.28912693080900986,0.1625161676348087,1.4143338349739723e-07,,271.0
이서윤,pH수집,전체,MIX950,0.11407498859224455,0.08670871916282052,0.17429751534115803,0.24974665614431457,1.4143338349739723e-07,,272.0
이서윤,pH수집,전체,MIX430,0.1139939640198414,0.28213922298141164,0.13003238568383962,0.17389388715566767,1.4143338349739723e-07,,273.0
이서윤,pH수집,전체,MIX664,0.10791288624316817,0.28471714932447256,0.15612516438855678,0.1392882753762012,1.4143338349739723e-07,,274.0
이서윤,pH수집,전체,MIX463,0.092270493515517,0.16133850604329017,0.16692024056925056,0.14343874983427496,1.4143338349739723e-07,,275.0
이서윤,pH수집,전체,MIX236,0.06525411515021974,0.13048835350582824,0.18204578157979248,0.06124664962458878,0.0,,276.0
이서윤,pH수집,전체,MIX238,0.06168963071843239,0.13850309872457803,0.15937285877906623,0.0566941236429525,0.0,,277.0
이서윤,pH수집,전체,MIX239,0.060156995677758,0.09885108122430407,0.11298646745888682,0.09460454458426458,0.0,,278.0
이서윤,pH수집,전체,MIX634,0.029303742900008242,0.08931982275426789,0.10603846324578706,0.0,0.0,,279.0
이서윤,pH수집,전체,MIX633,0.02793990944157657,0.05276358768172511,0.0743271292462266,0.029587673007946045,0.0,,280.0
정채윤,GHS조사,전체,Cancer_PID_97,0.6278662713091405,,,,,57-14-7,1.0
정채윤,GHS조사,전체,MIX642,0.584807503142033,,,,,3619-17-8,2.0
정채윤,GHS조사,전체,Cancer_PID_9,0.5474919801898346,,,,,121-14-2,3.0
정채윤,GHS조사,전체,Cancer_PID_9,0.5474919801898346,,,,,606-20-2,4.0
정채윤,GHS조사,전체,EyeIrritation6pack_PID107,0.5168423966389053,,,,,1317-65-3,5.0
정채윤,GHS조사,전체,MIX63,0.5094553516971252,,,,,149979-41-9,6.0
정채윤,GHS조사,전체,MIX672,0.45123268596890176,,,,,111988-49-9,7.0
정채윤,GHS조사,전체,EyeIrritation6pack_PID134,0.42138903530998023,,,,,5915-41-3,8.0
정채윤,GHS조사,전체,EyeIrritation6pack_PID154,0.4036102206164677,,,,,108-32-7,9.0
정채윤,GHS조사,전체,EyeIrritation6pack_PID40,0.3958434403579259,,,,,30560-19-1,10.0
정채윤,GHS조사,전체,EyeIrritation6pack_PID270,0.38113493589165215,,,,,131341-86-1,11.0
정채윤,GHS조사,전체,EyeIrritation6pack_PID1059,0.3731954395661937,,,,,7722-84-1,12.0
정채윤,GHS조사,전체,EyeIrritation6pack_PID1059,0.3731954395661937,,,,,79-21-0,13.0
정채윤,GHS조사,전체,EyeIrritation6pack_PID1028,0.37159195959613106,,,,,57-55-6,14.0
정채윤,GHS조사,전체,EyeIrritation6pack_PID505,0.37159195959613106,,,,,112926-00-8,15.0
정채윤,GHS조사,전체,EyeIrritation6pack_PID608,0.37159195959613106,,,,,7173-51-5,16.0
정채윤,GHS조사,전체,EyeIrritation6pack_PID396,0.36995074307337905,,,,,36734-19-7,17.0
정채윤,GHS조사,전체,MIX981,0.3698680499802044,,,,,84837-04-7,18.0
정채윤,GHS조사,전체,EyeIrritation6pack_PID1008,0.3660128012268712,,,,,107534-96-3,19.0
정채윤,GHS조사,전체,EyeIrritation6pack_PID804,0.363799636944613,,,,,22248-79-9,20.0
정채윤,GHS조사,전체,EyeIrritation6pack_PID17,0.36205074752822264,,,,,23564-05-8,21.0
정채윤,GHS조사,전체,EyeIrritation6pack_PID173,0.36205074752822264,,,,,1897-45-6,22.0
정채윤,GHS조사,전체,EyeIrritation6pack_PID131,0.36104108772665366,,,,,52645-53-1,23.0
정채윤,GHS조사,전체,EyeIrritation6pack_PID131,0.36104108772665366,,,,,51-03-6,24.0
정채윤,GHS조사,전체,EyeIrritation6pack_PID1013,0.3592363852436181,,,,,91465-08-6,25.0
정채윤,GHS조사,전체,MIX782,0.3579250687360752,,,,,6419-19-8,26.0
정채윤,GHS조사,전체,MIX927,0.35515624880583146,,,,,23132-17-4,27.0
정채윤,GHS조사,전체,MIX927,0.35515624880583146,,,,,75-05-8,28.0
정채윤,GHS조사,전체,MIX349,0.35469490457018715,,,,,2032-65-7,29.0
정채윤,GHS조사,전체,EyeIrritation6pack_PID1061,0.3541332216733136,,,,,156052-68-5,30.0
정채윤,GHS조사,전체,EyeIrritation6pack_PID116,0.3501278850450326,,,,,139968-49-3,31.0
정채윤,GHS조사,전체,EyeIrritation6pack_PID101,0.34946613788939546,,,,,317815-83-1,32.0
정채윤,GHS조사,전체,EyeIrritation6pack_PID377,0.34946613788939546,,,,,1918-00-9,33.0
정채윤,GHS조사,전체,EyeIrritation6pack_PID592,0.34946613788939546,,,,,950782-86-2,34.0
정채윤,GHS조사,전체,EyeIrritation6pack_PID594,0.34946613788939546,,,,,74223-64-6,35.0
정채윤,GHS조사,전체,EyeIrritation6pack_PID737,0.3484677940113285,,,,,494793-67-8,36.0
정채윤,GHS조사,전체,EyeIrritation6pack_PID744,0.3484677940113285,,,,,178928-70-6,37.0
정채윤,GHS조사,전체,EyeIrritation6pack_PID1005,0.34556517154318056,,,,,64742-47-8,38.0
정채윤,GHS조사,전체,EyeIrritation6pack_PID419,0.34163505333685623,,,,,107-21-1,39.0
정채윤,GHS조사,전체,EyeIrritation6pack_PID463,0.34163505333685623,,,,,66332-96-5,40.0
정채윤,GHS조사,전체,MIX1012,0.34040625011269815,,,,,68606-83-7,41.0
정채윤,GHS조사,전체,EyeIrritation6pack_PID218,0.34038518702446546,,,,,131983-72-7,42.0
정채윤,GHS조사,전체,EyeIrritation6pack_PID377,0.33811540519502253,,,,,16484-77-8,43.0
정채윤,GHS조사,전체,EyeIrritation6pack_PID1011,0.3373352367437411,,,,,64742-94-5,44.0
정채윤,GHS조사,전체,EyeIrritation6pack_PID24,0.3373352367437411,,,,,71751-41-2,45.0
정채윤,GHS조사,전체,EyeIrritation6pack_PID1025,0.3359244351111774,,,,,125116-23-6,46.0
정채윤,GHS조사,전체,EyeIrritation6pack_PID1028,0.3359244351111774,,,,,175013-18-0,47.0
정채윤,GHS조사,전체,EyeIrritation6pack_PID1005,0.335817952016537,,,,,2634-33-5,48.0
정채윤,GHS조사,전체,EyeIrritation6pack_PID223,0.3335806324388911,,,,,32351-70-5,49.0
정채윤,GHS조사,전체,EyeIrritation6pack_PID124,0.33047024244296386,,,,,210631-68-8,50.0
정채윤,GHS조사,전체,EyeIrritation6pack_PID1033,0.33026275247778236,,,,,125401-92-5,51.0
정채윤,GHS조사,전체,EyeIrritation6pack_PID1039,0.3302078536791624,,,,,5234-68-4,52.0
정채윤,GHS조사,전체,EyeIrritation6pack_PID131,0.3289833183791248,,,,,68359-37-5,53.0
정채윤,GHS조사,전체,EyeIrritation6pack_PID1026,0.3289360927679269,,,,,153233-91-1,54.0
정채윤,GHS조사,전체,MIX838,0.3263907226089474,,,,,572912-13-1,55.0
정채윤,GHS조사,전체,EyeIrritation6pack_PID1039,0.3249110231883791,,,,,57837-19-1,56.0
정채윤,GHS조사,전체,EyeIrritation6pack_PID303,0.3249110231883791,,,,,137-26-8,57.0
정채윤,GHS조사,전체,EyeIrritation6pack_PID217,0.3217074057864449,,,,,21087-64-9,58.0
정채윤,GHS조사,전체,EyeIrritation6pack_PID217,0.3217074057864449,,,,,1332-58-7,59.0
정채윤,GHS조사,전체,EyeIrritation6pack_PID1039,0.3210461486870588,,,,,125225-28-7,60.0
정채윤,GHS조사,전체,EyeIrritation6pack_PID107,0.32078801725110695,,,,,131860-33-8,61.0
정채윤,GHS조사,전체,EyeIrritation6pack_PID1016,0.31895938860010503,,,,,134-62-3,62.0
정채윤,GHS조사,전체,EyeIrritation6pack_PID224,0.31895938860010503,,,,,113-48-4,63.0
정채윤,GHS조사,전체,EyeIrritation6pack_PID1007,0.31820695433989193,,,,,330-54-1,64.0
정채윤,GHS조사,전체,EyeIrritation6pack_PID380,0.3144418547326692,,,,,219714-96-2,65.0
정채윤,GHS조사,전체,EyeIrritation6pack_PID270,0.3143916606068921,,,,,70630-17-0,66.0
정채윤,GHS조사,전체,EyeIrritation6pack_PID438,0.31435446566661124,,,,,7631-86-9,67.0
정채윤,GHS조사,전체,EyeIrritation6pack_PID900,0.31296809240449674,,,,,93-15-2,68.0
정채윤,GHS조사,전체,EyeIrritation6pack_PID893,0.3125304838287169,,,,,56425-91-3,69.0
정채윤,GHS조사,전체,EyeIrritation6pack_PID893,0.3125304838287169,,,,,76738-62-0,70.0
정채윤,GHS조사,전체,EyeIrritation6pack_PID893,0.3125304838287169,,,,,95266-40-3,71.0
정채윤,GHS조사,전체,EyeIrritation6pack_PID593,0.31240621604098695,,,,,10007-85-9,72.0
정채윤,GHS조사,전체,EyeIrritation6pack_PID593,0.31240621604098695,,,,,66423-05-0,73.0
정채윤,GHS조사,전체,EyeIrritation6pack_PID1013,0.310816381464463,,,,,35367-38-5,74.0
정채윤,GHS조사,전체,MIX783,0.3104990794813739,,,,,124-07-2,75.0
정채윤,GHS조사,전체,MIX783,0.3104990794813739,,,,,334-48-5,76.0
정채윤,GHS조사,전체,EyeIrritation6pack_PID286,0.3090365342643909,,,,,68085-85-8,77.0
정채윤,GHS조사,전체,EyeIrritation6pack_PID505,0.3090365342643909,,,,,6834-92-0,78.0
정채윤,GHS조사,전체,EyeIrritation6pack_PID1019,0.308196978631854,,,,,52315-07-8,79.0
정채윤,GHS조사,전체,EyeIrritation6pack_PID1044,0.30698797399531924,,,,,57754-85-5,80.0
정채윤,GHS조사,전체,EyeIrritation6pack_PID1044,0.30698797399531924,,,,,81406-37-3,81.0
정채윤,GHS조사,전체,EyeIrritation6pack_PID503,0.30698797399531924,,,,,79277-27-3,82.0
정채윤,GHS조사,전체,EyeIrritation6pack_PID865,0.3060574315481547,,,,,874967-67-6,83.0
정채윤,GHS조사,전체,EyeIrritation6pack_PID677,0.30427518689393707,,,,,7696-12-0,84.0
정채윤,GHS조사,전체,EyeIrritation6pack_PID75,0.3024343460557092,,,,,834-12-8,85.0
정채윤,GHS조사,전체,EyeIrritation6pack_PID523,0.30114668364912117,,,,,15630-89-4,86.0
정채윤,GHS조사,전체,EyeIrritation6pack_PID312,0.29969231000217983,,,,,15299-99-7,87.0
정채윤,GHS조사,전체,EyeIrritation6pack_PID226,0.29831541544685825,,,,,82-66-6,88.0
정채윤,GHS조사,전체,EyeIrritation6pack_PID1031,0.2978917479971874,,,,,62-73-7,89.0
정채윤,GHS조사,전체,EyeIrritation6pack_PID629,0.2978917479971874,,,,,8042-47-5,90.0
정채윤,GHS조사,전체,EyeIrritation6pack_PID801,0.2978917479971874,,,,,114-26-1,91.0
정채윤,GHS조사,전체,EyeIrritation6pack_PID801,0.2978917479971874,,,,,72490-01-8,92.0
정채윤,GHS조사,전체,EyeIrritation6pack_PID419,0.2975015008315917,,,,,102851-06-9,93.0
정채윤,GHS조사,전체,EyeIrritation6pack_PID326,0.2971118261763703,,,,,361377-29-9,94.0
정채윤,GHS조사,전체,MIX21,0.29607170575884556,,,,,11067-82-6,95.0
정채윤,GHS조사,전체,EyeIrritation6pack_PID241,0.2945175511692585,,,,,122008-85-9,96.0
정채윤,GHS조사,전체,EyeIrritation6pack_PID777,0.2944643989964822,,,,,127277-53-6,97.0
정채윤,GHS조사,전체,EyeIrritation6pack_PID1011,0.2930533842907013,,,,,91-20-3,98.0
정채윤,GHS조사,전체,EyeIrritation6pack_PID1037,0.2930533842907013,,,,,64742-46-7,99.0
정채윤,GHS조사,전체,MIX785,0.2920056124810497,,,,,9002-93-1,100.0
정채윤,GHS조사,전체,EyeIrritation6pack_PID678,0.29128507737224346,,,,,75-28-5,101.0
정채윤,GHS조사,전체,EyeIrritation6pack_PID412,0.29058268499928835,,,,,10605-21-7,102.0
정채윤,GHS조사,전체,EyeIrritation6pack_PID173,0.2902597133688183,,,,,119446-68-3,103.0
정채윤,GHS조사,전체,EyeIrritation6pack_PID933,0.2902130249135478,,,,,65997-15-1,104.0
정채윤,GHS조사,전체,EyeIrritation6pack_PID933,0.2902130249135478,,,,,13397-24-5,105.0
정채윤,GHS조사,전체,EyeIrritation6pack_PID252,0.28916841260874815,,,,,56-72-4,106.0
정채윤,GHS조사,전체,EyeIrritation6pack_PID254,0.28916841260874815,,,,,68477-31-6,107.0
정채윤,GHS조사,전체,EyeIrritation6pack_PID287,0.2855877782238519,,,,,57966-95-7,108.0
정채윤,GHS조사,전체,EyeIrritation6pack_PID520,0.2852656281523277,,,,,8003-34-7,109.0
정채윤,GHS조사,전체,EyeIrritation6pack_PID380,0.28518025231341965,,,,,122836-35-5,110.0
정채윤,GHS조사,전체,EyeIrritation6pack_PID443,0.28509673979280253,,,,,142459-58-3,111.0
정채윤,GHS조사,전체,EyeIrritation6pack_PID663,0.2844803640692318,,,,,3567-25-7,112.0
정채윤,GHS조사,전체,EyeIrritation6pack_PID224,0.2844135678563028,,,,,106-97-8,113.0
정채윤,GHS조사,전체,EyeIrritation6pack_PID224,0.2844135678563028,,,,,74-98-6,114.0
정채윤,GHS조사,전체,EyeIrritation6pack_PID631,0.2844135678563028,,,,,65733-18-8,115.0
정채윤,GHS조사,전체,EyeIrritation6pack_PID631,0.2844135678563028,,,,,41096-46-2,116.0
정채윤,GHS조사,전체,MIX794,0.28415313352444244,,,,,112-80-1,117.0
정채윤,GHS조사,전체,EyeIrritation6pack_PID121,0.28406889015396997,,,,,141517-21-7,118.0
정채윤,GHS조사,전체,EyeIrritation6pack_PID877,0.28402326357827146,,,,,28772-56-7,119.0
정채윤,GHS조사,전체,EyeIrritation6pack_PID3,0.2821720709716895,,,,,104206-82-8,120.0
정채윤,GHS조사,전체,EyeIrritation6pack_PID1026,0.28180578272852225,,,,,52918-63-5,121.0
정채윤,GHS조사,전체,EyeIrritation6pack_PID1026,0.28180578272852225,,,,,39515-41-8,122.0
정채윤,GHS조사,전체,EyeIrritation6pack_PID776,0.28145329105768585,,,,,29091-21-2,123.0
정채윤,GHS조사,전체,EyeIrritation6pack_PID692,0.281349955355254,,,,,66215-27-8,124.0
정채윤,GHS조사,전체,EyeIrritation6pack_PID1048,0.28122500621108215,,,,,12069-69-1,125.0
정채윤,GHS조사,전체,EyeIrritation6pack_PID77,0.28093090205353144,,,,,150114-71-9,126.0
정채윤,GHS조사,전체,EyeIrritation6pack_PID505,0.2805338484306728,,,,,68551-12-2,127.0
정채윤,GHS조사,전체,EyeIrritation6pack_PID505,0.2805338484306728,,,,,9004-32-4,128.0
정채윤,GHS조사,전체,EyeIrritation6pack_PID505,0.2805338484306728,,,,,161050-58-4,129.0
정채윤,GHS조사,전체,EyeIrritation6pack_PID18,0.27963472416704127,,,,,6393-42-6,130.0
정채윤,GHS조사,전체,EyeIrritation6pack_PID411,0.2794512550209394,,,,,7786-80-3,131.0
정채윤,GHS조사,전체,EyeIrritation6pack_PID574,0.27859008457558193,,,,,51707-55-2,132.0
정채윤,GHS조사,전체,EyeIrritation6pack_PID445,0.27708212846952407,,,,,188489-07-8,133.0
정채윤,GHS조사,전체,EyeIrritation6pack_PID654,0.2764696047286476,,,,,116-06-3,134.0
정채윤,GHS조사,전체,EyeIrritation6pack_PID489,0.27406640507641117,,,,,88-04-0,135.0
정채윤,GHS조사,전체,EyeIrritation6pack_PID669,0.27302395229821974,,,,,141776-32-1,136.0
정채윤,GHS조사,전체,EyeIrritation6pack_PID1045,0.27265538983061016,,,,,137-20-2,137.0
정채윤,GHS조사,전체,MIX156,0.27117829901920126,,,,,163520-33-0,138.0
정채윤,GHS조사,전체,Cancer_PID_1057,0.27050552986113274,,,,,1330-20-7,139.0
정채윤,GHS조사,전체,Cancer_PID_1057,0.27050552986113274,,,,,100-41-4,140.0
정채윤,GHS조사,전체,EyeIrritation6pack_PID501,0.27050552986113274,,,,,25036-25-3,141.0
정채윤,GHS조사,전체,EyeIrritation6pack_PID501,0.27050552986113274,,,,,64742-95-6,142.0
정채윤,GHS조사,전체,EyeIrritation6pack_PID501,0.27050552986113274,,,,,107-98-2,143.0
정채윤,GHS조사,전체,EyeIrritation6pack_PID501,0.27050552986113274,,,,,78-83-1,144.0
정채윤,GHS조사,전체,EyeIrritation6pack_PID501,0.27050552986113274,,,,,7779-90-0,145.0
정채윤,GHS조사,전체,EyeIrritation6pack_PID501,0.27050552986113274,,,,,68002-19-7,146.0
정채윤,GHS조사,전체,EyeIrritation6pack_PID413,0.27004880625981953,,,,,78330-21-9,147.0
정채윤,GHS조사,전체,EyeIrritation6pack_PID306,0.26953787646430155,,,,,28159-98-0,148.0
정채윤,GHS조사,전체,EyeIrritation6pack_PID58,0.2679400616760983,,,,,68585-47-7,149.0
정채윤,GHS조사,전체,EyeIrritation6pack_PID58,0.2679400616760983,,,,,27519-02-4,150.0
정채윤,GHS조사,전체,MIX647,0.26760102205823133,,,,,118-52-5,151.0
정채윤,GHS조사,전체,EyeIrritation6pack_PID23,0.2644803279329889,,,,,20427-59-2,152.0
정채윤,GHS조사,전체,EyeIrritation6pack_PID23,0.2644803279329889,,,,,94361-06-5,153.0
정채윤,GHS조사,전체,EyeIrritation6pack_PID100,0.2626629474071141,,,,,144550-36-7,154.0
정채윤,GHS조사,전체,EyeIrritation6pack_PID639,0.26191415329486706,,,,,208465-21-8,155.0
정채윤,GHS조사,전체,EyeIrritation6pack_PID716,0.26191415329486706,,,,,181274-15-7,156.0
정채윤,GHS조사,전체,EyeIrritation6pack_PID377,0.25959861584494787,,,,,128639-02-1,157.0
정채윤,GHS조사,전체,EyeIrritation6pack_PID274,0.2584861144965431,,,,,10049-04-4,158.0
정채윤,GHS조사,전체,EyeIrritation6pack_PID123,0.25841581108741163,,,,,865318-97-4,159.0
정채윤,GHS조사,전체,EyeIrritation6pack_PID477,0.258206321135057,,,,,87674-68-8,160.0
정채윤,GHS조사,전체,EyeIrritation6pack_PID722,0.258206321135057,,,,,81335-77-5,161.0
정채윤,GHS조사,전체,EyeIrritation6pack_PID704,0.25817334306698325,,,,,79277-67-1,162.0
정채윤,GHS조사,전체,EyeIrritation6pack_PID806,0.25817334306698325,,,,,1982-69-0,163.0
정채윤,GHS조사,전체,EyeIrritation6pack_PID125,0.2567215352814196,,,,,907204-31-3,164.0
정채윤,GHS조사,전체,EyeIrritation6pack_PID127,0.2567215352814196,,,,,67701-09-1,165.0
정채윤,GHS조사,전체,EyeIrritation6pack_PID608,0.25658881115789506,,,,,32426-11-2,166.0
정채윤,GHS조사,전체,EyeIrritation6pack_PID608,0.25658881115789506,,,,,5538-94-3,167.0
정채윤,GHS조사,전체,MIX788,0.25399946707252263,,,,,1643-20-5,168.0
정채윤,GHS조사,전체,EyeIrritation6pack_PID53,0.2539974800780611,,,,,148-79-8,169.0
정채윤,GHS조사,전체,EyeIrritation6pack_PID618,0.25291904500786816,,,,,35554-44-0,170.0
정채윤,GHS조사,전체,EyeIrritation6pack_PID1051,0.25149952847543267,,,,,104-55-2,171.0
정채윤,GHS조사,전체,EyeIrritation6pack_PID1044,0.2512736385233418,,,,,75-09-0,172.0
정채윤,GHS조사,전체,EyeIrritation6pack_PID1044,0.2512736385233418,,,,,29450-45-1,173.0
정채윤,GHS조사,전체,EyeIrritation6pack_PID1029,0.24974595650224846,,,,,103361-09-7,174.0
정채윤,GHS조사,전체,EyeIrritation6pack_PID1039,0.24686352977578863,,,,,11138-66-2,175.0
정채윤,GHS조사,전체,EyeIrritation6pack_PID107,0.24672549828990456,,,,,108-95-2,176.0
정채윤,GHS조사,전체,EyeIrritation6pack_PID194,0.24656878460223486,,,,,133-06-2,177.0
정채윤,GHS조사,전체,EyeIrritation6pack_PID104,0.24476694459825626,,,,,243973-20-8,178.0
정채윤,GHS조사,전체,EyeIrritation6pack_PID1020,0.2446337664473351,,,,,40487-42-1,179.0
정채윤,GHS조사,전체,MIX87,0.24418016715723867,,,,,25057-89-0,180.0
정채윤,GHS조사,전체,EyeIrritation6pack_PID699,0.2424168861747684,,,,,272451-65-7,181.0
정채윤,GHS조사,전체,EyeIrritation6pack_PID578,0.24214810353401145,,,,,95-63-6,182.0
정채윤,GHS조사,전체,EyeIrritation6pack_PID977,0.24214810353401145,,,,,99129-21-2,183.0
정채윤,GHS조사,전체,EyeIrritation6pack_PID751,0.24180267921744308,,,,,135397-30-7,184.0
정채윤,GHS조사,전체,EyeIrritation6pack_PID414,0.24126954400509815,,,,,91-57-6,185.0
정채윤,GHS조사,전체,EyeIrritation6pack_PID414,0.24126954400509815,,,,,90-12-0,186.0
정채윤,GHS조사,전체,EyeIrritation6pack_PID533,0.24126954400509815,,,,,64742-56-9,187.0
정채윤,GHS조사,전체,EyeIrritation6pack_PID533,0.24126954400509815,,,,,64742-65-0,188.0
정채윤,GHS조사,전체,EyeIrritation6pack_PID533,0.24126954400509815,,,,,1315501-18-8,189.0
정채윤,GHS조사,전체,EyeIrritation6pack_PID457,0.2399233226668368,,,,,239110-15-7,190.0
정채윤,GHS조사,전체,EyeIrritation6pack_PID829,0.23970512155280618,,,,,16752-77-5,191.0
정채윤,GHS조사,전체,EyeIrritation6pack_PID1005,0.23949178789166367,,,,,6440-58-0,192.0
정채윤,GHS조사,전체,EyeIrritation6pack_PID1005,0.23949178789166367,,,,,67-47-0,193.0
정채윤,GHS조사,전체,MIX518,0.23949178789166367,,,,,123-95-5,194.0
정채윤,GHS조사,전체,MIX518,0.23949178789166367,,,,,8009-03-8,195.0
정채윤,GHS조사,전체,MIX518,0.23949178789166367,,,,,64742-54-7,196.0
정채윤,GHS조사,전체,EyeIrritation6pack_PID354,0.23875269624320064,,,,,146659-78-1,197.0
정채윤,GHS조사,전체,EyeIrritation6pack_PID536,0.2384299630665152,,,,,55335-06-3,198.0
정채윤,GHS조사,전체,EyeIrritation6pack_PID102,0.23717836053184843,,,,,67485-29-4,199.0
정채윤,GHS조사,전체,EyeIrritation6pack_PID370,0.23689078611491957,,,,,88671-89-0,200.0
정채윤,GHS조사,전체,EyeIrritation6pack_PID875,0.2344310868038068,,,,,8050-09-7,201.0
정채윤,GHS조사,전체,EyeIrritation6pack_PID875,0.2344310868038068,,,,,1314-13-2,202.0
정채윤,GHS조사,전체,EyeIrritation6pack_PID875,0.2344310868038068,,,,,108-10-1,203.0
정채윤,GHS조사,전체,EyeIrritation6pack_PID875,0.2344310868038068,,,,,25154-85-2,204.0
정채윤,GHS조사,전체,EyeIrritation6pack_PID875,0.2344310868038068,,,,,1317-38-0,205.0
정채윤,GHS조사,전체,EyeIrritation6pack_PID875,0.2344310868038068,,,,,7440-50-8,206.0
정채윤,GHS조사,전체,EyeIrritation6pack_PID42,0.2333960919392465,,,,,57960-19-7,207.0
정채윤,GHS조사,전체,EyeIrritation6pack_PID464,0.2333354858429431,,,,,76674-21-0,208.0
정채윤,GHS조사,전체,MIX785,0.23292895208949518,,,,,110-80-5,209.0
정채윤,GHS조사,전체,EyeIrritation6pack_PID242,0.23272586362015024,,,,,101200-48-0,210.0
정채윤,GHS조사,전체,EyeIrritation6pack_PID1011,0.23260807117425294,,,,,71-36-3,211.0
정채윤,GHS조사,전체,EyeIrritation6pack_PID675,0.23260807117425294,,,,,78-93-3,212.0
정채윤,GHS조사,전체,EyeIrritation6pack_PID675,0.23260807117425294,,,,,68410-23-1,213.0
정채윤,GHS조사,전체,EyeIrritation6pack_PID675,0.23260807117425294,,,,,67-63-0,214.0
정채윤,GHS조사,전체,EyeIrritation6pack_PID675,0.23260807117425294,,,,,112-24-3,215.0
정채윤,GHS조사,전체,EyeIrritation6pack_PID478,0.23256478721943868,,,,,134098-61-6,216.0
정채윤,GHS조사,전체,EyeIrritation6pack_PID676,0.23079526835853598,,,,,203313-25-1,217.0
정채윤,GHS조사,전체,EyeIrritation6pack_PID771,0.23071837566208112,,,,,26530-20-1,218.0
정채윤,GHS조사,전체,EyeIrritation6pack_PID651,0.22914742615087919,,,,,9084-06-4,219.0
정채윤,GHS조사,전체,EyeIrritation6pack_PID651,0.22914742615087919,,,,,1344-00-9,220.0
정채윤,GHS조사,전체,EyeIrritation6pack_PID76,0.22911112922173124,,,,,129909-90-6,221.0
정채윤,GHS조사,전체,EyeIrritation6pack_PID907,0.22846386223503207,,,,,213464-77-8,222.0
정채윤,GHS조사,전체,EyeIrritation6pack_PID812,0.2283281649752131,,,,,123-42-2,223.0
정채윤,GHS조사,전체,EyeIrritation6pack_PID817,0.2270019008159313,,,,,374726-62-2,224.0
정채윤,GHS조사,전체,EyeIrritation6pack_PID1011,0.22657023123426687,,,,,2921-88-2,225.0
정채윤,GHS조사,전체,EyeIrritation6pack_PID1011,0.22657023123426687,,,,,68953-96-8,226.0
정채윤,GHS조사,전체,EyeIrritation6pack_PID1034,0.2254141453925491,,,,,533-74-4,227.0
정채윤,GHS조사,전체,EyeIrritation6pack_PID480,0.22509061591378987,,,,,121-75-5,228.0
정채윤,GHS조사,전체,EyeIrritation6pack_PID474,0.2248783915429349,,,,,98886-44-3,229.0
정채윤,GHS조사,전체,EyeIrritation6pack_PID49,0.2247953699754299,,,,,52-51-7,230.0
정채윤,GHS조사,전체,EyeIrritation6pack_PID330,0.22426598800842384,,,,,29232-93-7,231.0
정채윤,GHS조사,전체,EyeIrritation6pack_PID330,0.22426598800842384,,,,,117-81-7,232.0
정채윤,GHS조사,전체,MIX778,0.2236766552117179,,,,,112-02-7,233.0
정채윤,GHS조사,전체,EyeIrritation6pack_PID535,0.2230466815655445,,,,,94-75-7,234.0
정채윤,GHS조사,전체,EyeIrritation6pack_PID456,0.22080408893057243,,,,,69770-45-2,235.0
정채윤,GHS조사,전체,EyeIrritation6pack_PID456,0.22080408893057243,,,,,8012-95-1,236.0
정채윤,GHS조사,전체,EyeIrritation6pack_PID228,0.22019396838798372,,,,,39148-24-8,237.0
정채윤,GHS조사,전체,EyeIrritation6pack_PID1053,0.21916009358094843,,,,,2758-42-1,238.0
정채윤,GHS조사,전체,EyeIrritation6pack_PID132,0.21824966146329025,,,,,55965-84-9,239.0
정채윤,GHS조사,전체,EyeIrritation6pack_PID283,0.2163319789764324,,,,,180409-60-3,240.0
정채윤,GHS조사,전체,MIX647,0.21596498911970502,,,,,16079-88-2,241.0
정채윤,GHS조사,전체,MIX647,0.21596498911970502,,,,,89415-87-2,242.0
정채윤,GHS조사,전체,EyeIrritation6pack_PID694,0.2155616969016672,,,,,123-33-1,243.0
정채윤,GHS조사,전체,EyeIrritation6pack_PID657,0.21454136093030063,,,,,26002-80-2,244.0
정채윤,GHS조사,전체,EyeIrritation6pack_PID1007,0.21424630970591493,,,,,4719-04-4,245.0
정채윤,GHS조사,전체,EyeIrritation6pack_PID1007,0.21424630970591493,,,,,141-43-5,246.0
정채윤,GHS조사,전체,EyeIrritation6pack_PID369,0.21119163488527046,,,,,52-68-6,247.0
정채윤,GHS조사,전체,EyeIrritation6pack_PID770,0.21037468388501576,,,,,149877-41-8,248.0
정채윤,GHS조사,전체,EyeIrritation6pack_PID871,0.21017684951503046,,,,,7727-43-1,249.0
정채윤,GHS조사,전체,MIX791,0.2080986722189475,,,,,9004-82-4,250.0
정채윤,GHS조사,전체,EyeIrritation6pack_PID281,0.20747075568294746,,,,,120116-88-3,251.0
정채윤,GHS조사,전체,EyeIrritation6pack_PID101,0.20538450902870478,,,,,68425-94-5,252.0
정채윤,GHS조사,전체,Cancer_PID_1057,0.20534689647333138,,,,,98-82-8,253.0
정채윤,GHS조사,전체,EyeIrritation6pack_PID838,0.20523737698175448,,,,,87392-12-9,254.0
정채윤,GHS조사,전체,EyeIrritation6pack_PID800,0.20420865024547336,,,,,85409-23-0,255.0
정채윤,GHS조사,전체,EyeIrritation6pack_PID800,0.20420865024547336,,,,,68391-01-5,256.0
정채윤,GHS조사,전체,EyeIrritation6pack_PID800,0.20420865024547336,,,,,5131-66-8,257.0
정채윤,GHS조사,전체,MIX790,0.2024282471910433,,,,,7647-01-0,258.0
정채윤,GHS조사,전체,MIX790,0.2024282471910433,,,,,77-92-9,259.0
정채윤,GHS조사,전체,MIX584,0.20147076319219426,,,,,20193-20-8,260.0
정채윤,GHS조사,전체,EyeIrritation6pack_PID822,0.20039518576722207,,,,,10377-60-3,261.0
정채윤,GHS조사,전체,MIX858,0.20011190042542126,,,,,99-76-3,262.0
정채윤,GHS조사,전체,EyeIrritation6pack_PID1027,0.1994309934506522,,,,,122548-33-8,263.0
정채윤,GHS조사,전체,EyeIrritation6pack_PID687,0.19809508134467185,,,,,7681-52-9,264.0
정채윤,GHS조사,전체,EyeIrritation6pack_PID29,0.19760572640573792,,,,,65195-56-4,265.0
정채윤,GHS조사,전체,EyeIrritation6pack_PID739,0.19449465512219072,,,,,16961-83-4,266.0
정채윤,GHS조사,전체,MIX578,0.19339307794849436,,,,,920-66-1,267.0
정채윤,GHS조사,전체,MIX578,0.19339307794849436,,,,,1861-40-1,268.0
정채윤,GHS조사,전체,EyeIrritation6pack_PID727,0.1932283018581176,,,,,1184-64-1,269.0
정채윤,GHS조사,전체,EyeIrritation6pack_PID406,0.19112163941123278,,,,,13194-48-4,270.0
정채윤,GHS조사,전체,EyeIrritation6pack_PID386,0.19063717323149004,,,,,155569-91-8,271.0
정채윤,GHS조사,전체,EyeIrritation6pack_PID903,0.18987297529560165,,,,,1689-99-2,272.0
정채윤,GHS조사,전체,MIX839,0.18982918527318246,,,,,1312-76-1,273.0
정채윤,GHS조사,전체,EyeIrritation6pack_PID791,0.1886363458232007,,,,,110-82-7,274.0
정채윤,GHS조사,전체,EyeIrritation6pack_PID1054,0.18523711822084207,,,,,422556-08-9,275.0
정채윤,GHS조사,전체,EyeIrritation6pack_PID110,0.18509075175393688,,,,,85409-22-9,276.0
정채윤,GHS조사,전체,EyeIrritation6pack_PID110,0.18509075175393688,,,,,111-30-8,277.0
정채윤,GHS조사,전체,EyeIrritation6pack_PID329,0.1843908086088221,,,,,112281-77-3,278.0
정채윤,GHS조사,전체,EyeIrritation6pack_PID551,0.18305957136796408,,,,,732-11-6,279.0
정채윤,GHS조사,전체,EyeIrritation6pack_PID1029,0.18264671354107792,,,,,447399-55-5,280.0
정채윤,GHS조사,전체,EyeIrritation6pack_PID1002,0.18217670810448638,,,,,1582-09-8,281.0
정채윤,GHS조사,전체,EyeIrritation6pack_PID520,0.18147035292689312,,,,,9003-13-8,282.0
정채윤,GHS조사,전체,EyeIrritation6pack_PID567,0.1807181890417757,,,,,160430-64-8,283.0
정채윤,GHS조사,전체,EyeIrritation6pack_PID592,0.18000809466964046,,,,,66423-09-4,284.0
정채윤,GHS조사,전체,MIX879,0.17982820206123218,,,,,8013-10-3,285.0
정채윤,GHS조사,전체,EyeIrritation6pack_PID1001,0.1785507132446309,,,,,199119-58-9,286.0
정채윤,GHS조사,전체,EyeIrritation6pack_PID918,0.1785507132446309,,,,,7287-19-6,287.0
정채윤,GHS조사,전체,EyeIrritation6pack_PID469,0.17649811721785252,,,,,133-07-3,288.0
정채윤,GHS조사,전체,EyeIrritation6pack_PID924,0.1757631083827901,,,,,101-68-8,289.0
정채윤,GHS조사,전체,EyeIrritation6pack_PID924,0.1757631083827901,,,,,9016-87-9,290.0
정채윤,GHS조사,전체,EyeIrritation6pack_PID924,0.1757631083827901,,,,,5873-54-1,291.0
정채윤,GHS조사,전체,MIX802,0.17555888637939696,,,,,7705-08-0,292.0
정채윤,GHS조사,전체,EyeIrritation6pack_PID1055,0.17470345108589547,,,,,98967-40-9,293.0
정채윤,GHS조사,전체,MIX589,0.1736804744584976,,,,,372137-35-4,294.0
정채윤,GHS조사,전체,EyeIrritation6pack_PID970,0.1709957037032572,,,,,82-68-8,295.0
정채윤,GHS조사,전체,EyeIrritation6pack_PID814,0.16880920967629812,,,,,5598-13-0,296.0
정채윤,GHS조사,전체,EyeIrritation6pack_PID176,0.16814379270681043,,,,,116255-48-2,297.0
정채윤,GHS조사,전체,EyeIrritation6pack_PID382,0.16795304984297402,,,,,91078-64-7,298.0
정채윤,GHS조사,전체,EyeIrritation6pack_PID382,0.16795304984297402,,,,,105859-97-0,299.0
정채윤,GHS조사,전체,EyeIrritation6pack_PID314,0.1674353311993708,,,,,15165-67-0,300.0
정채윤,GHS조사,전체,EyeIrritation6pack_PID80,0.16539769467072618,,,,,82558-50-7,301.0
정채윤,GHS조사,전체,MIX807,0.1587024682140702,,,,,7782-50-5,302.0
정채윤,GHS조사,전체,EyeIrritation6pack_PID413,0.15752822145443582,,,,,71283-80-2,303.0
정채윤,GHS조사,전체,EyeIrritation6pack_PID413,0.15752822145443582,,,,,135590-91-9,304.0
정채윤,GHS조사,전체,EyeIrritation6pack_PID413,0.15752822145443582,,,,,149253-65-6,305.0
정채윤,GHS조사,전체,EyeIrritation6pack_PID874,0.1574497826829018,,,,,68476-86-8,306.0
정채윤,GHS조사,전체,EyeIrritation6pack_PID923,0.1563159976575825,,,,,94-09-7,307.0
정채윤,GHS조사,전체,EyeIrritation6pack_PID814,0.1540021341423162,,,,,128-37-0,308.0
정채윤,GHS조사,전체,EyeIrritation6pack_PID814,0.1540021341423162,,,,,2402-79-1,309.0
정채윤,GHS조사,전체,EyeIrritation6pack_PID142,0.15333206436651953,,,,,13684-56-5,310.0
정채윤,GHS조사,전체,EyeIrritation6pack_PID142,0.15333206436651953,,,,,13684-63-4,311.0
정채윤,GHS조사,전체,EyeIrritation6pack_PID179,0.1532093937622066,,,,,24938-91-8,312.0
정채윤,GHS조사,전체,EyeIrritation6pack_PID179,0.1532093937622066,,,,,70528-83-5,313.0
정채윤,GHS조사,전체,EyeIrritation6pack_PID956,0.15292312920390408,,,,,79-14-1,314.0
정채윤,GHS조사,전체,MIX857,0.15016817395215204,,,,,80-26-2,315.0
정채윤,GHS조사,전체,EyeIrritation6pack_PID319,0.14705435468165368,,,,,60-51-5,316.0
정채윤,GHS조사,전체,EyeIrritation6pack_PID319,0.14705435468165368,,,,,108-94-1,317.0
정채윤,GHS조사,전체,EyeIrritation6pack_PID869,0.14103267565298042,,,,,431040-31-2,318.0
정채윤,GHS조사,전체,EyeIrritation6pack_PID28,0.13574059296320265,,,,,65195-55-3,319.0
정채윤,GHS조사,전체,EyeIrritation6pack_PID553,0.13498915067929487,,,,,173584-44-6,320.0
정채윤,GHS조사,전체,EyeIrritation6pack_PID41,0.1334422515217709,,,,,7757-82-6,321.0
정채윤,GHS조사,전체,EyeIrritation6pack_PID41,0.1334422515217709,,,,,26361-40-5,322.0
정채윤,GHS조사,전체,EyeIrritation6pack_PID41,0.1334422515217709,,,,,9003-39-8,323.0
정채윤,GHS조사,전체,EyeIrritation6pack_PID806,0.13226373583286483,,,,,82097-50-5,324.0
정채윤,GHS조사,전체,EyeIrritation6pack_PID398,0.1239591030676741,,,,,16672-87-0,325.0
정채윤,GHS조사,전체,EyeIrritation6pack_PID996,0.12063867449841138,,,,,76-87-9,326.0
정채윤,GHS조사,전체,EyeIrritation6pack_PID477,0.11765571662918206,,,,,163515-14-8,327.0
정채윤,GHS조사,전체,MIX890,0.11673297627996768,,,,,3338-55-4,328.0
정채윤,GHS조사,전체,EyeIrritation6pack_PID738,0.11500301551222515,,,,,53112-28-0,329.0
정채윤,GHS조사,전체,MIX950,0.11407498859224455,,,,,7540-51-4,330.0
정채윤,GHS조사,전체,EyeIrritation6pack_PID674,0.09077703674785413,,,,,627-91-8,331.0
최소빈,S11판독,eye,Cancer_PID_97,0.7855910920572026,0.7484990085375712,0.5313276108420182,0.3313353048918077,0.8412292173366496,,1.0
최소빈,S11판독,skin,MIX773,0.7505973425887018,0.4765045845953811,0.8555190726011359,0.4659245210310272,0.5932147475700508,,2.0
최소빈,S11판독,eye,MIX1078,0.6912060608411529,0.7565336030218877,0.20449043265625672,0.3001991321828961,0.5932147475700508,,3.0
최소빈,S11판독,sens,MIX851,0.6901573450665794,0.26027070570978467,0.4363706064529486,0.7547857433975985,0.5932147475700508,,4.0
최소빈,S11판독,eye,MIX845,0.6886811236369941,0.7523253743482895,0.4975125452026572,0.3937993981122927,0.5932147475700508,,5.0
최소빈,S11판독,eye,MIX902,0.6558866582724194,0.6976679320739985,0.08817862409595935,0.3780432242974361,0.5932147475700508,,6.0
최소빈,S11판독,skin,Cancer_PID_97,0.6552882534398707,0.7484990085375712,0.5313276108420182,0.3313353048918077,0.8412292173366496,,7.0
최소빈,S11판독,eye,MIX896,0.6428907795209109,0.6760081341548175,0.3068695873812914,0.13237658595800236,0.5932147475700508,,8.0
최소빈,S11판독,eye,MIX848,0.6408309695788907,0.6725751175847842,0.5558738012501642,0.5873158423500077,0.5932147475700508,,9.0
최소빈,S11판독,sens,MIX696,0.6320039862909805,0.3620395400930787,0.4043722558438474,0.6578634787716002,0.5932147475700508,,10.0
최소빈,S11판독,sens,MIX855,0.6247987338762123,0.3299890130104625,0.4218862205419705,0.6458547247469867,0.5932147475700508,,11.0
최소빈,S11판독,skin,MIX759,0.6245023545285997,0.4124612020120737,0.6453607591676324,0.2490665496352962,0.5932147475700508,,12.0
최소빈,S11판독,sens,Cancer_PID_9,0.623904935529056,0.17529467424519082,0.5186335430131408,0.6016739597599043,0.6572513991827837,,13.0
최소빈,S11판독,eye,MIX907,0.6129385051772847,0.6260876769154406,0.09227298052860498,0.2683767891459388,0.5932147475700508,,14.0
최소빈,S11판독,sens,MIX548,0.6,0.10849783248075542,0.26351905663162667,1.0,0.0,,15.0
최소빈,S11판독,eye,MIX277,0.599080507802385,0.9984674187150526,0.42723308414076283,0.28153427815044185,1.4143338349739723e-07,,16.0
최소빈,S11판독,sens,MIX934,0.5958590244455998,0.2419560758814475,0.2852460810216527,0.5976218756959658,0.5932147475700508,,17.0
최소빈,S11판독,sens,MIX1067,0.5950210395414932,0.20118476552687137,0.25715647815298337,0.6723819724562028,0.47897964016942873,,18.0
최소빈,S11판독,eye,MIX760,0.5896531329915202,0.5872787232724999,0.5211751669952247,0.38982509373532465,0.5932147475700508,,19.0
최소빈,S11판독,sens,EyeIrritation6pack_PID1050,0.5859260206115129,0.13516996179428073,0.26062313430383865,0.9765433676858549,0.0,,20.0
최소빈,S11판독,skin,Cancer_PID_9,0.5740806854809979,0.17529467424519082,0.5186335430131408,0.6016739597599043,0.6572513991827837,,21.0
최소빈,S11판독,sens,MIX867,0.5738687952843278,0.27585644671189424,0.13323500529175505,0.5609714937605125,0.5932147475700508,,22.0
최소빈,S11판독,skin,MIX945,0.5710165411397263,0.4376961865341,0.5562177368528435,0.26156650866633935,0.5932147475700508,,23.0
최소빈,S11판독,skin,MIX848,0.5708101797781189,0.6725751175847842,0.5558738012501642,0.5873158423500077,0.5932147475700508,,24.0
최소빈,S11판독,sens,MIX1038,0.5685404456442309,0.201268977371435,0.2636519735892412,0.5520909110270177,0.5932147475700508,,25.0
최소빈,S11판독,eye,MIX850,0.5678174200809635,0.550885868421572,0.21329334752908355,0.41676641790101787,0.5932147475700508,,26.0
최소빈,S11판독,eye,MIX1002,0.5592575369332953,0.5366193965087915,0.09442095051090289,0.31873984937268574,0.5932147475700508,,27.0
최소빈,S11판독,skin,MIX760,0.5499909992251552,0.5872787232724999,0.5211751669952247,0.38982509373532465,0.5932147475700508,,28.0
최소빈,S11판독,eye,MIX972,0.5459894250734001,0.5145058767422995,0.05520934860326066,0.1334003882193429,0.5932147475700508,,29.0
최소빈,S11판독,eye,MIX935,0.5453097682711088,0.5133731154051473,0.38710114553394576,0.35735936905686266,0.5932147475700508,,30.0
최소빈,S11판독,sens,MIX301,0.5416579664432976,0.22596762415809019,0.22260823946430092,0.9027631359721124,2.1215007524609585e-07,,31.0
최소빈,S11판독,eye,MIX939,0.5362393795201201,0.4982558008201663,0.20079340168512116,0.2172817783456527,0.5932147475700508,,32.0
최소빈,S11판독,skin,MIX845,0.5357934261496147,0.7523253743482895,0.4975125452026572,0.3937993981122927,0.5932147475700508,,33.0
최소빈,S11판독,sens,Cancer_PID_97,0.5352928698697444,0.7484990085375712,0.5313276108420182,0.3313353048918077,0.8412292173366496,,34.0
최소빈,S11판독,skin,MIX407,0.5351795825810647,0.34983047560523045,0.8919658766795188,0.21309740713678574,1.4143338349739723e-07,,35.0
최소빈,S11판독,skin,EyeIrritation6pack_PID220,0.5343219577160254,0.28947607163223676,0.49506009781334176,0.4301895294711219,0.5932147475700508,,36.0
최소빈,S11판독,skin,MIX111,0.5343219577160254,0.28947607163223676,0.49506009781334176,0.4301895294711219,0.5932147475700508,,37.0
최소빈,S11판독,sens,EyeIrritation6pack_PID24,0.5340470952576046,0.3577348991527429,0.11100969494684927,0.8900784920960078,0.0,,38.0
최소빈,S11판독,sens,MIX12,0.5340470952576046,0.3577348991527429,0.11100969494684927,0.8900784920960078,0.0,,39.0
최소빈,S11판독,skin,EyeIrritation6pack_PID745,0.533729615040038,0.3825905404291908,0.889549264111141,0.2097368697939996,1.4143338349739723e-07,,40.0
최소빈,S11판독,skin,MIX876,0.5330586507385826,0.3112087879254949,0.49295458618427046,0.4802117971910162,0.5932147475700508,,41.0
최소빈,S11판독,sens,EyeIrritation6pack_PID170,0.5279182506825482,0.4185642002517698,0.36290996797576186,0.8798636568486579,1.4143338349739723e-07,,42.0
최소빈,S11판독,sens,MIX985,0.5249793233724884,0.15633113261938578,0.2379343760136421,0.4794890405741135,0.5932147475700508,,43.0
최소빈,S11판독,sens,MIX891,0.5241189673238932,0.1418402332412357,0.22195605511315628,0.47805511382645477,0.5932147475700508,,44.0
최소빈,S11판독,skin,MIX1025,0.5237980818308582,0.2181359986900389,0.5265209847066765,0.2456327569242732,0.5197137275171306,,45.0
최소빈,S11판독,skin,MIX931,0.5228417549485198,0.3164072563511836,0.47592642653416595,0.29777289268216495,0.5932147475700508,,46.0
최소빈,S11판독,eye,MIX504,0.5217905915409499,0.8696508916126607,0.4090956617429028,0.08022889833149109,1.4143338349739723e-07,,47.0
최소빈,S11판독,sens,MIX773,0.5168406116466366,0.4765045845953811,0.8555190726011359,0.4659245210310272,0.5932147475700508,,48.0
최소빈,S11판독,skin,MIX937,0.5162910708240533,0.26935166639315894,0.4650086196600551,0.35400825914452677,0.5932147475700508,,49.0
최소빈,S11판독,sens,MIX863,0.5136084073604015,0.1569570345574181,0.29732474478867393,0.4605375138873018,0.5932147475700508,,50.0
최소빈,S11판독,eye,MIX484,0.5104965695304864,0.8508274744507606,0.24475815703129755,0.23894365121537625,2.1215007524609585e-07,,51.0
최소빈,S11판독,eye,MIX844,0.5100394865720158,0.4545893125733258,0.42607818626334326,0.2873449251803914,0.5932147475700508,,52.0
최소빈,S11판독,skin,MIX870,0.5099642886971854,0.29912493418382313,0.4544639827819417,0.261636694533391,0.5932147475700508,,53.0
최소빈,S11판독,sens,MIX977,0.5083975743818103,0.2949770472377249,0.03526833752400028,0.4518527922563166,0.5932147475700508,,54.0
최소빈,S11판독,skin,MIX880,0.5031366918613197,0.29637124516056074,0.4430846547221657,0.3995830346272836,0.5932147475700508,,55.0
최소빈,S11판독,sens,MIX820,0.502650486326859,0.15478516190740427,0.13504530838378542,0.8377507162558427,1.4143338349739723e-07,,56.0
최소빈,S11판독,eye,MIX718,0.5022430138909948,0.8370716898183247,0.30599394627041054,0.06879178670131135,0.0,,57.0
최소빈,S11판독,skin,EyeIrritation6pack_PID533,0.49732282462375615,0.3500061586987776,0.8288712800840047,0.21479290538109147,1.4143338349739723e-07,,58.0
최소빈,S11판독,sens,EyeIrritation6pack_PID220,0.49539961671069344,0.28947607163223676,0.49506009781334176,0.4301895294711219,0.5932147475700508,,59.0
최소빈,S11판독,sens,MIX111,0.49539961671069344,0.28947607163223676,0.49506009781334176,0.4301895294711219,0.5932147475700508,,60.0
최소빈,S11판독,skin,MIX844,0.4929328107860263,0.4545893125733258,0.42607818626334326,0.2873449251803914,0.5932147475700508,,61.0
최소빈,S11판독,sens,MIX339,0.491957625675961,0.09426132596679286,0.4299708676680751,0.7215307768262584,0.14759789895051478,,62.0
최소빈,S11판독,skin,MIX855,0.4904176313532026,0.3299890130104625,0.4218862205419705,0.6458547247469867,0.5932147475700508,,63.0
최소빈,S11판독,eye,EyeIrritation6pack_PID1020,0.48853373271740536,0.81422279357342,0.39784528264612895,0.20941166147016463,1.4143338349739723e-07,,64.0
최소빈,S11판독,sens,MIX850,0.48734574976863104,0.550885868421572,0.21329334752908355,0.41676641790101787,0.5932147475700508,,65.0
최소빈,S11판독,skin,MIX975,0.4847576310366456,0.2970547235729956,0.4124528866810422,0.33480231295572366,0.5932147475700508,,66.0
최소빈,S11판독,skin,EyeIrritation6pack_PID306,0.482195932375621,0.2442489344854195,0.803659698714857,0.374504894458511,2.8286676699479447e-07,,67.0
최소빈,S11판독,sens,MIX932,0.4811662221415247,0.4876228610034524,0.15648452437431423,0.40646720518917395,0.5932147475700508,,68.0
최소빈,S11판독,eye,EyeIrritation6pack_PID1025,0.48066138713664125,0.8011022176054798,0.24964133180375492,0.1646190593191629,1.4143338349739723e-07,,69.0
최소빈,S11판독,sens,MIX923,0.4782191493280172,0.35135033872368215,0.23170059293837492,0.40155541716666143,0.5932147475700508,,70.0
최소빈,S11판독,skin,MIX1017,0.47815890630622193,0.13002136240713474,0.4014550121303361,0.0781262682485662,0.5932147475700508,,71.0
최소빈,S11판독,sens,MIX1077,0.4766263854069019,0.2828425619226824,0.19193828275177105,0.39890081063146926,0.5932147475700508,,72.0
최소빈,S11판독,skin,MIX717,0.47641179963041486,0.1751950414312704,0.7940194774728468,0.5778773901635942,2.8286676699479447e-07,,73.0
최소빈,S11판독,sens,MIX845,0.4735655378953959,0.7523253743482895,0.4975125452026572,0.3937993981122927,0.5932147475700508,,74.0
최소빈,S11판독,eye,MIX700,0.4731333317240729,0.7479664347438378,0.23884917392660038,0.5373494008685169,0.06088367719442557,,75.0
최소빈,S11판독,eye,MIX905,0.4714271303916535,0.39023538560605536,0.3889569413574415,0.26073810826076627,0.5932147475700508,,76.0
최소빈,S11판독,skin,MIX905,0.47066006384248527,0.39023538560605536,0.3889569413574415,0.26073810826076627,0.5932147475700508,,77.0
최소빈,S11판독,eye,EyeIrritation6pack_PID568,0.4705783835227411,0.7842972115823129,0.3597759703375564,0.11795240192528206,1.4143338349739723e-07,,78.0
최소빈,S11판독,skin,MIX935,0.46954658634838775,0.5133731154051473,0.38710114553394576,0.35735936905686266,0.5932147475700508,,79.0
최소빈,S11판독,eye,MIX864,0.468701155802552,0.38569209462421944,0.356851493678419,0.19702342197686065,0.5932147475700508,,80.0
최소빈,S11판독,eye,MIX1024,0.465224200204725,0.3798971686278411,0.31063084581106665,0.1484292035947652,0.5932147475700508,,81.0
최소빈,S11판독,sens,MIX902,0.464111833606482,0.6976679320739985,0.08817862409595935,0.3780432242974361,0.5932147475700508,,82.0
최소빈,S11판독,skin,EyeIrritation6pack_PID863,0.46184866392811275,0.21660660375612553,0.7697477732135213,0.36879822390563577,0.0,,83.0
최소빈,S11판독,skin,MIX439,0.46184866392811275,0.21660660375612553,0.7697477732135213,0.36879822390563577,0.0,,84.0
최소빈,S11판독,eye,MIX448,0.4600165198788228,0.7666941055091158,0.4185140710594401,0.14967131660872512,1.4143338349739723e-07,,85.0
최소빈,S11판독,skin,MIX1046,0.45733045530530164,0.28447662762505643,0.3667409271288022,0.2640513773871163,0.5932147475700508,,86.0
최소빈,S11판독,sens,MIX648,0.45676768280439933,0.3627951166811333,0.41559203152973373,0.3658029729606317,0.5932147475700508,,87.0
최소빈,S11판독,sens,MIX935,0.45170152046213796,0.5133731154051473,0.38710114553394576,0.35735936905686266,0.5932147475700508,,88.0
최소빈,S11판독,eye,EyeIrritation6pack_PID867,0.45021913398020014,0.7503651290114113,0.19411124560926635,0.38863073101900875,1.4143338349739723e-07,,89.0
최소빈,S11판독,skin,MIX456,0.44666031620392577,0.2704853767704165,0.7444336717620317,0.49584323428439125,2.8286676699479447e-07,,90.0
최소빈,S11판독,skin,MIX904,0.44656216131623216,0.2757202013662448,0.3487937704803531,0.22491092512240804,0.5932147475700508,,91.0
최소빈,S11판독,skin,MIX846,0.44508211943585163,0.24066407966829828,0.3463270340130522,0.21972660584068335,0.5932147475700508,,92.0
최소빈,S11판독,eye,MIX143,0.44243691362789744,0.7373948560464958,0.20028828842350357,0.13505165070657582,0.0,,93.0
최소빈,S11판독,skin,EyeIrritation6pack_PID986,0.43792162036211746,0.2811301299305386,0.7298692729812735,0.44274833642570305,1.4143338349739723e-07,,94.0
최소빈,S11판독,eye,MIX18,0.4372160137102111,0.6630528028576306,0.2293735285279686,0.3135623809320455,0.09846082998908205,,95.0
최소빈,S11판독,eye,MIX855,0.43527930683429783,0.3299890130104625,0.4218862205419705,0.6458547247469867,0.5932147475700508,,96.0
최소빈,S11판독,sens,MIX847,0.43160607251391814,0.577200320145148,0.37752477030691034,0.32386695580982966,0.5932147475700508,,97.0
최소빈,S11판독,sens,MIX930,0.43060844824540856,0.13460682693682083,0.06712159063335561,0.322204248695647,0.5932147475700508,,98.0
최소빈,S11판독,skin,EyeIrritation6pack_PID1039,0.4283146827728731,0.5009249919932078,0.7138578046214552,0.21548703427863058,0.0,,99.0
최소빈,S11판독,skin,MIX527,0.4283146827728731,0.5009249919932078,0.7138578046214552,0.21548703427863058,0.0,,100.0
최소빈,S11판독,skin,MIX1040,0.4273848325650065,0.23888539214143628,0.31683155589497697,0.11923167550583197,0.5932147475700508,,101.0
최소빈,S11판독,sens,MIX69,0.42613327673691714,0.31069828956882706,0.08468346496193818,0.7102220336059396,1.4143338349739723e-07,,102.0
최소빈,S11판독,skin,MIX1047,0.4260253777128263,0.31024417581776803,0.7100422018991215,0.14295480747264128,1.4143338349739723e-07,,103.0
최소빈,S11판독,eye,MIX849,0.4250726740659114,0.3129779583964851,0.2790781604574081,0.2516152771738003,0.5932147475700508,,104.0
최소빈,S11판독,sens,MIX67,0.4213726672559789,0.39213262005867516,0.33034516373346706,0.7022876844710425,1.4143338349739723e-07,,105.0
최소빈,S11판독,eye,MIX756,0.4209717037704167,0.3061430079039939,0.32646123213538214,0.2940110858281733,0.5932147475700508,,106.0
최소빈,S11판독,eye,MIX1070,0.4200176576126048,0.30455293097430747,0.0703253609161946,0.24169619421439414,0.5932147475700508,,107.0
최소빈,S11판독,skin,MIX599,0.4180675254402821,0.30221393871830116,0.6967791147782145,0.37355046232345435,1.4143338349739723e-07,,108.0
최소빈,S11판독,sens,MIX21,0.4180028519665366,0.31378466724631304,0.26668367601302406,0.6966713256553053,1.4143338349739723e-07,,109.0
최소빈,S11판독,skin,MIX980,0.4178802898828089,0.356719157708409,0.30099065142464765,0.3501184414564845,0.5932147475700508,,110.0
최소빈,S11판독,sens,MIX1078,0.41740537833775804,0.7565336030218877,0.20449043265625672,0.3001991321828961,0.5932147475700508,,111.0
최소빈,S11판독,skin,MIX1073,0.4167950022648117,0.21476833323044667,0.29918183872798565,0.08701964229703778,0.5932147475700508,,112.0
최소빈,S11판독,sens,MIX871,0.4163525794671675,0.22317598244817674,0.3294451161697517,0.2984444673985786,0.5932147475700508,,113.0
최소빈,S11판독,sens,MIX91,0.4161980106828692,0.39807241852618336,0.4323884963879861,0.693663256849193,1.4143338349739723e-07,,114.0
최소빈,S11판독,sens,MIX931,0.41594963463731927,0.3164072563511836,0.47592642653416595,0.29777289268216495,0.5932147475700508,,115.0
최소빈,S11판독,skin,MIX863,0.4156807459012247,0.1569570345574181,0.29732474478867393,0.4605375138873018,0.5932147475700508,,116.0
최소빈,S11판독,eye,MIX57,0.4149739762325573,0.6916231994320065,0.63343170964462,0.3122887198072029,1.4143338349739723e-07,,117.0
최소빈,S11판독,sens,EyeIrritation6pack_PID621,0.4140589003502903,0.3141514378763748,0.3636854830700595,0.6900980729615616,1.4143338349739723e-07,,118.0
최소빈,S11판독,sens,MIX320,0.4140589003502903,0.3141514378763748,0.3636854830700595,0.6900980729615616,1.4143338349739723e-07,,119.0
최소빈,S11판독,sens,MIX927,0.4137771977614477,0.3871665414117541,0.6012842695111188,0.6896285686468239,1.4143338349739723e-07,,120.0
최소빈,S11판독,sens,MIX756,0.4136925505249243,0.3061430079039939,0.32646123213538214,0.2940110858281733,0.5932147475700508,,121.0
최소빈,S11판독,eye,EyeIrritation6pack_PID220,0.4109715420073624,0.28947607163223676,0.49506009781334176,0.4301895294711219,0.5932147475700508,,122.0
최소빈,S11판독,eye,MIX111,0.4109715420073624,0.28947607163223676,0.49506009781334176,0.4301895294711219,0.5932147475700508,,123.0
최소빈,S11판독,sens,MIX844,0.40969285413625517,0.4545893125733258,0.42607818626334326,0.2873449251803914,0.5932147475700508,,124.0
최소빈,S11판독,skin,EyeIrritation6pack_PID530,0.40954301602992416,0.36941397450902075,0.6825715990942847,0.2856378673055055,1.4143338349739723e-07,,125.0
최소빈,S11판독,skin,MIX934,0.4084335476410119,0.2419560758814475,0.2852460810216527,0.5976218756959658,0.5932147475700508,,126.0
최소빈,S11판독,eye,MIX1046,0.40797187560305415,0.28447662762505643,0.3667409271288022,0.2640513773871163,0.5932147475700508,,127.0
최소빈,S11판독,skin,EyeIrritation6pack_PID1042,0.4050144983389844,0.3995049882683794,0.6750241638983073,0.29948540989436917,0.0,,128.0
최소빈,S11판독,skin,MIX849,0.4047327953024652,0.3129779583964851,0.2790781604574081,0.2516152771738003,0.5932147475700508,,129.0
최소빈,S11판독,skin,EyeIrritation6pack_PID474,0.404175743755026,0.2903170426172263,0.6736260510138654,0.26762271450521447,2.8286676699479447e-07,,130.0
최소빈,S11판독,eye,MIX513,0.40367391860338225,0.6727897700500481,0.07689714937037495,0.1865595050103131,1.4143338349739723e-07,,131.0
최소빈,S11판독,eye,MIX904,0.40271801984776723,0.2757202013662448,0.3487937704803531,0.22491092512240804,0.5932147475700508,,132.0
최소빈,S11판독,skin,EyeIrritation6pack_PID406,0.4017272185949967,0.41478532090950254,0.6695452700360722,0.09490664732014402,1.4143338349739723e-07,,133.0
최소빈,S11판독,sens,EyeIrritation6pack_PID325,0.4001931474979741,0.34784897319627983,0.303981217609113,0.6669884848743678,1.4143338349739723e-07,,134.0
최소빈,S11판독,sens,MIX1014,0.39994407862077164,0.26495470419967426,0.24269116459320084,0.2710969659879189,0.5932147475700508,,135.0
최소빈,S11판독,eye,MIX937,0.39889689886391566,0.26935166639315894,0.4650086196600551,0.35400825914452677,0.5932147475700508,,136.0
최소빈,S11판독,eye,EyeIrritation6pack_PID370,0.3986690386755142,0.6644483035036013,0.4051185928946038,0.2548523169394515,1.4143338349739723e-07,,137.0
최소빈,S11판독,sens,MIX909,0.39665658655974545,0.2602475643741496,0.21686783744421478,0.26561781255287525,0.5932147475700508,,138.0
최소빈,S11판독,skin,MIX895,0.3950789386833947,0.24447807607529146,0.262988399425624,0.0917277886382993,0.5932147475700508,,139.0
최소빈,S11판독,sens,MIX870,0.3942679157480549,0.29912493418382313,0.4544639827819417,0.261636694533391,0.5932147475700508,,140.0
최소빈,S11판독,sens,MIX945,0.39422580422782394,0.4376961865341,0.5562177368528435,0.26156650866633935,0.5932147475700508,,141.0
최소빈,S11판독,sens,MIX905,0.3937287639844801,0.39023538560605536,0.3889569413574415,0.26073810826076627,0.5932147475700508,,142.0
최소빈,S11판독,eye,MIX562,0.3916029790414184,0.6526716317356973,0.1555136676694758,0.07782577929168932,0.0,,143.0
최소빈,S11판독,sens,MIX194,0.3903342589904377,0.16337765461224607,0.3179891251272562,0.48103542201310523,0.2542825144564365,,144.0
최소빈,S11판독,sens,EyeIrritation6pack_PID124,0.38996183370205906,0.5122093107603402,0.39105257698578827,0.6499362480700482,2.1215007524609585e-07,,145.0
최소빈,S11판독,eye,MIX196,0.3898918133324053,0.6498195945984199,0.5947891936525735,0.3091996006997901,1.4143338349739723e-07,,146.0
최소빈,S11판독,skin,MIX230,0.38829098848387195,0.2925248233307015,0.6471515060397364,0.11848860984085592,2.1215007524609585e-07,,147.0
최소빈,S11판독,sens,MIX849,0.3882550653323005,0.3129779583964851,0.2790781604574081,0.2516152771738003,0.5932147475700508,,148.0
최소빈,S11판독,eye,EyeIrritation6pack_PID390,0.387804325809693,0.646340543016155,0.40810453972918365,0.44245660820724225,0.0,,149.0
최소빈,S11판독,eye,MIX184,0.387804325809693,0.646340543016155,0.40810453972918365,0.44245660820724225,0.0,,150.0
최소빈,S11판독,sens,Cancer_PID_98,0.38639799028694316,0.32905554308897944,0.586770024968794,0.6439966504782386,0.0,,151.0
최소빈,S11판독,eye,MIX290,0.38570833386503867,0.6428472231083978,0.48152365461038893,0.31518917817046777,0.0,,152.0
최소빈,S11판독,sens,MIX692,0.38520170605966303,0.1245554791167046,0.2297454032909204,0.6420026548549271,2.8286676699479447e-07,,153.0
최소빈,S11판독,eye,MIX591,0.3839861019982757,0.6399767423748706,0.8040641504157894,0.437133093146973,1.4143338349739723e-07,,154.0
최소빈,S11판독,eye,MIX895,0.3839727446731952,0.24447807607529146,0.262988399425624,0.0917277886382993,0.5932147475700508,,155.0
최소빈,S11판독,sens,MIX996,0.38381581365427647,0.5666705224224116,0.08811807350442484,0.2442165243770936,0.5932147475700508,,156.0
최소빈,S11판독,eye,MIX886,0.3818826616719688,0.24099460440658077,0.0,0.09852054784667372,0.5932147475700508,,157.0
최소빈,S11판독,eye,MIX846,0.3816843468289993,0.24066407966829828,0.3463270340130522,0.21972660584068335,0.5932147475700508,,158.0
최소빈,S11판독,eye,MIX750,0.3811612647740767,0.6352686803345389,0.3882679357804958,0.31269751631131526,1.4143338349739723e-07,,159.0
최소빈,S11판독,eye,MIX1040,0.38061713431288213,0.23888539214143628,0.31683155589497697,0.11923167550583197,0.5932147475700508,,160.0
최소빈,S11판독,eye,MIX266,0.3797034233693942,0.6328388503711457,0.15742180449397228,0.4489050460679922,2.8286676699479447e-07,,161.0
최소빈,S11판독,skin,MIX923,0.3763062547910453,0.35135033872368215,0.23170059293837492,0.40155541716666143,0.5932147475700508,,162.0
최소빈,S11판독,sens,MIX68,0.3747493133159891,0.5158437003727097,0.3149525813805051,0.6245820474265983,2.1215007524609585e-07,,163.0
최소빈,S11판독,sens,EyeIrritation6pack_PID743,0.373546667213914,0.5262064614678362,0.32491701270357887,0.6225777786898566,0.0,,164.0
최소빈,S11판독,skin,EyeIrritation6pack_PID677,0.3720148666321926,0.20675358017361586,0.6200245891424764,0.37914442107006024,2.8286676699479447e-07,,165.0
최소빈,S11판독,eye,EyeIrritation6pack_PID739,0.37166961746615096,0.619449362443585,0.27506944844102976,0.18884448254056918,0.0,,166.0
최소빈,S11판독,eye,MIX398,0.37166961746615096,0.619449362443585,0.2832948830781536,0.19694339431309982,0.0,,167.0
최소빈,S11판독,skin,EyeIrritation6pack_PID369,0.3714254608516649,0.23794163674831598,0.6190423404638525,0.275479939100306,1.4143338349739723e-07,,168.0
최소빈,S11판독,skin,MIX171,0.3714254608516649,0.23794163674831598,0.6190423404638525,0.275479939100306,1.4143338349739723e-07,,169.0
최소빈,S11판독,eye,MIX586,0.3713172469755682,0.6188620782926137,0.21185119118490436,0.1515767878547527,0.0,,170.0
최소빈,S11판독,eye,MIX871,0.3711914884969264,0.22317598244817674,0.3294451161697517,0.2984444673985786,0.5932147475700508,,171.0
최소빈,S11판독,eye,EyeIrritation6pack_PID540,0.3704869709304547,0.6174780963062465,0.35334855948750415,0.5070396234161042,2.8286676699479447e-07,,172.0
최소빈,S11판독,sens,MIX3,0.36982746316412635,0.37641430346307003,0.22602920422367515,0.6163791052735439,0.0,,173.0
최소빈,S11판독,sens,MIX846,0.36912186253243034,0.24066407966829828,0.3463270340130522,0.21972660584068335,0.5932147475700508,,174.0
최소빈,S11판독,eye,Cancer_PID_9,0.36807736422022796,0.17529467424519082,0.5186335430131408,0.6016739597599043,0.6572513991827837,,175.0
최소빈,S11판독,eye,MIX1073,0.3661468989662883,0.21476833323044667,0.29918183872798565,0.08701964229703778,0.5932147475700508,,176.0
최소빈,S11판독,skin,MIX842,0.3612657050420486,0.15705702922366527,0.38765760484089834,0.3504071778539106,0.32167785534377397,,177.0
최소빈,S11판독,skin,MIX927,0.36077061828002466,0.3871665414117541,0.6012842695111188,0.6896285686468239,1.4143338349739723e-07,,178.0
최소빈,S11판독,sens,EyeIrritation6pack_PID460,0.35970631928471514,0.20042486177319602,0.04355683621619339,0.5995105321411919,0.0,,179.0
최소빈,S11판독,sens,MIX211,0.35970631928471514,0.2493744078279283,0.0066022709782896155,0.5995105321411919,0.0,,180.0
최소빈,S11판독,sens,EyeIrritation6pack_PID10,0.35943016302469855,0.13778873115929402,0.644090587604174,0.5990501774189086,1.4143338349739723e-07,,181.0
최소빈,S11판독,eye,MIX615,0.35834241037116443,0.597237256329685,0.5843286765869806,0.5251597207856039,1.4143338349739723e-07,,182.0
최소빈,S11판독,eye,MIX1043,0.3578101294473298,0.20087371736551585,0.1634738938090662,0.0832362247054454,0.5932147475700508,,183.0
최소빈,S11판독,eye,EyeIrritation6pack_PID716,0.35693236521899857,0.5948871810760753,0.1499752245755508,0.15498561002511316,1.4143338349739723e-07,,184.0
최소빈,S11판독,skin,MIX196,0.3568735727648975,0.6498195945984199,0.5947891936525735,0.3091996006997901,1.4143338349739723e-07,,185.0
최소빈,S11판독,skin,MIX35,0.3562522206265105,0.3951658612527548,0.5937537010441842,0.14117407132427656,0.0,,186.0
최소빈,S11판독,eye,EyeIrritation6pack_PID627,0.356057197493288,0.5934285681998911,0.048719022825926,0.32557918348265863,1.4143338349739723e-07,,187.0
최소빈,S11판독,eye,MIX323,0.356057197493288,0.5934285681998911,0.048719022825926,0.32557918348265863,1.4143338349739723e-07,,188.0
최소빈,S11판독,sens,MIX864,0.3554999522141367,0.38569209462421944,0.356851493678419,0.19702342197686065,0.5932147475700508,,189.0
최소빈,S11판독,sens,EyeIrritation6pack_PID46,0.3509973959813203,0.40864519446951725,0.17540799884990443,0.5849956599688672,0.0,,190.0
최소빈,S11판독,skin,MIX615,0.35059726252554174,0.597237256329685,0.5843286765869806,0.5251597207856039,1.4143338349739723e-07,,191.0
최소빈,S11판독,skin,EyeIrritation6pack_PID626,0.3498195327214732,0.3176964826741169,0.5830324602468664,0.2883938407919748,1.4143338349739723e-07,,192.0
최소빈,S11판독,skin,MIX322,0.3498195327214732,0.3176964826741169,0.5830324602468664,0.2883938407919748,1.4143338349739723e-07,,193.0
최소빈,S11판독,skin,EyeIrritation6pack_PID231,0.3488745580192531,0.32334737849918627,0.5814574552653716,0.05272562882255365,2.1215007524609585e-07,,194.0
최소빈,S11판독,eye,MIX704,0.3488576333834171,0.5814293889723618,0.5107628952653355,0.5547796994737592,0.0,,195.0
최소빈,S11판독,skin,MIX574,0.34672758193714964,0.24118547749957114,0.5778793032285827,0.08864295349589675,0.0,,196.0
최소빈,S11판독,sens,MIX717,0.3467265472448633,0.1751950414312704,0.7940194774728468,0.5778773901635942,2.8286676699479447e-07,,197.0
최소빈,S11판독,skin,EyeIrritation6pack_PID157,0.346564140441118,0.2732808613965358,0.5776068064462744,0.4872296654806442,1.4143338349739723e-07,,198.0
최소빈,S11판독,skin,EyeIrritation6pack_PID241,0.34603264311430426,0.3031433052713879,0.5767209775682515,0.5417928405665305,1.4143338349739723e-07,,199.0
최소빈,S11판독,skin,MIX1067,0.34588574295956154,0.20118476552687137,0.25715647815298337,0.6723819724562028,0.47897964016942873,,200.0
최소빈,S11판독,sens,EyeIrritation6pack_PID516,0.3454537009061556,0.20801704056312173,0.38559494420041235,0.5757559795990814,2.8286676699479447e-07,,201.0
최소빈,S11판독,sens,EyeIrritation6pack_PID240,0.3453871309772582,0.55838522082116,0.1061800889507218,0.575645124006508,1.4143338349739723e-07,,202.0
최소빈,S11판독,sens,MIX104,0.3453871309772582,0.55838522082116,0.1061800889507218,0.575645124006508,1.4143338349739723e-07,,203.0
최소빈,S11판독,eye,EyeIrritation6pack_PID1001,0.34401262279931877,0.5733542770432757,0.09846972937809143,0.13792681409955,1.4143338349739723e-07,,204.0
최소빈,S11판독,sens,MIX287,0.3416140766835136,0.4635573232006934,0.2026145152453282,0.5693567944725227,0.0,,205.0
최소빈,S11판독,sens,MIX947,0.34141818646683036,0.1907075710937577,0.1495436734553257,0.1735538123980167,0.5932147475700508,,206.0
최소빈,S11판독,eye,MIX443,0.3412815507039452,0.5688024902176531,0.058909239921912084,0.46753571696989493,1.4143338349739723e-07,,207.0
최소빈,S11판독,sens,EyeIrritation6pack_PID829,0.34081838919067275,0.10109971704868065,0.3608728464676844,0.5680305072177377,2.1215007524609585e-07,,208.0
최소빈,S11판독,sens,MIX406,0.34081838919067275,0.10109971704868065,0.3608728464676844,0.5680305072177377,2.1215007524609585e-07,,209.0
최소빈,S11판독,sens,EyeIrritation6pack_PID168,0.3396358139563929,0.5078108661612354,0.5557454658586529,0.5660595956383992,1.4143338349739723e-07,,210.0
최소빈,S11판독,sens,MIX842,0.33891544884985597,0.15705702922366527,0.38765760484089834,0.3504071778539106,0.32167785534377397,,211.0
최소빈,S11판독,eye,MIX1025,0.3387670902208756,0.2181359986900389,0.5265209847066765,0.2456327569242732,0.5197137275171306,,212.0
최소빈,S11판독,eye,MIX968,0.33848120260774445,0.5641352433906518,0.14216921983891573,0.18555836831906303,1.4143338349739723e-07,,213.0
최소빈,S11판독,skin,EyeIrritation6pack_PID59,0.3373566959817487,0.07317484865604053,0.5622610656806589,0.460885529394066,1.4143338349739723e-07,,214.0
최소빈,S11판독,sens,MIX280,0.33727692942824755,0.3890000227755199,0.4840003990700242,0.5621282157137459,0.0,,215.0
최소빈,S11판독,eye,MIX524,0.33616011181089034,0.5602667587292283,0.41534167210816186,0.3864250347550548,1.4143338349739723e-07,,216.0
최소빈,S11판독,eye,MIX1033,0.33608163967536614,0.16465956774557636,0.12948844524119105,0.20332375475110578,0.5932147475700508,,217.0
최소빈,S11판독,sens,EyeIrritation6pack_PID1038,0.3356438000765301,0.24699959453814527,0.44250048907583717,0.5594062391719612,1.4143338349739723e-07,,218.0
최소빈,S11판독,sens,MIX525,0.3356438000765301,0.24699959453814527,0.44250048907583717,0.5594062391719612,1.4143338349739723e-07,,219.0
최소빈,S11판독,skin,EyeIrritation6pack_PID982,0.33536010215021317,0.1672414281029984,0.558933315005844,0.45201485490432314,2.8286676699479447e-07,,220.0
최소빈,S11판독,eye,EyeIrritation6pack_PID240,0.3350311890660494,0.55838522082116,0.1061800889507218,0.575645124006508,1.4143338349739723e-07,,221.0
최소빈,S11판독,eye,MIX104,0.3350311890660494,0.55838522082116,0.1061800889507218,0.575645124006508,1.4143338349739723e-07,,222.0
최소빈,S11판독,sens,EyeIrritation6pack_PID523,0.3342005109333103,0.42433814750864374,0.46930442417436274,0.5570007101221337,2.1215007524609585e-07,,223.0
최소빈,S11판독,eye,MIX354,0.3337947492335058,0.5563244877669208,0.15064358539765788,0.20364725663997948,1.4143338349739723e-07,,224.0
최소빈,S11판독,skin,EyeIrritation6pack_PID168,0.33344733608854515,0.5078108661612354,0.5557454658586529,0.5660595956383992,1.4143338349739723e-07,,225.0
최소빈,S11판독,skin,EyeIrritation6pack_PID1037,0.3333303613406582,0.5210061430533189,0.555550507945508,0.4385661002250797,1.4143338349739723e-07,,226.0
최소빈,S11판독,sens,EyeIrritation6pack_PID570,0.3333246418601204,0.11010815132965877,0.4189002442722779,0.5555410697668673,0.0,,227.0
최소빈,S11판독,skin,EyeIrritation6pack_PID1033,0.3330320526464834,0.1223432129649652,0.55505332678855,0.08231698187541066,1.4143338349739723e-07,,228.0
최소빈,S11판독,sens,EyeIrritation6pack_PID175,0.3329190182495254,0.3894717329305255,0.6202279093135699,0.5548649361269534,1.4143338349739723e-07,,229.0
최소빈,S11판독,sens,MIX73,0.3329190182495254,0.3894717329305255,0.6202279093135699,0.5548649361269534,1.4143338349739723e-07,,230.0
최소빈,S11판독,sens,MIX704,0.3328678196842555,0.5814293889723618,0.5107628952653355,0.5547796994737592,0.0,,231.0
최소빈,S11판독,eye,MIX863,0.3314601197624712,0.1569570345574181,0.29732474478867393,0.4605375138873018,0.5932147475700508,,232.0
최소빈,S11판독,eye,MIX593,0.32966468009243777,0.5494411334873963,0.28851220382451526,0.44140120026676666,0.0,,233.0
최소빈,S11판독,skin,MIX641,0.32880475719196756,0.14721157053431452,0.5480077872198957,0.3851931128156016,2.1215007524609585e-07,,234.0
최소빈,S11판독,sens,EyeIrritation6pack_PID519,0.32799638650563634,0.086037974253605,0.299430548584778,0.546660455598216,2.8286676699479447e-07,,235.0
최소빈,S11판독,sens,MIX252,0.32799638650563634,0.086037974253605,0.299430548584778,0.546660455598216,2.8286676699479447e-07,,236.0
최소빈,S11판독,eye,MIX705,0.3277908702700173,0.4753370863742403,0.9194443353953713,0.5295004955028644,0.10647154611368288,,237.0
최소빈,S11판독,sens,MIX363,0.3261099537030142,0.3846581947988213,0.40466389990903695,0.5435165895050237,0.0,,238.0
최소빈,S11판독,sens,EyeIrritation6pack_PID241,0.3250757609132717,0.3031433052713879,0.5767209775682515,0.5417928405665305,1.4143338349739723e-07,,239.0
최소빈,S11판독,skin,EyeIrritation6pack_PID675,0.3247831615156737,0.3724568859124119,0.5413051749038672,0.3184790182615257,1.4143338349739723e-07,,240.0
최소빈,S11판독,skin,MIX334,0.3247831615156737,0.3724568859124119,0.5413051749038672,0.3184790182615257,1.4143338349739723e-07,,241.0
최소빈,S11판독,eye,MIX594,0.3245311676409464,0.5251170600532972,0.39270908788800163,0.5238011103125805,0.023652329022420232,,242.0
최소빈,S11판독,skin,EyeIrritation6pack_PID137,0.32444147745420027,0.4246402325080348,0.5407357014680781,0.4909517991134049,1.4143338349739723e-07,,243.0
최소빈,S11판독,sens,MIX787,0.32388416237739814,0.42105701060889844,0.28225558110871696,0.5398068430067413,1.4143338349739723e-07,,244.0
최소빈,S11판독,sens,MIX594,0.3237415977965164,0.5251170600532972,0.39270908788800163,0.5238011103125805,0.023652329022420232,,245.0
최소빈,S11판독,sens,EyeIrritation6pack_PID328,0.32329901921183174,0.6238119519067766,0.03472537160502818,0.5388316986863863,0.0,,246.0
최소빈,S11판독,eye,EyeIrritation6pack_PID654,0.32261566637668143,0.5376927772944691,0.26509249085399195,0.5201727150212616,0.0,,247.0
최소빈,S11판독,eye,EyeIrritation6pack_PID1032,0.321150679537265,0.5352509911287249,0.09222206002293655,0.34118383150009696,2.1215007524609585e-07,,248.0
최소빈,S11판독,sens,MIX631,0.31985218299413376,0.43987590450998965,0.3145822995338632,0.5330868302235061,2.1215007524609585e-07,,249.0
최소빈,S11판독,skin,EyeIrritation6pack_PID809,0.31979110899129065,0.5057124009960999,0.5329851816521511,0.10698057618191639,0.0,,250.0
최소빈,S11판독,skin,MIX235,0.31863474621804894,0.4513194115117519,0.5310579103634149,0.45644760609960505,0.0,,251.0
최소빈,S11판독,skin,MIX339,0.3170216801810509,0.09426132596679286,0.4299708676680751,0.7215307768262584,0.14759789895051478,,252.0
최소빈,S11판독,sens,MIX896,0.31671185060282175,0.6760081341548175,0.3068695873812914,0.13237658595800236,0.5932147475700508,,253.0
최소빈,S11판독,eye,EyeIrritation6pack_PID743,0.31572387688070175,0.5262064614678362,0.32491701270357887,0.6225777786898566,0.0,,254.0
최소빈,S11판독,eye,MIX1017,0.3152987164723012,0.13002136240713474,0.4014550121303361,0.0781262682485662,0.5932147475700508,,255.0
최소빈,S11판독,sens,MIX615,0.31509588904471575,0.597237256329685,0.5843286765869806,0.5251597207856039,1.4143338349739723e-07,,256.0
최소빈,S11판독,eye,EyeIrritation6pack_PID1037,0.3126037424053447,0.5210061430533189,0.555550507945508,0.4385661002250797,1.4143338349739723e-07,,257.0
최소빈,S11판독,eye,MIX1067,0.3123027153838943,0.20118476552687137,0.25715647815298337,0.6723819724562028,0.47897964016942873,,258.0
최소빈,S11판독,sens,MIX538,0.31212513344792536,0.38762776414773675,0.6266014599936943,0.52020846145762,1.4143338349739723e-07,,259.0
최소빈,S11판독,eye,EyeIrritation6pack_PID476,0.3114184002287948,0.519030572759069,0.28058146990587746,0.3487255999330197,1.4143338349739723e-07,,260.0
최소빈,S11판독,eye,MIX228,0.3114184002287948,0.519030572759069,0.28058146990587746,0.3487255999330197,1.4143338349739723e-07,,261.0
최소빈,S11판독,sens,MIX49,0.3105604032531662,0.3363395691363934,0.26893054088222956,0.517600577799688,1.4143338349739723e-07,,262.0
최소빈,S11판독,eye,MIX691,0.31046617233031815,0.5174436205505303,0.48356259493748155,0.22818618897946097,0.0,,263.0
최소빈,S11판독,sens,EyeIrritation6pack_PID571,0.31005748163204144,0.13611772054065382,0.4971988276288489,0.5167623279533522,2.1215007524609585e-07,,264.0
최소빈,S11판독,sens,MIX282,0.31005748163204144,0.13611772054065382,0.4971988276288489,0.5167623279533522,2.1215007524609585e-07,,265.0
최소빈,S11판독,sens,MIX1040,0.3088249043315195,0.23888539214143628,0.31683155589497697,0.11923167550583197,0.5932147475700508,,266.0
최소빈,S11판독,eye,MIX984,0.3077295926382821,0.5128825601082145,0.4272803459139452,0.16795093370198466,1.4143338349739723e-07,,267.0
최소빈,S11판독,skin,MIX961,0.307255842151833,0.5366892666211392,0.1166165718730211,0.1539569800230396,0.5932147475700508,,268.0
최소빈,S11판독,skin,MIX704,0.30645773715920127,0.5814293889723618,0.5107628952653355,0.5547796994737592,0.0,,269.0
최소빈,S11판독,skin,EyeIrritation6pack_PID560,0.30621420554313017,0.28039145503977,0.5103570092385503,0.5595267613882878,0.0,,270.0
최소빈,S11판독,eye,EyeIrritation6pack_PID168,0.3046865762700946,0.5078108661612354,0.5557454658586529,0.5660595956383992,1.4143338349739723e-07,,271.0
최소빈,S11판독,eye,EyeIrritation6pack_PID809,0.30342744059765997,0.5057124009960999,0.5329851816521511,0.10698057618191639,0.0,,272.0
최소빈,S11판독,sens,EyeIrritation6pack_PID718,0.30182715356566986,0.10069500858607562,0.07922776991447182,0.5030452559427832,0.0,,273.0
최소빈,S11판독,skin,EyeIrritation6pack_PID790,0.2986171012360391,0.130726032863163,0.4976951687267318,0.2698332688026413,0.0,,274.0
최소빈,S11판독,sens,MIX420,0.2985359336715958,0.3661176533578536,0.16590916332871936,0.49755970087481505,2.8286676699479447e-07,,275.0
최소빈,S11판독,sens,EyeIrritation6pack_PID143,0.2983250447008509,0.376161717704358,0.3205914467325657,0.49720831354582923,1.4143338349739723e-07,,276.0
최소빈,S11판독,skin,EyeIrritation6pack_PID571,0.29831938143733944,0.13611772054065382,0.4971988276288489,0.5167623279533522,2.1215007524609585e-07,,277.0
최소빈,S11판독,skin,MIX282,0.29831938143733944,0.13611772054065382,0.4971988276288489,0.5167623279533522,2.1215007524609585e-07,,278.0
최소빈,S11판독,sens,MIX616,0.29786509551568513,0.31739346383793354,0.340205239248286,0.49644173157055294,1.4143338349739723e-07,,279.0
최소빈,S11판독,skin,EyeIrritation6pack_PID116,0.2977117551890156,0.12314434606538006,0.4961861643594371,0.4809290913159083,1.4143338349739723e-07,,280.0
최소빈,S11판독,sens,MIX62,0.2965064743481387,0.25668928978055505,0.25232779726139953,0.49417736295797554,1.4143338349739723e-07,,281.0
최소빈,S11판독,sens,EyeIrritation6pack_PID81,0.2951367056848048,0.2778193175033801,0.20062526815624537,0.4918944151857524,1.4143338349739723e-07,,282.0
최소빈,S11판독,sens,MIX793,0.2951090387296599,0.08013004897720963,0.25680684231055834,0.4918483035938442,1.4143338349739723e-07,,283.0
최소빈,S11판독,eye,MIX1060,0.2938142413977189,0.4896903080406092,0.2140578796073147,0.29418638557281346,1.4143338349739723e-07,,284.0
최소빈,S11판독,skin,MIX907,0.2926496873451833,0.6260876769154406,0.09227298052860498,0.2683767891459388,0.5932147475700508,,285.0
최소빈,S11판독,skin,MIX194,0.29250648085892833,0.16337765461224607,0.3179891251272562,0.48103542201310523,0.2542825144564365,,286.0
최소빈,S11판독,sens,EyeIrritation6pack_PID157,0.29233785586173994,0.2732808613965358,0.5776068064462744,0.4872296654806442,1.4143338349739723e-07,,287.0
최소빈,S11판독,sens,MIX895,0.2923225722109999,0.24447807607529146,0.262988399425624,0.0917277886382993,0.5932147475700508,,288.0
최소빈,S11판독,sens,MIX1029,0.29214406496268785,0.3916879195713959,0.19034279360424355,0.4869067749378131,0.0,,289.0
최소빈,S11판독,eye,MIX577,0.29199227060944155,0.48665369006014697,0.3468215994750203,0.5335846326305803,1.4143338349739723e-07,,290.0
최소빈,S11판독,sens,MIX697,0.2906238586609771,0.42306169212645234,0.3154804408557153,0.48437295633491173,2.1215007524609585e-07,,291.0
최소빈,S11판독,skin,MIX280,0.2904002394420145,0.3890000227755199,0.4840003990700242,0.5621282157137459,0.0,,292.0
최소빈,S11판독,skin,MIX691,0.29013755696248894,0.5174436205505303,0.48356259493748155,0.22818618897946097,0.0,,293.0
최소빈,S11판독,eye,MIX519,0.2897992257571307,0.4829986153062955,0.46757572091158267,0.26771596535501146,1.4143338349739723e-07,,294.0
최소빈,S11판독,skin,MIX290,0.28891419276623337,0.6428472231083978,0.48152365461038893,0.31518917817046777,0.0,,295.0
최소빈,S11판독,eye,MIX868,0.28881882464010433,0.48136456630012375,0.08915591566923288,0.15596904107786339,2.1215007524609585e-07,,296.0
최소빈,S11판독,sens,EyeIrritation6pack_PID559,0.28880838840675555,0.33679818907961157,0.2832501988623681,0.4813472197223369,1.4143338349739723e-07,,297.0
최소빈,S11판독,sens,EyeIrritation6pack_PID751,0.2887785332413606,0.430033375295034,0.21938899819436172,0.4812973668244231,2.8286676699479447e-07,,298.0
최소빈,S11판독,sens,EyeIrritation6pack_PID557,0.287995966696168,0.25864029483155415,0.29819924532877096,0.47999318353802434,1.4143338349739723e-07,,299.0
최소빈,S11판독,sens,MIX283,0.287995966696168,0.25864029483155415,0.29819924532877096,0.47999318353802434,1.4143338349739723e-07,,300.0
최소빈,S11판독,eye,EyeIrritation6pack_PID54,0.2877320951285298,0.4795533975919607,0.7622234066960389,0.7244788113330479,1.4143338349739723e-07,,301.0
최소빈,S11판독,skin,EyeIrritation6pack_PID478,0.2876298981537627,0.4567436143419546,0.47938316358960453,0.30715256843234945,0.0,,302.0
최소빈,S11판독,skin,MIX639,0.2860267993065248,0.95271354687357,0.476711237888619,0.11175496271671875,1.4143338349739723e-07,,303.0
최소빈,S11판독,eye,MIX489,0.2853505817481675,0.47558416148022903,0.3584356012354842,0.1537072761863693,2.1215007524609585e-07,,304.0
최소빈,S11판독,eye,EyeIrritation6pack_PID120,0.2820897908297698,0.4701495570940274,0.4748143093148137,0.27051103393202536,1.4143338349739723e-07,,305.0
최소빈,S11판독,sens,MIX498,0.28103335299845356,0.46490831046689546,0.20877544499667464,0.4683889216640893,0.0,,306.0
최소빈,S11판독,skin,MIX519,0.28054548912030297,0.4829986153062955,0.46757572091158267,0.26771596535501146,1.4143338349739723e-07,,307.0
최소빈,S11판독,sens,MIX443,0.2805214867552903,0.5688024902176531,0.058909239921912084,0.46753571696989493,1.4143338349739723e-07,,308.0
최소빈,S11판독,skin,MIX626,0.2804826284357649,0.2539103400685458,0.4674709531040192,0.3811852440331689,1.4143338349739723e-07,,309.0
최소빈,S11판독,eye,MIX498,0.27894498628013725,0.46490831046689546,0.20877544499667464,0.4683889216640893,0.0,,310.0
최소빈,S11판독,eye,MIX204,0.2789385626239057,0.4648975100842539,0.13296338624358936,0.3570753348262425,1.4143338349739723e-07,,311.0
최소빈,S11판독,sens,EyeIrritation6pack_PID870,0.27869487203551147,0.3423837710492083,0.20479784592212155,0.4644913591035968,1.4143338349739723e-07,,312.0
최소빈,S11판독,sens,EyeIrritation6pack_PID515,0.2785891306140136,0.08620048590379857,0.2819812516923603,0.46431502911217803,2.8286676699479447e-07,,313.0
최소빈,S11판독,eye,MIX287,0.27813439392041606,0.4635573232006934,0.2026145152453282,0.5693567944725227,0.0,,314.0
최소빈,S11판독,skin,EyeIrritation6pack_PID411,0.2779973291032498,0.442171763432454,0.4633287875498274,0.3764370336105402,1.4143338349739723e-07,,315.0
최소빈,S11판독,skin,EyeIrritation6pack_PID62,0.2774927111840197,0.38917279239078767,0.4624877576844439,0.44736203122323587,1.4143338349739723e-07,,316.0
최소빈,S11판독,skin,MIX27,0.2774927111840197,0.38917279239078767,0.4624877576844439,0.44736203122323587,1.4143338349739723e-07,,317.0
최소빈,S11판독,sens,MIX174,0.27727390938093815,0.35094994716626116,0.4292380416103864,0.46212318230156363,0.0,,318.0
최소빈,S11판독,sens,MIX402,0.27607979379297887,0.39744553593018606,0.30778602555747203,0.4601329896549648,0.0,,319.0
최소빈,S11판독,eye,MIX61,0.27598035007660415,0.4599671558387513,0.2534431714978064,0.3222669055750106,1.4143338349739723e-07,,320.0
최소빈,S11판독,eye,EyeIrritation6pack_PID578,0.2757090849217457,0.4595151415362428,0.31198097263708585,0.3961508185433279,0.0,,321.0
최소빈,S11판독,sens,EyeIrritation6pack_PID684,0.2753551854353532,0.3719325886924391,0.2458900867089477,0.45892516762553853,2.1215007524609585e-07,,322.0
최소빈,S11판독,skin,MIX598,0.27498798528076496,0.2692820779214179,0.4583133088012749,0.16496201153573517,0.0,,323.0
최소빈,S11판독,skin,EyeIrritation6pack_PID376,0.27413610814586536,0.25350801931306094,0.4568935135764423,0.4163828537738455,0.0,,324.0
최소빈,S11판독,eye,EyeIrritation6pack_PID478,0.2740461686051727,0.4567436143419546,0.47938316358960453,0.30715256843234945,0.0,,325.0
최소빈,S11판독,sens,EyeIrritation6pack_PID246,0.2728391802156789,0.12849335382710214,0.12623863782865677,0.45473187273720916,1.4143338349739723e-07,,326.0
최소빈,S11판독,sens,MIX112,0.2728391802156789,0.12849335382710214,0.12623863782865677,0.45473187273720916,1.4143338349739723e-07,,327.0
최소빈,S11판독,skin,EyeIrritation6pack_PID272,0.2727266509168177,0.3337441117276408,0.4545444181946962,0.13050310279975136,0.0,,328.0
최소빈,S11판독,skin,EyeIrritation6pack_PID977,0.2714316803494651,0.27312509957739023,0.4523859453379305,0.4444044455000218,2.8286676699479447e-07,,329.0
최소빈,S11판독,sens,MIX296,0.2713341359919377,0.039478007578230695,0.13306532698099566,0.45222337140871816,2.8286676699479447e-07,,330.0
최소빈,S11판독,sens,EyeIrritation6pack_PID819,0.27121646946358813,0.3502471626349307,0.41004478867544203,0.4520273548170579,1.4143338349739723e-07,,331.0
최소빈,S11판독,sens,MIX569,0.27121646946358813,0.3513477125025116,0.3510894806059972,0.4520273548170579,1.4143338349739723e-07,,332.0
최소빈,S11판독,sens,EyeIrritation6pack_PID982,0.27120902608930064,0.1672414281029984,0.558933315005844,0.45201485490432314,2.8286676699479447e-07,,333.0
최소빈,S11판독,eye,MIX235,0.27079164690705115,0.4513194115117519,0.5310579103634149,0.45644760609960505,0.0,,334.0
최소빈,S11판독,skin,MIX491,0.27041435245485473,0.2780234523545747,0.45069039884691325,0.4193663900319949,2.8286676699479447e-07,,335.0
최소빈,S11판독,eye,MIX614,0.2703396336882014,0.45056596185808007,0.35950436770684985,0.08058911056667624,1.4143338349739723e-07,,336.0
최소빈,S11판독,sens,EyeIrritation6pack_PID160,0.2683782459795988,0.26388343034303796,0.1527103810478519,0.44729707663266466,0.0,,337.0
최소빈,S11판독,sens,MIX64,0.2683782459795988,0.26388343034303796,0.1527103810478519,0.44729707663266466,0.0,,338.0
최소빈,S11판독,eye,MIX173,0.26774368598877535,0.44623938235903665,0.2822635834328571,0.26468273062998887,1.4143338349739723e-07,,339.0
최소빈,S11판독,sens,MIX879,0.26749829131412345,0.052773233111616004,0.25442047624952024,0.4458304855235391,0.0,,340.0
최소빈,S11판독,eye,EyeIrritation6pack_PID179,0.26748989881312846,0.4458164037329585,0.361107125044469,0.10723602624079702,1.4143338349739723e-07,,341.0
최소빈,S11판독,sens,MIX584,0.2672481554982521,0.33482641976385985,0.11748462794541698,0.4454134982081645,1.4143338349739723e-07,,342.0
최소빈,S11판독,skin,MIX638,0.266769287654321,1.0,0.4446153851349461,0.16846800777087773,1.4143338349739723e-07,,343.0
최소빈,S11판독,sens,EyeIrritation6pack_PID977,0.26664278044671985,0.27312509957739023,0.4523859453379305,0.4444044455000218,2.8286676699479447e-07,,344.0
최소빈,S11판독,eye,EyeIrritation6pack_PID312,0.26603854553131295,0.4433974815965993,0.37647264819732046,0.042528615387832376,1.4143338349739723e-07,,345.0
최소빈,S11판독,eye,MIX747,0.26603854553131295,0.4433974815965993,0.37647264819732046,0.042528615387832376,1.4143338349739723e-07,,346.0
최소빈,S11판독,sens,EyeIrritation6pack_PID986,0.26564905842877523,0.2811301299305386,0.7298692729812735,0.44274833642570305,1.4143338349739723e-07,,347.0
최소빈,S11판독,skin,EyeIrritation6pack_PID1038,0.2655003500188557,0.24699959453814527,0.44250048907583717,0.5594062391719612,1.4143338349739723e-07,,348.0
최소빈,S11판독,skin,MIX525,0.2655003500188557,0.24699959453814527,0.44250048907583717,0.5594062391719612,1.4143338349739723e-07,,349.0
최소빈,S11판독,eye,EyeIrritation6pack_PID411,0.2653031146328258,0.442171763432454,0.4633287875498274,0.3764370336105402,1.4143338349739723e-07,,350.0
최소빈,S11판독,skin,EyeIrritation6pack_PID473,0.26483394406416133,0.2562094676178623,0.44138976534021873,0.385179995280805,2.1215007524609585e-07,,351.0
최소빈,S11판독,skin,MIX225,0.26483394406416133,0.2562094676178623,0.44138976534021873,0.385179995280805,2.1215007524609585e-07,,352.0
최소빈,S11판독,sens,EyeIrritation6pack_PID813,0.26440784868618844,0.20828884220618132,0.2516610546489352,0.4406797478103141,0.0,,353.0
최소빈,S11판독,sens,EyeIrritation6pack_PID1037,0.2631397167084012,0.5210061430533189,0.555550507945508,0.4385661002250797,1.4143338349739723e-07,,354.0
최소빈,S11판독,skin,MIX602,0.26287675491296564,0.3045957574391533,0.4381278305660204,0.35390434694432976,1.4143338349739723e-07,,355.0
최소빈,S11판독,skin,EyeIrritation6pack_PID456,0.2626768028258106,0.36826543299132325,0.4377945770874287,0.3329834361513543,1.4143338349739723e-07,,356.0
최소빈,S11판독,sens,MIX788,0.261977294386213,0.4532343945007326,0.3668375494508637,0.43662872968809935,1.4143338349739723e-07,,357.0
최소빈,S11판독,skin,MIX183,0.2599177109219966,0.24419952420007873,0.4331961848699944,0.4043559901833648,0.0,,358.0
최소빈,S11판독,skin,MIX91,0.25943315440614506,0.39807241852618336,0.4323884963879861,0.693663256849193,1.4143338349739723e-07,,359.0
최소빈,S11판독,eye,EyeIrritation6pack_PID751,0.25802013832372717,0.430033375295034,0.21938899819436172,0.4812973668244231,2.8286676699479447e-07,,360.0
최소빈,S11판독,sens,MIX810,0.25778264800994016,0.2339029018753138,0.11132960873394303,0.42963755810538895,2.8286676699479447e-07,,361.0
최소빈,S11판독,skin,MIX364,0.25697707886597376,0.3031984038929988,0.42829503715436734,0.27394350554771474,1.4143338349739723e-07,,362.0
최소빈,S11판독,skin,MIX294,0.25681851590727556,0.19960629361967042,0.4280308598454593,0.5156248421395876,0.0,,363.0
최소빈,S11판독,skin,MIX984,0.2563682641217205,0.5128825601082145,0.4272803459139452,0.16795093370198466,1.4143338349739723e-07,,364.0
최소빈,S11판독,eye,EyeIrritation6pack_PID137,0.25478419607817426,0.4246402325080348,0.5407357014680781,0.4909517991134049,1.4143338349739723e-07,,365.0
최소빈,S11판독,sens,EyeIrritation6pack_PID1062,0.25438391836320673,0.20102849527136457,0.4127644667121138,0.4239731029830889,1.4143338349739723e-07,,366.0
최소빈,S11판독,skin,EyeIrritation6pack_PID61,0.2538586974762509,0.17238388654675205,0.4230977348381625,0.30594588642174003,1.4143338349739723e-07,,367.0
최소빈,S11판독,eye,MIX197,0.2536516747367784,0.4227526969390417,0.4081540435182765,0.20207272393032844,1.4143338349739723e-07,,368.0
최소빈,S11판독,sens,EyeIrritation6pack_PID563,0.25205798760479625,0.06997341215089521,0.16239766972717065,0.4200964574301492,2.8286676699479447e-07,,369.0
최소빈,S11판독,sens,MIX491,0.2516199471659037,0.2780234523545747,0.45069039884691325,0.4193663900319949,2.8286676699479447e-07,,370.0
최소빈,S11판독,skin,EyeIrritation6pack_PID570,0.25134014656336673,0.11010815132965877,0.4189002442722779,0.5555410697668673,0.0,,371.0
최소빈,S11판독,eye,EyeIrritation6pack_PID170,0.25113857672441525,0.4185642002517698,0.36290996797576186,0.8798636568486579,1.4143338349739723e-07,,372.0
최소빈,S11판독,skin,MIX448,0.25110849920901746,0.7666941055091158,0.4185140710594401,0.14967131660872512,1.4143338349739723e-07,,373.0
최소빈,S11판독,sens,EyeIrritation6pack_PID800,0.25066696862928334,0.13550186501266595,0.3903321973705222,0.417778092470961,2.8286676699479447e-07,,374.0
최소빈,S11판독,sens,MIX378,0.25066696862928334,0.13550186501266595,0.3903321973705222,0.417778092470961,2.8286676699479447e-07,,375.0
최소빈,S11판독,skin,MIX524,0.2492050598382505,0.5602667587292283,0.41534167210816186,0.3864250347550548,1.4143338349739723e-07,,376.0
최소빈,S11판독,sens,EyeIrritation6pack_PID1019,0.24865632301674143,0.3388827601563101,0.5209441801254824,0.4144271107389801,1.4143338349739723e-07,,377.0
최소빈,S11판독,eye,MIX324,0.24654777361660235,0.41091281459428713,0.3933951190168129,0.07601986495042871,2.1215007524609585e-07,,378.0
최소빈,S11판독,sens,EyeIrritation6pack_PID500,0.24618616765157197,0.3814912778786388,0.3514923796246987,0.41031027941928666,0.0,,379.0
최소빈,S11판독,skin,MIX504,0.24545745361909505,0.8696508916126607,0.4090956617429028,0.08022889833149109,1.4143338349739723e-07,,380.0
최소빈,S11판독,skin,MIX594,0.24508638434176908,0.5251170600532972,0.39270908788800163,0.5238011103125805,0.023652329022420232,,381.0
최소빈,S11판독,skin,MIX145,0.24395214199821522,0.35569938700161025,0.406586714752514,0.3591603633069614,2.8286676699479447e-07,,382.0
최소빈,S11판독,eye,MIX454,0.24370315819106422,0.40617183602951806,0.2688247757501384,0.4318190667274471,1.4143338349739723e-07,,383.0
최소빈,S11판독,skin,EyeIrritation6pack_PID370,0.24307121231011564,0.6644483035036013,0.4051185928946038,0.2548523169394515,1.4143338349739723e-07,,384.0
최소빈,S11판독,sens,EyeIrritation6pack_PID149,0.24025540087951414,0.3168584596845976,0.19749094210245866,0.4004255738436013,1.4143338349739723e-07,,385.0
최소빈,S11판독,sens,EyeIrritation6pack_PID332,0.2399252762762672,0.1910615750418132,0.26205865096951036,0.39987536617152303,1.4143338349739723e-07,,386.0
최소빈,S11판독,eye,MIX91,0.2388435076890634,0.39807241852618336,0.4323884963879861,0.693663256849193,1.4143338349739723e-07,,387.0
최소빈,S11판독,skin,EyeIrritation6pack_PID1020,0.23870722616103074,0.81422279357342,0.39784528264612895,0.20941166147016463,1.4143338349739723e-07,,388.0
최소빈,S11판독,eye,MIX402,0.23846732155811162,0.39744553593018606,0.30778602555747203,0.4601329896549648,0.0,,389.0
최소빈,S11판독,sens,MIX1064,0.23829048572080844,0.3617314016606215,0.35815274856241813,0.3971506681012973,2.1215007524609585e-07,,390.0
최소빈,S11판독,skin,MIX886,0.23728589902802033,0.24099460440658077,0.0,0.09852054784667372,0.5932147475700508,,391.0
최소빈,S11판독,eye,MIX35,0.2370995167516529,0.3951658612527548,0.5937537010441842,0.14117407132427656,0.0,,392.0
최소빈,S11판독,skin,EyeIrritation6pack_PID628,0.237094415326251,0.3891552432420357,0.3951572174437015,0.062181262166356256,2.1215007524609585e-07,,393.0
최소빈,S11판독,skin,MIX34,0.23688499140109742,0.14414121173486175,0.39480831900182906,0.10377407965016369,0.0,,394.0
최소빈,S11판독,skin,MIX324,0.23603715627011781,0.41091281459428713,0.3933951190168129,0.07601986495042871,2.1215007524609585e-07,,395.0
최소빈,S11판독,sens,EyeIrritation6pack_PID783,0.23530154443912715,0.18712193294949242,0.1869089909981527,0.3921691464429563,1.4143338349739723e-07,,396.0
최소빈,S11판독,sens,MIX369,0.23530154443912715,0.18712193294949242,0.1869089909981527,0.3921691464429563,1.4143338349739723e-07,,397.0
최소빈,S11판독,eye,MIX67,0.23527962860855847,0.39213262005867516,0.33034516373346706,0.7022876844710425,1.4143338349739723e-07,,398.0
최소빈,S11판독,eye,MIX1029,0.23501275174283753,0.3916879195713959,0.19034279360424355,0.4869067749378131,0.0,,399.0
최소빈,S11판독,eye,MIX517,0.23465996055761135,0.39109979282930213,0.1779752297771459,0.25476333071025853,2.1215007524609585e-07,,400.0
최소빈,S11판독,skin,EyeIrritation6pack_PID124,0.23463163105150303,0.5122093107603402,0.39105257698578827,0.6499362480700482,2.1215007524609585e-07,,401.0
최소빈,S11판독,eye,EyeIrritation6pack_PID422,0.23457858593179592,0.3909643098863266,0.3418470553574393,0.23146220018242605,0.0,,402.0
최소빈,S11판독,eye,EyeIrritation6pack_PID175,0.23368309633166867,0.3894717329305255,0.6202279093135699,0.5548649361269534,1.4143338349739723e-07,,403.0
최소빈,S11판독,eye,MIX73,0.23368309633166867,0.3894717329305255,0.6202279093135699,0.5548649361269534,1.4143338349739723e-07,,404.0
최소빈,S11판독,sens,MIX265,0.2336037756829145,0.34395022187388324,0.27945956662888755,0.38933943756034617,2.8286676699479447e-07,,405.0
최소빈,S11판독,eye,EyeIrritation6pack_PID62,0.23350373200782598,0.38917279239078767,0.4624877576844439,0.44736203122323587,1.4143338349739723e-07,,406.0
최소빈,S11판독,eye,MIX27,0.23350373200782598,0.38917279239078767,0.4624877576844439,0.44736203122323587,1.4143338349739723e-07,,407.0
최소빈,S11판독,eye,EyeIrritation6pack_PID628,0.2334932308052515,0.3891552432420357,0.3951572174437015,0.062181262166356256,2.1215007524609585e-07,,408.0
최소빈,S11판독,eye,MIX280,0.23340001366531193,0.3890000227755199,0.4840003990700242,0.5621282157137459,0.0,,409.0
최소빈,S11판독,sens,EyeIrritation6pack_PID867,0.23317849518475864,0.7503651290114113,0.19411124560926635,0.38863073101900875,1.4143338349739723e-07,,410.0
최소빈,S11판독,skin,MIX750,0.23296081804165086,0.6352686803345389,0.3882679357804958,0.31269751631131526,1.4143338349739723e-07,,411.0
최소빈,S11판독,skin,EyeIrritation6pack_PID70,0.23292587126635622,0.21693273293103257,0.38820978544392704,0.13844535848655667,0.0,,412.0
최소빈,S11판독,eye,MIX571,0.23265998156052578,0.38776654164528734,0.3638785531477573,0.32718809987425707,1.4143338349739723e-07,,413.0
최소빈,S11판독,sens,MIX524,0.23185507742638625,0.5602667587292283,0.41534167210816186,0.3864250347550548,1.4143338349739723e-07,,414.0
최소빈,S11판독,skin,EyeIrritation6pack_PID516,0.2313570796669542,0.20801704056312173,0.38559494420041235,0.5757559795990814,2.8286676699479447e-07,,415.0
최소빈,S11판독,sens,EyeIrritation6pack_PID916,0.2312924622636418,0.3101405295336887,0.2678398864078808,0.38548734281714736,1.4143338349739723e-07,,416.0
최소빈,S11판독,sens,MIX482,0.2312924622636418,0.2750214975305664,0.19528176400153824,0.38548734281714736,1.4143338349739723e-07,,417.0
최소빈,S11판독,eye,EyeIrritation6pack_PID998,0.23058670669171002,0.38431117781951674,0.24372136353973245,0.176800704837074,0.0,,418.0
최소빈,S11판독,skin,EyeIrritation6pack_PID167,0.23004401511703382,0.19765331219068236,0.3834065975728007,0.2989909665982973,1.4143338349739723e-07,,419.0
최소빈,S11판독,eye,EyeIrritation6pack_PID745,0.22955438083086785,0.3825905404291908,0.889549264111141,0.2097368697939996,1.4143338349739723e-07,,420.0
최소빈,S11판독,skin,MIX807,0.2294910183943728,0.18419350556060363,0.3824849363683657,0.24566881783790467,1.4143338349739723e-07,,421.0
최소빈,S11판독,eye,MIX107,0.22943932785844381,0.3823987854751507,0.5248095655458432,0.35031735998654717,1.4143338349739723e-07,,422.0
최소빈,S11판독,skin,MIX539,0.2292765692584866,0.3686970418884855,0.3821275211418887,0.21806534009867903,1.4143338349739723e-07,,423.0
최소빈,S11판독,sens,MIX626,0.2287112029932547,0.2539103400685458,0.4674709531040192,0.3811852440331689,1.4143338349739723e-07,,424.0
최소빈,S11판독,sens,MIX802,0.2274931501288845,0.31391712382630116,0.09816495160673021,0.3791552502148075,0.0,,425.0
최소빈,S11판독,sens,EyeIrritation6pack_PID677,0.22748676578874294,0.20675358017361586,0.6200245891424764,0.37914442107006024,2.8286676699479447e-07,,426.0
최소빈,S11판독,skin,EyeIrritation6pack_PID808,0.22746207346146188,0.3220493401644392,0.3791033143357197,0.4924868732427142,2.1215007524609585e-07,,427.0
최소빈,S11판독,skin,MIX561,0.22746207346146188,0.3220493401644392,0.3791033143357197,0.4924868732427142,2.1215007524609585e-07,,428.0
최소빈,S11판독,sens,EyeIrritation6pack_PID287,0.22674715571950577,0.8401325560967464,0.30796192441940234,0.37791183191025396,1.4143338349739723e-07,,429.0
최소빈,S11판독,eye,EyeIrritation6pack_PID347,0.2267054178185643,0.3778422687420182,0.1870546225280421,0.24729941848687237,1.4143338349739723e-07,,430.0
최소빈,S11판독,skin,MIX508,0.22668824720549183,0.3186571401894768,0.3778136039091029,0.3165343232527839,2.1215007524609585e-07,,431.0
최소빈,S11판독,sens,Cancer_PID_1057,0.22605344130837945,0.36805554153740944,0.24741229725686809,0.3767557355139658,0.0,,432.0
최소빈,S11판독,skin,EyeIrritation6pack_PID312,0.22588364549174567,0.4433974815965993,0.37647264819732046,0.042528615387832376,1.4143338349739723e-07,,433.0
최소빈,S11판독,skin,MIX747,0.22588364549174567,0.4433974815965993,0.37647264819732046,0.042528615387832376,1.4143338349739723e-07,,434.0
최소빈,S11판독,eye,EyeIrritation6pack_PID143,0.2256970871959682,0.376161717704358,0.3205914467325657,0.49720831354582923,1.4143338349739723e-07,,435.0
최소빈,S11판독,skin,MIX36,0.2251364845408555,0.4976605639192201,0.3752273799458369,0.2738377215412089,1.4143338349739723e-07,,436.0
최소빈,S11판독,skin,EyeIrritation6pack_PID538,0.22382828547127678,0.26942028412634705,0.37304704816320566,0.31806475640560605,1.4143338349739723e-07,,437.0
최소빈,S11판독,skin,EyeIrritation6pack_PID920,0.22358888936737809,0.18305919048295383,0.3726480075122467,0.1865058281817697,2.1215007524609585e-07,,438.0
최소빈,S11판독,eye,EyeIrritation6pack_PID675,0.22347418812080053,0.3724568859124119,0.5413051749038672,0.3184790182615257,1.4143338349739723e-07,,439.0
최소빈,S11판독,eye,MIX334,0.22347418812080053,0.3724568859124119,0.5413051749038672,0.3184790182615257,1.4143338349739723e-07,,440.0
최소빈,S11판독,eye,EyeIrritation6pack_PID684,0.22315963807549355,0.3719325886924391,0.2458900867089477,0.45892516762553853,2.1215007524609585e-07,,441.0
최소빈,S11판독,skin,EyeIrritation6pack_PID926,0.22304472751258786,0.2847077681857963,0.37174111823205747,0.19097021816830126,1.4143338349739723e-07,,442.0
최소빈,S11판독,skin,MIX520,0.22292486528975675,0.33317854904701555,0.3715413478606723,0.3811014550737865,1.4143338349739723e-07,,443.0
최소빈,S11판독,sens,MIX165,0.22291832104635537,0.11289436187908668,0.3345502476228097,0.37153039364387547,2.1215007524609585e-07,,444.0
최소빈,S11판독,eye,MIX842,0.22290535967170877,0.15705702922366527,0.38765760484089834,0.3504071778539106,0.32167785534377397,,445.0
최소빈,S11판독,eye,MIX311,0.2220882309588519,0.3701469573091642,0.18787084376265567,0.4051155008254271,1.4143338349739723e-07,,446.0
최소빈,S11판독,sens,EyeIrritation6pack_PID863,0.22127893434338144,0.21660660375612553,0.7697477732135213,0.36879822390563577,0.0,,447.0
최소빈,S11판독,sens,MIX439,0.22127893434338144,0.21660660375612553,0.7697477732135213,0.36879822390563577,0.0,,448.0
최소빈,S11판독,eye,MIX539,0.2212182817064447,0.3686970418884855,0.3821275211418887,0.21806534009867903,1.4143338349739723e-07,,449.0
최소빈,S11판독,eye,EyeIrritation6pack_PID456,0.22095931636814733,0.36826543299132325,0.4377945770874287,0.3329834361513543,1.4143338349739723e-07,,450.0
최소빈,S11판독,skin,EyeIrritation6pack_PID551,0.22050288504069485,0.24387464144417373,0.3675047141122358,0.28699452145396454,1.4143338349739723e-07,,451.0
최소빈,S11판독,sens,EyeIrritation6pack_PID327,0.2198987675989478,0.07749663750838269,0.15882865623042824,0.36649794599824637,0.0,,452.0
최소빈,S11판독,sens,MIX172,0.2198987675989478,0.07749663750838269,0.15882865623042824,0.36649794599824637,0.0,,453.0
최소빈,S11판독,skin,EyeIrritation6pack_PID104,0.2198055065658826,0.4703071284438422,0.36634241665421535,0.27055616843682395,1.4143338349739723e-07,,454.0
최소빈,S11판독,eye,MIX420,0.21967070516141898,0.3661176533578536,0.16590916332871936,0.49755970087481505,2.8286676699479447e-07,,455.0
최소빈,S11판독,eye,EyeIrritation6pack_PID117,0.2194529288187982,0.3657547870757413,0.419491946927764,0.22027219635889728,1.4143338349739723e-07,,456.0
최소빈,S11판독,skin,MIX571,0.21832718846200777,0.38776654164528734,0.3638785531477573,0.32718809987425707,1.4143338349739723e-07,,457.0
최소빈,S11판독,skin,EyeIrritation6pack_PID621,0.21821134641538908,0.3141514378763748,0.3636854830700595,0.6900980729615616,1.4143338349739723e-07,,458.0
최소빈,S11판독,skin,MIX320,0.21821134641538908,0.3141514378763748,0.3636854830700595,0.6900980729615616,1.4143338349739723e-07,,459.0
최소빈,S11판독,eye,MIX478,0.21738051924822946,0.3623007711247935,0.27628442742202464,0.2984490453151593,1.4143338349739723e-07,,460.0
최소빈,S11판독,sens,MIX293,0.2173677443220138,0.49048408870077537,0.18036313072951682,0.3622794795811007,1.4143338349739723e-07,,461.0
최소빈,S11판독,eye,MIX1004,0.21715545865855673,0.36192562299754444,0.3014915179412423,0.209749903948914,2.1215007524609585e-07,,462.0
최소빈,S11판독,skin,EyeIrritation6pack_PID179,0.2166643316000348,0.4458164037329585,0.361107125044469,0.10723602624079702,1.4143338349739723e-07,,463.0
최소빈,S11판독,eye,MIX534,0.2164320962639308,0.36072006615096236,0.24673098759623577,0.11782973193121471,1.4143338349739723e-07,,464.0
최소빈,S11판독,skin,MIX614,0.2157026771974633,0.45056596185808007,0.35950436770684985,0.08058911056667624,1.4143338349739723e-07,,465.0
최소빈,S11판독,sens,MIX592,0.215700831175758,0.24820860109974324,0.190658458037714,0.35950138529293,0.0,,466.0
최소빈,S11판독,skin,MIX489,0.2150614456013206,0.47558416148022903,0.3584356012354842,0.1537072761863693,2.1215007524609585e-07,,467.0
최소빈,S11판독,eye,EyeIrritation6pack_PID121,0.21420579904684917,0.3570095707891596,0.6522842203660887,0.2429001036758507,1.4143338349739723e-07,,468.0
최소빈,S11판독,sens,MIX602,0.21234266473995125,0.3045957574391533,0.4381278305660204,0.35390434694432976,1.4143338349739723e-07,,469.0
최소빈,S11판독,sens,EyeIrritation6pack_PID356,0.21230906280216966,0.29798775248610254,0.2833709393363358,0.3538482494257714,2.8286676699479447e-07,,470.0
최소빈,S11판독,sens,MIX135,0.21213379113292616,0.3397972457240182,0.14997027370582305,0.3535562242659546,1.4143338349739723e-07,,471.0
최소빈,S11판독,eye,MIX29,0.211755464616081,0.352925774360135,0.32278095040570315,0.33270837679037674,0.0,,472.0
최소빈,S11판독,eye,MIX490,0.21096366149408743,0.35160610249014573,0.24012905285702,0.65626732597776,0.0,,473.0
최소빈,S11판독,sens,MIX107,0.2101904725652817,0.3823987854751507,0.5248095655458432,0.35031735998654717,1.4143338349739723e-07,,474.0
최소빈,S11판독,eye,EyeIrritation6pack_PID533,0.21000375179261996,0.3500061586987776,0.8288712800840047,0.21479290538109147,1.4143338349739723e-07,,475.0
최소빈,S11판독,eye,MIX407,0.20989834193649165,0.34983047560523045,0.8919658766795188,0.21309740713678574,1.4143338349739723e-07,,476.0
최소빈,S11판독,eye,EyeIrritation6pack_PID574,0.209020809842208,0.3483678278258353,0.32410339774493085,0.19104942689363086,2.8286676699479447e-07,,477.0
최소빈,S11판독,sens,MIX673,0.20885337252708333,0.32606295501263743,0.29480087512501574,0.3480888127784221,2.1215007524609585e-07,,478.0
최소빈,S11판독,sens,MIX343,0.20826791831425198,0.04525015638251222,0.28437510363173524,0.34711310290149766,1.4143338349739723e-07,,479.0
최소빈,S11판독,skin,EyeIrritation6pack_PID922,0.2073499306289294,0.26550942575149483,0.3455832177148823,0.8655813309358504,0.0,,480.0
최소빈,S11판독,sens,EyeIrritation6pack_PID740,0.20720084367003838,0.2898118924390656,0.3802962081804577,0.345334739450064,0.0,,481.0
최소빈,S11판독,sens,MIX399,0.20720084367003838,0.2898118924390656,0.3802962081804577,0.345334739450064,0.0,,482.0
최소빈,S11판독,eye,EyeIrritation6pack_PID41,0.20657998196341568,0.34429987565010384,0.3320731408576602,0.10662080824084304,1.4143338349739723e-07,,483.0
최소빈,S11판독,eye,MIX24,0.20657998196341568,0.34429987565010384,0.3320731408576602,0.10662080824084304,1.4143338349739723e-07,,484.0
최소빈,S11판독,skin,MIX274,0.2064991342248457,0.254825755148886,0.34416512941915384,0.3107029403646823,1.4143338349739723e-07,,485.0
최소빈,S11판독,eye,MIX265,0.20637024627103676,0.34395022187388324,0.27945956662888755,0.38933943756034617,2.8286676699479447e-07,,486.0
최소빈,S11판독,skin,EyeIrritation6pack_PID727,0.20584612115938777,0.18015160279328862,0.3430767271655962,0.3824798916808493,2.1215007524609585e-07,,487.0
최소빈,S11판독,skin,MIX392,0.20584612115938777,0.18015160279328862,0.3430767271655962,0.3824798916808493,2.1215007524609585e-07,,488.0
최소빈,S11판독,eye,EyeIrritation6pack_PID870,0.20543031920287838,0.3423837710492083,0.20479784592212155,0.4644913591035968,1.4143338349739723e-07,,489.0
최소빈,S11판독,skin,EyeIrritation6pack_PID965,0.20533694065809205,0.3325376964851452,0.3422281401412311,0.2923586863753619,1.4143338349739723e-07,,490.0
최소빈,S11판독,skin,EyeIrritation6pack_PID422,0.2051082332144636,0.3909643098863266,0.3418470553574393,0.23146220018242605,0.0,,491.0
최소빈,S11판독,skin,MIX25,0.2047860331165006,0.25730502661771465,0.34130996090524535,0.20611601327745913,1.4143338349739723e-07,,492.0
최소빈,S11판독,eye,EyeIrritation6pack_PID553,0.20418583217637698,0.34030962600503933,0.19189007037600478,0.18386379882928286,1.4143338349739723e-07,,493.0
최소빈,S11판독,eye,MIX275,0.20418583217637698,0.34030962600503933,0.19189007037600478,0.18386379882928286,1.4143338349739723e-07,,494.0
최소빈,S11판독,skin,MIX616,0.204123200122325,0.31739346383793354,0.340205239248286,0.49644173157055294,1.4143338349739723e-07,,495.0
최소빈,S11판독,skin,EyeIrritation6pack_PID549,0.20410592316617465,0.26490339774394883,0.3401763971769076,0.5031359356384185,2.1215007524609585e-07,,496.0
최소빈,S11판독,sens,MIX250,0.2030156432123078,0.03761988176052988,0.12963612718383605,0.33835921677600167,2.8286676699479447e-07,,497.0
최소빈,S11판독,eye,MIX699,0.2029982485137512,0.33833027275620187,0.3342180550840616,0.2845035292331161,2.1215007524609585e-07,,498.0
최소빈,S11판독,eye,MIX411,0.20199572420360043,0.33665944605041176,0.07181984310358633,0.3072999769379874,1.4143338349739723e-07,,499.0
최소빈,S11판독,eye,MIX49,0.20180379805518942,0.3363395691363934,0.26893054088222956,0.517600577799688,1.4143338349739723e-07,,500.0
최소빈,S11판독,skin,MIX622,0.20155131041458024,0.4559917784040842,0.33591875640204477,0.44096624804787093,1.4143338349739723e-07,,501.0
최소빈,S11판독,sens,EyeIrritation6pack_PID793,0.2010357651786151,0.3009508425857217,0.1402549670133671,0.3350596086310252,0.0,,502.0
최소빈,S11판독,sens,MIX372,0.2010357651786151,0.3009508425857217,0.1402549670133671,0.3350596086310252,0.0,,503.0
최소빈,S11판독,sens,EyeIrritation6pack_PID691,0.20068097819412367,0.2624771257686484,0.36145628699397603,0.3344682027012838,1.4143338349739723e-07,,504.0
최소빈,S11판독,skin,MIX699,0.20053091791046704,0.33833027275620187,0.3342180550840616,0.2845035292331161,2.1215007524609585e-07,,505.0
최소빈,S11판독,eye,EyeIrritation6pack_PID272,0.20024646703658447,0.3337441117276408,0.4545444181946962,0.13050310279975136,0.0,,506.0
최소빈,S11판독,sens,EyeIrritation6pack_PID176,0.20009546586091986,0.365867806733979,0.08810573653051303,0.3334923488126108,1.4143338349739723e-07,,507.0
최소빈,S11판독,sens,MIX74,0.20009546586091986,0.365867806733979,0.08810573653051303,0.3334923488126108,1.4143338349739723e-07,,508.0
최소빈,S11판독,sens,EyeIrritation6pack_PID456,0.19979011826416596,0.36826543299132325,0.4377945770874287,0.3329834361513543,1.4143338349739723e-07,,509.0
최소빈,S11판독,eye,MIX194,0.19973959854992224,0.16337765461224607,0.3179891251272562,0.48103542201310523,0.2542825144564365,,510.0
최소빈,S11판독,sens,MIX29,0.19962502607422603,0.352925774360135,0.32278095040570315,0.33270837679037674,0.0,,511.0
최소빈,S11판독,eye,EyeIrritation6pack_PID965,0.1995226744644405,0.3325376964851452,0.3422281401412311,0.2923586863753619,1.4143338349739723e-07,,512.0
최소빈,S11판독,skin,EyeIrritation6pack_PID41,0.19924394108794952,0.34429987565010384,0.3320731408576602,0.10662080824084304,1.4143338349739723e-07,,513.0
최소빈,S11판독,skin,MIX24,0.19924394108794952,0.34429987565010384,0.3320731408576602,0.10662080824084304,1.4143338349739723e-07,,514.0
최소빈,S11판독,eye,EyeIrritation6pack_PID897,0.19888772341648678,0.3314794447385557,0.10190412570941038,0.253060325878076,1.4143338349739723e-07,,515.0
최소빈,S11판독,skin,MIX495,0.19862389887658294,0.2486556260143658,0.33103973717204926,0.19655194458032368,1.4143338349739723e-07,,516.0
최소빈,S11판독,sens,MIX784,0.1985099390593601,0.22756310172310446,0.22266151182308333,0.33084970985442214,2.8286676699479447e-07,,517.0
최소빈,S11판독,skin,MIX67,0.19820715481343362,0.39213262005867516,0.33034516373346706,0.7022876844710425,1.4143338349739723e-07,,518.0
최소빈,S11판독,eye,Cancer_PID_98,0.19743332585338766,0.32905554308897944,0.586770024968794,0.6439966504782386,0.0,,519.0
최소빈,S11판독,eye,MIX545,0.19738912520320173,0.32898178104974724,0.2766698483280833,0.28840569062483173,1.4143338349739723e-07,,520.0
최소빈,S11판독,sens,MIX571,0.19631291649790764,0.38776654164528734,0.3638785531477573,0.32718809987425707,1.4143338349739723e-07,,521.0
최소빈,S11판독,sens,EyeIrritation6pack_PID55,0.196175762752809,0.5846457356276852,0.16089130563896017,0.3269595102990927,1.4143338349739723e-07,,522.0
최소빈,S11판독,sens,MIX20,0.196175762752809,0.5846457356276852,0.16089130563896017,0.3269595102990927,1.4143338349739723e-07,,523.0
최소빈,S11판독,sens,EyeIrritation6pack_PID746,0.19586449932001979,0.22387478367757024,0.35827721074456564,0.32644073791111067,1.4143338349739723e-07,,524.0
최소빈,S11판독,skin,MIX511,0.19576525886641663,0.6118329686733136,0.32627529001064426,0.55781841542857,2.1215007524609585e-07,,525.0
최소빈,S11판독,eye,MIX673,0.19563785786761254,0.32606295501263743,0.29480087512501574,0.3480888127784221,2.1215007524609585e-07,,526.0
최소빈,S11판독,skin,EyeIrritation6pack_PID743,0.19495020762214732,0.5262064614678362,0.32491701270357887,0.6225777786898566,0.0,,527.0
최소빈,S11판독,skin,EyeIrritation6pack_PID574,0.19446215179366533,0.3483678278258353,0.32410339774493085,0.19104942689363086,2.8286676699479447e-07,,528.0
최소빈,S11판독,eye,EyeIrritation6pack_PID231,0.19400851195954183,0.32334737849918627,0.5814574552653716,0.05272562882255365,2.1215007524609585e-07,,529.0
최소빈,S11판독,eye,MIX365,0.19393854513959183,0.3232309085659864,0.3251251328478034,0.6539421026368428,0.0,,530.0
최소빈,S11판독,skin,MIX29,0.19366857024342188,0.352925774360135,0.32278095040570315,0.33270837679037674,0.0,,531.0
최소빈,S11판독,eye,EyeIrritation6pack_PID808,0.1932296889586936,0.3220493401644392,0.3791033143357197,0.4924868732427142,2.1215007524609585e-07,,532.0
최소빈,S11판독,eye,MIX561,0.1932296889586936,0.3220493401644392,0.3791033143357197,0.4924868732427142,2.1215007524609585e-07,,533.0
최소빈,S11판독,sens,EyeIrritation6pack_PID247,0.1930186269716721,0.0956867050185051,0.09572574464582762,0.3216976173305312,1.4143338349739723e-07,,534.0
최소빈,S11판독,sens,MIX114,0.1930186269716721,0.0956867050185051,0.09572574464582762,0.3216976173305312,1.4143338349739723e-07,,535.0
최소빈,S11판독,eye,EyeIrritation6pack_PID365,0.19285157564993816,0.3214191984609746,0.1400912842012377,0.07338613256818799,1.4143338349739723e-07,,536.0
최소빈,S11판독,eye,EyeIrritation6pack_PID639,0.19263419363767548,0.3210568951072035,0.027356441277210316,0.444740383925636,1.4143338349739723e-07,,537.0
최소빈,S11판독,skin,EyeIrritation6pack_PID143,0.1923549246128928,0.376161717704358,0.3205914467325657,0.49720831354582923,1.4143338349739723e-07,,538.0
최소빈,S11판독,eye,MIX508,0.19119436897371614,0.3186571401894768,0.3778136039091029,0.3165343232527839,2.1215007524609585e-07,,539.0
최소빈,S11판독,sens,EyeIrritation6pack_PID675,0.1910874675302688,0.3724568859124119,0.5413051749038672,0.3184790182615257,1.4143338349739723e-07,,540.0
최소빈,S11판독,sens,MIX334,0.1910874675302688,0.3724568859124119,0.5413051749038672,0.3184790182615257,1.4143338349739723e-07,,541.0
최소빈,S11판독,sens,EyeIrritation6pack_PID538,0.19083891041671702,0.26942028412634705,0.37304704816320566,0.31806475640560605,1.4143338349739723e-07,,542.0
최소빈,S11판독,eye,MIX616,0.19043613487611352,0.31739346383793354,0.340205239248286,0.49644173157055294,1.4143338349739723e-07,,543.0
최소빈,S11판독,eye,EyeIrritation6pack_PID149,0.19011513238411193,0.3168584596845976,0.19749094210245866,0.4004255738436013,1.4143338349739723e-07,,544.0
최소빈,S11판독,sens,MIX290,0.18911350690228065,0.6428472231083978,0.48152365461038893,0.31518917817046777,0.0,,545.0
최소빈,S11판독,skin,MIX68,0.18897163368833314,0.5158437003727097,0.3149525813805051,0.6245820474265983,2.1215007524609585e-07,,546.0
최소빈,S11판독,eye,EyeIrritation6pack_PID621,0.18849091929917824,0.3141514378763748,0.3636854830700595,0.6900980729615616,1.4143338349739723e-07,,547.0
최소빈,S11판독,eye,MIX320,0.18849091929917824,0.3141514378763748,0.3636854830700595,0.6900980729615616,1.4143338349739723e-07,,548.0
최소빈,S11판독,sens,MIX750,0.18761856636014254,0.6352686803345389,0.3882679357804958,0.31269751631131526,1.4143338349739723e-07,,549.0
최소빈,S11판독,skin,MIX677,0.1875424193872741,0.20186162448719897,0.3125705575454067,0.07479079374656307,2.1215007524609585e-07,,550.0
최소빈,S11판독,eye,EyeIrritation6pack_PID777,0.18753464477250836,0.31255774128751396,0.33351703526971044,0.6585106083763286,0.0,,551.0
최소빈,S11판독,skin,EyeIrritation6pack_PID578,0.18718858358225152,0.4595151415362428,0.31198097263708585,0.3961508185433279,0.0,,552.0
최소빈,S11판독,skin,MIX535,0.18689867258702333,0.29391533508496337,0.3114977876450389,0.3343504423694489,0.0,,553.0
최소빈,S11판독,sens,MIX219,0.18679190428842432,0.4179758065007355,0.5361049236030762,0.3113197461917849,1.4143338349739723e-07,,554.0
최소빈,S11판독,eye,MIX69,0.18641903031464963,0.31069828956882706,0.08468346496193818,0.7102220336059396,1.4143338349739723e-07,,555.0
최소빈,S11판독,eye,MIX1047,0.1861465620640142,0.31024417581776803,0.7100422018991215,0.14295480747264128,1.4143338349739723e-07,,556.0
최소빈,S11판독,skin,MIX402,0.1846716153344832,0.39744553593018606,0.30778602555747203,0.4601329896549648,0.0,,557.0
최소빈,S11판독,sens,MIX411,0.1843800427361458,0.33665944605041176,0.07181984310358633,0.3072999769379874,1.4143338349739723e-07,,558.0
최소빈,S11판독,eye,EyeIrritation6pack_PID798,0.18397614751933067,0.3066267239543731,0.36382207810832584,0.06491728853998752,2.8286676699479447e-07,,559.0
최소빈,S11판독,eye,MIX766,0.18397614751933067,0.3066267239543731,0.36382207810832584,0.06491728853998752,2.8286676699479447e-07,,560.0
최소빈,S11판독,skin,EyeIrritation6pack_PID417,0.18396528834450807,0.4308224274918938,0.30660871961859115,0.38508540527557505,1.4143338349739723e-07,,561.0
최소빈,S11판독,sens,EyeIrritation6pack_PID61,0.1835675884263974,0.17238388654675205,0.4230977348381625,0.30594588642174003,1.4143338349739723e-07,,562.0
최소빈,S11판독,eye,MIX85,0.18313651694432062,0.30522743395161206,0.15840488962929639,0.5462620537996351,1.4143338349739723e-07,,563.0
최소빈,S11판독,eye,MIX602,0.18275751103684537,0.3045957574391533,0.4381278305660204,0.35390434694432976,1.4143338349739723e-07,,564.0
최소빈,S11판독,eye,EyeIrritation6pack_PID1018,0.18274354468339718,0.3045724801834063,0.11038186909598208,0.25648052133844307,1.4143338349739723e-07,,565.0
최소빈,S11판독,eye,MIX536,0.18274354468339718,0.3045724801834063,0.11038186909598208,0.25648052133844307,1.4143338349739723e-07,,566.0
최소빈,S11판독,eye,MIX364,0.18191909890915267,0.3031984038929988,0.42829503715436734,0.27394350554771474,1.4143338349739723e-07,,567.0
최소빈,S11판독,eye,EyeIrritation6pack_PID241,0.1818860397361861,0.3031433052713879,0.5767209775682515,0.5417928405665305,1.4143338349739723e-07,,568.0
최소빈,S11판독,sens,EyeIrritation6pack_PID792,0.18115476153420326,0.3311193975521059,0.5438253435233377,0.301924461123622,2.1215007524609585e-07,,569.0
최소빈,S11판독,sens,MIX371,0.18115476153420326,0.3311193975521059,0.5438253435233377,0.301924461123622,2.1215007524609585e-07,,570.0
최소빈,S11판독,skin,EyeIrritation6pack_PID1012,0.1809325458303525,0.5057847484412239,0.3015541487616652,0.07393487098566591,1.4143338349739723e-07,,571.0
최소빈,S11판독,skin,MIX529,0.1809325458303525,0.5057847484412239,0.3015541487616652,0.07393487098566591,1.4143338349739723e-07,,572.0
최소빈,S11판독,skin,MIX1004,0.18089499562477546,0.36192562299754444,0.3014915179412423,0.209749903948914,2.1215007524609585e-07,,573.0
최소빈,S11판독,sens,EyeIrritation6pack_PID1042,0.1796912459366215,0.3995049882683794,0.6750241638983073,0.29948540989436917,0.0,,574.0
최소빈,S11판독,skin,EyeIrritation6pack_PID519,0.1796584422975736,0.086037974253605,0.299430548584778,0.546660455598216,2.8286676699479447e-07,,575.0
최소빈,S11판독,skin,MIX252,0.1796584422975736,0.086037974253605,0.299430548584778,0.546660455598216,2.8286676699479447e-07,,576.0
최소빈,S11판독,sens,MIX159,0.17909537829912223,0.5894638046114902,0.13359878525995242,0.2984922028762814,1.4143338349739723e-07,,577.0
최소빈,S11판독,skin,EyeIrritation6pack_PID557,0.17891960377061597,0.25864029483155415,0.29819924532877096,0.47999318353802434,1.4143338349739723e-07,,578.0
최소빈,S11판독,skin,MIX283,0.17891960377061597,0.25864029483155415,0.29819924532877096,0.47999318353802434,1.4143338349739723e-07,,579.0
최소빈,S11판독,eye,EyeIrritation6pack_PID356,0.17879276463836832,0.29798775248610254,0.2833709393363358,0.3538482494257714,2.8286676699479447e-07,,580.0
최소빈,S11판독,sens,MIX80,0.1775504363300934,0.21099078262278587,0.4116856283956341,0.2959172995945667,1.4143338349739723e-07,,581.0
최소빈,S11판독,eye,MIX335,0.1773979502362442,0.29566310896035686,0.17134607897745724,0.396498383588859,2.1215007524609585e-07,,582.0
최소빈,S11판독,sens,EyeIrritation6pack_PID178,0.1768816912441472,0.1410435555372086,0.05113974831933369,0.29480272445132305,1.4143338349739723e-07,,583.0
최소빈,S11판독,sens,MIX75,0.1768816912441472,0.1410435555372086,0.05113974831933369,0.29480272445132305,1.4143338349739723e-07,,584.0
최소빈,S11판독,skin,MIX673,0.1768806099350395,0.32606295501263743,0.29480087512501574,0.3480888127784221,2.1215007524609585e-07,,585.0
최소빈,S11판독,eye,MIX246,0.17645681695103496,0.2940946006294693,0.11666001519495278,0.07483808903200927,1.4143338349739723e-07,,586.0
최소빈,S11판독,eye,EyeIrritation6pack_PID474,0.1741903387170426,0.2903170426172263,0.6736260510138654,0.26762271450521447,2.8286676699479447e-07,,587.0
최소빈,S11판독,sens,MIX318,0.17417551853967983,0.3417407522170987,0.40670374033711415,0.2902925308994664,0.0,,588.0
최소빈,S11판독,eye,MIX261,0.17357430775977062,0.2892904186440287,0.20603358917702563,0.1915026081766023,1.4143338349739723e-07,,589.0
최소빈,S11판독,skin,EyeIrritation6pack_PID366,0.1735564475055529,0.23782747580529692,0.28926065155366587,0.1806373348598849,1.4143338349739723e-07,,590.0
최소빈,S11판독,skin,MIX167,0.1735564475055529,0.23782747580529692,0.28926065155366587,0.1806373348598849,1.4143338349739723e-07,,591.0
최소빈,S11판독,skin,MIX208,0.17345200954485177,0.43380330569238335,0.2890865882858306,0.13065566100812498,1.4143338349739723e-07,,592.0
최소빈,S11판독,eye,EyeIrritation6pack_PID512,0.1731837716262162,0.2886395250881047,0.12501740014448157,0.06867318771637476,1.4143338349739723e-07,,593.0
최소빈,S11판독,skin,MIX593,0.17310732229470915,0.5494411334873963,0.28851220382451526,0.44140120026676666,0.0,,594.0
최소빈,S11판독,sens,EyeIrritation6pack_PID177,0.17308813044127627,0.23952149932760783,0.036761583225014494,0.2884801231132048,1.4143338349739723e-07,,595.0
최소빈,S11판독,sens,MIX624,0.17308813044127627,0.23952149932760783,0.036761583225014494,0.2884801231132048,1.4143338349739723e-07,,596.0
최소빈,S11판독,sens,EyeIrritation6pack_PID48,0.17306703958350594,0.14856368249695548,0.21148164547643078,0.2884450659725099,0.0,,597.0
최소빈,S11판독,sens,EyeIrritation6pack_PID618,0.17218223075121672,0.2227220614656921,0.542420351857876,0.2869703845853612,0.0,,598.0
최소빈,S11판독,skin,EyeIrritation6pack_PID1024,0.17150449985447258,0.27543590701358656,0.28584073880186534,0.2781404012624416,1.4143338349739723e-07,,599.0
최소빈,S11판독,sens,EyeIrritation6pack_PID530,0.17138277695665668,0.36941397450902075,0.6825715990942847,0.2856378673055055,1.4143338349739723e-07,,600.0
최소빈,S11판독,eye,EyeIrritation6pack_PID926,0.17082471748483116,0.2847077681857963,0.37174111823205747,0.19097021816830126,1.4143338349739723e-07,,601.0
최소빈,S11판독,sens,MIX699,0.17070220239989975,0.33833027275620187,0.3342180550840616,0.2845035292331161,2.1215007524609585e-07,,602.0
최소빈,S11판독,sens,MIX356,0.16995303933172312,0.13475658491991505,0.3652836606917944,0.28325497126394955,1.4143338349739723e-07,,603.0
최소빈,S11판독,skin,EyeIrritation6pack_PID559,0.16995017589077424,0.33679818907961157,0.2832501988623681,0.4813472197223369,1.4143338349739723e-07,,604.0
최소빈,S11판독,skin,MIX173,0.16935820663306766,0.44623938235903665,0.2822635834328571,0.26468273062998887,1.4143338349739723e-07,,605.0
최소빈,S11판독,skin,EyeIrritation6pack_PID515,0.169188864162123,0.08620048590379857,0.2819812516923603,0.46431502911217803,2.8286676699479447e-07,,606.0
최소빈,S11판독,skin,MIX663,0.16894099900926385,0.15165044311416012,0.28156833168210643,0.27986026329175434,0.0,,607.0
최소빈,S11판독,sens,MIX277,0.1689206234636185,0.9984674187150526,0.42723308414076283,0.28153427815044185,1.4143338349739723e-07,,608.0
최소빈,S11판독,eye,EyeIrritation6pack_PID986,0.16867813453167654,0.2811301299305386,0.7298692729812735,0.44274833642570305,1.4143338349739723e-07,,609.0
최소빈,S11판독,eye,EyeIrritation6pack_PID560,0.16823487302386197,0.28039145503977,0.5103570092385503,0.5595267613882878,0.0,,610.0
최소빈,S11판독,sens,MIX663,0.1679161579750526,0.15165044311416012,0.28156833168210643,0.27986026329175434,0.0,,611.0
최소빈,S11판독,skin,MIX265,0.16767585312403932,0.34395022187388324,0.27945956662888755,0.38933943756034617,2.8286676699479447e-07,,612.0
최소빈,S11판독,skin,MIX700,0.16766297523373044,0.7479664347438378,0.23884917392660038,0.5373494008685169,0.06088367719442557,,613.0
최소빈,S11판독,skin,MIX65,0.1675615480902965,0.28529166989283217,0.27926915252823853,0.26997665210652877,1.4143338349739723e-07,,614.0
최소빈,S11판독,eye,EyeIrritation6pack_PID81,0.16669164707538145,0.2778193175033801,0.20062526815624537,0.4918944151857524,1.4143338349739723e-07,,615.0
최소빈,S11판독,skin,MIX545,0.16600196557020336,0.32898178104974724,0.2766698483280833,0.28840569062483173,1.4143338349739723e-07,,616.0
최소빈,S11판독,skin,MIX478,0.16577071302656818,0.3623007711247935,0.27628442742202464,0.2984490453151593,1.4143338349739723e-07,,617.0
최소빈,S11판독,sens,MIX826,0.16555776394996505,0.2059182178910323,0.13266509534573265,0.27592951229435275,1.4143338349739723e-07,,618.0
최소빈,S11판독,eye,EyeIrritation6pack_PID1024,0.1652616007815053,0.27543590701358656,0.28584073880186534,0.2781404012624416,1.4143338349739723e-07,,619.0
최소빈,S11판독,eye,EyeIrritation6pack_PID481,0.1647106890467111,0.27451781507785183,0.5715140187335536,0.47358439446625467,0.0,,620.0
최소빈,S11판독,eye,MIX233,0.1647106890467111,0.27451781507785183,0.5715140187335536,0.47358439446625467,0.0,,621.0
최소빈,S11판독,sens,MIX364,0.16436615990198222,0.3031984038929988,0.42829503715436734,0.27394350554771474,1.4143338349739723e-07,,622.0
최소빈,S11판독,eye,EyeIrritation6pack_PID157,0.16396857341127485,0.2732808613965358,0.5776068064462744,0.4872296654806442,1.4143338349739723e-07,,623.0
최소빈,S11판독,skin,EyeIrritation6pack_PID480,0.16305024677372787,0.06970212095719946,0.27175031700062413,0.15145086599376129,1.4143338349739723e-07,,624.0
최소빈,S11판독,skin,MIX231,0.16305024677372787,0.06970212095719946,0.27175031700062413,0.15145086599376129,1.4143338349739723e-07,,625.0
최소빈,S11판독,eye,MIX456,0.16229133920895672,0.2704853767704165,0.7444336717620317,0.49584323428439125,2.8286676699479447e-07,,626.0
최소빈,S11판독,eye,EyeIrritation6pack_PID538,0.16165222704916163,0.26942028412634705,0.37304704816320566,0.31806475640560605,1.4143338349739723e-07,,627.0
최소빈,S11판독,eye,MIX598,0.16156924675285073,0.2692820779214179,0.4583133088012749,0.16496201153573517,0.0,,628.0
최소빈,S11판독,skin,MIX49,0.16135838110269113,0.3363395691363934,0.26893054088222956,0.517600577799688,1.4143338349739723e-07,,629.0
최소빈,S11판독,eye,EyeIrritation6pack_PID922,0.1593056554508969,0.26550942575149483,0.3455832177148823,0.8655813309358504,0.0,,630.0
최소빈,S11판독,skin,EyeIrritation6pack_PID654,0.15905549451239517,0.5376927772944691,0.26509249085399195,0.5201727150212616,0.0,,631.0
최소빈,S11판독,skin,MIX588,0.1558209452853841,0.1720487915406093,0.25970157547564016,0.236049012136226,0.0,,632.0
최소빈,S11판독,skin,EyeIrritation6pack_PID103,0.15560907048985562,0.31281157701784584,0.2593483565275037,0.2712320210691615,1.4143338349739723e-07,,633.0
최소빈,S11판독,eye,EyeIrritation6pack_PID557,0.15518423347228588,0.25864029483155415,0.29819924532877096,0.47999318353802434,1.4143338349739723e-07,,634.0
최소빈,S11판독,eye,MIX283,0.15518423347228588,0.25864029483155415,0.29819924532877096,0.47999318353802434,1.4143338349739723e-07,,635.0
최소빈,S11판독,eye,MIX25,0.15438307254398217,0.25730502661771465,0.34130996090524535,0.20611601327745913,1.4143338349739723e-07,,636.0
최소빈,S11판독,eye,MIX62,0.15401363044168642,0.25668928978055505,0.25232779726139953,0.49417736295797554,1.4143338349739723e-07,,637.0
최소빈,S11판독,sens,EyeIrritation6pack_PID386,0.15398835814195083,0.45566180753471297,0.2182945006322535,0.25664716928099574,1.4143338349739723e-07,,638.0
최소빈,S11판독,sens,EyeIrritation6pack_PID1018,0.15388836937641923,0.3045724801834063,0.11038186909598208,0.25648052133844307,1.4143338349739723e-07,,639.0
최소빈,S11판독,sens,MIX536,0.15388836937641923,0.3045724801834063,0.11038186909598208,0.25648052133844307,1.4143338349739723e-07,,640.0
최소빈,S11판독,eye,MIX626,0.15234626061448087,0.2539103400685458,0.4674709531040192,0.3811852440331689,1.4143338349739723e-07,,641.0
최소빈,S11판독,skin,EyeIrritation6pack_PID71,0.1521493708253089,0.2308100473941329,0.2535822847088482,0.17389287258143757,0.0,,642.0
최소빈,S11판독,skin,MIX62,0.1513967349301931,0.25668928978055505,0.25232779726139953,0.49417736295797554,1.4143338349739723e-07,,643.0
최소빈,S11판독,skin,EyeIrritation6pack_PID1027,0.1510887194629763,0.05993518178598263,0.2518143910049104,0.23440376596631224,2.1215007524609585e-07,,644.0
최소빈,S11판독,skin,EyeIrritation6pack_PID813,0.1509966327893611,0.20828884220618132,0.2516610546489352,0.4406797478103141,0.0,,645.0
최소빈,S11판독,skin,MIX33,0.15063117167624404,0.42261675601247656,0.25105185850481776,0.3364279726943982,1.4143338349739723e-07,,646.0
최소빈,S11판독,skin,EyeIrritation6pack_PID1025,0.14978485565560634,0.8011022176054798,0.24964133180375492,0.1646190593191629,1.4143338349739723e-07,,647.0
최소빈,S11판독,eye,MIX495,0.14919343218197287,0.2486556260143658,0.33103973717204926,0.19655194458032368,1.4143338349739723e-07,,648.0
최소빈,S11판독,sens,EyeIrritation6pack_PID347,0.1483797076654768,0.3778422687420182,0.1870546225280421,0.24729941848687237,1.4143338349739723e-07,,649.0
최소빈,S11판독,eye,EyeIrritation6pack_PID1038,0.14819981329624055,0.24699959453814527,0.44250048907583717,0.5594062391719612,1.4143338349739723e-07,,650.0
최소빈,S11판독,eye,MIX525,0.14819981329624055,0.24699959453814527,0.44250048907583717,0.5594062391719612,1.4143338349739723e-07,,651.0
최소빈,S11판독,skin,EyeIrritation6pack_PID684,0.1475341368853987,0.3719325886924391,0.2458900867089477,0.45892516762553853,2.1215007524609585e-07,,652.0
최소빈,S11판독,sens,MIX807,0.1474013472760962,0.18419350556060363,0.3824849363683657,0.24566881783790467,1.4143338349739723e-07,,653.0
최소빈,S11판독,skin,MIX484,0.14685497907880862,0.8508274744507606,0.24475815703129755,0.23894365121537625,2.1215007524609585e-07,,654.0
최소빈,S11판독,eye,EyeIrritation6pack_PID871,0.14663982160893607,0.24439970268156014,0.4639829878915966,0.22009951733262806,0.0,,655.0
최소빈,S11판독,eye,MIX310,0.14607412784029852,0.24345678544490856,0.0712043639369292,0.4215020068693745,1.4143338349739723e-07,,656.0
최소빈,S11판독,eye,MIX574,0.1447112864997427,0.24118547749957114,0.5778793032285827,0.08864295349589675,0.0,,657.0
최소빈,S11판독,skin,MIX490,0.144077431714212,0.35160610249014573,0.24012905285702,0.65626732597776,0.0,,658.0
최소빈,S11판독,sens,MIX484,0.14336627558925583,0.8508274744507606,0.24475815703129755,0.23894365121537625,2.1215007524609585e-07,,659.0
최소빈,S11판독,eye,EyeIrritation6pack_PID369,0.14276503862234297,0.23794163674831598,0.6190423404638525,0.275479939100306,1.4143338349739723e-07,,660.0
최소빈,S11판독,eye,MIX171,0.14276503862234297,0.23794163674831598,0.6190423404638525,0.275479939100306,1.4143338349739723e-07,,661.0
최소빈,S11판독,eye,EyeIrritation6pack_PID366,0.14269654205653154,0.23782747580529692,0.28926065155366587,0.1806373348598849,1.4143338349739723e-07,,662.0
최소빈,S11판독,eye,MIX167,0.14269654205653154,0.23782747580529692,0.28926065155366587,0.1806373348598849,1.4143338349739723e-07,,663.0
최소빈,S11판독,sens,MIX588,0.1416294072817356,0.1720487915406093,0.25970157547564016,0.236049012136226,0.0,,664.0
최소빈,S11판독,skin,EyeIrritation6pack_PID1034,0.14124453010776367,0.4219402621133252,0.2354074558906838,0.4227064370619812,1.4143338349739723e-07,,665.0
최소빈,S11판독,skin,EyeIrritation6pack_PID368,0.13979098105824464,0.11627553478789653,0.23298482699702427,0.25721856423574363,2.1215007524609585e-07,,666.0
최소빈,S11판독,skin,MIX169,0.13979098105824464,0.11627553478789653,0.23298482699702427,0.25721856423574363,2.1215007524609585e-07,,667.0
최소빈,S11판독,sens,EyeIrritation6pack_PID422,0.13887732010945564,0.3909643098863266,0.3418470553574393,0.23146220018242605,0.0,,668.0
최소빈,S11판독,eye,EyeIrritation6pack_PID71,0.13848602843647975,0.2308100473941329,0.2535822847088482,0.17389287258143757,0.0,,669.0
최소빈,S11판독,eye,MIX449,0.1384762060880362,0.2307936768133937,0.6670017594182793,0.25169178026759836,0.0,,670.0
최소빈,S11판독,skin,MIX692,0.13784735512125906,0.1245554791167046,0.2297454032909204,0.6420026548549271,2.8286676699479447e-07,,671.0
최소빈,S11판독,skin,EyeIrritation6pack_PID631,0.1375313894782045,0.45883567930557567,0.2292188881747519,0.6040177538696676,1.4143338349739723e-07,,672.0
최소빈,S11판독,eye,EyeIrritation6pack_PID746,0.13432492677989552,0.22387478367757024,0.35827721074456564,0.32644073791111067,1.4143338349739723e-07,,673.0
최소빈,S11판독,sens,MIX179,0.1341439507355729,0.21875412647576767,0.23412512573917077,0.22357315693703253,1.4143338349739723e-07,,674.0
최소빈,S11판독,skin,MIX301,0.13356502853861063,0.22596762415809019,0.22260823946430092,0.9027631359721124,2.1215007524609585e-07,,675.0
최소빈,S11판독,sens,MIX557,0.13305180829538416,0.32791617085749375,0.20721509806018895,0.22175291953671794,1.4143338349739723e-07,,676.0
최소빈,S11판독,sens,MIX166,0.13190205414147124,0.08751153303420652,0.11396352549267005,0.21983666261352977,1.4143338349739723e-07,,677.0
최소빈,S11판독,skin,EyeIrritation6pack_PID751,0.13163351206332383,0.430033375295034,0.21938899819436172,0.4812973668244231,2.8286676699479447e-07,,678.0
최소빈,S11판독,skin,EyeIrritation6pack_PID386,0.1309767569527055,0.45566180753471297,0.2182945006322535,0.25664716928099574,1.4143338349739723e-07,,679.0
최소빈,S11판독,skin,EyeIrritation6pack_PID426,0.13061209427305928,0.198369863045782,0.21768672949950982,0.581494416006196,1.4143338349739723e-07,,680.0
최소빈,S11판독,eye,EyeIrritation6pack_PID70,0.13015963975861955,0.21693273293103257,0.38820978544392704,0.13844535848655667,0.0,,681.0
최소빈,S11판독,sens,EyeIrritation6pack_PID1039,0.12929222056717835,0.5009249919932078,0.7138578046214552,0.21548703427863058,0.0,,682.0
최소빈,S11판독,sens,MIX527,0.12929222056717835,0.5009249919932078,0.7138578046214552,0.21548703427863058,0.0,,683.0
최소빈,S11판독,eye,MIX1,0.12872356952319144,0.21453918824973012,0.1052930065237218,0.4526529248632211,1.4143338349739723e-07,,684.0
최소빈,S11판독,eye,EyeIrritation6pack_PID283,0.12865774094812504,0.2144295682468751,0.13001061059946514,0.40619010782352655,0.0,,685.0
최소빈,S11판독,sens,EyeIrritation6pack_PID358,0.12808752592234302,0.21058337786839657,0.05992560316969167,0.2134791155816494,1.4143338349739723e-07,,686.0
최소빈,S11판독,skin,MIX586,0.12711071471094262,0.6188620782926137,0.21185119118490436,0.1515767878547527,0.0,,687.0
최소빈,S11판독,skin,EyeIrritation6pack_PID48,0.12688898728585846,0.14856368249695548,0.21148164547643078,0.2884450659725099,0.0,,688.0
최소빈,S11판독,skin,MIX498,0.12526526699800478,0.46490831046689546,0.20877544499667464,0.4683889216640893,0.0,,689.0
최소빈,S11판독,eye,EyeIrritation6pack_PID813,0.12497330532370879,0.20828884220618132,0.2516610546489352,0.4406797478103141,0.0,,690.0
최소빈,S11판독,eye,EyeIrritation6pack_PID677,0.1240522612508763,0.20675358017361586,0.6200245891424764,0.37914442107006024,2.8286676699479447e-07,,691.0
최소빈,S11판독,eye,EyeIrritation6pack_PID676,0.12392910243741101,0.2065483626289682,0.0589797490772653,0.32800779058931073,2.1215007524609585e-07,,692.0
최소빈,S11판독,sens,MIX25,0.12366966453982887,0.25730502661771465,0.34130996090524535,0.20611601327745913,1.4143338349739723e-07,,693.0
최소빈,S11판독,skin,MIX261,0.12362021007956878,0.2892904186440287,0.20603358917702563,0.1915026081766023,1.4143338349739723e-07,,694.0
최소빈,S11판독,skin,EyeIrritation6pack_PID870,0.12287876412662634,0.3423837710492083,0.20479784592212155,0.4644913591035968,1.4143338349739723e-07,,695.0
최소빈,S11판독,eye,EyeIrritation6pack_PID3,0.12227736418831414,0.20379551269160123,0.13637143396147813,0.460837132140855,1.4143338349739723e-07,,696.0
최소빈,S11판독,sens,EyeIrritation6pack_PID361,0.121817516969316,0.2122523331315521,0.08606775966250126,0.20302910065993768,1.4143338349739723e-07,,697.0
최소빈,S11판독,skin,MIX287,0.12156870914719692,0.4635573232006934,0.2026145152453282,0.5693567944725227,0.0,,698.0
최소빈,S11판독,eye,MIX677,0.12111705955234947,0.20186162448719897,0.3125705575454067,0.07479079374656307,2.1215007524609585e-07,,699.0
최소빈,S11판독,eye,MIX522,0.1209096963463911,0.20151606628839616,0.10572561207958969,0.11163273097271835,1.4143338349739723e-07,,700.0
최소빈,S11판독,skin,EyeIrritation6pack_PID81,0.12037521746710063,0.2778193175033801,0.20062526815624537,0.4918944151857524,1.4143338349739723e-07,,701.0
최소빈,S11판독,skin,MIX143,0.12017297305410214,0.7373948560464958,0.20028828842350357,0.13505165070657582,0.0,,702.0
최소빈,S11판독,eye,MIX294,0.11976377617180224,0.19960629361967042,0.4280308598454593,0.5156248421395876,0.0,,703.0
최소빈,S11판독,eye,EyeIrritation6pack_PID426,0.1190219744008226,0.198369863045782,0.21768672949950982,0.581494416006196,1.4143338349739723e-07,,704.0
최소빈,S11판독,skin,EyeIrritation6pack_PID149,0.11849462183482859,0.3168584596845976,0.19749094210245866,0.4004255738436013,1.4143338349739723e-07,,705.0
최소빈,S11판독,sens,MIX495,0.11793122332154761,0.2486556260143658,0.33103973717204926,0.19655194458032368,1.4143338349739723e-07,,706.0
최소빈,S11판독,skin,EyeIrritation6pack_PID867,0.1164668039389132,0.7503651290114113,0.19411124560926635,0.38863073101900875,1.4143338349739723e-07,,707.0
최소빈,S11판독,eye,EyeIrritation6pack_PID748,0.11623448112939629,0.19372399378227698,0.1273871204296338,0.3035341936361985,2.1215007524609585e-07,,708.0
최소빈,S11판독,eye,MIX415,0.11623448112939629,0.19372399378227698,0.1273871204296338,0.3035341936361985,2.1215007524609585e-07,,709.0
최소빈,S11판독,eye,MIX339,0.11559595516028164,0.09426132596679286,0.4299708676680751,0.7215307768262584,0.14759789895051478,,710.0
최소빈,S11판독,skin,EyeIrritation6pack_PID553,0.11513409879895627,0.34030962600503933,0.19189007037600478,0.18386379882928286,1.4143338349739723e-07,,711.0
최소빈,S11판독,skin,MIX275,0.11513409879895627,0.34030962600503933,0.19189007037600478,0.18386379882928286,1.4143338349739723e-07,,712.0
최소빈,S11판독,sens,EyeIrritation6pack_PID574,0.1146297692828853,0.3483678278258353,0.32410339774493085,0.19104942689363086,2.8286676699479447e-07,,713.0
최소빈,S11판독,sens,EyeIrritation6pack_PID926,0.11458218747433416,0.2847077681857963,0.37174111823205747,0.19097021816830126,1.4143338349739723e-07,,714.0
최소빈,S11판독,skin,MIX592,0.1143950748226284,0.24820860109974324,0.190658458037714,0.35950138529293,0.0,,715.0
최소빈,S11판독,eye,EyeIrritation6pack_PID44,0.1128704227710529,0.18811727699616584,0.47129623298768747,0.14014007747818938,1.4143338349739723e-07,,716.0
최소빈,S11판독,eye,MIX2,0.1128704227710529,0.18811727699616584,0.47129623298768747,0.14014007747818938,1.4143338349739723e-07,,717.0
최소빈,S11판독,eye,EyeIrritation6pack_PID783,0.11227321634304885,0.18712193294949242,0.1869089909981527,0.3921691464429563,1.4143338349739723e-07,,718.0
최소빈,S11판독,eye,MIX369,0.11227321634304885,0.18712193294949242,0.1869089909981527,0.3921691464429563,1.4143338349739723e-07,,719.0
최소빈,S11판독,skin,EyeIrritation6pack_PID347,0.11223283009017868,0.3778422687420182,0.1870546225280421,0.24729941848687237,1.4143338349739723e-07,,720.0
최소빈,S11판독,sens,MIX513,0.11193575957954126,0.6727897700500481,0.07689714937037495,0.1865595050103131,1.4143338349739723e-07,,721.0
최소빈,S11판독,sens,EyeIrritation6pack_PID132,0.11171745031516365,0.2928295392115656,0.21880200541736708,0.18619565623635043,1.4143338349739723e-07,,722.0
최소빈,S11판독,eye,MIX807,0.11051615990971558,0.18419350556060363,0.3824849363683657,0.24566881783790467,1.4143338349739723e-07,,723.0
최소빈,S11판독,sens,EyeIrritation6pack_PID553,0.11031833587092311,0.34030962600503933,0.19189007037600478,0.18386379882928286,1.4143338349739723e-07,,724.0
최소빈,S11판독,sens,MIX275,0.11031833587092311,0.34030962600503933,0.19189007037600478,0.18386379882928286,1.4143338349739723e-07,,725.0
최소빈,S11판독,eye,EyeIrritation6pack_PID920,0.1098355991498024,0.18305919048295383,0.3726480075122467,0.1865058281817697,2.1215007524609585e-07,,726.0
최소빈,S11판독,sens,MIX168,0.1092366464175429,0.12554698765938177,0.10366570143660804,0.18206098307364915,1.4143338349739723e-07,,727.0
최소빈,S11판독,sens,EyeIrritation6pack_PID366,0.10838245748928434,0.23782747580529692,0.28926065155366587,0.1806373348598849,1.4143338349739723e-07,,728.0
최소빈,S11판독,sens,MIX167,0.10838245748928434,0.23782747580529692,0.28926065155366587,0.1806373348598849,1.4143338349739723e-07,,729.0
최소빈,S11판독,skin,MIX293,0.1082179350110635,0.49048408870077537,0.18036313072951682,0.3622794795811007,1.4143338349739723e-07,,730.0
최소빈,S11판독,eye,EyeIrritation6pack_PID727,0.10809104653600327,0.18015160279328862,0.3430767271655962,0.3824798916808493,2.1215007524609585e-07,,731.0
최소빈,S11판독,eye,MIX392,0.10809104653600327,0.18015160279328862,0.3430767271655962,0.3824798916808493,2.1215007524609585e-07,,732.0
최소빈,S11판독,sens,MIX936,0.1079187532044682,0.38009988727993455,0.6611091339255496,0.17986449438519134,1.4143338349739723e-07,,733.0
최소빈,S11판독,skin,EyeIrritation6pack_PID364,0.10523623713915843,0.4634775962242743,0.17539358713188055,0.31677946979009824,2.1215007524609585e-07,,734.0
최소빈,S11판독,sens,MIX357,0.10465180019362941,0.4004399798377012,0.1350065285249222,0.17441957270046002,1.4143338349739723e-07,,735.0
최소빈,S11판독,sens,EyeIrritation6pack_PID71,0.10433572354886254,0.2308100473941329,0.2535822847088482,0.17389287258143757,0.0,,736.0
최소빈,S11판독,eye,EyeIrritation6pack_PID61,0.10343038850140462,0.17238388654675205,0.4230977348381625,0.30594588642174003,1.4143338349739723e-07,,737.0
최소빈,S11판독,eye,MIX588,0.10322927492436558,0.1720487915406093,0.25970157547564016,0.236049012136226,0.0,,738.0
최소빈,S11판독,skin,MIX420,0.09954561114393841,0.3661176533578536,0.16590916332871936,0.49755970087481505,2.8286676699479447e-07,,739.0
최소빈,S11판독,eye,MIX665,0.09939667665887415,0.1656610334758679,0.3888684840755452,0.402638549354637,1.4143338349739723e-07,,740.0
최소빈,S11판독,skin,EyeIrritation6pack_PID563,0.09743871498300918,0.06997341215089521,0.16239766972717065,0.4200964574301492,2.8286676699479447e-07,,741.0
최소빈,S11판독,sens,MIX825,0.09560785181424777,0.183874189543981,0.17454568568462894,0.15934632540149063,1.4143338349739723e-07,,742.0
최소빈,S11판독,skin,MIX85,0.09504299035093124,0.30522743395161206,0.15840488962929639,0.5462620537996351,1.4143338349739723e-07,,743.0
최소빈,S11판독,sens,MIX221,0.0940884321104521,0.05427307688574015,0.05702240262222331,0.15681395922849783,1.4143338349739723e-07,,744.0
최소빈,S11판독,skin,MIX562,0.09330820060168547,0.6526716317356973,0.1555136676694758,0.07782577929168932,0.0,,745.0
최소빈,S11판독,skin,MIX47,0.09176016592272995,0.15864457649118194,0.15293351558229426,0.5034254034604221,1.4143338349739723e-07,,746.0
최소빈,S11판독,eye,MIX663,0.09099026586849607,0.15165044311416012,0.28156833168210643,0.27986026329175434,0.0,,747.0
최소빈,S11판독,sens,MIX586,0.09094607271285161,0.6188620782926137,0.21185119118490436,0.1515767878547527,0.0,,748.0
최소빈,S11판독,sens,EyeIrritation6pack_PID480,0.09087057616961017,0.06970212095719946,0.27175031700062413,0.15145086599376129,1.4143338349739723e-07,,749.0
최소빈,S11판독,sens,MIX231,0.09087057616961017,0.06970212095719946,0.27175031700062413,0.15145086599376129,1.4143338349739723e-07,,750.0
최소빈,S11판독,sens,MIX448,0.08980284653858847,0.7666941055091158,0.4185140710594401,0.14967131660872512,1.4143338349739723e-07,,751.0
최소빈,S11판독,eye,EyeIrritation6pack_PID48,0.08913820949817329,0.14856368249695548,0.21148164547643078,0.2884450659725099,0.0,,752.0
최소빈,S11판독,eye,MIX641,0.08832702718061881,0.14721157053431452,0.5480077872198957,0.3851931128156016,2.1215007524609585e-07,,753.0
최소빈,S11판독,skin,EyeIrritation6pack_PID194,0.0875263506309473,0.3611756217965302,0.1458771567626565,0.22324194031645642,1.4143338349739723e-07,,754.0
최소빈,S11판독,eye,MIX133,0.08731284272004429,0.14552140453340714,0.48295441387382526,0.4068686873844917,0.0,,755.0
최소빈,S11판독,eye,MIX34,0.08648472704091704,0.14414121173486175,0.39480831900182906,0.10377407965016369,0.0,,756.0
최소빈,S11판독,sens,MIX35,0.08470444279456593,0.3951658612527548,0.5937537010441842,0.14117407132427656,0.0,,757.0
최소빈,S11판독,skin,EyeIrritation6pack_PID1016,0.08399015484471048,0.2632432103505605,0.1399835914078508,0.37364340923462463,0.0,,758.0
최소빈,S11판독,sens,EyeIrritation6pack_PID1001,0.0827561450330834,0.5733542770432757,0.09846972937809143,0.13792681409955,1.4143338349739723e-07,,759.0
최소빈,S11판독,skin,EyeIrritation6pack_PID3,0.08182291695024028,0.20379551269160123,0.13637143396147813,0.460837132140855,1.4143338349739723e-07,,760.0
최소빈,S11판독,eye,EyeIrritation6pack_PID380,0.08140539104736982,0.13567555745669405,0.11880806249336125,0.4125033469332178,1.4143338349739723e-07,,761.0
최소빈,S11판독,skin,MIX296,0.07983930933530418,0.039478007578230695,0.13306532698099566,0.45222337140871816,2.8286676699479447e-07,,762.0
최소빈,S11판독,skin,MIX204,0.07977808831950702,0.4648975100842539,0.13296338624358936,0.3570753348262425,1.4143338349739723e-07,,763.0
최소빈,S11판독,eye,EyeIrritation6pack_PID790,0.0784356197178978,0.130726032863163,0.4976951687267318,0.2698332688026413,0.0,,764.0
최소빈,S11판독,sens,MIX208,0.07839345317822839,0.43380330569238335,0.2890865882858306,0.13065566100812498,1.4143338349739723e-07,,765.0
최소빈,S11판독,skin,MIX250,0.07778178945700842,0.03761988176052988,0.12963612718383605,0.33835921677600167,2.8286676699479447e-07,,766.0
최소빈,S11판독,skin,EyeIrritation6pack_PID512,0.07501049666004234,0.2886395250881047,0.12501740014448157,0.06867318771637476,1.4143338349739723e-07,,767.0
최소빈,S11판독,sens,EyeIrritation6pack_PID367,0.07450108461446867,0.05972233991142422,0.22838553865597205,0.12416838006852544,1.4143338349739723e-07,,768.0
최소빈,S11판독,eye,EyeIrritation6pack_PID1033,0.07340598435233252,0.1223432129649652,0.55505332678855,0.08231698187541066,1.4143338349739723e-07,,769.0
최소빈,S11판독,sens,EyeIrritation6pack_PID568,0.07077149772852263,0.7842972115823129,0.3597759703375564,0.11795240192528206,1.4143338349739723e-07,,770.0
최소빈,S11판독,skin,MIX246,0.06999606569032507,0.2940946006294693,0.11666001519495278,0.07483808903200927,1.4143338349739723e-07,,771.0
최소빈,S11판독,eye,EyeIrritation6pack_PID368,0.06976540573276802,0.11627553478789653,0.23298482699702427,0.25721856423574363,2.1215007524609585e-07,,772.0
최소빈,S11판독,eye,MIX169,0.06976540573276802,0.11627553478789653,0.23298482699702427,0.25721856423574363,2.1215007524609585e-07,,773.0
최소빈,S11판독,skin,EyeIrritation6pack_PID661,0.0687375199408438,0.32716661173594297,0.11456253323473967,0.7704737917800323,0.0,,774.0
최소빈,S11판독,skin,MIX337,0.0687375199408438,0.32716661173594297,0.11456253323473967,0.7704737917800323,0.0,,775.0
최소빈,S11판독,sens,MIX522,0.06697969515698442,0.20151606628839616,0.10572561207958969,0.11163273097271835,1.4143338349739723e-07,,776.0
최소빈,S11판독,skin,EyeIrritation6pack_PID1018,0.06622917803094265,0.3045724801834063,0.11038186909598208,0.25648052133844307,1.4143338349739723e-07,,777.0
최소빈,S11판독,skin,MIX536,0.06622917803094265,0.3045724801834063,0.11038186909598208,0.25648052133844307,1.4143338349739723e-07,,778.0
최소빈,S11판독,eye,EyeIrritation6pack_PID570,0.06606489079779526,0.11010815132965877,0.4189002442722779,0.5555410697668673,0.0,,779.0
최소빈,S11판독,skin,MIX418,0.064954954099927,0.2959423654085102,0.10825816254428934,0.1047846896929586,1.4143338349739723e-07,,780.0
최소빈,S11판독,skin,MIX1,0.06317586048758649,0.21453918824973012,0.1052930065237218,0.4526529248632211,1.4143338349739723e-07,,781.0
최소빈,S11판독,skin,EyeIrritation6pack_PID1001,0.05908189420020825,0.5733542770432757,0.09846972937809143,0.13792681409955,1.4143338349739723e-07,,782.0
최소빈,S11판독,skin,MIX513,0.04613834619557837,0.6727897700500481,0.07689714937037495,0.1865595050103131,1.4143338349739723e-07,,783.0
최소빈,S11판독,skin,EyeIrritation6pack_PID750,0.04439319399858839,0.2979358168329387,0.07398856237539166,0.05263592564869446,1.4143338349739723e-07,,784.0
최소빈,S11판독,sens,EyeIrritation6pack_PID365,0.04403173611426619,0.3214191984609746,0.1400912842012377,0.07338613256818799,1.4143338349739723e-07,,785.0
최소빈,S11판독,eye,EyeIrritation6pack_PID59,0.043904965766977715,0.07317484865604053,0.5622610656806589,0.460885529394066,1.4143338349739723e-07,,786.0
최소빈,S11판독,skin,MIX310,0.042722674935510914,0.24345678544490856,0.0712043639369292,0.4215020068693745,1.4143338349739723e-07,,787.0
최소빈,S11판독,eye,EyeIrritation6pack_PID480,0.04182132914767307,0.06970212095719946,0.27175031700062413,0.15145086599376129,1.4143338349739723e-07,,788.0
최소빈,S11판독,eye,MIX231,0.04182132914767307,0.06970212095719946,0.27175031700062413,0.15145086599376129,1.4143338349739723e-07,,789.0
최소빈,S11판독,skin,MIX272,0.037296837463584254,0.20984981168985156,0.06216125433925693,0.46514414622599665,2.1215007524609585e-07,,790.0
최소빈,S11판독,sens,EyeIrritation6pack_PID360,0.03644748356722749,0.24604995339754568,0.22475867550659576,0.06074571165645683,1.4143338349739723e-07,,791.0
최소빈,S11판독,eye,EyeIrritation6pack_PID1027,0.03596119393161968,0.05993518178598263,0.2518143910049104,0.23440376596631224,2.1215007524609585e-07,,792.0
최소빈,S11판독,skin,MIX443,0.035345600526500646,0.5688024902176531,0.058909239921912084,0.46753571696989493,1.4143338349739723e-07,,793.0
최소빈,S11판독,skin,MIX82,0.030846731189458125,0.35875002638080716,0.051411124360174545,0.28978230079698347,1.4143338349739723e-07,,794.0
최소빈,S11판독,skin,EyeIrritation6pack_PID627,0.029231470268908998,0.5934285681998911,0.048719022825926,0.32557918348265863,1.4143338349739723e-07,,795.0
최소빈,S11판독,skin,MIX323,0.029231470268908998,0.5934285681998911,0.048719022825926,0.32557918348265863,1.4143338349739723e-07,,796.0
최소빈,S11판독,skin,EyeIrritation6pack_PID639,0.016413921339679588,0.3210568951072035,0.027356441277210316,0.444740383925636,1.4143338349739723e-07,,797.0
