Formulation_ID,Formulation_Name,Audit_Status,recommendation,priority,current_n_cas,current_n_smiles,current_n_ing,Formulation_Ingredients_CAS,Formulation_Ingredients_SMILES,Formulation_Ingredients_PubChem_CID,Audit_Issues
MIX1035,Geranium oil Moroccan,MATCH,RECOVER_CAS_HIGH_CONFIDENCE,0,0,0,0,8000-46-2,,,
MIX743,BASF MCPP-P,MATCH,RECOVER_CAS_HIGH_CONFIDENCE,0,0,1,1,1929-29-9,,,
MIX1016,Ho leaf oil,MATCH,RECOVER_CAS_HIGH_CONFIDENCE,0,0,0,0,8022-91-1,,,
MIX1017,Lemon oil distilled,MATCH,RECOVER_CAS_HIGH_CONFIDENCE,0,0,0,0,8008-56-8,,,
MIX1018,Lemon oil expressed,MATCH,RECOVER_CAS_HIGH_CONFIDENCE,0,0,0,0,8008-56-8,,,
MIX1027,Methyl ester of rosin (partially hydrogenated),MATCH,RECOVER_CAS_HIGH_CONFIDENCE,0,0,0,0,8050-15-5,,,
MIX1033,"Fir needle oil, Canadian",MATCH,RECOVER_CAS_HIGH_CONFIDENCE,0,0,0,0,8021-29-2,,,
MIX742,Apogee,MATCH,RECOVER_CAS_HIGH_CONFIDENCE,0,0,0,0,7732-18-5,,,
MIX1040,Genet absolute,MATCH,RECOVER_CAS_HIGH_CONFIDENCE,0,0,0,0,8023-80-1 | 90131-21-8,,,
MIX1062,Lavender oil,MATCH,RECOVER_CAS_HIGH_CONFIDENCE,0,0,0,0,90063-37-9,,,
MIX815,Soap 20/80 coconut oil/tallow,MATCH,RECOVER_CAS_HIGH_CONFIDENCE,0,0,0,0,67762-26-9,,,
MIX1077,Fluorinated graphite,MATCH,RECOVER_CAS_HIGH_CONFIDENCE,0,0,0,0,51311-17-2,,,
EyeIrritation6pack_PID332,DP210 Professional Insecticide,MATCH,RECOVER_CAS_HIGH_CONFIDENCE,0,0,1,1,52918-63-5,CC1([C@H]([C@H]1C(=O)O[C@H](C#N)C2=CC(=CC=C2)OC3=CC=CC=C3)C=C(Br)Br)C,40585,
EyeIrritation6pack_PID291,Cyproconazole,MATCH,RECOVER_CAS_HIGH_CONFIDENCE,0,0,1,1,94361-06-5,CC(C1CC1)C(CN2C=NC=N2)(C3=CC=C(C=C3)Cl)O,86132,
MIX886,Violet leaf absolute,MATCH,RECOVER_CAS_HIGH_CONFIDENCE,0,0,0,0,90147-36-7 | 8024-08-6,,,
MIX1059,Ale oil,MATCH,RECOVER_CAS_HIGH_CONFIDENCE,0,0,0,0,64742-54-7 | 72623-87-1 | 64742-55-8,,,
MIX1011,Tangelo oil,MATCH,RECOVER_CAS_HIGH_CONFIDENCE,0,0,0,0,8016-85-1 | 93686-22-7,,,
MIX899,Castoreum,MATCH,RECOVER_CAS_HIGH_CONFIDENCE,0,0,0,0,64-17-5,,,
EyeIrritation6pack_PID10,"2,4-DP [(2,4-Dichlorophenoxy) propionic acid]",MATCH,RECOVER_CAS_HIGH_CONFIDENCE,0,0,1,1,120-36-5,CC(C(=O)O)OC1=C(C=C(C=C1)Cl)Cl,8427,
MIX1046,Wintergreen oil,EVIDENCE_WEAK,RECOVER_CAS_REVIEW,1,0,0,0,68917-75-9,,,WORKBOOK_CAS_FOUND_OUTSIDE_SECTION_3
MIX1026,Geranium oil bourbon,EVIDENCE_WEAK,RECOVER_CAS_REVIEW,1,0,20,20,8000-46-2 | 90082-51-2 | 106-22-9 | 106-24-1 | 105-85-1 | 491-07-6 | 105-86-2 | 87-44-5 | 78-70-6 | 5392-40-5 | 99-87-6 | 1139-30-6 | 106-25-2 | 10458-14-7 | 150-84-5 | 105-87-3 | 80-56-8 | 98-55-5 | 1365-19-1 | 106-23-0 | 127-91-3 | 5989-27-5,,8842 | 637566 | 7778 | 6986 | 5282109 | 5281515 | 6549 | 638011 | 7463 | 1742210 | 643820 | 6986 | 9017 | 1549026 | 6654 | 17100 | 22310 | 7794 | 14896 | 440917,WORKBOOK_CAS_FOUND_OUTSIDE_SECTION_3
MIX1028,"Cinnamon leaf oil, Ceylon",EVIDENCE_WEAK,RECOVER_CAS_REVIEW,1,0,0,0,8015-91-6 | 84649-98-9,,,SECTION_3_NOT_FOUND
MIX1031,Eucalyptus oil,EVIDENCE_WEAK,RECOVER_CAS_REVIEW,1,0,0,0,8000-48-4,,,SECTION_3_NOT_FOUND
MIX1036,Pimenta leaf oil,EVIDENCE_WEAK,RECOVER_CAS_REVIEW,1,0,0,0,93-15-2,,,SECTION_3_NOT_FOUND
MIX1038,Armoise oil,EVIDENCE_WEAK,RECOVER_CAS_REVIEW,1,0,0,0,8008-93-3 | 18162-48-6 | 872-50-4 | 0-26-0,,,SECTION_3_NOT_FOUND
EyeIrritation6pack_PID426,Fenpropimorph,EVIDENCE_WEAK,RECOVER_CAS_REVIEW,1,0,3,3,67564-91-4 | 108-94-1 | 10-00-7 | 78-83-1 | 108-00-1,,93365 | 7967 | 6560,INVALID_WORKBOOK_CAS
MIX786,Duoquad T50,EVIDENCE_WEAK,RECOVER_CAS_REVIEW,1,0,0,0,8030-78-2,,,SECTION_3_NOT_FOUND
MIX1049,Pinus nigra oil,EVIDENCE_WEAK,RECOVER_CAS_REVIEW,1,0,0,0,8000-26-8 | 1-20-1 | 80-56-8 | 5989-54-8 | 127-91-3 | 79-92-5 | 99-87-6 | 555-10-2 | 562-74-3 | 8000-41-7 | 98-82-8 | 138-86-3,,,INVALID_WORKBOOK_CAS | SECTION_3_NOT_FOUND
MIX1061,Abies sachalinensis oil,EVIDENCE_WEAK,RECOVER_CAS_REVIEW,1,0,0,0,110-86-1,,,SECTION_3_NOT_FOUND
MIX1023,Amyris oil acetylated,EVIDENCE_WEAK,RECOVER_CAS_REVIEW,1,0,0,0,90320-49-3 | 8015-65-4 | 495-60-3 | 495-61-4 | 40716-66-3 | 7212-44-4 | 4602-84-0,,,WORKBOOK_CAS_FOUND_OUTSIDE_SECTION_3
MIX1063,Camphor oil white,EVIDENCE_WEAK,RECOVER_CAS_REVIEW,1,0,12,12,92201-50-8 | 8022-91-1 | 8008-51-3 | 470-82-6 | 5989-27-5 | 80-56-8 | 99-87-6 | 99-85-4 | 127-91-3 | 99-83-2 | 202-72-5 | 123-35-3 | 3387-41-5 | 586-62-9 | 98-55-5 | 562-74-3,,2758 | 440917 | 6654 | 7463 | 7461 | 14896 | 7460 | 31253 | 18818 | 11463 | 17100 | 11230,INVALID_WORKBOOK_CAS | WORKBOOK_CAS_FOUND_OUTSIDE_SECTION_3
MIX1069,"Jasmin absolute (Egypt), mix",EVIDENCE_WEAK,RECOVER_CAS_REVIEW,1,0,0,0,84776-64-7 | 127-51-5 | 122-40-7 | 101-85-9 | 105-13-5 | 100-51-6 | 120-51-4 | 103-41-3 | 118-58-1 | 80-54-6 | 104-55-2 | 104-54-1 | 106-26-3 | 141-27-5 | 5392-40-5 | 106-22-9 | 1117-61-9 | 141-25-3 | 6812-78-8 | 68916-43-8 | 7540-51-4 | 91-64-5 | 97-53-0 | 90028-67-4 | 90028-68-5 | 4602-84-0 | 106-24-1 | 101-86-0 | 107-75-5 | 31906-04-4 | 97-54-1 | 138-86-3 | 5989-27-5 | 5989-54-8 | 126-90-9 | 126-91-0 | 78-70-6 | 111-12-6 | 140-29-4 | 140-11-4 | 150-86-7 | 120-72-9 | 85-91-6 | 1319-77-3 | 93-58-3,,,WORKBOOK_CAS_FOUND_OUTSIDE_SECTION_3
MIX1070,Bergamot oil rectified,EVIDENCE_WEAK,RECOVER_CAS_REVIEW,1,0,0,0,89957-91-5,,,WORKBOOK_CAS_FOUND_OUTSIDE_SECTION_3
MIX1072,"Bitter fennel, mix",EVIDENCE_WEAK,RECOVER_CAS_REVIEW,1,0,6,6,84625-39-8 | 80-56-8 | 29-00-7 | 5989-27-5 | 123-35-3 | 127-91-3 | 140-67-0 | 4180-23-8,,6654 | 440917 | 31253 | 14896 | 8815 | 637563,INVALID_WORKBOOK_CAS
MIX1073,Costus oil,EVIDENCE_WEAK,RECOVER_CAS_REVIEW,1,0,0,0,8023-88-9 | 18162-48-6 | 872-50-4,,,SECTION_3_NOT_FOUND
MIX1075,Cinnamon bark oil,EVIDENCE_WEAK,RECOVER_CAS_REVIEW,1,0,0,0,84649-98-9 | 8015-91-6 | 120-51-4 | 87-44-5 | 104-55-2 | 97-53-0 | 93-28-7 | 138-86-3 | 7705-14-8 | 5989-54-8 | 5989-27-5 | 78-70-6 | 80-56-8 | 7785-70-8 | 127-91-3 | 18172-67-3 | 94-59-7,,,WORKBOOK_CAS_FOUND_OUTSIDE_SECTION_3
MIX1078,Etoxazole (S-1283),EVIDENCE_WEAK,RECOVER_CAS_REVIEW,1,0,0,0,153233-91-1,,,WORKBOOK_CAS_FOUND_OUTSIDE_SECTION_3
EyeIrritation6pack_PID343,Drexel Suffa-8,EVIDENCE_WEAK,RECOVER_CAS_REVIEW,1,0,1,2,7704-34-9,S,5362487,WORKBOOK_CAS_FOUND_OUTSIDE_SECTION_3
EyeIrritation6pack_PID310,Devrinol 2-EC Ornamental Herbicide,EVIDENCE_WEAK,RECOVER_CAS_REVIEW,1,0,1,1,15299-99-7,CCN(CC)C(=O)C(C)OC1=CC=CC2=CC=CC=C21,27189,WORKBOOK_CAS_FOUND_OUTSIDE_SECTION_3
EyeIrritation6pack_PID267,Coumaphos (#N/A),EVIDENCE_WEAK,RECOVER_CAS_REVIEW,1,0,1,1,56-72-4 | 38-00-3,,2871,INVALID_WORKBOOK_CAS
EyeIrritation6pack_PID220,Cheminova Abamectin,EVIDENCE_WEAK,RECOVER_CAS_REVIEW,1,0,0,3,71751-41-2 | 871-50-4 | 128-37-0,CC[C@H](C)[C@@H]1[C@H](C=C[C@@]2(O1)C[C@@H]3C[C@H](O2)C/C=C(/[C@H]([C@H](/C=C/C=C/4\CO[C@H]5[C@@]4([C@@H](C=C([C@H]5O)C)C(=O)O3)O)C)O[C@H]6C[C@@H]([C@H]([C@@H](O6)C)O[C@H]7C[C@@H]([C@H]([C@@H](O7)C)O)OC)OC)\C)C.C[C@H]1/C=C/C=C/2\CO[C@H]3[C@@]2([C@@H](C=C([C@H]3O)C)C(=O)O[C@H]4C[C@@H](C/C=C(/[C@H]1O[C@H]5C[C@@H]([C@H]([C@@H](O5)C)O[C@H]6C[C@@H]([C@H]([C@@H](O6)C)O)OC)OC)\C)O[C@]7(C4)C=C[C@@H]([C@H](O7)C(C)C)C)O | CC1=CC(=C(C(=C1)C(C)(C)C)O)C(C)(C)C,9920327 | 31404,INVALID_WORKBOOK_CAS
MIX1066,Bergamot oil expressed,EVIDENCE_WEAK,RECOVER_CAS_REVIEW,1,0,0,0,8007-75-8 | 89957-91-5,,,SECTION_3_NOT_FOUND
MIX1022,Patchouly oil,EVIDENCE_WEAK,RECOVER_CAS_REVIEW,1,0,0,0,8014-09-3 | 5986-55-0 | 3691-12-1 | 87-44-5,,,WORKBOOK_CAS_FOUND_OUTSIDE_SECTION_3
MIX1057,Ocotea cymbarum oil,EVIDENCE_WEAK,RECOVER_CAS_REVIEW,1,0,0,0,68917-09-9 | 18162-48-6 | 872-50-4,,,SECTION_3_NOT_FOUND
EyeIrritation6pack_PID499,GF-184,EVIDENCE_WEAK,RECOVER_CAS_REVIEW,1,0,6,6,81406-37-3 | 272-00-5 | 145701-23-1 | 230-00-7 | 64742-95-6 | 356-00-4 | 95-63-6 | 43-00-3 | 98-82-8 | 57-55-6 | 108-67-8 | 25-00-5,,54745 | 11700495 | 7247 | 7406 | 1030 | 7947,INVALID_WORKBOOK_CAS
MIX1000,Fir balsam Oregon,EVIDENCE_WEAK,RECOVER_CAS_REVIEW,1,0,0,0,8007-47-4 | 85085-34-3 | 127-91-3 | 80-56-8 | 555-10-2 | 5989-27-5 | 13466-78-9 | 79-92-5 | 123-35-3 | 475-20-7 | 586-62-9 | 98-55-5,,,WORKBOOK_CAS_FOUND_OUTSIDE_SECTION_3
MIX1003,Linaloe wood oil,EVIDENCE_WEAK,RECOVER_CAS_REVIEW,1,0,0,0,78-70-6 | 7212-44-4 | 123-35-3 | 5989-27-5 | 141-12-8 | 105-87-3,,,SECTION_3_NOT_FOUND
MIX1005,Pimenta berry oil,EVIDENCE_WEAK,RECOVER_CAS_REVIEW,1,0,0,0,93-15-2,,,SECTION_3_NOT_FOUND
EyeIrritation6pack_PID563,Jingma Glyphosate,EVIDENCE_WEAK,RECOVER_CAS_REVIEW,1,0,1,1,1071-83-6 | 315-00-8,,3496,INVALID_WORKBOOK_CAS
MIX1020,Rosemary oil,EVIDENCE_WEAK,RECOVER_CAS_REVIEW,1,0,8,8,470-82-6 | 464-49-3 | 5989-27-5 | 96-00-2 | 80-56-8 | 98-55-5 | 106-22-9 | 79-92-5 | 99-87-6 | 94-00-1,,2758 | 159055 | 440917 | 6654 | 17100 | 8842 | 6616 | 7463,INVALID_WORKBOOK_CAS
MIX111,Cheminova Abamectin,EVIDENCE_WEAK,RECOVER_SMILES_ONLY,2,1,0,3,71751-41-2 | 871-50-4 | 128-37-0,CC[C@H](C)[C@@H]1[C@H](C=C[C@@]2(O1)C[C@@H]3C[C@H](O2)C/C=C(/[C@H]([C@H](/C=C/C=C/4\CO[C@H]5[C@@]4([C@@H](C=C([C@H]5O)C)C(=O)O3)O)C)O[C@H]6C[C@@H]([C@H]([C@@H](O6)C)O[C@H]7C[C@@H]([C@H]([C@@H](O7)C)O)OC)OC)\C)C.C[C@H]1/C=C/C=C/2\CO[C@H]3[C@@]2([C@@H](C=C([C@H]3O)C)C(=O)O[C@H]4C[C@@H](C/C=C(/[C@H]1O[C@H]5C[C@@H]([C@H]([C@@H](O5)C)O[C@H]6C[C@@H]([C@H]([C@@H](O6)C)O)OC)OC)\C)O[C@]7(C4)C=C[C@@H]([C@H](O7)C(C)C)C)O | CC1=CC(=C(C(=C1)C(C)(C)C)O)C(C)(C)C,9920327 | 31404,INVALID_WORKBOOK_CAS
EyeIrritation6pack_PID553,INDOX2,MISMATCH,MANUAL_REVIEW_CONFLICTING_CAS,3,2,5,5,178928-70-6 | 98-86-2 | 42-00-1 | 104376-75-2 | 2687-94-7 | 98-00-0,,6451142 | 7410 | 3033871,INVALID_WORKBOOK_CAS | WORKBOOK_CAS_NOT_FOUND_IN_SOURCE | SECTION_3_HAS_EXTRA_SOURCE_CAS
MIX598,Pursuit/Dimethenamide,MISMATCH,MANUAL_REVIEW_CONFLICTING_CAS,3,2,2,2,2008-39-1,,,SECTION_3_HAS_EXTRA_SOURCE_CAS
MIX395,OR-X123,MISMATCH,MANUAL_REVIEW_CONFLICTING_CAS,3,3,3,5,1330-20-7 | 100-41-4 | 71-36-3 | 108-88-3,,,WORKBOOK_CAS_FOUND_OUTSIDE_SECTION_3 | SECTION_3_HAS_EXTRA_SOURCE_CAS
MIX687,Echo 825,MISMATCH,MANUAL_REVIEW_CONFLICTING_CAS,3,1,1,1,1317-65-3,,,SECTION_3_NOT_FOUND | WORKBOOK_CAS_NOT_FOUND_IN_SOURCE
EyeIrritation6pack_PID306,Densil CA,MISMATCH,MANUAL_REVIEW_CONFLICTING_CAS,3,2,3,5,112926-00-8,C1=CN(C(=O)N=C1N)[C@H]2/C(=C/F)/[C@@H]([C@H](O2)CO)O | O=[Si]=O,6435808 | 24261,SECTION_3_HAS_EXTRA_SOURCE_CAS
MIX389,NUP-06139 Herbicide,MISMATCH,MANUAL_REVIEW_CONFLICTING_CAS,3,2,2,2,20-04-0,,,INVALID_WORKBOOK_CAS | SECTION_3_NOT_FOUND | WORKBOOK_INGREDIENT_NAMES_NOT_FOUND_IN_SOURCE
EyeIrritation6pack_PID796,Quadris Top,MISMATCH,MANUAL_REVIEW_CONFLICTING_CAS,3,1,5,5,131860-33-8 | 256-00-8 | 68439-49-6 | 68425-94-5 | 67-56-1 | 2634-33-5 | 88-00-6 | 57-55-6,,3034285 | 887 | 17520 | 1030,WORKBOOK_CAS_NOT_FOUND_IN_SOURCE | SECTION_3_HAS_EXTRA_SOURCE_CAS
EyeIrritation6pack_PID29,Abamectin B1b,MISMATCH,MANUAL_REVIEW_CONFLICTING_CAS,3,1,4,4,71751-41-2 | 98-86-2 | 67-56-1,CC[C@H](C)[C@@H]1[C@H](C=C[C@@]2(O1)C[C@@H]3C[C@H](O2)C/C=C(/[C@H]([C@H](/C=C/C=C/4\CO[C@H]5[C@@]4([C@@H](C=C([C@H]5O)C)C(=O)O3)O)C)O[C@H]6C[C@@H]([C@H]([C@@H](O6)C)O[C@H]7C[C@@H]([C@H]([C@@H](O7)C)O)OC)OC)\C)C.C[C@H]1/C=C/C=C/2\CO[C@H]3[C@@]2([C@@H](C=C([C@H]3O)C)C(=O)O[C@H]4C[C@@H](C/C=C(/[C@H]1O[C@H]5C[C@@H]([C@H]([C@@H](O5)C)O[C@H]6C[C@@H]([C@H]([C@@H](O6)C)O)OC)OC)\C)O[C@]7(C4)C=C[C@@H]([C@H](O7)C(C)C)C)O | CC(=O)C1=CC=CC=C1 | CO,9920327 | 7410 | 887,SOURCE_DOWNLOAD_FAILED: 403 Client Error: Forbidden for url: https://www.adama.com/israel-mcw/sites/adama_israel_makhteshim/files/product-documents/2023-11/invert%20abamectin%2018%20sds%202017_0.pdf | SUPPLEMENTAL_ATTENTION_REQUIRED: SOURCE_SCOPE_NOT_EXACT | WORKBOOK_INGREDIENT_NOT_FOUND_IN_SOURCE | SUPPLEMENTAL_ATTENTION_REQUIRED: NO_HIGHLIGHTED_SOURCE | SOURCE_SCOPE_NOT_EXACT | WORKBOOK_INGREDIENT_NOT_FOUND_IN_SOURCE | SUPPLEMENTAL_ATTENTION_REQUIRED: SOURCE_SCOPE_NOT_EXACT | OCCURRENCE_UNRESOLVED | MANUAL_REVIEW_REQUIRED | SUPPLEMENTAL_ATTENTION_REQUIRED: SOURCE_SCOPE_NOT_EXACT | OCCURRENCE_MISMATCH | MANUAL_REVIEW_REQUIRED
MIX135,Cymoxanil,MISMATCH,MANUAL_REVIEW_CONFLICTING_CAS,3,1,1,1,57966-95-7 | 35-00-5,CCNC(=O)NC(=O)/C(=N/OC)/C#N,5364079,INVALID_WORKBOOK_CAS | SECTION_3_NOT_FOUND | WORKBOOK_CAS_NOT_FOUND_IN_SOURCE
EyeIrritation6pack_PID464,Flutriafol,MISMATCH,MANUAL_REVIEW_CONFLICTING_CAS,3,1,2,4,75-05-8 | 1-00-3,CC#N,6342,SECTION_3_NOT_FOUND | WORKBOOK_CAS_NOT_FOUND_IN_SOURCE
EyeIrritation6pack_PID28,Abamectin B1a,MISMATCH,MANUAL_REVIEW_CONFLICTING_CAS,3,1,4,4,71751-41-2 | 98-86-2 | 67-56-1,CC[C@H](C)[C@@H]1[C@H](C=C[C@@]2(O1)C[C@@H]3C[C@H](O2)C/C=C(/[C@H]([C@H](/C=C/C=C/4\CO[C@H]5[C@@]4([C@@H](C=C([C@H]5O)C)C(=O)O3)O)C)O[C@H]6C[C@@H]([C@H]([C@@H](O6)C)O[C@H]7C[C@@H]([C@H]([C@@H](O7)C)O)OC)OC)\C)C.C[C@H]1/C=C/C=C/2\CO[C@H]3[C@@]2([C@@H](C=C([C@H]3O)C)C(=O)O[C@H]4C[C@@H](C/C=C(/[C@H]1O[C@H]5C[C@@H]([C@H]([C@@H](O5)C)O[C@H]6C[C@@H]([C@H]([C@@H](O6)C)O)OC)OC)\C)O[C@]7(C4)C=C[C@@H]([C@H](O7)C(C)C)C)O | CC(=O)C1=CC=CC=C1 | CO,9920327 | 7410 | 887,SOURCE_DOWNLOAD_FAILED: 403 Client Error: Forbidden for url: https://www.adama.com/israel-mcw/sites/adama_israel_makhteshim/files/product-documents/2023-11/invert%20abamectin%2018%20sds%202017_0.pdf | SUPPLEMENTAL_ATTENTION_REQUIRED: SOURCE_SCOPE_NOT_EXACT | WORKBOOK_INGREDIENT_NOT_FOUND_IN_SOURCE | SUPPLEMENTAL_ATTENTION_REQUIRED: NO_HIGHLIGHTED_SOURCE | SOURCE_SCOPE_NOT_EXACT | WORKBOOK_INGREDIENT_NOT_FOUND_IN_SOURCE | SUPPLEMENTAL_ATTENTION_REQUIRED: SOURCE_SCOPE_NOT_EXACT | OCCURRENCE_UNRESOLVED | MANUAL_REVIEW_REQUIRED | SUPPLEMENTAL_ATTENTION_REQUIRED: SOURCE_SCOPE_NOT_EXACT | OCCURRENCE_MISMATCH | MANUAL_REVIEW_REQUIRED
MIX86,Captevate 68 WDG,MISMATCH,MANUAL_REVIEW_CONFLICTING_CAS,3,2,3,3,133-06-2 | 8061-51-6,C1C=CCC2C1C(=O)N(C2=O)SC(Cl)(Cl)Cl | CC1(CCCCC1)C(=O)NC2=C(C(=C(C=C2)O)Cl)Cl | COC1=CC=CC(=C1O)CC(CS(=O)(=O)[O-])OC2=C(C=C(C=C2)CCCS(=O)(=O)[O-])OC.[Na+].[Na+],8606 | 213031 | 44135711,SECTION_3_HAS_EXTRA_SOURCE_CAS
MIX145,Densil CA,MISMATCH,MANUAL_REVIEW_CONFLICTING_CAS,3,2,3,5,112926-00-8,C1=CN(C(=O)N=C1N)[C@H]2/C(=C/F)/[C@@H]([C@H](O2)CO)O | O=[Si]=O,6435808 | 24261,SECTION_3_HAS_EXTRA_SOURCE_CAS
EyeIrritation6pack_PID258,Consus Glyphosate,MISMATCH,MANUAL_REVIEW_CONFLICTING_CAS,3,1,1,1,1071-83-6 | 315-00-8,C(C(=O)O)NCP(=O)(O)O,3496,INVALID_WORKBOOK_CAS | SECTION_3_NOT_FOUND | WORKBOOK_CAS_NOT_FOUND_IN_SOURCE
MIX149,Devrinol 3.75 SC Selective Herbicide,MISMATCH,MANUAL_REVIEW_CONFLICTING_CAS,3,3,3,3,15299-99-7 | 107-21-1 | 27-00-1 | 68131-39-5 | 2634-33-5 | 88-00-6,,27189 | 174 | 17520,INVALID_WORKBOOK_CAS | WORKBOOK_CAS_NOT_FOUND_IN_SOURCE | SECTION_3_HAS_EXTRA_SOURCE_CAS
MIX375,Quadris Top,MISMATCH,MANUAL_REVIEW_CONFLICTING_CAS,3,2,5,5,131860-33-8 | 256-00-8 | 68439-49-6 | 68425-94-5 | 67-56-1 | 2634-33-5 | 88-00-6 | 57-55-6,,3034285 | 887 | 17520 | 1030,WORKBOOK_CAS_NOT_FOUND_IN_SOURCE | SECTION_3_HAS_EXTRA_SOURCE_CAS
EyeIrritation6pack_PID241,Clincher CA,MISMATCH,MANUAL_REVIEW_CONFLICTING_CAS,3,1,1,3,87392-12-9 | 99734-09-5 | 26264-06-2 | 64742-94-5 | 78-83-1,CCC1=CC=CC(=C1N([C@@H](C)COC)C(=O)CCl)C | CCCCCCCCCCCC.CCCCCCCCCCCC.C1=CC=C(C=C1)S(=O)(=O)[O-].C1=CC=C(C=C1)S(=O)(=O)[O-].[Ca+2] | CC(C)CO,11140605 | 156614057 | 6560,SOURCE_DOWNLOAD_FAILED: 403 Client Error: Forbidden for url: https://www.adama.com/south-africa/sites/adama_south_africa/files/downloads/clincher_s_sds_v1.0_20190315.pdf | SUPPLEMENTAL_ATTENTION_REQUIRED: SOURCE_SCOPE_NOT_EXACT | WORKBOOK_CAS_NOT_FOUND_IN_SOURCE | WORKBOOK_INGREDIENT_NOT_FOUND_IN_SOURCE | SUSPICIOUS_WORKBOOK_INGREDIENT_TEXT | SUPPLEMENTAL_ATTENTION_REQUIRED: NO_HIGHLIGHTED_SOURCE | SOURCE_SCOPE_NOT_EXACT | WORKBOOK_CAS_NOT_FOUND_IN_SOURCE | WORKBOOK_INGREDIENT_NOT_FOUND_IN_SOURCE | SUSPICIOUS_WORKBOOK_INGREDIENT_TEXT | SUPPLEMENTAL_ATTENTION_REQUIRED: SOURCE_SCOPE_NOT_EXACT | OCCURRENCE_MISMATCH | OCCURRENCE_UNRESOLVED | MANUAL_REVIEW_REQUIRED | SUPPLEMENTAL_ATTENTION_REQUIRED: SOURCE_SCOPE_NOT_EXACT | OCCURRENCE_MISMATCH | MANUAL_REVIEW_REQUIRED
MIX881,Parsley seed oil,MISMATCH,MANUAL_REVIEW_CONFLICTING_CAS,3,1,0,0,84012-33-9 | 8000-68-8,,,WORKBOOK_CAS_FOUND_OUTSIDE_SECTION_3 | SECTION_3_HAS_EXTRA_SOURCE_CAS
MIX884,Laurel leaf oil,MISMATCH,MANUAL_REVIEW_CONFLICTING_CAS,3,1,1,1,470-82-6 | 470-67-7,,,SECTION_3_HAS_EXTRA_SOURCE_CAS
EyeIrritation6pack_PID222,Chemsico Aerosol LEG,MISMATCH,MANUAL_REVIEW_CONFLICTING_CAS,3,3,3,5,67-64-1 | 106-97-8 | 1330-20-7,,,WORKBOOK_CAS_FOUND_OUTSIDE_SECTION_3 | SECTION_3_HAS_EXTRA_SOURCE_CAS
MIX569,Ridomil Gold MZ WG,MISMATCH,MANUAL_REVIEW_CONFLICTING_CAS,3,2,2,5,8018-01-7 | 76-00-1 | 70630-17-0 | 163-00-0,C(CNC(=S)[S-])NC(=S)[S-].C(CNC(=S)[S-])NC(=S)[S-].[Mn+2].[Zn+2] | CC1=C(C(=CC=C1)C)N([C@H](C)C(=O)OC)C(=O)COC,3034368 | 11150163,SOURCE_DOWNLOAD_FAILED: 403 Client Error: Forbidden for url: https://www.adama.com/israel-agan/sites/adama_israel_agan/files/product-documents/2021-11/RIDOMIL%20GOLD%20MZ%20WG.pdf | SUPPLEMENTAL_ATTENTION_REQUIRED: SOURCE_SCOPE_NOT_EXACT | WORKBOOK_INGREDIENT_NOT_FOUND_IN_SOURCE | SUSPICIOUS_WORKBOOK_INGREDIENT_TEXT | SUPPLEMENTAL_ATTENTION_REQUIRED: NO_HIGHLIGHTED_SOURCE | SOURCE_SCOPE_NOT_EXACT | WORKBOOK_INGREDIENT_NOT_FOUND_IN_SOURCE | SUSPICIOUS_WORKBOOK_INGREDIENT_TEXT | SUPPLEMENTAL_ATTENTION_REQUIRED: SOURCE_SCOPE_NOT_EXACT | OCCURRENCE_UNRESOLVED | MANUAL_REVIEW_REQUIRED | SUPPLEMENTAL_ATTENTION_REQUIRED: SOURCE_SCOPE_NOT_EXACT | OCCURRENCE_MISMATCH | OCCURRENCE_UNRESOLVED | MANUAL_REVIEW_REQUIRED | SUPPLEMENTAL_ATTENTION_REQUIRED: SOURCE_SCOPE_NOT_EXACT | OCCURRENCE_MISMATCH | MANUAL_REVIEW_REQUIRED
EyeIrritation6pack_PID960,Tempo 0.1 Granular Insecticide,MISMATCH,MANUAL_REVIEW_CONFLICTING_CAS,3,1,7,7,56-81-5 | 112926-00-8 | 1820573-27-0 | 14548-60-8 | 55965-84-9 | 2682-20-4,C(C(CO)O)O | O=[Si]=O | CC1([C@H](C1C=C(Cl)Cl)C(=O)O[C@@H](C#N)C2=CC(=C(C=C2)F)OC3=CC=CC=C3)C | C1=CC=C(C=C1)COCO | CN1C(=O)C=CS1.CN1C(=O)C=C(S1)Cl | CN1C(=O)C=CS1,753 | 24261 | 56608859 | 84520 | 41679 | 39800,SECTION_3_HAS_EXTRA_SOURCE_CAS
MIX889,"Fir needle oil, Siberian",MISMATCH,MANUAL_REVIEW_CONFLICTING_CAS,3,1,0,0,79-92-5,,,SECTION_3_HAS_EXTRA_SOURCE_CAS
EyeIrritation6pack_PID287,Cymoxanil,MISMATCH,MANUAL_REVIEW_CONFLICTING_CAS,3,1,1,1,57966-95-7 | 35-00-5,CCNC(=O)NC(=O)/C(=N/OC)/C#N,5364079,INVALID_WORKBOOK_CAS | SECTION_3_NOT_FOUND | WORKBOOK_CAS_NOT_FOUND_IN_SOURCE
EyeIrritation6pack_PID978,Three Way Peanut Seed Treatment Fungicide,MISMATCH,MANUAL_REVIEW_CONFLICTING_CAS,3,4,7,7,131860-33-8 | 131341-86-1 | 70630-17-0 | 56-81-5,CO/C=C(\C1=CC=CC=C1OC2=NC=NC(=C2)OC3=CC=CC=C3C#N)/C(=O)OC | C1=CC(=C2C(=C1)OC(O2)(F)F)C3=CNC=C3C#N | CC1=C(C(=CC=C1)C)N([C@H](C)C(=O)OC)C(=O)COC | C(C(CO)O)O,3034285 | 86398 | 11150163 | 753,SECTION_3_HAS_EXTRA_SOURCE_CAS
EyeIrritation6pack_PID982,Tide Glyphosate,MISMATCH,MANUAL_REVIEW_CONFLICTING_CAS,3,1,1,1,1071-83-6 | 315-00-8,C(C(=O)O)NCP(=O)(O)O,3496,INVALID_WORKBOOK_CAS | SECTION_3_NOT_FOUND | WORKBOOK_CAS_NOT_FOUND_IN_SOURCE
MIX464,TC 281,MISMATCH,MANUAL_REVIEW_CONFLICTING_CAS,3,1,2,2,124-68-5 | 70-00-6,,11807,SOURCE_DOWNLOAD_FAILED: 403 Client Error: Forbidden for url: https://beaufort.tricare.mil/Portals/110/documents/safety/SDS/281%20-%20Substrate%20Access%20II.pdf | SUPPLEMENTAL_ATTENTION_REQUIRED: SOURCE_SCOPE_NOT_EXACT | WORKBOOK_INGREDIENT_NOT_FOUND_IN_SOURCE | SUPPLEMENTAL_ATTENTION_REQUIRED: NO_HIGHLIGHTED_SOURCE | SOURCE_SCOPE_NOT_EXACT | WORKBOOK_INGREDIENT_NOT_FOUND_IN_SOURCE | SUPPLEMENTAL_ATTENTION_REQUIRED: SOURCE_SCOPE_NOT_EXACT | OCCURRENCE_UNRESOLVED | MANUAL_REVIEW_REQUIRED | SUPPLEMENTAL_ATTENTION_REQUIRED: SOURCE_SCOPE_NOT_EXACT | OCCURRENCE_MISMATCH | OCCURRENCE_UNRESOLVED | MANUAL_REVIEW_REQUIRED | SUPPLEMENTAL_ATTENTION_REQUIRED: SOURCE_SCOPE_NOT_EXACT | OCCURRENCE_MISMATCH | MANUAL_REVIEW_REQUIRED
MIX636,GA 6-Weed to Grass Killer Ready-to-Use,MISMATCH,MANUAL_REVIEW_CONFLICTING_CAS,3,1,1,1,85-00-7,,,SECTION_3_NOT_FOUND | WORKBOOK_CAS_NOT_FOUND_IN_SOURCE
EyeIrritation6pack_PID632,Mecoprop-P Acid,MISMATCH,MANUAL_REVIEW_CONFLICTING_CAS,3,2,2,2,93-65-2 | 49-00-2,CC1=C(C=CC(=C1)Cl)OC(C)C(=O)O,7153,INVALID_WORKBOOK_CAS | SECTION_3_NOT_FOUND | WORKBOOK_CAS_NOT_FOUND_IN_SOURCE
EyeIrritation6pack_PID684,MZ 75DF Agricultural Fungicide,MISMATCH,MANUAL_REVIEW_CONFLICTING_CAS,3,4,4,5,8018-01-7 | 156052-68-5 | 8061-52-7 | 96-45-7 | 100-97-0,C(CNC(=S)[S-])NC(=S)[S-].C(CNC(=S)[S-])NC(=S)[S-].[Mn+2].[Zn+2] | CCC(C)(C(=O)CCl)NC(=O)C1=CC(=C(C(=C1)Cl)C)Cl | C1CNC(=S)N1 | C1N2CN3CN1CN(C2)C3,3034368 | 122087 | 2723650 | 4101,WORKBOOK_CAS_FOUND_OUTSIDE_SECTION_3 | WORKBOOK_CAS_NOT_FOUND_IN_SOURCE | SECTION_3_HAS_EXTRA_SOURCE_CAS
MIX656,Sargeant's Spot-On for Cats,MISMATCH,MANUAL_REVIEW_CONFLICTING_CAS,3,3,3,3,114-26-1,,,SECTION_3_NOT_FOUND | WORKBOOK_CAS_NOT_FOUND_IN_SOURCE
EyeIrritation6pack_PID456,Flumethrin(96.2),MISMATCH,MANUAL_REVIEW_CONFLICTING_CAS,3,3,2,3,18-04-2 | 69770-45-2,CC1(C(C1C(=O)OC(C#N)C2=CC(=C(C=C2)F)OC3=CC=CC=C3)C=C(C4=CC=C(C=C4)Cl)Cl)C,91702,WORKBOOK_CAS_NOT_FOUND_IN_SOURCE
EyeIrritation6pack_PID618,Magnate,MISMATCH,MANUAL_REVIEW_CONFLICTING_CAS,3,1,1,22,35554-44-0 | 42-00-5,C=CCOC(CN1C=CN=C1)C2=C(C=C(C=C2)Cl)Cl,37175,SOURCE_DOWNLOAD_FAILED: 403 Client Error: Forbidden for url: https://www.adama.com/south-africa/sites/adama_south_africa/files/downloads/magnate500sc_tcm54-23204.pdf | SUPPLEMENTAL_ATTENTION_REQUIRED: SOURCE_SCOPE_NOT_EXACT | WORKBOOK_INGREDIENT_NOT_FOUND_IN_SOURCE | SUSPICIOUS_WORKBOOK_INGREDIENT_TEXT | SUPPLEMENTAL_ATTENTION_REQUIRED: NO_HIGHLIGHTED_SOURCE | SOURCE_SCOPE_NOT_EXACT | WORKBOOK_INGREDIENT_NOT_FOUND_IN_SOURCE | SUSPICIOUS_WORKBOOK_INGREDIENT_TEXT | SUPPLEMENTAL_ATTENTION_REQUIRED: SOURCE_SCOPE_NOT_EXACT | OCCURRENCE_MISMATCH | OCCURRENCE_UNRESOLVED | MANUAL_REVIEW_REQUIRED
EyeIrritation6pack_PID704,NUP-06139 Herbicide,MISMATCH,MANUAL_REVIEW_CONFLICTING_CAS,3,2,2,2,20-04-0,,,INVALID_WORKBOOK_CAS | SECTION_3_NOT_FOUND | WORKBOOK_INGREDIENT_NAMES_NOT_FOUND_IN_SOURCE
EyeIrritation6pack_PID196,Captevate 68 WDG,MISMATCH,MANUAL_REVIEW_CONFLICTING_CAS,3,1,3,3,133-06-2 | 8061-51-6,C1C=CCC2C1C(=O)N(C2=O)SC(Cl)(Cl)Cl | CC1(CCCCC1)C(=O)NC2=C(C(=C(C=C2)O)Cl)Cl | COC1=CC=CC(=C1O)CC(CS(=O)(=O)[O-])OC2=C(C=C(C=C2)CCCS(=O)(=O)[O-])OC.[Na+].[Na+],8606 | 213031 | 44135711,SECTION_3_HAS_EXTRA_SOURCE_CAS
MIX662,Acetochlor 3.1 + ATZ 2.5,MISMATCH,MANUAL_REVIEW_CONFLICTING_CAS,3,2,2,2,34256-82-1 | 37764-25-3,,,SECTION_3_HAS_EXTRA_SOURCE_CAS
EyeIrritation6pack_PID489,Geo Tru,MISMATCH,MANUAL_REVIEW_CONFLICTING_CAS,3,1,3,7,9003-53-6 | 109-66-0 | 78-78-4 | 287-92-3,CCCCC | CCC(C)C | C1CCCC1,8003 | 6556 | 9253,SOURCE_DOWNLOAD_FAILED: 403 Client Error: Forbidden for url: https://www.siplast.com/document-library/documents/SDS/siplast_lwic_insulperm_insulation_insulperm_geofoam_sds.pdf | SUPPLEMENTAL_ATTENTION_REQUIRED: SOURCE_SCOPE_NOT_EXACT | WORKBOOK_CAS_NOT_FOUND_IN_SOURCE | WORKBOOK_INGREDIENT_NOT_FOUND_IN_SOURCE | SUPPLEMENTAL_ATTENTION_REQUIRED: NO_HIGHLIGHTED_SOURCE | SOURCE_SCOPE_NOT_EXACT | WORKBOOK_CAS_NOT_FOUND_IN_SOURCE | WORKBOOK_INGREDIENT_NOT_FOUND_IN_SOURCE | SUPPLEMENTAL_ATTENTION_REQUIRED: SOURCE_SCOPE_NOT_EXACT | OCCURRENCE_MISMATCH | OCCURRENCE_UNRESOLVED | MANUAL_REVIEW_REQUIRED
EyeIrritation6pack_PID429,Fipronil,MISMATCH,MANUAL_REVIEW_CONFLICTING_CAS,3,1,1,1,120068-37-3 | 55-00-8,C1=C(C=C(C(=C1Cl)N2C(=C(C(=N2)C#N)S(=O)C(F)(F)F)N)Cl)C(F)(F)F,3352,INVALID_WORKBOOK_CAS | SECTION_3_NOT_FOUND | WORKBOOK_CAS_NOT_FOUND_IN_SOURCE
MIX67,Bonide Spinosad Dust,MISMATCH,MANUAL_REVIEW_CONFLICTING_CAS,3,1,1,1,131929-60-7,CC[C@H]1CCC[C@@H]([C@H](C(=O)C2=C[C@H]3[C@@H]4C[C@@H](C[C@H]4C=C[C@H]3[C@@H]2CC(=O)O1)O[C@H]5[C@@H]([C@@H]([C@H]([C@@H](O5)C)OC)OC)OC)C)O[C@H]6CC[C@@H]([C@H](O6)C)N(C)C,443059,SECTION_3_HAS_EXTRA_SOURCE_CAS
MIX783,Capric/caprylic acid,MISMATCH,MANUAL_REVIEW_CONFLICTING_CAS,3,2,2,2,68937-75-7,,,SECTION_3_HAS_EXTRA_SOURCE_CAS
EyeIrritation6pack_PID723,OR-X123,MISMATCH,MANUAL_REVIEW_CONFLICTING_CAS,3,3,3,5,1330-20-7 | 100-41-4 | 71-36-3 | 108-88-3,,,WORKBOOK_CAS_FOUND_OUTSIDE_SECTION_3 | SECTION_3_HAS_EXTRA_SOURCE_CAS
MIX1043,Pinus pumilio oil,MISMATCH,MANUAL_REVIEW_CONFLICTING_CAS,3,1,0,1,8000-26-8 | 228000-26-8 | 8006-89-1,,,SECTION_3_NOT_FOUND | WORKBOOK_CAS_NOT_FOUND_IN_SOURCE
MIX444,Silent,MISMATCH,MANUAL_REVIEW_CONFLICTING_CAS,3,1,1,1,7803-62-5,,,SECTION_3_NOT_FOUND | WORKBOOK_CAS_NOT_FOUND_IN_SOURCE
EyeIrritation6pack_PID406,Ethoprop,MISMATCH,MANUAL_REVIEW_CONFLICTING_CAS,3,1,1,3,13194-48-4 | 107-00-8,CCCSP(=O)(OCC)SCCC,3289,INVALID_WORKBOOK_CAS | SECTION_3_NOT_FOUND | WORKBOOK_CAS_NOT_FOUND_IN_SOURCE
MIX1007,Myrrh absolute,MISMATCH,MANUAL_REVIEW_CONFLICTING_CAS,3,2,0,2,8016-37-3 | 84929-26-0 | 228016-37-3,,,SECTION_3_NOT_FOUND | WORKBOOK_CAS_NOT_FOUND_IN_SOURCE
EyeIrritation6pack_PID819,Ridomil Gold MZ WG,MISMATCH,MANUAL_REVIEW_CONFLICTING_CAS,3,2,2,5,8018-01-7 | 76-00-1 | 70630-17-0 | 163-00-0,C(CNC(=S)[S-])NC(=S)[S-].C(CNC(=S)[S-])NC(=S)[S-].[Mn+2].[Zn+2] | CC1=C(C(=CC=C1)C)N([C@H](C)C(=O)OC)C(=O)COC,3034368 | 11150163,SOURCE_DOWNLOAD_FAILED: 403 Client Error: Forbidden for url: https://www.adama.com/israel-agan/sites/adama_israel_agan/files/product-documents/2021-11/RIDOMIL%20GOLD%20MZ%20WG.pdf | SUPPLEMENTAL_ATTENTION_REQUIRED: SOURCE_SCOPE_NOT_EXACT | WORKBOOK_INGREDIENT_NOT_FOUND_IN_SOURCE | SUSPICIOUS_WORKBOOK_INGREDIENT_TEXT | SUPPLEMENTAL_ATTENTION_REQUIRED: NO_HIGHLIGHTED_SOURCE | SOURCE_SCOPE_NOT_EXACT | WORKBOOK_INGREDIENT_NOT_FOUND_IN_SOURCE | SUSPICIOUS_WORKBOOK_INGREDIENT_TEXT | SUPPLEMENTAL_ATTENTION_REQUIRED: SOURCE_SCOPE_NOT_EXACT | OCCURRENCE_UNRESOLVED | MANUAL_REVIEW_REQUIRED | SUPPLEMENTAL_ATTENTION_REQUIRED: SOURCE_SCOPE_NOT_EXACT | OCCURRENCE_MISMATCH | OCCURRENCE_UNRESOLVED | MANUAL_REVIEW_REQUIRED | SUPPLEMENTAL_ATTENTION_REQUIRED: SOURCE_SCOPE_NOT_EXACT | OCCURRENCE_MISMATCH | MANUAL_REVIEW_REQUIRED
MIX806,Sulfuric acid/ Triton X-100,MISMATCH,MANUAL_REVIEW_CONFLICTING_CAS,3,2,2,2,9036-19-5,,,SOURCE_DOWNLOAD_FAILED: 429 Client Error: Too Many Requests for url: https://www.sigmaaldrich.com/US/en/sds/sial/x100?srsltid=AfmBOooZ5LS7tOQfLY8C3xLhXkELDIn4Fdj0K10dL9rrSPSwC7sxQPth | SUPPLEMENTAL_ATTENTION_REQUIRED: SOURCE_SCOPE_NOT_EXACT | WORKBOOK_CAS_NOT_FOUND_IN_SOURCE | SUSPICIOUS_WORKBOOK_INGREDIENT_TEXT | SUPPLEMENTAL_ATTENTION_REQUIRED: NO_HIGHLIGHTED_SOURCE | SOURCE_SCOPE_NOT_EXACT | WORKBOOK_CAS_NOT_FOUND_IN_SOURCE | SUSPICIOUS_WORKBOOK_INGREDIENT_TEXT | SUPPLEMENTAL_ATTENTION_REQUIRED: SOURCE_SCOPE_NOT_EXACT | OCCURRENCE_MISMATCH | MANUAL_REVIEW_REQUIRED | SUPPLEMENTAL_ATTENTION_REQUIRED: SOURCE_SCOPE_NOT_EXACT | NO_LINKED_SUPPLEMENTAL_ARTIFACTS | OCCURRENCE_MISMATCH | MANUAL_REVIEW_REQUIRED
EyeIrritation6pack_PID732,Orvego Fungicide,MISMATCH,MANUAL_REVIEW_CONFLICTING_CAS,3,1,3,9,865318-97-4 | 110488-70-5 | 100-41-4 | 116412-83-0,CCCCCCCCC1=C(N2C(=NC=N2)N=C1CC)N | COC1=C(C=C(C=C1)C(=CC(=O)N2CCOCC2)C3=CC=C(C=C3)Cl)OC | CCC1=CC=CC=C1 | COC1=C(C=C(C=C1)C(=O)C2=CC=C(C=C2)Cl)OC,15604010 | 86298 | 7500 | 798751,SECTION_3_HAS_EXTRA_SOURCE_CAS
EyeIrritation6pack_PID506,GF-3028,MISMATCH,MANUAL_REVIEW_CONFLICTING_CAS,3,1,5,5,161050-58-4 | 935545-74-7 | 187166-15-0 | 9069-80-1 | 2634-33-5 | 88-00-6 | 2682-20-4 | 326-00-9,,105010 | 53297414 | 25217966 | 17520 | 39800,INVALID_WORKBOOK_CAS | WORKBOOK_CAS_NOT_FOUND_IN_SOURCE | SECTION_3_HAS_EXTRA_SOURCE_CAS
MIX549,X-Cide 800 Biocide,MISMATCH,MANUAL_REVIEW_CONFLICTING_CAS,3,4,4,4,3-00-9 | 7722-84-1 | 2-00-6 | 64-19-7 | 94-00-8 | 79-21-0,,784 | 176 | 6585,WORKBOOK_CAS_NOT_FOUND_IN_SOURCE | SECTION_3_HAS_EXTRA_SOURCE_CAS
EyeIrritation6pack_PID519,Glyphosphate XG,MISMATCH,MANUAL_REVIEW_CONFLICTING_CAS,3,1,1,1,1071-83-6 | 315-00-8,C(C(=O)O)NCP(=O)(O)O,3496,INVALID_WORKBOOK_CAS | SECTION_3_NOT_FOUND | WORKBOOK_CAS_NOT_FOUND_IN_SOURCE
MIX454,Spirotetramet,MISMATCH,MANUAL_REVIEW_CONFLICTING_CAS,3,1,2,2,203313-25-1 | 711-00-0,CCOC(=O)OC1=C(C(=O)NC12CCC(CC2)OC)C3=C(C=CC(=C3)C)C,9969573,INVALID_WORKBOOK_CAS | SECTION_3_NOT_FOUND | WORKBOOK_CAS_NOT_FOUND_IN_SOURCE
MIX599,Rimfire Max Herbicide,MISMATCH,MANUAL_REVIEW_CONFLICTING_CAS,3,2,2,2,75-09-2,,,SECTION_3_HAS_EXTRA_SOURCE_CAS
EyeIrritation6pack_PID940,TC 281,MISMATCH,MANUAL_REVIEW_CONFLICTING_CAS,3,1,2,2,124-68-5 | 70-00-6,,11807,SOURCE_DOWNLOAD_FAILED: 403 Client Error: Forbidden for url: https://beaufort.tricare.mil/Portals/110/documents/safety/SDS/281%20-%20Substrate%20Access%20II.pdf | SUPPLEMENTAL_ATTENTION_REQUIRED: SOURCE_SCOPE_NOT_EXACT | WORKBOOK_INGREDIENT_NOT_FOUND_IN_SOURCE | SUPPLEMENTAL_ATTENTION_REQUIRED: NO_HIGHLIGHTED_SOURCE | SOURCE_SCOPE_NOT_EXACT | WORKBOOK_INGREDIENT_NOT_FOUND_IN_SOURCE | SUPPLEMENTAL_ATTENTION_REQUIRED: SOURCE_SCOPE_NOT_EXACT | OCCURRENCE_UNRESOLVED | MANUAL_REVIEW_REQUIRED | SUPPLEMENTAL_ATTENTION_REQUIRED: SOURCE_SCOPE_NOT_EXACT | OCCURRENCE_MISMATCH | OCCURRENCE_UNRESOLVED | MANUAL_REVIEW_REQUIRED | SUPPLEMENTAL_ATTENTION_REQUIRED: SOURCE_SCOPE_NOT_EXACT | OCCURRENCE_MISMATCH | MANUAL_REVIEW_REQUIRED
MIX215,Flutriafol,MISMATCH,MANUAL_REVIEW_CONFLICTING_CAS,3,1,2,2,75-05-8 | 1-00-3,CC#N,6342,SECTION_3_NOT_FOUND | WORKBOOK_CAS_NOT_FOUND_IN_SOURCE
MIX955,Clove bud oil,MISMATCH,MANUAL_REVIEW_CONFLICTING_CAS,3,2,0,2,8000-34-8,,,SECTION_3_HAS_EXTRA_SOURCE_CAS
MIX252,Glyphosphate XG,MISMATCH,MANUAL_REVIEW_CONFLICTING_CAS,3,1,1,1,1071-83-6 | 315-00-8,C(C(=O)O)NCP(=O)(O)O,3496,INVALID_WORKBOOK_CAS | SECTION_3_NOT_FOUND | WORKBOOK_CAS_NOT_FOUND_IN_SOURCE
MIX918,Cajeput oil,MISMATCH,MANUAL_REVIEW_CONFLICTING_CAS,3,1,0,0,87-44-5,,,WORKBOOK_CAS_FOUND_OUTSIDE_SECTION_3 | SECTION_3_HAS_EXTRA_SOURCE_CAS
MIX919,Carrot seed oil,MISMATCH,MANUAL_REVIEW_CONFLICTING_CAS,3,1,0,0,8015-88-1,,,SECTION_3_HAS_EXTRA_SOURCE_CAS
MIX303,Mecoprop-P Acid,MISMATCH,MANUAL_REVIEW_CONFLICTING_CAS,3,2,2,2,93-65-2 | 49-00-2,CC1=C(C=CC(=C1)Cl)OC(C)C(=O)O,7153,INVALID_WORKBOOK_CAS | SECTION_3_NOT_FOUND | WORKBOOK_CAS_NOT_FOUND_IN_SOURCE
EyeIrritation6pack_PID1060,Zampro Fungicide,MISMATCH,MANUAL_REVIEW_CONFLICTING_CAS,3,1,3,9,865318-97-4 | 110488-70-5 | 100-41-4 | 116412-83-0,CCCCCCCCC1=C(N2C(=NC=N2)N=C1CC)N | COC1=C(C=C(C=C1)C(=CC(=O)N2CCOCC2)C3=CC=C(C=C3)Cl)OC | CCC1=CC=CC=C1 | COC1=C(C=C(C=C1)C(=O)C2=CC=C(C=C2)Cl)OC,15604010 | 86298 | 7500 | 798751,SECTION_3_HAS_EXTRA_SOURCE_CAS
MIX273,GF-3028,MISMATCH,MANUAL_REVIEW_CONFLICTING_CAS,3,5,5,5,161050-58-4 | 935545-74-7 | 187166-15-0 | 9069-80-1 | 2634-33-5 | 88-00-6 | 2682-20-4 | 326-00-9,,105010 | 53297414 | 25217966 | 17520 | 39800,INVALID_WORKBOOK_CAS | WORKBOOK_CAS_NOT_FOUND_IN_SOURCE | SECTION_3_HAS_EXTRA_SOURCE_CAS
MIX318,Magnate,MISMATCH,MANUAL_REVIEW_CONFLICTING_CAS,3,1,1,22,35554-44-0 | 42-00-5,C=CCOC(CN1C=CN=C1)C2=C(C=C(C=C2)Cl)Cl,37175,SOURCE_DOWNLOAD_FAILED: 403 Client Error: Forbidden for url: https://www.adama.com/south-africa/sites/adama_south_africa/files/downloads/magnate500sc_tcm54-23204.pdf | SUPPLEMENTAL_ATTENTION_REQUIRED: SOURCE_SCOPE_NOT_EXACT | WORKBOOK_INGREDIENT_NOT_FOUND_IN_SOURCE | SUSPICIOUS_WORKBOOK_INGREDIENT_TEXT | SUPPLEMENTAL_ATTENTION_REQUIRED: NO_HIGHLIGHTED_SOURCE | SOURCE_SCOPE_NOT_EXACT | WORKBOOK_INGREDIENT_NOT_FOUND_IN_SOURCE | SUSPICIOUS_WORKBOOK_INGREDIENT_TEXT | SUPPLEMENTAL_ATTENTION_REQUIRED: SOURCE_SCOPE_NOT_EXACT | OCCURRENCE_MISMATCH | OCCURRENCE_UNRESOLVED | MANUAL_REVIEW_REQUIRED
MIX95,Chemsico Aerosol LEG,MISMATCH,MANUAL_REVIEW_CONFLICTING_CAS,3,3,3,5,67-64-1 | 106-97-8 | 1330-20-7,,,WORKBOOK_CAS_FOUND_OUTSIDE_SECTION_3 | SECTION_3_HAS_EXTRA_SOURCE_CAS
MIX993,Galbanum resin,MISMATCH,MANUAL_REVIEW_CONFLICTING_CAS,3,1,0,1,8023-91-4,,,WORKBOOK_CAS_FOUND_OUTSIDE_SECTION_3 | SECTION_3_HAS_EXTRA_SOURCE_CAS
MIX942,Myrtle oil,MISMATCH,MANUAL_REVIEW_CONFLICTING_CAS,3,1,0,0,5989-27-5,,,SECTION_3_HAS_EXTRA_SOURCE_CAS
MIX995,"Mandarin oil, expressed",MISMATCH,MANUAL_REVIEW_CONFLICTING_CAS,3,1,0,1,8008-31-9,,,SECTION_3_HAS_EXTRA_SOURCE_CAS
MIX244,Gharda Fipronil,MISMATCH,MANUAL_REVIEW_CONFLICTING_CAS,3,1,1,1,120068-37-3 | 55-00-8,C1=C(C=C(C(=C1Cl)N2C(=C(C(=N2)C#N)S(=O)C(F)(F)F)N)Cl)C(F)(F)F,3352,INVALID_WORKBOOK_CAS | SECTION_3_NOT_FOUND | WORKBOOK_CAS_NOT_FOUND_IN_SOURCE
MIX218,Fluazinam,MISMATCH,MANUAL_REVIEW_CONFLICTING_CAS,3,1,1,1,287-00-5 | 79622-59-6,,91731,SOURCE_DOWNLOAD_FAILED: 403 Client Error: Forbidden for url: https://www.tcichemicals.com/BE/en/sds/F0869_EU_6N.pdf | SUPPLEMENTAL_ATTENTION_REQUIRED: SOURCE_SCOPE_NOT_EXACT | WORKBOOK_CAS_NOT_FOUND_IN_SOURCE | SUPPLEMENTAL_ATTENTION_REQUIRED: NO_HIGHLIGHTED_SOURCE | SOURCE_SCOPE_NOT_EXACT | WORKBOOK_CAS_NOT_FOUND_IN_SOURCE | SUPPLEMENTAL_ATTENTION_REQUIRED: SOURCE_SCOPE_NOT_EXACT | OCCURRENCE_UNRESOLVED | MANUAL_REVIEW_REQUIRED | SUPPLEMENTAL_ATTENTION_REQUIRED: SOURCE_SCOPE_NOT_EXACT | OCCURRENCE_MISMATCH | MANUAL_REVIEW_REQUIRED
MIX243,Geo Tru,MISMATCH,MANUAL_REVIEW_CONFLICTING_CAS,3,1,3,7,9003-53-6 | 109-66-0 | 78-78-4 | 287-92-3,CCCCC | CCC(C)C | C1CCCC1,8003 | 6556 | 9253,SOURCE_DOWNLOAD_FAILED: 403 Client Error: Forbidden for url: https://www.siplast.com/document-library/documents/SDS/siplast_lwic_insulperm_insulation_insulperm_geofoam_sds.pdf | SUPPLEMENTAL_ATTENTION_REQUIRED: SOURCE_SCOPE_NOT_EXACT | WORKBOOK_CAS_NOT_FOUND_IN_SOURCE | WORKBOOK_INGREDIENT_NOT_FOUND_IN_SOURCE | SUPPLEMENTAL_ATTENTION_REQUIRED: NO_HIGHLIGHTED_SOURCE | SOURCE_SCOPE_NOT_EXACT | WORKBOOK_CAS_NOT_FOUND_IN_SOURCE | WORKBOOK_INGREDIENT_NOT_FOUND_IN_SOURCE | SUPPLEMENTAL_ATTENTION_REQUIRED: SOURCE_SCOPE_NOT_EXACT | OCCURRENCE_MISMATCH | OCCURRENCE_UNRESOLVED | MANUAL_REVIEW_REQUIRED
MIX910,Fennel oil,MISMATCH,MANUAL_REVIEW_CONFLICTING_CAS,3,2,0,2,84455-29-8,,,SECTION_3_HAS_EXTRA_SOURCE_CAS
MIX217,Folicur 1. 2 emulsifiable concentrate(16.6),MISMATCH,MANUAL_REVIEW_CONFLICTING_CAS,3,4,1,5,107534-96-3 | 68425-94-5 | 2634-33-5 | 56-81-5 | 9003-11-6,CC(C)(C)C(CCC1=CC=C(C=C1)Cl)(CN2C=NC=N2)O | C1=CC=C2C(=C1)C(=O)NS2 | C(C(CO)O)O,86102 | 17520 | 753,SOURCE_DOWNLOAD_FAILED: 403 Client Error: Forbidden for url: https://www.cropscience.bayer.co.nz/-/media/bcs-inter/ws_newzealand/use-our-products/product-import-files/fungicides/folicur-sc/folicur-sc-sds.pdf | SUPPLEMENTAL_ATTENTION_REQUIRED: SOURCE_SCOPE_NOT_EXACT | WORKBOOK_CAS_NOT_FOUND_IN_SOURCE | WORKBOOK_INGREDIENT_NOT_FOUND_IN_SOURCE | SUPPLEMENTAL_ATTENTION_REQUIRED: NO_HIGHLIGHTED_SOURCE | SOURCE_SCOPE_NOT_EXACT | WORKBOOK_CAS_NOT_FOUND_IN_SOURCE | WORKBOOK_INGREDIENT_NOT_FOUND_IN_SOURCE | SUPPLEMENTAL_ATTENTION_REQUIRED: SOURCE_SCOPE_NOT_EXACT | OCCURRENCE_MISMATCH | OCCURRENCE_UNRESOLVED | MANUAL_REVIEW_REQUIRED | SUPPLEMENTAL_ATTENTION_REQUIRED: SOURCE_SCOPE_NOT_EXACT | OCCURRENCE_MISMATCH | MANUAL_REVIEW_REQUIRED
MIX971,Coriander oil,MISMATCH,MANUAL_REVIEW_CONFLICTING_CAS,3,1,0,0,78-70-6 | 80-56-8,,,SECTION_3_HAS_EXTRA_SOURCE_CAS
EyeIrritation6pack_PID1051,X-Cide 800 Biocide,MISMATCH,MANUAL_REVIEW_CONFLICTING_CAS,3,1,4,4,3-00-9 | 7722-84-1 | 2-00-6 | 64-19-7 | 94-00-8 | 79-21-0,,784 | 176 | 6585,WORKBOOK_CAS_NOT_FOUND_IN_SOURCE | SECTION_3_HAS_EXTRA_SOURCE_CAS
MIX254,GF-1629 SC,MISMATCH,MANUAL_REVIEW_CONFLICTING_CAS,3,4,5,5,935545-74-7 | 187166-40-1 | 187166-15-0 | 131929-63-0 | 209-00-0 | 9069-80-1 | 2634-33-5 | 88-00-6,,53297414 | 24795086 | 25217966 | 183094 | 17520,INVALID_WORKBOOK_CAS | WORKBOOK_CAS_NOT_FOUND_IN_SOURCE | SECTION_3_HAS_EXTRA_SOURCE_CAS
EyeIrritation6pack_PID128,BASF MCPP-P,MISMATCH,MANUAL_REVIEW_CONFLICTING_CAS,3,1,8,8,40487-42-1 | 137641-05-5 | 68425-94-5 | 2634-33-5 | 88-00-6 | 52-51-7 | 85-00-8 | 55965-84-9 | 167-00-5 | 112926-00-8 | 57-55-6,,38479 | 3294375 | 17520 | 2450 | 41679 | 24261 | 1030,INVALID_WORKBOOK_CAS | WORKBOOK_CAS_NOT_FOUND_IN_SOURCE | SECTION_3_HAS_EXTRA_SOURCE_CAS
EyeIrritation6pack_PID117,BAS 500 F Crystalline,MISMATCH,MANUAL_REVIEW_CONFLICTING_CAS,3,1,1,9,14807-96-6 | 1330-20-7 | 25068-38-6 | 67924-34-9 | 100-41-4 | 117-81-7 | 13463-67-7 | 14808-60-7,[OH-].[OH-].[O-][Si]12O[Si]3(O[Si](O1)(O[Si](O2)(O3)[O-])[O-])[O-].[Mg+2].[Mg+2].[Mg+2] | CCC1=CC=CC=C1 | CCCCC(CC)COC(=O)C1=CC=CC=C1C(=O)OCC(CC)CCCC | O=[Ti]=O | O=[Si]=O,165411828 | 7500 | 8343 | 26042 | 24261,SOURCE_DOWNLOAD_FAILED: 403 Client Error: Forbidden for url: https://msdsdigital.com/system/files/SIGMACOVER%20435%20US%20BAS%20GREEN%20944105.pdf | SUPPLEMENTAL_ATTENTION_REQUIRED: SOURCE_SCOPE_NOT_EXACT | WORKBOOK_CAS_NOT_FOUND_IN_SOURCE | WORKBOOK_INGREDIENT_NOT_FOUND_IN_SOURCE | SUPPLEMENTAL_ATTENTION_REQUIRED: NO_HIGHLIGHTED_SOURCE | SOURCE_SCOPE_NOT_EXACT | WORKBOOK_CAS_NOT_FOUND_IN_SOURCE | WORKBOOK_INGREDIENT_NOT_FOUND_IN_SOURCE | SUPPLEMENTAL_ATTENTION_REQUIRED: SOURCE_SCOPE_NOT_EXACT | OCCURRENCE_MISMATCH | MANUAL_REVIEW_REQUIRED | SUPPLEMENTAL_ATTENTION_REQUIRED: SOURCE_SCOPE_NOT_EXACT | NO_LINKED_SUPPLEMENTAL_ARTIFACTS | OCCURRENCE_MISMATCH | MANUAL_REVIEW_REQUIRED
MIX255,GF-1640 WG-NC,MISMATCH,MANUAL_REVIEW_CONFLICTING_CAS,3,6,0,15,95-63-6 | 52-51-7 | 123-91-1 | 24-09-4 | 68140-11-4 | 107-98-2 | 61789-40-0 | 38193-60-1 | 112-42-5 | 1113-55-9 | 107-41-5 | 26100-47-0 | 107-89-1 | 1186-52-3 | 107-02-8,CC1=CC(=C(C=C1)C)C | C(C(CO)([N+](=O)[O-])Br)O | C1COCCO1 | CC(COC)O | CCCCCCCCCCCO | C(#N)C(C(=O)N)Br | CC(CC(C)(C)O)O | CC(CC=O)O | [2H]C([2H])([2H])C(=O)O[2H] | C=CC=O,7247 | 2450 | 31275 | 7900 | 8184 | 263631 | 7870 | 7897 | 2723903 | 7847,INVALID_WORKBOOK_CAS | WORKBOOK_CAS_FOUND_OUTSIDE_SECTION_3 | SECTION_3_HAS_EXTRA_SOURCE_CAS
MIX275,INDOX2,MISMATCH,MANUAL_REVIEW_CONFLICTING_CAS,3,2,5,5,178928-70-6 | 98-86-2 | 42-00-1 | 104376-75-2 | 2687-94-7 | 98-00-0,,6451142 | 7410 | 3033871,INVALID_WORKBOOK_CAS | WORKBOOK_CAS_NOT_FOUND_IN_SOURCE | SECTION_3_HAS_EXTRA_SOURCE_CAS
MIX848,Magnate 75 SG (74.25%),MISMATCH,RECOVER_CAS_LOW_CONFIDENCE,4,0,0,0,57-50-1 | 8018-01-7,,,SECTION_3_HAS_EXTRA_SOURCE_CAS
EyeIrritation6pack_PID498,GF-1640 WG-NC,MISMATCH,RECOVER_CAS_LOW_CONFIDENCE,4,0,0,15,95-63-6 | 52-51-7 | 123-91-1 | 24-09-4 | 68140-11-4 | 107-98-2 | 61789-40-0 | 38193-60-1 | 112-42-5 | 1113-55-9 | 107-41-5 | 26100-47-0 | 107-89-1 | 1186-52-3 | 107-02-8,CC1=CC(=C(C=C1)C)C | C(C(CO)([N+](=O)[O-])Br)O | C1COCCO1 | CC(COC)O | CCCCCCCCCCCO | C(#N)C(C(=O)N)Br | CC(CC(C)(C)O)O | CC(CC=O)O | [2H]C([2H])([2H])C(=O)O[2H] | C=CC=O,7247 | 2450 | 31275 | 7900 | 8184 | 263631 | 7870 | 7897 | 2723903 | 7847,INVALID_WORKBOOK_CAS | WORKBOOK_CAS_FOUND_OUTSIDE_SECTION_3 | SECTION_3_HAS_EXTRA_SOURCE_CAS
EyeIrritation6pack_PID497,GF-1629 SC,MISMATCH,RECOVER_CAS_LOW_CONFIDENCE,4,0,5,5,935545-74-7 | 187166-40-1 | 187166-15-0 | 131929-63-0 | 209-00-0 | 9069-80-1 | 2634-33-5 | 88-00-6,,53297414 | 24795086 | 25217966 | 183094 | 17520,INVALID_WORKBOOK_CAS | WORKBOOK_CAS_NOT_FOUND_IN_SOURCE | SECTION_3_HAS_EXTRA_SOURCE_CAS
MIX1009,Mace oil,MISMATCH,RECOVER_CAS_LOW_CONFIDENCE,4,0,0,0,8007-12-3 | 977051-14-1,,,INVALID_WORKBOOK_CAS | SECTION_3_NOT_FOUND | WORKBOOK_CAS_NOT_FOUND_IN_SOURCE
MIX841,Benefin(98.2%),MISMATCH,RECOVER_CAS_LOW_CONFIDENCE,4,0,0,0,9000-05-9,,,SECTION_3_HAS_EXTRA_SOURCE_CAS
MIX545,V-10116 3.7 FS,MISMATCH,RECOVER_CAS_LOW_CONFIDENCE,4,0,2,2,125116-23-6 | 56-81-5,CC1(CCC(C1(CN2C=NC=N2)O)CC3=CC=C(C=C3)Cl)C | C(C(CO)O)O,86210 | 753,SOURCE_DOWNLOAD_FAILED: 403 Client Error: Forbidden for url: https://msdsdigital.com/system/files/0372Rev3%20METLOCK%20MSDS.pdf | SUPPLEMENTAL_ATTENTION_REQUIRED: SOURCE_SCOPE_NOT_EXACT | WORKBOOK_INGREDIENT_NOT_FOUND_IN_SOURCE | SUPPLEMENTAL_ATTENTION_REQUIRED: NO_HIGHLIGHTED_SOURCE | SOURCE_SCOPE_NOT_EXACT | WORKBOOK_INGREDIENT_NOT_FOUND_IN_SOURCE | SUPPLEMENTAL_ATTENTION_REQUIRED: SOURCE_SCOPE_NOT_EXACT | OCCURRENCE_UNRESOLVED | MANUAL_REVIEW_REQUIRED | SUPPLEMENTAL_ATTENTION_REQUIRED: SOURCE_SCOPE_NOT_EXACT | OCCURRENCE_MISMATCH | MANUAL_REVIEW_REQUIRED
MIX1002,Cedarwood oil Atlas,MISMATCH,RECOVER_CAS_LOW_CONFIDENCE,4,0,0,5,8023-85-6 | 92201-55-3 | 469-61-4 | 17627-44-0 | 475-20-7 | 31906-04-4 | 101-85-9 | 122-40-7 | 101-86-0 | 127-51-5 | 105-13-5 | 100-51-6 | 120-51-4 | 103-41-3 | 118-58-1 | 104-55-2 | 104-54-1 | 5392-40-5 | 91-64-5 | 106-22-9 | 5989-27-5 | 97-53-0 | 4602-84-0 | 106-24-1 | 107-75-5 | 97-54-1 | 78-70-6 | 111-12-6 | 9000-50-4 | 80-54-6 | 68648-41-9,,,SECTION_3_NOT_FOUND | WORKBOOK_CAS_NOT_FOUND_IN_SOURCE
MIX1010,Bitter orange oil,MISMATCH,RECOVER_CAS_LOW_CONFIDENCE,4,0,1,1,68916-04-1 | 5989-27-5,,440917,SOURCE_DOWNLOAD_FAILED: 403 Client Error: Forbidden for url: https://www.soapgoods.com/documents/sds/Orange-Bitter.pdf?srsltid=AfmBOopAxTjFQU3H-c6L6ZS_D41VJ6AU_3CJL8HedD8A3BoYzmg0WI4C | SUPPLEMENTAL_ATTENTION_REQUIRED: SOURCE_SCOPE_NOT_EXACT | WORKBOOK_CAS_NOT_FOUND_IN_SOURCE | SUPPLEMENTAL_ATTENTION_REQUIRED: NO_HIGHLIGHTED_SOURCE | SOURCE_SCOPE_NOT_EXACT | WORKBOOK_CAS_NOT_FOUND_IN_SOURCE | SUPPLEMENTAL_ATTENTION_REQUIRED: SOURCE_SCOPE_NOT_EXACT | OCCURRENCE_UNRESOLVED | MANUAL_REVIEW_REQUIRED | SUPPLEMENTAL_ATTENTION_REQUIRED: SOURCE_SCOPE_NOT_EXACT | OCCURRENCE_MISMATCH | OCCURRENCE_UNRESOLVED | MANUAL_REVIEW_REQUIRED | SUPPLEMENTAL_ATTENTION_REQUIRED: SOURCE_SCOPE_NOT_EXACT | OCCURRENCE_MISMATCH | MANUAL_REVIEW_REQUIRED
MIX1024,Bay oil,MISMATCH,RECOVER_CAS_LOW_CONFIDENCE,4,0,0,0,8007-48-5,,,SECTION_3_NOT_FOUND | WORKBOOK_CAS_NOT_FOUND_IN_SOURCE
MIX816,Soap from 20/80 coconut oil/tallow,MISMATCH,RECOVER_CAS_LOW_CONFIDENCE,4,0,0,0,9004-82-4,,,SECTION_3_HAS_EXTRA_SOURCE_CAS
EyeIrritation6pack_PID313,Devrinol 3.75 SC Selective Herbicide,MISMATCH,RECOVER_CAS_LOW_CONFIDENCE,4,0,3,3,15299-99-7 | 107-21-1 | 27-00-1 | 68131-39-5 | 2634-33-5 | 88-00-6,,27189 | 174 | 17520,INVALID_WORKBOOK_CAS | WORKBOOK_CAS_NOT_FOUND_IN_SOURCE | SECTION_3_HAS_EXTRA_SOURCE_CAS
EyeIrritation6pack_PID467,Folicur 1. 2 emulsifiable concentrate(16.6),MISMATCH,RECOVER_CAS_LOW_CONFIDENCE,4,0,1,5,107534-96-3 | 68425-94-5 | 2634-33-5 | 56-81-5 | 9003-11-6,CC(C)(C)C(CCC1=CC=C(C=C1)Cl)(CN2C=NC=N2)O | C1=CC=C2C(=C1)C(=O)NS2 | C(C(CO)O)O,86102 | 17520 | 753,SOURCE_DOWNLOAD_FAILED: 403 Client Error: Forbidden for url: https://www.cropscience.bayer.co.nz/-/media/bcs-inter/ws_newzealand/use-our-products/product-import-files/fungicides/folicur-sc/folicur-sc-sds.pdf | SUPPLEMENTAL_ATTENTION_REQUIRED: SOURCE_SCOPE_NOT_EXACT | WORKBOOK_CAS_NOT_FOUND_IN_SOURCE | WORKBOOK_INGREDIENT_NOT_FOUND_IN_SOURCE | SUPPLEMENTAL_ATTENTION_REQUIRED: NO_HIGHLIGHTED_SOURCE | SOURCE_SCOPE_NOT_EXACT | WORKBOOK_CAS_NOT_FOUND_IN_SOURCE | WORKBOOK_INGREDIENT_NOT_FOUND_IN_SOURCE | SUPPLEMENTAL_ATTENTION_REQUIRED: SOURCE_SCOPE_NOT_EXACT | OCCURRENCE_MISMATCH | OCCURRENCE_UNRESOLVED | MANUAL_REVIEW_REQUIRED | SUPPLEMENTAL_ATTENTION_REQUIRED: SOURCE_SCOPE_NOT_EXACT | OCCURRENCE_MISMATCH | MANUAL_REVIEW_REQUIRED
MIX1014,Grapefruit oil expressed,MISMATCH,RECOVER_CAS_LOW_CONFIDENCE,4,0,0,0,8016-20-4,,,SOURCE_DOWNLOAD_FAILED: 403 Client Error: Forbidden for url: https://www.absolute-aromas.com/ABS1/ABS1-SHOP/pdf/MSDS%202014/Organic%20MSDS/Organic%20Grapefruit%20MSDS%20OR008.pdf?srsltid=AfmBOoodLeHClgwi00gQJVh0-RodtifjwVH4poEeGAEvFPerkj1yvVGz | SUPPLEMENTAL_ATTENTION_REQUIRED: SOURCE_SCOPE_NOT_EXACT | SUSPICIOUS_WORKBOOK_INGREDIENT_TEXT | SUPPLEMENTAL_ATTENTION_REQUIRED: NO_HIGHLIGHTED_SOURCE | SOURCE_SCOPE_NOT_EXACT | SUSPICIOUS_WORKBOOK_INGREDIENT_TEXT | SUPPLEMENTAL_ATTENTION_REQUIRED: SOURCE_SCOPE_NOT_EXACT | OCCURRENCE_UNRESOLVED | MANUAL_REVIEW_REQUIRED | SUPPLEMENTAL_ATTENTION_REQUIRED: SOURCE_SCOPE_NOT_EXACT | OCCURRENCE_MISMATCH | MANUAL_REVIEW_REQUIRED
MIX1047,Hibawood oil,MISMATCH,RECOVER_CAS_LOW_CONFIDENCE,4,0,9,9,470-40-6 | 562-74-3 | 5046-93-5 | 4895-23-2 | 16982-00-6 | 77-53-2 | 6892-80-4 | 499-44-5 | 514-10-3 | 4570-11-0,,442402 | 11230 | 5316206 | 86895 | 65575 | 94334 | 3611 | 10569 | 188981,SOURCE_DOWNLOAD_FAILED: 403 Client Error: Forbidden for url: https://www.soapgoods.com/documents/sds/Hiba.pdf?srsltid=AfmBOorknCt5x-KrLh5pAFtuAaI8AjNH4eASUJqb91ztWGquTViL7P-F | SUPPLEMENTAL_ATTENTION_REQUIRED: SOURCE_SCOPE_NOT_EXACT | WORKBOOK_CAS_NOT_FOUND_IN_SOURCE | WORKBOOK_INGREDIENT_NOT_FOUND_IN_SOURCE | SUPPLEMENTAL_ATTENTION_REQUIRED: NO_HIGHLIGHTED_SOURCE | SOURCE_SCOPE_NOT_EXACT | WORKBOOK_CAS_NOT_FOUND_IN_SOURCE | WORKBOOK_INGREDIENT_NOT_FOUND_IN_SOURCE | SUPPLEMENTAL_ATTENTION_REQUIRED: SOURCE_SCOPE_NOT_EXACT | OCCURRENCE_MISMATCH | OCCURRENCE_UNRESOLVED | MANUAL_REVIEW_REQUIRED | SUPPLEMENTAL_ATTENTION_REQUIRED: SOURCE_SCOPE_NOT_EXACT | OCCURRENCE_MISMATCH | MANUAL_REVIEW_REQUIRED
MIX84,Captan 80 WDG,MISMATCH,RECOVER_CAS_LOW_CONFIDENCE,4,0,5,5,133-06-2 | 44-00-6 | 68425-94-5 | 102980-04-1 | 371-47-1 | 14808-60-7 | 108-95-2 | 1-00-2 | 108-88-3 | 21-00-3,,8606 | 6364608 | 24261 | 996 | 1140,SOURCE_DOWNLOAD_FAILED: 403 Client Error: Forbidden for url: https://www.adama.com/uk/sites/adama_uk/files/product-documents/2025-03/captan80wdg-safety-data-sheet.pdf | SUPPLEMENTAL_ATTENTION_REQUIRED: SOURCE_SCOPE_NOT_EXACT | WORKBOOK_CAS_NOT_FOUND_IN_SOURCE | WORKBOOK_INGREDIENT_NOT_FOUND_IN_SOURCE | SUPPLEMENTAL_ATTENTION_REQUIRED: NO_HIGHLIGHTED_SOURCE | SOURCE_SCOPE_NOT_EXACT | WORKBOOK_CAS_NOT_FOUND_IN_SOURCE | WORKBOOK_INGREDIENT_NOT_FOUND_IN_SOURCE | SUPPLEMENTAL_ATTENTION_REQUIRED: SOURCE_SCOPE_NOT_EXACT | OCCURRENCE_MISMATCH | OCCURRENCE_UNRESOLVED | MANUAL_REVIEW_REQUIRED | SUPPLEMENTAL_ATTENTION_REQUIRED: SOURCE_SCOPE_NOT_EXACT | OCCURRENCE_MISMATCH | MANUAL_REVIEW_REQUIRED
MIX1019,Mentha citrata oil,MISMATCH,RECOVER_CAS_LOW_CONFIDENCE,4,0,0,0,57-27-2,,,SECTION_3_NOT_FOUND | WORKBOOK_CAS_NOT_FOUND_IN_SOURCE
EyeIrritation6pack_PID1024,V-10116 3.7 FS,MISMATCH,RECOVER_CAS_LOW_CONFIDENCE,4,0,2,2,125116-23-6 | 56-81-5,CC1(CCC(C1(CN2C=NC=N2)O)CC3=CC=C(C=C3)Cl)C | C(C(CO)O)O,86210 | 753,SOURCE_DOWNLOAD_FAILED: 403 Client Error: Forbidden for url: https://msdsdigital.com/system/files/0372Rev3%20METLOCK%20MSDS.pdf | SUPPLEMENTAL_ATTENTION_REQUIRED: SOURCE_SCOPE_NOT_EXACT | WORKBOOK_INGREDIENT_NOT_FOUND_IN_SOURCE | SUPPLEMENTAL_ATTENTION_REQUIRED: NO_HIGHLIGHTED_SOURCE | SOURCE_SCOPE_NOT_EXACT | WORKBOOK_INGREDIENT_NOT_FOUND_IN_SOURCE | SUPPLEMENTAL_ATTENTION_REQUIRED: SOURCE_SCOPE_NOT_EXACT | OCCURRENCE_UNRESOLVED | MANUAL_REVIEW_REQUIRED | SUPPLEMENTAL_ATTENTION_REQUIRED: SOURCE_SCOPE_NOT_EXACT | OCCURRENCE_MISMATCH | MANUAL_REVIEW_REQUIRED
EyeIrritation6pack_PID195,Captan 80 WDG,MISMATCH,RECOVER_CAS_LOW_CONFIDENCE,4,0,5,5,133-06-2 | 44-00-6 | 68425-94-5 | 102980-04-1 | 371-47-1 | 14808-60-7 | 108-95-2 | 1-00-2 | 108-88-3 | 21-00-3,,8606 | 6364608 | 24261 | 996 | 1140,SOURCE_DOWNLOAD_FAILED: 403 Client Error: Forbidden for url: https://www.adama.com/uk/sites/adama_uk/files/product-documents/2025-03/captan80wdg-safety-data-sheet.pdf | SUPPLEMENTAL_ATTENTION_REQUIRED: SOURCE_SCOPE_NOT_EXACT | WORKBOOK_CAS_NOT_FOUND_IN_SOURCE | WORKBOOK_INGREDIENT_NOT_FOUND_IN_SOURCE | SUPPLEMENTAL_ATTENTION_REQUIRED: NO_HIGHLIGHTED_SOURCE | SOURCE_SCOPE_NOT_EXACT | WORKBOOK_CAS_NOT_FOUND_IN_SOURCE | WORKBOOK_INGREDIENT_NOT_FOUND_IN_SOURCE | SUPPLEMENTAL_ATTENTION_REQUIRED: SOURCE_SCOPE_NOT_EXACT | OCCURRENCE_MISMATCH | OCCURRENCE_UNRESOLVED | MANUAL_REVIEW_REQUIRED | SUPPLEMENTAL_ATTENTION_REQUIRED: SOURCE_SCOPE_NOT_EXACT | OCCURRENCE_MISMATCH | MANUAL_REVIEW_REQUIRED
MIX758,EX2108,MISMATCH,RECOVER_CAS_LOW_CONFIDENCE,4,0,0,0,26628-22-8,,,"SOURCE_DOWNLOAD_FAILED: HTTPSConnectionPool(host='resources.rndsystems.com', port=443): Max retries exceeded with url: /pdfs/msds/fab2108g.pdf (Caused by ReadTimeoutError(""HTTPSConnectionPool(host='resources.rndsystems.com', port=443): Read timed out. (read timeout=45)"")) | SUPPLEMENTAL_ATTENTION_REQUIRED: SOURCE_SCOPE_NOT_EXACT | WORKBOOK_INGREDIENT_NOT_FOUND_IN_SOURCE | SUSPICIOUS_WORKBOOK_INGREDIENT_TEXT | SUPPLEMENTAL_ATTENTION_REQUIRED: NO_HIGHLIGHTED_SOURCE | SOURCE_SCOPE_NOT_EXACT | WORKBOOK_INGREDIENT_NOT_FOUND_IN_SOURCE | SUSPICIOUS_WORKBOOK_INGREDIENT_TEXT | SUPPLEMENTAL_ATTENTION_REQUIRED: SOURCE_SCOPE_NOT_EXACT | OCCURRENCE_UNRESOLVED | MANUAL_REVIEW_REQUIRED | SUPPLEMENTAL_ATTENTION_REQUIRED: SOURCE_SCOPE_NOT_EXACT | OCCURRENCE_MISMATCH | MANUAL_REVIEW_REQUIRED"
EyeIrritation6pack_PID439,Fluazinam,MISMATCH,RECOVER_CAS_LOW_CONFIDENCE,4,0,1,1,287-00-5 | 79622-59-6,,91731,SOURCE_DOWNLOAD_FAILED: 403 Client Error: Forbidden for url: https://www.tcichemicals.com/BE/en/sds/F0869_EU_6N.pdf | SUPPLEMENTAL_ATTENTION_REQUIRED: SOURCE_SCOPE_NOT_EXACT | WORKBOOK_CAS_NOT_FOUND_IN_SOURCE | SUPPLEMENTAL_ATTENTION_REQUIRED: NO_HIGHLIGHTED_SOURCE | SOURCE_SCOPE_NOT_EXACT | WORKBOOK_CAS_NOT_FOUND_IN_SOURCE | SUPPLEMENTAL_ATTENTION_REQUIRED: SOURCE_SCOPE_NOT_EXACT | OCCURRENCE_UNRESOLVED | MANUAL_REVIEW_REQUIRED | SUPPLEMENTAL_ATTENTION_REQUIRED: SOURCE_SCOPE_NOT_EXACT | OCCURRENCE_MISMATCH | MANUAL_REVIEW_REQUIRED
EyeIrritation6pack_PID138,Bentazone,SOURCE_UNAVAILABLE,RECOVER_CAS_CHECK_STATUS,5,0,1,1,12-00-1 | 25057-89-0,,2328,SOURCE_DOWNLOAD_FAILED: 403 Client Error: Forbidden for url: https://www.tcichemicals.com/BE/en/sds/B3825_EU_6N.pdf | SUPPLEMENTAL_ATTENTION_REQUIRED: SOURCE_SCOPE_NOT_EXACT | SUPPLEMENTAL_ATTENTION_REQUIRED: NO_HIGHLIGHTED_SOURCE | SOURCE_SCOPE_NOT_EXACT | SUPPLEMENTAL_ATTENTION_REQUIRED: SOURCE_SCOPE_NOT_EXACT | OCCURRENCE_UNRESOLVED | MANUAL_REVIEW_REQUIRED | SUPPLEMENTAL_ATTENTION_REQUIRED: SOURCE_SCOPE_NOT_EXACT | OCCURRENCE_EXCEPTION
MIX988,Sage oil Dalmatian,SOURCE_UNAVAILABLE,RECOVER_CAS_CHECK_STATUS,5,0,0,0,8022-56-8,,,SOURCE_DOWNLOAD_FAILED: 403 Client Error: Forbidden for url: https://www.lgbotanicals.com/assets/images/SDS-SAGE%20DALMATION.pdf?srsltid=AfmBOoqRhiIx6-Yfh7nOK1rn_Tb4E7HxrrGy_iy3w8Atb630njY5Vl3A
MIX1074,"Cinnamon bark oil, ""Ceylon mix""",SOURCE_UNAVAILABLE,RECOVER_CAS_CHECK_STATUS,5,0,0,0,8015-91-6,,,SOURCE_DOWNLOAD_FAILED: 403 Client Error: Forbidden for url: https://www.spectrumchemical.com/MSDS/C1571_AGHS.pdf?srsltid=AfmBOooECXZ7j0LmPYAEXKVGTQyClxXH0u2Ff3iAs6nSdzkqOBT6jZcr | SUPPLEMENTAL_ATTENTION_REQUIRED: SOURCE_SCOPE_NOT_EXACT | SUPPLEMENTAL_ATTENTION_REQUIRED: NO_HIGHLIGHTED_SOURCE | SOURCE_SCOPE_NOT_EXACT | SUPPLEMENTAL_ATTENTION_REQUIRED: SOURCE_SCOPE_NOT_EXACT | OCCURRENCE_UNRESOLVED | MANUAL_REVIEW_REQUIRED | SUPPLEMENTAL_ATTENTION_REQUIRED: SOURCE_SCOPE_NOT_EXACT | OCCURRENCE_EXCEPTION
EyeIrritation6pack_PID247,Clothianidin,SOURCE_UNAVAILABLE,RECOVER_CAS_CHECK_STATUS,5,0,1,1,307-00-5 | 210880-92-5,,86287519,SOURCE_DOWNLOAD_FAILED: 403 Client Error: Forbidden for url: https://www.tcichemicals.com/BE/en/sds/C3746_EU_6N.pdf | SUPPLEMENTAL_ATTENTION_REQUIRED: SOURCE_SCOPE_NOT_EXACT | SUPPLEMENTAL_ATTENTION_REQUIRED: NO_HIGHLIGHTED_SOURCE | SOURCE_SCOPE_NOT_EXACT | SUPPLEMENTAL_ATTENTION_REQUIRED: SOURCE_SCOPE_NOT_EXACT | OCCURRENCE_UNRESOLVED | MANUAL_REVIEW_REQUIRED | SUPPLEMENTAL_ATTENTION_REQUIRED: SOURCE_SCOPE_NOT_EXACT | OCCURRENCE_EXCEPTION
EyeIrritation6pack_PID246,Clothiandin 600 FS,SOURCE_UNAVAILABLE,RECOVER_CAS_CHECK_STATUS,5,0,1,1,307-00-5 | 210880-92-5,,86287519,SOURCE_DOWNLOAD_FAILED: 403 Client Error: Forbidden for url: https://www.tcichemicals.com/BE/en/sds/C3746_EU_6N.pdf | SUPPLEMENTAL_ATTENTION_REQUIRED: SOURCE_SCOPE_NOT_EXACT | SUPPLEMENTAL_ATTENTION_REQUIRED: NO_HIGHLIGHTED_SOURCE | SOURCE_SCOPE_NOT_EXACT | SUPPLEMENTAL_ATTENTION_REQUIRED: SOURCE_SCOPE_NOT_EXACT | OCCURRENCE_UNRESOLVED | MANUAL_REVIEW_REQUIRED | SUPPLEMENTAL_ATTENTION_REQUIRED: SOURCE_SCOPE_NOT_EXACT | OCCURRENCE_EXCEPTION
EyeIrritation6pack_PID512,Gharda Permethrin(95.3%),SOURCE_UNAVAILABLE,RECOVER_CAS_CHECK_STATUS,5,0,1,1,52645-53-1 | 58-00-2,,40326,SOURCE_DOWNLOAD_FAILED: 429 Client Error: Too Many Requests for url: https://www.sigmaaldrich.com/US/en/sds/sial/45614?srsltid=AfmBOoohhDLQnFKWGhLE63gmk36o0TeW0hfpnBdjgARyZgGqIYiW23e5 | SUPPLEMENTAL_ATTENTION_REQUIRED: NO_HIGHLIGHTED_SOURCE | SOURCE_SCOPE_NOT_EXACT | SUPPLEMENTAL_ATTENTION_REQUIRED: SOURCE_SCOPE_NOT_EXACT | SUPPLEMENTAL_ATTENTION_REQUIRED: SOURCE_SCOPE_NOT_EXACT | OCCURRENCE_UNRESOLVED | MANUAL_REVIEW_REQUIRED | SUPPLEMENTAL_ATTENTION_REQUIRED: SOURCE_SCOPE_NOT_EXACT | OCCURRENCE_EXCEPTION
MIX112,Clothiandin 600 FS,SOURCE_UNAVAILABLE,RECOVER_CAS_CHECK_STATUS,5,0,1,1,307-00-5 | 210880-92-5,,86287519,SOURCE_DOWNLOAD_FAILED: 403 Client Error: Forbidden for url: https://www.tcichemicals.com/BE/en/sds/C3746_EU_6N.pdf | SUPPLEMENTAL_ATTENTION_REQUIRED: SOURCE_SCOPE_NOT_EXACT | SUPPLEMENTAL_ATTENTION_REQUIRED: NO_HIGHLIGHTED_SOURCE | SOURCE_SCOPE_NOT_EXACT | SUPPLEMENTAL_ATTENTION_REQUIRED: SOURCE_SCOPE_NOT_EXACT | OCCURRENCE_UNRESOLVED | MANUAL_REVIEW_REQUIRED | SUPPLEMENTAL_ATTENTION_REQUIRED: SOURCE_SCOPE_NOT_EXACT | OCCURRENCE_EXCEPTION
EyeIrritation6pack_PID750,Permethrin,SOURCE_UNAVAILABLE,RECOVER_CAS_CHECK_STATUS,5,0,1,1,52645-53-1 | 58-00-2,,40326,SOURCE_DOWNLOAD_FAILED: 429 Client Error: Too Many Requests for url: https://www.sigmaaldrich.com/US/en/sds/sial/45614?srsltid=AfmBOoov_tjjicJRncAhBXiSTG0aHBITjfIKQ1r54AmIhC5KZEqFtxgl | SUPPLEMENTAL_ATTENTION_REQUIRED: NO_HIGHLIGHTED_SOURCE | SOURCE_SCOPE_NOT_EXACT | SUPPLEMENTAL_ATTENTION_REQUIRED: SOURCE_SCOPE_NOT_EXACT | SUPPLEMENTAL_ATTENTION_REQUIRED: SOURCE_SCOPE_NOT_EXACT | OCCURRENCE_UNRESOLVED | MANUAL_REVIEW_REQUIRED | SUPPLEMENTAL_ATTENTION_REQUIRED: SOURCE_SCOPE_NOT_EXACT | OCCURRENCE_EXCEPTION
MIX1021,"Sandalwood oil, East Indian",SOURCE_UNAVAILABLE,RECOVER_CAS_CHECK_STATUS,5,0,0,0,8006-87-9,,,SOURCE_DOWNLOAD_FAILED: 403 Client Error: Forbidden for url: https://www.soapgoods.com/documents/sds/Sandalwood-East-Indian.pdf?srsltid=AfmBOormqN6meUMEnu79R3Fs3IIPle0UTcw82HNeEPAS_iNzdE8rcG4W | SUPPLEMENTAL_ATTENTION_REQUIRED: SOURCE_SCOPE_NOT_EXACT | SUPPLEMENTAL_ATTENTION_REQUIRED: NO_HIGHLIGHTED_SOURCE | SOURCE_SCOPE_NOT_EXACT | SUPPLEMENTAL_ATTENTION_REQUIRED: SOURCE_SCOPE_NOT_EXACT | OCCURRENCE_UNRESOLVED | MANUAL_REVIEW_REQUIRED | SUPPLEMENTAL_ATTENTION_REQUIRED: SOURCE_SCOPE_NOT_EXACT | OCCURRENCE_UNRESOLVED | OCCURRENCE_EXCEPTION | MANUAL_REVIEW_REQUIRED
MIX114,Clothianidin,SOURCE_UNAVAILABLE,RECOVER_CAS_CHECK_STATUS,5,0,1,1,307-00-5 | 210880-92-5,,86287519,SOURCE_DOWNLOAD_FAILED: 403 Client Error: Forbidden for url: https://www.tcichemicals.com/BE/en/sds/C3746_EU_6N.pdf | SUPPLEMENTAL_ATTENTION_REQUIRED: SOURCE_SCOPE_NOT_EXACT | SUPPLEMENTAL_ATTENTION_REQUIRED: NO_HIGHLIGHTED_SOURCE | SOURCE_SCOPE_NOT_EXACT | SUPPLEMENTAL_ATTENTION_REQUIRED: SOURCE_SCOPE_NOT_EXACT | OCCURRENCE_UNRESOLVED | MANUAL_REVIEW_REQUIRED | SUPPLEMENTAL_ATTENTION_REQUIRED: SOURCE_SCOPE_NOT_EXACT | OCCURRENCE_EXCEPTION
MIX478,Tetrasan 5 WDG,EVIDENCE_WEAK,NO_ACTION,9,3,2,3,153233-91-1 | 7783-20-2 | 1332-58-7,CCOC1=C(C=CC(=C1)C(C)(C)C)C2COC(=N2)C3=C(C=CC=C3F)F | [NH4+].[NH4+].[O-]S(=O)(=O)[O-],153974 | 6097028,WORKBOOK_CAS_FOUND_OUTSIDE_SECTION_3
MIX493,THX/MXM/FDL CZ Insecticide with Fungicides,EVIDENCE_WEAK,NO_ACTION,9,3,3,3,,C1=CC(=C2C(=C1)OC(O2)(F)F)C3=CNC=C3C#N | CC1=C(C(=CC=C1)C)N([C@H](C)C(=O)OC)C(=O)COC,86398 | 11150163,SECTION_3_NOT_FOUND
MIX492,SYN 1219 Herbicide,MATCH,NO_ACTION,9,3,3,3,67-63-0 | 94-09-7,CC(C)O | CCOC(=O)C1=CC=C(C=C1)N,3776 | 2337,
MIX491,Three-Way VAP,MISMATCH,NO_ACTION,9,7,6,7,99129-21-2 | 64742-94-5 | 95-63-6 | 91-20-3,CCC(=NOC/C=C/Cl)C1=C(CC(CC1=O)CC(C)SCC)O | CC1=CC(=C(C=C1)C)C | C1=CC=C2C=CC=CC2=C1,136469009 | 7247 | 931,SECTION_3_HAS_EXTRA_SOURCE_CAS
MIX479,Sumione,MATCH,NO_ACTION,9,1,1,1,,,,
MIX48,Metaflumizone(88.7%),MATCH,NO_ACTION,9,1,1,1,139968-49-3,C1=CC(=CC(=C1)C(F)(F)F)/C(=N/NC(=O)NC2=CC=C(C=C2)OC(F)(F)F)/CC3=CC=C(C=C3)C#N,11614934,
MIX480,The Andersons 3-Way Snowmold,MATCH,NO_ACTION,9,6,5,6,68333-79-9 | 7778-77-0 | 7758-11-4,OP(=O)(O)[O-].[K+] | OP(=O)([O-])[O-].[K+].[K+],516951 | 24450,
MIX481,Super K-Gro Malathion 50 Insect Spray,MATCH,NO_ACTION,9,1,1,2,,,,
MIX276,GF-881 Manufacturing Use Concentrate,SOURCE_UNAVAILABLE,NO_ACTION,9,2,2,2,67-64-1 | 108-88-3 | 67-63-0,CC(=O)C | CC1=CC=CC=C1 | CC(C)O,180 | 1140 | 3776,SOURCE_DOWNLOAD_FAILED: 404 Client Error: Not Found for url: https://www.jmnspecialties.com/downloads/sds/2416-881-solvent-thinner-sds-1/file
MIX482,Superfine Wettable Sulphur,EVIDENCE_WEAK,NO_ACTION,9,1,1,1,7704-34-9 | 94-00-1,,5362487,INVALID_WORKBOOK_CAS
MIX490,Switch 62.5 WG,MATCH,NO_ACTION,9,3,3,3,14808-60-7 | 61790-53-2 | 131341-86-1 | 121552-61-2,,24261 | 86398 | 86367,
MIX49,Amtide Tebuconazole 45 WDG Fungicide,MATCH,NO_ACTION,9,1,1,2,,,,
MIX277,Kaput Field Rodent Bait B,MATCH,NO_ACTION,9,2,2,4,138261-41-3,C1CN(/C(=N/[N+](=O)[O-])/N1)CC2=CN=C(C=C2)Cl,86287518,
MIX489,Swagger,MISMATCH,NO_ACTION,9,3,3,3,82657-04-3 | 138261-41-3 | 872-50-4,CC1=C(C=CC=C1C2=CC=CC=C2)COC(=O)[C@@H]3[C@@H](C3(C)C)/C=C(/C(F)(F)F)\Cl | C1CN(/C(=N/[N+](=O)[O-])/N1)CC2=CN=C(C=C2)Cl | CN1CCCC1=O,6442842 | 86287518 | 13387,SECTION_3_HAS_EXTRA_SOURCE_CAS
MIX477,Termidor Dry Termiticide,MATCH,NO_ACTION,9,1,1,1,120068-37-3,C1=C(C=C(C(=C1Cl)N2C(=C(C(=N2)C#N)S(=O)C(F)(F)F)N)Cl)C(F)(F)F,3352,
MIX488,Three Way Peanut Seed Treatment Fungicide,EVIDENCE_WEAK,NO_ACTION,9,3,3,3,,,,SOURCE_HAS_CAS_BUT_WORKBOOK_CAS_BLANK
MIX487,Thiencarbazone-methyl,EVIDENCE_WEAK,NO_ACTION,9,1,1,1,317815-83-1,CC1=C(C(=CS1)C(=O)OC)S(=O)(=O)NC(=O)N2C(=O)N(C(=N2)OC)C,11205153,WORKBOOK_CAS_FOUND_OUTSIDE_SECTION_3
MIX486,SVP8,SOURCE_UNAVAILABLE,NO_ACTION,9,2,2,4,,,,SOURCE_DOWNLOAD_FAILED: 404 Client Error: Not Found for url: https://www.chicago.gov/content/dam/city/depts/cdph/environmental_health_and_food/Community_Information/Response_to_CDPH_Comments-Final.pdf
MIX485,Thidiazuron-Diuron SC,MATCH,NO_ACTION,9,3,2,2,51707-55-2 | 330-54-1 | 64742-47-8,C1=CC=C(C=C1)NC(=O)NC2=CN=NS2 | CN(C)C(=O)NC1=CC(=C(C=C1)Cl)Cl,40087 | 3120,
MIX483,Supremacy Herbicide,MATCH,NO_ACTION,9,3,8,8,122836-35-5 | 447399-55-5 | 57-55-6 | 1322-93-6 | 108-88-3,CC1=NN(C(=O)N1C(F)F)C2=C(C=C(C(=C2)NS(=O)(=O)C)Cl)Cl | CC1(CC(=NO1)S(=O)(=O)CC2=C(N(N=C2C(F)(F)F)C)OC(F)F)C | CC(CO)O | CC(C)C1=CC2=CC=CC=C2C(=C1C(C)C)S(=O)(=O)O | CC1=CC=CC=C1,86369 | 11556910 | 1030 | 162217 | 1140,
MIX484,Thiabendazole MF,EVIDENCE_WEAK,NO_ACTION,9,1,1,1,,,,SOURCE_HAS_CAS_BUT_WORKBOOK_CAS_BLANK
MIX278,Kathon CF 400,EVIDENCE_WEAK,NO_ACTION,9,2,2,2,,,,SOURCE_HAS_CAS_BUT_WORKBOOK_CAS_BLANK
MIX340,Nab Nicho Tech,MATCH,NO_ACTION,9,2,2,2,7681-52-9,,23665760,
MIX475,Terbuthylazine,MISMATCH,NO_ACTION,9,1,1,1,,,,SOURCE_DOWNLOAD_FAILED: 429 Client Error: Too Many Requests for url: https://www.sigmaaldrich.com/DE/de/sds/SIGMA/45678?srsltid=AfmBOoqrPaJzTcGLDjE6CkIH17Xwchy8WtoMZst5qELMFAJENyqDbA6l | SUPPLEMENTAL_ATTENTION_REQUIRED: SUSPICIOUS_WORKBOOK_INGREDIENT_TEXT | SUPPLEMENTAL_ATTENTION_REQUIRED: NO_HIGHLIGHTED_SOURCE | SOURCE_SCOPE_NOT_EXACT | SUSPICIOUS_WORKBOOK_INGREDIENT_TEXT | SUPPLEMENTAL_ATTENTION_REQUIRED: SOURCE_SCOPE_NOT_EXACT | SUSPICIOUS_WORKBOOK_INGREDIENT_TEXT | SUPPLEMENTAL_ATTENTION_REQUIRED: SOURCE_SCOPE_NOT_EXACT | MANUAL_REVIEW_REQUIRED | SUPPLEMENTAL_ATTENTION_REQUIRED: SOURCE_SCOPE_NOT_EXACT | OCCURRENCE_UNRESOLVED | MANUAL_REVIEW_REQUIRED | SUPPLEMENTAL_ATTENTION_REQUIRED: SOURCE_SCOPE_NOT_EXACT | OCCURRENCE_MISMATCH | MANUAL_REVIEW_REQUIRED
MIX46,Amore DF,MISMATCH,NO_ACTION,9,2,2,7,54464-57-2 | 1222-05-5 | 24851-98-7 | 63500-71-0 | 118-58-1 | 121-33-5 | 101-86-0 | 10339-55-6 | 6259-76-3 | 28219-61-6 | 107-75-5 | 31906-04-4 | 105-87-3 | 18127-01-0 | 111879-80-2 | 13351-61-6 | 1205-17-0 | 106-24-1 | 127-51-5 | 81782-77-6 | 2705-87-5 | 28645-51-4,CC1CC2=C(CC1(C)C(=O)C)C(CCC2)(C)C | CC1COCC2=CC3=C(C=C12)C(C(C3(C)C)C)(C)C | CCCCCC1C(CCC1=O)CC(=O)OC | CC(C)CC1CC(CCO1)(C)O | C1=CC=C(C=C1)COC(=O)C2=CC=CC=C2O | COC1=C(C=CC(=C1)C=O)O | CCCCCC/C(=C\C1=CC=CC=C1)/C=O | CC/C(=C/CCC(C)(C=C)O)/C | CCCCCCOC(=O)C1=CC=CC=C1O | CC(CCCC(C)(C)O)CC=O | CC(C)(CCCC1=CCC(CC1)C=O)O | CC(=CCC/C(=C/COC(=O)C)/C)C | CC(C)(C)C1=CC=C(C=C1)CCC=O | C1CCCC/C=C/CCCOC(=O)CCCC1 | CC(C)(CC1=CC=CC=C1)CO | CC(CC1=CC2=C(C=C1)OCO2)C=O | CC(=CCC/C(=C/CO)/C)C | CC1=CCCC(C1/C=C(\C)/C(=O)C)(C)C | CCCCCC(C(=CCC)C)O | C=CCOC(=O)CCC1CCCCC1 | C1CCC/C=C\CCCCCCOC(=O)CCC1,108242 | 91497 | 102861 | 3017432 | 8363 | 1183 | 1550884 | 6433547 | 22629 | 7888 | 91604 | 1549026 | 64832 | 9856149 | 83367 | 64805 | 637566 | 5372174 | 163336 | 17617 | 5355293,WORKBOOK_CAS_NOT_FOUND_IN_SOURCE | SECTION_3_HAS_EXTRA_SOURCE_CAS
MIX459,TC 240,EVIDENCE_WEAK,NO_ACTION,9,2,2,5,199-00-1 | 17-00-1,,,INVALID_WORKBOOK_CAS | SOURCE_HAS_CAS_BUT_WORKBOOK_CAS_BLANK
MIX458,Spiroxamine (KWG 4168),MATCH,NO_ACTION,9,2,2,2,118134-30-8,CCCN(CC)CC1COC2(O1)CCC(CC2)C(C)(C)C,86160,
MIX457,TC 218,MATCH,NO_ACTION,9,1,2,3,28407-37-6,C1=CC(=C(C=C1C2=CC(=C(C=C2)N=NC3=C(C4=C(C=C(C=C4C=C3S(=O)(=O)[O-])S(=O)(=O)[O-])N)O)O)O)N=NC5=C(C6=C(C=C(C=C6C=C5S(=O)(=O)[O-])S(=O)(=O)[O-])N)O.[Na+].[Na+].[Na+].[Na+].[Cu].[Cu],34237,
MIX456,Spiroxamine (Bay KWG 4168 300CS) (30.0-31.3),EVIDENCE_WEAK,NO_ACTION,9,1,1,1,,,,SOURCE_HAS_CAS_BUT_WORKBOOK_CAS_BLANK
MIX455,Tandem CS,MATCH,NO_ACTION,9,4,4,4,6062-26-6 | 3653-48-3,CC1=C(C=CC(=C1)Cl)OCCCC(=O)[O-].[Na+] | CC1=C(C=CC(=C1)Cl)OCC(=O)[O-].[Na+],23675729 | 2724048,
MIX453,Spirodiclofen,MISMATCH,NO_ACTION,9,1,1,1,148477-71-8,CCC(C)(C)C(=O)OC1=C(C(=O)OC12CCCCC2)C3=C(C=C(C=C3)Cl)Cl,177863,SECTION_3_NOT_FOUND | WORKBOOK_CAS_NOT_FOUND_IN_SOURCE
MIX460,Splat-Mat ME,MATCH,NO_ACTION,9,1,1,8,88917-22-0 | 59719-67-4 | 77-58-7 | 112926-00-8 | 123-54-6 | 67762-90-7 | 63148-62-9,CC(COC)OCC(C)OC(=O)C | CC(C)C1N(CCO1)CCOC(=O)NCCCCCCNC(=O)OCCN2CCOC2C(C)C | CCCCCCCCCCCC(=O)O[Sn](CCCC)(CCCC)OC(=O)CCCCCCCCCCC | O=[Si]=O | CC(=O)CC(=O)C,9815489 | 108381 | 16682738 | 24261 | 31261,
MIX452,Synguard Multi G,MATCH,NO_ACTION,9,5,5,5,101-68-8 | 9016-87-9 | 5873-54-1,C1=CC(=CC=C1CC2=CC=C(C=C2)N=C=O)N=C=O | C1=CC=C(C(=C1)CC2=CC=C(C=C2)N=C=O)N=C=O,7570 | 62593,
MIX450,SP1037,NO_DOWNLOADABLE_SOURCE,NO_ACTION,9,2,2,2,,,,BLANK_INGREDIENT_SOURCE
MIX45,Banner Dry MAXX,MATCH,NO_ACTION,9,2,2,2,60207-90-1 | 97-99-4,CCCC1COC(O1)(CN2C=NC=N2)C3=C(C=C(C=C3)Cl)Cl | C1CC(OC1)CO,43234 | 7360,
MIX449,Shelter Island Plus,EVIDENCE_WEAK,NO_ACTION,9,6,5,6,64742-94-5 | 122454-29-9 | 13463-41-7 | 1330-20-7 | 7727-43-1 | 14807-96-6,C1=CC(=CC=C1C2=C(C(=C(N2)C(F)(F)F)Br)C#N)Cl | C1=CC=[N+](C(=C1)[S-])[O-].C1=CC=[N+](C(=C1)[S-])[O-].[Zn+2] | [O-]S(=O)(=O)[O-].[Ba+2] | [OH-].[OH-].[O-][Si]12O[Si]3(O[Si](O1)(O[Si](O2)(O3)[O-])[O-])[O-].[Mg+2].[Mg+2].[Mg+2],183559 | 26041 | 24414 | 165411828,INVALID_WORKBOOK_CAS
MIX448,Sharpen powered by Kixor Herbicide,MATCH,NO_ACTION,9,3,3,3,372137-35-4 | 7783-20-2 | 105859-97-0 | 68425-94-5 | 1322-93-6,,11571392 | 6097028 | 162217,
MIX284,Ipconazole Metalaxyl MD (S) Seed Treatment,MATCH,NO_ACTION,9,5,2,7,107-21-1 | 138261-41-3 | 64742-65-0 | 57837-19-1 | 125225-28-7,C(CO)O | C1CN(/C(=N/[N+](=O)[O-])/N1)CC2=CN=C(C=C2)Cl | CC1=C(C(=CC=C1)C)N(C(C)C(=O)OC)C(=O)COC | CC(C)C1CCC(C1(CN2C=NC=N2)O)CC3=CC=C(C=C3)Cl,174 | 86287518 | 42586 | 86211,
MIX285,Kitchen Klenzer,SOURCE_UNAVAILABLE,NO_ACTION,9,5,6,6,,,,SOURCE_TEXT_EXTRACTION_FAILED: 
MIX447,S-Metolachlor & Mesotrione,EVIDENCE_WEAK,NO_ACTION,9,3,2,3,87392-12-9 | 432-00-4,CCC1=CC=CC(=C1N([C@@H](C)COC)C(=O)CCl)C,11140605,INVALID_WORKBOOK_CAS
MIX451,SP5411,SOURCE_UNAVAILABLE,NO_ACTION,9,4,4,4,917-13-5,,164754,SOURCE_DOWNLOAD_FAILED: 429 Client Error: Too Many Requests for url: https://www.sigmaaldrich.com/sds/sigma/e5411?srsltid=AfmBOopte59vv2AMEoFm_32ltpfiaFLK7qY-DhCM_I-IBJJicCfB_D_k | SUPPLEMENTAL_ATTENTION_REQUIRED: NO_HIGHLIGHTED_SOURCE | SOURCE_SCOPE_NOT_EXACT | SUPPLEMENTAL_ATTENTION_REQUIRED: SOURCE_SCOPE_NOT_EXACT | SUPPLEMENTAL_ATTENTION_REQUIRED: SOURCE_SCOPE_NOT_EXACT | MANUAL_REVIEW_REQUIRED | SUPPLEMENTAL_ATTENTION_REQUIRED: SOURCE_SCOPE_NOT_EXACT | OCCURRENCE_EXCEPTION
MIX476,Stratego 731 Fungicide,MATCH,NO_ACTION,9,4,4,4,141517-21-7 | 60207-90-1 | 872-50-4,C/C(=N\OCC1=CC=CC=C1/C(=N\OC)/C(=O)OC)/C2=CC(=CC=C2)C(F)(F)F | CCCC1COC(O1)(CN2C=NC=N2)C3=C(C=C(C=C3)Cl)Cl | CN1CCCC1=O,11664966 | 43234 | 13387,
MIX461,TC 246,MATCH,NO_ACTION,9,1,1,3,24307-26-4,C[N+]1(CCCCC1)C.[Cl-],62781,
MIX283,Ipconazole,MATCH,NO_ACTION,9,2,2,2,125225-28-7 | 56-81-5,CC(C)C1CCC(C1(CN2C=NC=N2)O)CC3=CC=C(C=C3)Cl | C(C(CO)O)O,86211 | 753,
MIX474,Tempo 0.1 Granular Insecticide,MISMATCH,NO_ACTION,9,1,1,1,68359-37-5,,,SECTION_3_HAS_EXTRA_SOURCE_CAS
MIX279,Initium Fungicide,MATCH,NO_ACTION,9,1,4,4,1897-45-6 | 57-55-6 | 112926-00-8,C(#N)C1=C(C(=C(C(=C1Cl)Cl)Cl)C#N)Cl | CC(CO)O | O=[Si]=O,15910 | 1030 | 24261,
MIX473,Techfilter,MATCH,NO_ACTION,9,2,2,2,79-14-1,C(C(=O)O)O,757,
MIX472,Tebuject 16,MATCH,NO_ACTION,9,2,2,2,107534-96-3 | 872-50-4,CC(C)(C)C(CCC1=CC=C(C=C1)Cl)(CN2C=NC=N2)O | CN1CCCC1=O,86102 | 13387,
MIX471,Tebuconazole Fungicide(97.4%),MISMATCH,NO_ACTION,9,1,1,1,107534-96-3,CC(C)(C)C(CCC1=CC=C(C=C1)Cl)(CN2C=NC=N2)O,86102,SOURCE_DOWNLOAD_FAILED: 429 Client Error: Too Many Requests for url: https://www.grasshoppergardens.com/wp-content/uploads/2025/04/Tebuject-16-SDS.pdf | SUPPLEMENTAL_ATTENTION_REQUIRED: WORKBOOK_CAS_NOT_FOUND_IN_SOURCE | WORKBOOK_INGREDIENT_NOT_FOUND_IN_SOURCE | SUPPLEMENTAL_ATTENTION_REQUIRED: NO_HIGHLIGHTED_SOURCE | WORKBOOK_CAS_NOT_FOUND_IN_SOURCE | WORKBOOK_INGREDIENT_NOT_FOUND_IN_SOURCE | SUPPLEMENTAL_ATTENTION_REQUIRED: MANUAL_REVIEW_REQUIRED
MIX470,Strada XT,MATCH,NO_ACTION,9,5,2,8,213464-77-8 | 1332-58-7 | 61790-53-2 | 14808-60-7,CN(C)C(=O)C1=CC=CC=C1NS(=O)(=O)NC(=O)NC2=NC(=CC(=N2)OC)OC | O=[Si]=O,11091168 | 24261,
MIX28,Acetamiprid + Triticonazole Concentrate,SOURCE_UNAVAILABLE,NO_ACTION,9,2,2,2,135410-20-7 | 32-00-2,CC(=NC#N)N(C)CC1=CN=C(C=C1)Cl,213021,SOURCE_DOWNLOAD_FAILED: 404 Client Error:  for url: https://www.carlroth.com/medias/SDB-2CK1-IE-EN.pdf?context=bWFzdGVyfHNlY3VyaXR5RGF0YXNoZWV0c3wzMjQwOTF8YXBwbGljYXRpb24vcGRmfGFHSTBMMmhrWlM4NU1qQTVNek0xTURnM01UTTBMMU5FUWw4eVEwc3hYMGxGWDBWT0xuQmtaZ3w3MjYwNjRkZmE5MmM4Y2ViOGMyNzBjMTc5ODE0ZmYzNDI3OTM0NThhMjRkZmI4OWU0YjBjZjQwZmZjM2Q1MmMx
MIX462,Sporgard WB,EVIDENCE_WEAK,NO_ACTION,9,3,3,5,,,,SECTION_3_NOT_FOUND
MIX47,BAS 320 I Pro Fire Ant Bait,EVIDENCE_WEAK,NO_ACTION,9,2,2,2,67485-29-4,CC1(CNC(=NC1)NN=C(C=CC2=CC=C(C=C2)C(F)(F)F)C=CC3=CC=C(C=C3)C(F)(F)F)C,49901,SECTION_3_NOT_FOUND
MIX280,Kendo 22.8 CS,EVIDENCE_WEAK,NO_ACTION,9,2,1,1,,,,SOURCE_HAS_CAS_BUT_WORKBOOK_CAS_BLANK
MIX468,"Storicide II Grain, Bin and Warehouse Insecticide",MATCH,NO_ACTION,9,8,7,8,5598-13-0 | 52918-63-5 | 64742-95-6 | 95-63-6 | 1330-20-7 | 108-67-8 | 100-41-4 | 98-82-8,COP(=S)(OC)OC1=NC(=C(C=C1Cl)Cl)Cl | CC1([C@H]([C@H]1C(=O)O[C@H](C#N)C2=CC(=CC=C2)OC3=CC=CC=C3)C=C(Br)Br)C | CC1=CC(=C(C=C1)C)C | CC1=CC(=CC(=C1)C)C | CCC1=CC=CC=C1 | CC(C)C1=CC=CC=C1,21803 | 40585 | 7247 | 7947 | 7500 | 7406,
MIX466,Starane NXT Herbicide,SOURCE_UNAVAILABLE,NO_ACTION,9,2,3,7,81406-37-3 | 64742-94-5 | 68953-96-8 | 872-50-4,CCCCCCC(C)OC(=O)COC1=NC(=C(C(=C1Cl)N)Cl)F | CN1CCCC1=O,54745 | 13387,SOURCE_DOWNLOAD_FAILED: 404 Client Error: Not Found for url: https://horticentre.co.nz/wp-content/uploads/SafetyDatasheets/Starane-Xtra-Corteva-SDS.pdf?ver=1757156741
MIX465,TC-317,MATCH,NO_ACTION,9,6,5,6,7631-86-9 | 65997-15-1 | 14808-60-7 | 1317-65-3 | 13397-24-5,O=[Si]=O | O=[Si]=O | O.O.[O-]S(=O)(=O)[O-].[Ca+2],24261 | 24261 | 24928,
MIX281,Intrepid 2F Agricultural Insecticide,MATCH,NO_ACTION,9,3,2,3,161050-58-4 | 57-55-6 | 78330-21-9,CC1=CC(=CC(=C1)C(=O)N(C(C)(C)C)NC(=O)C2=C(C(=CC=C2)OC)C)C | CC(CO)O,105010 | 1030,
MIX282,Kilter Insecticide,MATCH,NO_ACTION,9,3,3,3,138261-41-3 | 91465-08-6 | 57-55-6,C1CN(/C(=N/[N+](=O)[O-])/N1)CC2=CN=C(C=C2)Cl | CC1([C@@H]([C@@H]1C(=O)O[C@@H](C#N)C2=CC(=CC=C2)OC3=CC=CC=C3)/C=C(/C(F)(F)F)\Cl)C | CC(CO)O,86287518 | 6440557 | 1030,
MIX463,TC 249,MATCH,NO_ACTION,9,2,2,2,6132-04-3,C(C(=O)[O-])C(CC(=O)[O-])(C(=O)[O-])O.O.O.[Na+].[Na+].[Na+],71474,
MIX469,Tebuconazole 45 WP,MATCH,NO_ACTION,9,1,1,1,107534-96-3,CC(C)(C)C(CCC1=CC=C(C=C1)Cl)(CN2C=NC=N2)O,86102,
MIX467,TC-320,MATCH,NO_ACTION,9,3,3,3,68649-42-3,,,
MIX5,0.25% Mesotrione on Fertilizer,MISMATCH,NO_ACTION,9,1,1,1,104206-82-8,CS(=O)(=O)C1=CC(=C(C=C1)C(=O)C2C(=O)CCCC2=O)[N+](=O)[O-],175967,SECTION_3_NOT_FOUND | WORKBOOK_CAS_NOT_FOUND_IN_SOURCE
MIX495,T-Methyl G-Pro 50 WSB Fungicide,EVIDENCE_WEAK,NO_ACTION,9,1,1,2,,,,SOURCE_HAS_CAS_BUT_WORKBOOK_CAS_BLANK
MIX551,XDE-007 50% Concentrate,MISMATCH,NO_ACTION,9,1,1,1,,,,SOURCE_DOWNLOAD_FAILED: 429 Client Error: Too Many Requests for url: https://www.sigmaaldrich.com/US/en/sds/sial/45808?userType=undefined&srsltid=AfmBOorrUyojUWJdL4osTIJSi-T28cGFYerd9qGrckCYPJ5GZF3lz0wt | SUPPLEMENTAL_ATTENTION_REQUIRED: WORKBOOK_INGREDIENT_NOT_FOUND_IN_SOURCE | SUPPLEMENTAL_ATTENTION_REQUIRED: NO_HIGHLIGHTED_SOURCE | WORKBOOK_INGREDIENT_NOT_FOUND_IN_SOURCE | SUPPLEMENTAL_ATTENTION_REQUIRED: OCCURRENCE_MISMATCH | OCCURRENCE_UNRESOLVED | MANUAL_REVIEW_REQUIRED | SUPPLEMENTAL_ATTENTION_REQUIRED: NO_LINKED_SUPPLEMENTAL_ARTIFACTS | OCCURRENCE_MISMATCH | OCCURRENCE_UNRESOLVED | MANUAL_REVIEW_REQUIRED | SUPPLEMENTAL_ATTENTION_REQUIRED: SOURCE_SCOPE_NOT_EXACT | NO_LINKED_SUPPLEMENTAL_ARTIFACTS | OCCURRENCE_MISMATCH | OCCURRENCE_UNRESOLVED | MANUAL_REVIEW_REQUIRED
MIX27,Albaugh Trifluralin 10G,MATCH,NO_ACTION,9,3,3,3,1582-09-8 | 8031-18-3 | 14808-60-7,CCCN(CCC)C1=C(C=C(C=C1[N+](=O)[O-])C(F)(F)F)[N+](=O)[O-] | [O-2].[O-2].[O-2].[O-2].[O-2].[Al+3].[Al+3].[Si+4] | O=[Si]=O,5569 | 56841952 | 24261,
MIX550,Xemium Fungicide,MATCH,NO_ACTION,9,5,3,10,175013-18-0 | 907204-31-3 | 68425-94-5 | 52-51-7 | 55965-84-9,COC(=O)N(C1=CC=CC=C1COC2=NN(C=C2)C3=CC=C(C=C3)Cl)OC | CN1C=C(C(=N1)C(F)F)C(=O)NC2=CC=CC=C2C3=CC(=C(C(=C3)F)F)F | C(C(CO)([N+](=O)[O-])Br)O | CN1C(=O)C=CS1.CN1C(=O)C=C(S1)Cl,6422843 | 16095400 | 2450 | 41679,
MIX55,BAS 510 02 F Turf Fungicide,EVIDENCE_WEAK,NO_ACTION,9,1,1,1,,,,SECTION_3_NOT_FOUND
MIX548,WRC-13927-32-0,SOURCE_UNAVAILABLE,NO_ACTION,9,1,1,1,,,,SOURCE_TEXT_EXTRACTION_FAILED: 
MIX547,XDE-PRDX,MISMATCH,NO_ACTION,9,4,4,4,18080-67-6,,511509,SOURCE_DOWNLOAD_FAILED: 403 Client Error: Forbidden for url: https://www.merckmillipore.com/Web-BR-Site/pt_BR/-/BRL/ShowDocument-File?ProductSKU=EMD_BIO-530746&DocumentType=MSD&DocumentId=530746_SDS_IE_EN.PDF&DocumentUID=357239148&Language=EN&Country=IE&Origin=null | SUPPLEMENTAL_ATTENTION_REQUIRED: SOURCE_SCOPE_NOT_EXACT | WORKBOOK_INGREDIENT_NOT_FOUND_IN_SOURCE | SUPPLEMENTAL_ATTENTION_REQUIRED: NO_HIGHLIGHTED_SOURCE | SOURCE_SCOPE_NOT_EXACT | WORKBOOK_INGREDIENT_NOT_FOUND_IN_SOURCE | SUPPLEMENTAL_ATTENTION_REQUIRED: SOURCE_SCOPE_NOT_EXACT | OCCURRENCE_UNRESOLVED | MANUAL_REVIEW_REQUIRED | SUPPLEMENTAL_ATTENTION_REQUIRED: SOURCE_SCOPE_NOT_EXACT | MANUAL_REVIEW_REQUIRED | SUPPLEMENTAL_ATTENTION_REQUIRED: SOURCE_SCOPE_NOT_EXACT | OCCURRENCE_MISMATCH | MANUAL_REVIEW_REQUIRED
MIX270,Imdaclpoprid-Vitavax-Metalaxyl Seed Treatment,MATCH,NO_ACTION,9,4,4,4,5234-68-4 | 107-21-1,CC1=C(SCCO1)C(=O)NC2=CC=CC=C2 | C(CO)O,21307 | 174,
MIX546,Wolsin LP 13762,EVIDENCE_WEAK,NO_ACTION,9,3,3,3,,,,SECTION_3_NOT_FOUND
MIX271,GF-2986,MATCH,NO_ACTION,9,7,6,7,25155-30-0 | 497-19-8 | 6834-92-0 | 68551-12-2 | 112926-00-8 | 9004-32-4,CCCCCCCCCCCCC1=CC=CC=C1S(=O)(=O)[O-].[Na+] | C(=O)([O-])[O-].[Na+].[Na+] | [O-][Si](=O)[O-].[Na+].[Na+] | O=[Si]=O | CC(=O)O.C(C(C(C(C(C=O)O)O)O)O)O.[Na],23662403 | 10340 | 23266 | 24261 | 6328154,
MIX272,"Imidacloprid + Tau-fluvalinate + Tebuconazole Ready-to-Use Insecticide, Miticide and Fungicide",EVIDENCE_WEAK,NO_ACTION,9,3,3,6,107534-96-3,CC(C)(C)C(CCC1=CC=C(C=C1)Cl)(CN2C=NC=N2)O,86102,WORKBOOK_CAS_FOUND_OUTSIDE_SECTION_3
MIX544,US-LON-A,MATCH,NO_ACTION,9,1,3,3,67-56-1 | 87-90-1,CO | C1(=O)N(C(=O)N(C(=O)N1Cl)Cl)Cl,887 | 6909,
MIX543,UPI Imidacloprid,MATCH,NO_ACTION,9,4,4,4,138261-41-3,C1CN(/C(=N/[N+](=O)[O-])/N1)CC2=CN=C(C=C2)Cl,86287518,
MIX542,Wolman E (mu CA-C),MATCH,NO_ACTION,9,5,3,6,12069-69-1 | 7632-00-0 | 60207-90-1 | 107534-96-3 | 7758-98-7,N(=O)[O-].[Na+] | CCCC1COC(O1)(CN2C=NC=N2)C3=C(C=C(C=C3)Cl)Cl | CC(C)(C)C(CCC1=CC=C(C=C1)Cl)(CN2C=NC=N2)O | [O-]S(=O)(=O)[O-].[Cu+2],23668193 | 43234 | 86102 | 24462,
MIX541,UPI Glyphosphate,MATCH,NO_ACTION,9,1,1,3,1071-83-6,C(C(=O)O)NCP(=O)(O)O,3496,
MIX540,Wolman E (CA-C)(.19),EVIDENCE_WEAK,NO_ACTION,9,1,1,1,,,,SOURCE_HAS_CAS_BUT_WORKBOOK_CAS_BLANK
MIX54,BAS 500 F Manufacturing Use Product,EVIDENCE_WEAK,NO_ACTION,9,1,6,6,128-37-0 | 121-79-9 | 198-00-3 | 137-66-6 | 14306-25-3 | 1109-11-1 | 67762-90-7,,31404 | 4947 | 54680660 | 66391 | 6391647,INVALID_WORKBOOK_CAS
MIX539,UP-End Herbicide,MATCH,NO_ACTION,9,1,2,5,94-75-7 | 9036-19-5 | 1918-02-1 | 111-76-2,C1=CC(=C(C=C1Cl)Cl)OCC(=O)O | C1(=C(C(=NC(=C1Cl)Cl)C(=O)O)Cl)N | CCCCOCCO,1486 | 15965 | 8133,
MIX538,Up-Cyde Pro 2.0 EC Termiticide/Insecticide,EVIDENCE_WEAK,NO_ACTION,9,2,1,3,52315-07-8 | 74742-95-6,CC1(C(C1C(=O)OC(C#N)C2=CC(=CC=C2)OC3=CC=CC=C3)C=C(Cl)Cl)C,2912,INVALID_WORKBOOK_CAS
MIX537,Weld Herbicide,EVIDENCE_WEAK,NO_ACTION,9,4,4,4,75-09-0,C(Cl)Cl,6344,INVALID_WORKBOOK_CAS
MIX552,Ygiene 206,MISMATCH,NO_ACTION,9,3,3,3,7732-18-5,O,962,SOURCE_DOWNLOAD_FAILED: 429 Client Error: Too Many Requests for url: https://quiplabs.com/wp-content/uploads/GHS-SDS-Ygiene-206-Sterilant.pdf | SUPPLEMENTAL_ATTENTION_REQUIRED: SOURCE_SCOPE_NOT_EXACT | WORKBOOK_CAS_NOT_FOUND_IN_SOURCE | WORKBOOK_INGREDIENT_NOT_FOUND_IN_SOURCE | SUPPLEMENTAL_ATTENTION_REQUIRED: NO_HIGHLIGHTED_SOURCE | SOURCE_SCOPE_NOT_EXACT | WORKBOOK_CAS_NOT_FOUND_IN_SOURCE | WORKBOOK_INGREDIENT_NOT_FOUND_IN_SOURCE | SUPPLEMENTAL_ATTENTION_REQUIRED: SOURCE_SCOPE_NOT_EXACT | OCCURRENCE_MISMATCH | MANUAL_REVIEW_REQUIRED | SUPPLEMENTAL_ATTENTION_REQUIRED: SOURCE_SCOPE_NOT_EXACT | NO_LINKED_SUPPLEMENTAL_ARTIFACTS | OCCURRENCE_MISMATCH | MANUAL_REVIEW_REQUIRED
MIX536,Unicorn Fungicide,MATCH,NO_ACTION,9,2,2,2,7704-34-9 | 107534-96-3,S | CC(C)(C)C(CCC1=CC=C(C=C1)Cl)(CN2C=NC=N2)O,5362487 | 86102,
MIX553,XDE-175,MATCH,NO_ACTION,9,1,1,1,2758-42-1,CNC.C1=CC(=C(C=C1Cl)Cl)OCCCC(=O)O,62462,
MIX555,Zampro Fungicide,MISMATCH,NO_ACTION,9,6,3,9,865318-97-4 | 110488-70-5 | 100-41-4 | 116412-83-0,CCCCCCCCC1=C(N2C(=NC=N2)N=C1CC)N | COC1=C(C=C(C=C1)C(=CC(=O)N2CCOCC2)C3=CC=C(C=C3)Cl)OC | CCC1=CC=CC=C1 | COC1=C(C=C(C=C1)C(=O)C2=CC=C(C=C2)Cl)OC,15604010 | 86298 | 7500 | 798751,SECTION_3_HAS_EXTRA_SOURCE_CAS
MIX571,Rimsulfuron,EVIDENCE_WEAK,NO_ACTION,9,1,1,1,,,,SOURCE_HAS_CAS_BUT_WORKBOOK_CAS_BLANK
MIX570,Reserve Fungicide,MATCH,NO_ACTION,9,3,3,3,1897-45-6 | 107-21-1,C(#N)C1=C(C(=C(C(=C1Cl)Cl)Cl)C#N)Cl | C(CO)O,15910 | 174,
MIX57,BAS 536 00 F Fungicide,MATCH,NO_ACTION,9,7,7,7,175013-18-0 | 907204-31-3 | 68425-94-5 | 102980-04-1 | 52-51-7 | 2634-33-5 | 2682-20-4 | 57-55-6,,6422843 | 16095400 | 2450 | 17520 | 39800 | 1030,
MIX268,GF-2836,SOURCE_UNAVAILABLE,NO_ACTION,9,2,2,4,,,,SOURCE_DOWNLOAD_FAILED: 504 Server Error: Gateway Time-out for url: https://www.repository.unipr.it/bitstream/1889/4089/12/PhD%20thesis%20Alinovi.pdf
MIX568,Report Herbicide,MATCH,NO_ACTION,9,2,2,2,858956-08-8 | 64902-72-3,C1CC1C2=NC(=C(C(=N2)N)Cl)C(=O)O | CC1=NC(=NC(=N1)OC)NC(=O)NS(=O)(=O)C2=CC=CC=C2Cl,17747875 | 47491,
MIX567,Revus Top,MATCH,NO_ACTION,9,2,2,5,374726-62-2 | 57-55-6 | 68425-94-5,COC1=C(C=CC(=C1)CCNC(=O)C(C2=CC=C(C=C2)Cl)OCC#C)OCC#C | CC(CO)O,11292824 | 1030,
MIX566,Reldan F,MATCH,NO_ACTION,9,10,7,10,5598-13-0 | 65733-16-6 | 64742-94-5 | 68953-96-8 | 64742-47-8 | 95-63-6 | 128-37-0 | 91-20-3 | 2921-88-2 | 2402-79-1,COP(=S)(OC)OC1=NC(=C(C=C1Cl)Cl)Cl | C[C@@H](CCCC(C)(C)OC)C/C=C/C(=C/C(=O)OC(C)C)/C | CC1=CC(=C(C=C1)C)C | CC1=CC(=C(C(=C1)C(C)(C)C)O)C(C)(C)C | C1=CC=C2C=CC=CC2=C1 | CCOP(=S)(OCC)OC1=NC(=C(C=C1Cl)Cl)Cl | C1=C(C(=NC(=C1Cl)Cl)Cl)Cl,21803 | 1711973 | 7247 | 31404 | 931 | 2730 | 16990,
MIX269,Imazosulfuron,MATCH,NO_ACTION,9,1,1,1,122548-33-8,COC1=CC(=NC(=N1)NC(=O)NS(=O)(=O)C2=C(N=C3N2C=CC=C3)Cl)OC,92433,
MIX565,Regent 500TS Insecticide,MATCH,NO_ACTION,9,2,2,2,120068-37-3 | 123-42-2,,3352 | 31256,
MIX564,RebelEx,EVIDENCE_WEAK,NO_ACTION,9,2,2,6,94-36-0 | 8-00-0 | 112945-52-5,C1=CC=C(C=C1)C(=O)OOC(=O)C2=CC=CC=C2 | O=[Si]=O,7187 | 24261,INVALID_WORKBOOK_CAS | WORKBOOK_CAS_FOUND_OUTSIDE_SECTION_3
MIX563,Reality 25,MATCH,NO_ACTION,9,1,1,2,,,,
MIX562,Raxil MD Extra W Seed Treatment,MATCH,NO_ACTION,9,6,6,6,138261-41-3 | 107534-96-3 | 57837-19-1 | 57-55-6 | 96-48-0,C1CN(/C(=N/[N+](=O)[O-])/N1)CC2=CN=C(C=C2)Cl | CC(C)(C)C(CCC1=CC=C(C=C1)Cl)(CN2C=NC=N2)O | CC1=C(C(=CC=C1)C)N(C(C)C(=O)OC)C(=O)COC | CC(CO)O | C1CC(=O)OC1,86287518 | 86102 | 42586 | 1030 | 7302,
MIX561,Raxil MD Extra Fungicide,MATCH,NO_ACTION,9,3,3,3,107534-96-3 | 57837-19-1 | 35554-44-0,CC(C)(C)C(CCC1=CC=C(C=C1)Cl)(CN2C=NC=N2)O | CC1=C(C(=CC=C1)C)N(C(C)C(=O)OC)C(=O)COC | C=CCOC(CN1C=CN=C1)C2=C(C=C(C=C2)Cl)Cl,86102 | 42586 | 37175,
MIX560,Rave Herbicide,MATCH,NO_ACTION,9,4,4,4,1310-58-3 | 1310-73-2,[OH-].[K+] | [OH-].[Na+],14797 | 14798,
MIX56,Bifenture 17,MATCH,NO_ACTION,9,1,3,3,82657-04-3 | 2634-33-5,CC1=C(C=CC=C1C2=CC=CC=C2)COC(=O)[C@@H]3[C@@H](C3(C)C)/C=C(/C(F)(F)F)\Cl | C1=CC=C2C(=C1)C(=O)NS2,6442842 | 17520,
MIX559,"Ravap EC Livestock, Poultry & Premise Spray",EVIDENCE_WEAK,NO_ACTION,9,2,3,3,22248-79-9 | 62-73-7,COP(=O)(OC)O/C(=C\Cl)/C1=CC(=C(C=C1Cl)Cl)Cl | COP(=O)(OC)OC=C(Cl)Cl,5284462 | 3039,SECTION_3_NOT_FOUND
MIX558,Zoxamide(97%),MATCH,NO_ACTION,9,1,1,1,1897-45-6 | 156052-68-5,,,
MIX557,Zoxamide(95_100%),EVIDENCE_WEAK,NO_ACTION,9,2,2,2,471-46-5,C(=O)(C(=O)N)N,10113,WORKBOOK_CAS_FOUND_OUTSIDE_SECTION_3
MIX556,"Zoxamide, 80 WP",MATCH,NO_ACTION,9,1,2,2,471-46-5,C(=O)(C(=O)N)N,10113,
MIX554,XDE-742,MATCH,NO_ACTION,9,2,2,2,10025-77-1,,6093258,
MIX535,Ultrathion Insect Repellent,EVIDENCE_WEAK,NO_ACTION,9,1,1,1,,,,SECTION_3_NOT_FOUND
MIX534,Ucarcide SB 130 Antimicrobial,SOURCE_UNAVAILABLE,NO_ACTION,9,2,1,1,,,,SOURCE_TEXT_EXTRACTION_FAILED: 
MIX533,Waterborne Milltreat 111 Concentrate,MISMATCH,NO_ACTION,9,3,3,4,,,,SECTION_3_NOT_FOUND | WORKBOOK_INGREDIENT_NAMES_NOT_FOUND_IN_SOURCE
MIX511,DuPont Treoris Fungicide,MATCH,NO_ACTION,9,2,2,6,183675-82-3,CC(C)CC(C)C1=C(C=CS1)NC(=O)C2=CN(N=C2C(F)(F)F)C,11388558,
MIX510,TREE-age,MATCH,NO_ACTION,9,2,2,2,34590-94-8 | 155569-91-8,CC(COC(C)COC)O | CC[C@H](C)[C@@H]1[C@H](C=C[C@@]2(O1)C[C@@H]3C[C@H](O2)C/C=C(/[C@H]([C@H](/C=C/C=C/4\CO[C@H]5[C@@]4([C@@H](C=C([C@H]5O)C)C(=O)O3)O)C)O[C@H]6C[C@@H]([C@H]([C@@H](O6)C)O[C@H]7C[C@@H]([C@H]([C@@H](O7)C)NC)OC)OC)\C)C.C1=CC=C(C=C1)C(=O)O,25484 | 11650986,
MIX51,ARY 0452-110 Herbicide,MATCH,NO_ACTION,9,1,2,2,70901-12-1 | 68515-73-1 | 226563-63-9,,23716553,
MIX509,V-10276  0.088 SL Insecticide/Fungicide,MATCH,NO_ACTION,9,5,5,5,82657-04-3 | 175013-18-0 | 57-55-6,CC1=C(C=CC=C1C2=CC=CC=C2)COC(=O)[C@@H]3[C@@H](C3(C)C)/C=C(/C(F)(F)F)\Cl | COC(=O)N(C1=CC=CC=C1COC2=NN(C=C2)C3=CC=C(C=C3)Cl)OC | CC(CO)O,6442842 | 6422843 | 1030,
MIX508,V-10142 Herbicide,EVIDENCE_WEAK,NO_ACTION,9,4,2,5,122548-33-8 | 126-86-3 | 9003-11-6 | 1332-58-7,COC1=CC(=NC(=N1)NC(=O)NS(=O)(=O)C2=C(N=C3N2C=CC=C3)Cl)OC | CC(C)CC(C)(C#CC(C)(CC(C)C)O)O,92433 | 31362,WORKBOOK_CAS_FOUND_OUTSIDE_SECTION_3
MIX507,Tradename for Dogs,MATCH,NO_ACTION,9,2,3,5,80-62-6,CC(=C)C(=O)OC,6658,
MIX506,TPTH,MATCH,NO_ACTION,9,1,3,3,67-56-1 | 87-90-1,CO | C1(=O)N(C(=O)N(C(=O)N1Cl)Cl)Cl,887 | 6909,
MIX505,V-10141 2.8 EC Insecticide,MATCH,NO_ACTION,9,3,3,3,52918-63-5,CC1([C@H]([C@H]1C(=O)O[C@H](C#N)C2=CC(=CC=C2)OC3=CC=CC=C3)C=C(Br)Br)C,40585,
MIX504,V-10116 VPP Fungicide,MATCH,NO_ACTION,9,1,1,1,125116-23-6,CC1(CCC(C1(CN2C=NC=N2)O)CC3=CC=C(C=C3)Cl)C,86210,
MIX503,Touchdown Diquat Home and Garden Concentrate,SOURCE_UNAVAILABLE,NO_ACTION,9,2,3,5,85-00-7,C1C[N+]2=CC=CC=C2C3=CC=CC=[N+]31.[Br-].[Br-] | O,6794 | 962,SOURCE_DOWNLOAD_FAILED: 404 Client Error: Not Found for url: https://horticentre.co.nz/wp-content/uploads/SafetyDatasheets/Diquat-200-Kenso-SDS.pdf
MIX502,Topsin M 70 WDG,MATCH,NO_ACTION,9,1,1,1,23564-05-8,COC(=O)NC(=S)NC1=CC=CC=C1NC(=S)NC(=O)OC,3032791,
MIX501,Topsin M 5G Fungicide,MATCH,NO_ACTION,9,1,1,1,23564-05-8,COC(=O)NC(=S)NC1=CC=CC=C1NC(=S)NC(=O)OC,3032791,
MIX500,Tops MZ-Curzate,MATCH,NO_ACTION,9,2,3,5,57966-95-7,CCNC(=O)NC(=O)/C(=N/OC)/C#N,5364079,
MIX50,Aproach Fungicide,MATCH,NO_ACTION,9,2,2,4,117428-22-5 | 94361-06-5,CO/C=C(\C1=CC=CC=C1COC2=CC=CC(=N2)C(F)(F)F)/C(=O)OC | CC(C1CC1)C(CN2C=NC=N2)(C3=CC=C(C=C3)Cl)O,11285653 | 86132,
MIX446,Smacker Bait,MISMATCH,NO_ACTION,9,2,2,2,,,,SECTION_3_NOT_FOUND | WORKBOOK_INGREDIENT_NAMES_NOT_FOUND_IN_SOURCE
MIX499,Topguard Fungicide,MATCH,NO_ACTION,9,4,1,4,76674-21-0 | 57-55-6 | 157627-86-6 | 2634-33-5,C1=CC=C(C(=C1)C(CN2C=NC=N2)(C3=CC=C(C=C3)F)O)F | CC(CO)O | C1=CC=C2C(=C1)C(=O)NS2,91727 | 1030 | 17520,
MIX498,Tombstone Insecticide,EVIDENCE_WEAK,NO_ACTION,9,2,1,1,,,,SOURCE_HAS_CAS_BUT_WORKBOOK_CAS_BLANK
MIX497,Tolfenpyrad 15EC Insecticide,MATCH,NO_ACTION,9,2,2,2,129558-76-5 | 872-50-4,CCC1=NN(C(=C1Cl)C(=O)NCC2=CC=C(C=C2)OC3=CC=C(C=C3)C)C | CN1CCCC1=O,10110536 | 13387,
MIX496,THX/MXM/FDL/TBZ FS,NO_DOWNLOADABLE_SOURCE,NO_ACTION,9,4,4,4,,,,BLANK_INGREDIENT_SOURCE
MIX512,V-10336 Herbicide,MATCH,NO_ACTION,9,4,3,4,70901-12-1 | 176022-82-5,C(C(=O)O)NCP(=O)(O)[O-].[K+],23716553,
MIX513,Trifloxysulfuron-sodium,EVIDENCE_WEAK,NO_ACTION,9,1,1,1,199119-58-9,COC1=CC(=NC(=N1)NC(=O)[N-]S(=O)(=O)C2=C(C=CC=N2)OCC(F)(F)F)OC.[Na+],23676736,WORKBOOK_CAS_FOUND_OUTSIDE_SECTION_3
MIX514,Vapona Concentrate Insecticide,MISMATCH,NO_ACTION,9,1,1,1,,COP(=O)(OC)OC=C(Cl)Cl,3039,SECTION_3_NOT_FOUND | WORKBOOK_INGREDIENT_NAMES_NOT_FOUND_IN_SOURCE
MIX515,Triflurex HFP,MATCH,NO_ACTION,9,1,1,1,1582-09-8,CCCN(CCC)C1=C(C=C(C=C1[N+](=O)[O-])C(F)(F)F)[N+](=O)[O-],5569,
MIX532,UBI 4389,EVIDENCE_WEAK,NO_ACTION,9,2,2,21,,,,SECTION_3_NOT_FOUND
MIX531,Voliam Xpress Insecticide,MATCH,NO_ACTION,9,3,2,7,57-55-6 | 500008-45-7 | 91465-08-6,CC(CO)O | CC1=CC(=CC(=C1NC(=O)C2=CC(=NN2C3=C(C=CC=N3)Cl)Br)C(=O)NC)Cl | CC1([C@@H]([C@@H]1C(=O)O[C@@H](C#N)C2=CC(=CC=C2)OC3=CC=CC=C3)/C=C(/C(F)(F)F)\Cl)C,1030 | 11271640 | 6440557,
MIX530,Voliam Flexi Insecticide,EVIDENCE_WEAK,NO_ACTION,9,2,3,3,500008-45-7 | 55965-84-9 | 167-00-5,,11271640 | 41679,INVALID_WORKBOOK_CAS
MIX53,Metaflumizone(7.4%),EVIDENCE_WEAK,NO_ACTION,9,1,1,2,139968-49-3 | 3-26-2,C1=CC(=CC(=C1)C(F)(F)F)/C(=N/NC(=O)NC2=CC=C(C=C2)OC(F)(F)F)/CC3=CC=C(C=C3)C#N,11614934,INVALID_WORKBOOK_CAS
MIX529,Turfthor WP,MATCH,NO_ACTION,9,1,1,1,138261-41-3,C1CN(/C(=N/[N+](=O)[O-])/N1)CC2=CN=C(C=C2)Cl,86287518,
MIX528,Tundra Max,MATCH,NO_ACTION,9,6,4,6,2921-88-2 | 82657-04-3 | 64742-94-5 | 91-20-3 | 71-36-3 | 68953-96-8,CCOP(=S)(OCC)OC1=NC(=C(C=C1Cl)Cl)Cl | CC1=C(C=CC=C1C2=CC=CC=C2)COC(=O)[C@@H]3[C@@H](C3(C)C)/C=C(/C(F)(F)F)\Cl | C1=CC=C2C=CC=CC2=C1 | CCCCO,2730 | 6442842 | 931 | 263,
MIX527,Vitacon RTU FL Fungicide,MISMATCH,NO_ACTION,9,6,5,6,56-81-5 | 11138-66-2 | 7732-18-5,C(C(CO)O)O | O,753 | 962,SECTION_3_HAS_EXTRA_SOURCE_CAS
MIX526,TSS 75WG (CGA 362622 WG 75),MATCH,NO_ACTION,9,1,1,2,,,,
MIX525,Vitacon 100 Pro FS Fungicide,EVIDENCE_WEAK,NO_ACTION,9,2,2,4,5234-68-4 | 125225-28-7,CC1=C(SCCO1)C(=O)NC2=CC=CC=C2 | CC(C)C1CCC(C1(CN2C=NC=N2)O)CC3=CC=C(C=C3)Cl,21307 | 86211,SECTION_3_NOT_FOUND
MIX494,Tital FL,MISMATCH,NO_ACTION,9,4,4,9,54464-57-2 | 1222-05-5 | 24851-98-7 | 118-58-1 | 63500-71-0 | 58567-11-6 | 115-95-7 | 103-95-7 | 107-75-5 | 1205-17-0 | 10339-55-6 | 128-37-0 | 18479-58-8 | 5989-27-5 | 67634-14-4 | 127-51-5 | 105-87-3,CC1CC2=C(CC1(C)C(=O)C)C(CCC2)(C)C | CC1COCC2=CC3=C(C=C12)C(C(C3(C)C)C)(C)C | CCCCCC1C(CCC1=O)CC(=O)OC | C1=CC=C(C=C1)COC(=O)C2=CC=CC=C2O | CC(C)CC1CC(CCO1)(C)O | CCOCOC1CCCCCCCCCCC1 | CC(=CCCC(C)(C=C)OC(=O)C)C | CC(C)C1=CC=C(C=C1)CC(C)C=O | CC(CCCC(C)(C)O)CC=O | CC(CC1=CC2=C(C=C1)OCO2)C=O | CC/C(=C/CCC(C)(C=C)O)/C | CC1=CC(=C(C(=C1)C(C)(C)C)O)C(C)(C)C | CC(CCCC(C)(C)O)C=C | CC1=CC[C@@H](CC1)C(=C)C | CCC1=CC=CC=C1CC(C)(C)C=O | CC1=CCCC(C1/C=C(\C)/C(=O)C)(C)C | CC(=CCC/C(=C/COC(=O)C)/C)C,108242 | 91497 | 102861 | 8363 | 3017432 | 94111 | 8294 | 517827 | 7888 | 64805 | 6433547 | 31404 | 29096 | 440917 | 105512 | 5372174 | 1549026,SECTION_3_HAS_EXTRA_SOURCE_CAS
MIX524,Viper WP,MATCH,NO_ACTION,9,4,2,4,52315-07-8 | 64742-94-5 | 91-20-3 | 64742-46-7,CC1(C(C1C(=O)OC(C#N)C2=CC(=CC=C2)OC3=CC=CC=C3)C=C(Cl)Cl)C | C1=CC=C2C=CC=CC2=C1,2912 | 931,
MIX523,Tru-Core Millwork Preservative Concentrate,EVIDENCE_WEAK,NO_ACTION,9,3,3,4,,,,SECTION_3_NOT_FOUND
MIX522,DuPont Vertisan Fungicide,MATCH,NO_ACTION,9,1,1,3,183675-82-3,CC(C)CC(C)C1=C(C=CS1)NC(=O)C2=CN(N=C2C(F)(F)F)C,11388558,
MIX521,Troysan V48,MATCH,NO_ACTION,9,3,3,3,4719-04-4 | 141-43-5,C1N(CN(CN1CCO)CCO)CCO | C(CO)N,104556 | 700,
MIX520,Veriguard OD,MATCH,NO_ACTION,9,3,3,3,7173-51-5 | 69011-36-5,,23558,
MIX52,Atlantis Herbicide,MATCH,NO_ACTION,9,8,3,9,135590-91-9 | 208465-21-8 | 64742-94-5 | 577-11-7 | 64742-95-6 | 104-76-7 | 91-20-3,CCOC(=O)C1=NN(C(C1)(C)C(=O)OCC)C2=C(C=C(C=C2)Cl)Cl | COC1=CC(=NC(=N1)NC(=O)NS(=O)(=O)C2=C(C=CC(=C2)CNS(=O)(=O)C)C(=O)OC)OC | CCCCC(CC)COC(=O)CC(C(=O)OCC(CC)CCCC)S(=O)(=O)[O-].[Na+] | CCCCC(CC)CO | C1=CC=C2C=CC=CC2=C1,10937610 | 11409499 | 23673837 | 7720 | 931,
MIX519,Velocity SG Herbicide,MATCH,NO_ACTION,9,9,5,10,1689-99-2 | 56634-95-8 | 365400-11-9 | 64742-94-5 | 108-32-7 | 91-20-3 | 104-76-7 | 135590-91-9,CCCCCCCC(=O)OC1=C(C=C(C=C1Br)C#N)Br | CCCCCCC(=O)OC1=C(C=C(C=C1Br)C#N)Br | CC1=C(C(=O)N(N1)C)C(=O)C2=C(C=C(C=C2)C(F)(F)F)S(=O)(=O)C | CC1COC(=O)O1 | C1=CC=C2C=CC=CC2=C1 | CCCCC(CC)CO | CCOC(=O)C1=NN(C(C1)(C)C(=O)OCC)C2=C(C=C(C=C2)Cl)Cl,15533 | 62119 | 11693711 | 7924 | 931 | 7720 | 10937610,
MIX518,Troysan 680,MATCH,NO_ACTION,9,8,5,8,64742-47-8,,,
MIX517,VCP-01,EVIDENCE_WEAK,NO_ACTION,9,1,2,2,,,,SOURCE_HAS_CAS_BUT_WORKBOOK_CAS_BLANK
MIX516,Triticonazole Fungicide,MATCH,NO_ACTION,9,1,1,1,131983-72-7,CC1(CC/C(=C\C2=CC=C(C=C2)Cl)/C1(CN3C=NC=N3)O)C,6537961,
MIX274,Imidan 60 WDG,EVIDENCE_WEAK,NO_ACTION,9,1,1,1,732-11-6,COP(=S)(OC)SCN1C(=O)C2=CC=CC=C2C1=O,12901,WORKBOOK_CAS_FOUND_OUTSIDE_SECTION_3
MIX286,Kixor Herbicide,MATCH,NO_ACTION,9,1,1,2,372137-35-4,CC(C)N(C)S(=O)(=O)NC(=O)C1=CC(=C(C=C1Cl)F)N2C(=O)C=C(N(C2=O)C)C(F)(F)F,11571392,
MIX294,Ironclad Herbicide,MATCH,NO_ACTION,9,3,2,3,64742-47-8,,,
MIX287,Lambda Cyhalothrin,MATCH,NO_ACTION,9,1,1,2,,,,
MIX385,Optigard Liquid Ant Bait,MATCH,NO_ACTION,9,1,1,1,153719-23-4,CN\1COCN(/C1=N/[N+](=O)[O-])CC2=CN=C(S2)Cl,5821911,
MIX384,Not Stated,EVIDENCE_WEAK,NO_ACTION,9,3,3,3,,,,SECTION_3_NOT_FOUND
MIX383,NNI-0001,EVIDENCE_WEAK,NO_ACTION,9,1,1,3,7429-90-5 | 1-00-6 | 9529243-45-0,[Al],5359268,INVALID_WORKBOOK_CAS
MIX329,Mon 58416,MISMATCH,NO_ACTION,9,3,3,3,,,,SOURCE_DOWNLOAD_FAILED: 429 Client Error: Too Many Requests for url: https://www.sigmaaldrich.com/US/en/sds/sigma/smb00294?userType=undefined&srsltid=AfmBOork1Ei_38DIlX0378-CUdkwkJskWETs5K3oF95K1-tZodQaJges | SUPPLEMENTAL_ATTENTION_REQUIRED: SUSPICIOUS_WORKBOOK_INGREDIENT_TEXT | SUPPLEMENTAL_ATTENTION_REQUIRED: NO_HIGHLIGHTED_SOURCE | SUSPICIOUS_WORKBOOK_INGREDIENT_TEXT | SUPPLEMENTAL_ATTENTION_REQUIRED: OCCURRENCE_UNRESOLVED | MANUAL_REVIEW_REQUIRED | SUPPLEMENTAL_ATTENTION_REQUIRED: NO_LINKED_SUPPLEMENTAL_ARTIFACTS | OCCURRENCE_UNRESOLVED | MANUAL_REVIEW_REQUIRED | SUPPLEMENTAL_ATTENTION_REQUIRED: SOURCE_SCOPE_NOT_EXACT | NO_LINKED_SUPPLEMENTAL_ARTIFACTS | OCCURRENCE_UNRESOLVED | MANUAL_REVIEW_REQUIRED
MIX33,Avicta Complete Corn 250,MATCH,NO_ACTION,9,8,9,9,56-81-5 | 57-55-6 | 131860-33-8 | 70630-17-0 | 69516-34-3 | 131341-86-1 | 148-79-8 | 71751-41-2 | 153719-23-4,,753 | 1030 | 3034285 | 11150163 | 156840 | 86398 | 5430 | 9920327 | 5821911,
MIX382,Ravap EC,MATCH,NO_ACTION,9,3,3,3,108-95-2 | 22248-79-9 | 62-73-7,C1=CC=C(C=C1)O | COP(=O)(OC)O/C(=C\Cl)/C1=CC(=C(C=C1Cl)Cl)Cl | COP(=O)(OC)OC=C(Cl)Cl,996 | 5284462 | 3039,
MIX381,Rancona Xxtra,MATCH,NO_ACTION,9,5,5,5,56-81-5 | 96-48-0 | 57837-19-1 | 57-55-6 | 125225-28-7,C(C(CO)O)O | C1CC(=O)OC1 | CC1=C(C(=CC=C1)C)N(C(C)C(=O)OC)C(=O)COC | CC(CO)O | CC(C)C1CCC(C1(CN2C=NC=N2)O)CC3=CC=C(C=C3)Cl,753 | 7302 | 42586 | 1030 | 86211,
MIX380,Raid Roach & Ant Killer Plus,MATCH,NO_ACTION,9,8,7,8,8042-47-5 | 110-27-0 | 687-47-8 | 106-24-1 | 124-38-9,CCCCCCCCCCCCCC(=O)OC(C)C | CCOC(=O)[C@H](C)O | CC(=CCC/C(=C/CO)/C)C | C(=O)=O,8042 | 92831 | 637566 | 280,
MIX38,Ametryn,MATCH,NO_ACTION,9,1,1,1,834-12-8,CCNC1=NC(=NC(=N1)SC)NC(C)C,13263,
MIX379,Raid Roach & Ant Killer IV Plus,EVIDENCE_WEAK,NO_ACTION,9,3,3,8,,,,SECTION_3_NOT_FOUND
MIX330,MGK Formula 2976,MATCH,NO_ACTION,9,2,2,2,71751-41-2 | 95737-68-1,CC[C@H](C)[C@@H]1[C@H](C=C[C@@]2(O1)C[C@@H]3C[C@H](O2)C/C=C(/[C@H]([C@H](/C=C/C=C/4\CO[C@H]5[C@@]4([C@@H](C=C([C@H]5O)C)C(=O)O3)O)C)O[C@H]6C[C@@H]([C@H]([C@@H](O6)C)O[C@H]7C[C@@H]([C@H]([C@@H](O7)C)O)OC)OC)\C)C.C[C@H]1/C=C/C=C/2\CO[C@H]3[C@@]2([C@@H](C=C([C@H]3O)C)C(=O)O[C@H]4C[C@@H](C/C=C(/[C@H]1O[C@H]5C[C@@H]([C@H]([C@@H](O5)C)O[C@H]6C[C@@H]([C@H]([C@@H](O6)C)O)OC)OC)\C)O[C@]7(C4)C=C[C@@H]([C@H](O7)C(C)C)C)O | CC(COC1=CC=C(C=C1)OC2=CC=CC=C2)OC3=CC=CC=N3,9920327 | 91753,
MIX378,Raid Ant & Roach Killer with Germ Kill CIK,EVIDENCE_WEAK,NO_ACTION,9,11,9,11,52315-07-8 | 23031-36-9 | 85409-23-0 | 68391-01-5 | 64742-47-8 | 5131-66-8 | 75-28-5 | 74-98-6,CC1(C(C1C(=O)OC(C#N)C2=CC(=CC=C2)OC3=CC=CC=C3)C=C(Cl)Cl)C | CC1=C(C(=O)CC1OC(=O)C2C(C2(C)C)C=C(C)C)CC#C | CCCCOCC(C)O | CC(C)C | CCC,2912 | 9839306 | 21210 | 6360 | 6334,WORKBOOK_CAS_FOUND_OUTSIDE_SECTION_3
MIX377,Quinoxyfen Manufacturing Use Concentrate,MISMATCH,NO_ACTION,9,2,1,1,124495-18-7,,,SECTION_3_HAS_EXTRA_SOURCE_CAS
MIX376,Quali-Pro Enclave 5.3F,EVIDENCE_WEAK,NO_ACTION,9,4,4,4,,,,SECTION_3_NOT_FOUND
MIX331,Mon 58494 Herbicide,MATCH,NO_ACTION,9,3,3,3,70901-12-1,C(C(=O)O)NCP(=O)(O)[O-].[K+],23716553,
MIX374,Pyrocide Falcon 7452,MATCH,NO_ACTION,9,4,4,6,67-64-1,CC(=O)C,180,
MIX373,Pyridalyl,EVIDENCE_WEAK,NO_ACTION,9,1,1,1,179101-81-6,C1=CC(=NC=C1C(F)(F)F)OCCCOC2=C(C=C(C=C2Cl)OCC=C(Cl)Cl)Cl,11488729,WORKBOOK_CAS_FOUND_OUTSIDE_SECTION_3
MIX386,NTN 33893 75 WP-WS,MATCH,NO_ACTION,9,1,1,3,138261-41-3,C1CN(/C(=N/[N+](=O)[O-])/N1)CC2=CN=C(C=C2)Cl,86287518,
MIX328,MGK Formula 2960,MATCH,NO_ACTION,9,7,6,7,68439-49-6 | 134-62-3 | 113-48-4 | 119-36-8 | 52645-53-1 | 1811-28-5,CCN(CC)C(=O)C1=CC=CC(=C1)C | CCCCC(CC)CN1C(=O)[C@H]2[C@@H]3C[C@H]([C@H]2C1=O)C=C3 | COC(=O)C1=CC=CC=C1O | CC1(C(C1C(=O)OCC2=CC(=CC=C2)OC3=CC=CC=C3)C=C(Cl)Cl)C | C1=CC(=CC2=NC3=C(C=CC(=C3)N)C=C21)N.C1=CC(=CC2=NC3=C(C=CC(=C3)N)C=C21)N.OS(=O)(=O)O,4284 | 101008927 | 4133 | 40326 | 9849425,
MIX387,Optill powered by Kixor Herbicide,MATCH,NO_ACTION,9,2,4,6,372137-35-4 | 52-51-7 | 55965-84-9 | 2634-33-5,CC(C)N(C)S(=O)(=O)NC(=O)C1=CC(=C(C=C1Cl)F)N2C(=O)C=C(N(C2=O)C)C(F)(F)F | C(C(CO)([N+](=O)[O-])Br)O | CN1C(=O)C=CS1.CN1C(=O)C=C(S1)Cl | C1=CC=C2C(=C1)C(=O)NS2,11571392 | 2450 | 41679 | 17520,
MIX327,MCM 437,MATCH,NO_ACTION,9,4,3,4,17265-14-4 | 8042-47-5 | 68411-46-1,C(CCCCC(=O)[O-])CCCC(=O)[O-].[Na+].[Na+],134734,
MIX40,Amicarbazone Herbicide,MISMATCH,NO_ACTION,9,1,1,1,129909-90-6,CC(C)C1=NN(C(=O)N1N)C(=O)NC(C)(C)C,153920,SOURCE_DOWNLOAD_FAILED: 403 Client Error: Forbidden for url: https://www.tcichemicals.com/BE/en/sds/A3521_EU_6N.pdf | SUPPLEMENTAL_ATTENTION_REQUIRED: SOURCE_SCOPE_NOT_EXACT | SUSPICIOUS_WORKBOOK_INGREDIENT_TEXT | SUPPLEMENTAL_ATTENTION_REQUIRED: NO_HIGHLIGHTED_SOURCE | SOURCE_SCOPE_NOT_EXACT | SUSPICIOUS_WORKBOOK_INGREDIENT_TEXT | SUPPLEMENTAL_ATTENTION_REQUIRED: SOURCE_SCOPE_NOT_EXACT | OCCURRENCE_UNRESOLVED | MANUAL_REVIEW_REQUIRED | SUPPLEMENTAL_ATTENTION_REQUIRED: SOURCE_SCOPE_NOT_EXACT | MANUAL_REVIEW_REQUIRED | SUPPLEMENTAL_ATTENTION_REQUIRED: SOURCE_SCOPE_NOT_EXACT | OCCURRENCE_MISMATCH | MANUAL_REVIEW_REQUIRED
MIX4,0.19% Mesotrione on Fertilizer,MATCH,NO_ACTION,9,1,1,7,104206-82-8 | 107-21-1 | 99734-09-5 | 114535-82-9 | 2634-33-5,CS(=O)(=O)C1=CC(=C(C=C1)C(=O)C2C(=O)CCCC2=O)[N+](=O)[O-] | C(CO)O | C1=CC=C2C(=C1)C(=O)NS2,175967 | 174 | 17520,
MIX399,Penclotrime 310.68 FS,EVIDENCE_WEAK,NO_ACTION,9,5,5,5,71-36-3,CCCCO,263,WORKBOOK_CAS_FOUND_OUTSIDE_SECTION_3
MIX398,Penclo 273.5FS,MATCH,NO_ACTION,9,4,4,4,16961-83-4 | 7732-18-5,[H+].[H+].F[Si-2](F)(F)(F)(F)F | O,21863527 | 962,
MIX397,Penbotec,EVIDENCE_WEAK,NO_ACTION,9,1,1,1,53112-28-0,CC1=CC(=NC(=N1)NC2=CC=CC=C2)C,91650,SECTION_3_NOT_FOUND
MIX396,Nylar Total Release Aerosol 2644,MATCH,NO_ACTION,9,4,3,4,95737-68-1 | 64742-47-8,CC(COC1=CC=C(C=C1)OC2=CC=CC=C2)OC3=CC=CC=N3,91753,
MIX322,Max Kill Dusta-Cide 6,MATCH,NO_ACTION,9,1,1,1,121-75-5,CCOC(=O)CC(C(=O)OCC)SP(=S)(OC)OC,4004,
MIX323,Maxim MZ,MATCH,NO_ACTION,9,2,2,2,8018-01-7 | 131341-86-1,C(CNC(=S)[S-])NC(=S)[S-].C(CNC(=S)[S-])NC(=S)[S-].[Mn+2].[Zn+2] | C1=CC(=C2C(=C1)OC(O2)(F)F)C3=CNC=C3C#N,3034368 | 86398,
MIX372,Pyrasulfotole,MATCH,NO_ACTION,9,1,1,1,365400-11-9,CC1=C(C(=O)N(N1)C)C(=O)C2=C(C=C(C=C2)C(F)(F)F)S(=O)(=O)C,11693711,
MIX394,ORD-X450,EVIDENCE_WEAK,NO_ACTION,9,1,1,3,12-00-8 | 167-00-5,,,INVALID_WORKBOOK_CAS | SOURCE_HAS_CAS_BUT_WORKBOOK_CAS_BLANK
MIX393,NUP-07003 Herbicide,MATCH,NO_ACTION,9,4,6,6,32341-80-3 | 66423-09-4 | 1918-00-9,CC(CN(CC(C)O)CC(C)O)O.C1=CC(=C(C=C1Cl)Cl)OCC(=O)O | CC1=C(C=CC(=C1)Cl)O[C@H](C)C(=O)O.CNC | COC1=C(C=CC(=C1C(=O)O)Cl)Cl,62724 | 68515001 | 3030,
MIX392,ORD-X170,NO_DOWNLOADABLE_SOURCE,NO_ACTION,9,2,2,2,,,,BLANK_INGREDIENT_SOURCE
MIX391,NUP06147,MATCH,NO_ACTION,9,5,3,5,9004-34-6 | 124750-99-8 | 9005-25-8,CCCCC1=NC(=C(N1CC2=CC=C(C=C2)C3=CC=CC=C3C4=NN=N[N-]4)CO)Cl.[K+],11751549,
MIX390,ORD-X042,NO_DOWNLOADABLE_SOURCE,NO_ACTION,9,2,2,2,,,,BLANK_INGREDIENT_SOURCE
MIX39,Azoxystrobin 50 WG,MATCH,NO_ACTION,9,3,3,3,131860-33-8 | 108-95-2 | 1317-65-3,CO/C=C(\C1=CC=CC=C1OC2=NC=NC(=C2)OC3=CC=CC=C3C#N)/C(=O)OC | C1=CC=C(C=C1)O,3034285 | 996,
MIX325,MGK F-2862,MATCH,NO_ACTION,9,5,4,5,8003-34-7 | 51-03-6 | 52645-53-1 | 64742-47-8,CC1=C(C(=O)C[C@@H]1OC(=O)[C@@H]2[C@H](C2(C)C)C=C(C)C)C/C=C\C=C.CC1=C(C(=O)C[C@@H]1OC(=O)[C@@H]2[C@H](C2(C)C)/C=C(\C)/C(=O)OC)C/C=C\C=C | CCCCOCCOCCOCC1=CC2=C(C=C1CCC)OCO2 | CC1(C(C1C(=O)OCC2=CC(=CC=C2)OC3=CC=CC=C3)C=C(Cl)Cl)C,60202781 | 5794 | 40326,
MIX388,Nuosept Bit,MATCH,NO_ACTION,9,2,2,2,2634-33-5 | 1310-73-2,C1=CC=C2C(=C1)C(=O)NS2 | [OH-].[Na+],17520 | 14798,
MIX326,MGK Fogging Concentrate 2922,MATCH,NO_ACTION,9,8,5,8,8003-34-7 | 51-03-6 | 113-48-4 | 95737-68-1 | 66230-04-4 | 64742-47-8,CC1=C(C(=O)C[C@@H]1OC(=O)[C@@H]2[C@H](C2(C)C)C=C(C)C)C/C=C\C=C.CC1=C(C(=O)C[C@@H]1OC(=O)[C@@H]2[C@H](C2(C)C)/C=C(\C)/C(=O)OC)C/C=C\C=C | CCCCOCCOCCOCC1=CC2=C(C=C1CCC)OCO2 | CCCCC(CC)CN1C(=O)[C@H]2[C@@H]3C[C@H]([C@H]2C1=O)C=C3 | CC(COC1=CC=C(C=C1)OC2=CC=CC=C2)OC3=CC=CC=N3 | CC(C)[C@@H](C1=CC=C(C=C1)Cl)C(=O)O[C@H](C#N)C2=CC(=CC=C2)OC3=CC=CC=C3,60202781 | 5794 | 101008927 | 91753 | 10342051,
MIX324,Maxim Quattro,EVIDENCE_WEAK,NO_ACTION,9,5,4,5,57-55-6 | 131860-33-8 | 70630-17-0 | 69516-34-3 | 131341-86-1 | 148-79-8,CC(CO)O | CO/C=C(\C1=CC=CC=C1OC2=NC=NC(=C2)OC3=CC=CC=C3C#N)/C(=O)OC | CC1=C(C(=CC=C1)C)N([C@H](C)C(=O)OC)C(=O)COC | CC1=C(C(=CC=C1)C)N([C@@H](C)C(=O)OC)C(=O)COC | C1=CC(=C2C(=C1)OC(O2)(F)F)C3=CNC=C3C#N | C1=CC=C2C(=C1)NC(=N2)C3=CSC=N3,1030 | 3034285 | 11150163 | 156840 | 86398 | 5430,WORKBOOK_CAS_FOUND_OUTSIDE_SECTION_3
MIX400,Rocima 586,MATCH,NO_ACTION,9,4,4,4,52-51-7 | 26172-55-4 | 2682-20-4 | 10377-60-3,C(C(CO)([N+](=O)[O-])Br)O | CN1C(=O)C=C(S1)Cl | CN1C(=O)C=CS1 | [N+](=O)([O-])[O-].[N+](=O)([O-])[O-].[Mg+2],2450 | 33344 | 39800 | 25212,
MIX371,Pyranha 1-10 PPC Concentrate,MATCH,NO_ACTION,9,3,3,3,8003-34-7 | 51-03-6 | 52645-53-1,CC1=C(C(=O)C[C@@H]1OC(=O)[C@@H]2[C@H](C2(C)C)C=C(C)C)C/C=C\C=C.CC1=C(C(=O)C[C@@H]1OC(=O)[C@@H]2[C@H](C2(C)C)/C=C(\C)/C(=O)OC)C/C=C\C=C | CCCCOCCOCCOCC1=CC2=C(C=C1CCC)OCO2 | CC1(C(C1C(=O)OCC2=CC(=CC=C2)OC3=CC=CC=C3)C=C(Cl)Cl)C,60202781 | 5794 | 40326,
MIX37,Axial Star Herbicide,MATCH,NO_ACTION,9,2,2,3,,,,
MIX355,Olympus Seed Treatment 3,MATCH,NO_ACTION,9,2,2,2,181274-15-7,CCCOC1=NN(C(=O)N1C)C(=O)[N-]S(=O)(=O)C2=CC=CC=C2C(=O)OC.[Na+],12056759,
MIX354,Olympus Flex Herbicide,MATCH,NO_ACTION,9,2,2,2,181274-15-7,CCCOC1=NN(C(=O)N1C)C(=O)[N-]S(=O)(=O)C2=CC=CC=C2C(=O)OC.[Na+],12056759,
MIX353,Mon 37532,NO_DOWNLOADABLE_SOURCE,NO_ACTION,9,1,1,1,,,,BLANK_INGREDIENT_SOURCE
MIX352,NipsIt Canola Suite Seed Protectant,MATCH,NO_ACTION,9,4,4,4,210880-92-5 | 125116-23-6 | 57837-19-1 | 57-55-6,CN/C(=N\[N+](=O)[O-])/NCC1=CN=C(S1)Cl | CC1(CCC(C1(CN2C=NC=N2)O)CC3=CC=C(C=C3)Cl)C | CC1=C(C(=CC=C1)C)N(C(C)C(=O)OC)C(=O)COC | CC(CO)O,86287519 | 86210 | 42586 | 1030,
MIX351,Mon 37500,EVIDENCE_WEAK,NO_ACTION,9,1,3,3,64741-64-6 | 274-00-9 | 64741-70-4 | 277-00-5 | 637-92-3 | 110-54-3 | 37-00-0,,12512 | 8058,INVALID_WORKBOOK_CAS
MIX350,Nipacide CMX,SOURCE_UNAVAILABLE,NO_ACTION,9,1,1,1,88-04-0,,2723,SOURCE_TEXT_EXTRACTION_FAILED: 
MIX339,MZ 75DF Agricultural Fungicide,EVIDENCE_WEAK,NO_ACTION,9,2,2,2,,,,SOURCE_HAS_CAS_BUT_WORKBOOK_CAS_BLANK
MIX35,Aloft LC G Insecticide,SOURCE_UNAVAILABLE,NO_ACTION,9,2,2,2,,,,SOURCE_TEXT_EXTRACTION_FAILED: 
MIX349,Molluscicide Mesurol 2% Bait,EVIDENCE_WEAK,NO_ACTION,9,1,1,1,,,,SOURCE_HAS_CAS_BUT_WORKBOOK_CAS_BLANK
MIX348,Nicosulfuron 40SC,MATCH,NO_ACTION,9,1,1,1,111991-09-4,CN(C)C(=O)C1=C(N=CC=C1)S(=O)(=O)NC(=O)NC2=NC(=CC(=N2)OC)OC,73281,
MIX347,MKH 3586,EVIDENCE_WEAK,NO_ACTION,9,1,1,1,,,,SECTION_3_NOT_FOUND
MIX346,Mitin FF Liquid,EVIDENCE_WEAK,NO_ACTION,9,1,1,2,,,,SECTION_3_NOT_FOUND
MIX345,NEU1171H,EVIDENCE_WEAK,NO_ACTION,9,1,3,3,64742-48-9 | 107-98-2 | 64-00-3 | 27253-31-2,,7900 | 24899422,INVALID_WORKBOOK_CAS
MIX344,Neporax 25G,MATCH,NO_ACTION,9,1,1,1,66215-27-8,,47866,
MIX343,Neo Chlor Spa Angel Tab,EVIDENCE_WEAK,NO_ACTION,9,1,2,4,7758-19-2 | 7732-18-5,[O-]Cl=O.[Na+] | O,23668197 | 962,WORKBOOK_CAS_FOUND_OUTSIDE_SECTION_3
MIX342,Nemathorin 500EC,EVIDENCE_WEAK,NO_ACTION,9,1,1,4,98886-44-3 | 168-00-0,CCC(C)SP(=O)(N1CCSC1=O)OCC,91758,INVALID_WORKBOOK_CAS
MIX341,Navigator 80WG Termticide/Insecticide,MATCH,NO_ACTION,9,1,1,1,120068-37-3,C1=C(C=C(C(=C1Cl)N2C(=C(C(=N2)C#N)S(=O)C(F)(F)F)N)Cl)C(F)(F)F,3352,
MIX356,Optigard Cockroach Bait,MATCH,NO_ACTION,9,7,1,7,57-50-1 | 58-56-0 | 59-67-6 | 64-19-7 | 9005-25-8 | 51229-78-8 | 155569-91-8,C([C@@H]1[C@H]([C@@H]([C@H]([C@H](O1)O[C@]2([C@H]([C@@H]([C@H](O2)CO)O)O)CO)O)O)O)O | CC1=NC=C(C(=C1O)CO)CO.Cl | C1=CC(=CN=C1)C(=O)O | CC(=O)O | C1N2CN3CN1C[N+](C2)(C3)C/C=C\Cl.[Cl-] | CC[C@H](C)[C@@H]1[C@H](C=C[C@@]2(O1)C[C@@H]3C[C@H](O2)C/C=C(/[C@H]([C@H](/C=C/C=C/4\CO[C@H]5[C@@]4([C@@H](C=C([C@H]5O)C)C(=O)O3)O)C)O[C@H]6C[C@@H]([C@H]([C@@H](O6)C)O[C@H]7C[C@@H]([C@H]([C@@H](O7)C)NC)OC)OC)\C)C.C1=CC=C(C=C1)C(=O)O,5988 | 6019 | 938 | 176 | 6435993 | 11650986,
MIX357,DuPont Prequel Herbicide,MATCH,NO_ACTION,9,2,4,6,122931-48-0 | 141112-29-0,CCS(=O)(=O)C1=C(N=CC=C1)S(=O)(=O)NC(=O)NC2=NC(=CC(=N2)OC)OC | CS(=O)(=O)C1=C(C=CC(=C1)C(F)(F)F)C(=O)C2=C(ON=C2)C3CC3 | OP(=O)([O-])[O-].[Na+].[Na+],91779 | 84098 | 24203,
MIX358,Prevamite,MATCH,NO_ACTION,9,1,1,1,149877-41-8,CC(C)OC(=O)NNC1=C(C=CC(=C1)C2=CC=CC=C2)OC,176879,
MIX359,Preventol A14-D,EVIDENCE_WEAK,NO_ACTION,9,3,3,5,,,,SECTION_3_NOT_FOUND
MIX332,MGK Formula 2980,MATCH,NO_ACTION,9,3,3,3,8003-34-7 | 52645-53-1 | 51-03-6,CC1=C(C(=O)C[C@@H]1OC(=O)[C@@H]2[C@H](C2(C)C)C=C(C)C)C/C=C\C=C.CC1=C(C(=O)C[C@@H]1OC(=O)[C@@H]2[C@H](C2(C)C)/C=C(\C)/C(=O)OC)C/C=C\C=C | CC1(C(C1C(=O)OCC2=CC(=CC=C2)OC3=CC=CC=C3)C=C(Cl)Cl)C | CCCCOCCOCCOCC1=CC2=C(C=C1CCC)OCO2,60202781 | 40326 | 5794,
MIX369,Prothioconazole Fungicide,MATCH,NO_ACTION,9,4,4,4,178928-70-6 | 107534-96-3 | 577-11-7 | 119432-41-6,C1CC1(C(CC2=CC=CC=C2Cl)(CN3C(=S)N=CN3)O)Cl | CC(C)(C)C(CCC1=CC=C(C=C1)Cl)(CN2C=NC=N2)O | CCCCC(CC)COC(=O)CC(C(=O)OCC(CC)CCCC)S(=O)(=O)[O-].[Na+] | CC(C1=CC=CC=C1)C2=CC(=C(C(=C2)C(C)C3=CC=CC=C3)OCCOS(=O)(=O)O)C(C)C4=CC=CC=C4.N,6451142 | 86102 | 23673837 | 177784777,
MIX368,Prosper T400 Insecticide and Fungicide,MATCH,NO_ACTION,9,8,6,8,210880-92-5 | 494793-67-8 | 141517-21-7 | 57837-19-1 | 57-55-6 | 13463-67-7 | 9003-11-6,CN/C(=N\[N+](=O)[O-])/NCC1=CN=C(S1)Cl | CC1=NN(C(=C1C(=O)NC2=CC=CC=C2C(C)CC(C)C)F)C | C/C(=N\OCC1=CC=CC=C1/C(=N\OC)/C(=O)OC)/C2=CC(=CC=C2)C(F)(F)F | CC1=C(C(=CC=C1)C)N(C(C)C(=O)OC)C(=O)COC | CC(CO)O | O=[Ti]=O,86287519 | 11674113 | 11664966 | 42586 | 1030 | 26042,
MIX367,Propiconazole 0.51% Granular Fungicide,MATCH,NO_ACTION,9,1,1,1,60207-90-1,CCCC1COC(O1)(CN2C=NC=N2)C3=C(C=C(C=C3)Cl)Cl,43234,
MIX366,Propiconazole(93%),SOURCE_UNAVAILABLE,NO_ACTION,9,2,2,2,60207-90-1 | 108-88-3,CCCC1COC(O1)(CN2C=NC=N2)C3=C(C=C(C=C3)Cl)Cl | CC1=CC=CC=C1,43234 | 1140,SOURCE_DOWNLOAD_FAILED: 404 Client Error: Not Found for url: https://horticentre.co.nz/wp-content/uploads/SafetyDatasheets/Pro-P-Orion-SDS.pdf?ver=1757329451
MIX365,Prohexadione calcium(27.5%),MATCH,NO_ACTION,9,4,4,6,127277-53-6 | 7783-20-2 | 1344-95-2 | 7631-86-9,CCC(=O)C1C(=O)CC(CC1=O)C(=O)O | [NH4+].[NH4+].[O-]S(=O)(=O)[O-] | O[Si](O)(O)[O-].O[Si](O)(O)[O-].[Ca+2] | O=[Si]=O,184900 | 6097028 | 73415800 | 24261,
MIX364,Prohexadione calcium(89.9%),MISMATCH,NO_ACTION,9,1,1,1,,,,SOURCE_DOWNLOAD_FAILED: 429 Client Error: Too Many Requests for url: https://www.sigmaaldrich.com/IN/en/sds/sial/31713?srsltid=AfmBOorX48cGTU09_Bghy3l8b9k2gaAy_QHN24k_KMof5YchLlbeyxsC | SUPPLEMENTAL_ATTENTION_REQUIRED: SUSPICIOUS_WORKBOOK_INGREDIENT_TEXT | SUPPLEMENTAL_ATTENTION_REQUIRED: NO_HIGHLIGHTED_SOURCE | SOURCE_SCOPE_NOT_EXACT | SUSPICIOUS_WORKBOOK_INGREDIENT_TEXT | SUPPLEMENTAL_ATTENTION_REQUIRED: SOURCE_SCOPE_NOT_EXACT | SUSPICIOUS_WORKBOOK_INGREDIENT_TEXT | SUPPLEMENTAL_ATTENTION_REQUIRED: SOURCE_SCOPE_NOT_EXACT | OCCURRENCE_UNRESOLVED | MANUAL_REVIEW_REQUIRED | SUPPLEMENTAL_ATTENTION_REQUIRED: SOURCE_SCOPE_NOT_EXACT | NO_LINKED_SUPPLEMENTAL_ARTIFACTS | OCCURRENCE_UNRESOLVED | MANUAL_REVIEW_REQUIRED
MIX333,Mon 8411,MATCH,NO_ACTION,9,2,2,2,627-91-8,COC(=O)CCCCC(=O)O,12328,
MIX370,Punjab Tebuconazole,EVIDENCE_WEAK,NO_ACTION,9,2,1,2,107534-96-3 | 197-00-7,CC(C)(C)C(CCC1=CC=C(C=C1)Cl)(CN2C=NC=N2)O,86102,INVALID_WORKBOOK_CAS
MIX363,Prodiamine/Diquat/Glyphosphate EW Concentrate,EVIDENCE_WEAK,NO_ACTION,9,3,3,3,,,,SOURCE_HAS_CAS_BUT_WORKBOOK_CAS_BLANK
MIX334,Mon 8434 Herbicide,MATCH,NO_ACTION,9,7,6,7,78-93-3 | 68410-23-1 | 67-63-0 | 71-36-3 | 112-24-3,CCC(=O)C | CC(C)O | CCCCO | C(CNCCNCCN)N,6569 | 3776 | 263 | 5565,
MIX361,Preventol P 91,MATCH,NO_ACTION,9,4,5,5,10377-60-3 | 26172-55-4 | 2682-20-4,[N+](=O)([O-])[O-].[N+](=O)([O-])[O-].[Mg+2] | CN1C(=O)C=C(S1)Cl | CN1C(=O)C=CS1,25212 | 33344 | 39800,
MIX335,Movento 240 SC Insecticide,MATCH,NO_ACTION,9,3,3,3,203313-25-1 | 64366-70-7 | 128-37-0 | 8001-21-6,,9969573 | 31404,
MIX336,Multicide Crawling Insect Killer 28651,MISMATCH,NO_ACTION,9,8,7,8,75-28-5 | 64742-47-8 | 74-98-6 | 52645-53-1 | 8003-34-7 | 51-03-6,CC(C)C | CCC | CC1(C(C1C(=O)OCC2=CC(=CC=C2)OC3=CC=CC=C3)C=C(Cl)Cl)C | CC1=C(C(=O)C[C@@H]1OC(=O)[C@@H]2[C@H](C2(C)C)C=C(C)C)C/C=C\C=C.CC1=C(C(=O)C[C@@H]1OC(=O)[C@@H]2[C@H](C2(C)C)/C=C(\C)/C(=O)OC)C/C=C\C=C | CCCCOCCOCCOCC1=CC2=C(C=C1CCC)OCO2,6360 | 6334 | 40326 | 60202781 | 5794,SECTION_3_NOT_FOUND | WORKBOOK_CAS_NOT_FOUND_IN_SOURCE
MIX337,Micromite 80WG,MATCH,NO_ACTION,9,3,1,4,35367-38-5 | 18063-03-1 | 1332-58-7,C1=CC(=C(C(=C1)F)C(=O)NC(=O)NC2=CC=C(C=C2)Cl)F | C1=CC(=C(C(=C1)F)C(=O)N)F,37123 | 87439,
MIX360,Preventol BIT 20N,EVIDENCE_WEAK,NO_ACTION,9,1,1,10,,,,SECTION_3_NOT_FOUND
MIX36,Axial BIA Herbicide,MATCH,NO_ACTION,9,1,1,2,97-99-4 | 243973-20-8 | 91-20-3 | 99607-70-2,C1CC(OC1)CO | CCC1=CC(=CC(=C1C2=C(N3CCOCCN3C2=O)OC(=O)C(C)(C)C)CC)C | C1=CC=C2C=CC=CC2=C1 | CCCCCC(C)OC(=O)COC1=C2C(=C(C=C1)Cl)C=CC=N2,7360 | 210326 | 931 | 93528,
MIX338,Mycostat BX2,MATCH,NO_ACTION,9,1,1,2,,,,
MIX362,Proceed MD Fungicide,MATCH,NO_ACTION,9,5,4,5,107534-96-3 | 57837-19-1 | 178928-70-6 | 61791-26-2 | 57-55-6,CC(C)(C)C(CCC1=CC=C(C=C1)Cl)(CN2C=NC=N2)O | CC1=C(C(=CC=C1)C)N(C(C)C(=O)OC)C(=O)COC | C1CC1(C(CC2=CC=CC=C2Cl)(CN3C(=S)N=CN3)O)Cl | CC(CO)O,86102 | 42586 | 6451142 | 1030,
MIX445,Sharda Glyphosate,MISMATCH,NO_ACTION,9,3,3,3,38641-94-0 | 431040-31-2,CC(C)N.C(C(=O)O)NCP(=O)(O)O | CC(CN)O.OP(=O)(O)O,38078 | 172028,SECTION_3_HAS_EXTRA_SOURCE_CAS
MIX401,Penflufen TC,EVIDENCE_WEAK,NO_ACTION,9,1,1,1,494793-67-8,CC1=NN(C(=C1C(=O)NC2=CC=CC=C2C(C)CC(C)C)F)C,11674113,WORKBOOK_CAS_FOUND_OUTSIDE_SECTION_3
MIX403,Rotam 2F Ornamental Insecticide,MISMATCH,NO_ACTION,9,3,3,3,71751-41-2 | 65195-56-4,CC[C@H](C)[C@@H]1[C@H](C=C[C@@]2(O1)C[C@@H]3C[C@H](O2)C/C=C(/[C@H]([C@H](/C=C/C=C/4\CO[C@H]5[C@@]4([C@@H](C=C([C@H]5O)C)C(=O)O3)O)C)O[C@H]6C[C@@H]([C@H]([C@@H](O6)C)O[C@H]7C[C@@H]([C@H]([C@@H](O7)C)O)OC)OC)\C)C.C[C@H]1/C=C/C=C/2\CO[C@H]3[C@@]2([C@@H](C=C([C@H]3O)C)C(=O)O[C@H]4C[C@@H](C/C=C(/[C@H]1O[C@H]5C[C@@H]([C@H]([C@@H](O5)C)O[C@H]6C[C@@H]([C@H]([C@@H](O6)C)O)OC)OC)\C)O[C@]7(C4)C=C[C@@H]([C@H](O7)C(C)C)C)O | C[C@H]1/C=C/C=C/2\CO[C@H]3[C@@]2([C@@H](C=C([C@H]3O)C)C(=O)O[C@H]4C[C@@H](C/C=C(/[C@H]1O[C@H]5C[C@@H]([C@H]([C@@H](O5)C)O[C@H]6C[C@@H]([C@H]([C@@H](O6)C)O)OC)OC)\C)O[C@]7(C4)C=C[C@@H]([C@H](O7)C(C)C)C)O,9920327 | 6858005,SECTION_3_HAS_EXTRA_SOURCE_CAS
MIX437,Secure Fungicide,MATCH,NO_ACTION,9,5,5,5,79622-59-6 | 57-55-6 | 112926-00-8,C1=C(C=NC(=C1Cl)NC2=C(C=C(C(=C2[N+](=O)[O-])Cl)C(F)(F)F)[N+](=O)[O-])C(F)(F)F | CC(CO)O | O=[Si]=O,91731 | 1030 | 24261,
MIX436,Shield Herbicide,EVIDENCE_WEAK,NO_ACTION,9,3,3,3,57754-85-5 | 118-74-1 | 65-00-6,,162839 | 8370,INVALID_WORKBOOK_CAS
MIX300,Lonza Formulation R-82,MATCH,NO_ACTION,9,3,3,6,68439-46-3 | 57-55-6 | 68585-34-2,CC(CO)O,1030,
MIX435,Scorpion Insecticide,MATCH,NO_ACTION,9,6,5,6,23031-36-9 | 66230-04-4 | 113-48-4 | 64742-47-8 | 75-28-5,CC1=C(C(=O)CC1OC(=O)C2C(C2(C)C)C=C(C)C)CC#C | CC(C)[C@@H](C1=CC=C(C=C1)Cl)C(=O)O[C@H](C#N)C2=CC(=CC=C2)OC3=CC=CC=C3 | CCCCC(CC)CN1C(=O)[C@H]2[C@@H]3C[C@H]([C@H]2C1=O)C=C3 | CC(C)C,9839306 | 10342051 | 101008927 | 6360,
MIX301,MCPP-P,MATCH,NO_ACTION,9,1,2,2,16484-77-8,CC1=C(C=CC(=C1)Cl)O[C@H](C)C(=O)O,185588,
MIX434,Scimitar GR Insecticide,EVIDENCE_WEAK,NO_ACTION,9,1,1,5,,,,SOURCE_HAS_CAS_BUT_WORKBOOK_CAS_BLANK
MIX302,MCSI Hydroprene Cockroack Killer Fogger,MATCH,NO_ACTION,9,8,7,8,65733-18-8 | 64742-47-8 | 74-98-6 | 106-97-8,CCOC(=O)/C=C(\C)/C=C/C[C@@H](C)CCCC(C)C | CCC | CCCC,5282198 | 6334 | 7843,
MIX433,Scala brand SC Pyrimenthanil,MATCH,NO_ACTION,9,3,3,3,53112-28-0 | 68512-35-6 | 2634-33-5 | 57-55-6,,91650 | 17520 | 1030,
MIX304,Medallion,MATCH,NO_ACTION,9,1,1,4,8042-47-5 | 64742-46-7 | 112-34-5,CCCCOCCOCCO,8177,
MIX432,SC 480 Herbicide,MATCH,NO_ACTION,9,2,2,2,21087-64-9,CC(C)(C)C1=NN=C(N(C1=O)N)SC,30479,
MIX305,Mediclean Carpet Sanitizer,EVIDENCE_WEAK,NO_ACTION,9,4,3,3,,,,SOURCE_HAS_CAS_BUT_WORKBOOK_CAS_BLANK
MIX431,Precise Acephate,EVIDENCE_WEAK,NO_ACTION,9,1,2,3,30560-19-1 | 79-00-7,CC(=O)NP(=O)(OC)SC,1982,INVALID_WORKBOOK_CAS
MIX306,Lonza Formulation FC-600,SOURCE_UNAVAILABLE,NO_ACTION,9,1,1,1,7732-18-5,O,962,SOURCE_DOWNLOAD_FAILED: 404 Client Error: Not Found for url: https://bioscience.lonza.com/lonza_bs/KR/en/404
MIX307,Mefenoxam,MISMATCH,NO_ACTION,9,3,3,3,1897-45-6 | 70630-17-0 | 2634-33-5,C(#N)C1=C(C(=C(C(=C1Cl)Cl)Cl)C#N)Cl | CC1=C(C(=CC=C1)C)N([C@H](C)C(=O)OC)C(=O)COC | C1=CC=C2C(=C1)C(=O)NS2,15910 | 11150163 | 17520,SOURCE_DOWNLOAD_FAILED: 403 Client Error: Forbidden for url: https://www.adama.com/south-africa/sites/adama_south_africa/files/downloads/adama_mefenoxam_plus_sds_v1.0_20200625.pdf | SUPPLEMENTAL_ATTENTION_REQUIRED: SOURCE_SCOPE_NOT_EXACT | WORKBOOK_CAS_NOT_FOUND_IN_SOURCE | WORKBOOK_INGREDIENT_NOT_FOUND_IN_SOURCE | SUSPICIOUS_WORKBOOK_INGREDIENT_TEXT | SUPPLEMENTAL_ATTENTION_REQUIRED: NO_HIGHLIGHTED_SOURCE | SOURCE_SCOPE_NOT_EXACT | WORKBOOK_CAS_NOT_FOUND_IN_SOURCE | WORKBOOK_INGREDIENT_NOT_FOUND_IN_SOURCE | SUSPICIOUS_WORKBOOK_INGREDIENT_TEXT | SUPPLEMENTAL_ATTENTION_REQUIRED: SOURCE_SCOPE_NOT_EXACT | OCCURRENCE_MISMATCH | OCCURRENCE_UNRESOLVED | MANUAL_REVIEW_REQUIRED | SUPPLEMENTAL_ATTENTION_REQUIRED: SOURCE_SCOPE_NOT_EXACT | OCCURRENCE_MISMATCH | MANUAL_REVIEW_REQUIRED
MIX430,Sativa IMX Max,EVIDENCE_WEAK,NO_ACTION,9,4,29,29,2159055-70-4 | 80-56-8 | 123-35-3 | 138-86-3 | 29-00-7 | 87-44-5 | 127-91-3 | 3779-61-1 | 6753-98-6 | 586-62-9 | 3691-12-1 | 13474-59-4 | 78-70-6 | 235-00-2 | 3691-11-0 | 470-82-6 | 555-10-2 | 79-92-5 | 98-55-5 | 3338-55-4 | 502-61-4 | 2639-63-6 | 507-70-0 | 495-61-4 | 99-83-2 | 118-65-0 | 99-85-4 | 99-86-5,,6654 | 31253 | 22311 | 5281515 | 14896 | 5281553 | 5281520 | 11463 | 5317844 | 6429302 | 6549 | 94275 | 2758 | 11142 | 6616 | 17100 | 5320250 | 5281516 | 17525 | 64685 | 10104370 | 7460 | 5281522 | 7461 | 7462,INVALID_WORKBOOK_CAS
MIX43,Amitraz(12.5%),MATCH,NO_ACTION,9,1,1,1,33089-61-1,CC1=CC(=C(C=C1)N=CN(C)C=NC2=C(C=C(C=C2)C)C)C,36324,
MIX429,Polyphase 663,MISMATCH,NO_ACTION,9,3,3,4,,CCCCNC(=O)OCC#CI | COC(=O)NC1=NC2=CC=CC=C2N1 | CN(C)C(=O)NC1=CC(=C(C=C1)Cl)Cl,62097 | 25429 | 3120,SECTION_3_NOT_FOUND | WORKBOOK_INGREDIENT_NAMES_NOT_FOUND_IN_SOURCE
MIX438,Shooter Insecticide,MATCH,NO_ACTION,9,3,2,3,68476-86-8,,,
MIX30,Allectus SC Insecticide,MATCH,NO_ACTION,9,11,11,11,138261-41-3 | 82657-04-3 | 471-34-1 | 57-13-6 | 7447-40-7 | 7778-80-5 | 7722-76-1 | 7783-28-0 | 8047-67-4 | 7704-34-9 | 14808-60-7,C1CN(/C(=N/[N+](=O)[O-])/N1)CC2=CN=C(C=C2)Cl | CC1=C(C=CC=C1C2=CC=CC=C2)COC(=O)[C@@H]3[C@@H](C3(C)C)/C=C(/C(F)(F)F)\Cl | C(=O)([O-])[O-].[Ca+2] | C(=O)(N)N | [Cl-].[K+] | [O-]S(=O)(=O)[O-].[K+].[K+] | [NH4+].OP(=O)(O)[O-] | [NH4+].[NH4+].OP(=O)([O-])[O-] | C([C@@H]1[C@H]([C@@H]([C@H]([C@H](O1)O[C@]2([C@H]([C@@H]([C@H](O2)CO)O)O)CO)O)O)O)O.O.O.O.[OH-].[O-2].[O-2].[O-2].[O-2].[O-2].[O-2].[O-2].[O-2].[Na+].[Na+].[Fe+3].[Fe+3].[Fe+3].[Fe+3].[Fe+3] | S | O=[Si]=O,86287518 | 6442842 | 10112 | 1176 | 4873 | 24507 | 24402 | 24540 | 91663255 | 5362487 | 24261,
MIX3,Acrobat 50WP Fungicide,MATCH,NO_ACTION,9,3,3,3,110488-70-5 | 1322-93-6 | 14808-60-7 | 1332-58-7,,86298 | 162217 | 24261,
MIX299,Justice Insecticide,EVIDENCE_WEAK,NO_ACTION,9,2,2,4,189278-12-4 | 211-00-1 | 1335202-81-7 | 26264-06-2 | 104-76-7,CCCN1C(=O)C2=C(C=CC(=C2)I)N=C1OCCC | CCCCCCCCCCCC.CCCCCCCCCCCC.C1=CC=C(C=C1)S(=O)(=O)[O-].C1=CC=C(C=C1)S(=O)(=O)[O-].[Ca+2] | CCCCC(CC)CO,11057771 | 156614057 | 7720,INVALID_WORKBOOK_CAS
MIX288,Lancer Gold Insecticide,MATCH,NO_ACTION,9,2,2,6,64742-94-5 | 82657-04-3 | 872-50-4,CC1=C(C=CC=C1C2=CC=CC=C2)COC(=O)[C@@H]3[C@@H](C3(C)C)/C=C(/C(F)(F)F)\Cl | CN1CCCC1=O,6442842 | 13387,
MIX289,Larvadex,EVIDENCE_WEAK,NO_ACTION,9,2,1,1,66215-27-8,,,WORKBOOK_CAS_FOUND_OUTSIDE_SECTION_3
MIX443,Senator 600 FS,MATCH,NO_ACTION,9,2,2,2,138261-41-3 | 56-81-5,C1CN(/C(=N/[N+](=O)[O-])/N1)CC2=CN=C(C=C2)Cl | C(C(CO)O)O,86287518 | 753,
MIX29,Aldicarb 15% WG,MISMATCH,NO_ACTION,9,1,1,1,,,,SOURCE_DOWNLOAD_FAILED: 429 Client Error: Too Many Requests for url: https://www.sigmaaldrich.com/IN/en/sds/sial/33386?srsltid=AfmBOopJhViFsqIPWeI5NjK1X0CbKUUtXVLL_iMGUsNCxsiHGNPic4to | SUPPLEMENTAL_ATTENTION_REQUIRED: SUSPICIOUS_WORKBOOK_INGREDIENT_TEXT | SUPPLEMENTAL_ATTENTION_REQUIRED: NO_HIGHLIGHTED_SOURCE | SOURCE_SCOPE_NOT_EXACT | SUSPICIOUS_WORKBOOK_INGREDIENT_TEXT | SUPPLEMENTAL_ATTENTION_REQUIRED: SOURCE_SCOPE_NOT_EXACT | SUSPICIOUS_WORKBOOK_INGREDIENT_TEXT | SUPPLEMENTAL_ATTENTION_REQUIRED: SOURCE_SCOPE_NOT_EXACT | OCCURRENCE_UNRESOLVED | MANUAL_REVIEW_REQUIRED | SUPPLEMENTAL_ATTENTION_REQUIRED: SOURCE_SCOPE_NOT_EXACT | NO_LINKED_SUPPLEMENTAL_ARTIFACTS | OCCURRENCE_UNRESOLVED | MANUAL_REVIEW_REQUIRED
MIX290,Larvin 500 Thiodicarb Insecticede for Cotton,MATCH,NO_ACTION,9,4,3,4,59669-26-0 | 26264-05-1 | 112926-00-8 | 57-55-6,CC(=NOC(=O)N(C)SN(C)C(=O)ON=C(C)SC)SC | O=[Si]=O | CC(CO)O,62155 | 24261 | 1030,
MIX291,Lawn 3FL Herbicide Granule,MATCH,NO_ACTION,9,6,6,6,2008-39-1 | 66423-09-4 | 2300-66-5,CNC.C1=CC(=C(C=C1Cl)Cl)OCC(=O)O | CC1=C(C=CC(=C1)Cl)O[C@H](C)C(=O)O.CNC | CNC.COC1=C(C=CC(=C1C(=O)O)Cl)Cl,16180 | 68515001 | 16811,
MIX292,Lawn 3FL2 Herbicide GR,EVIDENCE_WEAK,NO_ACTION,9,4,4,4,317815-83-1,CC1=C(C(=CS1)C(=O)OC)S(=O)(=O)NC(=O)N2C(=O)N(C(=N2)OC)C,11205153,SECTION_3_NOT_FOUND
MIX442,Sigma Ecol HS Antifouling Paint,MATCH,NO_ACTION,9,11,9,11,1317-39-1 | 1330-20-7 | 8050-09-7 | 1314-13-2 | 108-10-1 | 25154-85-2 | 330-54-1 | 100-41-4 | 14807-96-6 | 1317-38-0 | 7440-50-8,O=[Cu].[Cu] | [O-2].[Zn+2] | CC(C)CC(=O)C | CN(C)C(=O)NC1=CC(=C(C=C1)Cl)Cl | CCC1=CC=CC=C1 | [OH-].[OH-].[O-][Si]12O[Si]3(O[Si](O1)(O[Si](O2)(O3)[O-])[O-])[O-].[Mg+2].[Mg+2].[Mg+2] | [O-2].[Cu+2] | [Cu],18346908 | 3007857 | 7909 | 3120 | 7500 | 165411828 | 164827 | 23978,
MIX428,Platinum 75SG,MATCH,NO_ACTION,9,2,2,2,7440-06-4,[Pt],23939,
MIX441,Sedaxane 50FS A16148C,MATCH,NO_ACTION,9,1,1,1,874967-67-6,CN1C=C(C(=N1)C(F)F)C(=O)NC2=CC=CC=C2C3CC3C4CC4,11688533,
MIX293,Iprodione 4F Fungicide,EVIDENCE_WEAK,NO_ACTION,9,1,1,1,36734-19-7,CC(C)NC(=O)N1CC(=O)N(C1=O)C2=CC(=CC(=C2)Cl)Cl,37517,WORKBOOK_CAS_FOUND_OUTSIDE_SECTION_3
MIX34,Aloft GC SC Insecticide,EVIDENCE_WEAK,NO_ACTION,9,3,2,2,,,,SECTION_3_NOT_FOUND
MIX44,Amitraz(98%),EVIDENCE_WEAK,NO_ACTION,9,1,1,1,33089-61-1 | 86-00-2,,36324,INVALID_WORKBOOK_CAS
MIX295,LG Permethrin,MATCH,NO_ACTION,9,2,1,4,52645-53-1 | 70693-06-0,CC1(C(C1C(=O)OCC2=CC(=CC=C2)OC3=CC=CC=C3)C=C(Cl)Cl)C,40326,
MIX296,Jingma Glyphosate,EVIDENCE_WEAK,NO_ACTION,9,1,1,1,1071-83-6 | 315-00-8,,3496,INVALID_WORKBOOK_CAS
MIX297,Liberty 280 SL Herbicide,MATCH,NO_ACTION,9,5,4,5,77182-82-2 | 68585-34-2 | 107-98-2 | 25265-71-8 | 68515-73-1,CP(=O)(CCC(C(=O)[O-])N)O.[NH4+] | CC(COC)O | CC(CO)OC(C)CO.CC(COCC(C)O)O,53597 | 7900 | 134692469,
MIX298,Liberty ATZ Herbicide,MISMATCH,NO_ACTION,9,2,2,2,,CCNC1=NC(=NC(=N1)Cl)NC(C)C | CP(=O)(CCC(C(=O)O)N)O,2256 | 4794,SECTION_3_NOT_FOUND | WORKBOOK_INGREDIENT_NAMES_NOT_FOUND_IN_SOURCE
MIX439,Secure Dry Insecticide,EVIDENCE_WEAK,NO_ACTION,9,4,4,4,134-62-3 | 64-17-5 | 75-28-5 | 106-97-8,CCN(CC)C(=O)C1=CC=CC(=C1)C | CCO | CC(C)C | CCCC,4284 | 702 | 6360 | 7843,WORKBOOK_CAS_FOUND_OUTSIDE_SECTION_3
MIX440,Sedaxane,NO_WORKBOOK_INGREDIENTS,NO_ACTION,9,1,1,1,,C(C(CO)O)O | O=[Ti]=O | CC(CO)O | [OH-].[OH-].[O-][Si]12O[Si]3(O[Si](O1)(O[Si](O2)(O3)[O-])[O-])[O-].[Mg+2].[Mg+2].[Mg+2] | CC1COC(O1)(CN2C=NC=N2)C3=C(C=C(C=C3)OC4=CC=C(C=C4)Cl)Cl | CC1=C(C(=CC=C1)C)N([C@@H](C)C(=O)OC)C(=O)COC | CCCNC(=O)NC1=CC=C(C=C1)[N+](=O)[O-] | CN\1COCN(/C1=N/[N+](=O)[O-])CC2=CN=C(S2)Cl | CN1C=C(C(=N1)C(F)F)C(=O)NC2=CC=CC=C2C3CC3C4CC4,753 | 26042 | 1030 | 165411828 | 86173 | 156840 | 166777 | 5821911 | 11688533,SOURCE_HAS_CAS_BUT_WORKBOOK_CAS_BLANK | WORKBOOK_MISSING_INGREDIENTS_WITH_SOURCE_EVIDENCE
MIX402,Penoxsulam,MISMATCH,NO_ACTION,9,1,1,1,219714-96-2,COC1=CN=C(N2C1=NC(=N2)NS(=O)(=O)C3=C(C=CC=C3OCC(F)F)C(F)(F)F)OC,11784975,SOURCE_DOWNLOAD_FAILED: 403 Client Error: Forbidden for url: https://www.tcichemicals.com/BE/en/sds/P3037_EU_6N.pdf | SUPPLEMENTAL_ATTENTION_REQUIRED: SOURCE_SCOPE_NOT_EXACT | SUSPICIOUS_WORKBOOK_INGREDIENT_TEXT | SUPPLEMENTAL_ATTENTION_REQUIRED: NO_HIGHLIGHTED_SOURCE | SOURCE_SCOPE_NOT_EXACT | SUSPICIOUS_WORKBOOK_INGREDIENT_TEXT | SUPPLEMENTAL_ATTENTION_REQUIRED: SOURCE_SCOPE_NOT_EXACT | OCCURRENCE_UNRESOLVED | MANUAL_REVIEW_REQUIRED | SUPPLEMENTAL_ATTENTION_REQUIRED: SOURCE_SCOPE_NOT_EXACT | OCCURRENCE_MISMATCH | MANUAL_REVIEW_REQUIRED
MIX308,LPI 6365-18 Fungicide,MATCH,NO_ACTION,9,3,3,3,7758-98-7 | 8062-15-5,[O-]S(=O)(=O)[O-].[Cu+2] | COC1=CC=CC(=C1O)CC(CS(=O)(=O)O)OC2=C(C=C(C=C2)CCCS(=O)(=O)O)OC,24462 | 24712,
MIX309,Mergal K10N,EVIDENCE_WEAK,NO_ACTION,9,1,1,1,,,,SECTION_3_NOT_FOUND
MIX314,Metarex 4% Snail and Slug Bait,SOURCE_UNAVAILABLE,NO_ACTION,9,1,1,1,108-62-3,CC1OC(OC(OC(O1)C)C)C,61021,SOURCE_DOWNLOAD_FAILED: 404 Client Error: Not Found for url: https://horticentre.co.nz/wp-content/uploads/SafetyDatasheets/Metarex-Inov-UPL-SDS.pdf
MIX315,Metrafenone Fungicide,MATCH,NO_ACTION,9,1,1,1,220899-03-6,CC1=CC(=C(C(=C1C(=O)C2=C(C=CC(=C2C)Br)OC)OC)OC)OC,6451057,
MIX411,Penthiopyrad,EVIDENCE_WEAK,NO_ACTION,9,1,1,1,183675-82-3,CC(C)CC(C)C1=C(C=CS1)NC(=O)C2=CN(N=C2C(F)(F)F)C,11388558,WORKBOOK_CAS_FOUND_OUTSIDE_SECTION_3
MIX316,Metribuzin + Flufenacet,MATCH,NO_ACTION,9,5,4,5,21087-64-9 | 1332-58-7 | 9084-06-4 | 1344-00-9,CC(C)(C)C1=NN=C(N(C1=O)N)SC | O.[O-2].[O-2].[O-2].[O-2].[O-2].[O-2].[Na+].[Na+].[Al+3].[Al+3].[Si+4],30479 | 72941443,
MIX317,M920 Insecticide,MATCH,NO_ACTION,9,1,1,5,8002-74-2 | 80-62-6 | 25053-30-9 | 79-41-4,CC(=C)C(=O)OC | CC(=C)C(=O)O,6658 | 4093,
MIX410,Rotam Thifensulfuron-methyl,MATCH,NO_ACTION,9,1,1,3,79277-27-3,CC1=NC(=NC(=N1)OC)NC(=O)NS(=O)(=O)C2=C(SC=C2)C(=O)OC,73674,
MIX319,Metsulfuron Methyl,MATCH,NO_ACTION,9,1,1,1,74223-64-6,CC1=NC(=NC(=N1)OC)NC(=O)NS(=O)(=O)C2=CC=CC=C2C(=O)OC,52999,
MIX41,Bactron K-139,EVIDENCE_WEAK,NO_ACTION,9,1,1,2,,,,SECTION_3_NOT_FOUND
MIX409,Rotam Tebuconazole,MATCH,NO_ACTION,9,3,3,3,107534-96-3 | 56-81-5 | 2634-33-5,CC(C)(C)C(CCC1=CC=C(C=C1)Cl)(CN2C=NC=N2)O | C(C(CO)O)O | C1=CC=C2C(=C1)C(=O)NS2,86102 | 753 | 17520,
MIX408,Rotam Nicosulfuron,MATCH,NO_ACTION,9,1,1,3,111991-09-4 | 26264-06-2 | 58128-22-6 | 104-76-7,CN(C)C(=O)C1=C(N=CC=C1)S(=O)(=O)NC(=O)NC2=NC(=CC(=N2)OC)OC | CCCCCCCCCCCC.CCCCCCCCCCCC.C1=CC=C(C=C1)S(=O)(=O)[O-].C1=CC=C(C=C1)S(=O)(=O)[O-].[Ca+2] | CCCCC(CC)CO,73281 | 156614057 | 7720,
MIX407,Penprome 177FS,SOURCE_UNAVAILABLE,NO_ACTION,9,3,4,4,52645-53-1 | 58-00-2,,40326,SOURCE_DOWNLOAD_FAILED: 429 Client Error: Too Many Requests for url: https://www.sigmaaldrich.com/US/en/sds/sial/45614?srsltid=AfmBOopI0OdVtGCUfyMbsQjzQJQ6SiXVe3F5lZT82c8m1riMvHCGJdZu | SUPPLEMENTAL_ATTENTION_REQUIRED: NO_HIGHLIGHTED_SOURCE | SOURCE_SCOPE_NOT_EXACT | SUPPLEMENTAL_ATTENTION_REQUIRED: SOURCE_SCOPE_NOT_EXACT | SUPPLEMENTAL_ATTENTION_REQUIRED: SOURCE_SCOPE_NOT_EXACT | OCCURRENCE_UNRESOLVED | MANUAL_REVIEW_REQUIRED | SUPPLEMENTAL_ATTENTION_REQUIRED: SOURCE_SCOPE_NOT_EXACT | OCCURRENCE_EXCEPTION
MIX32,Averthor Granular Ant Bait,MATCH,NO_ACTION,9,1,1,1,67485-29-4,CC1(CNC(=NC1)NN=C(C=CC2=CC=C(C=C2)C(F)(F)F)C=CC3=CC=C(C=C3)C(F)(F)F)C,49901,
MIX406,ROTAM Methomyl 29LV Insecticide,EVIDENCE_WEAK,NO_ACTION,9,1,1,2,,,,SOURCE_HAS_CAS_BUT_WORKBOOK_CAS_BLANK
MIX320,Mana 11201,MATCH,NO_ACTION,9,2,2,7,,,,
MIX405,Rotam Imidacloprid,EVIDENCE_WEAK,NO_ACTION,9,2,1,2,138261-41-3 | 252-00-4,C1CN(/C(=N/[N+](=O)[O-])/N1)CC2=CN=C(C=C2)Cl,86287518,INVALID_WORKBOOK_CAS
MIX321,MGK 29461,MATCH,NO_ACTION,9,8,8,9,8003-34-7 | 51-03-6 | 52645-53-1 | 64742-47-8,CC1=C(C(=O)C[C@@H]1OC(=O)[C@@H]2[C@H](C2(C)C)C=C(C)C)C/C=C\C=C.CC1=C(C(=O)C[C@@H]1OC(=O)[C@@H]2[C@H](C2(C)C)/C=C(\C)/C(=O)OC)C/C=C\C=C | CCCCOCCOCCOCC1=CC2=C(C=C1CCC)OCO2 | CC1(C(C1C(=O)OCC2=CC(=CC=C2)OC3=CC=CC=C3)C=C(Cl)Cl)C,60202781 | 5794 | 40326,
MIX404,Penpro 118FS,MATCH,NO_ACTION,9,2,4,4,67-56-1 | 87-90-1,CO | C1(=O)N(C(=O)N(C(=O)N1Cl)Cl)Cl,887 | 6909,
MIX412,Roval Brand 75 WG Fungicide,MATCH,NO_ACTION,9,3,1,5,20427-59-2 | 14808-60-7 | 7631-86-9,[OH-].[OH-].[Cu+2] | O=[Si]=O | O=[Si]=O,164826 | 24261 | 24261,
MIX313,Mesotrione 50WG,MATCH,NO_ACTION,9,2,2,2,67-56-1,CO,887,
MIX413,Penthiopyrad 40 SC Fungicide,MATCH,NO_ACTION,9,1,1,1,183675-82-3,CC(C)CC(C)C1=C(C=CS1)NC(=O)C2=CN(N=C2C(F)(F)F)C,11388558,
MIX414,Rugged Herbicide,MATCH,NO_ACTION,9,2,3,21,94-75-7 | 27176-87-0,C1=CC(=C(C=C1Cl)Cl)OCC(=O)O,1486,
MIX426,Sativa,MATCH,NO_ACTION,9,2,2,2,107534-96-3 | 56-81-5,CC(C)(C)C(CCC1=CC=C(C=C1)Cl)(CN2C=NC=N2)O | C(C(CO)O)O,86102 | 753,
MIX425,Pinoxaden,MATCH,NO_ACTION,9,4,2,5,243973-20-8 | 97-99-4 | 99607-70-2 | 64742-94-5,CCC1=CC(=CC(=C1C2=C(N3CCOCCN3C2=O)OC(=O)C(C)(C)C)CC)C | C1CC(OC1)CO | CCCCCC(C)OC(=O)COC1=C2C(=C(C=C1)Cl)C=CC=N2,210326 | 7360 | 93528,
MIX424,Sergeants Fipronil + Etofenprox + Methoprene Spot-On for Cats,MISMATCH,NO_ACTION,9,3,3,3,120068-37-3,,3352,SECTION_3_NOT_FOUND | WORKBOOK_CAS_NOT_FOUND_IN_SOURCE
MIX423,Pillar Granular Fungicide,MATCH,NO_ACTION,9,4,5,7,175013-18-0 | 131983-72-7 | 14808-60-7 | 57-55-6,COC(=O)N(C1=CC=CC=C1COC2=NN(C=C2)C3=CC=C(C=C3)Cl)OC | CC1(CC/C(=C\C2=CC=C(C=C2)Cl)/C1(CN3C=NC=N3)O)C | O=[Si]=O | CC(CO)O,6422843 | 6537961 | 24261 | 1030,
MIX422,Picoxystrobin,MATCH,NO_ACTION,9,3,3,3,117428-22-5 | 56-81-5 | 8061-51-6,,11285653 | 753 | 44135711,
MIX421,"Safer Brand Garden Fungicide, Insecticide & Miticide",EVIDENCE_WEAK,NO_ACTION,9,1,1,5,70051-13-3,,,INVALID_WORKBOOK_CAS | SECTION_3_NOT_FOUND
MIX420,Permit Plus,MATCH,NO_ACTION,9,2,4,4,67-56-1 | 87-90-1,CO | C1(=O)N(C(=O)N(C(=O)N1Cl)Cl)Cl,887 | 6909,
MIX42,Aminopyralid,EVIDENCE_WEAK,NO_ACTION,9,2,1,1,,,,SOURCE_HAS_CAS_BUT_WORKBOOK_CAS_BLANK
MIX427,Sativa IMF Max,MATCH,NO_ACTION,9,5,5,5,138261-41-3 | 57837-19-1 | 107534-96-3 | 131341-86-1 | 56-81-5,C1CN(/C(=N/[N+](=O)[O-])/N1)CC2=CN=C(C=C2)Cl | CC1=C(C(=CC=C1)C)N(C(C)C(=O)OC)C(=O)COC | CC(C)(C)C(CCC1=CC=C(C=C1)Cl)(CN2C=NC=N2)O | C1=CC(=C2C(=C1)OC(O2)(F)F)C3=CNC=C3C#N | C(C(CO)O)O,86287518 | 42586 | 86102 | 86398 | 753,
MIX572,Revus Opti,MATCH,NO_ACTION,9,3,2,4,374726-62-2 | 9084-06-4,COC1=C(C=CC(=C1)CCNC(=O)C(C2=CC=C(C=C2)Cl)OCC#C)OCC#C,11292824,
MIX418,Permethrin,SOURCE_UNAVAILABLE,NO_ACTION,9,1,1,1,52645-53-1 | 58-00-2,,40326,SOURCE_DOWNLOAD_FAILED: 429 Client Error: Too Many Requests for url: https://www.sigmaaldrich.com/US/en/sds/sial/45614?srsltid=AfmBOoov_tjjicJRncAhBXiSTG0aHBITjfIKQ1r54AmIhC5KZEqFtxgl | SUPPLEMENTAL_ATTENTION_REQUIRED: NO_HIGHLIGHTED_SOURCE | SOURCE_SCOPE_NOT_EXACT | SUPPLEMENTAL_ATTENTION_REQUIRED: SOURCE_SCOPE_NOT_EXACT | SUPPLEMENTAL_ATTENTION_REQUIRED: SOURCE_SCOPE_NOT_EXACT | OCCURRENCE_UNRESOLVED | MANUAL_REVIEW_REQUIRED | SUPPLEMENTAL_ATTENTION_REQUIRED: SOURCE_SCOPE_NOT_EXACT | OCCURRENCE_EXCEPTION
MIX417,S-3153 WDG Herbicide,MATCH,NO_ACTION,9,2,2,2,70901-12-1,C(C(=O)O)NCP(=O)(O)[O-].[K+],23716553,
MIX31,Autumn Super 51 WDG Herbicide,MATCH,NO_ACTION,9,4,2,4,317815-83-1 | 144550-36-7 | 68425-94-5 | 1258274-08-6,CC1=C(C(=CS1)C(=O)OC)S(=O)(=O)NC(=O)N2C(=O)N(C(=N2)OC)C | CC1=NC(=NC(=N1)OC)NC(=O)[N-]S(=O)(=O)C2=C(C=CC(=C2)I)C(=O)OC.[Na+],11205153 | 16760189,
MIX310,Mesosulfuron-methyl,MATCH,NO_ACTION,9,2,1,2,208465-19-4,,,
MIX311,Lumax EZ Herbicide,MISMATCH,NO_ACTION,9,3,3,3,1912-24-9,,2256,SECTION_3_HAS_EXTRA_SOURCE_CAS
MIX312,Mesotrione 28% Manufacturing Use Product,EVIDENCE_WEAK,NO_ACTION,9,1,1,1,104206-82-8,CS(=O)(=O)C1=CC(=C(C=C1)C(=O)C2C(=O)CCCC2=O)[N+](=O)[O-],175967,SECTION_3_NOT_FOUND
MIX416,RWH 34,MATCH,NO_ACTION,9,3,3,3,7704-34-9,,5362487,
MIX415,Pentri 308FS,MATCH,NO_ACTION,9,2,4,4,67-56-1 | 87-90-1,CO | C1(=O)N(C(=O)N(C(=O)N1Cl)Cl)Cl,887 | 6909,
MIX419,Safer Brand 3-in-1 Concentrate,EVIDENCE_WEAK,NO_ACTION,9,1,1,8,8000-34-4 | 8001-29-4,,,INVALID_WORKBOOK_CAS
MIX573,3336 70EG,EVIDENCE_WEAK,NO_ACTION,9,1,1,1,,,,NO_WORKBOOK_OR_SOURCE_INGREDIENT_EVIDENCE
MIX607,The Andersons GC 0.077% Bifenthrin + 0.155% Imidacloprid Granular Insecticide,EVIDENCE_WEAK,NO_ACTION,9,2,2,3,,,,SOURCE_HAS_CAS_BUT_WORKBOOK_CAS_BLANK
MIX575,Acticide PM Industrial Mildewicide,EVIDENCE_WEAK,NO_ACTION,9,2,2,5,,,,SECTION_3_NOT_FOUND
MIX869,Methyl abietate,MATCH,NO_ACTION,9,1,1,1,127-25-3,,173058,
MIX868,Juniperus phoenicea oil,MISMATCH,NO_ACTION,9,1,1,1,5989-27-5,,440917,SECTION_3_HAS_EXTRA_SOURCE_CAS
MIX867,Birch tar oil,MATCH,NO_ACTION,9,1,0,0,8001-88-5,,,
MIX866,Tobacco leaf absolute,MATCH,NO_ACTION,9,1,1,1,64-17-5,,702,
MIX865,"Nutmeg oil, east Indian",MISMATCH,NO_ACTION,9,1,1,1,80-56-8,,6654,SECTION_3_HAS_EXTRA_SOURCE_CAS
MIX864,Mimosa absolute,MATCH,NO_ACTION,9,1,0,0,8031-03-6,,,
MIX863,Balsam tolu,EVIDENCE_WEAK,NO_ACTION,9,1,0,0,8007-00-9,,,WORKBOOK_CAS_FOUND_OUTSIDE_SECTION_3
MIX862,Angelica root oil,MATCH,NO_ACTION,9,1,0,0,84775-41-7 | 8015-64-3,,,
MIX861,Anise oil,MATCH,NO_ACTION,9,1,0,0,84650-59-9,,,
MIX860,Ambrette seed oil,MISMATCH,NO_ACTION,9,1,1,1,4602-84-0,,445070,SECTION_3_HAS_EXTRA_SOURCE_CAS
MIX859,Angelica seed oil,EVIDENCE_WEAK,NO_ACTION,9,1,0,2,,,,VERIFICATION_ROUND_RECONCILIATION_NEEDED
MIX858,Methyl and propyl parabens,EVIDENCE_WEAK,NO_ACTION,9,1,1,1,99-76-3,,7456,WORKBOOK_CAS_FOUND_OUTSIDE_SECTION_3
MIX857,Terpinyl acetate,MISMATCH,NO_ACTION,9,1,1,1,80-26-2,,111037,SOURCE_DOWNLOAD_FAILED: 403 Client Error: Forbidden for url: https://www.tcichemicals.com/BE/en/sds/T0023_EU_6N.pdf | SUPPLEMENTAL_ATTENTION_REQUIRED: SOURCE_SCOPE_NOT_EXACT | WORKBOOK_INGREDIENT_NOT_FOUND_IN_SOURCE | SUPPLEMENTAL_ATTENTION_REQUIRED: NO_HIGHLIGHTED_SOURCE | SOURCE_SCOPE_NOT_EXACT | WORKBOOK_INGREDIENT_NOT_FOUND_IN_SOURCE | SUPPLEMENTAL_ATTENTION_REQUIRED: SOURCE_SCOPE_NOT_EXACT | OCCURRENCE_UNRESOLVED | MANUAL_REVIEW_REQUIRED | SUPPLEMENTAL_ATTENTION_REQUIRED: SOURCE_SCOPE_NOT_EXACT | OCCURRENCE_MISMATCH | MANUAL_REVIEW_REQUIRED
MIX856,Pseudo lilyl acetate,MATCH,NO_ACTION,9,1,0,0,115-95-7,,,
MIX855,Tebuconazole Fungicide(97.4),EVIDENCE_WEAK,NO_ACTION,9,1,0,0,107534-96-3,,,SECTION_3_NOT_FOUND
MIX854,Tebuconazole (HWG-1608; Folicur) (96.2%),EVIDENCE_WEAK,NO_ACTION,9,0,0,0,,,,SOURCE_HAS_CAS_BUT_WORKBOOK_CAS_BLANK
MIX853,Tebuconazole (HWG-1608; Folicur) (93.4%),EVIDENCE_WEAK,NO_ACTION,9,0,0,0,,,,SOURCE_HAS_CAS_BUT_WORKBOOK_CAS_BLANK
MIX852,Tebuconazole (HWG-1608; Folicur) (16.6%),SOURCE_UNAVAILABLE,NO_ACTION,9,1,0,0,,,,SOURCE_DOWNLOAD_FAILED: 403 Client Error: Forbidden for url: https://www.cropscience.bayer.co.nz/-/media/bcs-inter/ws_newzealand/use-our-products/product-import-files/fungicides/folicur-wg/folicur-wg-sds.pdf?sc_lang=en | SUPPLEMENTAL_ATTENTION_REQUIRED: SOURCE_SCOPE_NOT_EXACT | SUPPLEMENTAL_ATTENTION_REQUIRED: NO_HIGHLIGHTED_SOURCE | SOURCE_SCOPE_NOT_EXACT | SUPPLEMENTAL_ATTENTION_REQUIRED: SOURCE_SCOPE_NOT_EXACT | OCCURRENCE_UNRESOLVED | MANUAL_REVIEW_REQUIRED | SUPPLEMENTAL_ATTENTION_REQUIRED: SOURCE_SCOPE_NOT_EXACT | OCCURRENCE_EXCEPTION
MIX851,Tebuconazole (HWG-1608; Folicur) (15.4%),SOURCE_UNAVAILABLE,NO_ACTION,9,1,0,0,,,,SOURCE_DOWNLOAD_FAILED: 403 Client Error: Forbidden for url: https://www.cropscience.bayer.co.nz/-/media/bcs-inter/ws_newzealand/use-our-products/product-import-files/fungicides/folicur-wg/folicur-wg-sds.pdf?sc_lang=en | SUPPLEMENTAL_ATTENTION_REQUIRED: SOURCE_SCOPE_NOT_EXACT | SUPPLEMENTAL_ATTENTION_REQUIRED: NO_HIGHLIGHTED_SOURCE | SOURCE_SCOPE_NOT_EXACT | SUPPLEMENTAL_ATTENTION_REQUIRED: SOURCE_SCOPE_NOT_EXACT | OCCURRENCE_UNRESOLVED | MANUAL_REVIEW_REQUIRED | SUPPLEMENTAL_ATTENTION_REQUIRED: SOURCE_SCOPE_NOT_EXACT | OCCURRENCE_EXCEPTION
MIX850,Tebuconazole (HWG-1608; Folicur) (15%),EVIDENCE_WEAK,NO_ACTION,9,1,0,0,,,,SOURCE_HAS_CAS_BUT_WORKBOOK_CAS_BLANK
MIX85,Bengal Dry Roach Spray,MATCH,NO_ACTION,9,2,2,3,52645-53-1,CC1(C(C1C(=O)OCC2=CC(=CC=C2)OC3=CC=CC=C3)C=C(Cl)Cl)C,40326,
MIX87,Bentazone,NO_WORKBOOK_INGREDIENTS,NO_ACTION,9,1,1,1,,,,SOURCE_HAS_CAS_BUT_WORKBOOK_CAS_BLANK | WORKBOOK_MISSING_INGREDIENTS_WITH_SOURCE_EVIDENCE
MIX849,MON 37500,EVIDENCE_WEAK,NO_ACTION,9,0,0,0,,,,SOURCE_HAS_CAS_BUT_WORKBOOK_CAS_BLANK
MIX870,Grisalva,MATCH,NO_ACTION,9,1,0,0,68611-23-4 | 88683-93-6,,,
MIX872,Bran absolute,MISMATCH,NO_ACTION,9,0,0,0,,,,SOURCE_DOWNLOAD_FAILED: 429 Client Error: Too Many Requests for url: https://www.sigmaaldrich.com/sds/sigald/493546?srsltid=AfmBOop-1TWI3dLAlE_I8GPs6arKK2L41NLa0qtoA314k0-9qI8q7GNZ | SUPPLEMENTAL_ATTENTION_REQUIRED: SOURCE_SCOPE_NOT_EXACT | SUSPICIOUS_WORKBOOK_INGREDIENT_TEXT | SUPPLEMENTAL_ATTENTION_REQUIRED: NO_HIGHLIGHTED_SOURCE | SOURCE_SCOPE_NOT_EXACT | SUSPICIOUS_WORKBOOK_INGREDIENT_TEXT | SUPPLEMENTAL_ATTENTION_REQUIRED: SOURCE_SCOPE_NOT_EXACT | OCCURRENCE_UNRESOLVED | MANUAL_REVIEW_REQUIRED | SUPPLEMENTAL_ATTENTION_REQUIRED: SOURCE_SCOPE_NOT_EXACT | NO_LINKED_SUPPLEMENTAL_ARTIFACTS | OCCURRENCE_UNRESOLVED | MANUAL_REVIEW_REQUIRED
MIX895,Immortelle absolute,EVIDENCE_WEAK,NO_ACTION,9,0,0,0,,,,SOURCE_HAS_CAS_BUT_WORKBOOK_CAS_BLANK
MIX894,Lemongrass oil West Indian,MATCH,NO_ACTION,9,1,0,0,8007-02-1,,,
MIX893,Narcissus absolute,MISMATCH,NO_ACTION,9,1,0,0,140-11-4,,,SECTION_3_HAS_EXTRA_SOURCE_CAS
MIX892,Honeysuckle absolute,EVIDENCE_WEAK,NO_ACTION,9,0,0,0,,,,SOURCE_HAS_CAS_BUT_WORKBOOK_CAS_BLANK
MIX891,Orris absolute,MISMATCH,NO_ACTION,9,1,0,0,90045-89-9,,,WORKBOOK_CAS_FOUND_OUTSIDE_SECTION_3 | SECTION_3_HAS_EXTRA_SOURCE_CAS
MIX890,Lovage oil,MISMATCH,NO_ACTION,9,5,4,5,8016-31-7,,,SECTION_3_NOT_FOUND | WORKBOOK_CAS_NOT_FOUND_IN_SOURCE
MIX89,Betamix,MATCH,NO_ACTION,9,2,2,2,13684-56-5 | 13684-63-4,CCOC(=O)NC1=CC(=CC=C1)OC(=O)NC2=CC=CC=C2 | CC1=CC(=CC=C1)NC(=O)OC2=CC=CC(=C2)NC(=O)OC,24743 | 24744,
MIX888,Fenugreek absolute,EVIDENCE_WEAK,NO_ACTION,9,1,0,0,68990-15-8 | 84625-40-1,,,WORKBOOK_CAS_FOUND_OUTSIDE_SECTION_3
MIX887,Hydroxycitronellal-indole (Schiff base),MATCH,NO_ACTION,9,1,1,1,107-75-5,,7888,
MIX885,Jonquil absolute,MATCH,NO_ACTION,9,1,0,0,8023-75-4,,,
MIX883,Parsley herb oil,EVIDENCE_WEAK,NO_ACTION,9,1,0,0,,,,SOURCE_HAS_CAS_BUT_WORKBOOK_CAS_BLANK
MIX882,Tagetes oil,MATCH,NO_ACTION,9,1,0,0,8016-84-0,,,
MIX880,Oil rose Turkish,MATCH,NO_ACTION,9,1,0,1,8007-01-0 | 90106-38-0,,,
MIX88,Capture 1.15G,MATCH,NO_ACTION,9,1,3,4,9003-07-0 | 1333-86-4 | 471-34-1,C | C(=O)([O-])[O-].[Ca+2],5462310 | 10112,
MIX879,Cade oil rectified (juniper tar),MISMATCH,NO_ACTION,9,3,2,4,8013-10-3,,,SOURCE_DOWNLOAD_FAILED: 403 Client Error: Forbidden for url: https://www.msdsdigital.com/system/files/Cade%20Oil.pdf | SUPPLEMENTAL_ATTENTION_REQUIRED: SOURCE_SCOPE_NOT_EXACT | SUSPICIOUS_WORKBOOK_INGREDIENT_TEXT | SUPPLEMENTAL_ATTENTION_REQUIRED: NO_HIGHLIGHTED_SOURCE | SOURCE_SCOPE_NOT_EXACT | SUSPICIOUS_WORKBOOK_INGREDIENT_TEXT | SUPPLEMENTAL_ATTENTION_REQUIRED: SOURCE_SCOPE_NOT_EXACT | OCCURRENCE_MISMATCH | MANUAL_REVIEW_REQUIRED
MIX878,Artemisia oil (wormwood),EVIDENCE_WEAK,NO_ACTION,9,1,0,0,8023-85-6,,,SECTION_3_NOT_FOUND
MIX877,Rose absolute French,EVIDENCE_WEAK,NO_ACTION,9,1,0,0,,,,SOURCE_HAS_CAS_BUT_WORKBOOK_CAS_BLANK
MIX876,Rose oil Moroccan,EVIDENCE_WEAK,NO_ACTION,9,1,0,0,,,,SECTION_3_NOT_FOUND
MIX875,Rose oil Bulgarian,MISMATCH,NO_ACTION,9,1,0,0,8007-01-0,,,SECTION_3_HAS_EXTRA_SOURCE_CAS
MIX874,Tuberose concrete,MISMATCH,NO_ACTION,9,1,0,0,8024-05-3,,,SECTION_3_HAS_EXTRA_SOURCE_CAS
MIX873,Origanum oil,MISMATCH,NO_ACTION,9,1,0,0,84012-24-8,,,SECTION_3_HAS_EXTRA_SOURCE_CAS
MIX871,"Balsam, Canadian",MATCH,NO_ACTION,9,1,0,1,8007-47-4,,,
MIX847,FLUFENPYR-ETHYL,EVIDENCE_WEAK,NO_ACTION,9,1,0,0,,,,SOURCE_HAS_CAS_BUT_WORKBOOK_CAS_BLANK
MIX846,Fenhexamid(50%),NO_WORKBOOK_INGREDIENTS,NO_ACTION,9,0,0,0,,,,SOURCE_HAS_CAS_BUT_WORKBOOK_CAS_BLANK | WORKBOOK_MISSING_INGREDIENTS_WITH_SOURCE_EVIDENCE
MIX845,F6132 G Insecticide,EVIDENCE_WEAK,NO_ACTION,9,1,0,0,,,,SOURCE_HAS_CAS_BUT_WORKBOOK_CAS_BLANK
MIX819,55/45 Octanoic/decanoic acid,MATCH,NO_ACTION,9,2,2,2,334-48-5,,,
MIX818,60/40 Octanoic/decanoic acid,MATCH,NO_ACTION,9,2,2,2,334-48-5,,,
MIX817,Mixture of isomers: 1-(spiro[4.5]dec-7-en-7-yl)pent-4-en-1-one (CAS# 224031-70-3); 1-(spiro[4.5]dec-6-en-7-yl)pent-4-en-1-one (CAS# 224031-71-4),EVIDENCE_WEAK,NO_ACTION,9,2,2,2,,,,SECTION_3_NOT_FOUND
MIX814,Mixture of: 5-exo-decylbicyclo[2.2.1]hept-2-ene; 5-endo-decylbicyclo [2.2.1]hept-2-ene,EVIDENCE_WEAK,NO_ACTION,9,1,0,0,,,,VERIFICATION_ROUND_RECONCILIATION_NEEDED
MIX813,"Mixture of: 2-methyl-4-(2',2',3'-trimethyl-3'-cyclopenten-1'-yl)-4-penten-1-ol 56% (1'R,2R) & 40%(1'R,2S) isomer",EVIDENCE_WEAK,NO_ACTION,9,1,5,5,65114-01-4 | 58102-02-6 | 32791-31-4 | 65114-02-5 | 67801-29-0 | 67801-31-4,,6365609 | 93952 | 103213 | 6437269 | 6437271,SECTION_3_NOT_FOUND
MIX812,Mixture of isomers: 1-(2-isopropylphenyl)-1-phenylethane (CAS# 191044-60-7); 1-(3-isopropylphenyl)-1-phenylethane (CAS# 191044-59-4); 1-(4-isopropylphenyl)-1-phenylethane (CAS# 2320-06-1),SOURCE_UNAVAILABLE,NO_ACTION,9,3,3,3,,,,SOURCE_DOWNLOAD_FAILED: 403 Client Error: Forbidden for url: https://journals.sagepub.com/doi/pdf/10.1177/026119290703500608?download=true
MIX811,"Mixture of isomers: 1-(1,1-dimethylpropyl)-4-ethoxy-cis-cyclohexane; 1-(1,1-dimethylpropyl)-4-ethoxy-trans-cyclohexane",EVIDENCE_WEAK,NO_ACTION,9,3,3,3,,,,SOURCE_HAS_CAS_BUT_WORKBOOK_CAS_BLANK
MIX810,"Mixture of: diethyl cis-1,4-cyclohexanedicarboxylate; diethyl trans-1,4-cyclohexanedicarboxylate",EVIDENCE_WEAK,NO_ACTION,9,2,2,2,,,,SOURCE_HAS_CAS_BUT_WORKBOOK_CAS_BLANK
MIX81,Canguard BIT 20 DPG Preservative,EVIDENCE_WEAK,NO_ACTION,9,2,2,2,2634-33-5,C1=CC=C2C(=C1)C(=O)NS2,17520,SECTION_3_NOT_FOUND
MIX809,"Mixture of isomers: ethyl exo-tricyclo[5.2.1.0(2,6)]decane-endo-2-carboxylate; ethyl endo-tricyclo[5.2.1.0(2,6)]decane-exo-2-carboxylate",EVIDENCE_WEAK,NO_ACTION,9,1,0,0,,,,SOURCE_HAS_CAS_BUT_WORKBOOK_CAS_BLANK
MIX808,Synprolam 35X2,MISMATCH,NO_ACTION,9,0,0,1,,,,SOURCE_DOWNLOAD_FAILED: 403 Client Error: Forbidden for url: https://www.dow.com/en-us/support/sds-finder.html | SUPPLEMENTAL_ATTENTION_REQUIRED: SOURCE_SCOPE_NOT_EXACT | SUSPICIOUS_WORKBOOK_INGREDIENT_TEXT | SUPPLEMENTAL_ATTENTION_REQUIRED: NO_HIGHLIGHTED_SOURCE | SOURCE_SCOPE_NOT_EXACT | SUSPICIOUS_WORKBOOK_INGREDIENT_TEXT | SUPPLEMENTAL_ATTENTION_REQUIRED: SOURCE_SCOPE_NOT_EXACT | OCCURRENCE_UNRESOLVED | MANUAL_REVIEW_REQUIRED | SUPPLEMENTAL_ATTENTION_REQUIRED: SOURCE_SCOPE_NOT_EXACT | NO_LINKED_SUPPLEMENTAL_ARTIFACTS | OCCURRENCE_UNRESOLVED | MANUAL_REVIEW_REQUIRED
MIX807,sodium hypochlorite w/5% chlorine,MISMATCH,NO_ACTION,9,2,2,2,,,,SOURCE_DOWNLOAD_FAILED: 429 Client Error: Too Many Requests for url: https://www.sigmaaldrich.com/sds/sigald/239305?srsltid=AfmBOopw6VNZ7UqIFDx6pCImQyz7k8gcdmNbcP2eB-nSb_CZU8qFrWGq | SUPPLEMENTAL_ATTENTION_REQUIRED: WORKBOOK_EMPTY | SUPPLEMENTAL_ATTENTION_REQUIRED: NO_HIGHLIGHTED_SOURCE | SOURCE_SCOPE_NOT_EXACT | WORKBOOK_EMPTY | SUPPLEMENTAL_ATTENTION_REQUIRED: SOURCE_SCOPE_NOT_EXACT | WORKBOOK_EMPTY | SUPPLEMENTAL_ATTENTION_REQUIRED: SOURCE_SCOPE_NOT_EXACT | OCCURRENCE_UNRESOLVED | MANUAL_REVIEW_REQUIRED | SUPPLEMENTAL_ATTENTION_REQUIRED: SOURCE_SCOPE_NOT_EXACT | NO_LINKED_SUPPLEMENTAL_ARTIFACTS | OCCURRENCE_UNRESOLVED | MANUAL_REVIEW_REQUIRED
MIX805,sodium hydroxide/tx 100,MISMATCH,NO_ACTION,9,3,2,2,1310-73-2,,,SECTION_3_HAS_EXTRA_SOURCE_CAS
MIX804,Sulfuric acid/ Sodium dodecyl sulfate,MATCH,NO_ACTION,9,2,2,2,151-21-3,,,
MIX803,Sodium hydroxide/ Sodium dodecyl sulfate(1:10),MISMATCH,NO_ACTION,9,2,2,2,,,,SOURCE_DOWNLOAD_FAILED: 429 Client Error: Too Many Requests for url: https://www.sigmaaldrich.com/FR/en/sds/SIGMA/71736?srsltid=AfmBOooTBztUWx62PNtfBPIPU7yzPG7nXKYqDuaDCqqC94A7uDaKAmXP | SUPPLEMENTAL_ATTENTION_REQUIRED: SUSPICIOUS_WORKBOOK_INGREDIENT_TEXT | SUPPLEMENTAL_ATTENTION_REQUIRED: NO_HIGHLIGHTED_SOURCE | SOURCE_SCOPE_NOT_EXACT | SUSPICIOUS_WORKBOOK_INGREDIENT_TEXT | SUPPLEMENTAL_ATTENTION_REQUIRED: SOURCE_SCOPE_NOT_EXACT | SUSPICIOUS_WORKBOOK_INGREDIENT_TEXT | SUPPLEMENTAL_ATTENTION_REQUIRED: SOURCE_SCOPE_NOT_EXACT | OCCURRENCE_UNRESOLVED | MANUAL_REVIEW_REQUIRED | SUPPLEMENTAL_ATTENTION_REQUIRED: SOURCE_SCOPE_NOT_EXACT | NO_LINKED_SUPPLEMENTAL_ARTIFACTS | OCCURRENCE_UNRESOLVED | MANUAL_REVIEW_REQUIRED
MIX802,Sulfuric acid/ Ferric chloride,MISMATCH,NO_ACTION,9,2,2,2,7664-93-9,,,SECTION_3_HAS_EXTRA_SOURCE_CAS
MIX801,sodium hydroxide/SMS (5:3),MATCH,NO_ACTION,9,2,2,2,1310-73-2,,,
MIX800,sulfuric acid + cellusolve,SOURCE_UNAVAILABLE,NO_ACTION,9,2,2,2,20-00-8 | 7664-93-9,,1118,SOURCE_DOWNLOAD_FAILED: 429 Client Error: Too Many Requests for url: https://www.sigmaaldrich.com/US/en/sds/aldrich/339741?srsltid=AfmBOoqsgQRqcZlF8bC4ecfNw7L9tVstPU2DuyIcIyVTFoUA-m8muY3K | SUPPLEMENTAL_ATTENTION_REQUIRED: NO_HIGHLIGHTED_SOURCE | SOURCE_SCOPE_NOT_EXACT | SUPPLEMENTAL_ATTENTION_REQUIRED: SOURCE_SCOPE_NOT_EXACT | SUPPLEMENTAL_ATTENTION_REQUIRED: SOURCE_SCOPE_NOT_EXACT | OCCURRENCE_UNRESOLVED | MANUAL_REVIEW_REQUIRED | SUPPLEMENTAL_ATTENTION_REQUIRED: SOURCE_SCOPE_NOT_EXACT | OCCURRENCE_EXCEPTION
MIX80,Bayonet 2,MATCH,NO_ACTION,9,2,2,2,55965-84-9,CN1C(=O)C=CS1.CN1C(=O)C=C(S1)Cl,41679,
MIX8,Acticide LA 2605-F,MATCH,NO_ACTION,9,2,3,3,2682-20-4,CN1C(=O)C=CS1,39800,
MIX799,sodium hydroxide/SMS (1:10),MISMATCH,NO_ACTION,9,3,2,2,1310-73-2,,,SECTION_3_HAS_EXTRA_SOURCE_CAS
MIX82,Captan 4L,MATCH,NO_ACTION,9,1,1,1,133-06-2,C1C=CCC2C1C(=O)N(C2=O)SC(Cl)(Cl)Cl,8606,
MIX820,65/35 Octanoic/decanoic acid,MISMATCH,NO_ACTION,9,2,2,2,,,,SOURCE_DOWNLOAD_FAILED: 429 Client Error: Too Many Requests for url: https://www.sigmaaldrich.com/US/en/sds/sial/175366?srsltid=AfmBOop1uL6smSSQKKT_7BCuPVrrMTOI7bKMj1J0XsbEgFlvaiA_ss5g | SUPPLEMENTAL_ATTENTION_REQUIRED: SUSPICIOUS_WORKBOOK_INGREDIENT_TEXT | SUPPLEMENTAL_ATTENTION_REQUIRED: NO_HIGHLIGHTED_SOURCE | SOURCE_SCOPE_NOT_EXACT | SUSPICIOUS_WORKBOOK_INGREDIENT_TEXT | SUPPLEMENTAL_ATTENTION_REQUIRED: SOURCE_SCOPE_NOT_EXACT | SUSPICIOUS_WORKBOOK_INGREDIENT_TEXT | SUPPLEMENTAL_ATTENTION_REQUIRED: SOURCE_SCOPE_NOT_EXACT | OCCURRENCE_UNRESOLVED | MANUAL_REVIEW_REQUIRED | SUPPLEMENTAL_ATTENTION_REQUIRED: SOURCE_SCOPE_NOT_EXACT | NO_LINKED_SUPPLEMENTAL_ARTIFACTS | OCCURRENCE_UNRESOLVED | MANUAL_REVIEW_REQUIRED
MIX821,"Hydrochloric acid 5%, Sulphuric acid 5%, Citric acid 5%",EVIDENCE_WEAK,NO_ACTION,9,3,3,3,,,,SOURCE_HAS_CAS_BUT_WORKBOOK_CAS_BLANK
MIX822,Sodium silicate A140,MATCH,NO_ACTION,9,1,1,1,7732-18-5 | 1344-09-8,,,
MIX844,Ethofumesate,MATCH,NO_ACTION,9,1,0,0,107-21-1 | 26225-79-6,,,
MIX843,Cyproconazole 40WG,MISMATCH,NO_ACTION,9,0,0,0,,,,SOURCE_DOWNLOAD_FAILED: 429 Client Error: Too Many Requests for url: https://www.sigmaaldrich.com/IN/en/sds/sial/46068?srsltid=AfmBOope3r_yNaMcGHLtheOQN9EhoYqcdMxprfw7ehuSj_IVm6-2KwBA | SUPPLEMENTAL_ATTENTION_REQUIRED: SUSPICIOUS_WORKBOOK_INGREDIENT_TEXT | SUPPLEMENTAL_ATTENTION_REQUIRED: NO_HIGHLIGHTED_SOURCE | SOURCE_SCOPE_NOT_EXACT | SUSPICIOUS_WORKBOOK_INGREDIENT_TEXT | SUPPLEMENTAL_ATTENTION_REQUIRED: SOURCE_SCOPE_NOT_EXACT | SUSPICIOUS_WORKBOOK_INGREDIENT_TEXT | SUPPLEMENTAL_ATTENTION_REQUIRED: SOURCE_SCOPE_NOT_EXACT | OCCURRENCE_UNRESOLVED | MANUAL_REVIEW_REQUIRED | SUPPLEMENTAL_ATTENTION_REQUIRED: SOURCE_SCOPE_NOT_EXACT | NO_LINKED_SUPPLEMENTAL_ARTIFACTS | OCCURRENCE_UNRESOLVED | MANUAL_REVIEW_REQUIRED
MIX842,Clincher CA,SOURCE_UNAVAILABLE,NO_ACTION,9,1,1,1,111-76-2,,8133,SOURCE_TEXT_EXTRACTION_FAILED: 
MIX840,Potassium Silicate (Agsil25) (Sodium silicate powder),MATCH,NO_ACTION,9,2,2,2,1312-76-1 | 7732-18-5,O,962,
MIX839,Potassium Silicate(>80%),MATCH,NO_ACTION,9,1,1,1,1312-76-1,,,
MIX838,Ethofumesate (98%),MATCH,NO_ACTION,9,2,2,2,572912-13-1,,139594451,
MIX837,Ethofumesate (95%),MATCH,NO_ACTION,9,3,3,3,26225-79-6 | 137-20-2 | 2634-33-5,CCOC1C(C2=C(O1)C=CC(=C2)OS(=O)(=O)C)(C)C | CCCCCCCC/C=C\CCCCCCCC(=O)N(C)CCS(=O)(=O)[O-].[Na+] | C1=CC=C2C(=C1)C(=O)NS2,33360 | 23664721 | 17520,
MIX836,"1,3-Dichloro-5,5-dimethylhydantoin",MATCH,NO_ACTION,9,1,1,1,118-52-5,,8360,
MIX835,Tebuconazole Fungicide(15%),MATCH,NO_ACTION,9,2,2,2,131341-86-1 | 107534-96-3,C1=CC(=C2C(=C1)OC(O2)(F)F)C3=CNC=C3C#N | CC(C)(C)C(CCC1=CC=C(C=C1)Cl)(CN2C=NC=N2)O,86398 | 86102,
MIX834,Tebuconazole Fungicide(15.4%),MATCH,NO_ACTION,9,1,1,2,,,,
MIX896,Galbanum oil,EVIDENCE_WEAK,NO_ACTION,9,1,0,0,,,,SOURCE_HAS_CAS_BUT_WORKBOOK_CAS_BLANK
MIX833,Tebuconazole Fungicide,MATCH,NO_ACTION,9,2,1,4,107534-96-3 | 57-55-6,CC(C)(C)C(CCC1=CC=C(C=C1)Cl)(CN2C=NC=N2)O | CC(CO)O,86102 | 1030,
MIX831,Clodinafop Technical,MATCH,NO_ACTION,9,1,1,1,105512-06-9,C[C@H](C(=O)OCC#C)OC1=CC=C(C=C1)OC2=C(C=C(C=N2)Cl)F,92431,
MIX830,Flumethrin,MATCH,NO_ACTION,9,1,1,1,69770-45-2,CC1(C(C1C(=O)OC(C#N)C2=CC(=C(C=C2)F)OC3=CC=CC=C3)C=C(C4=CC=C(C=C4)Cl)Cl)C,91702,
MIX83,Bellacide 325 8-month,MATCH,NO_ACTION,9,1,2,3,5915-41-3,CCNC1=NC(=NC(=N1)Cl)NC(C)(C)C,22206,
MIX829,Elfan OS 46,EVIDENCE_WEAK,NO_ACTION,9,1,0,0,,,,SECTION_3_NOT_FOUND
MIX828,Sodium silicate H100,MATCH,NO_ACTION,9,1,1,1,7732-18-5 | 1344-09-8,,,
MIX827,lubricant (ethylene oxide + propylene oxide)_PID_15,MATCH,NO_ACTION,9,2,2,2,16088-62-3,,,
MIX826,lubricant (ethylene oxide + propylene oxide)_PID_14,MATCH,NO_ACTION,9,2,2,2,16088-62-3,,,
MIX825,lubricant (ethylene oxide + propylene oxide)_PID_13,EVIDENCE_WEAK,NO_ACTION,9,2,2,2,,,,SOURCE_HAS_CAS_BUT_WORKBOOK_CAS_BLANK
MIX824,Ethomeen T/25,SOURCE_UNAVAILABLE,NO_ACTION,9,0,0,0,,,,SOURCE_TEXT_EXTRACTION_FAILED: 
MIX823,dicyanamine/formaldehyde condensate,EVIDENCE_WEAK,NO_ACTION,9,2,2,2,,,,SOURCE_HAS_CAS_BUT_WORKBOOK_CAS_BLANK
MIX832,Cyhalofop-butyl(29.6%),MATCH,NO_ACTION,9,1,1,1,122008-85-9,,180089,
MIX897,"Basil oil, sweet",MATCH,NO_ACTION,9,1,0,0,8015-73-4,,,
MIX898,Caraway oil,MATCH,NO_ACTION,9,1,0,0,8000-42-8,,,
MIX9,Acticide MKW1,MATCH,NO_ACTION,9,2,4,4,26530-20-1 | 112-00-5,,33528 | 8152,
MIX97,Celsius WG,EVIDENCE_WEAK,NO_ACTION,9,3,3,3,317815-83-1 | 144550-36-7 | 1918-00-9,,11205153 | 16760189 | 3030,SECTION_3_NOT_FOUND
MIX969,Peru balsam,MISMATCH,NO_ACTION,9,1,0,0,8007-00-9,,,SECTION_3_HAS_EXTRA_SOURCE_CAS
MIX968,Fig leaf absolute,EVIDENCE_WEAK,NO_ACTION,9,1,1,1,111-80-8,,8137,SECTION_3_NOT_FOUND
MIX967,Guaiac wood oil,MATCH,NO_ACTION,9,1,0,0,8016-23-7,,,
MIX966,"Undecylenic aldehyde, mixed isomers",MATCH,NO_ACTION,9,1,1,1,112-45-8,,,
MIX965,Copaiba oil,MATCH,NO_ACTION,9,1,0,0,8013-97-6,,,
MIX964,Deertongue absolute,EVIDENCE_WEAK,NO_ACTION,9,1,1,1,68602-86-8 | 91-64-5 | 119-84-6,,,SECTION_3_NOT_FOUND
MIX963,Cypress oil,MISMATCH,NO_ACTION,9,1,0,1,180287-43-8,,,SECTION_3_HAS_EXTRA_SOURCE_CAS
MIX962,Petitgrain Paraguay oil,SOURCE_UNAVAILABLE,NO_ACTION,9,1,0,1,72968-50-4,,,SOURCE_DOWNLOAD_FAILED: 403 Client Error: Forbidden for url: https://www.lgbotanicals.com/assets/images/SDS-PETITGRAIN%20PARAGUAY.pdf?srsltid=AfmBOooe7INMgveSU6sWweXpInNVCmSbhLfJGlWxaqI-08q4niUkxW1u
MIX961,Musk tonquin tincture,EVIDENCE_WEAK,NO_ACTION,9,1,0,0,,,,SOURCE_HAS_CAS_BUT_WORKBOOK_CAS_BLANK
MIX960,Savory oil (summer variety),EVIDENCE_WEAK,NO_ACTION,9,2,0,2,8016-68-0,,,SECTION_3_NOT_FOUND
MIX96,Chemsico Pesticide Concentrate WI-N,MATCH,NO_ACTION,9,4,4,4,,,,
MIX959,"Marjoram oil, Spanish",SOURCE_UNAVAILABLE,NO_ACTION,9,2,0,2,84837-14-9,,,SOURCE_DOWNLOAD_FAILED: 403 Client Error: Forbidden for url: https://www.lgbotanicals.com/assets/images/SDS-MARJORAM%20SPANISH%20-%20DG.pdf?srsltid=AfmBOoqzjtiEFE-pjJrwhMzQ8tcUPJNuzPs2jKwSm1LFYunf9Y_vhMo0
MIX958,Deertongue incolore,MISMATCH,NO_ACTION,9,0,0,0,,,,SECTION_3_NOT_FOUND | WORKBOOK_INGREDIENT_NAMES_NOT_FOUND_IN_SOURCE
MIX957,Clove leaf oil Madagascar,MATCH,NO_ACTION,9,1,0,0,8000-34-8,,,
MIX956,Bois de rose oil Brazilian,EVIDENCE_WEAK,NO_ACTION,9,1,0,0,8015-77-8,,,SECTION_3_NOT_FOUND
MIX954,"Dill seed oil, Indian",MATCH,NO_ACTION,9,1,0,0,90028-03-8 | 8006-75-5,,,
MIX953,Boldo leaf oil,EVIDENCE_WEAK,NO_ACTION,9,0,0,0,,,,VERIFICATION_ROUND_RECONCILIATION_NEEDED
MIX952,Tangerine oil,MATCH,NO_ACTION,9,1,0,0,8016-85-1,,,
MIX951,Lavandin oil,MISMATCH,NO_ACTION,9,1,0,0,91722-69-9,,,SECTION_3_HAS_EXTRA_SOURCE_CAS
MIX950,Baccartol,MATCH,NO_ACTION,9,1,1,1,7540-51-4,,7793,
MIX970,Vetiver oil,MATCH,NO_ACTION,9,1,0,0,84238-29-9,,,
MIX972,Labdanum oil,EVIDENCE_WEAK,NO_ACTION,9,1,0,0,,,,SOURCE_HAS_CAS_BUT_WORKBOOK_CAS_BLANK
MIX973,Pennyroyal oil Eurafrican,MATCH,NO_ACTION,9,1,0,0,8013-99-8,,,
MIX974,Olibanum gum,EVIDENCE_WEAK,NO_ACTION,9,1,0,0,,,,SOURCE_HAS_CAS_BUT_WORKBOOK_CAS_BLANK
MIX997,Cedarwood oil Texas,MATCH,NO_ACTION,9,1,0,0,68990-83-0,,,
MIX996,Cornmint oil,EVIDENCE_WEAK,NO_ACTION,9,1,0,0,89-78-1 | 5989-27-5,,,WORKBOOK_CAS_FOUND_OUTSIDE_SECTION_3
MIX994,"Sage clary oil, Russian",MATCH,NO_ACTION,9,1,0,0,84775-83-7 | 8016-63-5,,,
MIX992,"Sage oil, Spanish",EVIDENCE_WEAK,NO_ACTION,9,1,0,0,,,,SOURCE_HAS_CAS_BUT_WORKBOOK_CAS_BLANK
MIX991,Myrrh oil,MISMATCH,NO_ACTION,9,1,0,1,9000-45-7,,,SECTION_3_HAS_EXTRA_SOURCE_CAS
MIX990,Tonka absolute,EVIDENCE_WEAK,NO_ACTION,9,1,0,0,,,,SOURCE_HAS_CAS_BUT_WORKBOOK_CAS_BLANK
MIX99,Certifect for Dogs,MATCH,NO_ACTION,9,3,5,5,57-55-6 | 1320-06-5,CC(CO)O | CC1=CC(=C(C=C1)C)N=NC2=C(C=C(C(=C2)C)N=NC3=C(C=CC4=CC=CC=C43)O)C,1030 | 2724054,
MIX989,"Thyme oil, red",MATCH,NO_ACTION,9,1,0,0,84929-51-1,,,
MIX987,Palmarosa oil,MISMATCH,NO_ACTION,9,1,0,0,106-24-1,,,SECTION_3_HAS_EXTRA_SOURCE_CAS
MIX986,Orange oil expressed,NO_WORKBOOK_INGREDIENTS,NO_ACTION,9,1,0,0,,,,SOURCE_HAS_CAS_BUT_WORKBOOK_CAS_BLANK | WORKBOOK_MISSING_INGREDIENTS_WITH_SOURCE_EVIDENCE
MIX949,Curcuma oil,MATCH,NO_ACTION,9,1,0,0,458-37-7,,,
MIX985,Guaiac wood acetate,MATCH,NO_ACTION,9,1,0,0,61789-17-1,,,
MIX983,Cedarwood oil Virginia,MATCH,NO_ACTION,9,1,0,0,8000-27-9,,,
MIX982,Peru balsam oil,MISMATCH,NO_ACTION,9,1,0,0,8007-00-9,,,SECTION_3_HAS_EXTRA_SOURCE_CAS
MIX981,Spike lavender oil,MISMATCH,NO_ACTION,9,1,0,1,84837-04-7,,,WORKBOOK_CAS_FOUND_OUTSIDE_SECTION_3 | SECTION_3_HAS_EXTRA_SOURCE_CAS
MIX980,Cumin oil,MATCH,NO_ACTION,9,1,0,0,8014-13-9,,,
MIX98,Chemsico Pesticide Granules WI-N,MATCH,NO_ACTION,9,8,8,8,16389-88-1 | 57-13-6 | 7447-40-7 | 7704-34-9,C(=O)([O-])[O-].C(=O)([O-])[O-].[Mg+2].[Ca+2] | C(=O)(N)N | [Cl-].[K+] | S,61833 | 1176 | 4873 | 5362487,
MIX979,Juniper berry oil,MATCH,NO_ACTION,9,1,0,0,8002-68-4,,,
MIX978,Clary sage oil,MATCH,NO_ACTION,9,1,0,0,84775-83-7 | 8016-63-5,,,
MIX977,"Cinnamon bark oil, ""Ceylon""",EVIDENCE_WEAK,NO_ACTION,9,1,0,0,8015-91-6,,,WORKBOOK_CAS_FOUND_OUTSIDE_SECTION_3
MIX976,"1,3-nonanediol acetate (mixed esters)",NO_WORKBOOK_INGREDIENTS,NO_ACTION,9,0,0,0,,,,WORKBOOK_MISSING_INGREDIENTS_WITH_SOURCE_EVIDENCE
MIX975,Marjoram oil sweet,MATCH,NO_ACTION,9,1,0,0,8015-01-8,,,
MIX984,Cedryl acetate,MATCH,NO_ACTION,9,1,1,1,77-54-3,,13918856,
MIX798,sodium hydroxide/SMS (0.5:1),MATCH,NO_ACTION,9,2,2,2,1310-73-2,,,
MIX948,Sweet birch oil,MISMATCH,NO_ACTION,9,1,0,0,85251-66-7,,,SECTION_3_HAS_EXTRA_SOURCE_CAS
MIX946,Almond oil bitter,MATCH,NO_ACTION,9,1,0,0,8013-76-1,,,
MIX920,Camphor oil brown,MISMATCH,NO_ACTION,9,1,0,0,,,,SOURCE_DOWNLOAD_FAILED: 429 Client Error: Too Many Requests for url: https://www.sigmaaldrich.com/AU/en/sds/aldrich/148075?srsltid=AfmBOoryWW8O8kahVgbgPYwawTQmK2kTQ9SUNw7NqoHf9EwS-GekFAAc | SUPPLEMENTAL_ATTENTION_REQUIRED: SOURCE_SCOPE_NOT_EXACT | WORKBOOK_EMPTY | SUPPLEMENTAL_ATTENTION_REQUIRED: NO_HIGHLIGHTED_SOURCE | SOURCE_SCOPE_NOT_EXACT | WORKBOOK_EMPTY | SUPPLEMENTAL_ATTENTION_REQUIRED: SOURCE_SCOPE_NOT_EXACT | OCCURRENCE_UNRESOLVED | MANUAL_REVIEW_REQUIRED | SUPPLEMENTAL_ATTENTION_REQUIRED: SOURCE_SCOPE_NOT_EXACT | NO_LINKED_SUPPLEMENTAL_ARTIFACTS | OCCURRENCE_UNRESOLVED | MANUAL_REVIEW_REQUIRED
MIX92,Bifenthrin 0.2% Granular,MATCH,NO_ACTION,9,1,1,1,82657-04-3,CC1=C(C=CC=C1C2=CC=CC=C2)COC(=O)[C@@H]3[C@@H](C3(C)C)/C=C(/C(F)(F)F)\Cl,6442842,
MIX917,"Cognac oil, green",MATCH,NO_ACTION,9,1,0,0,8016-21-5,,,
MIX916,Camphor oil yellow,MATCH,NO_ACTION,9,1,0,0,76-22-2,,,
MIX915,Star anise oil,MATCH,NO_ACTION,9,1,0,0,84650-59-9,,,
MIX914,Cardamom oil,MISMATCH,NO_ACTION,9,1,1,1,470-82-6,,2758,SECTION_3_HAS_EXTRA_SOURCE_CAS
MIX913,Black pepper oil,MISMATCH,NO_ACTION,9,1,0,0,84929-41-9,,,SECTION_3_HAS_EXTRA_SOURCE_CAS
MIX912,"Costus oil, absolute",MATCH,NO_ACTION,9,1,0,0,8023-88-9,,,
MIX911,Lemongrass oil East Indian,MATCH,NO_ACTION,9,1,0,0,8007-02-1,,,
MIX91,Bifenthrin,MATCH,NO_ACTION,9,1,1,1,82657-04-3,CC1=C(C=CC=C1C2=CC=CC=C2)COC(=O)[C@@H]3[C@@H](C3(C)C)/C=C(/C(F)(F)F)\Cl,6442842,
MIX909,Cyste absolute,SOURCE_UNAVAILABLE,NO_ACTION,9,1,0,0,8016-26-0,,,SOURCE_DOWNLOAD_FAILED: 403 Client Error: Forbidden for url: https://www.lgbotanicals.com/assets/images/SDS-CISTUS%20ABSOLUTE.pdf?srsltid=AfmBOoroBhprK67o7l527x012YCLCDQIJHgyiRG-epaYiDZIEcLn_qco
MIX908,Cassia oil,MATCH,NO_ACTION,9,1,0,0,8007-80-5,,,
MIX907,Chamomile oil Roman,EVIDENCE_WEAK,NO_ACTION,9,1,0,0,84649-86-5,,,WORKBOOK_CAS_FOUND_OUTSIDE_SECTION_3
MIX906,Ginger oil,EVIDENCE_WEAK,NO_ACTION,9,1,0,0,84696-15-1,,,WORKBOOK_CAS_FOUND_OUTSIDE_SECTION_3
MIX905,Chamomile oil German,MISMATCH,NO_ACTION,9,1,0,0,8002-66-2,,,SECTION_3_HAS_EXTRA_SOURCE_CAS
MIX904,Estragon oil,MATCH,NO_ACTION,9,1,0,0,8016-88-4,,,
MIX903,Celery seed oil,EVIDENCE_WEAK,NO_ACTION,9,1,0,0,8015-90-5,,,SECTION_3_NOT_FOUND
MIX902,Cedar leaf oil,EVIDENCE_WEAK,NO_ACTION,9,1,0,0,8007-20-3,,,WORKBOOK_CAS_FOUND_OUTSIDE_SECTION_3
MIX901,"Costus root, essential oil, absolute and concrete",MATCH,NO_ACTION,9,1,0,0,8023-88-9 | 90106-55-1,,,
MIX900,Civet absolute,EVIDENCE_WEAK,NO_ACTION,9,1,0,0,,,,SOURCE_HAS_CAS_BUT_WORKBOOK_CAS_BLANK
MIX90,Cavicide 1,MATCH,NO_ACTION,9,4,4,4,67-63-0 | 64-17-5 | 111-76-2 | 7173-51-5,CC(C)O | CCO | CCCCOCCO | CCCCCCCCCC[N+](C)(C)CCCCCCCCCC.[Cl-],3776 | 702 | 8133 | 23558,
MIX921,Cascarilla oil,MATCH,NO_ACTION,9,1,0,0,8007-06-5,,,
MIX922,Chenopodium oil,EVIDENCE_WEAK,NO_ACTION,9,1,0,0,,,,SOURCE_HAS_CAS_BUT_WORKBOOK_CAS_BLANK
MIX923,Schinus molle oil,MATCH,NO_ACTION,9,1,0,0,68917-52-2,,,
MIX924,Dill weed oil,MATCH,NO_ACTION,9,1,0,0,8006-75-5,,,
MIX945,Sassafras oil,EVIDENCE_WEAK,NO_ACTION,9,1,0,1,8006-80-2,,,SECTION_3_NOT_FOUND
MIX944,Perilla oil,EVIDENCE_WEAK,NO_ACTION,9,1,0,1,90082-61-4,,,WORKBOOK_CAS_FOUND_OUTSIDE_SECTION_3
MIX943,Almond oil sweet,EVIDENCE_WEAK,NO_ACTION,9,1,0,0,,,,SOURCE_HAS_CAS_BUT_WORKBOOK_CAS_BLANK
MIX941,Almond oil bitter FFPA,MATCH,NO_ACTION,9,1,0,0,8013-76-1,,,
MIX940,Spearmint oil,EVIDENCE_WEAK,NO_ACTION,9,1,0,0,,,,SOURCE_HAS_CAS_BUT_WORKBOOK_CAS_BLANK
MIX94,Bifenture 10WSB/10DF Insecticide/Miticide,MATCH,NO_ACTION,9,2,3,3,82657-04-3 | 2634-33-5,CC1=C(C=CC=C1C2=CC=CC=C2)COC(=O)[C@@H]3[C@@H](C3(C)C)/C=C(/C(F)(F)F)\Cl | C1=CC=C2C(=C1)C(=O)NS2,6442842 | 17520,
MIX939,Helichrysum oil,MATCH,NO_ACTION,9,1,0,0,90045-56-0,,,
MIX938,Foin absolute,EVIDENCE_WEAK,NO_ACTION,9,0,0,0,,,,SOURCE_HAS_CAS_BUT_WORKBOOK_CAS_BLANK
MIX937,Davana oil,MATCH,NO_ACTION,9,1,0,0,8016-03-3,,,
MIX936,Eau de brouts absolute,EVIDENCE_WEAK,NO_ACTION,9,1,1,1,131812-67-4,,,SECTION_3_NOT_FOUND
MIX947,Cassie absolute (acacia farnesiana (l.) willd),EVIDENCE_WEAK,NO_ACTION,9,0,0,0,,,,VERIFICATION_ROUND_RECONCILIATION_NEEDED
MIX935,Snakeroot oil Canadian,EVIDENCE_WEAK,NO_ACTION,9,0,0,0,,,,SOURCE_HAS_CAS_BUT_WORKBOOK_CAS_BLANK
MIX933,Hyssop oil,EVIDENCE_WEAK,NO_ACTION,9,1,1,1,15358-88-0,,11038,WORKBOOK_CAS_FOUND_OUTSIDE_SECTION_3
MIX932,Flouve oil,MATCH,NO_ACTION,9,1,0,0,68916-09-6,,,
MIX931,"Neroli oil, Tunisian",MATCH,NO_ACTION,9,1,0,0,8016-38-4,,,
MIX930,Alantroot oil,EVIDENCE_WEAK,NO_ACTION,9,0,0,0,,,,SOURCE_HAS_CAS_BUT_WORKBOOK_CAS_BLANK
MIX93,Bifenthrin 8% ME,MATCH,NO_ACTION,9,1,1,1,82657-04-3,,6442842,
MIX929,Calamus oil,MATCH,NO_ACTION,9,1,0,0,84775-39-3 | 8015-79-0,,,
MIX928,"Fennel oil, bitter",MISMATCH,NO_ACTION,9,1,0,0,84625-39-8,,,SECTION_3_HAS_EXTRA_SOURCE_CAS
MIX927,Tetrahydromugyl acetate,MATCH,NO_ACTION,9,2,2,2,23132-17-4,,,
MIX926,Elemi oil,MATCH,NO_ACTION,9,1,0,0,8023-89-0 | 97675-63-3,,,
MIX925,Tansy oil,MATCH,NO_ACTION,9,1,0,0,84961-64-8,,,
MIX934,Beeswax absolute,EVIDENCE_WEAK,NO_ACTION,9,1,0,0,,,,SOURCE_HAS_CAS_BUT_WORKBOOK_CAS_BLANK
MIX574,Aloft LC SC Insecticide,EVIDENCE_WEAK,NO_ACTION,9,3,2,3,,,,SOURCE_HAS_CAS_BUT_WORKBOOK_CAS_BLANK
MIX797,"sodium hydroxide/N,N'-bis(acrylyl)cystamine (BAC) (1:10)",MATCH,NO_ACTION,9,2,2,2,60984-57-8,,,
MIX795,Proxel AB,EVIDENCE_WEAK,NO_ACTION,9,2,1,1,2634-33-5,,,WORKBOOK_CAS_FOUND_OUTSIDE_SECTION_3
MIX642,lsobutyric Acid Hydrazide,MATCH,NO_ACTION,9,1,2,2,3538-65-6,,77079,
MIX641,Lannate LV,EVIDENCE_WEAK,NO_ACTION,9,2,1,2,,,,SOURCE_HAS_CAS_BUT_WORKBOOK_CAS_BLANK
MIX640,"Imidacloprid + Tau-fluvalinate + Tebuconazole Ready-to-Use Insecticide, Miticide to Fungicide",NO_WORKBOOK_INGREDIENTS,NO_ACTION,9,3,3,3,,,,SOURCE_HAS_CAS_BUT_WORKBOOK_CAS_BLANK | WORKBOOK_MISSING_INGREDIENTS_WITH_SOURCE_EVIDENCE
MIX64,Bispyribac-sodium,MISMATCH,NO_ACTION,9,1,1,1,125401-92-5,COC1=CC(=NC(=N1)OC2=C(C(=CC=C2)OC3=NC(=CC(=N3)OC)OC)C(=O)[O-])OC.[Na+],23682789,SOURCE_DOWNLOAD_FAILED: 403 Client Error: Forbidden for url: https://www.tcichemicals.com/BE/en/sds/B6564_EU_6N.pdf | SUPPLEMENTAL_ATTENTION_REQUIRED: SOURCE_SCOPE_NOT_EXACT | SUSPICIOUS_WORKBOOK_INGREDIENT_TEXT | SUPPLEMENTAL_ATTENTION_REQUIRED: NO_HIGHLIGHTED_SOURCE | SOURCE_SCOPE_NOT_EXACT | SUSPICIOUS_WORKBOOK_INGREDIENT_TEXT | SUPPLEMENTAL_ATTENTION_REQUIRED: SOURCE_SCOPE_NOT_EXACT | OCCURRENCE_UNRESOLVED | MANUAL_REVIEW_REQUIRED | SUPPLEMENTAL_ATTENTION_REQUIRED: SOURCE_SCOPE_NOT_EXACT | OCCURRENCE_MISMATCH | MANUAL_REVIEW_REQUIRED
MIX639,Gharda Permethrin (94),MISMATCH,NO_ACTION,9,1,1,2,,,,SOURCE_DOWNLOAD_FAILED: 429 Client Error: Too Many Requests for url: https://www.sigmaaldrich.com/US/en/sds/sial/45614?srsltid=AfmBOooeyoGsuQWhH_k1dn_dVnSSVvMutumo-yZHVY9g3hujpA2hrIfH | SUPPLEMENTAL_ATTENTION_REQUIRED: SUSPICIOUS_WORKBOOK_INGREDIENT_TEXT | SUPPLEMENTAL_ATTENTION_REQUIRED: NO_HIGHLIGHTED_SOURCE | SOURCE_SCOPE_NOT_EXACT | SUSPICIOUS_WORKBOOK_INGREDIENT_TEXT | SUPPLEMENTAL_ATTENTION_REQUIRED: SOURCE_SCOPE_NOT_EXACT | SUSPICIOUS_WORKBOOK_INGREDIENT_TEXT | SUPPLEMENTAL_ATTENTION_REQUIRED: SOURCE_SCOPE_NOT_EXACT | OCCURRENCE_UNRESOLVED | MANUAL_REVIEW_REQUIRED | SUPPLEMENTAL_ATTENTION_REQUIRED: SOURCE_SCOPE_NOT_EXACT | NO_LINKED_SUPPLEMENTAL_ARTIFACTS | OCCURRENCE_UNRESOLVED | MANUAL_REVIEW_REQUIRED
MIX638,Gharda Permethrin (95.3),MISMATCH,NO_ACTION,9,1,1,2,,,,SOURCE_DOWNLOAD_FAILED: 429 Client Error: Too Many Requests for url: https://www.sigmaaldrich.com/US/en/sds/sial/45614?srsltid=AfmBOooF3J6FSo-qDvSs4oX7nuh9r1ICNdIvnSwtthE1fHe7mWlMlUUK | SUPPLEMENTAL_ATTENTION_REQUIRED: SUSPICIOUS_WORKBOOK_INGREDIENT_TEXT | SUPPLEMENTAL_ATTENTION_REQUIRED: NO_HIGHLIGHTED_SOURCE | SOURCE_SCOPE_NOT_EXACT | SUSPICIOUS_WORKBOOK_INGREDIENT_TEXT | SUPPLEMENTAL_ATTENTION_REQUIRED: SOURCE_SCOPE_NOT_EXACT | SUSPICIOUS_WORKBOOK_INGREDIENT_TEXT | SUPPLEMENTAL_ATTENTION_REQUIRED: SOURCE_SCOPE_NOT_EXACT | OCCURRENCE_UNRESOLVED | MANUAL_REVIEW_REQUIRED | SUPPLEMENTAL_ATTENTION_REQUIRED: SOURCE_SCOPE_NOT_EXACT | NO_LINKED_SUPPLEMENTAL_ARTIFACTS | OCCURRENCE_UNRESOLVED | MANUAL_REVIEW_REQUIRED
MIX637,Fontelis Fungicide,MATCH,NO_ACTION,9,1,1,1,183675-82-3,,11388558,
MIX635,Flufenpyr-Ethyl-S-3153 Acid-4-OH,EVIDENCE_WEAK,NO_ACTION,9,1,1,1,,,,SECTION_3_NOT_FOUND
MIX634,Flumethrin(95.1),MISMATCH,NO_ACTION,9,1,1,1,,,,SOURCE_DOWNLOAD_FAILED: 429 Client Error: Too Many Requests for url: https://www.sigmaaldrich.com/FR/en/sds/SIAL/46417?srsltid=AfmBOopqceoasLhY8kNkN8jktfoSJED8wsQN_8_syXUCzSl5g-ODnE97 | SUPPLEMENTAL_ATTENTION_REQUIRED: SUSPICIOUS_WORKBOOK_INGREDIENT_TEXT | SUPPLEMENTAL_ATTENTION_REQUIRED: NO_HIGHLIGHTED_SOURCE | SOURCE_SCOPE_NOT_EXACT | SUSPICIOUS_WORKBOOK_INGREDIENT_TEXT | SUPPLEMENTAL_ATTENTION_REQUIRED: SOURCE_SCOPE_NOT_EXACT | SUSPICIOUS_WORKBOOK_INGREDIENT_TEXT | SUPPLEMENTAL_ATTENTION_REQUIRED: SOURCE_SCOPE_NOT_EXACT | OCCURRENCE_UNRESOLVED | MANUAL_REVIEW_REQUIRED | SUPPLEMENTAL_ATTENTION_REQUIRED: SOURCE_SCOPE_NOT_EXACT | NO_LINKED_SUPPLEMENTAL_ARTIFACTS | OCCURRENCE_UNRESOLVED | MANUAL_REVIEW_REQUIRED
MIX633,Flumethrin(87.9),MISMATCH,NO_ACTION,9,1,1,1,,,,SOURCE_DOWNLOAD_FAILED: 429 Client Error: Too Many Requests for url: https://www.sigmaaldrich.com/FR/en/sds/SIAL/46417?srsltid=AfmBOoryZW4mRSsXnOOteN5T4rdnQ4Hy9oSUne9Qx4UibFNB0mlLymGE | SUPPLEMENTAL_ATTENTION_REQUIRED: SUSPICIOUS_WORKBOOK_INGREDIENT_TEXT | SUPPLEMENTAL_ATTENTION_REQUIRED: NO_HIGHLIGHTED_SOURCE | SOURCE_SCOPE_NOT_EXACT | SUSPICIOUS_WORKBOOK_INGREDIENT_TEXT | SUPPLEMENTAL_ATTENTION_REQUIRED: SOURCE_SCOPE_NOT_EXACT | SUSPICIOUS_WORKBOOK_INGREDIENT_TEXT | SUPPLEMENTAL_ATTENTION_REQUIRED: SOURCE_SCOPE_NOT_EXACT | OCCURRENCE_UNRESOLVED | MANUAL_REVIEW_REQUIRED | SUPPLEMENTAL_ATTENTION_REQUIRED: SOURCE_SCOPE_NOT_EXACT | NO_LINKED_SUPPLEMENTAL_ARTIFACTS | OCCURRENCE_UNRESOLVED | MANUAL_REVIEW_REQUIRED
MIX632,Flufenpyr-Ethyl-S-3153 WDG/Atrazine Premix,EVIDENCE_WEAK,NO_ACTION,9,2,2,2,,,,SECTION_3_NOT_FOUND
MIX631,DPX-E9636-38,EVIDENCE_WEAK,NO_ACTION,9,1,2,2,1330-20-7 | 22-00-9 | 84-74-2 | 318-00-4,,3026,INVALID_WORKBOOK_CAS
MIX630,F6141 EW,EVIDENCE_WEAK,NO_ACTION,9,1,1,1,159351-69-6,,,WORKBOOK_CAS_FOUND_OUTSIDE_SECTION_3
MIX63,BAS 620 H,MATCH,NO_ACTION,9,1,1,1,110-82-7,,,
MIX629,F6141 EW INSECTICIDE,EVIDENCE_WEAK,NO_ACTION,9,1,1,1,,,,SOURCE_HAS_CAS_BUT_WORKBOOK_CAS_BLANK
MIX628,EH-1489 Broadleaf Herbicide,EVIDENCE_WEAK,NO_ACTION,9,5,4,4,,,,SOURCE_HAS_CAS_BUT_WORKBOOK_CAS_BLANK
MIX627,Dinotefuron,MATCH,NO_ACTION,9,1,1,1,165252-70-0,,,
MIX626,Bifenthrin 0.086% Plus Fertilizer,EVIDENCE_WEAK,NO_ACTION,9,1,1,1,,,,SOURCE_HAS_CAS_BUT_WORKBOOK_CAS_BLANK
MIX625,Fludioxonil(95.4%),MATCH,NO_ACTION,9,3,3,3,107-21-1 | 13141-86-1,,174 | 166777,
MIX624,Bromuconazole(95.7%),MATCH,NO_ACTION,9,1,1,1,116255-48-2,C1C(COC1(CN2C=NC=N2)C3=C(C=C(C=C3)Cl)Cl)Br,3444,
MIX623,Aloft GC G Insecticide,EVIDENCE_WEAK,NO_ACTION,9,2,2,2,210880-92-5 | 82657-04-3,CN/C(=N\[N+](=O)[O-])/NCC1=CN=C(S1)Cl | CC1=C(C=CC=C1C2=CC=CC=C2)COC(=O)[C@@H]3[C@@H](C3(C)C)/C=C(/C(F)(F)F)\Cl,86287519 | 6442842,WORKBOOK_CAS_FOUND_OUTSIDE_SECTION_3
MIX643,Magnate 75 SG (75.25),MISMATCH,NO_ACTION,9,1,1,1,,,,SOURCE_DOWNLOAD_FAILED: 403 Client Error: Forbidden for url: https://www.wynnstay.co.uk/media/wysiwyg/MSDS/Manzate.pdf?srsltid=AfmBOooSyIepurJzmxJm13LnOB7jf0ITjlS1i65-xHcMTKPaiZcifSG0 | SUPPLEMENTAL_ATTENTION_REQUIRED: SOURCE_SCOPE_NOT_EXACT | SUSPICIOUS_WORKBOOK_INGREDIENT_TEXT | SUPPLEMENTAL_ATTENTION_REQUIRED: NO_HIGHLIGHTED_SOURCE | SOURCE_SCOPE_NOT_EXACT | SUSPICIOUS_WORKBOOK_INGREDIENT_TEXT | SUPPLEMENTAL_ATTENTION_REQUIRED: SOURCE_SCOPE_NOT_EXACT | OCCURRENCE_UNRESOLVED | MANUAL_REVIEW_REQUIRED | SUPPLEMENTAL_ATTENTION_REQUIRED: SOURCE_SCOPE_NOT_EXACT | NO_LINKED_SUPPLEMENTAL_ARTIFACTS | OCCURRENCE_UNRESOLVED | MANUAL_REVIEW_REQUIRED
MIX622,Aeris Seed-Applied Insecticide/Nematicide,EVIDENCE_WEAK,NO_ACTION,9,2,2,2,,,,SOURCE_HAS_CAS_BUT_WORKBOOK_CAS_BLANK
MIX644,Metalaxyl,MISMATCH,NO_ACTION,9,1,1,1,,,,SOURCE_DOWNLOAD_FAILED: 429 Client Error: Too Many Requests for url: https://www.sigmaaldrich.com/US/en/sds/sial/32012?srsltid=AfmBOoonUbrPOl-kdmiI91cNLZVwO1r2MNH4-oPg7CZp8NDtcm1QJHCt | SUPPLEMENTAL_ATTENTION_REQUIRED: SUSPICIOUS_WORKBOOK_INGREDIENT_TEXT | SUPPLEMENTAL_ATTENTION_REQUIRED: NO_HIGHLIGHTED_SOURCE | SOURCE_SCOPE_NOT_EXACT | SUSPICIOUS_WORKBOOK_INGREDIENT_TEXT | SUPPLEMENTAL_ATTENTION_REQUIRED: SOURCE_SCOPE_NOT_EXACT | SUSPICIOUS_WORKBOOK_INGREDIENT_TEXT | SUPPLEMENTAL_ATTENTION_REQUIRED: SOURCE_SCOPE_NOT_EXACT | OCCURRENCE_UNRESOLVED | MANUAL_REVIEW_REQUIRED | SUPPLEMENTAL_ATTENTION_REQUIRED: SOURCE_SCOPE_NOT_EXACT | NO_LINKED_SUPPLEMENTAL_ARTIFACTS | OCCURRENCE_UNRESOLVED | MANUAL_REVIEW_REQUIRED
MIX646,Metsulfuron Methyl 75XP,MISMATCH,NO_ACTION,9,1,1,1,,,,SOURCE_DOWNLOAD_FAILED: 429 Client Error: Too Many Requests for url: https://www.sigmaaldrich.com/US/en/sds/sial/46432?srsltid=AfmBOop68omnUr5R89jlkvxA_YYPn-h3JQt9R63mkghPbRP78jyDG6H6 | SUPPLEMENTAL_ATTENTION_REQUIRED: SUSPICIOUS_WORKBOOK_INGREDIENT_TEXT | SUPPLEMENTAL_ATTENTION_REQUIRED: NO_HIGHLIGHTED_SOURCE | SOURCE_SCOPE_NOT_EXACT | SUSPICIOUS_WORKBOOK_INGREDIENT_TEXT | SUPPLEMENTAL_ATTENTION_REQUIRED: SOURCE_SCOPE_NOT_EXACT | SUSPICIOUS_WORKBOOK_INGREDIENT_TEXT | SUPPLEMENTAL_ATTENTION_REQUIRED: SOURCE_SCOPE_NOT_EXACT | MANUAL_REVIEW_REQUIRED | SUPPLEMENTAL_ATTENTION_REQUIRED: SOURCE_SCOPE_NOT_EXACT | OCCURRENCE_UNRESOLVED | MANUAL_REVIEW_REQUIRED | SUPPLEMENTAL_ATTENTION_REQUIRED: SOURCE_SCOPE_NOT_EXACT | NO_LINKED_SUPPLEMENTAL_ARTIFACTS | OCCURRENCE_MISMATCH | MANUAL_REVIEW_REQUIRED
MIX667,Bifenthrin 0.073 RU Insecticide with X-X-X Fertilizer,MATCH,NO_ACTION,9,1,1,1,82657-04-3,,6442842,
MIX666,Bifenthrin 0.073 Insecticide with X-X-X Fertilizer,MATCH,NO_ACTION,9,1,1,1,82657-04-3,,6442842,
MIX665,BAS 500 F Crystalline,EVIDENCE_WEAK,NO_ACTION,9,1,1,1,,,,VERIFICATION_ROUND_RECONCILIATION_NEEDED
MIX664,Aqucar GA 23 SB Water Treatment Microbiocide,EVIDENCE_WEAK,NO_ACTION,9,1,1,1,,,,SOURCE_HAS_CAS_BUT_WORKBOOK_CAS_BLANK
MIX663,Acticide CBM 2,NO_WORKBOOK_INGREDIENTS,NO_ACTION,9,3,3,3,,,,SOURCE_HAS_CAS_BUT_WORKBOOK_CAS_BLANK | WORKBOOK_MISSING_INGREDIENTS_WITH_SOURCE_EVIDENCE
MIX661,Accent Q Herbicide,NO_WORKBOOK_INGREDIENTS,NO_ACTION,9,2,1,1,,,,SOURCE_HAS_CAS_BUT_WORKBOOK_CAS_BLANK | WORKBOOK_MISSING_INGREDIENTS_WITH_SOURCE_EVIDENCE
MIX660,TC 25,MISMATCH,NO_ACTION,9,1,1,1,7631-86-9,,24261,SECTION_3_HAS_EXTRA_SOURCE_CAS
MIX66,BAS 650 00 F Fungicide,NO_DOWNLOADABLE_SOURCE,NO_ACTION,9,1,1,1,,,,BLANK_INGREDIENT_SOURCE
MIX659,Touchdown Diquat Home to Garden Concentrate,EVIDENCE_WEAK,NO_ACTION,9,2,2,2,,,,SOURCE_HAS_CAS_BUT_WORKBOOK_CAS_BLANK
MIX658,"Storicide II Grain, Bin to Warehouse Insecticide",EVIDENCE_WEAK,NO_ACTION,9,2,2,2,,,,SOURCE_HAS_CAS_BUT_WORKBOOK_CAS_BLANK
MIX657,Secure,EVIDENCE_WEAK,NO_ACTION,9,2,2,2,,,,SOURCE_HAS_CAS_BUT_WORKBOOK_CAS_BLANK
MIX655,Raxil MD Extra,EVIDENCE_WEAK,NO_ACTION,9,3,3,3,,,,SOURCE_HAS_CAS_BUT_WORKBOOK_CAS_BLANK
MIX654,Pursuit,MATCH,NO_ACTION,9,4,3,4,57-55-6 | 68439-46-3,CC(CO)O,1030,
MIX653,Prosper T400 Insecticide to Fungicide,EVIDENCE_WEAK,NO_ACTION,9,4,4,4,,,,SOURCE_HAS_CAS_BUT_WORKBOOK_CAS_BLANK
MIX652,Prequel Herbicide,MATCH,NO_ACTION,9,2,2,2,,,,
MIX651,Pen 240FS,MATCH,NO_ACTION,9,3,3,3,88671-89-0 | 56-81-5,CCCCC(CN1C=NC=N1)(C#N)C2=CC=C(C=C2)Cl | C(C(CO)O)O,6336 | 753,
MIX650,Orthophenylphenol/Sodium Orthophenylphenate,MATCH,NO_ACTION,9,1,1,1,90-43-7,C1=CC=C(C=C1)C2=CC=CC=C2O,7017,
MIX65,Bonide Cyper WSP Insecticide,MATCH,NO_ACTION,9,2,2,2,52315-07-8 | 112926-00-8,CC1(C(C1C(=O)OC(C#N)C2=CC(=CC=C2)OC3=CC=CC=C3)C=C(Cl)Cl)C | O=[Si]=O,2912 | 24261,
MIX649,Optiguard Liquid Ant Bait,EVIDENCE_WEAK,NO_ACTION,9,1,1,1,,,,SOURCE_HAS_CAS_BUT_WORKBOOK_CAS_BLANK
MIX648,Optiguard Cockroach Bait,EVIDENCE_WEAK,NO_ACTION,9,0,0,0,,,,SOURCE_HAS_CAS_BUT_WORKBOOK_CAS_BLANK
MIX647,Mixture of hydantoins,MATCH,NO_ACTION,9,3,3,5,461-72-3,C1C(=O)NC(=O)N1,10006,
MIX645,Metarex 4% Snail to Slug Bait,EVIDENCE_WEAK,NO_ACTION,9,1,1,1,,,,SOURCE_HAS_CAS_BUT_WORKBOOK_CAS_BLANK
MIX621,Abamectin B2a,MISMATCH,NO_ACTION,9,2,1,1,71751-41-2,,,SECTION_3_HAS_EXTRA_SOURCE_CAS
MIX620,Abamectin A2a,MATCH,NO_ACTION,9,2,1,1,71751-41-2,,,
MIX62,Bioguard Spaguard Brominating Concentrate,MATCH,NO_ACTION,9,2,2,2,2893-78-9 | 7647-15-6,,517202 | 253881,
MIX594,Multicide 28661,EVIDENCE_WEAK,NO_ACTION,9,2,2,2,,,,SOURCE_HAS_CAS_BUT_WORKBOOK_CAS_BLANK
MIX593,Meymik 15G,MISMATCH,NO_ACTION,9,2,1,1,,,,SOURCE_HAS_CAS_BUT_WORKBOOK_CAS_BLANK | WORKBOOK_INGREDIENT_NAMES_NOT_FOUND_IN_SOURCE
MIX592,Heat Powered by Kixor Herbicide,EVIDENCE_WEAK,NO_ACTION,9,1,1,1,,,,SOURCE_HAS_CAS_BUT_WORKBOOK_CAS_BLANK
MIX591,Lawn 3FL2 Herbicide Ready-to-Use,EVIDENCE_WEAK,NO_ACTION,9,4,4,4,,,,SOURCE_HAS_CAS_BUT_WORKBOOK_CAS_BLANK
MIX590,Larvin 500 Insecticide,NO_WORKBOOK_INGREDIENTS,NO_ACTION,9,1,1,1,,,,SOURCE_HAS_CAS_BUT_WORKBOOK_CAS_BLANK | WORKBOOK_MISSING_INGREDIENTS_WITH_SOURCE_EVIDENCE
MIX59,Biflex SFR,MATCH,NO_ACTION,9,3,3,3,82657-04-3 | 135410-20-7 | 108-32-7,CC1=C(C=CC=C1C2=CC=CC=C2)COC(=O)[C@@H]3[C@@H](C3(C)C)/C=C(/C(F)(F)F)\Cl | CC(=NC#N)N(C)CC1=CN=C(C=C1)Cl | CC1COC(=O)O1,6442842 | 213021 | 7924,
MIX589,Kixor Herbicide ,NO_WORKBOOK_INGREDIENTS,NO_ACTION,9,1,1,1,,,,SOURCE_HAS_CAS_BUT_WORKBOOK_CAS_BLANK | WORKBOOK_MISSING_INGREDIENTS_WITH_SOURCE_EVIDENCE
MIX588,Flumethrin(96.2),MISMATCH,NO_ACTION,9,1,1,1,,,,SOURCE_DOWNLOAD_FAILED: 429 Client Error: Too Many Requests for url: https://www.sigmaaldrich.com/FR/en/sds/SIAL/46417?srsltid=AfmBOopSn7GE9RvOC3vtJ__O_XdpR-B2Dnz_nKCl5EhgqIGHAbWVnESr | SUPPLEMENTAL_ATTENTION_REQUIRED: SUSPICIOUS_WORKBOOK_INGREDIENT_TEXT | SUPPLEMENTAL_ATTENTION_REQUIRED: NO_HIGHLIGHTED_SOURCE | SOURCE_SCOPE_NOT_EXACT | SUSPICIOUS_WORKBOOK_INGREDIENT_TEXT | SUPPLEMENTAL_ATTENTION_REQUIRED: SOURCE_SCOPE_NOT_EXACT | SUSPICIOUS_WORKBOOK_INGREDIENT_TEXT | SUPPLEMENTAL_ATTENTION_REQUIRED: SOURCE_SCOPE_NOT_EXACT | OCCURRENCE_UNRESOLVED | MANUAL_REVIEW_REQUIRED | SUPPLEMENTAL_ATTENTION_REQUIRED: SOURCE_SCOPE_NOT_EXACT | NO_LINKED_SUPPLEMENTAL_ARTIFACTS | OCCURRENCE_UNRESOLVED | MANUAL_REVIEW_REQUIRED
MIX587,Folicur 1. 2 emulsifiable concentrate(15.4),MISMATCH,NO_ACTION,9,1,1,1,107534-96-3,,,SOURCE_DOWNLOAD_FAILED: 403 Client Error: Forbidden for url: https://www.cropscience.bayer.co.nz/-/media/bcs-inter/ws_newzealand/use-our-products/product-import-files/fungicides/folicur-wg/folicur-wg-sds.pdf?sc_lang=en | SUPPLEMENTAL_ATTENTION_REQUIRED: SOURCE_SCOPE_NOT_EXACT | SUPPLEMENTAL_ATTENTION_REQUIRED: NO_HIGHLIGHTED_SOURCE | SOURCE_SCOPE_NOT_EXACT | SUSPICIOUS_WORKBOOK_INGREDIENT_TEXT | SUPPLEMENTAL_ATTENTION_REQUIRED: SOURCE_SCOPE_NOT_EXACT | SUSPICIOUS_WORKBOOK_INGREDIENT_TEXT | SUPPLEMENTAL_ATTENTION_REQUIRED: SOURCE_SCOPE_NOT_EXACT | OCCURRENCE_UNRESOLVED | MANUAL_REVIEW_REQUIRED | SUPPLEMENTAL_ATTENTION_REQUIRED: SOURCE_SCOPE_NOT_EXACT | OCCURRENCE_MISMATCH | MANUAL_REVIEW_REQUIRED
MIX586,Fenhexamid(95.4%),EVIDENCE_WEAK,NO_ACTION,9,2,1,2,126833-17-8 | 111-00-8,CC1(CCCCC1)C(=O)NC2=C(C(=C(C=C2)O)Cl)Cl,213031,INVALID_WORKBOOK_CAS
MIX585,Ethofumesate(97.5%),MATCH,NO_ACTION,9,2,1,1,107-21-1 | 26225-79-6,,,
MIX584,EP-Amin (Ethyl-n-propylamin),EVIDENCE_WEAK,NO_ACTION,9,1,1,1,,,,SOURCE_HAS_CAS_BUT_WORKBOOK_CAS_BLANK
MIX583,Enhance AW(19.55),MISMATCH,NO_ACTION,9,1,1,1,,,,SOURCE_HAS_CAS_BUT_WORKBOOK_CAS_BLANK | WORKBOOK_INGREDIENT_NAMES_NOT_FOUND_IN_SOURCE
MIX582,DPX-E9636-22,EVIDENCE_WEAK,NO_ACTION,9,1,1,1,,,,SOURCE_HAS_CAS_BUT_WORKBOOK_CAS_BLANK
MIX581,DPX-E9636,EVIDENCE_WEAK,NO_ACTION,9,1,1,1,,,,SOURCE_HAS_CAS_BUT_WORKBOOK_CAS_BLANK
MIX580,Departure Herbicide,EVIDENCE_WEAK,NO_ACTION,9,1,1,1,,,,SOURCE_HAS_CAS_BUT_WORKBOOK_CAS_BLANK
MIX58,Biflex 5T,MATCH,NO_ACTION,9,3,3,3,82657-04-3 | 135410-20-7 | 108-32-7,CC1=C(C=CC=C1C2=CC=CC=C2)COC(=O)[C@@H]3[C@@H](C3(C)C)/C=C(/C(F)(F)F)\Cl | CC(=NC#N)N(C)CC1=CN=C(C=C1)Cl | CC1COC(=O)O1,6442842 | 213021 | 7924,
MIX579,DeckMate Mosquito Repellent,EVIDENCE_WEAK,NO_ACTION,9,1,1,1,,,,SECTION_3_NOT_FOUND
MIX578,Benefin(97.3%),MATCH,NO_ACTION,9,2,2,2,920-66-1,,13529,
MIX577,Axiom DF,EVIDENCE_WEAK,NO_ACTION,9,2,1,1,,,,SOURCE_HAS_CAS_BUT_WORKBOOK_CAS_BLANK
MIX576,Coumaphos (97.6),SOURCE_UNAVAILABLE,NO_ACTION,9,1,1,1,,,,SOURCE_DOWNLOAD_FAILED: 429 Client Error: Too Many Requests for url: https://www.sigmaaldrich.com/IN/en/sds/sial/45403?srsltid=AfmBOooiBx0DPASW644X0VCsXSbeoDhDQyQFCSzglkOGS_Dr1IvbeSgM | SUPPLEMENTAL_ATTENTION_REQUIRED: NO_HIGHLIGHTED_SOURCE | SOURCE_SCOPE_NOT_EXACT | SUPPLEMENTAL_ATTENTION_REQUIRED: SOURCE_SCOPE_NOT_EXACT | SUPPLEMENTAL_ATTENTION_REQUIRED: SOURCE_SCOPE_NOT_EXACT | OCCURRENCE_UNRESOLVED | MANUAL_REVIEW_REQUIRED | SUPPLEMENTAL_ATTENTION_REQUIRED: SOURCE_SCOPE_NOT_EXACT | NO_LINKED_SUPPLEMENTAL_ARTIFACTS | OCCURRENCE_UNRESOLVED | MANUAL_REVIEW_REQUIRED
MIX595,Orvego Fungicide,NO_WORKBOOK_INGREDIENTS,NO_ACTION,9,2,2,2,,,,SOURCE_HAS_CAS_BUT_WORKBOOK_CAS_BLANK | WORKBOOK_MISSING_INGREDIENTS_WITH_SOURCE_EVIDENCE
MIX596,Prodiamine/Diquat/Glyphosphate EW Manufacturing,EVIDENCE_WEAK,NO_ACTION,9,3,4,18,1317-65-3 | 14808-60-7 | 57-13-6 | 13547-17-6 | 108-19-0 | 7704-39-9 | 7447-40-7 | 1302-78-9 | 29091-21-2 | 1332-58-7,O=[Si]=O | C(=O)(N)N | C(NC(=O)N)NC(=O)N | C(=O)(N)NC(=O)N | S | [Cl-].[K+] | CCCN(CCC)C1=C(C=C(C(=C1[N+](=O)[O-])N)C(F)(F)F)[N+](=O)[O-],24261 | 1176 | 61645 | 7913 | 5362487 | 4873 | 34469,INVALID_WORKBOOK_CAS
MIX597,Provado 70 WG Insecticide,MATCH,NO_ACTION,9,3,3,3,52918-63-5 | 55965-84-9,,40585 | 41679,
MIX6,Acticide CBM,EVIDENCE_WEAK,NO_ACTION,9,2,4,27,,C1=CC=C2C(=C1)C(=O)NS2 | [OH-].[Na+],17520 | 14798,SOURCE_HAS_CAS_BUT_WORKBOOK_CAS_BLANK
MIX619,Abamectin A1b,EVIDENCE_WEAK,NO_ACTION,9,1,1,1,,,,SOURCE_HAS_CAS_BUT_WORKBOOK_CAS_BLANK
MIX618,Abamectin A1a,MISMATCH,NO_ACTION,9,1,1,1,71751-41-2,,,SECTION_3_HAS_EXTRA_SOURCE_CAS
MIX617,5-Hydroxy-Tepraloxydim,EVIDENCE_WEAK,NO_ACTION,9,1,0,0,,,,SOURCE_HAS_CAS_BUT_WORKBOOK_CAS_BLANK
MIX616,Fludioxonil(94.7%),SOURCE_UNAVAILABLE,NO_ACTION,9,1,1,1,,,,SOURCE_DOWNLOAD_FAILED: 429 Client Error: Too Many Requests for url: https://www.sigmaaldrich.com/FR/en/sds/SIGMA/46102?srsltid=AfmBOorWnZBj-iTKxa24yBLdO7IR-Ok3Tjw14jT7YUc6I5eeoBEHCK72 | SUPPLEMENTAL_ATTENTION_REQUIRED: NO_HIGHLIGHTED_SOURCE | SOURCE_SCOPE_NOT_EXACT | SUPPLEMENTAL_ATTENTION_REQUIRED: SOURCE_SCOPE_NOT_EXACT | SUPPLEMENTAL_ATTENTION_REQUIRED: SOURCE_SCOPE_NOT_EXACT | OCCURRENCE_UNRESOLVED | MANUAL_REVIEW_REQUIRED | SUPPLEMENTAL_ATTENTION_REQUIRED: SOURCE_SCOPE_NOT_EXACT | NO_LINKED_SUPPLEMENTAL_ARTIFACTS | OCCURRENCE_UNRESOLVED | MANUAL_REVIEW_REQUIRED
MIX615,Fludioxonil 50WP,SOURCE_UNAVAILABLE,NO_ACTION,9,1,1,1,,,,SOURCE_DOWNLOAD_FAILED: 429 Client Error: Too Many Requests for url: https://www.sigmaaldrich.com/FR/en/sds/SIGMA/46102?srsltid=AfmBOopvvsMzWkzD6gGQnO1Qg5MR0kcB_tdfAwyWtBKCCk_DGU-K9vME | SUPPLEMENTAL_ATTENTION_REQUIRED: NO_HIGHLIGHTED_SOURCE | SOURCE_SCOPE_NOT_EXACT | SUPPLEMENTAL_ATTENTION_REQUIRED: SOURCE_SCOPE_NOT_EXACT | SUPPLEMENTAL_ATTENTION_REQUIRED: SOURCE_SCOPE_NOT_EXACT | OCCURRENCE_UNRESOLVED | MANUAL_REVIEW_REQUIRED | SUPPLEMENTAL_ATTENTION_REQUIRED: SOURCE_SCOPE_NOT_EXACT | NO_LINKED_SUPPLEMENTAL_ARTIFACTS | OCCURRENCE_UNRESOLVED | MANUAL_REVIEW_REQUIRED
MIX614,Bromuconazole(98.4%),SOURCE_UNAVAILABLE,NO_ACTION,9,5,4,6,116255-48-2,C1C(COC1(CN2C=NC=N2)C3=C(C=C(C=C3)Cl)Cl)Br,3444,SOURCE_DOWNLOAD_FAILED: 404 Client Error: Not Found for url: https://www.lgcstandards.com/medias/sys_master/root/h8f/h98/11005866737694/SDS_TRC-B695380-10MG_ST-WB-MSDS-4865689-1-1-1/SDS-TRC-B695380-10MG-ST-WB-MSDS-4865689-1-1-1.PDF
MIX613,Wocosen 45 TK,EVIDENCE_WEAK,NO_ACTION,9,2,2,2,,,,SECTION_3_NOT_FOUND
MIX612,Ultra P,EVIDENCE_WEAK,NO_ACTION,9,3,3,3,63449-39-8,,,SECTION_3_NOT_FOUND
MIX611,Trilux 44 - White,EVIDENCE_WEAK,NO_ACTION,9,1,4,4,1111-67-7 | 15-00-0 | 1314-13-2 | 13-00-7 | 8050-09-7 | 15-00-7 | 13463-41-7,,61264 | 3007857 | 26041,INVALID_WORKBOOK_CAS
MIX610,Topramezone 2.8 SC Herbicide,EVIDENCE_WEAK,NO_ACTION,9,1,1,1,,,,SOURCE_HAS_CAS_BUT_WORKBOOK_CAS_BLANK
MIX668,Bifenthrin 0.083 Insecticide with X-X-X Fertilizer,MATCH,NO_ACTION,9,1,1,1,82657-04-3,,6442842,
MIX61,BAS 556 01 F Fungicide,MATCH,NO_ACTION,9,3,3,3,141517-21-7,C/C(=N\OCC1=CC=CC=C1/C(=N\OC)/C(=O)OC)/C2=CC(=CC=C2)C(F)(F)F,11664966,
MIX608,Stratego Pro Fungicide,EVIDENCE_WEAK,NO_ACTION,9,2,2,2,,,,SOURCE_HAS_CAS_BUT_WORKBOOK_CAS_BLANK
MIX267,IMA-Jet 10%,MATCH,NO_ACTION,9,1,1,1,138261-41-3,C1CN(/C(=N/[N+](=O)[O-])/N1)CC2=CN=C(C=C2)Cl,86287518,
MIX606,The Andersons GC 0.058% Bifenthrin + 0.115% Imidacloprid Insecticide with Fertilizer,EVIDENCE_WEAK,NO_ACTION,9,2,2,2,,,,SOURCE_HAS_CAS_BUT_WORKBOOK_CAS_BLANK
MIX605,The Andersons 0.2% Imidacloprid Insecticide + Fertilizer,MISMATCH,NO_ACTION,9,1,1,1,,,,SOURCE_DOWNLOAD_FAILED: 429 Client Error: Too Many Requests for url: https://www.sigmaaldrich.com/US/ko/sds/sial/68694?srsltid=AfmBOopitEEeFyeef1NBPrbVdWeSRZwRZepNtLBn3DAgOOWZozhfCZBb | SUPPLEMENTAL_ATTENTION_REQUIRED: SUSPICIOUS_WORKBOOK_INGREDIENT_TEXT | SUPPLEMENTAL_ATTENTION_REQUIRED: NO_HIGHLIGHTED_SOURCE | SOURCE_SCOPE_NOT_EXACT | SUSPICIOUS_WORKBOOK_INGREDIENT_TEXT | SUPPLEMENTAL_ATTENTION_REQUIRED: SOURCE_SCOPE_NOT_EXACT | SUSPICIOUS_WORKBOOK_INGREDIENT_TEXT | SUPPLEMENTAL_ATTENTION_REQUIRED: SOURCE_SCOPE_NOT_EXACT | OCCURRENCE_UNRESOLVED | MANUAL_REVIEW_REQUIRED | SUPPLEMENTAL_ATTENTION_REQUIRED: SOURCE_SCOPE_NOT_EXACT | NO_LINKED_SUPPLEMENTAL_ARTIFACTS | OCCURRENCE_UNRESOLVED | MANUAL_REVIEW_REQUIRED
MIX604,The Andersons 0.077% Bifenthrin + 0.155% Imidacloprid Granular Insecticide,EVIDENCE_WEAK,NO_ACTION,9,2,2,2,,,,SOURCE_HAS_CAS_BUT_WORKBOOK_CAS_BLANK
MIX603,The Andersons 0.058% Bifenthrin + 0.115% Imidacloprid Insecticide with Fertilizer,EVIDENCE_WEAK,NO_ACTION,9,2,2,3,,,,SOURCE_HAS_CAS_BUT_WORKBOOK_CAS_BLANK
MIX602,Tebuconazole Fungicide(96.2%),EVIDENCE_WEAK,NO_ACTION,9,1,1,1,107534-96-3,,,SECTION_3_NOT_FOUND
MIX601,Tebuconazole Fungicide(97%),MATCH,NO_ACTION,9,1,1,2,,,,
MIX600,Rynaxypyr,MATCH,NO_ACTION,9,4,4,4,500008-45-7 | 133-37-9 | 497-19-8 | 14807-96-6,CC1=CC(=CC(=C1NC(=O)C2=CC(=NN2C3=C(C=CC=N3)Cl)Br)C(=O)NC)Cl | C(C(C(=O)O)O)(C(=O)O)O | C(=O)([O-])[O-].[Na+].[Na+] | [OH-].[OH-].[O-][Si]12O[Si]3(O[Si](O1)(O[Si](O2)(O3)[O-])[O-])[O-].[Mg+2].[Mg+2].[Mg+2],11271640 | 875 | 10340 | 165411828,
MIX60,Bioban 425 Antimicrobial,EVIDENCE_WEAK,NO_ACTION,9,2,2,12,,,,SECTION_3_NOT_FOUND
MIX609,Suprend,MATCH,NO_ACTION,9,2,2,3,,,,
MIX669,Bifenthrin 0.069 Insecticide With X-X-X Fertilizer,EVIDENCE_WEAK,NO_ACTION,9,1,1,1,,,,SECTION_3_NOT_FOUND
MIX670,Bifenthrin 0.069 RU Insecticide With X-X-X Fertilizer,MISMATCH,NO_ACTION,9,1,1,1,82657-04-3,,6442842,SECTION_3_HAS_EXTRA_SOURCE_CAS
MIX671,Bug Stomper II,MISMATCH,NO_ACTION,9,2,2,2,52645-53-1,,,SECTION_3_NOT_FOUND | WORKBOOK_CAS_NOT_FOUND_IN_SOURCE
MIX765,Pyraflufen-ethyl_ ET-751,EVIDENCE_WEAK,NO_ACTION,9,1,0,0,,,,SOURCE_HAS_CAS_BUT_WORKBOOK_CAS_BLANK
MIX760,Fosthiazate 900EC (Nemathorin 500EC),MATCH,NO_ACTION,9,1,0,0,98886-44-3,,,
MIX76,BAS 703 02 F Fungicide,MATCH,NO_ACTION,9,3,2,3,67701-09-1,,,
MIX759,F6141 EW Insecticide,EVIDENCE_WEAK,NO_ACTION,9,0,0,0,,,,SOURCE_HAS_CAS_BUT_WORKBOOK_CAS_BLANK
MIX756,DuPont DPX-MAT28 Herbicide,EVIDENCE_WEAK,NO_ACTION,9,0,0,0,,,,SOURCE_HAS_CAS_BUT_WORKBOOK_CAS_BLANK
MIX755,DuPont DPX-MAT28 0.05G Turf Herbicide + Fertilizer,NO_DOWNLOADABLE_SOURCE,NO_ACTION,9,0,0,0,,,,BLANK_INGREDIENT_SOURCE
MIX754,DuPont DPX-LEM17 50WDG Fungicide,EVIDENCE_WEAK,NO_ACTION,9,0,0,0,,,,SOURCE_HAS_CAS_BUT_WORKBOOK_CAS_BLANK
MIX753,DuPont DPX-KJM44 Herbicide,EVIDENCE_WEAK,NO_ACTION,9,0,0,0,,,,SOURCE_HAS_CAS_BUT_WORKBOOK_CAS_BLANK
MIX752,DuPont DPX-KJM44 80 MUP Herbicide,EVIDENCE_WEAK,NO_ACTION,9,0,0,0,,,,SOURCE_HAS_CAS_BUT_WORKBOOK_CAS_BLANK
MIX751,DuPont Accent SC,EVIDENCE_WEAK,NO_ACTION,9,0,0,0,,,,SOURCE_HAS_CAS_BUT_WORKBOOK_CAS_BLANK
MIX750,DuPont Accent Q Herbicide,MISMATCH,NO_ACTION,9,1,1,1,111991-09-4,,73281,SECTION_3_HAS_EXTRA_SOURCE_CAS
MIX75,Bromuconazole(97.8%),MATCH,NO_ACTION,9,1,1,1,116255-48-2,C1C(COC1(CN2C=NC=N2)C3=C(C=C(C=C3)Cl)Cl)Br,3444,
MIX749,DuPont Steadfast Q Herbicide,EVIDENCE_WEAK,NO_ACTION,9,1,0,0,,,,SOURCE_HAS_CAS_BUT_WORKBOOK_CAS_BLANK
MIX748,DuPont Rynaxypyr,EVIDENCE_WEAK,NO_ACTION,9,1,0,0,,,,SECTION_3_NOT_FOUND
MIX747,DEVRINOL 2-XT Selective Herbicide,MATCH,NO_ACTION,9,2,2,2,15299-99-7 | 13463-67-7,CCN(CC)C(=O)C(C)OC1=CC=CC2=CC=CC=C21 | O=[Ti]=O,27189 | 26042,
MIX746,Cyprodinil,MATCH,NO_ACTION,9,1,1,1,121552-61-2,CC1=CC(=NC(=N1)NC2=CC=CC=C2)C3CC3,86367,
MIX74,Bromuconazole(20%),MATCH,NO_ACTION,9,1,1,1,116255-48-2,C1C(COC1(CN2C=NC=N2)C3=C(C=C(C=C3)Cl)Cl)Br,3444,
MIX73,Britz Dryout Dust,MATCH,NO_ACTION,9,1,1,1,,,,
MIX720,Willowed Ethofumesate,MATCH,NO_ACTION,9,2,1,1,107-21-1 | 26225-79-6,,,
MIX72,BAS 703 01 F Fungicide,EVIDENCE_WEAK,NO_ACTION,9,2,2,2,907204-31-3,CN1C=C(C(=N1)C(F)F)C(=O)NC2=CC=CC=C2C3=CC(=C(C(=C3)F)F)F,16095400,SECTION_3_NOT_FOUND
MIX719,Troysan ALF4,EVIDENCE_WEAK,NO_ACTION,9,3,3,3,,,,SOURCE_HAS_CAS_BUT_WORKBOOK_CAS_BLANK
MIX766,Quinoxyfen,MISMATCH,NO_ACTION,9,2,1,2,124495-18-7 | 138-00-7,C1=CC(=CC=C1OC2=C3C(=CC(=CC3=NC=C2)Cl)Cl)F,3391107,INVALID_WORKBOOK_CAS | SECTION_3_NOT_FOUND | WORKBOOK_CAS_NOT_FOUND_IN_SOURCE
MIX769,TC-314,MISMATCH,NO_ACTION,9,1,0,0,,,,SOURCE_DOWNLOAD_FAILED: 429 Client Error: Too Many Requests for url: https://www.sigmaaldrich.com/US/en/sds/sial/45808?userType=undefined&srsltid=AfmBOorp92pb7O6Lfd0tMQFweypDobPjBXIc2u0XQRK012zIE8xntT_c | SUPPLEMENTAL_ATTENTION_REQUIRED: SUSPICIOUS_WORKBOOK_INGREDIENT_TEXT | SUPPLEMENTAL_ATTENTION_REQUIRED: NO_HIGHLIGHTED_SOURCE | SUSPICIOUS_WORKBOOK_INGREDIENT_TEXT | SUPPLEMENTAL_ATTENTION_REQUIRED: OCCURRENCE_UNRESOLVED | MANUAL_REVIEW_REQUIRED | SUPPLEMENTAL_ATTENTION_REQUIRED: NO_LINKED_SUPPLEMENTAL_ARTIFACTS | OCCURRENCE_UNRESOLVED | MANUAL_REVIEW_REQUIRED | SUPPLEMENTAL_ATTENTION_REQUIRED: SOURCE_SCOPE_NOT_EXACT | NO_LINKED_SUPPLEMENTAL_ARTIFACTS | OCCURRENCE_UNRESOLVED | MANUAL_REVIEW_REQUIRED
MIX77,Cabrio EG Funcgicide,MATCH,NO_ACTION,9,5,5,10,175013-18-0 | 7783-20-2 | 7631-86-9 | 1332-58-7 | 577-11-7,COC(=O)N(C1=CC=CC=C1COC2=NN(C=C2)C3=CC=C(C=C3)Cl)OC | [NH4+].[NH4+].[O-]S(=O)(=O)[O-] | O=[Si]=O | CCCCC(CC)COC(=O)CC(C(=O)OCC(CC)CCCC)S(=O)(=O)[O-].[Na+],6422843 | 6097028 | 24261 | 23673837,
MIX770,Tebuconazole Fungicide(96.3%),SOURCE_UNAVAILABLE,NO_ACTION,9,2,1,2,107534-96-3 | 197-00-7,CC(C)(C)C(CCC1=CC=C(C=C1)Cl)(CN2C=NC=N2)O,86102,"SOURCE_DOWNLOAD_FAILED: HTTPSConnectionPool(host='bg.cpachem.com', port=443): Max retries exceeded with url: /msds?num=SB313&dnl=sd_-_Tebuconazole_%5BCAS_107534-96-3%5D_%28SB313%29_%28EU%29.pdf (Caused by NameResolutionError(""HTTPSConnection(host='bg.cpachem.com', port=443): Failed to resolve 'bg.cpachem.com' ([Errno 11001] getaddrinfo failed)""))"
MIX794,Oleic/caprylic acid,MISMATCH,NO_ACTION,9,2,2,2,,,,SOURCE_DOWNLOAD_FAILED: 429 Client Error: Too Many Requests for url: https://www.sigmaaldrich.com/FR/en/sds/SIAL/75090?srsltid=AfmBOorT8SELmgdNnR7OyMzKQDI8x_CH2Mjq2Tyoa_7hp06frF24N0CV | SUPPLEMENTAL_ATTENTION_REQUIRED: SOURCE_SCOPE_NOT_EXACT | SUSPICIOUS_WORKBOOK_INGREDIENT_TEXT | SUPPLEMENTAL_ATTENTION_REQUIRED: NO_HIGHLIGHTED_SOURCE | SOURCE_SCOPE_NOT_EXACT | SUSPICIOUS_WORKBOOK_INGREDIENT_TEXT | SUPPLEMENTAL_ATTENTION_REQUIRED: SOURCE_SCOPE_NOT_EXACT | OCCURRENCE_UNRESOLVED | MANUAL_REVIEW_REQUIRED | SUPPLEMENTAL_ATTENTION_REQUIRED: SOURCE_SCOPE_NOT_EXACT | NO_LINKED_SUPPLEMENTAL_ARTIFACTS | OCCURRENCE_UNRESOLVED | MANUAL_REVIEW_REQUIRED
MIX793,liquid bleach,EVIDENCE_WEAK,NO_ACTION,9,1,1,1,,,,SOURCE_HAS_CAS_BUT_WORKBOOK_CAS_BLANK
MIX792,Larc Super,EVIDENCE_WEAK,NO_ACTION,9,1,1,1,,,,SOURCE_HAS_CAS_BUT_WORKBOOK_CAS_BLANK
MIX791,Genapol LRO,SOURCE_UNAVAILABLE,NO_ACTION,9,1,1,1,,,,SOURCE_TEXT_EXTRACTION_FAILED: 
MIX790,Hydrochloric acid + Sulfuric acid + Citric acid,EVIDENCE_WEAK,NO_ACTION,9,3,3,3,,,,SOURCE_HAS_CAS_BUT_WORKBOOK_CAS_BLANK
MIX79,Bayocide Pour On Insecticide,MATCH,NO_ACTION,9,4,3,4,52645-53-1 | 51-03-6 | 64742-55-8,CC1(C(C1C(=O)OCC2=CC(=CC=C2)OC3=CC=CC=C3)C=C(Cl)Cl)C | CCCCOCCOCCOCC1=CC2=C(C=C1CCC)OCO2,40326 | 5794,
MIX789,Empilan CME,EVIDENCE_WEAK,NO_ACTION,9,0,0,0,,,,SOURCE_HAS_CAS_BUT_WORKBOOK_CAS_BLANK
MIX788,Empigen OB,EVIDENCE_WEAK,NO_ACTION,9,1,1,1,,,,VERIFICATION_ROUND_RECONCILIATION_NEEDED
MIX787,Empicol LZPV/C,EVIDENCE_WEAK,NO_ACTION,9,1,1,1,,,,SOURCE_HAS_CAS_BUT_WORKBOOK_CAS_BLANK
MIX785,Cellosolve + TX100,MISMATCH,NO_ACTION,9,2,2,2,,,,SOURCE_DOWNLOAD_FAILED: 429 Client Error: Too Many Requests for url: https://www.sigmaaldrich.com/US/en/sds/sial/x100?srsltid=AfmBOoqBX4XLkbNtCswek3hzXQ04nG4nRXTfOoSOYw0cz2w5ZfGoGqUM | SUPPLEMENTAL_ATTENTION_REQUIRED: SOURCE_SCOPE_NOT_EXACT | SUSPICIOUS_WORKBOOK_INGREDIENT_TEXT | SUPPLEMENTAL_ATTENTION_REQUIRED: NO_HIGHLIGHTED_SOURCE | SOURCE_SCOPE_NOT_EXACT | SUSPICIOUS_WORKBOOK_INGREDIENT_TEXT | SUPPLEMENTAL_ATTENTION_REQUIRED: SOURCE_SCOPE_NOT_EXACT | OCCURRENCE_UNRESOLVED | MANUAL_REVIEW_REQUIRED | SUPPLEMENTAL_ATTENTION_REQUIRED: SOURCE_SCOPE_NOT_EXACT | NO_LINKED_SUPPLEMENTAL_ARTIFACTS | OCCURRENCE_UNRESOLVED | MANUAL_REVIEW_REQUIRED
MIX718,Tradewind Herbicide,EVIDENCE_WEAK,NO_ACTION,9,1,1,1,,,,SOURCE_HAS_CAS_BUT_WORKBOOK_CAS_BLANK
MIX784,Dowanol PNB,MATCH,NO_ACTION,9,1,1,1,29387-86-8,,,
MIX781,butylamine (in ethanol/ethylene glycol;1:1),MATCH,NO_ACTION,9,1,2,2,111-76-2,,,
MIX780,boron trifluoride-acetic acid complex,MATCH,NO_ACTION,9,1,1,1,373-61-5,,,
MIX78,Callisto Xtra,MATCH,NO_ACTION,9,3,3,5,57-55-6 | 1912-24-9 | 104206-82-8,CC(CO)O | CCNC1=NC(=NC(=N1)Cl)NC(C)C | CS(=O)(=O)C1=CC(=C(C=C1)C(=O)C2C(=O)CCCC2=O)[N+](=O)[O-],1030 | 2256 | 175967,
MIX779,Arquad DMMCB-50,EVIDENCE_WEAK,NO_ACTION,9,0,0,1,,,,SOURCE_HAS_CAS_BUT_WORKBOOK_CAS_BLANK
MIX778,Arquad 16-50,SOURCE_UNAVAILABLE,NO_ACTION,9,1,1,2,,,,SOURCE_DOWNLOAD_FAILED: 404 Client Error: Not Found for url: https://www.chempoint.com/errors/404.apsx
MIX777,Armeen TD,SOURCE_UNAVAILABLE,NO_ACTION,9,1,0,0,,,,SOURCE_DOWNLOAD_FAILED: 404 Client Error: Not Found for url: https://www.moellerchemie.com/wp-content/uploads/2021/04/1539.pdf
MIX776,Armeen CD,SOURCE_UNAVAILABLE,NO_ACTION,9,1,0,0,61788-46-3,,,SOURCE_DOWNLOAD_FAILED: 404 Client Error: Not Found for url: https://www.moellerchemie.com/wp-content/uploads/2021/04/1539.pdf
MIX775,Armeen 2C,SOURCE_UNAVAILABLE,NO_ACTION,9,0,0,0,,,,SOURCE_DOWNLOAD_FAILED: 404 Client Error: Not Found for url: https://www.moellerchemie.com/wp-content/uploads/2021/04/1539.pdf
MIX773,VOLIAM Xpress Insecticide,EVIDENCE_WEAK,NO_ACTION,9,1,0,0,,,,SOURCE_HAS_CAS_BUT_WORKBOOK_CAS_BLANK
MIX771,Touchdown Diquat Home and Garden Ready to Use,MATCH,NO_ACTION,9,2,2,2,85-00-7,C1C[N+]2=CC=CC=C2C3=CC=CC=[N+]31.[Br-].[Br-],6794,
MIX782,Dequest 2000,EVIDENCE_WEAK,NO_ACTION,9,1,1,1,2809-21-4,,,WORKBOOK_CAS_FOUND_OUTSIDE_SECTION_3
MIX796,Proxel BD,EVIDENCE_WEAK,NO_ACTION,9,1,1,1,,,,SECTION_3_NOT_FOUND
MIX717,Tide Glyphosate,EVIDENCE_WEAK,NO_ACTION,9,2,1,1,,,,SOURCE_HAS_CAS_BUT_WORKBOOK_CAS_BLANK
MIX715,Texan Glyphosate,MISMATCH,NO_ACTION,9,1,1,1,,,,SOURCE_DOWNLOAD_FAILED: 429 Client Error: Too Many Requests for url: https://www.sigmaaldrich.com/US/en/sds/SIAL/45521?sdslanguage=E&srsltid=AfmBOooPvsi8H_1x_Opwp6jJQoYg6WXjaLd0Nclx0UTmklTbCTCTx_gG | SUPPLEMENTAL_ATTENTION_REQUIRED: SUSPICIOUS_WORKBOOK_INGREDIENT_TEXT | SUPPLEMENTAL_ATTENTION_REQUIRED: NO_HIGHLIGHTED_SOURCE | SOURCE_SCOPE_NOT_EXACT | SUSPICIOUS_WORKBOOK_INGREDIENT_TEXT | SUPPLEMENTAL_ATTENTION_REQUIRED: SOURCE_SCOPE_NOT_EXACT | SUSPICIOUS_WORKBOOK_INGREDIENT_TEXT | SUPPLEMENTAL_ATTENTION_REQUIRED: SOURCE_SCOPE_NOT_EXACT | OCCURRENCE_UNRESOLVED | MANUAL_REVIEW_REQUIRED | SUPPLEMENTAL_ATTENTION_REQUIRED: SOURCE_SCOPE_NOT_EXACT | NO_LINKED_SUPPLEMENTAL_ARTIFACTS | OCCURRENCE_UNRESOLVED | MANUAL_REVIEW_REQUIRED
MIX691,FujiMite 5 EC Miticide/Insecticide,EVIDENCE_WEAK,NO_ACTION,9,1,1,1,,,,SOURCE_HAS_CAS_BUT_WORKBOOK_CAS_BLANK
MIX690,Fipronil,MATCH,NO_ACTION,9,1,1,1,120068-37-3,,,
MIX69,Boscalid,MISMATCH,NO_ACTION,9,1,1,1,188425-85-6,C1=CC=C(C(=C1)C2=CC=C(C=C2)Cl)NC(=O)C3=C(N=CC=C3)Cl,213013,SOURCE_DOWNLOAD_FAILED: 403 Client Error: Forbidden for url: https://www.tcichemicals.com/BE/en/sds/B4038_EU_6N.pdf | SUPPLEMENTAL_ATTENTION_REQUIRED: SOURCE_SCOPE_NOT_EXACT | SUSPICIOUS_WORKBOOK_INGREDIENT_TEXT | SUPPLEMENTAL_ATTENTION_REQUIRED: NO_HIGHLIGHTED_SOURCE | SOURCE_SCOPE_NOT_EXACT | SUSPICIOUS_WORKBOOK_INGREDIENT_TEXT | SUPPLEMENTAL_ATTENTION_REQUIRED: SOURCE_SCOPE_NOT_EXACT | OCCURRENCE_UNRESOLVED | MANUAL_REVIEW_REQUIRED | SUPPLEMENTAL_ATTENTION_REQUIRED: SOURCE_SCOPE_NOT_EXACT | OCCURRENCE_MISMATCH | MANUAL_REVIEW_REQUIRED
MIX689,Ethofumesate(97.7%),MATCH,NO_ACTION,9,1,1,1,107-21-1 | 26225-79-6,,,
MIX688,EH-1480 Herbicide,EVIDENCE_WEAK,NO_ACTION,9,4,4,4,,,,SOURCE_HAS_CAS_BUT_WORKBOOK_CAS_BLANK
MIX686,Disarm G Fungicide,EVIDENCE_WEAK,NO_ACTION,9,2,1,1,,,,SOURCE_HAS_CAS_BUT_WORKBOOK_CAS_BLANK
MIX685,Chemsico Pesticide Granules WI-S,EVIDENCE_WEAK,NO_ACTION,9,5,5,5,64-19-7,,,WORKBOOK_CAS_FOUND_OUTSIDE_SECTION_3
MIX684,Chemsico Pesticide Concentrate WI-S,EVIDENCE_WEAK,NO_ACTION,9,5,5,5,64-19-7,,,WORKBOOK_CAS_FOUND_OUTSIDE_SECTION_3
MIX683,Daconil Zn Flowable Fungicide,MISMATCH,NO_ACTION,9,2,2,2,1314-13-2,,3007857,SECTION_3_HAS_EXTRA_SOURCE_CAS
MIX682,Daconil 2787 Flowable Fungicide,EVIDENCE_WEAK,NO_ACTION,9,1,1,1,1897-45-6,,,WORKBOOK_CAS_FOUND_OUTSIDE_SECTION_3
MIX681,Cypermethrin(95%),EVIDENCE_WEAK,NO_ACTION,9,0,1,1,,,,SOURCE_HAS_CAS_BUT_WORKBOOK_CAS_BLANK
MIX680,Countdown L&G,EVIDENCE_WEAK,NO_ACTION,9,1,1,1,,,,SOURCE_HAS_CAS_BUT_WORKBOOK_CAS_BLANK
MIX68,BAS 670 336SC Herbicide,MATCH,NO_ACTION,9,2,2,6,210631-68-8 | 2682-20-4,CC1=C(C=CC(=C1C2=NOCC2)S(=O)(=O)C)C(=O)C3=CNN(C3=O)C | CN1C(=O)C=CS1,11302979 | 39800,
MIX679,Consus Glyphosate,MISMATCH,NO_ACTION,9,1,1,1,,,,SOURCE_DOWNLOAD_FAILED: 429 Client Error: Too Many Requests for url: https://www.sigmaaldrich.com/US/en/sds/SIAL/45521?sdslanguage=E&srsltid=AfmBOoolt9niz5mKd6tkOezkJMf9gfopscB7pWEJOvHfGViQDMz68Ee_ | SUPPLEMENTAL_ATTENTION_REQUIRED: SUSPICIOUS_WORKBOOK_INGREDIENT_TEXT | SUPPLEMENTAL_ATTENTION_REQUIRED: NO_HIGHLIGHTED_SOURCE | SOURCE_SCOPE_NOT_EXACT | SUSPICIOUS_WORKBOOK_INGREDIENT_TEXT | SUPPLEMENTAL_ATTENTION_REQUIRED: SOURCE_SCOPE_NOT_EXACT | SUSPICIOUS_WORKBOOK_INGREDIENT_TEXT | SUPPLEMENTAL_ATTENTION_REQUIRED: SOURCE_SCOPE_NOT_EXACT | OCCURRENCE_UNRESOLVED | MANUAL_REVIEW_REQUIRED | SUPPLEMENTAL_ATTENTION_REQUIRED: SOURCE_SCOPE_NOT_EXACT | NO_LINKED_SUPPLEMENTAL_ARTIFACTS | OCCURRENCE_UNRESOLVED | MANUAL_REVIEW_REQUIRED
MIX678,Cloak Ex Bulk Product,EVIDENCE_WEAK,NO_ACTION,9,2,2,2,,,,SOURCE_HAS_CAS_BUT_WORKBOOK_CAS_BLANK
MIX677,Chlorothalonil FB,MATCH,NO_ACTION,9,1,1,1,1897-45-6,,15910,
MIX676,Chlorothalonil 825 MUP,MATCH,NO_ACTION,9,1,1,1,1897-45-6,,,
MIX675,Charger,EVIDENCE_WEAK,NO_ACTION,9,1,1,1,,,,SOURCE_HAS_CAS_BUT_WORKBOOK_CAS_BLANK
MIX674,Bravo Zn,MISMATCH,NO_ACTION,9,2,1,1,1897-45-6 | 1314-13-2,,,SECTION_3_HAS_EXTRA_SOURCE_CAS
MIX673,Bravo 500,EVIDENCE_WEAK,NO_ACTION,9,1,1,1,,,,SOURCE_HAS_CAS_BUT_WORKBOOK_CAS_BLANK
MIX672,Calypso 4F,MISMATCH,NO_ACTION,9,2,1,1,,,,SOURCE_DOWNLOAD_FAILED: 403 Client Error: Forbidden for url: https://www.cropscience.bayer.co.nz/-/media/bcs-inter/ws_newzealand/use-our-products/product-import-files/insecticides/calypso/calypso-sds.pdf | SUPPLEMENTAL_ATTENTION_REQUIRED: SOURCE_SCOPE_NOT_EXACT | SUSPICIOUS_WORKBOOK_INGREDIENT_TEXT | SUPPLEMENTAL_ATTENTION_REQUIRED: NO_HIGHLIGHTED_SOURCE | SOURCE_SCOPE_NOT_EXACT | SUSPICIOUS_WORKBOOK_INGREDIENT_TEXT | SUPPLEMENTAL_ATTENTION_REQUIRED: SOURCE_SCOPE_NOT_EXACT | OCCURRENCE_UNRESOLVED | MANUAL_REVIEW_REQUIRED | SUPPLEMENTAL_ATTENTION_REQUIRED: SOURCE_SCOPE_NOT_EXACT | NO_LINKED_SUPPLEMENTAL_ARTIFACTS | OCCURRENCE_UNRESOLVED | MANUAL_REVIEW_REQUIRED
MIX692,Glyphosphate (96.5),MISMATCH,NO_ACTION,9,1,1,1,,,,SOURCE_DOWNLOAD_FAILED: 429 Client Error: Too Many Requests for url: https://www.sigmaaldrich.com/US/en/sds/SIAL/45521?sdslanguage=E&srsltid=AfmBOorob2eGzrG2FjtZ_Rw8wnmIGLYLSmwqWQRUhwvNuA-XQ_DNX0J9 | SUPPLEMENTAL_ATTENTION_REQUIRED: SUSPICIOUS_WORKBOOK_INGREDIENT_TEXT | SUPPLEMENTAL_ATTENTION_REQUIRED: NO_HIGHLIGHTED_SOURCE | SOURCE_SCOPE_NOT_EXACT | SUSPICIOUS_WORKBOOK_INGREDIENT_TEXT | SUPPLEMENTAL_ATTENTION_REQUIRED: SOURCE_SCOPE_NOT_EXACT | SUSPICIOUS_WORKBOOK_INGREDIENT_TEXT | SUPPLEMENTAL_ATTENTION_REQUIRED: SOURCE_SCOPE_NOT_EXACT | OCCURRENCE_UNRESOLVED | MANUAL_REVIEW_REQUIRED | SUPPLEMENTAL_ATTENTION_REQUIRED: SOURCE_SCOPE_NOT_EXACT | NO_LINKED_SUPPLEMENTAL_ARTIFACTS | OCCURRENCE_UNRESOLVED | MANUAL_REVIEW_REQUIRED
MIX693,GF-1593 Naturalyte Insect Control,EVIDENCE_WEAK,NO_ACTION,9,1,0,0,,,,SOURCE_HAS_CAS_BUT_WORKBOOK_CAS_BLANK
MIX694,Glyphosphate 62% IPA Salt,MATCH,NO_ACTION,9,1,1,1,38641-94-0,,38078,
MIX695,Glyphosphate (99),EVIDENCE_WEAK,NO_ACTION,9,1,1,1,,,,SOURCE_HAS_CAS_BUT_WORKBOOK_CAS_BLANK
MIX714,Tebuconazole Fungicide(93.4%),EVIDENCE_WEAK,NO_ACTION,9,1,1,4,107534-96-3,CC(C)(C)C(CCC1=CC=C(C=C1)Cl)(CN2C=NC=N2)O,86102,WORKBOOK_CAS_FOUND_OUTSIDE_SECTION_3
MIX713,Solida Grande Herbicide,EVIDENCE_WEAK,NO_ACTION,9,2,2,3,,,,SOURCE_HAS_CAS_BUT_WORKBOOK_CAS_BLANK
MIX712,Steadfast Q Herbicide,EVIDENCE_WEAK,NO_ACTION,9,3,2,2,,,,SOURCE_HAS_CAS_BUT_WORKBOOK_CAS_BLANK
MIX711,Shelter Island Plus - White,EVIDENCE_WEAK,NO_ACTION,9,3,3,3,64-19-7,,,WORKBOOK_CAS_FOUND_OUTSIDE_SECTION_3
MIX710,Scholar EZ,NO_WORKBOOK_INGREDIENTS,NO_ACTION,9,1,1,1,,,,SOURCE_HAS_CAS_BUT_WORKBOOK_CAS_BLANK | WORKBOOK_MISSING_INGREDIENTS_WITH_SOURCE_EVIDENCE
MIX71,Bravo Top,MATCH,NO_ACTION,9,2,6,6,2855-13-2 | 39423-51-3 | 140-31-8 | 100-51-6,,17857 | 154824843 | 8795 | 244,
MIX709,Safer Garden Fungicide Ready to Use,NO_WORKBOOK_INGREDIENTS,NO_ACTION,9,1,1,1,,,,SOURCE_HAS_CAS_BUT_WORKBOOK_CAS_BLANK | WORKBOOK_MISSING_INGREDIENTS_WITH_SOURCE_EVIDENCE
MIX708,Safer Brand Garden Fungicide RTU II,NO_WORKBOOK_INGREDIENTS,NO_ACTION,9,1,1,1,,,,SOURCE_HAS_CAS_BUT_WORKBOOK_CAS_BLANK | WORKBOOK_MISSING_INGREDIENTS_WITH_SOURCE_EVIDENCE
MIX707,DuPont DPX-QFU31 (MP) Herbicide,EVIDENCE_WEAK,NO_ACTION,9,2,2,2,,,,SOURCE_HAS_CAS_BUT_WORKBOOK_CAS_BLANK
MIX706,Safari 2 G Insecticide,EVIDENCE_WEAK,NO_ACTION,9,2,1,1,,,,SOURCE_HAS_CAS_BUT_WORKBOOK_CAS_BLANK
MIX716,Thidiazuron 4 SC,EVIDENCE_WEAK,NO_ACTION,9,1,1,1,,,,SOURCE_HAS_CAS_BUT_WORKBOOK_CAS_BLANK
MIX705,DPX-MAT28 0.05G Turf Herbicide + Fertilizer,EVIDENCE_WEAK,NO_ACTION,9,1,1,1,,,,SECTION_3_NOT_FOUND
MIX703,Norm 1,EVIDENCE_WEAK,NO_ACTION,9,1,1,1,,,,NO_WORKBOOK_OR_SOURCE_INGREDIENT_EVIDENCE
MIX702,NUP-12004 Herbicide,MATCH,NO_ACTION,9,2,2,3,3741-38-6,,,
MIX701,NEUl l 71H RTU,EVIDENCE_WEAK,NO_ACTION,9,1,1,2,,,,SOURCE_HAS_CAS_BUT_WORKBOOK_CAS_BLANK
MIX700,NUP-08041 Ready-To-Use,EVIDENCE_WEAK,NO_ACTION,9,4,4,4,,,,SECTION_3_NOT_FOUND
MIX70,BAS 700 01 Fungicide,EVIDENCE_WEAK,NO_ACTION,9,1,3,3,3347-22-6 | 21-00-0 | 7783-20-2 | 1332-58-7,,18771 | 6097028,INVALID_WORKBOOK_CAS
MIX7,241-GOL Acrobat MZ WDG Fungicide,EVIDENCE_WEAK,NO_ACTION,9,2,2,2,,,,SOURCE_HAS_CAS_BUT_WORKBOOK_CAS_BLANK
MIX699,Klean-Pik 500 SC,MISMATCH,NO_ACTION,9,2,1,1,,,,SOURCE_HAS_CAS_BUT_WORKBOOK_CAS_BLANK | WORKBOOK_INGREDIENT_NAMES_NOT_FOUND_IN_SOURCE
MIX698,Insecticide TD Granule,MATCH,NO_ACTION,9,2,2,2,138261-41-3,,,
MIX697,Greenclean 6% Liquid,MATCH,NO_ACTION,9,2,2,2,6132-04-3,,,
MIX696,GF-1983 Naturalyte Insect Control,EVIDENCE_WEAK,NO_ACTION,9,1,0,0,,,,SOURCE_HAS_CAS_BUT_WORKBOOK_CAS_BLANK
MIX704,Regiment Herbicide,EVIDENCE_WEAK,NO_ACTION,9,1,1,1,,,,SOURCE_HAS_CAS_BUT_WORKBOOK_CAS_BLANK
MIX266,Hurricane WDG,MATCH,NO_ACTION,9,4,4,4,14808-60-7 | 61790-53-2 | 70630-17-0 | 69516-34-3 | 131341-86-1,,24261 | 11150163 | 156840 | 86398,
Cancer_PID_1057,Xylenes (Mixed),NO_DOWNLOADABLE_SOURCE,NO_ACTION,9,3,3,3,,,,NAME_DERIVED_NO_EXTERNAL_SOURCE
MIX264,GF-2506,MATCH,NO_ACTION,9,3,5,6,946578-00-3 | 57-55-6,CC(C1=CN=C(C=C1)C(F)(F)F)S(=NC#N)(=O)C | CC(CO)O,16723172 | 1030,
EyeIrritation6pack_PID475,Foundation Lite,MISMATCH,NO_ACTION,9,4,2,4,8052-42-4 | 8052-41-3,,,WORKBOOK_CAS_FOUND_OUTSIDE_SECTION_3 | SECTION_3_HAS_EXTRA_SOURCE_CAS
EyeIrritation6pack_PID474,Fosthiazate 900EC (Nemathorin 500EC),MATCH,NO_ACTION,9,1,1,1,98886-44-3,CCC(C)SP(=O)(N1CCSC1=O)OCC,91758,
EyeIrritation6pack_PID473,Fosetyl-Al,SOURCE_UNAVAILABLE,NO_ACTION,9,1,1,1,39148-24-8,CCOP(=O)=O.CCOP(=O)=O.CCOP(=O)=O.[Al+3],6328269,SOURCE_DOWNLOAD_FAILED: 403 Client Error: Forbidden for url: https://www.adama.com/israel-mcw/sites/adama_israel_makhteshim/files/downloads/MSDS%20Gaus.pdf | SUPPLEMENTAL_ATTENTION_REQUIRED: SOURCE_SCOPE_NOT_EXACT | SUPPLEMENTAL_ATTENTION_REQUIRED: NO_HIGHLIGHTED_SOURCE | SOURCE_SCOPE_NOT_EXACT | SUPPLEMENTAL_ATTENTION_REQUIRED: SOURCE_SCOPE_NOT_EXACT | OCCURRENCE_UNRESOLVED | MANUAL_REVIEW_REQUIRED | SUPPLEMENTAL_ATTENTION_REQUIRED: SOURCE_SCOPE_NOT_EXACT | OCCURRENCE_EXCEPTION
EyeIrritation6pack_PID471,Formula 2873,MATCH,NO_ACTION,9,6,6,6,7732-18-5 | 7647-01-0 | 10025-77-1 | 7791-13-1 | 7758-99-8,O | Cl | O.O.O.O.O.O.[Cl-].[Cl-].[Cl-].[Fe+3] | O.O.O.O.O.O.[Cl-].[Cl-].[Co+2] | O.O.O.O.O.[O-]S(=O)(=O)[O-].[Cu+2],962 | 313 | 6093258 | 24643 | 24463,
EyeIrritation6pack_PID47,Acticide CBM,EVIDENCE_WEAK,NO_ACTION,9,2,4,27,,C1=CC=C2C(=C1)C(=O)NS2 | [OH-].[Na+],17520 | 14798,SOURCE_HAS_CAS_BUT_WORKBOOK_CAS_BLANK
EyeIrritation6pack_PID469,Folpan 80 WDG,SOURCE_UNAVAILABLE,NO_ACTION,9,1,1,1,133-07-3,C1=CC=C2C(=C1)C(=O)N(C2=O)SC(Cl)(Cl)Cl,8607,SOURCE_DOWNLOAD_FAILED: 404 Client Error: Not Found for url: https://horticentre.co.nz/wp-content/uploads/SafetyDatasheets/FOLPAN-800-WG-SDS.pdf?ver=1757070156
EyeIrritation6pack_PID466,Folicur,MATCH,NO_ACTION,9,1,1,1,107534-96-3,CC(C)(C)C(CCC1=CC=C(C=C1)Cl)(CN2C=NC=N2)O,86102,
EyeIrritation6pack_PID463,Flutolanil 40SC Fungicide,MATCH,NO_ACTION,9,4,4,4,66332-96-5 | 107-21-1 | 57-55-6 | 1310-73-2,CC(C)OC1=CC=CC(=C1)NC(=O)C2=CC=CC=C2C(F)(F)F | C(CO)O | CC(CO)O | [OH-].[Na+],47898 | 174 | 1030 | 14798,
EyeIrritation6pack_PID462,Fluoxastrobin,EVIDENCE_WEAK,NO_ACTION,9,2,2,2,193740-76-0,CO/N=C(\C1=CC=CC=C1OC2=C(C(=NC=N2)OC3=CC=CC=C3Cl)F)/C4=NOCCO4,11048796,WORKBOOK_CAS_FOUND_OUTSIDE_SECTION_3
EyeIrritation6pack_PID476,Four-way VAP,MATCH,NO_ACTION,9,4,7,7,7727-37-9 | 7782-44-7 | 74-82-8,N#N | O=O | C,947 | 977 | 297,
EyeIrritation6pack_PID460,Fluopyram 500 SC,MATCH,NO_ACTION,9,3,3,3,658066-35-4 | 2634-33-5 | 55965-84-9,,11158353 | 17520 | 41679,
EyeIrritation6pack_PID459,Fluopyram + Prothioconazole 400,MATCH,NO_ACTION,9,4,4,4,658066-35-4 | 178928-70-6 | 2634-33-5 | 57-55-6,,11158353 | 6451142 | 17520 | 1030,
EyeIrritation6pack_PID458,Fluopyram,MATCH,NO_ACTION,9,1,1,1,658066-35-4,C1=CC=C(C(=C1)C(=O)NCCC2=C(C=C(C=N2)C(F)(F)F)Cl)C(F)(F)F,11158353,
EyeIrritation6pack_PID457,Fluopicolide,MISMATCH,NO_ACTION,9,1,1,2,,,,SECTION_3_NOT_FOUND | WORKBOOK_INGREDIENT_NAMES_NOT_FOUND_IN_SOURCE
EyeIrritation6pack_PID45,Acetochlor 3.1 + ATZ 2.5,MISMATCH,NO_ACTION,9,3,2,3,34256-82-1 | 37-00-6,CCC1=CC=CC(=C1N(COCC)C(=O)CCl)C,1988,INVALID_WORKBOOK_CAS | SECTION_3_NOT_FOUND | WORKBOOK_CAS_NOT_FOUND_IN_SOURCE
EyeIrritation6pack_PID445,Flufenpyr-ethyl,MATCH,NO_ACTION,9,1,1,1,188489-07-8,CCOC(=O)COC1=C(C=C(C(=C1)N2C(=O)C(=C(C=N2)C(F)(F)F)C)F)Cl,3083546,
EyeIrritation6pack_PID444,Flufenacet 500 SC,MATCH,NO_ACTION,9,1,1,1,142459-58-3,,86429,
EyeIrritation6pack_PID443,Flufenacet & Isoxaflutole SC Herbicide,EVIDENCE_WEAK,NO_ACTION,9,3,2,3,142459-58-3 | 164-00-9,CC(C)N(C1=CC=C(C=C1)F)C(=O)COC2=NN=C(S2)C(F)(F)F,86429,INVALID_WORKBOOK_CAS
EyeIrritation6pack_PID441,Fludioxonil(95.4%),MATCH,NO_ACTION,9,3,3,3,107-21-1 | 13141-86-1,,174 | 166777,
EyeIrritation6pack_PID44,Acetochlor,MATCH,NO_ACTION,9,1,1,1,34256-82-1,,1988,
EyeIrritation6pack_PID46,Acrobat 50WP Fungicide,MATCH,NO_ACTION,9,3,3,3,110488-70-5 | 1322-93-6 | 14808-60-7 | 1332-58-7,,86298 | 162217 | 24261,
EyeIrritation6pack_PID438,Fluazasulfuron 25WG,MATCH,NO_ACTION,9,2,2,2,104040-78-0 | 7631-86-9,COC1=CC(=NC(=N1)NC(=O)NS(=O)(=O)C2=C(C=CC=N2)C(F)(F)F)OC | O=[Si]=O,93539 | 24261,
EyeIrritation6pack_PID477,FreeHand 1.75G Herbicide,EVIDENCE_WEAK,NO_ACTION,9,4,4,4,40487-42-1 | 163515-14-8 | 14808-60-7,,38479 | 13633097 | 24261,WORKBOOK_CAS_FOUND_OUTSIDE_SECTION_3
EyeIrritation6pack_PID48,Acticide CBM 2,EVIDENCE_WEAK,NO_ACTION,9,3,3,6,,,,SECTION_3_NOT_FOUND
EyeIrritation6pack_PID514,Glyphosphate (96),EVIDENCE_WEAK,NO_ACTION,9,2,1,2,1071-83-6 | 315-00-8,C(C(=O)O)NCP(=O)(O)O,3496,INVALID_WORKBOOK_CAS
EyeIrritation6pack_PID511,Gharda Permethrin(94%),EVIDENCE_WEAK,NO_ACTION,9,2,1,2,52645-53-1 | 58-00-2,CC1(C(C1C(=O)OCC2=CC(=CC=C2)OC3=CC=CC=C3)C=C(Cl)Cl)C,40326,INVALID_WORKBOOK_CAS
EyeIrritation6pack_PID51,Acticide PM Industrial Mildewicide,EVIDENCE_WEAK,NO_ACTION,9,2,2,2,,,,SECTION_3_NOT_FOUND
EyeIrritation6pack_PID508,Gharda Fipronil,MISMATCH,NO_ACTION,9,2,1,2,120068-37-3 | 55-00-8,C1=C(C=C(C(=C1Cl)N2C(=C(C(=N2)C#N)S(=O)C(F)(F)F)N)Cl)C(F)(F)F,3352,INVALID_WORKBOOK_CAS | SECTION_3_NOT_FOUND | WORKBOOK_CAS_NOT_FOUND_IN_SOURCE
EyeIrritation6pack_PID507,GF-881 Manufacturing Use Concentrate,SOURCE_UNAVAILABLE,NO_ACTION,9,2,2,2,67-64-1 | 108-88-3 | 67-63-0,CC(=O)C | CC1=CC=CC=C1 | CC(C)O,180 | 1140 | 3776,SOURCE_DOWNLOAD_FAILED: 404 Client Error: Not Found for url: https://www.jmnspecialties.com/downloads/sds/2416-881-solvent-thinner-sds-1/file
EyeIrritation6pack_PID505,GF-2986,MATCH,NO_ACTION,9,7,6,7,25155-30-0 | 497-19-8 | 6834-92-0 | 68551-12-2 | 112926-00-8 | 9004-32-4,CCCCCCCCCCCCC1=CC=CC=C1S(=O)(=O)[O-].[Na+] | C(=O)([O-])[O-].[Na+].[Na+] | [O-][Si](=O)[O-].[Na+].[Na+] | O=[Si]=O | CC(=O)O.C(C(C(C(C(C=O)O)O)O)O)O.[Na],23662403 | 10340 | 23266 | 24261 | 6328154,
EyeIrritation6pack_PID504,GF-2836,SOURCE_UNAVAILABLE,NO_ACTION,9,2,2,4,,,,SOURCE_DOWNLOAD_FAILED: 504 Server Error: Gateway Time-out for url: https://www.repository.unipr.it/bitstream/1889/4089/12/PhD%20thesis%20Alinovi.pdf
EyeIrritation6pack_PID503,GF-2506,MATCH,NO_ACTION,9,3,5,6,946578-00-3 | 57-55-6,CC(C1=CN=C(C=C1)C(F)(F)F)S(=NC#N)(=O)C | CC(CO)O,16723172 | 1030,
EyeIrritation6pack_PID502,GF-2468,MATCH,NO_ACTION,9,2,2,2,7664-39-3,F,14917,
EyeIrritation6pack_PID478,FujiMite 5 EC Miticide/Insecticide,MATCH,NO_ACTION,9,2,2,5,57-55-6,CC(CO)O,1030,
EyeIrritation6pack_PID501,GF-231,MISMATCH,NO_ACTION,9,9,7,9,25036-25-3 | 64742-95-6 | 1330-20-7 | 107-98-2 | 78-83-1 | 7779-90-0 | 100-41-4 | 68002-19-7,CC(COC)O | CC(C)CO | [O-]P(=O)([O-])[O-].[O-]P(=O)([O-])[O-].[Zn+2].[Zn+2].[Zn+2] | CCC1=CC=CC=C1,7900 | 6560 | 24519 | 7500,SECTION_3_NOT_FOUND | WORKBOOK_CAS_NOT_FOUND_IN_SOURCE
EyeIrritation6pack_PID50,Acticide MKW1,MATCH,NO_ACTION,9,2,4,4,26530-20-1 | 112-00-5,,33528 | 8152,
EyeIrritation6pack_PID5,0.25% Mesotrione on Fertilizer,MISMATCH,NO_ACTION,9,1,1,1,104206-82-8,CS(=O)(=O)C1=CC(=C(C=C1)C(=O)C2C(=O)CCCC2=O)[N+](=O)[O-],175967,SECTION_3_NOT_FOUND | WORKBOOK_CAS_NOT_FOUND_IN_SOURCE
EyeIrritation6pack_PID495,GF-1592 Naturalyte Insect Control,MATCH,NO_ACTION,9,3,3,3,131929-60-7 | 131929-63-0 | 1332-58-7,CC[C@H]1CCC[C@@H]([C@H](C(=O)C2=C[C@H]3[C@@H]4C[C@@H](C[C@H]4C=C[C@H]3[C@@H]2CC(=O)O1)O[C@H]5[C@@H]([C@@H]([C@H]([C@@H](O5)C)OC)OC)OC)C)O[C@H]6CC[C@@H]([C@H](O6)C)N(C)C | CC[C@H]1CCC[C@@H]([C@H](C(=O)C2=C[C@H]3[C@@H]4C[C@@H](C[C@H]4C(=C[C@H]3[C@@H]2CC(=O)O1)C)O[C@H]5[C@@H]([C@@H]([C@H]([C@@H](O5)C)OC)OC)OC)C)O[C@H]6CC[C@@H]([C@H](O6)C)N(C)C,443059 | 183094,
EyeIrritation6pack_PID494,GF-1578 Naturalyte Insect Control,MATCH,NO_ACTION,9,5,4,6,168316-95-8 | 1332-58-7 | 577-11-7 | 112926-00-8 | 13463-67-7,CC[C@H]1CCC[C@@H]([C@H](C(=O)C2=C[C@H]3[C@@H]4C[C@@H](C[C@H]4C=C[C@H]3[C@@H]2CC(=O)O1)O[C@H]5[C@@H]([C@@H]([C@H]([C@@H](O5)C)OC)OC)OC)C)O[C@H]6CC[C@@H]([C@H](O6)C)N(C)C.CC[C@H]1CCC[C@@H]([C@H](C(=O)C2=C[C@H]3[C@@H]4C[C@@H](C[C@H]4C(=C[C@H]3[C@@H]2CC(=O)O1)C)O[C@H]5[C@@H]([C@@H]([C@H]([C@@H](O5)C)OC)OC)OC)C)O[C@H]6CC[C@@H]([C@H](O6)C)N(C)C | CCCCC(CC)COC(=O)CC(C(=O)OCC(CC)CCCC)S(=O)(=O)[O-].[Na+] | O=[Si]=O | O=[Ti]=O,17754356 | 23673837 | 24261 | 26042,
EyeIrritation6pack_PID493,GF-1252,EVIDENCE_WEAK,NO_ACTION,9,2,2,2,1309-64-4,[O-2].[O-2].[O-2].[Sb+3].[Sb+3],14794,WORKBOOK_CAS_FOUND_OUTSIDE_SECTION_3
EyeIrritation6pack_PID49,Acticide LA 2605-F,MATCH,NO_ACTION,9,3,3,3,2682-20-4,CN1C(=O)C=CS1,39800,
EyeIrritation6pack_PID486,GAT Lambda 25 CS,MATCH,NO_ACTION,9,1,1,3,91465-08-6,CC1([C@@H]([C@@H]1C(=O)O[C@@H](C#N)C2=CC(=CC=C2)OC3=CC=CC=C3)/C=C(/C(F)(F)F)\Cl)C,6440557,
EyeIrritation6pack_PID481,GA 6-Weed and Grass Killer Ready-to-Use,MATCH,NO_ACTION,9,2,2,2,64-19-7,CC(=O)O,176,
EyeIrritation6pack_PID480,Fyfanon 57 EC,MATCH,NO_ACTION,9,1,1,1,121-75-5,CCOC(=O)CC(C(=O)OCC)SP(=S)(OC)OC,4004,
EyeIrritation6pack_PID500,GF-1983 Naturalyte Insect Control,MATCH,NO_ACTION,9,5,4,6,168316-95-8 | 1332-58-7 | 577-11-7 | 112926-00-8 | 13463-67-7,CC[C@H]1CCC[C@@H]([C@H](C(=O)C2=C[C@H]3[C@@H]4C[C@@H](C[C@H]4C=C[C@H]3[C@@H]2CC(=O)O1)O[C@H]5[C@@H]([C@@H]([C@H]([C@@H](O5)C)OC)OC)OC)C)O[C@H]6CC[C@@H]([C@H](O6)C)N(C)C.CC[C@H]1CCC[C@@H]([C@H](C(=O)C2=C[C@H]3[C@@H]4C[C@@H](C[C@H]4C(=C[C@H]3[C@@H]2CC(=O)O1)C)O[C@H]5[C@@H]([C@@H]([C@H]([C@@H](O5)C)OC)OC)OC)C)O[C@H]6CC[C@@H]([C@H](O6)C)N(C)C | CCCCC(CC)COC(=O)CC(C(=O)OCC(CC)CCCC)S(=O)(=O)[O-].[Na+] | O=[Si]=O | O=[Ti]=O,17754356 | 23673837 | 24261 | 26042,
EyeIrritation6pack_PID437,"Flower, Rose, & Shrub Care II",EVIDENCE_WEAK,NO_ACTION,9,3,3,4,,,,SECTION_3_NOT_FOUND
EyeIrritation6pack_PID435,Flonicamid Insecticide,SOURCE_UNAVAILABLE,NO_ACTION,9,2,1,2,158062-67-0 | 216-00-9,C1=CN=CC(=C1C(F)(F)F)C(=O)NCC#N,9834513,"SOURCE_DOWNLOAD_FAILED: HTTPSConnectionPool(host='fr.cpachem.com', port=443): Max retries exceeded with url: /msds?num=SB19270&dnl=sd_-_Flonicamid_%5BCAS_158062-67-0%5D_%28SB19270%29_%28EU%29.pdf (Caused by NameResolutionError(""HTTPSConnection(host='fr.cpachem.com', port=443): Failed to resolve 'fr.cpachem.com' ([Errno 11001] getaddrinfo failed)""))"
EyeIrritation6pack_PID434,Fitness Fungicide,MATCH,NO_ACTION,9,2,2,2,60207-90-1 | 91-20-3,CCCC1COC(O1)(CN2C=NC=N2)C3=C(C=C(C=C3)Cl)Cl | C1=CC=C2C=CC=CC2=C1,43234 | 931,
EyeIrritation6pack_PID381,EH-1489 Broadleaf Herbicide,MISMATCH,NO_ACTION,9,4,4,9,,,,SECTION_3_NOT_FOUND | WORKBOOK_INGREDIENT_NAMES_NOT_FOUND_IN_SOURCE
EyeIrritation6pack_PID380,EH-1488 Herbicide,MATCH,NO_ACTION,9,4,4,4,,,,
EyeIrritation6pack_PID379,EH-1480 Herbicide,EVIDENCE_WEAK,NO_ACTION,9,4,4,8,,,,SECTION_3_NOT_FOUND
EyeIrritation6pack_PID378,EH-1479 Herbicide,MISMATCH,NO_ACTION,9,5,5,5,104104-12-3,COC1=CC=C(C=C1)OCCOCCOC2=CC=C(C=C2)OC,629140,SOURCE_DOWNLOAD_FAILED: 403 Client Error: Forbidden for url: https://www.tcichemicals.com/BE/en/sds/B1479_EU_6N.pdf | SUPPLEMENTAL_ATTENTION_REQUIRED: SOURCE_SCOPE_NOT_EXACT | SUSPICIOUS_WORKBOOK_INGREDIENT_TEXT | SUPPLEMENTAL_ATTENTION_REQUIRED: NO_HIGHLIGHTED_SOURCE | SOURCE_SCOPE_NOT_EXACT | SUSPICIOUS_WORKBOOK_INGREDIENT_TEXT | SUPPLEMENTAL_ATTENTION_REQUIRED: SOURCE_SCOPE_NOT_EXACT | OCCURRENCE_UNRESOLVED | MANUAL_REVIEW_REQUIRED | SUPPLEMENTAL_ATTENTION_REQUIRED: SOURCE_SCOPE_NOT_EXACT | MANUAL_REVIEW_REQUIRED | SUPPLEMENTAL_ATTENTION_REQUIRED: SOURCE_SCOPE_NOT_EXACT | OCCURRENCE_MISMATCH | MANUAL_REVIEW_REQUIRED
EyeIrritation6pack_PID377,EH-1446 Herbicide,MATCH,NO_ACTION,9,5,5,5,38641-94-0,CC(C)N.C(C(=O)O)NCP(=O)(O)O,38078,
EyeIrritation6pack_PID376,Effipro Topical Solution for Dogs,EVIDENCE_WEAK,NO_ACTION,9,1,2,3,120068-37-7 | 95737-68-1,C1=C(C=C(C(=C1Cl)N2C(=C(C(=N2)C#N)S(=O)C(F)(F)F)N)Cl)C(F)(F)F | CC(COC1=CC=C(C=C1)OC2=CC=CC=C2)OC3=CC=CC=N3,3352 | 91753,INVALID_WORKBOOK_CAS
EyeIrritation6pack_PID375,Ecolife One-Pack,MATCH,NO_ACTION,9,2,2,2,64359-81-5,CCCCCCCCN1C(=O)C(=C(S1)Cl)Cl,91688,
EyeIrritation6pack_PID373,Echo 375/Cymoxaanil 50,MATCH,NO_ACTION,9,2,4,4,67-56-1 | 87-90-1,CO | C1(=O)N(C(=O)N(C(=O)N1Cl)Cl)Cl,887 | 6909,
EyeIrritation6pack_PID371,"E-Scape Turf & Ornamental Fungicide, Muscle ADV",MATCH,NO_ACTION,9,2,2,3,80443-41-0 | 57-55-6 | 7631-86-9 | 13463-67-7,CC(C)(C)C(CCC1=CC=C(C=C1)Cl)(CN2C=NC=N2)O | CC(CO)O | O=[Si]=O | O=[Ti]=O,86102 | 1030 | 24261 | 26042,
EyeIrritation6pack_PID382,EH-1534 Herbicide,MATCH,NO_ACTION,9,9,5,9,104206-82-8 | 122931-48-0 | 1332-58-7 | 68425-94-5 | 91078-64-7 | 105859-97-0,CS(=O)(=O)C1=CC(=C(C=C1)C(=O)C2C(=O)CCCC2=O)[N+](=O)[O-] | CCS(=O)(=O)C1=C(N=CC=C1)S(=O)(=O)NC(=O)NC2=NC(=CC(=N2)OC)OC,175967 | 91779,
EyeIrritation6pack_PID370,Dynasty Extreme,EVIDENCE_WEAK,NO_ACTION,9,1,6,6,57-55-6 | 131860-33-8 | 70630-17-0 | 69516-34-3 | 131341-86-1,,1030 | 3034285 | 11150163 | 156840 | 86398,WORKBOOK_CAS_FOUND_OUTSIDE_SECTION_3
EyeIrritation6pack_PID369,Dylox 9.3% Insect Granules,SOURCE_UNAVAILABLE,NO_ACTION,9,1,1,1,52-68-6,COP(=O)(C(C(Cl)(Cl)Cl)O)OC,5853,SOURCE_TEXT_EXTRACTION_FAILED: 
EyeIrritation6pack_PID368,Dylox 420 SL,MATCH,NO_ACTION,9,2,2,2,52-68-6 | 111-77-3,COP(=O)(C(C(Cl)(Cl)Cl)O)OC | COCCOCCO,5853 | 8134,
EyeIrritation6pack_PID367,Durivo Insecticide,SOURCE_UNAVAILABLE,NO_ACTION,9,4,2,5,153719-23-4 | 500008-45-7 | 90093-37-1 | 2634-33-5,CN\1COCN(/C1=N/[N+](=O)[O-])CC2=CN=C(S2)Cl | CC1=CC(=CC(=C1NC(=O)C2=CC(=NN2C3=C(C=CC=N3)Cl)Br)C(=O)NC)Cl | C1=CC=C2C(=C1)C(=O)NS2,5821911 | 11271640 | 17520,SOURCE_DOWNLOAD_FAILED: 404 Client Error: Not Found for url: https://horticentre.co.nz/wp-content/uploads/SafetyDatasheets/Durivo-Syng-SDS.pdf?ver=1757329343
EyeIrritation6pack_PID366,Durham Metaldehyde Granules 3.5,MATCH,NO_ACTION,9,2,2,2,108-62-3 | 14808-60-7,CC1OC(OC(OC(O1)C)C)C | O=[Si]=O,61021 | 24261,
EyeIrritation6pack_PID365,DuPont Vertisan Fungicide,MATCH,NO_ACTION,9,1,1,3,183675-82-3,CC(C)CC(C)C1=C(C=CS1)NC(=O)C2=CN(N=C2C(F)(F)F)C,11388558,
EyeIrritation6pack_PID364,DuPont Treoris Fungicide,MATCH,NO_ACTION,9,1,2,6,183675-82-3,CC(C)CC(C)C1=C(C=CS1)NC(=O)C2=CN(N=C2C(F)(F)F)C,11388558,
EyeIrritation6pack_PID363,DuPont Steadfast Q Herbicide,MATCH,NO_ACTION,9,3,6,8,122931-48-0 | 111991-09-4 | 13463-67-7,CCS(=O)(=O)C1=C(N=CC=C1)S(=O)(=O)NC(=O)NC2=NC(=CC(=N2)OC)OC | CN(C)C(=O)C1=C(N=CC=C1)S(=O)(=O)NC(=O)NC2=NC(=CC(=N2)OC)OC | OP(=O)([O-])[O-].[Na+].[Na+] | CCOC(=O)C1=NOC(C1)(C2=CC=CC=C2)C3=CC=CC=C3 | O=[Ti]=O,91779 | 73281 | 24203 | 6451155 | 26042,
EyeIrritation6pack_PID362,DuPont Rynaxypyr,MATCH,NO_ACTION,9,4,4,4,500008-45-7 | 133-37-9 | 497-19-8 | 14807-96-6,CC1=CC(=CC(=C1NC(=O)C2=CC(=NN2C3=C(C=CC=N3)Cl)Br)C(=O)NC)Cl | C(C(C(=O)O)O)(C(=O)O)O | C(=O)([O-])[O-].[Na+].[Na+] | [OH-].[OH-].[O-][Si]12O[Si]3(O[Si](O1)(O[Si](O2)(O3)[O-])[O-])[O-].[Mg+2].[Mg+2].[Mg+2],11271640 | 875 | 10340 | 165411828,
EyeIrritation6pack_PID361,DuPont Prevathon Insect Control,MATCH,NO_ACTION,9,1,1,3,500008-45-7,CC1=CC(=CC(=C1NC(=O)C2=CC(=NN2C3=C(C=CC=N3)Cl)Br)C(=O)NC)Cl,11271640,
EyeIrritation6pack_PID37,Absolute 500 SC Fungicide,MATCH,NO_ACTION,9,3,2,3,107534-96-3 | 141517-21-7 | 68425-94-5,CC(C)(C)C(CCC1=CC=C(C=C1)Cl)(CN2C=NC=N2)O | C/C(=N\OCC1=CC=CC=C1/C(=N\OC)/C(=O)OC)/C2=CC(=CC=C2)C(F)(F)F,86102 | 11664966,
EyeIrritation6pack_PID383,EI-785 Insecticide,MATCH,NO_ACTION,9,5,5,5,210880-92-5 | 240494-70-6 | 51-03-6 | 7732-18-5,CN/C(=N\[N+](=O)[O-])/NCC1=CN=C(S1)Cl | C/C=C/C1C(C1(C)C)C(=O)OCC2=C(C(=C(C(=C2F)F)COC)F)F | CCCCOCCOCCOCC1=CC2=C(C=C1CCC)OCO2 | O,86287519 | 5282227 | 5794 | 962,
EyeIrritation6pack_PID386,Emamectin Benzoate,MATCH,NO_ACTION,9,1,1,1,155569-91-8,CC[C@H](C)[C@@H]1[C@H](C=C[C@@]2(O1)C[C@@H]3C[C@H](O2)C/C=C(/[C@H]([C@H](/C=C/C=C/4\CO[C@H]5[C@@]4([C@@H](C=C([C@H]5O)C)C(=O)O3)O)C)O[C@H]6C[C@@H]([C@H]([C@@H](O6)C)O[C@H]7C[C@@H]([C@H]([C@@H](O7)C)NC)OC)OC)\C)C.C1=CC=C(C=C1)C(=O)O,11650986,
EyeIrritation6pack_PID390,Encartis Fungicide,MATCH,NO_ACTION,9,3,3,5,1897-45-6 | 188425-85-6 | 57-55-6,C(#N)C1=C(C(=C(C(=C1Cl)Cl)Cl)C#N)Cl | C1=CC=C(C(=C1)C2=CC=C(C=C2)Cl)NC(=O)C3=C(N=CC=C3)Cl | CC(CO)O,15910 | 213013 | 1030,
EyeIrritation6pack_PID433,First Choice Foliar Supreme Fungicide,MATCH,NO_ACTION,9,2,2,2,7778-77-0 | 7704-34-9,OP(=O)(O)[O-].[K+] | S,516951 | 5362487,
EyeIrritation6pack_PID43,Acetamiprid + Triticonazole Concentrate,SOURCE_UNAVAILABLE,NO_ACTION,9,2,2,2,135410-20-7 | 32-00-2,CC(=NC#N)N(C)CC1=CN=C(C=C1)Cl,213021,SOURCE_DOWNLOAD_FAILED: 404 Client Error:  for url: https://www.carlroth.com/medias/SDB-2CK1-IE-EN.pdf?context=bWFzdGVyfHNlY3VyaXR5RGF0YXNoZWV0c3wzMjQwOTF8YXBwbGljYXRpb24vcGRmfGFHSTBMMmhrWlM4NU1qQTVNek0xTURnM01UTTBMMU5FUWw4eVEwc3hYMGxGWDBWT0xuQmtaZ3w3MjYwNjRkZmE5MmM4Y2ViOGMyNzBjMTc5ODE0ZmYzNDI3OTM0NThhMjRkZmI4OWU0YjBjZjQwZmZjM2Q1MmMx
EyeIrritation6pack_PID422,Fenhexamid(95.4%),EVIDENCE_WEAK,NO_ACTION,9,2,1,2,126833-17-8 | 111-00-8,CC1(CCCCC1)C(=O)NC2=C(C(=C(C=C2)O)Cl)Cl,213031,INVALID_WORKBOOK_CAS
EyeIrritation6pack_PID420,Fanfare 2 SC,MATCH,NO_ACTION,9,1,2,5,82657-04-3,CC1=C(C=CC=C1C2=CC=CC=C2)COC(=O)[C@@H]3[C@@H](C3(C)C)/C=C(/C(F)(F)F)\Cl | [O-][Mn](=O)(=O)=O.[K+],6442842 | 516875,
EyeIrritation6pack_PID42,Acequinocyl,MATCH,NO_ACTION,9,1,1,2,,,,
EyeIrritation6pack_PID419,F8028-3 Insecticide,MATCH,NO_ACTION,9,4,4,4,102851-06-9 | 36290-04-7 | 107-21-1,CC(C)[C@H](C(=O)OC(C#N)C1=CC(=CC=C1)OC2=CC=CC=C2)NC3=C(C=C(C=C3)C(F)(F)F)Cl | C(CO)O,91768 | 174,
EyeIrritation6pack_PID417,F6141 EW Insecticide,MATCH,NO_ACTION,9,2,2,2,82657-04-3 | 52315-07-8 | 64742-94-5,,6442842 | 2912,
EyeIrritation6pack_PID414,F4113 EW Herbicide,MATCH,NO_ACTION,9,7,5,7,128639-02-1 | 64742-94-5 | 91-20-3 | 57-55-6 | 1330-20-7,,86222 | 931 | 1030,
EyeIrritation6pack_PID413,F 9328-1EC Herbicide,MATCH,NO_ACTION,9,7,5,7,71283-80-2 | 135590-91-9 | 64742-94-5 | 78330-21-9 | 91-20-3,CCOC(=O)[C@@H](C)OC1=CC=C(C=C1)OC2=NC3=C(O2)C=C(C=C3)Cl | CCOC(=O)C1=NN(C(C1)(C)C(=O)OCC)C2=C(C=C(C=C2)Cl)Cl | C1=CC=C2C=CC=CC2=C1,91707 | 10937610 | 931,
EyeIrritation6pack_PID412,EX2108,MATCH,NO_ACTION,9,1,2,3,67-63-0,CC(C)O,3776,
EyeIrritation6pack_PID411,Evercide Total Release Fogger,MATCH,NO_ACTION,9,7,2,7,8003-34-7 | 51-03-6 | 113-48-4 | 66230-04-4 | 68476-86-8,CC1=C(C(=O)C[C@@H]1OC(=O)[C@@H]2[C@H](C2(C)C)C=C(C)C)C/C=C\C=C.CC1=C(C(=O)C[C@@H]1OC(=O)[C@@H]2[C@H](C2(C)C)/C=C(\C)/C(=O)OC)C/C=C\C=C | CCCCOCCOCCOCC1=CC2=C(C=C1CCC)OCO2 | CCCCC(CC)CN1C(=O)[C@H]2[C@@H]3C[C@H]([C@H]2C1=O)C=C3 | CC(C)[C@@H](C1=CC=C(C=C1)Cl)C(=O)O[C@H](C#N)C2=CC(=CC=C2)OC3=CC=CC=C3,60202781 | 5794 | 101008927 | 10342051,
EyeIrritation6pack_PID41,Acephate 90 DF Insecticide,EVIDENCE_WEAK,NO_ACTION,9,4,3,4,30560-19-1 | 7757-82-6 | 26361-40-5 | 9003-39-8,CC(=O)NP(=O)(OC)SC | [O-]S(=O)(=O)[O-].[Na+].[Na+],1982 | 24436,INVALID_WORKBOOK_CAS
EyeIrritation6pack_PID408,Etoxazole(95.57%),MATCH,NO_ACTION,9,1,1,1,153233-91-1,CCOC1=C(C=CC(=C1)C(C)(C)C)C2COC(=N2)C3=C(C=CC=C3F)F,153974,
EyeIrritation6pack_PID404,Ethofumesate(97.7%),MATCH,NO_ACTION,9,3,3,3,26225-79-6 | 137-20-2 | 2634-33-5,CCOC1C(C2=C(O1)C=CC(=C2)OS(=O)(=O)C)(C)C | CCCCCCCC/C=C\CCCCCCCC(=O)N(C)CCS(=O)(=O)[O-].[Na+] | C1=CC=C2C(=C1)C(=O)NS2,33360 | 23664721 | 17520,
EyeIrritation6pack_PID40,Acephate,EVIDENCE_WEAK,NO_ACTION,9,1,2,3,30560-19-1 | 79-00-7,CC(=O)NP(=O)(OC)SC,1982,INVALID_WORKBOOK_CAS
EyeIrritation6pack_PID4,0.19% Mesotrione on Fertilizer,MATCH,NO_ACTION,9,1,1,7,104206-82-8 | 107-21-1 | 99734-09-5 | 114535-82-9 | 2634-33-5,CS(=O)(=O)C1=CC(=C(C=C1)C(=O)C2C(=O)CCCC2=O)[N+](=O)[O-] | C(CO)O | C1=CC=C2C(=C1)C(=O)NS2,175967 | 174 | 17520,
EyeIrritation6pack_PID398,Ethephon 3# Plant Regulator,MATCH,NO_ACTION,9,1,1,3,16672-87-0,C(CCl)P(=O)(O)O,27982,
EyeIrritation6pack_PID396,ET-005,MATCH,NO_ACTION,9,1,3,3,67-56-1 | 87-90-1,CO | C1(=O)N(C(=O)N(C(=O)N1Cl)Cl)Cl,887 | 6909,
EyeIrritation6pack_PID393,Envidor 2 SC,MATCH,NO_ACTION,9,4,4,4,148477-71-8 | 104376-75-2 | 56-81-5 | 2634-33-5 | 55965-84-9,,177863 | 753 | 17520 | 41679,
EyeIrritation6pack_PID392,ENS-010A,MATCH,NO_ACTION,9,1,1,8,141-43-5 | 29923-31-7 | 615-50-9 | 108-46-3 | 591-27-5 | 138-86-3,C(CO)N | CCCCCCCCCCCC(=O)N[C@@H](CCC(=O)O)C(=O)[O-].[Na+] | CC1=C(C=CC(=C1)N)N.OS(=O)(=O)O | C1=CC(=CC(=C1)O)O | C1=CC(=CC(=C1)O)N | CC1=CCC(CC1)C(=C)C,700 | 23668603 | 22856 | 5054 | 11568 | 22311,
EyeIrritation6pack_PID391,Endigo ZCX,MATCH,NO_ACTION,9,9,8,9,153719-23-4 | 91465-08-6 | 64742-94-5 | 57-55-6 | 91-57-6 | 90-12-0 | 13463-67-7 | 7664-93-9 | 2634-33-5,CN\1COCN(/C1=N/[N+](=O)[O-])CC2=CN=C(S2)Cl | CC1([C@@H]([C@@H]1C(=O)O[C@@H](C#N)C2=CC(=CC=C2)OC3=CC=CC=C3)/C=C(/C(F)(F)F)\Cl)C | CC(CO)O | CC1=CC2=CC=CC=C2C=C1 | CC1=CC=CC2=CC=CC=C12 | O=[Ti]=O | OS(=O)(=O)O | C1=CC=C2C(=C1)C(=O)NS2,5821911 | 6440557 | 1030 | 7055 | 7002 | 26042 | 1118 | 17520,
EyeIrritation6pack_PID515,Glyphosphate (96.5),EVIDENCE_WEAK,NO_ACTION,9,1,1,1,1071-83-6,C(C(=O)O)NCP(=O)(O)O,3496,WORKBOOK_CAS_FOUND_OUTSIDE_SECTION_3
EyeIrritation6pack_PID516,Glyphosphate (97),EVIDENCE_WEAK,NO_ACTION,9,2,1,2,1071-83-6 | 315-00-8,C(C(=O)O)NCP(=O)(O)O,3496,INVALID_WORKBOOK_CAS
EyeIrritation6pack_PID52,Acticide SR 8213 C,EVIDENCE_WEAK,NO_ACTION,9,3,3,3,,C1=CC=C2C(=C1)C(=O)NS2,17520,SECTION_3_NOT_FOUND
EyeIrritation6pack_PID520,Gordon's Horse & Pony Spray,MATCH,NO_ACTION,9,4,4,4,51-03-6 | 8003-34-7,CCCCOCCOCCOCC1=CC2=C(C=C1CCC)OCO2 | CC1=C(C(=O)C[C@@H]1OC(=O)[C@@H]2[C@H](C2(C)C)C=C(C)C)C/C=C\C=C.CC1=C(C(=O)C[C@@H]1OC(=O)[C@@H]2[C@H](C2(C)C)/C=C(\C)/C(=O)OC)C/C=C\C=C,5794 | 60202781,
EyeIrritation6pack_PID654,Meymik 15G,MISMATCH,NO_ACTION,9,1,1,1,,,,SOURCE_HAS_CAS_BUT_WORKBOOK_CAS_BLANK | WORKBOOK_INGREDIENT_NAMES_NOT_FOUND_IN_SOURCE
EyeIrritation6pack_PID652,Metsulfuron Methyl,MATCH,NO_ACTION,9,1,1,1,74223-64-6,CC1=NC(=NC(=N1)OC)NC(=O)NS(=O)(=O)C2=CC=CC=C2C(=O)OC,52999,
EyeIrritation6pack_PID651,Metribuzin + Flufenacet,MATCH,NO_ACTION,9,5,4,5,21087-64-9 | 1332-58-7 | 9084-06-4 | 1344-00-9,CC(C)(C)C1=NN=C(N(C1=O)N)SC | O.[O-2].[O-2].[O-2].[O-2].[O-2].[O-2].[Na+].[Na+].[Al+3].[Al+3].[Si+4],30479 | 72941443,
EyeIrritation6pack_PID650,Metrafenone Fungicide,MATCH,NO_ACTION,9,1,1,1,220899-03-6,CC1=CC(=C(C(=C1C(=O)C2=C(C=CC(=C2C)Br)OC)OC)OC)OC,6451057,
EyeIrritation6pack_PID65,Allectus SC Insecticide,MATCH,NO_ACTION,9,11,11,11,138261-41-3 | 82657-04-3 | 471-34-1 | 57-13-6 | 7447-40-7 | 7778-80-5 | 7722-76-1 | 7783-28-0 | 8047-67-4 | 7704-34-9 | 14808-60-7,C1CN(/C(=N/[N+](=O)[O-])/N1)CC2=CN=C(C=C2)Cl | CC1=C(C=CC=C1C2=CC=CC=C2)COC(=O)[C@@H]3[C@@H](C3(C)C)/C=C(/C(F)(F)F)\Cl | C(=O)([O-])[O-].[Ca+2] | C(=O)(N)N | [Cl-].[K+] | [O-]S(=O)(=O)[O-].[K+].[K+] | [NH4+].OP(=O)(O)[O-] | [NH4+].[NH4+].OP(=O)([O-])[O-] | C([C@@H]1[C@H]([C@@H]([C@H]([C@H](O1)O[C@]2([C@H]([C@@H]([C@H](O2)CO)O)O)CO)O)O)O)O.O.O.O.[OH-].[O-2].[O-2].[O-2].[O-2].[O-2].[O-2].[O-2].[O-2].[Na+].[Na+].[Fe+3].[Fe+3].[Fe+3].[Fe+3].[Fe+3] | S | O=[Si]=O,86287518 | 6442842 | 10112 | 1176 | 4873 | 24507 | 24402 | 24540 | 91663255 | 5362487 | 24261,
EyeIrritation6pack_PID645,Metarex 4% Snail and Slug Bait,SOURCE_UNAVAILABLE,NO_ACTION,9,1,1,1,108-62-3,CC1OC(OC(OC(O1)C)C)C,61021,SOURCE_DOWNLOAD_FAILED: 404 Client Error: Not Found for url: https://horticentre.co.nz/wp-content/uploads/SafetyDatasheets/Metarex-Inov-UPL-SDS.pdf
EyeIrritation6pack_PID643,Metaflumizone(88.7%),MATCH,NO_ACTION,9,1,1,1,139968-49-3,C1=CC(=CC(=C1)C(F)(F)F)/C(=N/NC(=O)NC2=CC=C(C=C2)OC(F)(F)F)/CC3=CC=C(C=C3)C#N,11614934,
EyeIrritation6pack_PID642,Metaflumizone(7.4%),EVIDENCE_WEAK,NO_ACTION,9,1,1,2,139968-49-3 | 3-26-2,C1=CC(=CC(=C1)C(F)(F)F)/C(=N/NC(=O)NC2=CC=C(C=C2)OC(F)(F)F)/CC3=CC=C(C=C3)C#N,11614934,INVALID_WORKBOOK_CAS
EyeIrritation6pack_PID641,Mesotrione 50WG,MATCH,NO_ACTION,9,2,2,2,67-56-1,CO,887,
EyeIrritation6pack_PID655,MGK 29461,MATCH,NO_ACTION,9,9,8,9,8003-34-7 | 51-03-6 | 52645-53-1 | 64742-47-8,CC1=C(C(=O)C[C@@H]1OC(=O)[C@@H]2[C@H](C2(C)C)C=C(C)C)C/C=C\C=C.CC1=C(C(=O)C[C@@H]1OC(=O)[C@@H]2[C@H](C2(C)C)/C=C(\C)/C(=O)OC)C/C=C\C=C | CCCCOCCOCCOCC1=CC2=C(C=C1CCC)OCO2 | CC1(C(C1C(=O)OCC2=CC(=CC=C2)OC3=CC=CC=C3)C=C(Cl)Cl)C,60202781 | 5794 | 40326,
EyeIrritation6pack_PID640,Mesotrione 28% Manufacturing Use Product,EVIDENCE_WEAK,NO_ACTION,9,1,1,1,104206-82-8,CS(=O)(=O)C1=CC(=C(C=C1)C(=O)C2C(=O)CCCC2=O)[N+](=O)[O-],175967,SECTION_3_NOT_FOUND
EyeIrritation6pack_PID635,Mefanoxam,MISMATCH,NO_ACTION,9,3,3,3,1897-45-6 | 70630-17-0 | 2634-33-5,C(#N)C1=C(C(=C(C(=C1Cl)Cl)Cl)C#N)Cl | CC1=C(C(=CC=C1)C)N([C@H](C)C(=O)OC)C(=O)COC | C1=CC=C2C(=C1)C(=O)NS2,15910 | 11150163 | 17520,SOURCE_DOWNLOAD_FAILED: 403 Client Error: Forbidden for url: https://www.adama.com/south-africa/sites/adama_south_africa/files/downloads/adama_mefenoxam_plus_sds_v1.0_20200625.pdf | SUPPLEMENTAL_ATTENTION_REQUIRED: SOURCE_SCOPE_NOT_EXACT | WORKBOOK_CAS_NOT_FOUND_IN_SOURCE | WORKBOOK_INGREDIENT_NOT_FOUND_IN_SOURCE | SUSPICIOUS_WORKBOOK_INGREDIENT_TEXT | SUPPLEMENTAL_ATTENTION_REQUIRED: NO_HIGHLIGHTED_SOURCE | SOURCE_SCOPE_NOT_EXACT | WORKBOOK_CAS_NOT_FOUND_IN_SOURCE | WORKBOOK_INGREDIENT_NOT_FOUND_IN_SOURCE | SUSPICIOUS_WORKBOOK_INGREDIENT_TEXT | SUPPLEMENTAL_ATTENTION_REQUIRED: SOURCE_SCOPE_NOT_EXACT | OCCURRENCE_MISMATCH | OCCURRENCE_UNRESOLVED | MANUAL_REVIEW_REQUIRED | SUPPLEMENTAL_ATTENTION_REQUIRED: SOURCE_SCOPE_NOT_EXACT | OCCURRENCE_MISMATCH | MANUAL_REVIEW_REQUIRED
EyeIrritation6pack_PID633,Medallion,MATCH,NO_ACTION,9,1,1,4,8042-47-5 | 64742-46-7 | 112-34-5,CCCCOCCOCCO,8177,
EyeIrritation6pack_PID631,MCSI Hydroprene Cockroack Killer Fogger,MATCH,NO_ACTION,9,8,7,8,65733-18-8 | 64742-47-8 | 74-98-6 | 106-97-8,CCOC(=O)/C=C(\C)/C=C/C[C@@H](C)CCCC(C)C | CCC | CCCC,5282198 | 6334 | 7843,
EyeIrritation6pack_PID629,MCM 437,MATCH,NO_ACTION,9,4,3,4,17265-14-4 | 8042-47-5 | 68411-46-1,C(CCCCC(=O)[O-])CCCC(=O)[O-].[Na+].[Na+],134734,
EyeIrritation6pack_PID628,Maxim Quattro,EVIDENCE_WEAK,NO_ACTION,9,4,4,5,57-55-6 | 131860-33-8 | 70630-17-0 | 69516-34-3 | 131341-86-1 | 148-79-8,CC(CO)O | CO/C=C(\C1=CC=CC=C1OC2=NC=NC(=C2)OC3=CC=CC=C3C#N)/C(=O)OC | CC1=C(C(=CC=C1)C)N([C@H](C)C(=O)OC)C(=O)COC | CC1=C(C(=CC=C1)C)N([C@@H](C)C(=O)OC)C(=O)COC | C1=CC(=C2C(=C1)OC(O2)(F)F)C3=CNC=C3C#N | C1=CC=C2C(=C1)NC(=N2)C3=CSC=N3,1030 | 3034285 | 11150163 | 156840 | 86398 | 5430,WORKBOOK_CAS_FOUND_OUTSIDE_SECTION_3
EyeIrritation6pack_PID627,Maxim MZ,MATCH,NO_ACTION,9,2,2,2,8018-01-7 | 131341-86-1,C(CNC(=S)[S-])NC(=S)[S-].C(CNC(=S)[S-])NC(=S)[S-].[Mn+2].[Zn+2] | C1=CC(=C2C(=C1)OC(O2)(F)F)C3=CNC=C3C#N,3034368 | 86398,
EyeIrritation6pack_PID626,Max Kill Dusta-Cide 6,MATCH,NO_ACTION,9,1,1,1,121-75-5,CCOC(=O)CC(C(=O)OCC)SP(=S)(OC)OC,4004,
EyeIrritation6pack_PID621,Mana 11201,MATCH,NO_ACTION,9,2,2,7,,,,
EyeIrritation6pack_PID62,Albaugh Trifluralin 10G,MATCH,NO_ACTION,9,3,3,3,1582-09-8 | 8031-18-3 | 14808-60-7,CCCN(CCC)C1=C(C=C(C=C1[N+](=O)[O-])C(F)(F)F)[N+](=O)[O-] | [O-2].[O-2].[O-2].[O-2].[O-2].[Al+3].[Al+3].[Si+4] | O=[Si]=O,5569 | 56841952 | 24261,
EyeIrritation6pack_PID639,Mesosulfuron-methyl,MATCH,NO_ACTION,9,2,1,2,208465-19-4,,,
EyeIrritation6pack_PID656,MGK F-2862,MATCH,NO_ACTION,9,5,4,5,8003-34-7 | 51-03-6 | 52645-53-1 | 64742-47-8,CC1=C(C(=O)C[C@@H]1OC(=O)[C@@H]2[C@H](C2(C)C)C=C(C)C)C/C=C\C=C.CC1=C(C(=O)C[C@@H]1OC(=O)[C@@H]2[C@H](C2(C)C)/C=C(\C)/C(=O)OC)C/C=C\C=C | CCCCOCCOCCOCC1=CC2=C(C=C1CCC)OCO2 | CC1(C(C1C(=O)OCC2=CC(=CC=C2)OC3=CC=CC=C3)C=C(Cl)Cl)C,60202781 | 5794 | 40326,
EyeIrritation6pack_PID657,MGK Fogging Concentrate 2922,MATCH,NO_ACTION,9,6,5,8,8003-34-7 | 51-03-6 | 113-48-4 | 95737-68-1 | 66230-04-4 | 64742-47-8,CC1=C(C(=O)C[C@@H]1OC(=O)[C@@H]2[C@H](C2(C)C)C=C(C)C)C/C=C\C=C.CC1=C(C(=O)C[C@@H]1OC(=O)[C@@H]2[C@H](C2(C)C)/C=C(\C)/C(=O)OC)C/C=C\C=C | CCCCOCCOCCOCC1=CC2=C(C=C1CCC)OCO2 | CCCCC(CC)CN1C(=O)[C@H]2[C@@H]3C[C@H]([C@H]2C1=O)C=C3 | CC(COC1=CC=C(C=C1)OC2=CC=CC=C2)OC3=CC=CC=N3 | CC(C)[C@@H](C1=CC=C(C=C1)Cl)C(=O)O[C@H](C#N)C2=CC(=CC=C2)OC3=CC=CC=C3,60202781 | 5794 | 101008927 | 91753 | 10342051,
EyeIrritation6pack_PID658,MGK Formula 2960,MATCH,NO_ACTION,9,7,6,7,68439-49-6 | 134-62-3 | 113-48-4 | 119-36-8 | 52645-53-1 | 1811-28-5,CCN(CC)C(=O)C1=CC=CC(=C1)C | CCCCC(CC)CN1C(=O)[C@H]2[C@@H]3C[C@H]([C@H]2C1=O)C=C3 | COC(=O)C1=CC=CC=C1O | CC1(C(C1C(=O)OCC2=CC(=CC=C2)OC3=CC=CC=C3)C=C(Cl)Cl)C | C1=CC(=CC2=NC3=C(C=CC(=C3)N)C=C21)N.C1=CC(=CC2=NC3=C(C=CC(=C3)N)C=C21)N.OS(=O)(=O)O,4284 | 101008927 | 4133 | 40326 | 9849425,
EyeIrritation6pack_PID696,Nicosulfuron 40SC,MATCH,NO_ACTION,9,1,1,1,111991-09-4,CN(C)C(=O)C1=C(N=CC=C1)S(=O)(=O)NC(=O)NC2=NC(=CC(=N2)OC)OC,73281,
EyeIrritation6pack_PID695,NEUl l 71H RTU,EVIDENCE_WEAK,NO_ACTION,9,1,1,3,2023-11-1 | 151-21-3,CCCCCCCCCCCCOS(=O)(=O)[O-].[Na+],3423265,INVALID_WORKBOOK_CAS
EyeIrritation6pack_PID694,NEU1171H,EVIDENCE_WEAK,NO_ACTION,9,1,3,3,64742-48-9 | 107-98-2 | 64-00-3 | 27253-31-2,,7900 | 24899422,INVALID_WORKBOOK_CAS
EyeIrritation6pack_PID692,Neporax 25G,MATCH,NO_ACTION,9,1,1,1,66215-27-8,,47866,
EyeIrritation6pack_PID691,Neo Chlor Spa Angel Tab,EVIDENCE_WEAK,NO_ACTION,9,1,2,4,7758-19-2 | 7732-18-5,[O-]Cl=O.[Na+] | O,23668197 | 962,WORKBOOK_CAS_FOUND_OUTSIDE_SECTION_3
EyeIrritation6pack_PID690,Nemathorin 500EC,EVIDENCE_WEAK,NO_ACTION,9,1,1,4,98886-44-3 | 168-00-0,CCC(C)SP(=O)(N1CCSC1=O)OCC,91758,INVALID_WORKBOOK_CAS
EyeIrritation6pack_PID689,Navigator 80WG Termticide/Insecticide,MATCH,NO_ACTION,9,1,1,1,120068-37-3,C1=C(C=C(C(=C1Cl)N2C(=C(C(=N2)C#N)S(=O)C(F)(F)F)N)Cl)C(F)(F)F,3352,
EyeIrritation6pack_PID687,Nab Nicho Tech,MATCH,NO_ACTION,9,2,2,2,7681-52-9,,23665760,
EyeIrritation6pack_PID680,Mycostat BX2,MATCH,NO_ACTION,9,1,1,2,,,,
EyeIrritation6pack_PID678,Multicide Crawling Insect Killer 28651,MISMATCH,NO_ACTION,9,8,7,8,75-28-5 | 64742-47-8 | 74-98-6 | 52645-53-1 | 8003-34-7 | 51-03-6,CC(C)C | CCC | CC1(C(C1C(=O)OCC2=CC(=CC=C2)OC3=CC=CC=C3)C=C(Cl)Cl)C | CC1=C(C(=O)C[C@@H]1OC(=O)[C@@H]2[C@H](C2(C)C)C=C(C)C)C/C=C\C=C.CC1=C(C(=O)C[C@@H]1OC(=O)[C@@H]2[C@H](C2(C)C)/C=C(\C)/C(=O)OC)C/C=C\C=C | CCCCOCCOCCOCC1=CC2=C(C=C1CCC)OCO2,6360 | 6334 | 40326 | 60202781 | 5794,SECTION_3_NOT_FOUND | WORKBOOK_CAS_NOT_FOUND_IN_SOURCE
EyeIrritation6pack_PID677,Multicide 28661,MATCH,NO_ACTION,9,2,3,3,68424-85-1 | 67-63-0 | 117-00-0,,3776,
EyeIrritation6pack_PID676,Movento 240 SC Insecticide,MATCH,NO_ACTION,9,1,3,3,203313-25-1 | 64366-70-7 | 128-37-0 | 8001-21-6,,9969573 | 31404,
EyeIrritation6pack_PID675,Mon 8434 Herbicide,MATCH,NO_ACTION,9,7,6,7,78-93-3 | 68410-23-1 | 67-63-0 | 71-36-3 | 112-24-3,CCC(=O)C | CC(C)O | CCCCO | C(CNCCNCCN)N,6569 | 3776 | 263 | 5565,
EyeIrritation6pack_PID674,Mon 8411,MATCH,NO_ACTION,9,2,2,2,627-91-8,COC(=O)CCCCC(=O)O,12328,
EyeIrritation6pack_PID673,Mon 58494 Herbicide,MATCH,NO_ACTION,9,3,3,3,70901-12-1,C(C(=O)O)NCP(=O)(O)[O-].[K+],23716553,
EyeIrritation6pack_PID669,Mon 37500,EVIDENCE_WEAK,NO_ACTION,9,1,3,3,64741-64-6 | 274-00-9 | 64741-70-4 | 277-00-5 | 637-92-3 | 110-54-3 | 37-00-0,,12512 | 8058,INVALID_WORKBOOK_CAS
EyeIrritation6pack_PID668,Molluscicide Mesurol 2% Bait,MATCH,NO_ACTION,9,3,3,4,2032-65-7 | 7778-18-9 | 128-37-0,CC1=CC(=CC(=C1SC)C)OC(=O)NC | [O-]S(=O)(=O)[O-].[Ca+2] | CC1=CC(=C(C(=C1)C(C)(C)C)O)C(C)(C)C,16248 | 24497 | 31404,
EyeIrritation6pack_PID663,Mitin FF Liquid,EVIDENCE_WEAK,NO_ACTION,9,1,1,2,,,,SECTION_3_NOT_FOUND
EyeIrritation6pack_PID661,Micromite 80WG,MATCH,NO_ACTION,9,3,1,4,35367-38-5 | 18063-03-1 | 1332-58-7,C1=CC(=C(C(=C1)F)C(=O)NC(=O)NC2=CC=C(C=C2)Cl)F | C1=CC(=C(C(=C1)F)C(=O)N)F,37123 | 87439,
EyeIrritation6pack_PID660,MGK Formula 2980,MATCH,NO_ACTION,9,3,3,3,8003-34-7 | 52645-53-1 | 51-03-6,CC1=C(C(=O)C[C@@H]1OC(=O)[C@@H]2[C@H](C2(C)C)C=C(C)C)C/C=C\C=C.CC1=C(C(=O)C[C@@H]1OC(=O)[C@@H]2[C@H](C2(C)C)/C=C(\C)/C(=O)OC)C/C=C\C=C | CC1(C(C1C(=O)OCC2=CC(=CC=C2)OC3=CC=CC=C3)C=C(Cl)Cl)C | CCCCOCCOCCOCC1=CC2=C(C=C1CCC)OCO2,60202781 | 40326 | 5794,
EyeIrritation6pack_PID659,MGK Formula 2976,MATCH,NO_ACTION,9,2,2,2,71751-41-2 | 95737-68-1,CC[C@H](C)[C@@H]1[C@H](C=C[C@@]2(O1)C[C@@H]3C[C@H](O2)C/C=C(/[C@H]([C@H](/C=C/C=C/4\CO[C@H]5[C@@]4([C@@H](C=C([C@H]5O)C)C(=O)O3)O)C)O[C@H]6C[C@@H]([C@H]([C@@H](O6)C)O[C@H]7C[C@@H]([C@H]([C@@H](O7)C)O)OC)OC)\C)C.C[C@H]1/C=C/C=C/2\CO[C@H]3[C@@]2([C@@H](C=C([C@H]3O)C)C(=O)O[C@H]4C[C@@H](C/C=C(/[C@H]1O[C@H]5C[C@@H]([C@H]([C@@H](O5)C)O[C@H]6C[C@@H]([C@H]([C@@H](O6)C)O)OC)OC)\C)O[C@]7(C4)C=C[C@@H]([C@H](O7)C(C)C)C)O | CC(COC1=CC=C(C=C1)OC2=CC=CC=C2)OC3=CC=CC=N3,9920327 | 91753,
EyeIrritation6pack_PID616,M920 Insecticide,MATCH,NO_ACTION,9,1,1,5,8002-74-2 | 80-62-6 | 25053-30-9 | 79-41-4,CC(=C)C(=O)OC | CC(=C)C(=O)O,6658 | 4093,
EyeIrritation6pack_PID360,DuPont Prequel Herbicide,MATCH,NO_ACTION,9,2,4,6,122931-48-0 | 141112-29-0,CCS(=O)(=O)C1=C(N=CC=C1)S(=O)(=O)NC(=O)NC2=NC(=CC(=N2)OC)OC | CS(=O)(=O)C1=C(C=CC(=C1)C(F)(F)F)C(=O)C2=C(ON=C2)C3CC3 | OP(=O)([O-])[O-].[Na+].[Na+],91779 | 84098 | 24203,
EyeIrritation6pack_PID610,LPI 6365-18 Fungicide,MATCH,NO_ACTION,9,3,3,3,7758-98-7 | 8062-15-5,[O-]S(=O)(=O)[O-].[Cu+2] | COC1=CC=CC(=C1O)CC(CS(=O)(=O)O)OC2=C(C=C(C=C2)CCCS(=O)(=O)O)OC,24462 | 24712,
EyeIrritation6pack_PID608,Lonza Formulation R-82,MATCH,NO_ACTION,9,3,3,6,68439-46-3 | 57-55-6 | 68585-34-2,CC(CO)O,1030,
EyeIrritation6pack_PID556,Intrepid 2F Agricultural Insecticide,MATCH,NO_ACTION,9,3,2,3,161050-58-4 | 57-55-6 | 78330-21-9,CC1=CC(=CC(=C1)C(=O)N(C(C)(C)C)NC(=O)C2=C(C(=CC=C2)OC)C)C | CC(CO)O,105010 | 1030,
EyeIrritation6pack_PID555,Insecticide TD Granule,MATCH,NO_ACTION,9,3,3,3,82657-04-3,CC1=C(C=CC=C1C2=CC=CC=C2)COC(=O)[C@@H]3[C@@H](C3(C)C)/C=C(/C(F)(F)F)\Cl,6442842,
EyeIrritation6pack_PID554,Initium Fungicide,MATCH,NO_ACTION,9,1,4,4,1897-45-6 | 57-55-6 | 112926-00-8,C(#N)C1=C(C(=C(C(=C1Cl)Cl)Cl)C#N)Cl | CC(CO)O | O=[Si]=O,15910 | 1030 | 24261,
EyeIrritation6pack_PID551,Imidan 60 WDG,EVIDENCE_WEAK,NO_ACTION,9,1,1,1,732-11-6,COP(=S)(OC)SCN1C(=O)C2=CC=CC=C2C1=O,12901,WORKBOOK_CAS_FOUND_OUTSIDE_SECTION_3
EyeIrritation6pack_PID55,AE 0172747,EVIDENCE_WEAK,NO_ACTION,9,1,1,1,335104-84-2,CS(=O)(=O)C1=C(C(=C(C=C1)C(=O)C2C(=O)CCCC2=O)Cl)COCC(F)(F)F,11556911,SECTION_3_NOT_FOUND
EyeIrritation6pack_PID549,"Imidacloprid + Tau-fluvalinate + Tebuconazole Ready-to-Use Insecticide, Miticide and Fungicide",EVIDENCE_WEAK,NO_ACTION,9,3,3,6,107534-96-3,CC(C)(C)C(CCC1=CC=C(C=C1)Cl)(CN2C=NC=N2)O,86102,WORKBOOK_CAS_FOUND_OUTSIDE_SECTION_3
EyeIrritation6pack_PID548,Imdaclpoprid-Vitavax-Metalaxyl Seed Treatment,MATCH,NO_ACTION,9,4,4,4,5234-68-4 | 107-21-1,CC1=C(SCCO1)C(=O)NC2=CC=CC=C2 | C(CO)O,21307 | 174,
EyeIrritation6pack_PID547,Imazosulfuron,MATCH,NO_ACTION,9,1,1,1,122548-33-8,COC1=CC(=NC(=N1)NC(=O)NS(=O)(=O)C2=C(N=C3N2C=CC=C3)Cl)OC,92433,
EyeIrritation6pack_PID546,IMA-Jet 10%,MATCH,NO_ACTION,9,1,1,1,138261-41-3,C1CN(/C(=N/[N+](=O)[O-])/N1)CC2=CN=C(C=C2)Cl,86287518,
EyeIrritation6pack_PID557,Ipconazole,MATCH,NO_ACTION,9,2,2,2,125225-28-7 | 56-81-5,CC(C)C1CCC(C1(CN2C=NC=N2)O)CC3=CC=C(C=C3)Cl | C(C(CO)O)O,86211 | 753,
EyeIrritation6pack_PID540,Hurricane WDG,MATCH,NO_ACTION,9,4,4,4,14808-60-7 | 61790-53-2 | 70630-17-0 | 69516-34-3 | 131341-86-1,,24261 | 11150163 | 156840 | 86398,
EyeIrritation6pack_PID538,Home Defense Max Perimeter Insect Killer Aerosol,SOURCE_UNAVAILABLE,NO_ACTION,9,2,1,2,2015-04-1,,,SOURCE_TEXT_EXTRACTION_FAILED: 
EyeIrritation6pack_PID536,HM-413A,MATCH,NO_ACTION,9,1,1,4,811-97-2 | 75-28-5,C(C(F)(F)F)F | CC(C)C,13129 | 6360,
EyeIrritation6pack_PID535,HM-2010,MATCH,NO_ACTION,9,1,3,3,67-56-1 | 87-90-1,CO | C1(=O)N(C(=O)N(C(=O)N1Cl)Cl)Cl,887 | 6909,
EyeIrritation6pack_PID533,Hero Insecticide,MATCH,NO_ACTION,9,9,6,9,82657-04-3 | 52315-07-8 | 64742-94-5 | 91-20-3 | 64-19-7,CC1=C(C=CC=C1C2=CC=CC=C2)COC(=O)[C@@H]3[C@@H](C3(C)C)/C=C(/C(F)(F)F)\Cl | CC1(C(C1C(=O)OC(C#N)C2=CC(=CC=C2)OC3=CC=CC=C3)C=C(Cl)Cl)C | C1=CC=C2C=CC=CC2=C1 | CC(=O)O,6442842 | 2912 | 931 | 176,
EyeIrritation6pack_PID530,Heat Powered by Kixor Herbicide,MATCH,NO_ACTION,9,3,5,5,372137-35-4 | 2682-20-4 | 2634-33-5,CC(C)N(C)S(=O)(=O)NC(=O)C1=CC(=C(C=C1Cl)F)N2C(=O)C=C(N(C2=O)C)C(F)(F)F | CN1C(=O)C=CS1 | C1=CC=C2C(=C1)C(=O)NS2,11571392 | 39800 | 17520,
EyeIrritation6pack_PID53,Adage Premier,MATCH,NO_ACTION,9,5,5,5,,,,
EyeIrritation6pack_PID529,Harness Xtra Herbicide,MATCH,NO_ACTION,9,3,3,3,34256-82-1 | 1912-24-9 | 121776-33-8,CCC1=CC=CC(=C1N(COCC)C(=O)CCl)C | CCNC1=NC(=NC(=N1)Cl)NC(C)C | CC1(N(CC(O1)C2=CC=CO2)C(=O)C(Cl)Cl)C,1988 | 2256 | 86187,
EyeIrritation6pack_PID523,Greenclean 6% Liquid,MATCH,NO_ACTION,9,3,3,3,15630-89-4,C(=O)([O-])[O-].C(=O)([O-])[O-].OO.OO.OO.[Na+].[Na+].[Na+].[Na+],159762,
EyeIrritation6pack_PID521,Graduate A+,MATCH,NO_ACTION,9,2,2,3,57-55-6 | 131860-33-8 | 131341-86-1,CC(CO)O | CO/C=C(\C1=CC=CC=C1OC2=NC=NC(=C2)OC3=CC=CC=C3C#N)/C(=O)OC | C1=CC(=C2C(=C1)OC(O2)(F)F)C3=CNC=C3C#N,1030 | 3034285 | 86398,
EyeIrritation6pack_PID54,Advantage Plus 20 for Dogs,MATCH,NO_ACTION,9,4,4,4,100-51-6 | 108-32-7 | 138261-41-3,C1=CC=C(C=C1)CO | CC1COC(=O)O1 | C1CN(/C(=N/[N+](=O)[O-])/N1)CC2=CN=C(C=C2)Cl,244 | 7924 | 86287518,
EyeIrritation6pack_PID558,Ipconazole Metalaxyl MD (S) Seed Treatment,MATCH,NO_ACTION,9,3,2,7,107-21-1 | 138261-41-3 | 64742-65-0 | 57837-19-1 | 125225-28-7,C(CO)O | C1CN(/C(=N/[N+](=O)[O-])/N1)CC2=CN=C(C=C2)Cl | CC1=C(C(=CC=C1)C)N(C(C)C(=O)OC)C(=O)COC | CC(C)C1CCC(C1(CN2C=NC=N2)O)CC3=CC=C(C=C3)Cl,174 | 86287518 | 42586 | 86211,
EyeIrritation6pack_PID559,Iprodione 4F Fungicide,EVIDENCE_WEAK,NO_ACTION,9,1,1,1,36734-19-7,CC(C)NC(=O)N1CC(=O)N(C1=O)C2=CC(=CC(=C2)Cl)Cl,37517,WORKBOOK_CAS_FOUND_OUTSIDE_SECTION_3
EyeIrritation6pack_PID560,Ironclad Herbicide,MATCH,NO_ACTION,9,3,2,3,64742-47-8,,,
EyeIrritation6pack_PID607,Lonza Formulation FC-600,SOURCE_UNAVAILABLE,NO_ACTION,9,1,1,1,7732-18-5,O,962,SOURCE_DOWNLOAD_FAILED: 404 Client Error: Not Found for url: https://bioscience.lonza.com/lonza_bs/KR/en/404
EyeIrritation6pack_PID602,Liberty ATZ Herbicide,MISMATCH,NO_ACTION,9,0,2,4,,CCNC1=NC(=NC(=N1)Cl)NC(C)C | CP(=O)(CCC(C(=O)O)N)O,2256 | 4794,SECTION_3_NOT_FOUND | WORKBOOK_INGREDIENT_NAMES_NOT_FOUND_IN_SOURCE
EyeIrritation6pack_PID601,Liberty 280 SL Herbicide,MATCH,NO_ACTION,9,5,4,5,77182-82-2 | 68585-34-2 | 107-98-2 | 25265-71-8 | 68515-73-1,CP(=O)(CCC(C(=O)[O-])N)O.[NH4+] | CC(COC)O | CC(CO)OC(C)CO.CC(COCC(C)O)O,53597 | 7900 | 134692469,
EyeIrritation6pack_PID600,LG Permethrin,MATCH,NO_ACTION,9,1,1,4,52645-53-1 | 70693-06-0,CC1(C(C1C(=O)OCC2=CC(=CC=C2)OC3=CC=CC=C3)C=C(Cl)Cl)C,40326,
EyeIrritation6pack_PID594,Lawn 3FL2 Herbicide GR,EVIDENCE_WEAK,NO_ACTION,9,4,4,4,317815-83-1,CC1=C(C(=CS1)C(=O)OC)S(=O)(=O)NC(=O)N2C(=O)N(C(=N2)OC)C,11205153,SECTION_3_NOT_FOUND
EyeIrritation6pack_PID593,Lawn 3FL Herbicide Ready-to-Use,MATCH,NO_ACTION,9,5,5,5,84087-01-4,C1=CC(=C(C2=NC=C(C=C21)Cl)C(=O)O)Cl,91739,
EyeIrritation6pack_PID592,Lawn 3FL Herbicide Granule,MATCH,NO_ACTION,9,6,6,6,2008-39-1 | 66423-09-4 | 2300-66-5,CNC.C1=CC(=C(C=C1Cl)Cl)OCC(=O)O | CC1=C(C=CC(=C1)Cl)O[C@H](C)C(=O)O.CNC | CNC.COC1=C(C=CC(=C1C(=O)O)Cl)Cl,16180 | 68515001 | 16811,
EyeIrritation6pack_PID59,Agita IGB Fly Bait,MATCH,NO_ACTION,9,2,2,2,153719-23-4,CN\1COCN(/C1=N/[N+](=O)[O-])CC2=CN=C(S2)Cl,5821911,
EyeIrritation6pack_PID585,Larvin Insecticide (UC51762),MATCH,NO_ACTION,9,4,4,5,59669-26-0 | 57-55-6 | 112926-00-8 | 2634-33-5,CC(=NOC(=O)N(C)SN(C)C(=O)ON=C(C)SC)SC | CC(CO)O | O=[Si]=O | C1=CC=C2C(=C1)C(=O)NS2,62155 | 1030 | 24261 | 17520,
EyeIrritation6pack_PID583,Larvin 500 Insecticide,MATCH,NO_ACTION,9,3,1,3,59669-26-0 | 26264-05-1 | 68425-94-5,CC(=NOC(=O)N(C)SN(C)C(=O)ON=C(C)SC)SC,62155,
EyeIrritation6pack_PID58,Agita 10 WG,MATCH,NO_ACTION,9,3,3,3,153719-23-4 | 68585-47-7,CN\1COCN(/C1=N/[N+](=O)[O-])CC2=CN=C(S2)Cl,5821911,
EyeIrritation6pack_PID579,Lancer Gold Insecticide,MATCH,NO_ACTION,9,2,2,6,64742-94-5 | 82657-04-3 | 872-50-4,CC1=C(C=CC=C1C2=CC=CC=C2)COC(=O)[C@@H]3[C@@H](C3(C)C)/C=C(/C(F)(F)F)\Cl | CN1CCCC1=O,6442842 | 13387,
EyeIrritation6pack_PID578,Lambda Cyhalothrin 2,MATCH,NO_ACTION,9,4,3,4,64742-94-5 | 91465-08-6 | 91-20-3 | 95-63-6,CC1([C@@H]([C@@H]1C(=O)O[C@@H](C#N)C2=CC(=CC=C2)OC3=CC=CC=C3)/C=C(/C(F)(F)F)\Cl)C | C1=CC=C2C=CC=CC2=C1 | CC1=CC(=C(C=C1)C)C,6440557 | 931 | 7247,
EyeIrritation6pack_PID574,Klean-Pik 500 SC,EVIDENCE_WEAK,NO_ACTION,9,1,2,3,,,,SECTION_3_NOT_FOUND
EyeIrritation6pack_PID573,Kixor Herbicide,MATCH,NO_ACTION,9,1,1,2,372137-35-4,CC(C)N(C)S(=O)(=O)NC(=O)C1=CC(=C(C=C1Cl)F)N2C(=O)C=C(N(C2=O)C)C(F)(F)F,11571392,
EyeIrritation6pack_PID572,Kitchen Klenzer,MATCH,NO_ACTION,9,1,1,3,68424-85-1,,,
EyeIrritation6pack_PID571,Kilter Insecticide,MATCH,NO_ACTION,9,3,3,3,138261-41-3 | 91465-08-6 | 57-55-6,C1CN(/C(=N/[N+](=O)[O-])/N1)CC2=CN=C(C=C2)Cl | CC1([C@@H]([C@@H]1C(=O)O[C@@H](C#N)C2=CC(=CC=C2)OC3=CC=CC=C3)/C=C(/C(F)(F)F)\Cl)C | CC(CO)O,86287518 | 6440557 | 1030,
EyeIrritation6pack_PID570,Kendo 22.8 CS,EVIDENCE_WEAK,NO_ACTION,9,1,1,1,,,,SECTION_3_NOT_FOUND
EyeIrritation6pack_PID57,Affirm,MISMATCH,NO_ACTION,9,5,5,5,7722-84-1 | 64-19-7 | 7664-93-9 | 7697-37-2 | 79-21-0,OO | CC(=O)O | OS(=O)(=O)O | [N+](=O)(O)[O-] | CC(=O)OO,784 | 176 | 1118 | 944 | 6585,SOURCE_DOWNLOAD_FAILED: 429 Client Error: Too Many Requests for url: https://quiplabs.com/wp-content/uploads/SDS_Affirm.pdf | SUPPLEMENTAL_ATTENTION_REQUIRED: SOURCE_SCOPE_NOT_EXACT | WORKBOOK_CAS_NOT_FOUND_IN_SOURCE | WORKBOOK_INGREDIENT_NOT_FOUND_IN_SOURCE | SUPPLEMENTAL_ATTENTION_REQUIRED: NO_HIGHLIGHTED_SOURCE | SOURCE_SCOPE_NOT_EXACT | WORKBOOK_CAS_NOT_FOUND_IN_SOURCE | WORKBOOK_INGREDIENT_NOT_FOUND_IN_SOURCE | SUPPLEMENTAL_ATTENTION_REQUIRED: SOURCE_SCOPE_NOT_EXACT | OCCURRENCE_MISMATCH | OCCURRENCE_UNRESOLVED | MANUAL_REVIEW_REQUIRED | SUPPLEMENTAL_ATTENTION_REQUIRED: SOURCE_SCOPE_NOT_EXACT | OCCURRENCE_MISMATCH | MANUAL_REVIEW_REQUIRED
EyeIrritation6pack_PID568,Kaput Field Rodent Bait B,MATCH,NO_ACTION,9,2,2,4,138261-41-3,C1CN(/C(=N/[N+](=O)[O-])/N1)CC2=CN=C(C=C2)Cl,86287518,
EyeIrritation6pack_PID567,Justice Insecticide,EVIDENCE_WEAK,NO_ACTION,9,2,2,4,189278-12-4 | 211-00-1 | 1335202-81-7 | 26264-06-2 | 104-76-7,CCCN1C(=O)C2=C(C=CC(=C2)I)N=C1OCCC | CCCCCCCCCCCC.CCCCCCCCCCCC.C1=CC=C(C=C1)S(=O)(=O)[O-].C1=CC=C(C=C1)S(=O)(=O)[O-].[Ca+2] | CCCCC(CC)CO,11057771 | 156614057 | 7720,INVALID_WORKBOOK_CAS
EyeIrritation6pack_PID61,Albaugh Glyphosphate Acid,MATCH,NO_ACTION,9,2,2,2,38641-94-0,CC(C)N.C(C(=O)O)NCP(=O)(O)O,38078,
EyeIrritation6pack_PID358,DuPont Fontelis Fungicide,MATCH,NO_ACTION,9,1,1,3,183675-82-3,CC(C)CC(C)C1=C(C=CS1)NC(=O)C2=CN(N=C2C(F)(F)F)C,11388558,
EyeIrritation6pack_PID356,DuPont DPX-MAT28 Herbicide,MATCH,NO_ACTION,9,2,3,4,858956-35-1 | 858956-08-8,C1CC1C2=NC(=C(C(=N2)N)Cl)C(=O)[O-].[K+] | C1CC1C2=NC(=C(C(=N2)N)Cl)C(=O)O,44148874 | 17747875,
EyeIrritation6pack_PID355,DuPont DPX-MAT28 0.05G Turf Herbicide + Fertilizer,MATCH,NO_ACTION,9,1,3,6,57-13-6 | 7447-40-7 | 29091-21-2 | 16389-88-1,C(=O)(N)N | [Cl-].[K+] | CCCN(CCC)C1=C(C=C(C(=C1[N+](=O)[O-])N)C(F)(F)F)[N+](=O)[O-] | C(=O)([O-])[O-].C(=O)([O-])[O-].[Mg+2].[Ca+2],1176 | 4873 | 34469 | 61833,
EyeIrritation6pack_PID107,Azoxystrobin 50 WG,MATCH,NO_ACTION,9,3,3,3,131860-33-8 | 108-95-2 | 1317-65-3,CO/C=C(\C1=CC=CC=C1OC2=NC=NC(=C2)OC3=CC=CC=C3C#N)/C(=O)OC | C1=CC=C(C=C1)O,3034285 | 996,
EyeIrritation6pack_PID1064,"Zoxamide, 80 WP",MATCH,NO_ACTION,9,2,2,2,471-46-5,C(=O)(C(=O)N)N,10113,
EyeIrritation6pack_PID1062,Zoxamide(95_100%),EVIDENCE_WEAK,NO_ACTION,9,2,2,2,471-46-5,C(=O)(C(=O)N)N,10113,WORKBOOK_CAS_FOUND_OUTSIDE_SECTION_3
EyeIrritation6pack_PID1061,"Zoxamide (Dithane/RH-117,281 DG Blend 8:1)",MATCH,NO_ACTION,9,2,3,3,68291-97-4,C1=CC=C2C(=C1)C(=NO2)CS(=O)(=O)N,5734,
EyeIrritation6pack_PID1059,Ygiene 206,MISMATCH,NO_ACTION,9,3,3,3,7732-18-5,O,962,SOURCE_DOWNLOAD_FAILED: 429 Client Error: Too Many Requests for url: https://quiplabs.com/wp-content/uploads/GHS-SDS-Ygiene-206-Sterilant.pdf | SUPPLEMENTAL_ATTENTION_REQUIRED: SOURCE_SCOPE_NOT_EXACT | WORKBOOK_CAS_NOT_FOUND_IN_SOURCE | WORKBOOK_INGREDIENT_NOT_FOUND_IN_SOURCE | SUPPLEMENTAL_ATTENTION_REQUIRED: NO_HIGHLIGHTED_SOURCE | SOURCE_SCOPE_NOT_EXACT | WORKBOOK_CAS_NOT_FOUND_IN_SOURCE | WORKBOOK_INGREDIENT_NOT_FOUND_IN_SOURCE | SUPPLEMENTAL_ATTENTION_REQUIRED: SOURCE_SCOPE_NOT_EXACT | OCCURRENCE_MISMATCH | MANUAL_REVIEW_REQUIRED | SUPPLEMENTAL_ATTENTION_REQUIRED: SOURCE_SCOPE_NOT_EXACT | NO_LINKED_SUPPLEMENTAL_ARTIFACTS | OCCURRENCE_MISMATCH | MANUAL_REVIEW_REQUIRED
EyeIrritation6pack_PID1056,Xemium Fungicide,MATCH,NO_ACTION,9,3,4,10,175013-18-0 | 907204-31-3 | 68425-94-5 | 52-51-7 | 55965-84-9,COC(=O)N(C1=CC=CC=C1COC2=NN(C=C2)C3=CC=C(C=C3)Cl)OC | CN1C=C(C(=N1)C(F)F)C(=O)NC2=CC=CC=C2C3=CC(=C(C(=C3)F)F)F | C(C(CO)([N+](=O)[O-])Br)O | CN1C(=O)C=CS1.CN1C(=O)C=C(S1)Cl,6422843 | 16095400 | 2450 | 41679,
EyeIrritation6pack_PID1055,XDE-PRDX,MISMATCH,NO_ACTION,9,4,4,4,18080-67-6,,511509,SOURCE_DOWNLOAD_FAILED: 403 Client Error: Forbidden for url: https://www.merckmillipore.com/Web-BR-Site/pt_BR/-/BRL/ShowDocument-File?ProductSKU=EMD_BIO-530746&DocumentType=MSD&DocumentId=530746_SDS_IE_EN.PDF&DocumentUID=357239148&Language=EN&Country=IE&Origin=null | SUPPLEMENTAL_ATTENTION_REQUIRED: SOURCE_SCOPE_NOT_EXACT | WORKBOOK_INGREDIENT_NOT_FOUND_IN_SOURCE | SUPPLEMENTAL_ATTENTION_REQUIRED: NO_HIGHLIGHTED_SOURCE | SOURCE_SCOPE_NOT_EXACT | WORKBOOK_INGREDIENT_NOT_FOUND_IN_SOURCE | SUPPLEMENTAL_ATTENTION_REQUIRED: SOURCE_SCOPE_NOT_EXACT | OCCURRENCE_UNRESOLVED | MANUAL_REVIEW_REQUIRED | SUPPLEMENTAL_ATTENTION_REQUIRED: SOURCE_SCOPE_NOT_EXACT | MANUAL_REVIEW_REQUIRED | SUPPLEMENTAL_ATTENTION_REQUIRED: SOURCE_SCOPE_NOT_EXACT | OCCURRENCE_MISMATCH | MANUAL_REVIEW_REQUIRED
EyeIrritation6pack_PID1054,XDE-742,MATCH,NO_ACTION,9,2,2,2,10025-77-1,,6093258,
EyeIrritation6pack_PID1053,XDE-175,MATCH,NO_ACTION,9,1,1,1,2758-42-1,CNC.C1=CC(=C(C=C1Cl)Cl)OCCCC(=O)O,62462,
EyeIrritation6pack_PID110,Bactron K-139,EVIDENCE_WEAK,NO_ACTION,9,2,1,2,,,,SECTION_3_NOT_FOUND
EyeIrritation6pack_PID1052,XDE-007 50% Concentrate,MATCH,NO_ACTION,9,1,2,2,68439-46-3 | 55965-84-9,,41679,
EyeIrritation6pack_PID105,Axial Star Herbicide,MATCH,NO_ACTION,9,2,2,3,,,,
EyeIrritation6pack_PID1048,Wolman E (mu CA-C),MATCH,NO_ACTION,9,5,3,6,12069-69-1 | 7632-00-0 | 60207-90-1 | 107534-96-3 | 7758-98-7,N(=O)[O-].[Na+] | CCCC1COC(O1)(CN2C=NC=N2)C3=C(C=C(C=C3)Cl)Cl | CC(C)(C)C(CCC1=CC=C(C=C1)Cl)(CN2C=NC=N2)O | [O-]S(=O)(=O)[O-].[Cu+2],23668193 | 43234 | 86102 | 24462,
EyeIrritation6pack_PID1045,Willowed Ethofumesate,MATCH,NO_ACTION,9,3,3,3,26225-79-6 | 137-20-2 | 2634-33-5,CCOC1C(C2=C(O1)C=CC(=C2)OS(=O)(=O)C)(C)C | CCCCCCCC/C=C\CCCCCCCC(=O)N(C)CCS(=O)(=O)[O-].[Na+] | C1=CC=C2C(=C1)C(=O)NS2,33360 | 23664721 | 17520,
EyeIrritation6pack_PID1044,Weld Herbicide,EVIDENCE_WEAK,NO_ACTION,9,4,4,4,75-09-0,C(Cl)Cl,6344,INVALID_WORKBOOK_CAS
EyeIrritation6pack_PID1043,Waterborne Milltreat 111 Concentrate,MISMATCH,NO_ACTION,9,3,3,4,,,,SECTION_3_NOT_FOUND | WORKBOOK_INGREDIENT_NAMES_NOT_FOUND_IN_SOURCE
EyeIrritation6pack_PID1042,VOLIAM Xpress Insecticide,MATCH,NO_ACTION,9,3,2,7,57-55-6 | 500008-45-7 | 91465-08-6,CC(CO)O | CC1=CC(=CC(=C1NC(=O)C2=CC(=NN2C3=C(C=CC=N3)Cl)Br)C(=O)NC)Cl | CC1([C@@H]([C@@H]1C(=O)O[C@@H](C#N)C2=CC(=CC=C2)OC3=CC=CC=C3)/C=C(/C(F)(F)F)\Cl)C,1030 | 11271640 | 6440557,
EyeIrritation6pack_PID1040,Voliam Flexi Insecticide,EVIDENCE_WEAK,NO_ACTION,9,1,3,3,500008-45-7 | 55965-84-9 | 167-00-5,,11271640 | 41679,INVALID_WORKBOOK_CAS
EyeIrritation6pack_PID104,Axial BIA Herbicide,MATCH,NO_ACTION,9,1,1,2,97-99-4 | 243973-20-8 | 91-20-3 | 99607-70-2,C1CC(OC1)CO | CCC1=CC(=CC(=C1C2=C(N3CCOCCN3C2=O)OC(=O)C(C)(C)C)CC)C | C1=CC=C2C=CC=CC2=C1 | CCCCCC(C)OC(=O)COC1=C2C(=C(C=C1)Cl)C=CC=N2,7360 | 210326 | 931 | 93528,
EyeIrritation6pack_PID1039,Vitacon RTU FL Fungicide,MISMATCH,NO_ACTION,9,6,5,6,56-81-5 | 11138-66-2 | 7732-18-5,C(C(CO)O)O | O,753 | 962,SECTION_3_HAS_EXTRA_SOURCE_CAS
EyeIrritation6pack_PID1050,WRC-13927-32-0,EVIDENCE_WEAK,NO_ACTION,9,2,1,2,10-07-0,,,INVALID_WORKBOOK_CAS | SECTION_3_NOT_FOUND
EyeIrritation6pack_PID115,Banner Dry MAXX,MATCH,NO_ACTION,9,2,2,2,60207-90-1 | 97-99-4,CCCC1COC(O1)(CN2C=NC=N2)C3=C(C=C(C=C3)Cl)Cl | C1CC(OC1)CO,43234 | 7360,
EyeIrritation6pack_PID116,BAS 320 I Pro Fire Ant Bait,EVIDENCE_WEAK,NO_ACTION,9,2,2,2,67485-29-4,CC1(CNC(=NC1)NN=C(C=CC2=CC=C(C=C2)C(F)(F)F)C=CC3=CC=C(C=C3)C(F)(F)F)C,49901,SECTION_3_NOT_FOUND
EyeIrritation6pack_PID118,BAS 500 F Manufacturing Use Product,EVIDENCE_WEAK,NO_ACTION,9,1,6,6,128-37-0 | 121-79-9 | 198-00-3 | 137-66-6 | 14306-25-3 | 1109-11-1 | 67762-90-7,,31404 | 4947 | 54680660 | 66391 | 6391647,INVALID_WORKBOOK_CAS
EyeIrritation6pack_PID150,Bifenthrin 0.2% Granular,MATCH,NO_ACTION,9,1,1,1,82657-04-3,CC1=C(C=CC=C1C2=CC=CC=C2)COC(=O)[C@@H]3[C@@H](C3(C)C)/C=C(/C(F)(F)F)\Cl,6442842,
EyeIrritation6pack_PID149,Bifenthrin 0.086% Plus Fertilizer,MATCH,NO_ACTION,9,1,1,1,82657-04-3,CC1=C(C=CC=C1C2=CC=CC=C2)COC(=O)[C@@H]3[C@@H](C3(C)C)/C=C(/C(F)(F)F)\Cl,6442842,
EyeIrritation6pack_PID148,Bifenthrin 0.083 Insecticide with X-X-X Fertilizer,MATCH,NO_ACTION,9,1,1,1,82657-04-3,CC1=C(C=CC=C1C2=CC=CC=C2)COC(=O)[C@@H]3[C@@H](C3(C)C)/C=C(/C(F)(F)F)\Cl,6442842,
EyeIrritation6pack_PID147,Bifenthrin 0.073 RU Insecticide with X-X-X Fertilizer,EVIDENCE_WEAK,NO_ACTION,9,0,1,1,,CC1=C(C=CC=C1C2=CC=CC=C2)COC(=O)[C@@H]3[C@@H](C3(C)C)/C=C(/C(F)(F)F)\Cl,6442842,SECTION_3_NOT_FOUND
EyeIrritation6pack_PID146,Bifenthrin 0.073 Insecticide with X-X-X Fertilizer,MATCH,NO_ACTION,9,1,1,1,82657-04-3,CC1=C(C=CC=C1C2=CC=CC=C2)COC(=O)[C@@H]3[C@@H](C3(C)C)/C=C(/C(F)(F)F)\Cl,6442842,
EyeIrritation6pack_PID145,Bifenthrin 0.069 RU Insecticide With X-X-X Fertilizer,EVIDENCE_WEAK,NO_ACTION,9,1,2,15,1317-65-3 | 14808-60-7 | 57-13-6 | 13547-17-6 | 108-19-0 | 7704-39-9 | 7447-40-7 | 7647-14-5 | 1302-78-9 | 82657-04-3,O=[Si]=O | C(=O)(N)N | C(NC(=O)N)NC(=O)N | C(=O)(N)NC(=O)N | S | [Cl-].[K+] | [Na+].[Cl-] | CC1=C(C=CC=C1C2=CC=CC=C2)COC(=O)[C@@H]3[C@@H](C3(C)C)/C=C(/C(F)(F)F)\Cl,24261 | 1176 | 61645 | 7913 | 5362487 | 4873 | 5234 | 6442842,INVALID_WORKBOOK_CAS
EyeIrritation6pack_PID144,Bifenthrin 0.069 Insecticide With X-X-X Fertilizer,MATCH,NO_ACTION,9,5,5,5,82657-04-3 | 7447-40-7 | 57-13-6 | 7704-34-9 | 1317-65-3,CC1=C(C=CC=C1C2=CC=CC=C2)COC(=O)[C@@H]3[C@@H](C3(C)C)/C=C(/C(F)(F)F)\Cl | [Cl-].[K+] | C(=O)(N)N | S,6442842 | 4873 | 1176 | 5362487,
EyeIrritation6pack_PID143,Bifenthrin,MATCH,NO_ACTION,9,1,1,1,82657-04-3,CC1=C(C=CC=C1C2=CC=CC=C2)COC(=O)[C@@H]3[C@@H](C3(C)C)/C=C(/C(F)(F)F)\Cl,6442842,
EyeIrritation6pack_PID142,Betamix,MATCH,NO_ACTION,9,2,2,2,13684-56-5 | 13684-63-4,CCOC(=O)NC1=CC(=CC=C1)OC(=O)NC2=CC=CC=C2 | CC1=CC(=CC=C1)NC(=O)OC2=CC=CC(=C2)NC(=O)OC,24743 | 24744,
EyeIrritation6pack_PID137,Bengal Dry Roach Spray,MATCH,NO_ACTION,9,1,2,3,52645-53-1,CC1(C(C1C(=O)OCC2=CC(=CC=C2)OC3=CC=CC=C3)C=C(Cl)Cl)C,40326,
EyeIrritation6pack_PID134,Bellacide 325 8-month,MATCH,NO_ACTION,9,1,2,3,5915-41-3,CCNC1=NC(=NC(=N1)Cl)NC(C)(C)C,22206,
EyeIrritation6pack_PID132,Bayonet 2,MATCH,NO_ACTION,9,2,2,2,55965-84-9,CN1C(=O)C=CS1.CN1C(=O)C=C(S1)Cl,41679,
EyeIrritation6pack_PID131,Bayocide Pour On Insecticide,MATCH,NO_ACTION,9,4,3,4,52645-53-1 | 51-03-6 | 64742-55-8,CC1(C(C1C(=O)OCC2=CC(=CC=C2)OC3=CC=CC=C3)C=C(Cl)Cl)C | CCCCOCCOCCOCC1=CC2=C(C=C1CCC)OCO2,40326 | 5794,
EyeIrritation6pack_PID127,BAS 703 02 F Fungicide,MATCH,NO_ACTION,9,3,2,3,67701-09-1,,,
EyeIrritation6pack_PID126,BAS 703 01 F Fungicide,EVIDENCE_WEAK,NO_ACTION,9,2,2,2,907204-31-3,CN1C=C(C(=N1)C(F)F)C(=O)NC2=CC=CC=C2C3=CC(=C(C(=C3)F)F)F,16095400,SECTION_3_NOT_FOUND
EyeIrritation6pack_PID125,BAS 700 01 Fungicide,EVIDENCE_WEAK,NO_ACTION,9,1,3,3,3347-22-6 | 21-00-0 | 7783-20-2 | 1332-58-7,,18771 | 6097028,INVALID_WORKBOOK_CAS
EyeIrritation6pack_PID124,BAS 670 336SC Herbicide,MATCH,NO_ACTION,9,2,2,6,210631-68-8 | 2682-20-4,CC1=C(C=CC(=C1C2=NOCC2)S(=O)(=O)C)C(=O)C3=CNN(C3=O)C | CN1C(=O)C=CS1,11302979 | 39800,
EyeIrritation6pack_PID123,BAS 650 00 F Fungicide,NO_DOWNLOADABLE_SOURCE,NO_ACTION,9,1,1,1,,,,BLANK_INGREDIENT_SOURCE
EyeIrritation6pack_PID121,BAS 556 01 F Fungicide,MATCH,NO_ACTION,9,3,3,3,141517-21-7,C/C(=N\OCC1=CC=CC=C1/C(=N\OC)/C(=O)OC)/C2=CC(=CC=C2)C(F)(F)F,11664966,
EyeIrritation6pack_PID120,BAS 536 00 F Fungicide,MATCH,NO_ACTION,9,1,7,7,175013-18-0 | 907204-31-3 | 68425-94-5 | 102980-04-1 | 52-51-7 | 2634-33-5 | 2682-20-4 | 57-55-6,,6422843 | 16095400 | 2450 | 17520 | 39800 | 1030,
EyeIrritation6pack_PID119,BAS 510 02 F Turf Fungicide,MATCH,NO_ACTION,9,1,2,2,50723-80-3,,13124860,
EyeIrritation6pack_PID1038,Vitacon 100 Pro FS Fungicide,EVIDENCE_WEAK,NO_ACTION,9,2,2,4,5234-68-4 | 125225-28-7,CC1=C(SCCO1)C(=O)NC2=CC=CC=C2 | CC(C)C1CCC(C1(CN2C=NC=N2)O)CC3=CC=C(C=C3)Cl,21307 | 86211,SECTION_3_NOT_FOUND
EyeIrritation6pack_PID151,Bifenthrin 8% ME,MATCH,NO_ACTION,9,1,1,1,82657-04-3,,6442842,
EyeIrritation6pack_PID1037,Viper WP,MATCH,NO_ACTION,9,4,2,4,52315-07-8 | 64742-94-5 | 91-20-3 | 64742-46-7,CC1(C(C1C(=O)OC(C#N)C2=CC(=CC=C2)OC3=CC=CC=C3)C=C(Cl)Cl)C | C1=CC=C2C=CC=CC2=C1,2912 | 931,
EyeIrritation6pack_PID1033,Velocity SG Herbicide,MATCH,NO_ACTION,9,8,5,10,1689-99-2 | 56634-95-8 | 365400-11-9 | 64742-94-5 | 108-32-7 | 91-20-3 | 104-76-7 | 135590-91-9,CCCCCCCC(=O)OC1=C(C=C(C=C1Br)C#N)Br | CCCCCCC(=O)OC1=C(C=C(C=C1Br)C#N)Br | CC1=C(C(=O)N(N1)C)C(=O)C2=C(C=C(C=C2)C(F)(F)F)S(=O)(=O)C | CC1COC(=O)O1 | C1=CC=C2C=CC=CC2=C1 | CCCCC(CC)CO | CCOC(=O)C1=NN(C(C1)(C)C(=O)OCC)C2=C(C=C(C=C2)Cl)Cl,15533 | 62119 | 11693711 | 7924 | 931 | 7720 | 10937610,
EyeIrritation6pack_PID1002,Triflurex HFP,MATCH,NO_ACTION,9,1,1,1,1582-09-8,CCCN(CCC)C1=C(C=C(C=C1[N+](=O)[O-])C(F)(F)F)[N+](=O)[O-],5569,
EyeIrritation6pack_PID1001,Trifloxysulfuron-sodium,EVIDENCE_WEAK,NO_ACTION,9,1,1,1,199119-58-9,COC1=CC(=NC(=N1)NC(=O)[N-]S(=O)(=O)C2=C(C=CC=N2)OCC(F)(F)F)OC.[Na+],23676736,WORKBOOK_CAS_FOUND_OUTSIDE_SECTION_3
EyeIrritation6pack_PID1000,Tri-allate (#N/A),MATCH,NO_ACTION,9,1,1,3,2303-17-5,CC(C)N(C(C)C)C(=O)SCC(=C(Cl)Cl)Cl,5543,
EyeIrritation6pack_PID100,Atlantis Herbicide,MATCH,NO_ACTION,9,8,3,9,135590-91-9 | 208465-21-8 | 64742-94-5 | 577-11-7 | 64742-95-6 | 104-76-7 | 91-20-3,CCOC(=O)C1=NN(C(C1)(C)C(=O)OCC)C2=C(C=C(C=C2)Cl)Cl | COC1=CC(=NC(=N1)NC(=O)NS(=O)(=O)C2=C(C=CC(=C2)CNS(=O)(=O)C)C(=O)OC)OC | CCCCC(CC)COC(=O)CC(C(=O)OCC(CC)CCCC)S(=O)(=O)[O-].[Na+] | CCCCC(CC)CO | C1=CC=C2C=CC=CC2=C1,10937610 | 11409499 | 23673837 | 7720 | 931,
Cancer_PID_99,Aspirin; Phenacetin; Caffeine,NO_DOWNLOADABLE_SOURCE,NO_ACTION,9,0,3,3,,,,NAME_DERIVED_NO_EXTERNAL_SOURCE
Cancer_PID_98,"Asbestos, chrysotile(IR); dimethyl hydrazine",NO_DOWNLOADABLE_SOURCE,NO_ACTION,9,1,1,1,,,,NAME_DERIVED_NO_EXTERNAL_SOURCE
Cancer_PID_97,"Asbestos, amosite; dimethyl hydrazine",NO_DOWNLOADABLE_SOURCE,NO_ACTION,9,2,3,3,,,,NAME_DERIVED_NO_EXTERNAL_SOURCE
Cancer_PID_959,TEF Evaluation (PCB Mixture; PCB 126/PCB 118),NO_DOWNLOADABLE_SOURCE,NO_ACTION,9,2,2,2,,,,NAME_DERIVED_NO_EXTERNAL_SOURCE
Cancer_PID_958,TEF evaluation (Dioxin mixture),NO_DOWNLOADABLE_SOURCE,NO_ACTION,9,0,0,1,,,,NAME_DERIVED_NO_EXTERNAL_SOURCE
EyeIrritation6pack_PID1004,Triticonazole Fungicide,MATCH,NO_ACTION,9,1,1,1,131983-72-7,CC1(CC/C(=C\C2=CC=C(C=C2)Cl)/C1(CN3C=NC=N3)O)C,6537961,
Cancer_PID_957,TEF evaluation (Binary mixture; PCB 126/PCB 153),NO_DOWNLOADABLE_SOURCE,NO_ACTION,9,0,0,2,,,,NAME_DERIVED_NO_EXTERNAL_SOURCE
Cancer_PID_6,"1,2,3,6,7,8-Hexachlorodibenzo-p-dioxin; 1,2,3,7,8,9-Hexachlorodibenzo-p-dioxin",NO_DOWNLOADABLE_SOURCE,NO_ACTION,9,2,2,2,,,,NAME_DERIVED_NO_EXTERNAL_SOURCE
Cancer_PID_16,"3'-Azido-3'-deoxythymidine; 2',3'-Dideoxyinosine (AIDS Initiative)",NO_DOWNLOADABLE_SOURCE,NO_ACTION,9,0,2,2,,,,NAME_DERIVED_NO_EXTERNAL_SOURCE
Cancer_PID_159,Bis(2-chloro-1-methylethyl)ether (~70); 2-Chloro-1-methylethyl(2-chloropropyl)ether (~30),NO_DOWNLOADABLE_SOURCE,NO_ACTION,9,0,1,2,,,,NAME_DERIVED_NO_EXTERNAL_SOURCE
Cancer_PID_15,"3'-Azido-3'-deoxythymidine; 2',3'-Dideoxycytidine",NO_DOWNLOADABLE_SOURCE,NO_ACTION,9,0,2,2,,,,NAME_DERIVED_NO_EXTERNAL_SOURCE
Cancer_PID_141,Beta-nitrostyrene; Styrene,NO_DOWNLOADABLE_SOURCE,NO_ACTION,9,0,2,2,,,,NAME_DERIVED_NO_EXTERNAL_SOURCE
Cancer_PID_14,3'-Azido-3'-Deoxythymidine (AZT); Lamivudine (3TC); Nevirapine (NVP),NO_DOWNLOADABLE_SOURCE,NO_ACTION,9,0,3,3,,,,NAME_DERIVED_NO_EXTERNAL_SOURCE
Cancer_PID_13,3'-Azido-3'-Deoxythymidine (AZT); Lamivudine (3TC); Nelfinavir Mesylate (NFV),NO_DOWNLOADABLE_SOURCE,NO_ACTION,9,0,3,3,,,,NAME_DERIVED_NO_EXTERNAL_SOURCE
Cancer_PID_12,3'-Azido-3'-Deoxythymidine (AZT); Lamivudine (3TC),NO_DOWNLOADABLE_SOURCE,NO_ACTION,9,0,2,2,,,,NAME_DERIVED_NO_EXTERNAL_SOURCE
Cancer_PID_108,AZT; 3TC,NO_DOWNLOADABLE_SOURCE,NO_ACTION,9,1,1,1,,,,NAME_DERIVED_NO_EXTERNAL_SOURCE
Cancer_PID_9,"2,4-Dinitrotoluene; 2,6-Dinitrotoluene",NO_DOWNLOADABLE_SOURCE,NO_ACTION,9,2,2,2,,,,NAME_DERIVED_NO_EXTERNAL_SOURCE
EyeIrritation6pack_PID1005,Troysan 680,MATCH,NO_ACTION,9,4,3,4,64742-47-8,,,
EyeIrritation6pack_PID1007,Troysan V48,MATCH,NO_ACTION,9,3,3,3,4719-04-4 | 141-43-5,C1N(CN(CN1CCO)CCO)CCO | C(CO)N,104556 | 700,
EyeIrritation6pack_PID1008,Tru-Core Millwork Preservative Concentrate,EVIDENCE_WEAK,NO_ACTION,9,3,3,4,,,,SECTION_3_NOT_FOUND
EyeIrritation6pack_PID1032,VCP-01,EVIDENCE_WEAK,NO_ACTION,9,1,2,2,,,,SOURCE_HAS_CAS_BUT_WORKBOOK_CAS_BLANK
EyeIrritation6pack_PID1031,Vapona Concentrate Insecticide,MISMATCH,NO_ACTION,9,1,1,1,,COP(=O)(OC)OC=C(Cl)Cl,3039,SECTION_3_NOT_FOUND | WORKBOOK_INGREDIENT_NAMES_NOT_FOUND_IN_SOURCE
EyeIrritation6pack_PID103,Avicta Complete Corn 250,MATCH,NO_ACTION,9,9,9,9,56-81-5 | 57-55-6 | 131860-33-8 | 70630-17-0 | 69516-34-3 | 131341-86-1 | 148-79-8 | 71751-41-2 | 153719-23-4,,753 | 1030 | 3034285 | 11150163 | 156840 | 86398 | 5430 | 9920327 | 5821911,
EyeIrritation6pack_PID1029,V-10336 Herbicide,MATCH,NO_ACTION,9,4,3,4,70901-12-1 | 176022-82-5,C(C(=O)O)NCP(=O)(O)[O-].[K+],23716553,
EyeIrritation6pack_PID1028,V-10276  0.088 SL Insecticide/Fungicide,MATCH,NO_ACTION,9,5,5,5,82657-04-3 | 175013-18-0 | 57-55-6,CC1=C(C=CC=C1C2=CC=CC=C2)COC(=O)[C@@H]3[C@@H](C3(C)C)/C=C(/C(F)(F)F)\Cl | COC(=O)N(C1=CC=CC=C1COC2=NN(C=C2)C3=CC=C(C=C3)Cl)OC | CC(CO)O,6442842 | 6422843 | 1030,
EyeIrritation6pack_PID1027,V-10142 Herbicide,EVIDENCE_WEAK,NO_ACTION,9,4,2,5,122548-33-8 | 126-86-3 | 9003-11-6 | 1332-58-7,COC1=CC(=NC(=N1)NC(=O)NS(=O)(=O)C2=C(N=C3N2C=CC=C3)Cl)OC | CC(C)CC(C)(C#CC(C)(CC(C)C)O)O,92433 | 31362,WORKBOOK_CAS_FOUND_OUTSIDE_SECTION_3
EyeIrritation6pack_PID1026,V-10141 2.8 EC Insecticide,MATCH,NO_ACTION,9,3,3,3,52918-63-5,CC1([C@H]([C@H]1C(=O)O[C@H](C#N)C2=CC(=CC=C2)OC3=CC=CC=C3)C=C(Br)Br)C,40585,
EyeIrritation6pack_PID1025,V-10116 VPP Fungicide,MATCH,NO_ACTION,9,1,1,1,125116-23-6,CC1(CCC(C1(CN2C=NC=N2)O)CC3=CC=C(C=C3)Cl)C,86210,
EyeIrritation6pack_PID1023,US-LON-A,MATCH,NO_ACTION,9,1,3,3,67-56-1 | 87-90-1,CO | C1(=O)N(C(=O)N(C(=O)N1Cl)Cl)Cl,887 | 6909,
EyeIrritation6pack_PID1022,UPI Imidacloprid,MATCH,NO_ACTION,9,1,1,1,138261-41-3,C1CN(/C(=N/[N+](=O)[O-])/N1)CC2=CN=C(C=C2)Cl,86287518,
EyeIrritation6pack_PID1021,UPI Glyphosphate,MATCH,NO_ACTION,9,1,1,3,1071-83-6,C(C(=O)O)NCP(=O)(O)O,3496,
EyeIrritation6pack_PID1020,UP-End Herbicide,MATCH,NO_ACTION,9,2,2,5,94-75-7 | 9036-19-5 | 1918-02-1 | 111-76-2,C1=CC(=C(C=C1Cl)Cl)OCC(=O)O | C1(=C(C(=NC(=C1Cl)Cl)C(=O)O)Cl)N | CCCCOCCO,1486 | 15965 | 8133,
EyeIrritation6pack_PID102,Averthor Granular Ant Bait,MATCH,NO_ACTION,9,1,1,1,67485-29-4,CC1(CNC(=NC1)NN=C(C=CC2=CC=C(C=C2)C(F)(F)F)C=CC3=CC=C(C=C3)C(F)(F)F)C,49901,
EyeIrritation6pack_PID1019,Up-Cyde Pro 2.0 EC Termiticide/Insecticide,EVIDENCE_WEAK,NO_ACTION,9,1,1,3,52315-07-8 | 74742-95-6,CC1(C(C1C(=O)OC(C#N)C2=CC(=CC=C2)OC3=CC=CC=C3)C=C(Cl)Cl)C,2912,INVALID_WORKBOOK_CAS
EyeIrritation6pack_PID1018,Unicorn Fungicide,MATCH,NO_ACTION,9,2,2,2,7704-34-9 | 107534-96-3,S | CC(C)(C)C(CCC1=CC=C(C=C1)Cl)(CN2C=NC=N2)O,5362487 | 86102,
EyeIrritation6pack_PID1016,Ultrathion Insect Repellent,EVIDENCE_WEAK,NO_ACTION,9,1,1,1,,,,SECTION_3_NOT_FOUND
EyeIrritation6pack_PID1013,UBI 4389,EVIDENCE_WEAK,NO_ACTION,9,2,2,21,,,,SECTION_3_NOT_FOUND
EyeIrritation6pack_PID1012,Turfthor WP,MATCH,NO_ACTION,9,1,1,1,138261-41-3,C1CN(/C(=N/[N+](=O)[O-])/N1)CC2=CN=C(C=C2)Cl,86287518,
EyeIrritation6pack_PID1011,Tundra Max,MATCH,NO_ACTION,9,6,4,6,2921-88-2 | 82657-04-3 | 64742-94-5 | 91-20-3 | 71-36-3 | 68953-96-8,CCOP(=S)(OCC)OC1=NC(=C(C=C1Cl)Cl)Cl | CC1=C(C=CC=C1C2=CC=CC=C2)COC(=O)[C@@H]3[C@@H](C3(C)C)/C=C(/C(F)(F)F)\Cl | C1=CC=C2C=CC=CC2=C1 | CCCCO,2730 | 6442842 | 931 | 263,
EyeIrritation6pack_PID101,Autumn Super 51 WDG Herbicide,MATCH,NO_ACTION,9,4,2,4,317815-83-1 | 144550-36-7 | 68425-94-5 | 1258274-08-6,CC1=C(C(=CS1)C(=O)OC)S(=O)(=O)NC(=O)N2C(=O)N(C(=N2)OC)C | CC1=NC(=NC(=N1)OC)NC(=O)[N-]S(=O)(=O)C2=C(C=CC(=C2)I)C(=O)OC.[Na+],11205153 | 16760189,
EyeIrritation6pack_PID1009,TSS 75WG (CGA 362622 WG 75),MATCH,NO_ACTION,9,1,1,2,,,,
EyeIrritation6pack_PID1034,Veriguard OD,MATCH,NO_ACTION,9,2,3,3,7173-51-5 | 69011-36-5,,23558,
EyeIrritation6pack_PID698,NipsIt Canola Suite Seed Protectant,MATCH,NO_ACTION,9,4,4,4,210880-92-5 | 125116-23-6 | 57837-19-1 | 57-55-6,CN/C(=N\[N+](=O)[O-])/NCC1=CN=C(S1)Cl | CC1(CCC(C1(CN2C=NC=N2)O)CC3=CC=C(C=C3)Cl)C | CC1=C(C(=CC=C1)C)N(C(C)C(=O)OC)C(=O)COC | CC(CO)O,86287519 | 86210 | 42586 | 1030,
EyeIrritation6pack_PID152,Bifenture 10WSB/10DF Insecticide/Miticide,MATCH,NO_ACTION,9,1,3,3,82657-04-3 | 2634-33-5,CC1=C(C=CC=C1C2=CC=CC=C2)COC(=O)[C@@H]3[C@@H](C3(C)C)/C=C(/C(F)(F)F)\Cl | C1=CC=C2C(=C1)C(=O)NS2,6442842 | 17520,
EyeIrritation6pack_PID154,Biflex 5T,MATCH,NO_ACTION,9,3,3,3,82657-04-3 | 135410-20-7 | 108-32-7,CC1=C(C=CC=C1C2=CC=CC=C2)COC(=O)[C@@H]3[C@@H](C3(C)C)/C=C(/C(F)(F)F)\Cl | CC(=NC#N)N(C)CC1=CN=C(C=C1)Cl | CC1COC(=O)O1,6442842 | 213021 | 7924,
EyeIrritation6pack_PID303,DeerPro Winter Animal Repellant,MATCH,NO_ACTION,9,2,2,2,64-19-7,CC(=O)O,176,
EyeIrritation6pack_PID302,DeckMate Mosquito Repellent,NO_DOWNLOADABLE_SOURCE,NO_ACTION,9,1,1,1,,,,BLANK_INGREDIENT_SOURCE
EyeIrritation6pack_PID301,Decis 1.0 Gel,EVIDENCE_WEAK,NO_ACTION,9,2,2,2,872-05-9,CCCCCCCCC=C,13381,WORKBOOK_CAS_FOUND_OUTSIDE_SECTION_3
EyeIrritation6pack_PID300,Deadly Attraction Permethrin Bait,MATCH,NO_ACTION,9,2,1,2,64742-71-8 | 52645-53-1,CC1(C(C1C(=O)OCC2=CC(=CC=C2)OC3=CC=CC=C3)C=C(Cl)Cl)C,40326,
EyeIrritation6pack_PID3,0.08% Mesotrione on Fertilizer,EVIDENCE_WEAK,NO_ACTION,9,1,1,1,104206-82-8,CS(=O)(=O)C1=CC(=C(C=C1)C(=O)C2C(=O)CCCC2=O)[N+](=O)[O-],175967,SECTION_3_NOT_FOUND
EyeIrritation6pack_PID299,Deadline Bullets,EVIDENCE_WEAK,NO_ACTION,9,1,1,2,,,,SOURCE_HAS_CAS_BUT_WORKBOOK_CAS_BLANK
EyeIrritation6pack_PID298,DDVP 2-E Emulsifiable Concentrate,MATCH,NO_ACTION,9,2,1,2,62-73-7 | 64742-94-5,COP(=O)(OC)OC=C(Cl)Cl,3039,
EyeIrritation6pack_PID293,Cyprodinil,MATCH,NO_ACTION,9,1,1,1,121552-61-2,CC1=CC(=NC(=N1)NC2=CC=CC=C2)C3CC3,86367,
EyeIrritation6pack_PID289,Cypermethrin(96.7%),EVIDENCE_WEAK,NO_ACTION,9,1,1,1,86753-92-6,CC1(C(C1C(=O)OC(C#N)C2=CC(=CC=C2)OC3=CC=CC=C3)C=C(Cl)Cl)C,2912,WORKBOOK_CAS_FOUND_OUTSIDE_SECTION_3
EyeIrritation6pack_PID31,Abamectin(92.8%),MATCH,NO_ACTION,9,1,1,1,71751-41-2,,9920327,
EyeIrritation6pack_PID288,Cypermethrin(95%),EVIDENCE_WEAK,NO_ACTION,9,2,1,2,52315-07-8 | 421-00-4,CC1(C(C1C(=O)OC(C#N)C2=CC(=CC=C2)OC3=CC=CC=C3)C=C(Cl)Cl)C,2912,INVALID_WORKBOOK_CAS
EyeIrritation6pack_PID283,Cyflufenamid Fungicide,EVIDENCE_WEAK,NO_ACTION,9,1,2,2,2634-33-5 | 8-00-6,,17520,INVALID_WORKBOOK_CAS
EyeIrritation6pack_PID282,CYFLU,MATCH,NO_ACTION,9,1,1,1,68359-37-5,CC1(C(C1C(=O)OC(C#N)C2=CC(=C(C=C2)F)OC3=CC=CC=C3)C=C(Cl)Cl)C,104926,
EyeIrritation6pack_PID281,Cyazofamid Fungicide,MATCH,NO_ACTION,9,1,1,1,120116-88-3,CC1=CC=C(C=C1)C2=C(N=C(N2S(=O)(=O)N(C)C)C#N)Cl,9862076,
EyeIrritation6pack_PID277,CTN E-PRO 720 Fungicide,MATCH,NO_ACTION,9,3,3,3,1897-45-6 | 57-55-6 | 112926-00-8,C(#N)C1=C(C(=C(C(=C1Cl)Cl)Cl)C#N)Cl | CC(CO)O | O=[Si]=O,15910 | 1030 | 24261,
EyeIrritation6pack_PID276,CSI Lambda 25 CS,MATCH,NO_ACTION,9,2,2,2,91465-08-6 | 872-50-4,CC1([C@@H]([C@@H]1C(=O)O[C@@H](C#N)C2=CC(=CC=C2)OC3=CC=CC=C3)/C=C(/C(F)(F)F)\Cl)C | CN1CCCC1=O,6440557 | 13387,
EyeIrritation6pack_PID275,CSI Imidacloprid + Fipronil SC,MATCH,NO_ACTION,9,2,2,2,138261-41-3,C1CN(/C(=N/[N+](=O)[O-])/N1)CC2=CN=C(C=C2)Cl,86287518,
EyeIrritation6pack_PID274,Cryocide 20,MATCH,NO_ACTION,9,3,3,4,7758-19-2 | 7173-51-5,[O-]Cl=O.[Na+] | CCCCCCCCCC[N+](C)(C)CCCCCCCCCC.[Cl-],23668197 | 23558,
EyeIrritation6pack_PID273,CruiserMaxx Rice,MATCH,NO_ACTION,9,4,5,6,56-81-5 | 131860-33-8 | 70630-17-0 | 69516-34-3 | 131341-86-1 | 153719-23-4,C(C(CO)O)O | CO/C=C(\C1=CC=CC=C1OC2=NC=NC(=C2)OC3=CC=CC=C3C#N)/C(=O)OC | CC1=C(C(=CC=C1)C)N([C@H](C)C(=O)OC)C(=O)COC | CC1=C(C(=CC=C1)C)N([C@@H](C)C(=O)OC)C(=O)COC | C1=CC(=C2C(=C1)OC(O2)(F)F)C3=CNC=C3C#N | CN\1COCN(/C1=N/[N+](=O)[O-])CC2=CN=C(S2)Cl,753 | 3034285 | 11150163 | 156840 | 86398 | 5821911,
EyeIrritation6pack_PID272,CruiserMaxx Peanuts,MATCH,NO_ACTION,9,4,4,5,14807-96-6 | 9005-25-8 | 112926-00-8 | 1344-95-2 | 64742-56-9 | 131860-33-8 | 70630-17-0 | 69516-34-3 | 131341-86-1 | 153719-23-4,[OH-].[OH-].[O-][Si]12O[Si]3(O[Si](O1)(O[Si](O2)(O3)[O-])[O-])[O-].[Mg+2].[Mg+2].[Mg+2] | O=[Si]=O | O[Si](O)(O)[O-].O[Si](O)(O)[O-].[Ca+2] | CO/C=C(\C1=CC=CC=C1OC2=NC=NC(=C2)OC3=CC=CC=C3C#N)/C(=O)OC | CC1=C(C(=CC=C1)C)N([C@H](C)C(=O)OC)C(=O)COC | CC1=C(C(=CC=C1)C)N([C@@H](C)C(=O)OC)C(=O)COC | C1=CC(=C2C(=C1)OC(O2)(F)F)C3=CNC=C3C#N | CN\1COCN(/C1=N/[N+](=O)[O-])CC2=CN=C(S2)Cl,165411828 | 24261 | 73415800 | 3034285 | 11150163 | 156840 | 86398 | 5821911,
EyeIrritation6pack_PID286,Cyhalothrin,MATCH,NO_ACTION,9,2,2,2,91465-08-6,CC1([C@@H]([C@@H]1C(=O)O[C@@H](C#N)C2=CC(=CC=C2)OC3=CC=CC=C3)/C=C(/C(F)(F)F)\Cl)C,6440557,
EyeIrritation6pack_PID312,DEVRINOL 2-XT Selective Herbicide,MATCH,NO_ACTION,9,2,2,2,15299-99-7 | 13463-67-7,CCN(CC)C(=O)C(C)OC1=CC=CC2=CC=CC=C21 | O=[Ti]=O,27189 | 26042,
EyeIrritation6pack_PID314,Dichloroprop-P,MATCH,NO_ACTION,9,1,2,2,15165-67-0,C[C@H](C(=O)O)OC1=C(C=C(C=C1)Cl)Cl,119435,
EyeIrritation6pack_PID316,Diflubenzuron VC-90,MATCH,NO_ACTION,9,1,1,1,35367-38-5,C1=CC(=C(C(=C1)F)C(=O)NC(=O)NC2=CC=C(C=C2)Cl)F,37123,
EyeIrritation6pack_PID354,DuPont DPX-LEM17 50WDG Fungicide,MATCH,NO_ACTION,9,2,2,2,146659-78-1,,76570326,
EyeIrritation6pack_PID352,DuPont DPX-KJM44 Herbicide,MATCH,NO_ACTION,9,1,4,7,90982-32-4 | 13463-67-7 | 14808-60-7,CCOC(=O)C1=CC=CC=C1S(=O)(=O)NC(=O)NC2=NC(=CC(=N2)Cl)OC | O=[Ti]=O | O=[Si]=O,56160 | 26042 | 24261,
EyeIrritation6pack_PID351,DuPont DPX-KJM44 80 MUP Herbicide,MATCH,NO_ACTION,9,1,3,5,21087-64-9 | 90982-32-4,CC(C)(C)C1=NN=C(N(C1=O)N)SC | CCOC(=O)C1=CC=CC=C1S(=O)(=O)NC(=O)NC2=NC(=CC(=N2)Cl)OC,30479 | 56160,
EyeIrritation6pack_PID350,DuPont Curzate 60DF,MATCH,NO_ACTION,9,2,2,2,57966-95-7 | 68425-94-5 | 110-17-8,,5364079 | 444972,
EyeIrritation6pack_PID349,DuPont Approach Prima Fungicide,MATCH,NO_ACTION,9,2,2,4,117428-22-5 | 94361-06-5,CO/C=C(\C1=CC=CC=C1COC2=CC=CC(=N2)C(F)(F)F)/C(=O)OC | CC(C1CC1)C(CN2C=NC=N2)(C3=CC=C(C=C3)Cl)O,11285653 | 86132,
EyeIrritation6pack_PID348,DuPont Accent SC,MATCH,NO_ACTION,9,1,9,16,78-93-3 | 141-78-6 | 68877-65-6 | 4435-53-4 | 4151-51-3 | 1333-86-4 | 108-65-6 | 950747-06-5 | 123-86-4 | 4098-71-9 | 1330-20-7 | 108-90-7 | 101-68-8 | 100-41-4,CCC(=O)C | CCOC(=O)C | C1=CC(=CC=C1CC2=CC=C(C=C2)N=C=O)N=C=O | CC(CCOC(=O)C)OC | C1=CC(=CC=C1N=C=O)OP(=S)(OC2=CC=C(C=C2)N=C=O)OC3=CC=C(C=C3)N=C=O | C | CC(COC)OC(=O)C | CCCCOC(=O)C | CC1(CC(CC(C1)(C)CN=C=O)N=C=O)C | C1=CC=C(C=C1)Cl | C1=CC(=CC=C1CC2=CC=C(C=C2)N=C=O)N=C=O | CCC1=CC=CC=C1,6569 | 8857 | 7570 | 20498 | 77798 | 5462310 | 7946 | 31272 | 169132 | 7964 | 7570 | 7500,
EyeIrritation6pack_PID347,DuPont Accent Q Herbicide,MATCH,NO_ACTION,9,1,1,3,111991-09-4,CN(C)C(=O)C1=C(N=CC=C1)S(=O)(=O)NC(=O)NC2=NC(=CC(=N2)OC)OC,73281,
EyeIrritation6pack_PID345,Dropp SC Cotton Defoliant,MATCH,NO_ACTION,9,5,4,6,51707-55-2 | 330-54-1 | 57-55-6 | 68131-39-5 | 2634-33-5,C1=CC=C(C=C1)NC(=O)NC2=CN=NS2 | CN(C)C(=O)NC1=CC(=C(C=C1)Cl)Cl | CC(CO)O | C1=CC=C2C(=C1)C(=O)NS2,40087 | 3120 | 1030 | 17520,
EyeIrritation6pack_PID344,Drexel Sulfur 90W,MATCH,NO_ACTION,9,1,1,2,7704-34-9,S,5362487,
EyeIrritation6pack_PID333,DPX-E9636,MATCH,NO_ACTION,9,1,1,2,122931-48-0,CCS(=O)(=O)C1=C(N=CC=C1)S(=O)(=O)NC(=O)NC2=NC(=CC(=N2)OC)OC,91779,
EyeIrritation6pack_PID330,Double Threat Insecticide,MATCH,NO_ACTION,9,4,4,4,29232-93-7 | 91465-08-6 | 117-81-7,CCN(CC)C1=NC(=CC(=N1)OP(=S)(OC)OC)C | CC1([C@@H]([C@@H]1C(=O)O[C@@H](C#N)C2=CC(=CC=C2)OC3=CC=CC=C3)/C=C(/C(F)(F)F)\Cl)C | CCCCC(CC)COC(=O)C1=CC=CC=C1C(=O)OCC(CC)CCCC,34526 | 6440557 | 8343,
EyeIrritation6pack_PID329,Domark 230 ME Fungicide,MATCH,NO_ACTION,9,1,1,1,112281-77-3,C1=CC(=C(C=C1Cl)Cl)C(CN2C=NC=N2)COC(C(F)F)(F)F,80277,
EyeIrritation6pack_PID328,Diuron Herbicide,MATCH,NO_ACTION,9,1,1,3,330-54-1,CN(C)C(=O)NC1=CC(=C(C=C1)Cl)Cl,3120,
EyeIrritation6pack_PID327,Diuron 4L Liquid Flowable Herbicide,MATCH,NO_ACTION,9,1,1,3,330-54-1,CN(C)C(=O)NC1=CC(=C(C=C1)Cl)Cl,3120,
EyeIrritation6pack_PID326,Disarm G Fungicide,MATCH,NO_ACTION,9,1,1,1,361377-29-9,CO/N=C(\C1=CC=CC=C1OC2=C(C(=NC=N2)OC3=CC=CC=C3Cl)F)/C4=NOCCO4,11048796,
EyeIrritation6pack_PID325,Dinotefuron(99%),MATCH,NO_ACTION,9,1,1,1,165252-70-0,CN=C(NCC1CCOC1)N[N+](=O)[O-],197701,
EyeIrritation6pack_PID324,Dinotefuron Ant Bait,MATCH,NO_ACTION,9,2,2,2,165252-70-0 | 65733-16-6,CN=C(NCC1CCOC1)N[N+](=O)[O-] | C[C@@H](CCCC(C)(C)OC)C/C=C/C(=C/C(=O)OC(C)C)/C,197701 | 1711973,
EyeIrritation6pack_PID323,Dinotefuron 10SL,MATCH,NO_ACTION,9,1,1,1,165252-70-0,CN=C(NCC1CCOC1)N[N+](=O)[O-],197701,
EyeIrritation6pack_PID321,Dinotefuran Injectable,MATCH,NO_ACTION,9,1,1,1,165252-70-0,CN=C(NCC1CCOC1)N[N+](=O)[O-],197701,
EyeIrritation6pack_PID32,Abamectin(98%),MATCH,NO_ACTION,9,2,2,2,71751-41-2 | 143-00-0,CC[C@H](C)[C@@H]1[C@H](C=C[C@@]2(O1)C[C@@H]3C[C@H](O2)C/C=C(/[C@H]([C@H](/C=C/C=C/4\CO[C@H]5[C@@]4([C@@H](C=C([C@H]5O)C)C(=O)O3)O)C)O[C@H]6C[C@@H]([C@H]([C@@H](O6)C)O[C@H]7C[C@@H]([C@H]([C@@H](O7)C)O)OC)OC)\C)C.C[C@H]1/C=C/C=C/2\CO[C@H]3[C@@]2([C@@H](C=C([C@H]3O)C)C(=O)O[C@H]4C[C@@H](C/C=C(/[C@H]1O[C@H]5C[C@@H]([C@H]([C@@H](O5)C)O[C@H]6C[C@@H]([C@H]([C@@H](O6)C)O)OC)OC)\C)O[C@]7(C4)C=C[C@@H]([C@H](O7)C(C)C)C)O | CCCCCCCCCCCCOS(=O)(=O)O.C(CO)NCCO,9920327 | 8910,
EyeIrritation6pack_PID319,Dimethoate 400,MATCH,NO_ACTION,9,2,2,2,60-51-5 | 108-94-1,CNC(=O)CSP(=S)(OC)OC | C1CCC(=O)CC1,3082 | 7967,
EyeIrritation6pack_PID271,CruiserMaxx Cereals,MATCH,NO_ACTION,9,4,4,6,56-81-5 | 119446-68-3 | 70630-17-0 | 69516-34-3 | 153719-23-4 | 874967-67-6,C(C(CO)O)O | CC1COC(O1)(CN2C=NC=N2)C3=C(C=C(C=C3)OC4=CC=C(C=C4)Cl)Cl | CC1=C(C(=CC=C1)C)N([C@H](C)C(=O)OC)C(=O)COC | CC1=C(C(=CC=C1)C)N([C@@H](C)C(=O)OC)C(=O)COC | CN\1COCN(/C1=N/[N+](=O)[O-])CC2=CN=C(S2)Cl | CN1C=C(C(=N1)C(F)F)C(=O)NC2=CC=CC=C2C3CC3C4CC4,753 | 86173 | 11150163 | 156840 | 5821911 | 11688533,
EyeIrritation6pack_PID153,Bifenture 17,MATCH,NO_ACTION,9,1,3,3,82657-04-3 | 2634-33-5,CC1=C(C=CC=C1C2=CC=CC=C2)COC(=O)[C@@H]3[C@@H](C3(C)C)/C=C(/C(F)(F)F)\Cl | C1=CC=C2C(=C1)C(=O)NS2,6442842 | 17520,
EyeIrritation6pack_PID270,Cruiser XL,MATCH,NO_ACTION,9,3,3,5,1071-83-6,C(C(=O)O)NCP(=O)(O)O,3496,
EyeIrritation6pack_PID263,Coronet Fungicide Seed Treatment,MATCH,NO_ACTION,9,4,4,4,188425-85-6 | 175013-18-0 | 56-81-5 | 2634-33-5,C1=CC=C(C(=C1)C2=CC=C(C=C2)Cl)NC(=O)C3=C(N=CC=C3)Cl | COC(=O)N(C1=CC=CC=C1COC2=NN(C=C2)C3=CC=C(C=C3)Cl)OC | C(C(CO)O)O | C1=CC=C2C(=C1)C(=O)NS2,213013 | 6422843 | 753 | 17520,
EyeIrritation6pack_PID205,Cavicide 1,MATCH,NO_ACTION,9,4,4,4,67-63-0 | 64-17-5 | 111-76-2 | 7173-51-5,CC(C)O | CCO | CCCCOCCO | CCCCCCCCCC[N+](C)(C)CCCCCCCCCC.[Cl-],3776 | 702 | 8133 | 23558,
EyeIrritation6pack_PID197,Capture 1.15G,MATCH,NO_ACTION,9,1,3,4,9003-07-0 | 1333-86-4 | 471-34-1,C | C(=O)([O-])[O-].[Ca+2],5462310 | 10112,
EyeIrritation6pack_PID194,Captan 4L,MATCH,NO_ACTION,9,1,1,1,133-06-2,C1C=CCC2C1C(=O)N(C2=O)SC(Cl)(Cl)Cl,8606,
EyeIrritation6pack_PID186,Callisto Xtra,MATCH,NO_ACTION,9,2,3,5,57-55-6 | 1912-24-9 | 104206-82-8,CC(CO)O | CCNC1=NC(=NC(=N1)Cl)NC(C)C | CS(=O)(=O)C1=CC(=C(C=C1)C(=O)C2C(=O)CCCC2=O)[N+](=O)[O-],1030 | 2256 | 175967,
EyeIrritation6pack_PID182,Cabrio EG Funcgicide,MATCH,NO_ACTION,9,5,5,10,175013-18-0 | 7783-20-2 | 7631-86-9 | 1332-58-7 | 577-11-7,COC(=O)N(C1=CC=CC=C1COC2=NN(C=C2)C3=CC=C(C=C3)Cl)OC | [NH4+].[NH4+].[O-]S(=O)(=O)[O-] | O=[Si]=O | CCCCC(CC)COC(=O)CC(C(=O)OCC(CC)CCCC)S(=O)(=O)[O-].[Na+],6422843 | 6097028 | 24261 | 23673837,
EyeIrritation6pack_PID180,Bug Stomper II,MISMATCH,NO_ACTION,9,2,2,2,9-27-2,,,INVALID_WORKBOOK_CAS | SECTION_3_NOT_FOUND | WORKBOOK_INGREDIENT_NAMES_NOT_FOUND_IN_SOURCE
EyeIrritation6pack_PID18,464-TEN/CANGUARD BIT 20 PRESERVATIVE,MISMATCH,NO_ACTION,9,2,2,2,2634-33-5 | 3-12-2,,17520,INVALID_WORKBOOK_CAS | SECTION_3_NOT_FOUND | WORKBOOK_CAS_NOT_FOUND_IN_SOURCE
EyeIrritation6pack_PID179,Bromuconazole(98.4%),SOURCE_UNAVAILABLE,NO_ACTION,9,5,4,6,116255-48-2,C1C(COC1(CN2C=NC=N2)C3=C(C=C(C=C3)Cl)Cl)Br,3444,SOURCE_DOWNLOAD_FAILED: 404 Client Error: Not Found for url: https://www.lgcstandards.com/medias/sys_master/root/h8f/h98/11005866737694/SDS_TRC-B695380-10MG_ST-WB-MSDS-4865689-1-1-1/SDS-TRC-B695380-10MG-ST-WB-MSDS-4865689-1-1-1.PDF
EyeIrritation6pack_PID178,Bromuconazole(97.8%),MATCH,NO_ACTION,9,1,1,1,116255-48-2,C1C(COC1(CN2C=NC=N2)C3=C(C=C(C=C3)Cl)Cl)Br,3444,
EyeIrritation6pack_PID213,Celsius WG,EVIDENCE_WEAK,NO_ACTION,9,3,3,3,317815-83-1 | 144550-36-7 | 1918-00-9,,11205153 | 16760189 | 3030,SECTION_3_NOT_FOUND
EyeIrritation6pack_PID177,Bromuconazole(95.7%),MATCH,NO_ACTION,9,1,1,1,116255-48-2,C1C(COC1(CN2C=NC=N2)C3=C(C=C(C=C3)Cl)Cl)Br,3444,
EyeIrritation6pack_PID175,Britz Dryout Dust,MATCH,NO_ACTION,9,1,1,1,,,,
EyeIrritation6pack_PID173,Bravo Top,MATCH,NO_ACTION,9,2,6,6,2855-13-2 | 39423-51-3 | 140-31-8 | 100-51-6,,17857 | 154824843 | 8795 | 244,
EyeIrritation6pack_PID170,Boscalid,MISMATCH,NO_ACTION,9,1,1,1,188425-85-6,C1=CC=C(C(=C1)C2=CC=C(C=C2)Cl)NC(=O)C3=C(N=CC=C3)Cl,213013,SOURCE_DOWNLOAD_FAILED: 403 Client Error: Forbidden for url: https://www.tcichemicals.com/BE/en/sds/B4038_EU_6N.pdf | SUPPLEMENTAL_ATTENTION_REQUIRED: SOURCE_SCOPE_NOT_EXACT | SUSPICIOUS_WORKBOOK_INGREDIENT_TEXT | SUPPLEMENTAL_ATTENTION_REQUIRED: NO_HIGHLIGHTED_SOURCE | SOURCE_SCOPE_NOT_EXACT | SUSPICIOUS_WORKBOOK_INGREDIENT_TEXT | SUPPLEMENTAL_ATTENTION_REQUIRED: SOURCE_SCOPE_NOT_EXACT | OCCURRENCE_UNRESOLVED | MANUAL_REVIEW_REQUIRED | SUPPLEMENTAL_ATTENTION_REQUIRED: SOURCE_SCOPE_NOT_EXACT | OCCURRENCE_MISMATCH | MANUAL_REVIEW_REQUIRED
EyeIrritation6pack_PID17,3336 70EG,MATCH,NO_ACTION,9,2,2,2,81334-34-1 | 330-54-1,CC(C)C1(C(=O)NC(=N1)C2=C(C=CC=N2)C(=O)O)C | CN(C)C(=O)NC1=CC(=C(C=C1)Cl)Cl,54738 | 3120,
EyeIrritation6pack_PID168,Bonide Spinosad Dust,MISMATCH,NO_ACTION,9,1,1,1,131929-60-7,CC[C@H]1CCC[C@@H]([C@H](C(=O)C2=C[C@H]3[C@@H]4C[C@@H](C[C@H]4C=C[C@H]3[C@@H]2CC(=O)O1)O[C@H]5[C@@H]([C@@H]([C@H]([C@@H](O5)C)OC)OC)OC)C)O[C@H]6CC[C@@H]([C@H](O6)C)N(C)C,443059,SECTION_3_HAS_EXTRA_SOURCE_CAS
EyeIrritation6pack_PID167,Bonide Cyper WSP Insecticide,MATCH,NO_ACTION,9,2,2,2,52315-07-8 | 112926-00-8,CC1(C(C1C(=O)OC(C#N)C2=CC(=CC=C2)OC3=CC=CC=C3)C=C(Cl)Cl)C | O=[Si]=O,2912 | 24261,
EyeIrritation6pack_PID160,Bispyribac-sodium,MISMATCH,NO_ACTION,9,1,1,1,125401-92-5,COC1=CC(=NC(=N1)OC2=C(C(=CC=C2)OC3=NC(=CC(=N3)OC)OC)C(=O)[O-])OC.[Na+],23682789,SOURCE_DOWNLOAD_FAILED: 403 Client Error: Forbidden for url: https://www.tcichemicals.com/BE/en/sds/B6564_EU_6N.pdf | SUPPLEMENTAL_ATTENTION_REQUIRED: SOURCE_SCOPE_NOT_EXACT | SUSPICIOUS_WORKBOOK_INGREDIENT_TEXT | SUPPLEMENTAL_ATTENTION_REQUIRED: NO_HIGHLIGHTED_SOURCE | SOURCE_SCOPE_NOT_EXACT | SUSPICIOUS_WORKBOOK_INGREDIENT_TEXT | SUPPLEMENTAL_ATTENTION_REQUIRED: SOURCE_SCOPE_NOT_EXACT | OCCURRENCE_UNRESOLVED | MANUAL_REVIEW_REQUIRED | SUPPLEMENTAL_ATTENTION_REQUIRED: SOURCE_SCOPE_NOT_EXACT | OCCURRENCE_MISMATCH | MANUAL_REVIEW_REQUIRED
EyeIrritation6pack_PID157,Bioguard Spaguard Brominating Concentrate,MATCH,NO_ACTION,9,2,2,2,2893-78-9 | 7647-15-6,C1(=NC(=O)N(C(=O)N1Cl)Cl)[O-].[Na+] | [Na+].[Br-],517202 | 253881,
EyeIrritation6pack_PID155,Biflex SFR,MATCH,NO_ACTION,9,3,3,3,82657-04-3 | 135410-20-7 | 108-32-7,CC1=C(C=CC=C1C2=CC=CC=C2)COC(=O)[C@@H]3[C@@H](C3(C)C)/C=C(/C(F)(F)F)\Cl | CC(=NC#N)N(C)CC1=CN=C(C=C1)Cl | CC1COC(=O)O1,6442842 | 213021 | 7924,
EyeIrritation6pack_PID176,Bromuconazole(20%),MATCH,NO_ACTION,9,1,1,1,116255-48-2,C1C(COC1(CN2C=NC=N2)C3=C(C=C(C=C3)Cl)Cl)Br,3444,
EyeIrritation6pack_PID214,Certifect for Dogs,MATCH,NO_ACTION,9,3,5,5,57-55-6 | 1320-06-5,CC(CO)O | CC1=CC(=C(C=C1)C)N=NC2=C(C=C(C(=C2)C)N=NC3=C(C=CC4=CC=CC=C43)O)C,1030 | 2724054,
EyeIrritation6pack_PID217,Charger,MATCH,NO_ACTION,9,3,2,3,21087-64-9 | 1332-58-7,CC(C)(C)C1=NN=C(N(C1=O)N)SC,30479,
EyeIrritation6pack_PID218,Charter F3 Fungicide Seed Treatment,MATCH,NO_ACTION,9,4,4,4,57837-19-1 | 175013-18-0 | 131983-72-7 | 56-81-5,CC1=C(C(=CC=C1)C)N(C(C)C(=O)OC)C(=O)COC | COC(=O)N(C1=CC=CC=C1COC2=NN(C=C2)C3=CC=C(C=C3)Cl)OC | CC1(CC/C(=C\C2=CC=C(C=C2)Cl)/C1(CN3C=NC=N3)O)C | C(C(CO)O)O,42586 | 6422843 | 6537961 | 753,
EyeIrritation6pack_PID256,Co-Ral Emulsifiable Livestock Insecticide,MISMATCH,NO_ACTION,9,1,1,1,,CCOP(=S)(OCC)OC1=CC2=C(C=C1)C(=C(C(=O)O2)Cl)C,2871,SECTION_3_NOT_FOUND | WORKBOOK_INGREDIENT_NAMES_NOT_FOUND_IN_SOURCE
EyeIrritation6pack_PID255,Co-Ral 4% Pour-On,MATCH,NO_ACTION,9,1,1,3,56-72-4,CCOP(=S)(OCC)OC1=CC2=C(C=C1)C(=C(C(=O)O2)Cl)C,2871,
EyeIrritation6pack_PID254,Co-Ral 3% Spray Foam,MATCH,NO_ACTION,9,3,2,3,56-72-4 | 68477-31-6 | 91-20-3,CCOP(=S)(OCC)OC1=CC2=C(C=C1)C(=C(C(=O)O2)Cl)C | C1=CC=C2C=CC=CC2=C1,2871 | 931,
EyeIrritation6pack_PID253,Co-Ral 25% Wettable Powder,EVIDENCE_WEAK,NO_ACTION,9,1,2,3,,[O-]P(=S)([O-])[O-],167253,SECTION_3_NOT_FOUND
EyeIrritation6pack_PID252,Co-Ral 1% Dust,MATCH,NO_ACTION,9,2,2,2,14808-60-7,,24261,
EyeIrritation6pack_PID251,Clutch 50 WDG,MATCH,NO_ACTION,9,2,1,2,210880-92-5 | 1332-58-7,CN/C(=N\[N+](=O)[O-])/NCC1=CN=C(S1)Cl,86287519,
EyeIrritation6pack_PID243,Cloak Ex Herbicide,MATCH,NO_ACTION,9,7,6,7,21087-64-9 | 90982-32-4 | 1332-58-7 | 14808-60-7 | 13463-67-7 | 112945-52-5,CC(C)(C)C1=NN=C(N(C1=O)N)SC | CCOC(=O)C1=CC=CC=C1S(=O)(=O)NC(=O)NC2=NC(=CC(=N2)Cl)OC | O=[Si]=O | O=[Ti]=O | O=[Si]=O,30479 | 56160 | 24261 | 26042 | 24261,
EyeIrritation6pack_PID242,Cloak Ex Bulk Product,MATCH,NO_ACTION,9,7,6,7,21087-64-9 | 90982-32-4 | 1332-58-7 | 14808-60-7 | 13463-67-7 | 112945-52-5,CC(C)(C)C1=NN=C(N(C1=O)N)SC | CCOC(=O)C1=CC=CC=C1S(=O)(=O)NC(=O)NC2=NC(=CC(=N2)Cl)OC | O=[Si]=O | O=[Ti]=O | O=[Si]=O,30479 | 56160 | 24261 | 26042 | 24261,
EyeIrritation6pack_PID240,Clearcast 2.7G Herbicide,MATCH,NO_ACTION,9,1,1,2,114311-32-9,CC(C)C1(C(=O)NC(=N1)C2=C(C=C(C=N2)COC)C(=O)O)C,86137,
EyeIrritation6pack_PID24,Abacus LoV Agricultural Miticide/Insecticide,MATCH,NO_ACTION,9,3,2,3,14433-76-2 | 64742-94-5 | 71751-41-2,CCCCCCCCCC(=O)N(C)C | CC[C@H](C)[C@@H]1[C@H](C=C[C@@]2(O1)C[C@@H]3C[C@H](O2)C/C=C(/[C@H]([C@H](/C=C/C=C/4\CO[C@H]5[C@@]4([C@@H](C=C([C@H]5O)C)C(=O)O3)O)C)O[C@H]6C[C@@H]([C@H]([C@@H](O6)C)O[C@H]7C[C@@H]([C@H]([C@@H](O7)C)O)OC)OC)\C)C.C[C@H]1/C=C/C=C/2\CO[C@H]3[C@@]2([C@@H](C=C([C@H]3O)C)C(=O)O[C@H]4C[C@@H](C/C=C(/[C@H]1O[C@H]5C[C@@H]([C@H]([C@@H](O5)C)O[C@H]6C[C@@H]([C@H]([C@@H](O6)C)O)OC)OC)\C)O[C@]7(C4)C=C[C@@H]([C@H](O7)C(C)C)C)O,26690 | 9920327,
EyeIrritation6pack_PID233,Chlorpyrifos VC,EVIDENCE_WEAK,NO_ACTION,9,1,1,2,,,,SOURCE_HAS_CAS_BUT_WORKBOOK_CAS_BLANK
EyeIrritation6pack_PID231,Chlorothalonil FB,MATCH,NO_ACTION,9,1,1,1,1897-45-6,C(#N)C1=C(C(=C(C(=C1Cl)Cl)Cl)C#N)Cl,15910,
EyeIrritation6pack_PID23,A12010C Fungicide,MATCH,NO_ACTION,9,3,3,3,20427-59-2,[OH-].[OH-].[Cu+2],164826,
EyeIrritation6pack_PID229,Chlorine Bleach Sanitizer,MATCH,NO_ACTION,9,1,2,2,7681-52-9,[O-]Cl.[Na+],23665760,
EyeIrritation6pack_PID228,Chipco Brand Triton 70 WDG Fungicide,MATCH,NO_ACTION,9,4,4,4,39148-24-8 | 1322-93-6 | 14808-60-7,CCOP(=O)=O.CCOP(=O)=O.CCOP(=O)=O.[Al+3] | CC(C)C1=CC2=CC=CC=C2C(=C1C(C)C)S(=O)(=O)O | O=[Si]=O,6328269 | 162217 | 24261,
EyeIrritation6pack_PID226,Chemsico Pesticide Granules WI-S,MATCH,NO_ACTION,9,5,5,5,82-66-6,,6719,
EyeIrritation6pack_PID225,Chemsico Pesticide Granules WI-N,MATCH,NO_ACTION,9,8,8,8,16389-88-1 | 57-13-6 | 7447-40-7 | 7704-34-9,C(=O)([O-])[O-].C(=O)([O-])[O-].[Mg+2].[Ca+2] | C(=O)(N)N | [Cl-].[K+] | S,61833 | 1176 | 4873 | 5362487,
EyeIrritation6pack_PID224,Chemsico Pesticide Concentrate WI-S,MATCH,NO_ACTION,9,10,9,10,106-97-8 | 74-98-6 | 64742-47-8 | 113-48-4 | 51-03-6 | 23031-36-9,CCCC | CCC | CCCCC(CC)CN1C(=O)[C@H]2[C@@H]3C[C@H]([C@H]2C1=O)C=C3 | CCCCOCCOCCOCC1=CC2=C(C=C1CCC)OCO2 | CC1=C(C(=O)CC1OC(=O)C2C(C2(C)C)C=C(C)C)CC#C,7843 | 6334 | 101008927 | 5794 | 9839306,
EyeIrritation6pack_PID223,Chemsico Pesticide Concentrate WI-N,MATCH,NO_ACTION,9,4,4,4,,,,
EyeIrritation6pack_PID221,Cheminova Nicosulfuron,MATCH,NO_ACTION,9,1,1,3,111991-09-4 | 26264-06-2 | 58128-22-6 | 104-76-7,CN(C)C(=O)C1=C(N=CC=C1)S(=O)(=O)NC(=O)NC2=NC(=CC(=N2)OC)OC | CCCCCCCCCCCC.CCCCCCCCCCCC.C1=CC=C(C=C1)S(=O)(=O)[O-].C1=CC=C(C=C1)S(=O)(=O)[O-].[Ca+2] | CCCCC(CC)CO,73281 | 156614057 | 7720,
EyeIrritation6pack_PID219,Chateau Herbicide,MATCH,NO_ACTION,9,1,1,4,103361-09-7,C#CCN1C(=O)COC2=CC(=C(C=C21)N3C(=O)C4=C(C3=O)CCCC4)F,92425,
EyeIrritation6pack_PID269,CPPU Plant Growth Regulator,MATCH,NO_ACTION,9,1,1,1,68157-60-8,C1=CC=C(C=C1)NC(=O)NC2=CC(=NC=C2)Cl,93379,
MIX265,Home Defense Max Perimeter Insect Killer Aerosol,SOURCE_UNAVAILABLE,NO_ACTION,9,2,2,2,2015-04-1,,,SOURCE_TEXT_EXTRACTION_FAILED: 
EyeIrritation6pack_PID699,NNI-0001,EVIDENCE_WEAK,NO_ACTION,9,1,1,3,7429-90-5 | 1-00-6 | 9529243-45-0,[Al],5359268,INVALID_WORKBOOK_CAS
EyeIrritation6pack_PID700,Norm 1,MATCH,NO_ACTION,9,1,3,3,67-56-1 | 87-90-1,CO | C1(=O)N(C(=O)N(C(=O)N1Cl)Cl)Cl,887 | 6909,
MIX146,Desmedipham,MATCH,NO_ACTION,9,6,6,6,13684-56-5 | 26225-79-6 | 2164-08-1 | 13684-63-4 | 9046-09-7 | 39464-70-5 | 73038-25-2,,24743 | 33360 | 16559 | 24744 | 62906 | 175401,
MIX144,DeerPro Winter Animal Repellant,MATCH,NO_ACTION,9,2,2,2,64-19-7,CC(=O)O,176,
MIX143,CruiserMaxx Peanuts,MATCH,NO_ACTION,9,4,4,5,14807-96-6 | 9005-25-8 | 112926-00-8 | 1344-95-2 | 64742-56-9 | 131860-33-8 | 70630-17-0 | 69516-34-3 | 131341-86-1 | 153719-23-4,[OH-].[OH-].[O-][Si]12O[Si]3(O[Si](O1)(O[Si](O2)(O3)[O-])[O-])[O-].[Mg+2].[Mg+2].[Mg+2] | O=[Si]=O | O[Si](O)(O)[O-].O[Si](O)(O)[O-].[Ca+2] | CO/C=C(\C1=CC=CC=C1OC2=NC=NC(=C2)OC3=CC=CC=C3C#N)/C(=O)OC | CC1=C(C(=CC=C1)C)N([C@H](C)C(=O)OC)C(=O)COC | CC1=C(C(=CC=C1)C)N([C@@H](C)C(=O)OC)C(=O)COC | C1=CC(=C2C(=C1)OC(O2)(F)F)C3=CNC=C3C#N | CN\1COCN(/C1=N/[N+](=O)[O-])CC2=CN=C(S2)Cl,165411828 | 24261 | 73415800 | 3034285 | 11150163 | 156840 | 86398 | 5821911,
MIX142,Decis 1.0 Gel,EVIDENCE_WEAK,NO_ACTION,9,2,2,2,872-05-9,CCCCCCCCC=C,13381,WORKBOOK_CAS_FOUND_OUTSIDE_SECTION_3
MIX141,Deadly Attraction Permethrin Bait,MATCH,NO_ACTION,9,2,1,2,64742-71-8 | 52645-53-1,CC1(C(C1C(=O)OCC2=CC(=CC=C2)OC3=CC=CC=C3)C=C(Cl)Cl)C,40326,
MIX140,Deadline Bullets,EVIDENCE_WEAK,NO_ACTION,9,1,1,2,,,,SOURCE_HAS_CAS_BUT_WORKBOOK_CAS_BLANK
MIX14,Adage Premier,MATCH,NO_ACTION,9,5,5,5,,,,
MIX139,DDVP 2-E Emulsifiable Concentrate,MATCH,NO_ACTION,9,2,1,2,62-73-7 | 64742-94-5,COP(=O)(OC)OC=C(Cl)Cl,3039,
MIX138,Cruiser XL,MATCH,NO_ACTION,9,3,3,5,1071-83-6,C(C(=O)O)NCP(=O)(O)O,3496,
MIX147,Devrinol 2-EC Ornamental Herbicide,EVIDENCE_WEAK,NO_ACTION,9,1,1,1,15299-99-7,,27189,WORKBOOK_CAS_FOUND_OUTSIDE_SECTION_3
MIX137,Cyproconazole,MATCH,NO_ACTION,9,1,1,1,94361-06-5,CC(C1CC1)C(CN2C=NC=N2)(C3=CC=C(C=C3)Cl)O,86132,
MIX133,Cyflufenamid Fungicide,EVIDENCE_WEAK,NO_ACTION,9,2,2,2,2634-33-5 | 8-00-6,,17520,INVALID_WORKBOOK_CAS
MIX132,CYFLU,MATCH,NO_ACTION,9,1,1,1,68359-37-5,CC1(C(C1C(=O)OC(C#N)C2=CC(=C(C=C2)F)OC3=CC=CC=C3)C=C(Cl)Cl)C,104926,
MIX131,CruiserMaxx Cereals,MATCH,NO_ACTION,9,4,4,6,56-81-5 | 119446-68-3 | 70630-17-0 | 69516-34-3 | 153719-23-4 | 874967-67-6,C(C(CO)O)O | CC1COC(O1)(CN2C=NC=N2)C3=C(C=C(C=C3)OC4=CC=C(C=C4)Cl)Cl | CC1=C(C(=CC=C1)C)N([C@H](C)C(=O)OC)C(=O)COC | CC1=C(C(=CC=C1)C)N([C@@H](C)C(=O)OC)C(=O)COC | CN\1COCN(/C1=N/[N+](=O)[O-])CC2=CN=C(S2)Cl | CN1C=C(C(=N1)C(F)F)C(=O)NC2=CC=CC=C2C3CC3C4CC4,753 | 86173 | 11150163 | 156840 | 5821911 | 11688533,
MIX130,Cyazofamid Fungicide,MATCH,NO_ACTION,9,1,1,1,120116-88-3,CC1=CC=C(C=C1)C2=C(N=C(N2S(=O)(=O)N(C)C)C#N)Cl,9862076,
MIX13,Abamectin B1a,MISMATCH,NO_ACTION,9,4,4,4,71751-41-2 | 98-86-2 | 67-56-1,CC[C@H](C)[C@@H]1[C@H](C=C[C@@]2(O1)C[C@@H]3C[C@H](O2)C/C=C(/[C@H]([C@H](/C=C/C=C/4\CO[C@H]5[C@@]4([C@@H](C=C([C@H]5O)C)C(=O)O3)O)C)O[C@H]6C[C@@H]([C@H]([C@@H](O6)C)O[C@H]7C[C@@H]([C@H]([C@@H](O7)C)O)OC)OC)\C)C.C[C@H]1/C=C/C=C/2\CO[C@H]3[C@@]2([C@@H](C=C([C@H]3O)C)C(=O)O[C@H]4C[C@@H](C/C=C(/[C@H]1O[C@H]5C[C@@H]([C@H]([C@@H](O5)C)O[C@H]6C[C@@H]([C@H]([C@@H](O6)C)O)OC)OC)\C)O[C@]7(C4)C=C[C@@H]([C@H](O7)C(C)C)C)O | CC(=O)C1=CC=CC=C1 | CO,9920327 | 7410 | 887,SOURCE_DOWNLOAD_FAILED: 403 Client Error: Forbidden for url: https://www.adama.com/israel-mcw/sites/adama_israel_makhteshim/files/product-documents/2023-11/invert%20abamectin%2018%20sds%202017_0.pdf | SUPPLEMENTAL_ATTENTION_REQUIRED: SOURCE_SCOPE_NOT_EXACT | WORKBOOK_INGREDIENT_NOT_FOUND_IN_SOURCE | SUPPLEMENTAL_ATTENTION_REQUIRED: NO_HIGHLIGHTED_SOURCE | SOURCE_SCOPE_NOT_EXACT | WORKBOOK_INGREDIENT_NOT_FOUND_IN_SOURCE | SUPPLEMENTAL_ATTENTION_REQUIRED: SOURCE_SCOPE_NOT_EXACT | OCCURRENCE_UNRESOLVED | MANUAL_REVIEW_REQUIRED | SUPPLEMENTAL_ATTENTION_REQUIRED: SOURCE_SCOPE_NOT_EXACT | OCCURRENCE_MISMATCH | MANUAL_REVIEW_REQUIRED
MIX129,CPPU Plant Growth Regulator,MATCH,NO_ACTION,9,1,1,1,68157-60-8,C1=CC=C(C=C1)NC(=O)NC2=CC(=NC=C2)Cl,93379,
MIX128,DuPont Curzate 60DF,MATCH,NO_ACTION,9,2,2,2,57966-95-7 | 68425-94-5 | 110-17-8,,5364079 | 444972,
MIX127,CTN E-PRO 720 Fungicide,MATCH,NO_ACTION,9,3,3,3,1897-45-6 | 57-55-6 | 112926-00-8,C(#N)C1=C(C(=C(C(=C1Cl)Cl)Cl)C#N)Cl | CC(CO)O | O=[Si]=O,15910 | 1030 | 24261,
MIX126,CSI Lambda 25 CS,MATCH,NO_ACTION,9,2,2,2,91465-08-6 | 872-50-4,CC1([C@@H]([C@@H]1C(=O)O[C@@H](C#N)C2=CC(=CC=C2)OC3=CC=CC=C3)/C=C(/C(F)(F)F)\Cl)C | CN1CCCC1=O,6440557 | 13387,
MIX136,Cypermethrin(96.7%),EVIDENCE_WEAK,NO_ACTION,9,1,1,1,86753-92-6,CC1(C(C1C(=O)OC(C#N)C2=CC(=CC=C2)OC3=CC=CC=C3)C=C(Cl)Cl)C,2912,WORKBOOK_CAS_FOUND_OUTSIDE_SECTION_3
MIX125,Coronet Fungicide Seed Treatment,MATCH,NO_ACTION,9,4,4,4,188425-85-6 | 175013-18-0 | 56-81-5 | 2634-33-5,C1=CC=C(C(=C1)C2=CC=C(C=C2)Cl)NC(=O)C3=C(N=CC=C3)Cl | COC(=O)N(C1=CC=CC=C1COC2=NN(C=C2)C3=CC=C(C=C3)Cl)OC | C(C(CO)O)O | C1=CC=C2C(=C1)C(=O)NS2,213013 | 6422843 | 753 | 17520,
MIX148,Devrinol 2-XT Selective Herbicide,MATCH,NO_ACTION,9,2,1,1,57-55-6 | 15299-99-7 | 13463-67-7,,,
MIX150,Dichloroprop-P,MATCH,NO_ACTION,9,1,1,1,15165-67-0,C[C@H](C(=O)O)OC1=C(C=C(C=C1)Cl)Cl,119435,
MIX169,Dylox 420 SL,MATCH,NO_ACTION,9,2,2,2,52-68-6 | 111-77-3,COP(=O)(C(C(Cl)(Cl)Cl)O)OC | COCCOCCO,5853 | 8134,
MIX168,Durivo Insecticide,SOURCE_UNAVAILABLE,NO_ACTION,9,2,2,5,153719-23-4 | 500008-45-7 | 90093-37-1 | 2634-33-5,CN\1COCN(/C1=N/[N+](=O)[O-])CC2=CN=C(S2)Cl | CC1=CC(=CC(=C1NC(=O)C2=CC(=NN2C3=C(C=CC=N3)Cl)Br)C(=O)NC)Cl | C1=CC=C2C(=C1)C(=O)NS2,5821911 | 11271640 | 17520,SOURCE_DOWNLOAD_FAILED: 404 Client Error: Not Found for url: https://horticentre.co.nz/wp-content/uploads/SafetyDatasheets/Durivo-Syng-SDS.pdf?ver=1757329343
MIX167,Durham Metaldehyde Granules 3.5,MATCH,NO_ACTION,9,2,2,2,108-62-3 | 14808-60-7,CC1OC(OC(OC(O1)C)C)C | O=[Si]=O,61021 | 24261,
MIX166,DuPont Prevathon Insect Control,MATCH,NO_ACTION,9,1,1,3,500008-45-7,CC1=CC(=CC(=C1NC(=O)C2=CC(=NN2C3=C(C=CC=N3)Cl)Br)C(=O)NC)Cl,11271640,
MIX165,DuPont Lannate IV Insecticide,MATCH,NO_ACTION,9,1,1,1,16752-77-5,,4109,
MIX164,Dupont DPX-KP481 50DF,MATCH,NO_ACTION,9,3,3,7,131807-57-3 | 57966-95-7 | 577-11-7,CC1(C(=O)N(C(=O)O1)NC2=CC=CC=C2)C3=CC=C(C=C3)OC4=CC=CC=C4 | CCNC(=O)NC(=O)/C(=N/OC)/C#N | CCCCC(CC)COC(=O)CC(C(=O)OCC(CC)CCCC)S(=O)(=O)[O-].[Na+],213032 | 5364079 | 23673837,
MIX163,DuPont Approach Prima Fungicide,MATCH,NO_ACTION,9,2,2,4,117428-22-5 | 94361-06-5,CO/C=C(\C1=CC=CC=C1COC2=CC=CC(=N2)C(F)(F)F)/C(=O)OC | CC(C1CC1)C(CN2C=NC=N2)(C3=CC=C(C=C3)Cl)O,11285653 | 86132,
MIX162,Dropp SC Cotton Defoliant,MATCH,NO_ACTION,9,5,3,6,51707-55-2 | 330-54-1 | 57-55-6 | 68131-39-5 | 2634-33-5,C1=CC=C(C=C1)NC(=O)NC2=CN=NS2 | CN(C)C(=O)NC1=CC(=C(C=C1)Cl)Cl | CC(CO)O | C1=CC=C2C(=C1)C(=O)NS2,40087 | 3120 | 1030 | 17520,
MIX161,Dinotefuron 10SL,MATCH,NO_ACTION,9,1,1,1,165252-70-0,,197701,
MIX15,Abamectin B1b,MISMATCH,NO_ACTION,9,4,4,4,71751-41-2 | 98-86-2 | 67-56-1,CC[C@H](C)[C@@H]1[C@H](C=C[C@@]2(O1)C[C@@H]3C[C@H](O2)C/C=C(/[C@H]([C@H](/C=C/C=C/4\CO[C@H]5[C@@]4([C@@H](C=C([C@H]5O)C)C(=O)O3)O)C)O[C@H]6C[C@@H]([C@H]([C@@H](O6)C)O[C@H]7C[C@@H]([C@H]([C@@H](O7)C)O)OC)OC)\C)C.C[C@H]1/C=C/C=C/2\CO[C@H]3[C@@]2([C@@H](C=C([C@H]3O)C)C(=O)O[C@H]4C[C@@H](C/C=C(/[C@H]1O[C@H]5C[C@@H]([C@H]([C@@H](O5)C)O[C@H]6C[C@@H]([C@H]([C@@H](O6)C)O)OC)OC)\C)O[C@]7(C4)C=C[C@@H]([C@H](O7)C(C)C)C)O | CC(=O)C1=CC=CC=C1 | CO,9920327 | 7410 | 887,SOURCE_DOWNLOAD_FAILED: 403 Client Error: Forbidden for url: https://www.adama.com/israel-mcw/sites/adama_israel_makhteshim/files/product-documents/2023-11/invert%20abamectin%2018%20sds%202017_0.pdf | SUPPLEMENTAL_ATTENTION_REQUIRED: SOURCE_SCOPE_NOT_EXACT | WORKBOOK_INGREDIENT_NOT_FOUND_IN_SOURCE | SUPPLEMENTAL_ATTENTION_REQUIRED: NO_HIGHLIGHTED_SOURCE | SOURCE_SCOPE_NOT_EXACT | WORKBOOK_INGREDIENT_NOT_FOUND_IN_SOURCE | SUPPLEMENTAL_ATTENTION_REQUIRED: SOURCE_SCOPE_NOT_EXACT | OCCURRENCE_UNRESOLVED | MANUAL_REVIEW_REQUIRED | SUPPLEMENTAL_ATTENTION_REQUIRED: SOURCE_SCOPE_NOT_EXACT | OCCURRENCE_MISMATCH | MANUAL_REVIEW_REQUIRED
MIX160,Drexel Sulfur 90W,MATCH,NO_ACTION,9,1,1,2,7704-34-9,S,5362487,
MIX159,Dinotefuron(99%),MATCH,NO_ACTION,9,1,1,1,165252-70-0,CN=C(NCC1CCOC1)N[N+](=O)[O-],197701,
MIX158,Drexel Suffa-8,EVIDENCE_WEAK,NO_ACTION,9,1,1,1,7704-34-9,,5362487,WORKBOOK_CAS_FOUND_OUTSIDE_SECTION_3
MIX157,Dinotefuran Injectable,MATCH,NO_ACTION,9,1,1,1,165252-70-0,CN=C(NCC1CCOC1)N[N+](=O)[O-],197701,
MIX156,DPX-X4145 50WG Water-Dispersible Granule Formulation,EVIDENCE_WEAK,NO_ACTION,9,1,1,1,14208-10-7 | 75-05-8,,,WORKBOOK_CAS_FOUND_OUTSIDE_SECTION_3
MIX155,DPX-MAT28 Herbicide,MATCH,NO_ACTION,9,2,3,4,858956-35-1 | 858956-08-8,C1CC1C2=NC(=C(C(=N2)N)Cl)C(=O)[O-].[K+] | C1CC1C2=NC(=C(C(=N2)N)Cl)C(=O)O,44148874 | 17747875,
MIX154,Dimilin,MATCH,NO_ACTION,9,1,1,1,35367-38-5,,37123,
MIX153,DPX-LEM17 50WDG Fungicide,MATCH,NO_ACTION,9,1,2,2,126833-17-8,,213031,
MIX152,Dimethoate 400,MATCH,NO_ACTION,9,2,2,2,60-51-5 | 108-94-1,CNC(=O)CSP(=S)(OC)OC | C1CCC(=O)CC1,3082 | 7967,
MIX151,Diflubenzuron VC-90,MATCH,NO_ACTION,9,1,1,1,35367-38-5,C1=CC(=C(C(=C1)F)C(=O)NC(=O)NC2=CC=C(C=C2)Cl)F,37123,
MIX16,Abamectin(92.8%),MATCH,NO_ACTION,9,1,1,1,71751-41-2,,9920327,
MIX124,CSI Imidacloprid + Fipronil SC,MATCH,NO_ACTION,9,2,2,2,138261-41-3,C1CN(/C(=N/[N+](=O)[O-])/N1)CC2=CN=C(C=C2)Cl,86287518,
MIX123,Co-Ral Emulsifiable Livestock Insecticide,MISMATCH,NO_ACTION,9,0,1,1,,CCOP(=S)(OCC)OC1=CC2=C(C=C1)C(=C(C(=O)O2)Cl)C,2871,SECTION_3_NOT_FOUND | WORKBOOK_INGREDIENT_NAMES_NOT_FOUND_IN_SOURCE
MIX122,Cryocide 20,MATCH,NO_ACTION,9,3,3,4,7758-19-2 | 7173-51-5,[O-]Cl=O.[Na+] | CCCCCCCCCC[N+](C)(C)CCCCCCCCCC.[Cl-],23668197 | 23558,
MIX1054,Abies alba oil from needles,MATCH,NO_ACTION,9,8,8,8,90028-76-5 | 5989-54-8 | 80-56-8 | 79-92-5 | 127-91-3 | 586-62-9 | 123-35-3 | 98-55-5 | 99-87-6,,439250 | 6654 | 6616 | 14896 | 11463 | 31253 | 17100 | 7463,
MIX1053,Iso-beta-ionone,MATCH,NO_ACTION,9,1,1,1,14901-07-6,,26955,
MIX1052,Abies alba oil from cones,MATCH,NO_ACTION,9,8,8,8,90028-76-5 | 5989-54-8 | 80-56-8 | 79-92-5 | 127-91-3 | 586-62-9 | 123-35-3 | 98-55-5 | 99-87-6,,439250 | 6654 | 6616 | 14896 | 11463 | 31253 | 17100 | 7463,
MIX1051,Heptylidene methyl anthranilate,MATCH,NO_ACTION,9,1,1,1,134-20-3,,8635,
MIX1050,Orange flower absolute,MATCH,NO_ACTION,9,11,11,11,8016-38-4 | 78-70-6 | 4602-84-0 | 138-86-3 | 7212-44-4 | 100-52-7 | 140-29-4 | 64-17-5 | 120-72-9 | 134-20-3 | 60-12-8 | 8000-41-7 | 106-24-1,,6549 | 445070 | 22311 | 5284507 | 240 | 8794 | 702 | 798 | 8635 | 6054 | 637566,
MIX105,Fludioxonil(97.5%),MATCH,NO_ACTION,9,3,3,3,107-21-1 | 13141-86-1,,174 | 166777,
MIX1048,Yarmor pine oil,MATCH,NO_ACTION,9,2,2,2,112-34-5 | 84133-50-6 | 8002-09-3 | 102-71-6 | 68424-85-1 | 68424-95-3,,8177 | 7618,
MIX1045,Pinus sylvestris oil,EVIDENCE_WEAK,NO_ACTION,9,11,11,11,8023-99-2 | 84012-35-1 | 80-56-8 | 127-91-3 | 13466-78-9 | 5989-27-5 | 123-35-3 | 87-44-5 | 79-92-5 | 475-20-7 | 99-86-5 | 99-87-6 | 586-62-9,,6654 | 14896 | 26049 | 440917 | 31253 | 5281515 | 6616 | 1796220 | 7462 | 7463 | 11463,WORKBOOK_CAS_FOUND_OUTSIDE_SECTION_3
MIX1044,Lavender absolute,EVIDENCE_WEAK,NO_ACTION,9,9,9,9,8000-28-0 | 84776-65-8 | 78-70-6 | 115-95-7 | 91-64-5 | 87-44-5 | 2442-10-6 | 5989-27-5 | 105-87-3 | 106-24-1 | 470-82-6,,6549 | 8294 | 323 | 5281515 | 17121 | 440917 | 1549026 | 637566 | 2758,WORKBOOK_CAS_FOUND_OUTSIDE_SECTION_3
MIX1055,(+)-hydroxycitronellal,MATCH,NO_ACTION,9,1,1,1,107-75-5,,7888,
MIX1042,Gurjun balsam,SOURCE_UNAVAILABLE,NO_ACTION,9,3,3,3,8030-55-5 | 3856-25-5 | 87-44-5 | 6753-98-6,,12303902 | 5281515 | 5281520,SOURCE_DOWNLOAD_FAILED: 403 Client Error: Forbidden for url: https://www.lgbotanicals.com/assets/images/SDS-Gurjun%20Balsam.pdf?srsltid=AfmBOoq5DffKzTYu935GaIGU_q5dtwqmSewohGUdf143uf41vQez0Jpt
MIX104,Clearcast 2.7G Herbicide,MATCH,NO_ACTION,9,1,1,2,114311-32-9,CC(C)C1(C(=O)NC(=N1)C2=C(C=C(C=N2)COC)C(=O)O)C,86137,
MIX1039,Geranium oil Algerian,EVIDENCE_WEAK,NO_ACTION,9,0,0,0,,,,SECTION_3_NOT_FOUND
MIX1037,Clove stem oil,EVIDENCE_WEAK,NO_ACTION,9,1,0,1,,,,SECTION_3_NOT_FOUND
MIX1034,Bois de rose acetylated,EVIDENCE_WEAK,NO_ACTION,9,1,1,1,8015-77-8 | 78-70-6,,6549,WORKBOOK_CAS_FOUND_OUTSIDE_SECTION_3
MIX1032,Eucalyptus citriodora oil,MATCH,NO_ACTION,9,1,1,1,106-23-0,,7794,
MIX1030,Lavandin absolute,EVIDENCE_WEAK,NO_ACTION,9,19,19,19,91722-69-9 | 78-70-6 | 235-00-2 | 115-95-7 | 464-49-3 | 470-82-6 | 91-64-5 | 562-74-3 | 507-70-0 | 87-44-5 | 18794-84-8 | 23089-26-1 | 3338-55-4 | 123-35-3 | 106-24-1 | 105-87-3 | 5989-27-5 | 96-00-2 | 3391-86-4 | 2442-10-6 | 99-87-6 | 94-00-1 | 141-12-8,,6549 | 8294 | 159055 | 2758 | 323 | 11230 | 64685 | 5281515 | 5281517 | 442343 | 5320250 | 31253 | 637566 | 1549026 | 440917 | 18827 | 17121 | 7463 | 1549025,INVALID_WORKBOOK_CAS
MIX103,Chlorpyrifos VC,EVIDENCE_WEAK,NO_ACTION,9,1,1,2,,,,SOURCE_HAS_CAS_BUT_WORKBOOK_CAS_BLANK
MIX1029,Lemon petitgrain oil,EVIDENCE_WEAK,NO_ACTION,9,1,1,1,8048-51-9 | 84929-31-7 | 150-84-5 | 5392-40-5 | 106-23-0 | 106-24-1 | 72203-98-6 | 72203-97-5,,,SECTION_3_NOT_FOUND
MIX1025,Vanilla tincture,EVIDENCE_WEAK,NO_ACTION,9,1,1,1,64-17-5,,702,SECTION_3_NOT_FOUND
MIX1041,Laurel leaf oil European,MISMATCH,NO_ACTION,9,12,15,16,84603-73-6 | 470-82-6 | 3387-41-5 | 8007-35-0 | 80-56-8 | 123-35-3 | 127-91-3 | 562-74-3 | 5989-54-8 | 29-00-7 | 78-70-6 | 235-00-2 | 99-85-4 | 99-87-6 | 94-00-1 | 87-44-5 | 93-15-2 | 97-53-0 | 147-14-8 | 1328-53-6 | 50-00-0,,2758 | 18818 | 6654 | 31253 | 14896 | 11230 | 439250 | 6549 | 7461 | 7463 | 5281515 | 7127 | 3314 | 6531516 | 169274 | 712,INVALID_WORKBOOK_CAS | WORKBOOK_CAS_FOUND_OUTSIDE_SECTION_3 | WORKBOOK_CAS_NOT_FOUND_IN_SOURCE
MIX1056,Santalyl acetate,MATCH,NO_ACTION,9,1,1,1,1323-00-8,,24832103,
MIX1058,(-)-hydroxycitronellal,MATCH,NO_ACTION,9,1,1,1,107-75-5,,7888,
MIX106,Charter F3 Fungicide Seed Treatment,MATCH,NO_ACTION,9,4,4,4,57837-19-1 | 175013-18-0 | 131983-72-7 | 56-81-5,CC1=C(C(=CC=C1)C)N(C(C)C(=O)OC)C(=O)COC | COC(=O)N(C1=CC=CC=C1COC2=NN(C=C2)C3=CC=C(C=C3)Cl)OC | CC1(CC/C(=C\C2=CC=C(C=C2)Cl)/C1(CN3C=NC=N3)O)C | C(C(CO)O)O,42586 | 6422843 | 6537961 | 753,
MIX121,Co-Ral 4% Pour-On,MATCH,NO_ACTION,9,1,1,3,56-72-4,CCOP(=S)(OCC)OC1=CC2=C(C=C1)C(=C(C(=O)O2)Cl)C,2871,
MIX120,Co-Ral 3% Spray Foam,MATCH,NO_ACTION,9,3,2,3,56-72-4 | 68477-31-6 | 91-20-3,CCOP(=S)(OCC)OC1=CC2=C(C=C1)C(=C(C(=O)O2)Cl)C | C1=CC=C2C=CC=CC2=C1,2871 | 931,
MIX12,Abacus LoV Agricultural Miticide/Insecticide,MATCH,NO_ACTION,9,3,2,3,14433-76-2 | 64742-94-5 | 71751-41-2,CCCCCCCCCC(=O)N(C)C | CC[C@H](C)[C@@H]1[C@H](C=C[C@@]2(O1)C[C@@H]3C[C@H](O2)C/C=C(/[C@H]([C@H](/C=C/C=C/4\CO[C@H]5[C@@]4([C@@H](C=C([C@H]5O)C)C(=O)O3)O)C)O[C@H]6C[C@@H]([C@H]([C@@H](O6)C)O[C@H]7C[C@@H]([C@H]([C@@H](O7)C)O)OC)OC)\C)C.C[C@H]1/C=C/C=C/2\CO[C@H]3[C@@]2([C@@H](C=C([C@H]3O)C)C(=O)O[C@H]4C[C@@H](C/C=C(/[C@H]1O[C@H]5C[C@@H]([C@H]([C@@H](O5)C)O[C@H]6C[C@@H]([C@H]([C@@H](O6)C)O)OC)OC)\C)O[C@]7(C4)C=C[C@@H]([C@H](O7)C(C)C)C)O,26690 | 9920327,
MIX119,Co-Ral 25% Wettable Powder,EVIDENCE_WEAK,NO_ACTION,9,1,2,3,,[O-]P(=S)([O-])[O-],167253,SECTION_3_NOT_FOUND
MIX118,CruiserMaxx Rice,MATCH,NO_ACTION,9,4,5,6,56-81-5 | 131860-33-8 | 70630-17-0 | 69516-34-3 | 131341-86-1 | 153719-23-4,C(C(CO)O)O | CO/C=C(\C1=CC=CC=C1OC2=NC=NC(=C2)OC3=CC=CC=C3C#N)/C(=O)OC | CC1=C(C(=CC=C1)C)N([C@H](C)C(=O)OC)C(=O)COC | CC1=C(C(=CC=C1)C)N([C@@H](C)C(=O)OC)C(=O)COC | C1=CC(=C2C(=C1)OC(O2)(F)F)C3=CNC=C3C#N | CN\1COCN(/C1=N/[N+](=O)[O-])CC2=CN=C(S2)Cl,753 | 3034285 | 11150163 | 156840 | 86398 | 5821911,
MIX117,Co-Ral 1% Dust,MATCH,NO_ACTION,9,2,2,2,14808-60-7,,24261,
MIX116,Copper Oxide,EVIDENCE_WEAK,NO_ACTION,9,1,2,2,16-00-6 | 1317-38-0,,164827,INVALID_WORKBOOK_CAS
MIX115,Clutch 50 WDG,MATCH,NO_ACTION,9,2,1,2,210880-92-5 | 1332-58-7,CN/C(=N\[N+](=O)[O-])/NCC1=CN=C(S1)Cl,86287519,
MIX113,Cheminova Nicosulfuron,MATCH,NO_ACTION,9,1,1,3,111991-09-4 | 26264-06-2 | 58128-22-6 | 104-76-7,CN(C)C(=O)C1=C(N=CC=C1)S(=O)(=O)NC(=O)NC2=NC(=CC(=N2)OC)OC | CCCCCCCCCCCC.CCCCCCCCCCCC.C1=CC=C(C=C1)S(=O)(=O)[O-].C1=CC=C(C=C1)S(=O)(=O)[O-].[Ca+2] | CCCCC(CC)CO,73281 | 156614057 | 7720,
MIX110,Clodinafop 240 EC,MATCH,NO_ACTION,9,3,3,3,105512-06-9 | 872-50-4 | 99607-70-2,,92431 | 13387 | 93528,
MIX11,Acticide SR 8213 C,EVIDENCE_WEAK,NO_ACTION,9,2,3,3,,C1=CC=C2C(=C1)C(=O)NS2,17520,SECTION_3_NOT_FOUND
MIX109,Chateau Herbicide,MATCH,NO_ACTION,9,1,1,4,103361-09-7,C#CCN1C(=O)COC2=CC(=C(C=C21)N3C(=O)C4=C(C3=O)CCCC4)F,92425,
MIX108,Cloak Ex Herbicide,MATCH,NO_ACTION,9,7,6,7,21087-64-9 | 90982-32-4 | 1332-58-7 | 14808-60-7 | 13463-67-7 | 112945-52-5,CC(C)(C)C1=NN=C(N(C1=O)N)SC | CCOC(=O)C1=CC=CC=C1S(=O)(=O)NC(=O)NC2=NC(=CC(=N2)Cl)OC | O=[Si]=O | O=[Ti]=O | O=[Si]=O,30479 | 56160 | 24261 | 26042 | 24261,
MIX1076,"Balsam peru, mix",EVIDENCE_WEAK,NO_ACTION,9,1,0,1,8007-00-9,,,SECTION_3_NOT_FOUND
MIX1071,Ambergris tincture,MATCH,NO_ACTION,9,2,2,2,64-17-5 | 65-85-0,,702 | 243,
MIX107,Clincher CA - CYHALOFOP-BUTYL,MATCH,NO_ACTION,9,1,1,1,122008-85-9,,180089,
MIX1068,N-trimethylolmethylmercaptoacetamide,MATCH,NO_ACTION,9,3,3,3,758-08-7 | 67-56-1 | 7664-41-7,,12961 | 887 | 222,
MIX1067,"N-(1,1-dimethylolethyl)mercaptoacetamide",EVIDENCE_WEAK,NO_ACTION,9,1,1,1,127-19-5,,31374,SECTION_3_NOT_FOUND
MIX1065,Krameria extract,MATCH,NO_ACTION,9,4,4,4,7732-18-5 | 56-81-5 | 84012-43-1 | 84775-95-1 | 84696-48-0 | 100-51-6 | 24634-61-5,,962 | 753 | 244 | 23676745,
MIX1064,Abies sachalinensis oil + BHA,MATCH,NO_ACTION,9,1,1,1,25013-16-5,,8456,
MIX1060,Lime oil distilled,MATCH,NO_ACTION,9,16,16,16,90063-52-8 | 5989-27-5 | 99-85-4 | 586-62-9 | 98-55-5 | 99-86-5 | 470-67-7 | 99-87-6 | 127-91-3 | 495-61-4 | 562-74-3 | 123-35-3 | 502-61-4 | 80-56-8 | 586-81-2 | 8000-41-7 | 470-82-6 | 79-92-5,,440917 | 7461 | 11463 | 17100 | 7462 | 10106 | 7463 | 14896 | 10104370 | 11230 | 31253 | 5281516 | 6654 | 11467 | 2758 | 6616,
MIX17,Abamectin(98%),MATCH,NO_ACTION,9,2,2,2,71751-41-2 | 143-00-0,CC[C@H](C)[C@@H]1[C@H](C=C[C@@]2(O1)C[C@@H]3C[C@H](O2)C/C=C(/[C@H]([C@H](/C=C/C=C/4\CO[C@H]5[C@@]4([C@@H](C=C([C@H]5O)C)C(=O)O3)O)C)O[C@H]6C[C@@H]([C@H]([C@@H](O6)C)O[C@H]7C[C@@H]([C@H]([C@@H](O7)C)O)OC)OC)\C)C.C[C@H]1/C=C/C=C/2\CO[C@H]3[C@@]2([C@@H](C=C([C@H]3O)C)C(=O)O[C@H]4C[C@@H](C/C=C(/[C@H]1O[C@H]5C[C@@H]([C@H]([C@@H](O5)C)O[C@H]6C[C@@H]([C@H]([C@@H](O6)C)O)OC)OC)\C)O[C@]7(C4)C=C[C@@H]([C@H](O7)C(C)C)C)O | CCCCCCCCCCCCOS(=O)(=O)O.C(CO)NCCO,9920327 | 8910,
MIX170,Dinotefuron Ant Bait,MATCH,NO_ACTION,9,2,2,2,165252-70-0 | 65733-16-6,CN=C(NCC1CCOC1)N[N+](=O)[O-] | C[C@@H](CCCC(C)(C)OC)C/C=C/C(=C/C(=O)OC(C)C)/C,197701 | 1711973,
MIX171,Dylox 9.3% Insect Granules,SOURCE_UNAVAILABLE,NO_ACTION,9,1,1,1,52-68-6,COP(=O)(C(C(Cl)(Cl)Cl)O)OC,5853,SOURCE_TEXT_EXTRACTION_FAILED: 
MIX172,Diuron 4L Liquid Flowable Herbicide,MATCH,NO_ACTION,9,2,1,3,330-54-1,CN(C)C(=O)NC1=CC(=C(C=C1)Cl)Cl,3120,
MIX236,Flumethrin(87.9%),MISMATCH,NO_ACTION,9,1,1,1,,,,SOURCE_DOWNLOAD_FAILED: 429 Client Error: Too Many Requests for url: https://www.sigmaaldrich.com/FR/en/sds/SIAL/46417?srsltid=AfmBOoqk8YhrSmaIGG7IDPFynR9wqr-eXAuqjcxdjf3ANNR5QxVkWMcY | SUPPLEMENTAL_ATTENTION_REQUIRED: SUSPICIOUS_WORKBOOK_INGREDIENT_TEXT | SUPPLEMENTAL_ATTENTION_REQUIRED: NO_HIGHLIGHTED_SOURCE | SOURCE_SCOPE_NOT_EXACT | SUSPICIOUS_WORKBOOK_INGREDIENT_TEXT | SUPPLEMENTAL_ATTENTION_REQUIRED: SOURCE_SCOPE_NOT_EXACT | SUSPICIOUS_WORKBOOK_INGREDIENT_TEXT | SUPPLEMENTAL_ATTENTION_REQUIRED: SOURCE_SCOPE_NOT_EXACT | OCCURRENCE_UNRESOLVED | MANUAL_REVIEW_REQUIRED | SUPPLEMENTAL_ATTENTION_REQUIRED: SOURCE_SCOPE_NOT_EXACT | NO_LINKED_SUPPLEMENTAL_ARTIFACTS | OCCURRENCE_UNRESOLVED | MANUAL_REVIEW_REQUIRED
MIX235,gamma-Cyhalothrin,MATCH,NO_ACTION,9,2,1,1,64742-94-5 | 76703-62-3,,,
MIX234,Flufenpyr-Ethyl-S-3153 WDG,MATCH,NO_ACTION,9,1,1,1,188489-07-8,CCOC(=O)COC1=C(C=C(C(=C1)N2C(=O)C(=C(C=N2)C(F)(F)F)C)F)Cl,3083546,
MIX233,GA 6-Weed and Grass Killer Ready-to-Use,MATCH,NO_ACTION,9,2,2,2,64-19-7,CC(=O)O,176,
MIX232,Flufenpyr-ethyl,MATCH,NO_ACTION,9,1,1,1,188489-07-8,CCOC(=O)COC1=C(C=C(C(=C1)N2C(=O)C(=C(C=N2)C(F)(F)F)C)F)Cl,3083546,
MIX231,Fyfanon 57 EC,MATCH,NO_ACTION,9,1,1,1,121-75-5,CCOC(=O)CC(C(=O)OCC)SP(=S)(OC)OC,4004,
MIX230,Fungitrol 11-50S,MATCH,NO_ACTION,9,1,1,1,133-07-3,,,
MIX23,Acephate,EVIDENCE_WEAK,NO_ACTION,9,1,2,3,30560-19-1 | 79-00-7,CC(=O)NP(=O)(OC)SC,1982,INVALID_WORKBOOK_CAS
MIX229,FreeHand 1.75G Herbicide,EVIDENCE_WEAK,NO_ACTION,9,4,4,4,40487-42-1 | 163515-14-8 | 14808-60-7,,38479 | 13633097 | 24261,WORKBOOK_CAS_FOUND_OUTSIDE_SECTION_3
MIX237,GAT Lambda 25 CS,MATCH,NO_ACTION,9,1,1,3,91465-08-6,CC1([C@@H]([C@@H]1C(=O)O[C@@H](C#N)C2=CC(=CC=C2)OC3=CC=CC=C3)/C=C(/C(F)(F)F)\Cl)C,6440557,
MIX228,Four-way VAP,MATCH,NO_ACTION,9,4,7,7,7727-37-9 | 7782-44-7 | 74-82-8,N#N | O=O | C,947 | 977 | 297,
MIX226,Flufenacet 500 SC,MATCH,NO_ACTION,9,1,1,1,142459-58-3,,86429,
MIX225,Fosetyl-Al,SOURCE_UNAVAILABLE,NO_ACTION,9,1,1,1,39148-24-8,CCOP(=O)=O.CCOP(=O)=O.CCOP(=O)=O.[Al+3],6328269,SOURCE_DOWNLOAD_FAILED: 403 Client Error: Forbidden for url: https://www.adama.com/israel-mcw/sites/adama_israel_makhteshim/files/downloads/MSDS%20Gaus.pdf | SUPPLEMENTAL_ATTENTION_REQUIRED: SOURCE_SCOPE_NOT_EXACT | SUPPLEMENTAL_ATTENTION_REQUIRED: NO_HIGHLIGHTED_SOURCE | SOURCE_SCOPE_NOT_EXACT | SUPPLEMENTAL_ATTENTION_REQUIRED: SOURCE_SCOPE_NOT_EXACT | OCCURRENCE_UNRESOLVED | MANUAL_REVIEW_REQUIRED | SUPPLEMENTAL_ATTENTION_REQUIRED: SOURCE_SCOPE_NOT_EXACT | OCCURRENCE_EXCEPTION
MIX224,Formula 40 (XDE-225),MATCH,NO_ACTION,9,3,3,3,111-76-2 | 6834-92-0,,8133 | 23266,
MIX223,Formula 2873,MATCH,NO_ACTION,9,1,6,6,7732-18-5 | 7647-01-0 | 10025-77-1 | 7791-13-1 | 7758-99-8,O | Cl | O.O.O.O.O.O.[Cl-].[Cl-].[Cl-].[Fe+3] | O.O.O.O.O.O.[Cl-].[Cl-].[Co+2] | O.O.O.O.O.[O-]S(=O)(=O)[O-].[Cu+2],962 | 313 | 6093258 | 24643 | 24463,
MIX222,Flufenacet & Isoxaflutole SC Herbicide,EVIDENCE_WEAK,NO_ACTION,9,3,2,3,142459-58-3 | 164-00-9,CC(C)N(C1=CC=C(C=C1)F)C(=O)COC2=NN=C(S2)C(F)(F)F,86429,INVALID_WORKBOOK_CAS
MIX221,DuPont Fontelis Fungicide,MATCH,NO_ACTION,9,1,1,3,183675-82-3,CC(C)CC(C)C1=C(C=CS1)NC(=O)C2=CN(N=C2C(F)(F)F)C,11388558,
MIX220,Folpan 80 WDG,SOURCE_UNAVAILABLE,NO_ACTION,9,1,1,1,133-07-3,C1=CC=C2C(=C1)C(=O)N(C2=O)SC(Cl)(Cl)Cl,8607,SOURCE_DOWNLOAD_FAILED: 404 Client Error: Not Found for url: https://horticentre.co.nz/wp-content/uploads/SafetyDatasheets/FOLPAN-800-WG-SDS.pdf?ver=1757070156
MIX22,Agita 10 WG,MATCH,NO_ACTION,9,3,3,3,153719-23-4 | 68585-47-7,CN\1COCN(/C1=N/[N+](=O)[O-])CC2=CN=C(S2)Cl,5821911,
MIX219,Folicur 1. 2 emulsifiable concentrate(93.4),MATCH,NO_ACTION,9,2,2,2,107534-96-3 | 14433-76-2,,86102 | 26690,
MIX227,Foundation Lite,MISMATCH,NO_ACTION,9,4,2,4,8052-42-4 | 8052-41-3,,,WORKBOOK_CAS_FOUND_OUTSIDE_SECTION_3 | SECTION_3_HAS_EXTRA_SOURCE_CAS
MIX238,Flumethrin(95.1%),MISMATCH,NO_ACTION,9,1,1,1,,,,SOURCE_DOWNLOAD_FAILED: 429 Client Error: Too Many Requests for url: https://www.sigmaaldrich.com/FR/en/sds/SIAL/46417?srsltid=AfmBOoqxgmMVsTyZjdrUJrxgSlHXIxU7wjSk4Caz9aZhJzIdgisYxa45 | SUPPLEMENTAL_ATTENTION_REQUIRED: SUSPICIOUS_WORKBOOK_INGREDIENT_TEXT | SUPPLEMENTAL_ATTENTION_REQUIRED: NO_HIGHLIGHTED_SOURCE | SOURCE_SCOPE_NOT_EXACT | SUSPICIOUS_WORKBOOK_INGREDIENT_TEXT | SUPPLEMENTAL_ATTENTION_REQUIRED: SOURCE_SCOPE_NOT_EXACT | SUSPICIOUS_WORKBOOK_INGREDIENT_TEXT | SUPPLEMENTAL_ATTENTION_REQUIRED: SOURCE_SCOPE_NOT_EXACT | OCCURRENCE_UNRESOLVED | MANUAL_REVIEW_REQUIRED | SUPPLEMENTAL_ATTENTION_REQUIRED: SOURCE_SCOPE_NOT_EXACT | NO_LINKED_SUPPLEMENTAL_ARTIFACTS | OCCURRENCE_UNRESOLVED | MANUAL_REVIEW_REQUIRED
MIX239,Flumethrin(96.2%),MISMATCH,NO_ACTION,9,1,1,1,,,,SOURCE_DOWNLOAD_FAILED: 429 Client Error: Too Many Requests for url: https://www.sigmaaldrich.com/FR/en/sds/SIAL/46417?srsltid=AfmBOop8NkLn0XxvmSeEOaeCYG1AOJEEjvNjH6A6J83JNYUQJrgFnytV | SUPPLEMENTAL_ATTENTION_REQUIRED: SUSPICIOUS_WORKBOOK_INGREDIENT_TEXT | SUPPLEMENTAL_ATTENTION_REQUIRED: NO_HIGHLIGHTED_SOURCE | SOURCE_SCOPE_NOT_EXACT | SUSPICIOUS_WORKBOOK_INGREDIENT_TEXT | SUPPLEMENTAL_ATTENTION_REQUIRED: SOURCE_SCOPE_NOT_EXACT | SUSPICIOUS_WORKBOOK_INGREDIENT_TEXT | SUPPLEMENTAL_ATTENTION_REQUIRED: SOURCE_SCOPE_NOT_EXACT | OCCURRENCE_UNRESOLVED | MANUAL_REVIEW_REQUIRED | SUPPLEMENTAL_ATTENTION_REQUIRED: SOURCE_SCOPE_NOT_EXACT | NO_LINKED_SUPPLEMENTAL_ARTIFACTS | OCCURRENCE_UNRESOLVED | MANUAL_REVIEW_REQUIRED
MIX24,Acephate 90 DF Insecticide,EVIDENCE_WEAK,NO_ACTION,9,4,3,4,30560-19-1 | 7757-82-6 | 26361-40-5 | 9003-39-8,CC(=O)NP(=O)(OC)SC | [O-]S(=O)(=O)[O-].[Na+].[Na+],1982 | 24436,INVALID_WORKBOOK_CAS
MIX263,HM-413A,MATCH,NO_ACTION,9,1,1,4,811-97-2 | 75-28-5,C(C(F)(F)F)F | CC(C)C,13129 | 6360,
MIX262,HM-2010,MATCH,NO_ACTION,9,1,3,3,67-56-1 | 87-90-1,CO | C1(=O)N(C(=O)N(C(=O)N1Cl)Cl)Cl,887 | 6909,
MIX261,Hero Insecticide,MATCH,NO_ACTION,9,4,3,4,82657-04-3 | 52315-07-8 | 64742-94-5 | 91-20-3 | 64-19-7,CC1=C(C=CC=C1C2=CC=CC=C2)COC(=O)[C@@H]3[C@@H](C3(C)C)/C=C(/C(F)(F)F)\Cl | CC1(C(C1C(=O)OC(C#N)C2=CC(=CC=C2)OC3=CC=CC=C3)C=C(Cl)Cl)C | C1=CC=C2C=CC=CC2=C1 | CC(=O)O,6442842 | 2912 | 931 | 176,
MIX260,GF-2468,MATCH,NO_ACTION,9,2,2,2,7664-39-3,F,14917,
MIX26,Acequinocyl,MATCH,NO_ACTION,9,1,1,2,,,,
MIX259,GF-231,MISMATCH,NO_ACTION,9,9,7,9,25036-25-3 | 64742-95-6 | 1330-20-7 | 107-98-2 | 78-83-1 | 7779-90-0 | 100-41-4 | 68002-19-7,CC(COC)O | CC(C)CO | [O-]P(=O)([O-])[O-].[O-]P(=O)([O-])[O-].[Zn+2].[Zn+2].[Zn+2] | CCC1=CC=CC=C1,7900 | 6560 | 24519 | 7500,SECTION_3_NOT_FOUND | WORKBOOK_CAS_NOT_FOUND_IN_SOURCE
MIX258,Harness Xtra Herbicide,MATCH,NO_ACTION,9,3,3,3,34256-82-1 | 1912-24-9 | 121776-33-8,CCC1=CC=CC(=C1N(COCC)C(=O)CCl)C | CCNC1=NC(=NC(=N1)Cl)NC(C)C | CC1(N(CC(O1)C2=CC=CO2)C(=O)C(Cl)Cl)C,1988 | 2256 | 86187,
MIX257,Graduate A+,MATCH,NO_ACTION,9,3,2,3,57-55-6 | 131860-33-8 | 131341-86-1,CC(CO)O | CO/C=C(\C1=CC=CC=C1OC2=NC=NC(=C2)OC3=CC=CC=C3C#N)/C(=O)OC | C1=CC(=C2C(=C1)OC(O2)(F)F)C3=CNC=C3C#N,1030 | 3034285 | 86398,
MIX256,GF-184,EVIDENCE_WEAK,NO_ACTION,9,6,6,6,81406-37-3 | 272-00-5 | 145701-23-1 | 230-00-7 | 64742-95-6 | 356-00-4 | 95-63-6 | 43-00-3 | 98-82-8 | 57-55-6 | 108-67-8 | 25-00-5,,54745 | 11700495 | 7247 | 7406 | 1030 | 7947,INVALID_WORKBOOK_CAS
MIX253,Gordon's Horse & Pony Spray,MATCH,NO_ACTION,9,4,4,4,51-03-6 | 8003-34-7,CCCCOCCOCCOCC1=CC2=C(C=C1CCC)OCO2 | CC1=C(C(=O)C[C@@H]1OC(=O)[C@@H]2[C@H](C2(C)C)C=C(C)C)C/C=C\C=C.CC1=C(C(=O)C[C@@H]1OC(=O)[C@@H]2[C@H](C2(C)C)/C=C(\C)/C(=O)OC)C/C=C\C=C,5794 | 60202781,
MIX251,GF-1592 Naturalyte Insect Control,EVIDENCE_WEAK,NO_ACTION,9,1,0,0,,,,SOURCE_HAS_CAS_BUT_WORKBOOK_CAS_BLANK
MIX250,Glyphosphate (97),EVIDENCE_WEAK,NO_ACTION,9,2,1,2,1071-83-6 | 315-00-8,C(C(=O)O)NCP(=O)(O)O,3496,INVALID_WORKBOOK_CAS
MIX25,Albaugh Glyphosphate Acid,MATCH,NO_ACTION,9,2,2,2,38641-94-0,CC(C)N.C(C(=O)O)NCP(=O)(O)O,38078,
MIX249,GF-1578 Naturalyte Insect Control,NO_WORKBOOK_INGREDIENTS,NO_ACTION,9,1,0,0,,,,SOURCE_HAS_CAS_BUT_WORKBOOK_CAS_BLANK | WORKBOOK_MISSING_INGREDIENTS_WITH_SOURCE_EVIDENCE
MIX248,Glyphosphate (96),EVIDENCE_WEAK,NO_ACTION,9,2,1,2,1071-83-6 | 315-00-8,C(C(=O)O)NCP(=O)(O)O,3496,INVALID_WORKBOOK_CAS
MIX247,GF-1252,EVIDENCE_WEAK,NO_ACTION,9,2,2,2,1309-64-4,[O-2].[O-2].[O-2].[Sb+3].[Sb+3],14794,WORKBOOK_CAS_FOUND_OUTSIDE_SECTION_3
MIX246,Gharda Permethrin(95.3%),SOURCE_UNAVAILABLE,NO_ACTION,9,1,1,1,52645-53-1 | 58-00-2,,40326,SOURCE_DOWNLOAD_FAILED: 429 Client Error: Too Many Requests for url: https://www.sigmaaldrich.com/US/en/sds/sial/45614?srsltid=AfmBOoohhDLQnFKWGhLE63gmk36o0TeW0hfpnBdjgARyZgGqIYiW23e5 | SUPPLEMENTAL_ATTENTION_REQUIRED: NO_HIGHLIGHTED_SOURCE | SOURCE_SCOPE_NOT_EXACT | SUPPLEMENTAL_ATTENTION_REQUIRED: SOURCE_SCOPE_NOT_EXACT | SUPPLEMENTAL_ATTENTION_REQUIRED: SOURCE_SCOPE_NOT_EXACT | OCCURRENCE_UNRESOLVED | MANUAL_REVIEW_REQUIRED | SUPPLEMENTAL_ATTENTION_REQUIRED: SOURCE_SCOPE_NOT_EXACT | OCCURRENCE_EXCEPTION
MIX245,Gharda Permethrin(94%),EVIDENCE_WEAK,NO_ACTION,9,2,1,2,52645-53-1 | 58-00-2,CC1(C(C1C(=O)OCC2=CC(=CC=C2)OC3=CC=CC=C3)C=C(Cl)Cl)C,40326,INVALID_WORKBOOK_CAS
MIX242,Fluopyram + Prothioconazole 400,MATCH,NO_ACTION,9,4,4,4,658066-35-4 | 178928-70-6 | 2634-33-5 | 57-55-6,,11158353 | 6451142 | 17520 | 1030,
MIX241,Fluopyram,MATCH,NO_ACTION,9,1,1,1,658066-35-4,C1=CC=C(C(=C1)C(=O)NCCC2=C(C=C(C=N2)C(F)(F)F)Cl)C(F)(F)F,11158353,
MIX240,Fluopicolide,MISMATCH,NO_ACTION,9,1,1,1,239110-15-7,,,SECTION_3_NOT_FOUND | WORKBOOK_CAS_NOT_FOUND_IN_SOURCE
MIX216,Folicur,MATCH,NO_ACTION,9,1,1,1,107534-96-3,CC(C)(C)C(CCC1=CC=C(C=C1)Cl)(CN2C=NC=N2)O,86102,
MIX102,Chlorothalonil Fungicide,MISMATCH,NO_ACTION,9,2,2,2,118-45-6,C(#N)C1=C(C(=C(C(=C1Cl)Cl)Cl)C#N)Cl | CC(CO)O | C1=CC2=C(C=C1Cl)C(=O)OC2=O,15910 | 1030 | 67044,SECTION_3_HAS_EXTRA_SOURCE_CAS
MIX998,Balsam copaiba,MATCH,NO_ACTION,9,1,0,0,9000-12-8,,,
MIX213,Flutolanil 40SC Fungicide,MATCH,NO_ACTION,9,4,4,4,66332-96-5 | 107-21-1 | 57-55-6 | 1310-73-2,CC(C)OC1=CC=CC(=C1)NC(=O)C2=CC=CC=C2C(F)(F)F | C(CO)O | CC(CO)O | [OH-].[Na+],47898 | 174 | 1030 | 14798,
MIX190,"E-Scape Turf & Ornamental Fungicide, Muscle ADV",MATCH,NO_ACTION,9,2,2,3,80443-41-0 | 57-55-6 | 7631-86-9 | 13463-67-7,CC(C)(C)C(CCC1=CC=C(C=C1)Cl)(CN2C=NC=N2)O | CC(CO)O | O=[Si]=O | O=[Ti]=O,86102 | 1030 | 24261 | 26042,
MIX19,Absolute 500 SC Fungicide,MATCH,NO_ACTION,9,3,2,3,107534-96-3 | 141517-21-7 | 68425-94-5,CC(C)(C)C(CCC1=CC=C(C=C1)Cl)(CN2C=NC=N2)O | C/C(=N\OCC1=CC=CC=C1/C(=N\OC)/C(=O)OC)/C2=CC(=CC=C2)C(F)(F)F,86102 | 11664966,
MIX189,EH-1479 Herbicide,MISMATCH,NO_ACTION,9,5,5,5,104104-12-3,COC1=CC=C(C=C1)OCCOCCOC2=CC=C(C=C2)OC,629140,SOURCE_DOWNLOAD_FAILED: 403 Client Error: Forbidden for url: https://www.tcichemicals.com/BE/en/sds/B1479_EU_6N.pdf | SUPPLEMENTAL_ATTENTION_REQUIRED: SOURCE_SCOPE_NOT_EXACT | SUSPICIOUS_WORKBOOK_INGREDIENT_TEXT | SUPPLEMENTAL_ATTENTION_REQUIRED: NO_HIGHLIGHTED_SOURCE | SOURCE_SCOPE_NOT_EXACT | SUSPICIOUS_WORKBOOK_INGREDIENT_TEXT | SUPPLEMENTAL_ATTENTION_REQUIRED: SOURCE_SCOPE_NOT_EXACT | OCCURRENCE_UNRESOLVED | MANUAL_REVIEW_REQUIRED | SUPPLEMENTAL_ATTENTION_REQUIRED: SOURCE_SCOPE_NOT_EXACT | MANUAL_REVIEW_REQUIRED | SUPPLEMENTAL_ATTENTION_REQUIRED: SOURCE_SCOPE_NOT_EXACT | OCCURRENCE_MISMATCH | MANUAL_REVIEW_REQUIRED
MIX188,Envidor 2 SC,MATCH,NO_ACTION,9,4,4,4,148477-71-8 | 104376-75-2 | 56-81-5 | 2634-33-5 | 55965-84-9,,177863 | 753 | 17520 | 41679,
MIX187,ENS-010A,EVIDENCE_WEAK,NO_ACTION,9,1,5,5,7697-37-2 | 7897-37-2 | 7664-93-9 | 7684-93-9 | 28-22-5 | 7697-17-2 | 7697-37-2 | 127087-87-0 | 5968-11-6 | 68341-92-0 | 64-02-8,,944 | 1118 | 2735133 | 6144,INVALID_WORKBOOK_CAS | WORKBOOK_CAS_FOUND_OUTSIDE_SECTION_3
MIX186,Endigo ZCX,MATCH,NO_ACTION,9,9,2,9,153719-23-4 | 91465-08-6 | 64742-94-5 | 57-55-6 | 91-57-6 | 90-12-0 | 13463-67-7 | 7664-93-9 | 2634-33-5,CN\1COCN(/C1=N/[N+](=O)[O-])CC2=CN=C(S2)Cl | CC1([C@@H]([C@@H]1C(=O)O[C@@H](C#N)C2=CC(=CC=C2)OC3=CC=CC=C3)/C=C(/C(F)(F)F)\Cl)C | CC(CO)O | CC1=CC2=CC=CC=C2C=C1 | CC1=CC=CC2=CC=CC=C12 | O=[Ti]=O | OS(=O)(=O)O | C1=CC=C2C(=C1)C(=O)NS2,5821911 | 6440557 | 1030 | 7055 | 7002 | 26042 | 1118 | 17520,
MIX185,EH-1446 Herbicide,MATCH,NO_ACTION,9,5,5,5,38641-94-0,CC(C)N.C(C(=O)O)NCP(=O)(O)O,38078,
MIX184,Encartis Fungicide,MATCH,NO_ACTION,9,3,3,5,1897-45-6 | 188425-85-6 | 57-55-6,C(#N)C1=C(C(=C(C(=C1Cl)Cl)Cl)C#N)Cl | C1=CC=C(C(=C1)C2=CC=C(C=C2)Cl)NC(=O)C3=C(N=CC=C3)Cl | CC(CO)O,15910 | 213013 | 1030,
MIX183,Effipro Topical Solution for Dogs,EVIDENCE_WEAK,NO_ACTION,9,2,2,3,120068-37-7 | 95737-68-1,C1=C(C=C(C(=C1Cl)N2C(=C(C(=N2)C#N)S(=O)C(F)(F)F)N)Cl)C(F)(F)F | CC(COC1=CC=C(C=C1)OC2=CC=CC=C2)OC3=CC=CC=N3,3352 | 91753,INVALID_WORKBOOK_CAS
MIX191,ET-005,MATCH,NO_ACTION,9,1,3,3,67-56-1 | 87-90-1,CO | C1(=O)N(C(=O)N(C(=O)N1Cl)Cl)Cl,887 | 6909,
MIX182,DPX-KJM44 Herbicide,MATCH,NO_ACTION,9,2,2,2,14208-10-7,C1=CC=[N+](C=C1)CC2=CC=C(C=C2)C[N+]3=CC=CC=C3.[Br-].[Br-],3036637,
MIX180,DPX-E9636-36,MATCH,NO_ACTION,9,2,2,2,122931-48-0 | 7778-77-0 | 68425-94-5,,91779 | 516951,
MIX18,Advantage Plus 20 for Dogs,MATCH,NO_ACTION,9,1,3,3,100-51-6 | 138261-41-3,,244 | 86287518,
MIX179,DP210 Professional Insecticide,MATCH,NO_ACTION,9,1,1,1,52918-63-5,CC1([C@H]([C@H]1C(=O)O[C@H](C#N)C2=CC(=CC=C2)OC3=CC=CC=C3)C=C(Br)Br)C,40585,
MIX178,Ecolife One-Pack,MATCH,NO_ACTION,9,2,2,2,64359-81-5,CCCCCCCCN1C(=O)C(=C(S1)Cl)Cl,91688,
MIX177,Double Threat Insecticide,MATCH,NO_ACTION,9,4,4,4,29232-93-7 | 91465-08-6 | 117-81-7,CCN(CC)C1=NC(=CC(=N1)OP(=S)(OC)OC)C | CC1([C@@H]([C@@H]1C(=O)O[C@@H](C#N)C2=CC(=CC=C2)OC3=CC=CC=C3)/C=C(/C(F)(F)F)\Cl)C | CCCCC(CC)COC(=O)C1=CC=CC=C1C(=O)OCC(CC)CCCC,34526 | 6440557 | 8343,
MIX176,Domark 230 ME Fungicide,MATCH,NO_ACTION,9,1,1,1,112281-77-3,C1=CC(=C(C=C1Cl)Cl)C(CN2C=NC=N2)COC(C(F)F)(F)F,80277,
MIX175,Echo 375/Cymoxaanil 50,MATCH,NO_ACTION,9,2,4,4,67-56-1 | 87-90-1,CO | C1(=O)N(C(=O)N(C(=O)N1Cl)Cl)Cl,887 | 6909,
MIX174,Diuron Herbicide,MATCH,NO_ACTION,9,1,1,1,330-54-1,,3120,
MIX173,Dynasty Extreme,EVIDENCE_WEAK,NO_ACTION,9,4,6,6,57-55-6 | 131860-33-8 | 70630-17-0 | 69516-34-3 | 131341-86-1,,1030 | 3034285 | 11150163 | 156840 | 86398,WORKBOOK_CAS_FOUND_OUTSIDE_SECTION_3
MIX181,DPX-KJM44 80 MUP Herbicide,MATCH,NO_ACTION,9,2,2,2,70901-12-1,C(C(=O)O)NCP(=O)(O)[O-].[K+],23716553,
MIX192,ET-751,MATCH,NO_ACTION,9,2,2,2,181885-68-7,CC[N+]1=C(C=CC2=C1C=CC(=C2)N(C)C)/C=C/C=C/C3=CC=C(C=C3)N(C)C.[O-]Cl(=O)(=O)=O,5706752,
MIX193,Ethephon 3# Plant Regulator,MATCH,NO_ACTION,9,1,1,3,16672-87-0,C(CCl)P(=O)(O)O,27982,
MIX194,Ethofumesate (#N/A),EVIDENCE_WEAK,NO_ACTION,9,3,3,3,26225-79-6 | 57-55-6 | 7732-18-5,,33360 | 1030 | 962,WORKBOOK_CAS_FOUND_OUTSIDE_SECTION_3
MIX212,Fluoxastrobin,EVIDENCE_WEAK,NO_ACTION,9,2,2,2,193740-76-0,CO/N=C(\C1=CC=CC=C1OC2=C(C(=NC=N2)OC3=CC=CC=C3Cl)F)/C4=NOCCO4,11048796,WORKBOOK_CAS_FOUND_OUTSIDE_SECTION_3
MIX211,Fluopyram 500 SC,MATCH,NO_ACTION,9,3,3,3,658066-35-4 | 2634-33-5 | 55965-84-9,,11158353 | 17520 | 41679,
MIX210,"Flower, Rose, & Shrub Care II",EVIDENCE_WEAK,NO_ACTION,9,3,3,4,,,,SECTION_3_NOT_FOUND
MIX21,Accent SC,MATCH,NO_ACTION,9,2,2,2,111991-09-4 | 11067-82-6,,73281 | 25458,
MIX209,Flonicamid Insecticide,SOURCE_UNAVAILABLE,NO_ACTION,9,1,1,1,158062-67-0 | 216-00-9,C1=CN=CC(=C1C(F)(F)F)C(=O)NCC#N,9834513,"SOURCE_DOWNLOAD_FAILED: HTTPSConnectionPool(host='fr.cpachem.com', port=443): Max retries exceeded with url: /msds?num=SB19270&dnl=sd_-_Flonicamid_%5BCAS_158062-67-0%5D_%28SB19270%29_%28EU%29.pdf (Caused by NameResolutionError(""HTTPSConnection(host='fr.cpachem.com', port=443): Failed to resolve 'fr.cpachem.com' ([Errno 11001] getaddrinfo failed)""))"
MIX208,Emamectin Benzoate,MATCH,NO_ACTION,9,1,1,1,155569-91-8,CC[C@H](C)[C@@H]1[C@H](C=C[C@@]2(O1)C[C@@H]3C[C@H](O2)C/C=C(/[C@H]([C@H](/C=C/C=C/4\CO[C@H]5[C@@]4([C@@H](C=C([C@H]5O)C)C(=O)O3)O)C)O[C@H]6C[C@@H]([C@H]([C@@H](O6)C)O[C@H]7C[C@@H]([C@H]([C@@H](O7)C)NC)OC)OC)\C)C.C1=CC=C(C=C1)C(=O)O,11650986,
MIX207,Fitness Fungicide,MATCH,NO_ACTION,9,2,2,2,60207-90-1 | 91-20-3,CCCC1COC(O1)(CN2C=NC=N2)C3=C(C=C(C=C3)Cl)Cl | C1=CC=C2C=CC=CC2=C1,43234 | 931,
MIX206,EI-785 Insecticide,MATCH,NO_ACTION,9,5,5,5,210880-92-5 | 240494-70-6 | 51-03-6 | 7732-18-5,CN/C(=N\[N+](=O)[O-])/NCC1=CN=C(S1)Cl | C/C=C/C1C(C1(C)C)C(=O)OCC2=C(C(=C(C(=C2F)F)COC)F)F | CCCCOCCOCCOCC1=CC2=C(C=C1CCC)OCO2 | O,86287519 | 5282227 | 5794 | 962,
MIX205,First Choice Foliar Supreme Fungicide,MATCH,NO_ACTION,9,2,2,2,7778-77-0 | 7704-34-9,OP(=O)(O)[O-].[K+] | S,516951 | 5362487,
MIX204,Fenpropimorph,EVIDENCE_WEAK,NO_ACTION,9,3,3,3,67564-91-4 | 108-94-1 | 10-00-7 | 78-83-1 | 108-00-1,,93365 | 7967 | 6560,INVALID_WORKBOOK_CAS
MIX203,Fenhexamid(95.5%),EVIDENCE_WEAK,NO_ACTION,9,1,1,1,111-00-8 | 126833-17-8,,213031,INVALID_WORKBOOK_CAS
MIX202,Fanfare 2 SC,MATCH,NO_ACTION,9,1,2,5,82657-04-3,CC1=C(C=CC=C1C2=CC=CC=C2)COC(=O)[C@@H]3[C@@H](C3(C)C)/C=C(/C(F)(F)F)\Cl | [O-][Mn](=O)(=O)=O.[K+],6442842 | 516875,
MIX201,EH-1534 Herbicide,MATCH,NO_ACTION,9,9,5,9,104206-82-8 | 122931-48-0 | 1332-58-7 | 68425-94-5 | 91078-64-7 | 105859-97-0,CS(=O)(=O)C1=CC(=C(C=C1)C(=O)C2C(=O)CCCC2=O)[N+](=O)[O-] | CCS(=O)(=O)C1=C(N=CC=C1)S(=O)(=O)NC(=O)NC2=NC(=CC(=N2)OC)OC,175967 | 91779,
MIX200,F8028-3 Insecticide,MATCH,NO_ACTION,9,4,4,4,102851-06-9 | 36290-04-7 | 107-21-1,CC(C)[C@H](C(=O)OC(C#N)C1=CC(=CC=C1)OC2=CC=CC=C2)NC3=C(C=C(C=C3)C(F)(F)F)Cl | C(CO)O,91768 | 174,
MIX20,AE 0172747,EVIDENCE_WEAK,NO_ACTION,9,1,1,1,335104-84-2,CS(=O)(=O)C1=C(C(=C(C=C1)C(=O)C2C(=O)CCCC2=O)Cl)COCC(F)(F)F,11556911,SECTION_3_NOT_FOUND
MIX2,Acetochlor,MATCH,NO_ACTION,9,1,1,1,34256-82-1,,1988,
MIX199,F4113 EW Herbicide,MATCH,NO_ACTION,9,2,4,4,128639-02-1 | 64742-94-5 | 91-20-3 | 57-55-6 | 1330-20-7,,86222 | 931 | 1030,
MIX198,F 9328-1EC Herbicide,MATCH,NO_ACTION,9,7,5,7,71283-80-2 | 135590-91-9 | 64742-94-5 | 78330-21-9 | 91-20-3,CCOC(=O)[C@@H](C)OC1=CC=C(C=C1)OC2=NC3=C(O2)C=C(C=C3)Cl | CCOC(=O)C1=NN(C(C1)(C)C(=O)OCC)C2=C(C=C(C=C2)Cl)Cl | C1=CC=C2C=CC=CC2=C1,91707 | 10937610 | 931,
MIX197,EH-1488 Herbicide,MATCH,NO_ACTION,9,4,4,4,,,,
MIX196,Evercide Total Release Fogger,MATCH,NO_ACTION,9,6,2,7,8003-34-7 | 51-03-6 | 113-48-4 | 66230-04-4 | 68476-86-8,CC1=C(C(=O)C[C@@H]1OC(=O)[C@@H]2[C@H](C2(C)C)C=C(C)C)C/C=C\C=C.CC1=C(C(=O)C[C@@H]1OC(=O)[C@@H]2[C@H](C2(C)C)/C=C(\C)/C(=O)OC)C/C=C\C=C | CCCCOCCOCCOCC1=CC2=C(C=C1CCC)OCO2 | CCCCC(CC)CN1C(=O)[C@H]2[C@@H]3C[C@H]([C@H]2C1=O)C=C3 | CC(C)[C@@H](C1=CC=C(C=C1)Cl)C(=O)O[C@H](C#N)C2=CC(=CC=C2)OC3=CC=CC=C3,60202781 | 5794 | 101008927 | 10342051,
MIX195,Etoxazole(95.57%),MATCH,NO_ACTION,9,1,1,1,153233-91-1,CCOC1=C(C=CC(=C1)C(C)(C)C)C2COC(=N2)C3=C(C=CC=C3F)F,153974,
MIX214,Fluazasulfuron 25WG,MATCH,NO_ACTION,9,2,2,2,104040-78-0 | 7631-86-9,COC1=CC(=NC(=N1)NC(=O)NS(=O)(=O)C2=C(C=CC=N2)C(F)(F)F)OC | O=[Si]=O,93539 | 24261,
MIX1015,Mastic absolute,EVIDENCE_WEAK,NO_ACTION,9,0,0,0,,,,SECTION_3_NOT_FOUND
MIX1013,Litsea cubeba oil,EVIDENCE_WEAK,NO_ACTION,9,0,0,1,,,,SECTION_3_NOT_FOUND
MIX1012,Cananga oil,NO_WORKBOOK_INGREDIENTS,NO_ACTION,9,1,0,1,,,,SOURCE_HAS_CAS_BUT_WORKBOOK_CAS_BLANK | WORKBOOK_MISSING_INGREDIENTS_WITH_SOURCE_EVIDENCE
EyeIrritation6pack_PID81,Amtide Tebuconazole 45 WDG Fungicide,MATCH,NO_ACTION,9,1,1,2,,,,
EyeIrritation6pack_PID809,Raxil MD Extra W Seed Treatment,MATCH,NO_ACTION,9,6,6,6,138261-41-3 | 107534-96-3 | 57837-19-1 | 57-55-6 | 96-48-0,C1CN(/C(=N/[N+](=O)[O-])/N1)CC2=CN=C(C=C2)Cl | CC(C)(C)C(CCC1=CC=C(C=C1)Cl)(CN2C=NC=N2)O | CC1=C(C(=CC=C1)C)N(C(C)C(=O)OC)C(=O)COC | CC(CO)O | C1CC(=O)OC1,86287518 | 86102 | 42586 | 1030 | 7302,
EyeIrritation6pack_PID808,Raxil MD Extra Fungicide,MATCH,NO_ACTION,9,3,3,3,107534-96-3 | 57837-19-1 | 35554-44-0,CC(C)(C)C(CCC1=CC=C(C=C1)Cl)(CN2C=NC=N2)O | CC1=C(C(=CC=C1)C)N(C(C)C(=O)OC)C(=O)COC | C=CCOC(CN1C=CN=C1)C2=C(C=C(C=C2)Cl)Cl,86102 | 42586 | 37175,
EyeIrritation6pack_PID806,Rave Herbicide,MATCH,NO_ACTION,9,4,4,4,1310-58-3 | 1310-73-2,[OH-].[K+] | [OH-].[Na+],14797 | 14798,
EyeIrritation6pack_PID804,Ravap EC,MATCH,NO_ACTION,9,3,3,3,108-95-2 | 22248-79-9 | 62-73-7,C1=CC=C(C=C1)O | COP(=O)(OC)O/C(=C\Cl)/C1=CC(=C(C=C1Cl)Cl)Cl | COP(=O)(OC)OC=C(Cl)Cl,996 | 5284462 | 3039,
EyeIrritation6pack_PID803,Rancona Xxtra,MATCH,NO_ACTION,9,5,5,5,56-81-5 | 96-48-0 | 57837-19-1 | 57-55-6 | 125225-28-7,C(C(CO)O)O | C1CC(=O)OC1 | CC1=C(C(=CC=C1)C)N(C(C)C(=O)OC)C(=O)COC | CC(CO)O | CC(C)C1CCC(C1(CN2C=NC=N2)O)CC3=CC=C(C=C3)Cl,753 | 7302 | 42586 | 1030 | 86211,
EyeIrritation6pack_PID802,Raid Roach & Ant Killer Plus,MATCH,NO_ACTION,9,8,7,8,8042-47-5 | 110-27-0 | 687-47-8 | 106-24-1 | 124-38-9,CCCCCCCCCCCCCC(=O)OC(C)C | CCOC(=O)[C@H](C)O | CC(=CCC/C(=C/CO)/C)C | C(=O)=O,8042 | 92831 | 637566 | 280,
EyeIrritation6pack_PID801,Raid Roach & Ant Killer IV Plus,EVIDENCE_WEAK,NO_ACTION,9,3,3,8,,,,SECTION_3_NOT_FOUND
EyeIrritation6pack_PID800,Raid Ant & Roach Killer with Germ Kill CIK,EVIDENCE_WEAK,NO_ACTION,9,11,9,11,52315-07-8 | 23031-36-9 | 85409-23-0 | 68391-01-5 | 64742-47-8 | 5131-66-8 | 75-28-5 | 74-98-6,CC1(C(C1C(=O)OC(C#N)C2=CC(=CC=C2)OC3=CC=CC=C3)C=C(Cl)Cl)C | CC1=C(C(=O)CC1OC(=O)C2C(C2(C)C)C=C(C)C)CC#C | CCCCOCC(C)O | CC(C)C | CCC,2912 | 9839306 | 21210 | 6360 | 6334,WORKBOOK_CAS_FOUND_OUTSIDE_SECTION_3
EyeIrritation6pack_PID810,Reality 25,MATCH,NO_ACTION,9,1,1,2,,,,
EyeIrritation6pack_PID80,Amore DF,MISMATCH,NO_ACTION,9,2,2,7,54464-57-2 | 1222-05-5 | 24851-98-7 | 63500-71-0 | 118-58-1 | 121-33-5 | 101-86-0 | 10339-55-6 | 6259-76-3 | 28219-61-6 | 107-75-5 | 31906-04-4 | 105-87-3 | 18127-01-0 | 111879-80-2 | 13351-61-6 | 1205-17-0 | 106-24-1 | 127-51-5 | 81782-77-6 | 2705-87-5 | 28645-51-4,CC1CC2=C(CC1(C)C(=O)C)C(CCC2)(C)C | CC1COCC2=CC3=C(C=C12)C(C(C3(C)C)C)(C)C | CCCCCC1C(CCC1=O)CC(=O)OC | CC(C)CC1CC(CCO1)(C)O | C1=CC=C(C=C1)COC(=O)C2=CC=CC=C2O | COC1=C(C=CC(=C1)C=O)O | CCCCCC/C(=C\C1=CC=CC=C1)/C=O | CC/C(=C/CCC(C)(C=C)O)/C | CCCCCCOC(=O)C1=CC=CC=C1O | CC(CCCC(C)(C)O)CC=O | CC(C)(CCCC1=CCC(CC1)C=O)O | CC(=CCC/C(=C/COC(=O)C)/C)C | CC(C)(C)C1=CC=C(C=C1)CCC=O | C1CCCC/C=C/CCCOC(=O)CCCC1 | CC(C)(CC1=CC=CC=C1)CO | CC(CC1=CC2=C(C=C1)OCO2)C=O | CC(=CCC/C(=C/CO)/C)C | CC1=CCCC(C1/C=C(\C)/C(=O)C)(C)C | CCCCCC(C(=CCC)C)O | C=CCOC(=O)CCC1CCCCC1 | C1CCC/C=C\CCCCCCOC(=O)CCC1,108242 | 91497 | 102861 | 3017432 | 8363 | 1183 | 1550884 | 6433547 | 22629 | 7888 | 91604 | 1549026 | 64832 | 9856149 | 83367 | 64805 | 637566 | 5372174 | 163336 | 17617 | 5355293,WORKBOOK_CAS_NOT_FOUND_IN_SOURCE | SECTION_3_HAS_EXTRA_SOURCE_CAS
EyeIrritation6pack_PID798,Quinoxyfen,MISMATCH,NO_ACTION,9,2,1,2,124495-18-7 | 138-00-7,C1=CC(=CC=C1OC2=C3C(=CC(=CC3=NC=C2)Cl)Cl)F,3391107,INVALID_WORKBOOK_CAS | SECTION_3_NOT_FOUND | WORKBOOK_CAS_NOT_FOUND_IN_SOURCE
EyeIrritation6pack_PID797,Quali-Pro Enclave 5.3F,EVIDENCE_WEAK,NO_ACTION,9,4,4,5,,,,SECTION_3_NOT_FOUND
EyeIrritation6pack_PID795,Pyrocide Falcon 7452,MATCH,NO_ACTION,9,4,4,6,67-64-1,CC(=O)C,180,
EyeIrritation6pack_PID794,Pyridalyl,EVIDENCE_WEAK,NO_ACTION,9,1,1,1,179101-81-6,C1=CC(=NC=C1C(F)(F)F)OCCCOC2=C(C=C(C=C2Cl)OCC=C(Cl)Cl)Cl,11488729,WORKBOOK_CAS_FOUND_OUTSIDE_SECTION_3
EyeIrritation6pack_PID793,Pyrasulfotole,MATCH,NO_ACTION,9,1,1,1,365400-11-9,CC1=C(C(=O)N(N1)C)C(=O)C2=C(C=C(C=C2)C(F)(F)F)S(=O)(=O)C,11693711,
EyeIrritation6pack_PID792,Pyranha 1-10 PPC Concentrate,MATCH,NO_ACTION,9,3,3,3,8003-34-7 | 51-03-6 | 52645-53-1,CC1=C(C(=O)C[C@@H]1OC(=O)[C@@H]2[C@H](C2(C)C)C=C(C)C)C/C=C\C=C.CC1=C(C(=O)C[C@@H]1OC(=O)[C@@H]2[C@H](C2(C)C)/C=C(\C)/C(=O)OC)C/C=C\C=C | CCCCOCCOCCOCC1=CC2=C(C=C1CCC)OCO2 | CC1(C(C1C(=O)OCC2=CC(=CC=C2)OC3=CC=CC=C3)C=C(Cl)Cl)C,60202781 | 5794 | 40326,
EyeIrritation6pack_PID791,Pyraflufen-ethyl_ ET-751,MATCH,NO_ACTION,9,2,2,2,110-82-7 | 129630-19-9,C1CCCCC1 | CCOC(=O)COC1=C(C=C(C(=C1)C2=NN(C(=C2Cl)OC(F)F)C)F)Cl,8078 | 182951,
EyeIrritation6pack_PID790,Pursuit/Dimethenamide,EVIDENCE_WEAK,NO_ACTION,9,2,2,2,87674-68-8,CC1=CSC(=C1N(C(C)COC)C(=O)CCl)C,91744,WORKBOOK_CAS_FOUND_OUTSIDE_SECTION_3
EyeIrritation6pack_PID79,Amitraz(98%),EVIDENCE_WEAK,NO_ACTION,9,1,1,1,33089-61-1 | 86-00-2,,36324,INVALID_WORKBOOK_CAS
EyeIrritation6pack_PID799,Quinoxyfen Manufacturing Use Concentrate,SOURCE_UNAVAILABLE,NO_ACTION,9,2,2,2,67-56-1,CO,887,"SOURCE_DOWNLOAD_FAILED: HTTPSConnectionPool(host='bg.cpachem.com', port=443): Max retries exceeded with url: /msds?num=3C6A.10.ML&dnl=sd_-_Quinoxyfen_%5BCAS_124495-18-7%5D_10_ug_ml_in_Methanol_%28P850880%29_%28EU%29.pdf (Caused by NameResolutionError(""HTTPSConnection(host='bg.cpachem.com', port=443): Failed to resolve 'bg.cpachem.com' ([Errno 11001] getaddrinfo failed)""))"
EyeIrritation6pack_PID811,RebelEx,EVIDENCE_WEAK,NO_ACTION,9,2,2,6,94-36-0 | 8-00-0 | 112945-52-5,C1=CC=C(C=C1)C(=O)OOC(=O)C2=CC=CC=C2 | O=[Si]=O,7187 | 24261,INVALID_WORKBOOK_CAS | WORKBOOK_CAS_FOUND_OUTSIDE_SECTION_3
EyeIrritation6pack_PID812,Regent 500TS Insecticide,MATCH,NO_ACTION,9,2,2,2,120068-37-3 | 123-42-2,,3352 | 31256,
EyeIrritation6pack_PID813,Regiment Herbicide,EVIDENCE_WEAK,NO_ACTION,9,0,1,3,,COC1=CC(=NC(=N1)OC2=C(C(=CC=C2)OC3=NC(=CC(=N3)OC)OC)C(=O)[O-])OC.[Na+],23682789,SECTION_3_NOT_FOUND
EyeIrritation6pack_PID843,"Safer Brand Garden Fungicide, Insecticide & Miticide",EVIDENCE_WEAK,NO_ACTION,9,1,1,5,70051-13-3,,,INVALID_WORKBOOK_CAS | SECTION_3_NOT_FOUND
EyeIrritation6pack_PID841,Safer Brand 3-in-1 Concentrate,EVIDENCE_WEAK,NO_ACTION,9,1,1,8,8000-34-4 | 8001-29-4,,,INVALID_WORKBOOK_CAS
EyeIrritation6pack_PID840,Safe-T green 18 Turf Fungicidal Nematicide,MATCH,NO_ACTION,9,1,1,1,1333-86-4,,5462310,
EyeIrritation6pack_PID839,Safari 2 G Insecticide,MATCH,NO_ACTION,9,1,1,2,165252-70-0,CN=C(NCC1CCOC1)N[N+](=O)[O-],197701,
EyeIrritation6pack_PID838,S-Metolachlor & Mesotrione,EVIDENCE_WEAK,NO_ACTION,9,3,2,3,87392-12-9 | 432-00-4,CCC1=CC=CC(=C1N([C@@H](C)COC)C(=O)CCl)C,11140605,INVALID_WORKBOOK_CAS
EyeIrritation6pack_PID837,S-3153 WDG Herbicide,MATCH,NO_ACTION,9,2,2,2,70901-12-1,C(C(=O)O)NCP(=O)(O)[O-].[K+],23716553,
EyeIrritation6pack_PID835,RWH 34,MATCH,NO_ACTION,9,3,3,3,7704-34-9,,5362487,
EyeIrritation6pack_PID834,Rugged Herbicide,MATCH,NO_ACTION,9,2,4,21,94-75-7 | 27176-87-0,C1=CC(=C(C=C1Cl)Cl)OCC(=O)O,1486,
EyeIrritation6pack_PID833,Roval Brand 75 WG Fungicide,MATCH,NO_ACTION,9,1,1,5,20427-59-2 | 14808-60-7 | 7631-86-9,[OH-].[OH-].[Cu+2] | O=[Si]=O | O=[Si]=O,164826 | 24261 | 24261,
EyeIrritation6pack_PID832,Rotam Thifensulfuron-methyl,MATCH,NO_ACTION,9,1,1,3,79277-27-3,CC1=NC(=NC(=N1)OC)NC(=O)NS(=O)(=O)C2=C(SC=C2)C(=O)OC,73674,
EyeIrritation6pack_PID831,Rotam Tebuconazole,MATCH,NO_ACTION,9,3,3,3,107534-96-3 | 56-81-5 | 2634-33-5,CC(C)(C)C(CCC1=CC=C(C=C1)Cl)(CN2C=NC=N2)O | C(C(CO)O)O | C1=CC=C2C(=C1)C(=O)NS2,86102 | 753 | 17520,
EyeIrritation6pack_PID830,Rotam Nicosulfuron,MATCH,NO_ACTION,9,1,1,3,111991-09-4 | 26264-06-2 | 58128-22-6 | 104-76-7,CN(C)C(=O)C1=C(N=CC=C1)S(=O)(=O)NC(=O)NC2=NC(=CC(=N2)OC)OC | CCCCCCCCCCCC.CCCCCCCCCCCC.C1=CC=C(C=C1)S(=O)(=O)[O-].C1=CC=C(C=C1)S(=O)(=O)[O-].[Ca+2] | CCCCC(CC)CO,73281 | 156614057 | 7720,
EyeIrritation6pack_PID829,ROTAM Methomyl 29LV Insecticide,EVIDENCE_WEAK,NO_ACTION,9,1,1,2,,,,SOURCE_HAS_CAS_BUT_WORKBOOK_CAS_BLANK
EyeIrritation6pack_PID828,Rotam Imidacloprid,EVIDENCE_WEAK,NO_ACTION,9,2,1,2,138261-41-3 | 252-00-4,C1CN(/C(=N/[N+](=O)[O-])/N1)CC2=CN=C(C=C2)Cl,86287518,INVALID_WORKBOOK_CAS
EyeIrritation6pack_PID827,Rotam 2F Ornamental Insecticide,MISMATCH,NO_ACTION,9,3,3,3,71751-41-2 | 65195-56-4,CC[C@H](C)[C@@H]1[C@H](C=C[C@@]2(O1)C[C@@H]3C[C@H](O2)C/C=C(/[C@H]([C@H](/C=C/C=C/4\CO[C@H]5[C@@]4([C@@H](C=C([C@H]5O)C)C(=O)O3)O)C)O[C@H]6C[C@@H]([C@H]([C@@H](O6)C)O[C@H]7C[C@@H]([C@H]([C@@H](O7)C)O)OC)OC)\C)C.C[C@H]1/C=C/C=C/2\CO[C@H]3[C@@]2([C@@H](C=C([C@H]3O)C)C(=O)O[C@H]4C[C@@H](C/C=C(/[C@H]1O[C@H]5C[C@@H]([C@H]([C@@H](O5)C)O[C@H]6C[C@@H]([C@H]([C@@H](O6)C)O)OC)OC)\C)O[C@]7(C4)C=C[C@@H]([C@H](O7)C(C)C)C)O | C[C@H]1/C=C/C=C/2\CO[C@H]3[C@@]2([C@@H](C=C([C@H]3O)C)C(=O)O[C@H]4C[C@@H](C/C=C(/[C@H]1O[C@H]5C[C@@H]([C@H]([C@@H](O5)C)O[C@H]6C[C@@H]([C@H]([C@@H](O6)C)O)OC)OC)\C)O[C@]7(C4)C=C[C@@H]([C@H](O7)C(C)C)C)O,9920327 | 6858005,SECTION_3_HAS_EXTRA_SOURCE_CAS
EyeIrritation6pack_PID822,Rocima 586,MATCH,NO_ACTION,9,4,4,4,52-51-7 | 26172-55-4 | 2682-20-4 | 10377-60-3,C(C(CO)([N+](=O)[O-])Br)O | CN1C(=O)C=C(S1)Cl | CN1C(=O)C=CS1 | [N+](=O)([O-])[O-].[N+](=O)([O-])[O-].[Mg+2],2450 | 33344 | 39800 | 25212,
EyeIrritation6pack_PID818,Revus Top,MATCH,NO_ACTION,9,2,2,5,374726-62-2 | 57-55-6 | 68425-94-5,COC1=C(C=CC(=C1)CCNC(=O)C(C2=CC=C(C=C2)Cl)OCC#C)OCC#C | CC(CO)O,11292824 | 1030,
EyeIrritation6pack_PID817,Revus Opti,MATCH,NO_ACTION,9,2,2,4,374726-62-2 | 9084-06-4,COC1=C(C=CC(=C1)CCNC(=O)C(C2=CC=C(C=C2)Cl)OCC#C)OCC#C,11292824,
EyeIrritation6pack_PID816,Reserve Fungicide,MATCH,NO_ACTION,9,3,3,3,1897-45-6 | 107-21-1,C(#N)C1=C(C(=C(C(=C1Cl)Cl)Cl)C#N)Cl | C(CO)O,15910 | 174,
EyeIrritation6pack_PID815,Report Herbicide,MATCH,NO_ACTION,9,2,2,2,858956-08-8 | 64902-72-3,C1CC1C2=NC(=C(C(=N2)N)Cl)C(=O)O | CC1=NC(=NC(=N1)OC)NC(=O)NS(=O)(=O)C2=CC=CC=C2Cl,17747875 | 47491,
EyeIrritation6pack_PID814,Reldan F,MATCH,NO_ACTION,9,10,7,10,5598-13-0 | 65733-16-6 | 64742-94-5 | 68953-96-8 | 64742-47-8 | 95-63-6 | 128-37-0 | 91-20-3 | 2921-88-2 | 2402-79-1,COP(=S)(OC)OC1=NC(=C(C=C1Cl)Cl)Cl | C[C@@H](CCCC(C)(C)OC)C/C=C/C(=C/C(=O)OC(C)C)/C | CC1=CC(=C(C=C1)C)C | CC1=CC(=C(C(=C1)C(C)(C)C)O)C(C)(C)C | C1=CC=C2C=CC=CC2=C1 | CCOP(=S)(OCC)OC1=NC(=C(C=C1Cl)Cl)Cl | C1=C(C(=NC(=C1Cl)Cl)Cl)Cl,21803 | 1711973 | 7247 | 31404 | 931 | 2730 | 16990,
EyeIrritation6pack_PID788,Punjab Tebuconazole,EVIDENCE_WEAK,NO_ACTION,9,2,1,2,107534-96-3 | 197-00-7,CC(C)(C)C(CCC1=CC=C(C=C1)Cl)(CN2C=NC=N2)O,86102,INVALID_WORKBOOK_CAS
EyeIrritation6pack_PID844,Safer Garden Fungicide Ready to Use,EVIDENCE_WEAK,NO_ACTION,9,2,1,2,947173-77-5,,,WORKBOOK_CAS_FOUND_OUTSIDE_SECTION_3
EyeIrritation6pack_PID784,Provado 70 WG Insecticide,MATCH,NO_ACTION,9,3,3,3,52918-63-5 | 55965-84-9,,40585 | 41679,
EyeIrritation6pack_PID781,Prosper T400 Insecticide and Fungicide,MATCH,NO_ACTION,9,1,6,8,210880-92-5 | 494793-67-8 | 141517-21-7 | 57837-19-1 | 57-55-6 | 13463-67-7 | 9003-11-6,CN/C(=N\[N+](=O)[O-])/NCC1=CN=C(S1)Cl | CC1=NN(C(=C1C(=O)NC2=CC=CC=C2C(C)CC(C)C)F)C | C/C(=N\OCC1=CC=CC=C1/C(=N\OC)/C(=O)OC)/C2=CC(=CC=C2)C(F)(F)F | CC1=C(C(=CC=C1)C)N(C(C)C(=O)OC)C(=O)COC | CC(CO)O | O=[Ti]=O,86287519 | 11674113 | 11664966 | 42586 | 1030 | 26042,
EyeIrritation6pack_PID743,Penoxsulam,MISMATCH,NO_ACTION,9,1,1,1,219714-96-2,COC1=CN=C(N2C1=NC(=N2)NS(=O)(=O)C3=C(C=CC=C3OCC(F)F)C(F)(F)F)OC,11784975,SOURCE_DOWNLOAD_FAILED: 403 Client Error: Forbidden for url: https://www.tcichemicals.com/BE/en/sds/P3037_EU_6N.pdf | SUPPLEMENTAL_ATTENTION_REQUIRED: SOURCE_SCOPE_NOT_EXACT | SUSPICIOUS_WORKBOOK_INGREDIENT_TEXT | SUPPLEMENTAL_ATTENTION_REQUIRED: NO_HIGHLIGHTED_SOURCE | SOURCE_SCOPE_NOT_EXACT | SUSPICIOUS_WORKBOOK_INGREDIENT_TEXT | SUPPLEMENTAL_ATTENTION_REQUIRED: SOURCE_SCOPE_NOT_EXACT | OCCURRENCE_UNRESOLVED | MANUAL_REVIEW_REQUIRED | SUPPLEMENTAL_ATTENTION_REQUIRED: SOURCE_SCOPE_NOT_EXACT | OCCURRENCE_MISMATCH | MANUAL_REVIEW_REQUIRED
EyeIrritation6pack_PID741,Penflufen TC,EVIDENCE_WEAK,NO_ACTION,9,1,1,1,494793-67-8,CC1=NN(C(=C1C(=O)NC2=CC=CC=C2C(C)CC(C)C)F)C,11674113,WORKBOOK_CAS_FOUND_OUTSIDE_SECTION_3
EyeIrritation6pack_PID740,Penclotrime 310.68 FS,EVIDENCE_WEAK,NO_ACTION,9,5,5,5,71-36-3,CCCCO,263,WORKBOOK_CAS_FOUND_OUTSIDE_SECTION_3
EyeIrritation6pack_PID739,Penclo 273.5FS,MATCH,NO_ACTION,9,4,4,4,16961-83-4 | 7732-18-5,[H+].[H+].F[Si-2](F)(F)(F)(F)F | O,21863527 | 962,
EyeIrritation6pack_PID738,Penbotec,EVIDENCE_WEAK,NO_ACTION,9,1,1,1,53112-28-0,CC1=CC(=NC(=N1)NC2=CC=CC=C2)C,91650,SECTION_3_NOT_FOUND
EyeIrritation6pack_PID737,Pen 240FS,MATCH,NO_ACTION,9,3,3,3,88671-89-0 | 56-81-5,CCCCC(CN1C=NC=N1)(C#N)C2=CC=C(C=C2)Cl | C(C(CO)O)O,6336 | 753,
EyeIrritation6pack_PID728,ORD-X450,EVIDENCE_WEAK,NO_ACTION,9,1,1,3,12-00-8 | 167-00-5,,,INVALID_WORKBOOK_CAS | SOURCE_HAS_CAS_BUT_WORKBOOK_CAS_BLANK
EyeIrritation6pack_PID727,ORD-X170,NO_DOWNLOADABLE_SOURCE,NO_ACTION,9,2,2,2,,,,BLANK_INGREDIENT_SOURCE
EyeIrritation6pack_PID726,ORD-X042,NO_DOWNLOADABLE_SOURCE,NO_ACTION,9,2,2,2,,,,BLANK_INGREDIENT_SOURCE
EyeIrritation6pack_PID744,Penpro 118FS,MATCH,NO_ACTION,9,2,4,4,67-56-1 | 87-90-1,CO | C1(=O)N(C(=O)N(C(=O)N1Cl)Cl)Cl,887 | 6909,
EyeIrritation6pack_PID722,Optill powered by Kixor Herbicide,MATCH,NO_ACTION,9,1,4,6,372137-35-4 | 52-51-7 | 55965-84-9 | 2634-33-5,CC(C)N(C)S(=O)(=O)NC(=O)C1=CC(=C(C=C1Cl)F)N2C(=O)C=C(N(C2=O)C)C(F)(F)F | C(C(CO)([N+](=O)[O-])Br)O | CN1C(=O)C=CS1.CN1C(=O)C=C(S1)Cl | C1=CC=C2C(=C1)C(=O)NS2,11571392 | 2450 | 41679 | 17520,
EyeIrritation6pack_PID718,Optigard Cockroach Bait,MATCH,NO_ACTION,9,7,7,7,57-50-1 | 58-56-0 | 59-67-6 | 64-19-7 | 9005-25-8 | 51229-78-8 | 155569-91-8,C([C@@H]1[C@H]([C@@H]([C@H]([C@H](O1)O[C@]2([C@H]([C@@H]([C@H](O2)CO)O)O)CO)O)O)O)O | CC1=NC=C(C(=C1O)CO)CO.Cl | C1=CC(=CN=C1)C(=O)O | CC(=O)O | C1N2CN3CN1C[N+](C2)(C3)C/C=C\Cl.[Cl-] | CC[C@H](C)[C@@H]1[C@H](C=C[C@@]2(O1)C[C@@H]3C[C@H](O2)C/C=C(/[C@H]([C@H](/C=C/C=C/4\CO[C@H]5[C@@]4([C@@H](C=C([C@H]5O)C)C(=O)O3)O)C)O[C@H]6C[C@@H]([C@H]([C@@H](O6)C)O[C@H]7C[C@@H]([C@H]([C@@H](O7)C)NC)OC)OC)\C)C.C1=CC=C(C=C1)C(=O)O,5988 | 6019 | 938 | 176 | 6435993 | 11650986,
EyeIrritation6pack_PID717,Olympus Seed Treatment 3,MATCH,NO_ACTION,9,2,2,2,181274-15-7,CCCOC1=NN(C(=O)N1C)C(=O)[N-]S(=O)(=O)C2=CC=CC=C2C(=O)OC.[Na+],12056759,
EyeIrritation6pack_PID716,Olympus Flex Herbicide,MATCH,NO_ACTION,9,2,2,2,181274-15-7,CCCOC1=NN(C(=O)N1C)C(=O)[N-]S(=O)(=O)C2=CC=CC=C2C(=O)OC.[Na+],12056759,
EyeIrritation6pack_PID710,Nylar Total Release Aerosol 2644,MATCH,NO_ACTION,9,4,3,4,95737-68-1 | 64742-47-8,CC(COC1=CC=C(C=C1)OC2=CC=CC=C2)OC3=CC=CC=N3,91753,
EyeIrritation6pack_PID71,Aloft LC G Insecticide,MATCH,NO_ACTION,9,2,2,2,210880-92-5 | 82657-04-3,CN/C(=N\[N+](=O)[O-])/NCC1=CN=C(S1)Cl | CC1=C(C=CC=C1C2=CC=CC=C2)COC(=O)[C@@H]3[C@@H](C3(C)C)/C=C(/C(F)(F)F)\Cl,86287519 | 6442842,
EyeIrritation6pack_PID708,NUP06147,MATCH,NO_ACTION,9,5,3,5,9004-34-6 | 124750-99-8 | 9005-25-8,CCCCC1=NC(=C(N1CC2=CC=C(C=C2)C3=CC=CC=C3C4=NN=N[N-]4)CO)Cl.[K+],11751549,
EyeIrritation6pack_PID707,NUP-12004 Herbicide,MATCH,NO_ACTION,9,3,3,3,108-80-5,C1(=O)NC(=O)NC(=O)N1,7956,
EyeIrritation6pack_PID705,NUP-07003 Herbicide,MATCH,NO_ACTION,9,4,6,6,32341-80-3 | 66423-09-4 | 1918-00-9,CC(CN(CC(C)O)CC(C)O)O.C1=CC(=C(C=C1Cl)Cl)OCC(=O)O | CC1=C(C=CC(=C1)Cl)O[C@H](C)C(=O)O.CNC | COC1=C(C=CC(=C1C(=O)O)Cl)Cl,62724 | 68515001 | 3030,
EyeIrritation6pack_PID702,NTN 33893 75 WP-WS,MATCH,NO_ACTION,9,1,1,3,138261-41-3,C1CN(/C(=N/[N+](=O)[O-])/N1)CC2=CN=C(C=C2)Cl,86287518,
EyeIrritation6pack_PID719,Optigard Liquid Ant Bait,MATCH,NO_ACTION,9,1,1,1,153719-23-4,CN\1COCN(/C1=N/[N+](=O)[O-])CC2=CN=C(S2)Cl,5821911,
EyeIrritation6pack_PID745,Penprome 177FS,SOURCE_UNAVAILABLE,NO_ACTION,9,3,4,4,52645-53-1 | 58-00-2,,40326,SOURCE_DOWNLOAD_FAILED: 429 Client Error: Too Many Requests for url: https://www.sigmaaldrich.com/US/en/sds/sial/45614?srsltid=AfmBOopI0OdVtGCUfyMbsQjzQJQ6SiXVe3F5lZT82c8m1riMvHCGJdZu | SUPPLEMENTAL_ATTENTION_REQUIRED: NO_HIGHLIGHTED_SOURCE | SOURCE_SCOPE_NOT_EXACT | SUPPLEMENTAL_ATTENTION_REQUIRED: SOURCE_SCOPE_NOT_EXACT | SUPPLEMENTAL_ATTENTION_REQUIRED: SOURCE_SCOPE_NOT_EXACT | OCCURRENCE_UNRESOLVED | MANUAL_REVIEW_REQUIRED | SUPPLEMENTAL_ATTENTION_REQUIRED: SOURCE_SCOPE_NOT_EXACT | OCCURRENCE_EXCEPTION
EyeIrritation6pack_PID746,Penthiopyrad,EVIDENCE_WEAK,NO_ACTION,9,1,1,1,183675-82-3,CC(C)CC(C)C1=C(C=CS1)NC(=O)C2=CN(N=C2C(F)(F)F)C,11388558,WORKBOOK_CAS_FOUND_OUTSIDE_SECTION_3
EyeIrritation6pack_PID747,Penthiopyrad 40 SC Fungicide,MATCH,NO_ACTION,9,1,1,1,183675-82-3,CC(C)CC(C)C1=C(C=CS1)NC(=O)C2=CN(N=C2C(F)(F)F)C,11388558,
EyeIrritation6pack_PID780,Propiconazole(93%),SOURCE_UNAVAILABLE,NO_ACTION,9,2,2,2,60207-90-1 | 108-88-3,CCCC1COC(O1)(CN2C=NC=N2)C3=C(C=C(C=C3)Cl)Cl | CC1=CC=CC=C1,43234 | 1140,SOURCE_DOWNLOAD_FAILED: 404 Client Error: Not Found for url: https://horticentre.co.nz/wp-content/uploads/SafetyDatasheets/Pro-P-Orion-SDS.pdf?ver=1757329451
EyeIrritation6pack_PID78,Amitraz(12.5%),MATCH,NO_ACTION,9,1,1,1,33089-61-1,CC1=CC(=C(C=C1)N=CN(C)C=NC2=C(C=C(C=C2)C)C)C,36324,
EyeIrritation6pack_PID779,Propiconazole 0.51% Granular Fungicide,MATCH,NO_ACTION,9,1,1,1,60207-90-1,CCCC1COC(O1)(CN2C=NC=N2)C3=C(C=C(C=C3)Cl)Cl,43234,
EyeIrritation6pack_PID777,Prohexadione calcium(27.5%),MATCH,NO_ACTION,9,4,4,6,127277-53-6 | 7783-20-2 | 1344-95-2 | 7631-86-9,CCC(=O)C1C(=O)CC(CC1=O)C(=O)O | [NH4+].[NH4+].[O-]S(=O)(=O)[O-] | O[Si](O)(O)[O-].O[Si](O)(O)[O-].[Ca+2] | O=[Si]=O,184900 | 6097028 | 73415800 | 24261,
EyeIrritation6pack_PID776,Prodiamine/Diquat/Glyphosphate EW Manufacturing,EVIDENCE_WEAK,NO_ACTION,9,3,4,18,1317-65-3 | 14808-60-7 | 57-13-6 | 13547-17-6 | 108-19-0 | 7704-39-9 | 7447-40-7 | 1302-78-9 | 29091-21-2 | 1332-58-7,O=[Si]=O | C(=O)(N)N | C(NC(=O)N)NC(=O)N | C(=O)(N)NC(=O)N | S | [Cl-].[K+] | CCCN(CCC)C1=C(C=C(C(=C1[N+](=O)[O-])N)C(F)(F)F)[N+](=O)[O-],24261 | 1176 | 61645 | 7913 | 5362487 | 4873 | 34469,INVALID_WORKBOOK_CAS
EyeIrritation6pack_PID774,Proceed MD Fungicide,MATCH,NO_ACTION,9,5,4,5,107534-96-3 | 57837-19-1 | 178928-70-6 | 61791-26-2 | 57-55-6,CC(C)(C)C(CCC1=CC=C(C=C1)Cl)(CN2C=NC=N2)O | CC1=C(C(=CC=C1)C)N(C(C)C(=O)OC)C(=O)COC | C1CC1(C(CC2=CC=CC=C2Cl)(CN3C(=S)N=CN3)O)Cl | CC(CO)O,86102 | 42586 | 6451142 | 1030,
EyeIrritation6pack_PID773,Preventol P 91,MATCH,NO_ACTION,9,2,5,5,10377-60-3 | 26172-55-4 | 2682-20-4,[N+](=O)([O-])[O-].[N+](=O)([O-])[O-].[Mg+2] | CN1C(=O)C=C(S1)Cl | CN1C(=O)C=CS1,25212 | 33344 | 39800,
EyeIrritation6pack_PID772,Preventol BIT 20N,EVIDENCE_WEAK,NO_ACTION,9,1,1,10,,,,SECTION_3_NOT_FOUND
EyeIrritation6pack_PID771,Preventol A14-D,EVIDENCE_WEAK,NO_ACTION,9,3,3,5,,,,SECTION_3_NOT_FOUND
EyeIrritation6pack_PID770,Prevamite,MATCH,NO_ACTION,9,1,1,1,149877-41-8,CC(C)OC(=O)NNC1=C(C=CC(=C1)C2=CC=CC=C2)OC,176879,
EyeIrritation6pack_PID77,Aminopyralid,MATCH,NO_ACTION,9,3,3,4,566191-89-7 | 122-20-3,CC(CN(CC(C)O)CC(C)O)O.C1=C(C(=C(N=C1Cl)C(=O)O)Cl)N | CC(CN(CC(C)O)CC(C)O)O,18772485 | 24730,
EyeIrritation6pack_PID768,Precise Acephate,EVIDENCE_WEAK,NO_ACTION,9,1,2,3,30560-19-1 | 79-00-7,CC(=O)NP(=O)(OC)SC,1982,INVALID_WORKBOOK_CAS
EyeIrritation6pack_PID765,Polyphase 663,MISMATCH,NO_ACTION,9,0,3,5,,CCCCNC(=O)OCC#CI | COC(=O)NC1=NC2=CC=CC=C2N1 | CN(C)C(=O)NC1=CC(=C(C=C1)Cl)Cl,62097 | 25429 | 3120,SECTION_3_NOT_FOUND | WORKBOOK_INGREDIENT_NAMES_NOT_FOUND_IN_SOURCE
EyeIrritation6pack_PID764,Platinum 75SG,MATCH,NO_ACTION,9,2,2,2,7440-06-4,[Pt],23939,
EyeIrritation6pack_PID760,Pinoxaden,MATCH,NO_ACTION,9,4,2,5,243973-20-8 | 97-99-4 | 99607-70-2 | 64742-94-5,CCC1=CC(=CC(=C1C2=C(N3CCOCCN3C2=O)OC(=O)C(C)(C)C)CC)C | C1CC(OC1)CO | CCCCCC(C)OC(=O)COC1=C2C(=C(C=C1)Cl)C=CC=N2,210326 | 7360 | 93528,
EyeIrritation6pack_PID76,Amicarbazone Herbicide,MISMATCH,NO_ACTION,9,1,1,1,129909-90-6,CC(C)C1=NN(C(=O)N1N)C(=O)NC(C)(C)C,153920,SOURCE_DOWNLOAD_FAILED: 403 Client Error: Forbidden for url: https://www.tcichemicals.com/BE/en/sds/A3521_EU_6N.pdf | SUPPLEMENTAL_ATTENTION_REQUIRED: SOURCE_SCOPE_NOT_EXACT | SUSPICIOUS_WORKBOOK_INGREDIENT_TEXT | SUPPLEMENTAL_ATTENTION_REQUIRED: NO_HIGHLIGHTED_SOURCE | SOURCE_SCOPE_NOT_EXACT | SUSPICIOUS_WORKBOOK_INGREDIENT_TEXT | SUPPLEMENTAL_ATTENTION_REQUIRED: SOURCE_SCOPE_NOT_EXACT | OCCURRENCE_UNRESOLVED | MANUAL_REVIEW_REQUIRED | SUPPLEMENTAL_ATTENTION_REQUIRED: SOURCE_SCOPE_NOT_EXACT | MANUAL_REVIEW_REQUIRED | SUPPLEMENTAL_ATTENTION_REQUIRED: SOURCE_SCOPE_NOT_EXACT | OCCURRENCE_MISMATCH | MANUAL_REVIEW_REQUIRED
EyeIrritation6pack_PID757,Pillar Granular Fungicide,MATCH,NO_ACTION,9,4,5,7,175013-18-0 | 131983-72-7 | 14808-60-7 | 57-55-6,COC(=O)N(C1=CC=CC=C1COC2=NN(C=C2)C3=CC=C(C=C3)Cl)OC | CC1(CC/C(=C\C2=CC=C(C=C2)Cl)/C1(CN3C=NC=N3)O)C | O=[Si]=O | CC(CO)O,6422843 | 6537961 | 24261 | 1030,
EyeIrritation6pack_PID756,Picoxystrobin,MATCH,NO_ACTION,9,3,3,3,117428-22-5 | 56-81-5 | 8061-51-6,,11285653 | 753 | 44135711,
EyeIrritation6pack_PID751,Permit Plus,MATCH,NO_ACTION,9,2,4,4,67-56-1 | 87-90-1,CO | C1(=O)N(C(=O)N(C(=O)N1Cl)Cl)Cl,887 | 6909,
EyeIrritation6pack_PID75,Ametryn,MATCH,NO_ACTION,9,1,1,1,834-12-8,CCNC1=NC(=NC(=N1)SC)NC(C)C,13263,
EyeIrritation6pack_PID748,Pentri 308FS,MATCH,NO_ACTION,9,2,4,4,67-56-1 | 87-90-1,CO | C1(=O)N(C(=O)N(C(=O)N1Cl)Cl)Cl,887 | 6909,
EyeIrritation6pack_PID783,Prothioconazole Fungicide,MATCH,NO_ACTION,9,4,4,4,178928-70-6 | 107534-96-3 | 577-11-7 | 119432-41-6,C1CC1(C(CC2=CC=CC=C2Cl)(CN3C(=S)N=CN3)O)Cl | CC(C)(C)C(CCC1=CC=C(C=C1)Cl)(CN2C=NC=N2)O | CCCCC(CC)COC(=O)CC(C(=O)OCC(CC)CCCC)S(=O)(=O)[O-].[Na+] | CC(C1=CC=CC=C1)C2=CC(=C(C(=C2)C(C)C3=CC=CC=C3)OCCOS(=O)(=O)O)C(C)C4=CC=CC=C4.N,6451142 | 86102 | 23673837 | 177784777,
EyeIrritation6pack_PID70,Aloft GC SC Insecticide,EVIDENCE_WEAK,NO_ACTION,9,2,2,2,,,,SECTION_3_NOT_FOUND
EyeIrritation6pack_PID852,Sativa,MATCH,NO_ACTION,9,2,2,2,107534-96-3 | 56-81-5,CC(C)(C)C(CCC1=CC=C(C=C1)Cl)(CN2C=NC=N2)O | C(C(CO)O)O,86102 | 753,
EyeIrritation6pack_PID854,Sativa IMX Max,EVIDENCE_WEAK,NO_ACTION,9,4,29,29,2159055-70-4 | 80-56-8 | 123-35-3 | 138-86-3 | 29-00-7 | 87-44-5 | 127-91-3 | 3779-61-1 | 6753-98-6 | 586-62-9 | 3691-12-1 | 13474-59-4 | 78-70-6 | 235-00-2 | 3691-11-0 | 470-82-6 | 555-10-2 | 79-92-5 | 98-55-5 | 3338-55-4 | 502-61-4 | 2639-63-6 | 507-70-0 | 495-61-4 | 99-83-2 | 118-65-0 | 99-85-4 | 99-86-5,,6654 | 31253 | 22311 | 5281515 | 14896 | 5281553 | 5281520 | 11463 | 5317844 | 6429302 | 6549 | 94275 | 2758 | 11142 | 6616 | 17100 | 5320250 | 5281516 | 17525 | 64685 | 10104370 | 7460 | 5281522 | 7461 | 7462,INVALID_WORKBOOK_CAS
EyeIrritation6pack_PID976,Thiencarbazone-methyl,EVIDENCE_WEAK,NO_ACTION,9,1,1,1,317815-83-1,CC1=C(C(=CS1)C(=O)OC)S(=O)(=O)NC(=O)N2C(=O)N(C(=N2)OC)C,11205153,WORKBOOK_CAS_FOUND_OUTSIDE_SECTION_3
EyeIrritation6pack_PID974,Thidiazuron-Diuron SC,MATCH,NO_ACTION,9,2,2,2,51707-55-2 | 330-54-1 | 64742-47-8,C1=CC=C(C=C1)NC(=O)NC2=CN=NS2 | CN(C)C(=O)NC1=CC(=C(C=C1)Cl)Cl,40087 | 3120,
EyeIrritation6pack_PID972,The Andersons GC 0.077% Bifenthrin + 0.155% Imidacloprid Granular Insecticide,EVIDENCE_WEAK,NO_ACTION,9,2,2,5,,,,SECTION_3_NOT_FOUND
EyeIrritation6pack_PID971,The Andersons GC 0.058% Bifenthrin + 0.115% Imidacloprid Insecticide with Fertilizer,MATCH,NO_ACTION,9,4,4,4,16389-88-1 | 7447-40-7,C(=O)([O-])[O-].C(=O)([O-])[O-].[Mg+2].[Ca+2] | [Cl-].[K+],61833 | 4873,
EyeIrritation6pack_PID970,The Andersons 3-Way Snowmold,MATCH,NO_ACTION,9,6,5,6,68333-79-9 | 7778-77-0 | 7758-11-4,OP(=O)(O)[O-].[K+] | OP(=O)([O-])[O-].[K+].[K+],516951 | 24450,
EyeIrritation6pack_PID969,The Andersons 0.2% Imidacloprid Insecticide + Fertilizer,MATCH,NO_ACTION,9,3,3,3,16389-88-1 | 7447-40-7,C(=O)([O-])[O-].C(=O)([O-])[O-].[Mg+2].[Ca+2] | [Cl-].[K+],61833 | 4873,
EyeIrritation6pack_PID968,The Andersons 0.077% Bifenthrin + 0.155% Imidacloprid Granular Insecticide,MATCH,NO_ACTION,9,4,4,4,7778-80-5 | 1317-65-3 | 82657-04-3,[O-]S(=O)(=O)[O-].[K+].[K+] | CC1=C(C=CC=C1C2=CC=CC=C2)COC(=O)[C@@H]3[C@@H](C3(C)C)/C=C(/C(F)(F)F)\Cl,24507 | 6442842,
EyeIrritation6pack_PID967,The Andersons 0.058% Bifenthrin + 0.115% Imidacloprid Insecticide with Fertilizer,EVIDENCE_WEAK,NO_ACTION,9,2,2,4,,,,SECTION_3_NOT_FOUND
EyeIrritation6pack_PID966,Texan Glyphosate,EVIDENCE_WEAK,NO_ACTION,9,1,1,1,1071-83-6,C(C(=O)O)NCP(=O)(O)O,3496,SECTION_3_NOT_FOUND
EyeIrritation6pack_PID977,Three-Way VAP,MISMATCH,NO_ACTION,9,7,6,7,99129-21-2 | 64742-94-5 | 95-63-6 | 91-20-3,CCC(=NOC/C=C/Cl)C1=C(CC(CC1=O)CC(C)SCC)O | CC1=CC(=C(C=C1)C)C | C1=CC=C2C=CC=CC2=C1,136469009 | 7247 | 931,SECTION_3_HAS_EXTRA_SOURCE_CAS
EyeIrritation6pack_PID965,Tetrasan 5 WDG,EVIDENCE_WEAK,NO_ACTION,9,3,2,3,153233-91-1 | 7783-20-2 | 1332-58-7,CCOC1=C(C=CC(=C1)C(C)(C)C)C2COC(=N2)C3=C(C=CC=C3F)F | [NH4+].[NH4+].[O-]S(=O)(=O)[O-],153974 | 6097028,WORKBOOK_CAS_FOUND_OUTSIDE_SECTION_3
EyeIrritation6pack_PID961,Terbuthylazine,MATCH,NO_ACTION,9,2,1,2,5915-41-3 | 323-00-2,CCNC1=NC(=NC(=N1)Cl)NC(C)(C)C,22206,
EyeIrritation6pack_PID96,ARY 0452-110 Herbicide,MATCH,NO_ACTION,9,1,2,2,70901-12-1 | 68515-73-1 | 226563-63-9,,23716553,
EyeIrritation6pack_PID956,Techfilter,MATCH,NO_ACTION,9,2,2,2,79-14-1,C(C(=O)O)O,757,
EyeIrritation6pack_PID955,Tebuject 16,MATCH,NO_ACTION,9,2,2,2,107534-96-3 | 872-50-4,CC(C)(C)C(CCC1=CC=C(C=C1)Cl)(CN2C=NC=N2)O | CN1CCCC1=O,86102 | 13387,
EyeIrritation6pack_PID953,Tebuconazole Fungicide(97.4%),MISMATCH,NO_ACTION,9,1,1,1,107534-96-3,CC(C)(C)C(CCC1=CC=C(C=C1)Cl)(CN2C=NC=N2)O,86102,SOURCE_DOWNLOAD_FAILED: 429 Client Error: Too Many Requests for url: https://www.grasshoppergardens.com/wp-content/uploads/2025/04/Tebuject-16-SDS.pdf | SUPPLEMENTAL_ATTENTION_REQUIRED: WORKBOOK_CAS_NOT_FOUND_IN_SOURCE | WORKBOOK_INGREDIENT_NOT_FOUND_IN_SOURCE | SUPPLEMENTAL_ATTENTION_REQUIRED: NO_HIGHLIGHTED_SOURCE | WORKBOOK_CAS_NOT_FOUND_IN_SOURCE | WORKBOOK_INGREDIENT_NOT_FOUND_IN_SOURCE | SUPPLEMENTAL_ATTENTION_REQUIRED: MANUAL_REVIEW_REQUIRED
EyeIrritation6pack_PID952,Tebuconazole Fungicide(97%),MATCH,NO_ACTION,9,1,1,2,,,,
EyeIrritation6pack_PID951,Tebuconazole Fungicide(96.3%),SOURCE_UNAVAILABLE,NO_ACTION,9,2,1,2,107534-96-3 | 197-00-7,CC(C)(C)C(CCC1=CC=C(C=C1)Cl)(CN2C=NC=N2)O,86102,"SOURCE_DOWNLOAD_FAILED: HTTPSConnectionPool(host='bg.cpachem.com', port=443): Max retries exceeded with url: /msds?num=SB313&dnl=sd_-_Tebuconazole_%5BCAS_107534-96-3%5D_%28SB313%29_%28EU%29.pdf (Caused by NameResolutionError(""HTTPSConnection(host='bg.cpachem.com', port=443): Failed to resolve 'bg.cpachem.com' ([Errno 11001] getaddrinfo failed)""))"
EyeIrritation6pack_PID946,Tebuconazole 45 WP,MATCH,NO_ACTION,9,1,1,1,107534-96-3,CC(C)(C)C(CCC1=CC=C(C=C1)Cl)(CN2C=NC=N2)O,86102,
EyeIrritation6pack_PID938,TC 249,MATCH,NO_ACTION,9,2,2,2,6132-04-3,C(C(=O)[O-])C(CC(=O)[O-])(C(=O)[O-])O.O.O.[Na+].[Na+].[Na+],71474,
EyeIrritation6pack_PID962,Termidor Dry Termiticide,MATCH,NO_ACTION,9,1,1,1,120068-37-3,C1=C(C=C(C(=C1Cl)N2C(=C(C(=N2)C#N)S(=O)C(F)(F)F)N)Cl)C(F)(F)F,3352,
EyeIrritation6pack_PID979,THX/MXM/FDL CZ Insecticide with Fungicides,EVIDENCE_WEAK,NO_ACTION,9,3,3,3,,C1=CC(=C2C(=C1)OC(O2)(F)F)C3=CNC=C3C#N | CC1=C(C(=CC=C1)C)N([C@H](C)C(=O)OC)C(=O)COC,86398 | 11150163,SECTION_3_NOT_FOUND
EyeIrritation6pack_PID980,THX/MXM/FDL/TBZ FS,NO_DOWNLOADABLE_SOURCE,NO_ACTION,9,4,4,4,,,,BLANK_INGREDIENT_SOURCE
EyeIrritation6pack_PID983,Tital FL,MISMATCH,NO_ACTION,9,4,4,9,54464-57-2 | 1222-05-5 | 24851-98-7 | 118-58-1 | 63500-71-0 | 58567-11-6 | 115-95-7 | 103-95-7 | 107-75-5 | 1205-17-0 | 10339-55-6 | 128-37-0 | 18479-58-8 | 5989-27-5 | 67634-14-4 | 127-51-5 | 105-87-3,CC1CC2=C(CC1(C)C(=O)C)C(CCC2)(C)C | CC1COCC2=CC3=C(C=C12)C(C(C3(C)C)C)(C)C | CCCCCC1C(CCC1=O)CC(=O)OC | C1=CC=C(C=C1)COC(=O)C2=CC=CC=C2O | CC(C)CC1CC(CCO1)(C)O | CCOCOC1CCCCCCCCCCC1 | CC(=CCCC(C)(C=C)OC(=O)C)C | CC(C)C1=CC=C(C=C1)CC(C)C=O | CC(CCCC(C)(C)O)CC=O | CC(CC1=CC2=C(C=C1)OCO2)C=O | CC/C(=C/CCC(C)(C=C)O)/C | CC1=CC(=C(C(=C1)C(C)(C)C)O)C(C)(C)C | CC(CCCC(C)(C)O)C=C | CC1=CC[C@@H](CC1)C(=C)C | CCC1=CC=CC=C1CC(C)(C)C=O | CC1=CCCC(C1/C=C(\C)/C(=O)C)(C)C | CC(=CCC/C(=C/COC(=O)C)/C)C,108242 | 91497 | 102861 | 8363 | 3017432 | 94111 | 8294 | 517827 | 7888 | 64805 | 6433547 | 31404 | 29096 | 440917 | 105512 | 5372174 | 1549026,SECTION_3_HAS_EXTRA_SOURCE_CAS
MIX101,Chlorine Bleach Sanitizer,MATCH,NO_ACTION,9,1,2,2,7681-52-9,[O-]Cl.[Na+],23665760,
MIX1008,Petitgrain bigarade oil,EVIDENCE_WEAK,NO_ACTION,9,9,16,16,8014-17-3 | 115-95-7 | 78-70-6 | 8000-41-7 | 127-91-3 | 106-24-1 | 105-87-3 | 123-35-3 | 106-25-2 | 141-12-8 | 3779-61-1 | 5989-27-5 | 80-56-8 | 5392-40-5 | 586-62-9 | 87-44-5 | 3338-55-4 | 13466-78-9,,8294 | 6549 | 14896 | 637566 | 1549026 | 31253 | 643820 | 1549025 | 5281553 | 440917 | 6654 | 638011 | 11463 | 5281515 | 5320250 | 26049,WORKBOOK_CAS_FOUND_OUTSIDE_SECTION_3
MIX1006,Olibanum absolute,MATCH,NO_ACTION,9,2,2,2,8016-36-2 | 80-56-8 | 5989-27-5,,6654 | 440917,
MIX1004,Gurjun oil,EVIDENCE_WEAK,NO_ACTION,9,1,1,1,8030-55-5 | 93165-18-5 | 87-44-5,,5281515,WORKBOOK_CAS_FOUND_OUTSIDE_SECTION_3
MIX1001,Cubeb oil,EVIDENCE_WEAK,NO_ACTION,9,10,13,13,90063-59-5 | 141-27-5 | 106-26-3 | 138-86-3 | 29-00-7 | 80-56-8 | 106-23-0 | 106-24-1 | 241-00-5 | 123-35-3 | 127-91-3 | 3387-41-5 | 470-82-6 | 78-70-6 | 235-00-2 | 87-44-5 | 106-25-2,,638011 | 643779 | 22311 | 6654 | 7794 | 637566 | 31253 | 14896 | 18818 | 2758 | 6549 | 5281515 | 643820,INVALID_WORKBOOK_CAS
MIX100,Chipco Brand Triton 70 WDG Fungicide,MATCH,NO_ACTION,9,4,4,4,39148-24-8 | 1322-93-6 | 14808-60-7,CCOP(=O)=O.CCOP(=O)=O.CCOP(=O)=O.[Al+3] | CC(C)C1=CC2=CC=CC=C2C(=C1C(C)C)S(=O)(=O)O | O=[Si]=O,6328269 | 162217 | 24261,
MIX10,A12010C Fungicide,MATCH,NO_ACTION,9,3,3,3,20427-59-2,[OH-].[OH-].[Cu+2],164826,
MIX1,0.08% Mesotrione on Fertilizer,EVIDENCE_WEAK,NO_ACTION,9,1,1,1,104206-82-8,CS(=O)(=O)C1=CC(=C(C=C1)C(=O)C2C(=O)CCCC2=O)[N+](=O)[O-],175967,SECTION_3_NOT_FOUND
EyeIrritation6pack_PID999,TREE-age,MATCH,NO_ACTION,9,2,2,2,34590-94-8 | 155569-91-8,CC(COC(C)COC)O | CC[C@H](C)[C@@H]1[C@H](C=C[C@@]2(O1)C[C@@H]3C[C@H](O2)C/C=C(/[C@H]([C@H](/C=C/C=C/4\CO[C@H]5[C@@]4([C@@H](C=C([C@H]5O)C)C(=O)O3)O)C)O[C@H]6C[C@@H]([C@H]([C@@H](O6)C)O[C@H]7C[C@@H]([C@H]([C@@H](O7)C)NC)OC)OC)\C)C.C1=CC=C(C=C1)C(=O)O,25484 | 11650986,
EyeIrritation6pack_PID998,Tradewind Herbicide,MATCH,NO_ACTION,9,3,1,3,64742-47-8 | 68476-86-8,,,
EyeIrritation6pack_PID997,Tradename for Dogs,MATCH,NO_ACTION,9,2,3,5,80-62-6,CC(=C)C(=O)OC,6658,
EyeIrritation6pack_PID996,TPTH,MATCH,NO_ACTION,9,1,3,3,67-56-1 | 87-90-1,CO | C1(=O)N(C(=O)N(C(=O)N1Cl)Cl)Cl,887 | 6909,
EyeIrritation6pack_PID994,Touchdown Diquat Home and Garden Ready to Use,MATCH,NO_ACTION,9,2,2,2,85-00-7,C1C[N+]2=CC=CC=C2C3=CC=CC=[N+]31.[Br-].[Br-],6794,
EyeIrritation6pack_PID993,Touchdown Diquat Home and Garden Concentrate,SOURCE_UNAVAILABLE,NO_ACTION,9,2,3,5,85-00-7,C1C[N+]2=CC=CC=C2C3=CC=CC=[N+]31.[Br-].[Br-] | O,6794 | 962,SOURCE_DOWNLOAD_FAILED: 404 Client Error: Not Found for url: https://horticentre.co.nz/wp-content/uploads/SafetyDatasheets/Diquat-200-Kenso-SDS.pdf
EyeIrritation6pack_PID992,Topsin M 70 WDG,MATCH,NO_ACTION,9,1,1,1,23564-05-8,COC(=O)NC(=S)NC1=CC=CC=C1NC(=S)NC(=O)OC,3032791,
EyeIrritation6pack_PID991,Topsin M 5G Fungicide,MATCH,NO_ACTION,9,1,1,1,23564-05-8,COC(=O)NC(=S)NC1=CC=CC=C1NC(=S)NC(=O)OC,3032791,
EyeIrritation6pack_PID990,Tops MZ-Curzate,MATCH,NO_ACTION,9,2,3,5,57966-95-7,CCNC(=O)NC(=O)/C(=N/OC)/C#N,5364079,
EyeIrritation6pack_PID989,Topramezone 2.8 SC Herbicide,MATCH,NO_ACTION,9,1,1,3,,,,
EyeIrritation6pack_PID988,Topguard Fungicide,MATCH,NO_ACTION,9,4,3,4,76674-21-0 | 57-55-6 | 157627-86-6 | 2634-33-5,C1=CC=C(C(=C1)C(CN2C=NC=N2)(C3=CC=C(C=C3)F)O)F | CC(CO)O | C1=CC=C2C(=C1)C(=O)NS2,91727 | 1030 | 17520,
EyeIrritation6pack_PID986,Tombstone Insecticide,MATCH,NO_ACTION,9,2,2,2,68359-37-5 | 91-20-3,CC1(C(C1C(=O)OC(C#N)C2=CC(=C(C=C2)F)OC3=CC=CC=C3)C=C(Cl)Cl)C | C1=CC=C2C=CC=CC2=C1,104926 | 931,
EyeIrritation6pack_PID985,Tolfenpyrad 15EC Insecticide,MATCH,NO_ACTION,9,1,2,2,129558-76-5 | 872-50-4,CCC1=NN(C(=C1Cl)C(=O)NCC2=CC=C(C=C2)OC3=CC=C(C=C3)C)C | CN1CCCC1=O,10110536 | 13387,
EyeIrritation6pack_PID937,TC 246,MATCH,NO_ACTION,9,1,1,3,24307-26-4,C[N+]1(CCCCC1)C.[Cl-],62781,
EyeIrritation6pack_PID853,Sativa IMF Max,MATCH,NO_ACTION,9,5,5,5,138261-41-3 | 57837-19-1 | 107534-96-3 | 131341-86-1 | 56-81-5,C1CN(/C(=N/[N+](=O)[O-])/N1)CC2=CN=C(C=C2)Cl | CC1=C(C(=CC=C1)C)N(C(C)C(=O)OC)C(=O)COC | CC(C)(C)C(CCC1=CC=C(C=C1)Cl)(CN2C=NC=N2)O | C1=CC(=C2C(=C1)OC(O2)(F)F)C3=CNC=C3C#N | C(C(CO)O)O,86287518 | 42586 | 86102 | 86398 | 753,
EyeIrritation6pack_PID936,TC 240,EVIDENCE_WEAK,NO_ACTION,9,2,2,5,199-00-1 | 17-00-1,,,INVALID_WORKBOOK_CAS | SOURCE_HAS_CAS_BUT_WORKBOOK_CAS_BLANK
EyeIrritation6pack_PID934,TC-320,MATCH,NO_ACTION,9,3,3,3,68649-42-3,,,
EyeIrritation6pack_PID891,SOLIDA GRANDE Herbicide,MATCH,NO_ACTION,9,2,2,2,122931-48-0,CCS(=O)(=O)C1=C(N=CC=C1)S(=O)(=O)NC(=O)NC2=NC(=CC(=N2)OC)OC,91779,
EyeIrritation6pack_PID877,Smacker Bait,MISMATCH,NO_ACTION,9,2,2,2,,,,SECTION_3_NOT_FOUND | WORKBOOK_INGREDIENT_NAMES_NOT_FOUND_IN_SOURCE
EyeIrritation6pack_PID876,Silent,MATCH,NO_ACTION,9,1,1,1,,,,
EyeIrritation6pack_PID875,Sigma Ecol HS Antifouling Paint,MATCH,NO_ACTION,9,11,9,11,1317-39-1 | 1330-20-7 | 8050-09-7 | 1314-13-2 | 108-10-1 | 25154-85-2 | 330-54-1 | 100-41-4 | 14807-96-6 | 1317-38-0 | 7440-50-8,O=[Cu].[Cu] | [O-2].[Zn+2] | CC(C)CC(=O)C | CN(C)C(=O)NC1=CC(=C(C=C1)Cl)Cl | CCC1=CC=CC=C1 | [OH-].[OH-].[O-][Si]12O[Si]3(O[Si](O1)(O[Si](O2)(O3)[O-])[O-])[O-].[Mg+2].[Mg+2].[Mg+2] | [O-2].[Cu+2] | [Cu],18346908 | 3007857 | 7909 | 3120 | 7500 | 165411828 | 164827 | 23978,
EyeIrritation6pack_PID874,Shooter Insecticide,MATCH,NO_ACTION,9,3,2,3,68476-86-8,,,
EyeIrritation6pack_PID873,Shield Herbicide,EVIDENCE_WEAK,NO_ACTION,9,2,3,3,57754-85-5 | 118-74-1 | 65-00-6,,162839 | 8370,INVALID_WORKBOOK_CAS
EyeIrritation6pack_PID871,Shelter Island Plus,EVIDENCE_WEAK,NO_ACTION,9,6,5,6,64742-94-5 | 122454-29-9 | 13463-41-7 | 1330-20-7 | 7727-43-1 | 14807-96-6,C1=CC(=CC=C1C2=C(C(=C(N2)C(F)(F)F)Br)C#N)Cl | C1=CC=[N+](C(=C1)[S-])[O-].C1=CC=[N+](C(=C1)[S-])[O-].[Zn+2] | [O-]S(=O)(=O)[O-].[Ba+2] | [OH-].[OH-].[O-][Si]12O[Si]3(O[Si](O1)(O[Si](O2)(O3)[O-])[O-])[O-].[Mg+2].[Mg+2].[Mg+2],183559 | 26041 | 24414 | 165411828,INVALID_WORKBOOK_CAS
EyeIrritation6pack_PID870,Sharpen powered by Kixor Herbicide,MATCH,NO_ACTION,9,3,3,3,372137-35-4 | 7783-20-2 | 105859-97-0 | 68425-94-5 | 1322-93-6,,11571392 | 6097028 | 162217,
EyeIrritation6pack_PID87,Aproach Fungicide,MATCH,NO_ACTION,9,2,2,4,117428-22-5 | 94361-06-5,CO/C=C(\C1=CC=CC=C1COC2=CC=CC(=N2)C(F)(F)F)/C(=O)OC | CC(C1CC1)C(CN2C=NC=N2)(C3=CC=C(C=C3)Cl)O,11285653 | 86132,
EyeIrritation6pack_PID892,SP1037,NO_DOWNLOADABLE_SOURCE,NO_ACTION,9,2,2,2,,,,BLANK_INGREDIENT_SOURCE
EyeIrritation6pack_PID869,Sharda Glyphosate,MISMATCH,NO_ACTION,9,3,3,3,38641-94-0 | 431040-31-2,CC(C)N.C(C(=O)O)NCP(=O)(O)O | CC(CN)O.OP(=O)(O)O,38078 | 172028,SECTION_3_HAS_EXTRA_SOURCE_CAS
EyeIrritation6pack_PID867,Senator 600 FS,MATCH,NO_ACTION,9,2,2,2,138261-41-3 | 56-81-5,C1CN(/C(=N/[N+](=O)[O-])/N1)CC2=CN=C(C=C2)Cl | C(C(CO)O)O,86287518 | 753,
EyeIrritation6pack_PID866,Sedaxane 50FS A16148C,MATCH,NO_ACTION,9,1,1,1,874967-67-6,CN1C=C(C(=N1)C(F)F)C(=O)NC2=CC=CC=C2C3CC3C4CC4,11688533,
EyeIrritation6pack_PID865,Sedaxane,NO_WORKBOOK_INGREDIENTS,NO_ACTION,9,1,1,1,,C(C(CO)O)O | O=[Ti]=O | CC(CO)O | [OH-].[OH-].[O-][Si]12O[Si]3(O[Si](O1)(O[Si](O2)(O3)[O-])[O-])[O-].[Mg+2].[Mg+2].[Mg+2] | CC1COC(O1)(CN2C=NC=N2)C3=C(C=C(C=C3)OC4=CC=C(C=C4)Cl)Cl | CC1=C(C(=CC=C1)C)N([C@@H](C)C(=O)OC)C(=O)COC | CCCNC(=O)NC1=CC=C(C=C1)[N+](=O)[O-] | CN\1COCN(/C1=N/[N+](=O)[O-])CC2=CN=C(S2)Cl | CN1C=C(C(=N1)C(F)F)C(=O)NC2=CC=CC=C2C3CC3C4CC4,753 | 26042 | 1030 | 165411828 | 86173 | 156840 | 166777 | 5821911 | 11688533,SOURCE_HAS_CAS_BUT_WORKBOOK_CAS_BLANK | WORKBOOK_MISSING_INGREDIENTS_WITH_SOURCE_EVIDENCE
EyeIrritation6pack_PID863,Secure Dry Insecticide,EVIDENCE_WEAK,NO_ACTION,9,4,4,4,134-62-3 | 64-17-5 | 75-28-5 | 106-97-8,CCN(CC)C(=O)C1=CC=CC(=C1)C | CCO | CC(C)C | CCCC,4284 | 702 | 6360 | 7843,WORKBOOK_CAS_FOUND_OUTSIDE_SECTION_3
EyeIrritation6pack_PID861,Scorpion Insecticide,MATCH,NO_ACTION,9,6,5,6,23031-36-9 | 66230-04-4 | 113-48-4 | 64742-47-8 | 75-28-5,CC1=C(C(=O)CC1OC(=O)C2C(C2(C)C)C=C(C)C)CC#C | CC(C)[C@@H](C1=CC=C(C=C1)Cl)C(=O)O[C@H](C#N)C2=CC(=CC=C2)OC3=CC=CC=C3 | CCCCC(CC)CN1C(=O)[C@H]2[C@@H]3C[C@H]([C@H]2C1=O)C=C3 | CC(C)C,9839306 | 10342051 | 101008927 | 6360,
EyeIrritation6pack_PID860,Scimitar GR Insecticide,EVIDENCE_WEAK,NO_ACTION,9,1,1,5,,,,SOURCE_HAS_CAS_BUT_WORKBOOK_CAS_BLANK
EyeIrritation6pack_PID86,Apogee,MATCH,NO_ACTION,9,1,1,3,7778-74-7,[O-]Cl(=O)(=O)=O.[K+],516900,
EyeIrritation6pack_PID857,Scala brand SC Pyrimenthanil,MATCH,NO_ACTION,9,3,3,3,53112-28-0 | 68512-35-6 | 2634-33-5 | 57-55-6,,91650 | 17520 | 1030,
EyeIrritation6pack_PID856,SC 480 Herbicide,MATCH,NO_ACTION,9,2,2,2,21087-64-9,CC(C)(C)C1=NN=C(N(C1=O)N)SC,30479,
EyeIrritation6pack_PID868,Sergeants Fipronil + Etofenprox + Methoprene Spot-On for Cats,MISMATCH,NO_ACTION,9,3,3,3,120068-37-3,,3352,SECTION_3_NOT_FOUND | WORKBOOK_CAS_NOT_FOUND_IN_SOURCE
EyeIrritation6pack_PID893,SP5411,SOURCE_UNAVAILABLE,NO_ACTION,9,4,4,4,917-13-5,,164754,SOURCE_DOWNLOAD_FAILED: 429 Client Error: Too Many Requests for url: https://www.sigmaaldrich.com/sds/sigma/e5411?srsltid=AfmBOopte59vv2AMEoFm_32ltpfiaFLK7qY-DhCM_I-IBJJicCfB_D_k | SUPPLEMENTAL_ATTENTION_REQUIRED: NO_HIGHLIGHTED_SOURCE | SOURCE_SCOPE_NOT_EXACT | SUPPLEMENTAL_ATTENTION_REQUIRED: SOURCE_SCOPE_NOT_EXACT | SUPPLEMENTAL_ATTENTION_REQUIRED: SOURCE_SCOPE_NOT_EXACT | MANUAL_REVIEW_REQUIRED | SUPPLEMENTAL_ATTENTION_REQUIRED: SOURCE_SCOPE_NOT_EXACT | OCCURRENCE_EXCEPTION
EyeIrritation6pack_PID896,Spirodiclofen,MISMATCH,NO_ACTION,9,1,1,1,148477-71-8,CCC(C)(C)C(=O)OC1=C(C(=O)OC12CCCCC2)C3=C(C=C(C=C3)Cl)Cl,177863,SECTION_3_NOT_FOUND | WORKBOOK_CAS_NOT_FOUND_IN_SOURCE
EyeIrritation6pack_PID897,Spirotetramet,MISMATCH,NO_ACTION,9,2,1,2,203313-25-1 | 711-00-0,CCOC(=O)OC1=C(C(=O)NC12CCC(CC2)OC)C3=C(C=CC(=C3)C)C,9969573,INVALID_WORKBOOK_CAS | SECTION_3_NOT_FOUND | WORKBOOK_CAS_NOT_FOUND_IN_SOURCE
EyeIrritation6pack_PID933,TC-317,MATCH,NO_ACTION,9,6,5,6,7631-86-9 | 65997-15-1 | 14808-60-7 | 1317-65-3 | 13397-24-5,O=[Si]=O | O=[Si]=O | O.O.[O-]S(=O)(=O)[O-].[Ca+2],24261 | 24261 | 24928,
EyeIrritation6pack_PID932,TC-314,EVIDENCE_WEAK,NO_ACTION,9,3,4,4,76-03-9 | 4-00-7,,6421,INVALID_WORKBOOK_CAS
EyeIrritation6pack_PID928,Tandem CS,MATCH,NO_ACTION,9,4,4,4,6062-26-6 | 3653-48-3,CC1=C(C=CC(=C1)Cl)OCCCC(=O)[O-].[Na+] | CC1=C(C=CC(=C1)Cl)OCC(=O)[O-].[Na+],23675729 | 2724048,
EyeIrritation6pack_PID926,T-Methyl G-Pro 50 WSB Fungicide,EVIDENCE_WEAK,NO_ACTION,9,1,1,2,,,,SOURCE_HAS_CAS_BUT_WORKBOOK_CAS_BLANK
EyeIrritation6pack_PID924,Synguard Multi G,MATCH,NO_ACTION,9,5,5,5,101-68-8 | 9016-87-9 | 5873-54-1,C1=CC(=CC=C1CC2=CC=C(C=C2)N=C=O)N=C=O | C1=CC=C(C(=C1)CC2=CC=C(C=C2)N=C=O)N=C=O,7570 | 62593,
EyeIrritation6pack_PID923,SYN 1219 Herbicide,MATCH,NO_ACTION,9,3,3,3,67-63-0 | 94-09-7,CC(C)O | CCOC(=O)C1=CC=C(C=C1)N,3776 | 2337,
EyeIrritation6pack_PID922,Switch 62.5 WG,MATCH,NO_ACTION,9,3,3,3,14808-60-7 | 61790-53-2 | 131341-86-1 | 121552-61-2,,24261 | 86398 | 86367,
EyeIrritation6pack_PID920,Swagger,MISMATCH,NO_ACTION,9,3,3,3,82657-04-3 | 138261-41-3 | 872-50-4,CC1=C(C=CC=C1C2=CC=CC=C2)COC(=O)[C@@H]3[C@@H](C3(C)C)/C=C(/C(F)(F)F)\Cl | C1CN(/C(=N/[N+](=O)[O-])/N1)CC2=CN=C(C=C2)Cl | CN1CCCC1=O,6442842 | 86287518 | 13387,SECTION_3_HAS_EXTRA_SOURCE_CAS
EyeIrritation6pack_PID919,SVP8,SOURCE_UNAVAILABLE,NO_ACTION,9,2,2,4,,,,SOURCE_DOWNLOAD_FAILED: 404 Client Error: Not Found for url: https://www.chicago.gov/content/dam/city/depts/cdph/environmental_health_and_food/Community_Information/Response_to_CDPH_Comments-Final.pdf
EyeIrritation6pack_PID918,Suprend,MATCH,NO_ACTION,9,2,2,3,,,,
EyeIrritation6pack_PID917,Supremacy Herbicide,MATCH,NO_ACTION,9,3,8,8,122836-35-5 | 447399-55-5 | 57-55-6 | 1322-93-6 | 108-88-3,CC1=NN(C(=O)N1C(F)F)C2=C(C=C(C(=C2)NS(=O)(=O)C)Cl)Cl | CC1(CC(=NO1)S(=O)(=O)CC2=C(N(N=C2C(F)(F)F)C)OC(F)F)C | CC(CO)O | CC(C)C1=CC2=CC=CC=C2C(=C1C(C)C)S(=O)(=O)O | CC1=CC=CC=C1,86369 | 11556910 | 1030 | 162217 | 1140,
EyeIrritation6pack_PID916,Superfine Wettable Sulphur,EVIDENCE_WEAK,NO_ACTION,9,1,1,1,7704-34-9 | 94-00-1,,5362487,INVALID_WORKBOOK_CAS
EyeIrritation6pack_PID915,Super K-Gro Malathion 50 Insect Spray,MATCH,NO_ACTION,9,1,1,2,,,,
EyeIrritation6pack_PID914,Sumione,MATCH,NO_ACTION,9,1,1,1,,,,
EyeIrritation6pack_PID908,Stratego 731 Fungicide,MATCH,NO_ACTION,9,3,4,4,141517-21-7 | 60207-90-1 | 872-50-4,C/C(=N\OCC1=CC=CC=C1/C(=N\OC)/C(=O)OC)/C2=CC(=CC=C2)C(F)(F)F | CCCC1COC(O1)(CN2C=NC=N2)C3=C(C=C(C=C3)Cl)Cl | CN1CCCC1=O,11664966 | 43234 | 13387,
EyeIrritation6pack_PID907,Strada XT,MATCH,NO_ACTION,9,2,2,8,213464-77-8 | 1332-58-7 | 61790-53-2 | 14808-60-7,CN(C)C(=O)C1=CC=CC=C1NS(=O)(=O)NC(=O)NC2=NC(=CC(=N2)OC)OC | O=[Si]=O,11091168 | 24261,
EyeIrritation6pack_PID905,"Storicide II Grain, Bin and Warehouse Insecticide",MATCH,NO_ACTION,9,8,8,8,5598-13-0 | 52918-63-5 | 64742-95-6 | 95-63-6 | 1330-20-7 | 108-67-8 | 100-41-4 | 98-82-8,COP(=S)(OC)OC1=NC(=C(C=C1Cl)Cl)Cl | CC1([C@H]([C@H]1C(=O)O[C@H](C#N)C2=CC(=CC=C2)OC3=CC=CC=C3)C=C(Br)Br)C | CC1=CC(=C(C=C1)C)C | CC1=CC(=CC(=C1)C)C | CCC1=CC=CC=C1 | CC(C)C1=CC=CC=C1,21803 | 40585 | 7247 | 7947 | 7500 | 7406,
EyeIrritation6pack_PID903,Starane NXT Herbicide,SOURCE_UNAVAILABLE,NO_ACTION,9,2,3,7,81406-37-3 | 64742-94-5 | 68953-96-8 | 872-50-4,CCCCCCC(C)OC(=O)COC1=NC(=C(C(=C1Cl)N)Cl)F | CN1CCCC1=O,54745 | 13387,SOURCE_DOWNLOAD_FAILED: 404 Client Error: Not Found for url: https://horticentre.co.nz/wp-content/uploads/SafetyDatasheets/Starane-Xtra-Corteva-SDS.pdf?ver=1757156741
EyeIrritation6pack_PID901,Sporgard WB,EVIDENCE_WEAK,NO_ACTION,9,3,3,5,,,,SECTION_3_NOT_FOUND
EyeIrritation6pack_PID900,Splat-Mat ME,MATCH,NO_ACTION,9,1,1,8,88917-22-0 | 59719-67-4 | 77-58-7 | 112926-00-8 | 123-54-6 | 67762-90-7 | 63148-62-9,CC(COC)OCC(C)OC(=O)C | CC(C)C1N(CCO1)CCOC(=O)NCCCCCCNC(=O)OCCN2CCOC2C(C)C | CCCCCCCCCCCC(=O)O[Sn](CCCC)(CCCC)OC(=O)CCCCCCCCCCC | O=[Si]=O | CC(=O)CC(=O)C,9815489 | 108381 | 16682738 | 24261 | 31261,
EyeIrritation6pack_PID899,Spiroxamine (KWG 4168),MATCH,NO_ACTION,9,1,1,1,118134-30-8,CCCN(CC)CC1COC2(O1)CCC(CC2)C(C)(C)C,86160,
EyeIrritation6pack_PID935,TC 218,MATCH,NO_ACTION,9,1,2,3,28407-37-6,C1=CC(=C(C=C1C2=CC(=C(C=C2)N=NC3=C(C4=C(C=C(C=C4C=C3S(=O)(=O)[O-])S(=O)(=O)[O-])N)O)O)O)N=NC5=C(C6=C(C=C(C=C6C=C5S(=O)(=O)[O-])S(=O)(=O)[O-])N)O.[Na+].[Na+].[Na+].[Na+].[Cu].[Cu],34237,
MIX999,Hyacinth absolute,MISMATCH,NO_ACTION,9,1,0,0,120-51-4,,,SECTION_3_HAS_EXTRA_SOURCE_CAS
