Formulation_ID,endpoint,confidence,tier,근거인용문,사유,y,y_bin,y_src_detail,ct_cat,from_neg_recovery,y_conflict,quote_has_explicit_negative,quote_has_suspicious_marker,quote_has_no_data_marker
Cancer_PID_1057,eye,high,NONE,,복구분 아님 · 출처 상충 없음 · CT 와 모순 없음,2A,1.0,sds_2nd,,False,False,False,False,False
Cancer_PID_108,eye,high,NONE,,복구분 아님 · 출처 상충 없음 · CT 와 모순 없음,NC,0.0,sds_2nd_sec11,NC,False,False,False,False,False
Cancer_PID_6,eye,high,NONE,,복구분 아님 · 출처 상충 없음 · CT 와 모순 없음,2A,1.0,sds_2nd,,False,False,False,False,False
Cancer_PID_98,eye,high,NONE,,복구분 아님 · 출처 상충 없음 · CT 와 모순 없음,2B,1.0,sds_2nd,,False,False,False,False,False
Cancer_PID_99,eye,medium,RECOVERED_negative,Serious eye damage/irritation : Not classified,y=sds_v1 status='negative' 복구분(카테고리 미기재 → NC 보충),NC,0.0,sds_v1_negative_recovered,NC,True,False,True,False,False
EyeIrritation6pack_PID10,eye,high,NONE,,복구분 아님 · 출처 상충 없음 · CT 와 모순 없음,1,1.0,ntp_measured,,False,False,False,False,False
EyeIrritation6pack_PID100,eye,high,NONE,,복구분 아님 · 출처 상충 없음 · CT 와 모순 없음,1,1.0,ntp_measured,,False,False,False,False,False
EyeIrritation6pack_PID1000,eye,high,NONE,,복구분 아님 · 출처 상충 없음 · CT 와 모순 없음,2B,1.0,ntp_measured,,False,False,False,False,False
EyeIrritation6pack_PID1001,eye,high,NONE,Serious eye damage/irritation / no data available,복구분 아님 · 출처 상충 없음 · CT 와 모순 없음,2B,1.0,ntp_measured,,False,False,False,True,True
EyeIrritation6pack_PID1002,eye,medium,SOURCE_CONFLICT,,출처 간 서열 상충(y_conflict=True),2B,1.0,ntp_measured,,False,True,False,False,False
EyeIrritation6pack_PID1004,eye,high,NONE,,복구분 아님 · 출처 상충 없음 · CT 와 모순 없음,NC,0.0,ntp_measured,,False,False,False,False,False
EyeIrritation6pack_PID1005,eye,high,NONE,,복구분 아님 · 출처 상충 없음 · CT 와 모순 없음,1,1.0,ntp_measured,,False,False,False,False,False
EyeIrritation6pack_PID1007,eye,high,NONE,,복구분 아님 · 출처 상충 없음 · CT 와 모순 없음,2B,1.0,ntp_measured,,False,False,False,False,False
EyeIrritation6pack_PID1008,eye,medium,SOURCE_CONFLICT,,출처 간 서열 상충(y_conflict=True),2A,1.0,ntp_measured,2A,False,True,False,False,False
EyeIrritation6pack_PID1009,eye,high,NONE,,복구분 아님 · 출처 상충 없음 · CT 와 모순 없음,NC,0.0,ntp_measured,,False,False,False,False,False
EyeIrritation6pack_PID101,eye,high,NONE,,복구분 아님 · 출처 상충 없음 · CT 와 모순 없음,2B,1.0,ntp_measured,,False,False,False,False,False
EyeIrritation6pack_PID1011,eye,high,NONE,,복구분 아님 · 출처 상충 없음 · CT 와 모순 없음,2A,1.0,ntp_measured,NC,False,False,False,False,False
EyeIrritation6pack_PID1012,eye,medium,SOURCE_CONFLICT,,출처 간 서열 상충(y_conflict=True),NC,0.0,ntp_measured,NC,False,True,False,False,False
EyeIrritation6pack_PID1013,eye,high,NONE,,복구분 아님 · 출처 상충 없음 · CT 와 모순 없음,2B,1.0,ntp_measured,,False,False,False,False,False
EyeIrritation6pack_PID1016,eye,high,NONE,,복구분 아님 · 출처 상충 없음 · CT 와 모순 없음,2A,1.0,ntp_measured,,False,False,False,False,False
EyeIrritation6pack_PID1018,eye,high,NONE,,복구분 아님 · 출처 상충 없음 · CT 와 모순 없음,2B,1.0,ntp_measured,NC,False,False,False,False,False
EyeIrritation6pack_PID1019,eye,high,NONE,Eye contact Moderately irritating to the eyes.,복구분 아님 · 출처 상충 없음 · CT 와 모순 없음,2B,1.0,ntp_measured,,False,False,False,True,False
EyeIrritation6pack_PID102,eye,high,NONE,,복구분 아님 · 출처 상충 없음 · CT 와 모순 없음,NC,0.0,ntp_measured,,False,False,False,False,False
EyeIrritation6pack_PID1020,eye,high,NONE,,복구분 아님 · 출처 상충 없음 · CT 와 모순 없음,NC,0.0,ntp_measured,NC,False,False,False,False,False
EyeIrritation6pack_PID1021,eye,high,NONE,,복구분 아님 · 출처 상충 없음 · CT 와 모순 없음,2B,1.0,ntp_measured,1,False,False,False,False,False
EyeIrritation6pack_PID1022,eye,high,NONE,,복구분 아님 · 출처 상충 없음 · CT 와 모순 없음,NC,0.0,ntp_measured,NC,False,False,False,False,False
EyeIrritation6pack_PID1023,eye,high,NONE,,복구분 아님 · 출처 상충 없음 · CT 와 모순 없음,NC,0.0,ntp_measured,NC,False,False,False,False,False
EyeIrritation6pack_PID1024,eye,medium,SOURCE_CONFLICT,"2.1 Classification of the substance or mixture / Not a hazardous substance or mixture. / 2.2 GHS Label elements, including precautionary statements / Not a hazardous substance or mixture. / ... Serious eye damage/eye irritation / No data available",출처 간 서열 상충(y_conflict=True),2B,1.0,ntp_measured,,False,True,True,True,True
EyeIrritation6pack_PID1025,eye,high,NONE,,복구분 아님 · 출처 상충 없음 · CT 와 모순 없음,2B,1.0,ntp_measured,,False,False,False,False,False
EyeIrritation6pack_PID1026,eye,high,NONE,,복구분 아님 · 출처 상충 없음 · CT 와 모순 없음,2B,1.0,ntp_measured,,False,False,False,False,False
EyeIrritation6pack_PID1027,eye,high,NONE,"Classification of the Substance or Mixture (per Globally Harmonized System of Classification and Labeling of Chemicals (GHS), Ninth revised edition) Acute Toxicity - Oral: Category 5 Acute Toxicity – Inhalation: Category 4 Eye Irritation: Category 2B Skin Irritation: Category 3",복구분 아님 · 출처 상충 없음 · CT 와 모순 없음,2B,1.0,ntp_measured,,False,False,False,False,False
EyeIrritation6pack_PID1028,eye,high,NONE,,복구분 아님 · 출처 상충 없음 · CT 와 모순 없음,NC,0.0,ntp_measured,NC,False,False,False,False,False
EyeIrritation6pack_PID1029,eye,high,NONE,,복구분 아님 · 출처 상충 없음 · CT 와 모순 없음,NC,0.0,ntp_measured,,False,False,False,False,False
EyeIrritation6pack_PID103,eye,high,NONE,,복구분 아님 · 출처 상충 없음 · CT 와 모순 없음,NC,0.0,ntp_measured,NC,False,False,False,False,False
EyeIrritation6pack_PID1031,eye,medium,SOURCE_CONFLICT,,출처 간 서열 상충(y_conflict=True),1,1.0,ntp_measured,,False,True,False,False,False
EyeIrritation6pack_PID1032,eye,medium,SOURCE_CONFLICT,"Serious Eye Damage/Irritation / Based on available data, the classification criteria are not met.",출처 간 서열 상충(y_conflict=True),2B,1.0,ntp_measured,NC,False,True,True,False,False
EyeIrritation6pack_PID1033,eye,high,NONE,,복구분 아님 · 출처 상충 없음 · CT 와 모순 없음,2B,1.0,ntp_measured,,False,False,False,False,False
EyeIrritation6pack_PID1034,eye,high,NONE,,복구분 아님 · 출처 상충 없음 · CT 와 모순 없음,1,1.0,ntp_measured,2A,False,False,False,False,False
EyeIrritation6pack_PID1037,eye,high,NONE,,복구분 아님 · 출처 상충 없음 · CT 와 모순 없음,2B,1.0,ntp_measured,,False,False,False,False,False
EyeIrritation6pack_PID1038,eye,high,NONE,,복구분 아님 · 출처 상충 없음 · CT 와 모순 없음,NC,0.0,ntp_measured,,False,False,False,False,False
EyeIrritation6pack_PID1039,eye,medium,SOURCE_CONFLICT,(c) serious eye damage/irritation: not irritant,출처 간 서열 상충(y_conflict=True),NC,0.0,ntp_measured,NC,False,True,False,False,False
EyeIrritation6pack_PID104,eye,medium,SOURCE_CONFLICT,,출처 간 서열 상충(y_conflict=True),2B,1.0,ntp_measured,,False,True,False,False,False
EyeIrritation6pack_PID1040,eye,medium,SOURCE_CONFLICT,Serious eye damage/eye irritation / Product: / Result : No eye irritation,출처 간 서열 상충(y_conflict=True),2B,1.0,ntp_measured,NC,False,True,True,False,False
EyeIrritation6pack_PID1042,eye,medium,SOURCE_CONFLICT,,출처 간 서열 상충(y_conflict=True),2B,1.0,ntp_measured,2A,False,True,False,False,False
EyeIrritation6pack_PID1043,eye,medium,CT_CONTRADICTION,,CT baseline(GHS 가산법)은 양성인데 최종 라벨은 음성 — 상충,NC,0.0,ntp_measured,2A,False,False,False,False,False
EyeIrritation6pack_PID1044,eye,medium,SOURCE_CONFLICT,Eye irritation: Category 2A ... H319 Causes serious eye irritation.,출처 간 서열 상충(y_conflict=True),2B,1.0,ntp_measured,,False,True,False,True,False
EyeIrritation6pack_PID1045,eye,high,NONE,,복구분 아님 · 출처 상충 없음 · CT 와 모순 없음,NC,0.0,ntp_measured,NC,False,False,False,False,False
EyeIrritation6pack_PID1048,eye,high,NONE,,복구분 아님 · 출처 상충 없음 · CT 와 모순 없음,1,1.0,ntp_measured,NC,False,False,False,False,False
EyeIrritation6pack_PID105,eye,medium,SOURCE_CONFLICT,,출처 간 서열 상충(y_conflict=True),2B,1.0,ntp_measured,,False,True,False,False,False
EyeIrritation6pack_PID1050,eye,high,NONE,,복구분 아님 · 출처 상충 없음 · CT 와 모순 없음,NC,0.0,sds_2nd_sec11,,False,False,False,False,False
EyeIrritation6pack_PID1051,eye,medium,SOURCE_CONFLICT,,출처 간 서열 상충(y_conflict=True),2A,1.0,ntp_measured,NC,False,True,False,False,False
EyeIrritation6pack_PID1052,eye,high,NONE,,복구분 아님 · 출처 상충 없음 · CT 와 모순 없음,NC,0.0,ntp_measured,NC,False,False,False,False,False
EyeIrritation6pack_PID1053,eye,high,NONE,,복구분 아님 · 출처 상충 없음 · CT 와 모순 없음,NC,0.0,ntp_measured,,False,False,False,False,False
EyeIrritation6pack_PID1054,eye,high,NONE,,복구분 아님 · 출처 상충 없음 · CT 와 모순 없음,NC,0.0,ntp_measured,,False,False,False,False,False
EyeIrritation6pack_PID1055,eye,medium,SOURCE_CONFLICT,· on the eye: No irritating effect.,출처 간 서열 상충(y_conflict=True),2B,1.0,ntp_measured,NC,False,True,True,False,False
EyeIrritation6pack_PID1056,eye,high,NONE,,복구분 아님 · 출처 상충 없음 · CT 와 모순 없음,NC,0.0,ntp_measured,,False,False,False,False,False
EyeIrritation6pack_PID1059,eye,high,NONE,,복구분 아님 · 출처 상충 없음 · CT 와 모순 없음,1,1.0,ntp_measured,NC,False,False,False,False,False
EyeIrritation6pack_PID1060,eye,high,NONE,Eye / Species: rabbit / Result: non-irritant / Method: OECD Guideline 405,복구분 아님 · 출처 상충 없음 · CT 와 모순 없음,NC,0.0,ntp_measured,NC,False,False,True,False,False
EyeIrritation6pack_PID1061,eye,medium,SOURCE_CONFLICT,,출처 간 서열 상충(y_conflict=True),2B,1.0,ntp_measured,NC,False,True,False,False,False
EyeIrritation6pack_PID1062,eye,medium,SOURCE_CONFLICT,"Eye irritation, Category 2 ... H319 Causes serious eye irritation",출처 간 서열 상충(y_conflict=True),2B,1.0,ntp_measured,,False,True,False,True,False
EyeIrritation6pack_PID1064,eye,high,NONE,,복구분 아님 · 출처 상충 없음 · CT 와 모순 없음,2B,1.0,ntp_measured,,False,False,False,False,False
EyeIrritation6pack_PID107,eye,high,NONE,,복구분 아님 · 출처 상충 없음 · CT 와 모순 없음,2B,1.0,ntp_measured,,False,False,False,False,False
EyeIrritation6pack_PID110,eye,high,NONE,,복구분 아님 · 출처 상충 없음 · CT 와 모순 없음,1,1.0,ntp_measured,,False,False,False,False,False
EyeIrritation6pack_PID115,eye,high,NONE,,복구분 아님 · 출처 상충 없음 · CT 와 모순 없음,2B,1.0,ntp_measured,NC,False,False,False,False,False
EyeIrritation6pack_PID116,eye,medium,RECOVERED_negative,"Rabbit, Eye Irritation -   Not irritating",y=sds_v1 status='negative' 복구분(카테고리 미기재 → NC 보충),NC,0.0,sds_v1_negative_recovered,,True,False,True,False,False
EyeIrritation6pack_PID117,eye,high,NONE,,복구분 아님 · 출처 상충 없음 · CT 와 모순 없음,2B,1.0,ntp_measured,,False,False,False,False,False
EyeIrritation6pack_PID118,eye,medium,SOURCE_CONFLICT,Eye Dam./Irrit. 2 H319 Causes serious eye irritation.,출처 간 서열 상충(y_conflict=True),2B,1.0,ntp_measured,,False,True,False,True,False
EyeIrritation6pack_PID119,eye,high,NONE,,복구분 아님 · 출처 상충 없음 · CT 와 모순 없음,2A,1.0,ntp_measured,NC,False,False,False,False,False
EyeIrritation6pack_PID120,eye,high,NONE,,복구분 아님 · 출처 상충 없음 · CT 와 모순 없음,2B,1.0,ntp_measured,NC,False,False,False,False,False
EyeIrritation6pack_PID121,eye,high,NONE,,복구분 아님 · 출처 상충 없음 · CT 와 모순 없음,2A,1.0,ntp_measured,,False,False,False,False,False
EyeIrritation6pack_PID123,eye,high,NONE,,복구분 아님 · 출처 상충 없음 · CT 와 모순 없음,NC,0.0,ntp_measured,,False,False,False,False,False
EyeIrritation6pack_PID124,eye,medium,SOURCE_CONFLICT,,출처 간 서열 상충(y_conflict=True),2B,1.0,ntp_measured,NC,False,True,False,False,False
EyeIrritation6pack_PID125,eye,high,NONE,Eye Dam./Irrit. 1 H318 Causes serious eye damage.,복구분 아님 · 출처 상충 없음 · CT 와 모순 없음,1,1.0,ntp_measured,,False,False,False,True,False
EyeIrritation6pack_PID126,eye,high,NONE,,복구분 아님 · 출처 상충 없음 · CT 와 모순 없음,NC,0.0,ntp_measured,,False,False,False,False,False
EyeIrritation6pack_PID127,eye,high,NONE,,복구분 아님 · 출처 상충 없음 · CT 와 모순 없음,NC,0.0,ntp_measured,,False,False,False,False,False
EyeIrritation6pack_PID128,eye,medium,SOURCE_CONFLICT,"Assessment of irritating effects: / Not irritating to eyes and skin. The product has not been tested. The statement has been derived from substances/products of a similar structure or composition. /  / Experimental/calculated data: / ... / Serious eye damage/irritation /  rabbit: non-irritant (Guideline 92/69/EEC, B.5)",출처 간 서열 상충(y_conflict=True),1,1.0,ntp_measured,1,False,True,True,True,False
EyeIrritation6pack_PID131,eye,high,NONE,,복구분 아님 · 출처 상충 없음 · CT 와 모순 없음,2A,1.0,ntp_measured,,False,False,False,False,False
EyeIrritation6pack_PID132,eye,high,NONE,,복구분 아님 · 출처 상충 없음 · CT 와 모순 없음,2B,1.0,ntp_measured,,False,False,False,False,False
EyeIrritation6pack_PID134,eye,high,NONE,,복구분 아님 · 출처 상충 없음 · CT 와 모순 없음,NC,0.0,ntp_measured,,False,False,False,False,False
EyeIrritation6pack_PID137,eye,high,NONE,,복구분 아님 · 출처 상충 없음 · CT 와 모순 없음,2B,1.0,ntp_measured,NC,False,False,False,False,False
EyeIrritation6pack_PID138,eye,high,NONE,"Eye irritation (Category 2A), H319",복구분 아님 · 출처 상충 없음 · CT 와 모순 없음,2A,1.0,ntp_measured,,False,False,False,False,False
EyeIrritation6pack_PID142,eye,high,NONE,,복구분 아님 · 출처 상충 없음 · CT 와 모순 없음,2A,1.0,ntp_measured,,False,False,False,False,False
EyeIrritation6pack_PID143,eye,high,NONE,,복구분 아님 · 출처 상충 없음 · CT 와 모순 없음,2B,1.0,ntp_measured,NC,False,False,False,False,False
EyeIrritation6pack_PID144,eye,high,NONE,,복구분 아님 · 출처 상충 없음 · CT 와 모순 없음,NC,0.0,ntp_measured,NC,False,False,False,False,False
EyeIrritation6pack_PID145,eye,medium,SOURCE_CONFLICT,Eye Irrit. 2A H319 ... H319 Causes serious eye irritation.,출처 간 서열 상충(y_conflict=True),NC,0.0,ntp_measured,NC,False,True,False,True,False
EyeIrritation6pack_PID146,eye,high,NONE,,복구분 아님 · 출처 상충 없음 · CT 와 모순 없음,NC,0.0,ntp_measured,NC,False,False,False,False,False
EyeIrritation6pack_PID147,eye,high,NONE,,복구분 아님 · 출처 상충 없음 · CT 와 모순 없음,NC,0.0,ntp_measured,NC,False,False,False,False,False
EyeIrritation6pack_PID148,eye,high,NONE,,복구분 아님 · 출처 상충 없음 · CT 와 모순 없음,NC,0.0,ntp_measured,NC,False,False,False,False,False
EyeIrritation6pack_PID149,eye,high,NONE,,복구분 아님 · 출처 상충 없음 · CT 와 모순 없음,NC,0.0,ntp_measured,NC,False,False,False,False,False
EyeIrritation6pack_PID150,eye,high,NONE,,복구분 아님 · 출처 상충 없음 · CT 와 모순 없음,NC,0.0,ntp_measured,NC,False,False,False,False,False
EyeIrritation6pack_PID151,eye,high,NONE,,복구분 아님 · 출처 상충 없음 · CT 와 모순 없음,2B,1.0,ntp_measured,NC,False,False,False,False,False
EyeIrritation6pack_PID152,eye,high,NONE,,복구분 아님 · 출처 상충 없음 · CT 와 모순 없음,2B,1.0,ntp_measured,NC,False,False,False,False,False
EyeIrritation6pack_PID153,eye,medium,SOURCE_CONFLICT,,출처 간 서열 상충(y_conflict=True),2B,1.0,ntp_measured,NC,False,True,False,False,False
EyeIrritation6pack_PID154,eye,high,NONE,,복구분 아님 · 출처 상충 없음 · CT 와 모순 없음,2B,1.0,ntp_measured,NC,False,False,False,False,False
EyeIrritation6pack_PID155,eye,high,NONE,,복구분 아님 · 출처 상충 없음 · CT 와 모순 없음,2B,1.0,ntp_measured,NC,False,False,False,False,False
EyeIrritation6pack_PID157,eye,high,NONE,,복구분 아님 · 출처 상충 없음 · CT 와 모순 없음,1,1.0,ntp_measured,2A,False,False,False,False,False
EyeIrritation6pack_PID160,eye,medium,SOURCE_CONFLICT,"GHS Classification in accordance with 29 CFR 1910 (OSHA HCS) Eye irritation (Category 2A), H319",출처 간 서열 상충(y_conflict=True),2B,1.0,ntp_measured,,False,True,False,False,False
EyeIrritation6pack_PID167,eye,high,NONE,,복구분 아님 · 출처 상충 없음 · CT 와 모순 없음,2B,1.0,ntp_measured,,False,False,False,False,False
EyeIrritation6pack_PID168,eye,high,NONE,Serious eye damage/irritation : Not classified pH: 7 - 8,복구분 아님 · 출처 상충 없음 · CT 와 모순 없음,NC,0.0,ntp_measured,,False,False,True,False,False
EyeIrritation6pack_PID17,eye,high,NONE,,복구분 아님 · 출처 상충 없음 · CT 와 모순 없음,2B,1.0,ntp_measured,,False,False,False,False,False
EyeIrritation6pack_PID170,eye,high,NONE,Serious eye damage/eye irritation  / Eyes - Rabbit  / Result: Mild eye irritation  / (OECD Test Guideline 405),복구분 아님 · 출처 상충 없음 · CT 와 모순 없음,NC,0.0,ntp_measured,NC,False,False,False,False,False
EyeIrritation6pack_PID173,eye,high,NONE,,복구분 아님 · 출처 상충 없음 · CT 와 모순 없음,2B,1.0,ntp_measured,NC,False,False,False,False,False
EyeIrritation6pack_PID175,eye,high,NONE,,복구분 아님 · 출처 상충 없음 · CT 와 모순 없음,1,1.0,ntp_measured,NC,False,False,False,False,False
EyeIrritation6pack_PID176,eye,medium,SOURCE_CONFLICT,,출처 간 서열 상충(y_conflict=True),2B,1.0,ntp_measured,,False,True,False,False,False
EyeIrritation6pack_PID177,eye,medium,SOURCE_CONFLICT,,출처 간 서열 상충(y_conflict=True),2B,1.0,ntp_measured,,False,True,False,False,False
EyeIrritation6pack_PID178,eye,medium,SOURCE_CONFLICT,,출처 간 서열 상충(y_conflict=True),2B,1.0,ntp_measured,,False,True,False,False,False
EyeIrritation6pack_PID179,eye,medium,SOURCE_CONFLICT,,출처 간 서열 상충(y_conflict=True),2B,1.0,ntp_measured,NC,False,True,False,False,False
EyeIrritation6pack_PID18,eye,high,NONE,,복구분 아님 · 출처 상충 없음 · CT 와 모순 없음,1,1.0,ntp_measured,,False,False,False,False,False
EyeIrritation6pack_PID180,eye,high,NONE,,복구분 아님 · 출처 상충 없음 · CT 와 모순 없음,2B,1.0,ntp_measured,,False,False,False,False,False
EyeIrritation6pack_PID182,eye,high,NONE,,복구분 아님 · 출처 상충 없음 · CT 와 모순 없음,2B,1.0,ntp_measured,,False,False,False,False,False
EyeIrritation6pack_PID186,eye,medium,SOURCE_CONFLICT,,출처 간 서열 상충(y_conflict=True),2B,1.0,ntp_measured,NC,False,True,False,False,False
EyeIrritation6pack_PID194,eye,medium,SOURCE_CONFLICT,,출처 간 서열 상충(y_conflict=True),2B,1.0,ntp_measured,,False,True,False,False,False
EyeIrritation6pack_PID195,eye,medium,SOURCE_CONFLICT,,출처 간 서열 상충(y_conflict=True),2A,1.0,ntp_measured,,False,True,False,False,False
EyeIrritation6pack_PID196,eye,high,NONE,,복구분 아님 · 출처 상충 없음 · CT 와 모순 없음,1,1.0,ntp_measured,,False,False,False,False,False
EyeIrritation6pack_PID197,eye,high,NONE,,복구분 아님 · 출처 상충 없음 · CT 와 모순 없음,2B,1.0,ntp_measured,NC,False,False,False,False,False
EyeIrritation6pack_PID205,eye,high,NONE,,복구분 아님 · 출처 상충 없음 · CT 와 모순 없음,2A,1.0,ntp_measured,2A,False,False,False,False,False
EyeIrritation6pack_PID213,eye,high,NONE,,복구분 아님 · 출처 상충 없음 · CT 와 모순 없음,2B,1.0,ntp_measured,,False,False,False,False,False
EyeIrritation6pack_PID214,eye,high,NONE,,복구분 아님 · 출처 상충 없음 · CT 와 모순 없음,2B,1.0,ntp_measured,NC,False,False,False,False,False
EyeIrritation6pack_PID217,eye,high,NONE,,복구분 아님 · 출처 상충 없음 · CT 와 모순 없음,2B,1.0,ntp_measured,NC,False,False,False,False,False
EyeIrritation6pack_PID218,eye,high,NONE,,복구분 아님 · 출처 상충 없음 · CT 와 모순 없음,2A,1.0,ntp_measured,NC,False,False,False,False,False
EyeIrritation6pack_PID219,eye,high,NONE,,복구분 아님 · 출처 상충 없음 · CT 와 모순 없음,2B,1.0,ntp_measured,,False,False,False,False,False
EyeIrritation6pack_PID220,eye,high,NONE,"Signs and symptoms of short-term (acute) exposure: Irritating to eyes, respiratory system and skin. / Eye irritation = Moderate",복구분 아님 · 출처 상충 없음 · CT 와 모순 없음,2B,1.0,ntp_measured,,False,False,False,True,False
EyeIrritation6pack_PID221,eye,medium,CT_CONTRADICTION,,CT baseline(GHS 가산법)은 양성인데 최종 라벨은 음성 — 상충 | 출처 간 서열 상충(y_conflict=True),NC,0.0,ntp_measured,2A,False,True,False,False,False
EyeIrritation6pack_PID222,eye,medium,SOURCE_CONFLICT,Eye Dam. 2A;H319 Causes serious eye irritation.,출처 간 서열 상충(y_conflict=True),2B,1.0,ntp_measured,NC,False,True,False,True,False
EyeIrritation6pack_PID223,eye,high,NONE,,복구분 아님 · 출처 상충 없음 · CT 와 모순 없음,2B,1.0,ntp_measured,1,False,False,False,False,False
EyeIrritation6pack_PID224,eye,high,NONE,,복구분 아님 · 출처 상충 없음 · CT 와 모순 없음,2B,1.0,ntp_measured,2A,False,False,False,False,False
EyeIrritation6pack_PID225,eye,high,NONE,,복구분 아님 · 출처 상충 없음 · CT 와 모순 없음,2B,1.0,ntp_measured,2A,False,False,False,False,False
EyeIrritation6pack_PID226,eye,high,NONE,,복구분 아님 · 출처 상충 없음 · CT 와 모순 없음,2B,1.0,ntp_measured,NC,False,False,False,False,False
EyeIrritation6pack_PID228,eye,high,NONE,,복구분 아님 · 출처 상충 없음 · CT 와 모순 없음,2B,1.0,ntp_measured,NC,False,False,False,False,False
EyeIrritation6pack_PID229,eye,high,NONE,,복구분 아님 · 출처 상충 없음 · CT 와 모순 없음,1,1.0,ntp_measured,2A,False,False,False,False,False
EyeIrritation6pack_PID23,eye,high,NONE,,복구분 아님 · 출처 상충 없음 · CT 와 모순 없음,2B,1.0,ntp_measured,,False,False,False,False,False
EyeIrritation6pack_PID231,eye,high,NONE,,복구분 아님 · 출처 상충 없음 · CT 와 모순 없음,1,1.0,ntp_measured,,False,False,False,False,False
EyeIrritation6pack_PID233,eye,high,NONE,Causes moderate eye irritation. ... EYE – Irritating and may injure eye tissue if not removed promptly. ... EYE IRRITANT Rabbit – Slight Irritant,복구분 아님 · 출처 상충 없음 · CT 와 모순 없음,2B,1.0,ntp_measured,,False,False,False,False,False
EyeIrritation6pack_PID24,eye,high,NONE,,복구분 아님 · 출처 상충 없음 · CT 와 모순 없음,NC,0.0,ntp_measured,,False,False,False,False,False
EyeIrritation6pack_PID240,eye,high,NONE,,복구분 아님 · 출처 상충 없음 · CT 와 모순 없음,2B,1.0,ntp_measured,,False,False,False,False,False
EyeIrritation6pack_PID241,eye,high,NONE,Serious eye damage/eye irritation  / Eyes - rabbit  / Remarks: slight irritation,복구분 아님 · 출처 상충 없음 · CT 와 모순 없음,2A,1.0,ntp_measured,,False,False,False,False,False
EyeIrritation6pack_PID242,eye,high,NONE,,복구분 아님 · 출처 상충 없음 · CT 와 모순 없음,2B,1.0,ntp_measured,NC,False,False,False,False,False
EyeIrritation6pack_PID243,eye,high,NONE,,복구분 아님 · 출처 상충 없음 · CT 와 모순 없음,2B,1.0,ntp_measured,NC,False,False,False,False,False
EyeIrritation6pack_PID246,eye,high,NONE,Serious eye damage/eye irritation  / Eyes - Rabbit  / Result: No eye irritation,복구분 아님 · 출처 상충 없음 · CT 와 모순 없음,NC,0.0,ntp_measured,NC,False,False,True,False,False
EyeIrritation6pack_PID247,eye,high,NONE,Serious eye damage/eye irritation  / Eyes - Rabbit  / Result: No eye irritation,복구분 아님 · 출처 상충 없음 · CT 와 모순 없음,NC,0.0,ntp_measured,NC,False,False,True,False,False
EyeIrritation6pack_PID251,eye,high,NONE,,복구분 아님 · 출처 상충 없음 · CT 와 모순 없음,2B,1.0,ntp_measured,NC,False,False,False,False,False
EyeIrritation6pack_PID252,eye,high,NONE,,복구분 아님 · 출처 상충 없음 · CT 와 모순 없음,2B,1.0,ntp_measured,NC,False,False,False,False,False
EyeIrritation6pack_PID253,eye,high,NONE,,복구분 아님 · 출처 상충 없음 · CT 와 모순 없음,2B,1.0,ntp_measured,,False,False,False,False,False
EyeIrritation6pack_PID254,eye,medium,SOURCE_CONFLICT,,출처 간 서열 상충(y_conflict=True),1,1.0,ntp_measured,,False,True,False,False,False
EyeIrritation6pack_PID255,eye,high,NONE,,복구분 아님 · 출처 상충 없음 · CT 와 모순 없음,2B,1.0,ntp_measured,,False,False,False,False,False
EyeIrritation6pack_PID256,eye,high,NONE,,복구분 아님 · 출처 상충 없음 · CT 와 모순 없음,2B,1.0,ntp_measured,,False,False,False,False,False
EyeIrritation6pack_PID258,eye,high,NONE,,복구분 아님 · 출처 상충 없음 · CT 와 모순 없음,1,1.0,ntp_measured,1,False,False,False,False,False
EyeIrritation6pack_PID263,eye,high,NONE,,복구분 아님 · 출처 상충 없음 · CT 와 모순 없음,NC,0.0,ntp_measured,NC,False,False,False,False,False
EyeIrritation6pack_PID267,eye,high,NONE,Serious eye damage/eye irritation / No data available,복구분 아님 · 출처 상충 없음 · CT 와 모순 없음,2A,1.0,ntp_measured,,False,False,False,True,True
EyeIrritation6pack_PID269,eye,high,NONE,,복구분 아님 · 출처 상충 없음 · CT 와 모순 없음,2B,1.0,ntp_measured,,False,False,False,False,False
EyeIrritation6pack_PID270,eye,high,NONE,,복구분 아님 · 출처 상충 없음 · CT 와 모순 없음,NC,0.0,ntp_measured,NC,False,False,False,False,False
EyeIrritation6pack_PID271,eye,high,NONE,,복구분 아님 · 출처 상충 없음 · CT 와 모순 없음,NC,0.0,ntp_measured,NC,False,False,False,False,False
EyeIrritation6pack_PID272,eye,high,NONE,,복구분 아님 · 출처 상충 없음 · CT 와 모순 없음,NC,0.0,ntp_measured,NC,False,False,False,False,False
EyeIrritation6pack_PID273,eye,high,NONE,,복구분 아님 · 출처 상충 없음 · CT 와 모순 없음,2B,1.0,ntp_measured,NC,False,False,False,False,False
EyeIrritation6pack_PID274,eye,high,NONE,,복구분 아님 · 출처 상충 없음 · CT 와 모순 없음,2A,1.0,ntp_measured,,False,False,False,False,False
EyeIrritation6pack_PID275,eye,high,NONE,,복구분 아님 · 출처 상충 없음 · CT 와 모순 없음,NC,0.0,ntp_measured,NC,False,False,False,False,False
EyeIrritation6pack_PID276,eye,high,NONE,,복구분 아님 · 출처 상충 없음 · CT 와 모순 없음,2B,1.0,ntp_measured,NC,False,False,False,False,False
EyeIrritation6pack_PID277,eye,medium,SOURCE_CONFLICT,,출처 간 서열 상충(y_conflict=True),2B,1.0,ntp_measured,,False,True,False,False,False
EyeIrritation6pack_PID28,eye,high,NONE,Serious eye damage/eye irritation  / Eyes - rabbit  / Result: No eye irritation,복구분 아님 · 출처 상충 없음 · CT 와 모순 없음,NC,0.0,ntp_measured,,False,False,True,False,False
EyeIrritation6pack_PID281,eye,high,NONE,,복구분 아님 · 출처 상충 없음 · CT 와 모순 없음,NC,0.0,ntp_measured,,False,False,False,False,False
EyeIrritation6pack_PID282,eye,medium,SOURCE_CONFLICT,,출처 간 서열 상충(y_conflict=True),2A,1.0,ntp_measured,,False,True,False,False,False
EyeIrritation6pack_PID283,eye,medium,SOURCE_CONFLICT,,출처 간 서열 상충(y_conflict=True),2B,1.0,ntp_measured,,False,True,False,False,False
EyeIrritation6pack_PID286,eye,medium,SOURCE_CONFLICT,,출처 간 서열 상충(y_conflict=True),1,1.0,ntp_measured,,False,True,False,False,False
EyeIrritation6pack_PID287,eye,medium,SOURCE_CONFLICT,,출처 간 서열 상충(y_conflict=True),2B,1.0,ntp_measured,,False,True,False,False,False
EyeIrritation6pack_PID288,eye,medium,SOURCE_CONFLICT,Serious eye damage/eye irritation / Shall not be classified as seriously damaging to the eye or eye irritant.,출처 간 서열 상충(y_conflict=True),2B,1.0,ntp_measured,,False,True,True,False,False
EyeIrritation6pack_PID289,eye,high,NONE,Serious eye damage/irritation / no data available,복구분 아님 · 출처 상충 없음 · CT 와 모순 없음,2B,1.0,ntp_measured,,False,False,False,True,True
EyeIrritation6pack_PID29,eye,high,NONE,Serious eye damage/eye irritation  / Eyes - rabbit  / Result: No eye irritation,복구분 아님 · 출처 상충 없음 · CT 와 모순 없음,NC,0.0,ntp_measured,,False,False,True,False,False
EyeIrritation6pack_PID293,eye,medium,SOURCE_CONFLICT,,출처 간 서열 상충(y_conflict=True),1,1.0,ntp_measured,,False,True,False,False,False
EyeIrritation6pack_PID298,eye,medium,SOURCE_CONFLICT,,출처 간 서열 상충(y_conflict=True),1,1.0,ntp_measured,,False,True,False,False,False
EyeIrritation6pack_PID299,eye,high,NONE,IRRITATION: Eye irritation: Mild irritant (Tox Cat IV),복구분 아님 · 출처 상충 없음 · CT 와 모순 없음,NC,0.0,ntp_measured,NC,False,False,False,False,False
EyeIrritation6pack_PID3,eye,high,NONE,EYE IRRITATION: Information not available,복구분 아님 · 출처 상충 없음 · CT 와 모순 없음,2B,1.0,ntp_measured,,False,False,False,True,False
EyeIrritation6pack_PID300,eye,high,NONE,,복구분 아님 · 출처 상충 없음 · CT 와 모순 없음,NC,0.0,ntp_measured,,False,False,False,False,False
EyeIrritation6pack_PID301,eye,medium,SOURCE_CONFLICT,Serious eye damage/eye irritation / Eyes - Rabbit / Result: No eye irritation,출처 간 서열 상충(y_conflict=True),1,1.0,ntp_measured,,False,True,True,False,False
EyeIrritation6pack_PID302,eye,high,NONE,,복구분 아님 · 출처 상충 없음 · CT 와 모순 없음,NC,0.0,ntp_measured,NC,False,False,False,False,False
EyeIrritation6pack_PID303,eye,medium,SOURCE_CONFLICT,,출처 간 서열 상충(y_conflict=True),NC,0.0,ntp_measured,NC,False,True,False,False,False
EyeIrritation6pack_PID306,eye,high,NONE,Eyes Causes irritation to eyes.,복구분 아님 · 출처 상충 없음 · CT 와 모순 없음,2A,1.0,ntp_measured,,False,False,False,False,False
EyeIrritation6pack_PID31,eye,high,NONE,,복구분 아님 · 출처 상충 없음 · CT 와 모순 없음,2B,1.0,ntp_measured,,False,False,False,False,False
EyeIrritation6pack_PID310,eye,medium,SOURCE_CONFLICT,"Classification: Flammable Liquid, Category 3 Acute Toxicity, Dermal Category 4 Acute Toxicity, Inhalation Category 4 Skin Irritation, Category 2 Eye Irritation, Category 2 Carcinogenicity, Category 2 Specific Target Organ Toxicity (Single Exposure) – Category 3 Aspiration Hazard – Category 1 / H319: Causes serious eye irritation",출처 간 서열 상충(y_conflict=True),2B,1.0,ntp_measured,,False,True,False,True,False
EyeIrritation6pack_PID312,eye,high,NONE,,복구분 아님 · 출처 상충 없음 · CT 와 모순 없음,NC,0.0,ntp_measured,NC,False,False,False,False,False
EyeIrritation6pack_PID313,eye,medium,SOURCE_CONFLICT,Serious eye damage/eye irritation • No eye irritation: Rabbit; OECD 405,출처 간 서열 상충(y_conflict=True),NC,0.0,ntp_measured,,False,True,True,False,False
EyeIrritation6pack_PID314,eye,high,NONE,,복구분 아님 · 출처 상충 없음 · CT 와 모순 없음,1,1.0,ntp_measured,,False,False,False,False,False
EyeIrritation6pack_PID316,eye,high,NONE,,복구분 아님 · 출처 상충 없음 · CT 와 모순 없음,2B,1.0,ntp_measured,,False,False,False,False,False
EyeIrritation6pack_PID319,eye,high,NONE,,복구분 아님 · 출처 상충 없음 · CT 와 모순 없음,2A,1.0,ntp_measured,,False,False,False,False,False
EyeIrritation6pack_PID32,eye,high,NONE,,복구분 아님 · 출처 상충 없음 · CT 와 모순 없음,2B,1.0,ntp_measured,,False,False,False,False,False
EyeIrritation6pack_PID321,eye,high,NONE,,복구분 아님 · 출처 상충 없음 · CT 와 모순 없음,2B,1.0,ntp_measured,NC,False,False,False,False,False
EyeIrritation6pack_PID323,eye,high,NONE,,복구분 아님 · 출처 상충 없음 · CT 와 모순 없음,NC,0.0,ntp_measured,NC,False,False,False,False,False
EyeIrritation6pack_PID324,eye,high,NONE,,복구분 아님 · 출처 상충 없음 · CT 와 모순 없음,NC,0.0,ntp_measured,NC,False,False,False,False,False
EyeIrritation6pack_PID325,eye,high,NONE,,복구분 아님 · 출처 상충 없음 · CT 와 모순 없음,NC,0.0,ntp_measured,NC,False,False,False,False,False
EyeIrritation6pack_PID326,eye,high,NONE,,복구분 아님 · 출처 상충 없음 · CT 와 모순 없음,2B,1.0,ntp_measured,,False,False,False,False,False
EyeIrritation6pack_PID327,eye,high,NONE,,복구분 아님 · 출처 상충 없음 · CT 와 모순 없음,NC,0.0,ntp_measured,,False,False,False,False,False
EyeIrritation6pack_PID328,eye,high,NONE,,복구분 아님 · 출처 상충 없음 · CT 와 모순 없음,NC,0.0,ntp_measured,,False,False,False,False,False
EyeIrritation6pack_PID329,eye,high,NONE,,복구분 아님 · 출처 상충 없음 · CT 와 모순 없음,2B,1.0,ntp_measured,,False,False,False,False,False
EyeIrritation6pack_PID330,eye,high,NONE,,복구분 아님 · 출처 상충 없음 · CT 와 모순 없음,NC,0.0,ntp_measured,NC,False,False,False,False,False
EyeIrritation6pack_PID332,eye,high,NONE,,복구분 아님 · 출처 상충 없음 · CT 와 모순 없음,NC,0.0,ntp_measured,,False,False,False,False,False
EyeIrritation6pack_PID333,eye,medium,CT_CONTRADICTION,,CT baseline(GHS 가산법)은 양성인데 최종 라벨은 음성 — 상충,NC,0.0,ntp_measured,2A,False,False,False,False,False
EyeIrritation6pack_PID343,eye,high,NONE,GHS classification: Health Hazards: Acute inhalation Category 4 Eye damage/irritation Category 2B,복구분 아님 · 출처 상충 없음 · CT 와 모순 없음,2B,1.0,ntp_measured,,False,False,False,False,False
EyeIrritation6pack_PID344,eye,high,NONE,,복구분 아님 · 출처 상충 없음 · CT 와 모순 없음,2B,1.0,ntp_measured,NC,False,False,False,False,False
EyeIrritation6pack_PID345,eye,high,NONE,,복구분 아님 · 출처 상충 없음 · CT 와 모순 없음,2B,1.0,ntp_measured,,False,False,False,False,False
EyeIrritation6pack_PID347,eye,high,NONE,,복구분 아님 · 출처 상충 없음 · CT 와 모순 없음,2B,1.0,ntp_measured,NC,False,False,False,False,False
EyeIrritation6pack_PID348,eye,high,NONE,,복구분 아님 · 출처 상충 없음 · CT 와 모순 없음,NC,0.0,ntp_measured,NC,False,False,False,False,False
EyeIrritation6pack_PID349,eye,high,NONE,,복구분 아님 · 출처 상충 없음 · CT 와 모순 없음,NC,0.0,ntp_measured,,False,False,False,False,False
EyeIrritation6pack_PID350,eye,high,NONE,,복구분 아님 · 출처 상충 없음 · CT 와 모순 없음,NC,0.0,ntp_measured,,False,False,False,False,False
EyeIrritation6pack_PID351,eye,high,NONE,,복구분 아님 · 출처 상충 없음 · CT 와 모순 없음,NC,0.0,ntp_measured,NC,False,False,False,False,False
EyeIrritation6pack_PID352,eye,high,NONE,,복구분 아님 · 출처 상충 없음 · CT 와 모순 없음,2B,1.0,ntp_measured,NC,False,False,False,False,False
EyeIrritation6pack_PID354,eye,high,NONE,,복구분 아님 · 출처 상충 없음 · CT 와 모순 없음,2B,1.0,ntp_measured,NC,False,False,False,False,False
EyeIrritation6pack_PID355,eye,high,NONE,,복구분 아님 · 출처 상충 없음 · CT 와 모순 없음,2B,1.0,ntp_measured,NC,False,False,False,False,False
EyeIrritation6pack_PID356,eye,high,NONE,,복구분 아님 · 출처 상충 없음 · CT 와 모순 없음,2B,1.0,ntp_measured,NC,False,False,False,False,False
EyeIrritation6pack_PID358,eye,high,NONE,,복구분 아님 · 출처 상충 없음 · CT 와 모순 없음,NC,0.0,ntp_measured,NC,False,False,False,False,False
EyeIrritation6pack_PID360,eye,medium,SOURCE_CONFLICT,,출처 간 서열 상충(y_conflict=True),2B,1.0,ntp_measured,2A,False,True,False,False,False
EyeIrritation6pack_PID361,eye,high,NONE,,복구분 아님 · 출처 상충 없음 · CT 와 모순 없음,NC,0.0,ntp_measured,NC,False,False,False,False,False
EyeIrritation6pack_PID362,eye,high,NONE,,복구분 아님 · 출처 상충 없음 · CT 와 모순 없음,NC,0.0,ntp_measured,NC,False,False,False,False,False
EyeIrritation6pack_PID363,eye,high,NONE,,복구분 아님 · 출처 상충 없음 · CT 와 모순 없음,2B,1.0,ntp_measured,2A,False,False,False,False,False
EyeIrritation6pack_PID364,eye,medium,SOURCE_CONFLICT,,출처 간 서열 상충(y_conflict=True),2B,1.0,ntp_measured,,False,True,False,False,False
EyeIrritation6pack_PID365,eye,high,NONE,,복구분 아님 · 출처 상충 없음 · CT 와 모순 없음,2A,1.0,ntp_measured,NC,False,False,False,False,False
EyeIrritation6pack_PID366,eye,high,NONE,,복구분 아님 · 출처 상충 없음 · CT 와 모순 없음,NC,0.0,ntp_measured,NC,False,False,False,False,False
EyeIrritation6pack_PID367,eye,medium,CT_CONTRADICTION,,CT baseline(GHS 가산법)은 양성인데 최종 라벨은 음성 — 상충,NC,0.0,ntp_measured,2A,False,False,False,False,False
EyeIrritation6pack_PID368,eye,high,NONE,,복구분 아님 · 출처 상충 없음 · CT 와 모순 없음,2B,1.0,ntp_measured,,False,False,False,False,False
EyeIrritation6pack_PID369,eye,high,NONE,,복구분 아님 · 출처 상충 없음 · CT 와 모순 없음,2B,1.0,ntp_measured,,False,False,False,False,False
EyeIrritation6pack_PID37,eye,high,NONE,,복구분 아님 · 출처 상충 없음 · CT 와 모순 없음,NC,0.0,ntp_measured,,False,False,False,False,False
EyeIrritation6pack_PID370,eye,high,NONE,Eye Contact: Mildly Irritating (Rabbit),복구분 아님 · 출처 상충 없음 · CT 와 모순 없음,NC,0.0,ntp_measured,,False,False,False,False,False
EyeIrritation6pack_PID371,eye,high,NONE,,복구분 아님 · 출처 상충 없음 · CT 와 모순 없음,NC,0.0,ntp_measured,,False,False,False,False,False
EyeIrritation6pack_PID373,eye,high,NONE,,복구분 아님 · 출처 상충 없음 · CT 와 모순 없음,2B,1.0,ntp_measured,NC,False,False,False,False,False
EyeIrritation6pack_PID375,eye,high,NONE,,복구분 아님 · 출처 상충 없음 · CT 와 모순 없음,2B,1.0,ntp_measured,NC,False,False,False,False,False
EyeIrritation6pack_PID376,eye,high,NONE,Serious Eye damage/Irritation / Fipronil: Moderate eye irritation (rabbit). (Category III - EPA) / Pyriproxyfen: Eye irritation reversible within 7 days (Category III - EPA),복구분 아님 · 출처 상충 없음 · CT 와 모순 없음,NC,0.0,ntp_measured,NC,False,False,False,False,False
EyeIrritation6pack_PID377,eye,high,NONE,,복구분 아님 · 출처 상충 없음 · CT 와 모순 없음,NC,0.0,ntp_measured,NC,False,False,False,False,False
EyeIrritation6pack_PID378,eye,high,NONE,Serious eye damage/irritation / no data available,복구분 아님 · 출처 상충 없음 · CT 와 모순 없음,2B,1.0,ntp_measured,1,False,False,False,True,True
EyeIrritation6pack_PID379,eye,high,NONE,,복구분 아님 · 출처 상충 없음 · CT 와 모순 없음,2B,1.0,ntp_measured,1,False,False,False,False,False
EyeIrritation6pack_PID380,eye,high,NONE,,복구분 아님 · 출처 상충 없음 · CT 와 모순 없음,2A,1.0,ntp_measured,1,False,False,False,False,False
EyeIrritation6pack_PID381,eye,medium,CT_CONTRADICTION,,CT baseline(GHS 가산법)은 양성인데 최종 라벨은 음성 — 상충,NC,0.0,ntp_measured,1,False,False,False,False,False
EyeIrritation6pack_PID382,eye,high,NONE,,복구분 아님 · 출처 상충 없음 · CT 와 모순 없음,NC,0.0,ntp_measured,NC,False,False,False,False,False
EyeIrritation6pack_PID383,eye,high,NONE,,복구분 아님 · 출처 상충 없음 · CT 와 모순 없음,2B,1.0,ntp_measured,NC,False,False,False,False,False
EyeIrritation6pack_PID386,eye,medium,SOURCE_CONFLICT,,출처 간 서열 상충(y_conflict=True),2B,1.0,ntp_measured,,False,True,False,False,False
EyeIrritation6pack_PID390,eye,high,NONE,,복구분 아님 · 출처 상충 없음 · CT 와 모순 없음,2B,1.0,ntp_measured,NC,False,False,False,False,False
EyeIrritation6pack_PID391,eye,medium,SOURCE_CONFLICT,,출처 간 서열 상충(y_conflict=True),2B,1.0,ntp_measured,NC,False,True,False,False,False
EyeIrritation6pack_PID392,eye,high,NONE,,복구분 아님 · 출처 상충 없음 · CT 와 모순 없음,NC,0.0,ntp_measured,NC,False,False,False,False,False
EyeIrritation6pack_PID393,eye,high,NONE,,복구분 아님 · 출처 상충 없음 · CT 와 모순 없음,NC,0.0,ntp_measured,NC,False,False,False,False,False
EyeIrritation6pack_PID396,eye,high,NONE,,복구분 아님 · 출처 상충 없음 · CT 와 모순 없음,2B,1.0,ntp_measured,NC,False,False,False,False,False
EyeIrritation6pack_PID398,eye,high,NONE,,복구분 아님 · 출처 상충 없음 · CT 와 모순 없음,1,1.0,ntp_measured,,False,False,False,False,False
EyeIrritation6pack_PID4,eye,high,NONE,,복구분 아님 · 출처 상충 없음 · CT 와 모순 없음,2B,1.0,ntp_measured,,False,False,False,False,False
EyeIrritation6pack_PID40,eye,medium,SOURCE_CONFLICT,Serious eye damage/eye irritation / Shall not be classified as seriously damaging to the eye or eye irritant.,출처 간 서열 상충(y_conflict=True),2B,1.0,ntp_measured,,False,True,True,False,False
EyeIrritation6pack_PID404,eye,high,NONE,,복구분 아님 · 출처 상충 없음 · CT 와 모순 없음,NC,0.0,ntp_measured,NC,False,False,False,False,False
EyeIrritation6pack_PID406,eye,medium,SOURCE_CONFLICT,,출처 간 서열 상충(y_conflict=True),NC,0.0,ntp_measured,,False,True,False,False,False
EyeIrritation6pack_PID408,eye,high,NONE,,복구분 아님 · 출처 상충 없음 · CT 와 모순 없음,NC,0.0,ntp_measured,,False,False,False,False,False
EyeIrritation6pack_PID41,eye,high,NONE,Eye irritation No irritation to eyes (rabbits).,복구분 아님 · 출처 상충 없음 · CT 와 모순 없음,2B,1.0,ntp_measured,,False,False,True,False,False
EyeIrritation6pack_PID411,eye,high,NONE,,복구분 아님 · 출처 상충 없음 · CT 와 모순 없음,2B,1.0,ntp_measured,NC,False,False,False,False,False
EyeIrritation6pack_PID412,eye,high,NONE,,복구분 아님 · 출처 상충 없음 · CT 와 모순 없음,2B,1.0,ntp_measured,,False,False,False,False,False
EyeIrritation6pack_PID413,eye,high,NONE,,복구분 아님 · 출처 상충 없음 · CT 와 모순 없음,2A,1.0,ntp_measured,,False,False,False,False,False
EyeIrritation6pack_PID414,eye,high,NONE,,복구분 아님 · 출처 상충 없음 · CT 와 모순 없음,2B,1.0,ntp_measured,NC,False,False,False,False,False
EyeIrritation6pack_PID417,eye,medium,SOURCE_CONFLICT,,출처 간 서열 상충(y_conflict=True),NC,0.0,ntp_measured,NC,False,True,False,False,False
EyeIrritation6pack_PID419,eye,high,NONE,,복구분 아님 · 출처 상충 없음 · CT 와 모순 없음,2B,1.0,ntp_measured,NC,False,False,False,False,False
EyeIrritation6pack_PID42,eye,high,NONE,,복구분 아님 · 출처 상충 없음 · CT 와 모순 없음,NC,0.0,ntp_measured,,False,False,False,False,False
EyeIrritation6pack_PID420,eye,high,NONE,,복구분 아님 · 출처 상충 없음 · CT 와 모순 없음,NC,0.0,ntp_measured,NC,False,False,False,False,False
EyeIrritation6pack_PID422,eye,high,NONE,Serious eye damage/eye irritation / Shall not be classified as seriously damaging to the eye or eye irritant.,복구분 아님 · 출처 상충 없음 · CT 와 모순 없음,NC,0.0,ntp_measured,NC,False,False,True,False,False
EyeIrritation6pack_PID426,eye,high,NONE,Assessment of irritating effects: Skin contact causes irritation. Not irritating to the eyes. / Experimental/calculated data: / Skin corrosion/irritation rabbit: Irritant. (OECD Guideline 404) / Serious eye damage/irritation rabbit: non-irritant (Draize test),복구분 아님 · 출처 상충 없음 · CT 와 모순 없음,1,1.0,sds_v1,,False,False,True,True,False
EyeIrritation6pack_PID429,eye,high,NONE,,복구분 아님 · 출처 상충 없음 · CT 와 모순 없음,NC,0.0,ntp_measured,NC,False,False,False,False,False
EyeIrritation6pack_PID43,eye,high,NONE,,복구분 아님 · 출처 상충 없음 · CT 와 모순 없음,2B,1.0,ntp_measured,,False,False,False,False,False
EyeIrritation6pack_PID433,eye,high,NONE,,복구분 아님 · 출처 상충 없음 · CT 와 모순 없음,NC,0.0,ntp_measured,NC,False,False,False,False,False
EyeIrritation6pack_PID434,eye,high,NONE,,복구분 아님 · 출처 상충 없음 · CT 와 모순 없음,2A,1.0,ntp_measured,NC,False,False,False,False,False
EyeIrritation6pack_PID435,eye,high,NONE,,복구분 아님 · 출처 상충 없음 · CT 와 모순 없음,NC,0.0,ntp_measured,,False,False,False,False,False
EyeIrritation6pack_PID437,eye,high,NONE,,복구분 아님 · 출처 상충 없음 · CT 와 모순 없음,2B,1.0,ntp_measured,NC,False,False,False,False,False
EyeIrritation6pack_PID438,eye,high,NONE,,복구분 아님 · 출처 상충 없음 · CT 와 모순 없음,NC,0.0,ntp_measured,,False,False,False,False,False
EyeIrritation6pack_PID439,eye,medium,SOURCE_CONFLICT,,출처 간 서열 상충(y_conflict=True),2B,1.0,ntp_measured,,False,True,False,False,False
EyeIrritation6pack_PID44,eye,high,NONE,,복구분 아님 · 출처 상충 없음 · CT 와 모순 없음,2A,1.0,ntp_measured,NC,False,False,False,False,False
EyeIrritation6pack_PID441,eye,high,NONE,,복구분 아님 · 출처 상충 없음 · CT 와 모순 없음,2B,1.0,ntp_measured,,False,False,False,False,False
EyeIrritation6pack_PID443,eye,high,NONE,Serious eye damage/eye irritation / Shall not be classified as seriously damaging to the eye or eye irritant.,복구분 아님 · 출처 상충 없음 · CT 와 모순 없음,NC,0.0,ntp_measured,NC,False,False,True,False,False
EyeIrritation6pack_PID444,eye,high,NONE,,복구분 아님 · 출처 상충 없음 · CT 와 모순 없음,NC,0.0,ntp_measured,,False,False,False,False,False
EyeIrritation6pack_PID445,eye,high,NONE,,복구분 아님 · 출처 상충 없음 · CT 와 모순 없음,NC,0.0,ntp_measured,,False,False,False,False,False
EyeIrritation6pack_PID45,eye,high,NONE,,복구분 아님 · 출처 상충 없음 · CT 와 모순 없음,2B,1.0,ntp_measured,NC,False,False,False,False,False
EyeIrritation6pack_PID456,eye,high,NONE,,복구분 아님 · 출처 상충 없음 · CT 와 모순 없음,NC,0.0,ntp_measured,,False,False,False,False,False
EyeIrritation6pack_PID457,eye,high,NONE,,복구분 아님 · 출처 상충 없음 · CT 와 모순 없음,NC,0.0,ntp_measured,,False,False,False,False,False
EyeIrritation6pack_PID458,eye,high,NONE,,복구분 아님 · 출처 상충 없음 · CT 와 모순 없음,NC,0.0,ntp_measured,,False,False,False,False,False
EyeIrritation6pack_PID459,eye,high,NONE,,복구분 아님 · 출처 상충 없음 · CT 와 모순 없음,NC,0.0,ntp_measured,,False,False,False,False,False
EyeIrritation6pack_PID46,eye,high,NONE,,복구분 아님 · 출처 상충 없음 · CT 와 모순 없음,NC,0.0,ntp_measured,NC,False,False,False,False,False
EyeIrritation6pack_PID460,eye,high,NONE,,복구분 아님 · 출처 상충 없음 · CT 와 모순 없음,NC,0.0,ntp_measured,,False,False,False,False,False
EyeIrritation6pack_PID462,eye,high,NONE,Serious eye damage/irritation / no data available,복구분 아님 · 출처 상충 없음 · CT 와 모순 없음,2B,1.0,ntp_measured,,False,False,False,True,True
EyeIrritation6pack_PID463,eye,high,NONE,,복구분 아님 · 출처 상충 없음 · CT 와 모순 없음,NC,0.0,ntp_measured,NC,False,False,False,False,False
EyeIrritation6pack_PID464,eye,high,NONE,,복구분 아님 · 출처 상충 없음 · CT 와 모순 없음,2B,1.0,ntp_measured,,False,False,False,False,False
EyeIrritation6pack_PID466,eye,medium,SOURCE_CONFLICT,,출처 간 서열 상충(y_conflict=True),2B,1.0,ntp_measured,,False,True,False,False,False
EyeIrritation6pack_PID467,eye,medium,SOURCE_CONFLICT,Serious eye damage/eye irritation  / Eyes - rabbit  / Result: No eye irritation,출처 간 서열 상충(y_conflict=True),1,1.0,ntp_measured,,False,True,True,False,False
EyeIrritation6pack_PID469,eye,medium,SOURCE_CONFLICT,,출처 간 서열 상충(y_conflict=True),1,1.0,ntp_measured,,False,True,False,False,False
EyeIrritation6pack_PID47,eye,high,NONE,,복구분 아님 · 출처 상충 없음 · CT 와 모순 없음,1,1.0,ntp_measured,NC,False,False,False,False,False
EyeIrritation6pack_PID471,eye,high,NONE,,복구분 아님 · 출처 상충 없음 · CT 와 모순 없음,NC,0.0,ntp_measured,NC,False,False,False,False,False
EyeIrritation6pack_PID473,eye,medium,SOURCE_CONFLICT,,출처 간 서열 상충(y_conflict=True),2B,1.0,ntp_measured,,False,True,False,False,False
EyeIrritation6pack_PID474,eye,high,NONE,,복구분 아님 · 출처 상충 없음 · CT 와 모순 없음,2A,1.0,ntp_measured,,False,False,False,False,False
EyeIrritation6pack_PID475,eye,medium,SOURCE_CONFLICT,Serious eye damage/irritation --- Not Applicable,출처 간 서열 상충(y_conflict=True),2B,1.0,ntp_measured,,False,True,False,False,True
EyeIrritation6pack_PID476,eye,high,NONE,,복구분 아님 · 출처 상충 없음 · CT 와 모순 없음,2B,1.0,ntp_measured,NC,False,False,False,False,False
EyeIrritation6pack_PID477,eye,medium,SOURCE_CONFLICT,Classification of the substance and mixture: / Eye irritation: Cat.2A,출처 간 서열 상충(y_conflict=True),2B,1.0,ntp_measured,NC,False,True,False,False,False
EyeIrritation6pack_PID478,eye,high,NONE,,복구분 아님 · 출처 상충 없음 · CT 와 모순 없음,2A,1.0,ntp_measured,,False,False,False,False,False
EyeIrritation6pack_PID48,eye,high,NONE,,복구분 아님 · 출처 상충 없음 · CT 와 모순 없음,1,1.0,ntp_measured,1,False,False,False,False,False
EyeIrritation6pack_PID480,eye,high,NONE,,복구분 아님 · 출처 상충 없음 · CT 와 모순 없음,2A,1.0,ntp_measured,,False,False,False,False,False
EyeIrritation6pack_PID481,eye,high,NONE,,복구분 아님 · 출처 상충 없음 · CT 와 모순 없음,2A,1.0,ntp_measured,1,False,False,False,False,False
EyeIrritation6pack_PID486,eye,high,NONE,,복구분 아님 · 출처 상충 없음 · CT 와 모순 없음,2B,1.0,ntp_measured,,False,False,False,False,False
EyeIrritation6pack_PID489,eye,high,NONE,Serious eye damage/eye irritation / No data available,복구분 아님 · 출처 상충 없음 · CT 와 모순 없음,1,1.0,ntp_measured,,False,False,False,True,True
EyeIrritation6pack_PID49,eye,high,NONE,,복구분 아님 · 출처 상충 없음 · CT 와 모순 없음,1,1.0,ntp_measured,2A,False,False,False,False,False
EyeIrritation6pack_PID493,eye,high,NONE,"May cause severe eye irritation.   Eye Contact: / Severe Eye Irritation: Signs/symptoms may include significant redness, swelling, pain, tearing, cloudy appearance of the cornea, and impaired vision.",복구분 아님 · 출처 상충 없음 · CT 와 모순 없음,NC,0.0,ntp_measured,NC,False,False,False,True,False
EyeIrritation6pack_PID494,eye,high,NONE,,복구분 아님 · 출처 상충 없음 · CT 와 모순 없음,2B,1.0,ntp_measured,,False,False,False,False,False
EyeIrritation6pack_PID495,eye,high,NONE,,복구분 아님 · 출처 상충 없음 · CT 와 모순 없음,2B,1.0,ntp_measured,,False,False,False,False,False
EyeIrritation6pack_PID497,eye,medium,SOURCE_CONFLICT,Classification of the substance or mixture / Reproductive toxicity - Category 2 - H361f / Long-term (chronic) aquatic hazard - Category 1 - H410 / Serious eye damage/eye irritation / Essentially nonirritating to eyes.,출처 간 서열 상충(y_conflict=True),NC,0.0,ntp_measured,,False,True,True,True,False
EyeIrritation6pack_PID498,eye,high,NONE,,복구분 아님 · 출처 상충 없음 · CT 와 모순 없음,2B,1.0,ntp_measured,,False,False,False,False,False
EyeIrritation6pack_PID499,eye,high,NONE,Eye irritation - Category 2 - H319,복구분 아님 · 출처 상충 없음 · CT 와 모순 없음,2A,1.0,ntp_measured,,False,False,False,False,False
EyeIrritation6pack_PID5,eye,high,NONE,,복구분 아님 · 출처 상충 없음 · CT 와 모순 없음,2B,1.0,ntp_measured,,False,False,False,False,False
EyeIrritation6pack_PID50,eye,high,NONE,,복구분 아님 · 출처 상충 없음 · CT 와 모순 없음,2B,1.0,ntp_measured,1,False,False,False,False,False
EyeIrritation6pack_PID500,eye,medium,SOURCE_CONFLICT,,출처 간 서열 상충(y_conflict=True),2B,1.0,ntp_measured,,False,True,False,False,False
EyeIrritation6pack_PID501,eye,high,NONE,,복구분 아님 · 출처 상충 없음 · CT 와 모순 없음,2B,1.0,ntp_measured,NC,False,False,False,False,False
EyeIrritation6pack_PID502,eye,high,NONE,,복구분 아님 · 출처 상충 없음 · CT 와 모순 없음,NC,0.0,ntp_measured,,False,False,False,False,False
EyeIrritation6pack_PID503,eye,high,NONE,,복구분 아님 · 출처 상충 없음 · CT 와 모순 없음,2B,1.0,ntp_measured,,False,False,False,False,False
EyeIrritation6pack_PID504,eye,high,NONE,,복구분 아님 · 출처 상충 없음 · CT 와 모순 없음,NC,0.0,ntp_measured,NC,False,False,False,False,False
EyeIrritation6pack_PID505,eye,medium,CT_CONTRADICTION,,CT baseline(GHS 가산법)은 양성인데 최종 라벨은 음성 — 상충,NC,0.0,ntp_measured,1,False,False,False,False,False
EyeIrritation6pack_PID506,eye,medium,SOURCE_CONFLICT,Serious eye damage/eye irritation / Product: / Species : Rabbit / Method : OECD Test Guideline 405 / Result : No eye irritation,출처 간 서열 상충(y_conflict=True),2B,1.0,ntp_measured,,False,True,True,False,False
EyeIrritation6pack_PID507,eye,high,NONE,,복구분 아님 · 출처 상충 없음 · CT 와 모순 없음,NC,0.0,ntp_measured,,False,False,False,False,False
EyeIrritation6pack_PID508,eye,medium,SOURCE_CONFLICT,,출처 간 서열 상충(y_conflict=True),NC,0.0,ntp_measured,NC,False,True,False,False,False
EyeIrritation6pack_PID51,eye,high,NONE,,복구분 아님 · 출처 상충 없음 · CT 와 모순 없음,1,1.0,ntp_measured,,False,False,False,False,False
EyeIrritation6pack_PID511,eye,high,NONE,Serious eye damage/eye irritation / Shall not be classified as seriously damaging to the eye or eye irritant.,복구분 아님 · 출처 상충 없음 · CT 와 모순 없음,NC,0.0,ntp_measured,,False,False,True,False,False
EyeIrritation6pack_PID512,eye,high,NONE,Serious eye damage/eye irritation  / no data available,복구분 아님 · 출처 상충 없음 · CT 와 모순 없음,NC,0.0,ntp_measured,,False,False,False,True,True
EyeIrritation6pack_PID514,eye,high,NONE,3.3 Serious eye damage/eye irritation 1 Eye Dam. 1 H318,복구분 아님 · 출처 상충 없음 · CT 와 모순 없음,1,1.0,sds_v1,NC,False,False,False,False,False
EyeIrritation6pack_PID515,eye,medium,SOURCE_CONFLICT,,출처 간 서열 상충(y_conflict=True),2B,1.0,ntp_measured,NC,False,True,False,False,False
EyeIrritation6pack_PID516,eye,medium,SOURCE_CONFLICT,3.3 Serious eye damage/eye irritation 1 Eye Dam. 1 H318,출처 간 서열 상충(y_conflict=True),2B,1.0,ntp_measured,NC,False,True,False,False,False
EyeIrritation6pack_PID519,eye,medium,SOURCE_CONFLICT,,출처 간 서열 상충(y_conflict=True),2A,1.0,ntp_measured,NC,False,True,False,False,False
EyeIrritation6pack_PID52,eye,high,NONE,,복구분 아님 · 출처 상충 없음 · CT 와 모순 없음,1,1.0,ntp_measured,1,False,False,False,False,False
EyeIrritation6pack_PID520,eye,high,NONE,,복구분 아님 · 출처 상충 없음 · CT 와 모순 없음,NC,0.0,ntp_measured,,False,False,False,False,False
EyeIrritation6pack_PID521,eye,high,NONE,,복구분 아님 · 출처 상충 없음 · CT 와 모순 없음,2B,1.0,ntp_measured,,False,False,False,False,False
EyeIrritation6pack_PID523,eye,high,NONE,,복구분 아님 · 출처 상충 없음 · CT 와 모순 없음,1,1.0,ntp_measured,,False,False,False,False,False
EyeIrritation6pack_PID529,eye,high,NONE,,복구분 아님 · 출처 상충 없음 · CT 와 모순 없음,NC,0.0,ntp_measured,NC,False,False,False,False,False
EyeIrritation6pack_PID53,eye,high,NONE,,복구분 아님 · 출처 상충 없음 · CT 와 모순 없음,NC,0.0,ntp_measured,NC,False,False,False,False,False
EyeIrritation6pack_PID530,eye,medium,SOURCE_CONFLICT,,출처 간 서열 상충(y_conflict=True),2B,1.0,ntp_measured,,False,True,False,False,False
EyeIrritation6pack_PID533,eye,high,NONE,,복구분 아님 · 출처 상충 없음 · CT 와 모순 없음,2B,1.0,ntp_measured,NC,False,False,False,False,False
EyeIrritation6pack_PID535,eye,high,NONE,,복구분 아님 · 출처 상충 없음 · CT 와 모순 없음,1,1.0,ntp_measured,NC,False,False,False,False,False
EyeIrritation6pack_PID536,eye,high,NONE,,복구분 아님 · 출처 상충 없음 · CT 와 모순 없음,1,1.0,ntp_measured,,False,False,False,False,False
EyeIrritation6pack_PID538,eye,high,NONE,,복구분 아님 · 출처 상충 없음 · CT 와 모순 없음,NC,0.0,ntp_measured,NC,False,False,False,False,False
EyeIrritation6pack_PID54,eye,high,NONE,,복구분 아님 · 출처 상충 없음 · CT 와 모순 없음,2B,1.0,ntp_measured,2A,False,False,False,False,False
EyeIrritation6pack_PID540,eye,high,NONE,,복구분 아님 · 출처 상충 없음 · CT 와 모순 없음,2B,1.0,ntp_measured,NC,False,False,False,False,False
EyeIrritation6pack_PID546,eye,medium,SOURCE_CONFLICT,,출처 간 서열 상충(y_conflict=True),2B,1.0,ntp_measured,NC,False,True,False,False,False
EyeIrritation6pack_PID547,eye,high,NONE,,복구분 아님 · 출처 상충 없음 · CT 와 모순 없음,NC,0.0,ntp_measured,,False,False,False,False,False
EyeIrritation6pack_PID548,eye,medium,SOURCE_CONFLICT,,출처 간 서열 상충(y_conflict=True),2B,1.0,ntp_measured,NC,False,True,False,False,False
EyeIrritation6pack_PID549,eye,high,NONE,Eye irritation (rabbit): Contact with eye may cause irritation,복구분 아님 · 출처 상충 없음 · CT 와 모순 없음,NC,0.0,ntp_measured,NC,False,False,False,True,False
EyeIrritation6pack_PID55,eye,high,NONE,,복구분 아님 · 출처 상충 없음 · CT 와 모순 없음,NC,0.0,ntp_measured,,False,False,False,False,False
EyeIrritation6pack_PID551,eye,high,NONE,Eye Irritation - Category 2B H320  Causes eye irritation.,복구분 아님 · 출처 상충 없음 · CT 와 모순 없음,2B,1.0,ntp_measured,,False,False,False,False,False
EyeIrritation6pack_PID553,eye,medium,SOURCE_CONFLICT,Eye Dam./Irrit. 2A H319 Causes serious eye irritation.,출처 간 서열 상충(y_conflict=True),2B,1.0,ntp_measured,,False,True,False,True,False
EyeIrritation6pack_PID554,eye,high,NONE,,복구분 아님 · 출처 상충 없음 · CT 와 모순 없음,NC,0.0,ntp_measured,,False,False,False,False,False
EyeIrritation6pack_PID555,eye,high,NONE,,복구분 아님 · 출처 상충 없음 · CT 와 모순 없음,NC,0.0,ntp_measured,NC,False,False,False,False,False
EyeIrritation6pack_PID556,eye,high,NONE,,복구분 아님 · 출처 상충 없음 · CT 와 모순 없음,NC,0.0,ntp_measured,,False,False,False,False,False
EyeIrritation6pack_PID557,eye,high,NONE,,복구분 아님 · 출처 상충 없음 · CT 와 모순 없음,2B,1.0,ntp_measured,NC,False,False,False,False,False
EyeIrritation6pack_PID558,eye,high,NONE,,복구분 아님 · 출처 상충 없음 · CT 와 모순 없음,2A,1.0,ntp_measured,NC,False,False,False,False,False
EyeIrritation6pack_PID559,eye,high,NONE,Serious eye damage/irritation / no data available,복구분 아님 · 출처 상충 없음 · CT 와 모순 없음,NC,0.0,ntp_measured,,False,False,False,True,True
EyeIrritation6pack_PID560,eye,medium,SOURCE_CONFLICT,"Eye contact Based on available data, the classification criteria are not met.",출처 간 서열 상충(y_conflict=True),2B,1.0,ntp_measured,2A,False,True,True,False,False
EyeIrritation6pack_PID563,eye,high,NONE,,복구분 아님 · 출처 상충 없음 · CT 와 모순 없음,1,1.0,ntp_measured,1,False,False,False,False,False
EyeIrritation6pack_PID567,eye,medium,SOURCE_CONFLICT,,출처 간 서열 상충(y_conflict=True),2B,1.0,ntp_measured,NC,False,True,False,False,False
EyeIrritation6pack_PID568,eye,high,NONE,,복구분 아님 · 출처 상충 없음 · CT 와 모순 없음,2B,1.0,ntp_measured,NC,False,False,False,False,False
EyeIrritation6pack_PID57,eye,medium,CT_CONTRADICTION,,CT baseline(GHS 가산법)은 양성인데 최종 라벨은 음성 — 상충 | 출처 간 서열 상충(y_conflict=True),NC,0.0,ntp_measured,1,False,True,False,False,False
EyeIrritation6pack_PID570,eye,high,NONE,,복구분 아님 · 출처 상충 없음 · CT 와 모순 없음,NC,0.0,ntp_measured,,False,False,False,False,False
EyeIrritation6pack_PID571,eye,high,NONE,,복구분 아님 · 출처 상충 없음 · CT 와 모순 없음,1,1.0,ntp_measured,NC,False,False,False,False,False
EyeIrritation6pack_PID572,eye,high,NONE,,복구분 아님 · 출처 상충 없음 · CT 와 모순 없음,2A,1.0,ntp_measured,NC,False,False,False,False,False
EyeIrritation6pack_PID573,eye,high,NONE,,복구분 아님 · 출처 상충 없음 · CT 와 모순 없음,NC,0.0,ntp_measured,,False,False,False,False,False
EyeIrritation6pack_PID574,eye,high,NONE,,복구분 아님 · 출처 상충 없음 · CT 와 모순 없음,NC,0.0,ntp_measured,,False,False,False,False,False
EyeIrritation6pack_PID578,eye,high,NONE,,복구분 아님 · 출처 상충 없음 · CT 와 모순 없음,2B,1.0,ntp_measured,,False,False,False,False,False
EyeIrritation6pack_PID579,eye,high,NONE,,복구분 아님 · 출처 상충 없음 · CT 와 모순 없음,NC,0.0,ntp_measured,NC,False,False,False,False,False
EyeIrritation6pack_PID58,eye,high,NONE,,복구분 아님 · 출처 상충 없음 · CT 와 모순 없음,2B,1.0,ntp_measured,NC,False,False,False,False,False
EyeIrritation6pack_PID583,eye,high,NONE,,복구분 아님 · 출처 상충 없음 · CT 와 모순 없음,2B,1.0,ntp_measured,NC,False,False,False,False,False
EyeIrritation6pack_PID585,eye,high,NONE,,복구분 아님 · 출처 상충 없음 · CT 와 모순 없음,2A,1.0,ntp_measured,NC,False,False,False,False,False
EyeIrritation6pack_PID59,eye,high,NONE,,복구분 아님 · 출처 상충 없음 · CT 와 모순 없음,2B,1.0,ntp_measured,NC,False,False,False,False,False
EyeIrritation6pack_PID592,eye,high,NONE,,복구분 아님 · 출처 상충 없음 · CT 와 모순 없음,2B,1.0,ntp_measured,1,False,False,False,False,False
EyeIrritation6pack_PID593,eye,high,NONE,,복구분 아님 · 출처 상충 없음 · CT 와 모순 없음,2B,1.0,ntp_measured,NC,False,False,False,False,False
EyeIrritation6pack_PID594,eye,high,NONE,,복구분 아님 · 출처 상충 없음 · CT 와 모순 없음,NC,0.0,ntp_measured,,False,False,False,False,False
EyeIrritation6pack_PID600,eye,high,NONE,,복구분 아님 · 출처 상충 없음 · CT 와 모순 없음,2B,1.0,ntp_measured,,False,False,False,False,False
EyeIrritation6pack_PID601,eye,high,NONE,,복구분 아님 · 출처 상충 없음 · CT 와 모순 없음,2A,1.0,ntp_measured,NC,False,False,False,False,False
EyeIrritation6pack_PID602,eye,high,NONE,,복구분 아님 · 출처 상충 없음 · CT 와 모순 없음,2B,1.0,ntp_measured,NC,False,False,False,False,False
EyeIrritation6pack_PID607,eye,high,NONE,,복구분 아님 · 출처 상충 없음 · CT 와 모순 없음,2A,1.0,ntp_measured,NC,False,False,False,False,False
EyeIrritation6pack_PID608,eye,high,NONE,,복구분 아님 · 출처 상충 없음 · CT 와 모순 없음,NC,0.0,ntp_measured,,False,False,False,False,False
EyeIrritation6pack_PID61,eye,high,NONE,,복구분 아님 · 출처 상충 없음 · CT 와 모순 없음,2B,1.0,ntp_measured,1,False,False,False,False,False
EyeIrritation6pack_PID610,eye,high,NONE,,복구분 아님 · 출처 상충 없음 · CT 와 모순 없음,NC,0.0,ntp_measured,,False,False,False,False,False
EyeIrritation6pack_PID616,eye,high,NONE,,복구분 아님 · 출처 상충 없음 · CT 와 모순 없음,2B,1.0,ntp_measured,NC,False,False,False,False,False
EyeIrritation6pack_PID618,eye,medium,SOURCE_CONFLICT,,출처 간 서열 상충(y_conflict=True),2A,1.0,ntp_measured,,False,True,False,False,False
EyeIrritation6pack_PID62,eye,high,NONE,,복구분 아님 · 출처 상충 없음 · CT 와 모순 없음,2B,1.0,ntp_measured,NC,False,False,False,False,False
EyeIrritation6pack_PID621,eye,high,NONE,,복구분 아님 · 출처 상충 없음 · CT 와 모순 없음,NC,0.0,ntp_measured,NC,False,False,False,False,False
EyeIrritation6pack_PID626,eye,medium,SOURCE_CONFLICT,,출처 간 서열 상충(y_conflict=True),2B,1.0,ntp_measured,,False,True,False,False,False
EyeIrritation6pack_PID627,eye,high,NONE,,복구분 아님 · 출처 상충 없음 · CT 와 모순 없음,2B,1.0,ntp_measured,NC,False,False,False,False,False
EyeIrritation6pack_PID628,eye,high,NONE,Eye Contact: Mildly Irritating (Rabbit),복구분 아님 · 출처 상충 없음 · CT 와 모순 없음,2B,1.0,ntp_measured,,False,False,False,False,False
EyeIrritation6pack_PID629,eye,high,NONE,,복구분 아님 · 출처 상충 없음 · CT 와 모순 없음,2B,1.0,ntp_measured,NC,False,False,False,False,False
EyeIrritation6pack_PID631,eye,high,NONE,,복구분 아님 · 출처 상충 없음 · CT 와 모순 없음,NC,0.0,ntp_measured,,False,False,False,False,False
EyeIrritation6pack_PID632,eye,high,NONE,,복구분 아님 · 출처 상충 없음 · CT 와 모순 없음,1,1.0,ntp_measured,NC,False,False,False,False,False
EyeIrritation6pack_PID633,eye,high,NONE,,복구분 아님 · 출처 상충 없음 · CT 와 모순 없음,2B,1.0,ntp_measured,,False,False,False,False,False
EyeIrritation6pack_PID635,eye,high,NONE,,복구분 아님 · 출처 상충 없음 · CT 와 모순 없음,1,1.0,ntp_measured,,False,False,False,False,False
EyeIrritation6pack_PID639,eye,high,NONE,,복구분 아님 · 출처 상충 없음 · CT 와 모순 없음,2B,1.0,ntp_measured,,False,False,False,False,False
EyeIrritation6pack_PID640,eye,high,NONE,EYE IRRITATION: Information not available,복구분 아님 · 출처 상충 없음 · CT 와 모순 없음,2B,1.0,ntp_measured,,False,False,False,True,False
EyeIrritation6pack_PID641,eye,high,NONE,,복구분 아님 · 출처 상충 없음 · CT 와 모순 없음,2B,1.0,ntp_measured,NC,False,False,False,False,False
EyeIrritation6pack_PID642,eye,high,NONE,Serious eye damage/eye irritation Direct contact with eyes may cause temporary irritation.,복구분 아님 · 출처 상충 없음 · CT 와 모순 없음,NC,0.0,ntp_measured,,False,False,False,True,False
EyeIrritation6pack_PID643,eye,high,NONE,,복구분 아님 · 출처 상충 없음 · CT 와 모순 없음,NC,0.0,ntp_measured,,False,False,False,False,False
EyeIrritation6pack_PID645,eye,high,NONE,,복구분 아님 · 출처 상충 없음 · CT 와 모순 없음,NC,0.0,ntp_measured,NC,False,False,False,False,False
EyeIrritation6pack_PID65,eye,high,NONE,,복구분 아님 · 출처 상충 없음 · CT 와 모순 없음,NC,0.0,ntp_measured,NC,False,False,False,False,False
EyeIrritation6pack_PID650,eye,high,NONE,,복구분 아님 · 출처 상충 없음 · CT 와 모순 없음,NC,0.0,ntp_measured,,False,False,False,False,False
EyeIrritation6pack_PID651,eye,high,NONE,,복구분 아님 · 출처 상충 없음 · CT 와 모순 없음,NC,0.0,ntp_measured,,False,False,False,False,False
EyeIrritation6pack_PID652,eye,high,NONE,,복구분 아님 · 출처 상충 없음 · CT 와 모순 없음,2B,1.0,ntp_measured,,False,False,False,False,False
EyeIrritation6pack_PID654,eye,high,NONE,"Eye May cause redness, irritation, tearing. May be absorbed through the eye and produce symptoms similar to those from ingestion. Do not get in eyes.",복구분 아님 · 출처 상충 없음 · CT 와 모순 없음,NC,0.0,ntp_measured,,False,False,False,True,False
EyeIrritation6pack_PID655,eye,high,NONE,,복구분 아님 · 출처 상충 없음 · CT 와 모순 없음,2B,1.0,ntp_measured,NC,False,False,False,False,False
EyeIrritation6pack_PID656,eye,high,NONE,,복구분 아님 · 출처 상충 없음 · CT 와 모순 없음,NC,0.0,ntp_measured,NC,False,False,False,False,False
EyeIrritation6pack_PID657,eye,high,NONE,,복구분 아님 · 출처 상충 없음 · CT 와 모순 없음,NC,0.0,ntp_measured,NC,False,False,False,False,False
EyeIrritation6pack_PID658,eye,high,NONE,,복구분 아님 · 출처 상충 없음 · CT 와 모순 없음,NC,0.0,ntp_measured,NC,False,False,False,False,False
EyeIrritation6pack_PID659,eye,high,NONE,,복구분 아님 · 출처 상충 없음 · CT 와 모순 없음,NC,0.0,ntp_measured,NC,False,False,False,False,False
EyeIrritation6pack_PID660,eye,high,NONE,,복구분 아님 · 출처 상충 없음 · CT 와 모순 없음,NC,0.0,ntp_measured,,False,False,False,False,False
EyeIrritation6pack_PID661,eye,high,NONE,,복구분 아님 · 출처 상충 없음 · CT 와 모순 없음,2B,1.0,ntp_measured,,False,False,False,False,False
EyeIrritation6pack_PID663,eye,high,NONE,,복구분 아님 · 출처 상충 없음 · CT 와 모순 없음,1,1.0,ntp_measured,,False,False,False,False,False
EyeIrritation6pack_PID668,eye,high,NONE,,복구분 아님 · 출처 상충 없음 · CT 와 모순 없음,2B,1.0,ntp_measured,,False,False,False,False,False
EyeIrritation6pack_PID669,eye,medium,SOURCE_CONFLICT,Serious eye damage/eye irritation / Shall not be classified as seriously damaging to the eye or eye irritant.,출처 간 서열 상충(y_conflict=True),2B,1.0,ntp_measured,,False,True,True,False,False
EyeIrritation6pack_PID673,eye,high,NONE,,복구분 아님 · 출처 상충 없음 · CT 와 모순 없음,NC,0.0,ntp_measured,NC,False,False,False,False,False
EyeIrritation6pack_PID674,eye,high,NONE,,복구분 아님 · 출처 상충 없음 · CT 와 모순 없음,2B,1.0,ntp_measured,NC,False,False,False,False,False
EyeIrritation6pack_PID675,eye,high,NONE,,복구분 아님 · 출처 상충 없음 · CT 와 모순 없음,2B,1.0,ntp_measured,NC,False,False,False,False,False
EyeIrritation6pack_PID676,eye,high,NONE,,복구분 아님 · 출처 상충 없음 · CT 와 모순 없음,2B,1.0,ntp_measured,,False,False,False,False,False
EyeIrritation6pack_PID677,eye,high,NONE,,복구분 아님 · 출처 상충 없음 · CT 와 모순 없음,2B,1.0,ntp_measured,,False,False,False,False,False
EyeIrritation6pack_PID678,eye,high,NONE,,복구분 아님 · 출처 상충 없음 · CT 와 모순 없음,NC,0.0,ntp_measured,NC,False,False,False,False,False
EyeIrritation6pack_PID680,eye,medium,SOURCE_CONFLICT,Eye Irritation / Category 2B / (H320) / Causes eye irritation,출처 간 서열 상충(y_conflict=True),1,1.0,ntp_measured,NC,False,True,False,False,False
EyeIrritation6pack_PID684,eye,high,NONE,Eyes: Contact may cause moderate eye irritation with corneal injury.,복구분 아님 · 출처 상충 없음 · CT 와 모순 없음,2B,1.0,ntp_measured,NC,False,False,False,True,False
EyeIrritation6pack_PID687,eye,high,NONE,,복구분 아님 · 출처 상충 없음 · CT 와 모순 없음,2B,1.0,ntp_measured,2A,False,False,False,False,False
EyeIrritation6pack_PID689,eye,high,NONE,,복구분 아님 · 출처 상충 없음 · CT 와 모순 없음,NC,0.0,ntp_measured,NC,False,False,False,False,False
EyeIrritation6pack_PID690,eye,medium,SOURCE_CONFLICT,Serious eye damage/eye irritation / Product: / Species : Rabbit / Result : No eye irritation,출처 간 서열 상충(y_conflict=True),2A,1.0,ntp_measured,,False,True,True,False,False
EyeIrritation6pack_PID691,eye,high,NONE,,복구분 아님 · 출처 상충 없음 · CT 와 모순 없음,1,1.0,ntp_measured,2A,False,False,False,False,False
EyeIrritation6pack_PID692,eye,high,NONE,,복구분 아님 · 출처 상충 없음 · CT 와 모순 없음,2B,1.0,ntp_measured,,False,False,False,False,False
EyeIrritation6pack_PID694,eye,medium,SOURCE_CONFLICT,"Irritation/Corrosion Conclusion/Summary ... Eyes : Based on available data, the classification criteria are not met.",출처 간 서열 상충(y_conflict=True),2A,1.0,ntp_measured,,False,True,True,False,False
EyeIrritation6pack_PID695,eye,medium,SOURCE_CONFLICT,"2.1.2. Classification - EC 1272/2008Based on available data, this product is not classified as hazardous. Hazard Statement No Significant Hazard",출처 간 서열 상충(y_conflict=True),2B,1.0,ntp_measured,,False,True,True,False,False
EyeIrritation6pack_PID696,eye,high,NONE,,복구분 아님 · 출처 상충 없음 · CT 와 모순 없음,NC,0.0,ntp_measured,NC,False,False,False,False,False
EyeIrritation6pack_PID698,eye,high,NONE,,복구분 아님 · 출처 상충 없음 · CT 와 모순 없음,NC,0.0,ntp_measured,NC,False,False,False,False,False
EyeIrritation6pack_PID699,eye,high,NONE,"Serious eye damage/eye irritation : Not classified (Based on available data, the classification criteria are not met.) pH: Not applicable",복구분 아님 · 출처 상충 없음 · CT 와 모순 없음,NC,0.0,ntp_measured,,False,False,True,False,True
EyeIrritation6pack_PID70,eye,high,NONE,,복구분 아님 · 출처 상충 없음 · CT 와 모순 없음,NC,0.0,ntp_measured,NC,False,False,False,False,False
EyeIrritation6pack_PID700,eye,high,NONE,,복구분 아님 · 출처 상충 없음 · CT 와 모순 없음,NC,0.0,ntp_measured,NC,False,False,False,False,False
EyeIrritation6pack_PID702,eye,high,NONE,,복구분 아님 · 출처 상충 없음 · CT 와 모순 없음,2B,1.0,ntp_measured,NC,False,False,False,False,False
EyeIrritation6pack_PID704,eye,high,NONE,,복구분 아님 · 출처 상충 없음 · CT 와 모순 없음,2B,1.0,ntp_measured,,False,False,False,False,False
EyeIrritation6pack_PID705,eye,high,NONE,,복구분 아님 · 출처 상충 없음 · CT 와 모순 없음,2B,1.0,ntp_measured,1,False,False,False,False,False
EyeIrritation6pack_PID707,eye,high,NONE,,복구분 아님 · 출처 상충 없음 · CT 와 모순 없음,2B,1.0,ntp_measured,NC,False,False,False,False,False
EyeIrritation6pack_PID708,eye,high,NONE,,복구분 아님 · 출처 상충 없음 · CT 와 모순 없음,2B,1.0,ntp_measured,NC,False,False,False,False,False
EyeIrritation6pack_PID71,eye,high,NONE,,복구분 아님 · 출처 상충 없음 · CT 와 모순 없음,2B,1.0,ntp_measured,NC,False,False,False,False,False
EyeIrritation6pack_PID710,eye,high,NONE,,복구분 아님 · 출처 상충 없음 · CT 와 모순 없음,2B,1.0,ntp_measured,NC,False,False,False,False,False
EyeIrritation6pack_PID716,eye,high,NONE,,복구분 아님 · 출처 상충 없음 · CT 와 모순 없음,1,1.0,ntp_measured,,False,False,False,False,False
EyeIrritation6pack_PID717,eye,high,NONE,,복구분 아님 · 출처 상충 없음 · CT 와 모순 없음,NC,0.0,ntp_measured,NC,False,False,False,False,False
EyeIrritation6pack_PID718,eye,medium,SOURCE_CONFLICT,,출처 간 서열 상충(y_conflict=True),2B,1.0,ntp_measured,2A,False,True,False,False,False
EyeIrritation6pack_PID719,eye,high,NONE,,복구분 아님 · 출처 상충 없음 · CT 와 모순 없음,NC,0.0,ntp_measured,NC,False,False,False,False,False
EyeIrritation6pack_PID722,eye,medium,SOURCE_CONFLICT,,출처 간 서열 상충(y_conflict=True),2B,1.0,ntp_measured,,False,True,False,False,False
EyeIrritation6pack_PID723,eye,high,NONE,Eye Irrit. 2;H319 Causes serious eye irritation.,복구분 아님 · 출처 상충 없음 · CT 와 모순 없음,1,1.0,ntp_measured,NC,False,False,False,True,False
EyeIrritation6pack_PID726,eye,high,NONE,,복구분 아님 · 출처 상충 없음 · CT 와 모순 없음,2B,1.0,ntp_measured,NC,False,False,False,False,False
EyeIrritation6pack_PID727,eye,high,NONE,,복구분 아님 · 출처 상충 없음 · CT 와 모순 없음,2B,1.0,ntp_measured,,False,False,False,False,False
EyeIrritation6pack_PID728,eye,high,NONE,"Serious eye damage/irritation: Based on available data, the classification criteria are not met. Eye contact may cause red eyes, pain, blurred vision, impaired but reversible vision.",복구분 아님 · 출처 상충 없음 · CT 와 모순 없음,1,1.0,ntp_measured,,False,False,True,True,False
EyeIrritation6pack_PID732,eye,high,NONE,Eye / Species: rabbit / Result: non-irritant / Method: OECD Guideline 405,복구분 아님 · 출처 상충 없음 · CT 와 모순 없음,NC,0.0,ntp_measured,NC,False,False,True,False,False
EyeIrritation6pack_PID737,eye,high,NONE,,복구분 아님 · 출처 상충 없음 · CT 와 모순 없음,NC,0.0,ntp_measured,NC,False,False,False,False,False
EyeIrritation6pack_PID738,eye,high,NONE,Serious eye damage/eye irritation: Species: Rabbit Method: OECD Test Guideline 405 Result: No eye irritation,복구분 아님 · 출처 상충 없음 · CT 와 모순 없음,NC,0.0,ntp_measured,,False,False,True,False,False
EyeIrritation6pack_PID739,eye,high,NONE,,복구분 아님 · 출처 상충 없음 · CT 와 모순 없음,NC,0.0,ntp_measured,NC,False,False,False,False,False
EyeIrritation6pack_PID740,eye,medium,SOURCE_CONFLICT,,출처 간 서열 상충(y_conflict=True),NC,0.0,ntp_measured,NC,False,True,False,False,False
EyeIrritation6pack_PID741,eye,high,NONE,Serious eye damage/irritation / no data available,복구분 아님 · 출처 상충 없음 · CT 와 모순 없음,2B,1.0,ntp_measured,,False,False,False,True,True
EyeIrritation6pack_PID743,eye,high,NONE,Serious eye damage/eye irritation / Eyes - Rabbit / Result: Mild eye irritation,복구분 아님 · 출처 상충 없음 · CT 와 모순 없음,NC,0.0,ntp_measured,,False,False,False,False,False
EyeIrritation6pack_PID744,eye,high,NONE,,복구분 아님 · 출처 상충 없음 · CT 와 모순 없음,NC,0.0,ntp_measured,NC,False,False,False,False,False
EyeIrritation6pack_PID745,eye,high,NONE,Serious eye damage/eye irritation  / no data available,복구분 아님 · 출처 상충 없음 · CT 와 모순 없음,NC,0.0,ntp_measured,,False,False,False,True,True
EyeIrritation6pack_PID746,eye,high,NONE,Serious eye damage/irritation / no data available,복구분 아님 · 출처 상충 없음 · CT 와 모순 없음,NC,0.0,ntp_measured,NC,False,False,False,True,True
EyeIrritation6pack_PID747,eye,high,NONE,,복구분 아님 · 출처 상충 없음 · CT 와 모순 없음,NC,0.0,ntp_measured,NC,False,False,False,False,False
EyeIrritation6pack_PID748,eye,high,NONE,,복구분 아님 · 출처 상충 없음 · CT 와 모순 없음,NC,0.0,ntp_measured,NC,False,False,False,False,False
EyeIrritation6pack_PID75,eye,medium,SOURCE_CONFLICT,,출처 간 서열 상충(y_conflict=True),2B,1.0,ntp_measured,,False,True,False,False,False
EyeIrritation6pack_PID750,eye,high,NONE,Serious eye damage/eye irritation  / no data available,복구분 아님 · 출처 상충 없음 · CT 와 모순 없음,2B,1.0,ntp_measured,,False,False,False,True,True
EyeIrritation6pack_PID751,eye,high,NONE,,복구분 아님 · 출처 상충 없음 · CT 와 모순 없음,2A,1.0,ntp_measured,NC,False,False,False,False,False
EyeIrritation6pack_PID756,eye,medium,SOURCE_CONFLICT,,출처 간 서열 상충(y_conflict=True),2B,1.0,ntp_measured,NC,False,True,False,False,False
EyeIrritation6pack_PID757,eye,high,NONE,,복구분 아님 · 출처 상충 없음 · CT 와 모순 없음,2B,1.0,ntp_measured,NC,False,False,False,False,False
EyeIrritation6pack_PID76,eye,high,NONE,,복구분 아님 · 출처 상충 없음 · CT 와 모순 없음,NC,0.0,ntp_measured,,False,False,False,False,False
EyeIrritation6pack_PID760,eye,medium,SOURCE_CONFLICT,,출처 간 서열 상충(y_conflict=True),1,1.0,ntp_measured,NC,False,True,False,False,False
EyeIrritation6pack_PID764,eye,high,NONE,,복구분 아님 · 출처 상충 없음 · CT 와 모순 없음,NC,0.0,ntp_measured,NC,False,False,False,False,False
EyeIrritation6pack_PID765,eye,medium,SOURCE_CONFLICT,,출처 간 서열 상충(y_conflict=True),2B,1.0,ntp_measured,,False,True,False,False,False
EyeIrritation6pack_PID768,eye,high,NONE,Serious eye damage/eye irritation Shall not be classified as seriously damaging to the eye or eye irritant.,복구분 아님 · 출처 상충 없음 · CT 와 모순 없음,NC,0.0,ntp_measured,,False,False,True,False,False
EyeIrritation6pack_PID77,eye,high,NONE,,복구분 아님 · 출처 상충 없음 · CT 와 모순 없음,1,1.0,ntp_measured,,False,False,False,False,False
EyeIrritation6pack_PID770,eye,medium,SOURCE_CONFLICT,,출처 간 서열 상충(y_conflict=True),NC,0.0,ntp_measured,,False,True,False,False,False
EyeIrritation6pack_PID771,eye,high,NONE,,복구분 아님 · 출처 상충 없음 · CT 와 모순 없음,1,1.0,ntp_measured,,False,False,False,False,False
EyeIrritation6pack_PID772,eye,high,NONE,,복구분 아님 · 출처 상충 없음 · CT 와 모순 없음,1,1.0,ntp_measured,,False,False,False,False,False
EyeIrritation6pack_PID773,eye,high,NONE,,복구분 아님 · 출처 상충 없음 · CT 와 모순 없음,1,1.0,ntp_measured,NC,False,False,False,False,False
EyeIrritation6pack_PID774,eye,high,NONE,,복구분 아님 · 출처 상충 없음 · CT 와 모순 없음,2A,1.0,ntp_measured,1,False,False,False,False,False
EyeIrritation6pack_PID776,eye,medium,CT_CONTRADICTION,Eye irrt. 2A / H319 / ... / H319 Causes serious eye irritation,CT baseline(GHS 가산법)은 양성인데 최종 라벨은 음성 — 상충 | 출처 간 서열 상충(y_conflict=True),NC,0.0,ntp_measured,1,False,True,False,True,False
EyeIrritation6pack_PID777,eye,high,NONE,,복구분 아님 · 출처 상충 없음 · CT 와 모순 없음,2B,1.0,ntp_measured,,False,False,False,False,False
EyeIrritation6pack_PID779,eye,high,NONE,,복구분 아님 · 출처 상충 없음 · CT 와 모순 없음,2B,1.0,ntp_measured,NC,False,False,False,False,False
EyeIrritation6pack_PID78,eye,high,NONE,,복구분 아님 · 출처 상충 없음 · CT 와 모순 없음,2B,1.0,ntp_measured,NC,False,False,False,False,False
EyeIrritation6pack_PID780,eye,high,NONE,,복구분 아님 · 출처 상충 없음 · CT 와 모순 없음,2B,1.0,ntp_measured,NC,False,False,False,False,False
EyeIrritation6pack_PID781,eye,high,NONE,,복구분 아님 · 출처 상충 없음 · CT 와 모순 없음,NC,0.0,ntp_measured,NC,False,False,False,False,False
EyeIrritation6pack_PID783,eye,high,NONE,,복구분 아님 · 출처 상충 없음 · CT 와 모순 없음,NC,0.0,ntp_measured,,False,False,False,False,False
EyeIrritation6pack_PID784,eye,high,NONE,,복구분 아님 · 출처 상충 없음 · CT 와 모순 없음,NC,0.0,ntp_measured,NC,False,False,False,False,False
EyeIrritation6pack_PID788,eye,high,NONE,Serious eye damage/eye irritation / Shall not be classified as seriously damaging to the eye or eye irritant.,복구분 아님 · 출처 상충 없음 · CT 와 모순 없음,NC,0.0,ntp_measured,,False,False,True,False,False
EyeIrritation6pack_PID79,eye,high,NONE,Serious eye damage/irritation : Not classified,복구분 아님 · 출처 상충 없음 · CT 와 모순 없음,NC,0.0,ntp_measured,NC,False,False,True,False,False
EyeIrritation6pack_PID790,eye,high,NONE,Serious eye damage/irritation / no data available,복구분 아님 · 출처 상충 없음 · CT 와 모순 없음,1,1.0,ntp_measured,,False,False,False,True,True
EyeIrritation6pack_PID791,eye,high,NONE,,복구분 아님 · 출처 상충 없음 · CT 와 모순 없음,2B,1.0,ntp_measured,NC,False,False,False,False,False
EyeIrritation6pack_PID792,eye,high,NONE,,복구분 아님 · 출처 상충 없음 · CT 와 모순 없음,2B,1.0,ntp_measured,,False,False,False,False,False
EyeIrritation6pack_PID793,eye,medium,SOURCE_CONFLICT,,출처 간 서열 상충(y_conflict=True),2B,1.0,ntp_measured,,False,True,False,False,False
EyeIrritation6pack_PID794,eye,high,NONE,,복구분 아님 · 출처 상충 없음 · CT 와 모순 없음,NC,0.0,ntp_measured,,False,False,False,False,False
EyeIrritation6pack_PID795,eye,high,NONE,,복구분 아님 · 출처 상충 없음 · CT 와 모순 없음,2B,1.0,ntp_measured,NC,False,False,False,False,False
EyeIrritation6pack_PID796,eye,medium,SOURCE_CONFLICT,,출처 간 서열 상충(y_conflict=True),2B,1.0,ntp_measured,NC,False,True,False,False,False
EyeIrritation6pack_PID797,eye,high,NONE,,복구분 아님 · 출처 상충 없음 · CT 와 모순 없음,2B,1.0,ntp_measured,,False,False,False,False,False
EyeIrritation6pack_PID798,eye,high,NONE,,복구분 아님 · 출처 상충 없음 · CT 와 모순 없음,2B,1.0,ntp_measured,NC,False,False,False,False,False
EyeIrritation6pack_PID799,eye,high,NONE,,복구분 아님 · 출처 상충 없음 · CT 와 모순 없음,2B,1.0,ntp_measured,NC,False,False,False,False,False
EyeIrritation6pack_PID80,eye,medium,SOURCE_CONFLICT,"Eye Damage / Irritation Category 2 / H319, Causes serious eye irritation.",출처 간 서열 상충(y_conflict=True),2B,1.0,ntp_measured,,False,True,False,True,False
EyeIrritation6pack_PID800,eye,medium,SOURCE_CONFLICT,Primary eye irritation: Non-irritating (EPA tox. category IV),출처 간 서열 상충(y_conflict=True),2B,1.0,ntp_measured,NC,False,True,True,False,False
EyeIrritation6pack_PID801,eye,high,NONE,,복구분 아님 · 출처 상충 없음 · CT 와 모순 없음,2A,1.0,ntp_measured,,False,False,False,False,False
EyeIrritation6pack_PID802,eye,high,NONE,,복구분 아님 · 출처 상충 없음 · CT 와 모순 없음,2A,1.0,ntp_measured,NC,False,False,False,False,False
EyeIrritation6pack_PID803,eye,high,NONE,,복구분 아님 · 출처 상충 없음 · CT 와 모순 없음,NC,0.0,ntp_measured,NC,False,False,False,False,False
EyeIrritation6pack_PID804,eye,high,NONE,,복구분 아님 · 출처 상충 없음 · CT 와 모순 없음,1,1.0,ntp_measured,,False,False,False,False,False
EyeIrritation6pack_PID806,eye,high,NONE,,복구분 아님 · 출처 상충 없음 · CT 와 모순 없음,2B,1.0,ntp_measured,NC,False,False,False,False,False
EyeIrritation6pack_PID808,eye,high,NONE,,복구분 아님 · 출처 상충 없음 · CT 와 모순 없음,2B,1.0,ntp_measured,,False,False,False,False,False
EyeIrritation6pack_PID809,eye,high,NONE,,복구분 아님 · 출처 상충 없음 · CT 와 모순 없음,NC,0.0,ntp_measured,NC,False,False,False,False,False
EyeIrritation6pack_PID81,eye,high,NONE,,복구분 아님 · 출처 상충 없음 · CT 와 모순 없음,2B,1.0,ntp_measured,,False,False,False,False,False
EyeIrritation6pack_PID810,eye,high,NONE,,복구분 아님 · 출처 상충 없음 · CT 와 모순 없음,2B,1.0,ntp_measured,,False,False,False,False,False
EyeIrritation6pack_PID811,eye,medium,SOURCE_CONFLICT,"- Contact with the eyes: Based on available data, the classification criteria are not met. However, it does contain substances classified as dangerous for this effect. For more information see section 3.",출처 간 서열 상충(y_conflict=True),NC,0.0,ntp_measured,,False,True,True,False,False
EyeIrritation6pack_PID812,eye,high,NONE,,복구분 아님 · 출처 상충 없음 · CT 와 모순 없음,NC,0.0,ntp_measured,NC,False,False,False,False,False
EyeIrritation6pack_PID813,eye,high,NONE,,복구분 아님 · 출처 상충 없음 · CT 와 모순 없음,2B,1.0,ntp_measured,,False,False,False,False,False
EyeIrritation6pack_PID814,eye,high,NONE,,복구분 아님 · 출처 상충 없음 · CT 와 모순 없음,NC,0.0,ntp_measured,NC,False,False,False,False,False
EyeIrritation6pack_PID815,eye,high,NONE,,복구분 아님 · 출처 상충 없음 · CT 와 모순 없음,2B,1.0,ntp_measured,NC,False,False,False,False,False
EyeIrritation6pack_PID816,eye,high,NONE,,복구분 아님 · 출처 상충 없음 · CT 와 모순 없음,2A,1.0,ntp_measured,,False,False,False,False,False
EyeIrritation6pack_PID817,eye,high,NONE,,복구분 아님 · 출처 상충 없음 · CT 와 모순 없음,2B,1.0,ntp_measured,,False,False,False,False,False
EyeIrritation6pack_PID818,eye,high,NONE,,복구분 아님 · 출처 상충 없음 · CT 와 모순 없음,NC,0.0,ntp_measured,,False,False,False,False,False
EyeIrritation6pack_PID819,eye,medium,SOURCE_CONFLICT,,출처 간 서열 상충(y_conflict=True),2B,1.0,ntp_measured,NC,False,True,False,False,False
EyeIrritation6pack_PID822,eye,high,NONE,,복구분 아님 · 출처 상충 없음 · CT 와 모순 없음,1,1.0,ntp_measured,2A,False,False,False,False,False
EyeIrritation6pack_PID827,eye,medium,SOURCE_CONFLICT,Serious Eye Damage/Eye Irritation 2B H320,출처 간 서열 상충(y_conflict=True),NC,0.0,ntp_measured,NC,False,True,False,False,False
EyeIrritation6pack_PID828,eye,high,NONE,Serious eye damage/eye irritation / Shall not be classified as seriously damaging to the eye or eye irritant.,복구분 아님 · 출처 상충 없음 · CT 와 모순 없음,NC,0.0,ntp_measured,NC,False,False,True,False,False
EyeIrritation6pack_PID829,eye,high,NONE,Eye Irritation: Slightly irritating to rats.,복구분 아님 · 출처 상충 없음 · CT 와 모순 없음,1,1.0,ntp_measured,,False,False,False,True,False
EyeIrritation6pack_PID830,eye,medium,CT_CONTRADICTION,,CT baseline(GHS 가산법)은 양성인데 최종 라벨은 음성 — 상충,NC,0.0,ntp_measured,2A,False,False,False,False,False
EyeIrritation6pack_PID831,eye,high,NONE,,복구분 아님 · 출처 상충 없음 · CT 와 모순 없음,NC,0.0,ntp_measured,NC,False,False,False,False,False
EyeIrritation6pack_PID832,eye,high,NONE,,복구분 아님 · 출처 상충 없음 · CT 와 모순 없음,2B,1.0,ntp_measured,,False,False,False,False,False
EyeIrritation6pack_PID833,eye,high,NONE,,복구분 아님 · 출처 상충 없음 · CT 와 모순 없음,2A,1.0,ntp_measured,,False,False,False,False,False
EyeIrritation6pack_PID834,eye,high,NONE,,복구분 아님 · 출처 상충 없음 · CT 와 모순 없음,1,1.0,ntp_measured,,False,False,False,False,False
EyeIrritation6pack_PID835,eye,high,NONE,,복구분 아님 · 출처 상충 없음 · CT 와 모순 없음,2B,1.0,ntp_measured,NC,False,False,False,False,False
EyeIrritation6pack_PID837,eye,high,NONE,,복구분 아님 · 출처 상충 없음 · CT 와 모순 없음,2B,1.0,ntp_measured,,False,False,False,False,False
EyeIrritation6pack_PID838,eye,medium,SOURCE_CONFLICT,Serious eye damage/eye irritation / Shall not be classified as seriously damaging to the eye or eye irritant.,출처 간 서열 상충(y_conflict=True),2B,1.0,ntp_measured,,False,True,True,False,False
EyeIrritation6pack_PID839,eye,high,NONE,,복구분 아님 · 출처 상충 없음 · CT 와 모순 없음,NC,0.0,ntp_measured,NC,False,False,False,False,False
EyeIrritation6pack_PID840,eye,high,NONE,,복구분 아님 · 출처 상충 없음 · CT 와 모순 없음,NC,0.0,ntp_measured,,False,False,False,False,False
EyeIrritation6pack_PID841,eye,high,NONE,Serious eye damage/irritation: / Causes serious eye irritation.,복구분 아님 · 출처 상충 없음 · CT 와 모순 없음,NC,0.0,ntp_measured,NC,False,False,False,True,False
EyeIrritation6pack_PID843,eye,high,NONE,,복구분 아님 · 출처 상충 없음 · CT 와 모순 없음,NC,0.0,ntp_measured,NC,False,False,False,False,False
EyeIrritation6pack_PID844,eye,high,NONE,"Eye Contact: Minimally irritating, Toxicity Category III (Study conducted with product containing 90% AI)",복구분 아님 · 출처 상충 없음 · CT 와 모순 없음,NC,0.0,ntp_measured,NC,False,False,False,False,False
EyeIrritation6pack_PID852,eye,high,NONE,,복구분 아님 · 출처 상충 없음 · CT 와 모순 없음,NC,0.0,ntp_measured,NC,False,False,False,False,False
EyeIrritation6pack_PID853,eye,high,NONE,,복구분 아님 · 출처 상충 없음 · CT 와 모순 없음,NC,0.0,ntp_measured,NC,False,False,False,False,False
EyeIrritation6pack_PID854,eye,medium,SOURCE_CONFLICT,3.3 serious eye damage/eye irritation 2A Eye Irrit. 2A H319,출처 간 서열 상충(y_conflict=True),NC,0.0,ntp_measured,NC,False,True,False,False,False
EyeIrritation6pack_PID856,eye,high,NONE,,복구분 아님 · 출처 상충 없음 · CT 와 모순 없음,2B,1.0,ntp_measured,NC,False,False,False,False,False
EyeIrritation6pack_PID857,eye,high,NONE,,복구분 아님 · 출처 상충 없음 · CT 와 모순 없음,NC,0.0,ntp_measured,,False,False,False,False,False
EyeIrritation6pack_PID86,eye,high,NONE,,복구분 아님 · 출처 상충 없음 · CT 와 모순 없음,2B,1.0,ntp_measured,,False,False,False,False,False
EyeIrritation6pack_PID860,eye,medium,SOURCE_CONFLICT,Eye Contact: Non-Irritating (Rabbit),출처 간 서열 상충(y_conflict=True),2B,1.0,ntp_measured,,False,True,True,False,False
EyeIrritation6pack_PID861,eye,high,NONE,,복구분 아님 · 출처 상충 없음 · CT 와 모순 없음,2B,1.0,ntp_measured,NC,False,False,False,False,False
EyeIrritation6pack_PID863,eye,high,NONE,Health Hazard(s) Eye irritation - Category 2B,복구분 아님 · 출처 상충 없음 · CT 와 모순 없음,2B,1.0,ntp_measured,2A,False,False,False,False,False
EyeIrritation6pack_PID865,eye,medium,SOURCE_CONFLICT,"EMERGENCY OVERVIEW: Specific Target Organ Toxicity: Respiratory Irritation Category 3; Eye damage/Irritation: Category 2B; Carcinogenicity: Category 2, Specific Target Organ Toxicity: Single Category 2.",출처 간 서열 상충(y_conflict=True),NC,0.0,ntp_measured,,False,True,False,False,False
EyeIrritation6pack_PID866,eye,high,NONE,,복구분 아님 · 출처 상충 없음 · CT 와 모순 없음,NC,0.0,ntp_measured,,False,False,False,False,False
EyeIrritation6pack_PID867,eye,high,NONE,,복구분 아님 · 출처 상충 없음 · CT 와 모순 없음,2B,1.0,ntp_measured,NC,False,False,False,False,False
EyeIrritation6pack_PID868,eye,high,NONE,,복구분 아님 · 출처 상충 없음 · CT 와 모순 없음,2B,1.0,ntp_measured,NC,False,False,False,False,False
EyeIrritation6pack_PID869,eye,medium,SOURCE_CONFLICT,Serious eye damage/irritation : Not classified,출처 간 서열 상충(y_conflict=True),1,1.0,ntp_measured,NC,False,True,True,False,False
EyeIrritation6pack_PID87,eye,high,NONE,,복구분 아님 · 출처 상충 없음 · CT 와 모순 없음,NC,0.0,ntp_measured,,False,False,False,False,False
EyeIrritation6pack_PID870,eye,high,NONE,,복구분 아님 · 출처 상충 없음 · CT 와 모순 없음,2B,1.0,ntp_measured,,False,False,False,False,False
EyeIrritation6pack_PID871,eye,high,NONE,Eye Contact - eye irritation,복구분 아님 · 출처 상충 없음 · CT 와 모순 없음,1,1.0,ntp_measured,NC,False,False,False,False,False
EyeIrritation6pack_PID873,eye,high,NONE,Serious eye damage/eye irritation Components: Clopyralid monoethanolamine salt: Species : Rabbit Result : No eye irritation,복구분 아님 · 출처 상충 없음 · CT 와 모순 없음,2B,1.0,ntp_measured,NC,False,False,True,False,False
EyeIrritation6pack_PID874,eye,high,NONE,,복구분 아님 · 출처 상충 없음 · CT 와 모순 없음,2B,1.0,ntp_measured,1,False,False,False,False,False
EyeIrritation6pack_PID875,eye,high,NONE,,복구분 아님 · 출처 상충 없음 · CT 와 모순 없음,1,1.0,ntp_measured,1,False,False,False,False,False
EyeIrritation6pack_PID876,eye,high,NONE,,복구분 아님 · 출처 상충 없음 · CT 와 모순 없음,NC,0.0,ntp_measured,NC,False,False,False,False,False
EyeIrritation6pack_PID877,eye,high,NONE,,복구분 아님 · 출처 상충 없음 · CT 와 모순 없음,NC,0.0,ntp_measured,NC,False,False,False,False,False
EyeIrritation6pack_PID891,eye,high,NONE,,복구분 아님 · 출처 상충 없음 · CT 와 모순 없음,2B,1.0,ntp_measured,NC,False,False,False,False,False
EyeIrritation6pack_PID892,eye,high,NONE,,복구분 아님 · 출처 상충 없음 · CT 와 모순 없음,2A,1.0,ntp_measured,1,False,False,False,False,False
EyeIrritation6pack_PID893,eye,high,NONE,Serious eye damage/eye irritation  / No data available,복구분 아님 · 출처 상충 없음 · CT 와 모순 없음,2A,1.0,ntp_measured,,False,False,False,True,True
EyeIrritation6pack_PID896,eye,high,NONE,,복구분 아님 · 출처 상충 없음 · CT 와 모순 없음,NC,0.0,ntp_measured,,False,False,False,False,False
EyeIrritation6pack_PID897,eye,high,NONE,,복구분 아님 · 출처 상충 없음 · CT 와 모순 없음,2A,1.0,ntp_measured,,False,False,False,False,False
EyeIrritation6pack_PID899,eye,high,NONE,,복구분 아님 · 출처 상충 없음 · CT 와 모순 없음,NC,0.0,ntp_measured,,False,False,False,False,False
EyeIrritation6pack_PID900,eye,high,NONE,,복구분 아님 · 출처 상충 없음 · CT 와 모순 없음,NC,0.0,ntp_measured,,False,False,False,False,False
EyeIrritation6pack_PID901,eye,high,NONE,,복구분 아님 · 출처 상충 없음 · CT 와 모순 없음,2B,1.0,ntp_measured,,False,False,False,False,False
EyeIrritation6pack_PID903,eye,high,NONE,,복구분 아님 · 출처 상충 없음 · CT 와 모순 없음,2A,1.0,ntp_measured,NC,False,False,False,False,False
EyeIrritation6pack_PID905,eye,high,NONE,,복구분 아님 · 출처 상충 없음 · CT 와 모순 없음,1,1.0,ntp_measured,,False,False,False,False,False
EyeIrritation6pack_PID907,eye,high,NONE,,복구분 아님 · 출처 상충 없음 · CT 와 모순 없음,2B,1.0,ntp_measured,NC,False,False,False,False,False
EyeIrritation6pack_PID908,eye,high,NONE,,복구분 아님 · 출처 상충 없음 · CT 와 모순 없음,NC,0.0,ntp_measured,NC,False,False,False,False,False
EyeIrritation6pack_PID914,eye,high,NONE,,복구분 아님 · 출처 상충 없음 · CT 와 모순 없음,NC,0.0,ntp_measured,NC,False,False,False,False,False
EyeIrritation6pack_PID915,eye,high,NONE,,복구분 아님 · 출처 상충 없음 · CT 와 모순 없음,2B,1.0,ntp_measured,,False,False,False,False,False
EyeIrritation6pack_PID916,eye,high,NONE,H320 May cause eye irritation.,복구분 아님 · 출처 상충 없음 · CT 와 모순 없음,2B,1.0,ntp_measured,NC,False,False,False,True,False
EyeIrritation6pack_PID917,eye,high,NONE,,복구분 아님 · 출처 상충 없음 · CT 와 모순 없음,2A,1.0,ntp_measured,,False,False,False,False,False
EyeIrritation6pack_PID918,eye,high,NONE,,복구분 아님 · 출처 상충 없음 · CT 와 모순 없음,2B,1.0,ntp_measured,,False,False,False,False,False
EyeIrritation6pack_PID919,eye,high,NONE,,복구분 아님 · 출처 상충 없음 · CT 와 모순 없음,2A,1.0,ntp_measured,NC,False,False,False,False,False
EyeIrritation6pack_PID920,eye,high,NONE,Eye Irritation (rabbit): Severely irritating,복구분 아님 · 출처 상충 없음 · CT 와 모순 없음,1,1.0,ntp_measured,NC,False,False,False,False,False
EyeIrritation6pack_PID922,eye,high,NONE,,복구분 아님 · 출처 상충 없음 · CT 와 모순 없음,2B,1.0,ntp_measured,NC,False,False,False,False,False
EyeIrritation6pack_PID923,eye,high,NONE,,복구분 아님 · 출처 상충 없음 · CT 와 모순 없음,2B,1.0,ntp_measured,NC,False,False,False,False,False
EyeIrritation6pack_PID924,eye,high,NONE,,복구분 아님 · 출처 상충 없음 · CT 와 모순 없음,NC,0.0,ntp_measured,NC,False,False,False,False,False
EyeIrritation6pack_PID926,eye,high,NONE,Causes moderate eye irritation. ... POTENTIAL HEALTH EFFECTS: EYES: Causes eye irritation.,복구분 아님 · 출처 상충 없음 · CT 와 모순 없음,2B,1.0,ntp_measured,,False,False,False,False,False
EyeIrritation6pack_PID928,eye,high,NONE,,복구분 아님 · 출처 상충 없음 · CT 와 모순 없음,NC,0.0,ntp_measured,NC,False,False,False,False,False
EyeIrritation6pack_PID932,eye,high,NONE,Serious eye damage/eye irritation / Causes serious eye damage.,복구분 아님 · 출처 상충 없음 · CT 와 모순 없음,NC,0.0,ntp_measured,NC,False,False,False,True,False
EyeIrritation6pack_PID933,eye,high,NONE,,복구분 아님 · 출처 상충 없음 · CT 와 모순 없음,NC,0.0,ntp_measured,NC,False,False,False,False,False
EyeIrritation6pack_PID934,eye,high,NONE,,복구분 아님 · 출처 상충 없음 · CT 와 모순 없음,2B,1.0,ntp_measured,NC,False,False,False,False,False
EyeIrritation6pack_PID935,eye,high,NONE,,복구분 아님 · 출처 상충 없음 · CT 와 모순 없음,2B,1.0,ntp_measured,,False,False,False,False,False
EyeIrritation6pack_PID936,eye,medium,SOURCE_CONFLICT,"Warning, Eye Irrit. 2, Causes serious eye irritation.",출처 간 서열 상충(y_conflict=True),2B,1.0,ntp_measured,NC,False,True,False,True,False
EyeIrritation6pack_PID937,eye,high,NONE,,복구분 아님 · 출처 상충 없음 · CT 와 모순 없음,2B,1.0,ntp_measured,,False,False,False,False,False
EyeIrritation6pack_PID938,eye,high,NONE,,복구분 아님 · 출처 상충 없음 · CT 와 모순 없음,2B,1.0,ntp_measured,NC,False,False,False,False,False
EyeIrritation6pack_PID940,eye,medium,SOURCE_CONFLICT,,출처 간 서열 상충(y_conflict=True),NC,0.0,ntp_measured,,False,True,False,False,False
EyeIrritation6pack_PID946,eye,high,NONE,,복구분 아님 · 출처 상충 없음 · CT 와 모순 없음,2B,1.0,ntp_measured,,False,False,False,False,False
EyeIrritation6pack_PID951,eye,high,NONE,,복구분 아님 · 출처 상충 없음 · CT 와 모순 없음,2B,1.0,ntp_measured,,False,False,False,False,False
EyeIrritation6pack_PID952,eye,high,NONE,,복구분 아님 · 출처 상충 없음 · CT 와 모순 없음,NC,0.0,ntp_measured,,False,False,False,False,False
EyeIrritation6pack_PID953,eye,high,NONE,,복구분 아님 · 출처 상충 없음 · CT 와 모순 없음,2B,1.0,ntp_measured,,False,False,False,False,False
EyeIrritation6pack_PID955,eye,medium,SOURCE_CONFLICT,,출처 간 서열 상충(y_conflict=True),2B,1.0,ntp_measured,,False,True,False,False,False
EyeIrritation6pack_PID956,eye,high,NONE,,복구분 아님 · 출처 상충 없음 · CT 와 모순 없음,2B,1.0,ntp_measured,,False,False,False,False,False
EyeIrritation6pack_PID96,eye,high,NONE,,복구분 아님 · 출처 상충 없음 · CT 와 모순 없음,NC,0.0,ntp_measured,,False,False,False,False,False
EyeIrritation6pack_PID960,eye,medium,SOURCE_CONFLICT,Serious eye damage/eye irritation / Not classified based on available information.,출처 간 서열 상충(y_conflict=True),2B,1.0,ntp_measured,,False,True,True,False,False
EyeIrritation6pack_PID961,eye,high,NONE,,복구분 아님 · 출처 상충 없음 · CT 와 모순 없음,2B,1.0,ntp_measured,,False,False,False,False,False
EyeIrritation6pack_PID962,eye,high,NONE,,복구분 아님 · 출처 상충 없음 · CT 와 모순 없음,NC,0.0,ntp_measured,NC,False,False,False,False,False
EyeIrritation6pack_PID965,eye,high,NONE,Eye Irritation (rabbits) Brief and/or minor irritation EPA Tox Category III,복구분 아님 · 출처 상충 없음 · CT 와 모순 없음,2B,1.0,ntp_measured,,False,False,False,False,False
EyeIrritation6pack_PID966,eye,high,NONE,,복구분 아님 · 출처 상충 없음 · CT 와 모순 없음,1,1.0,ntp_measured,1,False,False,False,False,False
EyeIrritation6pack_PID967,eye,high,NONE,,복구분 아님 · 출처 상충 없음 · CT 와 모순 없음,2B,1.0,ntp_measured,NC,False,False,False,False,False
EyeIrritation6pack_PID968,eye,high,NONE,,복구분 아님 · 출처 상충 없음 · CT 와 모순 없음,2B,1.0,ntp_measured,NC,False,False,False,False,False
EyeIrritation6pack_PID969,eye,high,NONE,,복구분 아님 · 출처 상충 없음 · CT 와 모순 없음,2B,1.0,ntp_measured,NC,False,False,False,False,False
EyeIrritation6pack_PID970,eye,high,NONE,,복구분 아님 · 출처 상충 없음 · CT 와 모순 없음,2B,1.0,ntp_measured,NC,False,False,False,False,False
EyeIrritation6pack_PID971,eye,high,NONE,,복구분 아님 · 출처 상충 없음 · CT 와 모순 없음,2B,1.0,ntp_measured,NC,False,False,False,False,False
EyeIrritation6pack_PID972,eye,high,NONE,,복구분 아님 · 출처 상충 없음 · CT 와 모순 없음,2B,1.0,ntp_measured,NC,False,False,False,False,False
EyeIrritation6pack_PID974,eye,high,NONE,,복구분 아님 · 출처 상충 없음 · CT 와 모순 없음,NC,0.0,ntp_measured,,False,False,False,False,False
EyeIrritation6pack_PID976,eye,high,NONE,Serious eye damage/irritation / no data available,복구분 아님 · 출처 상충 없음 · CT 와 모순 없음,NC,0.0,ntp_measured,,False,False,False,True,True
EyeIrritation6pack_PID977,eye,medium,SOURCE_CONFLICT,OSHA HCS 2012 CLASSIFICATION: Flammable Liquid Category 4; Eye Irritation Category 2B; Carcinogenicity Category 2; Specific Target Organ Toxicity – Repeated Exposure Category 2; Aspiration Hazard Category 1,출처 간 서열 상충(y_conflict=True),NC,0.0,ntp_measured,NC,False,True,False,False,False
EyeIrritation6pack_PID978,eye,medium,SOURCE_CONFLICT,Eye Irritation (rabbit): Non-irritating.,출처 간 서열 상충(y_conflict=True),2B,1.0,ntp_measured,NC,False,True,True,False,False
EyeIrritation6pack_PID979,eye,high,NONE,,복구분 아님 · 출처 상충 없음 · CT 와 모순 없음,NC,0.0,ntp_measured,NC,False,False,False,False,False
EyeIrritation6pack_PID980,eye,high,NONE,,복구분 아님 · 출처 상충 없음 · CT 와 모순 없음,NC,0.0,ntp_measured,NC,False,False,False,False,False
EyeIrritation6pack_PID982,eye,high,NONE,,복구분 아님 · 출처 상충 없음 · CT 와 모순 없음,1,1.0,ntp_measured,NC,False,False,False,False,False
EyeIrritation6pack_PID983,eye,high,NONE,Serious eye damage/irritation: Based on available data the classification criteria are not met.,복구분 아님 · 출처 상충 없음 · CT 와 모순 없음,NC,0.0,ntp_measured,NC,False,False,True,False,False
EyeIrritation6pack_PID985,eye,high,NONE,,복구분 아님 · 출처 상충 없음 · CT 와 모순 없음,2A,1.0,ntp_measured,,False,False,False,False,False
EyeIrritation6pack_PID986,eye,high,NONE,,복구분 아님 · 출처 상충 없음 · CT 와 모순 없음,2A,1.0,ntp_measured,,False,False,False,False,False
EyeIrritation6pack_PID988,eye,high,NONE,,복구분 아님 · 출처 상충 없음 · CT 와 모순 없음,2B,1.0,ntp_measured,,False,False,False,False,False
EyeIrritation6pack_PID989,eye,high,NONE,,복구분 아님 · 출처 상충 없음 · CT 와 모순 없음,2B,1.0,ntp_measured,,False,False,False,False,False
EyeIrritation6pack_PID990,eye,high,NONE,,복구분 아님 · 출처 상충 없음 · CT 와 모순 없음,2B,1.0,ntp_measured,NC,False,False,False,False,False
EyeIrritation6pack_PID991,eye,high,NONE,,복구분 아님 · 출처 상충 없음 · CT 와 모순 없음,NC,0.0,ntp_measured,,False,False,False,False,False
EyeIrritation6pack_PID992,eye,high,NONE,,복구분 아님 · 출처 상충 없음 · CT 와 모순 없음,2B,1.0,ntp_measured,,False,False,False,False,False
EyeIrritation6pack_PID993,eye,medium,CT_CONTRADICTION,,CT baseline(GHS 가산법)은 양성인데 최종 라벨은 음성 — 상충,NC,0.0,ntp_measured,1,False,False,False,False,False
EyeIrritation6pack_PID994,eye,medium,CT_CONTRADICTION,,CT baseline(GHS 가산법)은 양성인데 최종 라벨은 음성 — 상충,NC,0.0,ntp_measured,2A,False,False,False,False,False
EyeIrritation6pack_PID996,eye,high,NONE,,복구분 아님 · 출처 상충 없음 · CT 와 모순 없음,1,1.0,ntp_measured,NC,False,False,False,False,False
EyeIrritation6pack_PID997,eye,high,NONE,,복구분 아님 · 출처 상충 없음 · CT 와 모순 없음,2A,1.0,ntp_measured,NC,False,False,False,False,False
EyeIrritation6pack_PID998,eye,high,NONE,,복구분 아님 · 출처 상충 없음 · CT 와 모순 없음,2B,1.0,ntp_measured,,False,False,False,False,False
EyeIrritation6pack_PID999,eye,medium,SOURCE_CONFLICT,,출처 간 서열 상충(y_conflict=True),2A,1.0,ntp_measured,,False,True,False,False,False
MIX1000,eye,high,NONE,EDI2 Serious eye damage / eye irritation 2 ... H319 - Causes serious eye irritation.,복구분 아님 · 출처 상충 없음 · CT 와 모순 없음,2A,1.0,sds_v1,,False,False,False,True,False
MIX1001,eye,high,NONE,3.3 Serious eye damage/eye irritation 2 Eye Irrit. 2 H319,복구분 아님 · 출처 상충 없음 · CT 와 모순 없음,2A,1.0,sds_v1,1,False,False,False,False,False
MIX1002,eye,medium,T2_endpoint_no_data,Serious eye damage/irritation: Not determined. No significant effects or critical hazards.,y=sds_v1 status='negative' 복구분(카테고리 미기재 → NC 보충) | T2: 문서에 음성진술은 있으나 해당 엔드포인트가 자료없음/미측정 → 시험근거 없는 음성,NC,0.0,sds_v1_negative_recovered,,True,False,True,True,True
MIX1004,eye,medium,RECOVERED_negative,Serious eye damage/irritation:  / No significant effects or critical hazards.,y=sds_v1 status='negative' 복구분(카테고리 미기재 → NC 보충),NC,0.0,sds_v1_negative_recovered,,True,False,True,False,False
MIX1005,eye,high,NONE,,복구분 아님 · 출처 상충 없음 · CT 와 모순 없음,2A,1.0,sds_2nd,,False,False,False,False,False
MIX1006,eye,high,NONE,,복구분 아님 · 출처 상충 없음 · CT 와 모순 없음,NC,0.0,phase1_sds,NC,False,False,False,False,False
MIX1007,eye,high,NONE,,복구분 아님 · 출처 상충 없음 · CT 와 모순 없음,2B,1.0,sds_2nd_sec11,,False,False,False,False,False
MIX1008,eye,high,NONE,,복구분 아님 · 출처 상충 없음 · CT 와 모순 없음,1,1.0,sds_v1,NC,False,False,False,False,False
MIX1010,eye,medium,RECOVERED_negative,Serious eye damage/eye irritation  / Eyes - Rabbit  / Result: No eye irritation  / (OECD Test Guideline 405),y=sds_v1 status='negative' 복구분(카테고리 미기재 → NC 보충),NC,0.0,sds_v1_negative_recovered,NC,True,False,True,False,False
MIX1012,eye,high,NONE,"FL 4, SCI 2, EDI 2A, SS 1, AH 1, EH A3, EH C3; H226, H304, H315, H317, H319, H402, H412",복구분 아님 · 출처 상충 없음 · CT 와 모순 없음,2A,1.0,sds_v1,,False,False,False,False,False
MIX1013,eye,high,NONE,,복구분 아님 · 출처 상충 없음 · CT 와 모순 없음,2A,1.0,phase1_sds,,False,False,False,False,False
MIX1014,eye,high,NONE,"Eye irritation (Category 2A), H319",복구분 아님 · 출처 상충 없음 · CT 와 모순 없음,2A,1.0,sds_v1,,False,False,False,False,False
MIX1015,eye,high,NONE,,복구분 아님 · 출처 상충 없음 · CT 와 모순 없음,NC,0.0,phase1_sds,,False,False,False,False,False
MIX1016,eye,high,NONE,,복구분 아님 · 출처 상충 없음 · CT 와 모순 없음,2A,1.0,sds_2nd,,False,False,False,False,False
MIX1018,eye,high,NONE,,복구분 아님 · 출처 상충 없음 · CT 와 모순 없음,NC,0.0,sds_2nd_sec11,,False,False,False,False,False
MIX102,eye,high,NONE,,복구분 아님 · 출처 상충 없음 · CT 와 모순 없음,1,1.0,sds_v1,,False,False,False,False,False
MIX1020,eye,high,NONE,,복구분 아님 · 출처 상충 없음 · CT 와 모순 없음,1,1.0,sds_v1,NC,False,False,False,False,False
MIX1021,eye,high,NONE,"Eye irritation (Category 2A), H319",복구분 아님 · 출처 상충 없음 · CT 와 모순 없음,2A,1.0,sds_v1,,False,False,False,False,False
MIX1022,eye,high,NONE,"Eye Damage / Irritation Category 2 ... H319, Causes serious eye irritation.",복구분 아님 · 출처 상충 없음 · CT 와 모순 없음,2A,1.0,sds_v1,,False,False,False,True,False
MIX1023,eye,medium,RECOVERED_negative,Serious eye damage/irritation: No irritant effect.,y=sds_v1 status='negative' 복구분(카테고리 미기재 → NC 보충),NC,0.0,sds_v1_negative_recovered,,True,False,True,False,False
MIX1024,eye,low,T1_evidence_contradicted,GHS Hazard Classifications: None Hazard Statements: None / Eye Contact: Direct contact with the eyes is likely irritating. / Irritancy: May cause eye irritation with direct contact.,y=sds_v1 status='negative' 복구분(카테고리 미기재 → NC 보충) | T1: 인용문에 명시적 음성진술 없음 + 반대신호(자료없음/자극가능/알레르기) 존재 → 근거 모순,NC,0.0,sds_v1_negative_recovered,,True,False,False,True,False
MIX1026,eye,high,NONE,,복구분 아님 · 출처 상충 없음 · CT 와 모순 없음,1,1.0,sds_v1,1,False,False,False,False,False
MIX1028,eye,high,NONE,"Eye irritation (Category 2A), H319",복구분 아님 · 출처 상충 없음 · CT 와 모순 없음,2A,1.0,sds_v1,,False,False,False,False,False
MIX1030,eye,high,NONE,"Serious eye damage/eye irritation, Category 1 H318",복구분 아님 · 출처 상충 없음 · CT 와 모순 없음,1,1.0,sds_v1,2A,False,False,False,False,False
MIX1032,eye,high,NONE,,복구분 아님 · 출처 상충 없음 · CT 와 모순 없음,2A,1.0,sds_2nd,,False,False,False,False,False
MIX1034,eye,high,NONE,Serious eye damage/eye irritation: Eye Irrit. 2A,복구분 아님 · 출처 상충 없음 · CT 와 모순 없음,2A,1.0,sds_v1,2A,False,False,False,False,False
MIX1035,eye,high,NONE,,복구분 아님 · 출처 상충 없음 · CT 와 모순 없음,1,1.0,sds_2nd,,False,False,False,False,False
MIX1036,eye,high,NONE,,복구분 아님 · 출처 상충 없음 · CT 와 모순 없음,2A,1.0,sds_2nd,,False,False,False,False,False
MIX1037,eye,high,NONE,,복구분 아님 · 출처 상충 없음 · CT 와 모순 없음,2A,1.0,sds_2nd,,False,False,False,False,False
MIX1038,eye,high,NONE,"• Classification (GHS): Flammable liquids; Acute toxicity, Oral; Skin irritation; Eye irritation.",복구분 아님 · 출처 상충 없음 · CT 와 모순 없음,2A,1.0,sds_2nd,,False,False,False,False,False
MIX1039,eye,high,NONE,,복구분 아님 · 출처 상충 없음 · CT 와 모순 없음,1,1.0,sds_2nd,,False,False,False,False,False
MIX1041,eye,high,NONE,3.3 Serious eye damage/eye irritation 2 Eye Irrit. 2 H319,복구분 아님 · 출처 상충 없음 · CT 와 모순 없음,2A,1.0,sds_v1,NC,False,False,False,False,False
MIX1044,eye,high,NONE,Eye Irrit. 2 - H319 Causes serious eye irritation.,복구분 아님 · 출처 상충 없음 · CT 와 모순 없음,1,1.0,sds_v1,2A,False,False,False,True,False
MIX1045,eye,medium,RECOVERED_negative,• Serious eye damage/irritation / No irritating effect.,y=sds_v1 status='negative' 복구분(카테고리 미기재 → NC 보충) | CT baseline(GHS 가산법)은 양성인데 최종 라벨은 음성 — 상충,NC,0.0,sds_v1_negative_recovered,1,True,False,True,False,False
MIX1047,eye,medium,RECOVERED_negative,2.1 Classification of the substance or mixture / Not a hazardous substance or mixture.,y=sds_v1 status='negative' 복구분(카테고리 미기재 → NC 보충),NC,0.0,sds_v1_negative_recovered,,True,False,True,False,False
MIX105,eye,high,NONE,,복구분 아님 · 출처 상충 없음 · CT 와 모순 없음,2B,1.0,sds_2nd,,False,False,False,False,False
MIX1056,eye,high,NONE,,복구분 아님 · 출처 상충 없음 · CT 와 모순 없음,NC,0.0,phase1_sds,NC,False,False,False,False,False
MIX1058,eye,high,NONE,,복구분 아님 · 출처 상충 없음 · CT 와 모순 없음,2A,1.0,sds_2nd,,False,False,False,False,False
MIX1062,eye,high,NONE,,복구분 아님 · 출처 상충 없음 · CT 와 모순 없음,2A,1.0,sds_2nd_sec11,,False,False,False,False,False
MIX1063,eye,high,NONE,- HEALTH HAZARDS: Skin Irrit. 2 - H315 Eye Irrit. 2 - H319 Skin Sens. 1 - H317 Asp. Tox. 1 - H304,복구분 아님 · 출처 상충 없음 · CT 와 모순 없음,2A,1.0,sds_v1,NC,False,False,False,False,False
MIX1064,eye,high,NONE,,복구분 아님 · 출처 상충 없음 · CT 와 모순 없음,2A,1.0,sds_2nd,,False,False,False,False,False
MIX1066,eye,high,NONE,"Serious eye damage/eye irritation, Category 2 / H319 – Causes serious eye irritation",복구분 아님 · 출처 상충 없음 · CT 와 모순 없음,2A,1.0,sds_v1,,False,False,False,True,False
MIX1069,eye,high,NONE,H319 Causes serious eye irritation.,복구분 아님 · 출처 상충 없음 · CT 와 모순 없음,2A,1.0,sds_v1,,False,False,False,True,False
MIX1071,eye,high,NONE,,복구분 아님 · 출처 상충 없음 · CT 와 모순 없음,2A,1.0,sds_2nd,2A,False,False,False,False,False
MIX1072,eye,low,T1_evidence_contradicted,c) serious eye damage/irritation; / Not conclusive data for classification.,y=sds_v1 status='negative' 복구분(카테고리 미기재 → NC 보충) | T1: 인용문에 명시적 음성진술 없음 + 반대신호(자료없음/자극가능/알레르기) 존재 → 근거 모순 | CT baseline(GHS 가산법)은 양성인데 최종 라벨은 음성 — 상충,NC,0.0,sds_v1_negative_recovered,1,True,False,False,True,True
MIX1074,eye,high,NONE,"Eye irritation (Category 2A), H319",복구분 아님 · 출처 상충 없음 · CT 와 모순 없음,2A,1.0,sds_v1,,False,False,False,False,False
MIX1075,eye,high,NONE,"EDI 2A Eye Damage/Irritation, Category 2A ... H319 Causes serious eye irritation.",복구분 아님 · 출처 상충 없음 · CT 와 모순 없음,2A,1.0,sds_v1,,False,False,False,True,False
MIX1076,eye,high,NONE,,복구분 아님 · 출처 상충 없음 · CT 와 모순 없음,1,1.0,sds_2nd,,False,False,False,False,False
MIX1077,eye,high,NONE,,복구분 아님 · 출처 상충 없음 · CT 와 모순 없음,2A,1.0,sds_2nd,,False,False,False,False,False
MIX110,eye,high,NONE,,복구분 아님 · 출처 상충 없음 · CT 와 모순 없음,2A,1.0,phase1_sds,2A,False,False,False,False,False
MIX112,eye,medium,RECOVERED_negative,Serious eye damage/eye irritation  / Eyes - Rabbit  / Result: No eye irritation,y=sds_v1 status='negative' 복구분(카테고리 미기재 → NC 보충),NC,0.0,sds_v1_negative_recovered,NC,True,False,True,False,False
MIX113,eye,high,NONE,,복구분 아님 · 출처 상충 없음 · CT 와 모순 없음,2A,1.0,sds_2nd,2A,False,False,False,False,False
MIX114,eye,medium,RECOVERED_negative,Serious eye damage/eye irritation  / Eyes - Rabbit  / Result: No eye irritation,y=sds_v1 status='negative' 복구분(카테고리 미기재 → NC 보충),NC,0.0,sds_v1_negative_recovered,NC,True,False,True,False,False
MIX116,eye,medium,RECOVERED_negative,Serious eye damage/eye irritation / Shall not be classified as seriously damaging to the eye or eye irritant.,y=sds_v1 status='negative' 복구분(카테고리 미기재 → NC 보충) | CT baseline(GHS 가산법)은 양성인데 최종 라벨은 음성 — 상충,NC,0.0,sds_v1_negative_recovered,1,True,False,True,False,False
MIX117,eye,high,NONE,,복구분 아님 · 출처 상충 없음 · CT 와 모순 없음,2B,1.0,sds_2nd_sec11,NC,False,False,False,False,False
MIX119,eye,high,NONE,,복구분 아님 · 출처 상충 없음 · CT 와 모순 없음,2B,1.0,sds_2nd,,False,False,False,False,False
MIX12,eye,high,NONE,,복구분 아님 · 출처 상충 없음 · CT 와 모순 없음,NC,0.0,sds_2nd_sec11,,False,False,False,False,False
MIX120,eye,high,NONE,,복구분 아님 · 출처 상충 없음 · CT 와 모순 없음,2B,1.0,sds_2nd,,False,False,False,False,False
MIX121,eye,high,NONE,,복구분 아님 · 출처 상충 없음 · CT 와 모순 없음,2B,1.0,sds_2nd,,False,False,False,False,False
MIX123,eye,high,NONE,,복구분 아님 · 출처 상충 없음 · CT 와 모순 없음,2B,1.0,sds_2nd,,False,False,False,False,False
MIX125,eye,high,NONE,,복구분 아님 · 출처 상충 없음 · CT 와 모순 없음,NC,0.0,sds_2nd_sec11,NC,False,False,False,False,False
MIX127,eye,high,NONE,,복구분 아님 · 출처 상충 없음 · CT 와 모순 없음,1,1.0,sds_2nd,,False,False,False,False,False
MIX128,eye,high,NONE,,복구분 아님 · 출처 상충 없음 · CT 와 모순 없음,NC,0.0,sds_2nd_sec11,,False,False,False,False,False
MIX129,eye,high,NONE,,복구분 아님 · 출처 상충 없음 · CT 와 모순 없음,2B,1.0,sds_2nd,,False,False,False,False,False
MIX13,eye,medium,RECOVERED_negative,Serious eye damage/eye irritation  / Eyes - rabbit  / Result: No eye irritation,y=sds_v1 status='negative' 복구분(카테고리 미기재 → NC 보충),NC,0.0,sds_v1_negative_recovered,NC,True,False,True,False,False
MIX130,eye,high,NONE,,복구분 아님 · 출처 상충 없음 · CT 와 모순 없음,NC,0.0,sds_2nd_sec11,,False,False,False,False,False
MIX131,eye,high,NONE,,복구분 아님 · 출처 상충 없음 · CT 와 모순 없음,NC,0.0,sds_2nd_sec11,NC,False,False,False,False,False
MIX132,eye,high,NONE,,복구분 아님 · 출처 상충 없음 · CT 와 모순 없음,NC,0.0,sds_2nd_sec11,,False,False,False,False,False
MIX133,eye,high,NONE,,복구분 아님 · 출처 상충 없음 · CT 와 모순 없음,1,1.0,sds_v1,,False,False,False,False,False
MIX135,eye,high,NONE,,복구분 아님 · 출처 상충 없음 · CT 와 모순 없음,NC,0.0,sds_2nd_sec11,,False,False,False,False,False
MIX139,eye,high,NONE,,복구분 아님 · 출처 상충 없음 · CT 와 모순 없음,2B,1.0,sds_2nd,,False,False,False,False,False
MIX141,eye,high,NONE,,복구분 아님 · 출처 상충 없음 · CT 와 모순 없음,NC,0.0,sds_2nd_sec11,,False,False,False,False,False
MIX142,eye,low,FLIP_pos_to_neg,Serious eye damage/eye irritation / Eyes - Rabbit / Result: No eye irritation,y=sds_v1 status='negative' 복구분(카테고리 미기재 → NC 보충) | FLIP: 복구된 NC 가 하위 출처의 양성 주장을 이겨 v4 대비 양성→음성 전환,NC,0.0,sds_v1_negative_recovered,,True,True,True,False,False
MIX144,eye,high,NONE,,복구분 아님 · 출처 상충 없음 · CT 와 모순 없음,1,1.0,sds_2nd,1,False,False,False,False,False
MIX145,eye,high,NONE,Eyes Causes irritation to eyes.,복구분 아님 · 출처 상충 없음 · CT 와 모순 없음,2A,1.0,sds_2nd_sec11,,False,False,False,False,False
MIX147,eye,medium,SOURCE_CONFLICT,"Classification: Flammable Liquid, Category 3 Acute Toxicity, Dermal Category 4 Acute Toxicity, Inhalation Category 4 Skin Irritation, Category 2 Eye Irritation, Category 2 Carcinogenicity, Category 2 Specific Target Organ Toxicity (Single Exposure) – Category 3 Aspiration Hazard – Category 1 / H319: Causes serious eye irritation",출처 간 서열 상충(y_conflict=True),2A,1.0,sds_v1,,False,True,False,True,False
MIX148,eye,high,NONE,,복구분 아님 · 출처 상충 없음 · CT 와 모순 없음,2A,1.0,sds_2nd,NC,False,False,False,False,False
MIX149,eye,high,NONE,Serious eye damage/eye irritation • No eye irritation: Rabbit; OECD 405,복구분 아님 · 출처 상충 없음 · CT 와 모순 없음,1,1.0,sds_v1,,False,False,True,False,False
MIX15,eye,medium,RECOVERED_negative,Serious eye damage/eye irritation  / Eyes - rabbit  / Result: No eye irritation,y=sds_v1 status='negative' 복구분(카테고리 미기재 → NC 보충),NC,0.0,sds_v1_negative_recovered,NC,True,False,True,False,False
MIX150,eye,high,NONE,,복구분 아님 · 출처 상충 없음 · CT 와 모순 없음,1,1.0,sds_2nd,,False,False,False,False,False
MIX152,eye,high,NONE,,복구분 아님 · 출처 상충 없음 · CT 와 모순 없음,2A,1.0,sds_2nd,,False,False,False,False,False
MIX156,eye,high,NONE,H319 Causes serious eye irritation,복구분 아님 · 출처 상충 없음 · CT 와 모순 없음,2A,1.0,sds_v1,,False,False,False,True,False
MIX158,eye,high,NONE,GHS classification: Health Hazards: Acute inhalation Category 4 Eye damage/irritation Category 2B,복구분 아님 · 출처 상충 없음 · CT 와 모순 없음,2B,1.0,sds_v1,NC,False,False,False,False,False
MIX159,eye,high,NONE,,복구분 아님 · 출처 상충 없음 · CT 와 모순 없음,NC,0.0,sds_2nd_sec11,NC,False,False,False,False,False
MIX160,eye,high,NONE,,복구분 아님 · 출처 상충 없음 · CT 와 모순 없음,2B,1.0,sds_2nd_sec11,NC,False,False,False,False,False
MIX163,eye,high,NONE,,복구분 아님 · 출처 상충 없음 · CT 와 모순 없음,NC,0.0,sds_2nd_sec11,,False,False,False,False,False
MIX164,eye,high,NONE,,복구분 아님 · 출처 상충 없음 · CT 와 모순 없음,NC,0.0,sds_2nd_sec11,,False,False,False,False,False
MIX165,eye,high,NONE,,복구분 아님 · 출처 상충 없음 · CT 와 모순 없음,1,1.0,sds_2nd_sec11,,False,False,False,False,False
MIX166,eye,high,NONE,,복구분 아님 · 출처 상충 없음 · CT 와 모순 없음,NC,0.0,sds_2nd_sec11,NC,False,False,False,False,False
MIX167,eye,high,NONE,,복구분 아님 · 출처 상충 없음 · CT 와 모순 없음,NC,0.0,sds_2nd,NC,False,False,False,False,False
MIX168,eye,high,NONE,,복구분 아님 · 출처 상충 없음 · CT 와 모순 없음,NC,0.0,sds_2nd,NC,False,False,False,False,False
MIX169,eye,high,NONE,,복구분 아님 · 출처 상충 없음 · CT 와 모순 없음,2B,1.0,sds_2nd,,False,False,False,False,False
MIX171,eye,high,NONE,,복구분 아님 · 출처 상충 없음 · CT 와 모순 없음,2B,1.0,sds_2nd,,False,False,False,False,False
MIX172,eye,high,NONE,,복구분 아님 · 출처 상충 없음 · CT 와 모순 없음,NC,0.0,sds_2nd_sec11,,False,False,False,False,False
MIX174,eye,high,NONE,,복구분 아님 · 출처 상충 없음 · CT 와 모순 없음,NC,0.0,sds_2nd_sec11,,False,False,False,False,False
MIX176,eye,high,NONE,,복구분 아님 · 출처 상충 없음 · CT 와 모순 없음,2B,1.0,sds_2nd,,False,False,False,False,False
MIX180,eye,high,NONE,,복구분 아님 · 출처 상충 없음 · CT 와 모순 없음,2A,1.0,sds_2nd,2A,False,False,False,False,False
MIX182,eye,high,NONE,,복구분 아님 · 출처 상충 없음 · CT 와 모순 없음,NC,0.0,sds_2nd_sec11,NC,False,False,False,False,False
MIX183,eye,high,NONE,Serious Eye damage/Irritation / Fipronil: Moderate eye irritation (rabbit). (Category III - EPA) / Pyriproxyfen: Eye irritation reversible within 7 days (Category III - EPA),복구분 아님 · 출처 상충 없음 · CT 와 모순 없음,NC,0.0,sds_2nd_sec11,NC,False,False,False,False,False
MIX186,eye,high,NONE,,복구분 아님 · 출처 상충 없음 · CT 와 모순 없음,NC,0.0,sds_2nd_sec11,NC,False,False,False,False,False
MIX19,eye,high,NONE,,복구분 아님 · 출처 상충 없음 · CT 와 모순 없음,NC,0.0,sds_2nd_sec11,,False,False,False,False,False
MIX192,eye,high,NONE,,복구분 아님 · 출처 상충 없음 · CT 와 모순 없음,NC,0.0,sds_2nd_sec11,NC,False,False,False,False,False
MIX193,eye,high,NONE,,복구분 아님 · 출처 상충 없음 · CT 와 모순 없음,1,1.0,sds_2nd,,False,False,False,False,False
MIX194,eye,medium,RECOVERED_negative,Serious eye damage/eye irritation Non-irritant.,y=sds_v1 status='negative' 복구분(카테고리 미기재 → NC 보충),NC,0.0,sds_v1_negative_recovered,NC,True,False,True,False,False
MIX198,eye,high,NONE,,복구분 아님 · 출처 상충 없음 · CT 와 모순 없음,2A,1.0,sds_2nd,,False,False,False,False,False
MIX203,eye,medium,RECOVERED_negative,Serious eye damage/eye irritation / Shall not be classified as seriously damaging to the eye or eye irritant.,y=sds_v1 status='negative' 복구분(카테고리 미기재 → NC 보충),NC,0.0,sds_v1_negative_recovered,NC,True,False,True,False,False
MIX204,eye,high,NONE,Assessment of irritating effects: Skin contact causes irritation. Not irritating to the eyes. / Experimental/calculated data: / Skin corrosion/irritation rabbit: Irritant. (OECD Guideline 404) / Serious eye damage/irritation rabbit: non-irritant (Draize test),복구분 아님 · 출처 상충 없음 · CT 와 모순 없음,1,1.0,sds_v1,NC,False,False,True,True,False
MIX208,eye,high,NONE,,복구분 아님 · 출처 상충 없음 · CT 와 모순 없음,1,1.0,sds_2nd,,False,False,False,False,False
MIX21,eye,high,NONE,,복구분 아님 · 출처 상충 없음 · CT 와 모순 없음,2A,1.0,sds_2nd,2A,False,False,False,False,False
MIX211,eye,high,NONE,,복구분 아님 · 출처 상충 없음 · CT 와 모순 없음,NC,0.0,sds_2nd_sec11,,False,False,False,False,False
MIX216,eye,high,NONE,,복구분 아님 · 출처 상충 없음 · CT 와 모순 없음,NC,0.0,sds_2nd_sec11,,False,False,False,False,False
MIX217,eye,low,FLIP_pos_to_neg,Serious eye damage/eye irritation  / Eyes - rabbit  / Result: No eye irritation,y=sds_v1 status='negative' 복구분(카테고리 미기재 → NC 보충) | FLIP: 복구된 NC 가 하위 출처의 양성 주장을 이겨 v4 대비 양성→음성 전환,NC,0.0,sds_v1_negative_recovered,NC,True,True,True,False,False
MIX218,eye,medium,SOURCE_CONFLICT,,출처 간 서열 상충(y_conflict=True),1,1.0,sds_v1,,False,True,False,False,False
MIX219,eye,high,NONE,,복구분 아님 · 출처 상충 없음 · CT 와 모순 없음,NC,0.0,sds_2nd_sec11,,False,False,False,False,False
MIX220,eye,high,NONE,,복구분 아님 · 출처 상충 없음 · CT 와 모순 없음,2A,1.0,sds_2nd,,False,False,False,False,False
MIX221,eye,high,NONE,,복구분 아님 · 출처 상충 없음 · CT 와 모순 없음,NC,0.0,sds_2nd,NC,False,False,False,False,False
MIX222,eye,medium,RECOVERED_negative,Serious eye damage/eye irritation / Shall not be classified as seriously damaging to the eye or eye irritant.,y=sds_v1 status='negative' 복구분(카테고리 미기재 → NC 보충),NC,0.0,sds_v1_negative_recovered,NC,True,False,True,False,False
MIX224,eye,high,NONE,,복구분 아님 · 출처 상충 없음 · CT 와 모순 없음,2A,1.0,sds_2nd,NC,False,False,False,False,False
MIX225,eye,high,NONE,,복구분 아님 · 출처 상충 없음 · CT 와 모순 없음,2A,1.0,sds_2nd,,False,False,False,False,False
MIX226,eye,high,NONE,,복구분 아님 · 출처 상충 없음 · CT 와 모순 없음,NC,0.0,sds_2nd_sec11,,False,False,False,False,False
MIX227,eye,medium,RECOVERED_negative,Serious eye damage/irritation --- Not Applicable,y=sds_v1 status='negative' 복구분(카테고리 미기재 → NC 보충),NC,0.0,sds_v1_negative_recovered,,True,False,False,False,True
MIX229,eye,high,NONE,Classification of the substance and mixture: / Eye irritation: Cat.2A,복구분 아님 · 출처 상충 없음 · CT 와 모순 없음,2A,1.0,sds_v1,NC,False,False,False,False,False
MIX23,eye,low,FLIP_pos_to_neg,Serious eye damage/eye irritation / Shall not be classified as seriously damaging to the eye or eye irritant.,y=sds_v1 status='negative' 복구분(카테고리 미기재 → NC 보충) | FLIP: 복구된 NC 가 하위 출처의 양성 주장을 이겨 v4 대비 양성→음성 전환,NC,0.0,sds_v1_negative_recovered,,True,True,True,False,False
MIX230,eye,high,NONE,,복구분 아님 · 출처 상충 없음 · CT 와 모순 없음,2A,1.0,sds_2nd,,False,False,False,False,False
MIX231,eye,high,NONE,,복구분 아님 · 출처 상충 없음 · CT 와 모순 없음,2A,1.0,sds_2nd,,False,False,False,False,False
MIX236,eye,high,NONE,"Eye irritation (Category 2A), H319",복구분 아님 · 출처 상충 없음 · CT 와 모순 없음,2A,1.0,sds_v1,,False,False,False,False,False
MIX238,eye,high,NONE,"Eye irritation (Category 2A), H319",복구분 아님 · 출처 상충 없음 · CT 와 모순 없음,2A,1.0,sds_v1,,False,False,False,False,False
MIX239,eye,high,NONE,"Eye irritation (Category 2A), H319",복구분 아님 · 출처 상충 없음 · CT 와 모순 없음,2A,1.0,sds_v1,,False,False,False,False,False
MIX242,eye,high,NONE,,복구분 아님 · 출처 상충 없음 · CT 와 모순 없음,NC,0.0,sds_2nd_sec11,,False,False,False,False,False
MIX244,eye,high,NONE,,복구분 아님 · 출처 상충 없음 · CT 와 모순 없음,2A,1.0,sds_2nd_sec11,NC,False,False,False,False,False
MIX245,eye,medium,RECOVERED_negative,Serious eye damage/eye irritation / Shall not be classified as seriously damaging to the eye or eye irritant.,y=sds_v1 status='negative' 복구분(카테고리 미기재 → NC 보충),NC,0.0,sds_v1_negative_recovered,,True,False,True,False,False
MIX248,eye,high,NONE,3.3 Serious eye damage/eye irritation 1 Eye Dam. 1 H318,복구분 아님 · 출처 상충 없음 · CT 와 모순 없음,1,1.0,sds_v1,NC,False,False,False,False,False
MIX249,eye,high,NONE,Combustible dust / Eye irritation - Category 2A,복구분 아님 · 출처 상충 없음 · CT 와 모순 없음,2A,1.0,sds_v1,,False,False,False,False,False
MIX250,eye,high,NONE,3.3 Serious eye damage/eye irritation 1 Eye Dam. 1 H318,복구분 아님 · 출처 상충 없음 · CT 와 모순 없음,1,1.0,sds_v1,1,False,False,False,False,False
MIX251,eye,high,NONE,Serious eye damage/eye irritation / May cause slight temporary eye irritation. / Corneal injury is unlikely.,복구분 아님 · 출처 상충 없음 · CT 와 모순 없음,NC,0.0,phase1_sds,,False,False,False,True,False
MIX252,eye,high,NONE,,복구분 아님 · 출처 상충 없음 · CT 와 모순 없음,1,1.0,sds_2nd,NC,False,False,False,False,False
MIX254,eye,high,NONE,Classification of the substance or mixture / Reproductive toxicity - Category 2 - H361f / Long-term (chronic) aquatic hazard - Category 1 - H410 / Serious eye damage/eye irritation / Essentially nonirritating to eyes.,복구분 아님 · 출처 상충 없음 · CT 와 모순 없음,1,1.0,sds_v1,,False,False,True,True,False
MIX256,eye,high,NONE,Eye irritation - Category 2 - H319,복구분 아님 · 출처 상충 없음 · CT 와 모순 없음,2A,1.0,sds_v1,,False,False,False,False,False
MIX260,eye,high,NONE,,복구분 아님 · 출처 상충 없음 · CT 와 모순 없음,NC,0.0,sds_2nd_sec11,,False,False,False,False,False
MIX262,eye,high,NONE,,복구분 아님 · 출처 상충 없음 · CT 와 모순 없음,1,1.0,sds_2nd_sec11,NC,False,False,False,False,False
MIX267,eye,high,NONE,,복구분 아님 · 출처 상충 없음 · CT 와 모순 없음,2A,1.0,sds_2nd,NC,False,False,False,False,False
MIX270,eye,high,NONE,,복구분 아님 · 출처 상충 없음 · CT 와 모순 없음,2A,1.0,sds_2nd,NC,False,False,False,False,False
MIX272,eye,high,NONE,Eye irritation (rabbit): Contact with eye may cause irritation,복구분 아님 · 출처 상충 없음 · CT 와 모순 없음,NC,0.0,sds_2nd_sec11,NC,False,False,False,True,False
MIX273,eye,medium,SOURCE_CONFLICT,Serious eye damage/eye irritation / Product: / Species : Rabbit / Method : OECD Test Guideline 405 / Result : No eye irritation,출처 간 서열 상충(y_conflict=True),1,1.0,sds_v1,NC,False,True,True,False,False
MIX274,eye,high,NONE,Eye Irritation - Category 2B H320  Causes eye irritation.,복구분 아님 · 출처 상충 없음 · CT 와 모순 없음,2B,1.0,sds_v1,,False,False,False,False,False
MIX275,eye,high,NONE,Eye Dam./Irrit. 2A H319 Causes serious eye irritation.,복구분 아님 · 출처 상충 없음 · CT 와 모순 없음,2A,1.0,sds_v1,,False,False,False,True,False
MIX280,eye,medium,RECOVERED_negative,Eye irritation: Nonirritating,y=sds_v1 status='negative' 복구분(카테고리 미기재 → NC 보충),NC,0.0,sds_v1_negative_recovered,,True,False,True,False,False
MIX281,eye,high,NONE,,복구분 아님 · 출처 상충 없음 · CT 와 모순 없음,NC,0.0,sds_2nd_sec11,,False,False,False,False,False
MIX282,eye,high,NONE,,복구분 아님 · 출처 상충 없음 · CT 와 모순 없음,1,1.0,sds_2nd_sec11,NC,False,False,False,False,False
MIX286,eye,high,NONE,,복구분 아님 · 출처 상충 없음 · CT 와 모순 없음,NC,0.0,sds_2nd_sec11,,False,False,False,False,False
MIX289,eye,high,NONE,Symptoms of Acute Exposure: /  Causes moderate eye irritation.,복구분 아님 · 출처 상충 없음 · CT 와 모순 없음,2A,1.0,sds_2nd,NC,False,False,False,False,False
MIX293,eye,high,NONE,Serious eye damage/irritation / no data available,복구분 아님 · 출처 상충 없음 · CT 와 모순 없음,NC,0.0,sds_2nd_sec11,,False,False,False,True,True
MIX294,eye,medium,RECOVERED_negative,"Eye contact Based on available data, the classification criteria are not met.",y=sds_v1 status='negative' 복구분(카테고리 미기재 → NC 보충) | CT baseline(GHS 가산법)은 양성인데 최종 라벨은 음성 — 상충,NC,0.0,sds_v1_negative_recovered,2A,True,False,True,False,False
MIX296,eye,high,NONE,,복구분 아님 · 출처 상충 없음 · CT 와 모순 없음,1,1.0,sds_v1,1,False,False,False,False,False
MIX299,eye,high,NONE,,복구분 아님 · 출처 상충 없음 · CT 와 모순 없음,1,1.0,sds_v1,NC,False,False,False,False,False
MIX3,eye,high,NONE,,복구분 아님 · 출처 상충 없음 · CT 와 모순 없음,NC,0.0,sds_2nd_sec11,NC,False,False,False,False,False
MIX301,eye,high,NONE,,복구분 아님 · 출처 상충 없음 · CT 와 모순 없음,1,1.0,sds_2nd,,False,False,False,False,False
MIX303,eye,high,NONE,,복구분 아님 · 출처 상충 없음 · CT 와 모순 없음,1,1.0,sds_2nd,NC,False,False,False,False,False
MIX307,eye,high,NONE,,복구분 아님 · 출처 상충 없음 · CT 와 모순 없음,1,1.0,sds_v1,,False,False,False,False,False
MIX309,eye,high,NONE,,복구분 아님 · 출처 상충 없음 · CT 와 모순 없음,1,1.0,sds_2nd,,False,False,False,False,False
MIX31,eye,high,NONE,,복구분 아님 · 출처 상충 없음 · CT 와 모순 없음,2B,1.0,sds_2nd_sec11,,False,False,False,False,False
MIX318,eye,high,NONE,,복구분 아님 · 출처 상충 없음 · CT 와 모순 없음,1,1.0,sds_v1,,False,False,False,False,False
MIX32,eye,high,NONE,,복구분 아님 · 출처 상충 없음 · CT 와 모순 없음,NC,0.0,sds_2nd_sec11,,False,False,False,False,False
MIX322,eye,high,NONE,,복구분 아님 · 출처 상충 없음 · CT 와 모순 없음,NC,0.0,sds_2nd_sec11,,False,False,False,False,False
MIX329,eye,medium,RECOVERED_negative,2.1 Classification of the substance or mixture Not a hazardous substance or mixture.,y=sds_v1 status='negative' 복구분(카테고리 미기재 → NC 보충),NC,0.0,sds_v1_negative_recovered,NC,True,False,True,False,False
MIX33,eye,high,NONE,,복구분 아님 · 출처 상충 없음 · CT 와 모순 없음,NC,0.0,sds_2nd_sec11,NC,False,False,False,False,False
MIX337,eye,high,NONE,,복구분 아님 · 출처 상충 없음 · CT 와 모순 없음,2B,1.0,sds_2nd_sec11,,False,False,False,False,False
MIX338,eye,high,NONE,Eye Irritation / Category 2B / (H320) / Causes eye irritation,복구분 아님 · 출처 상충 없음 · CT 와 모순 없음,2B,1.0,sds_v1,NC,False,False,False,False,False
MIX339,eye,medium,RECOVERED_negative,GHS classification in accordance with the Hazardous Products Regulations Not a hazardous substance or mixture.,y=sds_v1 status='negative' 복구분(카테고리 미기재 → NC 보충),NC,0.0,sds_v1_negative_recovered,NC,True,False,True,False,False
MIX342,eye,medium,RECOVERED_negative,Serious eye damage/eye irritation / Product: / Species : Rabbit / Result : No eye irritation,y=sds_v1 status='negative' 복구분(카테고리 미기재 → NC 보충),NC,0.0,sds_v1_negative_recovered,,True,False,True,False,False
MIX343,eye,high,NONE,,복구분 아님 · 출처 상충 없음 · CT 와 모순 없음,1,1.0,sds_v1,2A,False,False,False,False,False
MIX345,eye,low,FLIP_pos_to_neg,"Irritation/Corrosion Conclusion/Summary ... Eyes : Based on available data, the classification criteria are not met.",y=sds_v1 status='negative' 복구분(카테고리 미기재 → NC 보충) | FLIP: 복구된 NC 가 하위 출처의 양성 주장을 이겨 v4 대비 양성→음성 전환,NC,0.0,sds_v1_negative_recovered,,True,True,True,False,False
MIX347,eye,medium,SOURCE_CONFLICT,,출처 간 서열 상충(y_conflict=True),1,1.0,sds_v1,,False,True,False,False,False
MIX350,eye,high,NONE,,복구분 아님 · 출처 상충 없음 · CT 와 모순 없음,2A,1.0,sds_2nd,,False,False,False,False,False
MIX351,eye,medium,RECOVERED_negative,Serious eye damage/eye irritation / Shall not be classified as seriously damaging to the eye or eye irritant.,y=sds_v1 status='negative' 복구분(카테고리 미기재 → NC 보충),NC,0.0,sds_v1_negative_recovered,,True,False,True,False,False
MIX356,eye,medium,CT_CONTRADICTION,,CT baseline(GHS 가산법)은 양성인데 최종 라벨은 음성 — 상충,NC,0.0,sds_2nd_sec11,1,False,False,False,False,False
MIX357,eye,medium,CT_CONTRADICTION,,CT baseline(GHS 가산법)은 양성인데 최종 라벨은 음성 — 상충,NC,0.0,sds_2nd_sec11,2A,False,False,False,False,False
MIX358,eye,high,NONE,,복구분 아님 · 출처 상충 없음 · CT 와 모순 없음,2A,1.0,sds_2nd,,False,False,False,False,False
MIX36,eye,high,NONE,,복구분 아님 · 출처 상충 없음 · CT 와 모순 없음,NC,0.0,sds_2nd_sec11,,False,False,False,False,False
MIX363,eye,high,NONE,Eye irrt. 2A / H319 / ... / H319 Causes serious eye irritation,복구분 아님 · 출처 상충 없음 · CT 와 모순 없음,2A,1.0,sds_v1,1,False,False,False,True,False
MIX364,eye,medium,RECOVERED_negative,2.1 Classification of the substance or mixture  / Not a hazardous substance or mixture.,y=sds_v1 status='negative' 복구분(카테고리 미기재 → NC 보충),NC,0.0,sds_v1_negative_recovered,,True,False,True,False,False
MIX37,eye,high,NONE,,복구분 아님 · 출처 상충 없음 · CT 와 모순 없음,2A,1.0,sds_2nd,,False,False,False,False,False
MIX370,eye,medium,RECOVERED_negative,Serious eye damage/eye irritation / Shall not be classified as seriously damaging to the eye or eye irritant.,y=sds_v1 status='negative' 복구분(카테고리 미기재 → NC 보충),NC,0.0,sds_v1_negative_recovered,,True,False,True,False,False
MIX371,eye,high,NONE,,복구분 아님 · 출처 상충 없음 · CT 와 모순 없음,2B,1.0,sds_2nd_sec11,,False,False,False,False,False
MIX372,eye,high,NONE,,복구분 아님 · 출처 상충 없음 · CT 와 모순 없음,NC,0.0,sds_2nd_sec11,,False,False,False,False,False
MIX375,eye,medium,SOURCE_CONFLICT,,출처 간 서열 상충(y_conflict=True),1,1.0,sds_v1,,False,True,False,False,False
MIX377,eye,medium,RECOVERED_negative,· on the eye: Essentially nonirritating to eyes.,y=sds_v1 status='negative' 복구분(카테고리 미기재 → NC 보충),NC,0.0,sds_v1_negative_recovered,NC,True,False,True,True,False
MIX378,eye,medium,RECOVERED_negative,Primary eye irritation: Non-irritating (EPA tox. category IV),y=sds_v1 status='negative' 복구분(카테고리 미기재 → NC 보충),NC,0.0,sds_v1_negative_recovered,NC,True,False,True,False,False
MIX38,eye,high,NONE,,복구분 아님 · 출처 상충 없음 · CT 와 모순 없음,2A,1.0,sds_2nd,,False,False,False,False,False
MIX383,eye,medium,T2_endpoint_no_data,"Serious eye damage/eye irritation : Not classified (Based on available data, the classification criteria are not met.) pH: Not applicable",y=sds_v1 status='negative' 복구분(카테고리 미기재 → NC 보충) | T2: 문서에 음성진술은 있으나 해당 엔드포인트가 자료없음/미측정 → 시험근거 없는 음성,NC,0.0,sds_v1_negative_recovered,,True,False,True,False,True
MIX387,eye,high,NONE,,복구분 아님 · 출처 상충 없음 · CT 와 모순 없음,NC,0.0,sds_2nd_sec11,,False,False,False,False,False
MIX388,eye,high,NONE,,복구분 아님 · 출처 상충 없음 · CT 와 모순 없음,1,1.0,sds_2nd_sec11,1,False,False,False,False,False
MIX394,eye,high,NONE,"Serious eye damage/irritation: Based on available data, the classification criteria are not met. Eye contact may cause red eyes, pain, blurred vision, impaired but reversible vision.",복구분 아님 · 출처 상충 없음 · CT 와 모순 없음,1,1.0,sds_v1,,False,False,True,True,False
MIX395,eye,high,NONE,Eye Irrit. 2;H319 Causes serious eye irritation.,복구분 아님 · 출처 상충 없음 · CT 와 모순 없음,1,1.0,sds_v1,NC,False,False,False,True,False
MIX397,eye,medium,RECOVERED_negative,Serious eye damage/eye irritation: Species: Rabbit Method: OECD Test Guideline 405 Result: No eye irritation,y=sds_v1 status='negative' 복구분(카테고리 미기재 → NC 보충),NC,0.0,sds_v1_negative_recovered,,True,False,True,False,False
MIX399,eye,high,NONE,,복구분 아님 · 출처 상충 없음 · CT 와 모순 없음,1,1.0,sds_v1,NC,False,False,False,False,False
MIX401,eye,high,NONE,Serious eye damage/irritation / no data available,복구분 아님 · 출처 상충 없음 · CT 와 모순 없음,2B,1.0,sds_2nd_sec11,,False,False,False,True,True
MIX403,eye,high,NONE,Serious Eye Damage/Eye Irritation 2B H320,복구분 아님 · 출처 상충 없음 · CT 와 모순 없음,2B,1.0,sds_v1,NC,False,False,False,False,False
MIX405,eye,medium,RECOVERED_negative,Serious eye damage/eye irritation / Shall not be classified as seriously damaging to the eye or eye irritant.,y=sds_v1 status='negative' 복구분(카테고리 미기재 → NC 보충),NC,0.0,sds_v1_negative_recovered,NC,True,False,True,False,False
MIX406,eye,high,NONE,Eye Irritation: Slightly irritating to rats.,복구분 아님 · 출처 상충 없음 · CT 와 모순 없음,1,1.0,sds_2nd_sec11,,False,False,False,True,False
MIX419,eye,high,NONE,Serious eye damage/irritation: / Causes serious eye irritation.,복구분 아님 · 출처 상충 없음 · CT 와 모순 없음,NC,0.0,sds_2nd_sec11,NC,False,False,False,True,False
MIX42,eye,low,FLIP_pos_to_neg,Serious eye damage/eye irritation / Essentially nonirritating to eyes. / Corneal injury is unlikely.,y=sds_v1 status='negative' 복구분(카테고리 미기재 → NC 보충) | FLIP: 복구된 NC 가 하위 출처의 양성 주장을 이겨 v4 대비 양성→음성 전환,NC,0.0,sds_v1_negative_recovered,,True,True,True,True,False
MIX422,eye,high,NONE,,복구분 아님 · 출처 상충 없음 · CT 와 모순 없음,2A,1.0,sds_2nd,NC,False,False,False,False,False
MIX425,eye,high,NONE,,복구분 아님 · 출처 상충 없음 · CT 와 모순 없음,2A,1.0,sds_2nd,NC,False,False,False,False,False
MIX429,eye,high,NONE,,복구분 아님 · 출처 상충 없음 · CT 와 모순 없음,2A,1.0,sds_2nd,1,False,False,False,False,False
MIX430,eye,high,NONE,3.3 serious eye damage/eye irritation 2A Eye Irrit. 2A H319,복구분 아님 · 출처 상충 없음 · CT 와 모순 없음,2A,1.0,sds_v1,NC,False,False,False,False,False
MIX431,eye,medium,RECOVERED_negative,Serious eye damage/eye irritation Shall not be classified as seriously damaging to the eye or eye irritant.,y=sds_v1 status='negative' 복구분(카테고리 미기재 → NC 보충),NC,0.0,sds_v1_negative_recovered,,True,False,True,False,False
MIX433,eye,high,NONE,,복구분 아님 · 출처 상충 없음 · CT 와 모순 없음,NC,0.0,sds_2nd_sec11,,False,False,False,False,False
MIX434,eye,low,FLIP_pos_to_neg,Eye Contact: Non-Irritating (Rabbit),y=sds_v1 status='negative' 복구분(카테고리 미기재 → NC 보충) | FLIP: 복구된 NC 가 하위 출처의 양성 주장을 이겨 v4 대비 양성→음성 전환,NC,0.0,sds_v1_negative_recovered,,True,True,True,False,False
MIX439,eye,high,NONE,Health Hazard(s) Eye irritation - Category 2B,복구분 아님 · 출처 상충 없음 · CT 와 모순 없음,2B,1.0,sds_v1,2A,False,False,False,False,False
MIX44,eye,medium,RECOVERED_negative,Serious eye damage/irritation : Not classified,y=sds_v1 status='negative' 복구분(카테고리 미기재 → NC 보충),NC,0.0,sds_v1_negative_recovered,NC,True,False,True,False,False
MIX440,eye,medium,SOURCE_CONFLICT,"EMERGENCY OVERVIEW: Specific Target Organ Toxicity: Respiratory Irritation Category 3; Eye damage/Irritation: Category 2B; Carcinogenicity: Category 2, Specific Target Organ Toxicity: Single Category 2.",출처 간 서열 상충(y_conflict=True),2B,1.0,sds_v1,,False,True,False,False,False
MIX441,eye,high,NONE,,복구분 아님 · 출처 상충 없음 · CT 와 모순 없음,NC,0.0,sds_2nd_sec11,,False,False,False,False,False
MIX445,eye,medium,SOURCE_CONFLICT,Serious eye damage/irritation : Not classified,출처 간 서열 상충(y_conflict=True),1,1.0,sds_v1,NC,False,True,True,False,False
MIX447,eye,low,FLIP_pos_to_neg,Serious eye damage/eye irritation / Shall not be classified as seriously damaging to the eye or eye irritant.,y=sds_v1 status='negative' 복구분(카테고리 미기재 → NC 보충) | FLIP: 복구된 NC 가 하위 출처의 양성 주장을 이겨 v4 대비 양성→음성 전환,NC,0.0,sds_v1_negative_recovered,,True,True,True,False,False
MIX453,eye,high,NONE,,복구분 아님 · 출처 상충 없음 · CT 와 모순 없음,NC,0.0,sds_2nd_sec11,,False,False,False,False,False
MIX459,eye,high,NONE,"Warning, Eye Irrit. 2, Causes serious eye irritation.",복구분 아님 · 출처 상충 없음 · CT 와 모순 없음,2A,1.0,sds_v1,NC,False,False,False,True,False
MIX46,eye,high,NONE,"Eye Damage / Irritation Category 2 / H319, Causes serious eye irritation.",복구분 아님 · 출처 상충 없음 · CT 와 모순 없음,2A,1.0,sds_v1,,False,False,False,True,False
MIX464,eye,high,NONE,,복구분 아님 · 출처 상충 없음 · CT 와 모순 없음,1,1.0,sds_v1,,False,False,False,False,False
MIX47,eye,medium,RECOVERED_negative,"Rabbit, Eye Irritation -   Not irritating",y=sds_v1 status='negative' 복구분(카테고리 미기재 → NC 보충),NC,0.0,sds_v1_negative_recovered,,True,False,True,False,False
MIX472,eye,medium,SOURCE_CONFLICT,,출처 간 서열 상충(y_conflict=True),2B,1.0,sds_2nd,NC,False,True,False,False,False
MIX474,eye,high,NONE,* CAUTION!  Color: White to off-white;  Form: Solid; Powder; * Odor: Musty talc; Harmful if inhaled; Harmful if absorbed * through skin; Causes eye irritation; Harmful if swallowed.,복구분 아님 · 출처 상충 없음 · CT 와 모순 없음,NC,0.0,sds_2nd_sec11,,False,False,False,False,False
MIX48,eye,high,NONE,,복구분 아님 · 출처 상충 없음 · CT 와 모순 없음,NC,0.0,sds_2nd_sec11,,False,False,False,False,False
MIX482,eye,high,NONE,H320 May cause eye irritation.,복구분 아님 · 출처 상충 없음 · CT 와 모순 없음,2B,1.0,sds_v1,NC,False,False,False,True,False
MIX484,eye,high,NONE,(c) serious eye damage/irritation; No data available,복구분 아님 · 출처 상충 없음 · CT 와 모순 없음,NC,0.0,sds_2nd,,False,False,False,True,True
MIX488,eye,medium,SOURCE_CONFLICT,Serious eye damage/eye irritation Category 2A,출처 간 서열 상충(y_conflict=True),2A,1.0,sds_v1,,False,True,False,False,False
MIX491,eye,high,NONE,OSHA HCS 2012 CLASSIFICATION: Flammable Liquid Category 4; Eye Irritation Category 2B; Carcinogenicity Category 2; Specific Target Organ Toxicity – Repeated Exposure Category 2; Aspiration Hazard Category 1,복구분 아님 · 출처 상충 없음 · CT 와 모순 없음,2B,1.0,sds_v1,NC,False,False,False,False,False
MIX494,eye,medium,RECOVERED_negative,Serious eye damage/irritation: Based on available data the classification criteria are not met.,y=sds_v1 status='negative' 복구분(카테고리 미기재 → NC 보충),NC,0.0,sds_v1_negative_recovered,NC,True,False,True,False,False
MIX497,eye,high,NONE,,복구분 아님 · 출처 상충 없음 · CT 와 모순 없음,2A,1.0,sds_2nd,NC,False,False,False,False,False
MIX498,eye,high,NONE,Eye Damage/Irritation Category 1 H318,복구분 아님 · 출처 상충 없음 · CT 와 모순 없음,1,1.0,sds_v1,,False,False,False,False,False
MIX50,eye,high,NONE,,복구분 아님 · 출처 상충 없음 · CT 와 모순 없음,NC,0.0,sds_2nd_sec11,,False,False,False,False,False
MIX506,eye,high,NONE,,복구분 아님 · 출처 상충 없음 · CT 와 모순 없음,1,1.0,sds_2nd,NC,False,False,False,False,False
MIX508,eye,high,NONE,"Classification of the Substance or Mixture (per Globally Harmonized System of Classification and Labeling of Chemicals (GHS), Ninth revised edition) Acute Toxicity - Oral: Category 5 Acute Toxicity – Inhalation: Category 4 Eye Irritation: Category 2B Skin Irritation: Category 3",복구분 아님 · 출처 상충 없음 · CT 와 모순 없음,2B,1.0,sds_v1,,False,False,False,False,False
MIX510,eye,high,NONE,,복구분 아님 · 출처 상충 없음 · CT 와 모순 없음,1,1.0,sds_2nd_sec11,,False,False,False,False,False
MIX511,eye,high,NONE,,복구분 아님 · 출처 상충 없음 · CT 와 모순 없음,NC,0.0,sds_2nd_sec11,NC,False,False,False,False,False
MIX514,eye,high,NONE,,복구분 아님 · 출처 상충 없음 · CT 와 모순 없음,2A,1.0,sds_2nd,,False,False,False,False,False
MIX515,eye,high,NONE,,복구분 아님 · 출처 상충 없음 · CT 와 모순 없음,2A,1.0,sds_2nd,,False,False,False,False,False
MIX516,eye,high,NONE,,복구분 아님 · 출처 상충 없음 · CT 와 모순 없음,NC,0.0,sds_2nd_sec11,,False,False,False,False,False
MIX517,eye,medium,RECOVERED_negative,"Serious Eye Damage/Irritation / Based on available data, the classification criteria are not met.",y=sds_v1 status='negative' 복구분(카테고리 미기재 → NC 보충),NC,0.0,sds_v1_negative_recovered,NC,True,False,True,False,False
MIX520,eye,high,NONE,,복구분 아님 · 출처 상충 없음 · CT 와 모순 없음,1,1.0,sds_2nd_sec11,2A,False,False,False,False,False
MIX523,eye,high,NONE,,복구분 아님 · 출처 상충 없음 · CT 와 모순 없음,1,1.0,sds_2nd_sec11,2A,False,False,False,False,False
MIX526,eye,high,NONE,,복구분 아님 · 출처 상충 없음 · CT 와 모순 없음,NC,0.0,sds_2nd_sec11,,False,False,False,False,False
MIX527,eye,low,FLIP_pos_to_neg,(c) serious eye damage/irritation: not irritant,y=sds_v1 status='negative' 복구분(카테고리 미기재 → NC 보충) | FLIP: 복구된 NC 가 하위 출처의 양성 주장을 이겨 v4 대비 양성→음성 전환,NC,0.0,sds_v1_negative_recovered,NC,True,True,False,False,False
MIX529,eye,high,NONE,,복구분 아님 · 출처 상충 없음 · CT 와 모순 없음,2B,1.0,sds_2nd,NC,False,False,False,False,False
MIX53,eye,high,NONE,Serious eye damage/eye irritation Direct contact with eyes may cause temporary irritation.,복구분 아님 · 출처 상충 없음 · CT 와 모순 없음,NC,0.0,sds_2nd_sec11,,False,False,False,True,False
MIX530,eye,medium,RECOVERED_negative,Serious eye damage/eye irritation / Product: / Result : No eye irritation,y=sds_v1 status='negative' 복구분(카테고리 미기재 → NC 보충) | CT baseline(GHS 가산법)은 양성인데 최종 라벨은 음성 — 상충,NC,0.0,sds_v1_negative_recovered,2A,True,False,True,False,False
MIX535,eye,high,NONE,,복구분 아님 · 출처 상충 없음 · CT 와 모순 없음,2A,1.0,sds_2nd_sec11,,False,False,False,False,False
MIX537,eye,medium,SOURCE_CONFLICT,Eye irritation: Category 2A ... H319 Causes serious eye irritation.,출처 간 서열 상충(y_conflict=True),2A,1.0,sds_v1,,False,True,False,True,False
MIX54,eye,high,NONE,Eye Dam./Irrit. 2 H319 Causes serious eye irritation.,복구분 아님 · 출처 상충 없음 · CT 와 모순 없음,1,1.0,sds_v1,,False,False,False,True,False
MIX540,eye,high,NONE,Serious eye damage/eye irritation Category 2B,복구분 아님 · 출처 상충 없음 · CT 와 모순 없음,2B,1.0,sds_v1,NC,False,False,False,False,False
MIX545,eye,medium,T2_endpoint_no_data,"2.1 Classification of the substance or mixture / Not a hazardous substance or mixture. / 2.2 GHS Label elements, including precautionary statements / Not a hazardous substance or mixture. / ... Serious eye damage/eye irritation / No data available",y=sds_v1 status='negative' 복구분(카테고리 미기재 → NC 보충) | T2: 문서에 음성진술은 있으나 해당 엔드포인트가 자료없음/미측정 → 시험근거 없는 음성,NC,0.0,sds_v1_negative_recovered,,True,False,True,True,True
MIX547,eye,medium,RECOVERED_negative,· on the eye: No irritating effect.,y=sds_v1 status='negative' 복구분(카테고리 미기재 → NC 보충),NC,0.0,sds_v1_negative_recovered,NC,True,False,True,False,False
MIX548,eye,high,NONE,,복구분 아님 · 출처 상충 없음 · CT 와 모순 없음,NC,0.0,sds_2nd_sec11,,False,False,False,False,False
MIX549,eye,medium,SOURCE_CONFLICT,,출처 간 서열 상충(y_conflict=True),1,1.0,sds_v1,1,False,True,False,False,False
MIX55,eye,high,NONE,,복구분 아님 · 출처 상충 없음 · CT 와 모순 없음,NC,0.0,phase1_sds,NC,False,False,False,False,False
MIX555,eye,medium,RECOVERED_negative,Eye / Species: rabbit / Result: non-irritant / Method: OECD Guideline 405,y=sds_v1 status='negative' 복구분(카테고리 미기재 → NC 보충),NC,0.0,sds_v1_negative_recovered,NC,True,False,True,False,False
MIX557,eye,high,NONE,"Eye irritation, Category 2 ... H319 Causes serious eye irritation",복구분 아님 · 출처 상충 없음 · CT 와 모순 없음,2A,1.0,sds_v1,,False,False,False,True,False
MIX558,eye,high,NONE,,복구분 아님 · 출처 상충 없음 · CT 와 모순 없음,2A,1.0,sds_2nd,,False,False,False,False,False
MIX56,eye,high,NONE,,복구분 아님 · 출처 상충 없음 · CT 와 모순 없음,NC,0.0,sds_2nd_sec11,NC,False,False,False,False,False
MIX564,eye,medium,SOURCE_CONFLICT,"- Contact with the eyes: Based on available data, the classification criteria are not met. However, it does contain substances classified as dangerous for this effect. For more information see section 3.",출처 간 서열 상충(y_conflict=True),2A,1.0,sds_v1,,False,True,True,False,False
MIX569,eye,high,NONE,,복구분 아님 · 출처 상충 없음 · CT 와 모순 없음,1,1.0,sds_v1,NC,False,False,False,False,False
MIX573,eye,high,NONE,,복구분 아님 · 출처 상충 없음 · CT 와 모순 없음,2B,1.0,sds_2nd,,False,False,False,False,False
MIX575,eye,medium,RECOVERED_negative,GHS Classification: Not classified. GHS Labeling: Not a dangerous substance according to GHS. GHS Hazard Statements: None. Potential Health Hazards: Eyes: May be an irritant.,y=sds_v1 status='negative' 복구분(카테고리 미기재 → NC 보충),NC,0.0,sds_v1_negative_recovered,,True,False,True,False,False
MIX577,eye,medium,RECOVERED_negative,Serious eye damage/eye irritation Mild eye irritation. (Rabbit),y=sds_v1 status='negative' 복구분(카테고리 미기재 → NC 보충),NC,0.0,sds_v1_negative_recovered,,True,False,False,False,False
MIX578,eye,high,NONE,,복구분 아님 · 출처 상충 없음 · CT 와 모순 없음,2A,1.0,sds_2nd,,False,False,False,False,False
MIX579,eye,high,NONE,,복구분 아님 · 출처 상충 없음 · CT 와 모순 없음,NC,0.0,sds_2nd_sec11,NC,False,False,False,False,False
MIX581,eye,medium,RECOVERED_negative,"Based on animal data, this product is not a skin or eye irritant, and is not a skin sensitizer in animals.",y=sds_v1 status='negative' 복구분(카테고리 미기재 → NC 보충) | CT baseline(GHS 가산법)은 양성인데 최종 라벨은 음성 — 상충,NC,0.0,sds_v1_negative_recovered,2A,True,False,True,False,False
MIX582,eye,high,NONE,Eye irritation /  rabbit  /  Result: No eye irritation /  Method: OECD Test Guideline 405 /  Information source: Internal study report (Data on the product itself),복구분 아님 · 출처 상충 없음 · CT 와 모순 없음,2A,1.0,sds_v1,2A,False,False,True,False,False
MIX583,eye,high,NONE,Serious eye damage/eye irritation - Not classified - The evaluation was carried out according to the calculation method.,복구분 아님 · 출처 상충 없음 · CT 와 모순 없음,1,1.0,sds_v1,,False,False,True,False,False
MIX584,eye,high,NONE,Serious Eye Damage/Eye Irritation Category 1,복구분 아님 · 출처 상충 없음 · CT 와 모순 없음,1,1.0,sds_v1,,False,False,False,False,False
MIX586,eye,medium,RECOVERED_negative,Serious eye damage/eye irritation / Shall not be classified as seriously damaging to the eye or eye irritant.,y=sds_v1 status='negative' 복구분(카테고리 미기재 → NC 보충),NC,0.0,sds_v1_negative_recovered,NC,True,False,True,False,False
MIX587,eye,medium,RECOVERED_negative,Serious eye damage/eye irritation  / Eyes - rabbit  / Result: No eye irritation,y=sds_v1 status='negative' 복구분(카테고리 미기재 → NC 보충),NC,0.0,sds_v1_negative_recovered,,True,False,True,False,False
MIX588,eye,high,NONE,"Eye irritation (Category 2A), H319",복구분 아님 · 출처 상충 없음 · CT 와 모순 없음,2A,1.0,sds_v1,,False,False,False,False,False
MIX589,eye,medium,RECOVERED_negative,Irritation / corrosion  / Assessment of irritating effects: May cause slight irritation to the eyes. May cause slight irritation to the skin. /  / Eye  / Species: rabbit  / Result: non-irritant,y=sds_v1 status='negative' 복구분(카테고리 미기재 → NC 보충),NC,0.0,sds_v1_negative_recovered,,True,False,True,True,False
MIX591,eye,high,NONE,"OSHA Hazard Communication Standard, 29 CFR 1910.1200 (2012) / Eye damage/irritation - Category 2A",복구분 아님 · 출처 상충 없음 · CT 와 모순 없음,2A,1.0,sds_v1,,False,False,False,False,False
MIX592,eye,high,NONE,May cause moderate but temporary irritation to the eyes.,복구분 아님 · 출처 상충 없음 · CT 와 모순 없음,NC,0.0,sds_2nd_sec11,,False,False,False,True,False
MIX594,eye,medium,RECOVERED_negative,Serious eye damage/irritation Non-irritating (Rabbit),y=sds_v1 status='negative' 복구분(카테고리 미기재 → NC 보충),NC,0.0,sds_v1_negative_recovered,,True,False,True,False,False
MIX595,eye,medium,RECOVERED_negative,Irritation / corrosion / Assessment of irritating effects: May cause slight irritation to the skin. May cause slight but temporary irritation to the eyes. /  / Eye / Species: rabbit / Result: non-irritant / Method: OECD Guideline 405,y=sds_v1 status='negative' 복구분(카테고리 미기재 → NC 보충),NC,0.0,sds_v1_negative_recovered,NC,True,False,True,True,False
MIX596,eye,high,NONE,Eye irrt. 2A / H319 / ... / H319 Causes serious eye irritation,복구분 아님 · 출처 상충 없음 · CT 와 모순 없음,2A,1.0,sds_v1,1,False,False,False,True,False
MIX598,eye,high,NONE,,복구분 아님 · 출처 상충 없음 · CT 와 모순 없음,1,1.0,sds_v1,,False,False,False,False,False
MIX599,eye,high,NONE,Serious eye damage/eye irritation Direct contact with eyes may cause temporary irritation.,복구분 아님 · 출처 상충 없음 · CT 와 모순 없음,2A,1.0,sds_2nd_sec11,,False,False,False,True,False
MIX6,eye,high,NONE,,복구분 아님 · 출처 상충 없음 · CT 와 모순 없음,1,1.0,sds_v1,NC,False,False,False,False,False
MIX600,eye,high,NONE,,복구분 아님 · 출처 상충 없음 · CT 와 모순 없음,2A,1.0,sds_2nd,1,False,False,False,False,False
MIX603,eye,high,NONE,Eye Irritation : Causes eye irritation /  Hazard Categories : Oral/Dermal/Inhalation Tox-3/5/4; Eye Irr-2B; STOT-SE-1; STOT-RE-1; Carcinogen-2,복구분 아님 · 출처 상충 없음 · CT 와 모순 없음,2B,1.0,sds_v1,NC,False,False,False,False,False
MIX605,eye,high,NONE,Serious eye damage/eye irritation  / No data available,복구분 아님 · 출처 상충 없음 · CT 와 모순 없음,2B,1.0,sds_2nd_sec11,NC,False,False,False,True,True
MIX606,eye,high,NONE,EYE IRRITATION 2B Promptly Reversible Eye Irritation Possible,복구분 아님 · 출처 상충 없음 · CT 와 모순 없음,2B,1.0,sds_v1,NC,False,False,False,False,False
MIX607,eye,high,NONE,Eye Irritation : Causes eye irritation /  Hazard Categories : Oral/Dermal/Inhalation Tox-3/5/4; Eye Irr-2B; STOT-SE-1; STOT-RE-1; Carcinogen-2,복구분 아님 · 출처 상충 없음 · CT 와 모순 없음,2B,1.0,sds_v1,NC,False,False,False,False,False
MIX608,eye,high,NONE,Eye irritation: Category 2A,복구분 아님 · 출처 상충 없음 · CT 와 모순 없음,2A,1.0,sds_v1,,False,False,False,False,False
MIX610,eye,high,NONE,Serious eye damage/eye irritation  Direct contact with eyes may cause temporary irritation.,복구분 아님 · 출처 상충 없음 · CT 와 모순 없음,NC,0.0,phase1_sds,,False,False,False,True,False
MIX611,eye,high,NONE,,복구분 아님 · 출처 상충 없음 · CT 와 모순 없음,1,1.0,sds_v1,NC,False,False,False,False,False
MIX612,eye,medium,RECOVERED_negative,Eye irritation: Non-irritant,y=sds_v1 status='negative' 복구분(카테고리 미기재 → NC 보충) | CT baseline(GHS 가산법)은 양성인데 최종 라벨은 음성 — 상충,NC,0.0,sds_v1_negative_recovered,1,True,False,True,False,False
MIX614,eye,high,NONE,,복구분 아님 · 출처 상충 없음 · CT 와 모순 없음,1,1.0,sds_2nd,NC,False,False,False,False,False
MIX617,eye,high,NONE,Eye Irrit. 2A H319 Causes serious eye irritation.,복구분 아님 · 출처 상충 없음 · CT 와 모순 없음,2A,1.0,sds_v1,,False,False,False,True,False
MIX618,eye,medium,RECOVERED_negative,· on the eye: No irritating effect.,y=sds_v1 status='negative' 복구분(카테고리 미기재 → NC 보충),NC,0.0,sds_v1_negative_recovered,,True,False,True,False,False
MIX621,eye,medium,RECOVERED_negative,· on the eye: No irritating effect.,y=sds_v1 status='negative' 복구분(카테고리 미기재 → NC 보충),NC,0.0,sds_v1_negative_recovered,,True,False,True,False,False
MIX622,eye,medium,SOURCE_CONFLICT,"Classification in accordance with regulation HCS 29CFR §1910.1200 / Skin sensitisation: Category 1 / Eye irritation: Category 2B / Acute toxicity(Oral, Inhalation): Category 4",출처 간 서열 상충(y_conflict=True),2B,1.0,sds_v1,NC,False,True,False,False,False
MIX623,eye,medium,RECOVERED_negative,Classification - (per U.S. OSHA 29 CFR 1910.1200 (Hazcom 2012)) / Not a dangerous substance or mixture according to the Globally Harmonized System (GHS).,y=sds_v1 status='negative' 복구분(카테고리 미기재 → NC 보충),NC,0.0,sds_v1_negative_recovered,NC,True,False,False,False,False
MIX624,eye,high,NONE,,복구분 아님 · 출처 상충 없음 · CT 와 모순 없음,NC,0.0,sds_2nd_sec11,,False,False,False,False,False
MIX628,eye,medium,SOURCE_CONFLICT,,출처 간 서열 상충(y_conflict=True),1,1.0,sds_v1,1,False,True,False,False,False
MIX629,eye,medium,RECOVERED_negative,Eye Irritation (Category III) Cause moderate eye irritation | Not classified,y=sds_v1 status='negative' 복구분(카테고리 미기재 → NC 보충),NC,0.0,sds_v1_negative_recovered,NC,True,False,True,False,False
MIX630,eye,medium,RECOVERED_negative,Serious eye damage/irritation / Classification criteria are not met based on available data,y=sds_v1 status='negative' 복구분(카테고리 미기재 → NC 보충),NC,0.0,sds_v1_negative_recovered,,True,False,True,False,False
MIX631,eye,high,NONE,"Eye irritation (Category 2), H319",복구분 아님 · 출처 상충 없음 · CT 와 모순 없음,2A,1.0,sds_v1,2A,False,False,False,False,False
MIX632,eye,medium,RECOVERED_negative,This material is not hazardous under the criteria of the Federal OSHA Hazard Communication Standard 29CFR 1910.1200. ... Serious eye damage/eye irritation No eye irritation (Rabbit),y=sds_v1 status='negative' 복구분(카테고리 미기재 → NC 보충),NC,0.0,sds_v1_negative_recovered,NC,True,False,True,False,False
MIX633,eye,high,NONE,"Eye irritation (Category 2A), H319",복구분 아님 · 출처 상충 없음 · CT 와 모순 없음,2A,1.0,sds_v1,,False,False,False,False,False
MIX634,eye,high,NONE,"Eye irritation (Category 2A), H319",복구분 아님 · 출처 상충 없음 · CT 와 모순 없음,2A,1.0,sds_v1,,False,False,False,False,False
MIX637,eye,high,NONE,,복구분 아님 · 출처 상충 없음 · CT 와 모순 없음,NC,0.0,sds_2nd,NC,False,False,False,False,False
MIX64,eye,high,NONE,"GHS Classification in accordance with 29 CFR 1910 (OSHA HCS) Eye irritation (Category 2A), H319",복구분 아님 · 출처 상충 없음 · CT 와 모순 없음,2A,1.0,sds_v1,,False,False,False,False,False
MIX640,eye,high,NONE,Eye contact Contact with eyes may cause irritation.,복구분 아님 · 출처 상충 없음 · CT 와 모순 없음,NC,0.0,sds_2nd_sec11,NC,False,False,False,True,False
MIX645,eye,medium,RECOVERED_negative,"Eye effects/eye irritation: Mild, transient irritant",y=sds_v1 status='negative' 복구분(카테고리 미기재 → NC 보충),NC,0.0,sds_v1_negative_recovered,NC,True,False,False,False,False
MIX647,eye,high,NONE,,복구분 아님 · 출처 상충 없음 · CT 와 모순 없음,1,1.0,sds_2nd_sec11,,False,False,False,False,False
MIX648,eye,high,NONE,Eye Contact: Moderately Irritating (Rabbit) (based on a substantially similar formulation),복구분 아님 · 출처 상충 없음 · CT 와 모순 없음,NC,0.0,sds_2nd_sec11,,False,False,False,False,False
MIX649,eye,medium,RECOVERED_negative,Classifications: Not Applicable | Signal Word (OSHA): Not Applicable | Hazard Statements: Not Applicable ... Eye Contact: Minimally Irritating (Rabbit),y=sds_v1 status='negative' 복구분(카테고리 미기재 → NC 보충),NC,0.0,sds_v1_negative_recovered,NC,True,False,False,False,True
MIX65,eye,high,NONE,,복구분 아님 · 출처 상충 없음 · CT 와 모순 없음,2B,1.0,sds_2nd_sec11,,False,False,False,False,False
MIX653,eye,medium,RECOVERED_negative,Serious eye damage/eye irritation Slight irritant effect - does not require labelling. (Rabbit) Test conducted with a similar formulation.,y=sds_v1 status='negative' 복구분(카테고리 미기재 → NC 보충),NC,0.0,sds_v1_negative_recovered,NC,True,False,False,False,False
MIX655,eye,high,NONE,Eye irritation: Category 2A,복구분 아님 · 출처 상충 없음 · CT 와 모순 없음,2A,1.0,sds_v1,,False,False,False,False,False
MIX657,eye,high,NONE,Hazard Statements: Causes skin irritation / May cause an allergic skin reaction / Causes eye irritation / Skin Corrosion/Irritation: Category 2 / Skin Sensitizer: Category 1B / Eye Damage/Irritation: Category 2B,복구분 아님 · 출처 상충 없음 · CT 와 모순 없음,2B,1.0,sds_v1,1,False,False,False,True,False
MIX658,eye,high,NONE,Eye Dam./Irrit. 2A Serious eye damage/eye irritation ... H319 Causes serious eye irritation.,복구분 아님 · 출처 상충 없음 · CT 와 모순 없음,2A,1.0,sds_v1,,False,False,False,True,False
MIX659,eye,medium,RECOVERED_negative,Classifications: Not Applicable / Signal Word (OSHA): Not Applicable / Hazard Statements: Not Applicable ... Eye Contact: Mildly Irritating (Rabbit) (based on a substantially similar formulation),y=sds_v1 status='negative' 복구분(카테고리 미기재 → NC 보충) | CT baseline(GHS 가산법)은 양성인데 최종 라벨은 음성 — 상충,NC,0.0,sds_v1_negative_recovered,1,True,False,False,False,True
MIX660,eye,high,NONE,"Eye corrosive 2A Eye irritant: Subcategory 2A, Reversible in 21 days ... H319 Causes serious eye irritation",복구분 아님 · 출처 상충 없음 · CT 와 모순 없음,2A,1.0,sds_v1,,False,False,False,True,False
MIX661,eye,medium,RECOVERED_negative,Serious eye damage/eye irritation / May cause slight temporary eye irritation. / Minimal effects that do not meet the threshold for classification.,y=sds_v1 status='negative' 복구분(카테고리 미기재 → NC 보충) | CT baseline(GHS 가산법)은 양성인데 최종 라벨은 음성 — 상충,NC,0.0,sds_v1_negative_recovered,2A,True,False,True,True,False
MIX662,eye,high,NONE,Serious eye damage/eye irritation Category 2B,복구분 아님 · 출처 상충 없음 · CT 와 모순 없음,2B,1.0,sds_v1,NC,False,False,False,False,False
MIX663,eye,high,NONE,,복구분 아님 · 출처 상충 없음 · CT 와 모순 없음,1,1.0,sds_v1,1,False,False,False,False,False
MIX664,eye,high,NONE,,복구분 아님 · 출처 상충 없음 · CT 와 모순 없음,1,1.0,sds_v1,,False,False,False,False,False
MIX668,eye,medium,RECOVERED_negative,"Serious Eye Damage / Irritation: Based on classification principles, the classification criteria are not met.",y=sds_v1 status='negative' 복구분(카테고리 미기재 → NC 보충),NC,0.0,sds_v1_negative_recovered,NC,True,False,True,False,False
MIX67,eye,medium,RECOVERED_negative,Serious eye damage/irritation : Not classified pH: 7 - 8,y=sds_v1 status='negative' 복구분(카테고리 미기재 → NC 보충),NC,0.0,sds_v1_negative_recovered,,True,False,True,False,False
MIX670,eye,low,FLIP_pos_to_neg,"Serious eye damage/eye irritation Based on available data, the classification criteria are not met.",y=sds_v1 status='negative' 복구분(카테고리 미기재 → NC 보충) | FLIP: 복구된 NC 가 하위 출처의 양성 주장을 이겨 v4 대비 양성→음성 전환,NC,0.0,sds_v1_negative_recovered,NC,True,True,True,False,False
MIX672,eye,medium,RECOVERED_negative,Serious eye damage/eye irritation Eyes - Rabbit Result: No eye irritation,y=sds_v1 status='negative' 복구분(카테고리 미기재 → NC 보충),NC,0.0,sds_v1_negative_recovered,,True,False,True,False,False
MIX674,eye,high,NONE,Eye Damage/Irritation:  Category 2A,복구분 아님 · 출처 상충 없음 · CT 와 모순 없음,2A,1.0,sds_v1,,False,False,False,False,False
MIX675,eye,high,NONE,Eye Damage/Irritation: Category 2B,복구분 아님 · 출처 상충 없음 · CT 와 모순 없음,2B,1.0,sds_v1,NC,False,False,False,False,False
MIX676,eye,high,NONE,,복구분 아님 · 출처 상충 없음 · CT 와 모순 없음,1,1.0,sds_2nd,,False,False,False,False,False
MIX677,eye,high,NONE,,복구분 아님 · 출처 상충 없음 · CT 와 모순 없음,1,1.0,sds_2nd,,False,False,False,False,False
MIX678,eye,high,NONE,HEALTH HAZARDS: / Eye Irritation Category 2A,복구분 아님 · 출처 상충 없음 · CT 와 모순 없음,2A,1.0,sds_v1,NC,False,False,False,False,False
MIX679,eye,high,NONE,Serious eye damage/eye irritation Eyes - Rabbit Result: Severe eye irritation,복구분 아님 · 출처 상충 없음 · CT 와 모순 없음,1,1.0,sds_v1,1,False,False,False,False,False
MIX68,eye,high,NONE,,복구분 아님 · 출처 상충 없음 · CT 와 모순 없음,NC,0.0,sds_2nd_sec11,NC,False,False,False,False,False
MIX681,eye,high,NONE,(c) serious eye damage/irritation; No data available,복구분 아님 · 출처 상충 없음 · CT 와 모순 없음,NC,0.0,sds_2nd_sec11,,False,False,False,True,True
MIX682,eye,high,NONE,"Classification: Eye Irritation, Category 2 ... Hazard Statement: H319: Causes serious eye irritation",복구분 아님 · 출처 상충 없음 · CT 와 모순 없음,1,1.0,sds_v1,,False,False,False,True,False
MIX686,eye,high,NONE,Serious eye damage/eye irritation Category 2B,복구분 아님 · 출처 상충 없음 · CT 와 모순 없음,2B,1.0,sds_v1,,False,False,False,False,False
MIX687,eye,high,NONE,,복구분 아님 · 출처 상충 없음 · CT 와 모순 없음,1,1.0,sds_2nd,,False,False,False,False,False
MIX690,eye,high,NONE,,복구분 아님 · 출처 상충 없음 · CT 와 모순 없음,NC,0.0,sds_2nd_sec11,NC,False,False,False,False,False
MIX691,eye,high,NONE,Classification:  /     Eye Irritation:						Category 2A /     Acute Toxicity (Inhalation):			Category 4 /  / Signal Word:	WARNING /  / Hazard Statements: / • Causes serious eye irritation / • Harmful if inhaled,복구분 아님 · 출처 상충 없음 · CT 와 모순 없음,2A,1.0,sds_v1,,False,False,False,True,False
MIX692,eye,high,NONE,,복구분 아님 · 출처 상충 없음 · CT 와 모순 없음,1,1.0,sds_2nd,1,False,False,False,False,False
MIX693,eye,high,NONE,Combustible dust / Eye irritation - Category 2A,복구분 아님 · 출처 상충 없음 · CT 와 모순 없음,2A,1.0,sds_v1,,False,False,False,False,False
MIX695,eye,high,NONE,,복구분 아님 · 출처 상충 없음 · CT 와 모순 없음,1,1.0,sds_v1,1,False,False,False,False,False
MIX696,eye,high,NONE,EYE: May cause slight eye irritation. Corneal injury is unlikely. May cause pain disproportionate to the level of irritation to eye tissues.,복구분 아님 · 출처 상충 없음 · CT 와 모순 없음,2A,1.0,sds_2nd,,False,False,False,True,False
MIX697,eye,high,NONE,,복구분 아님 · 출처 상충 없음 · CT 와 모순 없음,1,1.0,sds_2nd_sec11,,False,False,False,False,False
MIX7,eye,medium,RECOVERED_negative,Serious eyes damages/irritation rabbit: non-irritant,y=sds_v1 status='negative' 복구분(카테고리 미기재 → NC 보충),NC,0.0,sds_v1_negative_recovered,NC,True,False,True,False,False
MIX70,eye,high,NONE,Eye Dam./Irrit. 1 H318 Causes serious eye damage.,복구분 아님 · 출처 상충 없음 · CT 와 모순 없음,1,1.0,sds_v1,,False,False,False,True,False
MIX701,eye,low,FLIP_pos_to_neg,Eye The mixture is not considered to be an eye irritant. Sum of eye irritants <10%,y=sds_v1 status='negative' 복구분(카테고리 미기재 → NC 보충) | FLIP: 복구된 NC 가 하위 출처의 양성 주장을 이겨 v4 대비 양성→음성 전환,NC,0.0,sds_v1_negative_recovered,,True,True,False,False,False
MIX704,eye,medium,RECOVERED_negative,Classification - (per U.S. OSHA 29 CFR 1910.1200 (Hazcom 2012)) / Not a hazardous substance or mixture according to the Globally Harmonized System (GHS).,y=sds_v1 status='negative' 복구분(카테고리 미기재 → NC 보충),NC,0.0,sds_v1_negative_recovered,,True,False,True,False,False
MIX706,eye,medium,RECOVERED_negative,Acute Eye Contact: This product is expected to cause minimal or no eye irritation. The expected adverse health effects resulting from an exposure may include redness and possibly some minor swelling.,y=sds_v1 status='negative' 복구분(카테고리 미기재 → NC 보충),NC,0.0,sds_v1_negative_recovered,NC,True,False,True,False,False
MIX708,eye,medium,RECOVERED_negative,Health hazards Not classified. ... Hazard statement The mixture does not meet the criteria for classification. / Serious eye damage/eye irritation: Direct contact with eyes may cause temporary irritation.,y=sds_v1 status='negative' 복구분(카테고리 미기재 → NC 보충),NC,0.0,sds_v1_negative_recovered,NC,True,False,True,True,False
MIX709,eye,medium,RECOVERED_negative,Health hazards Not classified. ... Hazard statement The mixture does not meet the criteria for classification. / Serious eye damage/eye irritation: Direct contact with eyes may cause temporary irritation.,y=sds_v1 status='negative' 복구분(카테고리 미기재 → NC 보충),NC,0.0,sds_v1_negative_recovered,NC,True,False,True,True,False
MIX710,eye,high,NONE,Classifications: Inhalation: Category 4 Eye Damage/Irritation: Category 2B ... Hazard Statements: Causes eye irritation,복구분 아님 · 출처 상충 없음 · CT 와 모순 없음,2B,1.0,sds_v1,,False,False,False,False,False
MIX711,eye,high,NONE,,복구분 아님 · 출처 상충 없음 · CT 와 모순 없음,NC,0.0,phase1_sds,NC,False,False,False,False,False
MIX712,eye,high,NONE,Product hazard category / Serious eye damage/eye irritation Category 2B ... Hazardous warnings : Causes eye irritation.,복구분 아님 · 출처 상충 없음 · CT 와 모순 없음,2B,1.0,sds_v1,2A,False,False,False,False,False
MIX713,eye,high,NONE,H320: Causes eye irritation.,복구분 아님 · 출처 상충 없음 · CT 와 모순 없음,2B,1.0,sds_v1,2A,False,False,False,False,False
MIX715,eye,high,NONE,Serious eye damage/eye irritation Eyes - Rabbit Result: Severe eye irritation,복구분 아님 · 출처 상충 없음 · CT 와 모순 없음,1,1.0,sds_v1,1,False,False,False,False,False
MIX716,eye,high,NONE,Acute Oral Toxicity Category 4; Acute Inhalation Toxicity Category 4; Skin Corrosion/Irritation Category 2; Eye Damage/Irritation Category 2B,복구분 아님 · 출처 상충 없음 · CT 와 모순 없음,2B,1.0,sds_v1,,False,False,False,False,False
MIX717,eye,medium,SOURCE_CONFLICT,Eye irritation: Category 2A Reproductive toxicity (Category 1B),출처 간 서열 상충(y_conflict=True),2A,1.0,sds_v1,1,False,True,False,False,False
MIX719,eye,high,NONE,FLAMMABLE LIQUIDS - Category 3 / ACUTE TOXICITY (inhalation) - Category 4 / SKIN IRRITATION - Category 2 / EYE IRRITATION - Category 2A / CARCINOGENICITY - Category 2 ... Hazard statements : Flammable liquid and vapor. Causes skin irritation. Causes serious eye irritation.,복구분 아님 · 출처 상충 없음 · CT 와 모순 없음,2A,1.0,sds_v1,1,False,False,False,True,False
MIX74,eye,high,NONE,,복구분 아님 · 출처 상충 없음 · CT 와 모순 없음,NC,0.0,sds_2nd_sec11,,False,False,False,False,False
MIX743,eye,high,NONE,,복구분 아님 · 출처 상충 없음 · CT 와 모순 없음,NC,0.0,sds_2nd_sec11,,False,False,False,False,False
MIX746,eye,high,NONE,,복구분 아님 · 출처 상충 없음 · CT 와 모순 없음,NC,0.0,sds_2nd_sec11,,False,False,False,False,False
MIX749,eye,high,NONE,Product hazard category / Serious eye damage/eye irritation Category 2B ... Hazardous warnings : Causes eye irritation.,복구분 아님 · 출처 상충 없음 · CT 와 모순 없음,2B,1.0,sds_v1,2A,False,False,False,False,False
MIX75,eye,high,NONE,,복구분 아님 · 출처 상충 없음 · CT 와 모순 없음,NC,0.0,sds_2nd_sec11,,False,False,False,False,False
MIX751,eye,high,NONE,"CAUTION!  Harmful if swallowed, inhaled or absorbed through skin.  Causes moderate eye irritation.  Do not breathe dust or spray mist.  Avoid contact with eyes, skin or clothing.",복구분 아님 · 출처 상충 없음 · CT 와 모순 없음,NC,0.0,phase1_sds,,False,False,False,False,False
MIX752,eye,high,NONE,Serious eye damage/eye irritation Category 2B,복구분 아님 · 출처 상충 없음 · CT 와 모순 없음,2B,1.0,sds_v1,,False,False,False,False,False
MIX758,eye,medium,RECOVERED_negative,Serious eye damage/eye irritation / Eyes - Bovine cornea / Result: No eye irritation - 4 h / (OECD Test Guideline 437),y=sds_v1 status='negative' 복구분(카테고리 미기재 → NC 보충),NC,0.0,sds_v1_negative_recovered,,True,False,True,False,False
MIX759,eye,low,FLIP_pos_to_neg,Eye Irritation (Category III) Cause moderate eye irritation | Not classified,y=sds_v1 status='negative' 복구분(카테고리 미기재 → NC 보충) | FLIP: 복구된 NC 가 하위 출처의 양성 주장을 이겨 v4 대비 양성→음성 전환,NC,0.0,sds_v1_negative_recovered,,True,True,True,False,False
MIX765,eye,high,NONE,Eye Irritation Category 1,복구분 아님 · 출처 상충 없음 · CT 와 모순 없음,1,1.0,sds_v1,NC,False,False,False,False,False
MIX773,eye,medium,RECOVERED_negative,Eye Contact: Non-Irritating (Rabbit),y=sds_v1 status='negative' 복구분(카테고리 미기재 → NC 보충),NC,0.0,sds_v1_negative_recovered,NC,True,False,True,False,False
MIX775,eye,high,NONE,,복구분 아님 · 출처 상충 없음 · CT 와 모순 없음,1,1.0,sds_2nd,,False,False,False,False,False
MIX778,eye,high,NONE,,복구분 아님 · 출처 상충 없음 · CT 와 모순 없음,1,1.0,sds_2nd,,False,False,False,False,False
MIX779,eye,medium,SOURCE_CONFLICT,Serious eye damage/eye irritation: Eye Irrit. 2 ... H319 Causes serious eye irritation.,출처 간 서열 상충(y_conflict=True),2A,1.0,sds_v1,,False,True,False,True,False
MIX78,eye,high,NONE,,복구분 아님 · 출처 상충 없음 · CT 와 모순 없음,NC,0.0,sds_2nd_sec11,NC,False,False,False,False,False
MIX783,eye,high,NONE,,복구분 아님 · 출처 상충 없음 · CT 와 모순 없음,1,1.0,sds_v1,,False,False,False,False,False
MIX784,eye,high,NONE,,복구분 아님 · 출처 상충 없음 · CT 와 모순 없음,2A,1.0,sds_2nd,,False,False,False,False,False
MIX785,eye,high,NONE,,복구분 아님 · 출처 상충 없음 · CT 와 모순 없음,1,1.0,sds_v1,,False,False,False,False,False
MIX787,eye,high,NONE,SKIN IRRITATION - Category 2 / EYE IRRITATION - Category 2A ... Hazard statements : H319 - Causes serious eye irritation.,복구분 아님 · 출처 상충 없음 · CT 와 모순 없음,2A,1.0,sds_v1,NC,False,False,False,True,False
MIX788,eye,high,NONE,,복구분 아님 · 출처 상충 없음 · CT 와 모순 없음,1,1.0,sds_2nd,,False,False,False,False,False
MIX790,eye,high,NONE,,복구분 아님 · 출처 상충 없음 · CT 와 모순 없음,1,1.0,sds_v1,NC,False,False,False,False,False
MIX791,eye,high,NONE,,복구분 아님 · 출처 상충 없음 · CT 와 모순 없음,2A,1.0,phase1_sds,,False,False,False,False,False
MIX793,eye,high,NONE,,복구분 아님 · 출처 상충 없음 · CT 와 모순 없음,1,1.0,sds_v1,,False,False,False,False,False
MIX794,eye,medium,RECOVERED_negative,2.1 Classification of the substance or mixture Not a hazardous substance or mixture.,y=sds_v1 status='negative' 복구분(카테고리 미기재 → NC 보충),NC,0.0,sds_v1_negative_recovered,,True,False,True,False,False
MIX795,eye,high,NONE,,복구분 아님 · 출처 상충 없음 · CT 와 모순 없음,1,1.0,sds_v1,1,False,False,False,False,False
MIX796,eye,high,NONE,,복구분 아님 · 출처 상충 없음 · CT 와 모순 없음,1,1.0,sds_2nd,,False,False,False,False,False
MIX799,eye,high,NONE,,복구분 아님 · 출처 상충 없음 · CT 와 모순 없음,1,1.0,sds_v1,1,False,False,False,False,False
MIX80,eye,high,NONE,,복구분 아님 · 출처 상충 없음 · CT 와 모순 없음,2B,1.0,sds_2nd_sec11,,False,False,False,False,False
MIX800,eye,high,NONE,,복구분 아님 · 출처 상충 없음 · CT 와 모순 없음,1,1.0,sds_v1,NC,False,False,False,False,False
MIX802,eye,high,NONE,,복구분 아님 · 출처 상충 없음 · CT 와 모순 없음,1,1.0,sds_v1,1,False,False,False,False,False
MIX803,eye,high,NONE,,복구분 아님 · 출처 상충 없음 · CT 와 모순 없음,1,1.0,sds_v1,1,False,False,False,False,False
MIX805,eye,high,NONE,,복구분 아님 · 출처 상충 없음 · CT 와 모순 없음,1,1.0,sds_v1,NC,False,False,False,False,False
MIX806,eye,high,NONE,,복구분 아님 · 출처 상충 없음 · CT 와 모순 없음,1,1.0,sds_v1,1,False,False,False,False,False
MIX807,eye,high,NONE,,복구분 아님 · 출처 상충 없음 · CT 와 모순 없음,1,1.0,sds_2nd,,False,False,False,False,False
MIX809,eye,medium,RECOVERED_negative,Serious eye damage/eye irritation / Shall not be classified as seriously damaging to the eye or eye irritant.,y=sds_v1 status='negative' 복구분(카테고리 미기재 → NC 보충),NC,0.0,sds_v1_negative_recovered,,True,False,True,False,False
MIX810,eye,low,FLIP_pos_to_neg,This product is not considered hazardous by the US OSHA Hazard Communication Standard 2024 (29 CFR 1910.1200).,y=sds_v1 status='negative' 복구분(카테고리 미기재 → NC 보충) | FLIP: 복구된 NC 가 하위 출처의 양성 주장을 이겨 v4 대비 양성→음성 전환,NC,0.0,sds_v1_negative_recovered,,True,True,False,False,False
MIX811,eye,medium,RECOVERED_negative,This product is not considered hazardous by the US OSHA Hazard Communication Standard 2024 (29 CFR 1910.1200).,y=sds_v1 status='negative' 복구분(카테고리 미기재 → NC 보충),NC,0.0,sds_v1_negative_recovered,,True,False,False,False,False
MIX816,eye,high,NONE,"GHS Hazard Phrases: H320 - Can cause eye irritation. / Serious Eye Damage/Eye Irritation, Category 2B",복구분 아님 · 출처 상충 없음 · CT 와 모순 없음,2B,1.0,sds_v1,,False,False,False,False,False
MIX818,eye,high,NONE,,복구분 아님 · 출처 상충 없음 · CT 와 모순 없음,1,1.0,sds_2nd,,False,False,False,False,False
MIX819,eye,high,NONE,,복구분 아님 · 출처 상충 없음 · CT 와 모순 없음,2A,1.0,sds_2nd,,False,False,False,False,False
MIX82,eye,high,NONE,,복구분 아님 · 출처 상충 없음 · CT 와 모순 없음,1,1.0,sds_2nd,,False,False,False,False,False
MIX820,eye,high,NONE,"Eye irritation (Category 2A), H319",복구분 아님 · 출처 상충 없음 · CT 와 모순 없음,2A,1.0,sds_v1,,False,False,False,False,False
MIX821,eye,medium,SOURCE_CONFLICT,,출처 간 서열 상충(y_conflict=True),1,1.0,sds_v1,1,False,True,False,False,False
MIX822,eye,high,NONE,,복구분 아님 · 출처 상충 없음 · CT 와 모순 없음,2A,1.0,sds_2nd_sec11,,False,False,False,False,False
MIX823,eye,medium,RECOVERED_negative,"(c) serious eye damage/irritation; Based on available data, the classification criteria are not met",y=sds_v1 status='negative' 복구분(카테고리 미기재 → NC 보충),NC,0.0,sds_v1_negative_recovered,NC,True,False,True,False,False
MIX825,eye,high,NONE,Serious Eye Damage/Eye Irritation Category 2,복구분 아님 · 출처 상충 없음 · CT 와 모순 없음,2,1.0,sds_v1,,False,False,False,False,False
MIX826,eye,high,NONE,,복구분 아님 · 출처 상충 없음 · CT 와 모순 없음,1,1.0,sds_2nd,,False,False,False,False,False
MIX827,eye,high,NONE,,복구분 아님 · 출처 상충 없음 · CT 와 모순 없음,2A,1.0,sds_2nd,,False,False,False,False,False
MIX828,eye,high,NONE,,복구분 아님 · 출처 상충 없음 · CT 와 모순 없음,1,1.0,sds_2nd,,False,False,False,False,False
MIX830,eye,high,NONE,,복구분 아님 · 출처 상충 없음 · CT 와 모순 없음,2A,1.0,sds_2nd,,False,False,False,False,False
MIX836,eye,high,NONE,,복구분 아님 · 출처 상충 없음 · CT 와 모순 없음,2A,1.0,sds_2nd,,False,False,False,False,False
MIX837,eye,high,NONE,,복구분 아님 · 출처 상충 없음 · CT 와 모순 없음,NC,0.0,sds_2nd_sec11,NC,False,False,False,False,False
MIX838,eye,high,NONE,,복구분 아님 · 출처 상충 없음 · CT 와 모순 없음,NC,0.0,sds_2nd_sec11,NC,False,False,False,False,False
MIX839,eye,high,NONE,,복구분 아님 · 출처 상충 없음 · CT 와 모순 없음,1,1.0,sds_2nd,,False,False,False,False,False
MIX84,eye,high,NONE,,복구분 아님 · 출처 상충 없음 · CT 와 모순 없음,1,1.0,sds_v1,,False,False,False,False,False
MIX841,eye,high,NONE,,복구분 아님 · 출처 상충 없음 · CT 와 모순 없음,1,1.0,sds_v1,,False,False,False,False,False
MIX843,eye,high,NONE,Serious eye damage/eye irritation Eyes - rabbit Result: Mild eye irritation,복구분 아님 · 출처 상충 없음 · CT 와 모순 없음,NC,0.0,sds_2nd_sec11,,False,False,False,False,False
MIX846,eye,medium,RECOVERED_negative,Serious eye damage/eye irritation / Shall not be classified as seriously damaging to the eye or eye irritant.,y=sds_v1 status='negative' 복구분(카테고리 미기재 → NC 보충),NC,0.0,sds_v1_negative_recovered,,True,False,True,False,False
MIX847,eye,high,NONE,Serious eye damage/eye irritation Category 2 - (H319),복구분 아님 · 출처 상충 없음 · CT 와 모순 없음,2A,1.0,sds_v1,,False,False,False,False,False
MIX849,eye,medium,RECOVERED_negative,Serious eye damage/eye irritation / Shall not be classified as seriously damaging to the eye or eye irritant.,y=sds_v1 status='negative' 복구분(카테고리 미기재 → NC 보충),NC,0.0,sds_v1_negative_recovered,,True,False,True,False,False
MIX851,eye,medium,RECOVERED_negative,Serious eye damage/eye irritation  / Eyes - rabbit  / Result: No eye irritation,y=sds_v1 status='negative' 복구분(카테고리 미기재 → NC 보충),NC,0.0,sds_v1_negative_recovered,,True,False,True,False,False
MIX852,eye,medium,RECOVERED_negative,Serious eye damage/eye irritation  / Eyes - rabbit  / Result: No eye irritation,y=sds_v1 status='negative' 복구분(카테고리 미기재 → NC 보충),NC,0.0,sds_v1_negative_recovered,,True,False,True,False,False
MIX853,eye,medium,RECOVERED_negative,Serious eye damage/eye irritation / Shall not be classified as seriously damaging to the eye or eye irritant.,y=sds_v1 status='negative' 복구분(카테고리 미기재 → NC 보충),NC,0.0,sds_v1_negative_recovered,,True,False,True,False,False
MIX854,eye,medium,RECOVERED_negative,Serious eye damage/eye irritation / Shall not be classified as seriously damaging to the eye or eye irritant.,y=sds_v1 status='negative' 복구분(카테고리 미기재 → NC 보충),NC,0.0,sds_v1_negative_recovered,,True,False,True,False,False
MIX857,eye,high,NONE,"Eye irritation (Category 2A), H319",복구분 아님 · 출처 상충 없음 · CT 와 모순 없음,2A,1.0,sds_v1,,False,False,False,False,False
MIX858,eye,high,NONE,Hazard Categories Skin Corrosion/Irritation - Category 2 Serious Eye Damage/Irritation - Category 2B Specific Target Organ Toxicity (Single Exposure) - Category 3 ... Hazard Statements H315 + H320 Causes skin and eye irritation.,복구분 아님 · 출처 상충 없음 · CT 와 모순 없음,2B,1.0,sds_v1,,False,False,False,False,False
MIX859,eye,high,NONE,,복구분 아님 · 출처 상충 없음 · CT 와 모순 없음,NC,0.0,phase1_sds,,False,False,False,False,False
MIX86,eye,high,NONE,,복구분 아님 · 출처 상충 없음 · CT 와 모순 없음,1,1.0,sds_v1,NC,False,False,False,False,False
MIX860,eye,high,NONE,2.1 Classification of the substance or mixture • Classification according to Regulation (EC) No 1272/2008 Aquatic Chronic 3 - H412 Harmful to aquatic life with long lasting effects. / • Serious eye damage/irritation No irritating effect.,복구분 아님 · 출처 상충 없음 · CT 와 모순 없음,2A,1.0,sds_v1,NC,False,False,True,False,False
MIX861,eye,high,NONE,,복구분 아님 · 출처 상충 없음 · CT 와 모순 없음,NC,0.0,sds_2nd,,False,False,False,False,False
MIX864,eye,high,NONE,,복구분 아님 · 출처 상충 없음 · CT 와 모순 없음,NC,0.0,sds_2nd,,False,False,False,False,False
MIX865,eye,high,NONE,Serious eye damga/eye irritation - Category 2A,복구분 아님 · 출처 상충 없음 · CT 와 모순 없음,2A,1.0,sds_v1,1,False,False,False,False,False
MIX867,eye,high,NONE,,복구분 아님 · 출처 상충 없음 · CT 와 모순 없음,2A,1.0,sds_2nd,,False,False,False,False,False
MIX868,eye,medium,RECOVERED_negative,EYE DAMAGE OR IRRITATION NOT CLASSIFIED.,y=sds_v1 status='negative' 복구분(카테고리 미기재 → NC 보충),NC,0.0,sds_v1_negative_recovered,NC,True,False,True,False,False
MIX87,eye,high,NONE,"HEALTH HAZARDS: WARNING / Harmful if swallowed, in contact with skin, or inhaled. Causes eye irritation. May cause an allergic skin reaction.",복구분 아님 · 출처 상충 없음 · CT 와 모순 없음,2A,1.0,sds_2nd,,False,False,False,True,False
MIX870,eye,medium,SOURCE_CONFLICT,,출처 간 서열 상충(y_conflict=True),NC,0.0,sds_2nd,,False,True,False,False,False
MIX871,eye,high,NONE,,복구분 아님 · 출처 상충 없음 · CT 와 모순 없음,NC,0.0,sds_2nd,,False,False,False,False,False
MIX873,eye,medium,RECOVERED_negative,Serious eye damage/eye irritation / Shall not be classified as seriously damaging to the eye or eye irritant.,y=sds_v1 status='negative' 복구분(카테고리 미기재 → NC 보충),NC,0.0,sds_v1_negative_recovered,,True,False,True,False,False
MIX874,eye,high,NONE,,복구분 아님 · 출처 상충 없음 · CT 와 모순 없음,1,1.0,sds_v1,,False,False,False,False,False
MIX875,eye,high,NONE,,복구분 아님 · 출처 상충 없음 · CT 와 모순 없음,1,1.0,sds_v1,,False,False,False,False,False
MIX876,eye,medium,SOURCE_CONFLICT,,출처 간 서열 상충(y_conflict=True),NC,0.0,sds_2nd,,False,True,False,False,False
MIX877,eye,high,NONE,,복구분 아님 · 출처 상충 없음 · CT 와 모순 없음,1,1.0,sds_v1,,False,False,False,False,False
MIX879,eye,high,NONE,"Skin irritation (Category 2), H315 Eye irritation (Category 2A), H319 Specific target organ toxicity - single exposure (Category 3), Respiratory system, H335",복구분 아님 · 출처 상충 없음 · CT 와 모순 없음,2A,1.0,sds_v1,NC,False,False,False,False,False
MIX880,eye,medium,SOURCE_CONFLICT,,출처 간 서열 상충(y_conflict=True),NC,0.0,sds_2nd,,False,True,False,False,False
MIX881,eye,high,NONE,Eye irritation - Category 2A,복구분 아님 · 출처 상충 없음 · CT 와 모순 없음,2A,1.0,sds_v1,NC,False,False,False,False,False
MIX882,eye,high,NONE,,복구분 아님 · 출처 상충 없음 · CT 와 모순 없음,2,1.0,sds_2nd_sec11,,False,False,False,False,False
MIX883,eye,high,NONE,EYEIRRIT.2A-Seriouseyedamage/eyeirritation2A H319 : Causes serious eye irritation.,복구분 아님 · 출처 상충 없음 · CT 와 모순 없음,2A,1.0,sds_v1,1,False,False,False,True,False
MIX884,eye,high,NONE,H319Causes seriouseyeirritation | Serious eye damage / irritation  Hazard Category 2A under EC 1272/2008 guidelines.,복구분 아님 · 출처 상충 없음 · CT 와 모순 없음,2A,1.0,sds_v1,2A,False,False,False,True,False
MIX885,eye,high,NONE,,복구분 아님 · 출처 상충 없음 · CT 와 모순 없음,NC,0.0,phase1_sds,,False,False,False,False,False
MIX887,eye,medium,SOURCE_CONFLICT,,출처 간 서열 상충(y_conflict=True),2B,1.0,sds_2nd,,False,True,False,False,False
MIX888,eye,medium,RECOVERED_negative,This chemical is not considered hazardous by the 2012 OSHA Hazard Communication Standard (29 CFR 1910.1200) ... Not classified ... Hazard statements None,y=sds_v1 status='negative' 복구분(카테고리 미기재 → NC 보충),NC,0.0,sds_v1_negative_recovered,,True,False,True,False,False
MIX889,eye,high,NONE,Eye Irrit. 2A H319: Causes serious eye irritation,복구분 아님 · 출처 상충 없음 · CT 와 모순 없음,2A,1.0,sds_v1,,False,False,False,True,False
MIX890,eye,high,NONE,,복구분 아님 · 출처 상충 없음 · CT 와 모순 없음,2A,1.0,sds_2nd,1,False,False,False,False,False
MIX891,eye,high,NONE,Eye irritation 2A H319 Causes serious eye irritation.,복구분 아님 · 출처 상충 없음 · CT 와 모순 없음,2A,1.0,sds_v1,,False,False,False,True,False
MIX892,eye,high,NONE,"Classification: Flammable aerosols Category 1 / Serious eye damage/eye irritation Category 2A / Specific target organ toxicity, single exposure Category 3 narcotic effects",복구분 아님 · 출처 상충 없음 · CT 와 모순 없음,2A,1.0,sds_v1,,False,False,False,False,False
MIX893,eye,high,NONE,- HEALTH HAZARDS: Skin Irrit. 2 - H315 Eye Irrit. 2 - H319 Skin Sens. 1 - H317,복구분 아님 · 출처 상충 없음 · CT 와 모순 없음,2A,1.0,sds_v1,,False,False,False,False,False
MIX894,eye,high,NONE,,복구분 아님 · 출처 상충 없음 · CT 와 모순 없음,NC,0.0,sds_2nd,,False,False,False,False,False
MIX897,eye,high,NONE,,복구분 아님 · 출처 상충 없음 · CT 와 모순 없음,2A,1.0,sds_2nd,,False,False,False,False,False
MIX899,eye,high,NONE,,복구분 아님 · 출처 상충 없음 · CT 와 모순 없음,NC,0.0,phase1_sds,,False,False,False,False,False
MIX900,eye,high,NONE,,복구분 아님 · 출처 상충 없음 · CT 와 모순 없음,1,1.0,sds_v1,NC,False,False,False,False,False
MIX901,eye,high,NONE,,복구분 아님 · 출처 상충 없음 · CT 와 모순 없음,NC,0.0,phase1_sds,,False,False,False,False,False
MIX903,eye,high,NONE,"Potential Acute Health Effects: Hazardous in case of ingestion. Slightly hazardous in case of skin contact (irritant), of eye contact (irritant), of inhalation.",복구분 아님 · 출처 상충 없음 · CT 와 모순 없음,NC,0.0,phase1_sds,,False,False,False,False,False
MIX905,eye,medium,RECOVERED_negative,Serious eye damage/eye irritation / Shall not be classified as seriously damaging to the eye or eye irritant.,y=sds_v1 status='negative' 복구분(카테고리 미기재 → NC 보충),NC,0.0,sds_v1_negative_recovered,,True,False,True,False,False
MIX906,eye,high,NONE,Serious Eye Damage/Irritation - Category 2 ... H319 Causes serious eye irritation.,복구분 아님 · 출처 상충 없음 · CT 와 모순 없음,2A,1.0,sds_v1,,False,False,False,True,False
MIX908,eye,high,NONE,,복구분 아님 · 출처 상충 없음 · CT 와 모순 없음,2A,1.0,sds_2nd,,False,False,False,False,False
MIX909,eye,high,NONE,,복구분 아님 · 출처 상충 없음 · CT 와 모순 없음,2,1.0,sds_2nd_sec11,,False,False,False,False,False
MIX910,eye,medium,RECOVERED_negative,Serious eye damage/irritation: Based on available data the classification criteria are not met.,y=sds_v1 status='negative' 복구분(카테고리 미기재 → NC 보충),NC,0.0,sds_v1_negative_recovered,NC,True,False,True,False,False
MIX911,eye,high,NONE,,복구분 아님 · 출처 상충 없음 · CT 와 모순 없음,2A,1.0,sds_2nd,,False,False,False,False,False
MIX913,eye,medium,RECOVERED_negative,Serious eye damage/eye irritation / Shall not be classified as seriously damaging to the eye or eye irritant.,y=sds_v1 status='negative' 복구분(카테고리 미기재 → NC 보충),NC,0.0,sds_v1_negative_recovered,,True,False,True,False,False
MIX914,eye,low,FLIP_pos_to_neg,Serious eye damage/irritation: Based on available data the classification criteria are not met.,y=sds_v1 status='negative' 복구분(카테고리 미기재 → NC 보충) | FLIP: 복구된 NC 가 하위 출처의 양성 주장을 이겨 v4 대비 양성→음성 전환,NC,0.0,sds_v1_negative_recovered,NC,True,True,True,False,False
MIX917,eye,high,NONE,,복구분 아님 · 출처 상충 없음 · CT 와 모순 없음,2,1.0,sds_2nd_sec11,,False,False,False,False,False
MIX918,eye,high,NONE,Eye Irrit. 2 H319 Causes serious eye irritation.,복구분 아님 · 출처 상충 없음 · CT 와 모순 없음,2A,1.0,sds_v1,2A,False,False,False,True,False
MIX919,eye,medium,RECOVERED_negative,Serious eye damage/irritation: Based on available data the classification criteria are not met.,y=sds_v1 status='negative' 복구분(카테고리 미기재 → NC 보충),NC,0.0,sds_v1_negative_recovered,,True,False,True,False,False
MIX921,eye,high,NONE,,복구분 아님 · 출처 상충 없음 · CT 와 모순 없음,2B,1.0,phase1_sds,,False,False,False,False,False
MIX922,eye,medium,SOURCE_CONFLICT,Serious Eye Damage/Eye Irritation Category 2,출처 간 서열 상충(y_conflict=True),2,1.0,sds_v1,,False,True,False,False,False
MIX923,eye,medium,SOURCE_CONFLICT,,출처 간 서열 상충(y_conflict=True),NC,0.0,sds_2nd,,False,True,False,False,False
MIX924,eye,high,NONE,,복구분 아님 · 출처 상충 없음 · CT 와 모순 없음,NC,0.0,sds_2nd,,False,False,False,False,False
MIX925,eye,high,NONE,,복구분 아님 · 출처 상충 없음 · CT 와 모순 없음,NC,0.0,sds_2nd,,False,False,False,False,False
MIX927,eye,high,NONE,,복구분 아님 · 출처 상충 없음 · CT 와 모순 없음,2A,1.0,sds_2nd,,False,False,False,False,False
MIX930,eye,medium,SOURCE_CONFLICT,Eye Irrit. 2 - H319 Causes serious eye irritation.,출처 간 서열 상충(y_conflict=True),2A,1.0,sds_v1,,False,True,False,True,False
MIX931,eye,medium,SOURCE_CONFLICT,,출처 간 서열 상충(y_conflict=True),NC,0.0,sds_2nd,,False,True,False,False,False
MIX932,eye,high,NONE,,복구분 아님 · 출처 상충 없음 · CT 와 모순 없음,2A,1.0,sds_2nd,,False,False,False,False,False
MIX933,eye,medium,RECOVERED_negative,"Serious eye damage/irritation : Not classified (Based on available data, the classification criteria are not met)",y=sds_v1 status='negative' 복구분(카테고리 미기재 → NC 보충),NC,0.0,sds_v1_negative_recovered,,True,False,True,False,False
MIX934,eye,high,NONE,Classification / Not a hazardous substance or mixture according to the Globally Harmonized System (GHS),복구분 아님 · 출처 상충 없음 · CT 와 모순 없음,2A,1.0,sds_v1,,False,False,True,False,False
MIX935,eye,high,NONE,"R36/37 Irritating to eyes, and respiratory system.",복구분 아님 · 출처 상충 없음 · CT 와 모순 없음,NC,0.0,sds_2nd,,False,False,False,True,False
MIX936,eye,high,NONE,,복구분 아님 · 출처 상충 없음 · CT 와 모순 없음,NC,0.0,sds_2nd_sec11,,False,False,False,False,False
MIX938,eye,high,NONE,Eye Irrit. 2 - H319 Causes serious eye irritation.,복구분 아님 · 출처 상충 없음 · CT 와 모순 없음,2A,1.0,sds_v1,,False,False,False,True,False
MIX940,eye,high,NONE,• Serious eye damage/irritation / No irritating effect.,복구분 아님 · 출처 상충 없음 · CT 와 모순 없음,2A,1.0,sds_v1,,False,False,True,False,False
MIX941,eye,high,NONE,,복구분 아님 · 출처 상충 없음 · CT 와 모순 없음,2A,1.0,phase1_sds,,False,False,False,False,False
MIX942,eye,medium,RECOVERED_negative,• Serious eye damage/irritation / No irritating effect.,y=sds_v1 status='negative' 복구분(카테고리 미기재 → NC 보충),NC,0.0,sds_v1_negative_recovered,,True,False,True,False,False
MIX943,eye,medium,RECOVERED_negative,Health hazards Not classified. ... Hazard statement The substance does not meet the criteria for classification. / Serious eye damage/eye irritation Due to partial or complete lack of data the classification is not possible.,y=sds_v1 status='negative' 복구분(카테고리 미기재 → NC 보충),NC,0.0,sds_v1_negative_recovered,,True,False,True,False,False
MIX944,eye,medium,RECOVERED_negative,Eye damage or irritation Not Applicable.,y=sds_v1 status='negative' 복구분(카테고리 미기재 → NC 보충),NC,0.0,sds_v1_negative_recovered,,True,False,False,False,True
MIX945,eye,medium,SOURCE_CONFLICT,"Hazardous in case of skin contact (irritant), of eye contact (irritant), of ingestion, of inhalation.",출처 간 서열 상충(y_conflict=True),NC,0.0,sds_2nd,,False,True,False,False,False
MIX946,eye,high,NONE,,복구분 아님 · 출처 상충 없음 · CT 와 모순 없음,NC,0.0,sds_2nd,,False,False,False,False,False
MIX948,eye,high,NONE,,복구분 아님 · 출처 상충 없음 · CT 와 모순 없음,1,1.0,sds_v1,,False,False,False,False,False
MIX949,eye,high,NONE,,복구분 아님 · 출처 상충 없음 · CT 와 모순 없음,NC,0.0,sds_2nd_sec11,,False,False,False,False,False
MIX95,eye,high,NONE,Eye Dam. 2A;H319 Causes serious eye irritation.,복구분 아님 · 출처 상충 없음 · CT 와 모순 없음,2A,1.0,sds_v1,NC,False,False,False,True,False
MIX950,eye,high,NONE,,복구분 아님 · 출처 상충 없음 · CT 와 모순 없음,2A,1.0,sds_2nd,,False,False,False,False,False
MIX951,eye,high,NONE,Health hazards Eye Irrit. 2 - H319 Skin Sens. 1 - H317,복구분 아님 · 출처 상충 없음 · CT 와 모순 없음,1,1.0,sds_v1,,False,False,False,False,False
MIX952,eye,high,NONE,,복구분 아님 · 출처 상충 없음 · CT 와 모순 없음,NC,0.0,sds_2nd_sec11,,False,False,False,False,False
MIX954,eye,high,NONE,,복구분 아님 · 출처 상충 없음 · CT 와 모순 없음,NC,0.0,sds_2nd_sec11,,False,False,False,False,False
MIX955,eye,high,NONE,"Class and category of danger: Eye Damage / Irritation Category 2 Sensitization - Skin Category 1B Eye Damage / Irritation Category 2A ... H319, Causes serious eye irritation.",복구분 아님 · 출처 상충 없음 · CT 와 모순 없음,2A,1.0,sds_v1,,False,False,False,True,False
MIX957,eye,high,NONE,,복구분 아님 · 출처 상충 없음 · CT 와 모순 없음,2A,1.0,sds_2nd,,False,False,False,False,False
MIX959,eye,high,NONE,,복구분 아님 · 출처 상충 없음 · CT 와 모순 없음,2A,1.0,sds_2nd,2A,False,False,False,False,False
MIX960,eye,high,NONE,,복구분 아님 · 출처 상충 없음 · CT 와 모순 없음,2A,1.0,sds_2nd,,False,False,False,False,False
MIX961,eye,high,NONE,Serious Eye Damage/Eye Irritation - Category 2A ... H319 Causes serious eye irritation.,복구분 아님 · 출처 상충 없음 · CT 와 모순 없음,2A,1.0,sds_v1,,False,False,False,True,False
MIX962,eye,high,NONE,,복구분 아님 · 출처 상충 없음 · CT 와 모순 없음,2A,1.0,sds_2nd,,False,False,False,False,False
MIX963,eye,high,NONE,"Eye Damage / Irritation Category 2 / H315, Causes skin irritation. / H319, Causes serious eye irritation.",복구분 아님 · 출처 상충 없음 · CT 와 모순 없음,2A,1.0,sds_v1,,False,False,False,True,False
MIX964,eye,high,NONE,,복구분 아님 · 출처 상충 없음 · CT 와 모순 없음,2A,1.0,sds_2nd,,False,False,False,False,False
MIX965,eye,high,NONE,,복구분 아님 · 출처 상충 없음 · CT 와 모순 없음,NC,0.0,phase1_sds,,False,False,False,False,False
MIX966,eye,high,NONE,,복구분 아님 · 출처 상충 없음 · CT 와 모순 없음,2A,1.0,sds_2nd,,False,False,False,False,False
MIX967,eye,high,NONE,,복구분 아님 · 출처 상충 없음 · CT 와 모순 없음,NC,0.0,phase1_sds,,False,False,False,False,False
MIX969,eye,high,NONE,Eye contact Causes serious eye damage. Causes mild eye irritation.,복구분 아님 · 출처 상충 없음 · CT 와 모순 없음,1,1.0,sds_v1,,False,False,False,True,False
MIX970,eye,high,NONE,,복구분 아님 · 출처 상충 없음 · CT 와 모순 없음,2A,1.0,sds_2nd,,False,False,False,False,False
MIX971,eye,high,NONE,H319 Causes serious eye irritation,복구분 아님 · 출처 상충 없음 · CT 와 모순 없음,2A,1.0,sds_v1,2A,False,False,False,True,False
MIX973,eye,high,NONE,,복구분 아님 · 출처 상충 없음 · CT 와 모순 없음,NC,0.0,phase1_sds,,False,False,False,False,False
MIX974,eye,medium,RECOVERED_negative,Health hazards Not classified. ... Hazard statement The substance does not meet the criteria for classification. ... Serious eye damage/eye irritation Direct contact with eyes may cause temporary irritation.,y=sds_v1 status='negative' 복구분(카테고리 미기재 → NC 보충),NC,0.0,sds_v1_negative_recovered,,True,False,True,True,False
MIX975,eye,high,NONE,,복구분 아님 · 출처 상충 없음 · CT 와 모순 없음,2,1.0,sds_2nd_sec11,,False,False,False,False,False
MIX976,eye,high,NONE,,복구분 아님 · 출처 상충 없음 · CT 와 모순 없음,NC,0.0,phase1_sds,,False,False,False,False,False
MIX977,eye,high,NONE,Classification (GHS): Flammable liquids (Category 3); Skin irritation (Category 2); Eye irritation (Category 2A); Skin sensitization.,복구분 아님 · 출처 상충 없음 · CT 와 모순 없음,2A,1.0,sds_v1,,False,False,False,False,False
MIX980,eye,high,NONE,,복구분 아님 · 출처 상충 없음 · CT 와 모순 없음,2,1.0,sds_2nd_sec11,,False,False,False,False,False
MIX981,eye,high,NONE,Eye Damage / Irritation Category 1,복구분 아님 · 출처 상충 없음 · CT 와 모순 없음,1,1.0,sds_v1,,False,False,False,False,False
MIX982,eye,high,NONE,Eye contact Causes serious eye damage. Causes mild eye irritation.,복구분 아님 · 출처 상충 없음 · CT 와 모순 없음,1,1.0,sds_v1,,False,False,False,True,False
MIX983,eye,high,NONE,,복구분 아님 · 출처 상충 없음 · CT 와 모순 없음,NC,0.0,sds_2nd_sec11,,False,False,False,False,False
MIX985,eye,high,NONE,,복구분 아님 · 출처 상충 없음 · CT 와 모순 없음,2A,1.0,sds_2nd,,False,False,False,False,False
MIX986,eye,medium,SOURCE_CONFLICT,,출처 간 서열 상충(y_conflict=True),1,1.0,sds_v1,NC,False,True,False,False,False
MIX987,eye,high,NONE,Eye contact / Causes eye irritation,복구분 아님 · 출처 상충 없음 · CT 와 모순 없음,1,1.0,sds_v1,1,False,False,False,False,False
MIX991,eye,medium,RECOVERED_negative,Serious eye damage/irritation: Based on available data the classification criteria are not met.,y=sds_v1 status='negative' 복구분(카테고리 미기재 → NC 보충),NC,0.0,sds_v1_negative_recovered,,True,False,True,False,False
MIX992,eye,high,NONE,"Eye Irritation, Category 2",복구분 아님 · 출처 상충 없음 · CT 와 모순 없음,1,1.0,sds_v1,,False,False,False,False,False
MIX993,eye,high,NONE,,복구분 아님 · 출처 상충 없음 · CT 와 모순 없음,2A,1.0,sds_v1,NC,False,False,False,False,False
MIX994,eye,high,NONE,,복구분 아님 · 출처 상충 없음 · CT 와 모순 없음,NC,0.0,sds_2nd,,False,False,False,False,False
MIX995,eye,medium,RECOVERED_negative,Serious eye damage/irritation: Based on available data the classification criteria are not met.,y=sds_v1 status='negative' 복구분(카테고리 미기재 → NC 보충),NC,0.0,sds_v1_negative_recovered,NC,True,False,True,False,False
MIX996,eye,high,NONE,Serious eye damage/eye irritation Cat 3 ... H320: Causes eye irritation,복구분 아님 · 출처 상충 없음 · CT 와 모순 없음,2B,1.0,sds_v1,,False,False,False,False,False
MIX997,eye,high,NONE,,복구분 아님 · 출처 상충 없음 · CT 와 모순 없음,2A,1.0,sds_2nd,,False,False,False,False,False
MIX998,eye,high,NONE,,복구분 아님 · 출처 상충 없음 · CT 와 모순 없음,NC,0.0,sds_2nd,,False,False,False,False,False
MIX999,eye,high,NONE,HEALTH HAZARDS: Eye Irrit. 2 - H319,복구분 아님 · 출처 상충 없음 · CT 와 모순 없음,2A,1.0,sds_v1,,False,False,False,False,False
Cancer_PID_1057,skin,high,NONE,,복구분 아님 · 출처 상충 없음 · CT 와 모순 없음,2,1.0,sds_2nd,,False,False,False,False,False
Cancer_PID_108,skin,high,NONE,,복구분 아님 · 출처 상충 없음 · CT 와 모순 없음,NC,0.0,sds_2nd_sec11,NC,False,False,False,False,False
Cancer_PID_98,skin,high,NONE,,복구분 아님 · 출처 상충 없음 · CT 와 모순 없음,2,1.0,sds_2nd,,False,False,False,False,False
Cancer_PID_99,skin,medium,RECOVERED_negative,Skin corrosion/irritation : Not classified,y=sds_v1 status='negative' 복구분(카테고리 미기재 → NC 보충),NC,0.0,sds_v1_negative_recovered,NC,True,False,True,False,False
EyeIrritation6pack_PID10,skin,high,NONE,,복구분 아님 · 출처 상충 없음 · CT 와 모순 없음,2,1.0,sds_2nd,,False,False,False,False,False
EyeIrritation6pack_PID1008,skin,high,NONE,,복구분 아님 · 출처 상충 없음 · CT 와 모순 없음,2,1.0,sds_2nd_sec11,NC,False,False,False,False,False
EyeIrritation6pack_PID1009,skin,high,NONE,,복구분 아님 · 출처 상충 없음 · CT 와 모순 없음,NC,0.0,sds_2nd_sec11,,False,False,False,False,False
EyeIrritation6pack_PID101,skin,high,NONE,,복구분 아님 · 출처 상충 없음 · CT 와 모순 없음,NC,0.0,sds_2nd_sec11,,False,False,False,False,False
EyeIrritation6pack_PID102,skin,high,NONE,,복구분 아님 · 출처 상충 없음 · CT 와 모순 없음,NC,0.0,sds_2nd_sec11,,False,False,False,False,False
EyeIrritation6pack_PID1024,skin,medium,T2_endpoint_no_data,2.1 Classification of the substance or mixture / Not a hazardous substance or mixture. / ... Skin corrosion/irritation / No data available,y=sds_v1 status='negative' 복구분(카테고리 미기재 → NC 보충) | T2: 문서에 음성진술은 있으나 해당 엔드포인트가 자료없음/미측정 → 시험근거 없는 음성,NC,0.0,sds_v1_negative_recovered,,True,False,True,True,True
EyeIrritation6pack_PID1027,skin,high,NONE,Eye Irritation: Category 2B / Skin Irritation: Category 3,복구분 아님 · 출처 상충 없음 · CT 와 모순 없음,3,1.0,sds_v1,,False,False,False,False,False
EyeIrritation6pack_PID1031,skin,high,NONE,,복구분 아님 · 출처 상충 없음 · CT 와 모순 없음,2,1.0,sds_2nd,,False,False,False,False,False
EyeIrritation6pack_PID1032,skin,medium,RECOVERED_negative,"Skin Corrosion/Irritation / Based on available data, the classification criteria are not met.",y=sds_v1 status='negative' 복구분(카테고리 미기재 → NC 보충),NC,0.0,sds_v1_negative_recovered,NC,True,False,True,False,False
EyeIrritation6pack_PID1039,skin,medium,RECOVERED_negative,(b) skin corrosion/irritation: not irritant,y=sds_v1 status='negative' 복구분(카테고리 미기재 → NC 보충),NC,0.0,sds_v1_negative_recovered,NC,True,False,False,False,False
EyeIrritation6pack_PID104,skin,high,NONE,,복구분 아님 · 출처 상충 없음 · CT 와 모순 없음,2,1.0,sds_2nd,,False,False,False,False,False
EyeIrritation6pack_PID1040,skin,medium,RECOVERED_negative,Skin corrosion/irritation / Product: / Result : No skin irritation,y=sds_v1 status='negative' 복구분(카테고리 미기재 → NC 보충),NC,0.0,sds_v1_negative_recovered,NC,True,False,True,False,False
EyeIrritation6pack_PID1044,skin,high,NONE,Skin irritation: Category 2 ... H315 Causes skin irritation.,복구분 아님 · 출처 상충 없음 · CT 와 모순 없음,2,1.0,sds_v1,,False,False,False,False,False
EyeIrritation6pack_PID105,skin,high,NONE,,복구분 아님 · 출처 상충 없음 · CT 와 모순 없음,2,1.0,sds_2nd,,False,False,False,False,False
EyeIrritation6pack_PID1050,skin,high,NONE,,복구분 아님 · 출처 상충 없음 · CT 와 모순 없음,NC,0.0,sds_2nd_sec11,,False,False,False,False,False
EyeIrritation6pack_PID1051,skin,high,NONE,"Skin irritation, Category 2 H315: Causes skin irritation.",복구분 아님 · 출처 상충 없음 · CT 와 모순 없음,1,1.0,sds_v1,NC,False,False,False,False,False
EyeIrritation6pack_PID1055,skin,medium,RECOVERED_negative,· on the skin: No irritant effect.,y=sds_v1 status='negative' 복구분(카테고리 미기재 → NC 보충) | CT baseline(GHS 가산법)은 양성인데 최종 라벨은 음성 — 상충,NC,0.0,sds_v1_negative_recovered,2,True,False,True,False,False
EyeIrritation6pack_PID1060,skin,medium,RECOVERED_negative,Skin / Species: rabbit / Result: non-irritant / Method: OECD Guideline 404 / May cause slight irritation to the skin.,y=sds_v1 status='negative' 복구분(카테고리 미기재 → NC 보충),NC,0.0,sds_v1_negative_recovered,NC,True,False,True,True,False
EyeIrritation6pack_PID1061,skin,high,NONE,,복구분 아님 · 출처 상충 없음 · CT 와 모순 없음,NC,0.0,sds_2nd_sec11,NC,False,False,False,False,False
EyeIrritation6pack_PID1062,skin,high,NONE,"Skin irritation, Category 2 ... H315 Causes skin irritation",복구분 아님 · 출처 상충 없음 · CT 와 모순 없음,2,1.0,sds_v1,,False,False,False,False,False
EyeIrritation6pack_PID117,skin,high,NONE,,복구분 아님 · 출처 상충 없음 · CT 와 모순 없음,2,1.0,sds_2nd,,False,False,False,False,False
EyeIrritation6pack_PID118,skin,medium,RECOVERED_negative,Assessment of irritating effects: / Causes serious eye irritation. Not irritating to the skin.,y=sds_v1 status='negative' 복구분(카테고리 미기재 → NC 보충),NC,0.0,sds_v1_negative_recovered,,True,False,True,True,False
EyeIrritation6pack_PID125,skin,medium,RECOVERED_negative,Assessment of irritating effects: / May cause severe damage to the eyes. Not irritating to the skin.,y=sds_v1 status='negative' 복구분(카테고리 미기재 → NC 보충),NC,0.0,sds_v1_negative_recovered,,True,False,True,True,False
EyeIrritation6pack_PID128,skin,medium,RECOVERED_negative,"Assessment of irritating effects: / Not irritating to eyes and skin. ... Skin corrosion/irritation /  rabbit: non-irritant (Guideline 92/69/EEC, B.4)",y=sds_v1 status='negative' 복구분(카테고리 미기재 → NC 보충) | CT baseline(GHS 가산법)은 양성인데 최종 라벨은 음성 — 상충,NC,0.0,sds_v1_negative_recovered,2,True,False,True,True,False
EyeIrritation6pack_PID132,skin,high,NONE,,복구분 아님 · 출처 상충 없음 · CT 와 모순 없음,3,1.0,sds_2nd_sec11,,False,False,False,False,False
EyeIrritation6pack_PID145,skin,high,NONE,Skin Irrit. 2 H315 ... H315 Causes skin irritation.,복구분 아님 · 출처 상충 없음 · CT 와 모순 없음,2,1.0,sds_v1,NC,False,False,False,False,False
EyeIrritation6pack_PID153,skin,high,NONE,,복구분 아님 · 출처 상충 없음 · CT 와 모순 없음,NC,0.0,sds_2nd_sec11,NC,False,False,False,False,False
EyeIrritation6pack_PID160,skin,medium,RECOVERED_negative,Skin corrosion/irritation Skin - rabbit Result: No skin irritation,y=sds_v1 status='negative' 복구분(카테고리 미기재 → NC 보충),NC,0.0,sds_v1_negative_recovered,,True,False,True,False,False
EyeIrritation6pack_PID168,skin,medium,RECOVERED_negative,Skin corrosion/irritation : Not classified pH: 7 - 8,y=sds_v1 status='negative' 복구분(카테고리 미기재 → NC 보충),NC,0.0,sds_v1_negative_recovered,,True,False,True,False,False
EyeIrritation6pack_PID17,skin,high,NONE,,복구분 아님 · 출처 상충 없음 · CT 와 모순 없음,2,1.0,sds_2nd,,False,False,False,False,False
EyeIrritation6pack_PID170,skin,medium,RECOVERED_negative,Skin corrosion/irritation  / Skin - Rabbit  / Result: No skin irritation,y=sds_v1 status='negative' 복구분(카테고리 미기재 → NC 보충),NC,0.0,sds_v1_negative_recovered,NC,True,False,True,False,False
EyeIrritation6pack_PID175,skin,high,NONE,,복구분 아님 · 출처 상충 없음 · CT 와 모순 없음,2,1.0,sds_2nd,2,False,False,False,False,False
EyeIrritation6pack_PID176,skin,high,NONE,,복구분 아님 · 출처 상충 없음 · CT 와 모순 없음,NC,0.0,sds_2nd_sec11,,False,False,False,False,False
EyeIrritation6pack_PID177,skin,high,NONE,,복구분 아님 · 출처 상충 없음 · CT 와 모순 없음,NC,0.0,sds_2nd_sec11,,False,False,False,False,False
EyeIrritation6pack_PID178,skin,high,NONE,,복구분 아님 · 출처 상충 없음 · CT 와 모순 없음,NC,0.0,sds_2nd_sec11,,False,False,False,False,False
EyeIrritation6pack_PID182,skin,high,NONE,,복구분 아님 · 출처 상충 없음 · CT 와 모순 없음,2,1.0,sds_2nd,,False,False,False,False,False
EyeIrritation6pack_PID186,skin,high,NONE,,복구분 아님 · 출처 상충 없음 · CT 와 모순 없음,NC,0.0,sds_2nd_sec11,NC,False,False,False,False,False
EyeIrritation6pack_PID196,skin,high,NONE,Skin corrosion/irritation : Not classified,복구분 아님 · 출처 상충 없음 · CT 와 모순 없음,2,1.0,sds_v1,,False,False,True,False,False
EyeIrritation6pack_PID221,skin,high,NONE,,복구분 아님 · 출처 상충 없음 · CT 와 모순 없음,2,1.0,sds_2nd,2,False,False,False,False,False
EyeIrritation6pack_PID222,skin,high,NONE,Skin Irrit. 2;H315 Causes skin irritation.,복구분 아님 · 출처 상충 없음 · CT 와 모순 없음,2,1.0,sds_v1,NC,False,False,False,False,False
EyeIrritation6pack_PID24,skin,high,NONE,,복구분 아님 · 출처 상충 없음 · CT 와 모순 없음,NC,0.0,sds_2nd_sec11,,False,False,False,False,False
EyeIrritation6pack_PID240,skin,high,NONE,,복구분 아님 · 출처 상충 없음 · CT 와 모순 없음,NC,0.0,sds_2nd_sec11,,False,False,False,False,False
EyeIrritation6pack_PID246,skin,medium,RECOVERED_negative,Skin corrosion/irritation  / Skin - Rabbit  / Result: No skin irritation,y=sds_v1 status='negative' 복구분(카테고리 미기재 → NC 보충),NC,0.0,sds_v1_negative_recovered,NC,True,False,True,False,False
EyeIrritation6pack_PID247,skin,medium,RECOVERED_negative,Skin corrosion/irritation  / Skin - Rabbit  / Result: No skin irritation,y=sds_v1 status='negative' 복구분(카테고리 미기재 → NC 보충),NC,0.0,sds_v1_negative_recovered,NC,True,False,True,False,False
EyeIrritation6pack_PID263,skin,high,NONE,,복구분 아님 · 출처 상충 없음 · CT 와 모순 없음,2,1.0,sds_2nd,NC,False,False,False,False,False
EyeIrritation6pack_PID28,skin,medium,RECOVERED_negative,Skin corrosion/irritation  / Skin - rabbit  / Result: No skin irritation,y=sds_v1 status='negative' 복구분(카테고리 미기재 → NC 보충),NC,0.0,sds_v1_negative_recovered,,True,False,True,False,False
EyeIrritation6pack_PID281,skin,high,NONE,,복구분 아님 · 출처 상충 없음 · CT 와 모순 없음,NC,0.0,sds_2nd_sec11,,False,False,False,False,False
EyeIrritation6pack_PID282,skin,high,NONE,,복구분 아님 · 출처 상충 없음 · CT 와 모순 없음,NC,0.0,sds_2nd_sec11,,False,False,False,False,False
EyeIrritation6pack_PID283,skin,medium,SOURCE_CONFLICT,(b)skin corrosion/irritation /  Dermal (rabbit): Not irritant,출처 간 서열 상충(y_conflict=True),2,1.0,sds_v1,,False,True,False,False,False
EyeIrritation6pack_PID286,skin,high,NONE,,복구분 아님 · 출처 상충 없음 · CT 와 모순 없음,2,1.0,sds_2nd,,False,False,False,False,False
EyeIrritation6pack_PID287,skin,high,NONE,,복구분 아님 · 출처 상충 없음 · CT 와 모순 없음,NC,0.0,sds_2nd_sec11,,False,False,False,False,False
EyeIrritation6pack_PID288,skin,medium,RECOVERED_negative,Skin corrosion/irritation / Shall not be classified as corrosive/irritant to skin.,y=sds_v1 status='negative' 복구분(카테고리 미기재 → NC 보충),NC,0.0,sds_v1_negative_recovered,,True,False,True,False,False
EyeIrritation6pack_PID29,skin,medium,RECOVERED_negative,Skin corrosion/irritation  / Skin - rabbit  / Result: No skin irritation,y=sds_v1 status='negative' 복구분(카테고리 미기재 → NC 보충),NC,0.0,sds_v1_negative_recovered,,True,False,True,False,False
EyeIrritation6pack_PID298,skin,high,NONE,,복구분 아님 · 출처 상충 없음 · CT 와 모순 없음,2,1.0,sds_2nd,,False,False,False,False,False
EyeIrritation6pack_PID301,skin,high,NONE,H315 Causes skin irritation,복구분 아님 · 출처 상충 없음 · CT 와 모순 없음,2,1.0,sds_v1,,False,False,False,False,False
EyeIrritation6pack_PID303,skin,high,NONE,,복구분 아님 · 출처 상충 없음 · CT 와 모순 없음,1,1.0,sds_2nd,NC,False,False,False,False,False
EyeIrritation6pack_PID310,skin,high,NONE,"Skin Irritation, Category 2 ... H315: Causes skin irritation",복구분 아님 · 출처 상충 없음 · CT 와 모순 없음,2,1.0,sds_v1,,False,False,False,False,False
EyeIrritation6pack_PID313,skin,high,NONE,Skin corrosion/irritation • Non-irritant: Rabbit; OECD 404,복구분 아님 · 출처 상충 없음 · CT 와 모순 없음,2,1.0,sds_v1,,False,False,True,False,False
EyeIrritation6pack_PID314,skin,high,NONE,,복구분 아님 · 출처 상충 없음 · CT 와 모순 없음,2,1.0,sds_2nd,,False,False,False,False,False
EyeIrritation6pack_PID324,skin,high,NONE,,복구분 아님 · 출처 상충 없음 · CT 와 모순 없음,2,1.0,sds_2nd,NC,False,False,False,False,False
EyeIrritation6pack_PID325,skin,high,NONE,,복구분 아님 · 출처 상충 없음 · CT 와 모순 없음,NC,0.0,sds_2nd_sec11,NC,False,False,False,False,False
EyeIrritation6pack_PID327,skin,high,NONE,,복구분 아님 · 출처 상충 없음 · CT 와 모순 없음,NC,0.0,sds_2nd_sec11,,False,False,False,False,False
EyeIrritation6pack_PID328,skin,high,NONE,,복구분 아님 · 출처 상충 없음 · CT 와 모순 없음,NC,0.0,sds_2nd_sec11,,False,False,False,False,False
EyeIrritation6pack_PID333,skin,high,NONE,,복구분 아님 · 출처 상충 없음 · CT 와 모순 없음,NC,0.0,sds_2nd,NC,False,False,False,False,False
EyeIrritation6pack_PID343,skin,medium,RECOVERED_negative,Skin Irritation (rabbit): Non-irritating,y=sds_v1 status='negative' 복구분(카테고리 미기재 → NC 보충),NC,0.0,sds_v1_negative_recovered,,True,False,True,False,False
EyeIrritation6pack_PID344,skin,medium,CT_CONTRADICTION,,CT baseline(GHS 가산법)은 양성인데 최종 라벨은 음성 — 상충,NC,0.0,sds_2nd_sec11,2,False,False,False,False,False
EyeIrritation6pack_PID345,skin,high,NONE,,복구분 아님 · 출처 상충 없음 · CT 와 모순 없음,NC,0.0,sds_2nd_sec11,,False,False,False,False,False
EyeIrritation6pack_PID349,skin,high,NONE,,복구분 아님 · 출처 상충 없음 · CT 와 모순 없음,NC,0.0,sds_2nd_sec11,,False,False,False,False,False
EyeIrritation6pack_PID350,skin,high,NONE,,복구분 아님 · 출처 상충 없음 · CT 와 모순 없음,NC,0.0,sds_2nd_sec11,,False,False,False,False,False
EyeIrritation6pack_PID356,skin,high,NONE,,복구분 아님 · 출처 상충 없음 · CT 와 모순 없음,NC,0.0,sds_2nd_sec11,NC,False,False,False,False,False
EyeIrritation6pack_PID358,skin,high,NONE,,복구분 아님 · 출처 상충 없음 · CT 와 모순 없음,NC,0.0,sds_2nd,NC,False,False,False,False,False
EyeIrritation6pack_PID360,skin,high,NONE,,복구분 아님 · 출처 상충 없음 · CT 와 모순 없음,NC,0.0,sds_2nd_sec11,NC,False,False,False,False,False
EyeIrritation6pack_PID361,skin,high,NONE,,복구분 아님 · 출처 상충 없음 · CT 와 모순 없음,NC,0.0,sds_2nd_sec11,NC,False,False,False,False,False
EyeIrritation6pack_PID363,skin,medium,CT_CONTRADICTION,,CT baseline(GHS 가산법)은 양성인데 최종 라벨은 음성 — 상충,NC,0.0,sds_2nd_sec11,2,False,False,False,False,False
EyeIrritation6pack_PID365,skin,high,NONE,,복구분 아님 · 출처 상충 없음 · CT 와 모순 없음,NC,0.0,sds_2nd_sec11,NC,False,False,False,False,False
EyeIrritation6pack_PID366,skin,high,NONE,,복구분 아님 · 출처 상충 없음 · CT 와 모순 없음,NC,0.0,sds_2nd,NC,False,False,False,False,False
EyeIrritation6pack_PID367,skin,high,NONE,,복구분 아님 · 출처 상충 없음 · CT 와 모순 없음,NC,0.0,sds_2nd,NC,False,False,False,False,False
EyeIrritation6pack_PID37,skin,high,NONE,,복구분 아님 · 출처 상충 없음 · CT 와 모순 없음,NC,0.0,sds_2nd_sec11,,False,False,False,False,False
EyeIrritation6pack_PID391,skin,high,NONE,,복구분 아님 · 출처 상충 없음 · CT 와 모순 없음,2,1.0,sds_2nd,NC,False,False,False,False,False
EyeIrritation6pack_PID398,skin,high,NONE,,복구분 아님 · 출처 상충 없음 · CT 와 모순 없음,1,1.0,sds_2nd,,False,False,False,False,False
EyeIrritation6pack_PID40,skin,medium,RECOVERED_negative,Skin corrosion/irritation / Shall not be classified as corrosive/irritant to skin.,y=sds_v1 status='negative' 복구분(카테고리 미기재 → NC 보충),NC,0.0,sds_v1_negative_recovered,,True,False,True,False,False
EyeIrritation6pack_PID413,skin,high,NONE,,복구분 아님 · 출처 상충 없음 · CT 와 모순 없음,2,1.0,sds_2nd_sec11,,False,False,False,False,False
EyeIrritation6pack_PID422,skin,medium,RECOVERED_negative,Skin corrosion/irritation / Shall not be classified as corrosive/irritant to skin.,y=sds_v1 status='negative' 복구분(카테고리 미기재 → NC 보충),NC,0.0,sds_v1_negative_recovered,NC,True,False,True,False,False
EyeIrritation6pack_PID426,skin,high,NONE,According to Regulation (EC) No 1272/2008 [CLP] / Acute Tox. 4 (Inhalation - vapour).      Skin Corr./Irrit. 2      Repr. 2 (unborn child) / ... / H315 Causes skin irritation.,복구분 아님 · 출처 상충 없음 · CT 와 모순 없음,2,1.0,sds_v1,,False,False,False,False,False
EyeIrritation6pack_PID429,skin,high,NONE,,복구분 아님 · 출처 상충 없음 · CT 와 모순 없음,NC,0.0,sds_2nd_sec11,NC,False,False,False,False,False
EyeIrritation6pack_PID439,skin,high,NONE,"Skin irritation (Category 2), H315",복구분 아님 · 출처 상충 없음 · CT 와 모순 없음,2,1.0,sds_v1,,False,False,False,False,False
EyeIrritation6pack_PID44,skin,high,NONE,,복구분 아님 · 출처 상충 없음 · CT 와 모순 없음,2,1.0,sds_2nd,2,False,False,False,False,False
EyeIrritation6pack_PID443,skin,medium,RECOVERED_negative,Skin corrosion/irritation / Shall not be classified as corrosive/irritant to skin.,y=sds_v1 status='negative' 복구분(카테고리 미기재 → NC 보충),NC,0.0,sds_v1_negative_recovered,NC,True,False,True,False,False
EyeIrritation6pack_PID444,skin,high,NONE,,복구분 아님 · 출처 상충 없음 · CT 와 모순 없음,NC,0.0,sds_2nd_sec11,,False,False,False,False,False
EyeIrritation6pack_PID459,skin,high,NONE,,복구분 아님 · 출처 상충 없음 · CT 와 모순 없음,NC,0.0,sds_2nd_sec11,,False,False,False,False,False
EyeIrritation6pack_PID46,skin,high,NONE,,복구분 아님 · 출처 상충 없음 · CT 와 모순 없음,NC,0.0,sds_2nd_sec11,NC,False,False,False,False,False
EyeIrritation6pack_PID460,skin,high,NONE,,복구분 아님 · 출처 상충 없음 · CT 와 모순 없음,NC,0.0,sds_2nd_sec11,,False,False,False,False,False
EyeIrritation6pack_PID466,skin,high,NONE,,복구분 아님 · 출처 상충 없음 · CT 와 모순 없음,NC,0.0,sds_2nd_sec11,,False,False,False,False,False
EyeIrritation6pack_PID467,skin,medium,RECOVERED_negative,Skin corrosion/irritation  / Skin - rabbit  / Result: No skin irritation,y=sds_v1 status='negative' 복구분(카테고리 미기재 → NC 보충),NC,0.0,sds_v1_negative_recovered,,True,False,True,False,False
EyeIrritation6pack_PID47,skin,high,NONE,,복구분 아님 · 출처 상충 없음 · CT 와 모순 없음,1,1.0,sds_v1,NC,False,False,False,False,False
EyeIrritation6pack_PID475,skin,medium,RECOVERED_negative,Skin corrosion/irritation --- Not Applicable,y=sds_v1 status='negative' 복구분(카테고리 미기재 → NC 보충),NC,0.0,sds_v1_negative_recovered,,True,False,False,False,True
EyeIrritation6pack_PID477,skin,medium,RECOVERED_negative,Assessment of irritating effects: / Eye contact causes irritation. Not irritating to the skin. /  / Experimental/calculated data: / Skin corrosion/irritation rabbit: non-irritant (OECD Guideline 404),y=sds_v1 status='negative' 복구분(카테고리 미기재 → NC 보충),NC,0.0,sds_v1_negative_recovered,NC,True,False,True,True,False
EyeIrritation6pack_PID48,skin,high,NONE,,복구분 아님 · 출처 상충 없음 · CT 와 모순 없음,1,1.0,sds_2nd,1,False,False,False,False,False
EyeIrritation6pack_PID480,skin,high,NONE,,복구분 아님 · 출처 상충 없음 · CT 와 모순 없음,2,1.0,sds_2nd,,False,False,False,False,False
EyeIrritation6pack_PID489,skin,medium,RECOVERED_negative,Skin corrosion/irritation / Skin - Rabbit / Result: No skin irritation / (OECD Test Guideline 404),y=sds_v1 status='negative' 복구분(카테고리 미기재 → NC 보충),NC,0.0,sds_v1_negative_recovered,,True,False,True,False,False
EyeIrritation6pack_PID497,skin,high,NONE,Skin corrosion/irritation / Brief contact is essentially nonirritating to skin.,복구분 아님 · 출처 상충 없음 · CT 와 모순 없음,2,1.0,sds_v1,,False,False,True,True,False
EyeIrritation6pack_PID499,skin,high,NONE,Skin irritation - Category 2 - H315,복구분 아님 · 출처 상충 없음 · CT 와 모순 없음,2,1.0,sds_v1,,False,False,False,False,False
EyeIrritation6pack_PID500,skin,high,NONE,,복구분 아님 · 출처 상충 없음 · CT 와 모순 없음,NC,0.0,sds_2nd_sec11,,False,False,False,False,False
EyeIrritation6pack_PID502,skin,high,NONE,,복구분 아님 · 출처 상충 없음 · CT 와 모순 없음,NC,0.0,sds_2nd_sec11,,False,False,False,False,False
EyeIrritation6pack_PID506,skin,medium,SOURCE_CONFLICT,Skin corrosion/irritation / Product: / Species : Rabbit / Method : OECD Test Guideline 404 / Result : No skin irritation,출처 간 서열 상충(y_conflict=True),1,1.0,sds_v1,,False,True,True,False,False
EyeIrritation6pack_PID511,skin,medium,RECOVERED_negative,Skin corrosion/irritation / Shall not be classified as corrosive/irritant to skin.,y=sds_v1 status='negative' 복구분(카테고리 미기재 → NC 보충),NC,0.0,sds_v1_negative_recovered,,True,False,True,False,False
EyeIrritation6pack_PID514,skin,medium,RECOVERED_negative,Skin corrosion/irritation Shall not be classified as corrosive/irritant to skin.,y=sds_v1 status='negative' 복구분(카테고리 미기재 → NC 보충),NC,0.0,sds_v1_negative_recovered,NC,True,False,True,False,False
EyeIrritation6pack_PID516,skin,medium,RECOVERED_negative,Skin corrosion/irritation / Shall not be classified as corrosive/irritant to skin.,y=sds_v1 status='negative' 복구분(카테고리 미기재 → NC 보충),NC,0.0,sds_v1_negative_recovered,NC,True,False,True,False,False
EyeIrritation6pack_PID523,skin,high,NONE,,복구분 아님 · 출처 상충 없음 · CT 와 모순 없음,1,1.0,sds_2nd,,False,False,False,False,False
EyeIrritation6pack_PID553,skin,high,NONE,Assessment of irritating effects: Skin contact causes slight irritation.,복구분 아님 · 출처 상충 없음 · CT 와 모순 없음,1,1.0,sds_v1,,False,False,False,False,False
EyeIrritation6pack_PID556,skin,high,NONE,,복구분 아님 · 출처 상충 없음 · CT 와 모순 없음,NC,0.0,sds_2nd_sec11,,False,False,False,False,False
EyeIrritation6pack_PID560,skin,medium,RECOVERED_negative,"Skin contact Based on available data, the classification criteria are not met.",y=sds_v1 status='negative' 복구분(카테고리 미기재 → NC 보충) | CT baseline(GHS 가산법)은 양성인데 최종 라벨은 음성 — 상충,NC,0.0,sds_v1_negative_recovered,2,True,False,True,False,False
EyeIrritation6pack_PID567,skin,high,NONE,,복구분 아님 · 출처 상충 없음 · CT 와 모순 없음,2,1.0,sds_v1,NC,False,False,False,False,False
EyeIrritation6pack_PID568,skin,high,NONE,,복구분 아님 · 출처 상충 없음 · CT 와 모순 없음,NC,0.0,sds_2nd_sec11,NC,False,False,False,False,False
EyeIrritation6pack_PID57,skin,high,NONE,,복구분 아님 · 출처 상충 없음 · CT 와 모순 없음,1,1.0,sds_v1,1,False,False,False,False,False
EyeIrritation6pack_PID573,skin,high,NONE,,복구분 아님 · 출처 상충 없음 · CT 와 모순 없음,NC,0.0,sds_2nd_sec11,,False,False,False,False,False
EyeIrritation6pack_PID632,skin,high,NONE,,복구분 아님 · 출처 상충 없음 · CT 와 모순 없음,2,1.0,sds_2nd,NC,False,False,False,False,False
EyeIrritation6pack_PID669,skin,medium,SOURCE_CONFLICT,3.2 skin corrosion/irritation 2 Skin Irrit. 2 H315,출처 간 서열 상충(y_conflict=True),2,1.0,sds_v1,,False,True,False,False,False
EyeIrritation6pack_PID676,skin,high,NONE,,복구분 아님 · 출처 상충 없음 · CT 와 모순 없음,NC,0.0,sds_2nd_sec11,,False,False,False,False,False
EyeIrritation6pack_PID680,skin,high,NONE,Skin Irritation / Category 2 / (H315) / May cause skin irritation,복구분 아님 · 출처 상충 없음 · CT 와 모순 없음,2,1.0,sds_v1,NC,False,False,False,True,False
EyeIrritation6pack_PID690,skin,medium,RECOVERED_negative,Skin corrosion/irritation / Product: / Species : Rabbit / Result : No skin irritation,y=sds_v1 status='negative' 복구분(카테고리 미기재 → NC 보충),NC,0.0,sds_v1_negative_recovered,,True,False,True,False,False
EyeIrritation6pack_PID691,skin,high,NONE,,복구분 아님 · 출처 상충 없음 · CT 와 모순 없음,1B,1.0,sds_v1,NC,False,False,False,False,False
EyeIrritation6pack_PID694,skin,medium,RECOVERED_negative,"Irritation/Corrosion Conclusion/Summary Skin : Based on available data, the classification criteria are not met.",y=sds_v1 status='negative' 복구분(카테고리 미기재 → NC 보충),NC,0.0,sds_v1_negative_recovered,,True,False,True,False,False
EyeIrritation6pack_PID695,skin,high,NONE,"2.1.2. Classification - EC 1272/2008Based on available data, this product is not classified as hazardous. Hazard Statement No Significant Hazard",복구분 아님 · 출처 상충 없음 · CT 와 모순 없음,2,1.0,sds_v1,,False,False,True,False,False
EyeIrritation6pack_PID699,skin,medium,T2_endpoint_no_data,"Skin corrosion/irritation : Not classified (Based on available data, the classification criteria are not met.) pH: Not applicable",y=sds_v1 status='negative' 복구분(카테고리 미기재 → NC 보충) | T2: 문서에 음성진술은 있으나 해당 엔드포인트가 자료없음/미측정 → 시험근거 없는 음성,NC,0.0,sds_v1_negative_recovered,,True,False,True,False,True
EyeIrritation6pack_PID716,skin,high,NONE,,복구분 아님 · 출처 상충 없음 · CT 와 모순 없음,NC,0.0,sds_2nd_sec11,,False,False,False,False,False
EyeIrritation6pack_PID718,skin,medium,CT_CONTRADICTION,,CT baseline(GHS 가산법)은 양성인데 최종 라벨은 음성 — 상충,NC,0.0,sds_2nd_sec11,2,False,False,False,False,False
EyeIrritation6pack_PID722,skin,high,NONE,,복구분 아님 · 출처 상충 없음 · CT 와 모순 없음,NC,0.0,sds_2nd_sec11,,False,False,False,False,False
EyeIrritation6pack_PID723,skin,high,NONE,Skin Irrit. 2;H315 Causes skin irritation.,복구분 아님 · 출처 상충 없음 · CT 와 모순 없음,2,1.0,sds_v1,NC,False,False,False,False,False
EyeIrritation6pack_PID728,skin,high,NONE,"Skin corrosion/irritation: Based on available data, the classification criteria are not met.",복구분 아님 · 출처 상충 없음 · CT 와 모순 없음,1,1.0,sds_v1,,False,False,True,False,False
EyeIrritation6pack_PID732,skin,medium,RECOVERED_negative,Skin / Species: rabbit / Result: non-irritant / Method: OECD Guideline 404 /  / May cause slight irritation to the skin.,y=sds_v1 status='negative' 복구분(카테고리 미기재 → NC 보충),NC,0.0,sds_v1_negative_recovered,NC,True,False,True,True,False
EyeIrritation6pack_PID738,skin,medium,RECOVERED_negative,Skin corrosion/irritation: Species: Rabbit Method: OECD Test Guideline 404 Result: No skin irritation,y=sds_v1 status='negative' 복구분(카테고리 미기재 → NC 보충),NC,0.0,sds_v1_negative_recovered,,True,False,True,False,False
EyeIrritation6pack_PID739,skin,high,NONE,,복구분 아님 · 출처 상충 없음 · CT 와 모순 없음,NC,0.0,sds_2nd_sec11,NC,False,False,False,False,False
EyeIrritation6pack_PID740,skin,high,NONE,Hazard class: Skin corrosion or irritation (Category 2). Causes skin irritation (H315).,복구분 아님 · 출처 상충 없음 · CT 와 모순 없음,2,1.0,sds_v1,NC,False,False,False,False,False
EyeIrritation6pack_PID746,skin,high,NONE,Skin corrosion/irritation / no data available,복구분 아님 · 출처 상충 없음 · CT 와 모순 없음,NC,0.0,sds_2nd_sec11,NC,False,False,False,True,True
EyeIrritation6pack_PID748,skin,high,NONE,,복구분 아님 · 출처 상충 없음 · CT 와 모순 없음,NC,0.0,sds_2nd_sec11,NC,False,False,False,False,False
EyeIrritation6pack_PID75,skin,high,NONE,,복구분 아님 · 출처 상충 없음 · CT 와 모순 없음,3,1.0,sds_2nd,,False,False,False,False,False
EyeIrritation6pack_PID757,skin,high,NONE,,복구분 아님 · 출처 상충 없음 · CT 와 모순 없음,2,1.0,sds_2nd,NC,False,False,False,False,False
EyeIrritation6pack_PID760,skin,high,NONE,,복구분 아님 · 출처 상충 없음 · CT 와 모순 없음,2,1.0,sds_2nd,NC,False,False,False,False,False
EyeIrritation6pack_PID765,skin,high,NONE,,복구분 아님 · 출처 상충 없음 · CT 와 모순 없음,2,1.0,sds_2nd,,False,False,False,False,False
EyeIrritation6pack_PID768,skin,medium,RECOVERED_negative,Skin corrosion/irritation Shall not be classified as corrosive/irritant to skin.,y=sds_v1 status='negative' 복구분(카테고리 미기재 → NC 보충),NC,0.0,sds_v1_negative_recovered,,True,False,True,False,False
EyeIrritation6pack_PID776,skin,high,NONE,Skin irrt. 2 / H315 / ... / H315 Causes skin irritation,복구분 아님 · 출처 상충 없음 · CT 와 모순 없음,2,1.0,sds_v1,NC,False,False,False,False,False
EyeIrritation6pack_PID783,skin,high,NONE,,복구분 아님 · 출처 상충 없음 · CT 와 모순 없음,NC,0.0,sds_2nd_sec11,,False,False,False,False,False
EyeIrritation6pack_PID788,skin,medium,RECOVERED_negative,Skin corrosion/irritation / Shall not be classified as corrosive/irritant to skin.,y=sds_v1 status='negative' 복구분(카테고리 미기재 → NC 보충),NC,0.0,sds_v1_negative_recovered,,True,False,True,False,False
EyeIrritation6pack_PID79,skin,high,NONE,"Skin corrosion/irritation, Category 2 H315",복구분 아님 · 출처 상충 없음 · CT 와 모순 없음,2,1.0,sds_v1,NC,False,False,False,False,False
EyeIrritation6pack_PID792,skin,high,NONE,,복구분 아님 · 출처 상충 없음 · CT 와 모순 없음,2,1.0,sds_2nd_sec11,,False,False,False,False,False
EyeIrritation6pack_PID793,skin,high,NONE,,복구분 아님 · 출처 상충 없음 · CT 와 모순 없음,NC,0.0,sds_2nd_sec11,,False,False,False,False,False
EyeIrritation6pack_PID794,skin,high,NONE,,복구분 아님 · 출처 상충 없음 · CT 와 모순 없음,NC,0.0,sds_2nd_sec11,,False,False,False,False,False
EyeIrritation6pack_PID796,skin,medium,SOURCE_CONFLICT,Skin corrosion/irritation / Product: / Species : Rabbit / Result : No skin irritation / Remarks : Based on data from similar materials,출처 간 서열 상충(y_conflict=True),2,1.0,sds_v1,NC,False,True,True,False,False
EyeIrritation6pack_PID798,skin,high,NONE,,복구분 아님 · 출처 상충 없음 · CT 와 모순 없음,NC,0.0,sds_2nd_sec11,NC,False,False,False,False,False
EyeIrritation6pack_PID80,skin,high,NONE,"Skin Corrosion / Irritation Category 3 / H316, Causes mild skin irritation.",복구분 아님 · 출처 상충 없음 · CT 와 모순 없음,3,1.0,sds_v1,,False,False,False,False,False
EyeIrritation6pack_PID800,skin,medium,RECOVERED_negative,Primary skin irritation: Non-irritating (EPA tox. category IV),y=sds_v1 status='negative' 복구분(카테고리 미기재 → NC 보충),NC,0.0,sds_v1_negative_recovered,NC,True,False,True,False,False
EyeIrritation6pack_PID811,skin,high,NONE,"- Contact with the skin: Based on available data, the classification criteria are not met. However, it contains substances classified as dangerous for skin contact. For more information see section 3.",복구분 아님 · 출처 상충 없음 · CT 와 모순 없음,2,1.0,sds_v1,,False,False,True,False,False
EyeIrritation6pack_PID827,skin,medium,RECOVERED_negative,Skin corrosion/irritation Not classified as a skin irritant,y=sds_v1 status='negative' 복구분(카테고리 미기재 → NC 보충),NC,0.0,sds_v1_negative_recovered,NC,True,False,True,False,False
EyeIrritation6pack_PID828,skin,medium,RECOVERED_negative,Skin corrosion/irritation / Shall not be classified as corrosive/irritant to skin.,y=sds_v1 status='negative' 복구분(카테고리 미기재 → NC 보충),NC,0.0,sds_v1_negative_recovered,NC,True,False,True,False,False
EyeIrritation6pack_PID829,skin,medium,RECOVERED_negative,Skin Irritation: No irritating to skin of rabbits.,y=sds_v1 status='negative' 복구분(카테고리 미기재 → NC 보충),NC,0.0,sds_v1_negative_recovered,,True,False,True,True,False
EyeIrritation6pack_PID838,skin,medium,RECOVERED_negative,Skin corrosion/irritation / Shall not be classified as corrosive/irritant to skin.,y=sds_v1 status='negative' 복구분(카테고리 미기재 → NC 보충),NC,0.0,sds_v1_negative_recovered,,True,False,True,False,False
EyeIrritation6pack_PID854,skin,high,NONE,3.2 skin corrosion/irritation 2 Skin Irrit. 2 H315,복구분 아님 · 출처 상충 없음 · CT 와 모순 없음,2,1.0,sds_v1,NC,False,False,False,False,False
EyeIrritation6pack_PID857,skin,high,NONE,,복구분 아님 · 출처 상충 없음 · CT 와 모순 없음,NC,0.0,sds_2nd_sec11,,False,False,False,False,False
EyeIrritation6pack_PID863,skin,medium,RECOVERED_negative,"Skin Contact: Based on available data, the classification criteria are not met.",y=sds_v1 status='negative' 복구분(카테고리 미기재 → NC 보충),NC,0.0,sds_v1_negative_recovered,NC,True,False,True,False,False
EyeIrritation6pack_PID869,skin,medium,SOURCE_CONFLICT,Skin corrosion/irritation : Not classified,출처 간 서열 상충(y_conflict=True),1,1.0,sds_v1,NC,False,True,True,False,False
EyeIrritation6pack_PID87,skin,high,NONE,,복구분 아님 · 출처 상충 없음 · CT 와 모순 없음,NC,0.0,sds_2nd_sec11,,False,False,False,False,False
EyeIrritation6pack_PID871,skin,high,NONE,"Skin Contact - harmful if absorbed through the skin, causes skin irritation. May cause reddening of skin.",복구분 아님 · 출처 상충 없음 · CT 와 모순 없음,1,1.0,sds_2nd_sec11,NC,False,False,False,True,False
EyeIrritation6pack_PID896,skin,high,NONE,,복구분 아님 · 출처 상충 없음 · CT 와 모순 없음,NC,0.0,sds_2nd_sec11,,False,False,False,False,False
EyeIrritation6pack_PID897,skin,high,NONE,,복구분 아님 · 출처 상충 없음 · CT 와 모순 없음,NC,0.0,sds_2nd_sec11,,False,False,False,False,False
EyeIrritation6pack_PID899,skin,high,NONE,,복구분 아님 · 출처 상충 없음 · CT 와 모순 없음,2,1.0,sds_2nd,,False,False,False,False,False
EyeIrritation6pack_PID916,skin,high,NONE,"Skin Irritation (Category 2), H315",복구분 아님 · 출처 상충 없음 · CT 와 모순 없음,2,1.0,sds_v1,2,False,False,False,False,False
EyeIrritation6pack_PID932,skin,high,NONE,Skin corrosion/irritation / Causes severe skin burns and eye damage.,복구분 아님 · 출처 상충 없음 · CT 와 모순 없음,1,1.0,sds_v1,NC,False,False,False,False,False
EyeIrritation6pack_PID936,skin,high,NONE,"Warning, Skin Irrit. 2, Causes skin irritation.",복구분 아님 · 출처 상충 없음 · CT 와 모순 없음,2,1.0,sds_v1,NC,False,False,False,False,False
EyeIrritation6pack_PID940,skin,high,NONE,"Skin irritation (Category 2), H315",복구분 아님 · 출처 상충 없음 · CT 와 모순 없음,2,1.0,sds_v1,,False,False,False,False,False
EyeIrritation6pack_PID955,skin,high,NONE,,복구분 아님 · 출처 상충 없음 · CT 와 모순 없음,2,1.0,sds_2nd,,False,False,False,False,False
EyeIrritation6pack_PID960,skin,medium,RECOVERED_negative,Skin corrosion/irritation / Not classified based on available information.,y=sds_v1 status='negative' 복구분(카테고리 미기재 → NC 보충),NC,0.0,sds_v1_negative_recovered,,True,False,True,False,False
EyeIrritation6pack_PID966,skin,high,NONE,Skin Corrosion / Irritation: May cause skin irritation.,복구분 아님 · 출처 상충 없음 · CT 와 모순 없음,NC,0.0,sds_2nd_sec11,NC,False,False,False,True,False
EyeIrritation6pack_PID969,skin,high,NONE,,복구분 아님 · 출처 상충 없음 · CT 와 모순 없음,2,1.0,sds_2nd_sec11,NC,False,False,False,False,False
EyeIrritation6pack_PID977,skin,medium,RECOVERED_negative,"Skin Effects: LD50 >5,050 mg/kg (rabbit). Not a skin sensitizer. A skin irritation study on rabbits showed the product may be slightly irritating, but not sufficient for classification.",y=sds_v1 status='negative' 복구분(카테고리 미기재 → NC 보충),NC,0.0,sds_v1_negative_recovered,NC,True,False,True,False,False
EyeIrritation6pack_PID978,skin,high,NONE,KEEP OUT OF REACH OF CHILDREN – CAUTION – Harmful if swallowed. Causes mild skin irritation. Wash thoroughly with soap and water after handling.,복구분 아님 · 출처 상충 없음 · CT 와 모순 없음,NC,0.0,sds_2nd_sec11,NC,False,False,False,False,False
EyeIrritation6pack_PID983,skin,high,NONE,"Skin Corrosion / Irritation Category 2 ... H315, Causes skin irritation.",복구분 아님 · 출처 상충 없음 · CT 와 모순 없음,2,1.0,sds_v1,NC,False,False,False,False,False
EyeIrritation6pack_PID996,skin,high,NONE,,복구분 아님 · 출처 상충 없음 · CT 와 모순 없음,2,1.0,sds_2nd,NC,False,False,False,False,False
EyeIrritation6pack_PID998,skin,high,NONE,,복구분 아님 · 출처 상충 없음 · CT 와 모순 없음,NC,0.0,sds_2nd_sec11,,False,False,False,False,False
EyeIrritation6pack_PID999,skin,high,NONE,,복구분 아님 · 출처 상충 없음 · CT 와 모순 없음,NC,0.0,sds_2nd_sec11,,False,False,False,False,False
MIX1,skin,high,NONE,WARNING / Causes mild skin irritation,복구분 아님 · 출처 상충 없음 · CT 와 모순 없음,NC,0.0,ntp_measured,,False,False,False,False,False
MIX10,skin,high,NONE,,복구분 아님 · 출처 상충 없음 · CT 와 모순 없음,NC,0.0,ntp_measured,,False,False,False,False,False
MIX100,skin,high,NONE,,복구분 아님 · 출처 상충 없음 · CT 와 모순 없음,NC,0.0,ntp_measured,NC,False,False,False,False,False
MIX1000,skin,high,NONE,SCI2 Skin corrosion / irritation 2 ... H315 - Causes skin irritation.,복구분 아님 · 출처 상충 없음 · CT 와 모순 없음,2,1.0,sds_v1,,False,False,False,False,False
MIX1001,skin,high,NONE,3.2 Skin corrosion/irritation 2 Skin Irrit. 2 H315,복구분 아님 · 출처 상충 없음 · CT 와 모순 없음,2,1.0,sds_v1,2,False,False,False,False,False
MIX1002,skin,high,NONE,SCI2 Skin corrosion / irritation 2 / SS1 Sensitisation skin 1 / H304 - May be fatal if swallowed and enters airways. / H315 - Causes skin irritation.,복구분 아님 · 출처 상충 없음 · CT 와 모순 없음,2,1.0,sds_v1,,False,False,False,False,False
MIX1004,skin,medium,RECOVERED_negative,Skin corrosion/irritation:  / No significant effects or critical hazards.,y=sds_v1 status='negative' 복구분(카테고리 미기재 → NC 보충),NC,0.0,sds_v1_negative_recovered,,True,False,True,False,False
MIX1005,skin,high,NONE,,복구분 아님 · 출처 상충 없음 · CT 와 모순 없음,2,1.0,sds_2nd,,False,False,False,False,False
MIX1006,skin,high,NONE,,복구분 아님 · 출처 상충 없음 · CT 와 모순 없음,NC,0.0,phase1_sds,NC,False,False,False,False,False
MIX1007,skin,high,NONE,,복구분 아님 · 출처 상충 없음 · CT 와 모순 없음,3,1.0,sds_2nd_sec11,,False,False,False,False,False
MIX1008,skin,high,NONE,Skin Irrit. 2 Skin corrosion / irritation 2 H315 : Causes skin irritation.,복구분 아님 · 출처 상충 없음 · CT 와 모순 없음,2,1.0,sds_v1,NC,False,False,False,False,False
MIX1009,skin,high,NONE,,복구분 아님 · 출처 상충 없음 · CT 와 모순 없음,2,1.0,sds_2nd,,False,False,False,False,False
MIX101,skin,high,NONE,,복구분 아님 · 출처 상충 없음 · CT 와 모순 없음,NC,0.0,ntp_measured,NC,False,False,False,False,False
MIX1010,skin,high,NONE,"Skin irritation (Category 2), H315",복구분 아님 · 출처 상충 없음 · CT 와 모순 없음,2,1.0,sds_v1,2,False,False,False,False,False
MIX1011,skin,high,NONE,,복구분 아님 · 출처 상충 없음 · CT 와 모순 없음,2,1.0,sds_2nd,,False,False,False,False,False
MIX1012,skin,high,NONE,"FL 4, SCI 2, EDI 2A, SS 1, AH 1, EH A3, EH C3; H226, H304, H315, H317, H319, H402, H412",복구분 아님 · 출처 상충 없음 · CT 와 모순 없음,2,1.0,sds_v1,,False,False,False,False,False
MIX1013,skin,high,NONE,,복구분 아님 · 출처 상충 없음 · CT 와 모순 없음,2,1.0,phase1_sds,,False,False,False,False,False
MIX1014,skin,high,NONE,"Skin irritation (Category 2), H315",복구분 아님 · 출처 상충 없음 · CT 와 모순 없음,2,1.0,sds_v1,,False,False,False,False,False
MIX1015,skin,high,NONE,,복구분 아님 · 출처 상충 없음 · CT 와 모순 없음,NC,0.0,phase1_sds,,False,False,False,False,False
MIX1016,skin,high,NONE,,복구분 아님 · 출처 상충 없음 · CT 와 모순 없음,2,1.0,sds_2nd,,False,False,False,False,False
MIX1018,skin,high,NONE,,복구분 아님 · 출처 상충 없음 · CT 와 모순 없음,2,1.0,sds_2nd,,False,False,False,False,False
MIX102,skin,high,NONE,,복구분 아님 · 출처 상충 없음 · CT 와 모순 없음,NC,0.0,ntp_measured,,False,False,False,False,False
MIX1020,skin,high,NONE,3.2 Skin corrosion/irritation 2 Skin Irrit. 2 H315,복구분 아님 · 출처 상충 없음 · CT 와 모순 없음,2,1.0,sds_v1,NC,False,False,False,False,False
MIX1021,skin,high,NONE,"Skin irritation (Category 2), H315",복구분 아님 · 출처 상충 없음 · CT 와 모순 없음,2,1.0,sds_v1,,False,False,False,False,False
MIX1022,skin,high,NONE,"Skin Corrosion / Irritation Category 2 ... H315, Causes skin irritation.",복구분 아님 · 출처 상충 없음 · CT 와 모순 없음,2,1.0,sds_v1,,False,False,False,False,False
MIX1023,skin,medium,RECOVERED_negative,Skin corrosion/irritation: No irritant effect.,y=sds_v1 status='negative' 복구분(카테고리 미기재 → NC 보충),NC,0.0,sds_v1_negative_recovered,,True,False,True,False,False
MIX1024,skin,low,FLIP_pos_to_neg,Skin Contact: None expected when used under normal conditions.,y=sds_v1 status='negative' 복구분(카테고리 미기재 → NC 보충) | FLIP: 복구된 NC 가 하위 출처의 양성 주장을 이겨 v4 대비 양성→음성 전환,NC,0.0,sds_v1_negative_recovered,,True,True,False,False,False
MIX1026,skin,high,NONE,GHS Hazard Classifications: Flammable Liquid Category 4 Skin Irritation Category 2 Eye Damage Category 1 Skin Sensitization Category 1 ... H315 Causes skin irritation,복구분 아님 · 출처 상충 없음 · CT 와 모순 없음,2,1.0,sds_v1,2,False,False,False,False,False
MIX1028,skin,high,NONE,"Skin irritation (Category 2), H315",복구분 아님 · 출처 상충 없음 · CT 와 모순 없음,2,1.0,sds_v1,,False,False,False,False,False
MIX1029,skin,high,NONE,,복구분 아님 · 출처 상충 없음 · CT 와 모순 없음,2,1.0,sds_2nd,,False,False,False,False,False
MIX103,skin,high,NONE,SKIN IRRITATION Rabbit – Severe Irritant,복구분 아님 · 출처 상충 없음 · CT 와 모순 없음,NC,0.0,ntp_measured,,False,False,False,False,False
MIX1030,skin,high,NONE,"Skin corrosion/irritation, Category 2 H315",복구분 아님 · 출처 상충 없음 · CT 와 모순 없음,2,1.0,sds_v1,2,False,False,False,False,False
MIX1032,skin,high,NONE,,복구분 아님 · 출처 상충 없음 · CT 와 모순 없음,2,1.0,sds_2nd,,False,False,False,False,False
MIX1033,skin,high,NONE,,복구분 아님 · 출처 상충 없음 · CT 와 모순 없음,2,1.0,sds_2nd,,False,False,False,False,False
MIX1034,skin,high,NONE,Skin corrosion/irritation: Skin Irrit. 2,복구분 아님 · 출처 상충 없음 · CT 와 모순 없음,2,1.0,sds_v1,2,False,False,False,False,False
MIX1035,skin,high,NONE,,복구분 아님 · 출처 상충 없음 · CT 와 모순 없음,2,1.0,sds_2nd,,False,False,False,False,False
MIX1037,skin,high,NONE,,복구분 아님 · 출처 상충 없음 · CT 와 모순 없음,2,1.0,sds_2nd,,False,False,False,False,False
MIX1038,skin,high,NONE,"• Classification (GHS): Flammable liquids; Acute toxicity, Oral; Skin irritation; Eye irritation.",복구분 아님 · 출처 상충 없음 · CT 와 모순 없음,2,1.0,sds_2nd,,False,False,False,False,False
MIX1039,skin,high,NONE,,복구분 아님 · 출처 상충 없음 · CT 와 모순 없음,2,1.0,sds_2nd,,False,False,False,False,False
MIX104,skin,high,NONE,,복구분 아님 · 출처 상충 없음 · CT 와 모순 없음,NC,0.0,ntp_measured,,False,False,False,False,False
MIX1041,skin,high,NONE,3.2 Skin corrosion/irritation 2 Skin Irrit. 2 H315,복구분 아님 · 출처 상충 없음 · CT 와 모순 없음,2,1.0,sds_v1,NC,False,False,False,False,False
MIX1043,skin,high,NONE,,복구분 아님 · 출처 상충 없음 · CT 와 모순 없음,2,1.0,sds_2nd,,False,False,False,False,False
MIX1044,skin,high,NONE,Skin Irrit. 2 - H315 Causes skin irritation.,복구분 아님 · 출처 상충 없음 · CT 와 모순 없음,2,1.0,sds_v1,2,False,False,False,False,False
MIX1045,skin,high,NONE,GHS07 / Skin Irrit. 2 - H315 Causes skin irritation.,복구분 아님 · 출처 상충 없음 · CT 와 모순 없음,2,1.0,sds_v1,2,False,False,False,False,False
MIX1047,skin,medium,RECOVERED_negative,2.1 Classification of the substance or mixture / Not a hazardous substance or mixture.,y=sds_v1 status='negative' 복구분(카테고리 미기재 → NC 보충),NC,0.0,sds_v1_negative_recovered,,True,False,True,False,False
MIX1053,skin,high,NONE,,복구분 아님 · 출처 상충 없음 · CT 와 모순 없음,2,1.0,sds_2nd,,False,False,False,False,False
MIX1056,skin,high,NONE,,복구분 아님 · 출처 상충 없음 · CT 와 모순 없음,NC,0.0,phase1_sds,NC,False,False,False,False,False
MIX106,skin,high,NONE,,복구분 아님 · 출처 상충 없음 · CT 와 모순 없음,NC,0.0,ntp_measured,NC,False,False,False,False,False
MIX1060,skin,high,NONE,,복구분 아님 · 출처 상충 없음 · CT 와 모순 없음,2,1.0,sds_2nd_sec11,2,False,False,False,False,False
MIX1062,skin,high,NONE,,복구분 아님 · 출처 상충 없음 · CT 와 모순 없음,2,1.0,sds_2nd_sec11,,False,False,False,False,False
MIX1063,skin,high,NONE,- HEALTH HAZARDS: Skin Irrit. 2 - H315 Eye Irrit. 2 - H319 Skin Sens. 1 - H317 Asp. Tox. 1 - H304,복구분 아님 · 출처 상충 없음 · CT 와 모순 없음,2,1.0,sds_v1,NC,False,False,False,False,False
MIX1064,skin,high,NONE,,복구분 아님 · 출처 상충 없음 · CT 와 모순 없음,2,1.0,sds_2nd,,False,False,False,False,False
MIX1066,skin,high,NONE,"Skin Corrosion/Irritation, Category 2 Skin Sensitization, Category 1 / H315 - Causes skin irritation",복구분 아님 · 출처 상충 없음 · CT 와 모순 없음,2,1.0,sds_v1,,False,False,False,False,False
MIX1069,skin,high,NONE,H315 Causes skin irritation.,복구분 아님 · 출처 상충 없음 · CT 와 모순 없음,2,1.0,sds_v1,,False,False,False,False,False
MIX107,skin,medium,SOURCE_CONFLICT,,출처 간 서열 상충(y_conflict=True),2B,1.0,ntp_measured,,False,True,False,False,False
MIX1070,skin,high,NONE,Skin Irrit. 2 H315 Causes skin irritation.,복구분 아님 · 출처 상충 없음 · CT 와 모순 없음,2,1.0,sds_v1,,False,False,False,False,False
MIX1071,skin,high,NONE,,복구분 아님 · 출처 상충 없음 · CT 와 모순 없음,2,1.0,sds_2nd_sec11,NC,False,False,False,False,False
MIX1072,skin,high,NONE,"b) skin corrosion/irritation; / Product classified: / Skin irritant, Category 2: Causes skin irritation.",복구분 아님 · 출처 상충 없음 · CT 와 모순 없음,2,1.0,sds_v1,NC,False,False,False,False,False
MIX1074,skin,high,NONE,"Skin irritation (Category 2), H315",복구분 아님 · 출처 상충 없음 · CT 와 모순 없음,2,1.0,sds_v1,,False,False,False,False,False
MIX1075,skin,high,NONE,"SCI 2 Skin Corrosion/Irritation, Category 2 ... H315 Causes skin irritation.",복구분 아님 · 출처 상충 없음 · CT 와 모순 없음,2,1.0,sds_v1,,False,False,False,False,False
MIX1076,skin,high,NONE,,복구분 아님 · 출처 상충 없음 · CT 와 모순 없음,NC,0.0,sds_2nd_sec11,,False,False,False,False,False
MIX1077,skin,high,NONE,,복구분 아님 · 출처 상충 없음 · CT 와 모순 없음,2,1.0,sds_2nd,,False,False,False,False,False
MIX108,skin,high,NONE,,복구분 아님 · 출처 상충 없음 · CT 와 모순 없음,NC,0.0,ntp_measured,NC,False,False,False,False,False
MIX109,skin,high,NONE,,복구분 아님 · 출처 상충 없음 · CT 와 모순 없음,NC,0.0,ntp_measured,,False,False,False,False,False
MIX11,skin,high,NONE,,복구분 아님 · 출처 상충 없음 · CT 와 모순 없음,2B,1.0,ntp_measured,1,False,False,False,False,False
MIX110,skin,high,NONE,,복구분 아님 · 출처 상충 없음 · CT 와 모순 없음,2,1.0,phase1_sds,2,False,False,False,False,False
MIX111,skin,high,NONE,"Signs and symptoms of short-term (acute) exposure: Irritating to eyes, respiratory system and skin. / Skin irritation = Moderate",복구분 아님 · 출처 상충 없음 · CT 와 모순 없음,NC,0.0,ntp_measured,,False,False,False,True,False
MIX112,skin,high,NONE,Skin corrosion/irritation  / Skin - Rabbit  / Result: No skin irritation,복구분 아님 · 출처 상충 없음 · CT 와 모순 없음,NC,0.0,ntp_measured,NC,False,False,True,False,False
MIX113,skin,medium,CT_CONTRADICTION,,CT baseline(GHS 가산법)은 양성인데 최종 라벨은 음성 — 상충 | 출처 간 서열 상충(y_conflict=True),NC,0.0,ntp_measured,2,False,True,False,False,False
MIX114,skin,high,NONE,Skin corrosion/irritation  / Skin - Rabbit  / Result: No skin irritation,복구분 아님 · 출처 상충 없음 · CT 와 모순 없음,NC,0.0,ntp_measured,NC,False,False,True,False,False
MIX115,skin,high,NONE,,복구분 아님 · 출처 상충 없음 · CT 와 모순 없음,NC,0.0,ntp_measured,NC,False,False,False,False,False
MIX116,skin,medium,RECOVERED_negative,Skin corrosion/irritation / Shall not be classified as corrosive/irritant to skin.,y=sds_v1 status='negative' 복구분(카테고리 미기재 → NC 보충),NC,0.0,sds_v1_negative_recovered,NC,True,False,True,False,False
MIX117,skin,high,NONE,,복구분 아님 · 출처 상충 없음 · CT 와 모순 없음,NC,0.0,ntp_measured,NC,False,False,False,False,False
MIX118,skin,high,NONE,,복구분 아님 · 출처 상충 없음 · CT 와 모순 없음,NC,0.0,ntp_measured,NC,False,False,False,False,False
MIX119,skin,high,NONE,,복구분 아님 · 출처 상충 없음 · CT 와 모순 없음,NC,0.0,ntp_measured,,False,False,False,False,False
MIX12,skin,high,NONE,,복구분 아님 · 출처 상충 없음 · CT 와 모순 없음,NC,0.0,ntp_measured,,False,False,False,False,False
MIX120,skin,high,NONE,,복구분 아님 · 출처 상충 없음 · CT 와 모순 없음,NC,0.0,ntp_measured,,False,False,False,False,False
MIX121,skin,high,NONE,,복구분 아님 · 출처 상충 없음 · CT 와 모순 없음,NC,0.0,ntp_measured,,False,False,False,False,False
MIX122,skin,high,NONE,,복구분 아님 · 출처 상충 없음 · CT 와 모순 없음,2A,1.0,ntp_measured,,False,False,False,False,False
MIX123,skin,high,NONE,,복구분 아님 · 출처 상충 없음 · CT 와 모순 없음,2B,1.0,ntp_measured,,False,False,False,False,False
MIX124,skin,high,NONE,,복구분 아님 · 출처 상충 없음 · CT 와 모순 없음,NC,0.0,ntp_measured,NC,False,False,False,False,False
MIX125,skin,medium,SOURCE_CONFLICT,,출처 간 서열 상충(y_conflict=True),2B,1.0,ntp_measured,NC,False,True,False,False,False
MIX126,skin,high,NONE,,복구분 아님 · 출처 상충 없음 · CT 와 모순 없음,NC,0.0,ntp_measured,NC,False,False,False,False,False
MIX127,skin,high,NONE,,복구분 아님 · 출처 상충 없음 · CT 와 모순 없음,NC,0.0,ntp_measured,,False,False,False,False,False
MIX128,skin,high,NONE,,복구분 아님 · 출처 상충 없음 · CT 와 모순 없음,NC,0.0,ntp_measured,,False,False,False,False,False
MIX129,skin,high,NONE,,복구분 아님 · 출처 상충 없음 · CT 와 모순 없음,NC,0.0,ntp_measured,,False,False,False,False,False
MIX13,skin,high,NONE,Skin corrosion/irritation  / Skin - rabbit  / Result: No skin irritation,복구분 아님 · 출처 상충 없음 · CT 와 모순 없음,NC,0.0,ntp_measured,NC,False,False,True,False,False
MIX130,skin,high,NONE,,복구분 아님 · 출처 상충 없음 · CT 와 모순 없음,NC,0.0,ntp_measured,,False,False,False,False,False
MIX131,skin,high,NONE,,복구분 아님 · 출처 상충 없음 · CT 와 모순 없음,NC,0.0,ntp_measured,NC,False,False,False,False,False
MIX132,skin,medium,SOURCE_CONFLICT,,출처 간 서열 상충(y_conflict=True),2B,1.0,ntp_measured,,False,True,False,False,False
MIX133,skin,medium,SOURCE_CONFLICT,(b)skin corrosion/irritation /  Dermal (rabbit): Not irritant,출처 간 서열 상충(y_conflict=True),NC,0.0,ntp_measured,,False,True,False,False,False
MIX135,skin,high,NONE,,복구분 아님 · 출처 상충 없음 · CT 와 모순 없음,NC,0.0,ntp_measured,,False,False,False,False,False
MIX136,skin,high,NONE,Skin corrosion/irritation / no data available,복구분 아님 · 출처 상충 없음 · CT 와 모순 없음,NC,0.0,ntp_measured,,False,False,False,True,True
MIX137,skin,high,NONE,,복구분 아님 · 출처 상충 없음 · CT 와 모순 없음,NC,0.0,ntp_measured,,False,False,False,False,False
MIX138,skin,high,NONE,,복구분 아님 · 출처 상충 없음 · CT 와 모순 없음,NC,0.0,ntp_measured,NC,False,False,False,False,False
MIX139,skin,medium,SOURCE_CONFLICT,,출처 간 서열 상충(y_conflict=True),2B,1.0,ntp_measured,,False,True,False,False,False
MIX14,skin,high,NONE,,복구분 아님 · 출처 상충 없음 · CT 와 모순 없음,NC,0.0,ntp_measured,NC,False,False,False,False,False
MIX140,skin,high,NONE,Skin irritation: Slightly irritating (Tox Cat IV),복구분 아님 · 출처 상충 없음 · CT 와 모순 없음,NC,0.0,ntp_measured,NC,False,False,False,False,False
MIX141,skin,high,NONE,,복구분 아님 · 출처 상충 없음 · CT 와 모순 없음,NC,0.0,ntp_measured,,False,False,False,False,False
MIX142,skin,high,NONE,H315 Causes skin irritation,복구분 아님 · 출처 상충 없음 · CT 와 모순 없음,2A,1.0,ntp_measured,,False,False,False,False,False
MIX143,skin,high,NONE,,복구분 아님 · 출처 상충 없음 · CT 와 모순 없음,NC,0.0,ntp_measured,NC,False,False,False,False,False
MIX144,skin,medium,CT_CONTRADICTION,,CT baseline(GHS 가산법)은 양성인데 최종 라벨은 음성 — 상충 | 출처 간 서열 상충(y_conflict=True),NC,0.0,ntp_measured,1,False,True,False,False,False
MIX145,skin,high,NONE,"Skin Avoid prolonged, repeated or excessive contact with the skin. May cause irritation and discomfort.",복구분 아님 · 출처 상충 없음 · CT 와 모순 없음,2B,1.0,ntp_measured,,False,False,False,True,False
MIX146,skin,high,NONE,,복구분 아님 · 출처 상충 없음 · CT 와 모순 없음,NC,0.0,ntp_measured,NC,False,False,False,False,False
MIX147,skin,high,NONE,"Skin Irritation, Category 2 ... H315: Causes skin irritation",복구분 아님 · 출처 상충 없음 · CT 와 모순 없음,2,1.0,sds_v1,,False,False,False,False,False
MIX149,skin,medium,SOURCE_CONFLICT,Skin corrosion/irritation • Non-irritant: Rabbit; OECD 404,출처 간 서열 상충(y_conflict=True),NC,0.0,ntp_measured,,False,True,True,False,False
MIX15,skin,high,NONE,Skin corrosion/irritation  / Skin - rabbit  / Result: No skin irritation,복구분 아님 · 출처 상충 없음 · CT 와 모순 없음,NC,0.0,ntp_measured,NC,False,False,True,False,False
MIX150,skin,medium,SOURCE_CONFLICT,,출처 간 서열 상충(y_conflict=True),NC,0.0,ntp_measured,,False,True,False,False,False
MIX151,skin,high,NONE,,복구분 아님 · 출처 상충 없음 · CT 와 모순 없음,2B,1.0,ntp_measured,,False,False,False,False,False
MIX152,skin,high,NONE,,복구분 아님 · 출처 상충 없음 · CT 와 모순 없음,NC,0.0,ntp_measured,,False,False,False,False,False
MIX153,skin,high,NONE,,복구분 아님 · 출처 상충 없음 · CT 와 모순 없음,NC,0.0,ntp_measured,NC,False,False,False,False,False
MIX155,skin,high,NONE,,복구분 아님 · 출처 상충 없음 · CT 와 모순 없음,NC,0.0,ntp_measured,NC,False,False,False,False,False
MIX156,skin,high,NONE,H315 Causes skin irritation,복구분 아님 · 출처 상충 없음 · CT 와 모순 없음,2,1.0,sds_v1,,False,False,False,False,False
MIX157,skin,high,NONE,,복구분 아님 · 출처 상충 없음 · CT 와 모순 없음,NC,0.0,ntp_measured,NC,False,False,False,False,False
MIX158,skin,medium,RECOVERED_negative,Skin Irritation (rabbit): Non-irritating,y=sds_v1 status='negative' 복구분(카테고리 미기재 → NC 보충),NC,0.0,sds_v1_negative_recovered,NC,True,False,True,False,False
MIX159,skin,high,NONE,,복구분 아님 · 출처 상충 없음 · CT 와 모순 없음,NC,0.0,ntp_measured,NC,False,False,False,False,False
MIX16,skin,high,NONE,,복구분 아님 · 출처 상충 없음 · CT 와 모순 없음,NC,0.0,ntp_measured,,False,False,False,False,False
MIX160,skin,medium,CT_CONTRADICTION,,CT baseline(GHS 가산법)은 양성인데 최종 라벨은 음성 — 상충,NC,0.0,ntp_measured,2,False,False,False,False,False
MIX162,skin,high,NONE,,복구분 아님 · 출처 상충 없음 · CT 와 모순 없음,NC,0.0,ntp_measured,,False,False,False,False,False
MIX163,skin,high,NONE,,복구분 아님 · 출처 상충 없음 · CT 와 모순 없음,NC,0.0,ntp_measured,,False,False,False,False,False
MIX164,skin,high,NONE,,복구분 아님 · 출처 상충 없음 · CT 와 모순 없음,NC,0.0,ntp_measured,,False,False,False,False,False
MIX165,skin,high,NONE,,복구분 아님 · 출처 상충 없음 · CT 와 모순 없음,NC,0.0,sds_2nd_sec11,,False,False,False,False,False
MIX166,skin,high,NONE,,복구분 아님 · 출처 상충 없음 · CT 와 모순 없음,NC,0.0,ntp_measured,NC,False,False,False,False,False
MIX167,skin,high,NONE,,복구분 아님 · 출처 상충 없음 · CT 와 모순 없음,NC,0.0,ntp_measured,NC,False,False,False,False,False
MIX168,skin,high,NONE,,복구분 아님 · 출처 상충 없음 · CT 와 모순 없음,NC,0.0,ntp_measured,NC,False,False,False,False,False
MIX169,skin,high,NONE,,복구분 아님 · 출처 상충 없음 · CT 와 모순 없음,NC,0.0,ntp_measured,,False,False,False,False,False
MIX17,skin,high,NONE,,복구분 아님 · 출처 상충 없음 · CT 와 모순 없음,NC,0.0,ntp_measured,,False,False,False,False,False
MIX170,skin,medium,SOURCE_CONFLICT,,출처 간 서열 상충(y_conflict=True),NC,0.0,ntp_measured,NC,False,True,False,False,False
MIX171,skin,high,NONE,,복구분 아님 · 출처 상충 없음 · CT 와 모순 없음,NC,0.0,ntp_measured,,False,False,False,False,False
MIX172,skin,high,NONE,,복구분 아님 · 출처 상충 없음 · CT 와 모순 없음,NC,0.0,ntp_measured,,False,False,False,False,False
MIX173,skin,high,NONE,Skin Contact: Slightly Irritating (Rabbit),복구분 아님 · 출처 상충 없음 · CT 와 모순 없음,NC,0.0,ntp_measured,,False,False,False,False,False
MIX174,skin,high,NONE,,복구분 아님 · 출처 상충 없음 · CT 와 모순 없음,NC,0.0,sds_2nd_sec11,,False,False,False,False,False
MIX175,skin,high,NONE,,복구분 아님 · 출처 상충 없음 · CT 와 모순 없음,NC,0.0,ntp_measured,NC,False,False,False,False,False
MIX176,skin,high,NONE,,복구분 아님 · 출처 상충 없음 · CT 와 모순 없음,NC,0.0,ntp_measured,,False,False,False,False,False
MIX177,skin,high,NONE,,복구분 아님 · 출처 상충 없음 · CT 와 모순 없음,NC,0.0,ntp_measured,NC,False,False,False,False,False
MIX178,skin,high,NONE,,복구분 아님 · 출처 상충 없음 · CT 와 모순 없음,2A,1.0,ntp_measured,NC,False,False,False,False,False
MIX179,skin,high,NONE,,복구분 아님 · 출처 상충 없음 · CT 와 모순 없음,NC,0.0,ntp_measured,,False,False,False,False,False
MIX180,skin,high,NONE,,복구분 아님 · 출처 상충 없음 · CT 와 모순 없음,NC,0.0,sds_2nd_sec11,NC,False,False,False,False,False
MIX181,skin,high,NONE,,복구분 아님 · 출처 상충 없음 · CT 와 모순 없음,NC,0.0,ntp_measured,NC,False,False,False,False,False
MIX182,skin,high,NONE,,복구분 아님 · 출처 상충 없음 · CT 와 모순 없음,NC,0.0,ntp_measured,NC,False,False,False,False,False
MIX183,skin,high,NONE,Skin Corrosion/Irritation / Pyriproxyfen: Mild or slight skin irritation at 72 hours. (Category IV - EPA),복구분 아님 · 출처 상충 없음 · CT 와 모순 없음,NC,0.0,ntp_measured,NC,False,False,False,False,False
MIX184,skin,high,NONE,,복구분 아님 · 출처 상충 없음 · CT 와 모순 없음,NC,0.0,ntp_measured,NC,False,False,False,False,False
MIX185,skin,high,NONE,,복구분 아님 · 출처 상충 없음 · CT 와 모순 없음,NC,0.0,ntp_measured,NC,False,False,False,False,False
MIX186,skin,medium,SOURCE_CONFLICT,,출처 간 서열 상충(y_conflict=True),2B,1.0,ntp_measured,NC,False,True,False,False,False
MIX188,skin,high,NONE,,복구분 아님 · 출처 상충 없음 · CT 와 모순 없음,NC,0.0,ntp_measured,NC,False,False,False,False,False
MIX189,skin,high,NONE,Skin corrosion/irritation / no data available,복구분 아님 · 출처 상충 없음 · CT 와 모순 없음,NC,0.0,ntp_measured,NC,False,False,False,True,True
MIX19,skin,high,NONE,,복구분 아님 · 출처 상충 없음 · CT 와 모순 없음,NC,0.0,ntp_measured,,False,False,False,False,False
MIX190,skin,high,NONE,,복구분 아님 · 출처 상충 없음 · CT 와 모순 없음,NC,0.0,ntp_measured,,False,False,False,False,False
MIX191,skin,high,NONE,,복구분 아님 · 출처 상충 없음 · CT 와 모순 없음,NC,0.0,ntp_measured,NC,False,False,False,False,False
MIX192,skin,high,NONE,,복구분 아님 · 출처 상충 없음 · CT 와 모순 없음,NC,0.0,ntp_measured,NC,False,False,False,False,False
MIX193,skin,medium,SOURCE_CONFLICT,,출처 간 서열 상충(y_conflict=True),2B,1.0,ntp_measured,,False,True,False,False,False
MIX194,skin,medium,RECOVERED_negative,Skin corrosion/irritation Non-irritant.,y=sds_v1 status='negative' 복구분(카테고리 미기재 → NC 보충),NC,0.0,sds_v1_negative_recovered,NC,True,False,True,False,False
MIX195,skin,high,NONE,,복구분 아님 · 출처 상충 없음 · CT 와 모순 없음,NC,0.0,ntp_measured,,False,False,False,False,False
MIX196,skin,high,NONE,,복구분 아님 · 출처 상충 없음 · CT 와 모순 없음,2B,1.0,ntp_measured,NC,False,False,False,False,False
MIX197,skin,high,NONE,,복구분 아님 · 출처 상충 없음 · CT 와 모순 없음,NC,0.0,ntp_measured,NC,False,False,False,False,False
MIX198,skin,medium,SOURCE_CONFLICT,,출처 간 서열 상충(y_conflict=True),2B,1.0,ntp_measured,,False,True,False,False,False
MIX199,skin,high,NONE,,복구분 아님 · 출처 상충 없음 · CT 와 모순 없음,NC,0.0,ntp_measured,NC,False,False,False,False,False
MIX2,skin,medium,CT_CONTRADICTION,,CT baseline(GHS 가산법)은 양성인데 최종 라벨은 음성 — 상충 | 출처 간 서열 상충(y_conflict=True),NC,0.0,ntp_measured,2,False,True,False,False,False
MIX20,skin,high,NONE,,복구분 아님 · 출처 상충 없음 · CT 와 모순 없음,NC,0.0,ntp_measured,,False,False,False,False,False
MIX200,skin,high,NONE,,복구분 아님 · 출처 상충 없음 · CT 와 모순 없음,2B,1.0,ntp_measured,NC,False,False,False,False,False
MIX201,skin,high,NONE,,복구분 아님 · 출처 상충 없음 · CT 와 모순 없음,2B,1.0,ntp_measured,NC,False,False,False,False,False
MIX202,skin,high,NONE,,복구분 아님 · 출처 상충 없음 · CT 와 모순 없음,NC,0.0,ntp_measured,NC,False,False,False,False,False
MIX203,skin,medium,RECOVERED_negative,Skin corrosion/irritation / Shall not be classified as corrosive/irritant to skin.,y=sds_v1 status='negative' 복구분(카테고리 미기재 → NC 보충),NC,0.0,sds_v1_negative_recovered,NC,True,False,True,False,False
MIX204,skin,medium,SOURCE_CONFLICT,According to Regulation (EC) No 1272/2008 [CLP] / Acute Tox. 4 (Inhalation - vapour).      Skin Corr./Irrit. 2      Repr. 2 (unborn child) / ... / H315 Causes skin irritation.,출처 간 서열 상충(y_conflict=True),1,1.0,ntp_measured,2,False,True,False,False,False
MIX205,skin,medium,CT_CONTRADICTION,,CT baseline(GHS 가산법)은 양성인데 최종 라벨은 음성 — 상충,NC,0.0,ntp_measured,2,False,False,False,False,False
MIX206,skin,high,NONE,,복구분 아님 · 출처 상충 없음 · CT 와 모순 없음,2B,1.0,ntp_measured,NC,False,False,False,False,False
MIX207,skin,high,NONE,,복구분 아님 · 출처 상충 없음 · CT 와 모순 없음,NC,0.0,ntp_measured,NC,False,False,False,False,False
MIX208,skin,high,NONE,,복구분 아님 · 출처 상충 없음 · CT 와 모순 없음,NC,0.0,ntp_measured,,False,False,False,False,False
MIX209,skin,high,NONE,,복구분 아님 · 출처 상충 없음 · CT 와 모순 없음,NC,0.0,ntp_measured,,False,False,False,False,False
MIX21,skin,medium,CT_CONTRADICTION,,CT baseline(GHS 가산법)은 양성인데 최종 라벨은 음성 — 상충 | 출처 간 서열 상충(y_conflict=True),NC,0.0,ntp_measured,2,False,True,False,False,False
MIX210,skin,high,NONE,,복구분 아님 · 출처 상충 없음 · CT 와 모순 없음,NC,0.0,ntp_measured,NC,False,False,False,False,False
MIX211,skin,high,NONE,,복구분 아님 · 출처 상충 없음 · CT 와 모순 없음,NC,0.0,ntp_measured,,False,False,False,False,False
MIX212,skin,high,NONE,Skin corrosion/irritation / no data available,복구분 아님 · 출처 상충 없음 · CT 와 모순 없음,NC,0.0,ntp_measured,,False,False,False,True,True
MIX213,skin,high,NONE,,복구분 아님 · 출처 상충 없음 · CT 와 모순 없음,NC,0.0,ntp_measured,NC,False,False,False,False,False
MIX214,skin,high,NONE,,복구분 아님 · 출처 상충 없음 · CT 와 모순 없음,NC,0.0,ntp_measured,,False,False,False,False,False
MIX215,skin,high,NONE,,복구분 아님 · 출처 상충 없음 · CT 와 모순 없음,NC,0.0,ntp_measured,,False,False,False,False,False
MIX216,skin,high,NONE,,복구분 아님 · 출처 상충 없음 · CT 와 모순 없음,NC,0.0,ntp_measured,,False,False,False,False,False
MIX217,skin,high,NONE,Skin corrosion/irritation  / Skin - rabbit  / Result: No skin irritation,복구분 아님 · 출처 상충 없음 · CT 와 모순 없음,NC,0.0,ntp_measured,NC,False,False,True,False,False
MIX218,skin,medium,SOURCE_CONFLICT,"Skin irritation (Category 2), H315",출처 간 서열 상충(y_conflict=True),NC,0.0,ntp_measured,,False,True,False,False,False
MIX219,skin,high,NONE,,복구분 아님 · 출처 상충 없음 · CT 와 모순 없음,NC,0.0,sds_2nd_sec11,,False,False,False,False,False
MIX22,skin,high,NONE,,복구분 아님 · 출처 상충 없음 · CT 와 모순 없음,NC,0.0,ntp_measured,NC,False,False,False,False,False
MIX220,skin,high,NONE,,복구분 아님 · 출처 상충 없음 · CT 와 모순 없음,2A,1.0,ntp_measured,,False,False,False,False,False
MIX221,skin,high,NONE,,복구분 아님 · 출처 상충 없음 · CT 와 모순 없음,NC,0.0,ntp_measured,NC,False,False,False,False,False
MIX222,skin,high,NONE,Skin corrosion/irritation / Shall not be classified as corrosive/irritant to skin.,복구분 아님 · 출처 상충 없음 · CT 와 모순 없음,NC,0.0,ntp_measured,NC,False,False,True,False,False
MIX223,skin,high,NONE,,복구분 아님 · 출처 상충 없음 · CT 와 모순 없음,NC,0.0,ntp_measured,NC,False,False,False,False,False
MIX224,skin,high,NONE,,복구분 아님 · 출처 상충 없음 · CT 와 모순 없음,2A,1.0,ntp_measured,NC,False,False,False,False,False
MIX225,skin,high,NONE,,복구분 아님 · 출처 상충 없음 · CT 와 모순 없음,NC,0.0,ntp_measured,,False,False,False,False,False
MIX226,skin,high,NONE,,복구분 아님 · 출처 상충 없음 · CT 와 모순 없음,NC,0.0,ntp_measured,,False,False,False,False,False
MIX227,skin,high,NONE,Skin corrosion/irritation --- Not Applicable,복구분 아님 · 출처 상충 없음 · CT 와 모순 없음,NC,0.0,ntp_measured,,False,False,False,False,True
MIX228,skin,high,NONE,,복구분 아님 · 출처 상충 없음 · CT 와 모순 없음,NC,0.0,ntp_measured,NC,False,False,False,False,False
MIX229,skin,high,NONE,Assessment of irritating effects: / Eye contact causes irritation. Not irritating to the skin. /  / Experimental/calculated data: / Skin corrosion/irritation rabbit: non-irritant (OECD Guideline 404),복구분 아님 · 출처 상충 없음 · CT 와 모순 없음,NC,0.0,ntp_measured,NC,False,False,True,True,False
MIX23,skin,high,NONE,Skin corrosion/irritation / Shall not be classified as corrosive/irritant to skin.,복구분 아님 · 출처 상충 없음 · CT 와 모순 없음,NC,0.0,ntp_measured,,False,False,True,False,False
MIX231,skin,medium,SOURCE_CONFLICT,,출처 간 서열 상충(y_conflict=True),2B,1.0,ntp_measured,,False,True,False,False,False
MIX232,skin,high,NONE,,복구분 아님 · 출처 상충 없음 · CT 와 모순 없음,NC,0.0,ntp_measured,,False,False,False,False,False
MIX233,skin,medium,CT_CONTRADICTION,,CT baseline(GHS 가산법)은 양성인데 최종 라벨은 음성 — 상충,NC,0.0,ntp_measured,1,False,False,False,False,False
MIX234,skin,high,NONE,,복구분 아님 · 출처 상충 없음 · CT 와 모순 없음,NC,0.0,ntp_measured,,False,False,False,False,False
MIX236,skin,high,NONE,"Skin irritation (Category 2), H315",복구분 아님 · 출처 상충 없음 · CT 와 모순 없음,2,1.0,sds_v1,,False,False,False,False,False
MIX237,skin,high,NONE,,복구분 아님 · 출처 상충 없음 · CT 와 모순 없음,NC,0.0,ntp_measured,,False,False,False,False,False
MIX238,skin,high,NONE,"Skin irritation (Category 2), H315",복구분 아님 · 출처 상충 없음 · CT 와 모순 없음,2,1.0,sds_v1,,False,False,False,False,False
MIX239,skin,high,NONE,"Skin irritation (Category 2), H315",복구분 아님 · 출처 상충 없음 · CT 와 모순 없음,2,1.0,sds_v1,,False,False,False,False,False
MIX24,skin,high,NONE,Skin irritation No skin irritating.,복구분 아님 · 출처 상충 없음 · CT 와 모순 없음,NC,0.0,ntp_measured,,False,False,False,False,False
MIX241,skin,high,NONE,,복구분 아님 · 출처 상충 없음 · CT 와 모순 없음,NC,0.0,ntp_measured,,False,False,False,False,False
MIX242,skin,high,NONE,,복구분 아님 · 출처 상충 없음 · CT 와 모순 없음,NC,0.0,ntp_measured,,False,False,False,False,False
MIX243,skin,high,NONE,Skin corrosion/irritation / Skin - Rabbit / Result: No skin irritation / (OECD Test Guideline 404),복구분 아님 · 출처 상충 없음 · CT 와 모순 없음,NC,0.0,ntp_measured,,False,False,True,False,False
MIX244,skin,high,NONE,,복구분 아님 · 출처 상충 없음 · CT 와 모순 없음,NC,0.0,ntp_measured,NC,False,False,False,False,False
MIX245,skin,high,NONE,Skin corrosion/irritation / Shall not be classified as corrosive/irritant to skin.,복구분 아님 · 출처 상충 없음 · CT 와 모순 없음,NC,0.0,ntp_measured,,False,False,True,False,False
MIX246,skin,high,NONE,Skin corrosion/irritation  / Skin - rabbit  / Result: Mild skin irritation,복구분 아님 · 출처 상충 없음 · CT 와 모순 없음,NC,0.0,ntp_measured,,False,False,False,False,False
MIX247,skin,high,NONE,"Skin Contact: / Mild Skin Irritation: Signs/symptoms may include localized redness, swelling, and itching.",복구분 아님 · 출처 상충 없음 · CT 와 모순 없음,NC,0.0,ntp_measured,NC,False,False,False,False,False
MIX248,skin,high,NONE,Skin corrosion/irritation Shall not be classified as corrosive/irritant to skin.,복구분 아님 · 출처 상충 없음 · CT 와 모순 없음,NC,0.0,ntp_measured,NC,False,False,True,False,False
MIX25,skin,high,NONE,,복구분 아님 · 출처 상충 없음 · CT 와 모순 없음,NC,0.0,ntp_measured,NC,False,False,False,False,False
MIX250,skin,high,NONE,Skin corrosion/irritation / Shall not be classified as corrosive/irritant to skin.,복구분 아님 · 출처 상충 없음 · CT 와 모순 없음,NC,0.0,ntp_measured,NC,False,False,True,False,False
MIX251,skin,medium,RECOVERED_negative,Skin corrosion/irritation / Essentially nonirritating to skin.,y=sds_v1 status='negative' 복구분(카테고리 미기재 → NC 보충),NC,0.0,sds_v1_negative_recovered,,True,False,True,True,False
MIX252,skin,high,NONE,,복구분 아님 · 출처 상충 없음 · CT 와 모순 없음,NC,0.0,ntp_measured,NC,False,False,False,False,False
MIX253,skin,high,NONE,,복구분 아님 · 출처 상충 없음 · CT 와 모순 없음,NC,0.0,ntp_measured,,False,False,False,False,False
MIX254,skin,medium,SOURCE_CONFLICT,Skin corrosion/irritation / Brief contact is essentially nonirritating to skin.,출처 간 서열 상충(y_conflict=True),NC,0.0,ntp_measured,,False,True,True,True,False
MIX255,skin,high,NONE,,복구분 아님 · 출처 상충 없음 · CT 와 모순 없음,NC,0.0,ntp_measured,NC,False,False,False,False,False
MIX256,skin,medium,SOURCE_CONFLICT,Skin irritation - Category 2 - H315,출처 간 서열 상충(y_conflict=True),2B,1.0,ntp_measured,,False,True,False,False,False
MIX257,skin,high,NONE,,복구분 아님 · 출처 상충 없음 · CT 와 모순 없음,NC,0.0,ntp_measured,,False,False,False,False,False
MIX258,skin,medium,CT_CONTRADICTION,,CT baseline(GHS 가산법)은 양성인데 최종 라벨은 음성 — 상충,NC,0.0,ntp_measured,2,False,False,False,False,False
MIX259,skin,high,NONE,,복구분 아님 · 출처 상충 없음 · CT 와 모순 없음,NC,0.0,ntp_measured,NC,False,False,False,False,False
MIX26,skin,high,NONE,,복구분 아님 · 출처 상충 없음 · CT 와 모순 없음,NC,0.0,ntp_measured,,False,False,False,False,False
MIX260,skin,high,NONE,,복구분 아님 · 출처 상충 없음 · CT 와 모순 없음,NC,0.0,ntp_measured,,False,False,False,False,False
MIX261,skin,high,NONE,,복구분 아님 · 출처 상충 없음 · CT 와 모순 없음,2B,1.0,ntp_measured,NC,False,False,False,False,False
MIX262,skin,high,NONE,,복구분 아님 · 출처 상충 없음 · CT 와 모순 없음,NC,0.0,ntp_measured,NC,False,False,False,False,False
MIX263,skin,high,NONE,,복구분 아님 · 출처 상충 없음 · CT 와 모순 없음,NC,0.0,ntp_measured,,False,False,False,False,False
MIX264,skin,high,NONE,,복구분 아님 · 출처 상충 없음 · CT 와 모순 없음,NC,0.0,ntp_measured,,False,False,False,False,False
MIX265,skin,high,NONE,,복구분 아님 · 출처 상충 없음 · CT 와 모순 없음,NC,0.0,ntp_measured,NC,False,False,False,False,False
MIX266,skin,high,NONE,,복구분 아님 · 출처 상충 없음 · CT 와 모순 없음,NC,0.0,ntp_measured,NC,False,False,False,False,False
MIX267,skin,high,NONE,,복구분 아님 · 출처 상충 없음 · CT 와 모순 없음,NC,0.0,ntp_measured,NC,False,False,False,False,False
MIX268,skin,medium,CT_CONTRADICTION,,CT baseline(GHS 가산법)은 양성인데 최종 라벨은 음성 — 상충,NC,0.0,ntp_measured,2,False,False,False,False,False
MIX269,skin,high,NONE,,복구분 아님 · 출처 상충 없음 · CT 와 모순 없음,NC,0.0,ntp_measured,,False,False,False,False,False
MIX27,skin,high,NONE,,복구분 아님 · 출처 상충 없음 · CT 와 모순 없음,NC,0.0,ntp_measured,NC,False,False,False,False,False
MIX270,skin,high,NONE,,복구분 아님 · 출처 상충 없음 · CT 와 모순 없음,NC,0.0,ntp_measured,NC,False,False,False,False,False
MIX271,skin,medium,CT_CONTRADICTION,,CT baseline(GHS 가산법)은 양성인데 최종 라벨은 음성 — 상충,NC,0.0,ntp_measured,2,False,False,False,False,False
MIX272,skin,high,NONE,Skin irritation (rabbit): May cause irritation,복구분 아님 · 출처 상충 없음 · CT 와 모순 없음,NC,0.0,ntp_measured,NC,False,False,False,True,False
MIX273,skin,medium,SOURCE_CONFLICT,Skin corrosion/irritation / Product: / Species : Rabbit / Method : OECD Test Guideline 404 / Result : No skin irritation,출처 간 서열 상충(y_conflict=True),NC,0.0,ntp_measured,NC,False,True,True,False,False
MIX274,skin,high,NONE,· Primary irritant effect: / · on the skin: Irritating effect,복구분 아님 · 출처 상충 없음 · CT 와 모순 없음,NC,0.0,ntp_measured,,False,False,False,False,False
MIX275,skin,medium,SOURCE_CONFLICT,Assessment of irritating effects: Skin contact causes slight irritation.,출처 간 서열 상충(y_conflict=True),NC,0.0,ntp_measured,,False,True,False,False,False
MIX276,skin,high,NONE,,복구분 아님 · 출처 상충 없음 · CT 와 모순 없음,NC,0.0,ntp_measured,,False,False,False,False,False
MIX277,skin,high,NONE,,복구분 아님 · 출처 상충 없음 · CT 와 모순 없음,NC,0.0,ntp_measured,NC,False,False,False,False,False
MIX279,skin,high,NONE,,복구분 아님 · 출처 상충 없음 · CT 와 모순 없음,NC,0.0,ntp_measured,,False,False,False,False,False
MIX28,skin,high,NONE,,복구분 아님 · 출처 상충 없음 · CT 와 모순 없음,NC,0.0,ntp_measured,,False,False,False,False,False
MIX280,skin,medium,RECOVERED_negative,Skin irritation: Nonirritating,y=sds_v1 status='negative' 복구분(카테고리 미기재 → NC 보충),NC,0.0,sds_v1_negative_recovered,,True,False,True,False,False
MIX281,skin,high,NONE,,복구분 아님 · 출처 상충 없음 · CT 와 모순 없음,NC,0.0,ntp_measured,,False,False,False,False,False
MIX282,skin,high,NONE,,복구분 아님 · 출처 상충 없음 · CT 와 모순 없음,2B,1.0,ntp_measured,NC,False,False,False,False,False
MIX283,skin,high,NONE,,복구분 아님 · 출처 상충 없음 · CT 와 모순 없음,NC,0.0,ntp_measured,NC,False,False,False,False,False
MIX284,skin,high,NONE,,복구분 아님 · 출처 상충 없음 · CT 와 모순 없음,2B,1.0,ntp_measured,NC,False,False,False,False,False
MIX286,skin,high,NONE,,복구분 아님 · 출처 상충 없음 · CT 와 모순 없음,NC,0.0,ntp_measured,,False,False,False,False,False
MIX287,skin,high,NONE,,복구분 아님 · 출처 상충 없음 · CT 와 모순 없음,2B,1.0,ntp_measured,,False,False,False,False,False
MIX288,skin,high,NONE,,복구분 아님 · 출처 상충 없음 · CT 와 모순 없음,NC,0.0,ntp_measured,NC,False,False,False,False,False
MIX289,skin,high,NONE,Skin Contact: Slightly irritating (Rabbit),복구분 아님 · 출처 상충 없음 · CT 와 모순 없음,2,1.0,sds_2nd,NC,False,False,False,False,False
MIX290,skin,high,NONE,,복구분 아님 · 출처 상충 없음 · CT 와 모순 없음,NC,0.0,ntp_measured,NC,False,False,False,False,False
MIX291,skin,high,NONE,,복구분 아님 · 출처 상충 없음 · CT 와 모순 없음,NC,0.0,ntp_measured,NC,False,False,False,False,False
MIX292,skin,high,NONE,,복구분 아님 · 출처 상충 없음 · CT 와 모순 없음,NC,0.0,ntp_measured,,False,False,False,False,False
MIX293,skin,high,NONE,Skin corrosion/irritation / no data available,복구분 아님 · 출처 상충 없음 · CT 와 모순 없음,NC,0.0,ntp_measured,,False,False,False,True,True
MIX294,skin,medium,CT_CONTRADICTION,"Skin contact Based on available data, the classification criteria are not met.",CT baseline(GHS 가산법)은 양성인데 최종 라벨은 음성 — 상충,NC,0.0,ntp_measured,2,False,False,True,False,False
MIX295,skin,high,NONE,,복구분 아님 · 출처 상충 없음 · CT 와 모순 없음,NC,0.0,ntp_measured,,False,False,False,False,False
MIX296,skin,high,NONE,,복구분 아님 · 출처 상충 없음 · CT 와 모순 없음,NC,0.0,ntp_measured,NC,False,False,False,False,False
MIX297,skin,high,NONE,,복구분 아님 · 출처 상충 없음 · CT 와 모순 없음,NC,0.0,ntp_measured,NC,False,False,False,False,False
MIX298,skin,high,NONE,,복구분 아님 · 출처 상충 없음 · CT 와 모순 없음,NC,0.0,ntp_measured,NC,False,False,False,False,False
MIX299,skin,medium,SOURCE_CONFLICT,,출처 간 서열 상충(y_conflict=True),NC,0.0,ntp_measured,NC,False,True,False,False,False
MIX3,skin,high,NONE,,복구분 아님 · 출처 상충 없음 · CT 와 모순 없음,NC,0.0,ntp_measured,NC,False,False,False,False,False
MIX30,skin,high,NONE,,복구분 아님 · 출처 상충 없음 · CT 와 모순 없음,NC,0.0,ntp_measured,NC,False,False,False,False,False
MIX300,skin,high,NONE,,복구분 아님 · 출처 상충 없음 · CT 와 모순 없음,NC,0.0,ntp_measured,,False,False,False,False,False
MIX301,skin,high,NONE,,복구분 아님 · 출처 상충 없음 · CT 와 모순 없음,2B,1.0,ntp_measured,,False,False,False,False,False
MIX302,skin,high,NONE,,복구분 아님 · 출처 상충 없음 · CT 와 모순 없음,NC,0.0,ntp_measured,,False,False,False,False,False
MIX303,skin,medium,SOURCE_CONFLICT,,출처 간 서열 상충(y_conflict=True),2B,1.0,ntp_measured,NC,False,True,False,False,False
MIX304,skin,high,NONE,,복구분 아님 · 출처 상충 없음 · CT 와 모순 없음,NC,0.0,ntp_measured,,False,False,False,False,False
MIX306,skin,high,NONE,,복구분 아님 · 출처 상충 없음 · CT 와 모순 없음,NC,0.0,ntp_measured,NC,False,False,False,False,False
MIX307,skin,high,NONE,Skin corrosion/irritation  / no data available,복구분 아님 · 출처 상충 없음 · CT 와 모순 없음,NC,0.0,ntp_measured,,False,False,False,True,True
MIX308,skin,high,NONE,,복구분 아님 · 출처 상충 없음 · CT 와 모순 없음,NC,0.0,ntp_measured,,False,False,False,False,False
MIX309,skin,high,NONE,,복구분 아님 · 출처 상충 없음 · CT 와 모순 없음,2,1.0,sds_2nd,,False,False,False,False,False
MIX31,skin,high,NONE,,복구분 아님 · 출처 상충 없음 · CT 와 모순 없음,NC,0.0,ntp_measured,,False,False,False,False,False
MIX310,skin,high,NONE,,복구분 아님 · 출처 상충 없음 · CT 와 모순 없음,NC,0.0,ntp_measured,,False,False,False,False,False
MIX311,skin,high,NONE,Skin Corrosion/Irritation:  Category 2,복구분 아님 · 출처 상충 없음 · CT 와 모순 없음,2,1.0,sds_v1,NC,False,False,False,False,False
MIX312,skin,high,NONE,WARNING / Causes mild skin irritation,복구분 아님 · 출처 상충 없음 · CT 와 모순 없음,NC,0.0,ntp_measured,,False,False,False,False,False
MIX313,skin,high,NONE,,복구분 아님 · 출처 상충 없음 · CT 와 모순 없음,NC,0.0,ntp_measured,NC,False,False,False,False,False
MIX314,skin,high,NONE,,복구분 아님 · 출처 상충 없음 · CT 와 모순 없음,NC,0.0,ntp_measured,NC,False,False,False,False,False
MIX315,skin,high,NONE,,복구분 아님 · 출처 상충 없음 · CT 와 모순 없음,NC,0.0,ntp_measured,,False,False,False,False,False
MIX316,skin,high,NONE,,복구분 아님 · 출처 상충 없음 · CT 와 모순 없음,NC,0.0,ntp_measured,,False,False,False,False,False
MIX317,skin,high,NONE,,복구분 아님 · 출처 상충 없음 · CT 와 모순 없음,NC,0.0,ntp_measured,NC,False,False,False,False,False
MIX318,skin,high,NONE,Skin corrosion/irritation No data available(Imazalil),복구분 아님 · 출처 상충 없음 · CT 와 모순 없음,NC,0.0,ntp_measured,,False,False,False,True,True
MIX319,skin,high,NONE,,복구분 아님 · 출처 상충 없음 · CT 와 모순 없음,NC,0.0,ntp_measured,,False,False,False,False,False
MIX32,skin,high,NONE,,복구분 아님 · 출처 상충 없음 · CT 와 모순 없음,NC,0.0,ntp_measured,,False,False,False,False,False
MIX320,skin,high,NONE,,복구분 아님 · 출처 상충 없음 · CT 와 모순 없음,NC,0.0,ntp_measured,NC,False,False,False,False,False
MIX321,skin,high,NONE,,복구분 아님 · 출처 상충 없음 · CT 와 모순 없음,NC,0.0,ntp_measured,NC,False,False,False,False,False
MIX322,skin,high,NONE,,복구분 아님 · 출처 상충 없음 · CT 와 모순 없음,NC,0.0,ntp_measured,,False,False,False,False,False
MIX323,skin,high,NONE,,복구분 아님 · 출처 상충 없음 · CT 와 모순 없음,NC,0.0,ntp_measured,NC,False,False,False,False,False
MIX324,skin,high,NONE,Skin Contact: Slightly Irritating (Rabbit),복구분 아님 · 출처 상충 없음 · CT 와 모순 없음,NC,0.0,ntp_measured,,False,False,False,False,False
MIX325,skin,high,NONE,,복구분 아님 · 출처 상충 없음 · CT 와 모순 없음,NC,0.0,ntp_measured,NC,False,False,False,False,False
MIX326,skin,high,NONE,,복구분 아님 · 출처 상충 없음 · CT 와 모순 없음,NC,0.0,ntp_measured,NC,False,False,False,False,False
MIX327,skin,high,NONE,,복구분 아님 · 출처 상충 없음 · CT 와 모순 없음,NC,0.0,ntp_measured,NC,False,False,False,False,False
MIX328,skin,high,NONE,,복구분 아님 · 출처 상충 없음 · CT 와 모순 없음,NC,0.0,ntp_measured,NC,False,False,False,False,False
MIX329,skin,medium,RECOVERED_negative,2.1 Classification of the substance or mixture Not a hazardous substance or mixture.,y=sds_v1 status='negative' 복구분(카테고리 미기재 → NC 보충) | CT baseline(GHS 가산법)은 양성인데 최종 라벨은 음성 — 상충,NC,0.0,sds_v1_negative_recovered,2,True,False,True,False,False
MIX33,skin,high,NONE,,복구분 아님 · 출처 상충 없음 · CT 와 모순 없음,NC,0.0,ntp_measured,NC,False,False,False,False,False
MIX330,skin,high,NONE,,복구분 아님 · 출처 상충 없음 · CT 와 모순 없음,NC,0.0,ntp_measured,NC,False,False,False,False,False
MIX331,skin,medium,CT_CONTRADICTION,,CT baseline(GHS 가산법)은 양성인데 최종 라벨은 음성 — 상충,NC,0.0,ntp_measured,2,False,False,False,False,False
MIX332,skin,high,NONE,,복구분 아님 · 출처 상충 없음 · CT 와 모순 없음,NC,0.0,ntp_measured,,False,False,False,False,False
MIX333,skin,medium,CT_CONTRADICTION,,CT baseline(GHS 가산법)은 양성인데 최종 라벨은 음성 — 상충,NC,0.0,ntp_measured,2,False,False,False,False,False
MIX334,skin,medium,CT_CONTRADICTION,,CT baseline(GHS 가산법)은 양성인데 최종 라벨은 음성 — 상충,NC,0.0,ntp_measured,2,False,False,False,False,False
MIX335,skin,high,NONE,,복구분 아님 · 출처 상충 없음 · CT 와 모순 없음,NC,0.0,ntp_measured,,False,False,False,False,False
MIX336,skin,high,NONE,,복구분 아님 · 출처 상충 없음 · CT 와 모순 없음,2B,1.0,ntp_measured,NC,False,False,False,False,False
MIX337,skin,high,NONE,,복구분 아님 · 출처 상충 없음 · CT 와 모순 없음,NC,0.0,ntp_measured,,False,False,False,False,False
MIX338,skin,medium,SOURCE_CONFLICT,Skin Irritation / Category 2 / (H315) / May cause skin irritation,출처 간 서열 상충(y_conflict=True),1,1.0,ntp_measured,NC,False,True,False,True,False
MIX339,skin,medium,RECOVERED_negative,GHS classification in accordance with the Hazardous Products Regulations Not a hazardous substance or mixture.,y=sds_v1 status='negative' 복구분(카테고리 미기재 → NC 보충),NC,0.0,sds_v1_negative_recovered,NC,True,False,True,False,False
MIX34,skin,high,NONE,,복구분 아님 · 출처 상충 없음 · CT 와 모순 없음,NC,0.0,ntp_measured,NC,False,False,False,False,False
MIX340,skin,medium,CT_CONTRADICTION,,CT baseline(GHS 가산법)은 양성인데 최종 라벨은 음성 — 상충,NC,0.0,ntp_measured,2,False,False,False,False,False
MIX341,skin,high,NONE,,복구분 아님 · 출처 상충 없음 · CT 와 모순 없음,NC,0.0,ntp_measured,NC,False,False,False,False,False
MIX342,skin,medium,SOURCE_CONFLICT,Skin corrosion/irritation / Product: / Species : Rabbit / Result : No skin irritation,출처 간 서열 상충(y_conflict=True),2B,1.0,ntp_measured,,False,True,True,False,False
MIX343,skin,medium,SOURCE_CONFLICT,,출처 간 서열 상충(y_conflict=True),2B,1.0,ntp_measured,NC,False,True,False,False,False
MIX344,skin,high,NONE,,복구분 아님 · 출처 상충 없음 · CT 와 모순 없음,NC,0.0,ntp_measured,,False,False,False,False,False
MIX345,skin,high,NONE,"Irritation/Corrosion Conclusion/Summary Skin : Based on available data, the classification criteria are not met.",복구분 아님 · 출처 상충 없음 · CT 와 모순 없음,NC,0.0,ntp_measured,,False,False,True,False,False
MIX346,skin,high,NONE,,복구분 아님 · 출처 상충 없음 · CT 와 모순 없음,NC,0.0,ntp_measured,,False,False,False,False,False
MIX347,skin,medium,SOURCE_CONFLICT,H315 Causes	skin irritation.,출처 간 서열 상충(y_conflict=True),2,1.0,sds_v1,,False,True,False,False,False
MIX348,skin,medium,CT_CONTRADICTION,,CT baseline(GHS 가산법)은 양성인데 최종 라벨은 음성 — 상충,NC,0.0,ntp_measured,2,False,False,False,False,False
MIX350,skin,high,NONE,,복구분 아님 · 출처 상충 없음 · CT 와 모순 없음,2,1.0,sds_2nd,,False,False,False,False,False
MIX351,skin,medium,SOURCE_CONFLICT,3.2 skin corrosion/irritation 2 Skin Irrit. 2 H315,출처 간 서열 상충(y_conflict=True),NC,0.0,ntp_measured,,False,True,False,False,False
MIX352,skin,high,NONE,,복구분 아님 · 출처 상충 없음 · CT 와 모순 없음,NC,0.0,ntp_measured,NC,False,False,False,False,False
MIX353,skin,high,NONE,,복구분 아님 · 출처 상충 없음 · CT 와 모순 없음,NC,0.0,ntp_measured,,False,False,False,False,False
MIX354,skin,high,NONE,,복구분 아님 · 출처 상충 없음 · CT 와 모순 없음,NC,0.0,ntp_measured,,False,False,False,False,False
MIX355,skin,high,NONE,,복구분 아님 · 출처 상충 없음 · CT 와 모순 없음,2B,1.0,ntp_measured,NC,False,False,False,False,False
MIX356,skin,medium,CT_CONTRADICTION,,CT baseline(GHS 가산법)은 양성인데 최종 라벨은 음성 — 상충,NC,0.0,ntp_measured,2,False,False,False,False,False
MIX357,skin,high,NONE,,복구분 아님 · 출처 상충 없음 · CT 와 모순 없음,NC,0.0,ntp_measured,NC,False,False,False,False,False
MIX358,skin,high,NONE,,복구분 아님 · 출처 상충 없음 · CT 와 모순 없음,NC,0.0,ntp_measured,,False,False,False,False,False
MIX359,skin,high,NONE,,복구분 아님 · 출처 상충 없음 · CT 와 모순 없음,1,1.0,ntp_measured,,False,False,False,False,False
MIX36,skin,medium,SOURCE_CONFLICT,,출처 간 서열 상충(y_conflict=True),2B,1.0,ntp_measured,,False,True,False,False,False
MIX360,skin,high,NONE,,복구분 아님 · 출처 상충 없음 · CT 와 모순 없음,2A,1.0,ntp_measured,,False,False,False,False,False
MIX361,skin,high,NONE,,복구분 아님 · 출처 상충 없음 · CT 와 모순 없음,2A,1.0,ntp_measured,2,False,False,False,False,False
MIX362,skin,high,NONE,,복구분 아님 · 출처 상충 없음 · CT 와 모순 없음,NC,0.0,ntp_measured,NC,False,False,False,False,False
MIX363,skin,high,NONE,Skin irrt. 2 / H315 / ... / H315 Causes skin irritation,복구분 아님 · 출처 상충 없음 · CT 와 모순 없음,2,1.0,sds_v1,NC,False,False,False,False,False
MIX364,skin,medium,RECOVERED_negative,2.1 Classification of the substance or mixture  / Not a hazardous substance or mixture.,y=sds_v1 status='negative' 복구분(카테고리 미기재 → NC 보충),NC,0.0,sds_v1_negative_recovered,,True,False,True,False,False
MIX365,skin,high,NONE,,복구분 아님 · 출처 상충 없음 · CT 와 모순 없음,NC,0.0,ntp_measured,,False,False,False,False,False
MIX366,skin,high,NONE,,복구분 아님 · 출처 상충 없음 · CT 와 모순 없음,NC,0.0,ntp_measured,NC,False,False,False,False,False
MIX367,skin,high,NONE,,복구분 아님 · 출처 상충 없음 · CT 와 모순 없음,NC,0.0,ntp_measured,NC,False,False,False,False,False
MIX368,skin,high,NONE,,복구분 아님 · 출처 상충 없음 · CT 와 모순 없음,NC,0.0,ntp_measured,NC,False,False,False,False,False
MIX369,skin,high,NONE,,복구분 아님 · 출처 상충 없음 · CT 와 모순 없음,NC,0.0,ntp_measured,,False,False,False,False,False
MIX37,skin,medium,SOURCE_CONFLICT,,출처 간 서열 상충(y_conflict=True),2B,1.0,ntp_measured,,False,True,False,False,False
MIX370,skin,high,NONE,Skin corrosion/irritation / Shall not be classified as corrosive/irritant to skin.,복구분 아님 · 출처 상충 없음 · CT 와 모순 없음,NC,0.0,ntp_measured,,False,False,True,False,False
MIX371,skin,medium,SOURCE_CONFLICT,,출처 간 서열 상충(y_conflict=True),2B,1.0,ntp_measured,,False,True,False,False,False
MIX372,skin,high,NONE,,복구분 아님 · 출처 상충 없음 · CT 와 모순 없음,NC,0.0,ntp_measured,,False,False,False,False,False
MIX373,skin,high,NONE,,복구분 아님 · 출처 상충 없음 · CT 와 모순 없음,NC,0.0,ntp_measured,,False,False,False,False,False
MIX374,skin,high,NONE,,복구분 아님 · 출처 상충 없음 · CT 와 모순 없음,2B,1.0,ntp_measured,NC,False,False,False,False,False
MIX375,skin,medium,SOURCE_CONFLICT,Skin corrosion/irritation / Product: / Species : Rabbit / Result : No skin irritation / Remarks : Based on data from similar materials,출처 간 서열 상충(y_conflict=True),NC,0.0,ntp_measured,,False,True,True,False,False
MIX376,skin,high,NONE,,복구분 아님 · 출처 상충 없음 · CT 와 모순 없음,NC,0.0,ntp_measured,,False,False,False,False,False
MIX377,skin,medium,RECOVERED_negative,· on the skin: Brief contact is essentially nonirritating to skin.,y=sds_v1 status='negative' 복구분(카테고리 미기재 → NC 보충),NC,0.0,sds_v1_negative_recovered,NC,True,False,True,True,False
MIX378,skin,medium,SOURCE_CONFLICT,Primary skin irritation: Non-irritating (EPA tox. category IV),출처 간 서열 상충(y_conflict=True),2A,1.0,ntp_measured,NC,False,True,True,False,False
MIX379,skin,high,NONE,,복구분 아님 · 출처 상충 없음 · CT 와 모순 없음,NC,0.0,ntp_measured,,False,False,False,False,False
MIX38,skin,medium,SOURCE_CONFLICT,,출처 간 서열 상충(y_conflict=True),NC,0.0,ntp_measured,,False,True,False,False,False
MIX380,skin,high,NONE,,복구분 아님 · 출처 상충 없음 · CT 와 모순 없음,NC,0.0,ntp_measured,NC,False,False,False,False,False
MIX381,skin,high,NONE,,복구분 아님 · 출처 상충 없음 · CT 와 모순 없음,NC,0.0,ntp_measured,NC,False,False,False,False,False
MIX382,skin,high,NONE,,복구분 아님 · 출처 상충 없음 · CT 와 모순 없음,1,1.0,ntp_measured,,False,False,False,False,False
MIX383,skin,high,NONE,"Skin corrosion/irritation : Not classified (Based on available data, the classification criteria are not met.) pH: Not applicable",복구분 아님 · 출처 상충 없음 · CT 와 모순 없음,NC,0.0,ntp_measured,,False,False,True,False,True
MIX385,skin,high,NONE,,복구분 아님 · 출처 상충 없음 · CT 와 모순 없음,NC,0.0,ntp_measured,NC,False,False,False,False,False
MIX386,skin,high,NONE,,복구분 아님 · 출처 상충 없음 · CT 와 모순 없음,NC,0.0,ntp_measured,NC,False,False,False,False,False
MIX387,skin,high,NONE,,복구분 아님 · 출처 상충 없음 · CT 와 모순 없음,NC,0.0,ntp_measured,,False,False,False,False,False
MIX388,skin,medium,SOURCE_CONFLICT,,출처 간 서열 상충(y_conflict=True),2B,1.0,ntp_measured,1,False,True,False,False,False
MIX389,skin,high,NONE,,복구분 아님 · 출처 상충 없음 · CT 와 모순 없음,NC,0.0,ntp_measured,,False,False,False,False,False
MIX39,skin,high,NONE,,복구분 아님 · 출처 상충 없음 · CT 와 모순 없음,NC,0.0,ntp_measured,,False,False,False,False,False
MIX390,skin,high,NONE,,복구분 아님 · 출처 상충 없음 · CT 와 모순 없음,NC,0.0,ntp_measured,NC,False,False,False,False,False
MIX391,skin,medium,CT_CONTRADICTION,,CT baseline(GHS 가산법)은 양성인데 최종 라벨은 음성 — 상충,NC,0.0,ntp_measured,2,False,False,False,False,False
MIX392,skin,high,NONE,,복구분 아님 · 출처 상충 없음 · CT 와 모순 없음,NC,0.0,ntp_measured,,False,False,False,False,False
MIX393,skin,high,NONE,,복구분 아님 · 출처 상충 없음 · CT 와 모순 없음,2B,1.0,ntp_measured,NC,False,False,False,False,False
MIX394,skin,high,NONE,"Skin corrosion/irritation: Based on available data, the classification criteria are not met.",복구분 아님 · 출처 상충 없음 · CT 와 모순 없음,1,1.0,ntp_measured,,False,False,True,False,False
MIX395,skin,medium,SOURCE_CONFLICT,Skin Irrit. 2;H315 Causes skin irritation.,출처 간 서열 상충(y_conflict=True),2B,1.0,ntp_measured,NC,False,True,False,False,False
MIX396,skin,high,NONE,,복구분 아님 · 출처 상충 없음 · CT 와 모순 없음,NC,0.0,ntp_measured,NC,False,False,False,False,False
MIX397,skin,high,NONE,Skin corrosion/irritation: Species: Rabbit Method: OECD Test Guideline 404 Result: No skin irritation,복구분 아님 · 출처 상충 없음 · CT 와 모순 없음,NC,0.0,ntp_measured,,False,False,True,False,False
MIX398,skin,high,NONE,,복구분 아님 · 출처 상충 없음 · CT 와 모순 없음,NC,0.0,ntp_measured,NC,False,False,False,False,False
MIX399,skin,medium,SOURCE_CONFLICT,Hazard class: Skin corrosion or irritation (Category 2). Causes skin irritation (H315).,출처 간 서열 상충(y_conflict=True),NC,0.0,ntp_measured,NC,False,True,False,False,False
MIX4,skin,high,NONE,,복구분 아님 · 출처 상충 없음 · CT 와 모순 없음,NC,0.0,ntp_measured,,False,False,False,False,False
MIX40,skin,high,NONE,,복구분 아님 · 출처 상충 없음 · CT 와 모순 없음,NC,0.0,ntp_measured,,False,False,False,False,False
MIX400,skin,high,NONE,,복구분 아님 · 출처 상충 없음 · CT 와 모순 없음,1,1.0,ntp_measured,NC,False,False,False,False,False
MIX401,skin,high,NONE,Skin corrosion/irritation / no data available,복구분 아님 · 출처 상충 없음 · CT 와 모순 없음,NC,0.0,ntp_measured,,False,False,False,True,True
MIX402,skin,high,NONE,Skin corrosion/irritation / Skin - Rabbit / Result: Mild skin irritation,복구분 아님 · 출처 상충 없음 · CT 와 모순 없음,NC,0.0,ntp_measured,,False,False,False,False,False
MIX403,skin,high,NONE,Skin corrosion/irritation Not classified as a skin irritant,복구분 아님 · 출처 상충 없음 · CT 와 모순 없음,NC,0.0,ntp_measured,NC,False,False,True,False,False
MIX404,skin,high,NONE,,복구분 아님 · 출처 상충 없음 · CT 와 모순 없음,NC,0.0,ntp_measured,NC,False,False,False,False,False
MIX405,skin,high,NONE,Skin corrosion/irritation / Shall not be classified as corrosive/irritant to skin.,복구분 아님 · 출처 상충 없음 · CT 와 모순 없음,NC,0.0,ntp_measured,NC,False,False,True,False,False
MIX406,skin,high,NONE,Skin Irritation: No irritating to skin of rabbits.,복구분 아님 · 출처 상충 없음 · CT 와 모순 없음,NC,0.0,ntp_measured,,False,False,True,True,False
MIX407,skin,high,NONE,Skin corrosion/irritation  / Skin - rabbit  / Result: Mild skin irritation,복구분 아님 · 출처 상충 없음 · CT 와 모순 없음,NC,0.0,ntp_measured,,False,False,False,False,False
MIX408,skin,medium,CT_CONTRADICTION,,CT baseline(GHS 가산법)은 양성인데 최종 라벨은 음성 — 상충,NC,0.0,ntp_measured,2,False,False,False,False,False
MIX409,skin,high,NONE,,복구분 아님 · 출처 상충 없음 · CT 와 모순 없음,NC,0.0,ntp_measured,NC,False,False,False,False,False
MIX41,skin,high,NONE,,복구분 아님 · 출처 상충 없음 · CT 와 모순 없음,2B,1.0,ntp_measured,,False,False,False,False,False
MIX410,skin,high,NONE,,복구분 아님 · 출처 상충 없음 · CT 와 모순 없음,NC,0.0,ntp_measured,,False,False,False,False,False
MIX411,skin,high,NONE,Skin corrosion/irritation / no data available,복구분 아님 · 출처 상충 없음 · CT 와 모순 없음,NC,0.0,ntp_measured,NC,False,False,False,True,True
MIX412,skin,high,NONE,,복구분 아님 · 출처 상충 없음 · CT 와 모순 없음,NC,0.0,ntp_measured,NC,False,False,False,False,False
MIX413,skin,high,NONE,,복구분 아님 · 출처 상충 없음 · CT 와 모순 없음,NC,0.0,ntp_measured,NC,False,False,False,False,False
MIX414,skin,high,NONE,,복구분 아님 · 출처 상충 없음 · CT 와 모순 없음,NC,0.0,ntp_measured,,False,False,False,False,False
MIX415,skin,high,NONE,,복구분 아님 · 출처 상충 없음 · CT 와 모순 없음,NC,0.0,ntp_measured,NC,False,False,False,False,False
MIX416,skin,medium,CT_CONTRADICTION,,CT baseline(GHS 가산법)은 양성인데 최종 라벨은 음성 — 상충,NC,0.0,ntp_measured,2,False,False,False,False,False
MIX417,skin,high,NONE,,복구분 아님 · 출처 상충 없음 · CT 와 모순 없음,NC,0.0,ntp_measured,,False,False,False,False,False
MIX418,skin,high,NONE,Skin corrosion/irritation  / Skin - rabbit  / Result: Mild skin irritation,복구분 아님 · 출처 상충 없음 · CT 와 모순 없음,NC,0.0,ntp_measured,,False,False,False,False,False
MIX419,skin,high,NONE,Skin corrosion/irritation: / Causes skin irritation.,복구분 아님 · 출처 상충 없음 · CT 와 모순 없음,2B,1.0,ntp_measured,NC,False,False,False,False,False
MIX42,skin,medium,RECOVERED_negative,Skin corrosion/irritation / Essentially nonirritating to skin.,y=sds_v1 status='negative' 복구분(카테고리 미기재 → NC 보충),NC,0.0,sds_v1_negative_recovered,,True,False,True,True,False
MIX420,skin,high,NONE,,복구분 아님 · 출처 상충 없음 · CT 와 모순 없음,2B,1.0,ntp_measured,NC,False,False,False,False,False
MIX421,skin,high,NONE,,복구분 아님 · 출처 상충 없음 · CT 와 모순 없음,NC,0.0,ntp_measured,NC,False,False,False,False,False
MIX422,skin,high,NONE,,복구분 아님 · 출처 상충 없음 · CT 와 모순 없음,NC,0.0,ntp_measured,NC,False,False,False,False,False
MIX423,skin,medium,SOURCE_CONFLICT,,출처 간 서열 상충(y_conflict=True),NC,0.0,ntp_measured,NC,False,True,False,False,False
MIX424,skin,high,NONE,,복구분 아님 · 출처 상충 없음 · CT 와 모순 없음,NC,0.0,ntp_measured,NC,False,False,False,False,False
MIX425,skin,medium,SOURCE_CONFLICT,,출처 간 서열 상충(y_conflict=True),NC,0.0,ntp_measured,NC,False,True,False,False,False
MIX426,skin,high,NONE,,복구분 아님 · 출처 상충 없음 · CT 와 모순 없음,NC,0.0,ntp_measured,NC,False,False,False,False,False
MIX427,skin,high,NONE,,복구분 아님 · 출처 상충 없음 · CT 와 모순 없음,NC,0.0,ntp_measured,NC,False,False,False,False,False
MIX428,skin,high,NONE,,복구분 아님 · 출처 상충 없음 · CT 와 모순 없음,NC,0.0,ntp_measured,NC,False,False,False,False,False
MIX429,skin,medium,SOURCE_CONFLICT,,출처 간 서열 상충(y_conflict=True),2B,1.0,ntp_measured,NC,False,True,False,False,False
MIX43,skin,high,NONE,,복구분 아님 · 출처 상충 없음 · CT 와 모순 없음,2B,1.0,ntp_measured,NC,False,False,False,False,False
MIX430,skin,medium,SOURCE_CONFLICT,3.2 skin corrosion/irritation 2 Skin Irrit. 2 H315,출처 간 서열 상충(y_conflict=True),2B,1.0,ntp_measured,NC,False,True,False,False,False
MIX431,skin,high,NONE,Skin corrosion/irritation Shall not be classified as corrosive/irritant to skin.,복구분 아님 · 출처 상충 없음 · CT 와 모순 없음,NC,0.0,ntp_measured,,False,False,True,False,False
MIX432,skin,high,NONE,,복구분 아님 · 출처 상충 없음 · CT 와 모순 없음,NC,0.0,ntp_measured,NC,False,False,False,False,False
MIX433,skin,medium,SOURCE_CONFLICT,,출처 간 서열 상충(y_conflict=True),2A,1.0,ntp_measured,,False,True,False,False,False
MIX434,skin,high,NONE,Causes mild skin irritation.,복구분 아님 · 출처 상충 없음 · CT 와 모순 없음,NC,0.0,ntp_measured,,False,False,False,False,False
MIX435,skin,high,NONE,,복구분 아님 · 출처 상충 없음 · CT 와 모순 없음,NC,0.0,ntp_measured,NC,False,False,False,False,False
MIX436,skin,high,NONE,,복구분 아님 · 출처 상충 없음 · CT 와 모순 없음,NC,0.0,ntp_measured,NC,False,False,False,False,False
MIX437,skin,high,NONE,,복구분 아님 · 출처 상충 없음 · CT 와 모순 없음,1,1.0,ntp_measured,NC,False,False,False,False,False
MIX438,skin,high,NONE,,복구분 아님 · 출처 상충 없음 · CT 와 모순 없음,2B,1.0,ntp_measured,2,False,False,False,False,False
MIX439,skin,high,NONE,"Skin Contact: Based on available data, the classification criteria are not met.",복구분 아님 · 출처 상충 없음 · CT 와 모순 없음,NC,0.0,ntp_measured,NC,False,False,True,False,False
MIX44,skin,medium,SOURCE_CONFLICT,"Skin corrosion/irritation, Category 2 H315",출처 간 서열 상충(y_conflict=True),NC,0.0,ntp_measured,NC,False,True,False,False,False
MIX440,skin,high,NONE,Skin: May cause mild but reversible skin irritation.,복구분 아님 · 출처 상충 없음 · CT 와 모순 없음,NC,0.0,ntp_measured,,False,False,False,True,False
MIX441,skin,high,NONE,,복구분 아님 · 출처 상충 없음 · CT 와 모순 없음,NC,0.0,ntp_measured,,False,False,False,False,False
MIX442,skin,high,NONE,,복구분 아님 · 출처 상충 없음 · CT 와 모순 없음,2B,1.0,ntp_measured,NC,False,False,False,False,False
MIX443,skin,high,NONE,,복구분 아님 · 출처 상충 없음 · CT 와 모순 없음,NC,0.0,ntp_measured,NC,False,False,False,False,False
MIX445,skin,medium,SOURCE_CONFLICT,Skin corrosion/irritation : Not classified,출처 간 서열 상충(y_conflict=True),NC,0.0,ntp_measured,NC,False,True,True,False,False
MIX446,skin,high,NONE,,복구분 아님 · 출처 상충 없음 · CT 와 모순 없음,NC,0.0,ntp_measured,NC,False,False,False,False,False
MIX447,skin,high,NONE,Skin corrosion/irritation / Shall not be classified as corrosive/irritant to skin.,복구분 아님 · 출처 상충 없음 · CT 와 모순 없음,NC,0.0,ntp_measured,,False,False,True,False,False
MIX448,skin,high,NONE,,복구분 아님 · 출처 상충 없음 · CT 와 모순 없음,NC,0.0,ntp_measured,,False,False,False,False,False
MIX449,skin,medium,SOURCE_CONFLICT,"Skin Contact - harmful if absorbed through the skin, causes skin irritation. May cause reddening of skin.",출처 간 서열 상충(y_conflict=True),NC,0.0,ntp_measured,NC,False,True,False,True,False
MIX45,skin,high,NONE,,복구분 아님 · 출처 상충 없음 · CT 와 모순 없음,NC,0.0,ntp_measured,NC,False,False,False,False,False
MIX450,skin,high,NONE,,복구분 아님 · 출처 상충 없음 · CT 와 모순 없음,NC,0.0,ntp_measured,NC,False,False,False,False,False
MIX451,skin,high,NONE,Skin corrosion/irritation  / No data available,복구분 아님 · 출처 상충 없음 · CT 와 모순 없음,2B,1.0,ntp_measured,,False,False,False,True,True
MIX452,skin,high,NONE,,복구분 아님 · 출처 상충 없음 · CT 와 모순 없음,NC,0.0,ntp_measured,NC,False,False,False,False,False
MIX453,skin,high,NONE,,복구분 아님 · 출처 상충 없음 · CT 와 모순 없음,NC,0.0,ntp_measured,,False,False,False,False,False
MIX454,skin,high,NONE,,복구분 아님 · 출처 상충 없음 · CT 와 모순 없음,NC,0.0,ntp_measured,,False,False,False,False,False
MIX455,skin,high,NONE,,복구분 아님 · 출처 상충 없음 · CT 와 모순 없음,NC,0.0,ntp_measured,NC,False,False,False,False,False
MIX457,skin,high,NONE,,복구분 아님 · 출처 상충 없음 · CT 와 모순 없음,2B,1.0,ntp_measured,,False,False,False,False,False
MIX458,skin,medium,SOURCE_CONFLICT,,출처 간 서열 상충(y_conflict=True),1,1.0,ntp_measured,,False,True,False,False,False
MIX459,skin,medium,SOURCE_CONFLICT,"Warning, Skin Irrit. 2, Causes skin irritation.",출처 간 서열 상충(y_conflict=True),2B,1.0,ntp_measured,NC,False,True,False,False,False
MIX46,skin,medium,SOURCE_CONFLICT,"Skin Corrosion / Irritation Category 3 / H316, Causes mild skin irritation.",출처 간 서열 상충(y_conflict=True),NC,0.0,ntp_measured,,False,True,False,False,False
MIX460,skin,high,NONE,,복구분 아님 · 출처 상충 없음 · CT 와 모순 없음,NC,0.0,ntp_measured,,False,False,False,False,False
MIX461,skin,high,NONE,,복구분 아님 · 출처 상충 없음 · CT 와 모순 없음,NC,0.0,ntp_measured,,False,False,False,False,False
MIX462,skin,high,NONE,,복구분 아님 · 출처 상충 없음 · CT 와 모순 없음,NC,0.0,ntp_measured,,False,False,False,False,False
MIX463,skin,high,NONE,,복구분 아님 · 출처 상충 없음 · CT 와 모순 없음,NC,0.0,ntp_measured,NC,False,False,False,False,False
MIX464,skin,medium,SOURCE_CONFLICT,"Skin irritation (Category 2), H315",출처 간 서열 상충(y_conflict=True),NC,0.0,ntp_measured,,False,True,False,False,False
MIX465,skin,high,NONE,,복구분 아님 · 출처 상충 없음 · CT 와 모순 없음,NC,0.0,ntp_measured,NC,False,False,False,False,False
MIX466,skin,high,NONE,,복구분 아님 · 출처 상충 없음 · CT 와 모순 없음,NC,0.0,ntp_measured,NC,False,False,False,False,False
MIX467,skin,high,NONE,,복구분 아님 · 출처 상충 없음 · CT 와 모순 없음,NC,0.0,ntp_measured,NC,False,False,False,False,False
MIX468,skin,high,NONE,,복구분 아님 · 출처 상충 없음 · CT 와 모순 없음,NC,0.0,ntp_measured,,False,False,False,False,False
MIX469,skin,high,NONE,,복구분 아님 · 출처 상충 없음 · CT 와 모순 없음,NC,0.0,ntp_measured,,False,False,False,False,False
MIX47,skin,high,NONE,"Rabbit, Skin Irritation -   Mildly irritating",복구분 아님 · 출처 상충 없음 · CT 와 모순 없음,NC,0.0,ntp_measured,,False,False,False,False,False
MIX470,skin,high,NONE,,복구분 아님 · 출처 상충 없음 · CT 와 모순 없음,NC,0.0,ntp_measured,NC,False,False,False,False,False
MIX471,skin,high,NONE,,복구분 아님 · 출처 상충 없음 · CT 와 모순 없음,NC,0.0,ntp_measured,,False,False,False,False,False
MIX472,skin,medium,SOURCE_CONFLICT,,출처 간 서열 상충(y_conflict=True),NC,0.0,ntp_measured,NC,False,True,False,False,False
MIX473,skin,high,NONE,,복구분 아님 · 출처 상충 없음 · CT 와 모순 없음,NC,0.0,ntp_measured,,False,False,False,False,False
MIX474,skin,high,NONE,SKIN EFFECTS.......: Rabbit:  Slight dermal irritant.,복구분 아님 · 출처 상충 없음 · CT 와 모순 없음,NC,0.0,sds_2nd_sec11,,False,False,False,False,False
MIX476,skin,medium,CT_CONTRADICTION,,CT baseline(GHS 가산법)은 양성인데 최종 라벨은 음성 — 상충,NC,0.0,ntp_measured,2,False,False,False,False,False
MIX477,skin,high,NONE,,복구분 아님 · 출처 상충 없음 · CT 와 모순 없음,NC,0.0,ntp_measured,NC,False,False,False,False,False
MIX478,skin,high,NONE,Skin Irritation (rabbits) Brief and/or minor irritation EPA Tox Category IV,복구분 아님 · 출처 상충 없음 · CT 와 모순 없음,NC,0.0,ntp_measured,,False,False,False,False,False
MIX479,skin,high,NONE,,복구분 아님 · 출처 상충 없음 · CT 와 모순 없음,NC,0.0,ntp_measured,NC,False,False,False,False,False
MIX48,skin,high,NONE,,복구분 아님 · 출처 상충 없음 · CT 와 모순 없음,NC,0.0,ntp_measured,,False,False,False,False,False
MIX480,skin,high,NONE,,복구분 아님 · 출처 상충 없음 · CT 와 모순 없음,2B,1.0,ntp_measured,NC,False,False,False,False,False
MIX481,skin,high,NONE,,복구분 아님 · 출처 상충 없음 · CT 와 모순 없음,2B,1.0,ntp_measured,,False,False,False,False,False
MIX482,skin,medium,CT_CONTRADICTION,"Skin Irritation (Category 2), H315",CT baseline(GHS 가산법)은 양성인데 최종 라벨은 음성 — 상충 | 출처 간 서열 상충(y_conflict=True),NC,0.0,ntp_measured,2,False,True,False,False,False
MIX483,skin,high,NONE,,복구분 아님 · 출처 상충 없음 · CT 와 모순 없음,NC,0.0,ntp_measured,,False,False,False,False,False
MIX484,skin,high,NONE,(b) skin corrosion/irritation; No data available,복구분 아님 · 출처 상충 없음 · CT 와 모순 없음,NC,0.0,sds_2nd,,False,False,False,True,True
MIX485,skin,high,NONE,,복구분 아님 · 출처 상충 없음 · CT 와 모순 없음,NC,0.0,ntp_measured,,False,False,False,False,False
MIX486,skin,high,NONE,,복구분 아님 · 출처 상충 없음 · CT 와 모순 없음,NC,0.0,ntp_measured,NC,False,False,False,False,False
MIX487,skin,high,NONE,Skin corrosion/irritation / no data available,복구분 아님 · 출처 상충 없음 · CT 와 모순 없음,NC,0.0,ntp_measured,,False,False,False,True,True
MIX488,skin,medium,SOURCE_CONFLICT,Skin corrosion/irritation Category 2,출처 간 서열 상충(y_conflict=True),2,1.0,sds_v1,,False,True,False,False,False
MIX489,skin,medium,CT_CONTRADICTION,Skin Irritation (rabbit): Slightly irritating,CT baseline(GHS 가산법)은 양성인데 최종 라벨은 음성 — 상충,NC,0.0,ntp_measured,2,False,False,False,False,False
MIX49,skin,high,NONE,,복구분 아님 · 출처 상충 없음 · CT 와 모순 없음,NC,0.0,ntp_measured,,False,False,False,False,False
MIX490,skin,high,NONE,,복구분 아님 · 출처 상충 없음 · CT 와 모순 없음,NC,0.0,ntp_measured,NC,False,False,False,False,False
MIX491,skin,high,NONE,"Skin Effects: LD50 >5,050 mg/kg (rabbit). Not a skin sensitizer. A skin irritation study on rabbits showed the product may be slightly irritating, but not sufficient for classification.",복구분 아님 · 출처 상충 없음 · CT 와 모순 없음,NC,0.0,ntp_measured,NC,False,False,True,False,False
MIX492,skin,high,NONE,,복구분 아님 · 출처 상충 없음 · CT 와 모순 없음,NC,0.0,ntp_measured,NC,False,False,False,False,False
MIX493,skin,high,NONE,,복구분 아님 · 출처 상충 없음 · CT 와 모순 없음,NC,0.0,ntp_measured,NC,False,False,False,False,False
MIX494,skin,medium,SOURCE_CONFLICT,"Skin Corrosion / Irritation Category 2 ... H315, Causes skin irritation.",출처 간 서열 상충(y_conflict=True),NC,0.0,ntp_measured,NC,False,True,False,False,False
MIX495,skin,high,NONE,SKIN IRRITATION / Rabbit: Slightly irritating,복구분 아님 · 출처 상충 없음 · CT 와 모순 없음,NC,0.0,ntp_measured,,False,False,False,False,False
MIX496,skin,high,NONE,,복구분 아님 · 출처 상충 없음 · CT 와 모순 없음,NC,0.0,ntp_measured,NC,False,False,False,False,False
MIX497,skin,high,NONE,,복구분 아님 · 출처 상충 없음 · CT 와 모순 없음,2A,1.0,ntp_measured,NC,False,False,False,False,False
MIX499,skin,high,NONE,,복구분 아님 · 출처 상충 없음 · CT 와 모순 없음,NC,0.0,ntp_measured,,False,False,False,False,False
MIX5,skin,high,NONE,,복구분 아님 · 출처 상충 없음 · CT 와 모순 없음,NC,0.0,ntp_measured,,False,False,False,False,False
MIX50,skin,high,NONE,,복구분 아님 · 출처 상충 없음 · CT 와 모순 없음,NC,0.0,ntp_measured,,False,False,False,False,False
MIX500,skin,high,NONE,,복구분 아님 · 출처 상충 없음 · CT 와 모순 없음,NC,0.0,ntp_measured,NC,False,False,False,False,False
MIX501,skin,high,NONE,,복구분 아님 · 출처 상충 없음 · CT 와 모순 없음,NC,0.0,ntp_measured,,False,False,False,False,False
MIX502,skin,high,NONE,,복구분 아님 · 출처 상충 없음 · CT 와 모순 없음,NC,0.0,ntp_measured,,False,False,False,False,False
MIX503,skin,high,NONE,,복구분 아님 · 출처 상충 없음 · CT 와 모순 없음,NC,0.0,ntp_measured,NC,False,False,False,False,False
MIX504,skin,high,NONE,,복구분 아님 · 출처 상충 없음 · CT 와 모순 없음,2B,1.0,ntp_measured,,False,False,False,False,False
MIX505,skin,high,NONE,,복구분 아님 · 출처 상충 없음 · CT 와 모순 없음,2B,1.0,ntp_measured,,False,False,False,False,False
MIX506,skin,medium,SOURCE_CONFLICT,,출처 간 서열 상충(y_conflict=True),2B,1.0,ntp_measured,NC,False,True,False,False,False
MIX507,skin,high,NONE,,복구분 아님 · 출처 상충 없음 · CT 와 모순 없음,2B,1.0,ntp_measured,NC,False,False,False,False,False
MIX508,skin,high,NONE,Eye Irritation: Category 2B / Skin Irritation: Category 3,복구분 아님 · 출처 상충 없음 · CT 와 모순 없음,2B,1.0,ntp_measured,,False,False,False,False,False
MIX509,skin,high,NONE,,복구분 아님 · 출처 상충 없음 · CT 와 모순 없음,NC,0.0,ntp_measured,NC,False,False,False,False,False
MIX51,skin,high,NONE,,복구분 아님 · 출처 상충 없음 · CT 와 모순 없음,NC,0.0,ntp_measured,,False,False,False,False,False
MIX510,skin,high,NONE,,복구분 아님 · 출처 상충 없음 · CT 와 모순 없음,NC,0.0,ntp_measured,,False,False,False,False,False
MIX511,skin,high,NONE,,복구분 아님 · 출처 상충 없음 · CT 와 모순 없음,NC,0.0,ntp_measured,NC,False,False,False,False,False
MIX512,skin,high,NONE,,복구분 아님 · 출처 상충 없음 · CT 와 모순 없음,NC,0.0,ntp_measured,,False,False,False,False,False
MIX513,skin,high,NONE,Skin corrosion/irritation / no data available,복구분 아님 · 출처 상충 없음 · CT 와 모순 없음,NC,0.0,ntp_measured,,False,False,False,True,True
MIX514,skin,medium,SOURCE_CONFLICT,,출처 간 서열 상충(y_conflict=True),1,1.0,ntp_measured,,False,True,False,False,False
MIX515,skin,high,NONE,,복구분 아님 · 출처 상충 없음 · CT 와 모순 없음,2B,1.0,ntp_measured,,False,False,False,False,False
MIX516,skin,high,NONE,,복구분 아님 · 출처 상충 없음 · CT 와 모순 없음,NC,0.0,ntp_measured,,False,False,False,False,False
MIX517,skin,high,NONE,"Skin Corrosion/Irritation / Based on available data, the classification criteria are not met.",복구분 아님 · 출처 상충 없음 · CT 와 모순 없음,NC,0.0,ntp_measured,NC,False,False,True,False,False
MIX518,skin,high,NONE,,복구분 아님 · 출처 상충 없음 · CT 와 모순 없음,NC,0.0,ntp_measured,,False,False,False,False,False
MIX519,skin,high,NONE,,복구분 아님 · 출처 상충 없음 · CT 와 모순 없음,NC,0.0,ntp_measured,,False,False,False,False,False
MIX52,skin,high,NONE,,복구분 아님 · 출처 상충 없음 · CT 와 모순 없음,NC,0.0,ntp_measured,,False,False,False,False,False
MIX520,skin,medium,CT_CONTRADICTION,,CT baseline(GHS 가산법)은 양성인데 최종 라벨은 음성 — 상충,NC,0.0,ntp_measured,2,False,False,False,False,False
MIX521,skin,high,NONE,,복구분 아님 · 출처 상충 없음 · CT 와 모순 없음,2B,1.0,ntp_measured,,False,False,False,False,False
MIX522,skin,high,NONE,,복구분 아님 · 출처 상충 없음 · CT 와 모순 없음,NC,0.0,ntp_measured,NC,False,False,False,False,False
MIX523,skin,medium,SOURCE_CONFLICT,,출처 간 서열 상충(y_conflict=True),2B,1.0,ntp_measured,NC,False,True,False,False,False
MIX524,skin,high,NONE,,복구분 아님 · 출처 상충 없음 · CT 와 모순 없음,NC,0.0,ntp_measured,,False,False,False,False,False
MIX525,skin,high,NONE,,복구분 아님 · 출처 상충 없음 · CT 와 모순 없음,2B,1.0,ntp_measured,,False,False,False,False,False
MIX526,skin,high,NONE,,복구분 아님 · 출처 상충 없음 · CT 와 모순 없음,NC,0.0,ntp_measured,,False,False,False,False,False
MIX527,skin,high,NONE,(b) skin corrosion/irritation: not irritant,복구분 아님 · 출처 상충 없음 · CT 와 모순 없음,NC,0.0,ntp_measured,NC,False,False,False,False,False
MIX528,skin,high,NONE,,복구분 아님 · 출처 상충 없음 · CT 와 모순 없음,NC,0.0,ntp_measured,NC,False,False,False,False,False
MIX529,skin,high,NONE,,복구분 아님 · 출처 상충 없음 · CT 와 모순 없음,NC,0.0,ntp_measured,NC,False,False,False,False,False
MIX53,skin,high,NONE,Skin corrosion/irritation Prolonged skin contact may cause temporary irritation.,복구분 아님 · 출처 상충 없음 · CT 와 모순 없음,NC,0.0,ntp_measured,,False,False,False,True,False
MIX530,skin,high,NONE,Skin corrosion/irritation / Product: / Result : No skin irritation,복구분 아님 · 출처 상충 없음 · CT 와 모순 없음,NC,0.0,ntp_measured,NC,False,False,True,False,False
MIX531,skin,high,NONE,,복구분 아님 · 출처 상충 없음 · CT 와 모순 없음,NC,0.0,ntp_measured,NC,False,False,False,False,False
MIX532,skin,high,NONE,,복구분 아님 · 출처 상충 없음 · CT 와 모순 없음,NC,0.0,ntp_measured,,False,False,False,False,False
MIX533,skin,high,NONE,,복구분 아님 · 출처 상충 없음 · CT 와 모순 없음,2B,1.0,ntp_measured,NC,False,False,False,False,False
MIX534,skin,high,NONE,,복구분 아님 · 출처 상충 없음 · CT 와 모순 없음,1,1.0,sds_2nd,,False,False,False,False,False
MIX535,skin,high,NONE,,복구분 아님 · 출처 상충 없음 · CT 와 모순 없음,NC,0.0,ntp_measured,,False,False,False,False,False
MIX536,skin,medium,CT_CONTRADICTION,,CT baseline(GHS 가산법)은 양성인데 최종 라벨은 음성 — 상충,NC,0.0,ntp_measured,2,False,False,False,False,False
MIX537,skin,medium,SOURCE_CONFLICT,Skin irritation: Category 2 ... H315 Causes skin irritation.,출처 간 서열 상충(y_conflict=True),NC,0.0,ntp_measured,,False,True,False,False,False
MIX538,skin,high,NONE,Skin Irritation = Slight erythema cleared by day 7,복구분 아님 · 출처 상충 없음 · CT 와 모순 없음,NC,0.0,ntp_measured,,False,False,False,False,False
MIX539,skin,high,NONE,,복구분 아님 · 출처 상충 없음 · CT 와 모순 없음,NC,0.0,ntp_measured,,False,False,False,False,False
MIX54,skin,medium,SOURCE_CONFLICT,Assessment of irritating effects: / Causes serious eye irritation. Not irritating to the skin.,출처 간 서열 상충(y_conflict=True),2B,1.0,ntp_measured,,False,True,True,True,False
MIX540,skin,medium,SOURCE_CONFLICT,Skin corrosion/irritation Category 3,출처 간 서열 상충(y_conflict=True),3,1.0,sds_v1,NC,False,True,False,False,False
MIX541,skin,high,NONE,,복구분 아님 · 출처 상충 없음 · CT 와 모순 없음,NC,0.0,ntp_measured,NC,False,False,False,False,False
MIX542,skin,high,NONE,,복구분 아님 · 출처 상충 없음 · CT 와 모순 없음,NC,0.0,ntp_measured,NC,False,False,False,False,False
MIX543,skin,high,NONE,,복구분 아님 · 출처 상충 없음 · CT 와 모순 없음,NC,0.0,ntp_measured,NC,False,False,False,False,False
MIX544,skin,high,NONE,,복구분 아님 · 출처 상충 없음 · CT 와 모순 없음,NC,0.0,ntp_measured,NC,False,False,False,False,False
MIX545,skin,high,NONE,2.1 Classification of the substance or mixture / Not a hazardous substance or mixture. / ... Skin corrosion/irritation / No data available,복구분 아님 · 출처 상충 없음 · CT 와 모순 없음,NC,0.0,ntp_measured,,False,False,True,True,True
MIX547,skin,medium,CT_CONTRADICTION,· on the skin: No irritant effect.,CT baseline(GHS 가산법)은 양성인데 최종 라벨은 음성 — 상충,NC,0.0,ntp_measured,2,False,False,True,False,False
MIX548,skin,high,NONE,,복구분 아님 · 출처 상충 없음 · CT 와 모순 없음,NC,0.0,sds_2nd_sec11,,False,False,False,False,False
MIX549,skin,medium,SOURCE_CONFLICT,"Skin irritation, Category 2 H315: Causes skin irritation.",출처 간 서열 상충(y_conflict=True),2B,1.0,ntp_measured,1,False,True,False,False,False
MIX55,skin,high,NONE,,복구분 아님 · 출처 상충 없음 · CT 와 모순 없음,NC,0.0,phase1_sds,NC,False,False,False,False,False
MIX550,skin,high,NONE,,복구분 아님 · 출처 상충 없음 · CT 와 모순 없음,NC,0.0,ntp_measured,,False,False,False,False,False
MIX552,skin,high,NONE,,복구분 아님 · 출처 상충 없음 · CT 와 모순 없음,2B,1.0,ntp_measured,NC,False,False,False,False,False
MIX553,skin,high,NONE,,복구분 아님 · 출처 상충 없음 · CT 와 모순 없음,NC,0.0,ntp_measured,,False,False,False,False,False
MIX554,skin,high,NONE,,복구분 아님 · 출처 상충 없음 · CT 와 모순 없음,NC,0.0,ntp_measured,,False,False,False,False,False
MIX555,skin,high,NONE,Skin / Species: rabbit / Result: non-irritant / Method: OECD Guideline 404 / May cause slight irritation to the skin.,복구분 아님 · 출처 상충 없음 · CT 와 모순 없음,NC,0.0,ntp_measured,NC,False,False,True,True,False
MIX556,skin,high,NONE,,복구분 아님 · 출처 상충 없음 · CT 와 모순 없음,2B,1.0,ntp_measured,,False,False,False,False,False
MIX557,skin,medium,SOURCE_CONFLICT,"Skin irritation, Category 2 ... H315 Causes skin irritation",출처 간 서열 상충(y_conflict=True),NC,0.0,ntp_measured,,False,True,False,False,False
MIX559,skin,high,NONE,,복구분 아님 · 출처 상충 없음 · CT 와 모순 없음,1,1.0,ntp_measured,,False,False,False,False,False
MIX56,skin,high,NONE,,복구분 아님 · 출처 상충 없음 · CT 와 모순 없음,NC,0.0,ntp_measured,NC,False,False,False,False,False
MIX560,skin,high,NONE,,복구분 아님 · 출처 상충 없음 · CT 와 모순 없음,NC,0.0,ntp_measured,NC,False,False,False,False,False
MIX561,skin,high,NONE,,복구분 아님 · 출처 상충 없음 · CT 와 모순 없음,2B,1.0,ntp_measured,,False,False,False,False,False
MIX562,skin,high,NONE,,복구분 아님 · 출처 상충 없음 · CT 와 모순 없음,NC,0.0,ntp_measured,NC,False,False,False,False,False
MIX563,skin,high,NONE,,복구분 아님 · 출처 상충 없음 · CT 와 모순 없음,NC,0.0,ntp_measured,,False,False,False,False,False
MIX564,skin,medium,SOURCE_CONFLICT,"- Contact with the skin: Based on available data, the classification criteria are not met. However, it contains substances classified as dangerous for skin contact. For more information see section 3.",출처 간 서열 상충(y_conflict=True),NC,0.0,ntp_measured,,False,True,True,False,False
MIX565,skin,high,NONE,,복구분 아님 · 출처 상충 없음 · CT 와 모순 없음,NC,0.0,ntp_measured,NC,False,False,False,False,False
MIX566,skin,high,NONE,,복구분 아님 · 출처 상충 없음 · CT 와 모순 없음,NC,0.0,ntp_measured,NC,False,False,False,False,False
MIX567,skin,high,NONE,,복구분 아님 · 출처 상충 없음 · CT 와 모순 없음,NC,0.0,ntp_measured,,False,False,False,False,False
MIX568,skin,high,NONE,,복구분 아님 · 출처 상충 없음 · CT 와 모순 없음,NC,0.0,ntp_measured,NC,False,False,False,False,False
MIX569,skin,high,NONE,Skin corrosion/irritation  / no data available,복구분 아님 · 출처 상충 없음 · CT 와 모순 없음,NC,0.0,ntp_measured,NC,False,False,False,True,True
MIX57,skin,high,NONE,,복구분 아님 · 출처 상충 없음 · CT 와 모순 없음,2B,1.0,ntp_measured,NC,False,False,False,False,False
MIX570,skin,high,NONE,,복구분 아님 · 출처 상충 없음 · CT 와 모순 없음,NC,0.0,ntp_measured,,False,False,False,False,False
MIX571,skin,medium,RECOVERED_negative,Skin Irritation: Non-irritant,y=sds_v1 status='negative' 복구분(카테고리 미기재 → NC 보충),NC,0.0,sds_v1_negative_recovered,NC,True,False,True,False,False
MIX572,skin,high,NONE,,복구분 아님 · 출처 상충 없음 · CT 와 모순 없음,NC,0.0,ntp_measured,,False,False,False,False,False
MIX573,skin,high,NONE,,복구분 아님 · 출처 상충 없음 · CT 와 모순 없음,2,1.0,sds_2nd,,False,False,False,False,False
MIX575,skin,high,NONE,GHS Classification: Not classified. Potential Health Hazards: Skin: Not expected to be an irritant.,복구분 아님 · 출처 상충 없음 · CT 와 모순 없음,NC,0.0,ntp_measured,,False,False,True,False,False
MIX577,skin,medium,RECOVERED_negative,Skin corrosion/irritation No skin irritation (Rabbit),y=sds_v1 status='negative' 복구분(카테고리 미기재 → NC 보충),NC,0.0,sds_v1_negative_recovered,,True,False,True,False,False
MIX578,skin,medium,SOURCE_CONFLICT,,출처 간 서열 상충(y_conflict=True),2B,1.0,ntp_measured,,False,True,False,False,False
MIX58,skin,high,NONE,,복구분 아님 · 출처 상충 없음 · CT 와 모순 없음,NC,0.0,ntp_measured,NC,False,False,False,False,False
MIX581,skin,medium,RECOVERED_negative,"Based on animal data, this product is not a skin or eye irritant, and is not a skin sensitizer in animals.",y=sds_v1 status='negative' 복구분(카테고리 미기재 → NC 보충),NC,0.0,sds_v1_negative_recovered,NC,True,False,True,False,False
MIX582,skin,high,NONE,Skin irritation /  rabbit  /  Result: No skin irritation /  Method: OECD Test Guideline 404 /  Information source: Internal study report (Data on the product itself),복구분 아님 · 출처 상충 없음 · CT 와 모순 없음,1,1.0,sds_v1,NC,False,False,True,False,False
MIX583,skin,high,NONE,Skin corrosion/irritation - Not classified - The evaluation was carried out according to the calculation method.,복구분 아님 · 출처 상충 없음 · CT 와 모순 없음,2,1.0,sds_v1,,False,False,True,False,False
MIX584,skin,high,NONE,Skin Corrosion/Irritation Category 1 B,복구분 아님 · 출처 상충 없음 · CT 와 모순 없음,1B,1.0,sds_v1,,False,False,False,False,False
MIX586,skin,high,NONE,Skin corrosion/irritation / Shall not be classified as corrosive/irritant to skin.,복구분 아님 · 출처 상충 없음 · CT 와 모순 없음,NC,0.0,ntp_measured,NC,False,False,True,False,False
MIX587,skin,medium,RECOVERED_negative,Skin corrosion/irritation  / Skin - rabbit  / Result: No skin irritation,y=sds_v1 status='negative' 복구분(카테고리 미기재 → NC 보충),NC,0.0,sds_v1_negative_recovered,,True,False,True,False,False
MIX588,skin,high,NONE,"Skin irritation (Category 2), H315",복구분 아님 · 출처 상충 없음 · CT 와 모순 없음,2,1.0,sds_v1,,False,False,False,False,False
MIX589,skin,medium,RECOVERED_negative,Skin  / Species: rabbit  / Result: non-irritant,y=sds_v1 status='negative' 복구분(카테고리 미기재 → NC 보충),NC,0.0,sds_v1_negative_recovered,,True,False,True,False,False
MIX59,skin,high,NONE,,복구분 아님 · 출처 상충 없음 · CT 와 모순 없음,2A,1.0,ntp_measured,NC,False,False,False,False,False
MIX593,skin,high,NONE,Skin Irritation Product is highly toxic and is rapidly absorbed through the eyes and skins.,복구분 아님 · 출처 상충 없음 · CT 와 모순 없음,NC,0.0,ntp_measured,,False,False,False,False,False
MIX594,skin,medium,RECOVERED_negative,Skin corrosion/irritation Animal data Not irritating. (Rabbit),y=sds_v1 status='negative' 복구분(카테고리 미기재 → NC 보충),NC,0.0,sds_v1_negative_recovered,,True,False,True,False,False
MIX595,skin,medium,RECOVERED_negative,Skin / Species: rabbit / Result: non-irritant / Method: OECD Guideline 404,y=sds_v1 status='negative' 복구분(카테고리 미기재 → NC 보충),NC,0.0,sds_v1_negative_recovered,NC,True,False,True,False,False
MIX596,skin,medium,SOURCE_CONFLICT,Skin irrt. 2 / H315 / ... / H315 Causes skin irritation,출처 간 서열 상충(y_conflict=True),NC,0.0,ntp_measured,NC,False,True,False,False,False
MIX597,skin,high,NONE,,복구분 아님 · 출처 상충 없음 · CT 와 모순 없음,NC,0.0,ntp_measured,NC,False,False,False,False,False
MIX6,skin,high,NONE,,복구분 아님 · 출처 상충 없음 · CT 와 모순 없음,1,1.0,ntp_measured,NC,False,False,False,False,False
MIX60,skin,high,NONE,,복구분 아님 · 출처 상충 없음 · CT 와 모순 없음,1,1.0,ntp_measured,1,False,False,False,False,False
MIX600,skin,medium,CT_CONTRADICTION,,CT baseline(GHS 가산법)은 양성인데 최종 라벨은 음성 — 상충,NC,0.0,ntp_measured,2,False,False,False,False,False
MIX601,skin,high,NONE,,복구분 아님 · 출처 상충 없음 · CT 와 모순 없음,NC,0.0,ntp_measured,,False,False,False,False,False
MIX603,skin,medium,RECOVERED_negative,Skin Irritation : Non-irritating to skin,y=sds_v1 status='negative' 복구분(카테고리 미기재 → NC 보충),NC,0.0,sds_v1_negative_recovered,NC,True,False,True,True,False
MIX605,skin,high,NONE,Skin corrosion/irritation  / No data available,복구분 아님 · 출처 상충 없음 · CT 와 모순 없음,2,1.0,sds_2nd_sec11,NC,False,False,False,True,True
MIX606,skin,high,NONE,SKIN IRRITATION 3 Mild Skin Irritation Possible,복구분 아님 · 출처 상충 없음 · CT 와 모순 없음,3,1.0,sds_v1,NC,False,False,False,False,False
MIX607,skin,medium,RECOVERED_negative,Skin Irritation : Non-irritating to skin,y=sds_v1 status='negative' 복구분(카테고리 미기재 → NC 보충),NC,0.0,sds_v1_negative_recovered,NC,True,False,True,True,False
MIX608,skin,medium,RECOVERED_negative,Skin corrosion/irritation Slight irritant effect - does not require labelling. (Rabbit),y=sds_v1 status='negative' 복구분(카테고리 미기재 → NC 보충),NC,0.0,sds_v1_negative_recovered,,True,False,False,False,False
MIX609,skin,high,NONE,,복구분 아님 · 출처 상충 없음 · CT 와 모순 없음,NC,0.0,ntp_measured,,False,False,False,False,False
MIX61,skin,high,NONE,,복구분 아님 · 출처 상충 없음 · CT 와 모순 없음,NC,0.0,ntp_measured,,False,False,False,False,False
MIX610,skin,high,NONE,Skin corrosion/irritation  Prolonged skin contact may cause temporary irritation.,복구분 아님 · 출처 상충 없음 · CT 와 모순 없음,NC,0.0,phase1_sds,,False,False,False,True,False
MIX611,skin,medium,SOURCE_CONFLICT,"Skin Irrit. 2, H315",출처 간 서열 상충(y_conflict=True),2B,1.0,ntp_measured,NC,False,True,False,False,False
MIX612,skin,medium,RECOVERED_negative,Skin irritation: Non-irritant,y=sds_v1 status='negative' 복구분(카테고리 미기재 → NC 보충),NC,0.0,sds_v1_negative_recovered,NC,True,False,True,False,False
MIX614,skin,high,NONE,,복구분 아님 · 출처 상충 없음 · CT 와 모순 없음,NC,0.0,ntp_measured,NC,False,False,False,False,False
MIX617,skin,medium,RECOVERED_negative,· Primary irritant effect: / · on the skin: No irritant effect.,y=sds_v1 status='negative' 복구분(카테고리 미기재 → NC 보충),NC,0.0,sds_v1_negative_recovered,,True,False,True,False,False
MIX618,skin,medium,RECOVERED_negative,· on the skin: No irritant effect.,y=sds_v1 status='negative' 복구분(카테고리 미기재 → NC 보충),NC,0.0,sds_v1_negative_recovered,,True,False,True,False,False
MIX621,skin,medium,RECOVERED_negative,· on the skin: No irritant effect.,y=sds_v1 status='negative' 복구분(카테고리 미기재 → NC 보충),NC,0.0,sds_v1_negative_recovered,,True,False,True,False,False
MIX623,skin,high,NONE,Classification - (per U.S. OSHA 29 CFR 1910.1200 (Hazcom 2012)) / Not a dangerous substance or mixture according to the Globally Harmonized System (GHS).,복구분 아님 · 출처 상충 없음 · CT 와 모순 없음,NC,0.0,ntp_measured,NC,False,False,False,False,False
MIX624,skin,high,NONE,,복구분 아님 · 출처 상충 없음 · CT 와 모순 없음,NC,0.0,ntp_measured,,False,False,False,False,False
MIX625,skin,high,NONE,,복구분 아님 · 출처 상충 없음 · CT 와 모순 없음,NC,0.0,ntp_measured,,False,False,False,False,False
MIX629,skin,medium,RECOVERED_negative,Skin Irritation (Category IV) No required hazard label | Not classified,y=sds_v1 status='negative' 복구분(카테고리 미기재 → NC 보충),NC,0.0,sds_v1_negative_recovered,NC,True,False,True,False,False
MIX630,skin,medium,RECOVERED_negative,Skin corrosion/irritation / Classification criteria are not met based on available data,y=sds_v1 status='negative' 복구분(카테고리 미기재 → NC 보충),NC,0.0,sds_v1_negative_recovered,,True,False,True,False,False
MIX631,skin,medium,SOURCE_CONFLICT,"Skin irritation (Category 2), H315",출처 간 서열 상충(y_conflict=True),NC,0.0,ntp_measured,NC,False,True,False,False,False
MIX632,skin,medium,RECOVERED_negative,Skin corrosion/irritation No skin irritation (Rabbit),y=sds_v1 status='negative' 복구분(카테고리 미기재 → NC 보충),NC,0.0,sds_v1_negative_recovered,NC,True,False,True,False,False
MIX633,skin,high,NONE,"Skin irritation (Category 2), H315",복구분 아님 · 출처 상충 없음 · CT 와 모순 없음,2,1.0,sds_v1,,False,False,False,False,False
MIX634,skin,high,NONE,"Skin irritation (Category 2), H315",복구분 아님 · 출처 상충 없음 · CT 와 모순 없음,2,1.0,sds_v1,,False,False,False,False,False
MIX637,skin,high,NONE,,복구분 아님 · 출처 상충 없음 · CT 와 모순 없음,NC,0.0,sds_2nd,NC,False,False,False,False,False
MIX64,skin,high,NONE,Skin corrosion/irritation Skin - rabbit Result: No skin irritation,복구분 아님 · 출처 상충 없음 · CT 와 모순 없음,NC,0.0,ntp_measured,,False,False,True,False,False
MIX640,skin,high,NONE,Skin contact No data available.,복구분 아님 · 출처 상충 없음 · CT 와 모순 없음,NC,0.0,sds_2nd_sec11,NC,False,False,False,True,True
MIX641,skin,medium,RECOVERED_negative,"Lannate SP is not a skin irritant or a skin sensitizer, but is a slight eye irritant in animals.",y=sds_v1 status='negative' 복구분(카테고리 미기재 → NC 보충),NC,0.0,sds_v1_negative_recovered,,True,False,False,False,False
MIX645,skin,medium,RECOVERED_negative,Skin irritation: Non-irritating,y=sds_v1 status='negative' 복구분(카테고리 미기재 → NC 보충),NC,0.0,sds_v1_negative_recovered,NC,True,False,True,False,False
MIX647,skin,high,NONE,,복구분 아님 · 출처 상충 없음 · CT 와 모순 없음,1,1.0,ntp_measured,,False,False,False,False,False
MIX648,skin,medium,RECOVERED_negative,Skin Contact: Practically Non-Irritating (Rabbit) (based on a substantially similar formulation),y=sds_v1 status='negative' 복구분(카테고리 미기재 → NC 보충),NC,0.0,sds_v1_negative_recovered,,True,False,True,False,False
MIX649,skin,medium,RECOVERED_negative,Skin Contact: Practically Non-Irritating (Rabbit),y=sds_v1 status='negative' 복구분(카테고리 미기재 → NC 보충),NC,0.0,sds_v1_negative_recovered,NC,True,False,True,False,False
MIX65,skin,high,NONE,,복구분 아님 · 출처 상충 없음 · CT 와 모순 없음,NC,0.0,ntp_measured,,False,False,False,False,False
MIX650,skin,high,NONE,,복구분 아님 · 출처 상충 없음 · CT 와 모순 없음,1,1.0,ntp_measured,NC,False,False,False,False,False
MIX651,skin,high,NONE,,복구분 아님 · 출처 상충 없음 · CT 와 모순 없음,NC,0.0,ntp_measured,NC,False,False,False,False,False
MIX653,skin,medium,RECOVERED_negative,Skin corrosion/irritation Slight irritant effect - does not require labelling. (Rabbit) Test conducted with a similar formulation.,y=sds_v1 status='negative' 복구분(카테고리 미기재 → NC 보충),NC,0.0,sds_v1_negative_recovered,NC,True,False,False,False,False
MIX654,skin,high,NONE,,복구분 아님 · 출처 상충 없음 · CT 와 모순 없음,1,1.0,ntp_measured,,False,False,False,False,False
MIX655,skin,medium,RECOVERED_negative,Skin corrosion/irritation No skin irritation (Rabbit),y=sds_v1 status='negative' 복구분(카테고리 미기재 → NC 보충),NC,0.0,sds_v1_negative_recovered,,True,False,True,False,False
MIX657,skin,high,NONE,Skin Corrosion/Irritation:  Category 2,복구분 아님 · 출처 상충 없음 · CT 와 모순 없음,2,1.0,sds_v1,NC,False,False,False,False,False
MIX658,skin,high,NONE,Skin Corr./Irrit. 2 Skin corrosion/irritation ... H315 Causes skin irritation.,복구분 아님 · 출처 상충 없음 · CT 와 모순 없음,2,1.0,sds_v1,,False,False,False,False,False
MIX659,skin,medium,RECOVERED_negative,Skin Contact: Practically Non-Irritating (Rabbit) (based on a substantially similar formulation),y=sds_v1 status='negative' 복구분(카테고리 미기재 → NC 보충),NC,0.0,sds_v1_negative_recovered,NC,True,False,True,False,False
MIX66,skin,high,NONE,,복구분 아님 · 출처 상충 없음 · CT 와 모순 없음,NC,0.0,ntp_measured,,False,False,False,False,False
MIX660,skin,high,NONE,SKIN CORROSION / IRRITATION: Causes skin irritation.,복구분 아님 · 출처 상충 없음 · CT 와 모순 없음,1,1.0,sds_v1,,False,False,False,False,False
MIX661,skin,medium,RECOVERED_negative,This product is not hazardous under the criteria of the Hazardous Products Regulation (HPR) as implemented under the Workplace Hazardous Materials Information System (WHMIS 2015).,y=sds_v1 status='negative' 복구분(카테고리 미기재 → NC 보충) | CT baseline(GHS 가산법)은 양성인데 최종 라벨은 음성 — 상충,NC,0.0,sds_v1_negative_recovered,2,True,False,True,False,False
MIX662,skin,medium,RECOVERED_negative,"Skin contact Based on available data, the classification criteria are not met.",y=sds_v1 status='negative' 복구분(카테고리 미기재 → NC 보충) | CT baseline(GHS 가산법)은 양성인데 최종 라벨은 음성 — 상충,NC,0.0,sds_v1_negative_recovered,2,True,False,True,False,False
MIX663,skin,high,NONE,Skin Irrit. 2 H315 Causes skin irritation.,복구분 아님 · 출처 상충 없음 · CT 와 모순 없음,1,1.0,sds_v1,1,False,False,False,False,False
MIX664,skin,high,NONE,,복구분 아님 · 출처 상충 없음 · CT 와 모순 없음,1,1.0,sds_v1,,False,False,False,False,False
MIX665,skin,high,NONE,,복구분 아님 · 출처 상충 없음 · CT 와 모순 없음,2,1.0,sds_2nd,,False,False,False,False,False
MIX668,skin,medium,RECOVERED_negative,"Skin Corrosion / Irritation: Based on classification principles, the classification criteria are not met.",y=sds_v1 status='negative' 복구분(카테고리 미기재 → NC 보충),NC,0.0,sds_v1_negative_recovered,NC,True,False,True,False,False
MIX67,skin,high,NONE,Skin corrosion/irritation : Not classified pH: 7 - 8,복구분 아님 · 출처 상충 없음 · CT 와 모순 없음,NC,0.0,ntp_measured,,False,False,True,False,False
MIX670,skin,low,FLIP_pos_to_neg,"Skin corrosion/irritation Based on available data, the classification criteria are not met.",y=sds_v1 status='negative' 복구분(카테고리 미기재 → NC 보충) | FLIP: 복구된 NC 가 하위 출처의 양성 주장을 이겨 v4 대비 양성→음성 전환,NC,0.0,sds_v1_negative_recovered,NC,True,True,True,False,False
MIX672,skin,medium,RECOVERED_negative,Skin corrosion/irritation Skin - Rabbit Result: No skin irritation,y=sds_v1 status='negative' 복구분(카테고리 미기재 → NC 보충),NC,0.0,sds_v1_negative_recovered,,True,False,True,False,False
MIX679,skin,medium,RECOVERED_negative,Skin corrosion/irritation Skin - Rabbit Result: No skin irritation,y=sds_v1 status='negative' 복구분(카테고리 미기재 → NC 보충),NC,0.0,sds_v1_negative_recovered,NC,True,False,True,False,False
MIX68,skin,high,NONE,,복구분 아님 · 출처 상충 없음 · CT 와 모순 없음,NC,0.0,ntp_measured,NC,False,False,False,False,False
MIX681,skin,high,NONE,(b) skin corrosion/irritation; No data available,복구분 아님 · 출처 상충 없음 · CT 와 모순 없음,NC,0.0,sds_2nd_sec11,,False,False,False,True,True
MIX682,skin,high,NONE,,복구분 아님 · 출처 상충 없음 · CT 와 모순 없음,2,1.0,sds_v1,,False,False,False,False,False
MIX683,skin,high,NONE,Skin Corrosion/Irritation:  Category 2,복구분 아님 · 출처 상충 없음 · CT 와 모순 없음,2,1.0,sds_v1,,False,False,False,False,False
MIX688,skin,medium,RECOVERED_negative,Skin corrosion/irritation Slight irritant effect - does not require labelling. (Rabbit) Test conducted with a similar formulation.,y=sds_v1 status='negative' 복구분(카테고리 미기재 → NC 보충),NC,0.0,sds_v1_negative_recovered,NC,True,False,False,False,False
MIX69,skin,high,NONE,Skin corrosion/irritation  / Skin - Rabbit  / Result: No skin irritation,복구분 아님 · 출처 상충 없음 · CT 와 모순 없음,NC,0.0,ntp_measured,NC,False,False,True,False,False
MIX690,skin,high,NONE,,복구분 아님 · 출처 상충 없음 · CT 와 모순 없음,NC,0.0,sds_2nd_sec11,NC,False,False,False,False,False
MIX691,skin,medium,RECOVERED_negative,Skin irritation (rabbit): Little or no irritant effect,y=sds_v1 status='negative' 복구분(카테고리 미기재 → NC 보충),NC,0.0,sds_v1_negative_recovered,,True,False,True,False,False
MIX696,skin,high,NONE,SKIN: Prolonged contact may cause slight skin irritation with local redness.,복구분 아님 · 출처 상충 없음 · CT 와 모순 없음,NC,0.0,sds_2nd_sec11,,False,False,False,True,False
MIX697,skin,high,NONE,,복구분 아님 · 출처 상충 없음 · CT 와 모순 없음,1,1.0,sds_2nd,,False,False,False,False,False
MIX7,skin,medium,RECOVERED_negative,Skin corrosion/irritation rabbit: non-irritant,y=sds_v1 status='negative' 복구분(카테고리 미기재 → NC 보충),NC,0.0,sds_v1_negative_recovered,NC,True,False,True,False,False
MIX70,skin,high,NONE,Assessment of irritating effects: / May cause severe damage to the eyes. Not irritating to the skin.,복구분 아님 · 출처 상충 없음 · CT 와 모순 없음,NC,0.0,ntp_measured,,False,False,True,True,False
MIX701,skin,low,FLIP_pos_to_neg,Skin The mixture is not considered to be a skin irritant. Sum of mild skin irritants <10%,y=sds_v1 status='negative' 복구분(카테고리 미기재 → NC 보충) | FLIP: 복구된 NC 가 하위 출처의 양성 주장을 이겨 v4 대비 양성→음성 전환,NC,0.0,sds_v1_negative_recovered,,True,True,False,False,False
MIX704,skin,medium,RECOVERED_negative,Classification - (per U.S. OSHA 29 CFR 1910.1200 (Hazcom 2012)) / Not a hazardous substance or mixture according to the Globally Harmonized System (GHS).,y=sds_v1 status='negative' 복구분(카테고리 미기재 → NC 보충),NC,0.0,sds_v1_negative_recovered,,True,False,True,False,False
MIX708,skin,medium,RECOVERED_negative,Health hazards Not classified. Hazard statement The mixture does not meet the criteria for classification. / Skin corrosion/irritation: Prolonged skin contact may cause temporary irritation.,y=sds_v1 status='negative' 복구분(카테고리 미기재 → NC 보충),NC,0.0,sds_v1_negative_recovered,NC,True,False,True,True,False
MIX709,skin,medium,RECOVERED_negative,Health hazards Not classified. Hazard statement The mixture does not meet the criteria for classification. / Skin corrosion/irritation: Prolonged skin contact may cause temporary irritation.,y=sds_v1 status='negative' 복구분(카테고리 미기재 → NC 보충),NC,0.0,sds_v1_negative_recovered,NC,True,False,True,True,False
MIX71,skin,high,NONE,,복구분 아님 · 출처 상충 없음 · CT 와 모순 없음,NC,0.0,ntp_measured,NC,False,False,False,False,False
MIX710,skin,medium,RECOVERED_negative,Skin Contact: Practically Non-Irritating (Rabbit),y=sds_v1 status='negative' 복구분(카테고리 미기재 → NC 보충),NC,0.0,sds_v1_negative_recovered,,True,False,True,False,False
MIX711,skin,high,NONE,,복구분 아님 · 출처 상충 없음 · CT 와 모순 없음,NC,0.0,phase1_sds,NC,False,False,False,False,False
MIX712,skin,medium,RECOVERED_negative,"Skin irritation : No skin irritation, Rabbit / Minimal effects that do not meet the threshold for classification.",y=sds_v1 status='negative' 복구분(카테고리 미기재 → NC 보충) | CT baseline(GHS 가산법)은 양성인데 최종 라벨은 음성 — 상충,NC,0.0,sds_v1_negative_recovered,2,True,False,True,False,False
MIX713,skin,high,NONE,H315: Causes skin irritation.,복구분 아님 · 출처 상충 없음 · CT 와 모순 없음,2,1.0,sds_v1,2,False,False,False,False,False
MIX714,skin,high,NONE,Skin irritation (rabbit): May cause irritation,복구분 아님 · 출처 상충 없음 · CT 와 모순 없음,NC,0.0,ntp_measured,,False,False,False,True,False
MIX715,skin,medium,RECOVERED_negative,Skin corrosion/irritation Skin - Rabbit Result: No skin irritation,y=sds_v1 status='negative' 복구분(카테고리 미기재 → NC 보충),NC,0.0,sds_v1_negative_recovered,NC,True,False,True,False,False
MIX716,skin,high,NONE,Acute Oral Toxicity Category 4; Acute Inhalation Toxicity Category 4; Skin Corrosion/Irritation Category 2; Eye Damage/Irritation Category 2B,복구분 아님 · 출처 상충 없음 · CT 와 모순 없음,2,1.0,sds_v1,,False,False,False,False,False
MIX717,skin,medium,RECOVERED_negative,Skin irritation: Rabbit: slight irritation,y=sds_v1 status='negative' 복구분(카테고리 미기재 → NC 보충) | CT baseline(GHS 가산법)은 양성인데 최종 라벨은 음성 — 상충,NC,0.0,sds_v1_negative_recovered,2,True,False,False,False,False
MIX718,skin,high,NONE,"Acute Skin Contact: Based on an evaluation of the ingredients and/or similar products, this product may cause brief and/or minor skin irritation.",복구분 아님 · 출처 상충 없음 · CT 와 모순 없음,NC,0.0,sds_2nd_sec11,,False,False,False,True,False
MIX719,skin,high,NONE,SKIN IRRITATION - Category 2 ... Hazard statements : ... Causes skin irritation.,복구분 아님 · 출처 상충 없음 · CT 와 모순 없음,2,1.0,sds_v1,NC,False,False,False,False,False
MIX72,skin,high,NONE,,복구분 아님 · 출처 상충 없음 · CT 와 모순 없음,NC,0.0,ntp_measured,,False,False,False,False,False
MIX73,skin,medium,CT_CONTRADICTION,,CT baseline(GHS 가산법)은 양성인데 최종 라벨은 음성 — 상충 | 출처 간 서열 상충(y_conflict=True),NC,0.0,ntp_measured,2,False,True,False,False,False
MIX74,skin,high,NONE,,복구분 아님 · 출처 상충 없음 · CT 와 모순 없음,NC,0.0,ntp_measured,,False,False,False,False,False
MIX743,skin,high,NONE,,복구분 아님 · 출처 상충 없음 · CT 와 모순 없음,NC,0.0,sds_2nd_sec11,,False,False,False,False,False
MIX746,skin,high,NONE,,복구분 아님 · 출처 상충 없음 · CT 와 모순 없음,NC,0.0,ntp_measured,,False,False,False,False,False
MIX747,skin,high,NONE,,복구분 아님 · 출처 상충 없음 · CT 와 모순 없음,NC,0.0,ntp_measured,NC,False,False,False,False,False
MIX749,skin,medium,RECOVERED_negative,"Skin irritation : No skin irritation, Rabbit / Minimal effects that do not meet the threshold for classification.",y=sds_v1 status='negative' 복구분(카테고리 미기재 → NC 보충) | CT baseline(GHS 가산법)은 양성인데 최종 라벨은 음성 — 상충,NC,0.0,sds_v1_negative_recovered,2,True,False,True,False,False
MIX75,skin,high,NONE,,복구분 아님 · 출처 상충 없음 · CT 와 모순 없음,NC,0.0,ntp_measured,,False,False,False,False,False
MIX751,skin,high,NONE,"Based on data from a component, skin contact with Basis Gold may cause skin irritation with discomfort or rash.",복구분 아님 · 출처 상충 없음 · CT 와 모순 없음,NC,0.0,phase1_sds,,False,False,False,True,False
MIX752,skin,high,NONE,Skin irritation Category 2,복구분 아님 · 출처 상충 없음 · CT 와 모순 없음,2,1.0,sds_v1,,False,False,False,False,False
MIX756,skin,high,NONE,,복구분 아님 · 출처 상충 없음 · CT 와 모순 없음,NC,0.0,sds_2nd_sec11,,False,False,False,False,False
MIX758,skin,medium,RECOVERED_negative,Skin corrosion/irritation / Skin - reconstructed human epidermis (RhE) / Result: No skin irritation - 15 min,y=sds_v1 status='negative' 복구분(카테고리 미기재 → NC 보충),NC,0.0,sds_v1_negative_recovered,,True,False,True,False,False
MIX759,skin,medium,RECOVERED_negative,Skin Irritation (Category IV) No required hazard label | Not classified,y=sds_v1 status='negative' 복구분(카테고리 미기재 → NC 보충),NC,0.0,sds_v1_negative_recovered,,True,False,True,False,False
MIX76,skin,high,NONE,,복구분 아님 · 출처 상충 없음 · CT 와 모순 없음,NC,0.0,ntp_measured,,False,False,False,False,False
MIX765,skin,high,NONE,Skin Irritation Category 2 ... Hazard Statements: ... Causes skin irritation,복구분 아님 · 출처 상충 없음 · CT 와 모순 없음,2,1.0,sds_v1,NC,False,False,False,False,False
MIX766,skin,high,NONE,,복구분 아님 · 출처 상충 없음 · CT 와 모순 없음,NC,0.0,ntp_measured,NC,False,False,False,False,False
MIX77,skin,medium,SOURCE_CONFLICT,,출처 간 서열 상충(y_conflict=True),NC,0.0,ntp_measured,,False,True,False,False,False
MIX770,skin,high,NONE,,복구분 아님 · 출처 상충 없음 · CT 와 모순 없음,NC,0.0,ntp_measured,,False,False,False,False,False
MIX771,skin,medium,CT_CONTRADICTION,,CT baseline(GHS 가산법)은 양성인데 최종 라벨은 음성 — 상충,NC,0.0,ntp_measured,2,False,False,False,False,False
MIX775,skin,high,NONE,,복구분 아님 · 출처 상충 없음 · CT 와 모순 없음,1,1.0,sds_2nd,,False,False,False,False,False
MIX776,skin,high,NONE,,복구분 아님 · 출처 상충 없음 · CT 와 모순 없음,1,1.0,sds_2nd,,False,False,False,False,False
MIX777,skin,high,NONE,,복구분 아님 · 출처 상충 없음 · CT 와 모순 없음,1,1.0,sds_2nd,,False,False,False,False,False
MIX778,skin,high,NONE,,복구분 아님 · 출처 상충 없음 · CT 와 모순 없음,1,1.0,sds_2nd,,False,False,False,False,False
MIX779,skin,medium,SOURCE_CONFLICT,Skin corrosion/irritation: Skin Irrit. 2 ... H315 Causes skin irritation.,출처 간 서열 상충(y_conflict=True),2,1.0,sds_v1,,False,True,False,False,False
MIX78,skin,high,NONE,,복구분 아님 · 출처 상충 없음 · CT 와 모순 없음,NC,0.0,ntp_measured,NC,False,False,False,False,False
MIX783,skin,high,NONE,,복구분 아님 · 출처 상충 없음 · CT 와 모순 없음,1,1.0,sds_v1,,False,False,False,False,False
MIX784,skin,high,NONE,,복구분 아님 · 출처 상충 없음 · CT 와 모순 없음,2,1.0,sds_2nd,,False,False,False,False,False
MIX785,skin,high,NONE,,복구분 아님 · 출처 상충 없음 · CT 와 모순 없음,1,1.0,sds_v1,,False,False,False,False,False
MIX787,skin,high,NONE,SKIN IRRITATION - Category 2 ... H315 - Causes skin irritation.,복구분 아님 · 출처 상충 없음 · CT 와 모순 없음,2,1.0,sds_v1,NC,False,False,False,False,False
MIX788,skin,high,NONE,,복구분 아님 · 출처 상충 없음 · CT 와 모순 없음,2,1.0,sds_2nd,,False,False,False,False,False
MIX79,skin,high,NONE,,복구분 아님 · 출처 상충 없음 · CT 와 모순 없음,2B,1.0,ntp_measured,,False,False,False,False,False
MIX790,skin,high,NONE,,복구분 아님 · 출처 상충 없음 · CT 와 모순 없음,1B,1.0,sds_v1,NC,False,False,False,False,False
MIX791,skin,high,NONE,,복구분 아님 · 출처 상충 없음 · CT 와 모순 없음,2,1.0,phase1_sds,,False,False,False,False,False
MIX792,skin,high,NONE,H315 Causes skin irritation.,복구분 아님 · 출처 상충 없음 · CT 와 모순 없음,2,1.0,sds_v1,,False,False,False,False,False
MIX793,skin,high,NONE,,복구분 아님 · 출처 상충 없음 · CT 와 모순 없음,1,1.0,sds_v1,,False,False,False,False,False
MIX794,skin,low,FLIP_pos_to_neg,2.1 Classification of the substance or mixture Not a hazardous substance or mixture.,y=sds_v1 status='negative' 복구분(카테고리 미기재 → NC 보충) | FLIP: 복구된 NC 가 하위 출처의 양성 주장을 이겨 v4 대비 양성→음성 전환,NC,0.0,sds_v1_negative_recovered,,True,True,True,False,False
MIX795,skin,high,NONE,,복구분 아님 · 출처 상충 없음 · CT 와 모순 없음,1,1.0,sds_v1,1,False,False,False,False,False
MIX796,skin,high,NONE,,복구분 아님 · 출처 상충 없음 · CT 와 모순 없음,2,1.0,sds_2nd,,False,False,False,False,False
MIX799,skin,high,NONE,,복구분 아님 · 출처 상충 없음 · CT 와 모순 없음,1,1.0,sds_v1,1,False,False,False,False,False
MIX8,skin,high,NONE,,복구분 아님 · 출처 상충 없음 · CT 와 모순 없음,1,1.0,ntp_measured,1,False,False,False,False,False
MIX80,skin,medium,SOURCE_CONFLICT,,출처 간 서열 상충(y_conflict=True),NC,0.0,ntp_measured,,False,True,False,False,False
MIX800,skin,high,NONE,,복구분 아님 · 출처 상충 없음 · CT 와 모순 없음,1,1.0,sds_v1,NC,False,False,False,False,False
MIX802,skin,high,NONE,,복구분 아님 · 출처 상충 없음 · CT 와 모순 없음,1,1.0,sds_v1,2,False,False,False,False,False
MIX803,skin,high,NONE,"Skin irritation (Category 2), H315",복구분 아님 · 출처 상충 없음 · CT 와 모순 없음,2,1.0,sds_v1,1,False,False,False,False,False
MIX805,skin,high,NONE,,복구분 아님 · 출처 상충 없음 · CT 와 모순 없음,1,1.0,sds_v1,NC,False,False,False,False,False
MIX806,skin,high,NONE,,복구분 아님 · 출처 상충 없음 · CT 와 모순 없음,1,1.0,sds_v1,1,False,False,False,False,False
MIX807,skin,high,NONE,,복구분 아님 · 출처 상충 없음 · CT 와 모순 없음,1,1.0,sds_2nd,,False,False,False,False,False
MIX809,skin,medium,RECOVERED_negative,Skin corrosion/irritation / Shall not be classified as corrosive/irritant to skin.,y=sds_v1 status='negative' 복구분(카테고리 미기재 → NC 보충),NC,0.0,sds_v1_negative_recovered,,True,False,True,False,False
MIX81,skin,high,NONE,,복구분 아님 · 출처 상충 없음 · CT 와 모순 없음,2B,1.0,ntp_measured,,False,False,False,False,False
MIX810,skin,low,FLIP_pos_to_neg,This product is not considered hazardous by the US OSHA Hazard Communication Standard 2024 (29 CFR 1910.1200).,y=sds_v1 status='negative' 복구분(카테고리 미기재 → NC 보충) | FLIP: 복구된 NC 가 하위 출처의 양성 주장을 이겨 v4 대비 양성→음성 전환,NC,0.0,sds_v1_negative_recovered,,True,True,False,False,False
MIX811,skin,low,FLIP_pos_to_neg,This product is not considered hazardous by the US OSHA Hazard Communication Standard 2024 (29 CFR 1910.1200).,y=sds_v1 status='negative' 복구분(카테고리 미기재 → NC 보충) | FLIP: 복구된 NC 가 하위 출처의 양성 주장을 이겨 v4 대비 양성→음성 전환,NC,0.0,sds_v1_negative_recovered,,True,True,False,False,False
MIX816,skin,medium,RECOVERED_negative,Skin Contact: Not expected to be a problem.,y=sds_v1 status='negative' 복구분(카테고리 미기재 → NC 보충),NC,0.0,sds_v1_negative_recovered,,True,False,True,False,False
MIX818,skin,high,NONE,,복구분 아님 · 출처 상충 없음 · CT 와 모순 없음,1,1.0,sds_2nd,,False,False,False,False,False
MIX819,skin,high,NONE,,복구분 아님 · 출처 상충 없음 · CT 와 모순 없음,1,1.0,sds_2nd,,False,False,False,False,False
MIX82,skin,high,NONE,,복구분 아님 · 출처 상충 없음 · CT 와 모순 없음,NC,0.0,ntp_measured,,False,False,False,False,False
MIX820,skin,medium,SOURCE_CONFLICT,"Skin irritation (Category 2), H315",출처 간 서열 상충(y_conflict=True),2,1.0,sds_v1,,False,True,False,False,False
MIX821,skin,high,NONE,,복구분 아님 · 출처 상충 없음 · CT 와 모순 없음,1B,1.0,sds_v1,1,False,False,False,False,False
MIX822,skin,high,NONE,,복구분 아님 · 출처 상충 없음 · CT 와 모순 없음,2,1.0,sds_2nd_sec11,,False,False,False,False,False
MIX823,skin,medium,RECOVERED_negative,"(b) skin corrosion/irritation; Based on available data, the classification criteria are not met",y=sds_v1 status='negative' 복구분(카테고리 미기재 → NC 보충),NC,0.0,sds_v1_negative_recovered,NC,True,False,True,False,False
MIX825,skin,high,NONE,Skin Harmful in contact with skin. Irritating to skin.,복구분 아님 · 출처 상충 없음 · CT 와 모순 없음,2,1.0,sds_2nd,,False,False,False,True,False
MIX826,skin,high,NONE,,복구분 아님 · 출처 상충 없음 · CT 와 모순 없음,2,1.0,sds_2nd,,False,False,False,False,False
MIX827,skin,high,NONE,,복구분 아님 · 출처 상충 없음 · CT 와 모순 없음,2,1.0,sds_2nd,,False,False,False,False,False
MIX828,skin,high,NONE,,복구분 아님 · 출처 상충 없음 · CT 와 모순 없음,1,1.0,sds_2nd,,False,False,False,False,False
MIX83,skin,high,NONE,,복구분 아님 · 출처 상충 없음 · CT 와 모순 없음,NC,0.0,ntp_measured,,False,False,False,False,False
MIX830,skin,medium,SOURCE_CONFLICT,,출처 간 서열 상충(y_conflict=True),NC,0.0,ntp_measured,,False,True,False,False,False
MIX831,skin,high,NONE,,복구분 아님 · 출처 상충 없음 · CT 와 모순 없음,NC,0.0,ntp_measured,NC,False,False,False,False,False
MIX832,skin,medium,SOURCE_CONFLICT,,출처 간 서열 상충(y_conflict=True),2B,1.0,ntp_measured,,False,True,False,False,False
MIX833,skin,high,NONE,,복구분 아님 · 출처 상충 없음 · CT 와 모순 없음,NC,0.0,ntp_measured,,False,False,False,False,False
MIX834,skin,high,NONE,,복구분 아님 · 출처 상충 없음 · CT 와 모순 없음,NC,0.0,ntp_measured,,False,False,False,False,False
MIX835,skin,high,NONE,,복구분 아님 · 출처 상충 없음 · CT 와 모순 없음,NC,0.0,ntp_measured,,False,False,False,False,False
MIX836,skin,high,NONE,,복구분 아님 · 출처 상충 없음 · CT 와 모순 없음,1,1.0,ntp_measured,,False,False,False,False,False
MIX837,skin,high,NONE,,복구분 아님 · 출처 상충 없음 · CT 와 모순 없음,NC,0.0,ntp_measured,NC,False,False,False,False,False
MIX838,skin,high,NONE,,복구분 아님 · 출처 상충 없음 · CT 와 모순 없음,NC,0.0,ntp_measured,NC,False,False,False,False,False
MIX839,skin,medium,SOURCE_CONFLICT,,출처 간 서열 상충(y_conflict=True),1,1.0,ntp_measured,,False,True,False,False,False
MIX84,skin,high,NONE,,복구분 아님 · 출처 상충 없음 · CT 와 모순 없음,NC,0.0,ntp_measured,,False,False,False,False,False
MIX840,skin,high,NONE,,복구분 아님 · 출처 상충 없음 · CT 와 모순 없음,NC,0.0,ntp_measured,NC,False,False,False,False,False
MIX841,skin,high,NONE,"Skin Corrosion / Irritation Category 2 / H315, Causes skin irritation.",복구분 아님 · 출처 상충 없음 · CT 와 모순 없음,2,1.0,sds_v1,,False,False,False,False,False
MIX843,skin,high,NONE,,복구분 아님 · 출처 상충 없음 · CT 와 모순 없음,NC,0.0,sds_2nd_sec11,,False,False,False,False,False
MIX846,skin,medium,RECOVERED_negative,Skin corrosion/irritation / Shall not be classified as corrosive/irritant to skin.,y=sds_v1 status='negative' 복구분(카테고리 미기재 → NC 보충),NC,0.0,sds_v1_negative_recovered,,True,False,True,False,False
MIX847,skin,high,NONE,Skin corrosion/irritation Category 2 - (H315),복구분 아님 · 출처 상충 없음 · CT 와 모순 없음,2,1.0,sds_v1,,False,False,False,False,False
MIX849,skin,high,NONE,3.2 skin corrosion/irritation 2 Skin Irrit. 2 H315,복구분 아님 · 출처 상충 없음 · CT 와 모순 없음,2,1.0,sds_v1,,False,False,False,False,False
MIX85,skin,high,NONE,,복구분 아님 · 출처 상충 없음 · CT 와 모순 없음,NC,0.0,ntp_measured,NC,False,False,False,False,False
MIX850,skin,medium,RECOVERED_negative,Skin irritation No skin irritation (Rabbit),y=sds_v1 status='negative' 복구분(카테고리 미기재 → NC 보충),NC,0.0,sds_v1_negative_recovered,,True,False,True,False,False
MIX851,skin,medium,RECOVERED_negative,Skin corrosion/irritation  / Skin - rabbit  / Result: No skin irritation,y=sds_v1 status='negative' 복구분(카테고리 미기재 → NC 보충),NC,0.0,sds_v1_negative_recovered,,True,False,True,False,False
MIX852,skin,medium,RECOVERED_negative,Skin corrosion/irritation  / Skin - rabbit  / Result: No skin irritation,y=sds_v1 status='negative' 복구분(카테고리 미기재 → NC 보충),NC,0.0,sds_v1_negative_recovered,,True,False,True,False,False
MIX853,skin,medium,RECOVERED_negative,Skin corrosion/irritation / Shall not be classified as corrosive/irritant to skin.,y=sds_v1 status='negative' 복구분(카테고리 미기재 → NC 보충),NC,0.0,sds_v1_negative_recovered,,True,False,True,False,False
MIX854,skin,medium,RECOVERED_negative,Skin corrosion/irritation / Shall not be classified as corrosive/irritant to skin.,y=sds_v1 status='negative' 복구분(카테고리 미기재 → NC 보충),NC,0.0,sds_v1_negative_recovered,,True,False,True,False,False
MIX857,skin,high,NONE,"Skin irritation (Category 2), H315",복구분 아님 · 출처 상충 없음 · CT 와 모순 없음,2,1.0,sds_v1,,False,False,False,False,False
MIX858,skin,high,NONE,Hazard Categories Skin Corrosion/Irritation - Category 2 ... Hazard Statements H315 + H320 Causes skin and eye irritation.,복구분 아님 · 출처 상충 없음 · CT 와 모순 없음,2,1.0,sds_v1,,False,False,False,False,False
MIX859,skin,high,NONE,,복구분 아님 · 출처 상충 없음 · CT 와 모순 없음,NC,0.0,phase1_sds,,False,False,False,False,False
MIX86,skin,medium,SOURCE_CONFLICT,Skin corrosion/irritation : Not classified,출처 간 서열 상충(y_conflict=True),NC,0.0,ntp_measured,NC,False,True,True,False,False
MIX860,skin,high,NONE,• Primary irritant effect: • Skin corrosion/irritation No irritant effect.,복구분 아님 · 출처 상충 없음 · CT 와 모순 없음,2,1.0,sds_v1,NC,False,False,True,False,False
MIX861,skin,high,NONE,,복구분 아님 · 출처 상충 없음 · CT 와 모순 없음,NC,0.0,sds_2nd,,False,False,False,False,False
MIX864,skin,high,NONE,,복구분 아님 · 출처 상충 없음 · CT 와 모순 없음,NC,0.0,sds_2nd,,False,False,False,False,False
MIX865,skin,high,NONE,Skin Corrosion/Irritation - Category 2,복구분 아님 · 출처 상충 없음 · CT 와 모순 없음,2,1.0,sds_v1,2,False,False,False,False,False
MIX867,skin,high,NONE,,복구분 아님 · 출처 상충 없음 · CT 와 모순 없음,2,1.0,sds_2nd,,False,False,False,False,False
MIX868,skin,high,NONE,"HEALTH HAZARDS: ACUTE TOX. 4 - H302, ASP. TOX. 1 - H304, SKIN IRRIT. 2 - H315, SKIN SENS. 1B - H317",복구분 아님 · 출처 상충 없음 · CT 와 모순 없음,2,1.0,sds_v1,2,False,False,False,False,False
MIX870,skin,high,NONE,,복구분 아님 · 출처 상충 없음 · CT 와 모순 없음,NC,0.0,sds_2nd,,False,False,False,False,False
MIX871,skin,high,NONE,,복구분 아님 · 출처 상충 없음 · CT 와 모순 없음,NC,0.0,sds_2nd,,False,False,False,False,False
MIX872,skin,high,NONE,,복구분 아님 · 출처 상충 없음 · CT 와 모순 없음,3,1.0,sds_2nd,,False,False,False,False,False
MIX873,skin,high,NONE,3.2 Skin corrosion/irritation 2 Skin Irrit. 2 H315,복구분 아님 · 출처 상충 없음 · CT 와 모순 없음,2,1.0,sds_v1,,False,False,False,False,False
MIX874,skin,high,NONE,Skin Irrit. 2 H315: Causes skin irritation,복구분 아님 · 출처 상충 없음 · CT 와 모순 없음,2,1.0,sds_v1,,False,False,False,False,False
MIX875,skin,high,NONE,"SCI 2 Skin corrosion/irritation, category 2 ... H315 Causes skin irritation",복구분 아님 · 출처 상충 없음 · CT 와 모순 없음,2,1.0,sds_v1,,False,False,False,False,False
MIX876,skin,high,NONE,,복구분 아님 · 출처 상충 없음 · CT 와 모순 없음,NC,0.0,sds_2nd,,False,False,False,False,False
MIX877,skin,high,NONE,Health hazards Skin corrosion/irritation Category 3,복구분 아님 · 출처 상충 없음 · CT 와 모순 없음,3,1.0,sds_v1,,False,False,False,False,False
MIX879,skin,high,NONE,"Skin irritation (Category 2), H315 Eye irritation (Category 2A), H319 Specific target organ toxicity - single exposure (Category 3), Respiratory system, H335",복구분 아님 · 출처 상충 없음 · CT 와 모순 없음,2,1.0,sds_v1,NC,False,False,False,False,False
MIX88,skin,high,NONE,,복구분 아님 · 출처 상충 없음 · CT 와 모순 없음,NC,0.0,ntp_measured,NC,False,False,False,False,False
MIX880,skin,high,NONE,,복구분 아님 · 출처 상충 없음 · CT 와 모순 없음,NC,0.0,sds_2nd,,False,False,False,False,False
MIX881,skin,high,NONE,Skin corrosion/irritation - Category 2,복구분 아님 · 출처 상충 없음 · CT 와 모순 없음,2,1.0,sds_v1,2,False,False,False,False,False
MIX882,skin,high,NONE,,복구분 아님 · 출처 상충 없음 · CT 와 모순 없음,2,1.0,sds_2nd,,False,False,False,False,False
MIX883,skin,high,NONE,SKINIRRIT.2Skincorrosion/irritation2 H315 : Causes skin irritation.,복구분 아님 · 출처 상충 없음 · CT 와 모순 없음,2,1.0,sds_v1,2,False,False,False,False,False
MIX884,skin,high,NONE,Skin corrosion / irritation  Skin irritation Hazard Category 2 under EC 1272/2008 guidelines,복구분 아님 · 출처 상충 없음 · CT 와 모순 없음,2,1.0,sds_v1,NC,False,False,False,False,False
MIX885,skin,high,NONE,,복구분 아님 · 출처 상충 없음 · CT 와 모순 없음,NC,0.0,phase1_sds,,False,False,False,False,False
MIX887,skin,high,NONE,,복구분 아님 · 출처 상충 없음 · CT 와 모순 없음,2,1.0,sds_2nd,,False,False,False,False,False
MIX888,skin,medium,RECOVERED_negative,This chemical is not considered hazardous by the 2012 OSHA Hazard Communication Standard (29 CFR 1910.1200) ... Not classified ... Hazard statements None,y=sds_v1 status='negative' 복구분(카테고리 미기재 → NC 보충),NC,0.0,sds_v1_negative_recovered,,True,False,True,False,False
MIX889,skin,high,NONE,Skin Irrit. 2 H315: Causes skin irritation,복구분 아님 · 출처 상충 없음 · CT 와 모순 없음,2,1.0,sds_v1,,False,False,False,False,False
MIX89,skin,high,NONE,,복구분 아님 · 출처 상충 없음 · CT 와 모순 없음,NC,0.0,ntp_measured,,False,False,False,False,False
MIX890,skin,high,NONE,,복구분 아님 · 출처 상충 없음 · CT 와 모순 없음,2,1.0,sds_2nd,2,False,False,False,False,False
MIX891,skin,medium,RECOVERED_negative,· Primary irritant effect: · on the skin: No irritant effect.,y=sds_v1 status='negative' 복구분(카테고리 미기재 → NC 보충),NC,0.0,sds_v1_negative_recovered,,True,False,True,False,False
MIX893,skin,high,NONE,- HEALTH HAZARDS: Skin Irrit. 2 - H315 Eye Irrit. 2 - H319 Skin Sens. 1 - H317,복구분 아님 · 출처 상충 없음 · CT 와 모순 없음,2,1.0,sds_v1,,False,False,False,False,False
MIX894,skin,high,NONE,,복구분 아님 · 출처 상충 없음 · CT 와 모순 없음,NC,0.0,sds_2nd,,False,False,False,False,False
MIX896,skin,medium,SOURCE_CONFLICT,"Skin corrosion/irritation, Category 2",출처 간 서열 상충(y_conflict=True),2,1.0,sds_v1,,False,True,False,False,False
MIX897,skin,high,NONE,,복구분 아님 · 출처 상충 없음 · CT 와 모순 없음,2,1.0,sds_2nd,,False,False,False,False,False
MIX899,skin,high,NONE,,복구분 아님 · 출처 상충 없음 · CT 와 모순 없음,NC,0.0,phase1_sds,,False,False,False,False,False
MIX9,skin,high,NONE,,복구분 아님 · 출처 상충 없음 · CT 와 모순 없음,2B,1.0,ntp_measured,NC,False,False,False,False,False
MIX90,skin,high,NONE,,복구분 아님 · 출처 상충 없음 · CT 와 모순 없음,NC,0.0,ntp_measured,NC,False,False,False,False,False
MIX900,skin,medium,SOURCE_CONFLICT,Skin Irrit. 2 - H315 Causes skin irritation.,출처 간 서열 상충(y_conflict=True),1,1.0,sds_v1,NC,False,True,False,False,False
MIX901,skin,high,NONE,,복구분 아님 · 출처 상충 없음 · CT 와 모순 없음,NC,0.0,phase1_sds,,False,False,False,False,False
MIX902,skin,high,NONE,Skin irritation (Category 2),복구분 아님 · 출처 상충 없음 · CT 와 모순 없음,2,1.0,sds_v1,,False,False,False,False,False
MIX903,skin,high,NONE,"Slightly hazardous in case of skin contact (irritant), of eye contact (irritant), of inhalation.",복구분 아님 · 출처 상충 없음 · CT 와 모순 없음,NC,0.0,phase1_sds,,False,False,False,False,False
MIX905,skin,medium,RECOVERED_negative,Skin corrosion/irritation / Shall not be classified as corrosive/irritant to skin.,y=sds_v1 status='negative' 복구분(카테고리 미기재 → NC 보충),NC,0.0,sds_v1_negative_recovered,,True,False,True,False,False
MIX906,skin,high,NONE,Skin Corrosion/Irritation - Category 2 ... H315 Causes skin irritation.,복구분 아님 · 출처 상충 없음 · CT 와 모순 없음,2,1.0,sds_v1,,False,False,False,False,False
MIX907,skin,high,NONE,"Classification (EC 1272/2008) UN-GHS: FL 3, AH 1, SCI 3, SS 1",복구분 아님 · 출처 상충 없음 · CT 와 모순 없음,3,1.0,sds_v1,,False,False,False,False,False
MIX908,skin,high,NONE,,복구분 아님 · 출처 상충 없음 · CT 와 모순 없음,2,1.0,sds_2nd,,False,False,False,False,False
MIX909,skin,high,NONE,,복구분 아님 · 출처 상충 없음 · CT 와 모순 없음,2,1.0,sds_2nd_sec11,,False,False,False,False,False
MIX91,skin,high,NONE,,복구분 아님 · 출처 상충 없음 · CT 와 모순 없음,2B,1.0,ntp_measured,NC,False,False,False,False,False
MIX910,skin,high,NONE,"H315, Causes skin irritation.",복구분 아님 · 출처 상충 없음 · CT 와 모순 없음,2,1.0,sds_v1,NC,False,False,False,False,False
MIX911,skin,high,NONE,,복구분 아님 · 출처 상충 없음 · CT 와 모순 없음,2,1.0,sds_2nd,,False,False,False,False,False
MIX913,skin,high,NONE,3.2 Skin corrosion/irritation 2 Skin Irrit. 2 H315,복구분 아님 · 출처 상충 없음 · CT 와 모순 없음,2,1.0,sds_v1,,False,False,False,False,False
MIX914,skin,low,FLIP_pos_to_neg,Skin corrosion/irritation: Based on available data the classification criteria are not met.,y=sds_v1 status='negative' 복구분(카테고리 미기재 → NC 보충) | FLIP: 복구된 NC 가 하위 출처의 양성 주장을 이겨 v4 대비 양성→음성 전환,NC,0.0,sds_v1_negative_recovered,NC,True,True,True,False,False
MIX917,skin,high,NONE,,복구분 아님 · 출처 상충 없음 · CT 와 모순 없음,2,1.0,sds_2nd_sec11,,False,False,False,False,False
MIX918,skin,high,NONE,Skin Irrit. 2 H315 Causes skin irritation.,복구분 아님 · 출처 상충 없음 · CT 와 모순 없음,2,1.0,sds_v1,NC,False,False,False,False,False
MIX919,skin,high,NONE,"Skin Corrosion / Irritation Category 2 ... H315, Causes skin irritation.",복구분 아님 · 출처 상충 없음 · CT 와 모순 없음,2,1.0,sds_v1,,False,False,False,False,False
MIX92,skin,high,NONE,,복구분 아님 · 출처 상충 없음 · CT 와 모순 없음,NC,0.0,ntp_measured,NC,False,False,False,False,False
MIX921,skin,high,NONE,,복구분 아님 · 출처 상충 없음 · CT 와 모순 없음,2,1.0,phase1_sds,,False,False,False,False,False
MIX922,skin,medium,SOURCE_CONFLICT,Skin Corrosion/Irritation Category 2,출처 간 서열 상충(y_conflict=True),2,1.0,sds_v1,,False,True,False,False,False
MIX923,skin,high,NONE,,복구분 아님 · 출처 상충 없음 · CT 와 모순 없음,NC,0.0,sds_2nd,,False,False,False,False,False
MIX924,skin,medium,SOURCE_CONFLICT,,출처 간 서열 상충(y_conflict=True),NC,0.0,sds_2nd,,False,True,False,False,False
MIX925,skin,high,NONE,,복구분 아님 · 출처 상충 없음 · CT 와 모순 없음,NC,0.0,sds_2nd,,False,False,False,False,False
MIX926,skin,high,NONE,,복구분 아님 · 출처 상충 없음 · CT 와 모순 없음,2,1.0,sds_2nd,,False,False,False,False,False
MIX928,skin,high,NONE,Skin corrosion/irritation Hazard - Category 2,복구분 아님 · 출처 상충 없음 · CT 와 모순 없음,2,1.0,sds_v1,,False,False,False,False,False
MIX929,skin,high,NONE,,복구분 아님 · 출처 상충 없음 · CT 와 모순 없음,3,1.0,sds_2nd,,False,False,False,False,False
MIX93,skin,high,NONE,,복구분 아님 · 출처 상충 없음 · CT 와 모순 없음,NC,0.0,ntp_measured,NC,False,False,False,False,False
MIX930,skin,medium,SOURCE_CONFLICT,Skin Irrit. 2 - H315 Causes skin irritation.,출처 간 서열 상충(y_conflict=True),2,1.0,sds_v1,,False,True,False,False,False
MIX931,skin,high,NONE,,복구분 아님 · 출처 상충 없음 · CT 와 모순 없음,NC,0.0,sds_2nd,,False,False,False,False,False
MIX932,skin,high,NONE,,복구분 아님 · 출처 상충 없음 · CT 와 모순 없음,2,1.0,sds_2nd,,False,False,False,False,False
MIX933,skin,medium,RECOVERED_negative,"Skin corrosion/irritation : Not classified (Based on available data, the classification criteria are not met)",y=sds_v1 status='negative' 복구분(카테고리 미기재 → NC 보충),NC,0.0,sds_v1_negative_recovered,,True,False,True,False,False
MIX934,skin,medium,RECOVERED_negative,Classification / Not a hazardous substance or mixture according to the Globally Harmonized System (GHS),y=sds_v1 status='negative' 복구분(카테고리 미기재 → NC 보충),NC,0.0,sds_v1_negative_recovered,,True,False,True,False,False
MIX935,skin,high,NONE,"EYE & SKIN CONTACT: Primary irritation to skin, defatting, dermatitis.",복구분 아님 · 출처 상충 없음 · CT 와 모순 없음,NC,0.0,sds_2nd,,False,False,False,False,False
MIX936,skin,high,NONE,,복구분 아님 · 출처 상충 없음 · CT 와 모순 없음,NC,0.0,sds_2nd_sec11,,False,False,False,False,False
MIX938,skin,medium,RECOVERED_negative,- Skin corrosion/irritation / No irritant effect.,y=sds_v1 status='negative' 복구분(카테고리 미기재 → NC 보충),NC,0.0,sds_v1_negative_recovered,,True,False,True,False,False
MIX939,skin,high,NONE,,복구분 아님 · 출처 상충 없음 · CT 와 모순 없음,2,1.0,sds_2nd,,False,False,False,False,False
MIX94,skin,high,NONE,,복구분 아님 · 출처 상충 없음 · CT 와 모순 없음,NC,0.0,ntp_measured,NC,False,False,False,False,False
MIX940,skin,high,NONE,GHS07 / Skin Irrit. 2 - H315 Causes skin irritation.,복구분 아님 · 출처 상충 없음 · CT 와 모순 없음,2,1.0,sds_v1,,False,False,False,False,False
MIX941,skin,high,NONE,,복구분 아님 · 출처 상충 없음 · CT 와 모순 없음,NC,0.0,phase1_sds,,False,False,False,False,False
MIX942,skin,high,NONE,Skin Irrit. 2 - H315 Causes skin irritation.,복구분 아님 · 출처 상충 없음 · CT 와 모순 없음,2,1.0,sds_v1,,False,False,False,False,False
MIX943,skin,medium,RECOVERED_negative,Health hazards Not classified. ... Hazard statement The substance does not meet the criteria for classification. / Skin corrosion/irritation Due to partial or complete lack of data the classification is not possible.,y=sds_v1 status='negative' 복구분(카테고리 미기재 → NC 보충),NC,0.0,sds_v1_negative_recovered,,True,False,True,False,False
MIX944,skin,medium,RECOVERED_negative,Skin irritation Not Applicable.,y=sds_v1 status='negative' 복구분(카테고리 미기재 → NC 보충),NC,0.0,sds_v1_negative_recovered,,True,False,False,False,True
MIX945,skin,high,NONE,Skin: May cause moderate skin irritation. Eyes: May cause eye irritation.,복구분 아님 · 출처 상충 없음 · CT 와 모순 없음,NC,0.0,sds_2nd,,False,False,False,True,False
MIX946,skin,high,NONE,,복구분 아님 · 출처 상충 없음 · CT 와 모순 없음,NC,0.0,sds_2nd,,False,False,False,False,False
MIX948,skin,medium,RECOVERED_negative,Skin corrosion/irritation: Based on available data the classification criteria are not met.,y=sds_v1 status='negative' 복구분(카테고리 미기재 → NC 보충),NC,0.0,sds_v1_negative_recovered,,True,False,True,False,False
MIX949,skin,high,NONE,,복구분 아님 · 출처 상충 없음 · CT 와 모순 없음,NC,0.0,sds_2nd_sec11,,False,False,False,False,False
MIX95,skin,medium,SOURCE_CONFLICT,Skin Irrit. 2;H315 Causes skin irritation.,출처 간 서열 상충(y_conflict=True),2B,1.0,ntp_measured,NC,False,True,False,False,False
MIX950,skin,high,NONE,,복구분 아님 · 출처 상충 없음 · CT 와 모순 없음,2,1.0,sds_2nd,,False,False,False,False,False
MIX951,skin,high,NONE,Skin corrosion/irritation Skin corrosion/irritation Not irritating.,복구분 아님 · 출처 상충 없음 · CT 와 모순 없음,2,1.0,sds_v1,,False,False,True,False,False
MIX952,skin,high,NONE,,복구분 아님 · 출처 상충 없음 · CT 와 모순 없음,NC,0.0,sds_2nd_sec11,,False,False,False,False,False
MIX954,skin,high,NONE,,복구분 아님 · 출처 상충 없음 · CT 와 모순 없음,2,1.0,sds_2nd,,False,False,False,False,False
MIX955,skin,high,NONE,"H315, Causes skin irritation.",복구분 아님 · 출처 상충 없음 · CT 와 모순 없음,2,1.0,sds_v1,,False,False,False,False,False
MIX957,skin,high,NONE,,복구분 아님 · 출처 상충 없음 · CT 와 모순 없음,NC,0.0,sds_2nd_sec11,,False,False,False,False,False
MIX959,skin,high,NONE,,복구분 아님 · 출처 상충 없음 · CT 와 모순 없음,2,1.0,sds_2nd,2,False,False,False,False,False
MIX96,skin,high,NONE,,복구분 아님 · 출처 상충 없음 · CT 와 모순 없음,NC,0.0,ntp_measured,NC,False,False,False,False,False
MIX960,skin,high,NONE,,복구분 아님 · 출처 상충 없음 · CT 와 모순 없음,2,1.0,sds_2nd,,False,False,False,False,False
MIX962,skin,high,NONE,,복구분 아님 · 출처 상충 없음 · CT 와 모순 없음,2,1.0,sds_2nd,,False,False,False,False,False
MIX963,skin,high,NONE,Skin corrosion/irritation: Skin Corrosion / Irritation Category 2,복구분 아님 · 출처 상충 없음 · CT 와 모순 없음,2,1.0,sds_v1,,False,False,False,False,False
MIX964,skin,high,NONE,,복구분 아님 · 출처 상충 없음 · CT 와 모순 없음,2,1.0,sds_2nd,,False,False,False,False,False
MIX965,skin,high,NONE,,복구분 아님 · 출처 상충 없음 · CT 와 모순 없음,NC,0.0,phase1_sds,,False,False,False,False,False
MIX966,skin,high,NONE,,복구분 아님 · 출처 상충 없음 · CT 와 모순 없음,2,1.0,sds_2nd,,False,False,False,False,False
MIX967,skin,high,NONE,,복구분 아님 · 출처 상충 없음 · CT 와 모순 없음,2,1.0,phase1_sds,,False,False,False,False,False
MIX968,skin,high,NONE,Skin corrosion/irritation No data available,복구분 아님 · 출처 상충 없음 · CT 와 모순 없음,2,1.0,sds_2nd,,False,False,False,True,True
MIX969,skin,high,NONE,Skin corrosion/irritation Category 3 ... Causes mild skin irritation.,복구분 아님 · 출처 상충 없음 · CT 와 모순 없음,3,1.0,sds_v1,,False,False,False,False,False
MIX97,skin,high,NONE,,복구분 아님 · 출처 상충 없음 · CT 와 모순 없음,NC,0.0,ntp_measured,,False,False,False,False,False
MIX970,skin,high,NONE,,복구분 아님 · 출처 상충 없음 · CT 와 모순 없음,2,1.0,sds_2nd,,False,False,False,False,False
MIX971,skin,high,NONE,Skin corrosion / irritation Skin Irritation Hazard Category 2 under EC 1272/2008 guidelines.,복구분 아님 · 출처 상충 없음 · CT 와 모순 없음,2,1.0,sds_v1,2,False,False,False,False,False
MIX972,skin,high,NONE,"GHS-Classification / Skin corrosion/irritation, Category 3 ... Hazard statements : H316: Causes mild skin irritation.",복구분 아님 · 출처 상충 없음 · CT 와 모순 없음,3,1.0,sds_v1,,False,False,False,False,False
MIX973,skin,medium,CT_CONTRADICTION,,CT baseline(GHS 가산법)은 양성인데 최종 라벨은 음성 — 상충,NC,0.0,phase1_sds,2,False,False,False,False,False
MIX974,skin,medium,RECOVERED_negative,Health hazards Not classified. ... Skin corrosion/irritation Prolonged skin contact may cause temporary irritation.,y=sds_v1 status='negative' 복구분(카테고리 미기재 → NC 보충),NC,0.0,sds_v1_negative_recovered,,True,False,True,True,False
MIX976,skin,high,NONE,,복구분 아님 · 출처 상충 없음 · CT 와 모순 없음,NC,0.0,phase1_sds,,False,False,False,False,False
MIX977,skin,high,NONE,Classification (GHS): Flammable liquids (Category 3); Skin irritation (Category 2); Eye irritation (Category 2A); Skin sensitization.,복구분 아님 · 출처 상충 없음 · CT 와 모순 없음,2,1.0,sds_v1,,False,False,False,False,False
MIX978,skin,high,NONE,,복구분 아님 · 출처 상충 없음 · CT 와 모순 없음,2,1.0,sds_2nd_sec11,,False,False,False,False,False
MIX979,skin,high,NONE,,복구분 아님 · 출처 상충 없음 · CT 와 모순 없음,2,1.0,sds_2nd,,False,False,False,False,False
MIX98,skin,high,NONE,,복구분 아님 · 출처 상충 없음 · CT 와 모순 없음,NC,0.0,ntp_measured,NC,False,False,False,False,False
MIX981,skin,high,NONE,"Skin Corrosion / Irritation Category 2 ... H315, Causes skin irritation.",복구분 아님 · 출처 상충 없음 · CT 와 모순 없음,2,1.0,sds_v1,,False,False,False,False,False
MIX982,skin,medium,SOURCE_CONFLICT,Skin corrosion/irritation Category 3 ... Causes mild skin irritation.,출처 간 서열 상충(y_conflict=True),3,1.0,sds_v1,,False,True,False,False,False
MIX983,skin,high,NONE,,복구분 아님 · 출처 상충 없음 · CT 와 모순 없음,2,1.0,sds_2nd,,False,False,False,False,False
MIX985,skin,high,NONE,,복구분 아님 · 출처 상충 없음 · CT 와 모순 없음,2,1.0,sds_2nd,,False,False,False,False,False
MIX986,skin,high,NONE,GHS Classification Skin Irritation – Category 2 ... H315: Causes skin irritation,복구분 아님 · 출처 상충 없음 · CT 와 모순 없음,2,1.0,sds_v1,2,False,False,False,False,False
MIX987,skin,high,NONE,Skin corrosion/Irritation - Category 2 ... H315 Causes skin irritation.,복구분 아님 · 출처 상충 없음 · CT 와 모순 없음,2,1.0,sds_v1,2,False,False,False,False,False
MIX989,skin,high,NONE,,복구분 아님 · 출처 상충 없음 · CT 와 모순 없음,1B,1.0,sds_2nd_sec11,,False,False,False,False,False
MIX99,skin,high,NONE,,복구분 아님 · 출처 상충 없음 · CT 와 모순 없음,NC,0.0,ntp_measured,NC,False,False,False,False,False
MIX990,skin,medium,SOURCE_CONFLICT,,출처 간 서열 상충(y_conflict=True),3,1.0,sds_v1,,False,True,False,False,False
MIX991,skin,medium,RECOVERED_negative,Skin corrosion/irritation: Based on available data the classification criteria are not met.,y=sds_v1 status='negative' 복구분(카테고리 미기재 → NC 보충),NC,0.0,sds_v1_negative_recovered,,True,False,True,False,False
MIX992,skin,high,NONE,Skin Corrosion/Irritaion - Category 2,복구분 아님 · 출처 상충 없음 · CT 와 모순 없음,2,1.0,sds_v1,,False,False,False,False,False
MIX993,skin,high,NONE,Skin Corrosion/Irritation Category 2,복구분 아님 · 출처 상충 없음 · CT 와 모순 없음,2,1.0,sds_v1,2,False,False,False,False,False
MIX994,skin,high,NONE,,복구분 아님 · 출처 상충 없음 · CT 와 모순 없음,NC,0.0,sds_2nd,,False,False,False,False,False
MIX995,skin,high,NONE,Skin Corrosion / Irritation Category 2,복구분 아님 · 출처 상충 없음 · CT 와 모순 없음,2,1.0,sds_v1,2,False,False,False,False,False
MIX996,skin,high,NONE,Skin corrosion/irritation Cat 2 ... H315: Causes skin irritation,복구분 아님 · 출처 상충 없음 · CT 와 모순 없음,2,1.0,sds_v1,,False,False,False,False,False
MIX997,skin,high,NONE,,복구분 아님 · 출처 상충 없음 · CT 와 모순 없음,2,1.0,sds_2nd,,False,False,False,False,False
MIX998,skin,high,NONE,,복구분 아님 · 출처 상충 없음 · CT 와 모순 없음,NC,0.0,sds_2nd,,False,False,False,False,False
MIX999,skin,high,NONE,,복구분 아님 · 출처 상충 없음 · CT 와 모순 없음,2,1.0,sds_v1,,False,False,False,False,False
Cancer_PID_108,sens,high,NONE,,복구분 아님 · 출처 상충 없음 · CT 와 모순 없음,NC,0.0,sds_2nd_sec11,NC,False,False,False,False,False
Cancer_PID_99,sens,medium,RECOVERED_negative,Respiratory or skin sensitisation : Not classified,y=sds_v1 status='negative' 복구분(카테고리 미기재 → NC 보충),NC,0.0,sds_v1_negative_recovered,NC,True,False,True,False,False
EyeIrritation6pack_PID1000,sens,high,NONE,,복구분 아님 · 출처 상충 없음 · CT 와 모순 없음,1,1.0,sds_2nd,,False,False,False,False,False
EyeIrritation6pack_PID1002,sens,high,NONE,,복구분 아님 · 출처 상충 없음 · CT 와 모순 없음,1,1.0,sds_2nd,,False,False,False,False,False
EyeIrritation6pack_PID1008,sens,high,NONE,,복구분 아님 · 출처 상충 없음 · CT 와 모순 없음,1,1.0,sds_2nd_sec11,1,False,False,False,False,False
EyeIrritation6pack_PID1009,sens,high,NONE,,복구분 아님 · 출처 상충 없음 · CT 와 모순 없음,1,1.0,sds_2nd,,False,False,False,False,False
EyeIrritation6pack_PID101,sens,high,NONE,,복구분 아님 · 출처 상충 없음 · CT 와 모순 없음,NC,0.0,sds_2nd_sec11,,False,False,False,False,False
EyeIrritation6pack_PID1012,sens,high,NONE,,복구분 아님 · 출처 상충 없음 · CT 와 모순 없음,NC,0.0,sds_2nd_sec11,NC,False,False,False,False,False
EyeIrritation6pack_PID1016,sens,high,NONE,,복구분 아님 · 출처 상충 없음 · CT 와 모순 없음,NC,0.0,sds_2nd_sec11,,False,False,False,False,False
EyeIrritation6pack_PID102,sens,high,NONE,,복구분 아님 · 출처 상충 없음 · CT 와 모순 없음,NC,0.0,sds_2nd_sec11,,False,False,False,False,False
EyeIrritation6pack_PID1020,sens,high,NONE,,복구분 아님 · 출처 상충 없음 · CT 와 모순 없음,NC,0.0,sds_2nd_sec11,NC,False,False,False,False,False
EyeIrritation6pack_PID1024,sens,medium,T2_endpoint_no_data,2.1 Classification of the substance or mixture / Not a hazardous substance or mixture. / ... Respiratory or skin sensitisation / No data available,y=sds_v1 status='negative' 복구분(카테고리 미기재 → NC 보충) | T2: 문서에 음성진술은 있으나 해당 엔드포인트가 자료없음/미측정 → 시험근거 없는 음성,NC,0.0,sds_v1_negative_recovered,,True,False,True,True,True
EyeIrritation6pack_PID1025,sens,high,NONE,,복구분 아님 · 출처 상충 없음 · CT 와 모순 없음,NC,0.0,sds_2nd_sec11,,False,False,False,False,False
EyeIrritation6pack_PID1027,sens,medium,T2_endpoint_no_data,Skin Sensitization (guinea pigs) Non-sensitizer EPA Tox Category Not applicable,y=sds_v1 status='negative' 복구분(카테고리 미기재 → NC 보충) | T2: 문서에 음성진술은 있으나 해당 엔드포인트가 자료없음/미측정 → 시험근거 없는 음성,NC,0.0,sds_v1_negative_recovered,,True,False,True,False,True
EyeIrritation6pack_PID103,sens,high,NONE,,복구분 아님 · 출처 상충 없음 · CT 와 모순 없음,NC,0.0,sds_2nd_sec11,NC,False,False,False,False,False
EyeIrritation6pack_PID1031,sens,high,NONE,,복구분 아님 · 출처 상충 없음 · CT 와 모순 없음,1,1.0,sds_2nd,,False,False,False,False,False
EyeIrritation6pack_PID1032,sens,high,NONE,Skin Sensitizer - Category 1 ... H317 - May cause an allergic skin reaction,복구분 아님 · 출처 상충 없음 · CT 와 모순 없음,1,1.0,sds_v1,1,False,False,False,True,False
EyeIrritation6pack_PID1033,sens,high,NONE,,복구분 아님 · 출처 상충 없음 · CT 와 모순 없음,NC,0.0,sds_2nd_sec11,,False,False,False,False,False
EyeIrritation6pack_PID1039,sens,medium,RECOVERED_negative,(d) respiratory or skin sensitization: Not sensitizing,y=sds_v1 status='negative' 복구분(카테고리 미기재 → NC 보충),NC,0.0,sds_v1_negative_recovered,NC,True,False,True,False,False
EyeIrritation6pack_PID104,sens,high,NONE,,복구분 아님 · 출처 상충 없음 · CT 와 모순 없음,1A,1.0,sds_2nd_sec11,,False,False,False,False,False
EyeIrritation6pack_PID1040,sens,medium,RECOVERED_negative,Respiratory or skin sensitisation / Product: / Result : Not a skin sensitizer.,y=sds_v1 status='negative' 복구분(카테고리 미기재 → NC 보충),NC,0.0,sds_v1_negative_recovered,NC,True,False,True,False,False
EyeIrritation6pack_PID1044,sens,medium,T2_endpoint_no_data,Respiratory or Skin Sensitization: N/Av ... Sensitization: No effects known.,y=sds_v1 status='negative' 복구분(카테고리 미기재 → NC 보충) | T2: 문서에 음성진술은 있으나 해당 엔드포인트가 자료없음/미측정 → 시험근거 없는 음성,NC,0.0,sds_v1_negative_recovered,,True,False,True,True,True
EyeIrritation6pack_PID105,sens,high,NONE,,복구분 아님 · 출처 상충 없음 · CT 와 모순 없음,1,1.0,sds_2nd,,False,False,False,False,False
EyeIrritation6pack_PID1051,sens,medium,RECOVERED_negative,Respiratory or skin sensitisation Guinea pig Did not cause sensitization on laboratory animals.,y=sds_v1 status='negative' 복구분(카테고리 미기재 → NC 보충),NC,0.0,sds_v1_negative_recovered,NC,True,False,True,False,False
EyeIrritation6pack_PID1054,sens,high,NONE,,복구분 아님 · 출처 상충 없음 · CT 와 모순 없음,1,1.0,sds_2nd,,False,False,False,False,False
EyeIrritation6pack_PID1055,sens,medium,RECOVERED_negative,· Sensitization: No sensitizing effects known.,y=sds_v1 status='negative' 복구분(카테고리 미기재 → NC 보충) | CT baseline(GHS 가산법)은 양성인데 최종 라벨은 음성 — 상충,NC,0.0,sds_v1_negative_recovered,1,True,False,True,False,False
EyeIrritation6pack_PID1060,sens,medium,RECOVERED_negative,Sensitization / Assessment of sensitization: No sensitizing effect.,y=sds_v1 status='negative' 복구분(카테고리 미기재 → NC 보충),NC,0.0,sds_v1_negative_recovered,NC,True,False,True,False,False
EyeIrritation6pack_PID1061,sens,high,NONE,,복구분 아님 · 출처 상충 없음 · CT 와 모순 없음,1,1.0,sds_2nd,1,False,False,False,False,False
EyeIrritation6pack_PID1064,sens,high,NONE,,복구분 아님 · 출처 상충 없음 · CT 와 모순 없음,1,1.0,sds_2nd,,False,False,False,False,False
EyeIrritation6pack_PID115,sens,high,NONE,,복구분 아님 · 출처 상충 없음 · CT 와 모순 없음,1,1.0,sds_2nd,NC,False,False,False,False,False
EyeIrritation6pack_PID116,sens,medium,RECOVERED_negative,"Guinea pig, Dermal Sensitizer -   Not a sensitizer",y=sds_v1 status='negative' 복구분(카테고리 미기재 → NC 보충),NC,0.0,sds_v1_negative_recovered,,True,False,True,False,False
EyeIrritation6pack_PID118,sens,high,NONE,Skin Sens. 1 H317 May cause an allergic skin reaction.,복구분 아님 · 출처 상충 없음 · CT 와 모순 없음,1,1.0,sds_v1,,False,False,False,True,False
EyeIrritation6pack_PID125,sens,high,NONE,Skin Sens. 1A H317 May cause an allergic skin reaction.,복구분 아님 · 출처 상충 없음 · CT 와 모순 없음,1,1.0,sds_v1,,False,False,False,True,False
EyeIrritation6pack_PID128,sens,high,NONE,Skin Sens. 1 H317 May cause an allergic skin reaction.,복구분 아님 · 출처 상충 없음 · CT 와 모순 없음,1,1.0,sds_v1,NC,False,False,False,True,False
EyeIrritation6pack_PID137,sens,high,NONE,,복구분 아님 · 출처 상충 없음 · CT 와 모순 없음,NC,0.0,sds_2nd_sec11,NC,False,False,False,False,False
EyeIrritation6pack_PID138,sens,high,NONE,Respiratory or skin sensitisation / No data available,복구분 아님 · 출처 상충 없음 · CT 와 모순 없음,1,1.0,sds_2nd_sec11,,False,False,False,True,True
EyeIrritation6pack_PID152,sens,medium,CT_CONTRADICTION,,CT baseline(GHS 가산법)은 양성인데 최종 라벨은 음성 — 상충,NC,0.0,sds_2nd_sec11,1,False,False,False,False,False
EyeIrritation6pack_PID153,sens,high,NONE,,복구분 아님 · 출처 상충 없음 · CT 와 모순 없음,1,1.0,sds_2nd,1,False,False,False,False,False
EyeIrritation6pack_PID167,sens,high,NONE,,복구분 아님 · 출처 상충 없음 · CT 와 모순 없음,NC,0.0,sds_2nd_sec11,,False,False,False,False,False
EyeIrritation6pack_PID168,sens,medium,RECOVERED_negative,Respiratory or skin sensitization : Not classified,y=sds_v1 status='negative' 복구분(카테고리 미기재 → NC 보충),NC,0.0,sds_v1_negative_recovered,,True,False,True,False,False
EyeIrritation6pack_PID179,sens,high,NONE,,복구분 아님 · 출처 상충 없음 · CT 와 모순 없음,NC,0.0,sds_2nd_sec11,NC,False,False,False,False,False
EyeIrritation6pack_PID186,sens,high,NONE,,복구분 아님 · 출처 상충 없음 · CT 와 모순 없음,1,1.0,sds_2nd,1,False,False,False,False,False
EyeIrritation6pack_PID194,sens,high,NONE,,복구분 아님 · 출처 상충 없음 · CT 와 모순 없음,1,1.0,sds_2nd,,False,False,False,False,False
EyeIrritation6pack_PID195,sens,high,NONE,"Skin sensitisation (Category 1), H317",복구분 아님 · 출처 상충 없음 · CT 와 모순 없음,1,1.0,sds_v1,,False,False,False,False,False
EyeIrritation6pack_PID196,sens,high,NONE,Skin Sens. 1 H317,복구분 아님 · 출처 상충 없음 · CT 와 모순 없음,1,1.0,sds_v1,,False,False,False,False,False
EyeIrritation6pack_PID220,sens,medium,RECOVERED_negative,Skin sensitizer = Not a skin sensitizer,y=sds_v1 status='negative' 복구분(카테고리 미기재 → NC 보충),NC,0.0,sds_v1_negative_recovered,,True,False,True,False,False
EyeIrritation6pack_PID222,sens,medium,RECOVERED_negative,Skin sensitization --- Not Applicable,y=sds_v1 status='negative' 복구분(카테고리 미기재 → NC 보충),NC,0.0,sds_v1_negative_recovered,NC,True,False,False,False,True
EyeIrritation6pack_PID231,sens,high,NONE,,복구분 아님 · 출처 상충 없음 · CT 와 모순 없음,1,1.0,sds_2nd,,False,False,False,False,False
EyeIrritation6pack_PID241,sens,medium,RECOVERED_negative,Respiratory or skin sensitisation  /  - guinea pig  / Remarks: Will not occur,y=sds_v1 status='negative' 복구분(카테고리 미기재 → NC 보충),NC,0.0,sds_v1_negative_recovered,,True,False,True,False,False
EyeIrritation6pack_PID246,sens,medium,RECOVERED_negative,Respiratory or skin sensitisation  / Will not occur,y=sds_v1 status='negative' 복구분(카테고리 미기재 → NC 보충),NC,0.0,sds_v1_negative_recovered,NC,True,False,True,False,False
EyeIrritation6pack_PID247,sens,medium,RECOVERED_negative,Respiratory or skin sensitisation  / Will not occur,y=sds_v1 status='negative' 복구분(카테고리 미기재 → NC 보충),NC,0.0,sds_v1_negative_recovered,NC,True,False,True,False,False
EyeIrritation6pack_PID271,sens,high,NONE,,복구분 아님 · 출처 상충 없음 · CT 와 모순 없음,NC,0.0,sds_2nd_sec11,NC,False,False,False,False,False
EyeIrritation6pack_PID272,sens,high,NONE,,복구분 아님 · 출처 상충 없음 · CT 와 모순 없음,NC,0.0,sds_2nd_sec11,NC,False,False,False,False,False
EyeIrritation6pack_PID277,sens,high,NONE,,복구분 아님 · 출처 상충 없음 · CT 와 모순 없음,1,1.0,sds_2nd,,False,False,False,False,False
EyeIrritation6pack_PID28,sens,medium,RECOVERED_negative,Respiratory or skin sensitisation  / Will not occur,y=sds_v1 status='negative' 복구분(카테고리 미기재 → NC 보충),NC,0.0,sds_v1_negative_recovered,,True,False,True,False,False
EyeIrritation6pack_PID281,sens,high,NONE,,복구분 아님 · 출처 상충 없음 · CT 와 모순 없음,NC,0.0,sds_2nd_sec11,,False,False,False,False,False
EyeIrritation6pack_PID282,sens,high,NONE,,복구분 아님 · 출처 상충 없음 · CT 와 모순 없음,NC,0.0,sds_2nd_sec11,,False,False,False,False,False
EyeIrritation6pack_PID283,sens,medium,SOURCE_CONFLICT,(d)respiratory or skin sensitization  /  Dermal (guinea pig): Negative,출처 간 서열 상충(y_conflict=True),1,1.0,sds_v1,,False,True,False,False,False
EyeIrritation6pack_PID286,sens,high,NONE,,복구분 아님 · 출처 상충 없음 · CT 와 모순 없음,1,1.0,sds_2nd,,False,False,False,False,False
EyeIrritation6pack_PID287,sens,high,NONE,,복구분 아님 · 출처 상충 없음 · CT 와 모순 없음,1,1.0,sds_2nd,,False,False,False,False,False
EyeIrritation6pack_PID288,sens,medium,RECOVERED_negative,Respiratory or skin sensitisation / Shall not be classified as a respiratory or skin sensitiser.,y=sds_v1 status='negative' 복구분(카테고리 미기재 → NC 보충),NC,0.0,sds_v1_negative_recovered,,True,False,True,False,False
EyeIrritation6pack_PID29,sens,medium,RECOVERED_negative,Respiratory or skin sensitisation  / Will not occur,y=sds_v1 status='negative' 복구분(카테고리 미기재 → NC 보충),NC,0.0,sds_v1_negative_recovered,,True,False,True,False,False
EyeIrritation6pack_PID293,sens,high,NONE,,복구분 아님 · 출처 상충 없음 · CT 와 모순 없음,1,1.0,sds_2nd,,False,False,False,False,False
EyeIrritation6pack_PID298,sens,high,NONE,,복구분 아님 · 출처 상충 없음 · CT 와 모순 없음,1,1.0,sds_2nd,,False,False,False,False,False
EyeIrritation6pack_PID299,sens,medium,RECOVERED_negative,SENSITIZATION: Skin sensitization: Not a sensitizer (guinea pig),y=sds_v1 status='negative' 복구분(카테고리 미기재 → NC 보충),NC,0.0,sds_v1_negative_recovered,NC,True,False,True,False,False
EyeIrritation6pack_PID300,sens,high,NONE,,복구분 아님 · 출처 상충 없음 · CT 와 모순 없음,1,1.0,sds_2nd,,False,False,False,False,False
EyeIrritation6pack_PID303,sens,high,NONE,,복구분 아님 · 출처 상충 없음 · CT 와 모순 없음,1,1.0,sds_2nd,NC,False,False,False,False,False
EyeIrritation6pack_PID306,sens,medium,RECOVERED_negative,Sensitization Information The components of this product are not known to be sensitizes with repeated or prolonged use.,y=sds_v1 status='negative' 복구분(카테고리 미기재 → NC 보충),NC,0.0,sds_v1_negative_recovered,,True,False,False,False,False
EyeIrritation6pack_PID313,sens,high,NONE,"Respiratory or skin sensitization • skin: Did not cause sensitization, Guinea pig; OECD 406",복구분 아님 · 출처 상충 없음 · CT 와 모순 없음,1,1.0,sds_v1,,False,False,True,False,False
EyeIrritation6pack_PID314,sens,high,NONE,,복구분 아님 · 출처 상충 없음 · CT 와 모순 없음,1,1.0,sds_2nd,,False,False,False,False,False
EyeIrritation6pack_PID319,sens,high,NONE,,복구분 아님 · 출처 상충 없음 · CT 와 모순 없음,1,1.0,sds_2nd,,False,False,False,False,False
EyeIrritation6pack_PID321,sens,high,NONE,,복구분 아님 · 출처 상충 없음 · CT 와 모순 없음,1,1.0,sds_2nd,NC,False,False,False,False,False
EyeIrritation6pack_PID323,sens,high,NONE,,복구분 아님 · 출처 상충 없음 · CT 와 모순 없음,1,1.0,sds_2nd,NC,False,False,False,False,False
EyeIrritation6pack_PID333,sens,high,NONE,,복구분 아님 · 출처 상충 없음 · CT 와 모순 없음,NC,0.0,sds_2nd,NC,False,False,False,False,False
EyeIrritation6pack_PID343,sens,medium,RECOVERED_negative,Sensitization Skin: Non-sensitizer (Guinea Pig),y=sds_v1 status='negative' 복구분(카테고리 미기재 → NC 보충),NC,0.0,sds_v1_negative_recovered,,True,False,True,False,False
EyeIrritation6pack_PID344,sens,high,NONE,,복구분 아님 · 출처 상충 없음 · CT 와 모순 없음,NC,0.0,sds_2nd_sec11,NC,False,False,False,False,False
EyeIrritation6pack_PID345,sens,high,NONE,,복구분 아님 · 출처 상충 없음 · CT 와 모순 없음,NC,0.0,sds_2nd_sec11,,False,False,False,False,False
EyeIrritation6pack_PID349,sens,high,NONE,,복구분 아님 · 출처 상충 없음 · CT 와 모순 없음,1,1.0,sds_2nd_sec11,,False,False,False,False,False
EyeIrritation6pack_PID350,sens,high,NONE,,복구분 아님 · 출처 상충 없음 · CT 와 모순 없음,1,1.0,sds_2nd,,False,False,False,False,False
EyeIrritation6pack_PID358,sens,high,NONE,,복구분 아님 · 출처 상충 없음 · CT 와 모순 없음,NC,0.0,sds_2nd,NC,False,False,False,False,False
EyeIrritation6pack_PID363,sens,high,NONE,,복구분 아님 · 출처 상충 없음 · CT 와 모순 없음,NC,0.0,sds_2nd_sec11,NC,False,False,False,False,False
EyeIrritation6pack_PID364,sens,high,NONE,,복구분 아님 · 출처 상충 없음 · CT 와 모순 없음,1,1.0,sds_2nd,,False,False,False,False,False
EyeIrritation6pack_PID366,sens,high,NONE,,복구분 아님 · 출처 상충 없음 · CT 와 모순 없음,NC,0.0,sds_2nd,NC,False,False,False,False,False
EyeIrritation6pack_PID367,sens,high,NONE,,복구분 아님 · 출처 상충 없음 · CT 와 모순 없음,NC,0.0,sds_2nd,NC,False,False,False,False,False
EyeIrritation6pack_PID368,sens,high,NONE,,복구분 아님 · 출처 상충 없음 · CT 와 모순 없음,NC,0.0,sds_2nd_sec11,,False,False,False,False,False
EyeIrritation6pack_PID369,sens,high,NONE,,복구분 아님 · 출처 상충 없음 · CT 와 모순 없음,NC,0.0,sds_2nd_sec11,,False,False,False,False,False
EyeIrritation6pack_PID37,sens,high,NONE,,복구분 아님 · 출처 상충 없음 · CT 와 모순 없음,NC,0.0,sds_2nd_sec11,,False,False,False,False,False
EyeIrritation6pack_PID370,sens,high,NONE,Classifications: Skin Sensitizer: Category 1B ... Hazard Statements: May cause an allergic skin reaction,복구분 아님 · 출처 상충 없음 · CT 와 모순 없음,1B,1.0,sds_v1,,False,False,False,True,False
EyeIrritation6pack_PID376,sens,medium,RECOVERED_negative,Respiratory or Skin Sensitization / Fipronil: Not a dermal sensitizer (EPA) / Pyriproxyfen: Non-sensitizing (guinea pig),y=sds_v1 status='negative' 복구분(카테고리 미기재 → NC 보충),NC,0.0,sds_v1_negative_recovered,NC,True,False,True,False,False
EyeIrritation6pack_PID391,sens,high,NONE,,복구분 아님 · 출처 상충 없음 · CT 와 모순 없음,1,1.0,sds_2nd,NC,False,False,False,False,False
EyeIrritation6pack_PID393,sens,high,NONE,,복구분 아님 · 출처 상충 없음 · CT 와 모순 없음,1,1.0,sds_2nd,NC,False,False,False,False,False
EyeIrritation6pack_PID40,sens,medium,RECOVERED_negative,Respiratory or skin sensitisation / Shall not be classified as a respiratory or skin sensitiser.,y=sds_v1 status='negative' 복구분(카테고리 미기재 → NC 보충),NC,0.0,sds_v1_negative_recovered,,True,False,True,False,False
EyeIrritation6pack_PID406,sens,high,NONE,,복구분 아님 · 출처 상충 없음 · CT 와 모순 없음,1,1.0,sds_2nd,,False,False,False,False,False
EyeIrritation6pack_PID41,sens,high,NONE,Classification of the substance or mixture: / Acute oral (Category 4) / Acute Inhalation (Category 4) / Skin sensitization (Category 1B) / Acute aquatic toxicity (Category 2),복구분 아님 · 출처 상충 없음 · CT 와 모순 없음,1B,1.0,sds_v1,,False,False,False,False,False
EyeIrritation6pack_PID411,sens,high,NONE,,복구분 아님 · 출처 상충 없음 · CT 와 모순 없음,NC,0.0,sds_2nd_sec11,NC,False,False,False,False,False
EyeIrritation6pack_PID413,sens,high,NONE,,복구분 아님 · 출처 상충 없음 · CT 와 모순 없음,1,1.0,sds_2nd,,False,False,False,False,False
EyeIrritation6pack_PID417,sens,high,NONE,,복구분 아님 · 출처 상충 없음 · CT 와 모순 없음,1,1.0,sds_2nd,NC,False,False,False,False,False
EyeIrritation6pack_PID42,sens,high,NONE,,복구분 아님 · 출처 상충 없음 · CT 와 모순 없음,1,1.0,sds_2nd,,False,False,False,False,False
EyeIrritation6pack_PID422,sens,medium,RECOVERED_negative,Respiratory or skin sensitisation / Shall not be classified as a respiratory or skin sensitiser.,y=sds_v1 status='negative' 복구분(카테고리 미기재 → NC 보충),NC,0.0,sds_v1_negative_recovered,NC,True,False,True,False,False
EyeIrritation6pack_PID426,sens,medium,RECOVERED_negative,Assessment of sensitization: There is no evidence of a skin-sensitizing potential. / Experimental/calculated data: modified Buehler test guinea pig: Skin sensitizing effects were not observed in animal studies. (OECD Guideline 406),y=sds_v1 status='negative' 복구분(카테고리 미기재 → NC 보충),NC,0.0,sds_v1_negative_recovered,,True,False,False,False,False
EyeIrritation6pack_PID439,sens,high,NONE,"Skin sensitisation (Category 1), H317",복구분 아님 · 출처 상충 없음 · CT 와 모순 없음,1,1.0,sds_v1,,False,False,False,False,False
EyeIrritation6pack_PID44,sens,high,NONE,,복구분 아님 · 출처 상충 없음 · CT 와 모순 없음,1,1.0,sds_2nd,1,False,False,False,False,False
EyeIrritation6pack_PID443,sens,high,NONE,3.4S skin sensitisation 1 Skin Sens. 1 H317,복구분 아님 · 출처 상충 없음 · CT 와 모순 없음,1,1.0,sds_v1,NC,False,False,False,False,False
EyeIrritation6pack_PID444,sens,high,NONE,,복구분 아님 · 출처 상충 없음 · CT 와 모순 없음,1,1.0,sds_2nd,,False,False,False,False,False
EyeIrritation6pack_PID459,sens,high,NONE,,복구분 아님 · 출처 상충 없음 · CT 와 모순 없음,NC,0.0,sds_2nd_sec11,,False,False,False,False,False
EyeIrritation6pack_PID462,sens,high,NONE,Respiratory or skin sensitization / no data available,복구분 아님 · 출처 상충 없음 · CT 와 모순 없음,1,1.0,sds_2nd,,False,False,False,True,True
EyeIrritation6pack_PID469,sens,high,NONE,,복구분 아님 · 출처 상충 없음 · CT 와 모순 없음,1,1.0,sds_2nd,,False,False,False,False,False
EyeIrritation6pack_PID47,sens,high,NONE,Skin Sens. 1 H317 May cause an allergic skin reaction.,복구분 아님 · 출처 상충 없음 · CT 와 모순 없음,1,1.0,sds_v1,1,False,False,False,True,False
EyeIrritation6pack_PID475,sens,medium,RECOVERED_negative,Skin sensitization --- Not Applicable,y=sds_v1 status='negative' 복구분(카테고리 미기재 → NC 보충),NC,0.0,sds_v1_negative_recovered,,True,False,False,False,True
EyeIrritation6pack_PID477,sens,medium,RECOVERED_negative,Assessment of sensitization: / No sensitizing effect. /  / Experimental/calculated data: / Buehler test guinea pig: Non-sensitizing.,y=sds_v1 status='negative' 복구분(카테고리 미기재 → NC 보충),NC,0.0,sds_v1_negative_recovered,NC,True,False,True,False,False
EyeIrritation6pack_PID478,sens,high,NONE,,복구분 아님 · 출처 상충 없음 · CT 와 모순 없음,NC,0.0,sds_2nd_sec11,,False,False,False,False,False
EyeIrritation6pack_PID48,sens,high,NONE,,복구분 아님 · 출처 상충 없음 · CT 와 모순 없음,1,1.0,sds_2nd,1,False,False,False,False,False
EyeIrritation6pack_PID480,sens,high,NONE,,복구분 아님 · 출처 상충 없음 · CT 와 모순 없음,1,1.0,sds_2nd,,False,False,False,False,False
EyeIrritation6pack_PID497,sens,high,NONE,Sensitization / Did not demonstrate the potential for contact allergy in mice. / Did not cause allergic skin reactions when tested in guinea pigs.,복구분 아님 · 출처 상충 없음 · CT 와 모순 없음,1,1.0,sds_v1,,False,False,True,True,False
EyeIrritation6pack_PID499,sens,high,NONE,Skin sensitization - Category 1 - H317,복구분 아님 · 출처 상충 없음 · CT 와 모순 없음,1,1.0,sds_v1,,False,False,False,False,False
EyeIrritation6pack_PID502,sens,high,NONE,,복구분 아님 · 출처 상충 없음 · CT 와 모순 없음,1,1.0,sds_2nd_sec11,,False,False,False,False,False
EyeIrritation6pack_PID506,sens,high,NONE,"Skin sensitisation, Category 1 H317: May cause an allergic skin reaction.",복구분 아님 · 출처 상충 없음 · CT 와 모순 없음,1,1.0,sds_v1,,False,False,False,True,False
EyeIrritation6pack_PID511,sens,high,NONE,3.4S Skin sensitisation 1 Skin Sens. 1 H317,복구분 아님 · 출처 상충 없음 · CT 와 모순 없음,1,1.0,sds_v1,,False,False,False,False,False
EyeIrritation6pack_PID512,sens,high,NONE,"Skin sensitisation (Category 1), H317",복구분 아님 · 출처 상충 없음 · CT 와 모순 없음,1,1.0,sds_v1,,False,False,False,False,False
EyeIrritation6pack_PID514,sens,medium,RECOVERED_negative,Respiratory or skin sensitisation Shall not be classified as a respiratory or skin sensitiser.,y=sds_v1 status='negative' 복구분(카테고리 미기재 → NC 보충),NC,0.0,sds_v1_negative_recovered,NC,True,False,True,False,False
EyeIrritation6pack_PID516,sens,medium,RECOVERED_negative,Respiratory or skin sensitisation / Shall not be classified as a respiratory or skin sensitiser.,y=sds_v1 status='negative' 복구분(카테고리 미기재 → NC 보충),NC,0.0,sds_v1_negative_recovered,NC,True,False,True,False,False
EyeIrritation6pack_PID533,sens,high,NONE,,복구분 아님 · 출처 상충 없음 · CT 와 모순 없음,1,1.0,sds_2nd,1,False,False,False,False,False
EyeIrritation6pack_PID548,sens,high,NONE,,복구분 아님 · 출처 상충 없음 · CT 와 모순 없음,1,1.0,sds_2nd,NC,False,False,False,False,False
EyeIrritation6pack_PID55,sens,high,NONE,,복구분 아님 · 출처 상충 없음 · CT 와 모순 없음,1,1.0,sds_2nd,,False,False,False,False,False
EyeIrritation6pack_PID551,sens,high,NONE,Skin Sensitizer - Category 1A H317  May cause an allergic skin reaction.,복구분 아님 · 출처 상충 없음 · CT 와 모순 없음,1,1.0,sds_v1,,False,False,False,True,False
EyeIrritation6pack_PID553,sens,high,NONE,Skin Sens. 1 H317 May cause an allergic skin reaction.,복구분 아님 · 출처 상충 없음 · CT 와 모순 없음,1,1.0,sds_v1,,False,False,False,True,False
EyeIrritation6pack_PID556,sens,high,NONE,,복구분 아님 · 출처 상충 없음 · CT 와 모순 없음,NC,0.0,sds_2nd_sec11,,False,False,False,False,False
EyeIrritation6pack_PID560,sens,medium,RECOVERED_negative,Skin sensitization This product is not expected to cause skin sensitization.,y=sds_v1 status='negative' 복구분(카테고리 미기재 → NC 보충),NC,0.0,sds_v1_negative_recovered,NC,True,False,True,False,False
EyeIrritation6pack_PID573,sens,high,NONE,,복구분 아님 · 출처 상충 없음 · CT 와 모순 없음,NC,0.0,sds_2nd_sec11,,False,False,False,False,False
EyeIrritation6pack_PID62,sens,high,NONE,,복구분 아님 · 출처 상충 없음 · CT 와 모순 없음,1,1.0,sds_2nd,NC,False,False,False,False,False
EyeIrritation6pack_PID626,sens,high,NONE,,복구분 아님 · 출처 상충 없음 · CT 와 모순 없음,1,1.0,sds_2nd,,False,False,False,False,False
EyeIrritation6pack_PID627,sens,high,NONE,,복구분 아님 · 출처 상충 없음 · CT 와 모순 없음,1,1.0,sds_2nd,1,False,False,False,False,False
EyeIrritation6pack_PID628,sens,high,NONE,Classifications: Skin Sensitizer:  Category 1B ... Hazard Statements: May cause an allergic skin reaction,복구분 아님 · 출처 상충 없음 · CT 와 모순 없음,1B,1.0,sds_v1,,False,False,False,True,False
EyeIrritation6pack_PID631,sens,high,NONE,,복구분 아님 · 출처 상충 없음 · CT 와 모순 없음,1,1.0,sds_2nd_sec11,,False,False,False,False,False
EyeIrritation6pack_PID642,sens,medium,RECOVERED_negative,Skin sensitization This product is not expected to cause skin sensitization.,y=sds_v1 status='negative' 복구분(카테고리 미기재 → NC 보충),NC,0.0,sds_v1_negative_recovered,,True,False,True,False,False
EyeIrritation6pack_PID651,sens,high,NONE,,복구분 아님 · 출처 상충 없음 · CT 와 모순 없음,1,1.0,sds_2nd,,False,False,False,False,False
EyeIrritation6pack_PID669,sens,medium,RECOVERED_negative,Respiratory or skin sensitisation / Shall not be classified as a respiratory or skin sensitiser.,y=sds_v1 status='negative' 복구분(카테고리 미기재 → NC 보충),NC,0.0,sds_v1_negative_recovered,,True,False,True,False,False
EyeIrritation6pack_PID675,sens,high,NONE,,복구분 아님 · 출처 상충 없음 · CT 와 모순 없음,1,1.0,sds_2nd,1,False,False,False,False,False
EyeIrritation6pack_PID676,sens,high,NONE,,복구분 아님 · 출처 상충 없음 · CT 와 모순 없음,1B,1.0,sds_2nd_sec11,,False,False,False,False,False
EyeIrritation6pack_PID680,sens,medium,RECOVERED_negative,"When the total weight of evidence is considered this product is considered to be an eye, skin and repository irritant and not a respiratory or skin sensitizer according to health hazard classification criteria.",y=sds_v1 status='negative' 복구분(카테고리 미기재 → NC 보충) | CT baseline(GHS 가산법)은 양성인데 최종 라벨은 음성 — 상충,NC,0.0,sds_v1_negative_recovered,1,True,False,False,False,False
EyeIrritation6pack_PID690,sens,high,NONE,Respiratory or skin sensitisation / Product: / Species : Guinea pig / Result : Does not cause skin sensitisation.,복구분 아님 · 출처 상충 없음 · CT 와 모순 없음,1,1.0,sds_v1,,False,False,True,False,False
EyeIrritation6pack_PID694,sens,high,NONE,"Respiratory or skin sensitization ... Conclusion/Summary Skin : Based on available data, the classification criteria are not met.",복구분 아님 · 출처 상충 없음 · CT 와 모순 없음,1,1.0,sds_v1,,False,False,True,False,False
EyeIrritation6pack_PID695,sens,low,T1_evidence_contradicted,Respiratory or skin sensitisationMay cause allergic reactions in susceptible people.,y=sds_v1 status='negative' 복구분(카테고리 미기재 → NC 보충) | T1: 인용문에 명시적 음성진술 없음 + 반대신호(자료없음/자극가능/알레르기) 존재 → 근거 모순,NC,0.0,sds_v1_negative_recovered,,True,False,False,True,False
EyeIrritation6pack_PID699,sens,medium,RECOVERED_negative,"Respiratory or skin sensitisation : Not classified (Based on available data, the classification criteria are not met.)",y=sds_v1 status='negative' 복구분(카테고리 미기재 → NC 보충),NC,0.0,sds_v1_negative_recovered,,True,False,True,False,False
EyeIrritation6pack_PID70,sens,medium,CT_CONTRADICTION,,CT baseline(GHS 가산법)은 양성인데 최종 라벨은 음성 — 상충,NC,0.0,sds_2nd_sec11,1,False,False,False,False,False
EyeIrritation6pack_PID716,sens,high,NONE,,복구분 아님 · 출처 상충 없음 · CT 와 모순 없음,NC,0.0,sds_2nd_sec11,,False,False,False,False,False
EyeIrritation6pack_PID722,sens,high,NONE,,복구분 아님 · 출처 상충 없음 · CT 와 모순 없음,NC,0.0,sds_2nd_sec11,,False,False,False,False,False
EyeIrritation6pack_PID723,sens,high,NONE,Sensitization (skin) Not Classified Not Applicable,복구분 아님 · 출처 상충 없음 · CT 와 모순 없음,1,1.0,sds_v1,1,False,False,True,False,True
EyeIrritation6pack_PID728,sens,high,NONE,"Respiratory or skin sensitization: Based on available data, the classification criteria are not met. The mixture might produce an allergic reaction in already sensitized individuals.",복구분 아님 · 출처 상충 없음 · CT 와 모순 없음,1,1.0,sds_v1,,False,False,True,True,False
EyeIrritation6pack_PID732,sens,medium,RECOVERED_negative,Sensitization / Assessment of sensitization: No sensitizing effect.,y=sds_v1 status='negative' 복구분(카테고리 미기재 → NC 보충),NC,0.0,sds_v1_negative_recovered,NC,True,False,True,False,False
EyeIrritation6pack_PID738,sens,medium,RECOVERED_negative,Respiratory or skin sensitization: Species: Guinea pig Method: Guinea pig maximization assay (GPMT) (OECD 406) Result: Does not cause skin sensitization,y=sds_v1 status='negative' 복구분(카테고리 미기재 → NC 보충),NC,0.0,sds_v1_negative_recovered,,True,False,True,False,False
EyeIrritation6pack_PID739,sens,high,NONE,,복구분 아님 · 출처 상충 없음 · CT 와 모순 없음,NC,0.0,sds_2nd_sec11,NC,False,False,False,False,False
EyeIrritation6pack_PID743,sens,medium,RECOVERED_negative,Respiratory or skin sensitisation /  - Guinea pig / Result: Does not cause skin sensitisation.,y=sds_v1 status='negative' 복구분(카테고리 미기재 → NC 보충),NC,0.0,sds_v1_negative_recovered,,True,False,True,False,False
EyeIrritation6pack_PID745,sens,high,NONE,"Skin sensitisation (Category 1), H317",복구분 아님 · 출처 상충 없음 · CT 와 모순 없음,1,1.0,sds_v1,,False,False,False,False,False
EyeIrritation6pack_PID748,sens,high,NONE,,복구분 아님 · 출처 상충 없음 · CT 와 모순 없음,NC,0.0,sds_2nd_sec11,NC,False,False,False,False,False
EyeIrritation6pack_PID750,sens,high,NONE,"Skin sensitisation (Category 1), H317",복구분 아님 · 출처 상충 없음 · CT 와 모순 없음,1,1.0,sds_v1,,False,False,False,False,False
EyeIrritation6pack_PID760,sens,high,NONE,,복구분 아님 · 출처 상충 없음 · CT 와 모순 없음,1,1.0,sds_2nd,NC,False,False,False,False,False
EyeIrritation6pack_PID765,sens,high,NONE,,복구분 아님 · 출처 상충 없음 · CT 와 모순 없음,NC,0.0,sds_2nd_sec11,,False,False,False,False,False
EyeIrritation6pack_PID768,sens,medium,RECOVERED_negative,Respiratory or skin sensitisation Shall not be classified as a respiratory or skin sensitiser.,y=sds_v1 status='negative' 복구분(카테고리 미기재 → NC 보충),NC,0.0,sds_v1_negative_recovered,,True,False,True,False,False
EyeIrritation6pack_PID770,sens,high,NONE,,복구분 아님 · 출처 상충 없음 · CT 와 모순 없음,1,1.0,sds_2nd,,False,False,False,False,False
EyeIrritation6pack_PID779,sens,high,NONE,,복구분 아님 · 출처 상충 없음 · CT 와 모순 없음,1,1.0,sds_2nd,NC,False,False,False,False,False
EyeIrritation6pack_PID78,sens,high,NONE,,복구분 아님 · 출처 상충 없음 · CT 와 모순 없음,1,1.0,sds_2nd,1,False,False,False,False,False
EyeIrritation6pack_PID780,sens,high,NONE,,복구분 아님 · 출처 상충 없음 · CT 와 모순 없음,1,1.0,sds_2nd,1,False,False,False,False,False
EyeIrritation6pack_PID788,sens,medium,RECOVERED_negative,Respiratory or skin sensitisation / Shall not be classified as a respiratory or skin sensitiser.,y=sds_v1 status='negative' 복구분(카테고리 미기재 → NC 보충),NC,0.0,sds_v1_negative_recovered,,True,False,True,False,False
EyeIrritation6pack_PID79,sens,high,NONE,"Skin sensitisation, Category 1 H317",복구분 아님 · 출처 상충 없음 · CT 와 모순 없음,1,1.0,sds_v1,1,False,False,False,False,False
EyeIrritation6pack_PID790,sens,high,NONE,"Skin sensitization, Category 1",복구분 아님 · 출처 상충 없음 · CT 와 모순 없음,1,1.0,sds_v1,,False,False,False,False,False
EyeIrritation6pack_PID794,sens,high,NONE,"Skin sensitization, Category 1 ... H317 May cause an allergic skin reaction",복구분 아님 · 출처 상충 없음 · CT 와 모순 없음,1,1.0,sds_v1,,False,False,False,True,False
EyeIrritation6pack_PID796,sens,high,NONE,Respiratory or skin sensitisation / Product: / Species : Guinea pig / Result : Did not cause sensitisation on laboratory animals. / Remarks : Based on data from similar materials,복구분 아님 · 출처 상충 없음 · CT 와 모순 없음,1,1.0,sds_v1,NC,False,False,True,False,False
EyeIrritation6pack_PID798,sens,medium,SOURCE_CONFLICT,,출처 간 서열 상충(y_conflict=True),1,1.0,sds_2nd,NC,False,True,False,False,False
EyeIrritation6pack_PID80,sens,high,NONE,"Sensitization - Skin Category 1 / H317, May cause an allergic skin reaction.",복구분 아님 · 출처 상충 없음 · CT 와 모순 없음,1,1.0,sds_v1,,False,False,False,True,False
EyeIrritation6pack_PID809,sens,high,NONE,,복구분 아님 · 출처 상충 없음 · CT 와 모순 없음,NC,0.0,sds_2nd_sec11,NC,False,False,False,False,False
EyeIrritation6pack_PID811,sens,high,NONE,"Skin Sens. 1: Sensitisation, skin, Category 1, H317",복구분 아님 · 출처 상충 없음 · CT 와 모순 없음,1,1.0,sds_v1,,False,False,False,False,False
EyeIrritation6pack_PID827,sens,medium,RECOVERED_negative,Respiratory or skin sensitization Not a sensitizer,y=sds_v1 status='negative' 복구분(카테고리 미기재 → NC 보충),NC,0.0,sds_v1_negative_recovered,NC,True,False,True,False,False
EyeIrritation6pack_PID828,sens,medium,RECOVERED_negative,Respiratory or skin sensitisation / Shall not be classified as a respiratory or skin sensitiser.,y=sds_v1 status='negative' 복구분(카테고리 미기재 → NC 보충),NC,0.0,sds_v1_negative_recovered,NC,True,False,True,False,False
EyeIrritation6pack_PID838,sens,high,NONE,3.4S skin sensitisation 1 Skin Sens. 1 H317,복구분 아님 · 출처 상충 없음 · CT 와 모순 없음,1,1.0,sds_v1,,False,False,False,False,False
EyeIrritation6pack_PID854,sens,high,NONE,3.4S skin sensitisation 1 Skin Sens. 1 H317,복구분 아님 · 출처 상충 없음 · CT 와 모순 없음,1,1.0,sds_v1,NC,False,False,False,False,False
EyeIrritation6pack_PID857,sens,high,NONE,,복구분 아님 · 출처 상충 없음 · CT 와 모순 없음,NC,0.0,sds_2nd_sec11,,False,False,False,False,False
EyeIrritation6pack_PID863,sens,medium,RECOVERED_negative,"Sensitization: Based on available data, the classification criteria are not met.",y=sds_v1 status='negative' 복구분(카테고리 미기재 → NC 보충),NC,0.0,sds_v1_negative_recovered,NC,True,False,True,False,False
EyeIrritation6pack_PID865,sens,medium,RECOVERED_negative,"Dermal Effects: Slightly irritating (Rabbit, Skin Sensitization: Not a sensitizer (Guinea Pig); LD50 (Rat) >5000 mg/kg body weight",y=sds_v1 status='negative' 복구분(카테고리 미기재 → NC 보충),NC,0.0,sds_v1_negative_recovered,,True,False,True,False,False
EyeIrritation6pack_PID869,sens,medium,RECOVERED_negative,Respiratory or skin sensitisation : Not classified,y=sds_v1 status='negative' 복구분(카테고리 미기재 → NC 보충),NC,0.0,sds_v1_negative_recovered,NC,True,False,True,False,False
EyeIrritation6pack_PID87,sens,high,NONE,,복구분 아님 · 출처 상충 없음 · CT 와 모순 없음,1,1.0,sds_2nd,,False,False,False,False,False
EyeIrritation6pack_PID871,sens,high,NONE,Skin Sens. 1 H317,복구분 아님 · 출처 상충 없음 · CT 와 모순 없음,1,1.0,sds_v1,NC,False,False,False,False,False
EyeIrritation6pack_PID873,sens,medium,RECOVERED_negative,Respiratory or skin sensitisation Components: Clopyralid monoethanolamine salt: Species : Mouse Assessment : Does not cause skin sensitisation. hexachlorobenzene: Species : Guinea pig Assessment : Does not cause skin sensitisation.,y=sds_v1 status='negative' 복구분(카테고리 미기재 → NC 보충),NC,0.0,sds_v1_negative_recovered,NC,True,False,True,False,False
EyeIrritation6pack_PID896,sens,high,NONE,,복구분 아님 · 출처 상충 없음 · CT 와 모순 없음,1,1.0,sds_2nd,,False,False,False,False,False
EyeIrritation6pack_PID897,sens,high,NONE,,복구분 아님 · 출처 상충 없음 · CT 와 모순 없음,1,1.0,sds_2nd,,False,False,False,False,False
EyeIrritation6pack_PID899,sens,high,NONE,,복구분 아님 · 출처 상충 없음 · CT 와 모순 없음,1,1.0,sds_2nd,,False,False,False,False,False
EyeIrritation6pack_PID903,sens,high,NONE,,복구분 아님 · 출처 상충 없음 · CT 와 모순 없음,1,1.0,sds_2nd,NC,False,False,False,False,False
EyeIrritation6pack_PID905,sens,high,NONE,,복구분 아님 · 출처 상충 없음 · CT 와 모순 없음,1,1.0,sds_2nd,,False,False,False,False,False
EyeIrritation6pack_PID907,sens,high,NONE,,복구분 아님 · 출처 상충 없음 · CT 와 모순 없음,1,1.0,sds_2nd,1,False,False,False,False,False
EyeIrritation6pack_PID916,sens,medium,RECOVERED_negative,Sensitization / Not Established,y=sds_v1 status='negative' 복구분(카테고리 미기재 → NC 보충),NC,0.0,sds_v1_negative_recovered,NC,True,False,False,False,False
EyeIrritation6pack_PID920,sens,medium,RECOVERED_negative,Skin sensitization (guinea pig): Not a sensitizer,y=sds_v1 status='negative' 복구분(카테고리 미기재 → NC 보충) | CT baseline(GHS 가산법)은 양성인데 최종 라벨은 음성 — 상충,NC,0.0,sds_v1_negative_recovered,1,True,False,True,False,False
EyeIrritation6pack_PID926,sens,medium,RECOVERED_negative,DERMAL SENSITIZATION  / Guinea pig: Not a contact sensitizer,y=sds_v1 status='negative' 복구분(카테고리 미기재 → NC 보충),NC,0.0,sds_v1_negative_recovered,,True,False,False,False,False
EyeIrritation6pack_PID932,sens,medium,RECOVERED_negative,Respiratory or skin sensitisation / Shall not be classified as a respiratory or skin sensitiser.,y=sds_v1 status='negative' 복구분(카테고리 미기재 → NC 보충),NC,0.0,sds_v1_negative_recovered,NC,True,False,True,False,False
EyeIrritation6pack_PID936,sens,medium,RECOVERED_negative,"d) respiratory or skin sensitisation / Based on available data, the classification criteria are not met",y=sds_v1 status='negative' 복구분(카테고리 미기재 → NC 보충),NC,0.0,sds_v1_negative_recovered,NC,True,False,True,False,False
EyeIrritation6pack_PID938,sens,high,NONE,,복구분 아님 · 출처 상충 없음 · CT 와 모순 없음,1,1.0,sds_2nd,NC,False,False,False,False,False
EyeIrritation6pack_PID940,sens,medium,RECOVERED_negative,Respiratory or skin sensitisation Buehler Test - guinea pig Did not cause sensitisation on laboratory animals.,y=sds_v1 status='negative' 복구분(카테고리 미기재 → NC 보충),NC,0.0,sds_v1_negative_recovered,,True,False,True,False,False
EyeIrritation6pack_PID960,sens,medium,RECOVERED_negative,Skin sensitisation / Not classified based on available information.,y=sds_v1 status='negative' 복구분(카테고리 미기재 → NC 보충),NC,0.0,sds_v1_negative_recovered,,True,False,True,False,False
EyeIrritation6pack_PID965,sens,medium,T2_endpoint_no_data,Skin Sensitization (guinea pigs) Not a sensitizer EPA Tox Category Not applicable,y=sds_v1 status='negative' 복구분(카테고리 미기재 → NC 보충) | T2: 문서에 음성진술은 있으나 해당 엔드포인트가 자료없음/미측정 → 시험근거 없는 음성,NC,0.0,sds_v1_negative_recovered,,True,False,True,False,True
EyeIrritation6pack_PID966,sens,medium,RECOVERED_negative,"Respiratory or Skin Sensitisation: Based on classification principles, the classification criteria are not met.",y=sds_v1 status='negative' 복구분(카테고리 미기재 → NC 보충),NC,0.0,sds_v1_negative_recovered,NC,True,False,True,False,False
EyeIrritation6pack_PID977,sens,medium,RECOVERED_negative,Not a skin sensitizer.,y=sds_v1 status='negative' 복구분(카테고리 미기재 → NC 보충),NC,0.0,sds_v1_negative_recovered,NC,True,False,True,False,False
EyeIrritation6pack_PID978,sens,medium,RECOVERED_negative,Skin Sensitization (guinea pig): Not a sensitizer,y=sds_v1 status='negative' 복구분(카테고리 미기재 → NC 보충),NC,0.0,sds_v1_negative_recovered,NC,True,False,True,False,False
EyeIrritation6pack_PID983,sens,high,NONE,"Sensitization - Skin Category 1 ... H317, May cause an allergic skin reaction.",복구분 아님 · 출처 상충 없음 · CT 와 모순 없음,1,1.0,sds_v1,NC,False,False,False,True,False
EyeIrritation6pack_PID996,sens,high,NONE,,복구분 아님 · 출처 상충 없음 · CT 와 모순 없음,NC,0.0,sds_2nd_sec11,NC,False,False,False,False,False
EyeIrritation6pack_PID998,sens,high,NONE,,복구분 아님 · 출처 상충 없음 · CT 와 모순 없음,NC,0.0,sds_2nd_sec11,,False,False,False,False,False
EyeIrritation6pack_PID999,sens,high,NONE,,복구분 아님 · 출처 상충 없음 · CT 와 모순 없음,NC,0.0,sds_2nd_sec11,,False,False,False,False,False
MIX1000,sens,high,NONE,SS1 Sensitisation skin 1 ... H317 - May cause an allergic skin reaction.,복구분 아님 · 출처 상충 없음 · CT 와 모순 없음,1,1.0,sds_v1,,False,False,False,True,False
MIX1001,sens,high,NONE,3.4S Skin sensitisation 1 Skin Sens. 1 H317,복구분 아님 · 출처 상충 없음 · CT 와 모순 없음,1,1.0,sds_v1,1,False,False,False,False,False
MIX1002,sens,high,NONE,SS1 Sensitisation skin 1 / ... / H317 - May cause an allergic skin reaction.,복구분 아님 · 출처 상충 없음 · CT 와 모순 없음,1,1.0,sds_v1,,False,False,False,True,False
MIX1004,sens,high,NONE,Respiratory or skin sensitization:  / No significant effects or critical hazards.,복구분 아님 · 출처 상충 없음 · CT 와 모순 없음,1,1.0,sds_v1,1,False,False,True,False,False
MIX1005,sens,high,NONE,,복구분 아님 · 출처 상충 없음 · CT 와 모순 없음,1,1.0,sds_2nd,,False,False,False,False,False
MIX1006,sens,high,NONE,,복구분 아님 · 출처 상충 없음 · CT 와 모순 없음,NC,0.0,phase1_sds,NC,False,False,False,False,False
MIX1007,sens,high,NONE,,복구분 아님 · 출처 상충 없음 · CT 와 모순 없음,1,1.0,sds_2nd_sec11,,False,False,False,False,False
MIX1008,sens,high,NONE,"Skin Sens. 1A Sensitisation, skin 1A H317 : May cause an allergic skin reaction.",복구분 아님 · 출처 상충 없음 · CT 와 모순 없음,1,1.0,sds_v1,NC,False,False,False,True,False
MIX1009,sens,high,NONE,,복구분 아님 · 출처 상충 없음 · CT 와 모순 없음,1,1.0,sds_2nd,,False,False,False,False,False
MIX1010,sens,high,NONE,"Skin sensitisation (Category 1), H317",복구분 아님 · 출처 상충 없음 · CT 와 모순 없음,1,1.0,sds_v1,1,False,False,False,False,False
MIX1012,sens,high,NONE,"FL 4, SCI 2, EDI 2A, SS 1, AH 1, EH A3, EH C3; H226, H304, H315, H317, H319, H402, H412",복구분 아님 · 출처 상충 없음 · CT 와 모순 없음,1,1.0,sds_v1,,False,False,False,False,False
MIX1013,sens,high,NONE,,복구분 아님 · 출처 상충 없음 · CT 와 모순 없음,NC,0.0,phase1_sds,,False,False,False,False,False
MIX1015,sens,high,NONE,,복구분 아님 · 출처 상충 없음 · CT 와 모순 없음,NC,0.0,phase1_sds,,False,False,False,False,False
MIX1016,sens,high,NONE,,복구분 아님 · 출처 상충 없음 · CT 와 모순 없음,NC,0.0,sds_2nd_sec11,,False,False,False,False,False
MIX1017,sens,high,NONE,,복구분 아님 · 출처 상충 없음 · CT 와 모순 없음,1,1.0,sds_2nd,,False,False,False,False,False
MIX1018,sens,high,NONE,,복구분 아님 · 출처 상충 없음 · CT 와 모순 없음,1,1.0,sds_2nd,,False,False,False,False,False
MIX102,sens,high,NONE,Skin Sens. 1; H317,복구분 아님 · 출처 상충 없음 · CT 와 모순 없음,1,1.0,sds_v1,,False,False,False,False,False
MIX1020,sens,high,NONE,3.4S Skin sensitisation 1 Skin Sens. 1 H317,복구분 아님 · 출처 상충 없음 · CT 와 모순 없음,1,1.0,sds_v1,NC,False,False,False,False,False
MIX1021,sens,high,NONE,"Skin sensitisation (Category 1), H317",복구분 아님 · 출처 상충 없음 · CT 와 모순 없음,1,1.0,sds_v1,,False,False,False,False,False
MIX1022,sens,high,NONE,"Sensitization - Skin Category 1 ... H317, May cause an allergic skin reaction.",복구분 아님 · 출처 상충 없음 · CT 와 모순 없음,1,1.0,sds_v1,,False,False,False,True,False
MIX1023,sens,high,NONE,Skin Sensitisation SS 1 H317 May cause an allergic skin reaction,복구분 아님 · 출처 상충 없음 · CT 와 모순 없음,1,1.0,sds_v1,,False,False,False,True,False
MIX1024,sens,low,FLIP_pos_to_neg,Sensitization to the Product: This product is not expected to cause skin sensitization.,y=sds_v1 status='negative' 복구분(카테고리 미기재 → NC 보충) | FLIP: 복구된 NC 가 하위 출처의 양성 주장을 이겨 v4 대비 양성→음성 전환,NC,0.0,sds_v1_negative_recovered,,True,True,True,False,False
MIX1026,sens,high,NONE,Skin Sensitization Category 1 ... H317 May cause an allergic skin reaction,복구분 아님 · 출처 상충 없음 · CT 와 모순 없음,1,1.0,sds_v1,1,False,False,False,True,False
MIX1028,sens,high,NONE,"Skin sensitisation (Category 1), H317",복구분 아님 · 출처 상충 없음 · CT 와 모순 없음,1,1.0,sds_v1,,False,False,False,False,False
MIX1030,sens,high,NONE,"Skin sensitisation, Category 1 H317",복구분 아님 · 출처 상충 없음 · CT 와 모순 없음,1,1.0,sds_v1,1,False,False,False,False,False
MIX1032,sens,high,NONE,,복구분 아님 · 출처 상충 없음 · CT 와 모순 없음,1,1.0,sds_2nd,,False,False,False,False,False
MIX1033,sens,high,NONE,,복구분 아님 · 출처 상충 없음 · CT 와 모순 없음,1,1.0,sds_2nd,,False,False,False,False,False
MIX1034,sens,high,NONE,Respiratory or skin sensitization: Skin Sens. 1,복구분 아님 · 출처 상충 없음 · CT 와 모순 없음,1,1.0,sds_v1,1,False,False,False,False,False
MIX1035,sens,high,NONE,,복구분 아님 · 출처 상충 없음 · CT 와 모순 없음,1,1.0,sds_2nd,,False,False,False,False,False
MIX1036,sens,high,NONE,,복구분 아님 · 출처 상충 없음 · CT 와 모순 없음,1,1.0,sds_2nd,,False,False,False,False,False
MIX1039,sens,high,NONE,,복구분 아님 · 출처 상충 없음 · CT 와 모순 없음,1,1.0,sds_2nd,,False,False,False,False,False
MIX1041,sens,high,NONE,3.4S Skin sensitisation 1 Skin Sens. 1 H317,복구분 아님 · 출처 상충 없음 · CT 와 모순 없음,1,1.0,sds_v1,NC,False,False,False,False,False
MIX1042,sens,high,NONE,,복구분 아님 · 출처 상충 없음 · CT 와 모순 없음,1,1.0,sds_2nd,NC,False,False,False,False,False
MIX1043,sens,high,NONE,,복구분 아님 · 출처 상충 없음 · CT 와 모순 없음,1,1.0,sds_2nd,,False,False,False,False,False
MIX1044,sens,high,NONE,Skin Sens. 1B - H317 May cause an allergic skin reaction.,복구분 아님 · 출처 상충 없음 · CT 와 모순 없음,1,1.0,sds_v1,1,False,False,False,True,False
MIX1045,sens,high,NONE,Skin Sens. 1 - H317 May cause an allergic skin reaction.,복구분 아님 · 출처 상충 없음 · CT 와 모순 없음,1,1.0,sds_v1,1,False,False,False,True,False
MIX1047,sens,low,FLIP_pos_to_neg,2.1 Classification of the substance or mixture / Not a hazardous substance or mixture.,y=sds_v1 status='negative' 복구분(카테고리 미기재 → NC 보충) | FLIP: 복구된 NC 가 하위 출처의 양성 주장을 이겨 v4 대비 양성→음성 전환,NC,0.0,sds_v1_negative_recovered,,True,True,True,False,False
MIX1055,sens,high,NONE,,복구분 아님 · 출처 상충 없음 · CT 와 모순 없음,1,1.0,sds_2nd,,False,False,False,False,False
MIX1056,sens,high,NONE,,복구분 아님 · 출처 상충 없음 · CT 와 모순 없음,NC,0.0,phase1_sds,NC,False,False,False,False,False
MIX1058,sens,high,NONE,,복구분 아님 · 출처 상충 없음 · CT 와 모순 없음,1,1.0,sds_2nd,,False,False,False,False,False
MIX1060,sens,high,NONE,,복구분 아님 · 출처 상충 없음 · CT 와 모순 없음,1,1.0,sds_2nd_sec11,1,False,False,False,False,False
MIX1062,sens,high,NONE,,복구분 아님 · 출처 상충 없음 · CT 와 모순 없음,1,1.0,sds_2nd_sec11,,False,False,False,False,False
MIX1063,sens,high,NONE,Skin Sens. 1 - H317,복구분 아님 · 출처 상충 없음 · CT 와 모순 없음,1,1.0,sds_v1,NC,False,False,False,False,False
MIX1066,sens,high,NONE,"Skin Corrosion/Irritation, Category 2 Skin Sensitization, Category 1 / H317 - May cause allergic skin reaction",복구분 아님 · 출처 상충 없음 · CT 와 모순 없음,1,1.0,sds_v1,,False,False,False,True,False
MIX1067,sens,medium,RECOVERED_negative,Not expected to cause an allergic skin reaction.,y=sds_v1 status='negative' 복구분(카테고리 미기재 → NC 보충),NC,0.0,sds_v1_negative_recovered,,True,False,True,True,False
MIX1069,sens,high,NONE,H317 May cause an allergic skin reaction.,복구분 아님 · 출처 상충 없음 · CT 와 모순 없음,1,1.0,sds_v1,,False,False,False,True,False
MIX1070,sens,high,NONE,Skin Sens. 1 H317 May cause an allergic skin reaction.,복구분 아님 · 출처 상충 없음 · CT 와 모순 없음,1,1.0,sds_v1,,False,False,False,True,False
MIX1071,sens,high,NONE,,복구분 아님 · 출처 상충 없음 · CT 와 모순 없음,1,1.0,sds_2nd_sec11,NC,False,False,False,False,False
MIX1072,sens,high,NONE,"d) respiratory or skin sensitisation; / Product classified: / Skin sensitiser, Category 1: May cause an allergic skin reaction.",복구분 아님 · 출처 상충 없음 · CT 와 모순 없음,1,1.0,sds_v1,1,False,False,False,True,False
MIX1073,sens,high,NONE,,복구분 아님 · 출처 상충 없음 · CT 와 모순 없음,1,1.0,sds_2nd_sec11,,False,False,False,False,False
MIX1074,sens,high,NONE,"Skin sensitisation (Category 1), H317",복구분 아님 · 출처 상충 없음 · CT 와 모순 없음,1,1.0,sds_v1,,False,False,False,False,False
MIX1075,sens,high,NONE,"SS 1A Skin Sensitisation, Category 1A ... H317 May cause an allergic skin reaction.",복구분 아님 · 출처 상충 없음 · CT 와 모순 없음,1,1.0,sds_v1,,False,False,False,True,False
MIX1076,sens,high,NONE,,복구분 아님 · 출처 상충 없음 · CT 와 모순 없음,1,1.0,sds_2nd,,False,False,False,False,False
MIX110,sens,high,NONE,,복구분 아님 · 출처 상충 없음 · CT 와 모순 없음,1,1.0,phase1_sds,1,False,False,False,False,False
MIX111,sens,medium,RECOVERED_negative,Skin sensitizer = Not a skin sensitizer,y=sds_v1 status='negative' 복구분(카테고리 미기재 → NC 보충),NC,0.0,sds_v1_negative_recovered,,True,False,True,False,False
MIX112,sens,medium,RECOVERED_negative,Respiratory or skin sensitisation  / Will not occur,y=sds_v1 status='negative' 복구분(카테고리 미기재 → NC 보충),NC,0.0,sds_v1_negative_recovered,NC,True,False,True,False,False
MIX114,sens,medium,RECOVERED_negative,Respiratory or skin sensitisation  / Will not occur,y=sds_v1 status='negative' 복구분(카테고리 미기재 → NC 보충),NC,0.0,sds_v1_negative_recovered,NC,True,False,True,False,False
MIX116,sens,medium,RECOVERED_negative,Respiratory or skin sensitisation / Shall not be classified as a respiratory or skin sensitiser.,y=sds_v1 status='negative' 복구분(카테고리 미기재 → NC 보충),NC,0.0,sds_v1_negative_recovered,NC,True,False,True,False,False
MIX127,sens,high,NONE,,복구분 아님 · 출처 상충 없음 · CT 와 모순 없음,1,1.0,sds_2nd,,False,False,False,False,False
MIX128,sens,high,NONE,,복구분 아님 · 출처 상충 없음 · CT 와 모순 없음,1,1.0,sds_2nd,,False,False,False,False,False
MIX13,sens,medium,RECOVERED_negative,Respiratory or skin sensitisation  / Will not occur,y=sds_v1 status='negative' 복구분(카테고리 미기재 → NC 보충),NC,0.0,sds_v1_negative_recovered,NC,True,False,True,False,False
MIX130,sens,high,NONE,,복구분 아님 · 출처 상충 없음 · CT 와 모순 없음,NC,0.0,sds_2nd_sec11,,False,False,False,False,False
MIX131,sens,high,NONE,,복구분 아님 · 출처 상충 없음 · CT 와 모순 없음,NC,0.0,sds_2nd_sec11,NC,False,False,False,False,False
MIX132,sens,high,NONE,,복구분 아님 · 출처 상충 없음 · CT 와 모순 없음,NC,0.0,sds_2nd_sec11,,False,False,False,False,False
MIX133,sens,medium,SOURCE_CONFLICT,(d)respiratory or skin sensitization  /  Dermal (guinea pig): Negative,출처 간 서열 상충(y_conflict=True),1,1.0,sds_v1,,False,True,False,False,False
MIX135,sens,high,NONE,,복구분 아님 · 출처 상충 없음 · CT 와 모순 없음,1,1.0,sds_2nd,,False,False,False,False,False
MIX139,sens,high,NONE,,복구분 아님 · 출처 상충 없음 · CT 와 모순 없음,1,1.0,sds_2nd,,False,False,False,False,False
MIX140,sens,medium,RECOVERED_negative,SENSITIZATION: Skin sensitization: Not a sensitizer (guinea pig),y=sds_v1 status='negative' 복구분(카테고리 미기재 → NC 보충),NC,0.0,sds_v1_negative_recovered,NC,True,False,True,False,False
MIX141,sens,high,NONE,,복구분 아님 · 출처 상충 없음 · CT 와 모순 없음,1,1.0,sds_2nd,,False,False,False,False,False
MIX143,sens,high,NONE,,복구분 아님 · 출처 상충 없음 · CT 와 모순 없음,NC,0.0,sds_2nd_sec11,NC,False,False,False,False,False
MIX144,sens,high,NONE,,복구분 아님 · 출처 상충 없음 · CT 와 모순 없음,1,1.0,sds_2nd,NC,False,False,False,False,False
MIX145,sens,medium,RECOVERED_negative,Sensitization Information The components of this product are not known to be sensitizes with repeated or prolonged use.,y=sds_v1 status='negative' 복구분(카테고리 미기재 → NC 보충),NC,0.0,sds_v1_negative_recovered,,True,False,False,False,False
MIX149,sens,high,NONE,"Respiratory or skin sensitization • skin: Did not cause sensitization, Guinea pig; OECD 406",복구분 아님 · 출처 상충 없음 · CT 와 모순 없음,1,1.0,sds_v1,,False,False,True,False,False
MIX15,sens,medium,RECOVERED_negative,Respiratory or skin sensitisation  / Will not occur,y=sds_v1 status='negative' 복구분(카테고리 미기재 → NC 보충),NC,0.0,sds_v1_negative_recovered,NC,True,False,True,False,False
MIX150,sens,high,NONE,,복구분 아님 · 출처 상충 없음 · CT 와 모순 없음,1,1.0,sds_2nd,,False,False,False,False,False
MIX152,sens,high,NONE,,복구분 아님 · 출처 상충 없음 · CT 와 모순 없음,1,1.0,sds_2nd,,False,False,False,False,False
MIX157,sens,high,NONE,,복구분 아님 · 출처 상충 없음 · CT 와 모순 없음,1,1.0,sds_2nd,NC,False,False,False,False,False
MIX158,sens,medium,RECOVERED_negative,Sensitization Skin: Non-sensitizer (Guinea Pig),y=sds_v1 status='negative' 복구분(카테고리 미기재 → NC 보충),NC,0.0,sds_v1_negative_recovered,NC,True,False,True,False,False
MIX160,sens,high,NONE,,복구분 아님 · 출처 상충 없음 · CT 와 모순 없음,NC,0.0,sds_2nd_sec11,NC,False,False,False,False,False
MIX161,sens,high,NONE,,복구분 아님 · 출처 상충 없음 · CT 와 모순 없음,1,1.0,sds_2nd,NC,False,False,False,False,False
MIX162,sens,high,NONE,,복구분 아님 · 출처 상충 없음 · CT 와 모순 없음,NC,0.0,sds_2nd_sec11,,False,False,False,False,False
MIX163,sens,high,NONE,,복구분 아님 · 출처 상충 없음 · CT 와 모순 없음,1,1.0,sds_2nd_sec11,,False,False,False,False,False
MIX164,sens,high,NONE,,복구분 아님 · 출처 상충 없음 · CT 와 모순 없음,1,1.0,sds_2nd,,False,False,False,False,False
MIX167,sens,high,NONE,,복구분 아님 · 출처 상충 없음 · CT 와 모순 없음,NC,0.0,sds_2nd,NC,False,False,False,False,False
MIX168,sens,high,NONE,,복구분 아님 · 출처 상충 없음 · CT 와 모순 없음,NC,0.0,sds_2nd,NC,False,False,False,False,False
MIX169,sens,high,NONE,,복구분 아님 · 출처 상충 없음 · CT 와 모순 없음,NC,0.0,sds_2nd_sec11,,False,False,False,False,False
MIX171,sens,high,NONE,,복구분 아님 · 출처 상충 없음 · CT 와 모순 없음,NC,0.0,sds_2nd_sec11,,False,False,False,False,False
MIX173,sens,high,NONE,Classifications: Skin Sensitizer: Category 1B ... Hazard Statements: May cause an allergic skin reaction,복구분 아님 · 출처 상충 없음 · CT 와 모순 없음,1B,1.0,sds_v1,,False,False,False,True,False
MIX180,sens,high,NONE,,복구분 아님 · 출처 상충 없음 · CT 와 모순 없음,1,1.0,sds_2nd,NC,False,False,False,False,False
MIX182,sens,high,NONE,,복구분 아님 · 출처 상충 없음 · CT 와 모순 없음,NC,0.0,sds_2nd_sec11,NC,False,False,False,False,False
MIX183,sens,medium,RECOVERED_negative,Respiratory or Skin Sensitization / Fipronil: Not a dermal sensitizer (EPA) / Pyriproxyfen: Non-sensitizing (guinea pig),y=sds_v1 status='negative' 복구분(카테고리 미기재 → NC 보충),NC,0.0,sds_v1_negative_recovered,NC,True,False,True,False,False
MIX186,sens,high,NONE,,복구분 아님 · 출처 상충 없음 · CT 와 모순 없음,1,1.0,sds_2nd,NC,False,False,False,False,False
MIX188,sens,high,NONE,,복구분 아님 · 출처 상충 없음 · CT 와 모순 없음,1,1.0,sds_2nd,NC,False,False,False,False,False
MIX19,sens,high,NONE,,복구분 아님 · 출처 상충 없음 · CT 와 모순 없음,NC,0.0,sds_2nd_sec11,,False,False,False,False,False
MIX192,sens,high,NONE,,복구분 아님 · 출처 상충 없음 · CT 와 모순 없음,NC,0.0,sds_2nd_sec11,NC,False,False,False,False,False
MIX194,sens,medium,RECOVERED_negative,Respiratory or skin sensitization Did not cause sensitization on laboratory animals.,y=sds_v1 status='negative' 복구분(카테고리 미기재 → NC 보충),NC,0.0,sds_v1_negative_recovered,NC,True,False,True,False,False
MIX196,sens,high,NONE,,복구분 아님 · 출처 상충 없음 · CT 와 모순 없음,NC,0.0,sds_2nd_sec11,NC,False,False,False,False,False
MIX198,sens,high,NONE,,복구분 아님 · 출처 상충 없음 · CT 와 모순 없음,1,1.0,sds_2nd,,False,False,False,False,False
MIX2,sens,high,NONE,,복구분 아님 · 출처 상충 없음 · CT 와 모순 없음,1,1.0,sds_2nd,1,False,False,False,False,False
MIX20,sens,high,NONE,,복구분 아님 · 출처 상충 없음 · CT 와 모순 없음,1,1.0,sds_2nd,,False,False,False,False,False
MIX203,sens,medium,RECOVERED_negative,Respiratory or skin sensitisation / Shall not be classified as a respiratory or skin sensitiser.,y=sds_v1 status='negative' 복구분(카테고리 미기재 → NC 보충),NC,0.0,sds_v1_negative_recovered,NC,True,False,True,False,False
MIX204,sens,medium,RECOVERED_negative,Assessment of sensitization: There is no evidence of a skin-sensitizing potential. / Experimental/calculated data: modified Buehler test guinea pig: Skin sensitizing effects were not observed in animal studies. (OECD Guideline 406),y=sds_v1 status='negative' 복구분(카테고리 미기재 → NC 보충),NC,0.0,sds_v1_negative_recovered,NC,True,False,False,False,False
MIX212,sens,high,NONE,Respiratory or skin sensitization / no data available,복구분 아님 · 출처 상충 없음 · CT 와 모순 없음,1,1.0,sds_2nd,,False,False,False,True,True
MIX218,sens,high,NONE,"Skin sensitisation (Category 1), H317",복구분 아님 · 출처 상충 없음 · CT 와 모순 없음,1,1.0,sds_v1,,False,False,False,False,False
MIX220,sens,high,NONE,,복구분 아님 · 출처 상충 없음 · CT 와 모순 없음,1,1.0,sds_2nd,,False,False,False,False,False
MIX221,sens,high,NONE,,복구분 아님 · 출처 상충 없음 · CT 와 모순 없음,NC,0.0,sds_2nd,NC,False,False,False,False,False
MIX222,sens,high,NONE,3.4S skin sensitisation 1 Skin Sens. 1 H317,복구분 아님 · 출처 상충 없음 · CT 와 모순 없음,1,1.0,sds_v1,NC,False,False,False,False,False
MIX224,sens,high,NONE,,복구분 아님 · 출처 상충 없음 · CT 와 모순 없음,1,1.0,sds_2nd,NC,False,False,False,False,False
MIX226,sens,high,NONE,,복구분 아님 · 출처 상충 없음 · CT 와 모순 없음,1,1.0,sds_2nd,,False,False,False,False,False
MIX227,sens,medium,RECOVERED_negative,Skin sensitization --- Not Applicable,y=sds_v1 status='negative' 복구분(카테고리 미기재 → NC 보충),NC,0.0,sds_v1_negative_recovered,,True,False,False,False,True
MIX229,sens,medium,RECOVERED_negative,Assessment of sensitization: / No sensitizing effect. /  / Experimental/calculated data: / Buehler test guinea pig: Non-sensitizing.,y=sds_v1 status='negative' 복구분(카테고리 미기재 → NC 보충),NC,0.0,sds_v1_negative_recovered,NC,True,False,True,False,False
MIX23,sens,medium,RECOVERED_negative,Respiratory or skin sensitisation / Shall not be classified as a respiratory or skin sensitiser.,y=sds_v1 status='negative' 복구분(카테고리 미기재 → NC 보충),NC,0.0,sds_v1_negative_recovered,,True,False,True,False,False
MIX230,sens,high,NONE,,복구분 아님 · 출처 상충 없음 · CT 와 모순 없음,1,1.0,sds_2nd,,False,False,False,False,False
MIX231,sens,high,NONE,,복구분 아님 · 출처 상충 없음 · CT 와 모순 없음,1,1.0,sds_2nd,,False,False,False,False,False
MIX235,sens,high,NONE,,복구분 아님 · 출처 상충 없음 · CT 와 모순 없음,1,1.0,sds_2nd,1,False,False,False,False,False
MIX236,sens,high,NONE,"Skin sensitisation (Category 1), H317",복구분 아님 · 출처 상충 없음 · CT 와 모순 없음,1,1.0,sds_v1,,False,False,False,False,False
MIX238,sens,high,NONE,"Skin sensitisation (Category 1), H317",복구분 아님 · 출처 상충 없음 · CT 와 모순 없음,1,1.0,sds_v1,,False,False,False,False,False
MIX239,sens,high,NONE,"Skin sensitisation (Category 1), H317",복구분 아님 · 출처 상충 없음 · CT 와 모순 없음,1,1.0,sds_v1,,False,False,False,False,False
MIX24,sens,high,NONE,Classification of the substance or mixture: / Acute oral (Category 4) / Acute Inhalation (Category 4) / Skin sensitization (Category 1B) / Acute aquatic toxicity (Category 2),복구분 아님 · 출처 상충 없음 · CT 와 모순 없음,1B,1.0,sds_v1,,False,False,False,False,False
MIX242,sens,high,NONE,,복구분 아님 · 출처 상충 없음 · CT 와 모순 없음,NC,0.0,sds_2nd_sec11,,False,False,False,False,False
MIX245,sens,high,NONE,3.4S Skin sensitisation 1 Skin Sens. 1 H317,복구분 아님 · 출처 상충 없음 · CT 와 모순 없음,1,1.0,sds_v1,,False,False,False,False,False
MIX246,sens,high,NONE,"Skin sensitisation (Category 1), H317",복구분 아님 · 출처 상충 없음 · CT 와 모순 없음,1,1.0,sds_v1,,False,False,False,False,False
MIX248,sens,medium,RECOVERED_negative,Respiratory or skin sensitisation Shall not be classified as a respiratory or skin sensitiser.,y=sds_v1 status='negative' 복구분(카테고리 미기재 → NC 보충),NC,0.0,sds_v1_negative_recovered,NC,True,False,True,False,False
MIX249,sens,medium,RECOVERED_negative,Sensitization / For the active ingredient(s): / Did not cause allergic skin reactions when tested in guinea pigs.,y=sds_v1 status='negative' 복구분(카테고리 미기재 → NC 보충),NC,0.0,sds_v1_negative_recovered,,True,False,True,True,False
MIX250,sens,medium,RECOVERED_negative,Respiratory or skin sensitisation / Shall not be classified as a respiratory or skin sensitiser.,y=sds_v1 status='negative' 복구분(카테고리 미기재 → NC 보충),NC,0.0,sds_v1_negative_recovered,NC,True,False,True,False,False
MIX251,sens,medium,RECOVERED_negative,Sensitization / Did not cause allergic skin reactions when tested in guinea pigs.,y=sds_v1 status='negative' 복구분(카테고리 미기재 → NC 보충),NC,0.0,sds_v1_negative_recovered,,True,False,True,True,False
MIX254,sens,high,NONE,Sensitization / Did not demonstrate the potential for contact allergy in mice. / Did not cause allergic skin reactions when tested in guinea pigs.,복구분 아님 · 출처 상충 없음 · CT 와 모순 없음,1,1.0,sds_v1,,False,False,True,True,False
MIX256,sens,high,NONE,Skin sensitization - Category 1 - H317,복구분 아님 · 출처 상충 없음 · CT 와 모순 없음,1,1.0,sds_v1,,False,False,False,False,False
MIX26,sens,high,NONE,,복구분 아님 · 출처 상충 없음 · CT 와 모순 없음,1,1.0,sds_2nd,,False,False,False,False,False
MIX260,sens,high,NONE,,복구분 아님 · 출처 상충 없음 · CT 와 모순 없음,1,1.0,sds_2nd_sec11,,False,False,False,False,False
MIX261,sens,high,NONE,,복구분 아님 · 출처 상충 없음 · CT 와 모순 없음,1,1.0,sds_2nd,1,False,False,False,False,False
MIX27,sens,high,NONE,,복구분 아님 · 출처 상충 없음 · CT 와 모순 없음,1,1.0,sds_2nd,NC,False,False,False,False,False
MIX270,sens,high,NONE,,복구분 아님 · 출처 상충 없음 · CT 와 모순 없음,1,1.0,sds_2nd,NC,False,False,False,False,False
MIX273,sens,high,NONE,"Skin sensitisation, Category 1 H317: May cause an allergic skin reaction.",복구분 아님 · 출처 상충 없음 · CT 와 모순 없음,1,1.0,sds_v1,NC,False,False,False,True,False
MIX274,sens,high,NONE,Skin Sensitizer - Category 1A H317  May cause an allergic skin reaction.,복구분 아님 · 출처 상충 없음 · CT 와 모순 없음,1,1.0,sds_v1,,False,False,False,True,False
MIX275,sens,high,NONE,Skin Sens. 1 H317 May cause an allergic skin reaction.,복구분 아님 · 출처 상충 없음 · CT 와 모순 없음,1,1.0,sds_v1,,False,False,False,True,False
MIX280,sens,high,NONE,Skin Sensitization Category 1,복구분 아님 · 출처 상충 없음 · CT 와 모순 없음,1,1.0,sds_v1,,False,False,False,False,False
MIX281,sens,high,NONE,,복구분 아님 · 출처 상충 없음 · CT 와 모순 없음,NC,0.0,sds_2nd_sec11,,False,False,False,False,False
MIX286,sens,high,NONE,,복구분 아님 · 출처 상충 없음 · CT 와 모순 없음,NC,0.0,sds_2nd_sec11,,False,False,False,False,False
MIX289,sens,medium,RECOVERED_negative,Skin Sensitization: Not a sensitizer (Guinea Pig),y=sds_v1 status='negative' 복구분(카테고리 미기재 → NC 보충),NC,0.0,sds_v1_negative_recovered,NC,True,False,True,False,False
MIX294,sens,medium,RECOVERED_negative,Skin sensitization This product is not expected to cause skin sensitization.,y=sds_v1 status='negative' 복구분(카테고리 미기재 → NC 보충),NC,0.0,sds_v1_negative_recovered,NC,True,False,True,False,False
MIX309,sens,high,NONE,,복구분 아님 · 출처 상충 없음 · CT 와 모순 없음,1,1.0,sds_2nd,,False,False,False,False,False
MIX31,sens,high,NONE,,복구분 아님 · 출처 상충 없음 · CT 와 모순 없음,NC,0.0,sds_2nd_sec11,,False,False,False,False,False
MIX311,sens,high,NONE,Skin Sensitizer:  Category 1B,복구분 아님 · 출처 상충 없음 · CT 와 모순 없음,1B,1.0,sds_v1,1,False,False,False,False,False
MIX316,sens,high,NONE,,복구분 아님 · 출처 상충 없음 · CT 와 모순 없음,1,1.0,sds_2nd,,False,False,False,False,False
MIX32,sens,high,NONE,,복구분 아님 · 출처 상충 없음 · CT 와 모순 없음,NC,0.0,sds_2nd_sec11,,False,False,False,False,False
MIX322,sens,high,NONE,,복구분 아님 · 출처 상충 없음 · CT 와 모순 없음,1,1.0,sds_2nd,,False,False,False,False,False
MIX323,sens,high,NONE,,복구분 아님 · 출처 상충 없음 · CT 와 모순 없음,1,1.0,sds_2nd,1,False,False,False,False,False
MIX324,sens,high,NONE,Classifications: Skin Sensitizer:  Category 1B ... Hazard Statements: May cause an allergic skin reaction,복구분 아님 · 출처 상충 없음 · CT 와 모순 없음,1B,1.0,sds_v1,,False,False,False,True,False
MIX329,sens,low,FLIP_pos_to_neg,2.1 Classification of the substance or mixture Not a hazardous substance or mixture.,y=sds_v1 status='negative' 복구분(카테고리 미기재 → NC 보충) | FLIP: 복구된 NC 가 하위 출처의 양성 주장을 이겨 v4 대비 양성→음성 전환 | CT baseline(GHS 가산법)은 양성인데 최종 라벨은 음성 — 상충,NC,0.0,sds_v1_negative_recovered,1,True,True,True,False,False
MIX33,sens,high,NONE,,복구분 아님 · 출처 상충 없음 · CT 와 모순 없음,NC,0.0,sds_2nd_sec11,NC,False,False,False,False,False
MIX334,sens,high,NONE,,복구분 아님 · 출처 상충 없음 · CT 와 모순 없음,1,1.0,sds_2nd,1,False,False,False,False,False
MIX335,sens,high,NONE,,복구분 아님 · 출처 상충 없음 · CT 와 모순 없음,1B,1.0,sds_2nd_sec11,,False,False,False,False,False
MIX338,sens,medium,RECOVERED_negative,"When the total weight of evidence is considered this product is considered to be an eye, skin and repository irritant and not a respiratory or skin sensitizer according to health hazard classification criteria.",y=sds_v1 status='negative' 복구분(카테고리 미기재 → NC 보충) | CT baseline(GHS 가산법)은 양성인데 최종 라벨은 음성 — 상충,NC,0.0,sds_v1_negative_recovered,1,True,False,False,False,False
MIX339,sens,medium,RECOVERED_negative,Respiratory or skin sensitisation Components: metribuzin (ISO): Species : animals (unspecified species) Result : Does not cause skin sensitisation.,y=sds_v1 status='negative' 복구분(카테고리 미기재 → NC 보충) | CT baseline(GHS 가산법)은 양성인데 최종 라벨은 음성 — 상충,NC,0.0,sds_v1_negative_recovered,1,True,False,True,False,False
MIX34,sens,medium,CT_CONTRADICTION,,CT baseline(GHS 가산법)은 양성인데 최종 라벨은 음성 — 상충,NC,0.0,sds_2nd_sec11,1,False,False,False,False,False
MIX342,sens,high,NONE,Respiratory or skin sensitisation / Product: / Species : Guinea pig / Result : Does not cause skin sensitisation.,복구분 아님 · 출처 상충 없음 · CT 와 모순 없음,1,1.0,sds_v1,,False,False,True,False,False
MIX345,sens,high,NONE,"Respiratory or skin sensitization ... Conclusion/Summary Skin : Based on available data, the classification criteria are not met.",복구분 아님 · 출처 상충 없음 · CT 와 모순 없음,1,1.0,sds_v1,,False,False,True,False,False
MIX347,sens,medium,SOURCE_CONFLICT,H317 May	cause	an	allergic skin reaction.,출처 간 서열 상충(y_conflict=True),1,1.0,sds_v1,,False,True,False,True,False
MIX350,sens,high,NONE,,복구분 아님 · 출처 상충 없음 · CT 와 모순 없음,1,1.0,sds_2nd,,False,False,False,False,False
MIX351,sens,medium,RECOVERED_negative,Respiratory or skin sensitisation / Shall not be classified as a respiratory or skin sensitiser.,y=sds_v1 status='negative' 복구분(카테고리 미기재 → NC 보충),NC,0.0,sds_v1_negative_recovered,,True,False,True,False,False
MIX354,sens,high,NONE,,복구분 아님 · 출처 상충 없음 · CT 와 모순 없음,NC,0.0,sds_2nd_sec11,,False,False,False,False,False
MIX358,sens,high,NONE,,복구분 아님 · 출처 상충 없음 · CT 와 모순 없음,1,1.0,sds_2nd,,False,False,False,False,False
MIX36,sens,high,NONE,,복구분 아님 · 출처 상충 없음 · CT 와 모순 없음,1A,1.0,sds_2nd_sec11,,False,False,False,False,False
MIX364,sens,medium,RECOVERED_negative,2.1 Classification of the substance or mixture  / Not a hazardous substance or mixture.,y=sds_v1 status='negative' 복구분(카테고리 미기재 → NC 보충),NC,0.0,sds_v1_negative_recovered,,True,False,True,False,False
MIX366,sens,high,NONE,,복구분 아님 · 출처 상충 없음 · CT 와 모순 없음,1,1.0,sds_2nd,1,False,False,False,False,False
MIX367,sens,high,NONE,,복구분 아님 · 출처 상충 없음 · CT 와 모순 없음,1,1.0,sds_2nd,NC,False,False,False,False,False
MIX37,sens,high,NONE,,복구분 아님 · 출처 상충 없음 · CT 와 모순 없음,1,1.0,sds_2nd,,False,False,False,False,False
MIX370,sens,medium,RECOVERED_negative,Respiratory or skin sensitisation / Shall not be classified as a respiratory or skin sensitiser.,y=sds_v1 status='negative' 복구분(카테고리 미기재 → NC 보충),NC,0.0,sds_v1_negative_recovered,,True,False,True,False,False
MIX373,sens,high,NONE,"Skin sensitization, Category 1 ... H317 May cause an allergic skin reaction",복구분 아님 · 출처 상충 없음 · CT 와 모순 없음,1,1.0,sds_v1,,False,False,False,True,False
MIX375,sens,high,NONE,Respiratory or skin sensitisation / Product: / Species : Guinea pig / Result : Did not cause sensitisation on laboratory animals. / Remarks : Based on data from similar materials,복구분 아님 · 출처 상충 없음 · CT 와 모순 없음,1,1.0,sds_v1,,False,False,True,False,False
MIX377,sens,high,NONE,Skin Sens. 1 H317 May cause an allergic skin reaction.,복구분 아님 · 출처 상충 없음 · CT 와 모순 없음,1,1.0,sds_v1,1,False,False,False,True,False
MIX383,sens,medium,RECOVERED_negative,"Respiratory or skin sensitisation : Not classified (Based on available data, the classification criteria are not met.)",y=sds_v1 status='negative' 복구분(카테고리 미기재 → NC 보충),NC,0.0,sds_v1_negative_recovered,,True,False,True,False,False
MIX387,sens,high,NONE,,복구분 아님 · 출처 상충 없음 · CT 와 모순 없음,NC,0.0,sds_2nd_sec11,,False,False,False,False,False
MIX388,sens,high,NONE,,복구분 아님 · 출처 상충 없음 · CT 와 모순 없음,1,1.0,sds_2nd,NC,False,False,False,False,False
MIX394,sens,high,NONE,"Respiratory or skin sensitization: Based on available data, the classification criteria are not met. The mixture might produce an allergic reaction in already sensitized individuals.",복구분 아님 · 출처 상충 없음 · CT 와 모순 없음,1,1.0,sds_v1,,False,False,True,True,False
MIX395,sens,high,NONE,Sensitization (skin) Not Classified Not Applicable,복구분 아님 · 출처 상충 없음 · CT 와 모순 없음,1,1.0,sds_v1,1,False,False,True,False,True
MIX397,sens,medium,RECOVERED_negative,Respiratory or skin sensitization: Species: Guinea pig Method: Guinea pig maximization assay (GPMT) (OECD 406) Result: Does not cause skin sensitization,y=sds_v1 status='negative' 복구분(카테고리 미기재 → NC 보충),NC,0.0,sds_v1_negative_recovered,,True,False,True,False,False
MIX398,sens,high,NONE,,복구분 아님 · 출처 상충 없음 · CT 와 모순 없음,NC,0.0,sds_2nd_sec11,NC,False,False,False,False,False
MIX402,sens,medium,RECOVERED_negative,Respiratory or skin sensitisation /  - Guinea pig / Result: Does not cause skin sensitisation.,y=sds_v1 status='negative' 복구분(카테고리 미기재 → NC 보충),NC,0.0,sds_v1_negative_recovered,,True,False,True,False,False
MIX403,sens,medium,RECOVERED_negative,Respiratory or skin sensitization Not a sensitizer,y=sds_v1 status='negative' 복구분(카테고리 미기재 → NC 보충),NC,0.0,sds_v1_negative_recovered,NC,True,False,True,False,False
MIX405,sens,medium,RECOVERED_negative,Respiratory or skin sensitisation / Shall not be classified as a respiratory or skin sensitiser.,y=sds_v1 status='negative' 복구분(카테고리 미기재 → NC 보충),NC,0.0,sds_v1_negative_recovered,NC,True,False,True,False,False
MIX407,sens,high,NONE,"Skin sensitisation (Category 1), H317",복구분 아님 · 출처 상충 없음 · CT 와 모순 없음,1,1.0,sds_v1,,False,False,False,False,False
MIX415,sens,high,NONE,,복구분 아님 · 출처 상충 없음 · CT 와 모순 없음,NC,0.0,sds_2nd_sec11,NC,False,False,False,False,False
MIX418,sens,high,NONE,"Skin sensitisation (Category 1), H317",복구분 아님 · 출처 상충 없음 · CT 와 모순 없음,1,1.0,sds_v1,,False,False,False,False,False
MIX42,sens,medium,RECOVERED_negative,Sensitization / Did not cause allergic skin reactions when tested in guinea pigs.,y=sds_v1 status='negative' 복구분(카테고리 미기재 → NC 보충),NC,0.0,sds_v1_negative_recovered,,True,False,True,True,False
MIX425,sens,high,NONE,,복구분 아님 · 출처 상충 없음 · CT 와 모순 없음,1,1.0,sds_2nd,1,False,False,False,False,False
MIX429,sens,medium,CT_CONTRADICTION,,CT baseline(GHS 가산법)은 양성인데 최종 라벨은 음성 — 상충,NC,0.0,sds_2nd_sec11,1,False,False,False,False,False
MIX43,sens,high,NONE,,복구분 아님 · 출처 상충 없음 · CT 와 모순 없음,1,1.0,sds_2nd,1,False,False,False,False,False
MIX430,sens,high,NONE,3.4S skin sensitisation 1 Skin Sens. 1 H317,복구분 아님 · 출처 상충 없음 · CT 와 모순 없음,1,1.0,sds_v1,NC,False,False,False,False,False
MIX431,sens,medium,RECOVERED_negative,Respiratory or skin sensitisation Shall not be classified as a respiratory or skin sensitiser.,y=sds_v1 status='negative' 복구분(카테고리 미기재 → NC 보충),NC,0.0,sds_v1_negative_recovered,,True,False,True,False,False
MIX433,sens,high,NONE,,복구분 아님 · 출처 상충 없음 · CT 와 모순 없음,NC,0.0,sds_2nd_sec11,,False,False,False,False,False
MIX436,sens,medium,RECOVERED_negative,Respiratory or skin sensitisation Components: Clopyralid monoethanolamine salt: Species : Mouse Assessment : Does not cause skin sensitisation. hexachlorobenzene: Species : Guinea pig Assessment : Does not cause skin sensitisation.,y=sds_v1 status='negative' 복구분(카테고리 미기재 → NC 보충),NC,0.0,sds_v1_negative_recovered,NC,True,False,True,False,False
MIX439,sens,medium,RECOVERED_negative,"Sensitization: Based on available data, the classification criteria are not met.",y=sds_v1 status='negative' 복구분(카테고리 미기재 → NC 보충),NC,0.0,sds_v1_negative_recovered,NC,True,False,True,False,False
MIX44,sens,high,NONE,"Skin sensitisation, Category 1 H317",복구분 아님 · 출처 상충 없음 · CT 와 모순 없음,1,1.0,sds_v1,1,False,False,False,False,False
MIX440,sens,medium,RECOVERED_negative,"Dermal Effects: Slightly irritating (Rabbit, Skin Sensitization: Not a sensitizer (Guinea Pig); LD50 (Rat) >5000 mg/kg body weight",y=sds_v1 status='negative' 복구분(카테고리 미기재 → NC 보충),NC,0.0,sds_v1_negative_recovered,,True,False,True,False,False
MIX445,sens,medium,RECOVERED_negative,Respiratory or skin sensitisation : Not classified,y=sds_v1 status='negative' 복구분(카테고리 미기재 → NC 보충),NC,0.0,sds_v1_negative_recovered,NC,True,False,True,False,False
MIX447,sens,high,NONE,3.4S skin sensitisation 1 Skin Sens. 1 H317,복구분 아님 · 출처 상충 없음 · CT 와 모순 없음,1,1.0,sds_v1,,False,False,False,False,False
MIX449,sens,high,NONE,Skin Sens. 1 H317,복구분 아님 · 출처 상충 없음 · CT 와 모순 없음,1,1.0,sds_v1,NC,False,False,False,False,False
MIX45,sens,high,NONE,,복구분 아님 · 출처 상충 없음 · CT 와 모순 없음,1,1.0,sds_2nd,1,False,False,False,False,False
MIX453,sens,high,NONE,,복구분 아님 · 출처 상충 없음 · CT 와 모순 없음,1,1.0,sds_2nd,,False,False,False,False,False
MIX454,sens,high,NONE,,복구분 아님 · 출처 상충 없음 · CT 와 모순 없음,1,1.0,sds_2nd,,False,False,False,False,False
MIX456,sens,medium,RECOVERED_negative,Sensitization Guinea pig: non-sensitizing,y=sds_v1 status='negative' 복구분(카테고리 미기재 → NC 보충),NC,0.0,sds_v1_negative_recovered,,True,False,True,False,False
MIX458,sens,high,NONE,,복구분 아님 · 출처 상충 없음 · CT 와 모순 없음,1,1.0,sds_2nd,,False,False,False,False,False
MIX459,sens,medium,RECOVERED_negative,"d) respiratory or skin sensitisation / Based on available data, the classification criteria are not met",y=sds_v1 status='negative' 복구분(카테고리 미기재 → NC 보충),NC,0.0,sds_v1_negative_recovered,NC,True,False,True,False,False
MIX46,sens,high,NONE,"Sensitization - Skin Category 1 / H317, May cause an allergic skin reaction.",복구분 아님 · 출처 상충 없음 · CT 와 모순 없음,1,1.0,sds_v1,,False,False,False,True,False
MIX463,sens,high,NONE,,복구분 아님 · 출처 상충 없음 · CT 와 모순 없음,1,1.0,sds_2nd,NC,False,False,False,False,False
MIX464,sens,medium,RECOVERED_negative,Respiratory or skin sensitisation Buehler Test - guinea pig Did not cause sensitisation on laboratory animals.,y=sds_v1 status='negative' 복구분(카테고리 미기재 → NC 보충),NC,0.0,sds_v1_negative_recovered,,True,False,True,False,False
MIX466,sens,high,NONE,,복구분 아님 · 출처 상충 없음 · CT 와 모순 없음,1,1.0,sds_2nd,NC,False,False,False,False,False
MIX468,sens,high,NONE,,복구분 아님 · 출처 상충 없음 · CT 와 모순 없음,1,1.0,sds_2nd,,False,False,False,False,False
MIX47,sens,medium,RECOVERED_negative,"Guinea pig, Dermal Sensitizer -   Not a sensitizer",y=sds_v1 status='negative' 복구분(카테고리 미기재 → NC 보충),NC,0.0,sds_v1_negative_recovered,,True,False,True,False,False
MIX470,sens,high,NONE,,복구분 아님 · 출처 상충 없음 · CT 와 모순 없음,1,1.0,sds_2nd,NC,False,False,False,False,False
MIX474,sens,medium,RECOVERED_negative,SENSITIZATION......: Guinea Pig:  Not a dermal sensitizer.,y=sds_v1 status='negative' 복구분(카테고리 미기재 → NC 보충),NC,0.0,sds_v1_negative_recovered,,True,False,True,False,False
MIX478,sens,medium,T2_endpoint_no_data,Skin Sensitization (guinea pigs) Not a sensitizer EPA Tox Category Not applicable,y=sds_v1 status='negative' 복구분(카테고리 미기재 → NC 보충) | T2: 문서에 음성진술은 있으나 해당 엔드포인트가 자료없음/미측정 → 시험근거 없는 음성,NC,0.0,sds_v1_negative_recovered,,True,False,True,False,True
MIX482,sens,medium,RECOVERED_negative,Sensitization / Not Established,y=sds_v1 status='negative' 복구분(카테고리 미기재 → NC 보충),NC,0.0,sds_v1_negative_recovered,NC,True,False,False,False,False
MIX484,sens,high,NONE,(d) respiratory or skin sensitization; Respiratory No data available Skin No data available,복구분 아님 · 출처 상충 없음 · CT 와 모순 없음,NC,0.0,sds_2nd,,False,False,False,True,True
MIX488,sens,medium,SOURCE_CONFLICT,Skin sensitization Category 1B,출처 간 서열 상충(y_conflict=True),1,1.0,sds_v1,,False,True,False,False,False
MIX489,sens,medium,RECOVERED_negative,Skin sensitization (guinea pig): Not a sensitizer,y=sds_v1 status='negative' 복구분(카테고리 미기재 → NC 보충) | CT baseline(GHS 가산법)은 양성인데 최종 라벨은 음성 — 상충,NC,0.0,sds_v1_negative_recovered,1,True,False,True,False,False
MIX491,sens,medium,RECOVERED_negative,Not a skin sensitizer.,y=sds_v1 status='negative' 복구분(카테고리 미기재 → NC 보충),NC,0.0,sds_v1_negative_recovered,NC,True,False,True,False,False
MIX494,sens,high,NONE,"Sensitization - Skin Category 1 ... H317, May cause an allergic skin reaction.",복구분 아님 · 출처 상충 없음 · CT 와 모순 없음,1,1.0,sds_v1,NC,False,False,False,True,False
MIX495,sens,medium,RECOVERED_negative,DERMAL SENSITIZATION  / Guinea pig: Not a contact sensitizer,y=sds_v1 status='negative' 복구분(카테고리 미기재 → NC 보충),NC,0.0,sds_v1_negative_recovered,,True,False,False,False,False
MIX498,sens,high,NONE,Sensitization – Skin Category 1 H317,복구분 아님 · 출처 상충 없음 · CT 와 모순 없음,1,1.0,sds_v1,,False,False,False,False,False
MIX50,sens,high,NONE,,복구분 아님 · 출처 상충 없음 · CT 와 모순 없음,1,1.0,sds_2nd,,False,False,False,False,False
MIX504,sens,high,NONE,,복구분 아님 · 출처 상충 없음 · CT 와 모순 없음,NC,0.0,sds_2nd_sec11,,False,False,False,False,False
MIX506,sens,high,NONE,,복구분 아님 · 출처 상충 없음 · CT 와 모순 없음,NC,0.0,sds_2nd_sec11,NC,False,False,False,False,False
MIX508,sens,medium,T2_endpoint_no_data,Skin Sensitization (guinea pigs) Non-sensitizer EPA Tox Category Not applicable,y=sds_v1 status='negative' 복구분(카테고리 미기재 → NC 보충) | T2: 문서에 음성진술은 있으나 해당 엔드포인트가 자료없음/미측정 → 시험근거 없는 음성,NC,0.0,sds_v1_negative_recovered,,True,False,True,False,True
MIX510,sens,high,NONE,,복구분 아님 · 출처 상충 없음 · CT 와 모순 없음,NC,0.0,sds_2nd_sec11,,False,False,False,False,False
MIX511,sens,high,NONE,,복구분 아님 · 출처 상충 없음 · CT 와 모순 없음,1,1.0,sds_2nd,NC,False,False,False,False,False
MIX514,sens,high,NONE,,복구분 아님 · 출처 상충 없음 · CT 와 모순 없음,1,1.0,sds_2nd,,False,False,False,False,False
MIX515,sens,high,NONE,,복구분 아님 · 출처 상충 없음 · CT 와 모순 없음,1,1.0,sds_2nd,,False,False,False,False,False
MIX517,sens,high,NONE,Skin Sensitizer - Category 1 ... H317 - May cause an allergic skin reaction,복구분 아님 · 출처 상충 없음 · CT 와 모순 없음,1,1.0,sds_v1,1,False,False,False,True,False
MIX519,sens,high,NONE,,복구분 아님 · 출처 상충 없음 · CT 와 모순 없음,NC,0.0,sds_2nd_sec11,,False,False,False,False,False
MIX523,sens,high,NONE,,복구분 아님 · 출처 상충 없음 · CT 와 모순 없음,1,1.0,sds_2nd_sec11,1,False,False,False,False,False
MIX526,sens,high,NONE,,복구분 아님 · 출처 상충 없음 · CT 와 모순 없음,1,1.0,sds_2nd,,False,False,False,False,False
MIX527,sens,medium,RECOVERED_negative,(d) respiratory or skin sensitization: Not sensitizing,y=sds_v1 status='negative' 복구분(카테고리 미기재 → NC 보충),NC,0.0,sds_v1_negative_recovered,NC,True,False,True,False,False
MIX529,sens,high,NONE,,복구분 아님 · 출처 상충 없음 · CT 와 모순 없음,NC,0.0,sds_2nd_sec11,NC,False,False,False,False,False
MIX53,sens,medium,RECOVERED_negative,Skin sensitization This product is not expected to cause skin sensitization.,y=sds_v1 status='negative' 복구분(카테고리 미기재 → NC 보충),NC,0.0,sds_v1_negative_recovered,,True,False,True,False,False
MIX530,sens,medium,RECOVERED_negative,Respiratory or skin sensitisation / Product: / Result : Not a skin sensitizer.,y=sds_v1 status='negative' 복구분(카테고리 미기재 → NC 보충),NC,0.0,sds_v1_negative_recovered,NC,True,False,True,False,False
MIX534,sens,high,NONE,,복구분 아님 · 출처 상충 없음 · CT 와 모순 없음,1,1.0,sds_2nd,,False,False,False,False,False
MIX535,sens,high,NONE,,복구분 아님 · 출처 상충 없음 · CT 와 모순 없음,NC,0.0,sds_2nd_sec11,,False,False,False,False,False
MIX537,sens,medium,T2_endpoint_no_data,Respiratory or Skin Sensitization: N/Av ... Sensitization: No effects known.,y=sds_v1 status='negative' 복구분(카테고리 미기재 → NC 보충) | T2: 문서에 음성진술은 있으나 해당 엔드포인트가 자료없음/미측정 → 시험근거 없는 음성,NC,0.0,sds_v1_negative_recovered,,True,False,True,True,True
MIX539,sens,high,NONE,,복구분 아님 · 출처 상충 없음 · CT 와 모순 없음,NC,0.0,sds_2nd_sec11,,False,False,False,False,False
MIX54,sens,high,NONE,Skin Sens. 1 H317 May cause an allergic skin reaction.,복구분 아님 · 출처 상충 없음 · CT 와 모순 없음,1,1.0,sds_v1,,False,False,False,True,False
MIX540,sens,high,NONE,Skin sensitization Category 1,복구분 아님 · 출처 상충 없음 · CT 와 모순 없음,1,1.0,sds_v1,NC,False,False,False,False,False
MIX545,sens,medium,T2_endpoint_no_data,2.1 Classification of the substance or mixture / Not a hazardous substance or mixture. / ... Respiratory or skin sensitisation / No data available,y=sds_v1 status='negative' 복구분(카테고리 미기재 → NC 보충) | T2: 문서에 음성진술은 있으나 해당 엔드포인트가 자료없음/미측정 → 시험근거 없는 음성,NC,0.0,sds_v1_negative_recovered,,True,False,True,True,True
MIX547,sens,medium,RECOVERED_negative,· Sensitization: No sensitizing effects known.,y=sds_v1 status='negative' 복구분(카테고리 미기재 → NC 보충) | CT baseline(GHS 가산법)은 양성인데 최종 라벨은 음성 — 상충,NC,0.0,sds_v1_negative_recovered,1,True,False,True,False,False
MIX549,sens,medium,RECOVERED_negative,Respiratory or skin sensitisation Guinea pig Did not cause sensitization on laboratory animals.,y=sds_v1 status='negative' 복구분(카테고리 미기재 → NC 보충),NC,0.0,sds_v1_negative_recovered,NC,True,False,True,False,False
MIX55,sens,high,NONE,,복구분 아님 · 출처 상충 없음 · CT 와 모순 없음,NC,0.0,phase1_sds,NC,False,False,False,False,False
MIX554,sens,high,NONE,,복구분 아님 · 출처 상충 없음 · CT 와 모순 없음,1,1.0,sds_2nd,,False,False,False,False,False
MIX555,sens,medium,RECOVERED_negative,Sensitization / Assessment of sensitization: No sensitizing effect.,y=sds_v1 status='negative' 복구분(카테고리 미기재 → NC 보충),NC,0.0,sds_v1_negative_recovered,NC,True,False,True,False,False
MIX556,sens,high,NONE,,복구분 아님 · 출처 상충 없음 · CT 와 모순 없음,1,1.0,sds_2nd,,False,False,False,False,False
MIX558,sens,high,NONE,,복구분 아님 · 출처 상충 없음 · CT 와 모순 없음,1,1.0,sds_2nd,,False,False,False,False,False
MIX56,sens,high,NONE,,복구분 아님 · 출처 상충 없음 · CT 와 모순 없음,1,1.0,sds_2nd,1,False,False,False,False,False
MIX562,sens,high,NONE,,복구분 아님 · 출처 상충 없음 · CT 와 모순 없음,NC,0.0,sds_2nd_sec11,NC,False,False,False,False,False
MIX564,sens,high,NONE,"Skin Sens. 1: Sensitisation, skin, Category 1, H317",복구분 아님 · 출처 상충 없음 · CT 와 모순 없음,1,1.0,sds_v1,,False,False,False,False,False
MIX571,sens,medium,RECOVERED_negative,Dermal Sensitization: Not a skin sensitizer.,y=sds_v1 status='negative' 복구분(카테고리 미기재 → NC 보충),NC,0.0,sds_v1_negative_recovered,NC,True,False,True,False,False
MIX574,sens,medium,T2_endpoint_no_data,Skin Sensitization (guinea pigs) Non-sensitizer EPA Tox Category Not applicable,y=sds_v1 status='negative' 복구분(카테고리 미기재 → NC 보충) | T2: 문서에 음성진술은 있으나 해당 엔드포인트가 자료없음/미측정 → 시험근거 없는 음성 | CT baseline(GHS 가산법)은 양성인데 최종 라벨은 음성 — 상충,NC,0.0,sds_v1_negative_recovered,1,True,False,True,False,True
MIX577,sens,medium,RECOVERED_negative,Respiratory or skin sensitisation Skin: Non-sensitizing. (Guinea pig),y=sds_v1 status='negative' 복구분(카테고리 미기재 → NC 보충),NC,0.0,sds_v1_negative_recovered,,True,False,True,False,False
MIX578,sens,high,NONE,,복구분 아님 · 출처 상충 없음 · CT 와 모순 없음,1,1.0,sds_2nd,,False,False,False,False,False
MIX580,sens,medium,RECOVERED_negative,Not a contact sensitizer (guinea pig).,y=sds_v1 status='negative' 복구분(카테고리 미기재 → NC 보충),NC,0.0,sds_v1_negative_recovered,NC,True,False,False,False,False
MIX581,sens,medium,RECOVERED_negative,"Based on animal data, this product is not a skin or eye irritant, and is not a skin sensitizer in animals.",y=sds_v1 status='negative' 복구분(카테고리 미기재 → NC 보충),NC,0.0,sds_v1_negative_recovered,NC,True,False,True,False,False
MIX582,sens,medium,RECOVERED_negative,Sensitisation /  guinea pig Maximisation Test  /  Result: Animal test did not cause sensitization by skin contact.,y=sds_v1 status='negative' 복구분(카테고리 미기재 → NC 보충),NC,0.0,sds_v1_negative_recovered,NC,True,False,True,False,False
MIX583,sens,high,NONE,Respiratory or skin sensitisation - Not classified - The evaluation was carried out according to the calculation method. - Using Specific Concentration Limits (SCL) - Classed as EUH208 as contains a low level of a skin sensitising ingredient.,복구분 아님 · 출처 상충 없음 · CT 와 모순 없음,1,1.0,sds_v1,,False,False,True,False,False
MIX584,sens,high,NONE,Skin Sensitization Category 1,복구분 아님 · 출처 상충 없음 · CT 와 모순 없음,1,1.0,sds_v1,,False,False,False,False,False
MIX586,sens,medium,RECOVERED_negative,Respiratory or skin sensitisation / Shall not be classified as a respiratory or skin sensitiser.,y=sds_v1 status='negative' 복구분(카테고리 미기재 → NC 보충),NC,0.0,sds_v1_negative_recovered,NC,True,False,True,False,False
MIX588,sens,high,NONE,"Skin sensitisation (Category 1), H317",복구분 아님 · 출처 상충 없음 · CT 와 모순 없음,1,1.0,sds_v1,,False,False,False,False,False
MIX589,sens,medium,RECOVERED_negative,Sensitization  / Assessment of sensitization: Skin sensitizing effects were not observed in animal studies.,y=sds_v1 status='negative' 복구분(카테고리 미기재 → NC 보충),NC,0.0,sds_v1_negative_recovered,,True,False,False,False,False
MIX592,sens,medium,RECOVERED_negative,Skin sensitizing effects were not observed in animal studies.,y=sds_v1 status='negative' 복구분(카테고리 미기재 → NC 보충),NC,0.0,sds_v1_negative_recovered,,True,False,False,False,False
MIX594,sens,medium,RECOVERED_negative,Skin sensitisation Skin sensitisation Not sensitising. (Guinea pig),y=sds_v1 status='negative' 복구분(카테고리 미기재 → NC 보충),NC,0.0,sds_v1_negative_recovered,,True,False,False,False,False
MIX595,sens,medium,RECOVERED_negative,Sensitization / Assessment of sensitization: There is no evidence of a skin-sensitizing potential.,y=sds_v1 status='negative' 복구분(카테고리 미기재 → NC 보충),NC,0.0,sds_v1_negative_recovered,NC,True,False,False,False,False
MIX598,sens,high,NONE,Skin Sensitization Category 1,복구분 아님 · 출처 상충 없음 · CT 와 모순 없음,1,1.0,sds_v1,,False,False,False,False,False
MIX599,sens,medium,RECOVERED_negative,Skin sensitization Animal test did not cause sensitization by skin contact (Guinea pig).,y=sds_v1 status='negative' 복구분(카테고리 미기재 → NC 보충),NC,0.0,sds_v1_negative_recovered,,True,False,True,False,False
MIX6,sens,high,NONE,Skin Sens. 1 H317 May cause an allergic skin reaction.,복구분 아님 · 출처 상충 없음 · CT 와 모순 없음,1,1.0,sds_v1,1,False,False,False,True,False
MIX600,sens,medium,CT_CONTRADICTION,,CT baseline(GHS 가산법)은 양성인데 최종 라벨은 음성 — 상충,NC,0.0,sds_2nd_sec11,1,False,False,False,False,False
MIX603,sens,medium,RECOVERED_negative,Skin Sensitization : Non-sensitizing (Guinea pig),y=sds_v1 status='negative' 복구분(카테고리 미기재 → NC 보충),NC,0.0,sds_v1_negative_recovered,NC,True,False,True,False,False
MIX607,sens,medium,RECOVERED_negative,Skin Sensitization : Non-sensitizing (Guinea pig),y=sds_v1 status='negative' 복구분(카테고리 미기재 → NC 보충),NC,0.0,sds_v1_negative_recovered,NC,True,False,True,False,False
MIX608,sens,medium,RECOVERED_negative,"Respiratory or skin sensitisation Skin: Non-sensitizing. (Guinea pig) OECD Test Guideline 406, Buehler test",y=sds_v1 status='negative' 복구분(카테고리 미기재 → NC 보충),NC,0.0,sds_v1_negative_recovered,,True,False,True,False,False
MIX610,sens,high,NONE,"Health hazards Sensitization, skin Category 1",복구분 아님 · 출처 상충 없음 · CT 와 모순 없음,1,1.0,sds_v1,,False,False,False,False,False
MIX611,sens,high,NONE,"Skin Sens. 1, H317",복구분 아님 · 출처 상충 없음 · CT 와 모순 없음,1,1.0,sds_v1,NC,False,False,False,False,False
MIX612,sens,medium,RECOVERED_negative,Dermal sensitization: Not expected to have a sensitizing effect.,y=sds_v1 status='negative' 복구분(카테고리 미기재 → NC 보충) | CT baseline(GHS 가산법)은 양성인데 최종 라벨은 음성 — 상충,NC,0.0,sds_v1_negative_recovered,1,True,False,True,False,False
MIX614,sens,high,NONE,,복구분 아님 · 출처 상충 없음 · CT 와 모순 없음,NC,0.0,sds_2nd_sec11,NC,False,False,False,False,False
MIX617,sens,medium,RECOVERED_negative,· Sensitization: No sensitizing effects known.,y=sds_v1 status='negative' 복구분(카테고리 미기재 → NC 보충),NC,0.0,sds_v1_negative_recovered,,True,False,True,False,False
MIX618,sens,medium,RECOVERED_negative,· Sensitization: No sensitizing effects known.,y=sds_v1 status='negative' 복구분(카테고리 미기재 → NC 보충),NC,0.0,sds_v1_negative_recovered,,True,False,True,False,False
MIX621,sens,medium,RECOVERED_negative,· Sensitization: No sensitizing effects known.,y=sds_v1 status='negative' 복구분(카테고리 미기재 → NC 보충),NC,0.0,sds_v1_negative_recovered,,True,False,True,False,False
MIX622,sens,high,NONE,Skin sensitisation: Category 1,복구분 아님 · 출처 상충 없음 · CT 와 모순 없음,1,1.0,sds_v1,NC,False,False,False,False,False
MIX623,sens,medium,T2_endpoint_no_data,Skin Sensitization (guinea pigs) Non-sensitizer EPA Tox Category Not applicable,y=sds_v1 status='negative' 복구분(카테고리 미기재 → NC 보충) | T2: 문서에 음성진술은 있으나 해당 엔드포인트가 자료없음/미측정 → 시험근거 없는 음성,NC,0.0,sds_v1_negative_recovered,NC,True,False,True,False,True
MIX626,sens,high,NONE,Skin sensitization Category 1B,복구분 아님 · 출처 상충 없음 · CT 와 모순 없음,1B,1.0,sds_v1,NC,False,False,False,False,False
MIX627,sens,high,NONE,,복구분 아님 · 출처 상충 없음 · CT 와 모순 없음,1,1.0,sds_2nd_sec11,NC,False,False,False,False,False
MIX628,sens,medium,RECOVERED_negative,Respiratory or skin sensitization Not a skin sensitizer.,y=sds_v1 status='negative' 복구분(카테고리 미기재 → NC 보충) | CT baseline(GHS 가산법)은 양성인데 최종 라벨은 음성 — 상충,NC,0.0,sds_v1_negative_recovered,1,True,False,True,False,False
MIX629,sens,medium,RECOVERED_negative,Skin Sensitization: Product is not considered a contact sensitizer.,y=sds_v1 status='negative' 복구분(카테고리 미기재 → NC 보충),NC,0.0,sds_v1_negative_recovered,NC,True,False,False,False,False
MIX630,sens,medium,RECOVERED_negative,Respiratory or skin sensitization / Classification criteria are not met based on available data,y=sds_v1 status='negative' 복구분(카테고리 미기재 → NC 보충),NC,0.0,sds_v1_negative_recovered,,True,False,True,False,False
MIX632,sens,medium,RECOVERED_negative,Respiratory or skin sensitisation Skin: Non-sensitizing. (Mouse),y=sds_v1 status='negative' 복구분(카테고리 미기재 → NC 보충) | CT baseline(GHS 가산법)은 양성인데 최종 라벨은 음성 — 상충,NC,0.0,sds_v1_negative_recovered,1,True,False,True,False,False
MIX633,sens,high,NONE,"Skin sensitisation (Category 1), H317",복구분 아님 · 출처 상충 없음 · CT 와 모순 없음,1,1.0,sds_v1,,False,False,False,False,False
MIX634,sens,high,NONE,"Skin sensitisation (Category 1), H317",복구분 아님 · 출처 상충 없음 · CT 와 모순 없음,1,1.0,sds_v1,,False,False,False,False,False
MIX637,sens,high,NONE,,복구분 아님 · 출처 상충 없음 · CT 와 모순 없음,NC,0.0,sds_2nd,NC,False,False,False,False,False
MIX638,sens,high,NONE,"Skin sensitisation (Category 1), H317",복구분 아님 · 출처 상충 없음 · CT 와 모순 없음,1,1.0,sds_v1,,False,False,False,False,False
MIX639,sens,high,NONE,"Skin sensitisation (Category 1), H317",복구분 아님 · 출처 상충 없음 · CT 와 모순 없음,1,1.0,sds_v1,,False,False,False,False,False
MIX640,sens,high,NONE,Sensitization No information available.,복구분 아님 · 출처 상충 없음 · CT 와 모순 없음,NC,0.0,sds_2nd_sec11,NC,False,False,False,True,True
MIX641,sens,medium,RECOVERED_negative,"Lannate SP is not a skin irritant or a skin sensitizer, but is a slight eye irritant in animals.",y=sds_v1 status='negative' 복구분(카테고리 미기재 → NC 보충),NC,0.0,sds_v1_negative_recovered,,True,False,False,False,False
MIX643,sens,high,NONE,"Skin sensitisation (Category 1), H317",복구분 아님 · 출처 상충 없음 · CT 와 모순 없음,1,1.0,sds_v1,,False,False,False,False,False
MIX644,sens,high,NONE,"Skin sensitisation (Category 1), H317",복구분 아님 · 출처 상충 없음 · CT 와 모순 없음,1,1.0,sds_v1,,False,False,False,False,False
MIX645,sens,low,T1_evidence_contradicted,Skin sensitization: Does not meet OSHA criteria as a skin sensitizer. Prolonged/repeated skin contact may cause allergic reaction in some individuals.,y=sds_v1 status='negative' 복구분(카테고리 미기재 → NC 보충) | T1: 인용문에 명시적 음성진술 없음 + 반대신호(자료없음/자극가능/알레르기) 존재 → 근거 모순,NC,0.0,sds_v1_negative_recovered,NC,True,False,False,True,False
MIX647,sens,high,NONE,,복구분 아님 · 출처 상충 없음 · CT 와 모순 없음,1,1.0,sds_2nd,,False,False,False,False,False
MIX648,sens,medium,RECOVERED_negative,Skin Sensitization: Not a Sensitizer (Guinea Pig) (based on a substantially similar formulation),y=sds_v1 status='negative' 복구분(카테고리 미기재 → NC 보충),NC,0.0,sds_v1_negative_recovered,,True,False,True,False,False
MIX649,sens,medium,RECOVERED_negative,Skin Sensitization: Not a Sensitizer (Guinea Pig),y=sds_v1 status='negative' 복구분(카테고리 미기재 → NC 보충),NC,0.0,sds_v1_negative_recovered,NC,True,False,True,False,False
MIX65,sens,high,NONE,,복구분 아님 · 출처 상충 없음 · CT 와 모순 없음,NC,0.0,sds_2nd_sec11,,False,False,False,False,False
MIX653,sens,medium,RECOVERED_negative,"Respiratory or skin sensitisation Skin: Non-sensitizing. (Mouse) OECD Test Guideline 429, local lymph node assay (LLNA) Test conducted with a similar formulation.",y=sds_v1 status='negative' 복구분(카테고리 미기재 → NC 보충),NC,0.0,sds_v1_negative_recovered,NC,True,False,True,False,False
MIX655,sens,medium,RECOVERED_negative,Respiratory or skin sensitisation Skin: Non-sensitizing. (Guinea pig),y=sds_v1 status='negative' 복구분(카테고리 미기재 → NC 보충),NC,0.0,sds_v1_negative_recovered,,True,False,True,False,False
MIX657,sens,high,NONE,Skin Sensitizer:  Category 1B,복구분 아님 · 출처 상충 없음 · CT 와 모순 없음,1B,1.0,sds_v1,1,False,False,False,False,False
MIX658,sens,medium,RECOVERED_negative,Sensitization Assessment of sensitization: Skin sensitizing effects were not observed in animal studies.,y=sds_v1 status='negative' 복구분(카테고리 미기재 → NC 보충),NC,0.0,sds_v1_negative_recovered,,True,False,False,False,False
MIX659,sens,medium,RECOVERED_negative,Skin Sensitization: Not a Sensitizer (Guinea Pig) (based on a substantially similar formulation),y=sds_v1 status='negative' 복구분(카테고리 미기재 → NC 보충),NC,0.0,sds_v1_negative_recovered,NC,True,False,True,False,False
MIX660,sens,high,NONE,Skin sensitizer 1 Skin sensitizer ... H317 May cause an allergic skin reaction,복구분 아님 · 출처 상충 없음 · CT 와 모순 없음,1,1.0,sds_v1,,False,False,False,True,False
MIX661,sens,medium,RECOVERED_negative,Sensitization / For skin sensitization: / As product: / Did not cause allergic skin reactions when tested in guinea pigs.,y=sds_v1 status='negative' 복구분(카테고리 미기재 → NC 보충),NC,0.0,sds_v1_negative_recovered,NC,True,False,True,True,False
MIX662,sens,high,NONE,Skin sensitization Category 1,복구분 아님 · 출처 상충 없음 · CT 와 모순 없음,1,1.0,sds_v1,1,False,False,False,False,False
MIX663,sens,high,NONE,Skin Sens. 1 H317 May cause an allergic skin reaction.,복구분 아님 · 출처 상충 없음 · CT 와 모순 없음,1,1.0,sds_v1,1,False,False,False,True,False
MIX664,sens,high,NONE,Skin sensitisation - Category 1,복구분 아님 · 출처 상충 없음 · CT 와 모순 없음,1,1.0,sds_v1,,False,False,False,False,False
MIX668,sens,high,NONE,"Respiratory or Skin Sensitisation: Based on classification principles, the classification criteria are not met.",복구분 아님 · 출처 상충 없음 · CT 와 모순 없음,1,1.0,sds_v1,1,False,False,True,False,False
MIX67,sens,medium,RECOVERED_negative,Respiratory or skin sensitization : Not classified,y=sds_v1 status='negative' 복구분(카테고리 미기재 → NC 보충),NC,0.0,sds_v1_negative_recovered,,True,False,True,False,False
MIX670,sens,high,NONE,Skin sensitization Category 1B,복구분 아님 · 출처 상충 없음 · CT 와 모순 없음,1B,1.0,sds_v1,NC,False,False,False,False,False
MIX672,sens,medium,RECOVERED_negative,Respiratory or skin sensitisation Maximisation Test (GPMT) - Guinea pig Result: Does not cause skin sensitisation.,y=sds_v1 status='negative' 복구분(카테고리 미기재 → NC 보충),NC,0.0,sds_v1_negative_recovered,,True,False,True,False,False
MIX674,sens,high,NONE,Skin Sensitizer:  Category 1B,복구분 아님 · 출처 상충 없음 · CT 와 모순 없음,1B,1.0,sds_v1,,False,False,False,False,False
MIX675,sens,high,NONE,Skin Sensitizer: Category 1B,복구분 아님 · 출처 상충 없음 · CT 와 모순 없음,1B,1.0,sds_v1,NC,False,False,False,False,False
MIX676,sens,high,NONE,,복구분 아님 · 출처 상충 없음 · CT 와 모순 없음,1,1.0,sds_2nd,,False,False,False,False,False
MIX677,sens,high,NONE,,복구분 아님 · 출처 상충 없음 · CT 와 모순 없음,1,1.0,sds_2nd,,False,False,False,False,False
MIX678,sens,medium,RECOVERED_negative,Skin Sensitization: Not a contact sensitizer in guinea pigs following repeated skin exposure.,y=sds_v1 status='negative' 복구분(카테고리 미기재 → NC 보충),NC,0.0,sds_v1_negative_recovered,NC,True,False,False,False,False
MIX680,sens,high,NONE,- Skin sensitization : Category1 ... - H317 May cause an allergic skin reaction,복구분 아님 · 출처 상충 없음 · CT 와 모순 없음,1,1.0,sds_v1,,False,False,False,True,False
MIX681,sens,high,NONE,(d) respiratory or skin sensitization; Respiratory No data available Skin No data available,복구분 아님 · 출처 상충 없음 · CT 와 모순 없음,NC,0.0,sds_2nd_sec11,,False,False,False,True,True
MIX682,sens,high,NONE,"Classification: Eye Irritation, Category 2 Skin Sensitization, Category 1 ... H317: May cause allergic skin reaction",복구분 아님 · 출처 상충 없음 · CT 와 모순 없음,1,1.0,sds_v1,,False,False,False,True,False
MIX683,sens,high,NONE,Skin Sensitizer:  Category 1B,복구분 아님 · 출처 상충 없음 · CT 와 모순 없음,1B,1.0,sds_v1,,False,False,False,False,False
MIX686,sens,medium,RECOVERED_negative,Sensitization No sensitization responses were observed.,y=sds_v1 status='negative' 복구분(카테고리 미기재 → NC 보충),NC,0.0,sds_v1_negative_recovered,,True,False,True,False,False
MIX687,sens,high,NONE,,복구분 아님 · 출처 상충 없음 · CT 와 모순 없음,1,1.0,sds_2nd,,False,False,False,False,False
MIX688,sens,medium,RECOVERED_negative,"Respiratory or skin sensitisation Skin: Non-sensitizing. (Guinea pig) OECD Test Guideline 406, Buehler test",y=sds_v1 status='negative' 복구분(카테고리 미기재 → NC 보충) | CT baseline(GHS 가산법)은 양성인데 최종 라벨은 음성 — 상충,NC,0.0,sds_v1_negative_recovered,1,True,False,True,False,False
MIX691,sens,medium,RECOVERED_negative,Skin sensitization / (guinea pig): Non Sensitizing,y=sds_v1 status='negative' 복구분(카테고리 미기재 → NC 보충),NC,0.0,sds_v1_negative_recovered,,True,False,False,False,False
MIX693,sens,medium,RECOVERED_negative,Sensitization / For the active ingredient(s): / Did not cause allergic skin reactions when tested in guinea pigs.,y=sds_v1 status='negative' 복구분(카테고리 미기재 → NC 보충),NC,0.0,sds_v1_negative_recovered,,True,False,True,True,False
MIX696,sens,medium,RECOVERED_negative,Did not cause allergic skin reactions when tested in guinea pigs.,y=sds_v1 status='negative' 복구분(카테고리 미기재 → NC 보충),NC,0.0,sds_v1_negative_recovered,,True,False,True,True,False
MIX699,sens,medium,RECOVERED_negative,Dermal Sensitization: Not a skin sensitizer.,y=sds_v1 status='negative' 복구분(카테고리 미기재 → NC 보충),NC,0.0,sds_v1_negative_recovered,,True,False,True,False,False
MIX7,sens,high,NONE,May cause sensitization by skin contact.,복구분 아님 · 출처 상충 없음 · CT 와 모순 없음,1,1.0,phase1_sds,1,False,False,False,True,False
MIX70,sens,high,NONE,Skin Sens. 1A H317 May cause an allergic skin reaction.,복구분 아님 · 출처 상충 없음 · CT 와 모순 없음,1,1.0,sds_v1,,False,False,False,True,False
MIX701,sens,medium,RECOVERED_negative,Chronic Sensitisation No ingredient present at concentrations > 0.1% is considered a sensitizer.,y=sds_v1 status='negative' 복구분(카테고리 미기재 → NC 보충),NC,0.0,sds_v1_negative_recovered,,True,False,False,False,False
MIX704,sens,medium,T2_endpoint_no_data,Skin Sensitization (guinea pigs) Non-sensitizer EPA Tox Category Not applicable,y=sds_v1 status='negative' 복구분(카테고리 미기재 → NC 보충) | T2: 문서에 음성진술은 있으나 해당 엔드포인트가 자료없음/미측정 → 시험근거 없는 음성,NC,0.0,sds_v1_negative_recovered,,True,False,True,False,True
MIX706,sens,medium,RECOVERED_negative,This product is not expected to cause allergic skin reactions.,y=sds_v1 status='negative' 복구분(카테고리 미기재 → NC 보충),NC,0.0,sds_v1_negative_recovered,NC,True,False,True,True,False
MIX707,sens,high,NONE,Skin sensitisation - Sub-category 1B,복구분 아님 · 출처 상충 없음 · CT 와 모순 없음,1B,1.0,sds_v1,,False,False,False,False,False
MIX708,sens,medium,RECOVERED_negative,Skin sensitisation This product is not expected to cause skin sensitisation.,y=sds_v1 status='negative' 복구분(카테고리 미기재 → NC 보충),NC,0.0,sds_v1_negative_recovered,NC,True,False,True,False,False
MIX709,sens,medium,RECOVERED_negative,Skin sensitisation This product is not expected to cause skin sensitisation.,y=sds_v1 status='negative' 복구분(카테고리 미기재 → NC 보충),NC,0.0,sds_v1_negative_recovered,NC,True,False,True,False,False
MIX710,sens,medium,RECOVERED_negative,Skin Sensitization: Not a Sensitizer (Guinea Pig),y=sds_v1 status='negative' 복구분(카테고리 미기재 → NC 보충),NC,0.0,sds_v1_negative_recovered,,True,False,True,False,False
MIX711,sens,high,NONE,,복구분 아님 · 출처 상충 없음 · CT 와 모순 없음,1,1.0,phase1_sds,NC,False,False,False,False,False
MIX712,sens,medium,RECOVERED_negative,"Sensitisation : Did not cause sensitisation on laboratory animals., Guinea pig /  / Did not cause sensitisation on laboratory animals., Mouse",y=sds_v1 status='negative' 복구분(카테고리 미기재 → NC 보충),NC,0.0,sds_v1_negative_recovered,NC,True,False,True,False,False
MIX713,sens,high,NONE,H317: May cause an allergic skin reaction.,복구분 아님 · 출처 상충 없음 · CT 와 모순 없음,1,1.0,sds_v1,NC,False,False,False,True,False
MIX715,sens,high,NONE,Respiratory or skin sensitisation No data available,복구분 아님 · 출처 상충 없음 · CT 와 모순 없음,NC,0.0,sds_2nd_sec11,NC,False,False,False,True,True
MIX716,sens,medium,RECOVERED_negative,Skin Sensitization: Did not cause sensitization in laboratory animals.,y=sds_v1 status='negative' 복구분(카테고리 미기재 → NC 보충),NC,0.0,sds_v1_negative_recovered,,True,False,True,False,False
MIX717,sens,high,NONE,Acute Inhalation (Category 4) Skin sensitization: Category 1,복구분 아님 · 출처 상충 없음 · CT 와 모순 없음,1,1.0,sds_v1,NC,False,False,False,False,False
MIX718,sens,medium,RECOVERED_negative,"Based on an evaluation of the ingredients and/or similar products, this product is not expected to cause allergic skin reactions.",y=sds_v1 status='negative' 복구분(카테고리 미기재 → NC 보충),NC,0.0,sds_v1_negative_recovered,,True,False,True,True,False
MIX743,sens,high,NONE,,복구분 아님 · 출처 상충 없음 · CT 와 모순 없음,1,1.0,sds_2nd,,False,False,False,False,False
MIX746,sens,high,NONE,,복구분 아님 · 출처 상충 없음 · CT 와 모순 없음,1,1.0,sds_2nd,,False,False,False,False,False
MIX749,sens,medium,RECOVERED_negative,"Sensitisation : Did not cause sensitisation on laboratory animals., Guinea pig /  / Did not cause sensitisation on laboratory animals., Mouse",y=sds_v1 status='negative' 복구분(카테고리 미기재 → NC 보충),NC,0.0,sds_v1_negative_recovered,NC,True,False,True,False,False
MIX751,sens,medium,RECOVERED_negative,"Basis Gold is a mild eye irritant, but is not a skin sensitizer in animal tests.",y=sds_v1 status='negative' 복구분(카테고리 미기재 → NC 보충),NC,0.0,sds_v1_negative_recovered,,True,False,True,False,False
MIX752,sens,medium,RECOVERED_negative,"Sensitisation : Did not cause sensitisation on laboratory animals., Guinea pig",y=sds_v1 status='negative' 복구분(카테고리 미기재 → NC 보충),NC,0.0,sds_v1_negative_recovered,,True,False,True,False,False
MIX753,sens,high,NONE,Skin sensitisation - Sub-category 1B,복구분 아님 · 출처 상충 없음 · CT 와 모순 없음,1B,1.0,sds_v1,,False,False,False,False,False
MIX754,sens,high,NONE,Skin sensitisation - Sub-category 1B,복구분 아님 · 출처 상충 없음 · CT 와 모순 없음,1B,1.0,sds_v1,,False,False,False,False,False
MIX756,sens,high,NONE,Skin sensitisation - Sub-category 1B,복구분 아님 · 출처 상충 없음 · CT 와 모순 없음,1B,1.0,sds_v1,,False,False,False,False,False
MIX758,sens,medium,RECOVERED_negative,Respiratory or skin sensitisation / in vivo assay - Mouse / Result: Does not cause skin sensitisation. / (OECD Test Guideline 429),y=sds_v1 status='negative' 복구분(카테고리 미기재 → NC 보충),NC,0.0,sds_v1_negative_recovered,,True,False,True,False,False
MIX759,sens,low,FLIP_pos_to_neg,Skin Sensitization: Product is not considered a contact sensitizer.,y=sds_v1 status='negative' 복구분(카테고리 미기재 → NC 보충) | FLIP: 복구된 NC 가 하위 출처의 양성 주장을 이겨 v4 대비 양성→음성 전환,NC,0.0,sds_v1_negative_recovered,,True,True,False,False,False
MIX765,sens,medium,RECOVERED_negative,Skin sensitization (guinea pig): Not a sensitizer,y=sds_v1 status='negative' 복구분(카테고리 미기재 → NC 보충),NC,0.0,sds_v1_negative_recovered,NC,True,False,True,False,False
MIX766,sens,medium,SOURCE_CONFLICT,,출처 간 서열 상충(y_conflict=True),1,1.0,sds_2nd,NC,False,True,False,False,False
MIX779,sens,medium,RECOVERED_negative,"Sensitising effects / Based on available data, the classification criteria are not met.",y=sds_v1 status='negative' 복구분(카테고리 미기재 → NC 보충),NC,0.0,sds_v1_negative_recovered,,True,False,True,False,False
MIX78,sens,high,NONE,,복구분 아님 · 출처 상충 없음 · CT 와 모순 없음,1,1.0,sds_2nd,1,False,False,False,False,False
MIX783,sens,medium,RECOVERED_negative,Respiratory or skin sensitization: / Non-sensitizing,y=sds_v1 status='negative' 복구분(카테고리 미기재 → NC 보충),NC,0.0,sds_v1_negative_recovered,,True,False,True,False,False
MIX785,sens,medium,RECOVERED_negative,Respiratory or skin sensitisation / Will not occur,y=sds_v1 status='negative' 복구분(카테고리 미기재 → NC 보충),NC,0.0,sds_v1_negative_recovered,,True,False,True,False,False
MIX790,sens,medium,RECOVERED_negative,"(d) respiratory or skin sensitization; Respiratory Based on available data, the classification criteria are not met Skin Based on available data, the classification criteria are not met",y=sds_v1 status='negative' 복구분(카테고리 미기재 → NC 보충),NC,0.0,sds_v1_negative_recovered,NC,True,False,True,False,False
MIX791,sens,high,NONE,,복구분 아님 · 출처 상충 없음 · CT 와 모순 없음,NC,0.0,phase1_sds,,False,False,False,False,False
MIX794,sens,medium,RECOVERED_negative,2.1 Classification of the substance or mixture Not a hazardous substance or mixture.,y=sds_v1 status='negative' 복구분(카테고리 미기재 → NC 보충),NC,0.0,sds_v1_negative_recovered,,True,False,True,False,False
MIX795,sens,high,NONE,Sensitisation (Skin) - Category 1 ... H317 May cause an allergic skin reaction.,복구분 아님 · 출처 상충 없음 · CT 와 모순 없음,1,1.0,sds_v1,NC,False,False,False,True,False
MIX796,sens,high,NONE,,복구분 아님 · 출처 상충 없음 · CT 와 모순 없음,1,1.0,sds_2nd,,False,False,False,False,False
MIX799,sens,medium,RECOVERED_negative,Skin Sensitization: / Not applicable.,y=sds_v1 status='negative' 복구분(카테고리 미기재 → NC 보충),NC,0.0,sds_v1_negative_recovered,NC,True,False,False,False,True
MIX802,sens,medium,RECOVERED_negative,"Respiratory or skin sensitization / Based on available data, the classification criteria are not met.",y=sds_v1 status='negative' 복구분(카테고리 미기재 → NC 보충),NC,0.0,sds_v1_negative_recovered,NC,True,False,True,False,False
MIX803,sens,medium,RECOVERED_negative,Respiratory or skin sensitisation Maximisation Test Result: negative Remarks: (IUCLID),y=sds_v1 status='negative' 복구분(카테고리 미기재 → NC 보충),NC,0.0,sds_v1_negative_recovered,NC,True,False,False,False,False
MIX805,sens,medium,RECOVERED_negative,Skin Sensitization: / Not applicable.,y=sds_v1 status='negative' 복구분(카테고리 미기재 → NC 보충),NC,0.0,sds_v1_negative_recovered,NC,True,False,False,False,True
MIX806,sens,medium,RECOVERED_negative,Respiratory or skin sensitisation / Will not occur,y=sds_v1 status='negative' 복구분(카테고리 미기재 → NC 보충),NC,0.0,sds_v1_negative_recovered,NC,True,False,True,False,False
MIX809,sens,medium,RECOVERED_negative,Respiratory or skin sensitisation / Shall not be classified as a respiratory or skin sensitiser.,y=sds_v1 status='negative' 복구분(카테고리 미기재 → NC 보충),NC,0.0,sds_v1_negative_recovered,,True,False,True,False,False
MIX810,sens,medium,RECOVERED_negative,This product is not considered hazardous by the US OSHA Hazard Communication Standard 2024 (29 CFR 1910.1200).,y=sds_v1 status='negative' 복구분(카테고리 미기재 → NC 보충),NC,0.0,sds_v1_negative_recovered,,True,False,False,False,False
MIX811,sens,medium,RECOVERED_negative,This product is not considered hazardous by the US OSHA Hazard Communication Standard 2024 (29 CFR 1910.1200).,y=sds_v1 status='negative' 복구분(카테고리 미기재 → NC 보충),NC,0.0,sds_v1_negative_recovered,,True,False,False,False,False
MIX82,sens,high,NONE,,복구분 아님 · 출처 상충 없음 · CT 와 모순 없음,1,1.0,sds_2nd,,False,False,False,False,False
MIX821,sens,medium,RECOVERED_negative,"(d) respiratory or skin sensitization; Respiratory Based on available data, the classification criteria are not met Skin Based on available data, the classification criteria are not met",y=sds_v1 status='negative' 복구분(카테고리 미기재 → NC 보충),NC,0.0,sds_v1_negative_recovered,NC,True,False,True,False,False
MIX822,sens,high,NONE,,복구분 아님 · 출처 상충 없음 · CT 와 모순 없음,NC,0.0,sds_2nd_sec11,,False,False,False,False,False
MIX823,sens,medium,RECOVERED_negative,"(d) respiratory or skin sensitization; Respiratory Based on available data, the classification criteria are not met Skin Based on available data, the classification criteria are not met",y=sds_v1 status='negative' 복구분(카테고리 미기재 → NC 보충),NC,0.0,sds_v1_negative_recovered,NC,True,False,True,False,False
MIX830,sens,high,NONE,,복구분 아님 · 출처 상충 없음 · CT 와 모순 없음,1,1.0,sds_2nd,,False,False,False,False,False
MIX831,sens,high,NONE,,복구분 아님 · 출처 상충 없음 · CT 와 모순 없음,1,1.0,sds_2nd,1,False,False,False,False,False
MIX836,sens,high,NONE,,복구분 아님 · 출처 상충 없음 · CT 와 모순 없음,1,1.0,sds_2nd,,False,False,False,False,False
MIX839,sens,high,NONE,,복구분 아님 · 출처 상충 없음 · CT 와 모순 없음,NC,0.0,sds_2nd_sec11,,False,False,False,False,False
MIX84,sens,high,NONE,"Skin sensitisation (Category 1), H317",복구분 아님 · 출처 상충 없음 · CT 와 모순 없음,1,1.0,sds_v1,,False,False,False,False,False
MIX841,sens,medium,RECOVERED_negative,Respiratory or skin sensitisation: Based on available data the classification criteria are not met.,y=sds_v1 status='negative' 복구분(카테고리 미기재 → NC 보충),NC,0.0,sds_v1_negative_recovered,,True,False,True,False,False
MIX846,sens,medium,RECOVERED_negative,Respiratory or skin sensitisation / Shall not be classified as a respiratory or skin sensitiser.,y=sds_v1 status='negative' 복구분(카테고리 미기재 → NC 보충),NC,0.0,sds_v1_negative_recovered,,True,False,True,False,False
MIX848,sens,high,NONE,Skin sensitization Category 1,복구분 아님 · 출처 상충 없음 · CT 와 모순 없음,1,1.0,sds_v1,,False,False,False,False,False
MIX849,sens,medium,RECOVERED_negative,Respiratory or skin sensitisation / Shall not be classified as a respiratory or skin sensitiser.,y=sds_v1 status='negative' 복구분(카테고리 미기재 → NC 보충),NC,0.0,sds_v1_negative_recovered,,True,False,True,False,False
MIX85,sens,high,NONE,,복구분 아님 · 출처 상충 없음 · CT 와 모순 없음,NC,0.0,sds_2nd_sec11,NC,False,False,False,False,False
MIX850,sens,medium,RECOVERED_negative,Sensitisation Non-sensitizing. (Guinea pig),y=sds_v1 status='negative' 복구분(카테고리 미기재 → NC 보충),NC,0.0,sds_v1_negative_recovered,,True,False,True,False,False
MIX853,sens,medium,RECOVERED_negative,Respiratory or skin sensitisation / Shall not be classified as a respiratory or skin sensitiser.,y=sds_v1 status='negative' 복구분(카테고리 미기재 → NC 보충),NC,0.0,sds_v1_negative_recovered,,True,False,True,False,False
MIX854,sens,medium,RECOVERED_negative,Respiratory or skin sensitisation / Shall not be classified as a respiratory or skin sensitiser.,y=sds_v1 status='negative' 복구분(카테고리 미기재 → NC 보충),NC,0.0,sds_v1_negative_recovered,,True,False,True,False,False
MIX858,sens,medium,RECOVERED_negative,"- Respiratory/skin sensitisation: Based on the available data, the classification criteria are not met. May cause an allergic skin reaction with susceptible persons.",y=sds_v1 status='negative' 복구분(카테고리 미기재 → NC 보충),NC,0.0,sds_v1_negative_recovered,,True,False,True,True,False
MIX859,sens,high,NONE,,복구분 아님 · 출처 상충 없음 · CT 와 모순 없음,NC,0.0,phase1_sds,,False,False,False,False,False
MIX86,sens,high,NONE,Skin Sens. 1 H317,복구분 아님 · 출처 상충 없음 · CT 와 모순 없음,1,1.0,sds_v1,NC,False,False,False,False,False
MIX860,sens,high,NONE,• Respiratory or skin sensitisation No sensitizing effects known.,복구분 아님 · 출처 상충 없음 · CT 와 모순 없음,1,1.0,sds_v1,1,False,False,True,False,False
MIX861,sens,high,NONE,,복구분 아님 · 출처 상충 없음 · CT 와 모순 없음,NC,0.0,sds_2nd,,False,False,False,False,False
MIX862,sens,high,NONE,,복구분 아님 · 출처 상충 없음 · CT 와 모순 없음,1,1.0,sds_2nd,,False,False,False,False,False
MIX864,sens,high,NONE,,복구분 아님 · 출처 상충 없음 · CT 와 모순 없음,NC,0.0,sds_2nd,,False,False,False,False,False
MIX865,sens,high,NONE,Skin Sensitization - Category 1,복구분 아님 · 출처 상충 없음 · CT 와 모순 없음,1,1.0,sds_v1,1,False,False,False,False,False
MIX868,sens,high,NONE,"HEALTH HAZARDS: ACUTE TOX. 4 - H302, ASP. TOX. 1 - H304, SKIN IRRIT. 2 - H315, SKIN SENS. 1B - H317",복구분 아님 · 출처 상충 없음 · CT 와 모순 없음,1,1.0,sds_v1,1,False,False,False,False,False
MIX87,sens,high,NONE,May cause an allergic skin reaction.,복구분 아님 · 출처 상충 없음 · CT 와 모순 없음,1,1.0,sds_2nd_sec11,,False,False,False,True,False
MIX870,sens,high,NONE,,복구분 아님 · 출처 상충 없음 · CT 와 모순 없음,NC,0.0,sds_2nd,,False,False,False,False,False
MIX871,sens,high,NONE,,복구분 아님 · 출처 상충 없음 · CT 와 모순 없음,NC,0.0,sds_2nd,,False,False,False,False,False
MIX872,sens,high,NONE,,복구분 아님 · 출처 상충 없음 · CT 와 모순 없음,1,1.0,sds_2nd,,False,False,False,False,False
MIX873,sens,high,NONE,3.4S Skin sensitisation 1 Skin Sens. 1 H317,복구분 아님 · 출처 상충 없음 · CT 와 모순 없음,1,1.0,sds_v1,,False,False,False,False,False
MIX874,sens,high,NONE,Skin Sens. 1 H317: May cause an allergic skin reaction,복구분 아님 · 출처 상충 없음 · CT 와 모순 없음,1,1.0,sds_v1,,False,False,False,True,False
MIX875,sens,high,NONE,"SS 1 Skin sensitisation, category 1 ... H317 May cause an allergic skin reaction",복구분 아님 · 출처 상충 없음 · CT 와 모순 없음,1,1.0,sds_v1,,False,False,False,True,False
MIX876,sens,medium,SOURCE_CONFLICT,,출처 간 서열 상충(y_conflict=True),NC,0.0,sds_2nd,,False,True,False,False,False
MIX877,sens,high,NONE,"Sensitization, skin Category 1",복구분 아님 · 출처 상충 없음 · CT 와 모순 없음,1,1.0,sds_v1,,False,False,False,False,False
MIX880,sens,medium,SOURCE_CONFLICT,,출처 간 서열 상충(y_conflict=True),NC,0.0,sds_2nd,,False,True,False,False,False
MIX881,sens,medium,CT_CONTRADICTION,,CT baseline(GHS 가산법)은 양성인데 최종 라벨은 음성 — 상충,NC,0.0,sds_2nd_sec11,1,False,False,False,False,False
MIX882,sens,high,NONE,,복구분 아님 · 출처 상충 없음 · CT 와 모순 없음,1,1.0,sds_2nd_sec11,,False,False,False,False,False
MIX883,sens,high,NONE,"SKINSENS.1ASensitisation,skin1A H317 : May cause an allergic skin reaction.",복구분 아님 · 출처 상충 없음 · CT 와 모순 없음,1,1.0,sds_v1,1,False,False,False,True,False
MIX884,sens,high,NONE,Respiratory or skin sensitisation  Skin sensitiser Hazard Category 1 under EC 1272/2008 guidelines,복구분 아님 · 출처 상충 없음 · CT 와 모순 없음,1,1.0,sds_v1,1,False,False,False,False,False
MIX885,sens,high,NONE,,복구분 아님 · 출처 상충 없음 · CT 와 모순 없음,NC,0.0,phase1_sds,,False,False,False,False,False
MIX887,sens,high,NONE,,복구분 아님 · 출처 상충 없음 · CT 와 모순 없음,1,1.0,sds_2nd,,False,False,False,False,False
MIX888,sens,medium,RECOVERED_negative,Sensitization Not expected to cause skin sensitization.,y=sds_v1 status='negative' 복구분(카테고리 미기재 → NC 보충),NC,0.0,sds_v1_negative_recovered,,True,False,True,False,False
MIX889,sens,high,NONE,Skin Sens. 1 H317: May cause an allergic skin reaction,복구분 아님 · 출처 상충 없음 · CT 와 모순 없음,1,1.0,sds_v1,,False,False,False,True,False
MIX891,sens,medium,RECOVERED_negative,· Sensitization: No sensitizing effects known.,y=sds_v1 status='negative' 복구분(카테고리 미기재 → NC 보충),NC,0.0,sds_v1_negative_recovered,,True,False,True,False,False
MIX892,sens,medium,RECOVERED_negative,Skin sensitization This product is not expected to cause skin sensitization.,y=sds_v1 status='negative' 복구분(카테고리 미기재 → NC 보충),NC,0.0,sds_v1_negative_recovered,,True,False,True,False,False
MIX893,sens,high,NONE,- HEALTH HAZARDS: Skin Irrit. 2 - H315 Eye Irrit. 2 - H319 Skin Sens. 1 - H317,복구분 아님 · 출처 상충 없음 · CT 와 모순 없음,1,1.0,sds_v1,,False,False,False,False,False
MIX894,sens,high,NONE,,복구분 아님 · 출처 상충 없음 · CT 와 모순 없음,NC,0.0,sds_2nd,,False,False,False,False,False
MIX896,sens,high,NONE,"Skin sensitisation, Category 1",복구분 아님 · 출처 상충 없음 · CT 와 모순 없음,1,1.0,sds_v1,,False,False,False,False,False
MIX899,sens,high,NONE,,복구분 아님 · 출처 상충 없음 · CT 와 모순 없음,NC,0.0,phase1_sds,,False,False,False,False,False
MIX900,sens,medium,RECOVERED_negative,"• Respiratory / skin sensitization / Based on available data, the classification criteria are not met.",y=sds_v1 status='negative' 복구분(카테고리 미기재 → NC 보충),NC,0.0,sds_v1_negative_recovered,NC,True,False,True,False,False
MIX901,sens,high,NONE,,복구분 아님 · 출처 상충 없음 · CT 와 모순 없음,NC,0.0,phase1_sds,,False,False,False,False,False
MIX903,sens,high,NONE,,복구분 아님 · 출처 상충 없음 · CT 와 모순 없음,NC,0.0,phase1_sds,,False,False,False,False,False
MIX904,sens,high,NONE,,복구분 아님 · 출처 상충 없음 · CT 와 모순 없음,1,1.0,sds_2nd,,False,False,False,False,False
MIX905,sens,medium,RECOVERED_negative,Respiratory or skin sensitisation / Shall not be classified as a respiratory or skin sensitiser.,y=sds_v1 status='negative' 복구분(카테고리 미기재 → NC 보충),NC,0.0,sds_v1_negative_recovered,,True,False,True,False,False
MIX906,sens,high,NONE,Sensitisation (Skin) - Category 1 ... H317 May cause an allergic skin reaction.,복구분 아님 · 출처 상충 없음 · CT 와 모순 없음,1,1.0,sds_v1,,False,False,False,True,False
MIX907,sens,high,NONE,H317 May cause an allergic skin reaction,복구분 아님 · 출처 상충 없음 · CT 와 모순 없음,1,1.0,sds_v1,,False,False,False,True,False
MIX910,sens,high,NONE,Sensitization - Skin Category 1,복구분 아님 · 출처 상충 없음 · CT 와 모순 없음,1,1.0,sds_v1,1,False,False,False,False,False
MIX913,sens,high,NONE,3.4S Skin sensitisation 1 Skin Sens. 1 H317,복구분 아님 · 출처 상충 없음 · CT 와 모순 없음,1,1.0,sds_v1,,False,False,False,False,False
MIX914,sens,high,NONE,"Class and category of danger: Sensitization - Skin Category 1 / Hazardous to the Aquatic Environment - Long-term Hazard Category 3 / H317, May cause an allergic skin reaction.",복구분 아님 · 출처 상충 없음 · CT 와 모순 없음,1,1.0,sds_v1,1,False,False,False,True,False
MIX915,sens,high,NONE,,복구분 아님 · 출처 상충 없음 · CT 와 모순 없음,1,1.0,sds_2nd,,False,False,False,False,False
MIX918,sens,high,NONE,Skin Sens. 1 H317 May cause an allergic skin reaction.,복구분 아님 · 출처 상충 없음 · CT 와 모순 없음,1,1.0,sds_v1,1,False,False,False,True,False
MIX919,sens,high,NONE,"Sensitization - Skin Category 1 ... H317, May cause an allergic skin reaction.",복구분 아님 · 출처 상충 없음 · CT 와 모순 없음,1,1.0,sds_v1,,False,False,False,True,False
MIX921,sens,high,NONE,,복구분 아님 · 출처 상충 없음 · CT 와 모순 없음,1,1.0,phase1_sds,,False,False,False,False,False
MIX922,sens,medium,RECOVERED_negative,"(d) respiratory or skin sensitization; Respiratory Based on available data, the classification criteria are not met Skin Based on available data, the classification criteria are not met",y=sds_v1 status='negative' 복구분(카테고리 미기재 → NC 보충),NC,0.0,sds_v1_negative_recovered,,True,False,True,False,False
MIX923,sens,high,NONE,,복구분 아님 · 출처 상충 없음 · CT 와 모순 없음,NC,0.0,sds_2nd,,False,False,False,False,False
MIX924,sens,high,NONE,,복구분 아님 · 출처 상충 없음 · CT 와 모순 없음,NC,0.0,sds_2nd,,False,False,False,False,False
MIX925,sens,high,NONE,,복구분 아님 · 출처 상충 없음 · CT 와 모순 없음,NC,0.0,sds_2nd,,False,False,False,False,False
MIX926,sens,high,NONE,,복구분 아님 · 출처 상충 없음 · CT 와 모순 없음,1,1.0,sds_2nd,,False,False,False,False,False
MIX928,sens,high,NONE,Skin sensitization - Category 1,복구분 아님 · 출처 상충 없음 · CT 와 모순 없음,1,1.0,sds_v1,,False,False,False,False,False
MIX929,sens,high,NONE,,복구분 아님 · 출처 상충 없음 · CT 와 모순 없음,1,1.0,sds_2nd,,False,False,False,False,False
MIX930,sens,medium,SOURCE_CONFLICT,Skin Sens. 1B - H317 May cause an allergic skin reaction.,출처 간 서열 상충(y_conflict=True),1,1.0,sds_v1,,False,True,False,True,False
MIX931,sens,high,NONE,,복구분 아님 · 출처 상충 없음 · CT 와 모순 없음,NC,0.0,sds_2nd,,False,False,False,False,False
MIX933,sens,high,NONE,"Skin sensitisation, Category 1 H317",복구분 아님 · 출처 상충 없음 · CT 와 모순 없음,1,1.0,sds_v1,,False,False,False,False,False
MIX934,sens,medium,RECOVERED_negative,Classification / Not a hazardous substance or mixture according to the Globally Harmonized System (GHS),y=sds_v1 status='negative' 복구분(카테고리 미기재 → NC 보충),NC,0.0,sds_v1_negative_recovered,,True,False,True,False,False
MIX935,sens,high,NONE,,복구분 아님 · 출처 상충 없음 · CT 와 모순 없음,NC,0.0,sds_2nd,,False,False,False,False,False
MIX937,sens,high,NONE,,복구분 아님 · 출처 상충 없음 · CT 와 모순 없음,1,1.0,sds_2nd,,False,False,False,False,False
MIX938,sens,low,FLIP_pos_to_neg,• Respiratory or skin sensitisation / No sensitizing effects known.,y=sds_v1 status='negative' 복구분(카테고리 미기재 → NC 보충) | FLIP: 복구된 NC 가 하위 출처의 양성 주장을 이겨 v4 대비 양성→음성 전환,NC,0.0,sds_v1_negative_recovered,,True,True,True,False,False
MIX939,sens,high,NONE,,복구분 아님 · 출처 상충 없음 · CT 와 모순 없음,1,1.0,sds_2nd,,False,False,False,False,False
MIX94,sens,medium,CT_CONTRADICTION,,CT baseline(GHS 가산법)은 양성인데 최종 라벨은 음성 — 상충,NC,0.0,sds_2nd_sec11,1,False,False,False,False,False
MIX940,sens,high,NONE,Skin Sens. 1B - H317 May cause an allergic skin reaction.,복구분 아님 · 출처 상충 없음 · CT 와 모순 없음,1,1.0,sds_v1,,False,False,False,True,False
MIX941,sens,high,NONE,,복구분 아님 · 출처 상충 없음 · CT 와 모순 없음,NC,0.0,phase1_sds,,False,False,False,False,False
MIX942,sens,high,NONE,Skin Sens. 1B - H317 May cause an allergic skin reaction.,복구분 아님 · 출처 상충 없음 · CT 와 모순 없음,1,1.0,sds_v1,,False,False,False,True,False
MIX943,sens,medium,RECOVERED_negative,Health hazards Not classified. ... Skin sensitization Due to partial or complete lack of data the classification is not possible.,y=sds_v1 status='negative' 복구분(카테고리 미기재 → NC 보충),NC,0.0,sds_v1_negative_recovered,,True,False,True,False,False
MIX944,sens,medium,RECOVERED_negative,Respiratory or skin sensitivity Not Applicable.,y=sds_v1 status='negative' 복구분(카테고리 미기재 → NC 보충),NC,0.0,sds_v1_negative_recovered,,True,False,False,False,True
MIX945,sens,high,NONE,,복구분 아님 · 출처 상충 없음 · CT 와 모순 없음,NC,0.0,sds_2nd,,False,False,False,False,False
MIX946,sens,high,NONE,,복구분 아님 · 출처 상충 없음 · CT 와 모순 없음,NC,0.0,sds_2nd,,False,False,False,False,False
MIX948,sens,high,NONE,"Sensitization - Skin Category 1 ... H317, May cause an allergic skin reaction.",복구분 아님 · 출처 상충 없음 · CT 와 모순 없음,1,1.0,sds_v1,,False,False,False,True,False
MIX949,sens,high,NONE,,복구분 아님 · 출처 상충 없음 · CT 와 모순 없음,1,1.0,sds_2nd,,False,False,False,False,False
MIX95,sens,medium,RECOVERED_negative,Skin sensitization --- Not Applicable,y=sds_v1 status='negative' 복구분(카테고리 미기재 → NC 보충),NC,0.0,sds_v1_negative_recovered,NC,True,False,False,False,True
MIX950,sens,high,NONE,,복구분 아님 · 출처 상충 없음 · CT 와 모순 없음,1,1.0,sds_2nd,,False,False,False,False,False
MIX951,sens,high,NONE,Health hazards Eye Irrit. 2 - H319 Skin Sens. 1 - H317,복구분 아님 · 출처 상충 없음 · CT 와 모순 없음,1,1.0,sds_v1,,False,False,False,False,False
MIX952,sens,high,NONE,,복구분 아님 · 출처 상충 없음 · CT 와 모순 없음,NC,0.0,sds_2nd_sec11,,False,False,False,False,False
MIX954,sens,high,NONE,,복구분 아님 · 출처 상충 없음 · CT 와 모순 없음,1,1.0,sds_2nd,,False,False,False,False,False
MIX955,sens,high,NONE,Respiratory or skin sensitisation: Sensitization - Skin Category 1B,복구분 아님 · 출처 상충 없음 · CT 와 모순 없음,1,1.0,sds_v1,,False,False,False,False,False
MIX957,sens,high,NONE,,복구분 아님 · 출처 상충 없음 · CT 와 모순 없음,1,1.0,sds_2nd,,False,False,False,False,False
MIX959,sens,high,NONE,,복구분 아님 · 출처 상충 없음 · CT 와 모순 없음,1,1.0,sds_2nd,1,False,False,False,False,False
MIX960,sens,high,NONE,,복구분 아님 · 출처 상충 없음 · CT 와 모순 없음,1,1.0,sds_2nd,,False,False,False,False,False
MIX961,sens,high,NONE,Skin Sensitization - Category 1 ... H317 May cause an allergic skin reaction.,복구분 아님 · 출처 상충 없음 · CT 와 모순 없음,1,1.0,sds_v1,,False,False,False,True,False
MIX962,sens,high,NONE,,복구분 아님 · 출처 상충 없음 · CT 와 모순 없음,1,1.0,sds_2nd,,False,False,False,False,False
MIX963,sens,medium,RECOVERED_negative,Respiratory or skin sensitisation: Based on available data the classification criteria are not met.,y=sds_v1 status='negative' 복구분(카테고리 미기재 → NC 보충),NC,0.0,sds_v1_negative_recovered,,True,False,True,False,False
MIX964,sens,high,NONE,,복구분 아님 · 출처 상충 없음 · CT 와 모순 없음,1,1.0,sds_2nd,,False,False,False,False,False
MIX965,sens,high,NONE,,복구분 아님 · 출처 상충 없음 · CT 와 모순 없음,NC,0.0,phase1_sds,,False,False,False,False,False
MIX967,sens,high,NONE,,복구분 아님 · 출처 상충 없음 · CT 와 모순 없음,1,1.0,phase1_sds,,False,False,False,False,False
MIX968,sens,high,NONE,Skin Sens. 1; H317 May cause an allergic skin reaction.,복구분 아님 · 출처 상충 없음 · CT 와 모순 없음,1,1.0,sds_v1,,False,False,False,True,False
MIX969,sens,high,NONE,"Sensitization, skin Category 1 ... Skin sensitization May cause an allergic skin reaction.",복구분 아님 · 출처 상충 없음 · CT 와 모순 없음,1,1.0,sds_v1,,False,False,False,True,False
MIX970,sens,high,NONE,,복구분 아님 · 출처 상충 없음 · CT 와 모순 없음,1,1.0,sds_2nd,,False,False,False,False,False
MIX971,sens,high,NONE,Respiratory or skin sensitisation Skin sensitiser Hazard Category 1 under EC 1272/2008 guidelines,복구분 아님 · 출처 상충 없음 · CT 와 모순 없음,1,1.0,sds_v1,1,False,False,False,False,False
MIX972,sens,high,NONE,"Skin sensitisation, Category 1 ... H317: May cause an allergic skin reaction.",복구분 아님 · 출처 상충 없음 · CT 와 모순 없음,1,1.0,sds_v1,,False,False,False,True,False
MIX973,sens,high,NONE,,복구분 아님 · 출처 상충 없음 · CT 와 모순 없음,1,1.0,phase1_sds,1,False,False,False,False,False
MIX974,sens,medium,RECOVERED_negative,Skin sensitization This product is not expected to cause skin sensitization.,y=sds_v1 status='negative' 복구분(카테고리 미기재 → NC 보충),NC,0.0,sds_v1_negative_recovered,,True,False,True,False,False
MIX975,sens,high,NONE,,복구분 아님 · 출처 상충 없음 · CT 와 모순 없음,1,1.0,sds_2nd_sec11,,False,False,False,False,False
MIX976,sens,high,NONE,,복구분 아님 · 출처 상충 없음 · CT 와 모순 없음,NC,0.0,phase1_sds,,False,False,False,False,False
MIX978,sens,high,NONE,,복구분 아님 · 출처 상충 없음 · CT 와 모순 없음,1,1.0,sds_2nd_sec11,,False,False,False,False,False
MIX979,sens,high,NONE,,복구분 아님 · 출처 상충 없음 · CT 와 모순 없음,1,1.0,sds_2nd_sec11,,False,False,False,False,False
MIX981,sens,high,NONE,"Sensitization - Skin Category 1 ... H317, May cause an allergic skin reaction.",복구분 아님 · 출처 상충 없음 · CT 와 모순 없음,1,1.0,sds_v1,,False,False,False,True,False
MIX982,sens,high,NONE,"Sensitization, skin Category 1 ... Skin sensitization May cause an allergic skin reaction.",복구분 아님 · 출처 상충 없음 · CT 와 모순 없음,1,1.0,sds_v1,,False,False,False,True,False
MIX983,sens,high,NONE,,복구분 아님 · 출처 상충 없음 · CT 와 모순 없음,1,1.0,sds_2nd,,False,False,False,False,False
MIX984,sens,high,NONE,,복구분 아님 · 출처 상충 없음 · CT 와 모순 없음,1,1.0,sds_2nd,,False,False,False,False,False
MIX986,sens,high,NONE,Skin Sensitisation – Category 2 ... H317: May cause an allergic skin reaction,복구분 아님 · 출처 상충 없음 · CT 와 모순 없음,1,1.0,sds_v1,1,False,False,False,True,False
MIX987,sens,high,NONE,Skin Sensitization - Category 1B ... H317 May cause an allergic skin reaction.,복구분 아님 · 출처 상충 없음 · CT 와 모순 없음,1,1.0,sds_v1,1,False,False,False,True,False
MIX988,sens,high,NONE,,복구분 아님 · 출처 상충 없음 · CT 와 모순 없음,1,1.0,sds_2nd_sec11,,False,False,False,False,False
MIX990,sens,high,NONE,Skin Sens. 1 Sensitisation skin 1 H317 : May cause an allergic skin reaction.,복구분 아님 · 출처 상충 없음 · CT 와 모순 없음,1,1.0,sds_v1,,False,False,False,True,False
MIX991,sens,medium,SOURCE_CONFLICT,Respiratory or skin sensitisation: Based on available data the classification criteria are not met.,출처 간 서열 상충(y_conflict=True),1,1.0,sds_v1,,False,True,True,False,False
MIX992,sens,high,NONE,Skin Sensitization - Category 1,복구분 아님 · 출처 상충 없음 · CT 와 모순 없음,1,1.0,sds_v1,,False,False,False,False,False
MIX993,sens,high,NONE,Skin Sensitization Category 1B,복구분 아님 · 출처 상충 없음 · CT 와 모순 없음,1,1.0,sds_v1,1,False,False,False,False,False
MIX994,sens,high,NONE,,복구분 아님 · 출처 상충 없음 · CT 와 모순 없음,NC,0.0,sds_2nd,,False,False,False,False,False
MIX995,sens,high,NONE,Respiratory or skin sensitisation: Sensitization - Skin Category 1,복구분 아님 · 출처 상충 없음 · CT 와 모순 없음,1,1.0,sds_v1,1,False,False,False,False,False
MIX998,sens,high,NONE,,복구분 아님 · 출처 상충 없음 · CT 와 모순 없음,NC,0.0,sds_2nd,,False,False,False,False,False
MIX999,sens,high,NONE,Skin Sens. 1 - H317,복구분 아님 · 출처 상충 없음 · CT 와 모순 없음,1,1.0,sds_v1,,False,False,False,False,False
