Formulation_ID,product_name,tox_doc_product,doc_rel,doc_source,판정,근거유형,근거,문서Section3_CAS,우리_CAS,y_eye_src,y_skin_src,y_sens_src,라벨오염_eye,라벨오염_skin,라벨오염_sens,신뢰도
EyeIrritation6pack_PID1001,Trifloxysulfuron-sodium,Trifloxysulfuron-sodium,ingredient_source_audit/highlighted/78fab35366233679_highlighted.pdf,local,일치,제품명동일,우리CAS(1)['199119-58-9'] vs 문서Section3CAS(1)['199119-58-9'] | NTP앵커CAS교집합=없음 | 제품명토큰교집합=sodium|trifloxysulfuron | 문서추출문자수=8172,199119-58-9,199119-58-9,ntp_measured,,,False,N/A,N/A,높음
EyeIrritation6pack_PID1019,Up-Cyde Pro 2.0 EC Termiticide/Insecticide,Up-Cyde Pro 2.0 EC,ingredient_source_audit/highlighted/832a14ef8de093ed_highlighted.pdf,local,일치,CAS일치,"우리CAS(1)['52315-07-8'] vs 문서Section3CAS(2)['52315-07-8', '74742-95-6'] | NTP앵커CAS교집합=['52315-07-8'] | 문서본문에서 발견된 우리 성분명='cypermethrin' | 제품명토큰교집합=cyde | 문서추출문자수=13662",52315-07-8|74742-95-6,52315-07-8,ntp_measured,,,False,N/A,N/A,높음
EyeIrritation6pack_PID1024,V-10116 3.7 FS,"Glycerin (Product Number: G2289, Brand: Sigma-Aldrich, CAS-No. 56-81-5)",ingredient_source_audit/ordered_option_runs/highlighted_sources/G041_56-81-5_ChemBlink_Sigma_highlighted.pdf,local,오연결,조성불일치,우리CAS(0)[] vs 문서Section3CAS(1)['56-81-5'] | NTP앵커CAS교집합=없음 | 제품명토큰교집합= | 문서추출문자수=12023,56-81-5,,ntp_measured,sds_v1,sds_v1,False,True,True,낮음
EyeIrritation6pack_PID1027,V-10142 Herbicide,Celero® Herbicide,ingredient_source_audit/highlighted/771f17c74b9b0fa9_highlighted.pdf,local,부분일치,CAS일치,"우리CAS(4)['122548-33-8', '126-86-3', '1332-58-7', '9003-11-6'] vs 문서Section3CAS(4)['122548-33-8', '126-86-3', '1332-58-7', '9003-11-6'] | NTP앵커CAS교집합=['122548-33-8'] | 문서본문에서 발견된 우리 성분명='imazosulfuron' | 제품명토큰교집합= | 문서추출문자수=13336",122548-33-8|126-86-3|1332-58-7|9003-11-6,122548-33-8|126-86-3|1332-58-7|9003-11-6,ntp_measured,sds_v1,sds_v1,False,False,False,높음
EyeIrritation6pack_PID1032,VCP-01,Repair Materials (Product ID: VCP),ingredient_source_audit/highlighted/4ae6d9fcb3da7345_highlighted.pdf,local,오연결,CAS불일치,"우리CAS(1)['82657-04-3'] vs 문서Section3CAS(3)['1317-65-3', '14808-60-7', '65997-15-1'] | NTP앵커CAS교집합=없음 | 제품명토큰교집합=vcp | 문서추출문자수=17402",1317-65-3|14808-60-7|65997-15-1,82657-04-3,ntp_measured,sds_v1,sds_v1,False,True,True,중간
EyeIrritation6pack_PID1039,Vitacon RTU FL Fungicide,"Shar-Teb 3.6FL Fungicide  ABN: Tebu-Crop 3.6F, Tebu-Turf 3.6F, Tebusha 3.6FL",ingredient_source_audit/highlighted/fd2ea4ca4e1f1268_highlighted.pdf,local,부분일치,CAS일치,"우리CAS(6)['11138-66-2', '125225-28-7', '5234-68-4', '56-81-5', '57837-19-1', '7732-18-5'] vs 문서Section3CAS(5)['107534-96-3', '11138-66-2', '56-81-5', '7732-18-5', '80443-41-0'] | NTP앵커CAS교집합=없음 | 제품명토큰교집합= | 문서추출문자수=19027 | 2차재검: 문서Section3 CAS와 우리 활성성분 CAS 교집합 존재 및 상표명↔활성성분 지식 대조로 오연결→부분일치 수정",107534-96-3|11138-66-2|56-81-5|7732-18-5|80443-41-0,11138-66-2|125225-28-7|5234-68-4|56-81-5|57837-19-1|7732-18-5,ntp_measured,sds_v1,sds_v1,False,False,False,중간
EyeIrritation6pack_PID1040,Voliam Flexi Insecticide,VOLIAM,ingredient_source_audit/highlighted/ddcc0c90471bab7e_highlighted.pdf,local,부분일치,CAS불일치,"우리CAS(1)['153719-23-4'] vs 문서Section3CAS(3)['167-00-5', '500008-45-7', '55965-84-9'] | NTP앵커CAS교집합=없음 | 제품명토큰교집합=voliam | 문서추출문자수=10883 | 수동판정(규칙엔진=일치→부분일치); 제품명/상표명 지식 및 문서 기재 제품명 'VOLIAM' 대조",167-00-5|500008-45-7|55965-84-9,153719-23-4,ntp_measured,sds_v1,sds_v1,False,False,False,중간
EyeIrritation6pack_PID1044,Weld Herbicide,AS-SB-A SOLVENT-BASED ANTI-SPATTER (MSDS Name: SDS-AS-SB-A),ingredient_source_audit/highlighted/c75c7b1be62c2d70_highlighted.pdf,local,오연결,CAS불일치,"우리CAS(4)['29450-45-1', '57754-85-5', '75-09-0', '81406-37-3'] vs 문서Section3CAS(1)['75-09-2'] | NTP앵커CAS교집합=없음 | 제품명토큰교집합= | 문서추출문자수=10861",75-09-2,29450-45-1|57754-85-5|75-09-0|81406-37-3,ntp_measured,sds_v1,sds_v1,False,True,True,중간
EyeIrritation6pack_PID1051,X-Cide 800 Biocide,X-CID (헤더 표기: PROXITANE ® 0007 / Trade name: X-CID),ingredient_source_audit/highlighted/6c1c64ddc6d9e939_highlighted.pdf,local,오연결,CAS불일치,"우리CAS(1)['104-55-2'] vs 문서Section3CAS(6)['2-00-6', '3-00-9', '64-19-7', '7722-84-1', '79-21-0', '94-00-8'] | NTP앵커CAS교집합=없음 | 제품명토큰교집합= | 문서추출문자수=10098",2-00-6|3-00-9|64-19-7|7722-84-1|79-21-0|94-00-8,104-55-2,ntp_measured,sds_v1,sds_v1,False,True,True,중간
EyeIrritation6pack_PID1055,XDE-PRDX,Conoidin A,ingredient_source_audit/ordered_option_runs/highlighted_sources/G040_alternate_sds_pdf_76b1f244a1d1e120_highlighted.pdf,local,오연결,CAS불일치,"우리CAS(4)['18080-67-6', '34256-82-1', '57754-85-5', '98967-40-9'] vs 문서Section3CAS(1)['18080-67-6'] | NTP앵커CAS교집합=없음 | 제품명토큰교집합= | 문서추출문자수=13738",18080-67-6,18080-67-6|34256-82-1|57754-85-5|98967-40-9,ntp_measured,sds_v1,sds_v1,False,True,True,중간
EyeIrritation6pack_PID1060,Zampro Fungicide,Zampro,ingredient_source_audit/highlighted/ad11c7ed48807994_highlighted.pdf,local,일치,CAS일치,"우리CAS(1)['110488-70-5'] vs 문서Section3CAS(6)['100-41-4', '110488-70-5', '116412-83-0', '2634-33-5', '2682-20-4', '865318-97-4'] | NTP앵커CAS교집합=['110488-70-5'] | 문서본문에서 발견된 우리 성분명='dimethomorph' | 제품명토큰교집합=zampro | 문서추출문자수=9227",100-41-4|110488-70-5|116412-83-0|2634-33-5|2682-20-4|865318-97-4,110488-70-5,ntp_measured,sds_v1,sds_v1,False,False,False,높음
EyeIrritation6pack_PID1062,Zoxamide(95_100%),Oxamide,ingredient_source_audit/highlighted/35bda4ed9143eb1a_highlighted.pdf,local,오연결,CAS불일치,"우리CAS(2)['156052-68-5', '471-46-5'] vs 문서Section3CAS(1)['471-46-5'] | NTP앵커CAS교집합=없음 | 제품명토큰교집합= | 문서추출문자수=7947",471-46-5,156052-68-5|471-46-5,ntp_measured,sds_v1,,False,True,N/A,중간
EyeIrritation6pack_PID116,BAS 320 I Pro Fire Ant Bait,Amdro® Pro fire ant bait (Product No.: 579604),ingredient_source_audit/highlighted/65ba622bb02581cf_highlighted.pdf,local,상표명대응,CAS일치,"우리CAS(2)['139968-49-3', '67485-29-4'] vs 문서Section3CAS(1)['67485-29-4'] | NTP앵커CAS교집합=없음 | 제품명토큰교집합=ant|fire | 문서추출문자수=11040 | 2차재검: 문서Section3 CAS와 우리 활성성분 CAS 교집합 존재 및 상표명↔활성성분 지식 대조로 오연결→상표명대응 수정",67485-29-4,139968-49-3|67485-29-4,sds_v1,,sds_v1,False,N/A,False,중간
EyeIrritation6pack_PID118,BAS 500 F Manufacturing Use Product,Lucantin® Yellow 10% NXT,ingredient_source_audit/highlighted/5758adb4093a53cb_highlighted.pdf,local,오연결,CAS불일치,"우리CAS(1)['175013-18-0'] vs 문서Section3CAS(7)['1109-11-1', '121-79-9', '128-37-0', '137-66-6', '14306-25-3', '198-00-3', '67762-90-7'] | NTP앵커CAS교집합=없음 | 제품명토큰교집합= | 문서추출문자수=10594",1109-11-1|121-79-9|128-37-0|137-66-6|14306-25-3|198-00-3|67762-90-7,175013-18-0,ntp_measured,sds_v1,sds_v1,False,True,True,중간
EyeIrritation6pack_PID125,BAS 700 01 Fungicide,Delan 700 WDG,ingredient_source_audit/highlighted/9b558968bd22955b_highlighted.pdf,local,오연결,CAS불일치,"우리CAS(1)['907204-31-3'] vs 문서Section3CAS(4)['1332-58-7', '21-00-0', '3347-22-6', '7783-20-2'] | NTP앵커CAS교집합=없음 | 제품명토큰교집합=700 | 문서추출문자수=10502",1332-58-7|21-00-0|3347-22-6|7783-20-2,907204-31-3,ntp_measured,sds_v1,sds_v1,False,True,True,중간
EyeIrritation6pack_PID126,BAS 703 01 F Fungicide,,ingredient_source_audit/highlighted/3ab695fc8ab105ae_highlighted.pdf,local,불명,판독불가,"우리CAS(2)['175013-18-0', '907204-31-3'] vs 문서Section3CAS(1)['907204-31-3'] | NTP앵커CAS교집합=없음 | 제품명토큰교집합= | 문서추출문자수=10461 | 수동판정(규칙엔진=오연결→불명); 제품명/상표명 지식 및 문서 기재 제품명 'nan' 대조",907204-31-3,175013-18-0|907204-31-3,ntp_measured,,,False,N/A,N/A,낮음
EyeIrritation6pack_PID128,BASF MCPP-P,Chronicle®,ingredient_source_audit/highlighted/296587bc60e570e8_highlighted.pdf,local,오연결,CAS불일치,"우리CAS(1)['93-65-2'] vs 문서Section3CAS(9)['112926-00-8', '137641-05-5', '2634-33-5', '40487-42-1', '52-51-7', '55965-84-9', '57-55-6', '68425-94-5'] | NTP앵커CAS교집합=없음 | 제품명토큰교집합= | 문서추출문자수=9784",112926-00-8|137641-05-5|2634-33-5|40487-42-1|52-51-7|55965-84-9|57-55-6|68425-94-5|88-00-6,93-65-2,ntp_measured,sds_v1,sds_v1,False,True,True,중간
EyeIrritation6pack_PID138,Bentazone,Bentazon,ingredient_source_audit/ordered_option_runs/highlighted_sources/G063_25057-89-0_ChemBlink_Sigma_highlighted.pdf,local,상표명대응,제품명동일,"우리CAS(0)[] vs 문서Section3CAS(2)['12-00-1', '25057-89-0'] | NTP앵커CAS교집합=없음 | 제품명토큰교집합= | 문서추출문자수=12302 | 수동판정(규칙엔진=일치→상표명대응); 제품명/상표명 지식 및 문서 기재 제품명 'Bentazon' 대조",12-00-1|25057-89-0,,ntp_measured,,sds_2nd_sec11,False,N/A,False,높음
EyeIrritation6pack_PID145,Bifenthrin 0.069 RU Insecticide With X-X-X Fertilizer,Nutrite Professional Turf Fertilizer 0.069% Bifenthrin Insecticide,ingredient_source_audit/highlighted/335bf5ac93599b7d_highlighted.pdf,local,일치,외부지식,"우리CAS(1)['57-13-6'] vs 문서Section3CAS(10)['108-19-0', '1302-78-9', '1317-65-3', '13547-17-6', '14808-60-7', '57-13-6', '7447-40-7', '7647-14-5'] | NTP앵커CAS교집합=없음 | 제품명토큰교집합=069|bifenthrin|fertilizer | 문서추출문자수=14397 | 수동판정(규칙엔진=상표명대응→일치); 제품명/상표명 지식 및 문서 기재 제품명 'Nutrite Professional Turf Fertilizer 0.069% Bifenthrin Insec' 대조",108-19-0|1302-78-9|1317-65-3|13547-17-6|14808-60-7|57-13-6|7447-40-7|7647-14-5|7704-39-9|82657-04-3,57-13-6,ntp_measured,sds_v1,,False,False,N/A,중간
EyeIrritation6pack_PID160,Bispyribac-sodium,Bispyribac sodium salt,ingredient_source_audit/ordered_option_runs/highlighted_sources/G046_125401-92-5_ChemBlink_Sigma_highlighted.pdf,local,일치,제품명동일,우리CAS(1)['125401-92-5'] vs 문서Section3CAS(1)['125401-92-5'] | NTP앵커CAS교집합=없음 | 제품명토큰교집합=bispyribac|sodium | 문서추출문자수=10773,125401-92-5,125401-92-5,ntp_measured,sds_v1,,False,False,N/A,높음
EyeIrritation6pack_PID168,Bonide Spinosad Dust,Bonide Captain Jack's Deadbug Brew Ready to Use,ingredient_source_audit/highlighted/17da382f7c9090ef_highlighted.pdf,local,부분일치,외부지식,"우리CAS(1)['131929-60-7'] vs 문서Section3CAS(2)['131929-60-7', '131929-63-0'] | NTP앵커CAS교집합=없음 | 제품명토큰교집합=bonide | 문서추출문자수=12770 | 수동판정(규칙엔진=상표명대응→부분일치); 제품명/상표명 지식 및 문서 기재 제품명 'Bonide Captain Jack's Deadbug Brew Ready to Use' 대조",131929-60-7|131929-63-0,131929-60-7,ntp_measured,sds_v1,sds_v1,False,False,False,중간
EyeIrritation6pack_PID170,Boscalid,Boscalid,ingredient_source_audit/ordered_option_runs/highlighted_sources/G045_188425-85-6_ChemBlink_Sigma_highlighted.pdf,local,일치,제품명동일,우리CAS(1)['188425-85-6'] vs 문서Section3CAS(1)['188425-85-6'] | NTP앵커CAS교집합=없음 | 제품명토큰교집합=boscalid | 문서추출문자수=11220,188425-85-6,188425-85-6,ntp_measured,sds_v1,,False,False,N/A,높음
EyeIrritation6pack_PID195,Captan 80 WDG,Captan,ingredient_source_audit/ordered_option_runs/highlighted_sources/G037_133-06-2_ChemBlink_Sigma_highlighted.pdf,local,부분일치,외부지식,"우리CAS(0)[] vs 문서Section3CAS(2)['133-06-2', '44-00-6'] | NTP앵커CAS교집합=없음 | 제품명토큰교집합=captan | 문서추출문자수=14577 | 수동판정(규칙엔진=일치→부분일치); 제품명/상표명 지식 및 문서 기재 제품명 'Captan' 대조",133-06-2|44-00-6,,ntp_measured,,sds_v1,False,N/A,False,중간
EyeIrritation6pack_PID196,Captevate 68 WDG,CAPTEVATE® 68 WDG Fungicide,ingredient_source_audit/highlighted/5c12e06bc4c27b69_highlighted.pdf,local,일치,조성일치,"우리CAS(1)['133-06-2'] vs 문서Section3CAS(3)['126833-17-8', '133-06-2', '8061-51-6'] | NTP앵커CAS교집합=없음 | 제품명토큰교집합=captevate|wdg | 문서추출문자수=18852",126833-17-8|133-06-2|8061-51-6,133-06-2,ntp_measured,sds_v1,sds_v1,False,False,False,중간
EyeIrritation6pack_PID220,Cheminova Abamectin,ZORO™ Insecticide/Miticide,ingredient_source_audit/highlighted/697615ed20093d19_highlighted.pdf,local,상표명대응,외부지식,"우리CAS(0)[] vs 문서Section3CAS(4)['128-37-0', '71751-41-2', '871-50-4', '872-50-4'] | NTP앵커CAS교집합=없음 | 제품명토큰교집합= | 문서추출문자수=16411 | 수동판정(규칙엔진=오연결→상표명대응); 제품명/상표명 지식 및 문서 기재 제품명 'ZORO™ Insecticide/Miticide' 대조",128-37-0|71751-41-2|871-50-4|872-50-4,,ntp_measured,,sds_v1,False,N/A,False,중간
EyeIrritation6pack_PID222,Chemsico Aerosol LEG,Undercoat (All Colors) (Aerosol),ingredient_source_audit/highlighted/23e625b941a830e2_highlighted.pdf,local,오연결,CAS불일치,"우리CAS(3)['23031-36-9', '90-43-7', '91465-08-6'] vs 문서Section3CAS(3)['106-97-8', '1330-20-7', '67-64-1'] | NTP앵커CAS교집합=없음 | 제품명토큰교집합=aerosol | 문서추출문자수=12503",106-97-8|1330-20-7|67-64-1,23031-36-9|90-43-7|91465-08-6,ntp_measured,sds_v1,sds_v1,False,True,True,중간
EyeIrritation6pack_PID233,Chlorpyrifos VC,Chlorpyrifos E-Pro 2 Insecticide,ingredient_source_audit/highlighted/861cd6a9b302a656_highlighted.pdf,local,부분일치,CAS일치,"우리CAS(1)['2921-88-2'] vs 문서Section3CAS(2)['2921-88-2', '64742-94-5'] | NTP앵커CAS교집합=['2921-88-2'] | 문서본문에서 발견된 우리 성분명='chlorpyrifos' | 제품명토큰교집합=chlorpyrifos | 문서추출문자수=18413",2921-88-2|64742-94-5,2921-88-2,ntp_measured,,,False,N/A,N/A,높음
EyeIrritation6pack_PID241,Clincher CA,Cyhalofop-butyl,ingredient_source_audit/ordered_option_runs/highlighted_sources/G053_122008-85-9_ChemBlink_Sigma_highlighted.pdf,local,부분일치,CAS일치,우리CAS(1)['122008-85-9'] vs 문서Section3CAS(1)['122008-85-9'] | NTP앵커CAS교집합=['122008-85-9'] | 문서본문에서 발견된 우리 성분명='cyhalofop-butyl' | 제품명토큰교집합= | 문서추출문자수=11327,122008-85-9,122008-85-9,ntp_measured,,sds_v1,False,N/A,False,높음
EyeIrritation6pack_PID246,Clothiandin 600 FS,Clothianidin,ingredient_source_audit/ordered_option_runs/highlighted_sources/G029_210880-92-5_ChemBlink_Sigma_highlighted.pdf,local,부분일치,외부지식,"우리CAS(0)[] vs 문서Section3CAS(2)['210880-92-5', '307-00-5'] | NTP앵커CAS교집합=없음 | 제품명토큰교집합= | 문서추출문자수=11491 | 수동판정(규칙엔진=오연결→부분일치); 제품명/상표명 지식 및 문서 기재 제품명 'Clothianidin' 대조",210880-92-5|307-00-5,,ntp_measured,sds_v1,sds_v1,False,False,False,중간
EyeIrritation6pack_PID247,Clothianidin,Clothianidin,ingredient_source_audit/ordered_option_runs/highlighted_sources/G029_210880-92-5_ChemBlink_Sigma_highlighted.pdf,local,일치,제품명동일,"우리CAS(0)[] vs 문서Section3CAS(2)['210880-92-5', '307-00-5'] | NTP앵커CAS교집합=없음 | 제품명토큰교집합=clothianidin | 문서추출문자수=11491",210880-92-5|307-00-5,,ntp_measured,sds_v1,sds_v1,False,False,False,높음
EyeIrritation6pack_PID267,Coumaphos (#N/A),Coumaphos,ingredient_source_audit/highlighted/f1266cfbaff748b8_highlighted.pdf,local,일치,조성일치,"우리CAS(0)[] vs 문서Section3CAS(2)['38-00-3', '56-72-4'] | NTP앵커CAS교집합=없음 | 제품명토큰교집합=coumaphos | 문서추출문자수=10763",38-00-3|56-72-4,,ntp_measured,,,False,N/A,N/A,중간
EyeIrritation6pack_PID28,Abamectin B1a,Abamectin,ingredient_source_audit/ordered_option_runs/highlighted_sources/G028_71751-41-2_ChemBlink_Sigma_highlighted.pdf,local,일치,CAS불일치,우리CAS(1)['65195-55-3'] vs 문서Section3CAS(1)['71751-41-2'] | NTP앵커CAS교집합=없음 | 제품명토큰교집합=abamectin | 문서추출문자수=12462,71751-41-2,65195-55-3,ntp_measured,sds_v1,sds_v1,False,False,False,중간
EyeIrritation6pack_PID283,Cyflufenamid Fungicide,Cyflufenamid 10 SC,ingredient_source_audit/highlighted/ca3147009bb5844c_highlighted.pdf,local,부분일치,CAS일치,"우리CAS(1)['180409-60-3'] vs 문서Section3CAS(2)['180409-60-3', '2634-33-5'] | NTP앵커CAS교집합=['180409-60-3'] | 문서본문에서 발견된 우리 성분명='cyflufenamid' | 제품명토큰교집합=cyflufenamid | 문서추출문자수=10474",180409-60-3|2634-33-5,180409-60-3,ntp_measured,sds_v1,sds_v1,False,False,False,높음
EyeIrritation6pack_PID288,Cypermethrin(95%),Cypermethrin ROTICHROM® Pestilyse® HPLC,ingredient_source_audit/highlighted/9e9937cbb45ac976_highlighted.pdf,local,일치,외부지식,"우리CAS(2)['421-00-4', '52315-07-8'] vs 문서Section3CAS(2)['421-00-4', '52315-07-8'] | NTP앵커CAS교집합=없음 | 제품명토큰교집합=cypermethrin | 문서추출문자수=11107 | 수동판정(규칙엔진=상표명대응→일치); 제품명/상표명 지식 및 문서 기재 제품명 'Cypermethrin ROTICHROM® Pestilyse® HPLC' 대조",421-00-4|52315-07-8,421-00-4|52315-07-8,ntp_measured,sds_v1,sds_v1,False,False,False,중간
EyeIrritation6pack_PID289,Cypermethrin(96.7%),Cypermethrin,ingredient_source_audit/highlighted/1828959a8cc157cc_highlighted.pdf,local,일치,조성일치,우리CAS(1)['86753-92-6'] vs 문서Section3CAS(1)['86753-92-6'] | NTP앵커CAS교집합=없음 | 제품명토큰교집합=cypermethrin | 문서추출문자수=7343,86753-92-6,86753-92-6,ntp_measured,,,False,N/A,N/A,중간
EyeIrritation6pack_PID29,Abamectin B1b,Abamectin,ingredient_source_audit/ordered_option_runs/highlighted_sources/G028_71751-41-2_ChemBlink_Sigma_highlighted.pdf,local,일치,CAS불일치,우리CAS(1)['65195-56-4'] vs 문서Section3CAS(1)['71751-41-2'] | NTP앵커CAS교집합=없음 | 제품명토큰교집합=abamectin | 문서추출문자수=12462,71751-41-2,65195-56-4,ntp_measured,sds_v1,sds_v1,False,False,False,중간
EyeIrritation6pack_PID299,Deadline Bullets,Deadline Bullets®; Deadline® M-Ps™; Deadline® T&O; Deadline® M-Ps™ Mini Pellets; Deadline® Ornamental,ingredient_source_audit/highlighted/3adf46e2fe8ca31f_highlighted.pdf,local,일치,CAS일치,우리CAS(1)['108-62-3'] vs 문서Section3CAS(1)['108-62-3'] | NTP앵커CAS교집합=['108-62-3'] | 제품명토큰교집합=bullets|deadline | 문서추출문자수=9525,108-62-3,108-62-3,ntp_measured,,sds_v1,False,N/A,False,높음
EyeIrritation6pack_PID3,0.08% Mesotrione on Fertilizer,Meso 4SC Select,ingredient_source_audit/highlighted/538caf56df65ee88_highlighted.pdf,local,부분일치,외부지식,우리CAS(1)['104206-82-8'] vs 문서Section3CAS(1)['104206-82-8'] | NTP앵커CAS교집합=없음 | 제품명토큰교집합= | 문서추출문자수=9532 | 수동판정(규칙엔진=오연결→부분일치); 제품명/상표명 지식 및 문서 기재 제품명 'Meso 4SC Select' 대조,104206-82-8,104206-82-8,ntp_measured,,,False,N/A,N/A,중간
EyeIrritation6pack_PID301,Decis 1.0 Gel,1-Decene,ingredient_source_audit/highlighted/417529ce078df58e_highlighted.pdf,local,오연결,CAS불일치,"우리CAS(2)['52918-63-5', '872-05-9'] vs 문서Section3CAS(1)['872-05-9'] | NTP앵커CAS교집합=없음 | 제품명토큰교집합= | 문서추출문자수=8045",872-05-9,52918-63-5|872-05-9,ntp_measured,sds_v1,,False,True,N/A,중간
EyeIrritation6pack_PID306,Densil CA,"Synthetic Amorphous Silica. / Product Label Name: Precipitated Silica / Trade Names: DENTSIL DS-60, DENTSIL DS-100, DENTSIL DS-230.",ingredient_source_audit/highlighted/c7e78d31b7faea01_highlighted.pdf,local,오연결,CAS불일치,"우리CAS(2)['1897-45-6', '28159-98-0'] vs 문서Section3CAS(2)['112926-00-8', '7631-86-9'] | NTP앵커CAS교집합=없음 | 제품명토큰교집합= | 문서추출문자수=14769",112926-00-8|7631-86-9,1897-45-6|28159-98-0,ntp_measured,,sds_v1,False,N/A,True,중간
EyeIrritation6pack_PID310,Devrinol 2-EC Ornamental Herbicide,Napropamide 21.8% EC / Trade Name: Devrinol 2-E,ingredient_source_audit/highlighted/3634abcca3655ffe_highlighted.pdf,local,일치,외부지식,우리CAS(0)[] vs 문서Section3CAS(1)['15299-99-7'] | NTP앵커CAS교집합=없음 | 제품명토큰교집합=devrinol | 문서추출문자수=11038 | 수동판정(규칙엔진=상표명대응→일치); 제품명/상표명 지식 및 문서 기재 제품명 'Napropamide 21.8% EC / Trade Name: Devrinol 2-E' 대조,15299-99-7,,ntp_measured,sds_v1,,False,False,N/A,중간
EyeIrritation6pack_PID313,Devrinol 3.75 SC Selective Herbicide,DEVRINOL,ingredient_source_audit/highlighted/ee8418e94cb93e04_highlighted.pdf,local,일치,조성일치,"우리CAS(0)[] vs 문서Section3CAS(6)['107-21-1', '15299-99-7', '2634-33-5', '27-00-1', '68131-39-5', '88-00-6'] | NTP앵커CAS교집합=없음 | 제품명토큰교집합=devrinol | 문서추출문자수=11955",107-21-1|15299-99-7|2634-33-5|27-00-1|68131-39-5|88-00-6,,ntp_measured,sds_v1,sds_v1,False,False,False,중간
EyeIrritation6pack_PID343,Drexel Suffa-8,Suffa ®,ingredient_source_audit/highlighted/4c1a05e8d886f459_highlighted.pdf,local,일치,조성일치,우리CAS(0)[] vs 문서Section3CAS(1)['7704-34-9'] | NTP앵커CAS교집합=없음 | 제품명토큰교집합=suffa | 문서추출문자수=12652,7704-34-9,,ntp_measured,sds_v1,sds_v1,False,False,False,중간
EyeIrritation6pack_PID370,Dynasty Extreme,DYNASTY® CST,ingredient_source_audit/highlighted/f86bdd430b27b9e1_highlighted.pdf,local,부분일치,CAS불일치,"우리CAS(1)['88671-89-0'] vs 문서Section3CAS(5)['131341-86-1', '131860-33-8', '57-55-6', '69516-34-3', '70630-17-0'] | NTP앵커CAS교집합=없음 | 제품명토큰교집합=dynasty | 문서추출문자수=10909 | 수동판정(규칙엔진=오연결→부분일치); 제품명/상표명 지식 및 문서 기재 제품명 'DYNASTY® CST' 대조",131341-86-1|131860-33-8|57-55-6|69516-34-3|70630-17-0,88671-89-0,ntp_measured,,sds_v1,False,N/A,False,중간
EyeIrritation6pack_PID376,Effipro Topical Solution for Dogs,EFFIPRO® Plus Topical Solution for Dogs,ingredient_source_audit/highlighted/4d7d07f24f6dfa7e_highlighted.pdf,local,부분일치,외부지식,"우리CAS(1)['95737-68-1'] vs 문서Section3CAS(2)['120068-37-7', '95737-68-1'] | NTP앵커CAS교집합=없음 | 제품명토큰교집합=dogs|effipro|topical | 문서추출문자수=9855 | 수동판정(규칙엔진=상표명대응→부분일치); 제품명/상표명 지식 및 문서 기재 제품명 'EFFIPRO® Plus Topical Solution for Dogs' 대조",120068-37-7|95737-68-1,95737-68-1,ntp_measured,,sds_v1,False,N/A,False,중간
EyeIrritation6pack_PID378,EH-1479 Herbicide,BIS[2-(P-METHOXYPHENYL)ETHYL] ETHER,ingredient_source_audit/ordered_option_runs/highlighted_sources/G044_alternate_sds_pdf_a40b09147f8b1a64_highlighted.pdf,local,오연결,CAS불일치,"우리CAS(5)['104104-12-3', '2008-39-1', '2300-66-5', '84087-01-4', '97886-45-8'] vs 문서Section3CAS(1)['104104-12-3'] | NTP앵커CAS교집합=없음 | 제품명토큰교집합= | 문서추출문자수=7344",104104-12-3,104104-12-3|2008-39-1|2300-66-5|84087-01-4|97886-45-8,ntp_measured,,,False,N/A,N/A,중간
EyeIrritation6pack_PID40,Acephate,Acephate ROTICHROM® Pestilyse® HPLC,ingredient_source_audit/highlighted/e24b8e39082df840_highlighted.pdf,local,일치,CAS일치,"우리CAS(1)['30560-19-1'] vs 문서Section3CAS(2)['30560-19-1', '79-00-7'] | NTP앵커CAS교집합=['30560-19-1'] | 문서본문에서 발견된 우리 성분명='acephate' | 제품명토큰교집합=acephate | 문서추출문자수=9278",30560-19-1|79-00-7,30560-19-1,ntp_measured,sds_v1,sds_v1,False,False,False,높음
EyeIrritation6pack_PID41,Acephate 90 DF Insecticide,Tide Acephate 90WDG,ingredient_source_audit/highlighted/cf117703713d769a_highlighted.pdf,local,상표명대응,조성일치,"우리CAS(4)['26361-40-5', '30560-19-1', '7757-82-6', '9003-39-8'] vs 문서Section3CAS(4)['26361-40-5', '30560-19-1', '7757-82-6', '9003-39-8'] | NTP앵커CAS교집합=없음 | 제품명토큰교집합=acephate | 문서추출문자수=8507",26361-40-5|30560-19-1|7757-82-6|9003-39-8,26361-40-5|30560-19-1|7757-82-6|9003-39-8,ntp_measured,,sds_v1,False,N/A,False,중간
EyeIrritation6pack_PID422,Fenhexamid(95.4%),Fenhexamid ROTICHROM® Pestilyse® HPLC,ingredient_source_audit/highlighted/ec3e2fe2efdfd841_highlighted.pdf,local,일치,외부지식,"우리CAS(2)['111-00-8', '126833-17-8'] vs 문서Section3CAS(2)['111-00-8', '126833-17-8'] | NTP앵커CAS교집합=없음 | 제품명토큰교집합=fenhexamid | 문서추출문자수=10131 | 수동판정(규칙엔진=상표명대응→일치); 제품명/상표명 지식 및 문서 기재 제품명 'Fenhexamid ROTICHROM® Pestilyse® HPLC' 대조",111-00-8|126833-17-8,111-00-8|126833-17-8,ntp_measured,sds_v1,sds_v1,False,False,False,중간
EyeIrritation6pack_PID426,Fenpropimorph,CLAYTON SPIGOT MAPP 11560,ingredient_source_audit/highlighted/a676763a49f80e08_highlighted.pdf,local,상표명대응,제품명동일,"우리CAS(0)[] vs 문서Section3CAS(5)['10-00-7', '108-00-1', '108-94-1', '67564-91-4', '78-83-1'] | NTP앵커CAS교집합=없음 | 제품명토큰교집합= | 문서추출문자수=19509 | 수동판정(규칙엔진=일치→상표명대응); 제품명/상표명 지식 및 문서 기재 제품명 'CLAYTON SPIGOT MAPP 11560' 대조",10-00-7|108-00-1|108-94-1|67564-91-4|78-83-1,,sds_v1,sds_v1,sds_v1,False,False,False,높음
EyeIrritation6pack_PID439,Fluazinam,Fluazinam,ingredient_source_audit/ordered_option_runs/highlighted_sources/G047_79622-59-6_ChemBlink_Sigma_highlighted.pdf,local,일치,제품명동일,우리CAS(0)[] vs 문서Section3CAS(1)['79622-59-6'] | NTP앵커CAS교집합=없음 | 제품명토큰교집합=fluazinam | 문서추출문자수=12995,79622-59-6,,ntp_measured,sds_v1,sds_v1,False,False,False,높음
EyeIrritation6pack_PID443,Flufenacet & Isoxaflutole SC Herbicide,Flufenacet (ISO),ingredient_source_audit/highlighted/409beaa5d1f77869_highlighted.pdf,local,부분일치,CAS불일치,"우리CAS(3)['141112-29-0', '142459-58-3', '164-00-9'] vs 문서Section3CAS(2)['142459-58-3', '164-00-9'] | NTP앵커CAS교집합=없음 | 제품명토큰교집합=flufenacet | 문서추출문자수=13533 | 수동판정(규칙엔진=일치→부분일치); 제품명/상표명 지식 및 문서 기재 제품명 'Flufenacet (ISO)' 대조",142459-58-3|164-00-9,141112-29-0|142459-58-3|164-00-9,ntp_measured,sds_v1,sds_v1,False,False,False,중간
EyeIrritation6pack_PID456,Flumethrin(96.2),Vetmed Flumethrin Pour On,ingredient_source_audit/highlighted/e34e20091d54aee6_highlighted.pdf,local,부분일치,외부지식,"우리CAS(3)['1330-20-7', '69770-45-2', '8012-95-1'] vs 문서Section3CAS(1)['69770-45-2'] | NTP앵커CAS교집합=없음 | 제품명토큰교집합=flumethrin | 문서추출문자수=12294 | 수동판정(규칙엔진=상표명대응→부분일치); 제품명/상표명 지식 및 문서 기재 제품명 'Vetmed Flumethrin Pour On' 대조",69770-45-2,1330-20-7|69770-45-2|8012-95-1,ntp_measured,,,False,N/A,N/A,중간
EyeIrritation6pack_PID462,Fluoxastrobin,Fluoxastrobin,ingredient_source_audit/highlighted/9cca15a41cdb6eb2_highlighted.pdf,local,일치,CAS불일치,"우리CAS(2)['193740-76-0', '361377-29-9'] vs 문서Section3CAS(1)['193740-76-0'] | NTP앵커CAS교집합=없음 | 문서본문에서 발견된 우리 성분명='fluoxastrobin' | 제품명토큰교집합=fluoxastrobin | 문서추출문자수=7174",193740-76-0,193740-76-0|361377-29-9,ntp_measured,,sds_2nd,False,N/A,False,높음
EyeIrritation6pack_PID467,Folicur 1. 2 emulsifiable concentrate(16.6),Tebuconazole,ingredient_source_audit/ordered_option_runs/highlighted_sources/G039_107534-96-3_ChemBlink_Sigma_highlighted.pdf,local,부분일치,외부지식,"우리CAS(0)[] vs 문서Section3CAS(2)['107534-96-3', '197-00-7'] | NTP앵커CAS교집합=없음 | 제품명토큰교집합= | 문서추출문자수=12142 | 수동판정(규칙엔진=오연결→부분일치); 제품명/상표명 지식 및 문서 기재 제품명 'Tebuconazole' 대조",107534-96-3|197-00-7,,ntp_measured,sds_v1,,False,False,N/A,중간
EyeIrritation6pack_PID47,Acticide CBM,ACTICIDE B 20,ingredient_source_audit/highlighted/b764d8012ba77eba_highlighted.pdf,local,부분일치,CAS불일치,"우리CAS(2)['26172-55-4', '2682-20-4'] vs 문서Section3CAS(4)['1310-73-2', '2-00-6', '2634-33-5', '88-00-6'] | NTP앵커CAS교집합=없음 | 제품명토큰교집합=acticide | 문서추출문자수=14951 | 수동판정(규칙엔진=오연결→부분일치); 제품명/상표명 지식 및 문서 기재 제품명 'ACTICIDE B 20' 대조",1310-73-2|2-00-6|2634-33-5|88-00-6,26172-55-4|2682-20-4,ntp_measured,sds_v1,sds_v1,False,False,False,중간
EyeIrritation6pack_PID475,Foundation Lite,112 Non-Fibered Foundation & Roof Coating,ingredient_source_audit/highlighted/91a039fb3c299dad_highlighted.pdf,local,오연결,CAS불일치,"우리CAS(4)['137-26-8', '36734-19-7', '8052-41-3', '8052-42-4'] vs 문서Section3CAS(2)['8052-41-3', '8052-42-4'] | NTP앵커CAS교집합=없음 | 제품명토큰교집합=foundation | 문서추출문자수=10615",8052-41-3|8052-42-4,137-26-8|36734-19-7|8052-41-3|8052-42-4,ntp_measured,sds_v1,sds_v1,False,True,True,중간
EyeIrritation6pack_PID477,FreeHand 1.75G Herbicide,Freehand 1.75G Herbicide,ingredient_source_audit/highlighted/f75e6ad30f5f78ac_highlighted.pdf,local,일치,CAS불일치,"우리CAS(4)['14808-60-7', '163515-14-8', '40487-42-1', '87674-68-8'] vs 문서Section3CAS(3)['14808-60-7', '163515-14-8', '40487-42-1'] | NTP앵커CAS교집합=없음 | 문서본문에서 발견된 우리 성분명='dimethenamid' | 제품명토큰교집합=75g|freehand | 문서추출문자수=9156",14808-60-7|163515-14-8|40487-42-1,14808-60-7|163515-14-8|40487-42-1|87674-68-8,ntp_measured,sds_v1,sds_v1,False,False,False,높음
EyeIrritation6pack_PID489,Geo Tru,Pentane,ingredient_source_audit/ordered_option_runs/highlighted_sources/G042_109-66-0_ChemBlink_Sigma_highlighted.pdf,local,오연결,CAS불일치,"우리CAS(1)['88-04-0'] vs 문서Section3CAS(2)['109-66-0', '6-00-1'] | NTP앵커CAS교집합=없음 | 제품명토큰교집합= | 문서추출문자수=14414",109-66-0|6-00-1,88-04-0,ntp_measured,sds_v1,,False,True,N/A,중간
EyeIrritation6pack_PID493,GF-1252,"3M™ Scotch-Weld™ Tamper Proof Sealant 1252, White",ingredient_source_audit/highlighted/a4bbc5d2771e2a68_highlighted.pdf,local,오연결,CAS불일치,"우리CAS(2)['121451-02-3', '1309-64-4'] vs 문서Section3CAS(12)['12001-26-2', '1309-64-4', '1314-13-2', '1317-65-3', '13463-67-7', '25085-50-1', '55185-45-0', '63449-39-8'] | NTP앵커CAS교집합=없음 | 제품명토큰교집합=1252 | 문서추출문자수=7725",12001-26-2|1309-64-4|1314-13-2|1317-65-3|13463-67-7|25085-50-1|55185-45-0|63449-39-8|67-63-0|69-72-7|78-93-3|9003-18-3,121451-02-3|1309-64-4,ntp_measured,,,False,N/A,N/A,중간
EyeIrritation6pack_PID497,GF-1629 SC,SPARTA™ Super SC,ingredient_source_audit/highlighted/5342360a55d68f4e_highlighted.pdf,local,상표명대응,CAS일치,"우리CAS(0)[] vs 문서Section3CAS(8)['131929-63-0', '187166-15-0', '187166-40-1', '209-00-0', '2634-33-5', '88-00-6', '9069-80-1', '935545-74-7'] | NTP앵커CAS교집합=없음 | 제품명토큰교집합= | 문서추출문자수=9903 | 2차재검: 문서Section3 CAS와 우리 활성성분 CAS 교집합 존재 및 상표명↔활성성분 지식 대조로 오연결→상표명대응 수정",131929-63-0|187166-15-0|187166-40-1|209-00-0|2634-33-5|88-00-6|9069-80-1|935545-74-7,,ntp_measured,sds_v1,sds_v1,False,False,False,중간
EyeIrritation6pack_PID498,GF-1640 WG-NC,TEDX 스프레드시트(화학물질/제품 목록) — 제품명 표기 없음. 워크북 제품명 'GF-1640 WG-NC' 는 문서에 등장하지 않음,ingredient_source_audit/highlighted/de02aa8b6688cf23_highlighted.pdf,local,불명,판독불가,"우리CAS(0)[] vs 문서Section3CAS(86)['100-44-7', '10043-35-3', '10043-52-4', '10049-04-4', '10101-41-4', '10192-30-0', '10222-01-2', '104-55-2'] | NTP앵커CAS교집합=없음 | 제품명토큰교집합=1640 | 문서추출문자수=64921 | 수동판정(규칙엔진=일치→불명); 제품명/상표명 지식 및 문서 기재 제품명 'TEDX 스프레드시트(화학물질/제품 목록) — 제품명 표기 없음. 워크북 제품명 'GF-1640 WG-NC'' 대조",100-44-7|10043-35-3|10043-52-4|10049-04-4|10101-41-4|10192-30-0|10222-01-2|104-55-2|104-76-7|1066-30-4|107-02-8|107-41-5|107-89-1|107-98-2|108-24-7|111-76-2|111-77-3|112-42-5|112-80-1|1186-52-3|12002-43-6|12042-68-1|12042-78-3|12068-35-8|12125-02-9|12141-46-7|12174-11-7|123-91-1|124-09-4|1302-78-9|1305-62-0|1305-78-8|1318-16-7|1333-86-4|1344-28-1|139-07-1|16065-83-1|1762-95-4|21564-17-0|2526-77-4|26100-47-0|26172-55-4|38193-60-1|39430-51-8|4246-51-9|471-34-1|506-87-6|50815-10-6|52-51-7|5421-46-5|5949-29-1|61789-40-0|62-53-3|637-12-7|64-19-7|645-62-5|64742-46-7|64742-95-6|64742-96-7|6484-52-2|65997-15-1|66402-68-4|68002-97-1|68131-40-8|68424-85-1|68911-87-5|68953-58-2|71-36-3|7440-43-9|7440-44-0|7664-41-7|77-92-9|7727-43-7|7727-54-0|7778-18-9|7778-54-3|7782-50-5|7783-20-2|7803-63-6|79-06-1|79-10-7|9003-55-8|9004-32-4|9004-34-6|95-63-6|98-11-3,,ntp_measured,,,False,N/A,N/A,낮음
EyeIrritation6pack_PID499,GF-184,STARANE XL,ingredient_source_audit/highlighted/638888117951709e_highlighted.pdf,local,상표명대응,CAS일치,"우리CAS(0)[] vs 문서Section3CAS(12)['108-67-8', '145701-23-1', '230-00-7', '25-00-5', '272-00-5', '356-00-4', '43-00-3', '57-55-6'] | NTP앵커CAS교집합=없음 | 제품명토큰교집합= | 문서추출문자수=10825 | 2차재검: 문서Section3 CAS와 우리 활성성분 CAS 교집합 존재 및 상표명↔활성성분 지식 대조로 오연결→상표명대응 수정",108-67-8|145701-23-1|230-00-7|25-00-5|272-00-5|356-00-4|43-00-3|57-55-6|64742-95-6|81406-37-3|95-63-6|98-82-8,,ntp_measured,sds_v1,sds_v1,False,False,False,중간
EyeIrritation6pack_PID506,GF-3028,ELEVATE™ 360 SC,ingredient_source_audit/highlighted/015a68e0c5381595_highlighted.pdf,local,오연결,조성불일치,"우리CAS(1)['161050-58-4'] vs 문서Section3CAS(9)['161050-58-4', '187166-15-0', '187166-40-1', '2634-33-5', '2682-20-4', '326-00-9', '88-00-6', '9069-80-1'] | NTP앵커CAS교집합=없음 | 제품명토큰교집합= | 문서추출문자수=12866",161050-58-4|187166-15-0|187166-40-1|2634-33-5|2682-20-4|326-00-9|88-00-6|9069-80-1|935545-74-7,161050-58-4,ntp_measured,sds_v1,sds_v1,False,True,True,낮음
EyeIrritation6pack_PID511,Gharda Permethrin(94%),Permethrin ROTICHROM® Pestilyse® HPLC,ingredient_source_audit/highlighted/75eb485b35e71c8d_highlighted.pdf,local,일치,외부지식,"우리CAS(2)['52645-53-1', '58-00-2'] vs 문서Section3CAS(2)['52645-53-1', '58-00-2'] | NTP앵커CAS교집합=없음 | 제품명토큰교집합=permethrin | 문서추출문자수=10438 | 수동판정(규칙엔진=상표명대응→일치); 제품명/상표명 지식 및 문서 기재 제품명 'Permethrin ROTICHROM® Pestilyse® HPLC' 대조",52645-53-1|58-00-2,52645-53-1|58-00-2,ntp_measured,sds_v1,sds_v1,False,False,False,중간
EyeIrritation6pack_PID512,Gharda Permethrin(95.3%),Permethrin,ingredient_source_audit/ordered_option_runs/highlighted_sources/G003_52645-53-1_ChemBlink_Sigma_highlighted.pdf,local,일치,조성일치,"우리CAS(0)[] vs 문서Section3CAS(2)['52645-53-1', '58-00-2'] | NTP앵커CAS교집합=없음 | 제품명토큰교집합=permethrin | 문서추출문자수=12801",52645-53-1|58-00-2,,ntp_measured,,sds_v1,False,N/A,False,중간
EyeIrritation6pack_PID514,Glyphosphate (96),Glyphosate ROTICHROM® Pestilyse® HPLC,ingredient_source_audit/highlighted/fe7d5e34f5ae3bea_highlighted.pdf,local,상표명대응,CAS일치,"우리CAS(2)['1071-83-6', '315-00-8'] vs 문서Section3CAS(2)['1071-83-6', '315-00-8'] | NTP앵커CAS교집합=없음 | 제품명토큰교집합= | 문서추출문자수=10035 | 2차재검: 문서Section3 CAS와 우리 활성성분 CAS 교집합 존재 및 상표명↔활성성분 지식 대조로 오연결→상표명대응 수정",1071-83-6|315-00-8,1071-83-6|315-00-8,sds_v1,sds_v1,sds_v1,False,False,False,중간
EyeIrritation6pack_PID515,Glyphosphate (96.5),Glyphosate,ingredient_source_audit/highlighted/dcf63ec561dc12c0_highlighted.pdf,local,상표명대응,CAS일치,우리CAS(1)['1071-83-6'] vs 문서Section3CAS(1)['1071-83-6'] | NTP앵커CAS교집합=없음 | 제품명토큰교집합= | 문서추출문자수=7684 | 2차재검: 문서Section3 CAS와 우리 활성성분 CAS 교집합 존재 및 상표명↔활성성분 지식 대조로 오연결→상표명대응 수정,1071-83-6,1071-83-6,ntp_measured,,,False,N/A,N/A,중간
EyeIrritation6pack_PID516,Glyphosphate (97),Glyphosate ROTICHROM® Pestilyse® HPLC,ingredient_source_audit/highlighted/62cd49e750a40afb_highlighted.pdf,local,상표명대응,CAS일치,"우리CAS(2)['1071-83-6', '315-00-8'] vs 문서Section3CAS(2)['1071-83-6', '315-00-8'] | NTP앵커CAS교집합=없음 | 제품명토큰교집합= | 문서추출문자수=10328 | 2차재검: 문서Section3 CAS와 우리 활성성분 CAS 교집합 존재 및 상표명↔활성성분 지식 대조로 오연결→상표명대응 수정",1071-83-6|315-00-8,1071-83-6|315-00-8,ntp_measured,sds_v1,sds_v1,False,False,False,중간
EyeIrritation6pack_PID549,"Imidacloprid + Tau-fluvalinate + Tebuconazole Ready-to-Use Insecticide, Miticide and Fungicide",TEBUCONAZOLE 4L,ingredient_source_audit/highlighted/94526ffb471950db_highlighted.pdf,local,부분일치,CAS일치,"우리CAS(3)['102851-06-9', '107534-96-3', '138261-41-3'] vs 문서Section3CAS(1)['107534-96-3'] | NTP앵커CAS교집합=['107534-96-3'] | 문서본문에서 발견된 우리 성분명='tebuconazole' | 제품명토큰교집합=tebuconazole | 문서추출문자수=12327",107534-96-3,102851-06-9|107534-96-3|138261-41-3,ntp_measured,,,False,N/A,N/A,높음
EyeIrritation6pack_PID551,Imidan 60 WDG,Imidan® WP insecticide,ingredient_source_audit/highlighted/07483aea85397703_highlighted.pdf,local,부분일치,외부지식,우리CAS(1)['732-11-6'] vs 문서Section3CAS(1)['732-11-6'] | NTP앵커CAS교집합=없음 | 제품명토큰교집합=imidan | 문서추출문자수=15752 | 수동판정(규칙엔진=상표명대응→부분일치); 제품명/상표명 지식 및 문서 기재 제품명 'Imidan® WP insecticide' 대조,732-11-6,732-11-6,ntp_measured,,sds_v1,False,N/A,False,중간
EyeIrritation6pack_PID553,INDOX2,Innox,ingredient_source_audit/highlighted/ed103bc2a4e2df22_highlighted.pdf,local,오연결,CAS불일치,"우리CAS(2)['173584-44-6', '52645-53-1'] vs 문서Section3CAS(6)['104376-75-2', '178928-70-6', '2687-94-7', '42-00-1', '98-00-0', '98-86-2'] | NTP앵커CAS교집합=없음 | 제품명토큰교집합= | 문서추출문자수=10205",104376-75-2|178928-70-6|2687-94-7|42-00-1|98-00-0|98-86-2,173584-44-6|52645-53-1,ntp_measured,sds_v1,sds_v1,False,True,True,중간
EyeIrritation6pack_PID559,Iprodione 4F Fungicide,Iprodione,ingredient_source_audit/highlighted/1dbe0954518ed807_highlighted.pdf,local,부분일치,외부지식,우리CAS(1)['36734-19-7'] vs 문서Section3CAS(1)['36734-19-7'] | NTP앵커CAS교집합=없음 | 제품명토큰교집합=iprodione | 문서추출문자수=8006 | 수동판정(규칙엔진=일치→부분일치); 제품명/상표명 지식 및 문서 기재 제품명 'Iprodione' 대조,36734-19-7,36734-19-7,ntp_measured,,,False,N/A,N/A,중간
EyeIrritation6pack_PID563,Jingma Glyphosate,Glyphosate,ingredient_source_audit/highlighted/c2ef0bcba535deab_highlighted.pdf,local,일치,조성일치,"우리CAS(0)[] vs 문서Section3CAS(2)['1071-83-6', '315-00-8'] | NTP앵커CAS교집합=없음 | 제품명토큰교집합=glyphosate | 문서추출문자수=9096",1071-83-6|315-00-8,,ntp_measured,,,False,N/A,N/A,중간
EyeIrritation6pack_PID567,Justice Insecticide,JUSTICE™,ingredient_source_audit/highlighted/77b38e0ac5f14619_highlighted.pdf,local,일치,CAS불일치,"우리CAS(2)['160430-64-8', '82657-04-3'] vs 문서Section3CAS(5)['104-76-7', '1335202-81-7', '189278-12-4', '211-00-1', '26264-06-2'] | NTP앵커CAS교집합=없음 | 제품명토큰교집합=justice | 문서추출문자수=11974",104-76-7|1335202-81-7|189278-12-4|211-00-1|26264-06-2,160430-64-8|82657-04-3,ntp_measured,sds_v1,,False,False,N/A,중간
EyeIrritation6pack_PID57,Affirm,Nitric acid,ingredient_source_audit/ordered_option_runs/highlighted_sources/G025_ingredient_sds_nitric_acid_501206176e0057c2_highlighted.pdf,local,오연결,조성불일치,"우리CAS(5)['64-19-7', '7664-93-9', '7697-37-2', '7722-84-1', '79-21-0'] vs 문서Section3CAS(2)['4-00-1', '7697-37-2'] | NTP앵커CAS교집합=없음 | 제품명토큰교집합= | 문서추출문자수=14408",4-00-1|7697-37-2,64-19-7|7664-93-9|7697-37-2|7722-84-1|79-21-0,ntp_measured,sds_v1,,False,True,N/A,낮음
EyeIrritation6pack_PID618,Magnate,Enilconazole,ingredient_source_audit/ordered_option_runs/highlighted_sources/G036_35554-44-0_ChemBlink_Sigma_highlighted.pdf,local,부분일치,CAS일치,"우리CAS(1)['35554-44-0'] vs 문서Section3CAS(2)['35554-44-0', '42-00-5'] | NTP앵커CAS교집합=['35554-44-0'] | 문서본문에서 발견된 우리 성분명='imazalil' | 제품명토큰교집합= | 문서추출문자수=11791",35554-44-0|42-00-5,35554-44-0,ntp_measured,,,False,N/A,N/A,높음
EyeIrritation6pack_PID628,Maxim Quattro,MAXIM® QUATTRO Fungicide,ingredient_source_audit/highlighted/c83c603be5fc935c_highlighted.pdf,local,일치,CAS일치,"우리CAS(4)['131341-86-1', '131860-33-8', '148-79-8', '70630-17-0'] vs 문서Section3CAS(6)['131341-86-1', '131860-33-8', '148-79-8', '57-55-6', '69516-34-3', '70630-17-0'] | NTP앵커CAS교집합=['131341-86-1', '131860-33-8', '148-79-8', '70630-17-0'] | 문서본문에서 발견된 우리 성분명='fludioxonil; azoxystrobin; thiabendazole' | 제품명토큰교집합=maxim|quattro | 문서추출문자수=11283",131341-86-1|131860-33-8|148-79-8|57-55-6|69516-34-3|70630-17-0,131341-86-1|131860-33-8|148-79-8|70630-17-0,ntp_measured,,sds_v1,False,N/A,False,높음
EyeIrritation6pack_PID635,Mefanoxam,Metalaxyl-M,ingredient_source_audit/ordered_option_runs/highlighted_sources/G035_70630-17-0_ChemBlink_Sigma_highlighted.pdf,local,상표명대응,외부지식,"우리CAS(3)['1897-45-6', '2634-33-5', '70630-17-0'] vs 문서Section3CAS(2)['163-00-0', '70630-17-0'] | NTP앵커CAS교집합=없음 | 제품명토큰교집합= | 문서추출문자수=11254 | 수동판정(규칙엔진=오연결→상표명대응); 제품명/상표명 지식 및 문서 기재 제품명 'Metalaxyl-M' 대조",163-00-0|70630-17-0,1897-45-6|2634-33-5|70630-17-0,ntp_measured,,,False,N/A,N/A,중간
EyeIrritation6pack_PID640,Mesotrione 28% Manufacturing Use Product,Meso 4SC Select,ingredient_source_audit/highlighted/538caf56df65ee88_highlighted.pdf,local,부분일치,CAS일치,우리CAS(1)['104206-82-8'] vs 문서Section3CAS(1)['104206-82-8'] | NTP앵커CAS교집합=없음 | 제품명토큰교집합= | 문서추출문자수=9532 | 2차재검: 문서Section3 CAS와 우리 활성성분 CAS 교집합 존재 및 상표명↔활성성분 지식 대조로 오연결→부분일치 수정,104206-82-8,104206-82-8,ntp_measured,,,False,N/A,N/A,중간
EyeIrritation6pack_PID642,Metaflumizone(7.4%),Metaflumizone,ingredient_source_audit/highlighted/79e3e11b60acdd5e_highlighted.pdf,local,부분일치,외부지식,우리CAS(1)['139968-49-3'] vs 문서Section3CAS(1)['139968-49-3'] | NTP앵커CAS교집합=없음 | 제품명토큰교집합=metaflumizone | 문서추출문자수=16096 | 수동판정(규칙엔진=일치→부분일치); 제품명/상표명 지식 및 문서 기재 제품명 'Metaflumizone' 대조,139968-49-3,139968-49-3,ntp_measured,,sds_v1,False,N/A,False,중간
EyeIrritation6pack_PID654,Meymik 15G,TEMIK® BRAND 15G ALDICARB PESTICIDE,ingredient_source_audit/highlighted/fc36899be05671d0_highlighted.pdf,local,부분일치,CAS일치,"우리CAS(1)['116-06-3'] vs 문서Section3CAS(3)['116-06-3', '75-09-2', '9003-22-9'] | NTP앵커CAS교집합=['116-06-3'] | 문서본문에서 발견된 우리 성분명='aldicarb' | 제품명토큰교집합=15g | 문서추출문자수=11364",116-06-3|75-09-2|9003-22-9,116-06-3,ntp_measured,,,False,N/A,N/A,높음
EyeIrritation6pack_PID663,Mitin FF Liquid,"Aliphatic Hydrocarbons (Ethane, Propane, n-Hexane, Nonane, n-Decane, Undecane 등) — Patty's Toxicology 형식의 문헌 장(章), 저자 Tania Carreón and Robert L. Herrick",ingredient_source_audit/highlighted/1e1f8d11da105d76_highlighted.pdf,local,오연결,조성불일치,우리CAS(1)['3567-25-7'] vs 문서Section3CAS(0)[] | NTP앵커CAS교집합=없음 | 제품명토큰교집합= | 문서추출문자수=25750,,3567-25-7,ntp_measured,,,False,N/A,N/A,낮음
EyeIrritation6pack_PID669,Mon 37500,ASF-Gasoline,ingredient_source_audit/highlighted/7e38bd5df89712c0_highlighted.pdf,local,오연결,CAS불일치,"우리CAS(1)['141776-32-1'] vs 문서Section3CAS(7)['110-54-3', '274-00-9', '277-00-5', '37-00-0', '637-92-3', '64741-64-6', '64741-70-4'] | NTP앵커CAS교집합=없음 | 제품명토큰교집합= | 문서추출문자수=14064",110-54-3|274-00-9|277-00-5|37-00-0|637-92-3|64741-64-6|64741-70-4,141776-32-1,ntp_measured,sds_v1,sds_v1,False,True,True,중간
EyeIrritation6pack_PID684,MZ 75DF Agricultural Fungicide,Gavel® 75DF Fungicide,ingredient_source_audit/highlighted/6881dcafa2899dad_highlighted.pdf,local,부분일치,외부지식,"우리CAS(4)['100-97-0', '156052-68-5', '8018-01-7', '96-45-7'] vs 문서Section3CAS(5)['100-97-0', '156052-68-5', '8018-01-7', '8061-52-7', '96-45-7'] | NTP앵커CAS교집합=없음 | 제품명토큰교집합=75df | 문서추출문자수=16786 | 수동판정(규칙엔진=상표명대응→부분일치); 제품명/상표명 지식 및 문서 기재 제품명 'Gavel® 75DF Fungicide' 대조",100-97-0|156052-68-5|8018-01-7|8061-52-7|96-45-7,100-97-0|156052-68-5|8018-01-7|96-45-7,ntp_measured,,,False,N/A,N/A,중간
EyeIrritation6pack_PID690,Nemathorin 500EC,NEMATHORIN 10 G,ingredient_source_audit/highlighted/64126d32834644ab_highlighted.pdf,local,부분일치,CAS일치,"우리CAS(1)['98886-44-3'] vs 문서Section3CAS(2)['168-00-0', '98886-44-3'] | NTP앵커CAS교집합=['98886-44-3'] | 문서본문에서 발견된 우리 성분명='fosthiazate' | 제품명토큰교집합=nemathorin | 문서추출문자수=10689",168-00-0|98886-44-3,98886-44-3,ntp_measured,sds_v1,sds_v1,False,False,False,높음
EyeIrritation6pack_PID691,Neo Chlor Spa Angel Tab,AquaPrime® NeoKlor,ingredient_source_audit/highlighted/b912c871afa58ba5_highlighted.pdf,local,오연결,CAS불일치,"우리CAS(1)['2893-78-9'] vs 문서Section3CAS(2)['7732-18-5', '7758-19-2'] | NTP앵커CAS교집합=없음 | 제품명토큰교집합= | 문서추출문자수=8876",7732-18-5|7758-19-2,2893-78-9,ntp_measured,sds_v1,,False,True,N/A,중간
EyeIrritation6pack_PID694,NEU1171H,SIGMADUR ONE (TINTED),ingredient_source_audit/highlighted/0504e3ad50d63ff1_highlighted.pdf,local,오연결,CAS불일치,"우리CAS(1)['123-33-1'] vs 문서Section3CAS(4)['107-98-2', '27253-31-2', '64-00-3', '64742-48-9'] | NTP앵커CAS교집합=없음 | 제품명토큰교집합= | 문서추출문자수=12032",107-98-2|27253-31-2|64-00-3|64742-48-9,123-33-1,ntp_measured,sds_v1,sds_v1,False,True,True,중간
EyeIrritation6pack_PID695,NEUl l 71H RTU,Lauryl Sulfate Broth,ingredient_source_audit/highlighted/ecb6c1dac58d0ad0_highlighted.pdf,local,오연결,CAS불일치,우리CAS(1)['123-33-1'] vs 문서Section3CAS(1)['151-21-3'] | NTP앵커CAS교집합=없음 | 제품명토큰교집합= | 문서추출문자수=16237,151-21-3,123-33-1,ntp_measured,sds_v1,sds_v1,False,True,True,중간
EyeIrritation6pack_PID699,NNI-0001,Aluminium Powder,ingredient_source_audit/highlighted/ba0e013d21fa2454_highlighted.pdf,local,오연결,CAS불일치,"우리CAS(1)['272451-65-7'] vs 문서Section3CAS(3)['1-00-6', '2-00-1', '7429-90-5'] | NTP앵커CAS교집합=없음 | 제품명토큰교집합= | 문서추출문자수=15437",1-00-6|2-00-1|7429-90-5,272451-65-7,ntp_measured,sds_v1,sds_v1,False,True,True,중간
EyeIrritation6pack_PID723,OR-X123,INTERTHERM 875 DENIM BLUE (Product Code HAO123),ingredient_source_audit/highlighted/bd471fd1a9f4a733_highlighted.pdf,local,오연결,CAS불일치,"우리CAS(3)['107534-96-3', '138261-41-3', '60207-90-1'] vs 문서Section3CAS(4)['100-41-4', '108-88-3', '1330-20-7', '71-36-3'] | NTP앵커CAS교집합=없음 | 제품명토큰교집합= | 문서추출문자수=11321",100-41-4|108-88-3|1330-20-7|71-36-3,107534-96-3|138261-41-3|60207-90-1,ntp_measured,sds_v1,sds_v1,False,True,True,중간
EyeIrritation6pack_PID728,ORD-X450,"SDS CLINIC CLEANING KIT (Boule Medonic M series) — 포함 SDS: Boule Enzymatic Cleaner, 100mL/450mL / Boule Hypochlorite 2% Cleaner, 500mL/450mL / Boule Detergent Cleaner, 450mL",ingredient_source_audit/highlighted/cb83652e2deaba01_highlighted.pdf,local,오연결,CAS불일치,"우리CAS(1)['107534-96-3'] vs 문서Section3CAS(5)['12-00-8', '167-00-5', '55965-84-9', '7681-52-9', '9014-01-1'] | NTP앵커CAS교집합=없음 | 제품명토큰교집합= | 문서추출문자수=13476",12-00-8|167-00-5|55965-84-9|7681-52-9|9014-01-1,107534-96-3,ntp_measured,sds_v1,sds_v1,False,True,True,중간
EyeIrritation6pack_PID732,Orvego Fungicide,Orvego,ingredient_source_audit/highlighted/a88621fdfd8abb4e_highlighted.pdf,local,일치,CAS일치,"우리CAS(1)['110488-70-5'] vs 문서Section3CAS(6)['100-41-4', '110488-70-5', '116412-83-0', '2634-33-5', '2682-20-4', '865318-97-4'] | NTP앵커CAS교집합=['110488-70-5'] | 문서본문에서 발견된 우리 성분명='dimethomorph' | 제품명토큰교집합=orvego | 문서추출문자수=9150",100-41-4|110488-70-5|116412-83-0|2634-33-5|2682-20-4|865318-97-4,110488-70-5,ntp_measured,sds_v1,sds_v1,False,False,False,높음
EyeIrritation6pack_PID738,Penbotec,Shield-Brite® Penbotec™ 400 SC,ingredient_source_audit/highlighted/722e874e7b3fa468_highlighted.pdf,local,일치,제품명동일,우리CAS(1)['53112-28-0'] vs 문서Section3CAS(1)['53112-28-0'] | NTP앵커CAS교집합=없음 | 제품명토큰교집합=penbotec | 문서추출문자수=19853,53112-28-0,53112-28-0,ntp_measured,sds_v1,sds_v1,False,False,False,높음
EyeIrritation6pack_PID740,Penclotrime 310.68 FS,n-Butyl Alcohol,ingredient_source_audit/highlighted/7b81c0306edd00ff_highlighted.pdf,local,오연결,CAS불일치,"우리CAS(5)['141517-21-7', '210880-92-5', '494793-67-8', '57837-19-1', '71-36-3'] vs 문서Section3CAS(1)['71-36-3'] | NTP앵커CAS교집합=없음 | 제품명토큰교집합= | 문서추출문자수=21465",71-36-3,141517-21-7|210880-92-5|494793-67-8|57837-19-1|71-36-3,ntp_measured,sds_v1,,False,True,N/A,중간
EyeIrritation6pack_PID741,Penflufen TC,penflufen,ingredient_source_audit/highlighted/ba19fcd3d43689b9_highlighted.pdf,local,일치,조성일치,우리CAS(1)['494793-67-8'] vs 문서Section3CAS(1)['494793-67-8'] | NTP앵커CAS교집합=없음 | 제품명토큰교집합=penflufen | 문서추출문자수=7896,494793-67-8,494793-67-8,ntp_measured,,,False,N/A,N/A,중간
EyeIrritation6pack_PID743,Penoxsulam,Penoxsulam,ingredient_source_audit/ordered_option_runs/highlighted_sources/G048_219714-96-2_ChemBlink_Sigma_highlighted.pdf,local,일치,제품명동일,우리CAS(1)['219714-96-2'] vs 문서Section3CAS(1)['219714-96-2'] | NTP앵커CAS교집합=없음 | 제품명토큰교집합=penoxsulam | 문서추출문자수=10744,219714-96-2,219714-96-2,ntp_measured,,sds_v1,False,N/A,False,높음
EyeIrritation6pack_PID745,Penprome 177FS,Permethrin,ingredient_source_audit/ordered_option_runs/highlighted_sources/G003_52645-53-1_ChemBlink_Sigma_highlighted.pdf,local,오연결,CAS불일치,"우리CAS(3)['178928-70-6', '494793-67-8', '57837-19-1'] vs 문서Section3CAS(2)['52645-53-1', '58-00-2'] | NTP앵커CAS교집합=없음 | 제품명토큰교집합= | 문서추출문자수=12801",52645-53-1|58-00-2,178928-70-6|494793-67-8|57837-19-1,ntp_measured,,sds_v1,False,N/A,True,중간
EyeIrritation6pack_PID746,Penthiopyrad,Penthiopyrad,ingredient_source_audit/highlighted/d0ee0f77c365611a_highlighted.pdf,local,일치,제품명동일,우리CAS(1)['183675-82-3'] vs 문서Section3CAS(1)['183675-82-3'] | NTP앵커CAS교집합=없음 | 제품명토큰교집합=penthiopyrad | 문서추출문자수=7692,183675-82-3,183675-82-3,ntp_measured,sds_2nd_sec11,,False,False,N/A,높음
EyeIrritation6pack_PID750,Permethrin,Permethrin,ingredient_source_audit/ordered_option_runs/highlighted_sources/G003_52645-53-1_ChemBlink_Sigma_highlighted.pdf,local,일치,제품명동일,"우리CAS(0)[] vs 문서Section3CAS(2)['52645-53-1', '58-00-2'] | NTP앵커CAS교집합=없음 | 제품명토큰교집합=permethrin | 문서추출문자수=12801",52645-53-1|58-00-2,,ntp_measured,,sds_v1,False,N/A,False,높음
EyeIrritation6pack_PID768,Precise Acephate,Acephate ROTICHROM® Pestilyse® HPLC,ingredient_source_audit/highlighted/ab7607502f17e0a8_highlighted.pdf,local,부분일치,CAS일치,"우리CAS(1)['30560-19-1'] vs 문서Section3CAS(2)['30560-19-1', '79-00-7'] | NTP앵커CAS교집합=['30560-19-1'] | 문서본문에서 발견된 우리 성분명='acephate' | 제품명토큰교집합=acephate | 문서추출문자수=10006",30560-19-1|79-00-7,30560-19-1,ntp_measured,sds_v1,sds_v1,False,False,False,높음
EyeIrritation6pack_PID776,Prodiamine/Diquat/Glyphosphate EW Manufacturing,19-0-5 0.37% Prodiamine,ingredient_source_audit/highlighted/9b669f5ef91e66b8_highlighted.pdf,local,부분일치,CAS일치,"우리CAS(3)['1071-83-6', '29091-21-2', '85-00-7'] vs 문서Section3CAS(10)['108-19-0', '1302-78-9', '1317-65-3', '1332-58-7', '13547-17-6', '14808-60-7', '29091-21-2', '57-13-6'] | NTP앵커CAS교집합=['29091-21-2'] | 문서본문에서 발견된 우리 성분명='prodiamine' | 제품명토큰교집합=prodiamine | 문서추출문자수=12427",108-19-0|1302-78-9|1317-65-3|1332-58-7|13547-17-6|14808-60-7|29091-21-2|57-13-6|7447-40-7|7704-39-9,1071-83-6|29091-21-2|85-00-7,ntp_measured,sds_v1,,False,False,N/A,높음
EyeIrritation6pack_PID788,Punjab Tebuconazole,Tebuconazole ≥97 %,ingredient_source_audit/highlighted/79a90a19c994074c_highlighted.pdf,local,일치,외부지식,"우리CAS(2)['107534-96-3', '197-00-7'] vs 문서Section3CAS(2)['107534-96-3', '197-00-7'] | NTP앵커CAS교집합=없음 | 제품명토큰교집합=tebuconazole | 문서추출문자수=10850 | 수동판정(규칙엔진=상표명대응→일치); 제품명/상표명 지식 및 문서 기재 제품명 'Tebuconazole ≥97 %' 대조",107534-96-3|197-00-7,107534-96-3|197-00-7,ntp_measured,sds_v1,sds_v1,False,False,False,중간
EyeIrritation6pack_PID79,Amitraz(98%),Amitraz 98%min Technical,ingredient_source_audit/highlighted/18623e21ef4f7578_highlighted.pdf,local,일치,조성일치,"우리CAS(1)['33089-61-1'] vs 문서Section3CAS(2)['33089-61-1', '86-00-2'] | NTP앵커CAS교집합=없음 | 제품명토큰교집합=amitraz | 문서추출문자수=20335",33089-61-1|86-00-2,33089-61-1,ntp_measured,sds_v1,sds_v1,False,False,False,중간
EyeIrritation6pack_PID790,Pursuit/Dimethenamide,Dimethenamid,ingredient_source_audit/highlighted/1ed7f5e959f99806_highlighted.pdf,local,부분일치,CAS일치,"우리CAS(2)['81335-77-5', '87674-68-8'] vs 문서Section3CAS(1)['87674-68-8'] | NTP앵커CAS교집합=없음 | 제품명토큰교집합= | 문서추출문자수=7870 | 2차재검: 문서Section3 CAS와 우리 활성성분 CAS 교집합 존재 및 상표명↔활성성분 지식 대조로 오연결→부분일치 수정",87674-68-8,81335-77-5|87674-68-8,ntp_measured,,sds_v1,False,N/A,False,중간
EyeIrritation6pack_PID794,Pyridalyl,Pyridalyl,ingredient_source_audit/highlighted/7465fbdf0c0411cb_highlighted.pdf,local,일치,제품명동일,우리CAS(1)['179101-81-6'] vs 문서Section3CAS(1)['179101-81-6'] | NTP앵커CAS교집합=없음 | 제품명토큰교집합=pyridalyl | 문서추출문자수=8079,179101-81-6,179101-81-6,ntp_measured,sds_2nd_sec11,sds_v1,False,False,False,높음
EyeIrritation6pack_PID796,Quadris Top,QUADRIS,ingredient_source_audit/highlighted/4be9f03154a97869_highlighted.pdf,local,부분일치,CAS불일치,"우리CAS(1)['119446-68-3'] vs 문서Section3CAS(8)['131860-33-8', '256-00-8', '2634-33-5', '57-55-6', '67-56-1', '68425-94-5', '68439-49-6', '88-00-6'] | NTP앵커CAS교집합=없음 | 제품명토큰교집합=quadris | 문서추출문자수=10842 | 수동판정(규칙엔진=일치→부분일치); 제품명/상표명 지식 및 문서 기재 제품명 'QUADRIS' 대조",131860-33-8|256-00-8|2634-33-5|57-55-6|67-56-1|68425-94-5|68439-49-6|88-00-6,119446-68-3,ntp_measured,sds_v1,sds_v1,False,False,False,중간
EyeIrritation6pack_PID80,Amore DF,Compare To PARIS AMOUR by BBW ® F21471,ingredient_source_audit/highlighted/bdfc88147bf4e6a2_highlighted.pdf,local,오연결,CAS불일치,"우리CAS(2)['219714-96-2', '82558-50-7'] vs 문서Section3CAS(24)['101-86-0', '10339-55-6', '105-87-3', '106-24-1', '107-75-5', '111879-80-2', '118-58-1', '1205-17-0'] | NTP앵커CAS교집합=없음 | 제품명토큰교집합= | 문서추출문자수=15559",101-86-0|10339-55-6|105-87-3|106-24-1|107-75-5|111879-80-2|118-58-1|1205-17-0|121-33-5|1222-05-5|127-51-5|13351-61-6|18127-01-0|24851-98-7|2705-87-5|28219-61-6|31906-04-4|54464-57-2|5989-27-5|6259-76-3|63500-71-0|65113-99-7|78-70-6|81782-77-6,219714-96-2|82558-50-7,ntp_measured,sds_v1,sds_v1,False,True,True,중간
EyeIrritation6pack_PID800,Raid Ant & Roach Killer with Germ Kill CIK,Hot Shot Ant & Roach Plus Germ Killer2,ingredient_source_audit/highlighted/67317f1d65d94142_highlighted.pdf,local,부분일치,CAS불일치,"우리CAS(11)['23031-36-9', '51-03-6', '5131-66-8', '52315-07-8', '52645-53-1', '64742-47-8', '68391-01-5', '74-98-6'] vs 문서Section3CAS(8)['23031-36-9', '5131-66-8', '52315-07-8', '64742-47-8', '68391-01-5', '74-98-6', '75-28-5', '85409-23-0'] | NTP앵커CAS교집합=없음 | 문서본문에서 발견된 우리 성분명='permethrin' | 제품명토큰교집합=ant|germ|roach | 문서추출문자수=13169 | 수동판정(규칙엔진=상표명대응→부분일치); 제품명/상표명 지식 및 문서 기재 제품명 'Hot Shot Ant & Roach Plus Germ Killer2' 대조",23031-36-9|5131-66-8|52315-07-8|64742-47-8|68391-01-5|74-98-6|75-28-5|85409-23-0,23031-36-9|51-03-6|5131-66-8|52315-07-8|52645-53-1|64742-47-8|68391-01-5|74-98-6|75-28-5|85409-23-0|90-43-7,ntp_measured,sds_v1,,False,False,N/A,중간
EyeIrritation6pack_PID811,RebelEx,Acryl - Rebel,ingredient_source_audit/highlighted/b8a13283845de3e9_highlighted.pdf,local,오연결,CAS불일치,"우리CAS(2)['122008-85-9', '219714-96-2'] vs 문서Section3CAS(3)['112945-52-5', '8-00-0', '94-36-0'] | NTP앵커CAS교집합=없음 | 제품명토큰교집합= | 문서추출문자수=20130",112945-52-5|8-00-0|94-36-0,122008-85-9|219714-96-2,ntp_measured,sds_v1,sds_v1,False,True,True,중간
EyeIrritation6pack_PID819,Ridomil Gold MZ WG,Metalaxyl-M,ingredient_source_audit/ordered_option_runs/highlighted_sources/G033_70630-17-0_ChemBlink_Sigma_highlighted.pdf,local,부분일치,CAS일치,"우리CAS(2)['70630-17-0', '8018-01-7'] vs 문서Section3CAS(2)['163-00-0', '70630-17-0'] | NTP앵커CAS교집합=['70630-17-0'] | 문서본문에서 발견된 우리 성분명='metalaxyl-m' | 제품명토큰교집합= | 문서추출문자수=11254",163-00-0|70630-17-0,70630-17-0|8018-01-7,ntp_measured,,,False,N/A,N/A,높음
EyeIrritation6pack_PID827,Rotam 2F Ornamental Insecticide,Lucid Ornamental Miticide/Insecticide,ingredient_source_audit/highlighted/dbc150bb88eac526_highlighted.pdf,local,상표명대응,CAS일치,"우리CAS(3)['138261-41-3', '65195-56-4', '71751-41-2'] vs 문서Section3CAS(3)['65195-55-3', '65195-56-4', '71751-41-2'] | NTP앵커CAS교집합=없음 | 제품명토큰교집합=ornamental | 문서추출문자수=13208 | 2차재검: 문서Section3 CAS와 우리 활성성분 CAS 교집합 존재 및 상표명↔활성성분 지식 대조로 오연결→상표명대응 수정",65195-55-3|65195-56-4|71751-41-2,138261-41-3|65195-56-4|71751-41-2,ntp_measured,sds_v1,sds_v1,False,False,False,중간
EyeIrritation6pack_PID828,Rotam Imidacloprid,Imidacloprid ROTICHROM® Pestilyse® HPLC,ingredient_source_audit/highlighted/ec4a4c92622381e4_highlighted.pdf,local,일치,외부지식,"우리CAS(2)['138261-41-3', '252-00-4'] vs 문서Section3CAS(2)['138261-41-3', '252-00-4'] | NTP앵커CAS교집합=없음 | 제품명토큰교집합=imidacloprid | 문서추출문자수=10875 | 수동판정(규칙엔진=상표명대응→일치); 제품명/상표명 지식 및 문서 기재 제품명 'Imidacloprid ROTICHROM® Pestilyse® HPLC' 대조",138261-41-3|252-00-4,138261-41-3|252-00-4,ntp_measured,sds_v1,sds_v1,False,False,False,중간
EyeIrritation6pack_PID829,ROTAM Methomyl 29LV Insecticide,NUDRINTM SP Insecticide / Methomyl 90% SP (900g/kg) (Soluble Powder in Water Soluble Packets),ingredient_source_audit/highlighted/2a4cdba7430141c3_highlighted.pdf,local,부분일치,CAS일치,우리CAS(1)['16752-77-5'] vs 문서Section3CAS(1)['16752-77-5'] | NTP앵커CAS교집합=['16752-77-5'] | 문서본문에서 발견된 우리 성분명='methomyl' | 제품명토큰교집합=methomyl | 문서추출문자수=12366,16752-77-5,16752-77-5,ntp_measured,sds_v1,,False,False,N/A,높음
EyeIrritation6pack_PID838,S-Metolachlor & Mesotrione,S-Metolachlor,ingredient_source_audit/highlighted/f7d0674de986bc8f_highlighted.pdf,local,부분일치,CAS불일치,"우리CAS(3)['104206-82-8', '432-00-4', '87392-12-9'] vs 문서Section3CAS(2)['432-00-4', '87392-12-9'] | NTP앵커CAS교집합=없음 | 제품명토큰교집합=metolachlor | 문서추출문자수=12082 | 수동판정(규칙엔진=일치→부분일치); 제품명/상표명 지식 및 문서 기재 제품명 'S-Metolachlor' 대조",432-00-4|87392-12-9,104206-82-8|432-00-4|87392-12-9,ntp_measured,sds_v1,sds_v1,False,False,False,중간
EyeIrritation6pack_PID841,Safer Brand 3-in-1 Concentrate,Safer Brand Home Outdoor Pest Control,ingredient_source_audit/highlighted/4519860c6eac68cf_highlighted.pdf,local,오연결,CAS불일치,"우리CAS(1)['7704-34-9'] vs 문서Section3CAS(2)['8000-34-4', '8001-29-4'] | NTP앵커CAS교집합=없음 | 제품명토큰교집합=brand|safer | 문서추출문자수=9501",8000-34-4|8001-29-4,7704-34-9,ntp_measured,,,False,N/A,N/A,중간
EyeIrritation6pack_PID844,Safer Garden Fungicide Ready to Use,Garden Safe® Brand Fungicide3,ingredient_source_audit/highlighted/b7f2436474b59cf3_highlighted.pdf,local,부분일치,CAS일치,"우리CAS(2)['7704-34-9', '947173-77-5'] vs 문서Section3CAS(1)['947173-77-5'] | NTP앵커CAS교집합=없음 | 제품명토큰교집합= | 문서추출문자수=12011 | 2차재검: 문서Section3 CAS와 우리 활성성분 CAS 교집합 존재 및 상표명↔활성성분 지식 대조로 오연결→부분일치 수정",947173-77-5,7704-34-9|947173-77-5,ntp_measured,,,False,N/A,N/A,중간
EyeIrritation6pack_PID854,Sativa IMX Max,"Cannabis sativa, extract (essential oil; terpenes)",ingredient_source_audit/highlighted/d89647583b39fb28_highlighted.pdf,local,오연결,CAS불일치,"우리CAS(4)['107534-96-3', '137-26-8', '138261-41-3', '57837-19-1'] vs 문서Section3CAS(28)['118-65-0', '123-35-3', '127-91-3', '13474-59-4', '138-86-3', '2159055-70-4', '235-00-2', '2639-63-6'] | NTP앵커CAS교집합=없음 | 제품명토큰교집합=sativa | 문서추출문자수=19337",118-65-0|123-35-3|127-91-3|13474-59-4|138-86-3|2159055-70-4|235-00-2|2639-63-6|29-00-7|3338-55-4|3691-11-0|3691-12-1|3779-61-1|470-82-6|495-61-4|502-61-4|507-70-0|555-10-2|586-62-9|6753-98-6|78-70-6|79-92-5|80-56-8|87-44-5|98-55-5|99-83-2|99-85-4|99-86-5,107534-96-3|137-26-8|138261-41-3|57837-19-1,ntp_measured,sds_v1,sds_v1,False,True,True,중간
EyeIrritation6pack_PID860,Scimitar GR Insecticide,SCIMITAR CS,ingredient_source_audit/highlighted/ec7e9870eec92980_highlighted.pdf,local,부분일치,CAS일치,우리CAS(1)['91465-08-6'] vs 문서Section3CAS(1)['91465-08-6'] | NTP앵커CAS교집합=['91465-08-6'] | 문서본문에서 발견된 우리 성분명='lambda-cyhalothrin' | 제품명토큰교집합=scimitar | 문서추출문자수=14204,91465-08-6,91465-08-6,ntp_measured,,,False,N/A,N/A,높음
EyeIrritation6pack_PID863,Secure Dry Insecticide,Cutter Dry Insect Repellent,ingredient_source_audit/highlighted/f3ef9199ef51964a_highlighted.pdf,local,오연결,외부지식,"우리CAS(4)['106-97-8', '134-62-3', '64-17-5', '75-28-5'] vs 문서Section3CAS(4)['106-97-8', '134-62-3', '64-17-5', '75-28-5'] | NTP앵커CAS교집합=없음 | 제품명토큰교집합=dry | 문서추출문자수=12864 | 수동판정(규칙엔진=상표명대응→오연결); 제품명/상표명 지식 및 문서 기재 제품명 'Cutter Dry Insect Repellent' 대조",106-97-8|134-62-3|64-17-5|75-28-5,106-97-8|134-62-3|64-17-5|75-28-5,ntp_measured,sds_v1,sds_v1,False,True,True,중간
EyeIrritation6pack_PID865,Sedaxane,"Warden Cereals WRII Fungicide, Insecticide",ingredient_source_audit/highlighted/893c51d658e295ff_highlighted.pdf,local,부분일치,CAS일치,"우리CAS(1)['874967-67-6'] vs 문서Section3CAS(10)['119446-68-3', '13141-86-1', '13463-67-7', '14807-96-6', '153710-23-4', '56-81-5', '57-55-6', '69516-34-3'] | NTP앵커CAS교집합=['874967-67-6'] | 문서본문에서 발견된 우리 성분명='sedaxane' | 제품명토큰교집합= | 문서추출문자수=17668",119446-68-3|13141-86-1|13463-67-7|14807-96-6|153710-23-4|56-81-5|57-55-6|69516-34-3|70630-17-9|874967-67-6,874967-67-6,ntp_measured,,sds_v1,False,N/A,False,높음
EyeIrritation6pack_PID869,Sharda Glyphosate,Glyphosate 36% SL,ingredient_source_audit/highlighted/bd4ce9d7e9074024_highlighted.pdf,local,부분일치,CAS불일치,"우리CAS(3)['1071-83-6', '38641-94-0', '431040-31-2'] vs 문서Section3CAS(3)['38641-94-0', '431040-31-2', '67952-32-3'] | NTP앵커CAS교집합=없음 | 문서본문에서 발견된 우리 성분명='glyphosate' | 제품명토큰교집합=glyphosate | 문서추출문자수=15583 | 수동판정(규칙엔진=상표명대응→부분일치); 제품명/상표명 지식 및 문서 기재 제품명 'Glyphosate 36% SL' 대조",38641-94-0|431040-31-2|67952-32-3,1071-83-6|38641-94-0|431040-31-2,ntp_measured,sds_v1,sds_v1,False,False,False,중간
EyeIrritation6pack_PID871,Shelter Island Plus,Shelter Island Plus,ingredient_source_audit/highlighted/e60140ff81358a3b_highlighted.pdf,local,일치,제품명동일,"우리CAS(6)['122454-29-9', '1330-20-7', '13463-41-7', '14807-96-6', '64742-94-5', '7727-43-1'] vs 문서Section3CAS(7)['122454-29-9', '1314-13-2', '1330-20-7', '13463-41-7', '14807-96-6', '64742-94-5', '7727-43-1'] | NTP앵커CAS교집합=없음 | 제품명토큰교집합=island|shelter | 문서추출문자수=12247",122454-29-9|1314-13-2|1330-20-7|13463-41-7|14807-96-6|64742-94-5|7727-43-1,122454-29-9|1330-20-7|13463-41-7|14807-96-6|64742-94-5|7727-43-1,ntp_measured,sds_2nd_sec11,sds_v1,False,False,False,높음
EyeIrritation6pack_PID873,Shield Herbicide,SHIELD PRO™,ingredient_source_audit/highlighted/cc218cc5e4d5c2f0_highlighted.pdf,local,오연결,CAS불일치,"우리CAS(2)['118-74-1', '77182-82-2'] vs 문서Section3CAS(3)['118-74-1', '57754-85-5', '65-00-6'] | NTP앵커CAS교집합=없음 | 제품명토큰교집합=shield | 문서추출문자수=11800",118-74-1|57754-85-5|65-00-6,118-74-1|77182-82-2,ntp_measured,,sds_v1,False,N/A,True,중간
EyeIrritation6pack_PID893,SP5411,ENNIATIN B,ingredient_source_audit/ordered_option_runs/highlighted_sources/G006_917-13-5_ChemBlink_Sigma_highlighted.pdf,local,오연결,CAS불일치,"우리CAS(4)['56425-91-3', '76738-62-0', '917-13-5', '95266-40-3'] vs 문서Section3CAS(1)['917-13-5'] | NTP앵커CAS교집합=없음 | 제품명토큰교집합= | 문서추출문자수=12308",917-13-5,56425-91-3|76738-62-0|917-13-5|95266-40-3,ntp_measured,,,False,N/A,N/A,중간
EyeIrritation6pack_PID916,Superfine Wettable Sulphur,Superfine Sulfur (Product Name: Sulfur),ingredient_source_audit/highlighted/8b7711a15122e818_highlighted.pdf,local,상표명대응,조성일치,"우리CAS(1)['7704-34-9'] vs 문서Section3CAS(2)['7704-34-9', '94-00-1'] | NTP앵커CAS교집합=없음 | 제품명토큰교집합=superfine | 문서추출문자수=10885",7704-34-9|94-00-1,7704-34-9,ntp_measured,sds_v1,sds_v1,False,False,False,중간
EyeIrritation6pack_PID920,Swagger,SWAGGER®,ingredient_source_audit/highlighted/50f76252cff897f5_highlighted.pdf,local,일치,제품명동일,"우리CAS(3)['138261-41-3', '82657-04-3', '872-50-4'] vs 문서Section3CAS(5)['105827-78-9', '138261-41-3', '82657-04-3', '83322-02-5', '872-50-4'] | NTP앵커CAS교집합=없음 | 제품명토큰교집합=swagger | 문서추출문자수=20040",105827-78-9|138261-41-3|82657-04-3|83322-02-5|872-50-4,138261-41-3|82657-04-3|872-50-4,ntp_measured,,sds_v1,False,N/A,False,높음
EyeIrritation6pack_PID926,T-Methyl G-Pro 50 WSB Fungicide,T-Methyl E-Ag 4.5 F Fungicide,ingredient_source_audit/highlighted/a85403fec21bbcc0_highlighted.pdf,local,부분일치,CAS일치,우리CAS(1)['23564-05-8'] vs 문서Section3CAS(1)['23564-05-8'] | NTP앵커CAS교집합=['23564-05-8'] | 문서본문에서 발견된 우리 성분명='thiophanate-methyl' | 제품명토큰교집합=methyl | 문서추출문자수=13796,23564-05-8,23564-05-8,ntp_measured,,sds_v1,False,N/A,False,높음
EyeIrritation6pack_PID932,TC-314,"Trichloroacetic acid ≥99 %, p.a.",ingredient_source_audit/highlighted/0a21cbe65dc02950_highlighted.pdf,local,오연결,CAS불일치,"우리CAS(3)['122453-73-0', '23031-36-9', '95737-68-1'] vs 문서Section3CAS(2)['4-00-7', '76-03-9'] | NTP앵커CAS교집합=없음 | 제품명토큰교집합= | 문서추출문자수=10990",4-00-7|76-03-9,122453-73-0|23031-36-9|95737-68-1,ntp_measured,sds_v1,sds_v1,False,True,True,중간
EyeIrritation6pack_PID936,TC 240,SYSTEM TC 240 ANTISLITTANTE CINGHIE - ANTI SLIPPING STRAPS SPRAY ML 400,ingredient_source_audit/highlighted/a30d6f309123182a_highlighted.pdf,local,오연결,CAS불일치,"우리CAS(2)['23031-36-9', '91465-08-6'] vs 문서Section3CAS(4)['110-82-7', '17-00-1', '199-00-1', '68476-40-4'] | NTP앵커CAS교집합=없음 | 제품명토큰교집합=240 | 문서추출문자수=11361 | 수동판정(규칙엔진=일치→오연결); 제품명/상표명 지식 및 문서 기재 제품명 'SYSTEM TC 240 ANTISLITTANTE CINGHIE - ANTI SLIPPING STRAPS S' 대조",110-82-7|17-00-1|199-00-1|68476-40-4,23031-36-9|91465-08-6,ntp_measured,sds_v1,sds_v1,False,True,True,높음
EyeIrritation6pack_PID940,TC 281,2-Amino-2-methyl-1-propanol,ingredient_source_audit/ordered_option_runs/highlighted_sources/G038_124-68-5_ChemBlink_Sigma_highlighted.pdf,local,오연결,CAS불일치,"우리CAS(1)['131341-86-1'] vs 문서Section3CAS(2)['124-68-5', '70-00-6'] | NTP앵커CAS교집합=없음 | 제품명토큰교집합= | 문서추출문자수=12749",124-68-5|70-00-6,131341-86-1,ntp_measured,sds_v1,sds_v1,False,True,True,중간
EyeIrritation6pack_PID960,Tempo 0.1 Granular Insecticide,TEMPO RESIDUAL INSECTICIDE,ingredient_source_audit/highlighted/ff0ebd75d0a64547_highlighted.pdf,local,부분일치,CAS불일치,"우리CAS(1)['68359-37-5'] vs 문서Section3CAS(7)['112926-00-8', '14548-60-8', '1820573-27-0', '26172-55-4', '2682-20-4', '55965-84-9', '56-81-5'] | NTP앵커CAS교집합=없음 | 문서본문에서 발견된 우리 성분명='cyfluthrin' | 제품명토큰교집합=tempo | 문서추출문자수=11719 | 수동판정(규칙엔진=상표명대응→부분일치); 제품명/상표명 지식 및 문서 기재 제품명 'TEMPO RESIDUAL INSECTICIDE' 대조",112926-00-8|14548-60-8|1820573-27-0|26172-55-4|2682-20-4|55965-84-9|56-81-5,68359-37-5,ntp_measured,sds_v1,sds_v1,False,False,False,중간
EyeIrritation6pack_PID965,Tetrasan 5 WDG,TetraSan® 5 WDG,ingredient_source_audit/highlighted/e155bfa6c5a709c6_highlighted.pdf,local,일치,조성일치,"우리CAS(3)['1332-58-7', '153233-91-1', '7783-20-2'] vs 문서Section3CAS(3)['1332-58-7', '153233-91-1', '7783-20-2'] | NTP앵커CAS교집합=없음 | 제품명토큰교집합=tetrasan|wdg | 문서추출문자수=12356",1332-58-7|153233-91-1|7783-20-2,1332-58-7|153233-91-1|7783-20-2,ntp_measured,,sds_v1,False,N/A,False,중간
EyeIrritation6pack_PID966,Texan Glyphosate,TITAN GLYPHOSATE 360 HERBICIDE,ingredient_source_audit/highlighted/ab1bcfa39fbe2dd5_highlighted.pdf,local,부분일치,외부지식,우리CAS(1)['1071-83-6'] vs 문서Section3CAS(1)['1071-83-6'] | NTP앵커CAS교집합=없음 | 제품명토큰교집합=glyphosate | 문서추출문자수=14944 | 수동판정(규칙엔진=상표명대응→부분일치); 제품명/상표명 지식 및 문서 기재 제품명 'TITAN GLYPHOSATE 360 HERBICIDE' 대조,1071-83-6,1071-83-6,ntp_measured,sds_2nd_sec11,sds_v1,False,False,False,중간
EyeIrritation6pack_PID976,Thiencarbazone-methyl,Thiencarbazone-methyl,ingredient_source_audit/highlighted/5f8cfa4e7028e8dc_highlighted.pdf,local,일치,제품명동일,우리CAS(1)['317815-83-1'] vs 문서Section3CAS(1)['317815-83-1'] | NTP앵커CAS교집합=없음 | 제품명토큰교집합=methyl|thiencarbazone | 문서추출문자수=7817,317815-83-1,317815-83-1,ntp_measured,,,False,N/A,N/A,높음
EyeIrritation6pack_PID977,Three-Way VAP,Section® Three,ingredient_source_audit/highlighted/0df309adc32d174c_highlighted.pdf,local,오연결,CAS불일치,"우리CAS(7)['125225-28-7', '210880-92-5', '57837-19-1', '64742-94-5', '91-20-3', '95-63-6', '99129-21-2'] vs 문서Section3CAS(5)['108-67-8', '64742-94-5', '91-20-3', '95-63-6', '99129-21-2'] | NTP앵커CAS교집합=없음 | 제품명토큰교집합=three | 문서추출문자수=16436",108-67-8|64742-94-5|91-20-3|95-63-6|99129-21-2,125225-28-7|210880-92-5|57837-19-1|64742-94-5|91-20-3|95-63-6|99129-21-2,ntp_measured,sds_v1,sds_v1,False,True,True,중간
EyeIrritation6pack_PID978,Three Way Peanut Seed Treatment Fungicide,TRIO EXTRA SEED TREATMENT FUNGICIDE,ingredient_source_audit/highlighted/3726b4e8435ad177_highlighted.pdf,local,부분일치,CAS일치,"우리CAS(4)['133-06-2', '141517-21-7', '56-81-5', '57837-19-1'] vs 문서Section3CAS(5)['131341-86-1', '131860-33-8', '56-81-5', '69516-34-3', '70630-17-0'] | NTP앵커CAS교집합=없음 | 제품명토큰교집합=seed|treatment | 문서추출문자수=14311 | 2차재검: 문서Section3 CAS와 우리 활성성분 CAS 교집합 존재 및 상표명↔활성성분 지식 대조로 오연결→부분일치 수정",131341-86-1|131860-33-8|56-81-5|69516-34-3|70630-17-0,133-06-2|141517-21-7|56-81-5|57837-19-1,ntp_measured,sds_2nd_sec11,sds_v1,False,False,False,중간
EyeIrritation6pack_PID983,Tital FL,Compare to BOMBSHELL WILD FLOWER by Victoria's Secret ® F35268,ingredient_source_audit/highlighted/434ba1b62496b644_highlighted.pdf,local,오연결,CAS불일치,"우리CAS(4)['137-26-8', '210880-92-5', '5234-68-4', '57837-19-1'] vs 문서Section3CAS(19)['103-95-7', '10339-55-6', '105-87-3', '107-75-5', '115-95-7', '118-58-1', '1205-17-0', '1222-05-5'] | NTP앵커CAS교집합=없음 | 제품명토큰교집합= | 문서추출문자수=14304",103-95-7|10339-55-6|105-87-3|107-75-5|115-95-7|118-58-1|1205-17-0|1222-05-5|127-51-5|128-37-0|18479-58-8|24851-98-7|54464-57-2|55066-48-3|58567-11-6|5989-27-5|63500-71-0|67634-14-4|78-70-6,137-26-8|210880-92-5|5234-68-4|57837-19-1,ntp_measured,sds_v1,sds_v1,False,True,True,중간
MIX1,0.08% Mesotrione on Fertilizer,Meso 4SC Select,ingredient_source_audit/highlighted/538caf56df65ee88_highlighted.pdf,local,부분일치,외부지식,우리CAS(1)['104206-82-8'] vs 문서Section3CAS(1)['104206-82-8'] | NTP앵커CAS교집합=없음 | 제품명토큰교집합= | 문서추출문자수=9532 | 수동판정(규칙엔진=오연결→부분일치); 제품명/상표명 지식 및 문서 기재 제품명 'Meso 4SC Select' 대조,104206-82-8,104206-82-8,,ntp_measured,,N/A,False,N/A,중간
MIX1000,Fir balsam Oregon,Organic Balsam Fir Essential Oil (Abies balsamea) / ESSENTIAL OIL OF FIR BALSAM ORGANIC FROM CANADA,ingredient_source_audit/highlighted/02b836a7102a0c93_highlighted.pdf,local,부분일치,외부지식,"우리CAS(0)[] vs 문서Section3CAS(12)['123-35-3', '127-91-3', '13466-78-9', '475-20-7', '555-10-2', '586-62-9', '5989-27-5', '79-92-5'] | NTP앵커CAS교집합=없음 | 제품명토큰교집합=balsam|fir | 문서추출문자수=9059 | 수동판정(규칙엔진=상표명대응→부분일치); 제품명/상표명 지식 및 문서 기재 제품명 'Organic Balsam Fir Essential Oil (Abies balsamea) / ESSENTIA' 대조",123-35-3|127-91-3|13466-78-9|475-20-7|555-10-2|586-62-9|5989-27-5|79-92-5|80-56-8|8007-47-4|85085-34-3|98-55-5,,sds_v1,sds_v1,sds_v1,False,False,False,중간
MIX1001,Cubeb oil,Oil of cubeb natural (article number: 6608),ingredient_source_audit/highlighted/9001bea5839df0c9_highlighted.pdf,local,일치,외부지식,"우리CAS(10)['106-23-0', '106-24-1', '106-26-3', '123-35-3', '127-91-3', '3387-41-5', '470-82-6', '78-70-6'] vs 문서Section3CAS(17)['106-23-0', '106-24-1', '106-25-2', '106-26-3', '123-35-3', '127-91-3', '138-86-3', '141-27-5'] | NTP앵커CAS교집합=없음 | 제품명토큰교집합=cubeb | 문서추출문자수=13667 | 수동판정(규칙엔진=상표명대응→일치); 제품명/상표명 지식 및 문서 기재 제품명 'Oil of cubeb natural (article number: 6608)' 대조",106-23-0|106-24-1|106-25-2|106-26-3|123-35-3|127-91-3|138-86-3|141-27-5|235-00-2|241-00-5|29-00-7|3387-41-5|470-82-6|78-70-6|80-56-8|87-44-5|90063-59-5,106-23-0|106-24-1|106-26-3|123-35-3|127-91-3|3387-41-5|470-82-6|78-70-6|80-56-8|87-44-5,sds_v1,sds_v1,sds_v1,False,False,False,중간
MIX1002,Cedarwood oil Atlas,Organic Pure Cedarwood Atlas Essential Oil,ingredient_source_audit/highlighted/41e679697c8f495a_highlighted.pdf,local,일치,외부지식,"우리CAS(0)[] vs 문서Section3CAS(5)['17627-44-0', '469-61-4', '475-20-7', '8023-85-6', '92201-55-3'] | NTP앵커CAS교집합=없음 | 제품명토큰교집합=atlas|cedarwood | 문서추출문자수=13890 | 수동판정(규칙엔진=상표명대응→일치); 제품명/상표명 지식 및 문서 기재 제품명 'Organic Pure Cedarwood Atlas Essential Oil' 대조",17627-44-0|469-61-4|475-20-7|8023-85-6|92201-55-3,,sds_v1,sds_v1,sds_v1,False,False,False,중간
MIX1004,Gurjun oil,1540 Gurjum / Trade Name: Gurjum (Dipterocarpus turbinatus),ingredient_source_audit/highlighted/6b554f569c17112e_highlighted.pdf,local,일치,외부지식,"우리CAS(1)['87-44-5'] vs 문서Section3CAS(3)['8030-55-5', '87-44-5', '93165-18-5'] | NTP앵커CAS교집합=없음 | 제품명토큰교집합= | 문서추출문자수=9610 | 수동판정(규칙엔진=오연결→일치); 제품명/상표명 지식 및 문서 기재 제품명 '1540 Gurjum / Trade Name: Gurjum (Dipterocarpus turbinatus)' 대조",8030-55-5|87-44-5|93165-18-5,87-44-5,sds_v1,sds_v1,sds_v1,False,False,False,중간
MIX1007,Myrrh absolute,,ingredient_source_audit/highlighted/d325f764dabc101c_highlighted.html,local,불명,판독불가,"우리CAS(2)['8016-37-3', '84929-26-0'] vs 문서Section3CAS(2)['8016-37-3', '84929-26-0'] | NTP앵커CAS교집합=없음 | 제품명토큰교집합= | 문서추출문자수=30318 | 수동판정(규칙엔진=일치→불명); 제품명/상표명 지식 및 문서 기재 제품명 'nan' 대조",8016-37-3|84929-26-0,8016-37-3|84929-26-0,sds_2nd_sec11,sds_2nd_sec11,sds_2nd_sec11,False,False,False,높음
MIX1008,Petitgrain bigarade oil,PETITGRAIN BIGARADE OIL PETIG0001,ingredient_source_audit/highlighted/f150bb35056ee94b_highlighted.pdf,local,일치,제품명동일,"우리CAS(9)['123-35-3', '13466-78-9', '141-12-8', '3338-55-4', '3779-61-1', '5392-40-5', '586-62-9', '5989-27-5'] vs 문서Section3CAS(18)['105-87-3', '106-24-1', '106-25-2', '115-95-7', '123-35-3', '127-91-3', '13466-78-9', '141-12-8'] | NTP앵커CAS교집합=없음 | 제품명토큰교집합=bigarade|petitgrain | 문서추출문자수=15167",105-87-3|106-24-1|106-25-2|115-95-7|123-35-3|127-91-3|13466-78-9|141-12-8|3338-55-4|3779-61-1|5392-40-5|586-62-9|5989-27-5|78-70-6|80-56-8|8000-41-7|8014-17-3|87-44-5,123-35-3|13466-78-9|141-12-8|3338-55-4|3779-61-1|5392-40-5|586-62-9|5989-27-5|87-44-5,sds_v1,sds_v1,sds_v1,False,False,False,높음
MIX1009,Mace oil,Mace Oil - PubChem,ingredient_source_audit/highlighted/3bb8dc772b3963ac_highlighted.html,local,불명,판독불가,우리CAS(0)[] vs 문서Section3CAS(0)[] | NTP앵커CAS교집합=없음 | 제품명토큰교집합=mace | 문서추출문자수=138 | 수동판정(규칙엔진=일치→불명); 제품명/상표명 지식 및 문서 기재 제품명 'Mace Oil - PubChem' 대조,,,,sds_2nd,sds_2nd,N/A,False,False,낮음
MIX1010,Bitter orange oil,(R)-(+)-Limonene,ingredient_source_audit/ordered_option_runs/highlighted_sources/G062_5989-27-5_ChemBlink_Sigma_highlighted.pdf,local,오연결,조성불일치,"우리CAS(0)[] vs 문서Section3CAS(2)['29-00-7', '5989-27-5'] | NTP앵커CAS교집합=없음 | 제품명토큰교집합= | 문서추출문자수=14224",29-00-7|5989-27-5,,sds_v1,sds_v1,sds_v1,True,True,True,낮음
MIX1012,Cananga oil,CANANGA OIL,ingredient_source_audit/highlighted/a48b6e9cfaf81fc2_highlighted.pdf,local,일치,제품명동일,"우리CAS(1)['68606-83-7'] vs 문서Section3CAS(2)['68606-83-7', '83863-30-3'] | NTP앵커CAS교집합=없음 | 제품명토큰교집합=cananga | 문서추출문자수=17966",68606-83-7|83863-30-3,68606-83-7,sds_v1,sds_v1,sds_v1,False,False,False,높음
MIX1014,Grapefruit oil expressed,"Grapefruit oil, Florida",ingredient_source_audit/ordered_option_runs/highlighted_sources/G052_8016-20-4_ChemBlink_Sigma_highlighted.pdf,local,일치,외부지식,"우리CAS(0)[] vs 문서Section3CAS(1)['8016-20-4'] | NTP앵커CAS교집합=없음 | 제품명토큰교집합=grapefruit | 문서추출문자수=13439 | 수동판정(규칙엔진=상표명대응→일치); 제품명/상표명 지식 및 문서 기재 제품명 'Grapefruit oil, Florida' 대조",8016-20-4,,sds_v1,sds_v1,,False,False,N/A,중간
MIX1019,Mentha citrata oil,SID 135283592 - PubChem,ingredient_source_audit/highlighted/1a5a706a4d30cb15_highlighted.html,local,불명,판독불가,우리CAS(0)[] vs 문서Section3CAS(0)[] | NTP앵커CAS교집합=없음 | 제품명토큰교집합= | 문서추출문자수=159 | 수동판정(규칙엔진=오연결→불명); 제품명/상표명 지식 및 문서 기재 제품명 'SID 135283592 - PubChem' 대조,,,,,,N/A,N/A,N/A,낮음
MIX102,Chlorothalonil Fungicide,"Chlorothalonil 720 Select™ (Chemical Name: 1,3-Benzenedicarbonitrile, 2,4,5,6-tetrachloro)",ingredient_source_audit/highlighted/81046ddcd8c83866_highlighted.pdf,local,부분일치,CAS일치,"우리CAS(2)['118-45-6', '1897-45-6'] vs 문서Section3CAS(3)['118-45-6', '1897-45-6', '57-55-6'] | NTP앵커CAS교집합=['1897-45-6'] | 문서본문에서 발견된 우리 성분명='chlorothalonil' | 제품명토큰교집합=chlorothalonil | 문서추출문자수=14620",118-45-6|1897-45-6|57-55-6,118-45-6|1897-45-6,sds_v1,ntp_measured,sds_v1,False,False,False,높음
MIX1020,Rosemary oil,"Rosemary oil , artificial (article number: 3336)",ingredient_source_audit/highlighted/28a2f5c96759b532_highlighted.pdf,local,부분일치,제품명동일,"우리CAS(0)[] vs 문서Section3CAS(10)['106-22-9', '464-49-3', '470-82-6', '5989-27-5', '79-92-5', '80-56-8', '94-00-1', '96-00-2'] | NTP앵커CAS교집합=없음 | 제품명토큰교집합=rosemary | 문서추출문자수=13466 | 수동판정(규칙엔진=일치→부분일치); 제품명/상표명 지식 및 문서 기재 제품명 'Rosemary oil , artificial (article number: 3336)' 대조",106-22-9|464-49-3|470-82-6|5989-27-5|79-92-5|80-56-8|94-00-1|96-00-2|98-55-5|99-87-6,,sds_v1,sds_v1,sds_v1,False,False,False,높음
MIX1021,"Sandalwood oil, East Indian",Sandalwood oil,ingredient_source_audit/ordered_option_runs/highlighted_sources/G031_8006-87-9_ChemBlink_Sigma_highlighted.pdf,local,일치,조성일치,우리CAS(0)[] vs 문서Section3CAS(1)['8006-87-9'] | NTP앵커CAS교집합=없음 | 제품명토큰교집합=sandalwood | 문서추출문자수=12218,8006-87-9,,sds_v1,sds_v1,sds_v1,False,False,False,중간
MIX1022,Patchouly oil,Patchouli Oil,ingredient_source_audit/highlighted/e0c972cf8c940700_highlighted.pdf,local,일치,외부지식,"우리CAS(0)[] vs 문서Section3CAS(3)['3691-12-1', '5986-55-0', '87-44-5'] | NTP앵커CAS교집합=없음 | 제품명토큰교집합= | 문서추출문자수=5360 | 수동판정(규칙엔진=오연결→일치); 제품명/상표명 지식 및 문서 기재 제품명 'Patchouli Oil' 대조",3691-12-1|5986-55-0|87-44-5,,sds_v1,sds_v1,sds_v1,False,False,False,중간
MIX1023,Amyris oil acetylated,AMYRIS OIL,ingredient_source_audit/highlighted/6a9669c7268221b5_highlighted.pdf,local,부분일치,외부지식,"우리CAS(0)[] vs 문서Section3CAS(5)['40716-66-3', '495-60-3', '495-61-4', '8015-65-4', '90320-49-3'] | NTP앵커CAS교집합=없음 | 제품명토큰교집합=amyris | 문서추출문자수=9965 | 수동판정(규칙엔진=일치→부분일치); 제품명/상표명 지식 및 문서 기재 제품명 'AMYRIS OIL' 대조",40716-66-3|495-60-3|495-61-4|8015-65-4|90320-49-3,,sds_v1,sds_v1,sds_v1,False,False,False,중간
MIX1025,Vanilla tincture,Vanilla Extract Pure,ingredient_source_audit/highlighted/bc2eb1a13100c605_highlighted.pdf,local,부분일치,외부지식,우리CAS(1)['64-17-5'] vs 문서Section3CAS(1)['64-17-5'] | NTP앵커CAS교집합=없음 | 제품명토큰교집합=vanilla | 문서추출문자수=10815 | 수동판정(규칙엔진=상표명대응→부분일치); 제품명/상표명 지식 및 문서 기재 제품명 'Vanilla Extract Pure' 대조,64-17-5,64-17-5,,,,N/A,N/A,N/A,중간
MIX1026,Geranium oil bourbon,"ORGANIC ROSE GERANIUM ESSENTIAL OIL (BOURBON), SOUTH AFRICA",ingredient_source_audit/highlighted/5c3255aa3c57001f_highlighted.pdf,local,일치,외부지식,"우리CAS(0)[] vs 문서Section3CAS(22)['10458-14-7', '105-85-1', '105-86-2', '105-87-3', '106-22-9', '106-23-0', '106-24-1', '106-25-2'] | NTP앵커CAS교집합=없음 | 제품명토큰교집합=bourbon|geranium | 문서추출문자수=18189 | 수동판정(규칙엔진=상표명대응→일치); 제품명/상표명 지식 및 문서 기재 제품명 'ORGANIC ROSE GERANIUM ESSENTIAL OIL (BOURBON), SOUTH AFRICA' 대조",10458-14-7|105-85-1|105-86-2|105-87-3|106-22-9|106-23-0|106-24-1|106-25-2|1139-30-6|127-91-3|1365-19-1|150-84-5|491-07-6|5392-40-5|5989-27-5|78-70-6|80-56-8|8000-46-2|87-44-5|90082-51-2|98-55-5|99-87-6,,sds_v1,sds_v1,sds_v1,False,False,False,중간
MIX103,Chlorpyrifos VC,Chlorpyrifos E-Pro 2 Insecticide,ingredient_source_audit/highlighted/861cd6a9b302a656_highlighted.pdf,local,부분일치,CAS일치,"우리CAS(1)['2921-88-2'] vs 문서Section3CAS(2)['2921-88-2', '64742-94-5'] | NTP앵커CAS교집합=['2921-88-2'] | 문서본문에서 발견된 우리 성분명='chlorpyrifos' | 제품명토큰교집합=chlorpyrifos | 문서추출문자수=18413",2921-88-2|64742-94-5,2921-88-2,,ntp_measured,,N/A,False,N/A,높음
MIX1030,Lavandin absolute,Lavandin absolute,ingredient_source_audit/highlighted/c693a41837db2d2c_highlighted.pdf,local,일치,제품명동일,"우리CAS(19)['105-87-3', '106-24-1', '115-95-7', '123-35-3', '141-12-8', '18794-84-8', '23089-26-1', '2442-10-6'] vs 문서Section3CAS(23)['105-87-3', '106-24-1', '115-95-7', '123-35-3', '141-12-8', '18794-84-8', '23089-26-1', '235-00-2'] | NTP앵커CAS교집합=없음 | 제품명토큰교집합=absolute|lavandin | 문서추출문자수=19186",105-87-3|106-24-1|115-95-7|123-35-3|141-12-8|18794-84-8|23089-26-1|235-00-2|2442-10-6|3338-55-4|3391-86-4|464-49-3|470-82-6|507-70-0|562-74-3|5989-27-5|78-70-6|87-44-5|91-64-5|91722-69-9|94-00-1|96-00-2|99-87-6,105-87-3|106-24-1|115-95-7|123-35-3|141-12-8|18794-84-8|23089-26-1|2442-10-6|3338-55-4|3391-86-4|464-49-3|470-82-6|507-70-0|562-74-3|5989-27-5|78-70-6|87-44-5|91-64-5|99-87-6,sds_v1,sds_v1,sds_v1,False,False,False,높음
MIX1034,Bois de rose acetylated,NATURAL LINALOOL EX BOIS DE ROSE,ingredient_source_audit/highlighted/1dada7cb5d99027e_highlighted.pdf,local,부분일치,외부지식,"우리CAS(1)['78-70-6'] vs 문서Section3CAS(2)['78-70-6', '8015-77-8'] | NTP앵커CAS교집합=없음 | 제품명토큰교집합=bois|rose | 문서추출문자수=13261 | 수동판정(규칙엔진=상표명대응→부분일치); 제품명/상표명 지식 및 문서 기재 제품명 'NATURAL LINALOOL EX BOIS DE ROSE' 대조",78-70-6|8015-77-8,78-70-6,sds_v1,sds_v1,sds_v1,False,False,False,중간
MIX1041,Laurel leaf oil European,"Laurel oil , essential, natural",ingredient_source_audit/highlighted/330ad25f6291bbd4_highlighted.pdf,local,일치,외부지식,"우리CAS(12)['127-91-3', '3387-41-5', '470-82-6', '562-74-3', '5989-54-8', '78-70-6', '80-56-8', '87-44-5'] vs 문서Section3CAS(18)['123-35-3', '127-91-3', '235-00-2', '29-00-7', '3387-41-5', '470-82-6', '562-74-3', '5989-54-8'] | NTP앵커CAS교집합=없음 | 제품명토큰교집합=laurel | 문서추출문자수=13847 | 수동판정(규칙엔진=상표명대응→일치); 제품명/상표명 지식 및 문서 기재 제품명 'Laurel oil , essential, natural' 대조",123-35-3|127-91-3|235-00-2|29-00-7|3387-41-5|470-82-6|562-74-3|5989-54-8|78-70-6|80-56-8|8007-35-0|84603-73-6|87-44-5|93-15-2|94-00-1|97-53-0|99-85-4|99-87-6,127-91-3|3387-41-5|470-82-6|562-74-3|5989-54-8|78-70-6|80-56-8|87-44-5|93-15-2|97-53-0|99-85-4|99-87-6,sds_v1,sds_v1,sds_v1,False,False,False,중간
MIX1043,Pinus pumilio oil,SID 135294602 - PubChem,ingredient_source_audit/highlighted/3a9dcd2bd0d8d073_highlighted.html,local,불명,판독불가,우리CAS(1)['8000-26-8'] vs 문서Section3CAS(0)[] | NTP앵커CAS교집합=없음 | 제품명토큰교집합= | 문서추출문자수=145 | 수동판정(규칙엔진=오연결→불명); 제품명/상표명 지식 및 문서 기재 제품명 'SID 135294602 - PubChem' 대조,,8000-26-8,,sds_2nd,sds_2nd,N/A,False,False,낮음
MIX1044,Lavender absolute,LAVENDER ABSOLUTE HEXANE,ingredient_source_audit/highlighted/407509b5c299de38_highlighted.pdf,local,일치,제품명동일,"우리CAS(9)['105-87-3', '106-24-1', '115-95-7', '2442-10-6', '470-82-6', '5989-27-5', '78-70-6', '87-44-5'] vs 문서Section3CAS(11)['105-87-3', '106-24-1', '115-95-7', '2442-10-6', '470-82-6', '5989-27-5', '78-70-6', '8000-28-0'] | NTP앵커CAS교집합=없음 | 제품명토큰교집합=absolute|lavender | 문서추출문자수=15556",105-87-3|106-24-1|115-95-7|2442-10-6|470-82-6|5989-27-5|78-70-6|8000-28-0|84776-65-8|87-44-5|91-64-5,105-87-3|106-24-1|115-95-7|2442-10-6|470-82-6|5989-27-5|78-70-6|87-44-5|91-64-5,sds_v1,sds_v1,sds_v1,False,False,False,높음
MIX1045,Pinus sylvestris oil,PINE SYLVESTER needle OIL,ingredient_source_audit/highlighted/a1ebf510abfe0dcc_highlighted.pdf,local,일치,외부지식,"우리CAS(11)['123-35-3', '127-91-3', '13466-78-9', '475-20-7', '586-62-9', '5989-27-5', '79-92-5', '80-56-8'] vs 문서Section3CAS(13)['123-35-3', '127-91-3', '13466-78-9', '475-20-7', '586-62-9', '5989-27-5', '79-92-5', '80-56-8'] | NTP앵커CAS교집합=없음 | 제품명토큰교집합= | 문서추출문자수=15216 | 수동판정(규칙엔진=오연결→일치); 제품명/상표명 지식 및 문서 기재 제품명 'PINE SYLVESTER needle OIL' 대조",123-35-3|127-91-3|13466-78-9|475-20-7|586-62-9|5989-27-5|79-92-5|80-56-8|8023-99-2|84012-35-1|87-44-5|99-86-5|99-87-6,123-35-3|127-91-3|13466-78-9|475-20-7|586-62-9|5989-27-5|79-92-5|80-56-8|87-44-5|99-86-5|99-87-6,sds_v1,sds_v1,sds_v1,False,False,False,중간
MIX1047,Hibawood oil,β-Thujaplicin (Aldrich 469521),ingredient_source_audit/ordered_option_runs/highlighted_sources/G061_499-44-5_ChemBlink_Sigma_highlighted.pdf,local,오연결,조성불일치,우리CAS(0)[] vs 문서Section3CAS(1)['499-44-5'] | NTP앵커CAS교집합=없음 | 제품명토큰교집합= | 문서추출문자수=10477,499-44-5,,sds_v1,sds_v1,sds_v1,True,True,True,낮음
MIX1063,Camphor oil white,Camphor Essential Oil,ingredient_source_audit/highlighted/c2b8b63d0aca5053_highlighted.pdf,local,부분일치,외부지식,"우리CAS(0)[] vs 문서Section3CAS(16)['123-35-3', '127-91-3', '202-72-5', '3387-41-5', '470-82-6', '562-74-3', '586-62-9', '5989-27-5'] | NTP앵커CAS교집합=없음 | 제품명토큰교집합=camphor | 문서추출문자수=12417 | 수동판정(규칙엔진=상표명대응→부분일치); 제품명/상표명 지식 및 문서 기재 제품명 'Camphor Essential Oil' 대조",123-35-3|127-91-3|202-72-5|3387-41-5|470-82-6|562-74-3|586-62-9|5989-27-5|80-56-8|8008-51-3|8022-91-1|92201-50-8|98-55-5|99-83-2|99-85-4|99-87-6,,sds_v1,sds_v1,sds_v1,False,False,False,중간
MIX1067,"N-(1,1-dimethylolethyl)mercaptoacetamide","N,N-Dimethylacetamide, 99+% spectrophotometric grade",ingredient_source_audit/highlighted/588864a4f1b24af7_highlighted.pdf,local,오연결,조성불일치,우리CAS(1)['127-19-5'] vs 문서Section3CAS(1)['127-19-5'] | NTP앵커CAS교집합=없음 | 제품명토큰교집합= | 문서추출문자수=14700,127-19-5,127-19-5,,,sds_v1,N/A,N/A,True,낮음
MIX1070,Bergamot oil rectified,Organic Bergamot Essential Oil (Citrus bergamia) / Trade name: Bergamot Oil Organic,ingredient_source_audit/highlighted/9acb70c425241b99_highlighted.pdf,local,부분일치,외부지식,우리CAS(0)[] vs 문서Section3CAS(1)['89957-91-5'] | NTP앵커CAS교집합=없음 | 제품명토큰교집합=bergamot | 문서추출문자수=9111 | 수동판정(규칙엔진=상표명대응→부분일치); 제품명/상표명 지식 및 문서 기재 제품명 'Organic Bergamot Essential Oil (Citrus bergamia) / Trade nam' 대조,89957-91-5,,,sds_v1,sds_v1,N/A,False,False,중간
MIX1072,"Bitter fennel, mix",0014-BITTER FENNEL ESSENTIAL OIL,ingredient_source_audit/highlighted/5de83797814ec23f_highlighted.pdf,local,일치,외부지식,"우리CAS(0)[] vs 문서Section3CAS(7)['123-35-3', '127-91-3', '140-67-0', '4180-23-8', '5989-27-5', '80-56-8', '84625-39-8'] | NTP앵커CAS교집합=없음 | 제품명토큰교집합=bitter|fennel | 문서추출문자수=16875 | 수동판정(규칙엔진=상표명대응→일치); 제품명/상표명 지식 및 문서 기재 제품명 '0014-BITTER FENNEL ESSENTIAL OIL' 대조",123-35-3|127-91-3|140-67-0|4180-23-8|5989-27-5|80-56-8|84625-39-8,,sds_v1,sds_v1,sds_v1,False,False,False,중간
MIX1074,"Cinnamon bark oil, ""Ceylon mix""",Cinnamon bark oil,ingredient_source_audit/ordered_option_runs/highlighted_sources/G032_8015-91-6_ChemBlink_Sigma_highlighted.pdf,local,일치,조성일치,우리CAS(0)[] vs 문서Section3CAS(1)['8015-91-6'] | NTP앵커CAS교집합=없음 | 제품명토큰교집합=bark|cinnamon | 문서추출문자수=13618,8015-91-6,,sds_v1,sds_v1,sds_v1,False,False,False,중간
MIX1078,Etoxazole (S-1283),ETOXAZOLE,ingredient_source_audit/highlighted/cacc727e44d66640_highlighted.pdf,local,일치,조성일치,우리CAS(0)[] vs 문서Section3CAS(1)['153233-91-1'] | NTP앵커CAS교집합=없음 | 제품명토큰교집합=etoxazole | 문서추출문자수=8111,153233-91-1,,,,,N/A,N/A,N/A,중간
MIX111,Cheminova Abamectin,ZORO™ Insecticide/Miticide,ingredient_source_audit/highlighted/697615ed20093d19_highlighted.pdf,local,상표명대응,외부지식,"우리CAS(1)['71751-41-2'] vs 문서Section3CAS(4)['128-37-0', '71751-41-2', '871-50-4', '872-50-4'] | NTP앵커CAS교집합=없음 | 제품명토큰교집합= | 문서추출문자수=16411 | 수동판정(규칙엔진=오연결→상표명대응); 제품명/상표명 지식 및 문서 기재 제품명 'ZORO™ Insecticide/Miticide' 대조",128-37-0|71751-41-2|871-50-4|872-50-4,71751-41-2,,ntp_measured,sds_v1,N/A,False,False,중간
MIX112,Clothiandin 600 FS,Clothianidin,ingredient_source_audit/ordered_option_runs/highlighted_sources/G029_210880-92-5_ChemBlink_Sigma_highlighted.pdf,local,부분일치,외부지식,"우리CAS(0)[] vs 문서Section3CAS(2)['210880-92-5', '307-00-5'] | NTP앵커CAS교집합=없음 | 제품명토큰교집합= | 문서추출문자수=11491 | 수동판정(규칙엔진=오연결→부분일치); 제품명/상표명 지식 및 문서 기재 제품명 'Clothianidin' 대조",210880-92-5|307-00-5,,sds_v1,ntp_measured,sds_v1,False,False,False,중간
MIX114,Clothianidin,Clothianidin,ingredient_source_audit/ordered_option_runs/highlighted_sources/G029_210880-92-5_ChemBlink_Sigma_highlighted.pdf,local,일치,제품명동일,"우리CAS(0)[] vs 문서Section3CAS(2)['210880-92-5', '307-00-5'] | NTP앵커CAS교집합=없음 | 제품명토큰교집합=clothianidin | 문서추출문자수=11491",210880-92-5|307-00-5,,sds_v1,ntp_measured,sds_v1,False,False,False,높음
MIX116,Copper Oxide,"Copper(II) oxide ≥97,5 %, powder",ingredient_source_audit/highlighted/1fd258822e295cf0_highlighted.pdf,local,오연결,CAS불일치,"우리CAS(1)['1317-39-1'] vs 문서Section3CAS(2)['1317-38-0', '16-00-6'] | NTP앵커CAS교집합=없음 | 제품명토큰교집합=copper|oxide | 문서추출문자수=10120",1317-38-0|16-00-6,1317-39-1,sds_v1,sds_v1,sds_v1,True,True,True,중간
MIX13,Abamectin B1a,Abamectin,ingredient_source_audit/ordered_option_runs/highlighted_sources/G028_71751-41-2_ChemBlink_Sigma_highlighted.pdf,local,일치,CAS불일치,"우리CAS(4)['65195-55-3', '67-56-1', '71751-41-2', '98-86-2'] vs 문서Section3CAS(1)['71751-41-2'] | NTP앵커CAS교집합=없음 | 제품명토큰교집합=abamectin | 문서추출문자수=12462",71751-41-2,65195-55-3|67-56-1|71751-41-2|98-86-2,sds_v1,ntp_measured,sds_v1,False,False,False,중간
MIX133,Cyflufenamid Fungicide,Cyflufenamid 10 SC,ingredient_source_audit/highlighted/ca3147009bb5844c_highlighted.pdf,local,부분일치,CAS일치,"우리CAS(2)['180409-60-3', '2634-33-5'] vs 문서Section3CAS(2)['180409-60-3', '2634-33-5'] | NTP앵커CAS교집합=['180409-60-3'] | 문서본문에서 발견된 우리 성분명='cyflufenamid' | 제품명토큰교집합=cyflufenamid | 문서추출문자수=10474",180409-60-3|2634-33-5,180409-60-3|2634-33-5,sds_v1,ntp_measured,sds_v1,False,False,False,높음
MIX136,Cypermethrin(96.7%),Cypermethrin,ingredient_source_audit/highlighted/1828959a8cc157cc_highlighted.pdf,local,일치,조성일치,우리CAS(1)['86753-92-6'] vs 문서Section3CAS(1)['86753-92-6'] | NTP앵커CAS교집합=없음 | 제품명토큰교집합=cypermethrin | 문서추출문자수=7343,86753-92-6,86753-92-6,,ntp_measured,,N/A,False,N/A,중간
MIX140,Deadline Bullets,Deadline Bullets®; Deadline® M-Ps™; Deadline® T&O; Deadline® M-Ps™ Mini Pellets; Deadline® Ornamental,ingredient_source_audit/highlighted/3adf46e2fe8ca31f_highlighted.pdf,local,일치,CAS일치,우리CAS(1)['108-62-3'] vs 문서Section3CAS(1)['108-62-3'] | NTP앵커CAS교집합=['108-62-3'] | 문서본문에서 발견된 우리 성분명='metaldehyde [2' | 제품명토큰교집합=bullets|deadline | 문서추출문자수=9525,108-62-3,108-62-3,,ntp_measured,sds_v1,N/A,False,False,높음
MIX142,Decis 1.0 Gel,1-Decene,ingredient_source_audit/highlighted/417529ce078df58e_highlighted.pdf,local,오연결,CAS불일치,"우리CAS(2)['52918-63-5', '872-05-9'] vs 문서Section3CAS(1)['872-05-9'] | NTP앵커CAS교집합=없음 | 제품명토큰교집합= | 문서추출문자수=8045",872-05-9,52918-63-5|872-05-9,sds_v1,ntp_measured,,True,False,N/A,중간
MIX145,Densil CA,"Synthetic Amorphous Silica. / Product Label Name: Precipitated Silica / Trade Names: DENTSIL DS-60, DENTSIL DS-100, DENTSIL DS-230.",ingredient_source_audit/highlighted/c7e78d31b7faea01_highlighted.pdf,local,오연결,CAS불일치,"우리CAS(2)['1897-45-6', '28159-98-0'] vs 문서Section3CAS(2)['112926-00-8', '7631-86-9'] | NTP앵커CAS교집합=없음 | 제품명토큰교집합= | 문서추출문자수=14769",112926-00-8|7631-86-9,1897-45-6|28159-98-0,sds_2nd_sec11,ntp_measured,sds_v1,False,False,True,중간
MIX147,Devrinol 2-EC Ornamental Herbicide,Napropamide 21.8% EC / Trade Name: Devrinol 2-E,ingredient_source_audit/highlighted/3634abcca3655ffe_highlighted.pdf,local,일치,외부지식,우리CAS(1)['15299-99-7'] vs 문서Section3CAS(1)['15299-99-7'] | NTP앵커CAS교집합=없음 | 제품명토큰교집합=devrinol | 문서추출문자수=11038 | 수동판정(규칙엔진=상표명대응→일치); 제품명/상표명 지식 및 문서 기재 제품명 'Napropamide 21.8% EC / Trade Name: Devrinol 2-E' 대조,15299-99-7,15299-99-7,sds_v1,sds_v1,,False,False,N/A,중간
MIX149,Devrinol 3.75 SC Selective Herbicide,DEVRINOL,ingredient_source_audit/highlighted/ee8418e94cb93e04_highlighted.pdf,local,일치,조성일치,"우리CAS(3)['107-21-1', '15299-99-7', '2634-33-5'] vs 문서Section3CAS(6)['107-21-1', '15299-99-7', '2634-33-5', '27-00-1', '68131-39-5', '88-00-6'] | NTP앵커CAS교집합=없음 | 제품명토큰교집합=devrinol | 문서추출문자수=11955",107-21-1|15299-99-7|2634-33-5|27-00-1|68131-39-5|88-00-6,107-21-1|15299-99-7|2634-33-5,sds_v1,ntp_measured,sds_v1,False,False,False,중간
MIX15,Abamectin B1b,Abamectin,ingredient_source_audit/ordered_option_runs/highlighted_sources/G028_71751-41-2_ChemBlink_Sigma_highlighted.pdf,local,일치,CAS불일치,"우리CAS(4)['65195-56-4', '67-56-1', '71751-41-2', '98-86-2'] vs 문서Section3CAS(1)['71751-41-2'] | NTP앵커CAS교집합=없음 | 제품명토큰교집합=abamectin | 문서추출문자수=12462",71751-41-2,65195-56-4|67-56-1|71751-41-2|98-86-2,sds_v1,ntp_measured,sds_v1,False,False,False,중간
MIX156,DPX-X4145 50WG Water-Dispersible Granule Formulation,DPX,ingredient_source_audit/highlighted/37edbed50026af53_highlighted.pdf,local,오연결,CAS불일치,"우리CAS(1)['163520-33-0'] vs 문서Section3CAS(2)['14208-10-7', '75-05-8'] | NTP앵커CAS교집합=없음 | 제품명토큰교집합=dpx | 문서추출문자수=7917 | 수동판정(규칙엔진=일치→오연결); 제품명/상표명 지식 및 문서 기재 제품명 'DPX' 대조",14208-10-7|75-05-8,163520-33-0,sds_v1,sds_v1,,True,True,N/A,중간
MIX158,Drexel Suffa-8,Suffa ®,ingredient_source_audit/highlighted/4c1a05e8d886f459_highlighted.pdf,local,일치,조성일치,우리CAS(1)['7704-34-9'] vs 문서Section3CAS(1)['7704-34-9'] | NTP앵커CAS교집합=없음 | 제품명토큰교집합=suffa | 문서추출문자수=12652,7704-34-9,7704-34-9,sds_v1,sds_v1,sds_v1,False,False,False,중간
MIX173,Dynasty Extreme,DYNASTY® CST,ingredient_source_audit/highlighted/f86bdd430b27b9e1_highlighted.pdf,local,부분일치,CAS불일치,"우리CAS(4)['131341-86-1', '131860-33-8', '70630-17-0', '88671-89-0'] vs 문서Section3CAS(5)['131341-86-1', '131860-33-8', '57-55-6', '69516-34-3', '70630-17-0'] | NTP앵커CAS교집합=없음 | 제품명토큰교집합=dynasty | 문서추출문자수=10909 | 수동판정(규칙엔진=오연결→부분일치); 제품명/상표명 지식 및 문서 기재 제품명 'DYNASTY® CST' 대조",131341-86-1|131860-33-8|57-55-6|69516-34-3|70630-17-0,131341-86-1|131860-33-8|70630-17-0|88671-89-0,,ntp_measured,sds_v1,N/A,False,False,중간
MIX183,Effipro Topical Solution for Dogs,EFFIPRO® Plus Topical Solution for Dogs,ingredient_source_audit/highlighted/4d7d07f24f6dfa7e_highlighted.pdf,local,부분일치,외부지식,"우리CAS(2)['120068-37-7', '95737-68-1'] vs 문서Section3CAS(2)['120068-37-7', '95737-68-1'] | NTP앵커CAS교집합=없음 | 제품명토큰교집합=dogs|effipro|topical | 문서추출문자수=9855 | 수동판정(규칙엔진=상표명대응→부분일치); 제품명/상표명 지식 및 문서 기재 제품명 'EFFIPRO® Plus Topical Solution for Dogs' 대조",120068-37-7|95737-68-1,120068-37-7|95737-68-1,sds_2nd_sec11,ntp_measured,sds_v1,False,False,False,중간
MIX187,ENS-010A,ISOPREP 184,ingredient_source_audit/highlighted/159ea75a31665ed8_highlighted.pdf,local,오연결,CAS불일치,"우리CAS(1)['138261-41-3'] vs 문서Section3CAS(4)['10028-22-5', '7664-93-9', '7697-37-2', '7897-37-2'] | NTP앵커CAS교집합=없음 | 제품명토큰교집합= | 문서추출문자수=46097",10028-22-5|7664-93-9|7697-37-2|7897-37-2,138261-41-3,,,,N/A,N/A,N/A,중간
MIX189,EH-1479 Herbicide,BIS[2-(P-METHOXYPHENYL)ETHYL] ETHER,ingredient_source_audit/ordered_option_runs/highlighted_sources/G044_alternate_sds_pdf_a40b09147f8b1a64_highlighted.pdf,local,오연결,CAS불일치,"우리CAS(5)['104104-12-3', '2008-39-1', '2300-66-5', '84087-01-4', '97886-45-8'] vs 문서Section3CAS(1)['104104-12-3'] | NTP앵커CAS교집합=없음 | 제품명토큰교집합= | 문서추출문자수=7344",104104-12-3,104104-12-3|2008-39-1|2300-66-5|84087-01-4|97886-45-8,,ntp_measured,,N/A,False,N/A,중간
MIX194,Ethofumesate (#N/A),Ethofumesate 4SC Select,ingredient_source_audit/highlighted/6343986e65128ec1_highlighted.pdf,local,부분일치,외부지식,"우리CAS(3)['26225-79-6', '57-55-6', '7732-18-5'] vs 문서Section3CAS(2)['26225-79-6', '57-55-6'] | NTP앵커CAS교집합=없음 | 제품명토큰교집합=ethofumesate | 문서추출문자수=9573 | 수동판정(규칙엔진=상표명대응→부분일치); 제품명/상표명 지식 및 문서 기재 제품명 'Ethofumesate 4SC Select' 대조",26225-79-6|57-55-6,26225-79-6|57-55-6|7732-18-5,sds_v1,sds_v1,sds_v1,False,False,False,중간
MIX203,Fenhexamid(95.5%),Fenhexamid ROTICHROM® Pestilyse® HPLC,ingredient_source_audit/highlighted/e4d47b99d2587d3c_highlighted.pdf,local,일치,외부지식,"우리CAS(1)['126833-17-8'] vs 문서Section3CAS(2)['111-00-8', '126833-17-8'] | NTP앵커CAS교집합=없음 | 제품명토큰교집합=fenhexamid | 문서추출문자수=9412 | 수동판정(규칙엔진=상표명대응→일치); 제품명/상표명 지식 및 문서 기재 제품명 'Fenhexamid ROTICHROM® Pestilyse® HPLC' 대조",111-00-8|126833-17-8,126833-17-8,sds_v1,sds_v1,sds_v1,False,False,False,중간
MIX204,Fenpropimorph,CLAYTON SPIGOT MAPP 11560,ingredient_source_audit/highlighted/a676763a49f80e08_highlighted.pdf,local,상표명대응,제품명동일,"우리CAS(3)['108-94-1', '67564-91-4', '78-83-1'] vs 문서Section3CAS(5)['10-00-7', '108-00-1', '108-94-1', '67564-91-4', '78-83-1'] | NTP앵커CAS교집합=없음 | 제품명토큰교집합= | 문서추출문자수=19509 | 수동판정(규칙엔진=일치→상표명대응); 제품명/상표명 지식 및 문서 기재 제품명 'CLAYTON SPIGOT MAPP 11560' 대조",10-00-7|108-00-1|108-94-1|67564-91-4|78-83-1,108-94-1|67564-91-4|78-83-1,sds_v1,ntp_measured,sds_v1,False,False,False,높음
MIX212,Fluoxastrobin,Fluoxastrobin,ingredient_source_audit/highlighted/9cca15a41cdb6eb2_highlighted.pdf,local,일치,CAS불일치,"우리CAS(2)['193740-76-0', '361377-29-9'] vs 문서Section3CAS(1)['193740-76-0'] | NTP앵커CAS교집합=없음 | 문서본문에서 발견된 우리 성분명='fluoxastrobin' | 제품명토큰교집합=fluoxastrobin | 문서추출문자수=7174",193740-76-0,193740-76-0|361377-29-9,,ntp_measured,sds_2nd,N/A,False,False,높음
MIX217,Folicur 1. 2 emulsifiable concentrate(16.6),Tebuconazole,ingredient_source_audit/ordered_option_runs/highlighted_sources/G039_107534-96-3_ChemBlink_Sigma_highlighted.pdf,local,부분일치,외부지식,"우리CAS(4)['107534-96-3', '2634-33-5', '56-81-5', '68425-94-5'] vs 문서Section3CAS(2)['107534-96-3', '197-00-7'] | NTP앵커CAS교집합=없음 | 제품명토큰교집합= | 문서추출문자수=12142 | 수동판정(규칙엔진=오연결→부분일치); 제품명/상표명 지식 및 문서 기재 제품명 'Tebuconazole' 대조",107534-96-3|197-00-7,107534-96-3|2634-33-5|56-81-5|68425-94-5,sds_v1,ntp_measured,,False,False,N/A,중간
MIX218,Fluazinam,Fluazinam,ingredient_source_audit/ordered_option_runs/highlighted_sources/G047_79622-59-6_ChemBlink_Sigma_highlighted.pdf,local,일치,제품명동일,우리CAS(1)['79622-59-6'] vs 문서Section3CAS(1)['79622-59-6'] | NTP앵커CAS교집합=없음 | 제품명토큰교집합=fluazinam | 문서추출문자수=12995,79622-59-6,79622-59-6,sds_v1,ntp_measured,sds_v1,False,False,False,높음
MIX222,Flufenacet & Isoxaflutole SC Herbicide,Flufenacet (ISO),ingredient_source_audit/highlighted/409beaa5d1f77869_highlighted.pdf,local,부분일치,CAS불일치,"우리CAS(3)['141112-29-0', '142459-58-3', '164-00-9'] vs 문서Section3CAS(2)['142459-58-3', '164-00-9'] | NTP앵커CAS교집합=없음 | 제품명토큰교집합=flufenacet | 문서추출문자수=13533 | 수동판정(규칙엔진=일치→부분일치); 제품명/상표명 지식 및 문서 기재 제품명 'Flufenacet (ISO)' 대조",142459-58-3|164-00-9,141112-29-0|142459-58-3|164-00-9,sds_v1,ntp_measured,sds_v1,False,False,False,중간
MIX227,Foundation Lite,112 Non-Fibered Foundation & Roof Coating,ingredient_source_audit/highlighted/91a039fb3c299dad_highlighted.pdf,local,오연결,CAS불일치,"우리CAS(4)['137-26-8', '36734-19-7', '8052-41-3', '8052-42-4'] vs 문서Section3CAS(2)['8052-41-3', '8052-42-4'] | NTP앵커CAS교집합=없음 | 제품명토큰교집합=foundation | 문서추출문자수=10615",8052-41-3|8052-42-4,137-26-8|36734-19-7|8052-41-3|8052-42-4,sds_v1,ntp_measured,sds_v1,True,False,True,중간
MIX229,FreeHand 1.75G Herbicide,Freehand 1.75G Herbicide,ingredient_source_audit/highlighted/f75e6ad30f5f78ac_highlighted.pdf,local,일치,CAS불일치,"우리CAS(4)['14808-60-7', '163515-14-8', '40487-42-1', '87674-68-8'] vs 문서Section3CAS(3)['14808-60-7', '163515-14-8', '40487-42-1'] | NTP앵커CAS교집합=없음 | 문서본문에서 발견된 우리 성분명='dimethenamid' | 제품명토큰교집합=75g|freehand | 문서추출문자수=9156",14808-60-7|163515-14-8|40487-42-1,14808-60-7|163515-14-8|40487-42-1|87674-68-8,sds_v1,ntp_measured,sds_v1,False,False,False,높음
MIX23,Acephate,Acephate ROTICHROM® Pestilyse® HPLC,ingredient_source_audit/highlighted/e24b8e39082df840_highlighted.pdf,local,일치,CAS일치,"우리CAS(1)['30560-19-1'] vs 문서Section3CAS(2)['30560-19-1', '79-00-7'] | NTP앵커CAS교집합=['30560-19-1'] | 문서본문에서 발견된 우리 성분명='acephate' | 제품명토큰교집합=acephate | 문서추출문자수=9278",30560-19-1|79-00-7,30560-19-1,sds_v1,ntp_measured,sds_v1,False,False,False,높음
MIX236,Flumethrin(87.9%),Flumethrin,ingredient_source_audit/ordered_option_runs/highlighted_sources/G007_69770-45-2_ChemBlink_Sigma_highlighted.pdf,local,일치,CAS일치,우리CAS(1)['69770-45-2'] vs 문서Section3CAS(1)['69770-45-2'] | NTP앵커CAS교집합=['69770-45-2'] | 문서본문에서 발견된 우리 성분명='flumethrin' | 제품명토큰교집합=flumethrin | 문서추출문자수=12744,69770-45-2,69770-45-2,sds_v1,sds_v1,sds_v1,False,False,False,높음
MIX238,Flumethrin(95.1%),Flumethrin,ingredient_source_audit/ordered_option_runs/highlighted_sources/G007_69770-45-2_ChemBlink_Sigma_highlighted.pdf,local,일치,CAS일치,우리CAS(1)['69770-45-2'] vs 문서Section3CAS(1)['69770-45-2'] | NTP앵커CAS교집합=['69770-45-2'] | 문서본문에서 발견된 우리 성분명='flumethrin' | 제품명토큰교집합=flumethrin | 문서추출문자수=12744,69770-45-2,69770-45-2,sds_v1,sds_v1,sds_v1,False,False,False,높음
MIX239,Flumethrin(96.2%),Flumethrin,ingredient_source_audit/ordered_option_runs/highlighted_sources/G007_69770-45-2_ChemBlink_Sigma_highlighted.pdf,local,일치,CAS일치,우리CAS(1)['69770-45-2'] vs 문서Section3CAS(1)['69770-45-2'] | NTP앵커CAS교집합=['69770-45-2'] | 문서본문에서 발견된 우리 성분명='flumethrin' | 제품명토큰교집합=flumethrin | 문서추출문자수=12744,69770-45-2,69770-45-2,sds_v1,sds_v1,sds_v1,False,False,False,높음
MIX24,Acephate 90 DF Insecticide,Tide Acephate 90WDG,ingredient_source_audit/highlighted/cf117703713d769a_highlighted.pdf,local,상표명대응,조성일치,"우리CAS(4)['26361-40-5', '30560-19-1', '7757-82-6', '9003-39-8'] vs 문서Section3CAS(4)['26361-40-5', '30560-19-1', '7757-82-6', '9003-39-8'] | NTP앵커CAS교집합=없음 | 제품명토큰교집합=acephate | 문서추출문자수=8507",26361-40-5|30560-19-1|7757-82-6|9003-39-8,26361-40-5|30560-19-1|7757-82-6|9003-39-8,,ntp_measured,sds_v1,N/A,False,False,중간
MIX243,Geo Tru,Pentane,ingredient_source_audit/ordered_option_runs/highlighted_sources/G042_109-66-0_ChemBlink_Sigma_highlighted.pdf,local,오연결,CAS불일치,"우리CAS(1)['88-04-0'] vs 문서Section3CAS(2)['109-66-0', '6-00-1'] | NTP앵커CAS교집합=없음 | 제품명토큰교집합= | 문서추출문자수=14414",109-66-0|6-00-1,88-04-0,,ntp_measured,,N/A,False,N/A,중간
MIX245,Gharda Permethrin(94%),Permethrin ROTICHROM® Pestilyse® HPLC,ingredient_source_audit/highlighted/75eb485b35e71c8d_highlighted.pdf,local,일치,외부지식,"우리CAS(2)['52645-53-1', '58-00-2'] vs 문서Section3CAS(2)['52645-53-1', '58-00-2'] | NTP앵커CAS교집합=없음 | 제품명토큰교집합=permethrin | 문서추출문자수=10438 | 수동판정(규칙엔진=상표명대응→일치); 제품명/상표명 지식 및 문서 기재 제품명 'Permethrin ROTICHROM® Pestilyse® HPLC' 대조",52645-53-1|58-00-2,52645-53-1|58-00-2,sds_v1,ntp_measured,sds_v1,False,False,False,중간
MIX246,Gharda Permethrin(95.3%),Permethrin,ingredient_source_audit/ordered_option_runs/highlighted_sources/G003_52645-53-1_ChemBlink_Sigma_highlighted.pdf,local,일치,조성일치,"우리CAS(1)['52645-53-1'] vs 문서Section3CAS(2)['52645-53-1', '58-00-2'] | NTP앵커CAS교집합=없음 | 제품명토큰교집합=permethrin | 문서추출문자수=12801",52645-53-1|58-00-2,52645-53-1,,ntp_measured,sds_v1,N/A,False,False,중간
MIX247,GF-1252,"3M™ Scotch-Weld™ Tamper Proof Sealant 1252, White",ingredient_source_audit/highlighted/a4bbc5d2771e2a68_highlighted.pdf,local,오연결,CAS불일치,"우리CAS(2)['121451-02-3', '1309-64-4'] vs 문서Section3CAS(12)['12001-26-2', '1309-64-4', '1314-13-2', '1317-65-3', '13463-67-7', '25085-50-1', '55185-45-0', '63449-39-8'] | NTP앵커CAS교집합=없음 | 제품명토큰교집합=1252 | 문서추출문자수=7725",12001-26-2|1309-64-4|1314-13-2|1317-65-3|13463-67-7|25085-50-1|55185-45-0|63449-39-8|67-63-0|69-72-7|78-93-3|9003-18-3,121451-02-3|1309-64-4,,ntp_measured,,N/A,False,N/A,중간
MIX248,Glyphosphate (96),Glyphosate ROTICHROM® Pestilyse® HPLC,ingredient_source_audit/highlighted/fe7d5e34f5ae3bea_highlighted.pdf,local,상표명대응,CAS일치,"우리CAS(2)['1071-83-6', '315-00-8'] vs 문서Section3CAS(2)['1071-83-6', '315-00-8'] | NTP앵커CAS교집합=없음 | 제품명토큰교집합= | 문서추출문자수=10035 | 2차재검: 문서Section3 CAS와 우리 활성성분 CAS 교집합 존재 및 상표명↔활성성분 지식 대조로 오연결→상표명대응 수정",1071-83-6|315-00-8,1071-83-6|315-00-8,sds_v1,ntp_measured,sds_v1,False,False,False,중간
MIX249,GF-1578 Naturalyte Insect Control,ENTRUST™ NATURALYTE™ Insect Control,ingredient_source_audit/highlighted/f11df1a2ad8d1f36_highlighted.pdf,local,상표명대응,조성일치,"우리CAS(1)['131929-60-7'] vs 문서Section3CAS(4)['112926-00-8', '131929-60-7', '131929-63-0', '1332-58-7'] | NTP앵커CAS교집합=없음 | 제품명토큰교집합=control|insect|naturalyte | 문서추출문자수=10620",112926-00-8|131929-60-7|131929-63-0|1332-58-7,131929-60-7,sds_v1,,sds_v1,False,N/A,False,중간
MIX250,Glyphosphate (97),Glyphosate ROTICHROM® Pestilyse® HPLC,ingredient_source_audit/highlighted/62cd49e750a40afb_highlighted.pdf,local,상표명대응,CAS일치,"우리CAS(2)['1071-83-6', '315-00-8'] vs 문서Section3CAS(2)['1071-83-6', '315-00-8'] | NTP앵커CAS교집합=없음 | 제품명토큰교집합= | 문서추출문자수=10328 | 2차재검: 문서Section3 CAS와 우리 활성성분 CAS 교집합 존재 및 상표명↔활성성분 지식 대조로 오연결→상표명대응 수정",1071-83-6|315-00-8,1071-83-6|315-00-8,sds_v1,ntp_measured,sds_v1,False,False,False,중간
MIX251,GF-1592 Naturalyte Insect Control,SUCCESS™ NATURALYTE™ Insect Control,ingredient_source_audit/highlighted/0d8175c67ad516b7_highlighted.pdf,local,상표명대응,조성일치,"우리CAS(1)['131929-60-7'] vs 문서Section3CAS(3)['131929-60-7', '131929-63-0', '57-55-6'] | NTP앵커CAS교집합=없음 | 제품명토큰교집합=control|insect|naturalyte | 문서추출문자수=10295",131929-60-7|131929-63-0|57-55-6,131929-60-7,phase1_sds,sds_v1,sds_v1,False,False,False,중간
MIX254,GF-1629 SC,SPARTA™ Super SC,ingredient_source_audit/highlighted/5342360a55d68f4e_highlighted.pdf,local,상표명대응,CAS일치,"우리CAS(4)['131929-63-0', '2634-33-5', '9069-80-1', '935545-74-7'] vs 문서Section3CAS(8)['131929-63-0', '187166-15-0', '187166-40-1', '209-00-0', '2634-33-5', '88-00-6', '9069-80-1', '935545-74-7'] | NTP앵커CAS교집합=없음 | 제품명토큰교집합= | 문서추출문자수=9903 | 2차재검: 문서Section3 CAS와 우리 활성성분 CAS 교집합 존재 및 상표명↔활성성분 지식 대조로 오연결→상표명대응 수정",131929-63-0|187166-15-0|187166-40-1|209-00-0|2634-33-5|88-00-6|9069-80-1|935545-74-7,131929-63-0|2634-33-5|9069-80-1|935545-74-7,sds_v1,ntp_measured,sds_v1,False,False,False,중간
MIX255,GF-1640 WG-NC,TEDX 스프레드시트(화학물질/제품 목록) — 제품명 표기 없음. 워크북 제품명 'GF-1640 WG-NC' 는 문서에 등장하지 않음,ingredient_source_audit/highlighted/de02aa8b6688cf23_highlighted.pdf,local,불명,판독불가,"우리CAS(6)['1332-58-7', '13463-67-7', '137-20-2', '14808-60-7', '7647-14-5', '935545-74-7'] vs 문서Section3CAS(86)['100-44-7', '10043-35-3', '10043-52-4', '10049-04-4', '10101-41-4', '10192-30-0', '10222-01-2', '104-55-2'] | NTP앵커CAS교집합=없음 | 제품명토큰교집합=1640 | 문서추출문자수=64921 | 수동판정(규칙엔진=일치→불명); 제품명/상표명 지식 및 문서 기재 제품명 'TEDX 스프레드시트(화학물질/제품 목록) — 제품명 표기 없음. 워크북 제품명 'GF-1640 WG-NC'' 대조",100-44-7|10043-35-3|10043-52-4|10049-04-4|10101-41-4|10192-30-0|10222-01-2|104-55-2|104-76-7|1066-30-4|107-02-8|107-41-5|107-89-1|107-98-2|108-24-7|111-76-2|111-77-3|112-42-5|112-80-1|1186-52-3|12002-43-6|12042-68-1|12042-78-3|12068-35-8|12125-02-9|12141-46-7|12174-11-7|123-91-1|124-09-4|1302-78-9|1305-62-0|1305-78-8|1318-16-7|1333-86-4|1344-28-1|139-07-1|16065-83-1|1762-95-4|21564-17-0|2526-77-4|26100-47-0|26172-55-4|38193-60-1|39430-51-8|4246-51-9|471-34-1|506-87-6|50815-10-6|52-51-7|5421-46-5|5949-29-1|61789-40-0|62-53-3|637-12-7|64-19-7|645-62-5|64742-46-7|64742-95-6|64742-96-7|6484-52-2|65997-15-1|66402-68-4|68002-97-1|68131-40-8|68424-85-1|68911-87-5|68953-58-2|71-36-3|7440-43-9|7440-44-0|7664-41-7|77-92-9|7727-43-7|7727-54-0|7778-18-9|7778-54-3|7782-50-5|7783-20-2|7803-63-6|79-06-1|79-10-7|9003-55-8|9004-32-4|9004-34-6|95-63-6|98-11-3,1332-58-7|13463-67-7|137-20-2|14808-60-7|7647-14-5|935545-74-7,,ntp_measured,,N/A,False,N/A,낮음
MIX256,GF-184,STARANE XL,ingredient_source_audit/highlighted/638888117951709e_highlighted.pdf,local,상표명대응,CAS일치,"우리CAS(6)['108-67-8', '145701-23-1', '57-55-6', '81406-37-3', '95-63-6', '98-82-8'] vs 문서Section3CAS(12)['108-67-8', '145701-23-1', '230-00-7', '25-00-5', '272-00-5', '356-00-4', '43-00-3', '57-55-6'] | NTP앵커CAS교집합=없음 | 제품명토큰교집합= | 문서추출문자수=10825 | 2차재검: 문서Section3 CAS와 우리 활성성분 CAS 교집합 존재 및 상표명↔활성성분 지식 대조로 오연결→상표명대응 수정",108-67-8|145701-23-1|230-00-7|25-00-5|272-00-5|356-00-4|43-00-3|57-55-6|64742-95-6|81406-37-3|95-63-6|98-82-8,108-67-8|145701-23-1|57-55-6|81406-37-3|95-63-6|98-82-8,sds_v1,ntp_measured,sds_v1,False,False,False,중간
MIX272,"Imidacloprid + Tau-fluvalinate + Tebuconazole Ready-to-Use Insecticide, Miticide and Fungicide",TEBUCONAZOLE 4L,ingredient_source_audit/highlighted/94526ffb471950db_highlighted.pdf,local,부분일치,CAS일치,"우리CAS(3)['102851-06-9', '107534-96-3', '138261-41-3'] vs 문서Section3CAS(1)['107534-96-3'] | NTP앵커CAS교집합=['107534-96-3'] | 문서본문에서 발견된 우리 성분명='tebuconazole' | 제품명토큰교집합=tebuconazole | 문서추출문자수=12327",107534-96-3,102851-06-9|107534-96-3|138261-41-3,sds_2nd_sec11,ntp_measured,,False,False,N/A,높음
MIX273,GF-3028,ELEVATE™ 360 SC,ingredient_source_audit/highlighted/015a68e0c5381595_highlighted.pdf,local,오연결,조성불일치,"우리CAS(5)['161050-58-4', '2634-33-5', '2682-20-4', '9069-80-1', '935545-74-7'] vs 문서Section3CAS(9)['161050-58-4', '187166-15-0', '187166-40-1', '2634-33-5', '2682-20-4', '326-00-9', '88-00-6', '9069-80-1'] | NTP앵커CAS교집합=없음 | 제품명토큰교집합= | 문서추출문자수=12866",161050-58-4|187166-15-0|187166-40-1|2634-33-5|2682-20-4|326-00-9|88-00-6|9069-80-1|935545-74-7,161050-58-4|2634-33-5|2682-20-4|9069-80-1|935545-74-7,sds_v1,ntp_measured,sds_v1,True,False,True,낮음
MIX274,Imidan 60 WDG,Imidan® WP insecticide,ingredient_source_audit/highlighted/07483aea85397703_highlighted.pdf,local,상표명대응,조성일치,우리CAS(1)['732-11-6'] vs 문서Section3CAS(1)['732-11-6'] | NTP앵커CAS교집합=없음 | 제품명토큰교집합=imidan | 문서추출문자수=15752,732-11-6,732-11-6,sds_v1,ntp_measured,sds_v1,False,False,False,중간
MIX275,INDOX2,Innox,ingredient_source_audit/highlighted/ed103bc2a4e2df22_highlighted.pdf,local,오연결,CAS불일치,"우리CAS(2)['173584-44-6', '52645-53-1'] vs 문서Section3CAS(6)['104376-75-2', '178928-70-6', '2687-94-7', '42-00-1', '98-00-0', '98-86-2'] | NTP앵커CAS교집합=없음 | 제품명토큰교집합= | 문서추출문자수=10205",104376-75-2|178928-70-6|2687-94-7|42-00-1|98-00-0|98-86-2,173584-44-6|52645-53-1,sds_v1,ntp_measured,sds_v1,True,False,True,중간
MIX278,Kathon CF 400,KS144-CH2-dK4 Calcium Hardness Buffer / dK1 Isothiazolinone Test Reagent / dK2 Isothiazolinone Test Reagent / dK3 Isothiazolinone Test Reagent / dK5 Isothiazolinone Test Reagent (Kathon Test Kit MSDS 묶음),ingredient_source_audit/highlighted/0f43f32f44c299c0_highlighted.pdf,local,오연결,CAS불일치,"우리CAS(2)['26172-55-4', '2682-20-4'] vs 문서Section3CAS(7)['12054-85-2', '1310-73-2', '1336-21-6', '13517-24-3', '7647-01-0', '7664-38-2', '7732-18-5'] | NTP앵커CAS교집합=없음 | 제품명토큰교집합=kathon | 문서추출문자수=8250",12054-85-2|1310-73-2|1336-21-6|13517-24-3|7647-01-0|7664-38-2|7732-18-5,26172-55-4|2682-20-4,,,,N/A,N/A,N/A,중간
MIX280,Kendo 22.8 CS,Kendo 22.8 CS,ingredient_source_audit/highlighted/9dc1c55fccdaa795_highlighted.pdf,local,일치,CAS일치,"우리CAS(2)['91465-08-6', '98-86-2'] vs 문서Section3CAS(2)['91465-08-6', '98-86-2'] | NTP앵커CAS교집합=['91465-08-6'] | 문서본문에서 발견된 우리 성분명='lambda-cyhalothrin' | 제품명토큰교집합=kendo | 문서추출문자수=10592",91465-08-6|98-86-2,91465-08-6|98-86-2,sds_v1,sds_v1,sds_v1,False,False,False,높음
MIX289,Larvadex,Larvadex® 2SL,ingredient_source_audit/highlighted/8227e407918718b8_highlighted.pdf,local,일치,CAS일치,"우리CAS(2)['64-19-7', '66215-27-8'] vs 문서Section3CAS(1)['66215-27-8'] | NTP앵커CAS교집합=['66215-27-8'] | 문서본문에서 발견된 우리 성분명='cyromazine' | 제품명토큰교집합=larvadex | 문서추출문자수=9551",66215-27-8,64-19-7|66215-27-8,sds_2nd,sds_2nd,sds_v1,False,False,False,높음
MIX29,Aldicarb 15% WG,Aldicarb,ingredient_source_audit/ordered_option_runs/highlighted_sources/G016_116-06-3_ChemBlink_Sigma_highlighted.pdf,local,부분일치,CAS일치,우리CAS(1)['116-06-3'] vs 문서Section3CAS(1)['116-06-3'] | NTP앵커CAS교집합=['116-06-3'] | 문서본문에서 발견된 우리 성분명='aldicarb' | 제품명토큰교집합=aldicarb | 문서추출문자수=13167 | 수동판정(규칙엔진=일치→부분일치); 제품명/상표명 지식 및 문서 기재 제품명 'Aldicarb' 대조,116-06-3,116-06-3,,,,N/A,N/A,N/A,높음
MIX293,Iprodione 4F Fungicide,Iprodione,ingredient_source_audit/highlighted/1dbe0954518ed807_highlighted.pdf,local,부분일치,외부지식,우리CAS(1)['36734-19-7'] vs 문서Section3CAS(1)['36734-19-7'] | NTP앵커CAS교집합=없음 | 제품명토큰교집합=iprodione | 문서추출문자수=8006 | 수동판정(규칙엔진=일치→부분일치); 제품명/상표명 지식 및 문서 기재 제품명 'Iprodione' 대조,36734-19-7,36734-19-7,sds_2nd_sec11,ntp_measured,,False,False,N/A,중간
MIX296,Jingma Glyphosate,Glyphosate,ingredient_source_audit/highlighted/c2ef0bcba535deab_highlighted.pdf,local,일치,조성일치,"우리CAS(1)['1071-83-6'] vs 문서Section3CAS(2)['1071-83-6', '315-00-8'] | NTP앵커CAS교집합=없음 | 제품명토큰교집합=glyphosate | 문서추출문자수=9096",1071-83-6|315-00-8,1071-83-6,sds_v1,ntp_measured,,False,False,N/A,중간
MIX299,Justice Insecticide,JUSTICE™,ingredient_source_audit/highlighted/77b38e0ac5f14619_highlighted.pdf,local,일치,CAS불일치,"우리CAS(2)['135410-20-7', '82657-04-3'] vs 문서Section3CAS(5)['104-76-7', '1335202-81-7', '189278-12-4', '211-00-1', '26264-06-2'] | NTP앵커CAS교집합=없음 | 제품명토큰교집합=justice | 문서추출문자수=11974",104-76-7|1335202-81-7|189278-12-4|211-00-1|26264-06-2,135410-20-7|82657-04-3,sds_v1,ntp_measured,,False,False,N/A,중간
MIX305,Mediclean Carpet Sanitizer,MEDICLEAN DISINFECTANT SPRAY PLUS,ingredient_source_audit/highlighted/ee698285303edd7f_highlighted.pdf,local,부분일치,CAS일치,"우리CAS(4)['120-32-1', '67-63-0', '80-46-6', '90-43-7'] vs 문서Section3CAS(3)['121-54-0', '67-63-0', '90-43-7'] | NTP앵커CAS교집합=['90-43-7'] | 제품명토큰교집합=mediclean | 문서추출문자수=12780",121-54-0|67-63-0|90-43-7,120-32-1|67-63-0|80-46-6|90-43-7,,,,N/A,N/A,N/A,높음
MIX307,Mefenoxam,Metalaxyl-M,ingredient_source_audit/ordered_option_runs/highlighted_sources/G035_70630-17-0_ChemBlink_Sigma_highlighted.pdf,local,상표명대응,제품명동일,"우리CAS(3)['1897-45-6', '2634-33-5', '70630-17-0'] vs 문서Section3CAS(2)['163-00-0', '70630-17-0'] | NTP앵커CAS교집합=없음 | 제품명토큰교집합= | 문서추출문자수=11254 | 수동판정(규칙엔진=일치→상표명대응); 제품명/상표명 지식 및 문서 기재 제품명 'Metalaxyl-M' 대조",163-00-0|70630-17-0,1897-45-6|2634-33-5|70630-17-0,sds_v1,ntp_measured,,False,False,N/A,높음
MIX311,Lumax EZ Herbicide,LUMAX® EZ HERBICIDE,ingredient_source_audit/highlighted/f6f39d12512c3de3_highlighted.pdf,local,일치,CAS일치,"우리CAS(3)['104206-82-8', '1912-24-9', '87392-12-9'] vs 문서Section3CAS(4)['104206-82-8', '12174-11-7', '1912-24-9', '87392-12-9'] | NTP앵커CAS교집합=['104206-82-8', '87392-12-9'] | 문서본문에서 발견된 우리 성분명='mesotrione; s-metolachlor' | 제품명토큰교집합=lumax | 문서추출문자수=11587",104206-82-8|12174-11-7|1912-24-9|87392-12-9,104206-82-8|1912-24-9|87392-12-9,,sds_v1,sds_v1,N/A,False,False,높음
MIX312,Mesotrione 28% Manufacturing Use Product,Meso 4SC Select,ingredient_source_audit/highlighted/538caf56df65ee88_highlighted.pdf,local,부분일치,CAS일치,우리CAS(1)['104206-82-8'] vs 문서Section3CAS(1)['104206-82-8'] | NTP앵커CAS교집합=없음 | 제품명토큰교집합= | 문서추출문자수=9532 | 2차재검: 문서Section3 CAS와 우리 활성성분 CAS 교집합 존재 및 상표명↔활성성분 지식 대조로 오연결→부분일치 수정,104206-82-8,104206-82-8,,ntp_measured,,N/A,False,N/A,중간
MIX318,Magnate,Enilconazole,ingredient_source_audit/ordered_option_runs/highlighted_sources/G036_35554-44-0_ChemBlink_Sigma_highlighted.pdf,local,부분일치,CAS일치,"우리CAS(1)['35554-44-0'] vs 문서Section3CAS(2)['35554-44-0', '42-00-5'] | NTP앵커CAS교집합=['35554-44-0'] | 문서본문에서 발견된 우리 성분명='imazalil' | 제품명토큰교집합= | 문서추출문자수=11791",35554-44-0|42-00-5,35554-44-0,sds_v1,ntp_measured,,False,False,N/A,높음
MIX324,Maxim Quattro,MAXIM® QUATTRO Fungicide,ingredient_source_audit/highlighted/c83c603be5fc935c_highlighted.pdf,local,일치,CAS일치,"우리CAS(5)['131341-86-1', '131860-33-8', '148-79-8', '57-55-6', '70630-17-0'] vs 문서Section3CAS(6)['131341-86-1', '131860-33-8', '148-79-8', '57-55-6', '69516-34-3', '70630-17-0'] | NTP앵커CAS교집합=['131341-86-1', '131860-33-8', '148-79-8', '70630-17-0'] | 문서본문에서 발견된 우리 성분명='fludioxonil; azoxystrobin; thiabendazole; mefenoxam' | 제품명토큰교집합=maxim|quattro | 문서추출문자수=11283",131341-86-1|131860-33-8|148-79-8|57-55-6|69516-34-3|70630-17-0,131341-86-1|131860-33-8|148-79-8|57-55-6|70630-17-0,,ntp_measured,sds_v1,N/A,False,False,높음
MIX329,Mon 58416,Thiamine mononitrate,ingredient_source_audit/ordered_option_runs/highlighted_sources/G022_sigma_mirror_sds_pdf_3a705fd60f882a03_highlighted.pdf,local,오연결,CAS불일치,"우리CAS(3)['121776-33-8', '1912-24-9', '34256-82-1'] vs 문서Section3CAS(1)['532-43-4'] | NTP앵커CAS교집합=없음 | 제품명토큰교집합= | 문서추출문자수=10326",532-43-4,121776-33-8|1912-24-9|34256-82-1,sds_v1,sds_v1,sds_v1,True,True,True,중간
MIX339,MZ 75DF Agricultural Fungicide,Metribuzin MX 75DF,ingredient_source_audit/highlighted/006acc377a090f61_highlighted.pdf,local,오연결,CAS불일치,"우리CAS(2)['156052-68-5', '8018-01-7'] vs 문서Section3CAS(2)['1332-58-7', '21087-64-9'] | NTP앵커CAS교집합=없음 | 제품명토큰교집합=75df | 문서추출문자수=14986",1332-58-7|21087-64-9,156052-68-5|8018-01-7,sds_v1,sds_v1,sds_v1,True,True,True,중간
MIX342,Nemathorin 500EC,NEMATHORIN 10 G,ingredient_source_audit/highlighted/64126d32834644ab_highlighted.pdf,local,부분일치,CAS일치,"우리CAS(1)['98886-44-3'] vs 문서Section3CAS(2)['168-00-0', '98886-44-3'] | NTP앵커CAS교집합=['98886-44-3'] | 문서본문에서 발견된 우리 성분명='fosthiazate' | 제품명토큰교집합=nemathorin | 문서추출문자수=10689",168-00-0|98886-44-3,98886-44-3,sds_v1,ntp_measured,sds_v1,False,False,False,높음
MIX343,Neo Chlor Spa Angel Tab,AquaPrime® NeoKlor,ingredient_source_audit/highlighted/b912c871afa58ba5_highlighted.pdf,local,오연결,CAS불일치,"우리CAS(1)['2893-78-9'] vs 문서Section3CAS(2)['7732-18-5', '7758-19-2'] | NTP앵커CAS교집합=없음 | 제품명토큰교집합= | 문서추출문자수=8876",7732-18-5|7758-19-2,2893-78-9,sds_v1,ntp_measured,,True,False,N/A,중간
MIX345,NEU1171H,SIGMADUR ONE (TINTED),ingredient_source_audit/highlighted/0504e3ad50d63ff1_highlighted.pdf,local,오연결,CAS불일치,"우리CAS(1)['123-33-1'] vs 문서Section3CAS(4)['107-98-2', '27253-31-2', '64-00-3', '64742-48-9'] | NTP앵커CAS교집합=없음 | 제품명토큰교집합= | 문서추출문자수=12032",107-98-2|27253-31-2|64-00-3|64742-48-9,123-33-1,sds_v1,ntp_measured,sds_v1,True,False,True,중간
MIX346,Mitin FF Liquid,"Aliphatic Hydrocarbons (Ethane, Propane, n-Hexane, Nonane, n-Decane, Undecane 등) — Patty's Toxicology 형식의 문헌 장(章), 저자 Tania Carreón and Robert L. Herrick",ingredient_source_audit/highlighted/1e1f8d11da105d76_highlighted.pdf,local,오연결,조성불일치,우리CAS(1)['3567-25-7'] vs 문서Section3CAS(0)[] | NTP앵커CAS교집합=없음 | 제품명토큰교집합= | 문서추출문자수=25750,,3567-25-7,,ntp_measured,,N/A,False,N/A,낮음
MIX349,Molluscicide Mesurol 2% Bait,Mesurol® 75-W,ingredient_source_audit/highlighted/9ca98f2e33afba0c_highlighted.pdf,local,부분일치,CAS일치,"우리CAS(1)['2032-65-7'] vs 문서Section3CAS(3)['14807-96-6', '14808-60-7', '2032-65-7'] | NTP앵커CAS교집합=['2032-65-7'] | 문서본문에서 발견된 우리 성분명='methiocarb' | 제품명토큰교집합=mesurol | 문서추출문자수=15227",14807-96-6|14808-60-7|2032-65-7,2032-65-7,,,,N/A,N/A,N/A,높음
MIX351,Mon 37500,ASF-Gasoline,ingredient_source_audit/highlighted/7e38bd5df89712c0_highlighted.pdf,local,오연결,CAS불일치,"우리CAS(1)['141776-32-1'] vs 문서Section3CAS(7)['110-54-3', '274-00-9', '277-00-5', '37-00-0', '637-92-3', '64741-64-6', '64741-70-4'] | NTP앵커CAS교집합=없음 | 제품명토큰교집합= | 문서추출문자수=14064",110-54-3|274-00-9|277-00-5|37-00-0|637-92-3|64741-64-6|64741-70-4,141776-32-1,sds_v1,ntp_measured,sds_v1,True,False,True,중간
MIX363,Prodiamine/Diquat/Glyphosphate EW Concentrate,19-0-5 0.37% Prodiamine,ingredient_source_audit/highlighted/9b669f5ef91e66b8_highlighted.pdf,local,부분일치,CAS일치,"우리CAS(3)['1071-83-6', '29091-21-2', '85-00-7'] vs 문서Section3CAS(10)['108-19-0', '1302-78-9', '1317-65-3', '1332-58-7', '13547-17-6', '14808-60-7', '29091-21-2', '57-13-6'] | NTP앵커CAS교집합=['29091-21-2'] | 문서본문에서 발견된 우리 성분명='prodiamine' | 제품명토큰교집합=prodiamine | 문서추출문자수=12427",108-19-0|1302-78-9|1317-65-3|1332-58-7|13547-17-6|14808-60-7|29091-21-2|57-13-6|7447-40-7|7704-39-9,1071-83-6|29091-21-2|85-00-7,sds_v1,sds_v1,,False,False,N/A,높음
MIX364,Prohexadione calcium(89.9%),Prohexadione-Calcium,ingredient_source_audit/ordered_option_runs/highlighted_sources/G015_127277-53-6_ChemBlink_Sigma_highlighted.pdf,local,일치,CAS일치,우리CAS(1)['127277-53-6'] vs 문서Section3CAS(1)['127277-53-6'] | NTP앵커CAS교집합=['127277-53-6'] | 문서본문에서 발견된 우리 성분명='prohexadione-calcium' | 제품명토큰교집합=calcium|prohexadione | 문서추출문자수=10644,127277-53-6,127277-53-6,sds_v1,sds_v1,sds_v1,False,False,False,높음
MIX370,Punjab Tebuconazole,Tebuconazole ≥97 %,ingredient_source_audit/highlighted/79a90a19c994074c_highlighted.pdf,local,일치,외부지식,"우리CAS(2)['107534-96-3', '197-00-7'] vs 문서Section3CAS(2)['107534-96-3', '197-00-7'] | NTP앵커CAS교집합=없음 | 제품명토큰교집합=tebuconazole | 문서추출문자수=10850 | 수동판정(규칙엔진=상표명대응→일치); 제품명/상표명 지식 및 문서 기재 제품명 'Tebuconazole ≥97 %' 대조",107534-96-3|197-00-7,107534-96-3|197-00-7,sds_v1,ntp_measured,sds_v1,False,False,False,중간
MIX373,Pyridalyl,Pyridalyl,ingredient_source_audit/highlighted/7465fbdf0c0411cb_highlighted.pdf,local,일치,제품명동일,우리CAS(1)['179101-81-6'] vs 문서Section3CAS(1)['179101-81-6'] | NTP앵커CAS교집합=없음 | 제품명토큰교집합=pyridalyl | 문서추출문자수=8079,179101-81-6,179101-81-6,,ntp_measured,sds_v1,N/A,False,False,높음
MIX375,Quadris Top,QUADRIS,ingredient_source_audit/highlighted/4be9f03154a97869_highlighted.pdf,local,부분일치,CAS불일치,"우리CAS(2)['119446-68-3', '131860-33-8'] vs 문서Section3CAS(8)['131860-33-8', '256-00-8', '2634-33-5', '57-55-6', '67-56-1', '68425-94-5', '68439-49-6', '88-00-6'] | NTP앵커CAS교집합=없음 | 제품명토큰교집합=quadris | 문서추출문자수=10842 | 수동판정(규칙엔진=일치→부분일치); 제품명/상표명 지식 및 문서 기재 제품명 'QUADRIS' 대조",131860-33-8|256-00-8|2634-33-5|57-55-6|67-56-1|68425-94-5|68439-49-6|88-00-6,119446-68-3|131860-33-8,sds_v1,ntp_measured,sds_v1,False,False,False,중간
MIX377,Quinoxyfen Manufacturing Use Concentrate,Quintec® Fungicide (EPA Registration No.: 33906-26-10163),ingredient_source_audit/highlighted/504b70f24956ee09_highlighted.pdf,local,부분일치,CAS일치,"우리CAS(2)['124495-18-7', '57-55-6'] vs 문서Section3CAS(2)['124495-18-7', '57-55-6'] | NTP앵커CAS교집합=['124495-18-7'] | 문서본문에서 발견된 우리 성분명='quinoxyfen' | 제품명토큰교집합= | 문서추출문자수=15835",124495-18-7|57-55-6,124495-18-7|57-55-6,sds_v1,sds_v1,sds_v1,False,False,False,높음
MIX378,Raid Ant & Roach Killer with Germ Kill CIK,Hot Shot Ant & Roach Plus Germ Killer2,ingredient_source_audit/highlighted/67317f1d65d94142_highlighted.pdf,local,부분일치,CAS불일치,"우리CAS(11)['23031-36-9', '51-03-6', '5131-66-8', '52315-07-8', '52645-53-1', '64742-47-8', '68391-01-5', '74-98-6'] vs 문서Section3CAS(8)['23031-36-9', '5131-66-8', '52315-07-8', '64742-47-8', '68391-01-5', '74-98-6', '75-28-5', '85409-23-0'] | NTP앵커CAS교집합=없음 | 문서본문에서 발견된 우리 성분명='permethrin' | 제품명토큰교집합=ant|germ|roach | 문서추출문자수=13169 | 수동판정(규칙엔진=상표명대응→부분일치); 제품명/상표명 지식 및 문서 기재 제품명 'Hot Shot Ant & Roach Plus Germ Killer2' 대조",23031-36-9|5131-66-8|52315-07-8|64742-47-8|68391-01-5|74-98-6|75-28-5|85409-23-0,23031-36-9|51-03-6|5131-66-8|52315-07-8|52645-53-1|64742-47-8|68391-01-5|74-98-6|75-28-5|85409-23-0|90-43-7,sds_v1,ntp_measured,,False,False,N/A,중간
MIX383,NNI-0001,Aluminium Powder,ingredient_source_audit/highlighted/ba0e013d21fa2454_highlighted.pdf,local,오연결,CAS불일치,"우리CAS(1)['272451-65-7'] vs 문서Section3CAS(3)['1-00-6', '2-00-1', '7429-90-5'] | NTP앵커CAS교집합=없음 | 제품명토큰교집합= | 문서추출문자수=15437",1-00-6|2-00-1|7429-90-5,272451-65-7,sds_v1,ntp_measured,sds_v1,True,False,True,중간
MIX394,ORD-X450,"SDS CLINIC CLEANING KIT (Boule Medonic M series) — 포함 SDS: Boule Enzymatic Cleaner, 100mL/450mL / Boule Hypochlorite 2% Cleaner, 500mL/450mL / Boule Detergent Cleaner, 450mL",ingredient_source_audit/highlighted/cb83652e2deaba01_highlighted.pdf,local,오연결,CAS불일치,"우리CAS(1)['107534-96-3'] vs 문서Section3CAS(5)['12-00-8', '167-00-5', '55965-84-9', '7681-52-9', '9014-01-1'] | NTP앵커CAS교집합=없음 | 제품명토큰교집합= | 문서추출문자수=13476",12-00-8|167-00-5|55965-84-9|7681-52-9|9014-01-1,107534-96-3,sds_v1,ntp_measured,sds_v1,True,False,True,중간
MIX395,OR-X123,INTERTHERM 875 DENIM BLUE (Product Code HAO123),ingredient_source_audit/highlighted/bd471fd1a9f4a733_highlighted.pdf,local,오연결,CAS불일치,"우리CAS(3)['107534-96-3', '138261-41-3', '60207-90-1'] vs 문서Section3CAS(4)['100-41-4', '108-88-3', '1330-20-7', '71-36-3'] | NTP앵커CAS교집합=없음 | 제품명토큰교집합= | 문서추출문자수=11321",100-41-4|108-88-3|1330-20-7|71-36-3,107534-96-3|138261-41-3|60207-90-1,sds_v1,ntp_measured,sds_v1,True,False,True,중간
MIX397,Penbotec,Shield-Brite® Penbotec™ 400 SC,ingredient_source_audit/highlighted/722e874e7b3fa468_highlighted.pdf,local,일치,제품명동일,우리CAS(1)['53112-28-0'] vs 문서Section3CAS(1)['53112-28-0'] | NTP앵커CAS교집합=없음 | 제품명토큰교집합=penbotec | 문서추출문자수=19853,53112-28-0,53112-28-0,sds_v1,ntp_measured,sds_v1,False,False,False,높음
MIX399,Penclotrime 310.68 FS,n-Butyl Alcohol,ingredient_source_audit/highlighted/7b81c0306edd00ff_highlighted.pdf,local,오연결,CAS불일치,"우리CAS(5)['141517-21-7', '210880-92-5', '494793-67-8', '57837-19-1', '71-36-3'] vs 문서Section3CAS(1)['71-36-3'] | NTP앵커CAS교집합=없음 | 제품명토큰교집합= | 문서추출문자수=21465",71-36-3,141517-21-7|210880-92-5|494793-67-8|57837-19-1|71-36-3,sds_v1,ntp_measured,,True,False,N/A,중간
MIX401,Penflufen TC,penflufen,ingredient_source_audit/highlighted/ba19fcd3d43689b9_highlighted.pdf,local,일치,조성일치,우리CAS(1)['494793-67-8'] vs 문서Section3CAS(1)['494793-67-8'] | NTP앵커CAS교집합=없음 | 제품명토큰교집합=penflufen | 문서추출문자수=7896,494793-67-8,494793-67-8,sds_2nd_sec11,ntp_measured,,False,False,N/A,중간
MIX402,Penoxsulam,Penoxsulam,ingredient_source_audit/ordered_option_runs/highlighted_sources/G048_219714-96-2_ChemBlink_Sigma_highlighted.pdf,local,일치,제품명동일,우리CAS(1)['219714-96-2'] vs 문서Section3CAS(1)['219714-96-2'] | NTP앵커CAS교집합=없음 | 제품명토큰교집합=penoxsulam | 문서추출문자수=10744,219714-96-2,219714-96-2,,ntp_measured,sds_v1,N/A,False,False,높음
MIX403,Rotam 2F Ornamental Insecticide,Lucid Ornamental Miticide/Insecticide,ingredient_source_audit/highlighted/dbc150bb88eac526_highlighted.pdf,local,상표명대응,CAS일치,"우리CAS(3)['138261-41-3', '65195-56-4', '71751-41-2'] vs 문서Section3CAS(3)['65195-55-3', '65195-56-4', '71751-41-2'] | NTP앵커CAS교집합=없음 | 제품명토큰교집합=ornamental | 문서추출문자수=13208 | 2차재검: 문서Section3 CAS와 우리 활성성분 CAS 교집합 존재 및 상표명↔활성성분 지식 대조로 오연결→상표명대응 수정",65195-55-3|65195-56-4|71751-41-2,138261-41-3|65195-56-4|71751-41-2,sds_v1,ntp_measured,sds_v1,False,False,False,중간
MIX405,Rotam Imidacloprid,Imidacloprid ROTICHROM® Pestilyse® HPLC,ingredient_source_audit/highlighted/ec4a4c92622381e4_highlighted.pdf,local,일치,외부지식,"우리CAS(2)['138261-41-3', '252-00-4'] vs 문서Section3CAS(2)['138261-41-3', '252-00-4'] | NTP앵커CAS교집합=없음 | 제품명토큰교집합=imidacloprid | 문서추출문자수=10875 | 수동판정(규칙엔진=상표명대응→일치); 제품명/상표명 지식 및 문서 기재 제품명 'Imidacloprid ROTICHROM® Pestilyse® HPLC' 대조",138261-41-3|252-00-4,138261-41-3|252-00-4,sds_v1,ntp_measured,sds_v1,False,False,False,중간
MIX406,ROTAM Methomyl 29LV Insecticide,NUDRINTM SP Insecticide / Methomyl 90% SP (900g/kg) (Soluble Powder in Water Soluble Packets),ingredient_source_audit/highlighted/2a4cdba7430141c3_highlighted.pdf,local,부분일치,CAS일치,우리CAS(1)['16752-77-5'] vs 문서Section3CAS(1)['16752-77-5'] | NTP앵커CAS교집합=['16752-77-5'] | 문서본문에서 발견된 우리 성분명='methomyl' | 제품명토큰교집합=methomyl | 문서추출문자수=12366,16752-77-5,16752-77-5,sds_2nd_sec11,ntp_measured,,False,False,N/A,높음
MIX407,Penprome 177FS,Permethrin,ingredient_source_audit/ordered_option_runs/highlighted_sources/G003_52645-53-1_ChemBlink_Sigma_highlighted.pdf,local,오연결,CAS불일치,"우리CAS(3)['178928-70-6', '494793-67-8', '57837-19-1'] vs 문서Section3CAS(2)['52645-53-1', '58-00-2'] | NTP앵커CAS교집합=없음 | 제품명토큰교집합= | 문서추출문자수=12801",52645-53-1|58-00-2,178928-70-6|494793-67-8|57837-19-1,,ntp_measured,sds_v1,N/A,False,True,중간
MIX411,Penthiopyrad,Penthiopyrad,ingredient_source_audit/highlighted/d0ee0f77c365611a_highlighted.pdf,local,일치,제품명동일,우리CAS(1)['183675-82-3'] vs 문서Section3CAS(1)['183675-82-3'] | NTP앵커CAS교집합=없음 | 제품명토큰교집합=penthiopyrad | 문서추출문자수=7692,183675-82-3,183675-82-3,,ntp_measured,,N/A,False,N/A,높음
MIX418,Permethrin,Permethrin,ingredient_source_audit/ordered_option_runs/highlighted_sources/G003_52645-53-1_ChemBlink_Sigma_highlighted.pdf,local,일치,제품명동일,"우리CAS(1)['52645-53-1'] vs 문서Section3CAS(2)['52645-53-1', '58-00-2'] | NTP앵커CAS교집합=없음 | 제품명토큰교집합=permethrin | 문서추출문자수=12801",52645-53-1|58-00-2,52645-53-1,,ntp_measured,sds_v1,N/A,False,False,높음
MIX419,Safer Brand 3-in-1 Concentrate,Safer Brand Home Outdoor Pest Control,ingredient_source_audit/highlighted/4519860c6eac68cf_highlighted.pdf,local,오연결,CAS불일치,"우리CAS(1)['7704-34-9'] vs 문서Section3CAS(2)['8000-34-4', '8001-29-4'] | NTP앵커CAS교집합=없음 | 제품명토큰교집합=brand|safer | 문서추출문자수=9501",8000-34-4|8001-29-4,7704-34-9,sds_2nd_sec11,ntp_measured,,False,False,N/A,중간
MIX42,Aminopyralid,MILESTONE™ Herbicide,ingredient_source_audit/highlighted/2ba9cc637fd8a601_highlighted.pdf,local,부분일치,CAS일치,"우리CAS(2)['122-20-3', '566191-89-7'] vs 문서Section3CAS(2)['122-20-3', '566191-89-7'] | NTP앵커CAS교집합=['566191-89-7'] | 문서본문에서 발견된 우리 성분명='aminopyralid triisopropanolamine salt' | 제품명토큰교집합= | 문서추출문자수=10268",122-20-3|566191-89-7,122-20-3|566191-89-7,sds_v1,sds_v1,sds_v1,False,False,False,높음
MIX430,Sativa IMX Max,"Cannabis sativa, extract (essential oil; terpenes)",ingredient_source_audit/highlighted/d89647583b39fb28_highlighted.pdf,local,오연결,CAS불일치,"우리CAS(4)['107534-96-3', '137-26-8', '138261-41-3', '57837-19-1'] vs 문서Section3CAS(28)['118-65-0', '123-35-3', '127-91-3', '13474-59-4', '138-86-3', '2159055-70-4', '235-00-2', '2639-63-6'] | NTP앵커CAS교집합=없음 | 제품명토큰교집합=sativa | 문서추출문자수=19337",118-65-0|123-35-3|127-91-3|13474-59-4|138-86-3|2159055-70-4|235-00-2|2639-63-6|29-00-7|3338-55-4|3691-11-0|3691-12-1|3779-61-1|470-82-6|495-61-4|502-61-4|507-70-0|555-10-2|586-62-9|6753-98-6|78-70-6|79-92-5|80-56-8|87-44-5|98-55-5|99-83-2|99-85-4|99-86-5,107534-96-3|137-26-8|138261-41-3|57837-19-1,sds_v1,ntp_measured,sds_v1,True,False,True,중간
MIX431,Precise Acephate,Acephate ROTICHROM® Pestilyse® HPLC,ingredient_source_audit/highlighted/ab7607502f17e0a8_highlighted.pdf,local,부분일치,CAS일치,"우리CAS(1)['30560-19-1'] vs 문서Section3CAS(2)['30560-19-1', '79-00-7'] | NTP앵커CAS교집합=['30560-19-1'] | 문서본문에서 발견된 우리 성분명='acephate' | 제품명토큰교집합=acephate | 문서추출문자수=10006",30560-19-1|79-00-7,30560-19-1,sds_v1,ntp_measured,sds_v1,False,False,False,높음
MIX434,Scimitar GR Insecticide,SCIMITAR CS,ingredient_source_audit/highlighted/ec7e9870eec92980_highlighted.pdf,local,부분일치,CAS일치,우리CAS(1)['91465-08-6'] vs 문서Section3CAS(1)['91465-08-6'] | NTP앵커CAS교집합=['91465-08-6'] | 문서본문에서 발견된 우리 성분명='lambda-cyhalothrin' | 제품명토큰교집합=scimitar | 문서추출문자수=14204,91465-08-6,91465-08-6,sds_v1,ntp_measured,,False,False,N/A,높음
MIX436,Shield Herbicide,SHIELD PRO™,ingredient_source_audit/highlighted/cc218cc5e4d5c2f0_highlighted.pdf,local,오연결,CAS불일치,"우리CAS(3)['118-74-1', '57754-85-5', '77182-82-2'] vs 문서Section3CAS(3)['118-74-1', '57754-85-5', '65-00-6'] | NTP앵커CAS교집합=없음 | 제품명토큰교집합=shield | 문서추출문자수=11800",118-74-1|57754-85-5|65-00-6,118-74-1|57754-85-5|77182-82-2,,ntp_measured,sds_v1,N/A,False,True,중간
MIX439,Secure Dry Insecticide,Cutter Dry Insect Repellent,ingredient_source_audit/highlighted/f3ef9199ef51964a_highlighted.pdf,local,오연결,외부지식,"우리CAS(4)['106-97-8', '134-62-3', '64-17-5', '75-28-5'] vs 문서Section3CAS(4)['106-97-8', '134-62-3', '64-17-5', '75-28-5'] | NTP앵커CAS교집합=없음 | 제품명토큰교집합=dry | 문서추출문자수=12864 | 수동판정(규칙엔진=상표명대응→오연결); 제품명/상표명 지식 및 문서 기재 제품명 'Cutter Dry Insect Repellent' 대조",106-97-8|134-62-3|64-17-5|75-28-5,106-97-8|134-62-3|64-17-5|75-28-5,sds_v1,ntp_measured,sds_v1,True,False,True,중간
MIX44,Amitraz(98%),Amitraz 98%min Technical,ingredient_source_audit/highlighted/18623e21ef4f7578_highlighted.pdf,local,일치,조성일치,"우리CAS(1)['33089-61-1'] vs 문서Section3CAS(2)['33089-61-1', '86-00-2'] | NTP앵커CAS교집합=없음 | 제품명토큰교집합=amitraz | 문서추출문자수=20335",33089-61-1|86-00-2,33089-61-1,sds_v1,ntp_measured,sds_v1,False,False,False,중간
MIX440,Sedaxane,"Warden Cereals WRII Fungicide, Insecticide",ingredient_source_audit/highlighted/893c51d658e295ff_highlighted.pdf,local,부분일치,CAS일치,"우리CAS(1)['874967-67-6'] vs 문서Section3CAS(10)['119446-68-3', '13141-86-1', '13463-67-7', '14807-96-6', '153710-23-4', '56-81-5', '57-55-6', '69516-34-3'] | NTP앵커CAS교집합=['874967-67-6'] | 문서본문에서 발견된 우리 성분명='sedaxane' | 제품명토큰교집합= | 문서추출문자수=17668",119446-68-3|13141-86-1|13463-67-7|14807-96-6|153710-23-4|56-81-5|57-55-6|69516-34-3|70630-17-9|874967-67-6,874967-67-6,sds_v1,ntp_measured,sds_v1,False,False,False,높음
MIX445,Sharda Glyphosate,Glyphosate 36% SL,ingredient_source_audit/highlighted/bd4ce9d7e9074024_highlighted.pdf,local,부분일치,CAS일치,"우리CAS(3)['38641-94-0', '431040-31-2', '67952-32-3'] vs 문서Section3CAS(3)['38641-94-0', '431040-31-2', '67952-32-3'] | NTP앵커CAS교집합=['38641-94-0'] | 문서본문에서 발견된 우리 성분명='glyphosate' | 제품명토큰교집합=glyphosate | 문서추출문자수=15583",38641-94-0|431040-31-2|67952-32-3,38641-94-0|431040-31-2|67952-32-3,sds_v1,ntp_measured,sds_v1,False,False,False,높음
MIX447,S-Metolachlor & Mesotrione,S-Metolachlor,ingredient_source_audit/highlighted/f7d0674de986bc8f_highlighted.pdf,local,부분일치,CAS불일치,"우리CAS(3)['104206-82-8', '432-00-4', '87392-12-9'] vs 문서Section3CAS(2)['432-00-4', '87392-12-9'] | NTP앵커CAS교집합=없음 | 제품명토큰교집합=metolachlor | 문서추출문자수=12082 | 수동판정(규칙엔진=일치→부분일치); 제품명/상표명 지식 및 문서 기재 제품명 'S-Metolachlor' 대조",432-00-4|87392-12-9,104206-82-8|432-00-4|87392-12-9,sds_v1,ntp_measured,sds_v1,False,False,False,중간
MIX449,Shelter Island Plus,Shelter Island Plus,ingredient_source_audit/highlighted/e60140ff81358a3b_highlighted.pdf,local,일치,제품명동일,"우리CAS(6)['122454-29-9', '1330-20-7', '13463-41-7', '14807-96-6', '64742-94-5', '7727-43-1'] vs 문서Section3CAS(7)['122454-29-9', '1314-13-2', '1330-20-7', '13463-41-7', '14807-96-6', '64742-94-5', '7727-43-1'] | NTP앵커CAS교집합=없음 | 제품명토큰교집합=island|shelter | 문서추출문자수=12247",122454-29-9|1314-13-2|1330-20-7|13463-41-7|14807-96-6|64742-94-5|7727-43-1,122454-29-9|1330-20-7|13463-41-7|14807-96-6|64742-94-5|7727-43-1,,ntp_measured,sds_v1,N/A,False,False,높음
MIX451,SP5411,ENNIATIN B,ingredient_source_audit/ordered_option_runs/highlighted_sources/G006_917-13-5_ChemBlink_Sigma_highlighted.pdf,local,오연결,CAS불일치,"우리CAS(4)['56425-91-3', '76738-62-0', '917-13-5', '95266-40-3'] vs 문서Section3CAS(1)['917-13-5'] | NTP앵커CAS교집합=없음 | 제품명토큰교집합= | 문서추출문자수=12308",917-13-5,56425-91-3|76738-62-0|917-13-5|95266-40-3,,ntp_measured,,N/A,False,N/A,중간
MIX456,Spiroxamine (Bay KWG 4168 300CS) (30.0-31.3),ACCRUE Fungicide,ingredient_source_audit/highlighted/7b85616486a4dd20_highlighted.pdf,local,부분일치,CAS일치,우리CAS(1)['118134-30-8'] vs 문서Section3CAS(1)['118134-30-8'] | NTP앵커CAS교집합=['118134-30-8'] | 문서본문에서 발견된 우리 성분명='spiroxamine technical' | 제품명토큰교집합= | 문서추출문자수=11779,118134-30-8,118134-30-8,,,sds_v1,N/A,N/A,False,높음
MIX459,TC 240,SYSTEM TC 240 ANTISLITTANTE CINGHIE - ANTI SLIPPING STRAPS SPRAY ML 400,ingredient_source_audit/highlighted/a30d6f309123182a_highlighted.pdf,local,오연결,CAS불일치,"우리CAS(2)['23031-36-9', '91465-08-6'] vs 문서Section3CAS(4)['110-82-7', '17-00-1', '199-00-1', '68476-40-4'] | NTP앵커CAS교집합=없음 | 제품명토큰교집합=240 | 문서추출문자수=11361 | 수동판정(규칙엔진=일치→오연결); 제품명/상표명 지식 및 문서 기재 제품명 'SYSTEM TC 240 ANTISLITTANTE CINGHIE - ANTI SLIPPING STRAPS S' 대조",110-82-7|17-00-1|199-00-1|68476-40-4,23031-36-9|91465-08-6,sds_v1,ntp_measured,sds_v1,True,False,True,높음
MIX46,Amore DF,Compare To PARIS AMOUR by BBW ® F21471,ingredient_source_audit/highlighted/bdfc88147bf4e6a2_highlighted.pdf,local,오연결,CAS불일치,"우리CAS(2)['219714-96-2', '82558-50-7'] vs 문서Section3CAS(24)['101-86-0', '10339-55-6', '105-87-3', '106-24-1', '107-75-5', '111879-80-2', '118-58-1', '1205-17-0'] | NTP앵커CAS교집합=없음 | 제품명토큰교집합= | 문서추출문자수=15559",101-86-0|10339-55-6|105-87-3|106-24-1|107-75-5|111879-80-2|118-58-1|1205-17-0|121-33-5|1222-05-5|127-51-5|13351-61-6|18127-01-0|24851-98-7|2705-87-5|28219-61-6|31906-04-4|54464-57-2|5989-27-5|6259-76-3|63500-71-0|65113-99-7|78-70-6|81782-77-6,219714-96-2|82558-50-7,sds_v1,ntp_measured,sds_v1,True,False,True,중간
MIX464,TC 281,2-Amino-2-methyl-1-propanol,ingredient_source_audit/ordered_option_runs/highlighted_sources/G038_124-68-5_ChemBlink_Sigma_highlighted.pdf,local,오연결,CAS불일치,"우리CAS(1)['131341-86-1'] vs 문서Section3CAS(2)['124-68-5', '70-00-6'] | NTP앵커CAS교집합=없음 | 제품명토큰교집합= | 문서추출문자수=12749",124-68-5|70-00-6,131341-86-1,sds_v1,ntp_measured,sds_v1,True,False,True,중간
MIX47,BAS 320 I Pro Fire Ant Bait,Amdro® Pro fire ant bait (Product No.: 579604),ingredient_source_audit/highlighted/65ba622bb02581cf_highlighted.pdf,local,상표명대응,CAS일치,"우리CAS(2)['139968-49-3', '67485-29-4'] vs 문서Section3CAS(1)['67485-29-4'] | NTP앵커CAS교집합=없음 | 제품명토큰교집합=ant|fire | 문서추출문자수=11040 | 2차재검: 문서Section3 CAS와 우리 활성성분 CAS 교집합 존재 및 상표명↔활성성분 지식 대조로 오연결→상표명대응 수정",67485-29-4,139968-49-3|67485-29-4,sds_v1,ntp_measured,sds_v1,False,False,False,중간
MIX474,Tempo 0.1 Granular Insecticide,TEMPO 1% Dust,ingredient_source_audit/highlighted/1c70709029e8fc3d_highlighted.pdf,local,부분일치,외부지식,"우리CAS(1)['68359-37-5'] vs 문서Section3CAS(2)['14808-60-7', '68359-37-5'] | NTP앵커CAS교집합=없음 | 제품명토큰교집합=tempo | 문서추출문자수=11291 | 수동판정(규칙엔진=상표명대응→부분일치); 제품명/상표명 지식 및 문서 기재 제품명 'TEMPO 1% Dust' 대조",14808-60-7|68359-37-5,68359-37-5,sds_2nd_sec11,sds_2nd_sec11,sds_v1,False,False,False,중간
MIX475,Terbuthylazine,Terbuthylazine,ingredient_source_audit/ordered_option_runs/highlighted_sources/G012_5915-41-3_ChemBlink_Sigma_highlighted.pdf,local,일치,CAS일치,우리CAS(1)['5915-41-3'] vs 문서Section3CAS(1)['5915-41-3'] | NTP앵커CAS교집합=['5915-41-3'] | 문서본문에서 발견된 우리 성분명='terbuthylazine' | 제품명토큰교집합=terbuthylazine | 문서추출문자수=12156,5915-41-3,5915-41-3,,,,N/A,N/A,N/A,높음
MIX478,Tetrasan 5 WDG,TetraSan® 5 WDG,ingredient_source_audit/highlighted/e155bfa6c5a709c6_highlighted.pdf,local,일치,조성일치,"우리CAS(3)['1332-58-7', '153233-91-1', '7783-20-2'] vs 문서Section3CAS(3)['1332-58-7', '153233-91-1', '7783-20-2'] | NTP앵커CAS교집합=없음 | 제품명토큰교집합=tetrasan|wdg | 문서추출문자수=12356",1332-58-7|153233-91-1|7783-20-2,1332-58-7|153233-91-1|7783-20-2,,ntp_measured,sds_v1,N/A,False,False,중간
MIX482,Superfine Wettable Sulphur,Superfine Sulfur (Product Name: Sulfur),ingredient_source_audit/highlighted/8b7711a15122e818_highlighted.pdf,local,상표명대응,조성일치,"우리CAS(1)['7704-34-9'] vs 문서Section3CAS(2)['7704-34-9', '94-00-1'] | NTP앵커CAS교집합=없음 | 제품명토큰교집합=superfine | 문서추출문자수=10885",7704-34-9|94-00-1,7704-34-9,sds_v1,ntp_measured,sds_v1,False,False,False,중간
MIX484,Thiabendazole MF,Thiabendazole,ingredient_source_audit/highlighted/84d7285a59dc1486_highlighted.pdf,local,일치,CAS일치,우리CAS(1)['148-79-8'] vs 문서Section3CAS(1)['148-79-8'] | NTP앵커CAS교집합=['148-79-8'] | 문서본문에서 발견된 우리 성분명='thiabendazole' | 제품명토큰교집합=thiabendazole | 문서추출문자수=11797,148-79-8,148-79-8,sds_2nd,sds_2nd,sds_2nd,False,False,False,높음
MIX487,Thiencarbazone-methyl,Thiencarbazone-methyl,ingredient_source_audit/highlighted/5f8cfa4e7028e8dc_highlighted.pdf,local,일치,제품명동일,우리CAS(1)['317815-83-1'] vs 문서Section3CAS(1)['317815-83-1'] | NTP앵커CAS교집합=없음 | 제품명토큰교집합=methyl|thiencarbazone | 문서추출문자수=7817,317815-83-1,317815-83-1,,ntp_measured,,N/A,False,N/A,높음
MIX488,Three Way Peanut Seed Treatment Fungicide,Xyway 3D Fungicide,ingredient_source_audit/highlighted/df95cb76b99eb3da_highlighted.pdf,local,오연결,CAS불일치,"우리CAS(3)['133-06-2', '141517-21-7', '57837-19-1'] vs 문서Section3CAS(3)['56-81-5', '57-55-6', '76674-21-0'] | NTP앵커CAS교집합=없음 | 제품명토큰교집합= | 문서추출문자수=15222",56-81-5|57-55-6|76674-21-0,133-06-2|141517-21-7|57837-19-1,sds_v1,sds_v1,sds_v1,True,True,True,중간
MIX489,Swagger,SWAGGER®,ingredient_source_audit/highlighted/50f76252cff897f5_highlighted.pdf,local,일치,제품명동일,"우리CAS(3)['138261-41-3', '82657-04-3', '872-50-4'] vs 문서Section3CAS(5)['105827-78-9', '138261-41-3', '82657-04-3', '83322-02-5', '872-50-4'] | NTP앵커CAS교집합=없음 | 제품명토큰교집합=swagger | 문서추출문자수=20040",105827-78-9|138261-41-3|82657-04-3|83322-02-5|872-50-4,138261-41-3|82657-04-3|872-50-4,,ntp_measured,sds_v1,N/A,False,False,높음
MIX491,Three-Way VAP,Section® Three,ingredient_source_audit/highlighted/0df309adc32d174c_highlighted.pdf,local,오연결,CAS불일치,"우리CAS(7)['125225-28-7', '210880-92-5', '57837-19-1', '64742-94-5', '91-20-3', '95-63-6', '99129-21-2'] vs 문서Section3CAS(5)['108-67-8', '64742-94-5', '91-20-3', '95-63-6', '99129-21-2'] | NTP앵커CAS교집합=없음 | 제품명토큰교집합=three | 문서추출문자수=16436",108-67-8|64742-94-5|91-20-3|95-63-6|99129-21-2,125225-28-7|210880-92-5|57837-19-1|64742-94-5|91-20-3|95-63-6|99129-21-2,sds_v1,ntp_measured,sds_v1,True,False,True,중간
MIX494,Tital FL,Compare to BOMBSHELL WILD FLOWER by Victoria's Secret ® F35268,ingredient_source_audit/highlighted/434ba1b62496b644_highlighted.pdf,local,오연결,CAS불일치,"우리CAS(4)['137-26-8', '210880-92-5', '5234-68-4', '57837-19-1'] vs 문서Section3CAS(19)['103-95-7', '10339-55-6', '105-87-3', '107-75-5', '115-95-7', '118-58-1', '1205-17-0', '1222-05-5'] | NTP앵커CAS교집합=없음 | 제품명토큰교집합= | 문서추출문자수=14304",103-95-7|10339-55-6|105-87-3|107-75-5|115-95-7|118-58-1|1205-17-0|1222-05-5|127-51-5|128-37-0|18479-58-8|24851-98-7|54464-57-2|55066-48-3|58567-11-6|5989-27-5|63500-71-0|67634-14-4|78-70-6,137-26-8|210880-92-5|5234-68-4|57837-19-1,sds_v1,ntp_measured,sds_v1,True,False,True,중간
MIX495,T-Methyl G-Pro 50 WSB Fungicide,T-Methyl E-Ag 4.5 F Fungicide,ingredient_source_audit/highlighted/a85403fec21bbcc0_highlighted.pdf,local,부분일치,CAS일치,우리CAS(1)['23564-05-8'] vs 문서Section3CAS(1)['23564-05-8'] | NTP앵커CAS교집합=['23564-05-8'] | 문서본문에서 발견된 우리 성분명='thiophanate-methyl' | 제품명토큰교집합=methyl | 문서추출문자수=13796,23564-05-8,23564-05-8,,ntp_measured,sds_v1,N/A,False,False,높음
MIX498,Tombstone Insecticide,TOMBSTONE™,ingredient_source_audit/highlighted/82b52e27534b52b0_highlighted.pdf,local,일치,CAS일치,"우리CAS(2)['64742-94-5', '68359-37-5'] vs 문서Section3CAS(4)['64742-94-5', '68359-37-5', '91-20-3', '95-63-6'] | NTP앵커CAS교집합=['68359-37-5'] | 문서본문에서 발견된 우리 성분명='cyfluthrin' | 제품명토큰교집합=tombstone | 문서추출문자수=18835",64742-94-5|68359-37-5|91-20-3|95-63-6,64742-94-5|68359-37-5,sds_v1,,sds_v1,False,N/A,False,높음
MIX508,V-10142 Herbicide,Celero® Herbicide,ingredient_source_audit/highlighted/771f17c74b9b0fa9_highlighted.pdf,local,부분일치,CAS일치,"우리CAS(4)['122548-33-8', '126-86-3', '1332-58-7', '9003-11-6'] vs 문서Section3CAS(4)['122548-33-8', '126-86-3', '1332-58-7', '9003-11-6'] | NTP앵커CAS교집합=['122548-33-8'] | 문서본문에서 발견된 우리 성분명='non-ionic surfactant on urea clathrate' | 제품명토큰교집합= | 문서추출문자수=13336",122548-33-8|126-86-3|1332-58-7|9003-11-6,122548-33-8|126-86-3|1332-58-7|9003-11-6,sds_v1,ntp_measured,sds_v1,False,False,False,높음
MIX513,Trifloxysulfuron-sodium,Trifloxysulfuron-sodium,ingredient_source_audit/highlighted/78fab35366233679_highlighted.pdf,local,일치,제품명동일,우리CAS(1)['199119-58-9'] vs 문서Section3CAS(1)['199119-58-9'] | NTP앵커CAS교집합=없음 | 제품명토큰교집합=sodium|trifloxysulfuron | 문서추출문자수=8172,199119-58-9,199119-58-9,,ntp_measured,,N/A,False,N/A,높음
MIX517,VCP-01,Repair Materials (Product ID: VCP),ingredient_source_audit/highlighted/4ae6d9fcb3da7345_highlighted.pdf,local,오연결,CAS불일치,"우리CAS(1)['82657-04-3'] vs 문서Section3CAS(3)['1317-65-3', '14808-60-7', '65997-15-1'] | NTP앵커CAS교집합=없음 | 제품명토큰교집합=vcp | 문서추출문자수=17402",1317-65-3|14808-60-7|65997-15-1,82657-04-3,sds_v1,ntp_measured,sds_v1,True,False,True,중간
MIX527,Vitacon RTU FL Fungicide,"Shar-Teb 3.6FL Fungicide  ABN: Tebu-Crop 3.6F, Tebu-Turf 3.6F, Tebusha 3.6FL",ingredient_source_audit/highlighted/fd2ea4ca4e1f1268_highlighted.pdf,local,부분일치,CAS일치,"우리CAS(6)['11138-66-2', '125225-28-7', '5234-68-4', '56-81-5', '57837-19-1', '7732-18-5'] vs 문서Section3CAS(5)['107534-96-3', '11138-66-2', '56-81-5', '7732-18-5', '80443-41-0'] | NTP앵커CAS교집합=없음 | 제품명토큰교집합= | 문서추출문자수=19027 | 2차재검: 문서Section3 CAS와 우리 활성성분 CAS 교집합 존재 및 상표명↔활성성분 지식 대조로 오연결→부분일치 수정",107534-96-3|11138-66-2|56-81-5|7732-18-5|80443-41-0,11138-66-2|125225-28-7|5234-68-4|56-81-5|57837-19-1|7732-18-5,sds_v1,ntp_measured,sds_v1,False,False,False,중간
MIX53,Metaflumizone(7.4%),Metaflumizone,ingredient_source_audit/highlighted/79e3e11b60acdd5e_highlighted.pdf,local,부분일치,외부지식,우리CAS(1)['139968-49-3'] vs 문서Section3CAS(1)['139968-49-3'] | NTP앵커CAS교집합=없음 | 제품명토큰교집합=metaflumizone | 문서추출문자수=16096 | 수동판정(규칙엔진=일치→부분일치); 제품명/상표명 지식 및 문서 기재 제품명 'Metaflumizone' 대조,139968-49-3,139968-49-3,sds_2nd_sec11,ntp_measured,sds_v1,False,False,False,중간
MIX530,Voliam Flexi Insecticide,VOLIAM,ingredient_source_audit/highlighted/ddcc0c90471bab7e_highlighted.pdf,local,부분일치,CAS불일치,"우리CAS(2)['153719-23-4', '500008-45-7'] vs 문서Section3CAS(3)['167-00-5', '500008-45-7', '55965-84-9'] | NTP앵커CAS교집합=없음 | 제품명토큰교집합=voliam | 문서추출문자수=10883 | 수동판정(규칙엔진=일치→부분일치); 제품명/상표명 지식 및 문서 기재 제품명 'VOLIAM' 대조",167-00-5|500008-45-7|55965-84-9,153719-23-4|500008-45-7,sds_v1,ntp_measured,sds_v1,False,False,False,중간
MIX537,Weld Herbicide,AS-SB-A SOLVENT-BASED ANTI-SPATTER (MSDS Name: SDS-AS-SB-A),ingredient_source_audit/highlighted/c75c7b1be62c2d70_highlighted.pdf,local,오연결,CAS불일치,"우리CAS(4)['29450-45-1', '57754-85-5', '75-09-0', '81406-37-3'] vs 문서Section3CAS(1)['75-09-2'] | NTP앵커CAS교집합=없음 | 제품명토큰교집합= | 문서추출문자수=10861",75-09-2,29450-45-1|57754-85-5|75-09-0|81406-37-3,sds_v1,ntp_measured,sds_v1,True,False,True,중간
MIX538,Up-Cyde Pro 2.0 EC Termiticide/Insecticide,Up-Cyde Pro 2.0 EC,ingredient_source_audit/highlighted/832a14ef8de093ed_highlighted.pdf,local,일치,CAS일치,"우리CAS(2)['52315-07-8', '74742-95-6'] vs 문서Section3CAS(2)['52315-07-8', '74742-95-6'] | NTP앵커CAS교집합=['52315-07-8'] | 문서본문에서 발견된 우리 성분명='cypermethrin' | 제품명토큰교집합=cyde | 문서추출문자수=13662",52315-07-8|74742-95-6,52315-07-8|74742-95-6,,ntp_measured,,N/A,False,N/A,높음
MIX54,BAS 500 F Manufacturing Use Product,Lucantin® Yellow 10% NXT,ingredient_source_audit/highlighted/5758adb4093a53cb_highlighted.pdf,local,오연결,CAS불일치,"우리CAS(1)['175013-18-0'] vs 문서Section3CAS(7)['1109-11-1', '121-79-9', '128-37-0', '137-66-6', '14306-25-3', '198-00-3', '67762-90-7'] | NTP앵커CAS교집합=없음 | 제품명토큰교집합= | 문서추출문자수=10594",1109-11-1|121-79-9|128-37-0|137-66-6|14306-25-3|198-00-3|67762-90-7,175013-18-0,sds_v1,ntp_measured,sds_v1,True,False,True,중간
MIX540,Wolman E (CA-C)(.19),Wolmanized® Heavy Duty™ Wood,ingredient_source_audit/highlighted/dc0f599159423c53_highlighted.pdf,local,오연결,CAS불일치,"우리CAS(1)['60207-90-1'] vs 문서Section3CAS(4)['1317-38-0', '7439-92-1', '7738-94-5', '7778-39-4'] | NTP앵커CAS교집합=없음 | 제품명토큰교집합= | 문서추출문자수=11585",1317-38-0|7439-92-1|7738-94-5|7778-39-4,60207-90-1,sds_v1,sds_v1,sds_v1,True,True,True,중간
MIX545,V-10116 3.7 FS,"Glycerin (Product Number: G2289, Brand: Sigma-Aldrich, CAS-No. 56-81-5)",ingredient_source_audit/ordered_option_runs/highlighted_sources/G041_56-81-5_ChemBlink_Sigma_highlighted.pdf,local,오연결,조성불일치,우리CAS(0)[] vs 문서Section3CAS(1)['56-81-5'] | NTP앵커CAS교집합=없음 | 제품명토큰교집합= | 문서추출문자수=12023,56-81-5,,sds_v1,ntp_measured,sds_v1,True,False,True,낮음
MIX547,XDE-PRDX,Conoidin A,ingredient_source_audit/ordered_option_runs/highlighted_sources/G040_alternate_sds_pdf_76b1f244a1d1e120_highlighted.pdf,local,오연결,CAS불일치,"우리CAS(4)['18080-67-6', '34256-82-1', '57754-85-5', '98967-40-9'] vs 문서Section3CAS(1)['18080-67-6'] | NTP앵커CAS교집합=없음 | 제품명토큰교집합= | 문서추출문자수=13738",18080-67-6,18080-67-6|34256-82-1|57754-85-5|98967-40-9,sds_v1,ntp_measured,sds_v1,True,False,True,중간
MIX549,X-Cide 800 Biocide,X-CID (헤더 표기: PROXITANE ® 0007 / Trade name: X-CID),ingredient_source_audit/highlighted/6c1c64ddc6d9e939_highlighted.pdf,local,오연결,CAS불일치,"우리CAS(4)['104-55-2', '64-19-7', '7722-84-1', '79-21-0'] vs 문서Section3CAS(6)['2-00-6', '3-00-9', '64-19-7', '7722-84-1', '79-21-0', '94-00-8'] | NTP앵커CAS교집합=없음 | 제품명토큰교집합= | 문서추출문자수=10098",2-00-6|3-00-9|64-19-7|7722-84-1|79-21-0|94-00-8,104-55-2|64-19-7|7722-84-1|79-21-0,sds_v1,ntp_measured,sds_v1,True,False,True,중간
MIX555,Zampro Fungicide,Zampro,ingredient_source_audit/highlighted/ad11c7ed48807994_highlighted.pdf,local,일치,CAS일치,"우리CAS(6)['100-41-4', '110488-70-5', '116412-83-0', '2634-33-5', '2682-20-4', '865318-97-4'] vs 문서Section3CAS(6)['100-41-4', '110488-70-5', '116412-83-0', '2634-33-5', '2682-20-4', '865318-97-4'] | NTP앵커CAS교집합=['110488-70-5'] | 문서본문에서 발견된 우리 성분명='dimethomorph' | 제품명토큰교집합=zampro | 문서추출문자수=9227",100-41-4|110488-70-5|116412-83-0|2634-33-5|2682-20-4|865318-97-4,100-41-4|110488-70-5|116412-83-0|2634-33-5|2682-20-4|865318-97-4,sds_v1,ntp_measured,sds_v1,False,False,False,높음
MIX557,Zoxamide(95_100%),Oxamide,ingredient_source_audit/highlighted/35bda4ed9143eb1a_highlighted.pdf,local,오연결,CAS불일치,"우리CAS(2)['156052-68-5', '471-46-5'] vs 문서Section3CAS(1)['471-46-5'] | NTP앵커CAS교집합=없음 | 제품명토큰교집합= | 문서추출문자수=7947",471-46-5,156052-68-5|471-46-5,sds_v1,ntp_measured,,True,False,N/A,중간
MIX564,RebelEx,Acryl - Rebel,ingredient_source_audit/highlighted/b8a13283845de3e9_highlighted.pdf,local,오연결,CAS불일치,"우리CAS(2)['122008-85-9', '219714-96-2'] vs 문서Section3CAS(3)['112945-52-5', '8-00-0', '94-36-0'] | NTP앵커CAS교집합=없음 | 제품명토큰교집합= | 문서추출문자수=20130",112945-52-5|8-00-0|94-36-0,122008-85-9|219714-96-2,sds_v1,ntp_measured,sds_v1,True,False,True,중간
MIX569,Ridomil Gold MZ WG,Metalaxyl-M,ingredient_source_audit/ordered_option_runs/highlighted_sources/G033_70630-17-0_ChemBlink_Sigma_highlighted.pdf,local,부분일치,CAS일치,"우리CAS(2)['70630-17-0', '8018-01-7'] vs 문서Section3CAS(2)['163-00-0', '70630-17-0'] | NTP앵커CAS교집합=['70630-17-0'] | 문서본문에서 발견된 우리 성분명='mefenoxam' | 제품명토큰교집합= | 문서추출문자수=11254",163-00-0|70630-17-0,70630-17-0|8018-01-7,sds_v1,ntp_measured,,False,False,N/A,높음
MIX571,Rimsulfuron,Quali-Pro® Rimsulfuron 25 DF,ingredient_source_audit/highlighted/8abb05ab9ef55979_highlighted.pdf,local,부분일치,CAS일치,우리CAS(1)['122931-48-0'] vs 문서Section3CAS(1)['122931-48-0'] | NTP앵커CAS교집합=['122931-48-0'] | 문서본문에서 발견된 우리 성분명='rimsulfuron' | 제품명토큰교집합=rimsulfuron | 문서추출문자수=9029 | 수동판정(규칙엔진=일치→부분일치); 제품명/상표명 지식 및 문서 기재 제품명 'Quali-Pro® Rimsulfuron 25 DF' 대조,122931-48-0,122931-48-0,,sds_v1,sds_v1,N/A,False,False,높음
MIX574,Aloft LC SC Insecticide,Aloft® LC SC Insecticide,ingredient_source_audit/highlighted/0ead2d3d5c4fa28e_highlighted.pdf,local,일치,CAS일치,"우리CAS(3)['210880-92-5', '68131-39-5', '82657-04-3'] vs 문서Section3CAS(3)['210880-92-5', '68131-39-5', '82657-04-3'] | NTP앵커CAS교집합=['210880-92-5', '82657-04-3'] | 문서본문에서 발견된 우리 성분명='clothianidin; bifenthrin' | 제품명토큰교집합=aloft | 문서추출문자수=13203",210880-92-5|68131-39-5|82657-04-3,210880-92-5|68131-39-5|82657-04-3,,,sds_v1,N/A,N/A,False,높음
MIX576,Coumaphos (97.6),Coumaphos,ingredient_source_audit/ordered_option_runs/highlighted_sources/G017_56-72-4_ChemBlink_Sigma_highlighted.pdf,local,일치,CAS일치,"우리CAS(1)['56-72-4'] vs 문서Section3CAS(2)['38-00-3', '56-72-4'] | NTP앵커CAS교집합=['56-72-4'] | 문서본문에서 발견된 우리 성분명='coumaphos' | 제품명토큰교집합=coumaphos | 문서추출문자수=13060",38-00-3|56-72-4,56-72-4,,,,N/A,N/A,N/A,높음
MIX577,Axiom DF,AXIOM® DF HERBICIDE,ingredient_source_audit/highlighted/01664de36b4b5495_highlighted.pdf,local,일치,CAS일치,"우리CAS(2)['142459-58-3', '21087-64-9'] vs 문서Section3CAS(5)['142459-58-3', '21087-64-9', '68425-94-5', '68512-35-6', '77-92-9'] | NTP앵커CAS교집합=['142459-58-3'] | 문서본문에서 발견된 우리 성분명='flufenacet' | 제품명토큰교집합=axiom | 문서추출문자수=11090",142459-58-3|21087-64-9|68425-94-5|68512-35-6|77-92-9,142459-58-3|21087-64-9,sds_v1,sds_v1,sds_v1,False,False,False,높음
MIX580,Departure Herbicide,INFERNO™ WDG Herbicide,ingredient_source_audit/highlighted/a39491dae56838a7_highlighted.pdf,local,오연결,CAS불일치,"우리CAS(1)['1071-83-6'] vs 문서Section3CAS(2)['101200-48-0', '1317-65-3'] | NTP앵커CAS교집합=없음 | 제품명토큰교집합= | 문서추출문자수=13997",101200-48-0|1317-65-3,1071-83-6,,,sds_v1,N/A,N/A,True,중간
MIX581,DPX-E9636,"""DuPont"" ""Matrix"" SG Herbicide",ingredient_source_audit/highlighted/bd26a419ca333709_highlighted.pdf,local,부분일치,CAS일치,우리CAS(1)['122931-48-0'] vs 문서Section3CAS(1)['122931-48-0'] | NTP앵커CAS교집합=['122931-48-0'] | 문서본문에서 발견된 우리 성분명='rimsulfuron' | 제품명토큰교집합= | 문서추출문자수=9968,122931-48-0,122931-48-0,sds_v1,sds_v1,sds_v1,False,False,False,높음
MIX582,DPX-E9636-22,"TITUS® (Synonyms: DPX-E9636 25WG, B10022922)",ingredient_source_audit/highlighted/24850029db85acdc_highlighted.pdf,local,부분일치,CAS일치,"우리CAS(1)['122931-48-0'] vs 문서Section3CAS(3)['122931-48-0', '68425-94-5', '7778-77-0'] | NTP앵커CAS교집합=['122931-48-0'] | 문서본문에서 발견된 우리 성분명='rimsulfuron' | 제품명토큰교집합=dpx|e9636 | 문서추출문자수=11798",122931-48-0|68425-94-5|7778-77-0,122931-48-0,sds_v1,sds_v1,sds_v1,False,False,False,높음
MIX583,Enhance AW(19.55),ENHANCE,ingredient_source_audit/highlighted/b39e2427969b2e31_highlighted.pdf,local,일치,CAS불일치,"우리CAS(1)['133-06-2'] vs 문서Section3CAS(2)['2634-33-5', '88-00-6'] | NTP앵커CAS교집합=없음 | 제품명토큰교집합=enhance | 문서추출문자수=11413",2634-33-5|88-00-6,133-06-2,sds_v1,sds_v1,sds_v1,False,False,False,중간
MIX584,EP-Amin (Ethyl-n-propylamin),3-Diethylaminopropylamine,ingredient_source_audit/highlighted/3fd0775d38e30b9b_highlighted.pdf,local,오연결,CAS불일치,우리CAS(1)['20520-69-2'] vs 문서Section3CAS(1)['104-78-9'] | NTP앵커CAS교집합=없음 | 제품명토큰교집합= | 문서추출문자수=12551,104-78-9,20520-69-2,sds_v1,sds_v1,sds_v1,True,True,True,중간
MIX586,Fenhexamid(95.4%),Fenhexamid ROTICHROM® Pestilyse® HPLC,ingredient_source_audit/highlighted/ec3e2fe2efdfd841_highlighted.pdf,local,일치,외부지식,"우리CAS(2)['111-00-8', '126833-17-8'] vs 문서Section3CAS(2)['111-00-8', '126833-17-8'] | NTP앵커CAS교집합=없음 | 제품명토큰교집합=fenhexamid | 문서추출문자수=10131 | 수동판정(규칙엔진=상표명대응→일치); 제품명/상표명 지식 및 문서 기재 제품명 'Fenhexamid ROTICHROM® Pestilyse® HPLC' 대조",111-00-8|126833-17-8,111-00-8|126833-17-8,sds_v1,ntp_measured,sds_v1,False,False,False,중간
MIX587,Folicur 1. 2 emulsifiable concentrate(15.4),Tebuconazole,ingredient_source_audit/ordered_option_runs/highlighted_sources/G030_107534-96-3_ChemBlink_Sigma_highlighted.pdf,local,부분일치,CAS일치,"우리CAS(1)['107534-96-3'] vs 문서Section3CAS(2)['107534-96-3', '197-00-7'] | NTP앵커CAS교집합=['107534-96-3'] | 문서본문에서 발견된 우리 성분명='tebuconazole' | 제품명토큰교집합= | 문서추출문자수=12142",107534-96-3|197-00-7,107534-96-3,sds_v1,sds_v1,,False,False,N/A,높음
MIX588,Flumethrin(96.2),Flumethrin,ingredient_source_audit/ordered_option_runs/highlighted_sources/G007_69770-45-2_ChemBlink_Sigma_highlighted.pdf,local,일치,CAS일치,우리CAS(1)['69770-45-2'] vs 문서Section3CAS(1)['69770-45-2'] | NTP앵커CAS교집합=['69770-45-2'] | 문서본문에서 발견된 우리 성분명='flumethrin' | 제품명토큰교집합=flumethrin | 문서추출문자수=12744,69770-45-2,69770-45-2,sds_v1,sds_v1,sds_v1,False,False,False,높음
MIX589,Kixor Herbicide,TREEVIX POWERED BY KIXOR HERBICIDE,ingredient_source_audit/highlighted/b752aeb484e1c1a7_highlighted.pdf,local,부분일치,CAS일치,"우리CAS(1)['372137-35-4'] vs 문서Section3CAS(4)['1322-93-6', '372137-35-4', '577-11-7', '7783-20-2'] | NTP앵커CAS교집합=['372137-35-4'] | 문서본문에서 발견된 우리 성분명='saflufenacil' | 제품명토큰교집합=kixor | 문서추출문자수=9879 | 수동판정(규칙엔진=일치→부분일치); 제품명/상표명 지식 및 문서 기재 제품명 'TREEVIX POWERED BY KIXOR HERBICIDE' 대조",1322-93-6|372137-35-4|577-11-7|7783-20-2,372137-35-4,sds_v1,sds_v1,sds_v1,False,False,False,높음
MIX590,Larvin 500 Insecticide,Larvin® 800 WG Insecticide,ingredient_source_audit/highlighted/977325f7a5459751_highlighted.pdf,local,부분일치,CAS일치,우리CAS(1)['59669-26-0'] vs 문서Section3CAS(1)['59669-26-0'] | NTP앵커CAS교집합=['59669-26-0'] | 문서본문에서 발견된 우리 성분명='thiodicarb' | 제품명토큰교집합=larvin | 문서추출문자수=10649,59669-26-0,59669-26-0,,,,N/A,N/A,N/A,높음
MIX591,Lawn 3FL2 Herbicide Ready-to-Use,Roundup® Ready-To-Use Weed & Grass Killer III,ingredient_source_audit/highlighted/f28aadd6b6a85fb0_highlighted.pdf,local,오연결,CAS불일치,"우리CAS(4)['1918-00-9', '317815-83-1', '74223-64-6', '950782-86-2'] vs 문서Section3CAS(2)['112-05-0', '38641-94-0'] | NTP앵커CAS교집합=없음 | 제품명토큰교집합=ready | 문서추출문자수=10847",112-05-0|38641-94-0,1918-00-9|317815-83-1|74223-64-6|950782-86-2,sds_v1,,,True,N/A,N/A,중간
MIX592,Heat Powered by Kixor Herbicide,TREEVIX WG,ingredient_source_audit/highlighted/796a3bf955f5a3e4_highlighted.pdf,local,부분일치,CAS일치,우리CAS(1)['372137-35-4'] vs 문서Section3CAS(1)['372137-35-4'] | NTP앵커CAS교집합=['372137-35-4'] | 문서본문에서 발견된 우리 성분명='saflufenacil' | 제품명토큰교집합= | 문서추출문자수=11858,372137-35-4,372137-35-4,sds_2nd_sec11,,sds_v1,False,N/A,False,높음
MIX593,Meymik 15G,TEMIK® BRAND 15G ALDICARB PESTICIDE,ingredient_source_audit/highlighted/fc36899be05671d0_highlighted.pdf,local,부분일치,CAS일치,"우리CAS(2)['116-06-3', '75-09-2'] vs 문서Section3CAS(3)['116-06-3', '75-09-2', '9003-22-9'] | NTP앵커CAS교집합=['116-06-3'] | 문서본문에서 발견된 우리 성분명='aldicarb' | 제품명토큰교집합=15g | 문서추출문자수=11364",116-06-3|75-09-2|9003-22-9,116-06-3|75-09-2,,ntp_measured,,N/A,False,N/A,높음
MIX594,Multicide 28661,MULTICIDE ® Mosquito Adulticiding Concentrate 2705,ingredient_source_audit/highlighted/485bf0f04619e39b_highlighted.pdf,local,오연결,CAS불일치,"우리CAS(2)['52315-07-8', '7696-12-0'] vs 문서Section3CAS(4)['188023-86-1', '51-03-6', '64742-47-8', '8042-47-5'] | NTP앵커CAS교집합=없음 | 제품명토큰교집합=multicide | 문서추출문자수=13016",188023-86-1|51-03-6|64742-47-8|8042-47-5,52315-07-8|7696-12-0,sds_v1,sds_v1,sds_v1,True,True,True,중간
MIX595,Orvego Fungicide,Orvego Fungicide,ingredient_source_audit/highlighted/fda4f8c93049e4a3_highlighted.pdf,local,일치,CAS일치,"우리CAS(2)['110488-70-5', '865318-97-4'] vs 문서Section3CAS(2)['110488-70-5', '865318-97-4'] | NTP앵커CAS교집합=['110488-70-5', '865318-97-4'] | 문서본문에서 발견된 우리 성분명='dimethomorph techn.; ametoctradin' | 제품명토큰교집합=orvego | 문서추출문자수=9753",110488-70-5|865318-97-4,110488-70-5|865318-97-4,sds_v1,sds_v1,sds_v1,False,False,False,높음
MIX596,Prodiamine/Diquat/Glyphosphate EW Manufacturing,19-0-5 0.37% Prodiamine,ingredient_source_audit/highlighted/9b669f5ef91e66b8_highlighted.pdf,local,부분일치,CAS일치,"우리CAS(3)['1071-83-6', '29091-21-2', '85-00-7'] vs 문서Section3CAS(10)['108-19-0', '1302-78-9', '1317-65-3', '1332-58-7', '13547-17-6', '14808-60-7', '29091-21-2', '57-13-6'] | NTP앵커CAS교집합=['29091-21-2'] | 문서본문에서 발견된 우리 성분명='prodiamine' | 제품명토큰교집합=prodiamine | 문서추출문자수=12427",108-19-0|1302-78-9|1317-65-3|1332-58-7|13547-17-6|14808-60-7|29091-21-2|57-13-6|7447-40-7|7704-39-9,1071-83-6|29091-21-2|85-00-7,sds_v1,ntp_measured,,False,False,N/A,높음
MIX598,Pursuit/Dimethenamide,Trimec® Classic Broadleaf Herbicide,ingredient_source_audit/highlighted/8331cac3c465e92c_highlighted.pdf,local,오연결,CAS불일치,"우리CAS(2)['81335-77-5', '87674-68-8'] vs 문서Section3CAS(3)['2008-39-1', '2300-66-5', '66423-09-4'] | NTP앵커CAS교집합=없음 | 제품명토큰교집합= | 문서추출문자수=16320",2008-39-1|2300-66-5|66423-09-4,81335-77-5|87674-68-8,sds_v1,,sds_v1,True,N/A,True,중간
MIX599,Rimfire Max Herbicide,FirstRate® Herbicide,ingredient_source_audit/highlighted/7090777d6679fc5e_highlighted.pdf,local,오연결,CAS불일치,"우리CAS(2)['181274-15-7', '208465-21-8'] vs 문서Section3CAS(3)['147150-35-4', '75-09-2', '9005-25-8'] | NTP앵커CAS교집합=없음 | 제품명토큰교집합= | 문서추출문자수=16636",147150-35-4|75-09-2|9005-25-8,181274-15-7|208465-21-8,sds_2nd_sec11,,sds_v1,False,N/A,True,중간
MIX6,Acticide CBM,ACTICIDE B 20,ingredient_source_audit/highlighted/b764d8012ba77eba_highlighted.pdf,local,부분일치,CAS불일치,"우리CAS(2)['26172-55-4', '2682-20-4'] vs 문서Section3CAS(4)['1310-73-2', '2-00-6', '2634-33-5', '88-00-6'] | NTP앵커CAS교집합=없음 | 제품명토큰교집합=acticide | 문서추출문자수=14951 | 수동판정(규칙엔진=오연결→부분일치); 제품명/상표명 지식 및 문서 기재 제품명 'ACTICIDE B 20' 대조",1310-73-2|2-00-6|2634-33-5|88-00-6,26172-55-4|2682-20-4,sds_v1,ntp_measured,sds_v1,False,False,False,중간
MIX602,Tebuconazole Fungicide(96.2%),WILLOWOOD TEB 45DF Fungicide,ingredient_source_audit/highlighted/2991410dde4389e8_highlighted.pdf,local,부분일치,CAS일치,"우리CAS(1)['107534-96-3'] vs 문서Section3CAS(3)['107534-96-3', '1332-58-7', '7732-18-5'] | NTP앵커CAS교집합=['107534-96-3'] | 문서본문에서 발견된 우리 성분명='tebuconazole' | 제품명토큰교집합= | 문서추출문자수=10028",107534-96-3|1332-58-7|7732-18-5,107534-96-3,,,,N/A,N/A,N/A,높음
MIX603,The Andersons 0.058% Bifenthrin + 0.115% Imidacloprid Insecticide with Fertilizer,TEMPEST,ingredient_source_audit/highlighted/65c232ed85c80e57_highlighted.pdf,local,부분일치,CAS일치,"우리CAS(2)['138261-41-3', '82657-04-3'] vs 문서Section3CAS(2)['138261-41-3', '82657-04-3'] | NTP앵커CAS교집합=['138261-41-3', '82657-04-3'] | 문서본문에서 발견된 우리 성분명='imidacloprid; bifenthrin' | 제품명토큰교집합= | 문서추출문자수=12407",138261-41-3|82657-04-3,138261-41-3|82657-04-3,sds_v1,sds_v1,sds_v1,False,False,False,높음
MIX604,The Andersons 0.077% Bifenthrin + 0.155% Imidacloprid Granular Insecticide,Imidacloprid,ingredient_source_audit/highlighted/e330cefeaa8b9c69_highlighted.pdf,local,부분일치,CAS일치,"우리CAS(2)['138261-41-3', '82657-04-3'] vs 문서Section3CAS(1)['138261-41-3'] | NTP앵커CAS교집합=['138261-41-3'] | 문서본문에서 발견된 우리 성분명='imidacloprid' | 제품명토큰교집합=imidacloprid | 문서추출문자수=12055 | 수동판정(규칙엔진=일치→부분일치); 제품명/상표명 지식 및 문서 기재 제품명 'Imidacloprid' 대조",138261-41-3,138261-41-3|82657-04-3,,,,N/A,N/A,N/A,높음
MIX605,The Andersons 0.2% Imidacloprid Insecticide + Fertilizer,"Imidacloprid (Sigma-Aldrich, Product Number 37894)",ingredient_source_audit/ordered_option_runs/highlighted_sources/G023_138261-41-3_ChemBlink_Sigma_highlighted.pdf,local,부분일치,CAS일치,우리CAS(1)['138261-41-3'] vs 문서Section3CAS(1)['138261-41-3'] | NTP앵커CAS교집합=['138261-41-3'] | 문서본문에서 발견된 우리 성분명='imidacloprid' | 제품명토큰교집합=imidacloprid | 문서추출문자수=11304,138261-41-3,138261-41-3,sds_2nd_sec11,sds_2nd_sec11,,False,False,N/A,높음
MIX606,The Andersons GC 0.058% Bifenthrin + 0.115% Imidacloprid Insecticide with Fertilizer,The Andersons Professional Turf Products Fertilizer 21-0-7 with Allectus Insecticide,ingredient_source_audit/highlighted/1c6afa1cfcefc62b_highlighted.pdf,local,일치,외부지식,"우리CAS(2)['138261-41-3', '82657-04-3'] vs 문서Section3CAS(3)['16389-88-1', '57-13-6', '7447-40-7'] | NTP앵커CAS교집합=없음 | 제품명토큰교집합=andersons|fertilizer | 문서추출문자수=9395 | 수동판정(규칙엔진=상표명대응→일치); 제품명/상표명 지식 및 문서 기재 제품명 'The Andersons Professional Turf Products Fertilizer 21-0-7 w' 대조",16389-88-1|57-13-6|7447-40-7,138261-41-3|82657-04-3,sds_v1,sds_v1,,False,False,N/A,중간
MIX607,The Andersons GC 0.077% Bifenthrin + 0.155% Imidacloprid Granular Insecticide,TEMPEST,ingredient_source_audit/highlighted/65c232ed85c80e57_highlighted.pdf,local,부분일치,CAS일치,"우리CAS(2)['138261-41-3', '82657-04-3'] vs 문서Section3CAS(2)['138261-41-3', '82657-04-3'] | NTP앵커CAS교집합=['138261-41-3', '82657-04-3'] | 문서본문에서 발견된 우리 성분명='imidacloprid; bifenthrin' | 제품명토큰교집합= | 문서추출문자수=12407",138261-41-3|82657-04-3,138261-41-3|82657-04-3,sds_v1,sds_v1,sds_v1,False,False,False,높음
MIX608,Stratego Pro Fungicide,STRATEGO® FUNGICIDE,ingredient_source_audit/highlighted/b85a6b3d5c96c2ba_highlighted.pdf,local,부분일치,CAS일치,"우리CAS(2)['141517-21-7', '178928-70-6'] vs 문서Section3CAS(3)['141517-21-7', '60207-90-1', '872-50-4'] | NTP앵커CAS교집합=['141517-21-7'] | 문서본문에서 발견된 우리 성분명='trifloxystrobin' | 제품명토큰교집합=stratego | 문서추출문자수=10358",141517-21-7|60207-90-1|872-50-4,141517-21-7|178928-70-6,sds_v1,sds_v1,sds_v1,False,False,False,높음
MIX610,Topramezone 2.8 SC Herbicide,IMPACT® Herbicide,ingredient_source_audit/highlighted/cbccf99a4834a73f_highlighted.pdf,local,부분일치,CAS일치,우리CAS(1)['210631-68-8'] vs 문서Section3CAS(1)['210631-68-8'] | NTP앵커CAS교집합=['210631-68-8'] | 문서본문에서 발견된 우리 성분명='topramezone' | 제품명토큰교집합= | 문서추출문자수=14685,210631-68-8,210631-68-8,phase1_sds,phase1_sds,sds_v1,False,False,False,높음
MIX611,Trilux 44 - White,Trilux 33 White,ingredient_source_audit/highlighted/5da2f9a33dcf480b_highlighted.pdf,local,오연결,CAS불일치,"우리CAS(1)['122454-29-9'] vs 문서Section3CAS(7)['1111-67-7', '13-00-7', '1314-13-2', '13463-41-7', '15-00-0', '15-00-7', '8050-09-7'] | NTP앵커CAS교집합=없음 | 제품명토큰교집합=trilux|white | 문서추출문자수=15258",1111-67-7|13-00-7|1314-13-2|13463-41-7|15-00-0|15-00-7|8050-09-7,122454-29-9,sds_v1,ntp_measured,sds_v1,True,False,True,중간
MIX612,Ultra P,Viking Drill Ultra S/P(TM) Super Premium,ingredient_source_audit/highlighted/f13d509e7f969b51_highlighted.pdf,local,오연결,CAS불일치,"우리CAS(3)['1317-39-1', '63449-39-8', '731-27-1'] vs 문서Section3CAS(1)['63449-39-8'] | NTP앵커CAS교집합=없음 | 제품명토큰교집합= | 문서추출문자수=15792",63449-39-8,1317-39-1|63449-39-8|731-27-1,sds_v1,sds_v1,sds_v1,True,True,True,중간
MIX615,Fludioxonil 50WP,Fludioxonil,ingredient_source_audit/ordered_option_runs/highlighted_sources/G009_131341-86-1_ChemBlink_Sigma_highlighted.pdf,local,부분일치,CAS일치,우리CAS(1)['131341-86-1'] vs 문서Section3CAS(1)['131341-86-1'] | NTP앵커CAS교집합=['131341-86-1'] | 문서본문에서 발견된 우리 성분명='fludioxonil' | 제품명토큰교집합=fludioxonil | 문서추출문자수=10636 | 수동판정(규칙엔진=일치→부분일치); 제품명/상표명 지식 및 문서 기재 제품명 'Fludioxonil' 대조,131341-86-1,131341-86-1,,,,N/A,N/A,N/A,높음
MIX616,Fludioxonil(94.7%),Fludioxonil,ingredient_source_audit/ordered_option_runs/highlighted_sources/G009_131341-86-1_ChemBlink_Sigma_highlighted.pdf,local,일치,CAS일치,우리CAS(1)['131341-86-1'] vs 문서Section3CAS(1)['131341-86-1'] | NTP앵커CAS교집합=['131341-86-1'] | 문서본문에서 발견된 우리 성분명='fludioxonil' | 제품명토큰교집합=fludioxonil | 문서추출문자수=10636,131341-86-1,131341-86-1,,,,N/A,N/A,N/A,높음
MIX617,5-Hydroxy-Tepraloxydim,Tepraloxydim in Solution,ingredient_source_audit/highlighted/d71e3f693e116387_highlighted.pdf,local,오연결,외부지식,"우리CAS(1)['154749-55-0'] vs 문서Section3CAS(2)['149979-41-9', '75-05-8'] | NTP앵커CAS교집합=없음 | 제품명토큰교집합=tepraloxydim | 문서추출문자수=16611 | 수동판정(규칙엔진=상표명대응→오연결); 제품명/상표명 지식 및 문서 기재 제품명 'Tepraloxydim in Solution' 대조",149979-41-9|75-05-8,154749-55-0,sds_v1,sds_v1,sds_v1,True,True,True,중간
MIX618,Abamectin A1a,Abamectin,ingredient_source_audit/highlighted/f880b1d4908ba51f_highlighted.pdf,local,부분일치,CAS일치,"우리CAS(1)['71751-41-2'] vs 문서Section3CAS(2)['143-00-0', '71751-41-2'] | NTP앵커CAS교집합=['71751-41-2'] | 문서본문에서 발견된 우리 성분명='abamectin' | 제품명토큰교집합=abamectin | 문서추출문자수=12867 | 수동판정(규칙엔진=일치→부분일치); 제품명/상표명 지식 및 문서 기재 제품명 'Abamectin' 대조",143-00-0|71751-41-2,71751-41-2,sds_v1,sds_v1,sds_v1,False,False,False,높음
MIX619,Abamectin A1b,Abamectin,ingredient_source_audit/highlighted/5ed19d85065e7cdf_highlighted.pdf,local,부분일치,CAS불일치,우리CAS(1)['65195-52-0'] vs 문서Section3CAS(1)['71751-41-2'] | NTP앵커CAS교집합=없음 | 제품명토큰교집합=abamectin | 문서추출문자수=11991 | 수동판정(규칙엔진=일치→부분일치); 제품명/상표명 지식 및 문서 기재 제품명 'Abamectin' 대조,71751-41-2,65195-52-0,,,,N/A,N/A,N/A,중간
MIX621,Abamectin B2a,Abamectin,ingredient_source_audit/highlighted/f880b1d4908ba51f_highlighted.pdf,local,부분일치,CAS불일치,"우리CAS(2)['65195-57-5', '71751-41-2'] vs 문서Section3CAS(2)['143-00-0', '71751-41-2'] | NTP앵커CAS교집합=없음 | 제품명토큰교집합=abamectin | 문서추출문자수=12867 | 수동판정(규칙엔진=일치→부분일치); 제품명/상표명 지식 및 문서 기재 제품명 'Abamectin' 대조",143-00-0|71751-41-2,65195-57-5|71751-41-2,sds_v1,sds_v1,sds_v1,False,False,False,중간
MIX622,Aeris Seed-Applied Insecticide/Nematicide,AERIS® SEED-APPLIED INSECTICIDE/NEMATICIDE,ingredient_source_audit/highlighted/ccf5aa9d82588488_highlighted.pdf,local,일치,CAS일치,"우리CAS(2)['138261-41-3', '59669-26-0'] vs 문서Section3CAS(2)['138261-41-3', '59669-26-0'] | NTP앵커CAS교집합=['138261-41-3', '59669-26-0'] | 문서본문에서 발견된 우리 성분명='imidacloprid; thiodicarb' | 제품명토큰교집합=aeris|applied|nematicide|seed | 문서추출문자수=11114",138261-41-3|59669-26-0,138261-41-3|59669-26-0,sds_v1,,sds_v1,False,N/A,False,높음
MIX623,Aloft GC G Insecticide,AloftÒ GC G Insecticide (Aloft® GC G Insecticide),ingredient_source_audit/highlighted/bb24ba2df9a2af52_highlighted.pdf,local,일치,조성일치,"우리CAS(2)['210880-92-5', '82657-04-3'] vs 문서Section3CAS(2)['210880-92-5', '82657-04-3'] | NTP앵커CAS교집합=없음 | 제품명토큰교집합=aloft | 문서추출문자수=12080",210880-92-5|82657-04-3,210880-92-5|82657-04-3,sds_v1,ntp_measured,sds_v1,False,False,False,중간
MIX626,Bifenthrin 0.086% Plus Fertilizer,GCS Bifenthrin 2EC,ingredient_source_audit/highlighted/0ce687fb6c6080c0_highlighted.pdf,local,부분일치,CAS일치,"우리CAS(1)['82657-04-3'] vs 문서Section3CAS(3)['64742-94-5', '82657-04-3', '91-20-3'] | NTP앵커CAS교집합=['82657-04-3'] | 문서본문에서 발견된 우리 성분명='bifenthrin' | 제품명토큰교집합=bifenthrin | 문서추출문자수=13285",64742-94-5|82657-04-3|91-20-3,82657-04-3,,,sds_v1,N/A,N/A,False,높음
MIX628,EH-1489 Broadleaf Herbicide,SURGE® Broadleaf Herbicide for Turf,ingredient_source_audit/highlighted/afb374b47c961363_highlighted.pdf,local,부분일치,CAS일치,"우리CAS(5)['122836-35-5', '2008-39-1', '219714-96-2', '2300-66-5', '66423-09-4'] vs 문서Section3CAS(4)['122836-35-5', '2008-39-1', '2300-66-5', '66423-09-4'] | NTP앵커CAS교집합=['122836-35-5', '2008-39-1', '2300-66-5'] | 문서본문에서 발견된 우리 성분명='sulfentrazone' | 제품명토큰교집합=broadleaf | 문서추출문자수=14429",122836-35-5|2008-39-1|2300-66-5|66423-09-4,122836-35-5|2008-39-1|219714-96-2|2300-66-5|66423-09-4,sds_v1,,sds_v1,False,N/A,False,높음
MIX629,F6141 EW INSECTICIDE,PermaStar AG,ingredient_source_audit/highlighted/bcabb1bf65fff64c_highlighted.pdf,local,오연결,CAS불일치,"우리CAS(1)['82657-04-3'] vs 문서Section3CAS(2)['52645-53-1', '70693-06-0'] | NTP앵커CAS교집합=없음 | 제품명토큰교집합= | 문서추출문자수=9126",52645-53-1|70693-06-0,82657-04-3,sds_v1,sds_v1,sds_v1,True,True,True,중간
MIX630,F6141 EW,Everolimus,ingredient_source_audit/highlighted/2c521a1a4638614b_highlighted.pdf,local,오연결,CAS불일치,우리CAS(1)['52315-07-8'] vs 문서Section3CAS(1)['159351-69-6'] | NTP앵커CAS교집합=없음 | 제품명토큰교집합= | 문서추출문자수=8163,159351-69-6,52315-07-8,sds_v1,sds_v1,sds_v1,True,True,True,중간
MIX631,DPX-E9636-38,DPX Mountant for Microscopy & Histology,ingredient_source_audit/highlighted/f4e4a7f8070bdae6_highlighted.pdf,local,오연결,CAS불일치,"우리CAS(1)['122931-48-0'] vs 문서Section3CAS(4)['1330-20-7', '22-00-9', '318-00-4', '84-74-2'] | NTP앵커CAS교집합=없음 | 제품명토큰교집합=dpx | 문서추출문자수=11597",1330-20-7|22-00-9|318-00-4|84-74-2,122931-48-0,sds_v1,ntp_measured,,True,False,N/A,중간
MIX633,Flumethrin(87.9),Flumethrin,ingredient_source_audit/ordered_option_runs/highlighted_sources/G007_69770-45-2_ChemBlink_Sigma_highlighted.pdf,local,일치,CAS일치,우리CAS(1)['69770-45-2'] vs 문서Section3CAS(1)['69770-45-2'] | NTP앵커CAS교집합=['69770-45-2'] | 문서본문에서 발견된 우리 성분명='flumethrin' | 제품명토큰교집합=flumethrin | 문서추출문자수=12744,69770-45-2,69770-45-2,sds_v1,sds_v1,sds_v1,False,False,False,높음
MIX634,Flumethrin(95.1),Flumethrin,ingredient_source_audit/ordered_option_runs/highlighted_sources/G007_69770-45-2_ChemBlink_Sigma_highlighted.pdf,local,일치,CAS일치,우리CAS(1)['69770-45-2'] vs 문서Section3CAS(1)['69770-45-2'] | NTP앵커CAS교집합=['69770-45-2'] | 문서본문에서 발견된 우리 성분명='flumethrin' | 제품명토큰교집합=flumethrin | 문서추출문자수=12744,69770-45-2,69770-45-2,sds_v1,sds_v1,sds_v1,False,False,False,높음
MIX638,Gharda Permethrin (95.3),Permethrin,ingredient_source_audit/ordered_option_runs/highlighted_sources/G003_52645-53-1_ChemBlink_Sigma_highlighted.pdf,local,일치,CAS일치,"우리CAS(1)['52645-53-1'] vs 문서Section3CAS(2)['52645-53-1', '58-00-2'] | NTP앵커CAS교집합=['52645-53-1'] | 문서본문에서 발견된 우리 성분명='permethrin' | 제품명토큰교집합=permethrin | 문서추출문자수=12801",52645-53-1|58-00-2,52645-53-1,,,sds_v1,N/A,N/A,False,높음
MIX639,Gharda Permethrin (94),Permethrin,ingredient_source_audit/ordered_option_runs/highlighted_sources/G003_52645-53-1_ChemBlink_Sigma_highlighted.pdf,local,일치,CAS일치,"우리CAS(1)['52645-53-1'] vs 문서Section3CAS(2)['52645-53-1', '58-00-2'] | NTP앵커CAS교집합=['52645-53-1'] | 문서본문에서 발견된 우리 성분명='permethrin' | 제품명토큰교집합=permethrin | 문서추출문자수=12801",52645-53-1|58-00-2,52645-53-1,,,sds_v1,N/A,N/A,False,높음
MIX64,Bispyribac-sodium,Bispyribac sodium salt,ingredient_source_audit/ordered_option_runs/highlighted_sources/G046_125401-92-5_ChemBlink_Sigma_highlighted.pdf,local,일치,제품명동일,우리CAS(1)['125401-92-5'] vs 문서Section3CAS(1)['125401-92-5'] | NTP앵커CAS교집합=없음 | 제품명토큰교집합=bispyribac|sodium | 문서추출문자수=10773,125401-92-5,125401-92-5,sds_v1,ntp_measured,,False,False,N/A,높음
MIX640,"Imidacloprid + Tau-fluvalinate + Tebuconazole Ready-to-Use Insecticide, Miticide to Fungicide",Shar-Teb 3.6FL Fungicide,ingredient_source_audit/highlighted/2bdcdd3c73826a4b_highlighted.pdf,local,부분일치,CAS일치,"우리CAS(3)['102851-06-9', '107534-96-3', '138261-41-3'] vs 문서Section3CAS(2)['107534-96-3', '56-81-5'] | NTP앵커CAS교집합=['107534-96-3'] | 문서본문에서 발견된 우리 성분명='tebuconazole' | 제품명토큰교집합= | 문서추출문자수=11902",107534-96-3|56-81-5,102851-06-9|107534-96-3|138261-41-3,sds_2nd_sec11,sds_2nd_sec11,sds_2nd_sec11,False,False,False,높음
MIX641,Lannate LV,"""DuPont"" ""LANNATE"" SP INSECTICIDE",ingredient_source_audit/highlighted/805bea43809b1f79_highlighted.pdf,local,부분일치,CAS일치,"우리CAS(2)['108-94-1', '16752-77-5'] vs 문서Section3CAS(1)['16752-77-5'] | NTP앵커CAS교집합=['16752-77-5'] | 문서본문에서 발견된 우리 성분명='methomyl' | 제품명토큰교집합=lannate | 문서추출문자수=10157",16752-77-5,108-94-1|16752-77-5,,sds_v1,sds_v1,N/A,False,False,높음
MIX643,Magnate 75 SG (75.25),Mancozeb,ingredient_source_audit/ordered_option_runs/highlighted_sources/G051_8018-01-7_ChemBlink_Sigma_highlighted.pdf,local,오연결,CAS불일치,"우리CAS(1)['35554-44-0'] vs 문서Section3CAS(2)['76-00-1', '8018-01-7'] | NTP앵커CAS교집합=없음 | 제품명토큰교집합= | 문서추출문자수=13731",76-00-1|8018-01-7,35554-44-0,,,sds_v1,N/A,N/A,True,중간
MIX644,Metalaxyl,Metalaxyl,ingredient_source_audit/ordered_option_runs/highlighted_sources/G020_57837-19-1_ChemBlink_Sigma_highlighted.pdf,local,일치,CAS일치,"우리CAS(1)['57837-19-1'] vs 문서Section3CAS(2)['425-00-6', '57837-19-1'] | NTP앵커CAS교집합=['57837-19-1'] | 문서본문에서 발견된 우리 성분명='metalaxyl' | 제품명토큰교집합=metalaxyl | 문서추출문자수=11770",425-00-6|57837-19-1,57837-19-1,,,sds_v1,N/A,N/A,False,높음
MIX645,Metarex 4% Snail to Slug Bait,Metarex® 4% Snail & Slug bait,ingredient_source_audit/highlighted/9e4e42c3ac50daf5_highlighted.pdf,local,부분일치,CAS일치,우리CAS(1)['108-62-3'] vs 문서Section3CAS(1)['108-62-3'] | NTP앵커CAS교집합=['108-62-3'] | 문서본문에서 발견된 우리 성분명='metaldehyde' | 제품명토큰교집합=metarex|slug|snail | 문서추출문자수=11746,108-62-3,108-62-3,sds_v1,sds_v1,sds_v1,False,False,False,높음
MIX646,Metsulfuron Methyl 75XP,Metsulfuron-methyl,ingredient_source_audit/ordered_option_runs/highlighted_sources/G021_74223-64-6_ChemBlink_Sigma_highlighted.pdf,local,부분일치,CAS일치,"우리CAS(1)['74223-64-6'] vs 문서Section3CAS(2)['139-00-2', '74223-64-6'] | NTP앵커CAS교집합=['74223-64-6'] | 문서본문에서 발견된 우리 성분명='metsulfuron-methyl' | 제품명토큰교집합=methyl|metsulfuron | 문서추출문자수=10621 | 수동판정(규칙엔진=일치→부분일치); 제품명/상표명 지식 및 문서 기재 제품명 'Metsulfuron-methyl' 대조",139-00-2|74223-64-6,74223-64-6,,,,N/A,N/A,N/A,높음
MIX648,Optiguard Cockroach Bait,OPTIGARD® COCKROACH GEL BAIT,ingredient_source_audit/highlighted/5408a948c3719c1a_highlighted.pdf,local,일치,외부지식,우리CAS(0)[] vs 문서Section3CAS(1)['155569-91-8'] | NTP앵커CAS교집합=없음 | 제품명토큰교집합=cockroach | 문서추출문자수=11664 | 수동판정(규칙엔진=상표명대응→일치); 제품명/상표명 지식 및 문서 기재 제품명 'OPTIGARD® COCKROACH GEL BAIT' 대조,155569-91-8,,sds_2nd_sec11,sds_v1,sds_v1,False,False,False,중간
MIX649,Optiguard Liquid Ant Bait,OPTIGARD® ANT GEL BAIT,ingredient_source_audit/highlighted/7ba557c94bd50f41_highlighted.pdf,local,부분일치,CAS일치,우리CAS(1)['153719-23-4'] vs 문서Section3CAS(1)['153719-23-4'] | NTP앵커CAS교집합=['153719-23-4'] | 문서본문에서 발견된 우리 성분명='thiamethoxam' | 제품명토큰교집합=ant | 문서추출문자수=10122,153719-23-4,153719-23-4,sds_v1,sds_v1,sds_v1,False,False,False,높음
MIX653,Prosper T400 Insecticide to Fungicide,PROSARO® PRO 400 SC FUNGICIDE,ingredient_source_audit/highlighted/c6d5d767ddf927ac_highlighted.pdf,local,오연결,CAS불일치,"우리CAS(4)['141517-21-7', '210880-92-5', '5234-68-4', '57837-19-1'] vs 문서Section3CAS(3)['107534-96-3', '178928-70-6', '658066-35-4'] | NTP앵커CAS교집합=없음 | 제품명토큰교집합= | 문서추출문자수=10312",107534-96-3|178928-70-6|658066-35-4,141517-21-7|210880-92-5|5234-68-4|57837-19-1,sds_v1,sds_v1,sds_v1,True,True,True,중간
MIX655,Raxil MD Extra,RAXIL® PRO MD,ingredient_source_audit/highlighted/bdbc689f4ca255df_highlighted.pdf,local,부분일치,CAS일치,"우리CAS(3)['107534-96-3', '35554-44-0', '57837-19-1'] vs 문서Section3CAS(4)['107534-96-3', '178928-70-6', '57837-19-1', '61791-26-2'] | NTP앵커CAS교집합=['107534-96-3', '57837-19-1'] | 문서본문에서 발견된 우리 성분명='tebuconazole; metalaxyl' | 제품명토큰교집합=raxil | 문서추출문자수=10063",107534-96-3|178928-70-6|57837-19-1|61791-26-2,107534-96-3|35554-44-0|57837-19-1,sds_v1,sds_v1,sds_v1,False,False,False,높음
MIX656,Sargeant's Spot-On for Cats,"Sergeant's Flea and Ticks Collar for Cat and Kittens (Sergeant's Flea & Ticks Collar for Cat, 50142)",ingredient_source_audit/highlighted/432d2abe9bf99208_highlighted.pdf,local,오연결,CAS불일치,"우리CAS(3)['120068-37-3', '65733-16-6', '80844-07-1'] vs 문서Section3CAS(4)['114-26-1', '13463-67-7', '141-04-8', '57-11-4'] | NTP앵커CAS교집합=없음 | 제품명토큰교집합= | 문서추출문자수=11967",114-26-1|13463-67-7|141-04-8|57-11-4,120068-37-3|65733-16-6|80844-07-1,,,,N/A,N/A,N/A,중간
MIX657,Secure,SECURE®,ingredient_source_audit/highlighted/07b831dc4893f348_highlighted.pdf,local,일치,CAS불일치,"우리CAS(2)['55406-53-6', '7173-51-5'] vs 문서Section3CAS(1)['79622-59-6'] | NTP앵커CAS교집합=없음 | 제품명토큰교집합=secure | 문서추출문자수=10912",79622-59-6,55406-53-6|7173-51-5,sds_v1,sds_v1,sds_v1,False,False,False,높음
MIX658,"Storicide II Grain, Bin to Warehouse Insecticide",Segment II,ingredient_source_audit/highlighted/1f0b0a5e2dd8c0a0_highlighted.pdf,local,오연결,CAS불일치,"우리CAS(2)['52918-63-5', '5598-13-0'] vs 문서Section3CAS(6)['108-88-3', '127087-87-0', '64742-94-5', '74051-80-2', '91-20-3', '98-82-8'] | NTP앵커CAS교집합=없음 | 제품명토큰교집합= | 문서추출문자수=9343",108-88-3|127087-87-0|64742-94-5|74051-80-2|91-20-3|98-82-8,52918-63-5|5598-13-0,sds_v1,sds_v1,sds_v1,True,True,True,중간
MIX659,Touchdown Diquat Home to Garden Concentrate,TOUCHDOWN® CT,ingredient_source_audit/highlighted/8c2506158824e7b6_highlighted.pdf,local,부분일치,CAS일치,"우리CAS(2)['1071-83-6', '85-00-7'] vs 문서Section3CAS(1)['1071-83-6'] | NTP앵커CAS교집합=['1071-83-6'] | 문서본문에서 발견된 우리 성분명='glyphosate' | 제품명토큰교집합=touchdown | 문서추출문자수=11135",1071-83-6,1071-83-6|85-00-7,sds_v1,sds_v1,sds_v1,False,False,False,높음
MIX660,TC 25,Self Leveling Cement - White (Product Code: 60-TC25-00),ingredient_source_audit/highlighted/d4fa7aa2418e16ca_highlighted.pdf,local,오연결,조성불일치,"우리CAS(1)['7631-86-9'] vs 문서Section3CAS(7)['13397-24-5', '14808-60-7', '471-34-1', '65997-15-1', '65997-16-2', '7631-86-9', '7778-18-9'] | NTP앵커CAS교집합=없음 | 제품명토큰교집합= | 문서추출문자수=13849",13397-24-5|14808-60-7|471-34-1|65997-15-1|65997-16-2|7631-86-9|7778-18-9,7631-86-9,sds_v1,sds_v1,sds_v1,True,True,True,낮음
MIX661,Accent Q Herbicide,Accent™ Herbicide,ingredient_source_audit/highlighted/9962c8206af8c05f_highlighted.pdf,local,부분일치,CAS일치,"우리CAS(2)['111991-09-4', '1332-58-7'] vs 문서Section3CAS(6)['11067-82-6', '111991-09-4', '1332-58-7', '14808-60-7', '57-50-1', '68425-94-5'] | NTP앵커CAS교집합=['111991-09-4'] | 문서본문에서 발견된 우리 성분명='nicosulfuron' | 제품명토큰교집합=accent | 문서추출문자수=12785",11067-82-6|111991-09-4|1332-58-7|14808-60-7|57-50-1|68425-94-5,111991-09-4|1332-58-7,sds_v1,sds_v1,sds_v1,False,False,False,높음
MIX662,Acetochlor 3.1 + ATZ 2.5,Sharda Acetochlor 75.9% EC,ingredient_source_audit/highlighted/85741f2d78a06771_highlighted.pdf,local,부분일치,CAS일치,"우리CAS(2)['1912-24-9', '34256-82-1'] vs 문서Section3CAS(3)['34256-82-1', '37764-25-3', '64742-94-5'] | NTP앵커CAS교집합=['34256-82-1'] | 문서본문에서 발견된 우리 성분명='acetochlor' | 제품명토큰교집합=acetochlor | 문서추출문자수=12822",34256-82-1|37764-25-3|64742-94-5,1912-24-9|34256-82-1,sds_v1,sds_v1,sds_v1,False,False,False,높음
MIX663,Acticide CBM 2,ACTICIDE LT 2,ingredient_source_audit/highlighted/12a20a7d33fd2fb8_highlighted.pdf,local,오연결,CAS불일치,"우리CAS(3)['26172-55-4', '2634-33-5', '2682-20-4'] vs 문서Section3CAS(4)['112-00-5', '26530-20-1', '52-51-7', '85-00-8'] | NTP앵커CAS교집합=없음 | 제품명토큰교집합=acticide | 문서추출문자수=14556",112-00-5|26530-20-1|52-51-7|85-00-8,26172-55-4|2634-33-5|2682-20-4,sds_v1,sds_v1,sds_v1,True,True,True,중간
MIX664,Aqucar GA 23 SB Water Treatment Microbiocide,AQUCAR™ DB 20 Water Treatment Microbiocide,ingredient_source_audit/highlighted/325b84821da25c8f_highlighted.pdf,local,오연결,CAS불일치,"우리CAS(1)['111-30-8'] vs 문서Section3CAS(3)['10222-01-2', '25322-68-3', '7647-15-6'] | NTP앵커CAS교집합=없음 | 제품명토큰교집합=aqucar|microbiocide|treatment | 문서추출문자수=10470",10222-01-2|25322-68-3|7647-15-6,111-30-8,sds_v1,sds_v1,sds_v1,True,True,True,중간
MIX67,Bonide Spinosad Dust,Bonide Captain Jack's Deadbug Brew Ready to Use,ingredient_source_audit/highlighted/17da382f7c9090ef_highlighted.pdf,local,부분일치,외부지식,"우리CAS(1)['168316-95-8'] vs 문서Section3CAS(2)['131929-60-7', '131929-63-0'] | NTP앵커CAS교집합=없음 | 제품명토큰교집합=bonide | 문서추출문자수=12770 | 수동판정(규칙엔진=상표명대응→부분일치); 제품명/상표명 지식 및 문서 기재 제품명 'Bonide Captain Jack's Deadbug Brew Ready to Use' 대조",131929-60-7|131929-63-0,168316-95-8,sds_v1,ntp_measured,sds_v1,False,False,False,중간
MIX670,Bifenthrin 0.069 RU Insecticide With X-X-X Fertilizer,BIFEN G/N 7.9F SELECT,ingredient_source_audit/highlighted/c2a5d1d533d1d7dc_highlighted.pdf,local,부분일치,외부지식,"우리CAS(1)['82657-04-3'] vs 문서Section3CAS(2)['56-81-5', '82657-04-3'] | NTP앵커CAS교집합=없음 | 제품명토큰교집합= | 문서추출문자수=11730 | 수동판정(규칙엔진=오연결→부분일치); 제품명/상표명 지식 및 문서 기재 제품명 'BIFEN G/N 7.9F SELECT' 대조",56-81-5|82657-04-3,82657-04-3,sds_v1,sds_v1,sds_v1,False,False,False,중간
MIX672,Calypso 4F,Thiacloprid,ingredient_source_audit/ordered_option_runs/highlighted_sources/G049_111988-49-9_ChemBlink_Sigma_highlighted.pdf,local,부분일치,CAS일치,"우리CAS(2)['111988-49-9', '2634-33-5'] vs 문서Section3CAS(1)['111988-49-9'] | NTP앵커CAS교집합=['111988-49-9'] | 문서본문에서 발견된 우리 성분명='thiacloprid' | 제품명토큰교집합= | 문서추출문자수=12754",111988-49-9,111988-49-9|2634-33-5,sds_v1,sds_v1,sds_v1,False,False,False,높음
MIX673,Bravo 500,BRAVO® 500 Agricultural Fungicide,ingredient_source_audit/highlighted/2c79150e1f7871dd_highlighted.pdf,local,일치,CAS일치,"우리CAS(1)['1897-45-6'] vs 문서Section3CAS(2)['1897-45-6', '57-55-6'] | NTP앵커CAS교집합=['1897-45-6'] | 문서본문에서 발견된 우리 성분명='chlorothalonil' | 제품명토큰교집합=500|bravo | 문서추출문자수=14971",1897-45-6|57-55-6,1897-45-6,,,,N/A,N/A,N/A,높음
MIX674,Bravo Zn,BRAVO® ZN,ingredient_source_audit/highlighted/9a020e1fccdfd6be_highlighted.pdf,local,일치,CAS일치,"우리CAS(2)['1314-13-2', '1897-45-6'] vs 문서Section3CAS(4)['112926-00-8', '1314-13-2', '1897-45-6', '57-55-6'] | NTP앵커CAS교집합=['1897-45-6'] | 문서본문에서 발견된 우리 성분명='chlorothalonil' | 제품명토큰교집합=bravo | 문서추출문자수=11803",112926-00-8|1314-13-2|1897-45-6|57-55-6,1314-13-2|1897-45-6,sds_v1,,sds_v1,False,N/A,False,높음
MIX675,Charger,CHARGER BASIC®,ingredient_source_audit/highlighted/ff8ff0d5dc0a5fb6_highlighted.pdf,local,부분일치,CAS불일치,"우리CAS(1)['240494-70-6'] vs 문서Section3CAS(3)['64742-94-5', '87392-12-9', '91-20-3'] | NTP앵커CAS교집합=없음 | 제품명토큰교집합=charger | 문서추출문자수=6391 | 수동판정(규칙엔진=일치→부분일치); 제품명/상표명 지식 및 문서 기재 제품명 'CHARGER BASIC®' 대조",64742-94-5|87392-12-9|91-20-3,240494-70-6,sds_v1,,sds_v1,False,N/A,False,높음
MIX678,Cloak Ex Bulk Product,Cloak Herbicide,ingredient_source_audit/highlighted/ee09399aa0b180cf_highlighted.pdf,local,부분일치,CAS일치,"우리CAS(2)['101200-48-0', '90982-32-4'] vs 문서Section3CAS(6)['112945-52-5', '1332-58-7', '13463-67-7', '14808-60-7', '21087-64-9', '90982-32-4'] | NTP앵커CAS교집합=['90982-32-4'] | 문서본문에서 발견된 우리 성분명='chlorimuron-ethyl' | 제품명토큰교집합=cloak | 문서추출문자수=15587",112945-52-5|1332-58-7|13463-67-7|14808-60-7|21087-64-9|90982-32-4,101200-48-0|90982-32-4,sds_v1,,sds_v1,False,N/A,False,높음
MIX679,Consus Glyphosate,Glyphosate,ingredient_source_audit/ordered_option_runs/highlighted_sources/G008_1071-83-6_ChemBlink_Sigma_highlighted.pdf,local,일치,CAS일치,"우리CAS(1)['1071-83-6'] vs 문서Section3CAS(2)['1071-83-6', '315-00-8'] | NTP앵커CAS교집합=['1071-83-6'] | 문서본문에서 발견된 우리 성분명='glyphosate' | 제품명토큰교집합=glyphosate | 문서추출문자수=12512",1071-83-6|315-00-8,1071-83-6,sds_v1,sds_v1,,False,False,N/A,높음
MIX680,Countdown L&G,"LGES Lithium- Ion Rechargeable Battery Pack (Model : SM-F936U, P/N : EB-BA937ABY L)",ingredient_source_audit/highlighted/211659426162fdb3_highlighted.pdf,local,오연결,CAS불일치,"우리CAS(1)['1897-45-6'] vs 문서Section3CAS(18)['101-55-3', '106-36-5', '108-32-7', '1120-71-4', '12190-79-3', '18540-29-9', '21324-40-3', '24937-79-9'] | NTP앵커CAS교집합=없음 | 제품명토큰교집합= | 문서추출문자수=9367",101-55-3|106-36-5|108-32-7|1120-71-4|12190-79-3|18540-29-9|21324-40-3|24937-79-9|59080-40-9|7429-90-5|7439-92-1|7439-97-5|7440-02-0|7440-43-9|7440-50-8|7782-42-5|9002-88-4|96-49-1,1897-45-6,,,sds_v1,N/A,N/A,True,중간
MIX681,Cypermethrin(95%),Cypermethrin,ingredient_source_audit/highlighted/38ca16b56281cb72_highlighted.pdf,local,일치,조성일치,우리CAS(0)[] vs 문서Section3CAS(1)['52315-07-8'] | NTP앵커CAS교집합=없음 | 제품명토큰교집합=cypermethrin | 문서추출문자수=11530,52315-07-8,,sds_2nd_sec11,sds_2nd_sec11,sds_2nd_sec11,False,False,False,중간
MIX682,Daconil 2787 Flowable Fungicide,Daconil 50%WP (Trade Name: Daconil 2787),ingredient_source_audit/highlighted/9e29024278ed40f0_highlighted.pdf,local,부분일치,CAS일치,우리CAS(1)['1897-45-6'] vs 문서Section3CAS(1)['1897-45-6'] | NTP앵커CAS교집합=['1897-45-6'] | 문서본문에서 발견된 우리 성분명='chlorothalonil' | 제품명토큰교집합=2787|daconil | 문서추출문자수=10728,1897-45-6,1897-45-6,sds_v1,sds_v1,sds_v1,False,False,False,높음
MIX683,Daconil Zn Flowable Fungicide,DACONIL ZN® Flowable Fungicide,ingredient_source_audit/highlighted/682db1cfcf164af3_highlighted.pdf,local,일치,CAS일치,"우리CAS(2)['1314-13-2', '1897-45-6'] vs 문서Section3CAS(4)['112926-00-8', '1314-13-2', '1897-45-6', '57-55-6'] | NTP앵커CAS교집합=['1897-45-6'] | 문서본문에서 발견된 우리 성분명='tetrachloroisophthalonitrile' | 제품명토큰교집합=daconil | 문서추출문자수=12119",112926-00-8|1314-13-2|1897-45-6|57-55-6,1314-13-2|1897-45-6,,sds_v1,sds_v1,N/A,False,False,높음
MIX684,Chemsico Pesticide Concentrate WI-S,Plexcide B7 / WELLGUARD(TM) 7030 Biocide / Boric Acid / CARBOLITE® / LS-496 등 다수 MSDS 묶음 (워크북 제품명 'Chemsico Pesticide Concentrate WI-S' 은 문서에 없음),ingredient_source_audit/highlighted/db5454d3af76146c_highlighted.pdf,local,오연결,CAS불일치,"우리CAS(5)['2008-39-1', '2300-66-5', '32351-70-5', '64-19-7', '76703-62-3'] vs 문서Section3CAS(3)['50-00-0', '67-63-0', '84133-50-6'] | NTP앵커CAS교집합=없음 | 제품명토큰교집합=chemsico|pesticide | 문서추출문자수=18944 | 수동판정(규칙엔진=일치→오연결); 제품명/상표명 지식 및 문서 기재 제품명 'Plexcide B7 / WELLGUARD(TM) 7030 Biocide / Boric Acid / CARB' 대조",50-00-0|67-63-0|84133-50-6,2008-39-1|2300-66-5|32351-70-5|64-19-7|76703-62-3,,,,N/A,N/A,N/A,중간
MIX685,Chemsico Pesticide Granules WI-S,Plexcide B7 / WELLGUARD(TM) 7030 Biocide / Boric Acid / CARBOLITE® / LS-496 등 다수 MSDS 묶음 (워크북 제품명 'Chemsico Pesticide Concentrate WI-S' 은 문서에 없음),ingredient_source_audit/highlighted/db5454d3af76146c_highlighted.pdf,local,오연결,CAS불일치,"우리CAS(5)['2008-39-1', '2300-66-5', '32351-70-5', '64-19-7', '76703-62-3'] vs 문서Section3CAS(3)['50-00-0', '67-63-0', '84133-50-6'] | NTP앵커CAS교집합=없음 | 제품명토큰교집합=chemsico|pesticide | 문서추출문자수=18944",50-00-0|67-63-0|84133-50-6,2008-39-1|2300-66-5|32351-70-5|64-19-7|76703-62-3,,,,N/A,N/A,N/A,중간
MIX686,Disarm G Fungicide,Disarm G Fungicide,ingredient_source_audit/highlighted/20247b2240baedb9_highlighted.pdf,local,일치,CAS일치,"우리CAS(2)['361377-29-9', '97-64-3'] vs 문서Section3CAS(3)['1302-78-9', '361377-29-9', '97-64-3'] | NTP앵커CAS교집합=['361377-29-9'] | 문서본문에서 발견된 우리 성분명='fluoxastrobin' | 제품명토큰교집합=disarm | 문서추출문자수=13046",1302-78-9|361377-29-9|97-64-3,361377-29-9|97-64-3,sds_v1,,sds_v1,False,N/A,False,높음
MIX688,EH-1480 Herbicide,ROUNDUP PROMAX® HERBICIDE,ingredient_source_audit/highlighted/5fd6dcca038e5f26_highlighted.pdf,local,오연결,CAS불일치,"우리CAS(4)['2008-39-1', '2300-66-5', '84087-01-4', '97886-45-8'] vs 문서Section3CAS(1)['70901-12-1'] | NTP앵커CAS교집합=없음 | 제품명토큰교집합= | 문서추출문자수=10812",70901-12-1,2008-39-1|2300-66-5|84087-01-4|97886-45-8,,sds_v1,sds_v1,N/A,True,True,중간
MIX69,Boscalid,Boscalid,ingredient_source_audit/ordered_option_runs/highlighted_sources/G045_188425-85-6_ChemBlink_Sigma_highlighted.pdf,local,일치,제품명동일,우리CAS(1)['188425-85-6'] vs 문서Section3CAS(1)['188425-85-6'] | NTP앵커CAS교집합=없음 | 제품명토큰교집합=boscalid | 문서추출문자수=11220,188425-85-6,188425-85-6,,ntp_measured,,N/A,False,N/A,높음
MIX691,FujiMite 5 EC Miticide/Insecticide,FujiMite® SC Miticide/Insecticide,ingredient_source_audit/highlighted/ebe7b049d9b30a6a_highlighted.pdf,local,부분일치,CAS일치,"우리CAS(1)['134098-61-6'] vs 문서Section3CAS(2)['134098-61-6', '57-55-6'] | NTP앵커CAS교집합=['134098-61-6'] | 문서본문에서 발견된 우리 성분명='fenpyroximate' | 제품명토큰교집합=fujimite|miticide | 문서추출문자수=8664",134098-61-6|57-55-6,134098-61-6,sds_v1,sds_v1,sds_v1,False,False,False,높음
MIX693,GF-1593 Naturalyte Insect Control,ENTRUST™ NATURALYTE™ Insect Control,ingredient_source_audit/highlighted/f11df1a2ad8d1f36_highlighted.pdf,local,상표명대응,조성일치,"우리CAS(1)['168316-95-8'] vs 문서Section3CAS(4)['112926-00-8', '131929-60-7', '131929-63-0', '1332-58-7'] | NTP앵커CAS교집합=없음 | 제품명토큰교집합=control|insect|naturalyte | 문서추출문자수=10620",112926-00-8|131929-60-7|131929-63-0|1332-58-7,168316-95-8,sds_v1,,sds_v1,False,N/A,False,중간
MIX695,Glyphosphate (99),Glyphosate,ingredient_source_audit/highlighted/9b695a4a94f1976f_highlighted.pdf,local,상표명대응,CAS일치,우리CAS(1)['1071-83-6'] vs 문서Section3CAS(1)['1071-83-6'] | NTP앵커CAS교집합=없음 | 제품명토큰교집합= | 문서추출문자수=11655 | 2차재검: 문서Section3 CAS와 우리 활성성분 CAS 교집합 존재 및 상표명↔활성성분 지식 대조로 오연결→상표명대응 수정,1071-83-6,1071-83-6,sds_v1,,,False,N/A,N/A,중간
MIX696,GF-1983 Naturalyte Insect Control,Success* Naturalyte* Insect Control,ingredient_source_audit/highlighted/36ca77b1523b7c92_highlighted.pdf,local,상표명대응,조성일치,"우리CAS(1)['168316-95-8'] vs 문서Section3CAS(3)['131929-60-7', '131929-63-0', '57-55-6'] | NTP앵커CAS교집합=없음 | 제품명토큰교집합=control|insect|naturalyte | 문서추출문자수=17963",131929-60-7|131929-63-0|57-55-6,168316-95-8,sds_2nd,sds_2nd_sec11,sds_v1,False,False,False,중간
MIX699,Klean-Pik 500 SC,Klean-Pik 500SC,ingredient_source_audit/highlighted/486166a25a3a5f01_highlighted.pdf,local,부분일치,CAS일치,"우리CAS(2)['51707-55-2', '57-55-6'] vs 문서Section3CAS(1)['51707-55-2'] | NTP앵커CAS교집합=['51707-55-2'] | 문서본문에서 발견된 우리 성분명='thidiazuron' | 제품명토큰교집합=klean|pik | 문서추출문자수=12543",51707-55-2,51707-55-2|57-55-6,,,sds_v1,N/A,N/A,False,높음
MIX7,241-GOL Acrobat MZ WDG Fungicide,ACROBAT MZ 90/600 WG,ingredient_source_audit/highlighted/0c22b97aa385a2ea_highlighted.pdf,local,일치,CAS일치,"우리CAS(2)['110488-70-5', '8018-01-7'] vs 문서Section3CAS(3)['110488-70-5', '8018-01-7', '8061-51-6'] | NTP앵커CAS교집합=['110488-70-5', '8018-01-7'] | 문서본문에서 발견된 우리 성분명='dimethomorph; mancozeb' | 제품명토큰교집합=acrobat | 문서추출문자수=9783 | 수동판정(규칙엔진=부분일치→일치); 제품명/상표명 지식 및 문서 기재 제품명 'ACROBAT MZ 90/600 WG' 대조",110488-70-5|8018-01-7|8061-51-6,110488-70-5|8018-01-7,sds_v1,sds_v1,phase1_sds,False,False,False,높음
MIX70,BAS 700 01 Fungicide,Delan 700 WDG,ingredient_source_audit/highlighted/9b558968bd22955b_highlighted.pdf,local,오연결,CAS불일치,"우리CAS(1)['907204-31-3'] vs 문서Section3CAS(4)['1332-58-7', '21-00-0', '3347-22-6', '7783-20-2'] | NTP앵커CAS교집합=없음 | 제품명토큰교집합=700 | 문서추출문자수=10502",1332-58-7|21-00-0|3347-22-6|7783-20-2,907204-31-3,sds_v1,ntp_measured,sds_v1,True,False,True,중간
MIX701,NEUl l 71H RTU,Move-It Total Moss & Moss,ingredient_source_audit/highlighted/fef9f862170fcdc4_highlighted.pdf,local,오연결,CAS불일치,우리CAS(1)['123-33-1'] vs 문서Section3CAS(1)['7732-18-5'] | NTP앵커CAS교집합=없음 | 제품명토큰교집합= | 문서추출문자수=16012,7732-18-5,123-33-1,sds_v1,sds_v1,sds_v1,True,True,True,중간
MIX704,Regiment Herbicide,Regiment® Herbicide,ingredient_source_audit/highlighted/20fc174c37b0b8b7_highlighted.pdf,local,일치,CAS일치,우리CAS(1)['125401-92-5'] vs 문서Section3CAS(1)['125401-92-5'] | NTP앵커CAS교집합=['125401-92-5'] | 문서본문에서 발견된 우리 성분명='bispyribac-sodium' | 제품명토큰교집합=regiment | 문서추출문자수=12822,125401-92-5,125401-92-5,sds_v1,sds_v1,sds_v1,False,False,False,높음
MIX706,Safari 2 G Insecticide,Safari® 2 G Insecticide,ingredient_source_audit/highlighted/fbcb2b66abf8a46d_highlighted.pdf,local,일치,CAS일치,"우리CAS(2)['165252-70-0', '7631-86-9'] vs 문서Section3CAS(3)['165252-70-0', '7631-86-9', '9004-34-6'] | NTP앵커CAS교집합=['165252-70-0'] | 문서본문에서 발견된 우리 성분명='dinotefuran' | 제품명토큰교집합=safari | 문서추출문자수=15590",165252-70-0|7631-86-9|9004-34-6,165252-70-0|7631-86-9,sds_v1,,sds_v1,False,N/A,False,높음
MIX707,DuPont DPX-QFU31 (MP) Herbicide,BETAPRIME™ Clear Advanced Glass Primer,ingredient_source_audit/highlighted/007338f20494e126_highlighted.pdf,local,오연결,CAS불일치,"우리CAS(2)['1982-69-0', '79277-67-1'] vs 문서Section3CAS(4)['142-82-5', '1760-24-3', '4420-74-0', '5575-43-9'] | NTP앵커CAS교집합=없음 | 제품명토큰교집합= | 문서추출문자수=9914",142-82-5|1760-24-3|4420-74-0|5575-43-9,1982-69-0|79277-67-1,,,sds_v1,N/A,N/A,True,중간
MIX708,Safer Brand Garden Fungicide RTU II,Safer's Defender Garden Fungicide RTU,ingredient_source_audit/highlighted/a11cb779f8ee7b47_highlighted.pdf,local,부분일치,CAS일치,"우리CAS(1)['7704-34-9'] vs 문서Section3CAS(2)['4080-31-3', '7704-34-9'] | NTP앵커CAS교집합=['7704-34-9'] | 제품명토큰교집합=rtu|safer | 문서추출문자수=15272",4080-31-3|7704-34-9,7704-34-9,sds_v1,sds_v1,sds_v1,False,False,False,높음
MIX709,Safer Garden Fungicide Ready to Use,Safer's Defender Garden Fungicide RTU,ingredient_source_audit/highlighted/a11cb779f8ee7b47_highlighted.pdf,local,부분일치,CAS일치,"우리CAS(1)['7704-34-9'] vs 문서Section3CAS(2)['4080-31-3', '7704-34-9'] | NTP앵커CAS교집합=['7704-34-9'] | 제품명토큰교집합=safer | 문서추출문자수=15272",4080-31-3|7704-34-9,7704-34-9,sds_v1,sds_v1,sds_v1,False,False,False,높음
MIX710,Scholar EZ,SCHOLAR® SC FUNGICIDE,ingredient_source_audit/highlighted/60d7e67a9693d0bb_highlighted.pdf,local,부분일치,CAS일치,우리CAS(1)['131341-86-1'] vs 문서Section3CAS(1)['131341-86-1'] | NTP앵커CAS교집합=['131341-86-1'] | 문서본문에서 발견된 우리 성분명='fludioxonil' | 제품명토큰교집합=scholar | 문서추출문자수=10056,131341-86-1,131341-86-1,sds_v1,sds_v1,sds_v1,False,False,False,높음
MIX711,Shelter Island Plus - White,Plexcide B7 / WELLGUARD(TM) 7030 Biocide / Boric Acid / CARBOLITE® / LS-496 등 다수 MSDS 묶음 (워크북 제품명 'Chemsico Pesticide Concentrate WI-S' 은 문서에 없음),ingredient_source_audit/highlighted/db5454d3af76146c_highlighted.pdf,local,오연결,CAS불일치,"우리CAS(3)['122454-29-9', '13463-41-7', '64-19-7'] vs 문서Section3CAS(3)['50-00-0', '67-63-0', '84133-50-6'] | NTP앵커CAS교집합=없음 | 제품명토큰교집합= | 문서추출문자수=18944",50-00-0|67-63-0|84133-50-6,122454-29-9|13463-41-7|64-19-7,phase1_sds,phase1_sds,phase1_sds,False,False,False,중간
MIX712,Steadfast Q Herbicide,DuPont™ Steadfast® Q Herbicide,ingredient_source_audit/highlighted/cf5c8e1ff111ba1a_highlighted.pdf,local,일치,CAS일치,"우리CAS(3)['111991-09-4', '122931-48-0', '13463-67-7'] vs 문서Section3CAS(3)['111991-09-4', '122931-48-0', '13463-67-7'] | NTP앵커CAS교집합=['111991-09-4', '122931-48-0'] | 문서본문에서 발견된 우리 성분명='nicosulfuron; rimsulfuron' | 제품명토큰교집합=steadfast | 문서추출문자수=9813",111991-09-4|122931-48-0|13463-67-7,111991-09-4|122931-48-0|13463-67-7,sds_v1,sds_v1,sds_v1,False,False,False,높음
MIX713,Solida Grande Herbicide,Panida Grande Herbicide,ingredient_source_audit/highlighted/14d714da9b8aadd6_highlighted.pdf,local,오연결,CAS불일치,"우리CAS(2)['111991-09-4', '122931-48-0'] vs 문서Section3CAS(1)['40487-42-1'] | NTP앵커CAS교집합=없음 | 제품명토큰교집합=grande | 문서추출문자수=18994",40487-42-1,111991-09-4|122931-48-0,sds_v1,sds_v1,sds_v1,True,True,True,중간
MIX714,Tebuconazole Fungicide(93.4%),TEBUCONAZOLE 4L,ingredient_source_audit/highlighted/94526ffb471950db_highlighted.pdf,local,부분일치,CAS일치,우리CAS(1)['107534-96-3'] vs 문서Section3CAS(1)['107534-96-3'] | NTP앵커CAS교집합=['107534-96-3'] | 문서본문에서 발견된 우리 성분명='tebuconazole' | 제품명토큰교집합=tebuconazole | 문서추출문자수=12327,107534-96-3,107534-96-3,,ntp_measured,,N/A,False,N/A,높음
MIX715,Texan Glyphosate,Glyphosate,ingredient_source_audit/ordered_option_runs/highlighted_sources/G008_1071-83-6_ChemBlink_Sigma_highlighted.pdf,local,일치,CAS일치,"우리CAS(1)['1071-83-6'] vs 문서Section3CAS(2)['1071-83-6', '315-00-8'] | NTP앵커CAS교집합=['1071-83-6'] | 문서본문에서 발견된 우리 성분명='glyphosate' | 제품명토큰교집합=glyphosate | 문서추출문자수=12512",1071-83-6|315-00-8,1071-83-6,sds_v1,sds_v1,sds_2nd_sec11,False,False,False,높음
MIX716,Thidiazuron 4 SC,Daze® 4SC,ingredient_source_audit/highlighted/a2464eb779e219dc_highlighted.pdf,local,부분일치,CAS일치,"우리CAS(1)['51707-55-2'] vs 문서Section3CAS(2)['51707-55-2', '57-55-6'] | NTP앵커CAS교집합=['51707-55-2'] | 문서본문에서 발견된 우리 성분명='thidiazuron' | 제품명토큰교집합= | 문서추출문자수=16984",51707-55-2|57-55-6,51707-55-2,sds_v1,sds_v1,sds_v1,False,False,False,높음
MIX717,Tide Glyphosate,Tide Glufosinate 280 SL Herbicide,ingredient_source_audit/highlighted/37212d92023115cc_highlighted.pdf,local,오연결,CAS불일치,"우리CAS(2)['38641-94-0', '61791-26-2'] vs 문서Section3CAS(4)['107-98-2', '68515-73-1', '68891-38-3', '77182-82-2'] | NTP앵커CAS교집합=없음 | 제품명토큰교집합=tide | 문서추출문자수=12558",107-98-2|68515-73-1|68891-38-3|77182-82-2,38641-94-0|61791-26-2,sds_v1,sds_v1,sds_v1,True,True,True,중간
MIX718,Tradewind Herbicide,Tradewind™ Herbicide,ingredient_source_audit/highlighted/4bc29bc791c4bacb_highlighted.pdf,local,일치,CAS일치,우리CAS(1)['125401-92-5'] vs 문서Section3CAS(1)['125401-92-5'] | NTP앵커CAS교집합=['125401-92-5'] | 문서본문에서 발견된 우리 성분명='bispyribac-sodium' | 제품명토큰교집합=tradewind | 문서추출문자수=14350,125401-92-5,125401-92-5,,sds_2nd_sec11,sds_v1,N/A,False,False,높음
MIX719,Troysan ALF4,TROYSOL AFL,ingredient_source_audit/highlighted/484c5bcd717e8d05_highlighted.pdf,local,오연결,CAS불일치,"우리CAS(3)['10605-21-7', '28159-98-0', '55406-53-6'] vs 문서Section3CAS(9)['108-67-8', '12001-85-3', '136-53-8', '64742-48-9', '64742-89-8', '64742-95-6', '8052-41-3', '95-63-6'] | NTP앵커CAS교집합=없음 | 제품명토큰교집합= | 문서추출문자수=18535",108-67-8|12001-85-3|136-53-8|64742-48-9|64742-89-8|64742-95-6|8052-41-3|95-63-6|98-82-8,10605-21-7|28159-98-0|55406-53-6,sds_v1,sds_v1,,True,True,N/A,중간
MIX72,BAS 703 01 F Fungicide,,ingredient_source_audit/highlighted/3ab695fc8ab105ae_highlighted.pdf,local,불명,판독불가,"우리CAS(2)['175013-18-0', '907204-31-3'] vs 문서Section3CAS(1)['907204-31-3'] | NTP앵커CAS교집합=없음 | 제품명토큰교집합= | 문서추출문자수=10461 | 수동판정(규칙엔진=오연결→불명); 제품명/상표명 지식 및 문서 기재 제품명 'nan' 대조",907204-31-3,175013-18-0|907204-31-3,,ntp_measured,,N/A,False,N/A,낮음
MIX749,DuPont Steadfast Q Herbicide,DuPont™ Steadfast® Q Herbicide,ingredient_source_audit/highlighted/cf5c8e1ff111ba1a_highlighted.pdf,local,일치,조성일치,"우리CAS(1)['111991-09-4'] vs 문서Section3CAS(3)['111991-09-4', '122931-48-0', '13463-67-7'] | NTP앵커CAS교집합=없음 | 제품명토큰교집합=dupont|steadfast | 문서추출문자수=9813",111991-09-4|122931-48-0|13463-67-7,111991-09-4,sds_v1,sds_v1,sds_v1,False,False,False,중간
MIX750,DuPont Accent Q Herbicide,DuPont™ Accent® Q Herbicide,ingredient_source_audit/highlighted/ffc8e951a6e0c8a2_highlighted.pdf,local,일치,제품명동일,"우리CAS(1)['111991-09-4'] vs 문서Section3CAS(2)['111991-09-4', '163520-33-0'] | NTP앵커CAS교집합=없음 | 제품명토큰교집합=accent|dupont | 문서추출문자수=11314",111991-09-4|163520-33-0,111991-09-4,,,,N/A,N/A,N/A,높음
MIX751,DuPont Accent SC,"""DuPont"" ""BASIS"" GOLD HERBICIDE",ingredient_source_audit/highlighted/d057912a8c97de36_highlighted.pdf,local,오연결,외부지식,"우리CAS(0)[] vs 문서Section3CAS(3)['111991-09-4', '122931-48-0', '1912-24-9'] | NTP앵커CAS교집합=없음 | 제품명토큰교집합=dupont | 문서추출문자수=8766 | 수동판정(규칙엔진=상표명대응→오연결); 제품명/상표명 지식 및 문서 기재 제품명 '""DuPont"" ""BASIS"" GOLD HERBICIDE' 대조",111991-09-4|122931-48-0|1912-24-9,,phase1_sds,phase1_sds,sds_v1,False,False,True,중간
MIX752,DuPont DPX-KJM44 80 MUP Herbicide,"DuPont™ Canopy® Herbicide (Tradename/Synonym: CANOPY 75DF, DPX-L8347)",ingredient_source_audit/highlighted/0621368118bd1667_highlighted.pdf,local,상표명대응,조성일치,"우리CAS(0)[] vs 문서Section3CAS(2)['21087-64-9', '90982-32-4'] | NTP앵커CAS교집합=없음 | 제품명토큰교집합=dpx|dupont | 문서추출문자수=8536",21087-64-9|90982-32-4,,sds_v1,sds_v1,sds_v1,False,False,False,중간
MIX753,DuPont DPX-KJM44 Herbicide,BETAPRIME™ Clear Advanced Glass Primer,ingredient_source_audit/highlighted/007338f20494e126_highlighted.pdf,local,오연결,조성불일치,"우리CAS(0)[] vs 문서Section3CAS(4)['142-82-5', '1760-24-3', '4420-74-0', '5575-43-9'] | NTP앵커CAS교집합=없음 | 제품명토큰교집합= | 문서추출문자수=9914",142-82-5|1760-24-3|4420-74-0|5575-43-9,,,,sds_v1,N/A,N/A,True,낮음
MIX754,DuPont DPX-LEM17 50WDG Fungicide,BETAPRIME™ Clear Advanced Glass Primer,ingredient_source_audit/highlighted/007338f20494e126_highlighted.pdf,local,오연결,조성불일치,"우리CAS(0)[] vs 문서Section3CAS(4)['142-82-5', '1760-24-3', '4420-74-0', '5575-43-9'] | NTP앵커CAS교집합=없음 | 제품명토큰교집합= | 문서추출문자수=9914",142-82-5|1760-24-3|4420-74-0|5575-43-9,,,,sds_v1,N/A,N/A,True,낮음
MIX756,DuPont DPX-MAT28 Herbicide,BETAPRIME™ Clear Advanced Glass Primer,ingredient_source_audit/highlighted/007338f20494e126_highlighted.pdf,local,오연결,조성불일치,"우리CAS(0)[] vs 문서Section3CAS(4)['142-82-5', '1760-24-3', '4420-74-0', '5575-43-9'] | NTP앵커CAS교집합=없음 | 제품명토큰교집합= | 문서추출문자수=9914",142-82-5|1760-24-3|4420-74-0|5575-43-9,,,sds_2nd_sec11,sds_v1,N/A,False,True,낮음
MIX758,EX2108,Sodium azide,ingredient_source_audit/ordered_option_runs/highlighted_sources/G027_ingredient_sds_sodium_azide_f8f3a971fdd3b4be_highlighted.pdf,local,오연결,조성불일치,"우리CAS(0)[] vs 문서Section3CAS(2)['26628-22-8', '4-00-7'] | NTP앵커CAS교집합=없음 | 제품명토큰교집합= | 문서추출문자수=14709",26628-22-8|4-00-7,,sds_v1,sds_v1,sds_v1,True,True,True,낮음
MIX759,F6141 EW Insecticide,PermaStar AG,ingredient_source_audit/highlighted/bcabb1bf65fff64c_highlighted.pdf,local,오연결,조성불일치,"우리CAS(0)[] vs 문서Section3CAS(2)['52645-53-1', '70693-06-0'] | NTP앵커CAS교집합=없음 | 제품명토큰교집합= | 문서추출문자수=9126",52645-53-1|70693-06-0,,sds_v1,sds_v1,sds_v1,True,True,True,낮음
MIX765,Pyraflufen-ethyl_ ET-751,ET® Herbicide/Defoliant,ingredient_source_audit/highlighted/87effaab5c68bccf_highlighted.pdf,local,부분일치,CAS일치,"우리CAS(1)['129630-19-9'] vs 문서Section3CAS(3)['129630-19-9', '26264-06-2', '872-50-4'] | NTP앵커CAS교집합=없음 | 제품명토큰교집합= | 문서추출문자수=9174 | 2차재검: 문서Section3 CAS와 우리 활성성분 CAS 교집합 존재 및 상표명↔활성성분 지식 대조로 오연결→부분일치 수정",129630-19-9|26264-06-2|872-50-4,129630-19-9,sds_v1,sds_v1,sds_v1,False,False,False,중간
MIX773,VOLIAM Xpress Insecticide,VOLIAM XPRESS®,ingredient_source_audit/highlighted/bf1b3bd33b35d1cc_highlighted.pdf,local,일치,조성일치,"우리CAS(1)['500008-45-7'] vs 문서Section3CAS(4)['12174-11-7', '500008-45-7', '57-55-6', '91465-08-6'] | NTP앵커CAS교집합=없음 | 제품명토큰교집합=voliam|xpress | 문서추출문자수=11872",12174-11-7|500008-45-7|57-55-6|91465-08-6,500008-45-7,sds_v1,,,False,N/A,N/A,중간
MIX779,Arquad DMMCB-50,Waroklar - water bath stabilizer,ingredient_source_audit/highlighted/c8ef6e2484b36220_highlighted.pdf,local,오연결,조성불일치,"우리CAS(0)[] vs 문서Section3CAS(6)['1-00-8', '126-73-8', '14-00-2', '2-00-5', '64-17-5', '67-64-1'] | NTP앵커CAS교집합=없음 | 제품명토큰교집합= | 문서추출문자수=13988",1-00-8|126-73-8|14-00-2|2-00-5|64-17-5|67-64-1,,sds_v1,sds_v1,sds_v1,True,True,True,낮음
MIX782,Dequest 2000,Rejuvenate- OUTRAGEOUS STAIN REMOVER,ingredient_source_audit/highlighted/36ff79d191557483_highlighted.pdf,local,오연결,CAS불일치,"우리CAS(1)['6419-19-8'] vs 문서Section3CAS(5)['2809-21-4', '68584-22-5', '77-92-9', '7722-84-1', '7732-18-5'] | NTP앵커CAS교집합=없음 | 제품명토큰교집합= | 문서추출문자수=38619",2809-21-4|68584-22-5|77-92-9|7722-84-1|7732-18-5,6419-19-8,,,,N/A,N/A,N/A,중간
MIX783,Capric/caprylic acid,Caprylic- Capric Acid Blend (CAPRYLIC/CAPRIC ACID; Octanoic/Decanoic Acid / Fatty Acid C8-C10),ingredient_source_audit/highlighted/77338485e21f3c6e_highlighted.pdf,local,부분일치,CAS일치,"우리CAS(2)['124-07-2', '334-48-5'] vs 문서Section3CAS(3)['124-07-2', '334-48-5', '68937-75-7'] | NTP앵커CAS교집합=['124-07-2', '334-48-5'] | 문서본문에서 발견된 우리 성분명='caprylic acid; capric acid' | 제품명토큰교집합=capric|caprylic | 문서추출문자수=6253",124-07-2|334-48-5|68937-75-7,124-07-2|334-48-5,sds_v1,sds_v1,sds_v1,False,False,False,높음
MIX785,Cellosolve + TX100,"Sodium hydroxide (Product Number 306576, Sigma-Aldrich)",ingredient_source_audit/ordered_option_runs/highlighted_sources/G011_1310-73-2_ChemBlink_Sigma_highlighted.pdf,local,오연결,CAS불일치,"우리CAS(2)['110-80-5', '9002-93-1'] vs 문서Section3CAS(2)['1310-73-2', '2-00-6'] | NTP앵커CAS교집합=없음 | 제품명토큰교집합= | 문서추출문자수=13866",1310-73-2|2-00-6,110-80-5|9002-93-1,sds_v1,sds_v1,sds_v1,True,True,True,중간
MIX787,Empicol LZPV/C,EMPICOL® SDD/O,ingredient_source_audit/highlighted/abc20d2886087de7_highlighted.pdf,local,오연결,CAS불일치,"우리CAS(1)['151-21-3'] vs 문서Section3CAS(2)['68815-56-5', '7732-18-5'] | NTP앵커CAS교집합=없음 | 제품명토큰교집합=empicol | 문서추출문자수=13985",68815-56-5|7732-18-5,151-21-3,sds_v1,sds_v1,,True,True,N/A,중간
MIX789,Empilan CME,Empilan KBE.................,ingredient_source_audit/highlighted/b0bbe909afd25e56_highlighted.pdf,local,오연결,외부지식,우리CAS(0)[] vs 문서Section3CAS(1)['68002-97-1'] | NTP앵커CAS교집합=없음 | 제품명토큰교집합=empilan | 문서추출문자수=10116 | 수동판정(규칙엔진=상표명대응→오연결); 제품명/상표명 지식 및 문서 기재 제품명 'Empilan KBE.................' 대조,68002-97-1,,,,,N/A,N/A,N/A,중간
MIX790,Hydrochloric acid + Sulfuric acid + Citric acid,Hydrochloric acid,ingredient_source_audit/highlighted/c2587f3b0d9f6d8d_highlighted.pdf,local,부분일치,CAS일치,"우리CAS(3)['7647-01-0', '7664-93-9', '77-92-9'] vs 문서Section3CAS(2)['7647-01-0', '7732-18-5'] | NTP앵커CAS교집합=['7647-01-0'] | 문서본문에서 발견된 우리 성분명='hydrochloric acid' | 제품명토큰교집합=hydrochloric | 문서추출문자수=12383 | 수동판정(규칙엔진=일치→부분일치); 제품명/상표명 지식 및 문서 기재 제품명 'Hydrochloric acid' 대조",7647-01-0|7732-18-5,7647-01-0|7664-93-9|77-92-9,sds_v1,sds_v1,sds_v1,False,False,False,높음
MIX792,Larc Super,SUPER DRY ENAMEL WHITE (Product Code: SD-900/SD-936),ingredient_source_audit/highlighted/fa8e9ea5f59a2a62_highlighted.pdf,local,오연결,CAS불일치,"우리CAS(1)['7664-38-2'] vs 문서Section3CAS(11)['108-67-8', '108-88-3', '1314-13-2', '13463-67-7', '136-52-7', '22464-99-9', '55406-53-6', '64742-89-8'] | NTP앵커CAS교집합=없음 | 제품명토큰교집합=super | 문서추출문자수=8107",108-67-8|108-88-3|1314-13-2|13463-67-7|136-52-7|22464-99-9|55406-53-6|64742-89-8|8052-41-3|9038-95-3|95-63-6,7664-38-2,,sds_v1,,N/A,True,N/A,중간
MIX793,liquid bleach,Clorox® Regular Bleach2,ingredient_source_audit/highlighted/869d67a6abab15fb_highlighted.pdf,local,부분일치,CAS일치,우리CAS(1)['7681-52-9'] vs 문서Section3CAS(1)['7681-52-9'] | NTP앵커CAS교집합=['7681-52-9'] | 문서본문에서 발견된 우리 성분명='sodium hypochlorite' | 제품명토큰교집합= | 문서추출문자수=13057,7681-52-9,7681-52-9,sds_v1,sds_v1,,False,False,N/A,높음
MIX794,Oleic/caprylic acid,Oleic acid,ingredient_source_audit/ordered_option_runs/highlighted_sources/G013_112-80-1_ChemBlink_Sigma_highlighted.pdf,local,부분일치,CAS일치,"우리CAS(2)['112-80-1', '124-07-4'] vs 문서Section3CAS(1)['112-80-1'] | NTP앵커CAS교집합=['112-80-1'] | 문서본문에서 발견된 우리 성분명='oleic acid' | 제품명토큰교집합=oleic | 문서추출문자수=10439",112-80-1,112-80-1|124-07-4,sds_v1,sds_v1,sds_v1,False,False,False,높음
MIX795,Proxel AB,PROXEL GXL,ingredient_source_audit/highlighted/f151a049d1ba54a9_highlighted.pdf,local,부분일치,CAS일치,"우리CAS(2)['1310-73-2', '2634-33-5'] vs 문서Section3CAS(2)['1310-73-2', '2634-33-5'] | NTP앵커CAS교집합=['2634-33-5'] | 제품명토큰교집합=proxel | 문서추출문자수=20892",1310-73-2|2634-33-5,1310-73-2|2634-33-5,sds_v1,sds_v1,sds_v1,False,False,False,높음
MIX799,sodium hydroxide/SMS (1:10),"Sodium Hydroxide, 10% (w/w)",ingredient_source_audit/highlighted/deff4e7ad0939a95_highlighted.pdf,local,부분일치,CAS일치,"우리CAS(3)['1310-73-2', '7681-57-4', '7732-18-5'] vs 문서Section3CAS(2)['1310-73-2', '7732-18-5'] | NTP앵커CAS교집합=['1310-73-2'] | 문서본문에서 발견된 우리 성분명='sodium hydroxide' | 제품명토큰교집합=hydroxide|sodium | 문서추출문자수=10850",1310-73-2|7732-18-5,1310-73-2|7681-57-4|7732-18-5,sds_v1,sds_v1,sds_v1,False,False,False,높음
MIX800,sulfuric acid + cellusolve,Sulfuric acid,ingredient_source_audit/ordered_option_runs/highlighted_sources/G026_7664-93-9_ChemBlink_Sigma_highlighted.pdf,local,부분일치,CAS불일치,"우리CAS(2)['110-80-5', '7664-93-9'] vs 문서Section3CAS(2)['20-00-8', '7664-93-9'] | NTP앵커CAS교집합=없음 | 제품명토큰교집합=sulfuric | 문서추출문자수=13540 | 수동판정(규칙엔진=일치→부분일치); 제품명/상표명 지식 및 문서 기재 제품명 'Sulfuric acid' 대조",20-00-8|7664-93-9,110-80-5|7664-93-9,sds_v1,sds_v1,,False,False,N/A,중간
MIX802,Sulfuric acid/ Ferric chloride,Ferric Chloride - Sulfuric Acid Solution for Volatile Acids,ingredient_source_audit/highlighted/a14f349c48a73d84_highlighted.pdf,local,부분일치,CAS일치,"우리CAS(2)['7664-93-9', '7705-08-0'] vs 문서Section3CAS(2)['7664-93-9', '7705-08-0'] | NTP앵커CAS교집합=['7664-93-9', '7705-08-0'] | 문서본문에서 발견된 우리 성분명='sulfuric acid; iron trichloride' | 제품명토큰교집합=chloride|ferric|sulfuric | 문서추출문자수=11813",7664-93-9|7705-08-0,7664-93-9|7705-08-0,sds_v1,sds_v1,sds_v1,False,False,False,높음
MIX803,Sodium hydroxide/ Sodium dodecyl sulfate(1:10),Sodium dodecyl sulfate,ingredient_source_audit/ordered_option_runs/highlighted_sources/G014_151-21-3_ChemBlink_Sigma_highlighted.pdf,local,부분일치,CAS일치,"우리CAS(2)['1310-73-2', '151-21-3'] vs 문서Section3CAS(1)['151-21-3'] | NTP앵커CAS교집합=['151-21-3'] | 문서본문에서 발견된 우리 성분명='sodium dodecyl sulfate' | 제품명토큰교집합=dodecyl|sodium|sulfate | 문서추출문자수=14112 | 수동판정(규칙엔진=일치→부분일치); 제품명/상표명 지식 및 문서 기재 제품명 'Sodium dodecyl sulfate' 대조",151-21-3,1310-73-2|151-21-3,sds_v1,sds_v1,sds_v1,False,False,False,높음
MIX805,sodium hydroxide/tx 100,"Sodium Hydroxide, 10% (w/v) (100 g/L)",ingredient_source_audit/highlighted/b9a224280d94e9a7_highlighted.pdf,local,부분일치,CAS일치,"우리CAS(3)['1310-73-2', '7732-18-5', '9002-93-1'] vs 문서Section3CAS(2)['1310-73-2', '7732-18-5'] | NTP앵커CAS교집합=['1310-73-2'] | 문서본문에서 발견된 우리 성분명='sodium hydroxide' | 제품명토큰교집합=100|hydroxide|sodium | 문서추출문자수=11078",1310-73-2|7732-18-5,1310-73-2|7732-18-5|9002-93-1,sds_v1,sds_v1,sds_v1,False,False,False,높음
MIX806,Sulfuric acid/ Triton X-100,"Sodium hydroxide (Product Number 306576, Sigma-Aldrich)",ingredient_source_audit/ordered_option_runs/highlighted_sources/G011_1310-73-2_ChemBlink_Sigma_highlighted.pdf,local,오연결,CAS불일치,"우리CAS(2)['7664-93-9', '9002-93-1'] vs 문서Section3CAS(2)['1310-73-2', '2-00-6'] | NTP앵커CAS교집합=없음 | 제품명토큰교집합= | 문서추출문자수=13866",1310-73-2|2-00-6,7664-93-9|9002-93-1,sds_v1,sds_v1,sds_v1,True,True,True,중간
MIX809,"Mixture of isomers: ethyl exo-tricyclo[5.2.1.0(2,6)]decane-endo-2-carboxylate; ethyl endo-tricyclo[5.2.1.0(2,6)]decane-exo-2-carboxylate",Tricyclo[5.2.1.02.6]decane,ingredient_source_audit/highlighted/129863d90a401474_highlighted.pdf,local,부분일치,외부지식,우리CAS(1)['2825-83-4'] vs 문서Section3CAS(1)['2825-83-4'] | NTP앵커CAS교집합=없음 | 제품명토큰교집합=decane|tricyclo | 문서추출문자수=11304 | 수동판정(규칙엔진=상표명대응→부분일치); 제품명/상표명 지식 및 문서 기재 제품명 'Tricyclo[5.2.1.02.6]decane' 대조,2825-83-4,2825-83-4,sds_v1,sds_v1,sds_v1,False,False,False,중간
MIX81,Canguard BIT 20 DPG Preservative,Benzisothiazolinone (BIT) / BIT 20 (Acticide B 20; Proxel GXL; Nipacide BIT 20; PREVENTOL BIT 20 N),ingredient_source_audit/highlighted/8c0c6617f279b85f_highlighted.html,local,상표명대응,CAS불일치,"우리CAS(2)['2634-33-5', '6393-42-6'] vs 문서Section3CAS(15)['101964-01-6', '1094749-54-8', '1148150-72-4', '1376937-61-9', '1399460-92-4', '2634-33-5', '40991-37-5', '54392-14-2'] | NTP앵커CAS교집합=없음 | 문서본문에서 발견된 우리 성분명='dipropylene glycol' | 제품명토큰교집합=bit | 문서추출문자수=32783",101964-01-6|1094749-54-8|1148150-72-4|1376937-61-9|1399460-92-4|2634-33-5|40991-37-5|54392-14-2|54392-15-3|552320-00-0|75037-67-1|88-00-6|9015-68-3|919284-21-2|934197-15-6,2634-33-5|6393-42-6,,ntp_measured,,N/A,False,N/A,중간
MIX810,"Mixture of: diethyl cis-1,4-cyclohexanedicarboxylate; diethyl trans-1,4-cyclohexanedicarboxylate","1,4-Cyclohexanediol, mixture of cis and trans",ingredient_source_audit/highlighted/aeb8b80ea8f83fdb_highlighted.pdf,local,오연결,CAS불일치,"우리CAS(2)['19145-96-1', '72903-27-6'] vs 문서Section3CAS(1)['556-48-9'] | NTP앵커CAS교집합=없음 | 제품명토큰교집합=cis|trans | 문서추출문자수=11899",556-48-9,19145-96-1|72903-27-6,sds_v1,sds_v1,sds_v1,True,True,True,중간
MIX811,"Mixture of isomers: 1-(1,1-dimethylpropyl)-4-ethoxy-cis-cyclohexane; 1-(1,1-dimethylpropyl)-4-ethoxy-trans-cyclohexane","1,4-Cyclohexanediol, mixture of cis and trans",ingredient_source_audit/highlighted/aeb8b80ea8f83fdb_highlighted.pdf,local,오연결,CAS불일치,"우리CAS(3)['181258-87-7', '181258-89-9', '556-48-9'] vs 문서Section3CAS(1)['556-48-9'] | NTP앵커CAS교집합=없음 | 제품명토큰교집합=cis|trans | 문서추출문자수=11899",556-48-9,181258-87-7|181258-89-9|556-48-9,sds_v1,sds_v1,sds_v1,True,True,True,중간
MIX816,Soap from 20/80 coconut oil/tallow,Coconut Hand Soap,ingredient_source_audit/highlighted/dc8cc766dd2376b2_highlighted.pdf,local,오연결,외부지식,"우리CAS(0)[] vs 문서Section3CAS(3)['61789-40-0', '68333-82-4', '9004-82-4'] | NTP앵커CAS교집합=없음 | 제품명토큰교집합=coconut|soap | 문서추출문자수=12746 | 수동판정(규칙엔진=상표명대응→오연결); 제품명/상표명 지식 및 문서 기재 제품명 'Coconut Hand Soap' 대조",61789-40-0|68333-82-4|9004-82-4,,sds_v1,sds_v1,,True,True,N/A,중간
MIX820,65/35 Octanoic/decanoic acid,Decanoic acid,ingredient_source_audit/ordered_option_runs/highlighted_sources/G019_334-48-5_ChemBlink_Sigma_highlighted.pdf,local,부분일치,CAS일치,"우리CAS(2)['124-07-2', '334-48-5'] vs 문서Section3CAS(1)['334-48-5'] | NTP앵커CAS교집합=['334-48-5'] | 문서본문에서 발견된 우리 성분명='decanoic acid' | 제품명토큰교집합=decanoic | 문서추출문자수=12332 | 수동판정(규칙엔진=일치→부분일치); 제품명/상표명 지식 및 문서 기재 제품명 'Decanoic acid' 대조",334-48-5,124-07-2|334-48-5,sds_v1,sds_v1,,False,False,N/A,높음
MIX821,"Hydrochloric acid 5%, Sulphuric acid 5%, Citric acid 5%",Hydrochloric acid,ingredient_source_audit/highlighted/c2587f3b0d9f6d8d_highlighted.pdf,local,부분일치,CAS일치,"우리CAS(3)['7647-01-0', '7664-93-9', '77-92-9'] vs 문서Section3CAS(2)['7647-01-0', '7732-18-5'] | NTP앵커CAS교집합=['7647-01-0'] | 문서본문에서 발견된 우리 성분명='hydrochloric acid' | 제품명토큰교집합=hydrochloric | 문서추출문자수=12383 | 수동판정(규칙엔진=일치→부분일치); 제품명/상표명 지식 및 문서 기재 제품명 'Hydrochloric acid' 대조",7647-01-0|7732-18-5,7647-01-0|7664-93-9|77-92-9,sds_v1,sds_v1,sds_v1,False,False,False,높음
MIX823,dicyanamine/formaldehyde condensate,Dicyandiamide,ingredient_source_audit/highlighted/4180cf8bf917b88b_highlighted.pdf,local,오연결,CAS일치,"우리CAS(2)['461-58-5', '50-00-0'] vs 문서Section3CAS(1)['461-58-5'] | NTP앵커CAS교집합=['461-58-5'] | 문서본문에서 발견된 우리 성분명='cyanoguanidine' | 제품명토큰교집합= | 문서추출문자수=11498 | 수동판정(규칙엔진=부분일치→오연결); 제품명/상표명 지식 및 문서 기재 제품명 'Dicyandiamide' 대조",461-58-5,461-58-5|50-00-0,sds_v1,sds_v1,sds_v1,True,True,True,높음
MIX825,lubricant (ethylene oxide + propylene oxide)_PID_13,(+/-)-Propylene oxide,ingredient_source_audit/highlighted/b6111903e8b7398f_highlighted.pdf,local,부분일치,CAS일치,"우리CAS(2)['75-21-8', '75-56-9'] vs 문서Section3CAS(1)['75-56-9'] | NTP앵커CAS교집합=['75-56-9'] | 제품명토큰교집합=oxide|propylene | 문서추출문자수=12290 | 수동판정(규칙엔진=일치→부분일치); 제품명/상표명 지식 및 문서 기재 제품명 '(+/-)-Propylene oxide' 대조",75-56-9,75-21-8|75-56-9,sds_v1,sds_2nd,,False,False,N/A,높음
MIX84,Captan 80 WDG,Captan,ingredient_source_audit/ordered_option_runs/highlighted_sources/G037_133-06-2_ChemBlink_Sigma_highlighted.pdf,local,부분일치,외부지식,"우리CAS(0)[] vs 문서Section3CAS(2)['133-06-2', '44-00-6'] | NTP앵커CAS교집합=없음 | 제품명토큰교집합=captan | 문서추출문자수=14577 | 수동판정(규칙엔진=일치→부분일치); 제품명/상표명 지식 및 문서 기재 제품명 'Captan' 대조",133-06-2|44-00-6,,sds_v1,ntp_measured,sds_v1,False,False,False,중간
MIX841,Benefin(98.2%),"Benzoin Resin, Pure",ingredient_source_audit/highlighted/a09af9146a76dac9_highlighted.pdf,local,오연결,조성불일치,"우리CAS(0)[] vs 문서Section3CAS(5)['120-51-4', '121-33-5', '65-85-0', '7212-44-4', '9000-05-9'] | NTP앵커CAS교집합=없음 | 제품명토큰교집합= | 문서추출문자수=11486",120-51-4|121-33-5|65-85-0|7212-44-4|9000-05-9,,sds_v1,sds_v1,sds_v1,True,True,True,낮음
MIX843,Cyproconazole 40WG,Cyproconazol,ingredient_source_audit/ordered_option_runs/highlighted_sources/G018_94361-06-5_ChemBlink_Sigma_highlighted.pdf,local,오연결,조성불일치,우리CAS(0)[] vs 문서Section3CAS(1)['94361-06-5'] | NTP앵커CAS교집합=없음 | 제품명토큰교집합= | 문서추출문자수=11952,94361-06-5,,sds_2nd_sec11,sds_2nd_sec11,,False,False,N/A,낮음
MIX845,F6132 G Insecticide,TALSTAR® XTRA GRANULAR INSECTICIDE,ingredient_source_audit/highlighted/bf2e0a04004309d4_highlighted.pdf,local,부분일치,CAS일치,"우리CAS(1)['52315-07-8'] vs 문서Section3CAS(4)['112926-00-8', '14808-60-7', '52315-07-8', '82657-04-3'] | NTP앵커CAS교집합=없음 | 제품명토큰교집합= | 문서추출문자수=10251 | 2차재검: 문서Section3 CAS와 우리 활성성분 CAS 교집합 존재 및 상표명↔활성성분 지식 대조로 오연결→부분일치 수정",112926-00-8|14808-60-7|52315-07-8|82657-04-3,52315-07-8,,,,N/A,N/A,N/A,중간
MIX846,Fenhexamid(50%),Fenhexamid ROTICHROM® Pestilyse® HPLC,ingredient_source_audit/highlighted/e4d47b99d2587d3c_highlighted.pdf,local,부분일치,외부지식,"우리CAS(0)[] vs 문서Section3CAS(2)['111-00-8', '126833-17-8'] | NTP앵커CAS교집합=없음 | 제품명토큰교집합=fenhexamid | 문서추출문자수=9412 | 수동판정(규칙엔진=상표명대응→부분일치); 제품명/상표명 지식 및 문서 기재 제품명 'Fenhexamid ROTICHROM® Pestilyse® HPLC' 대조",111-00-8|126833-17-8,,sds_v1,sds_v1,sds_v1,False,False,False,중간
MIX847,FLUFENPYR-ETHYL,Flufenpyr-ethyl (Product Code(s) DRE-C13713000),ingredient_source_audit/highlighted/71efbfc22e085023_highlighted.pdf,local,일치,제품명동일,우리CAS(1)['188489-07-8'] vs 문서Section3CAS(1)['188489-07-8'] | NTP앵커CAS교집합=없음 | 제품명토큰교집합=ethyl|flufenpyr | 문서추출문자수=9755,188489-07-8,188489-07-8,sds_v1,sds_v1,,False,False,N/A,높음
MIX848,Magnate 75 SG (74.25%),Manzate Pro-Stick,ingredient_source_audit/highlighted/a72deb779f38195a_highlighted.pdf,local,오연결,조성불일치,"우리CAS(0)[] vs 문서Section3CAS(3)['57-50-1', '8018-01-7', '96-45-7'] | NTP앵커CAS교집합=없음 | 제품명토큰교집합= | 문서추출문자수=13684",57-50-1|8018-01-7|96-45-7,,,,sds_v1,N/A,N/A,True,낮음
MIX849,MON 37500,Toluene,ingredient_source_audit/highlighted/eeb8accbf601b9fa_highlighted.pdf,local,오연결,조성불일치,"우리CAS(0)[] vs 문서Section3CAS(2)['108-88-3', '21-00-3'] | NTP앵커CAS교집합=없음 | 제품명토큰교집합= | 문서추출문자수=12836",108-88-3|21-00-3,,sds_v1,sds_v1,sds_v1,True,True,True,낮음
MIX850,Tebuconazole (HWG-1608; Folicur) (15%),FOLICUR® TECHNICAL FUNGICIDE,ingredient_source_audit/highlighted/9baa1fe68ec7766c_highlighted.pdf,local,부분일치,외부지식,우리CAS(1)['107534-96-3'] vs 문서Section3CAS(1)['107534-96-3'] | NTP앵커CAS교집합=없음 | 제품명토큰교집합=folicur | 문서추출문자수=10552 | 수동판정(규칙엔진=상표명대응→부분일치); 제품명/상표명 지식 및 문서 기재 제품명 'FOLICUR® TECHNICAL FUNGICIDE' 대조,107534-96-3,107534-96-3,,sds_v1,sds_v1,N/A,False,False,중간
MIX851,Tebuconazole (HWG-1608; Folicur) (15.4%),Tebuconazole,ingredient_source_audit/ordered_option_runs/highlighted_sources/G030_107534-96-3_ChemBlink_Sigma_highlighted.pdf,local,부분일치,외부지식,"우리CAS(1)['107534-96-3'] vs 문서Section3CAS(2)['107534-96-3', '197-00-7'] | NTP앵커CAS교집합=없음 | 제품명토큰교집합=tebuconazole | 문서추출문자수=12142 | 수동판정(규칙엔진=일치→부분일치); 제품명/상표명 지식 및 문서 기재 제품명 'Tebuconazole' 대조",107534-96-3|197-00-7,107534-96-3,sds_v1,sds_v1,,False,False,N/A,중간
MIX852,Tebuconazole (HWG-1608; Folicur) (16.6%),Tebuconazole,ingredient_source_audit/ordered_option_runs/highlighted_sources/G030_107534-96-3_ChemBlink_Sigma_highlighted.pdf,local,부분일치,외부지식,"우리CAS(1)['107534-96-3'] vs 문서Section3CAS(2)['107534-96-3', '197-00-7'] | NTP앵커CAS교집합=없음 | 제품명토큰교집합=tebuconazole | 문서추출문자수=12142 | 수동판정(규칙엔진=일치→부분일치); 제품명/상표명 지식 및 문서 기재 제품명 'Tebuconazole' 대조",107534-96-3|197-00-7,107534-96-3,sds_v1,sds_v1,,False,False,N/A,중간
MIX853,Tebuconazole (HWG-1608; Folicur) (93.4%),Tebuconazole ≥97 %,ingredient_source_audit/highlighted/79a90a19c994074c_highlighted.pdf,local,일치,외부지식,"우리CAS(0)[] vs 문서Section3CAS(2)['107534-96-3', '197-00-7'] | NTP앵커CAS교집합=없음 | 제품명토큰교집합=tebuconazole | 문서추출문자수=10850 | 수동판정(규칙엔진=상표명대응→일치); 제품명/상표명 지식 및 문서 기재 제품명 'Tebuconazole ≥97 %' 대조",107534-96-3|197-00-7,,sds_v1,sds_v1,sds_v1,False,False,False,중간
MIX854,Tebuconazole (HWG-1608; Folicur) (96.2%),Tebuconazole ≥97 %,ingredient_source_audit/highlighted/79a90a19c994074c_highlighted.pdf,local,일치,외부지식,"우리CAS(0)[] vs 문서Section3CAS(2)['107534-96-3', '197-00-7'] | NTP앵커CAS교집합=없음 | 제품명토큰교집합=tebuconazole | 문서추출문자수=10850 | 수동판정(규칙엔진=상표명대응→일치); 제품명/상표명 지식 및 문서 기재 제품명 'Tebuconazole ≥97 %' 대조",107534-96-3|197-00-7,,sds_v1,sds_v1,sds_v1,False,False,False,중간
MIX855,Tebuconazole Fungicide(97.4),WILLOWOOD TEB 45DF Fungicide,ingredient_source_audit/highlighted/2991410dde4389e8_highlighted.pdf,local,부분일치,CAS일치,"우리CAS(1)['107534-96-3'] vs 문서Section3CAS(3)['107534-96-3', '1332-58-7', '7732-18-5'] | NTP앵커CAS교집합=없음 | 제품명토큰교집합= | 문서추출문자수=10028 | 2차재검: 문서Section3 CAS와 우리 활성성분 CAS 교집합 존재 및 상표명↔활성성분 지식 대조로 오연결→부분일치 수정",107534-96-3|1332-58-7|7732-18-5,107534-96-3,,,,N/A,N/A,N/A,중간
MIX857,Terpinyl acetate,Terpinyl acetate,ingredient_source_audit/ordered_option_runs/highlighted_sources/G064_80-26-2_ChemBlink_Sigma_highlighted.pdf,local,일치,제품명동일,우리CAS(1)['80-26-2'] vs 문서Section3CAS(1)['80-26-2'] | NTP앵커CAS교집합=없음 | 제품명토큰교집합=acetate|terpinyl | 문서추출문자수=10839,80-26-2,80-26-2,sds_v1,sds_v1,,False,False,N/A,높음
MIX858,Methyl and propyl parabens,Methyl Paraben,ingredient_source_audit/highlighted/515f1629670947cd_highlighted.pdf,local,부분일치,외부지식,우리CAS(1)['99-76-3'] vs 문서Section3CAS(1)['99-76-3'] | NTP앵커CAS교집합=없음 | 제품명토큰교집합=methyl | 문서추출문자수=18619 | 수동판정(규칙엔진=상표명대응→부분일치); 제품명/상표명 지식 및 문서 기재 제품명 'Methyl Paraben' 대조,99-76-3,99-76-3,sds_v1,sds_v1,sds_v1,False,False,False,중간
MIX86,Captevate 68 WDG,CAPTEVATE® 68 WDG Fungicide,ingredient_source_audit/highlighted/5c12e06bc4c27b69_highlighted.pdf,local,일치,조성일치,"우리CAS(2)['126833-17-8', '133-06-2'] vs 문서Section3CAS(3)['126833-17-8', '133-06-2', '8061-51-6'] | NTP앵커CAS교집합=없음 | 제품명토큰교집합=captevate|wdg | 문서추출문자수=18852",126833-17-8|133-06-2|8061-51-6,126833-17-8|133-06-2,sds_v1,ntp_measured,sds_v1,False,False,False,중간
MIX860,Ambrette seed oil,AMBRETTE SEEDS ABSOLUTE,ingredient_source_audit/highlighted/cc518951f02c2f51_highlighted.pdf,local,부분일치,외부지식,"우리CAS(1)['4602-84-0'] vs 문서Section3CAS(3)['4602-84-0', '8015-62-1', '84455-19-6'] | NTP앵커CAS교집합=없음 | 제품명토큰교집합=ambrette | 문서추출문자수=15157 | 수동판정(규칙엔진=상표명대응→부분일치); 제품명/상표명 지식 및 문서 기재 제품명 'AMBRETTE SEEDS ABSOLUTE' 대조",4602-84-0|8015-62-1|84455-19-6,4602-84-0,sds_v1,sds_v1,sds_v1,False,False,False,중간
MIX863,Balsam tolu,Tolu Balsam,ingredient_source_audit/highlighted/aa1b0aef2ae5ae92_highlighted.pdf,local,일치,외부지식,우리CAS(1)['8007-00-9'] vs 문서Section3CAS(1)['8007-00-9'] | NTP앵커CAS교집합=없음 | 제품명토큰교집합=balsam|tolu | 문서추출문자수=3080 | 수동판정(규칙엔진=상표명대응→일치); 제품명/상표명 지식 및 문서 기재 제품명 'Tolu Balsam' 대조,8007-00-9,8007-00-9,,,,N/A,N/A,N/A,중간
MIX865,"Nutmeg oil, east Indian",Nutmeg (India) Essential Oil,ingredient_source_audit/highlighted/01b9a6ba15948550_highlighted.pdf,local,일치,외부지식,"우리CAS(1)['80-56-8'] vs 문서Section3CAS(14)['123-35-3', '127-91-3', '562-74-3', '586-62-9', '5989-27-5', '79-92-5', '80-56-8', '8007-12-3'] | NTP앵커CAS교집합=없음 | 제품명토큰교집합=nutmeg | 문서추출문자수=10308 | 수동판정(규칙엔진=상표명대응→일치); 제품명/상표명 지식 및 문서 기재 제품명 'Nutmeg (India) Essential Oil' 대조",123-35-3|127-91-3|562-74-3|586-62-9|5989-27-5|79-92-5|80-56-8|8007-12-3|8008-45-5|94-59-7|98-55-5|99-85-4|99-86-5|99-87-6,80-56-8,sds_v1,sds_v1,sds_v1,False,False,False,중간
MIX868,Juniperus phoenicea oil,"Organic Juniper Berry Essential Oil (Juniperus communis) / PRODUCT NAME: JUNIPERBERRY, ESSENTIAL OIL ORGANIC",ingredient_source_audit/highlighted/876fe0b64a5bc425_highlighted.pdf,local,부분일치,외부지식,"우리CAS(1)['5989-27-5'] vs 문서Section3CAS(9)['123-35-3', '127-91-3', '5989-27-5', '73049-62-4', '80-56-8', '8002-68-4', '84603-69-0', '99-85-4'] | NTP앵커CAS교집합=없음 | 제품명토큰교집합=juniperus | 문서추출문자수=19025 | 수동판정(규칙엔진=상표명대응→부분일치); 제품명/상표명 지식 및 문서 기재 제품명 'Organic Juniper Berry Essential Oil (Juniperus communis) / P' 대조",123-35-3|127-91-3|5989-27-5|73049-62-4|80-56-8|8002-68-4|84603-69-0|99-85-4|99-87-6,5989-27-5,sds_v1,sds_v1,sds_v1,False,False,False,중간
MIX87,Bentazone,BENTAZON 4,ingredient_source_audit/highlighted/f39ec3a030d519aa_highlighted.pdf,local,부분일치,CAS일치,우리CAS(1)['50723-80-3'] vs 문서Section3CAS(1)['50723-80-3'] | NTP앵커CAS교집합=['50723-80-3'] | 문서본문에서 발견된 우리 성분명='sodium salt of bentazon' | 제품명토큰교집합= | 문서추출문자수=11846,50723-80-3,50723-80-3,sds_2nd,,sds_2nd_sec11,False,N/A,False,높음
MIX873,Origanum oil,"Oil of origanum , natural",ingredient_source_audit/highlighted/745468bad210bb06_highlighted.pdf,local,일치,외부지식,"우리CAS(1)['84012-24-8'] vs 문서Section3CAS(13)['123-35-3', '235-00-2', '499-75-2', '562-74-3', '78-70-6', '80-56-8', '84012-24-8', '87-44-5'] | NTP앵커CAS교집합=없음 | 제품명토큰교집합=origanum | 문서추출문자수=12533 | 수동판정(규칙엔진=상표명대응→일치); 제품명/상표명 지식 및 문서 기재 제품명 'Oil of origanum , natural' 대조",123-35-3|235-00-2|499-75-2|562-74-3|78-70-6|80-56-8|84012-24-8|87-44-5|94-00-1|95-00-7|99-85-4|99-86-5|99-87-6,84012-24-8,sds_v1,sds_v1,sds_v1,False,False,False,중간
MIX874,Tuberose concrete,TUBEROSE ABSOLUTE,ingredient_source_audit/highlighted/815d289062452620_highlighted.pdf,local,부분일치,외부지식,"우리CAS(1)['8024-05-3'] vs 문서Section3CAS(7)['118-58-1', '120-51-4', '4602-84-0', '8024-05-3', '94334-35-7', '97-53-0', '97-54-1'] | NTP앵커CAS교집합=없음 | 제품명토큰교집합=tuberose | 문서추출문자수=11177 | 수동판정(규칙엔진=상표명대응→부분일치); 제품명/상표명 지식 및 문서 기재 제품명 'TUBEROSE ABSOLUTE' 대조",118-58-1|120-51-4|4602-84-0|8024-05-3|94334-35-7|97-53-0|97-54-1,8024-05-3,sds_v1,sds_v1,sds_v1,False,False,False,중간
MIX875,Rose oil Bulgarian,ROSE OIL BULGARIAN,ingredient_source_audit/highlighted/a0344ef13a8c1933_highlighted.pdf,local,일치,제품명동일,"우리CAS(1)['8007-01-0'] vs 문서Section3CAS(2)['8007-01-0', '90106-38-0'] | NTP앵커CAS교집합=없음 | 제품명토큰교집합=bulgarian|rose | 문서추출문자수=12135",8007-01-0|90106-38-0,8007-01-0,sds_v1,sds_v1,sds_v1,False,False,False,높음
MIX877,Rose absolute French,508647 ROSE ABSOLUTE,ingredient_source_audit/highlighted/7948f7515a961f5c_highlighted.pdf,local,일치,외부지식,우리CAS(1)['8007-01-0'] vs 문서Section3CAS(1)['8007-01-0'] | NTP앵커CAS교집합=없음 | 제품명토큰교집합=absolute|rose | 문서추출문자수=13956 | 수동판정(규칙엔진=상표명대응→일치); 제품명/상표명 지식 및 문서 기재 제품명 '508647 ROSE ABSOLUTE' 대조,8007-01-0,8007-01-0,sds_v1,sds_v1,sds_v1,False,False,False,중간
MIX878,Artemisia oil (wormwood),MATERIAL SAFETY DATA SHEET ARTEMISIA ABSINTHUM OIL (Common Name: Grand Wormwood Oil),ingredient_source_audit/highlighted/f4dd0013afe8b77b_highlighted.pdf,local,일치,외부지식,우리CAS(1)['8023-85-6'] vs 문서Section3CAS(1)['8023-85-6'] | NTP앵커CAS교집합=없음 | 제품명토큰교집합=artemisia|wormwood | 문서추출문자수=5796 | 수동판정(규칙엔진=상표명대응→일치); 제품명/상표명 지식 및 문서 기재 제품명 'MATERIAL SAFETY DATA SHEET ARTEMISIA ABSINTHUM OIL (Common N' 대조,8023-85-6,8023-85-6,,,,N/A,N/A,N/A,중간
MIX879,Cade oil rectified (juniper tar),"Cade Oil Rectified / Cade Oil Crude (CADE OIL CRUDE P&N, CADE OIL, RECTIFIED P&N, CADE ESSENTIAL OIL)",ingredient_source_audit/ordered_option_runs/highlighted_sources/G060_alternate_product_reference_page_97276ac8fa33abdb_highlighted.html,local,일치,외부지식,"우리CAS(3)['80-56-8', '8013-10-3', '87-44-5'] vs 문서Section3CAS(1)['8013-10-3'] | NTP앵커CAS교집합=없음 | 제품명토큰교집합=cade|rectified | 문서추출문자수=31119 | 수동판정(규칙엔진=상표명대응→일치); 제품명/상표명 지식 및 문서 기재 제품명 'Cade Oil Rectified / Cade Oil Crude (CADE OIL CRUDE P&N, CAD' 대조",8013-10-3,80-56-8|8013-10-3|87-44-5,sds_v1,sds_v1,,False,False,N/A,중간
MIX881,Parsley seed oil,Parsley Seed Essential Oil (India),ingredient_source_audit/highlighted/1354ed4053130ea6_highlighted.pdf,local,일치,외부지식,"우리CAS(1)['7705-14-8'] vs 문서Section3CAS(3)['7705-14-8', '8000-68-8', '84012-33-9'] | NTP앵커CAS교집합=없음 | 제품명토큰교집합=parsley|seed | 문서추출문자수=8738 | 수동판정(규칙엔진=상표명대응→일치); 제품명/상표명 지식 및 문서 기재 제품명 'Parsley Seed Essential Oil (India)' 대조",7705-14-8|8000-68-8|84012-33-9,7705-14-8,sds_v1,sds_v1,sds_2nd_sec11,False,False,False,중간
MIX883,Parsley herb oil,PARSLEY HERB OIL - PERSI0001,ingredient_source_audit/highlighted/023659d86d232088_highlighted.pdf,local,일치,제품명동일,"우리CAS(1)['80-56-8'] vs 문서Section3CAS(7)['123-35-3', '127-91-3', '586-62-9', '5989-27-5', '80-56-8', '8000-68-8', '99-83-2'] | NTP앵커CAS교집합=없음 | 제품명토큰교집합=herb|parsley | 문서추출문자수=9795",123-35-3|127-91-3|586-62-9|5989-27-5|80-56-8|8000-68-8|99-83-2,80-56-8,sds_v1,sds_v1,sds_v1,False,False,False,높음
MIX884,Laurel leaf oil,Bay Laurel Oil Organic / Organic Laurel Leaf (Bay) Essential Oil (Laurus nobilis),ingredient_source_audit/highlighted/a3be52c2c71a5c45_highlighted.pdf,local,일치,제품명동일,"우리CAS(1)['470-82-6'] vs 문서Section3CAS(14)['127-91-3', '470-67-7', '470-82-6', '562-74-3', '5989-27-5', '78-70-6', '80-26-2', '80-56-8'] | NTP앵커CAS교집합=없음 | 제품명토큰교집합=laurel|leaf | 문서추출문자수=12881",127-91-3|470-67-7|470-82-6|562-74-3|5989-27-5|78-70-6|80-26-2|80-56-8|8002-41-3|87-44-5|93-15-2|97-53-0|98-55-5|99-87-6,470-82-6,sds_v1,sds_v1,sds_v1,False,False,False,높음
MIX888,Fenugreek absolute,FENUGREEK ABSOLUTE,ingredient_source_audit/highlighted/9f8366c3265648db_highlighted.pdf,local,일치,제품명동일,"우리CAS(1)['68990-15-8'] vs 문서Section3CAS(2)['68990-15-8', '84625-40-1'] | NTP앵커CAS교집합=없음 | 제품명토큰교집합=absolute|fenugreek | 문서추출문자수=11919",68990-15-8|84625-40-1,68990-15-8,sds_v1,sds_v1,sds_v1,False,False,False,높음
MIX889,"Fir needle oil, Siberian",FIR NEEDLE OIL SIBERIAN,ingredient_source_audit/highlighted/8981c185c4281f09_highlighted.pdf,local,일치,조성일치,"우리CAS(1)['8021-29-2'] vs 문서Section3CAS(6)['13466-78-9', '5655-61-8', '79-92-5', '80-56-8', '8021-29-2', '91697-89-1'] | NTP앵커CAS교집합=없음 | 제품명토큰교집합=fir|needle|siberian | 문서추출문자수=12361",13466-78-9|5655-61-8|79-92-5|80-56-8|8021-29-2|91697-89-1,8021-29-2,sds_v1,sds_v1,sds_v1,False,False,False,중간
MIX891,Orris absolute,Orris Root Extract natural,ingredient_source_audit/highlighted/6daff2b51e2f1989_highlighted.pdf,local,부분일치,외부지식,"우리CAS(1)['90045-89-9'] vs 문서Section3CAS(2)['64-17-5', '90045-89-9'] | NTP앵커CAS교집합=없음 | 제품명토큰교집합=orris | 문서추출문자수=13353 | 수동판정(규칙엔진=상표명대응→부분일치); 제품명/상표명 지식 및 문서 기재 제품명 'Orris Root Extract natural' 대조",64-17-5|90045-89-9,90045-89-9,sds_v1,sds_v1,sds_v1,False,False,False,중간
MIX892,Honeysuckle absolute,Honeysuckle Fusion Aerosol,ingredient_source_audit/highlighted/95f736d132e9df18_highlighted.pdf,local,오연결,외부지식,"우리CAS(0)[] vs 문서Section3CAS(3)['111-90-0', '67-64-1', '74-98-6'] | NTP앵커CAS교집합=없음 | 제품명토큰교집합=honeysuckle | 문서추출문자수=11128 | 수동판정(규칙엔진=상표명대응→오연결); 제품명/상표명 지식 및 문서 기재 제품명 'Honeysuckle Fusion Aerosol' 대조",111-90-0|67-64-1|74-98-6,,sds_v1,,sds_v1,True,N/A,True,중간
MIX893,Narcissus absolute,Narcissus Absolute,ingredient_source_audit/highlighted/e4f147bca9c198c5_highlighted.pdf,local,일치,제품명동일,"우리CAS(1)['140-11-4'] vs 문서Section3CAS(8)['100-51-6', '10482-56-1', '106-22-9', '140-11-4', '463-40-1', '60-12-8', '90064-26-9', '91-64-5'] | NTP앵커CAS교집합=없음 | 제품명토큰교집합=absolute|narcissus | 문서추출문자수=12949",100-51-6|10482-56-1|106-22-9|140-11-4|463-40-1|60-12-8|90064-26-9|91-64-5,140-11-4,sds_v1,sds_v1,sds_v1,False,False,False,높음
MIX895,Immortelle absolute,IMMORTELLE ABSOLUTE,ingredient_source_audit/highlighted/eb2431c2bf247689_highlighted.pdf,local,일치,제품명동일,"우리CAS(0)[] vs 문서Section3CAS(2)['8023-95-8', '90045-56-0'] | NTP앵커CAS교집합=없음 | 제품명토큰교집합=absolute|immortelle | 문서추출문자수=11821",8023-95-8|90045-56-0,,,,,N/A,N/A,N/A,높음
MIX896,Galbanum oil,GALBANUM OIL LMR,ingredient_source_audit/highlighted/7d3bd6a80bf5cad1_highlighted.pdf,local,일치,제품명동일,"우리CAS(1)['9000-24-2'] vs 문서Section3CAS(2)['8023-91-4', '9000-24-2'] | NTP앵커CAS교집합=없음 | 제품명토큰교집합=galbanum | 문서추출문자수=16269",8023-91-4|9000-24-2,9000-24-2,,sds_v1,sds_v1,N/A,False,False,높음
MIX900,Civet absolute,CIVETTE ABSOLUE,ingredient_source_audit/highlighted/d99382fdb0d1f001_highlighted.pdf,local,일치,외부지식,"우리CAS(1)['64-17-5'] vs 문서Section3CAS(7)['107-92-6', '124-07-2', '142-62-1', '143-07-7', '334-48-5', '64-17-5', '68916-26-7'] | NTP앵커CAS교집합=없음 | 제품명토큰교집합= | 문서추출문자수=13352 | 수동판정(규칙엔진=오연결→일치); 제품명/상표명 지식 및 문서 기재 제품명 'CIVETTE ABSOLUE' 대조",107-92-6|124-07-2|142-62-1|143-07-7|334-48-5|64-17-5|68916-26-7,64-17-5,sds_v1,sds_v1,sds_v1,False,False,False,중간
MIX902,Cedar leaf oil,Cedar Leaf Eastern Essential Oil,ingredient_source_audit/highlighted/25013040ff202383_highlighted.pdf,local,일치,제품명동일,우리CAS(1)['8007-20-3'] vs 문서Section3CAS(1)['8007-20-3'] | NTP앵커CAS교집합=없음 | 제품명토큰교집합=cedar|leaf | 문서추출문자수=7717,8007-20-3,8007-20-3,,sds_v1,,N/A,False,N/A,높음
MIX903,Celery seed oil,OIL OF CELERY SEED (Extra Pure),ingredient_source_audit/highlighted/92a9be9222554c1f_highlighted.pdf,local,일치,제품명동일,우리CAS(1)['8015-90-5'] vs 문서Section3CAS(1)['8015-90-5'] | NTP앵커CAS교집합=없음 | 제품명토큰교집합=celery|seed | 문서추출문자수=6290,8015-90-5,8015-90-5,phase1_sds,phase1_sds,phase1_sds,False,False,False,높음
MIX905,Chamomile oil German,Chamomile oil blue,ingredient_source_audit/highlighted/e344d1d07c7660a1_highlighted.pdf,local,일치,외부지식,"우리CAS(1)['8002-66-2'] vs 문서Section3CAS(3)['18794-84-8', '23089-26-1', '8002-66-2'] | NTP앵커CAS교집합=없음 | 제품명토큰교집합=chamomile | 문서추출문자수=9739 | 수동판정(규칙엔진=상표명대응→일치); 제품명/상표명 지식 및 문서 기재 제품명 'Chamomile oil blue' 대조",18794-84-8|23089-26-1|8002-66-2,8002-66-2,sds_v1,sds_v1,sds_v1,False,False,False,중간
MIX906,Ginger oil,Ginger Oil,ingredient_source_audit/highlighted/a06e0bd01447ced2_highlighted.pdf,local,일치,제품명동일,"우리CAS(1)['8007-08-7'] vs 문서Section3CAS(2)['8007-08-7', '84696-15-1'] | NTP앵커CAS교집합=없음 | 제품명토큰교집합=ginger | 문서추출문자수=19102",8007-08-7|84696-15-1,8007-08-7,sds_v1,sds_v1,sds_v1,False,False,False,높음
MIX907,Chamomile oil Roman,Organic Chamomile Essential Oil - Roman (Anthemis nobilis) / Product Name: Chamomile oil Roman Organic,ingredient_source_audit/highlighted/6b1d480971a84a56_highlighted.pdf,local,일치,제품명동일,우리CAS(1)['84649-86-5'] vs 문서Section3CAS(1)['84649-86-5'] | NTP앵커CAS교집합=없음 | 제품명토큰교집합=chamomile|roman | 문서추출문자수=10797,84649-86-5,84649-86-5,,sds_v1,sds_v1,N/A,False,False,높음
MIX910,Fennel oil,Nikura | Fennel (Sweet) Essential Oil,ingredient_source_audit/highlighted/4ecc45d0e3e7f7e7_highlighted.pdf,local,부분일치,외부지식,"우리CAS(2)['4180-23-8', '5989-27-5'] vs 문서Section3CAS(19)['123-35-3', '127-91-3', '13466-78-9', '13877-91-3', '140-67-0', '25679-28-1', '3338-55-4', '3779-61-1'] | NTP앵커CAS교집합=없음 | 제품명토큰교집합=fennel | 문서추출문자수=21879 | 수동판정(규칙엔진=상표명대응→부분일치); 제품명/상표명 지식 및 문서 기재 제품명 'Nikura | Fennel (Sweet) Essential Oil' 대조",123-35-3|127-91-3|13466-78-9|13877-91-3|140-67-0|25679-28-1|3338-55-4|3779-61-1|4180-23-8|470-82-6|586-62-9|5989-27-5|76-22-2|79-92-5|80-56-8|84455-29-8|99-83-2|99-85-4|99-87-6,4180-23-8|5989-27-5,sds_v1,sds_v1,sds_v1,False,False,False,중간
MIX913,Black pepper oil,"Oil of pepper , natural",ingredient_source_audit/highlighted/4859f8cd8aa0badd_highlighted.pdf,local,일치,외부지식,"우리CAS(1)['84929-41-9'] vs 문서Section3CAS(11)['123-35-3', '127-91-3', '13466-78-9', '235-00-2', '495-61-4', '5989-27-5', '78-70-6', '80-56-8'] | NTP앵커CAS교집합=없음 | 제품명토큰교집합=pepper | 문서추출문자수=11914 | 수동판정(규칙엔진=상표명대응→일치); 제품명/상표명 지식 및 문서 기재 제품명 'Oil of pepper , natural' 대조",123-35-3|127-91-3|13466-78-9|235-00-2|495-61-4|5989-27-5|78-70-6|80-56-8|84929-41-9|87-44-5|96-00-2,84929-41-9,sds_v1,sds_v1,sds_v1,False,False,False,중간
MIX914,Cardamom oil,Cardamom Essential Oil 10% (non-hazardous base) (Contains:Eucalyptol),ingredient_source_audit/highlighted/bc72d8d1be4a4024_highlighted.pdf,local,부분일치,외부지식,"우리CAS(1)['470-82-6'] vs 문서Section3CAS(10)['106-24-1', '115-95-7', '123-35-3', '127-91-3', '470-82-6', '586-62-9', '5989-27-5', '7212-44-4'] | NTP앵커CAS교집합=없음 | 제품명토큰교집합=cardamom | 문서추출문자수=13717 | 수동판정(규칙엔진=상표명대응→부분일치); 제품명/상표명 지식 및 문서 기재 제품명 'Cardamom Essential Oil 10% (non-hazardous base) (Contains:Eu' 대조",106-24-1|115-95-7|123-35-3|127-91-3|470-82-6|586-62-9|5989-27-5|7212-44-4|78-70-6|80-56-8,470-82-6,sds_v1,sds_v1,sds_v1,False,False,False,중간
MIX918,Cajeput oil,Organic Cajeput Essential Oil (Melaleuca leucadendron) / Trade name: Cajeput Oil Organic,ingredient_source_audit/highlighted/53c76f811320be5c_highlighted.pdf,local,일치,제품명동일,"우리CAS(1)['470-82-6'] vs 문서Section3CAS(14)['123-35-3', '127-91-3', '29-00-7', '470-82-6', '562-74-3', '586-62-9', '5989-27-5', '78-70-6'] | NTP앵커CAS교집합=없음 | 제품명토큰교집합=cajeput | 문서추출문자수=10547",123-35-3|127-91-3|29-00-7|470-82-6|562-74-3|586-62-9|5989-27-5|78-70-6|80-56-8|87-44-5|98-55-5|99-85-4|99-86-5|99-87-6,470-82-6,sds_v1,sds_v1,sds_v1,False,False,False,높음
MIX919,Carrot seed oil,Organic Carrot Seed Essential Oil (Daucus carota),ingredient_source_audit/highlighted/ae6d4182ec63cca5_highlighted.pdf,local,일치,제품명동일,"우리CAS(1)['105-87-3'] vs 문서Section3CAS(12)['105-87-3', '106-24-1', '1139-30-6', '123-35-3', '127-91-3', '495-61-4', '586-62-9', '5989-27-5'] | NTP앵커CAS교집합=없음 | 제품명토큰교집합=carrot|seed | 문서추출문자수=9866",105-87-3|106-24-1|1139-30-6|123-35-3|127-91-3|495-61-4|586-62-9|5989-27-5|79-92-5|80-56-8|8015-88-1|99-87-6,105-87-3,sds_v1,sds_v1,sds_v1,False,False,False,높음
MIX922,Chenopodium oil,Chenodeoxycholic acid,ingredient_source_audit/highlighted/edaeb25cc33b95b7_highlighted.pdf,local,오연결,조성불일치,우리CAS(1)['8006-99-3'] vs 문서Section3CAS(1)['474-25-9'] | NTP앵커CAS교집합=없음 | 제품명토큰교집합= | 문서추출문자수=11190,474-25-9,8006-99-3,sds_v1,sds_v1,sds_v1,True,True,True,낮음
MIX928,"Fennel oil, bitter",Fennel (Bitter) Essential Oil,ingredient_source_audit/highlighted/12793477464a26ed_highlighted.pdf,local,일치,외부지식,"우리CAS(1)['84625-39-8'] vs 문서Section3CAS(2)['8006-84-6', '84625-39-8'] | NTP앵커CAS교집합=없음 | 제품명토큰교집합=bitter|fennel | 문서추출문자수=9733 | 수동판정(규칙엔진=상표명대응→일치); 제품명/상표명 지식 및 문서 기재 제품명 'Fennel (Bitter) Essential Oil' 대조",8006-84-6|84625-39-8,84625-39-8,,sds_v1,sds_v1,N/A,False,False,중간
MIX930,Alantroot oil,OAKMOSS ABSOLUTE LOW ATRANOL,ingredient_source_audit/highlighted/0e63d8b5649724bb_highlighted.pdf,local,오연결,조성불일치,"우리CAS(0)[] vs 문서Section3CAS(3)['4707-47-5', '9000-50-4', '90028-68-5'] | NTP앵커CAS교집합=없음 | 제품명토큰교집합= | 문서추출문자수=15076",4707-47-5|9000-50-4|90028-68-5,,sds_v1,sds_v1,sds_v1,True,True,True,낮음
MIX933,Hyssop oil,Organic Hyssop Essential Oil (Hyssopus officinalis),ingredient_source_audit/highlighted/8985b3c773ad8df7_highlighted.pdf,local,일치,외부지식,"우리CAS(1)['15358-88-0'] vs 문서Section3CAS(9)['15358-88-0', '18172-67-3', '2009-00-9', '29-00-7', '547-60-4', '5989-27-5', '7785-26-4', '84603-66-7'] | NTP앵커CAS교집합=없음 | 제품명토큰교집합=hyssop | 문서추출문자수=16776 | 수동판정(규칙엔진=상표명대응→일치); 제품명/상표명 지식 및 문서 기재 제품명 'Organic Hyssop Essential Oil (Hyssopus officinalis)' 대조",15358-88-0|18172-67-3|2009-00-9|29-00-7|547-60-4|5989-27-5|7785-26-4|84603-66-7|87-44-5,15358-88-0,sds_v1,sds_v1,sds_v1,False,False,False,중간
MIX934,Beeswax absolute,Beeswax Absolute,ingredient_source_audit/highlighted/319c6f15df9ce2c7_highlighted.pdf,local,일치,제품명동일,"우리CAS(1)['8012-89-3'] vs 문서Section3CAS(2)['64-17-5', '8012-89-3'] | NTP앵커CAS교집합=없음 | 제품명토큰교집합=absolute|beeswax | 문서추출문자수=11219",64-17-5|8012-89-3,8012-89-3,sds_v1,sds_v1,sds_v1,False,False,False,높음
MIX935,Snakeroot oil Canadian,SnakeOil™ / SNAKE OIL (General Pipe Cleaner Div. of General Wire Spring Co.),ingredient_source_audit/highlighted/da867c49300335d9_highlighted.pdf,local,오연결,조성불일치,"우리CAS(0)[] vs 문서Section3CAS(2)['61789-86-4', '64742-53-6'] | NTP앵커CAS교집합=없음 | 제품명토큰교집합= | 문서추출문자수=9079",61789-86-4|64742-53-6,,sds_2nd,sds_2nd,sds_2nd,False,False,False,낮음
MIX936,Eau de brouts absolute,Okoumal,ingredient_source_audit/highlighted/442050fe9cad91ca_highlighted.html,local,오연결,조성불일치,"우리CAS(1)['131812-67-4'] vs 문서Section3CAS(3)['131812-51-6', '131812-52-7', '131812-67-4'] | NTP앵커CAS교집합=없음 | 제품명토큰교집합= | 문서추출문자수=22178 | 수동판정(규칙엔진=일치→오연결); 제품명/상표명 지식 및 문서 기재 제품명 'Okoumal' 대조",131812-51-6|131812-52-7|131812-67-4,131812-67-4,sds_2nd_sec11,sds_2nd_sec11,,False,False,N/A,높음
MIX938,Foin absolute,VANILLA ABSOLUTE,ingredient_source_audit/highlighted/9ab31b9b102d6f04_highlighted.pdf,local,오연결,외부지식,"우리CAS(0)[] vs 문서Section3CAS(3)['121-33-5', '8024-06-4', '84650-63-5'] | NTP앵커CAS교집합=없음 | 제품명토큰교집합=absolute | 문서추출문자수=14739 | 수동판정(규칙엔진=상표명대응→오연결); 제품명/상표명 지식 및 문서 기재 제품명 'VANILLA ABSOLUTE' 대조",121-33-5|8024-06-4|84650-63-5,,sds_v1,sds_v1,sds_v1,True,True,True,중간
MIX940,Spearmint oil,SPEARMINT INDIA ORGANIC OIL,ingredient_source_audit/highlighted/9b7127f43ca52b73_highlighted.pdf,local,일치,외부지식,"우리CAS(1)['8008-79-5'] vs 문서Section3CAS(14)['123-35-3', '127-91-3', '470-82-6', '562-74-3', '586-62-9', '5989-27-5', '78-70-6', '80-56-8'] | NTP앵커CAS교집합=없음 | 제품명토큰교집합=spearmint | 문서추출문자수=15413 | 수동판정(규칙엔진=상표명대응→일치); 제품명/상표명 지식 및 문서 기재 제품명 'SPEARMINT INDIA ORGANIC OIL' 대조",123-35-3|127-91-3|470-82-6|562-74-3|586-62-9|5989-27-5|78-70-6|80-56-8|8008-79-5|84696-51-5|87-44-5|99-49-0|99-86-5|99-87-6,8008-79-5,sds_v1,sds_v1,sds_v1,False,False,False,중간
MIX942,Myrtle oil,MYRTLE OIL,ingredient_source_audit/highlighted/c31ab7c574531835_highlighted.pdf,local,일치,제품명동일,"우리CAS(1)['8008-46-6'] vs 문서Section3CAS(14)['105-87-3', '106-24-1', '127-91-3', '140-67-0', '470-82-6', '586-62-9', '5989-27-5', '78-70-6'] | NTP앵커CAS교집합=없음 | 제품명토큰교집합=myrtle | 문서추출문자수=14941",105-87-3|106-24-1|127-91-3|140-67-0|470-82-6|586-62-9|5989-27-5|78-70-6|80-56-8|8008-46-6|84082-67-7|87-44-5|93-15-2|98-55-5,8008-46-6,sds_v1,sds_v1,sds_v1,False,False,False,높음
MIX943,Almond oil sweet,507696 SWEET ALMOND OIL,ingredient_source_audit/highlighted/0730f58622e9b09a_highlighted.pdf,local,일치,외부지식,우리CAS(1)['8007-69-0'] vs 문서Section3CAS(1)['8007-69-0'] | NTP앵커CAS교집합=없음 | 제품명토큰교집합=almond|sweet | 문서추출문자수=13437 | 수동판정(규칙엔진=상표명대응→일치); 제품명/상표명 지식 및 문서 기재 제품명 '507696 SWEET ALMOND OIL' 대조,8007-69-0,8007-69-0,sds_v1,sds_v1,sds_v1,False,False,False,중간
MIX944,Perilla oil,"PERILLA SEED OIL, COLD PRESSED",ingredient_source_audit/highlighted/bdd7e84d59b9db85_highlighted.pdf,local,일치,제품명동일,우리CAS(1)['90082-61-4'] vs 문서Section3CAS(1)['90082-61-4'] | NTP앵커CAS교집합=없음 | 제품명토큰교집합=perilla | 문서추출문자수=13623,90082-61-4,90082-61-4,sds_v1,sds_v1,sds_v1,False,False,False,높음
MIX945,Sassafras oil,OIL OF SASSAFRAS Extra Pure,ingredient_source_audit/highlighted/18cf264845f69dc4_highlighted.pdf,local,일치,제품명동일,우리CAS(1)['8006-80-2'] vs 문서Section3CAS(1)['8006-80-2'] | NTP앵커CAS교집합=없음 | 제품명토큰교집합=sassafras | 문서추출문자수=6456,8006-80-2,8006-80-2,sds_2nd,sds_2nd,sds_2nd,False,False,False,높음
MIX948,Sweet birch oil,Birch Sweet Essential Oil K0603,ingredient_source_audit/highlighted/29a0ade31ed7e9cb_highlighted.pdf,local,일치,외부지식,"우리CAS(1)['85251-66-7'] vs 문서Section3CAS(2)['119-36-8', '85251-66-7'] | NTP앵커CAS교집합=없음 | 제품명토큰교집합=birch|sweet | 문서추출문자수=11184 | 수동판정(규칙엔진=상표명대응→일치); 제품명/상표명 지식 및 문서 기재 제품명 'Birch Sweet Essential Oil K0603' 대조",119-36-8|85251-66-7,85251-66-7,sds_v1,sds_v1,sds_v1,False,False,False,중간
MIX95,Chemsico Aerosol LEG,Undercoat (All Colors) (Aerosol),ingredient_source_audit/highlighted/23e625b941a830e2_highlighted.pdf,local,오연결,CAS불일치,"우리CAS(3)['23031-36-9', '90-43-7', '91465-08-6'] vs 문서Section3CAS(3)['106-97-8', '1330-20-7', '67-64-1'] | NTP앵커CAS교집합=없음 | 제품명토큰교집합=aerosol | 문서추출문자수=12503",106-97-8|1330-20-7|67-64-1,23031-36-9|90-43-7|91465-08-6,sds_v1,ntp_measured,sds_v1,True,False,True,중간
MIX951,Lavandin oil,LAVANDIN OIL GROSSO 8,ingredient_source_audit/highlighted/bd4e3b5f62b56bc3_highlighted.pdf,local,일치,제품명동일,"우리CAS(1)['91722-69-9'] vs 문서Section3CAS(17)['105-87-3', '106-24-1', '115-95-7', '123-35-3', '13877-91-3', '141-12-8', '2442-10-6', '470-82-6'] | NTP앵커CAS교집합=없음 | 제품명토큰교집합=lavandin | 문서추출문자수=7530",105-87-3|106-24-1|115-95-7|123-35-3|13877-91-3|141-12-8|2442-10-6|470-82-6|507-70-0|562-74-3|5989-27-5|76-22-2|78-70-6|87-44-5|91-64-5|91722-69-9|98-55-5,91722-69-9,sds_v1,sds_v1,sds_v1,False,False,False,높음
MIX955,Clove bud oil,Nikura | Clove Bud Essential Oil,ingredient_source_audit/highlighted/af2594220e9bf309_highlighted.pdf,local,일치,제품명동일,"우리CAS(2)['93-28-7', '97-53-0'] vs 문서Section3CAS(8)['119-36-8', '501-92-8', '78-70-6', '8000-34-8', '87-44-5', '93-15-2', '93-28-7', '97-53-0'] | NTP앵커CAS교집합=없음 | 제품명토큰교집합=bud|clove | 문서추출문자수=13797",119-36-8|501-92-8|78-70-6|8000-34-8|87-44-5|93-15-2|93-28-7|97-53-0,93-28-7|97-53-0,sds_v1,sds_v1,sds_v1,False,False,False,높음
MIX956,Bois de rose oil Brazilian,Bois-De-Rose Oil,ingredient_source_audit/highlighted/4029e123dbc1b1da_highlighted.pdf,local,일치,조성일치,우리CAS(1)['8015-77-8'] vs 문서Section3CAS(1)['8015-77-8'] | NTP앵커CAS교집합=없음 | 제품명토큰교집합=bois|rose | 문서추출문자수=6646,8015-77-8,8015-77-8,,,,N/A,N/A,N/A,중간
MIX961,Musk tonquin tincture,Musk Fragrance Oil,ingredient_source_audit/highlighted/b27c2e58bdcd60b5_highlighted.pdf,local,오연결,외부지식,"우리CAS(1)['1222-05-5'] vs 문서Section3CAS(12)['105-87-3', '105-95-3', '106-22-9', '106-24-1', '107-75-5', '118-58-1', '1222-05-5', '32388-55-9'] | NTP앵커CAS교집합=없음 | 제품명토큰교집합=musk | 문서추출문자수=9793 | 수동판정(규칙엔진=상표명대응→오연결); 제품명/상표명 지식 및 문서 기재 제품명 'Musk Fragrance Oil' 대조",105-87-3|105-95-3|106-22-9|106-24-1|107-75-5|118-58-1|1222-05-5|32388-55-9|3407-42-9|54464-57-2|65113-99-7|80-54-6,1222-05-5,sds_v1,,sds_v1,True,N/A,True,중간
MIX963,Cypress oil,Cypress Blue Essential Oil K1123,ingredient_source_audit/highlighted/793735a82343f816_highlighted.pdf,local,부분일치,외부지식,"우리CAS(1)['180287-43-8'] vs 문서Section3CAS(7)['13466-78-9', '180287-43-8', '3691-12-1', '473-15-4', '507-70-0', '5989-27-5', '80-56-8'] | NTP앵커CAS교집합=없음 | 제품명토큰교집합=cypress | 문서추출문자수=13661 | 수동판정(규칙엔진=상표명대응→부분일치); 제품명/상표명 지식 및 문서 기재 제품명 'Cypress Blue Essential Oil K1123' 대조",13466-78-9|180287-43-8|3691-12-1|473-15-4|507-70-0|5989-27-5|80-56-8,180287-43-8,sds_v1,sds_v1,sds_v1,False,False,False,중간
MIX968,Fig leaf absolute,FIG & OSMANTHUS FRAGRANCE OIL,ingredient_source_audit/highlighted/a1d251e720247830_highlighted.pdf,local,오연결,외부지식,"우리CAS(1)['111-80-8'] vs 문서Section3CAS(19)['101-86-0', '103-95-7', '106-22-9', '106-24-1', '111-80-8', '140-11-4', '165184-98-5', '18479-58-8'] | NTP앵커CAS교집합=없음 | 제품명토큰교집합=fig | 문서추출문자수=13735 | 수동판정(규칙엔진=상표명대응→오연결); 제품명/상표명 지식 및 문서 기재 제품명 'FIG & OSMANTHUS FRAGRANCE OIL' 대조",101-86-0|103-95-7|106-22-9|106-24-1|111-80-8|140-11-4|165184-98-5|18479-58-8|23696-85-7|241-00-5|32210-23-4|54464-57-2|58567-11-6|60-12-8|65405-77-8|67634-00-8|81782-77-6|93-58-3|97-54-1,111-80-8,,sds_2nd,sds_v1,N/A,False,True,중간
MIX969,Peru balsam,501207 PERU BALSAM OIL EXTRA,ingredient_source_audit/highlighted/c472e1c805a76826_highlighted.pdf,local,일치,제품명동일,"우리CAS(1)['8007-00-9'] vs 문서Section3CAS(3)['103-41-3', '120-51-4', '8007-00-9'] | NTP앵커CAS교집합=없음 | 제품명토큰교집합=balsam|peru | 문서추출문자수=12570",103-41-3|120-51-4|8007-00-9,8007-00-9,sds_v1,sds_v1,sds_v1,False,False,False,높음
MIX971,Coriander oil,Organic Coriander Seed Essential Oil (Coriandrum sativum) / Product Name: Coriander Seed Oil Organic,ingredient_source_audit/highlighted/afdc125180953cc2_highlighted.pdf,local,일치,외부지식,"우리CAS(1)['78-70-6'] vs 문서Section3CAS(8)['105-87-3', '106-24-1', '127-91-3', '5989-27-5', '76-22-2', '78-70-6', '80-56-8', '84775-50-8'] | NTP앵커CAS교집합=없음 | 제품명토큰교집합=coriander | 문서추출문자수=11312 | 수동판정(규칙엔진=상표명대응→일치); 제품명/상표명 지식 및 문서 기재 제품명 'Organic Coriander Seed Essential Oil (Coriandrum sativum) / ' 대조",105-87-3|106-24-1|127-91-3|5989-27-5|76-22-2|78-70-6|80-56-8|84775-50-8,78-70-6,sds_v1,sds_v1,sds_v1,False,False,False,중간
MIX972,Labdanum oil,LABDANUM RESOID LMR,ingredient_source_audit/highlighted/dda41d6dae5dc429_highlighted.pdf,local,부분일치,외부지식,"우리CAS(1)['89997-74-0'] vs 문서Section3CAS(2)['8016-26-0', '89997-74-0'] | NTP앵커CAS교집합=없음 | 제품명토큰교집합=labdanum | 문서추출문자수=15046 | 수동판정(규칙엔진=상표명대응→부분일치); 제품명/상표명 지식 및 문서 기재 제품명 'LABDANUM RESOID LMR' 대조",8016-26-0|89997-74-0,89997-74-0,,sds_v1,sds_v1,N/A,False,False,중간
MIX974,Olibanum gum,504309 OLIBANUM RESINOID,ingredient_source_audit/highlighted/4f606acb2be389a7_highlighted.pdf,local,부분일치,외부지식,"우리CAS(1)['8016-36-2'] vs 문서Section3CAS(9)['120-51-4', '127-91-3', '138-86-3', '499-75-2', '64-17-5', '76-22-2', '80-56-8', '8016-36-2'] | NTP앵커CAS교집합=없음 | 제품명토큰교집합=olibanum | 문서추출문자수=13995 | 수동판정(규칙엔진=상표명대응→부분일치); 제품명/상표명 지식 및 문서 기재 제품명 '504309 OLIBANUM RESINOID' 대조",120-51-4|127-91-3|138-86-3|499-75-2|64-17-5|76-22-2|80-56-8|8016-36-2|99-87-6,8016-36-2,sds_v1,sds_v1,sds_v1,False,False,False,중간
MIX977,"Cinnamon bark oil, ""Ceylon""",Cinnamon Bark Oil,ingredient_source_audit/highlighted/d8d1c9206bfb2223_highlighted.pdf,local,일치,조성일치,우리CAS(1)['8015-91-6'] vs 문서Section3CAS(1)['8015-91-6'] | NTP앵커CAS교집합=없음 | 제품명토큰교집합=bark|cinnamon | 문서추출문자수=3323,8015-91-6,8015-91-6,sds_v1,sds_v1,,False,False,N/A,중간
MIX981,Spike lavender oil,Nikura | Spike Lavender Essential Oil - 100% Pure,ingredient_source_audit/highlighted/b292464584614898_highlighted.pdf,local,일치,외부지식,"우리CAS(1)['84837-04-7'] vs 문서Section3CAS(20)['115-95-7', '123-35-3', '127-91-3', '25532-79-0', '3338-55-4', '3779-61-1', '470-82-6', '500-02-7'] | NTP앵커CAS교집합=없음 | 제품명토큰교집합=lavender|spike | 문서추출문자수=18261 | 수동판정(규칙엔진=상표명대응→일치); 제품명/상표명 지식 및 문서 기재 제품명 'Nikura | Spike Lavender Essential Oil - 100% Pure' 대조",115-95-7|123-35-3|127-91-3|25532-79-0|3338-55-4|3779-61-1|470-82-6|500-02-7|507-70-0|586-62-9|5989-54-8|76-22-2|78-70-6|79-92-5|80-56-8|84837-04-7|87-44-5|98-55-5|99-85-4|99-87-6,84837-04-7,sds_v1,sds_v1,sds_v1,False,False,False,중간
MIX982,Peru balsam oil,501207 PERU BALSAM OIL EXTRA,ingredient_source_audit/highlighted/c472e1c805a76826_highlighted.pdf,local,일치,제품명동일,"우리CAS(1)['8007-00-9'] vs 문서Section3CAS(3)['103-41-3', '120-51-4', '8007-00-9'] | NTP앵커CAS교집합=없음 | 제품명토큰교집합=balsam|peru | 문서추출문자수=12570",103-41-3|120-51-4|8007-00-9,8007-00-9,sds_v1,sds_v1,sds_v1,False,False,False,높음
MIX986,Orange oil expressed,Orange Oil,ingredient_source_audit/highlighted/c8b7f6e94be7fa9a_highlighted.pdf,local,일치,조성일치,우리CAS(1)['5989-27-5'] vs 문서Section3CAS(1)['5989-27-5'] | NTP앵커CAS교집합=없음 | 제품명토큰교집합=orange | 문서추출문자수=16950,5989-27-5,5989-27-5,sds_v1,sds_v1,sds_v1,False,False,False,중간
MIX987,Palmarosa oil,Palmarosa Essential Oil,ingredient_source_audit/highlighted/069da5e9c86f4a00_highlighted.pdf,local,일치,외부지식,"우리CAS(1)['106-24-1'] vs 문서Section3CAS(4)['105-87-3', '106-24-1', '78-70-6', '8014-19-5'] | NTP앵커CAS교집합=없음 | 제품명토큰교집합=palmarosa | 문서추출문자수=9006 | 수동판정(규칙엔진=상표명대응→일치); 제품명/상표명 지식 및 문서 기재 제품명 'Palmarosa Essential Oil' 대조",105-87-3|106-24-1|78-70-6|8014-19-5,106-24-1,sds_v1,sds_v1,sds_v1,False,False,False,중간
MIX990,Tonka absolute,TONKA BEAN ABSOLUTE TONKA0010,ingredient_source_audit/highlighted/02f7ea71b011825e_highlighted.pdf,local,일치,외부지식,"우리CAS(1)['91-64-5'] vs 문서Section3CAS(3)['119-84-6', '463-40-1', '91-64-5'] | NTP앵커CAS교집합=없음 | 제품명토큰교집합=absolute|tonka | 문서추출문자수=10910 | 수동판정(규칙엔진=상표명대응→일치); 제품명/상표명 지식 및 문서 기재 제품명 'TONKA BEAN ABSOLUTE TONKA0010' 대조",119-84-6|463-40-1|91-64-5,91-64-5,,sds_v1,sds_v1,N/A,False,False,중간
MIX991,Myrrh oil,Nikura | Myrrh (Thin) Essential Oil,ingredient_source_audit/highlighted/9d4a465b2a0b8809_highlighted.pdf,local,일치,외부지식,"우리CAS(1)['9000-45-7'] vs 문서Section3CAS(3)['87-44-5', '9000-45-7', '99-87-6'] | NTP앵커CAS교집합=없음 | 제품명토큰교집합=myrrh | 문서추출문자수=11387 | 수동판정(규칙엔진=상표명대응→일치); 제품명/상표명 지식 및 문서 기재 제품명 'Nikura | Myrrh (Thin) Essential Oil' 대조",87-44-5|9000-45-7|99-87-6,9000-45-7,sds_v1,sds_v1,sds_v1,False,False,False,중간
MIX992,"Sage oil, Spanish",Spanish Sage Essential Oil,ingredient_source_audit/highlighted/d51b33e0a3a564e7_highlighted.pdf,local,일치,외부지식,"우리CAS(1)['76-22-2'] vs 문서Section3CAS(8)['115-95-7', '470-82-6', '562-74-3', '5989-27-5', '76-22-2', '78-70-6', '80-56-8', '90106-49-3'] | NTP앵커CAS교집합=없음 | 제품명토큰교집합=sage|spanish | 문서추출문자수=9101 | 수동판정(규칙엔진=상표명대응→일치); 제품명/상표명 지식 및 문서 기재 제품명 'Spanish Sage Essential Oil' 대조",115-95-7|470-82-6|562-74-3|5989-27-5|76-22-2|78-70-6|80-56-8|90106-49-3,76-22-2,sds_v1,sds_v1,sds_v1,False,False,False,중간
MIX993,Galbanum resin,Galbanum Resin,ingredient_source_audit/highlighted/c9e668e3aa12ca94_highlighted.pdf,local,일치,제품명동일,"우리CAS(1)['127-91-3'] vs 문서Section3CAS(13)['123-35-3', '127-91-3', '13466-78-9', '13877-91-3', '16356-11-9', '3338-55-4', '586-62-9', '5989-27-5'] | NTP앵커CAS교집합=없음 | 제품명토큰교집합=galbanum|resin | 문서추출문자수=16675",123-35-3|127-91-3|13466-78-9|13877-91-3|16356-11-9|3338-55-4|586-62-9|5989-27-5|64-17-5|79-92-5|80-56-8|8023-91-4|99-83-2,127-91-3,sds_v1,sds_v1,sds_v1,False,False,False,높음
MIX995,"Mandarin oil, expressed",Nikura | Mandarin Essential Oil,ingredient_source_audit/highlighted/0f42d62e543be312_highlighted.pdf,local,일치,외부지식,"우리CAS(1)['5989-27-5'] vs 문서Section3CAS(8)['123-35-3', '127-91-3', '586-62-9', '5989-27-5', '78-70-6', '80-56-8', '8008-31-9', '84929-38-4'] | NTP앵커CAS교집합=없음 | 제품명토큰교집합=mandarin | 문서추출문자수=14469 | 수동판정(규칙엔진=상표명대응→일치); 제품명/상표명 지식 및 문서 기재 제품명 'Nikura | Mandarin Essential Oil' 대조",123-35-3|127-91-3|586-62-9|5989-27-5|78-70-6|80-56-8|8008-31-9|84929-38-4,5989-27-5,sds_v1,sds_v1,sds_v1,False,False,False,중간
MIX996,Cornmint oil,CORNMINT OIL,ingredient_source_audit/highlighted/a18a62fe17ca9bb7_highlighted.pdf,local,일치,제품명동일,"우리CAS(1)['89-78-1'] vs 문서Section3CAS(2)['5989-27-5', '89-78-1'] | NTP앵커CAS교집합=없음 | 제품명토큰교집합=cornmint | 문서추출문자수=13727",5989-27-5|89-78-1,89-78-1,sds_v1,sds_v1,,False,False,N/A,높음
MIX999,Hyacinth absolute,Hyacinth Absolute,ingredient_source_audit/highlighted/9e371edb24a00200_highlighted.pdf,local,일치,제품명동일,"우리CAS(1)['120-51-4'] vs 문서Section3CAS(6)['103-41-3', '120-51-4', '64-17-5', '7212-44-4', '78-70-6', '87-20-7'] | NTP앵커CAS교집합=없음 | 제품명토큰교집합=absolute|hyacinth | 문서추출문자수=12961",103-41-3|120-51-4|64-17-5|7212-44-4|78-70-6|87-20-7,120-51-4,sds_v1,sds_v1,sds_v1,False,False,False,높음
